record_id,origin,molecule_id,inchi,name,H_kJ_mol,T_K,H_J_mol,method,source_doi,reference_codes_json,source_locator,reported_deviation,uncertainty_kind,uncertainty_confidence_percent,uncertainty_coverage_factor,experimental_temperature_range,temperature_status,thermodynamic_state,raw_row_verified,archive_XML_verified,full_primary_methods_verified,calorimetry_candidate,has_pressure_join,inside_pressure_temperature_envelope,decision,decision_reasons,independent_of_pressure_verified,training_allowed,corrected_298_field_excluded,duplicate_family,linked_record_ids_json,split,component_id
10.1016/j.jct.2008.02.004#d1#p1#r1,thermoml,mol_c6feabb4edc72193,InChI=1S/C5H4OS/c6-4-5-2-1-3-7-5/h1-4H,2-thiophenealdehyde,54.9,298.15,54900,calvet microcalorimetry,10.1016/j.jct.2008.02.004,[],10.1016/j.jct.2008.02.004.json; data 1; property 1; row 1,2.2,combined_expanded,95,,,reported_T_from_numeric_variable_or_constraint,liquid_gas_metadata_standard_vs_saturation_requires_primary_methods,True,True,False,True,True,False,quarantine_archive_calorimetry,full_methods_state_corrections_and_independence_unverified,False,False,True,,[],validation,grp_4b1804fb3acb405a
10.1016/j.jct.2008.04.010#d4#p1#r1,thermoml,mol_4446e9b31e59fba3,InChI=1S/C16H12/c1-2-7-13(8-3-1)16-12-6-10-14-9-4-5-11-15(14)16/h1-12H,1-phenylnaphthalene,81,298.15,81000,Calvet microcalorimetry,10.1016/j.jct.2008.04.010,[],10.1016/j.jct.2008.04.010.json; data 4; property 1; row 1,3.6,combined_expanded,95,,,reported_T_from_numeric_variable_or_constraint,liquid_gas_metadata_standard_vs_saturation_requires_primary_methods,True,True,False,True,True,False,quarantine_archive_calorimetry,full_methods_state_corrections_and_independence_unverified,False,False,True,,[],train,grp_d957e784c854093b
10.1016/j.jct.2008.08.004#d3#p1#r1,thermoml,mol_fa6014b0e97e2afc,"InChI=1S/C6H6O2/c1-5(7)6-3-2-4-8-6/h2-4H,1H3",2-acetylfuran,53,298.15,53000,Static calorimetry,10.1016/j.jct.2008.08.004,[],10.1016/j.jct.2008.08.004.json; data 3; property 1; row 1,1.2,combined_expanded,95,,,reported_T_from_numeric_variable_or_constraint,liquid_gas_metadata_standard_vs_saturation_requires_primary_methods,True,True,False,True,True,False,quarantine_archive_calorimetry,full_methods_state_corrections_and_independence_unverified,False,False,True,,[],train,grp_5dea7427c65d07c7
10.1016/j.jct.2008.12.015#d6#p1#r1,thermoml,mol_65b0a8e37b1d0b65,"InChI=1S/C16H18/c1-16(2,3)15-11-9-14(10-12-15)13-7-5-4-6-8-13/h4-12H,1-3H3","4-(1,1-dimethylethyl)-1,1'-biphenyl",76.97,334,76970,Static calorimetry,10.1016/j.jct.2008.12.015,[],10.1016/j.jct.2008.12.015.json; data 6; property 1; row 1,0.86,combined_expanded,95,,,reported_T_from_numeric_variable_or_constraint,liquid_gas_metadata_standard_vs_saturation_requires_primary_methods,True,True,False,True,True,True,quarantine_archive_calorimetry,full_methods_state_corrections_and_independence_unverified,False,False,True,,[],validation,grp_9a6e5ce866866615
10.1016/j.jct.2013.01.009#d18#p1#r1,thermoml,mol_bbdd71ed3a3275f5,"InChI=1S/C10H14O/c1-6-4-9(11)8-5-7(6)10(8,2)3/h4,7-8H,5H2,1-3H3/t7-,8+/m0/s1",(-)-verbenone,58.9,298.15,58900,Static calorimetry,10.1016/j.jct.2013.01.009,[],10.1016/j.jct.2013.01.009.json; data 18; property 1; row 1,1.5,combined_expanded,95,,,reported_T_from_numeric_variable_or_constraint,liquid_gas_metadata_standard_vs_saturation_requires_primary_methods,True,True,False,True,True,True,quarantine_archive_calorimetry,full_methods_state_corrections_and_independence_unverified,False,False,True,lineage_67f38b5227f1d5a4,"[""rdr250199#csvline10618""]",validation,grp_ee24c20719261d11
10.1016/j.jct.2015.07.028#d3#p1#r1,thermoml,mol_3ff2b6ab243e2db7,"InChI=1S/C5H10O/c1-4-5(2,3)6/h4,6H,1H2,2-3H3",2-methyl-3-buten-2-ol,46.9,305.12,46900,Static calorimetry,10.1016/j.jct.2015.07.028,[],10.1016/j.jct.2015.07.028.json; data 3; property 1; row 1,1.6,combined_expanded,95,,,reported_T_from_numeric_variable_or_constraint,liquid_gas_metadata_standard_vs_saturation_requires_primary_methods,True,True,False,True,True,True,quarantine_archive_calorimetry,full_methods_state_corrections_and_independence_unverified;abstract_discusses_gas_phase_association,False,False,True,,[],test,grp_3ff2b6ab243e2db7
10.1016/j.jct.2019.02.001#d5#p1#r1,thermoml,mol_a3ab0bd2d4d80422,"InChI=1S/C10H22/c1-3-5-7-9-10-8-6-4-2/h3-10H2,1-2H3",decane,49.89,298.15,49890,Static calorimetry,10.1016/j.jct.2019.02.001,[],10.1016/j.jct.2019.02.001.json; data 5; property 1; row 1,2.2,combined_expanded,95,,,reported_T_from_numeric_variable_or_constraint,liquid_gas_metadata_standard_vs_saturation_requires_primary_methods,True,True,False,True,True,True,quarantine_same_source_conflict,full_methods_state_corrections_and_independence_unverified;two_values_same_T_source_sample_require_table_lineage_review,False,False,True,,[],train,grp_5dea7427c65d07c7
10.1016/j.jct.2019.02.001#d6#p1#r1,thermoml,mol_a3ab0bd2d4d80422,"InChI=1S/C10H22/c1-3-5-7-9-10-8-6-4-2/h3-10H2,1-2H3",decane,52.24,298.15,52240,Static calorimetry,10.1016/j.jct.2019.02.001,[],10.1016/j.jct.2019.02.001.json; data 6; property 1; row 1,1.42,combined_expanded,95,,,reported_T_from_numeric_variable_or_constraint,liquid_gas_metadata_standard_vs_saturation_requires_primary_methods,True,True,False,True,True,True,quarantine_same_source_conflict,full_methods_state_corrections_and_independence_unverified;two_values_same_T_source_sample_require_table_lineage_review,False,False,True,,[],train,grp_5dea7427c65d07c7
10.1021/je025634v#d1#p1#r1,thermoml,mol_ad64c2cfe3c93488,"InChI=1S/C8H14O2/c1-7(9)10-8-5-3-2-4-6-8/h8H,2-6H2,1H3",cyclohexyl ethanoate,52.16,300.11,52160,Static calorimetry,10.1021/je025634v,[],10.1021/je025634v.json; data 1; property 1; row 1,0.36,combined_expanded,95,,,reported_T_from_numeric_variable_or_constraint,liquid_gas_metadata_standard_vs_saturation_requires_primary_methods,True,True,False,True,True,True,quarantine_archive_calorimetry,full_methods_state_corrections_and_independence_unverified;abstract_reports_cross_method_refinement,False,False,True,lineage_e315ce2beedff1d3,"[""rdr250199#csvline8559""]",test,grp_69e3066d23c835df
10.1021/je025634v#d12#p1#r1,thermoml,mol_17a72fa1b6a75538,"InChI=1S/C11H20O2/c1-2-3-9-11(12)13-10-7-5-4-6-8-10/h10H,2-9H2,1H3","pentanoic acid, cyclohexyl ester",63.6,299.54,63600,Static calorimetry,10.1021/je025634v,[],10.1021/je025634v.json; data 12; property 1; row 1,0.33,combined_expanded,95,,,reported_T_from_numeric_variable_or_constraint,liquid_gas_metadata_standard_vs_saturation_requires_primary_methods,True,True,False,True,True,True,quarantine_archive_calorimetry,full_methods_state_corrections_and_independence_unverified;abstract_reports_cross_method_refinement,False,False,True,lineage_22c65d86c1a9332d,"[""rdr250199#csvline11453""]",test,grp_69e3066d23c835df
10.1021/je025634v#d4#p1#r1,thermoml,mol_a78531f40bfa734a,"InChI=1S/C7H12O2/c8-6-9-7-4-2-1-3-5-7/h6-7H,1-5H2",cyclohexyl methanoate,48.82,303.52,48820,Static calorimetry,10.1021/je025634v,[],10.1021/je025634v.json; data 4; property 1; row 1,0.46,combined_expanded,95,,,reported_T_from_numeric_variable_or_constraint,liquid_gas_metadata_standard_vs_saturation_requires_primary_methods,True,True,False,True,True,False,quarantine_archive_calorimetry,full_methods_state_corrections_and_independence_unverified;abstract_reports_cross_method_refinement,False,False,True,lineage_f4bc4084aeae7a33,"[""rdr250199#csvline7280""]",test,grp_69e3066d23c835df
10.1021/je025634v#d6#p1#r1,thermoml,mol_20837b2036542f40,"InChI=1S/C9H16O2/c1-2-9(10)11-8-6-4-3-5-7-8/h8H,2-7H2,1H3",cyclohexyl propanoate,55.73,300.55,55730,Static calorimetry,10.1021/je025634v,[],10.1021/je025634v.json; data 6; property 1; row 1,0.27,combined_expanded,95,,,reported_T_from_numeric_variable_or_constraint,liquid_gas_metadata_standard_vs_saturation_requires_primary_methods,True,True,False,True,True,True,quarantine_archive_calorimetry,full_methods_state_corrections_and_independence_unverified;abstract_reports_cross_method_refinement,False,False,True,lineage_c40541f181ca9acc,"[""rdr250199#csvline9776""]",test,grp_69e3066d23c835df
10.1021/je025634v#d9#p1#r1,thermoml,mol_65b637e94cd66c7e,"InChI=1S/C10H18O2/c1-2-6-10(11)12-9-7-4-3-5-8-9/h9H,2-8H2,1H3",cyclohexyl butanoate,58.72,315.57,58720,Static calorimetry,10.1021/je025634v,[],10.1021/je025634v.json; data 9; property 1; row 1,0.46,combined_expanded,95,,,reported_T_from_numeric_variable_or_constraint,liquid_gas_metadata_standard_vs_saturation_requires_primary_methods,True,True,False,True,True,False,quarantine_archive_calorimetry,full_methods_state_corrections_and_independence_unverified;abstract_reports_cross_method_refinement,False,False,True,lineage_07ea612466bfc74c,"[""rdr250199#csvline10840""]",test,grp_69e3066d23c835df
10.1021/je025641j#d1#p1#r1,thermoml,mol_c75fad41ddce441e,"InChI=1S/C7H8O2/c1-9-7-5-3-2-4-6(7)8/h2-5,8H,1H3",2-methoxyphenol,62.6,298.15,62600,Static calorimetry,10.1021/je025641j,[],10.1021/je025641j.json; data 1; property 1; row 1,1.1,combined_expanded,95,,,reported_T_from_numeric_variable_or_constraint,liquid_gas_metadata_standard_vs_saturation_requires_primary_methods,True,True,False,True,True,False,quarantine_archive_calorimetry,full_methods_state_corrections_and_independence_unverified,False,False,True,,[],train,grp_adfdafeead28201b
10.1021/je900093h#d3#p1#r1,thermoml,mol_fc2d93121de8a8dd,"InChI=1S/C12H24O2/c1-3-5-6-7-8-9-10-11-12(13)14-4-2/h3-11H2,1-2H3",ethyl decanoate,69.9,304.79,69900,Static calorimetry,10.1021/je900093h,[],10.1021/je900093h.json; data 3; property 1; row 1,1.4,combined_expanded,95,,,reported_T_from_numeric_variable_or_constraint,liquid_gas_metadata_standard_vs_saturation_requires_primary_methods,True,True,False,True,True,True,quarantine_archive_calorimetry,full_methods_state_corrections_and_independence_unverified,False,False,True,lineage_6f91a312728e4742,"[""rdr250199#csvline12300""]",train,grp_5dea7427c65d07c7
rdr250199#csvline10000,compendium,mol_3fd637a4d667fe51,"InChI=1S/C9H20/c1-3-5-7-9-8-6-4-2/h3-9H2,1-2H3",nonane,43.2,343,43200,C,,"[""1984MAJ/SVO3""]","RDR file 250199, CSV line 10000",,unspecified_compendium_deviation,,,,unresolved,not_resolved_from_compendium_row,True,False,False,True,True,True,quarantine_compendium_provenance,measurement_temperature_state_correction_and_independence_unverified,False,False,True,,[],train,grp_5dea7427c65d07c7
rdr250199#csvline10001,compendium,mol_3fd637a4d667fe51,"InChI=1S/C9H20/c1-3-5-7-9-8-6-4-2/h3-9H2,1-2H3",nonane,42.1,358,42100,C,,"[""1984MAJ/SVO3""]","RDR file 250199, CSV line 10001",,unspecified_compendium_deviation,,,,unresolved,not_resolved_from_compendium_row,True,False,False,True,True,True,quarantine_compendium_provenance,measurement_temperature_state_correction_and_independence_unverified,False,False,True,,[],train,grp_5dea7427c65d07c7
rdr250199#csvline10004,compendium,mol_3fd637a4d667fe51,"InChI=1S/C9H20/c1-3-5-7-9-8-6-4-2/h3-9H2,1-2H3",nonane,46.4,298,46400,C,,"[""1947OSB/GIN""]","RDR file 250199, CSV line 10004",,unspecified_compendium_deviation,,,,unresolved,not_resolved_from_compendium_row,True,False,False,True,True,False,quarantine_compendium_provenance,measurement_temperature_state_correction_and_independence_unverified,False,False,True,,[],train,grp_5dea7427c65d07c7
rdr250199#csvline10071,compendium,mol_fe38c48a132d8ec5,"InChI=1S/C9H20O/c1-2-3-4-5-6-7-8-9-10/h10H,2-9H2,1H3",1-nonanol,76.9,298,76900,C,,"[""1977MAN/SEL""]","RDR file 250199, CSV line 10071",0.8,unspecified_compendium_deviation,,,,unresolved,not_resolved_from_compendium_row,True,False,False,True,True,True,quarantine_compendium_provenance,measurement_temperature_state_correction_and_independence_unverified,False,False,True,,[],train,grp_5dea7427c65d07c7
rdr250199#csvline10251,compendium,mol_e43335be86f26619,InChI=1S/C10H8/c1-2-6-10-8-4-3-7-9(10)5-1/h1-8H,naphthalene,46.4,441,46400,C,,"[""1951BAR/MCC""]","RDR file 250199, CSV line 10251",,unspecified_compendium_deviation,,,,unresolved,not_resolved_from_compendium_row,True,False,False,True,True,False,quarantine_compendium_provenance,measurement_temperature_state_correction_and_independence_unverified,False,False,True,,[],train,grp_5dea7427c65d07c7
rdr250199#csvline10303,compendium,mol_2634d93cfb57c01a,"InChI=1S/C10H9N/c1-8-4-2-5-9-6-3-7-11-10(8)9/h2-7H,1H3",8-methylquinoline,65.7,298,65700,C,,"[""1995RIB/MAT""]","RDR file 250199, CSV line 10303",1.9,unspecified_compendium_deviation,,,,unresolved,not_resolved_from_compendium_row,True,False,False,True,True,False,quarantine_compendium_provenance,measurement_temperature_state_correction_and_independence_unverified,False,False,True,,[],test,grp_05168514f8646cd3
rdr250199#csvline10327,compendium,mol_a41185fe88971a35,"InChI=1S/C10H10N2/c1-2-5-10(6-3-1)9-12-8-4-7-11-12/h1-8H,9H2",1-benzylpyrazole,73.8,298,73800,C,,"[""1999MO/YAN""]","RDR file 250199, CSV line 10327",2.0,unspecified_compendium_deviation,,,,unresolved,not_resolved_from_compendium_row,True,False,False,True,True,False,quarantine_compendium_provenance,measurement_temperature_state_correction_and_independence_unverified,False,False,True,,[],validation,grp_5ed1239f1de5ca2c
rdr250199#csvline10367,compendium,mol_819a139398c7c5de,"InChI=1S/C10H10O4/c1-13-9(11)7-5-3-4-6-8(7)10(12)14-2/h3-6H,1-2H3",dimethyl phthalate,69.4,365,69400,C,,"[""1998MAK/KAB""]","RDR file 250199, CSV line 10367",0.1,unspecified_compendium_deviation,,,,unresolved,not_resolved_from_compendium_row,True,False,False,True,True,True,quarantine_compendium_provenance,measurement_temperature_state_correction_and_independence_unverified,False,False,True,,[],validation,grp_cd9f232caa190183
rdr250199#csvline10368,compendium,mol_819a139398c7c5de,"InChI=1S/C10H10O4/c1-13-9(11)7-5-3-4-6-8(7)10(12)14-2/h3-6H,1-2H3",dimethyl phthalate,72.5,344,72500,C,,"[""1998MAK/KAB""]","RDR file 250199, CSV line 10368",0.6,unspecified_compendium_deviation,,,,unresolved,not_resolved_from_compendium_row,True,False,False,True,True,True,quarantine_compendium_provenance,measurement_temperature_state_correction_and_independence_unverified,False,False,True,,[],validation,grp_cd9f232caa190183
rdr250199#csvline10369,compendium,mol_819a139398c7c5de,"InChI=1S/C10H10O4/c1-13-9(11)7-5-3-4-6-8(7)10(12)14-2/h3-6H,1-2H3",dimethyl phthalate,74.5,326,74500,C,,"[""1998MAK/KAB""]","RDR file 250199, CSV line 10369",0.3,unspecified_compendium_deviation,,,,unresolved,not_resolved_from_compendium_row,True,False,False,True,True,True,quarantine_compendium_provenance,measurement_temperature_state_correction_and_independence_unverified,False,False,True,,[],validation,grp_cd9f232caa190183
rdr250199#csvline10618,compendium,mol_bbdd71ed3a3275f5,"InChI=1S/C10H14O/c1-6-4-9(11)8-5-7(6)10(8,2)3/h4,7-8H,5H2,1-3H3/t7-,8+/m0/s1","(1S,5S)-4,6,6-trimethylbicyclo[3.1.1]hept-3-en-2-one ((-)-verbenone)",58.9,298,58900,C,,"[""2013STE/FUL""]","RDR file 250199, CSV line 10618",1.5,unspecified_compendium_deviation,,,,unresolved,not_resolved_from_compendium_row,True,False,False,True,True,True,quarantine_compendium_provenance,measurement_temperature_state_correction_and_independence_unverified,False,False,True,lineage_67f38b5227f1d5a4,"[""10.1016/j.jct.2013.01.009#d18#p1#r1""]",validation,grp_ee24c20719261d11
rdr250199#csvline10686,compendium,mol_8557db3d1a35156c,"InChI=1S/C10H16/c1-8(2)10-6-4-9(3)5-7-10/h4,10H,1,5-7H2,2-3H3/t10-/m1/s1",(l)-limonene,49,298,49000,C,,"[""1987ATI/SAI""]","RDR file 250199, CSV line 10686",0.1,unspecified_compendium_deviation,,,,unresolved,not_resolved_from_compendium_row,True,False,False,True,True,True,quarantine_compendium_provenance,measurement_temperature_state_correction_and_independence_unverified,False,False,True,,[],train,grp_5dea7427c65d07c7
rdr250199#csvline10839,compendium,mol_65b637e94cd66c7e,"InChI=1S/C10H18O2/c1-2-6-10(11)12-9-7-4-3-5-8-9/h9H,2-8H2,1H3",cyclohexyl butyrate,60,298,60000,C,,"[""2004PAU/ZAI""]","RDR file 250199, CSV line 10839",0.2,unspecified_compendium_deviation,,,,unresolved,not_resolved_from_compendium_row,True,False,False,True,True,True,quarantine_compendium_provenance,measurement_temperature_state_correction_and_independence_unverified,False,False,True,,[],test,grp_69e3066d23c835df
rdr250199#csvline10840,compendium,mol_65b637e94cd66c7e,"InChI=1S/C10H18O2/c1-2-6-10(11)12-9-7-4-3-5-8-9/h9H,2-8H2,1H3",cyclohexyl butyrate,60.1,298,60100,C,,"[""2003ZAI/VER""]","RDR file 250199, CSV line 10840",0.2,unspecified_compendium_deviation,,,,unresolved,not_resolved_from_compendium_row,True,False,False,True,True,True,quarantine_compendium_provenance,measurement_temperature_state_correction_and_independence_unverified,False,False,True,lineage_07ea612466bfc74c,"[""10.1021/je025634v#d9#p1#r1""]",test,grp_69e3066d23c835df
rdr250199#csvline11044,compendium,mol_a3ab0bd2d4d80422,"InChI=1S/C10H22/c1-3-5-7-9-10-8-6-4-2/h3-10H2,1-2H3",decane,51.5,299,51500,C,,"[""1996VIT/CHA""]","RDR file 250199, CSV line 11044",,unspecified_compendium_deviation,,,,unresolved,not_resolved_from_compendium_row,True,False,False,True,True,True,quarantine_compendium_provenance,measurement_temperature_state_correction_and_independence_unverified,False,False,True,,[],train,grp_5dea7427c65d07c7
rdr250199#csvline11045,compendium,mol_a3ab0bd2d4d80422,"InChI=1S/C10H22/c1-3-5-7-9-10-8-6-4-2/h3-10H2,1-2H3",decane,50.5,314,50500,C,,"[""1996VIT/CHA""]","RDR file 250199, CSV line 11045",,unspecified_compendium_deviation,,,,unresolved,not_resolved_from_compendium_row,True,False,False,True,True,True,quarantine_compendium_provenance,measurement_temperature_state_correction_and_independence_unverified,False,False,True,,[],train,grp_5dea7427c65d07c7
rdr250199#csvline11046,compendium,mol_a3ab0bd2d4d80422,"InChI=1S/C10H22/c1-3-5-7-9-10-8-6-4-2/h3-10H2,1-2H3",decane,50.1,324,50100,C,,"[""1996VIT/CHA""]","RDR file 250199, CSV line 11046",,unspecified_compendium_deviation,,,,unresolved,not_resolved_from_compendium_row,True,False,False,True,True,True,quarantine_compendium_provenance,measurement_temperature_state_correction_and_independence_unverified,False,False,True,,[],train,grp_5dea7427c65d07c7
rdr250199#csvline11047,compendium,mol_a3ab0bd2d4d80422,"InChI=1S/C10H22/c1-3-5-7-9-10-8-6-4-2/h3-10H2,1-2H3",decane,49.2,334,49200,C,,"[""1996VIT/CHA""]","RDR file 250199, CSV line 11047",,unspecified_compendium_deviation,,,,unresolved,not_resolved_from_compendium_row,True,False,False,True,True,True,quarantine_compendium_provenance,measurement_temperature_state_correction_and_independence_unverified,False,False,True,,[],train,grp_5dea7427c65d07c7
rdr250199#csvline11059,compendium,mol_a3ab0bd2d4d80422,"InChI=1S/C10H22/c1-3-5-7-9-10-8-6-4-2/h3-10H2,1-2H3",decane,51.4,298,51400,C,,"[""1982FUR/SAK""]","RDR file 250199, CSV line 11059",0.1,unspecified_compendium_deviation,,,,unresolved,not_resolved_from_compendium_row,True,False,False,True,True,True,quarantine_compendium_provenance,measurement_temperature_state_correction_and_independence_unverified,False,False,True,,[],train,grp_5dea7427c65d07c7
rdr250199#csvline11063,compendium,mol_a3ab0bd2d4d80422,"InChI=1S/C10H22/c1-3-5-7-9-10-8-6-4-2/h3-10H2,1-2H3",decane,50.2,298,50200,C,,"[""1963MOR/SUN""]","RDR file 250199, CSV line 11063",0.4,unspecified_compendium_deviation,,,,unresolved,not_resolved_from_compendium_row,True,False,False,True,True,True,quarantine_compendium_provenance,measurement_temperature_state_correction_and_independence_unverified,False,False,True,,[],train,grp_5dea7427c65d07c7
rdr250199#csvline11064,compendium,mol_a3ab0bd2d4d80422,"InChI=1S/C10H22/c1-3-5-7-9-10-8-6-4-2/h3-10H2,1-2H3",decane,51.4,298,51400,C,,"[""1947OSB/GIN""]","RDR file 250199, CSV line 11064",,unspecified_compendium_deviation,,,,unresolved,not_resolved_from_compendium_row,True,False,False,True,True,True,quarantine_compendium_provenance,measurement_temperature_state_correction_and_independence_unverified,False,False,True,,[],train,grp_5dea7427c65d07c7
rdr250199#csvline11173,compendium,mol_2e538f5e181d5946,"InChI=1S/C10H22O/c1-2-3-4-5-6-7-8-9-10-11/h11H,2-10H2,1H3",1-decanol,78.2,323,78200,C,,"[""1979SEV""]","RDR file 250199, CSV line 11173",0.8,unspecified_compendium_deviation,,,,unresolved,not_resolved_from_compendium_row,True,False,False,True,True,True,quarantine_compendium_provenance,measurement_temperature_state_correction_and_independence_unverified,False,False,True,,[],train,grp_5dea7427c65d07c7
rdr250199#csvline11174,compendium,mol_2e538f5e181d5946,"InChI=1S/C10H22O/c1-2-3-4-5-6-7-8-9-10-11/h11H,2-10H2,1H3",1-decanol,81.5,298,81500,C,,"[""1979SEV""]","RDR file 250199, CSV line 11174",0.8,unspecified_compendium_deviation,,,,unresolved,not_resolved_from_compendium_row,True,False,False,True,True,False,quarantine_compendium_provenance,measurement_temperature_state_correction_and_independence_unverified,False,False,True,,[],train,grp_5dea7427c65d07c7
rdr250199#csvline11175,compendium,mol_2e538f5e181d5946,"InChI=1S/C10H22O/c1-2-3-4-5-6-7-8-9-10-11/h11H,2-10H2,1H3",1-decanol,81.5,298,81500,C,,"[""1977MAN/SEL""]","RDR file 250199, CSV line 11175",0.8,unspecified_compendium_deviation,,,,unresolved,not_resolved_from_compendium_row,True,False,False,True,True,False,quarantine_compendium_provenance,measurement_temperature_state_correction_and_independence_unverified,False,False,True,,[],train,grp_5dea7427c65d07c7
rdr250199#csvline1124,compendium,mol_b4b87befe28d84ce,"InChI=1S/C2H6O/c1-2-3/h3H,2H2,1H3",ethanol,35.2,393,35200,C,,"[""1989VIN/WOR""]","RDR file 250199, CSV line 1124",,unspecified_compendium_deviation,,,,unresolved,not_resolved_from_compendium_row,True,False,False,True,True,False,quarantine_compendium_provenance,measurement_temperature_state_correction_and_independence_unverified,False,False,True,,[],train,grp_5dea7427c65d07c7
rdr250199#csvline1125,compendium,mol_b4b87befe28d84ce,"InChI=1S/C2H6O/c1-2-3/h3H,2H2,1H3",ethanol,30.6,423,30600,C,,"[""1989VIN/WOR""]","RDR file 250199, CSV line 1125",,unspecified_compendium_deviation,,,,unresolved,not_resolved_from_compendium_row,True,False,False,True,True,False,quarantine_compendium_provenance,measurement_temperature_state_correction_and_independence_unverified,False,False,True,,[],train,grp_5dea7427c65d07c7
rdr250199#csvline1126,compendium,mol_b4b87befe28d84ce,"InChI=1S/C2H6O/c1-2-3/h3H,2H2,1H3",ethanol,25.7,453,25700,C,,"[""1989VIN/WOR""]","RDR file 250199, CSV line 1126",,unspecified_compendium_deviation,,,,unresolved,not_resolved_from_compendium_row,True,False,False,True,True,False,quarantine_compendium_provenance,measurement_temperature_state_correction_and_independence_unverified,False,False,True,,[],train,grp_5dea7427c65d07c7
rdr250199#csvline1127,compendium,mol_b4b87befe28d84ce,"InChI=1S/C2H6O/c1-2-3/h3H,2H2,1H3",ethanol,21.8,473,21800,C,,"[""1989VIN/WOR""]","RDR file 250199, CSV line 1127",,unspecified_compendium_deviation,,,,unresolved,not_resolved_from_compendium_row,True,False,False,True,True,False,quarantine_compendium_provenance,measurement_temperature_state_correction_and_independence_unverified,False,False,True,,[],train,grp_5dea7427c65d07c7
rdr250199#csvline1128,compendium,mol_b4b87befe28d84ce,"InChI=1S/C2H6O/c1-2-3/h3H,2H2,1H3",ethanol,17.3,493,17300,C,,"[""1989VIN/WOR""]","RDR file 250199, CSV line 1128",,unspecified_compendium_deviation,,,,unresolved,not_resolved_from_compendium_row,True,False,False,True,True,False,quarantine_compendium_provenance,measurement_temperature_state_correction_and_independence_unverified,False,False,True,,[],train,grp_5dea7427c65d07c7
rdr250199#csvline1130,compendium,mol_b4b87befe28d84ce,"InChI=1S/C2H6O/c1-2-3/h3H,2H2,1H3",ethanol,40.9,320,40900,C,,"[""1988DON/LIN""]","RDR file 250199, CSV line 1130",,unspecified_compendium_deviation,,,,unresolved,not_resolved_from_compendium_row,True,False,False,True,True,False,quarantine_compendium_provenance,measurement_temperature_state_correction_and_independence_unverified,False,False,True,,[],train,grp_5dea7427c65d07c7
rdr250199#csvline1131,compendium,mol_b4b87befe28d84ce,"InChI=1S/C2H6O/c1-2-3/h3H,2H2,1H3",ethanol,40.4,328,40400,C,,"[""1988DON/LIN""]","RDR file 250199, CSV line 1131",,unspecified_compendium_deviation,,,,unresolved,not_resolved_from_compendium_row,True,False,False,True,True,False,quarantine_compendium_provenance,measurement_temperature_state_correction_and_independence_unverified,False,False,True,,[],train,grp_5dea7427c65d07c7
rdr250199#csvline1132,compendium,mol_b4b87befe28d84ce,"InChI=1S/C2H6O/c1-2-3/h3H,2H2,1H3",ethanol,40.2,335,40200,C,,"[""1988DON/LIN""]","RDR file 250199, CSV line 1132",,unspecified_compendium_deviation,,,,unresolved,not_resolved_from_compendium_row,True,False,False,True,True,False,quarantine_compendium_provenance,measurement_temperature_state_correction_and_independence_unverified,False,False,True,,[],train,grp_5dea7427c65d07c7
rdr250199#csvline1133,compendium,mol_b4b87befe28d84ce,"InChI=1S/C2H6O/c1-2-3/h3H,2H2,1H3",ethanol,39.4,344,39400,C,,"[""1988DON/LIN""]","RDR file 250199, CSV line 1133",,unspecified_compendium_deviation,,,,unresolved,not_resolved_from_compendium_row,True,False,False,True,True,False,quarantine_compendium_provenance,measurement_temperature_state_correction_and_independence_unverified,False,False,True,,[],train,grp_5dea7427c65d07c7
rdr250199#csvline1134,compendium,mol_b4b87befe28d84ce,"InChI=1S/C2H6O/c1-2-3/h3H,2H2,1H3",ethanol,38.8,351,38800,C,,"[""1988DON/LIN""]","RDR file 250199, CSV line 1134",,unspecified_compendium_deviation,,,,unresolved,not_resolved_from_compendium_row,True,False,False,True,True,False,quarantine_compendium_provenance,measurement_temperature_state_correction_and_independence_unverified,False,False,True,,[],train,grp_5dea7427c65d07c7
rdr250199#csvline1145,compendium,mol_b4b87befe28d84ce,"InChI=1S/C2H6O/c1-2-3/h3H,2H2,1H3",ethanol,42.26,298,42260,C,,"[""1971POL/BEN""]","RDR file 250199, CSV line 1145",0.02,unspecified_compendium_deviation,,,,unresolved,not_resolved_from_compendium_row,True,False,False,True,True,True,quarantine_compendium_provenance,measurement_temperature_state_correction_and_independence_unverified,False,False,True,,[],train,grp_5dea7427c65d07c7
rdr250199#csvline11453,compendium,mol_17a72fa1b6a75538,"InChI=1S/C11H20O2/c1-2-3-9-11(12)13-10-7-5-4-6-8-10/h10H,2-9H2,1H3",Cyclohexyl valerate,63.7,298,63700,C,,"[""2003ZAI/VER"",""2004PAU/ZAI""]","RDR file 250199, CSV line 11453",0.1,unspecified_compendium_deviation,,,,unresolved,not_resolved_from_compendium_row,True,False,False,True,True,True,quarantine_compendium_provenance,measurement_temperature_state_correction_and_independence_unverified,False,False,True,lineage_22c65d86c1a9332d,"[""10.1021/je025634v#d12#p1#r1""]",test,grp_69e3066d23c835df
rdr250199#csvline1146,compendium,mol_b4b87befe28d84ce,"InChI=1S/C2H6O/c1-2-3/h3H,2H2,1H3",ethanol,41.7,308,41700,C,,"[""1971POL/BEN""]","RDR file 250199, CSV line 1146",0.1,unspecified_compendium_deviation,,,,unresolved,not_resolved_from_compendium_row,True,False,False,True,True,True,quarantine_compendium_provenance,measurement_temperature_state_correction_and_independence_unverified,False,False,True,,[],train,grp_5dea7427c65d07c7
rdr250199#csvline1147,compendium,mol_b4b87befe28d84ce,"InChI=1S/C2H6O/c1-2-3/h3H,2H2,1H3",ethanol,41.2,318,41200,C,,"[""1971POL/BEN""]","RDR file 250199, CSV line 1147",0.1,unspecified_compendium_deviation,,,,unresolved,not_resolved_from_compendium_row,True,False,False,True,True,False,quarantine_compendium_provenance,measurement_temperature_state_correction_and_independence_unverified,False,False,True,,[],train,grp_5dea7427c65d07c7
rdr250199#csvline1148,compendium,mol_b4b87befe28d84ce,"InChI=1S/C2H6O/c1-2-3/h3H,2H2,1H3",ethanol,40.1,328,40100,C,,"[""1971POL/BEN""]","RDR file 250199, CSV line 1148",0.1,unspecified_compendium_deviation,,,,unresolved,not_resolved_from_compendium_row,True,False,False,True,True,False,quarantine_compendium_provenance,measurement_temperature_state_correction_and_independence_unverified,False,False,True,,[],train,grp_5dea7427c65d07c7
rdr250199#csvline1149,compendium,mol_b4b87befe28d84ce,"InChI=1S/C2H6O/c1-2-3/h3H,2H2,1H3",ethanol,41,320,41000,C,,"[""1970COU/FEN""]","RDR file 250199, CSV line 1149",0.1,unspecified_compendium_deviation,,,,unresolved,not_resolved_from_compendium_row,True,False,False,True,True,False,quarantine_compendium_provenance,measurement_temperature_state_correction_and_independence_unverified,False,False,True,,[],train,grp_5dea7427c65d07c7
rdr250199#csvline11490,compendium,mol_c1c12a449ac15fd2,"InChI=1S/C11H21N/c1-2-3-4-5-6-7-8-9-10-11-12/h2-10H2,1H3",Undecanonitrile,71.1,298,71100,C,,"[""1977STRI/SUN""]","RDR file 250199, CSV line 11490",0.1,unspecified_compendium_deviation,,,,unresolved,not_resolved_from_compendium_row,True,False,False,True,True,False,quarantine_compendium_provenance,measurement_temperature_state_correction_and_independence_unverified,False,False,True,,[],train,grp_5dea7427c65d07c7
rdr250199#csvline1150,compendium,mol_b4b87befe28d84ce,"InChI=1S/C2H6O/c1-2-3/h3H,2H2,1H3",ethanol,40,335,40000,C,,"[""1970COU/FEN""]","RDR file 250199, CSV line 1150",0.1,unspecified_compendium_deviation,,,,unresolved,not_resolved_from_compendium_row,True,False,False,True,True,False,quarantine_compendium_provenance,measurement_temperature_state_correction_and_independence_unverified,False,False,True,,[],train,grp_5dea7427c65d07c7
rdr250199#csvline1151,compendium,mol_b4b87befe28d84ce,"InChI=1S/C2H6O/c1-2-3/h3H,2H2,1H3",ethanol,38.7,351,38700,C,,"[""1970COU/FEN""]","RDR file 250199, CSV line 1151",0.1,unspecified_compendium_deviation,,,,unresolved,not_resolved_from_compendium_row,True,False,False,True,True,False,quarantine_compendium_provenance,measurement_temperature_state_correction_and_independence_unverified,False,False,True,,[],train,grp_5dea7427c65d07c7
rdr250199#csvline1154,compendium,mol_b4b87befe28d84ce,"InChI=1S/C2H6O/c1-2-3/h3H,2H2,1H3",ethanol,42.3,298,42300,C,,"[""1966WAD""]","RDR file 250199, CSV line 1154",0.1,unspecified_compendium_deviation,,,,unresolved,not_resolved_from_compendium_row,True,False,False,True,True,True,quarantine_compendium_provenance,measurement_temperature_state_correction_and_independence_unverified,False,False,True,,[],train,grp_5dea7427c65d07c7
rdr250199#csvline1155,compendium,mol_b4b87befe28d84ce,"InChI=1S/C2H6O/c1-2-3/h3H,2H2,1H3",ethanol,42.2,298,42200,C,,"[""1963MCC/LAI""]","RDR file 250199, CSV line 1155",0.1,unspecified_compendium_deviation,,,,unresolved,not_resolved_from_compendium_row,True,False,False,True,True,True,quarantine_compendium_provenance,measurement_temperature_state_correction_and_independence_unverified,False,False,True,,[],train,grp_5dea7427c65d07c7
rdr250199#csvline11597,compendium,mol_58c591d9024d1c78,"InChI=1S/C11H24/c1-3-5-7-9-11-10-8-6-4-2/h3-11H2,1-2H3",Undecane,56.4,298,56400,C,,"[""2007PAS/KUZ""]","RDR file 250199, CSV line 11597",0.4,unspecified_compendium_deviation,,,,unresolved,not_resolved_from_compendium_row,True,False,False,True,True,False,quarantine_compendium_provenance,measurement_temperature_state_correction_and_independence_unverified,False,False,True,,[],train,grp_5dea7427c65d07c7
rdr250199#csvline11598,compendium,mol_58c591d9024d1c78,"InChI=1S/C11H24/c1-3-5-7-9-11-10-8-6-4-2/h3-11H2,1-2H3",Undecane,56.6,298,56600,C,,"[""2006RIB/CAB2""]","RDR file 250199, CSV line 11598",0.6,unspecified_compendium_deviation,,,,unresolved,not_resolved_from_compendium_row,True,False,False,True,True,False,quarantine_compendium_provenance,measurement_temperature_state_correction_and_independence_unverified,False,False,True,,[],train,grp_5dea7427c65d07c7
rdr250199#csvline11599,compendium,mol_58c591d9024d1c78,"InChI=1S/C11H24/c1-3-5-7-9-11-10-8-6-4-2/h3-11H2,1-2H3",Undecane,56.2,299,56200,C,,"[""1996VIT/CHA""]","RDR file 250199, CSV line 11599",,unspecified_compendium_deviation,,,,unresolved,not_resolved_from_compendium_row,True,False,False,True,True,False,quarantine_compendium_provenance,measurement_temperature_state_correction_and_independence_unverified,False,False,True,,[],train,grp_5dea7427c65d07c7
rdr250199#csvline11600,compendium,mol_58c591d9024d1c78,"InChI=1S/C11H24/c1-3-5-7-9-11-10-8-6-4-2/h3-11H2,1-2H3",Undecane,55.4,314,55400,C,,"[""1996VIT/CHA""]","RDR file 250199, CSV line 11600",,unspecified_compendium_deviation,,,,unresolved,not_resolved_from_compendium_row,True,False,False,True,True,False,quarantine_compendium_provenance,measurement_temperature_state_correction_and_independence_unverified,False,False,True,,[],train,grp_5dea7427c65d07c7
rdr250199#csvline11601,compendium,mol_58c591d9024d1c78,"InChI=1S/C11H24/c1-3-5-7-9-11-10-8-6-4-2/h3-11H2,1-2H3",Undecane,54.5,324,54500,C,,"[""1996VIT/CHA""]","RDR file 250199, CSV line 11601",,unspecified_compendium_deviation,,,,unresolved,not_resolved_from_compendium_row,True,False,False,True,True,False,quarantine_compendium_provenance,measurement_temperature_state_correction_and_independence_unverified,False,False,True,,[],train,grp_5dea7427c65d07c7
rdr250199#csvline11602,compendium,mol_58c591d9024d1c78,"InChI=1S/C11H24/c1-3-5-7-9-11-10-8-6-4-2/h3-11H2,1-2H3",Undecane,54,334,54000,C,,"[""1996VIT/CHA""]","RDR file 250199, CSV line 11602",,unspecified_compendium_deviation,,,,unresolved,not_resolved_from_compendium_row,True,False,False,True,True,False,quarantine_compendium_provenance,measurement_temperature_state_correction_and_independence_unverified,False,False,True,,[],train,grp_5dea7427c65d07c7
rdr250199#csvline11603,compendium,mol_58c591d9024d1c78,"InChI=1S/C11H24/c1-3-5-7-9-11-10-8-6-4-2/h3-11H2,1-2H3",Undecane,53.1,344,53100,C,,"[""1996VIT/CHA""]","RDR file 250199, CSV line 11603",,unspecified_compendium_deviation,,,,unresolved,not_resolved_from_compendium_row,True,False,False,True,True,False,quarantine_compendium_provenance,measurement_temperature_state_correction_and_independence_unverified,False,False,True,,[],train,grp_5dea7427c65d07c7
rdr250199#csvline1176,compendium,mol_3590edb9884753b9,"InChI=1S/C2H6O2/c3-1-2-4/h3-4H,1-2H2",ethylene glycol,65.6,298,65600,C,,"[""1988KNA/SAB"",""1990KNA/SAB2""]","RDR file 250199, CSV line 1176",0.3,unspecified_compendium_deviation,,,,unresolved,not_resolved_from_compendium_row,True,False,False,True,True,False,quarantine_compendium_provenance,measurement_temperature_state_correction_and_independence_unverified,False,False,True,,[],train,grp_5dea7427c65d07c7
rdr250199#csvline11889,compendium,mol_c38e9861aa13f05a,InChI=1S/C12H10O/c1-3-7-11(8-4-1)13-12-9-5-2-6-10-12/h1-10H,Diphenyl ether,66.1,298,66100,C,,"[""1965COL/COU"",""1972MOR""]","RDR file 250199, CSV line 11889",0.4,unspecified_compendium_deviation,,,,unresolved,not_resolved_from_compendium_row,True,False,False,True,True,False,quarantine_compendium_provenance,measurement_temperature_state_correction_and_independence_unverified,False,False,True,,[],train,grp_8be27da50ef3b127
rdr250199#csvline1196,compendium,mol_8af87cc50053180a,InChI=1S/C2H6S/c1-3-2/h1-2H3,dimethyl sulfide,27.9,298,27900,C,,"[""1989VOR/KLY""]","RDR file 250199, CSV line 1196",0.6,unspecified_compendium_deviation,,,,unresolved,not_resolved_from_compendium_row,True,False,False,True,True,False,quarantine_compendium_provenance,measurement_temperature_state_correction_and_independence_unverified,False,False,True,,[],train,grp_5dea7427c65d07c7
rdr250199#csvline1203,compendium,mol_8af87cc50053180a,InChI=1S/C2H6S/c1-3-2/h1-2H3,dimethyl sulfide,28.8,276,28800,C,,"[""1957MCC/HUB""]","RDR file 250199, CSV line 1203",0.1,unspecified_compendium_deviation,,,,unresolved,not_resolved_from_compendium_row,True,False,False,True,True,False,quarantine_compendium_provenance,measurement_temperature_state_correction_and_independence_unverified,False,False,True,,[],train,grp_5dea7427c65d07c7
rdr250199#csvline1204,compendium,mol_8af87cc50053180a,InChI=1S/C2H6S/c1-3-2/h1-2H3,dimethyl sulfide,27.9,292,27900,C,,"[""1957MCC/HUB""]","RDR file 250199, CSV line 1204",0.1,unspecified_compendium_deviation,,,,unresolved,not_resolved_from_compendium_row,True,False,False,True,True,False,quarantine_compendium_provenance,measurement_temperature_state_correction_and_independence_unverified,False,False,True,,[],train,grp_5dea7427c65d07c7
rdr250199#csvline1205,compendium,mol_8af87cc50053180a,InChI=1S/C2H6S/c1-3-2/h1-2H3,dimethyl sulfide,27,310,27000,C,,"[""1957MCC/HUB""]","RDR file 250199, CSV line 1205",0.1,unspecified_compendium_deviation,,,,unresolved,not_resolved_from_compendium_row,True,False,False,True,True,False,quarantine_compendium_provenance,measurement_temperature_state_correction_and_independence_unverified,False,False,True,,[],train,grp_5dea7427c65d07c7
rdr250199#csvline1218,compendium,mol_28d861e75826cef3,InChI=1S/C2H6S2/c1-3-4-2/h1-2H3,dimethyl disulfide,38.5,298,38500,C,,"[""1989VOR/KLY""]","RDR file 250199, CSV line 1218",0.6,unspecified_compendium_deviation,,,,unresolved,not_resolved_from_compendium_row,True,False,False,True,True,False,quarantine_compendium_provenance,measurement_temperature_state_correction_and_independence_unverified,False,False,True,,[],train,grp_5dea7427c65d07c7
rdr250199#csvline1220,compendium,mol_28d861e75826cef3,InChI=1S/C2H6S2/c1-3-4-2/h1-2H3,dimethyl disulfide,37.8,298,37800,C,,"[""1985KUS""]","RDR file 250199, CSV line 1220",0.1,unspecified_compendium_deviation,,,,unresolved,not_resolved_from_compendium_row,True,False,False,True,True,False,quarantine_compendium_provenance,measurement_temperature_state_correction_and_independence_unverified,False,False,True,,[],train,grp_5dea7427c65d07c7
rdr250199#csvline1223,compendium,mol_28d861e75826cef3,InChI=1S/C2H6S2/c1-3-4-2/h1-2H3,dimethyl disulfide,36,341,36000,C,,"[""1958HUB/DOU""]","RDR file 250199, CSV line 1223",0.1,unspecified_compendium_deviation,,,,unresolved,not_resolved_from_compendium_row,True,False,False,True,True,False,quarantine_compendium_provenance,measurement_temperature_state_correction_and_independence_unverified,False,False,True,,[],train,grp_5dea7427c65d07c7
rdr250199#csvline1224,compendium,mol_28d861e75826cef3,InChI=1S/C2H6S2/c1-3-4-2/h1-2H3,dimethyl disulfide,34.9,360,34900,C,,"[""1958HUB/DOU""]","RDR file 250199, CSV line 1224",0.1,unspecified_compendium_deviation,,,,unresolved,not_resolved_from_compendium_row,True,False,False,True,True,False,quarantine_compendium_provenance,measurement_temperature_state_correction_and_independence_unverified,False,False,True,,[],train,grp_5dea7427c65d07c7
rdr250199#csvline12241,compendium,mol_f23ee274fe9afdfa,"InChI=1S/C12H23N/c1-2-3-4-5-6-7-8-9-10-11-12-13/h2-11H2,1H3",Lauronitrile,76.1,298,76100,C,,"[""1977STRI/SUN""]","RDR file 250199, CSV line 12241",0.1,unspecified_compendium_deviation,,,,unresolved,not_resolved_from_compendium_row,True,False,False,True,True,False,quarantine_compendium_provenance,measurement_temperature_state_correction_and_independence_unverified,False,False,True,,[],train,grp_5dea7427c65d07c7
rdr250199#csvline1225,compendium,mol_28d861e75826cef3,InChI=1S/C2H6S2/c1-3-4-2/h1-2H3,dimethyl disulfide,33.7,383,33700,C,,"[""1958HUB/DOU""]","RDR file 250199, CSV line 1225",0.1,unspecified_compendium_deviation,,,,unresolved,not_resolved_from_compendium_row,True,False,False,True,True,False,quarantine_compendium_provenance,measurement_temperature_state_correction_and_independence_unverified,False,False,True,,[],train,grp_5dea7427c65d07c7
rdr250199#csvline12300,compendium,mol_fc2d93121de8a8dd,"InChI=1S/C12H24O2/c1-3-5-6-7-8-9-10-11-12(13)14-4-2/h3-11H2,1-2H3",Ethyl decanoate,69.9,305,69900,C,,"[""2009ZAI/PAU""]","RDR file 250199, CSV line 12300",0.7,unspecified_compendium_deviation,,,,unresolved,not_resolved_from_compendium_row,True,False,False,True,True,True,quarantine_compendium_provenance,measurement_temperature_state_correction_and_independence_unverified,False,False,True,lineage_6f91a312728e4742,"[""10.1021/je900093h#d3#p1#r1""]",train,grp_5dea7427c65d07c7
rdr250199#csvline12322,compendium,mol_d079a9561d9d2641,"InChI=1S/C12H24O2/c1-3-4-5-6-7-8-9-10-11-12(13)14-2/h3-11H2,1-2H3",Methyl undecanoate,71.4,298,71400,C,,"[""1977MAN/SEL""]","RDR file 250199, CSV line 12322",0.3,unspecified_compendium_deviation,,,,unresolved,not_resolved_from_compendium_row,True,False,False,True,True,False,quarantine_compendium_provenance,measurement_temperature_state_correction_and_independence_unverified,False,False,True,,[],train,grp_5dea7427c65d07c7
rdr250199#csvline12349,compendium,mol_7a77950532c8e700,"InChI=1S/C12H26/c1-3-5-7-9-11-12-10-8-6-4-2/h3-12H2,1-2H3",Dodecane,61.4,299,61400,C,,"[""1996VIT/CHA""]","RDR file 250199, CSV line 12349",,unspecified_compendium_deviation,,,,unresolved,not_resolved_from_compendium_row,True,False,False,True,True,False,quarantine_compendium_provenance,measurement_temperature_state_correction_and_independence_unverified,False,False,True,,[],train,grp_5dea7427c65d07c7
rdr250199#csvline12350,compendium,mol_7a77950532c8e700,"InChI=1S/C12H26/c1-3-5-7-9-11-12-10-8-6-4-2/h3-12H2,1-2H3",Dodecane,58.1,334,58100,C,,"[""1996VIT/CHA""]","RDR file 250199, CSV line 12350",,unspecified_compendium_deviation,,,,unresolved,not_resolved_from_compendium_row,True,False,False,True,True,True,quarantine_compendium_provenance,measurement_temperature_state_correction_and_independence_unverified,False,False,True,,[],train,grp_5dea7427c65d07c7
rdr250199#csvline12351,compendium,mol_7a77950532c8e700,"InChI=1S/C12H26/c1-3-5-7-9-11-12-10-8-6-4-2/h3-12H2,1-2H3",Dodecane,57.4,344,57400,C,,"[""1996VIT/CHA""]","RDR file 250199, CSV line 12351",,unspecified_compendium_deviation,,,,unresolved,not_resolved_from_compendium_row,True,False,False,True,True,True,quarantine_compendium_provenance,measurement_temperature_state_correction_and_independence_unverified,False,False,True,,[],train,grp_5dea7427c65d07c7
rdr250199#csvline12359,compendium,mol_7a77950532c8e700,"InChI=1S/C12H26/c1-3-5-7-9-11-12-10-8-6-4-2/h3-12H2,1-2H3",Dodecane,61.8,298,61800,C,,"[""1976MEL/MAN""]","RDR file 250199, CSV line 12359",0.5,unspecified_compendium_deviation,,,,unresolved,not_resolved_from_compendium_row,True,False,False,True,True,False,quarantine_compendium_provenance,measurement_temperature_state_correction_and_independence_unverified,False,False,True,,[],train,grp_5dea7427c65d07c7
rdr250199#csvline12360,compendium,mol_7a77950532c8e700,"InChI=1S/C12H26/c1-3-5-7-9-11-12-10-8-6-4-2/h3-12H2,1-2H3",Dodecane,61.2,298,61200,C,,"[""1974MAN4""]","RDR file 250199, CSV line 12360",0.2,unspecified_compendium_deviation,,,,unresolved,not_resolved_from_compendium_row,True,False,False,True,True,False,quarantine_compendium_provenance,measurement_temperature_state_correction_and_independence_unverified,False,False,True,,[],train,grp_5dea7427c65d07c7
rdr250199#csvline12361,compendium,mol_7a77950532c8e700,"InChI=1S/C12H26/c1-3-5-7-9-11-12-10-8-6-4-2/h3-12H2,1-2H3",Dodecane,60.4,298,60400,C,,"[""1972MOR2""]","RDR file 250199, CSV line 12361",0.3,unspecified_compendium_deviation,,,,unresolved,not_resolved_from_compendium_row,True,False,False,True,True,False,quarantine_compendium_provenance,measurement_temperature_state_correction_and_independence_unverified,False,False,True,,[],train,grp_5dea7427c65d07c7
rdr250199#csvline12363,compendium,mol_7a77950532c8e700,"InChI=1S/C12H26/c1-3-5-7-9-11-12-10-8-6-4-2/h3-12H2,1-2H3",Dodecane,59.5,298,59500,C,,"[""1963MOR/SUN""]","RDR file 250199, CSV line 12363",0.2,unspecified_compendium_deviation,,,,unresolved,not_resolved_from_compendium_row,True,False,False,True,True,False,quarantine_compendium_provenance,measurement_temperature_state_correction_and_independence_unverified,False,False,True,,[],train,grp_5dea7427c65d07c7
rdr250199#csvline12551,compendium,mol_deac46acd3625ae3,"InChI=1S/C13H12/c1-11-7-9-13(10-8-11)12-5-3-2-4-6-12/h2-10H,1H3",4-methylbiphenyl,67.2,321,67200,C,,"[""2014PIM/PAS""]","RDR file 250199, CSV line 12551",,unspecified_compendium_deviation,,,,unresolved,not_resolved_from_compendium_row,True,False,False,True,True,False,quarantine_compendium_provenance,measurement_temperature_state_correction_and_independence_unverified,False,False,True,,[],validation,grp_9a6e5ce866866615
rdr250199#csvline12571,compendium,mol_3bc540c095f58f95,"InChI=1S/C13H12/c1-3-7-12(8-4-1)11-13-9-5-2-6-10-13/h1-10H,11H2",Diphenylmethane,66.6,298,66600,C,,"[""1972MOR""]","RDR file 250199, CSV line 12571",0.1,unspecified_compendium_deviation,,,,unresolved,not_resolved_from_compendium_row,True,False,False,True,True,False,quarantine_compendium_provenance,measurement_temperature_state_correction_and_independence_unverified,False,False,True,,[],train,grp_8be27da50ef3b127
rdr250199#csvline12718,compendium,mol_5e1a76b3fc001a63,"InChI=1S/C13H26O2/c1-3-4-5-6-7-8-9-10-11-12-13(14)15-2/h3-12H2,1-2H3",methyl laurate,77.2,298,77200,C,,"[""1977MAN/SEL""]","RDR file 250199, CSV line 12718",0.6,unspecified_compendium_deviation,,,,unresolved,not_resolved_from_compendium_row,True,False,False,True,True,False,quarantine_compendium_provenance,measurement_temperature_state_correction_and_independence_unverified,False,False,True,,[],train,grp_5dea7427c65d07c7
rdr250199#csvline1276,compendium,mol_e9bda82626d344ab,InChI=1S/C2H8N2/c3-1-2-4/h1-4H2,ethylenediamine,45,298,45000,C,,"[""1969WAD""]","RDR file 250199, CSV line 1276",0.1,unspecified_compendium_deviation,,,,unresolved,not_resolved_from_compendium_row,True,False,False,True,True,True,quarantine_compendium_provenance,measurement_temperature_state_correction_and_independence_unverified,False,False,True,,[],train,grp_5dea7427c65d07c7
rdr250199#csvline13059,compendium,mol_30519df461efd318,"InChI=1S/C14H27N/c1-2-3-4-5-6-7-8-9-10-11-12-13-14-15/h2-13H2,1H3",Myristonitrile,85.3,298,85300,C,,"[""1977STRI/SUN""]","RDR file 250199, CSV line 13059",0.5,unspecified_compendium_deviation,,,,unresolved,not_resolved_from_compendium_row,True,False,False,True,True,False,quarantine_compendium_provenance,measurement_temperature_state_correction_and_independence_unverified,False,False,True,,[],train,grp_5dea7427c65d07c7
rdr250199#csvline13115,compendium,mol_71d239be146a61dd,"InChI=1S/C14H28O2/c1-3-4-5-6-7-8-9-10-11-12-13-14(15)16-2/h3-13H2,1-2H3",Methyl tridecanoate,82.7,298,82700,C,,"[""1977MAN/SEL""]","RDR file 250199, CSV line 13115",0.8,unspecified_compendium_deviation,,,,unresolved,not_resolved_from_compendium_row,True,False,False,True,True,False,quarantine_compendium_provenance,measurement_temperature_state_correction_and_independence_unverified,False,False,True,,[],train,grp_5dea7427c65d07c7
rdr250199#csvline13141,compendium,mol_bf39f6deed5d4b6a,"InChI=1S/C14H30/c1-3-5-7-9-11-13-14-12-10-8-6-4-2/h3-14H2,1-2H3",Tetradecane,69,324,69000,C,,"[""1996VIT/CHA""]","RDR file 250199, CSV line 13141",,unspecified_compendium_deviation,,,,unresolved,not_resolved_from_compendium_row,True,False,False,True,True,True,quarantine_compendium_provenance,measurement_temperature_state_correction_and_independence_unverified,False,False,True,,[],train,grp_5dea7427c65d07c7
rdr250199#csvline13142,compendium,mol_bf39f6deed5d4b6a,"InChI=1S/C14H30/c1-3-5-7-9-11-13-14-12-10-8-6-4-2/h3-14H2,1-2H3",Tetradecane,68.6,329,68600,C,,"[""1996VIT/CHA""]","RDR file 250199, CSV line 13142",,unspecified_compendium_deviation,,,,unresolved,not_resolved_from_compendium_row,True,False,False,True,True,True,quarantine_compendium_provenance,measurement_temperature_state_correction_and_independence_unverified,False,False,True,,[],train,grp_5dea7427c65d07c7
rdr250199#csvline13143,compendium,mol_bf39f6deed5d4b6a,"InChI=1S/C14H30/c1-3-5-7-9-11-13-14-12-10-8-6-4-2/h3-14H2,1-2H3",Tetradecane,67.9,334,67900,C,,"[""1996VIT/CHA""]","RDR file 250199, CSV line 13143",,unspecified_compendium_deviation,,,,unresolved,not_resolved_from_compendium_row,True,False,False,True,True,True,quarantine_compendium_provenance,measurement_temperature_state_correction_and_independence_unverified,False,False,True,,[],train,grp_5dea7427c65d07c7
rdr250199#csvline13144,compendium,mol_bf39f6deed5d4b6a,"InChI=1S/C14H30/c1-3-5-7-9-11-13-14-12-10-8-6-4-2/h3-14H2,1-2H3",Tetradecane,66.8,344,66800,C,,"[""1996VIT/CHA""]","RDR file 250199, CSV line 13144",,unspecified_compendium_deviation,,,,unresolved,not_resolved_from_compendium_row,True,False,False,True,True,True,quarantine_compendium_provenance,measurement_temperature_state_correction_and_independence_unverified,False,False,True,,[],train,grp_5dea7427c65d07c7
rdr250199#csvline13145,compendium,mol_bf39f6deed5d4b6a,"InChI=1S/C14H30/c1-3-5-7-9-11-13-14-12-10-8-6-4-2/h3-14H2,1-2H3",Tetradecane,65.7,359,65700,C,,"[""1996VIT/CHA""]","RDR file 250199, CSV line 13145",,unspecified_compendium_deviation,,,,unresolved,not_resolved_from_compendium_row,True,False,False,True,True,True,quarantine_compendium_provenance,measurement_temperature_state_correction_and_independence_unverified,False,False,True,,[],train,grp_5dea7427c65d07c7
rdr250199#csvline13151,compendium,mol_bf39f6deed5d4b6a,"InChI=1S/C14H30/c1-3-5-7-9-11-13-14-12-10-8-6-4-2/h3-14H2,1-2H3",Tetradecane,70.1,313,70100,C,,"[""1979SUN/SVE""]","RDR file 250199, CSV line 13151",,unspecified_compendium_deviation,,,,unresolved,not_resolved_from_compendium_row,True,False,False,True,True,True,quarantine_compendium_provenance,measurement_temperature_state_correction_and_independence_unverified,False,False,True,,[],train,grp_5dea7427c65d07c7
rdr250199#csvline13152,compendium,mol_bf39f6deed5d4b6a,"InChI=1S/C14H30/c1-3-5-7-9-11-13-14-12-10-8-6-4-2/h3-14H2,1-2H3",Tetradecane,68.9,328,68900,C,,"[""1979SUN/SVE""]","RDR file 250199, CSV line 13152",,unspecified_compendium_deviation,,,,unresolved,not_resolved_from_compendium_row,True,False,False,True,True,True,quarantine_compendium_provenance,measurement_temperature_state_correction_and_independence_unverified,False,False,True,,[],train,grp_5dea7427c65d07c7
rdr250199#csvline13153,compendium,mol_bf39f6deed5d4b6a,"InChI=1S/C14H30/c1-3-5-7-9-11-13-14-12-10-8-6-4-2/h3-14H2,1-2H3",Tetradecane,71.8,298,71800,C,,"[""1979SUN/SVE""]","RDR file 250199, CSV line 13153",0.6,unspecified_compendium_deviation,,,,unresolved,not_resolved_from_compendium_row,True,False,False,True,True,True,quarantine_compendium_provenance,measurement_temperature_state_correction_and_independence_unverified,False,False,True,,[],train,grp_5dea7427c65d07c7
rdr250199#csvline13154,compendium,mol_bf39f6deed5d4b6a,"InChI=1S/C14H30/c1-3-5-7-9-11-13-14-12-10-8-6-4-2/h3-14H2,1-2H3",Tetradecane,71.1,298,71100,C,,"[""1972MOR2""]","RDR file 250199, CSV line 13154",0.4,unspecified_compendium_deviation,,,,unresolved,not_resolved_from_compendium_row,True,False,False,True,True,True,quarantine_compendium_provenance,measurement_temperature_state_correction_and_independence_unverified,False,False,True,,[],train,grp_5dea7427c65d07c7
rdr250199#csvline13156,compendium,mol_bf39f6deed5d4b6a,"InChI=1S/C14H30/c1-3-5-7-9-11-13-14-12-10-8-6-4-2/h3-14H2,1-2H3",Tetradecane,68.7,298,68700,C,,"[""1963MOR/SUN""]","RDR file 250199, CSV line 13156",0.2,unspecified_compendium_deviation,,,,unresolved,not_resolved_from_compendium_row,True,False,False,True,True,True,quarantine_compendium_provenance,measurement_temperature_state_correction_and_independence_unverified,False,False,True,,[],train,grp_5dea7427c65d07c7
rdr250199#csvline13183,compendium,mol_a557d965b4ca95e1,"InChI=1S/C14H30O/c1-2-3-4-5-6-7-8-9-10-11-12-13-14-15/h15H,2-14H2,1H3",1-tetradecanol,102.2,298,102200,C,,"[""1977MAN/SEL""]","RDR file 250199, CSV line 13183",2.3,unspecified_compendium_deviation,,,,unresolved,not_resolved_from_compendium_row,True,False,False,True,True,False,quarantine_compendium_provenance,measurement_temperature_state_correction_and_independence_unverified,False,False,True,,[],train,grp_5dea7427c65d07c7
rdr250199#csvline13252,compendium,mol_6558cfbdd9a3dcad,"InChI=1S/C15H16/c1-12(2)14-9-6-10-15(11-14)13-7-4-3-5-8-13/h3-12H,1-2H3",3-isopropylbiphenyl,74.3,323,74300,C,,"[""2015PAS/MIR""]","RDR file 250199, CSV line 13252",0.4,unspecified_compendium_deviation,,,,unresolved,not_resolved_from_compendium_row,True,False,False,True,True,True,quarantine_compendium_provenance,measurement_temperature_state_correction_and_independence_unverified,False,False,True,,[],validation,grp_9a6e5ce866866615
rdr250199#csvline13253,compendium,mol_6558cfbdd9a3dcad,"InChI=1S/C15H16/c1-12(2)14-9-6-10-15(11-14)13-7-4-3-5-8-13/h3-12H,1-2H3",3-isopropylbiphenyl,73.2,333,73200,C,,"[""2015PAS/MIR""]","RDR file 250199, CSV line 13253",0.5,unspecified_compendium_deviation,,,,unresolved,not_resolved_from_compendium_row,True,False,False,True,True,True,quarantine_compendium_provenance,measurement_temperature_state_correction_and_independence_unverified,False,False,True,,[],validation,grp_9a6e5ce866866615
rdr250199#csvline13254,compendium,mol_6558cfbdd9a3dcad,"InChI=1S/C15H16/c1-12(2)14-9-6-10-15(11-14)13-7-4-3-5-8-13/h3-12H,1-2H3",3-isopropylbiphenyl,72.4,343,72400,C,,"[""2015PAS/MIR""]","RDR file 250199, CSV line 13254",0.5,unspecified_compendium_deviation,,,,unresolved,not_resolved_from_compendium_row,True,False,False,True,True,True,quarantine_compendium_provenance,measurement_temperature_state_correction_and_independence_unverified,False,False,True,,[],validation,grp_9a6e5ce866866615
rdr250199#csvline13255,compendium,mol_6558cfbdd9a3dcad,"InChI=1S/C15H16/c1-12(2)14-9-6-10-15(11-14)13-7-4-3-5-8-13/h3-12H,1-2H3",3-isopropylbiphenyl,71.6,353,71600,C,,"[""2015PAS/MIR""]","RDR file 250199, CSV line 13255",0.5,unspecified_compendium_deviation,,,,unresolved,not_resolved_from_compendium_row,True,False,False,True,True,True,quarantine_compendium_provenance,measurement_temperature_state_correction_and_independence_unverified,False,False,True,,[],validation,grp_9a6e5ce866866615
rdr250199#csvline13256,compendium,mol_6558cfbdd9a3dcad,"InChI=1S/C15H16/c1-12(2)14-9-6-10-15(11-14)13-7-4-3-5-8-13/h3-12H,1-2H3",3-isopropylbiphenyl,70.3,363,70300,C,,"[""2015PAS/MIR""]","RDR file 250199, CSV line 13256",0.5,unspecified_compendium_deviation,,,,unresolved,not_resolved_from_compendium_row,True,False,False,True,True,True,quarantine_compendium_provenance,measurement_temperature_state_correction_and_independence_unverified,False,False,True,,[],validation,grp_9a6e5ce866866615
rdr250199#csvline13257,compendium,mol_6558cfbdd9a3dcad,"InChI=1S/C15H16/c1-12(2)14-9-6-10-15(11-14)13-7-4-3-5-8-13/h3-12H,1-2H3",3-isopropylbiphenyl,69.5,373,69500,C,,"[""2015PAS/MIR""]","RDR file 250199, CSV line 13257",0.5,unspecified_compendium_deviation,,,,unresolved,not_resolved_from_compendium_row,True,False,False,True,True,True,quarantine_compendium_provenance,measurement_temperature_state_correction_and_independence_unverified,False,False,True,,[],validation,grp_9a6e5ce866866615
rdr250199#csvline13260,compendium,mol_6558cfbdd9a3dcad,"InChI=1S/C15H16/c1-12(2)14-9-6-10-15(11-14)13-7-4-3-5-8-13/h3-12H,1-2H3",3-isopropylbiphenyl,76.6,298,76600,C,,"[""2012Z/NES""]","RDR file 250199, CSV line 13260",0.5,unspecified_compendium_deviation,,,"[323.0, 372.0]",reported_T_outside_listed_range_review_correction,not_resolved_from_compendium_row,True,False,False,True,True,False,quarantine_compendium_provenance,measurement_temperature_state_correction_and_independence_unverified,False,False,True,,[],validation,grp_9a6e5ce866866615
rdr250199#csvline13458,compendium,mol_4446e9b31e59fba3,InChI=1S/C16H12/c1-2-7-13(8-3-1)16-12-6-10-14-9-4-5-11-15(14)16/h1-12H,1-phenylnaphthalene,81.1,298,81100,C,,"[""2008ROU/LIM""]","RDR file 250199, CSV line 13458",1.8,unspecified_compendium_deviation,,,,unresolved,not_resolved_from_compendium_row,True,False,False,True,True,False,quarantine_compendium_provenance,measurement_temperature_state_correction_and_independence_unverified,False,False,True,,[],train,grp_d957e784c854093b
rdr250199#csvline13491,compendium,mol_65b0a8e37b1d0b65,"InChI=1S/C16H18/c1-16(2,3)15-11-9-14(10-12-15)13-7-5-4-6-8-13/h4-12H,1-3H3",4-tert-butylbiphenyl,80,298,80000,C,,"[""2009MEL/PIM""]","RDR file 250199, CSV line 13491",1.9,unspecified_compendium_deviation,,,,unresolved,not_resolved_from_compendium_row,True,False,False,True,True,False,quarantine_compendium_provenance,measurement_temperature_state_correction_and_independence_unverified,False,False,True,,[],validation,grp_9a6e5ce866866615
rdr250199#csvline1561,compendium,mol_25b76921742ed7fa,"InChI=1S/C3H5N/c1-2-3-4/h2H2,1H3",propionitrile,36,298,36000,C,,"[""1970HOW/WAD""]","RDR file 250199, CSV line 1561",0.1,unspecified_compendium_deviation,,,,unresolved,not_resolved_from_compendium_row,True,False,False,True,True,False,quarantine_compendium_provenance,measurement_temperature_state_correction_and_independence_unverified,False,False,True,,[],train,grp_5dea7427c65d07c7
rdr250199#csvline1562,compendium,mol_25b76921742ed7fa,"InChI=1S/C3H5N/c1-2-3-4/h2H2,1H3",propionitrile,36.2,298,36200,C,,"[""1962WEB/KIL""]","RDR file 250199, CSV line 1562",,unspecified_compendium_deviation,,,,unresolved,not_resolved_from_compendium_row,True,False,False,True,True,False,quarantine_compendium_provenance,measurement_temperature_state_correction_and_independence_unverified,False,False,True,,[],train,grp_5dea7427c65d07c7
rdr250199#csvline15727,compendium,mol_cee7ca25fc127d19,"InChI=1S/C8H24O4Si4/c1-13(2)9-14(3,4)11-16(7,8)12-15(5,6)10-13/h1-8H3",Octamethylcyclotetrasiloxane,57,298,57000,C,,"[""1991VOR/KLY2""]","RDR file 250199, CSV line 15727",0.8,unspecified_compendium_deviation,,,,unresolved,not_resolved_from_compendium_row,True,False,False,True,True,False,quarantine_compendium_provenance,measurement_temperature_state_correction_and_independence_unverified,False,False,True,,[],test,grp_1832a9cc7ea0a691
rdr250199#csvline15778,compendium,mol_e03ddfeaf65a0134,"InChI=1S/C10H30O5Si5/c1-16(2)11-17(3,4)13-19(7,8)15-20(9,10)14-18(5,6)12-16/h1-10H3",Decamethyl cyclopentasiloxane,59,298,59000,C,,"[""1991VOR/KLY2""]","RDR file 250199, CSV line 15778",1.0,unspecified_compendium_deviation,,,,unresolved,not_resolved_from_compendium_row,True,False,False,True,True,False,quarantine_compendium_provenance,measurement_temperature_state_correction_and_independence_unverified,False,False,True,,[],test,grp_1832a9cc7ea0a691
rdr250199#csvline1639,compendium,mol_e6f8f97a2caa00b9,InChI=1S/C3H6Cl2/c4-2-1-3-5/h1-3H2,"1,3-dichloropropane",40.6,298,40600,C,,"[""1989AN/HU""]","RDR file 250199, CSV line 1639",0.1,unspecified_compendium_deviation,,,,unresolved,not_resolved_from_compendium_row,True,False,False,True,True,False,quarantine_compendium_provenance,measurement_temperature_state_correction_and_independence_unverified,False,False,True,,[],train,grp_5dea7427c65d07c7
rdr250199#csvline16407,compendium,mol_4603750e706845d0,"InChI=1S/C8H9NO2/c1-11-8(10)6-4-2-3-5-7(6)9/h2-5H,9H2,1H3",Methyl anthranilate,70.7,298,70700,C,,"[""2021FRE/SIL""]","RDR file 250199, CSV line 16407",1.8,unspecified_compendium_deviation,,,,unresolved,not_resolved_from_compendium_row,True,False,False,True,True,True,quarantine_compendium_provenance,measurement_temperature_state_correction_and_independence_unverified,False,False,True,,[],validation,grp_cd9f232caa190183
rdr250199#csvline168,compendium,mol_c187c0fbd800fefd,InChI=1S/CS2/c2-1-3,carbon disulfide,28.1,282,28100,C,,"[""1962WAD/SMI""]","RDR file 250199, CSV line 168",0.1,unspecified_compendium_deviation,,,,unresolved,not_resolved_from_compendium_row,True,False,False,True,True,False,quarantine_compendium_provenance,measurement_temperature_state_correction_and_independence_unverified,False,False,True,,[],train,grp_5dea7427c65d07c7
rdr250199#csvline169,compendium,mol_c187c0fbd800fefd,InChI=1S/CS2/c2-1-3,carbon disulfide,27.5,298,27500,C,,"[""1962WAD/SMI""]","RDR file 250199, CSV line 169",0.1,unspecified_compendium_deviation,,,,unresolved,not_resolved_from_compendium_row,True,False,False,True,True,False,quarantine_compendium_provenance,measurement_temperature_state_correction_and_independence_unverified,False,False,True,,[],train,grp_5dea7427c65d07c7
rdr250199#csvline170,compendium,mol_c187c0fbd800fefd,InChI=1S/CS2/c2-1-3,carbon disulfide,26.7,319,26700,C,,"[""1962WAD/SMI""]","RDR file 250199, CSV line 170",0.1,unspecified_compendium_deviation,,,,unresolved,not_resolved_from_compendium_row,True,False,False,True,True,False,quarantine_compendium_provenance,measurement_temperature_state_correction_and_independence_unverified,False,False,True,,[],train,grp_5dea7427c65d07c7
rdr250199#csvline1897,compendium,mol_2465ec339bda2cbb,"InChI=1S/C3H8O/c1-2-3-4/h4H,2-3H2,1H3",1-propanol,46.4,313,46400,C,,"[""1973SVO/VES""]","RDR file 250199, CSV line 1897",0.1,unspecified_compendium_deviation,,,,unresolved,not_resolved_from_compendium_row,True,False,False,True,True,True,quarantine_compendium_provenance,measurement_temperature_state_correction_and_independence_unverified,False,False,True,,[],train,grp_5dea7427c65d07c7
rdr250199#csvline1898,compendium,mol_2465ec339bda2cbb,"InChI=1S/C3H8O/c1-2-3-4/h4H,2-3H2,1H3",1-propanol,45.7,323,45700,C,,"[""1973SVO/VES""]","RDR file 250199, CSV line 1898",0.1,unspecified_compendium_deviation,,,,unresolved,not_resolved_from_compendium_row,True,False,False,True,True,True,quarantine_compendium_provenance,measurement_temperature_state_correction_and_independence_unverified,False,False,True,,[],train,grp_5dea7427c65d07c7
rdr250199#csvline1899,compendium,mol_2465ec339bda2cbb,"InChI=1S/C3H8O/c1-2-3-4/h4H,2-3H2,1H3",1-propanol,44.9,333,44900,C,,"[""1973SVO/VES""]","RDR file 250199, CSV line 1899",0.1,unspecified_compendium_deviation,,,,unresolved,not_resolved_from_compendium_row,True,False,False,True,True,True,quarantine_compendium_provenance,measurement_temperature_state_correction_and_independence_unverified,False,False,True,,[],train,grp_5dea7427c65d07c7
rdr250199#csvline1900,compendium,mol_2465ec339bda2cbb,"InChI=1S/C3H8O/c1-2-3-4/h4H,2-3H2,1H3",1-propanol,44,343,44000,C,,"[""1973SVO/VES""]","RDR file 250199, CSV line 1900",0.1,unspecified_compendium_deviation,,,,unresolved,not_resolved_from_compendium_row,True,False,False,True,True,False,quarantine_compendium_provenance,measurement_temperature_state_correction_and_independence_unverified,False,False,True,,[],train,grp_5dea7427c65d07c7
rdr250199#csvline1901,compendium,mol_2465ec339bda2cbb,"InChI=1S/C3H8O/c1-2-3-4/h4H,2-3H2,1H3",1-propanol,43.2,353,43200,C,,"[""1973SVO/VES""]","RDR file 250199, CSV line 1901",0.1,unspecified_compendium_deviation,,,,unresolved,not_resolved_from_compendium_row,True,False,False,True,True,False,quarantine_compendium_provenance,measurement_temperature_state_correction_and_independence_unverified,False,False,True,,[],train,grp_5dea7427c65d07c7
rdr250199#csvline1902,compendium,mol_2465ec339bda2cbb,"InChI=1S/C3H8O/c1-2-3-4/h4H,2-3H2,1H3",1-propanol,42.4,363,42400,C,,"[""1973SVO/VES""]","RDR file 250199, CSV line 1902",0.1,unspecified_compendium_deviation,,,,unresolved,not_resolved_from_compendium_row,True,False,False,True,True,False,quarantine_compendium_provenance,measurement_temperature_state_correction_and_independence_unverified,False,False,True,,[],train,grp_5dea7427c65d07c7
rdr250199#csvline1903,compendium,mol_2465ec339bda2cbb,"InChI=1S/C3H8O/c1-2-3-4/h4H,2-3H2,1H3",1-propanol,47.49,298,47490,C,,"[""1971POL/BEN""]","RDR file 250199, CSV line 1903",0.02,unspecified_compendium_deviation,,,,unresolved,not_resolved_from_compendium_row,True,False,False,True,True,True,quarantine_compendium_provenance,measurement_temperature_state_correction_and_independence_unverified,False,False,True,,[],train,grp_5dea7427c65d07c7
rdr250199#csvline1904,compendium,mol_2465ec339bda2cbb,"InChI=1S/C3H8O/c1-2-3-4/h4H,2-3H2,1H3",1-propanol,46.8,308,46800,C,,"[""1971POL/BEN""]","RDR file 250199, CSV line 1904",0.1,unspecified_compendium_deviation,,,,unresolved,not_resolved_from_compendium_row,True,False,False,True,True,True,quarantine_compendium_provenance,measurement_temperature_state_correction_and_independence_unverified,False,False,True,,[],train,grp_5dea7427c65d07c7
rdr250199#csvline1905,compendium,mol_2465ec339bda2cbb,"InChI=1S/C3H8O/c1-2-3-4/h4H,2-3H2,1H3",1-propanol,46.2,318,46200,C,,"[""1971POL/BEN""]","RDR file 250199, CSV line 1905",0.1,unspecified_compendium_deviation,,,,unresolved,not_resolved_from_compendium_row,True,False,False,True,True,True,quarantine_compendium_provenance,measurement_temperature_state_correction_and_independence_unverified,False,False,True,,[],train,grp_5dea7427c65d07c7
rdr250199#csvline1906,compendium,mol_2465ec339bda2cbb,"InChI=1S/C3H8O/c1-2-3-4/h4H,2-3H2,1H3",1-propanol,45,328,45000,C,,"[""1971POL/BEN""]","RDR file 250199, CSV line 1906",0.1,unspecified_compendium_deviation,,,,unresolved,not_resolved_from_compendium_row,True,False,False,True,True,True,quarantine_compendium_provenance,measurement_temperature_state_correction_and_independence_unverified,False,False,True,,[],train,grp_5dea7427c65d07c7
rdr250199#csvline1910,compendium,mol_2465ec339bda2cbb,"InChI=1S/C3H8O/c1-2-3-4/h4H,2-3H2,1H3",1-propanol,47.3,298,47300,C,,"[""1966WAD""]","RDR file 250199, CSV line 1910",0.1,unspecified_compendium_deviation,,,,unresolved,not_resolved_from_compendium_row,True,False,False,True,True,True,quarantine_compendium_provenance,measurement_temperature_state_correction_and_independence_unverified,False,False,True,,[],train,grp_5dea7427c65d07c7
rdr250199#csvline1912,compendium,mol_2465ec339bda2cbb,"InChI=1S/C3H8O/c1-2-3-4/h4H,2-3H2,1H3",1-propanol,46.6,298,46600,C,,"[""1963MCC/LAI""]","RDR file 250199, CSV line 1912",,unspecified_compendium_deviation,,,,unresolved,not_resolved_from_compendium_row,True,False,False,True,True,True,quarantine_compendium_provenance,measurement_temperature_state_correction_and_independence_unverified,False,False,True,,[],train,grp_5dea7427c65d07c7
rdr250199#csvline1915,compendium,mol_2465ec339bda2cbb,"InChI=1S/C3H8O/c1-2-3-4/h4H,2-3H2,1H3",1-propanol,43.9,343,43900,C,,"[""1961MAT/MCK""]","RDR file 250199, CSV line 1915",0.1,unspecified_compendium_deviation,,,,unresolved,not_resolved_from_compendium_row,True,False,False,True,True,False,quarantine_compendium_provenance,measurement_temperature_state_correction_and_independence_unverified,False,False,True,,[],train,grp_5dea7427c65d07c7
rdr250199#csvline1916,compendium,mol_2465ec339bda2cbb,"InChI=1S/C3H8O/c1-2-3-4/h4H,2-3H2,1H3",1-propanol,42.3,360,42300,C,,"[""1961MAT/MCK""]","RDR file 250199, CSV line 1916",0.1,unspecified_compendium_deviation,,,,unresolved,not_resolved_from_compendium_row,True,False,False,True,True,False,quarantine_compendium_provenance,measurement_temperature_state_correction_and_independence_unverified,False,False,True,,[],train,grp_5dea7427c65d07c7
rdr250199#csvline1917,compendium,mol_2465ec339bda2cbb,"InChI=1S/C3H8O/c1-2-3-4/h4H,2-3H2,1H3",1-propanol,41.2,370,41200,C,,"[""1961MAT/MCK""]","RDR file 250199, CSV line 1917",0.1,unspecified_compendium_deviation,,,,unresolved,not_resolved_from_compendium_row,True,False,False,True,True,False,quarantine_compendium_provenance,measurement_temperature_state_correction_and_independence_unverified,False,False,True,,[],train,grp_5dea7427c65d07c7
rdr250199#csvline1918,compendium,mol_2465ec339bda2cbb,"InChI=1S/C3H8O/c1-2-3-4/h4H,2-3H2,1H3",1-propanol,40.3,378,40300,C,,"[""1961MAT/MCK""]","RDR file 250199, CSV line 1918",0.1,unspecified_compendium_deviation,,,,unresolved,not_resolved_from_compendium_row,True,False,False,True,True,False,quarantine_compendium_provenance,measurement_temperature_state_correction_and_independence_unverified,False,False,True,,[],train,grp_5dea7427c65d07c7
rdr250199#csvline1919,compendium,mol_2465ec339bda2cbb,"InChI=1S/C3H8O/c1-2-3-4/h4H,2-3H2,1H3",1-propanol,39.7,384,39700,C,,"[""1961MAT/MCK""]","RDR file 250199, CSV line 1919",0.1,unspecified_compendium_deviation,,,,unresolved,not_resolved_from_compendium_row,True,False,False,True,True,False,quarantine_compendium_provenance,measurement_temperature_state_correction_and_independence_unverified,False,False,True,,[],train,grp_5dea7427c65d07c7
rdr250199#csvline1938,compendium,mol_83a135e5c50b66c1,"InChI=1S/C3H8O/c1-3(2)4/h3-4H,1-2H3",2-propanol,45.34,298,45340,C,,"[""1971POL/BEN""]","RDR file 250199, CSV line 1938",0.02,unspecified_compendium_deviation,,,,unresolved,not_resolved_from_compendium_row,True,False,False,True,True,True,quarantine_compendium_provenance,measurement_temperature_state_correction_and_independence_unverified,False,False,True,,[],train,grp_5dea7427c65d07c7
rdr250199#csvline1939,compendium,mol_83a135e5c50b66c1,"InChI=1S/C3H8O/c1-3(2)4/h3-4H,1-2H3",2-propanol,44.7,308,44700,C,,"[""1971POL/BEN""]","RDR file 250199, CSV line 1939",0.1,unspecified_compendium_deviation,,,,unresolved,not_resolved_from_compendium_row,True,False,False,True,True,True,quarantine_compendium_provenance,measurement_temperature_state_correction_and_independence_unverified,False,False,True,,[],train,grp_5dea7427c65d07c7
rdr250199#csvline1940,compendium,mol_83a135e5c50b66c1,"InChI=1S/C3H8O/c1-3(2)4/h3-4H,1-2H3",2-propanol,43.9,318,43900,C,,"[""1971POL/BEN""]","RDR file 250199, CSV line 1940",0.1,unspecified_compendium_deviation,,,,unresolved,not_resolved_from_compendium_row,True,False,False,True,True,True,quarantine_compendium_provenance,measurement_temperature_state_correction_and_independence_unverified,False,False,True,,[],train,grp_5dea7427c65d07c7
rdr250199#csvline1941,compendium,mol_83a135e5c50b66c1,"InChI=1S/C3H8O/c1-3(2)4/h3-4H,1-2H3",2-propanol,42.5,328,42500,C,,"[""1971POL/BEN""]","RDR file 250199, CSV line 1941",0.1,unspecified_compendium_deviation,,,,unresolved,not_resolved_from_compendium_row,True,False,False,True,True,False,quarantine_compendium_provenance,measurement_temperature_state_correction_and_independence_unverified,False,False,True,,[],train,grp_5dea7427c65d07c7
rdr250199#csvline1943,compendium,mol_83a135e5c50b66c1,"InChI=1S/C3H8O/c1-3(2)4/h3-4H,1-2H3",2-propanol,45.2,298,45200,C,,"[""1966WAD""]","RDR file 250199, CSV line 1943",0.1,unspecified_compendium_deviation,,,,unresolved,not_resolved_from_compendium_row,True,False,False,True,True,True,quarantine_compendium_provenance,measurement_temperature_state_correction_and_independence_unverified,False,False,True,,[],train,grp_5dea7427c65d07c7
rdr250199#csvline1944,compendium,mol_83a135e5c50b66c1,"InChI=1S/C3H8O/c1-3(2)4/h3-4H,1-2H3",2-propanol,42.7,330,42700,C,,"[""1964BER/LAR""]","RDR file 250199, CSV line 1944",0.1,unspecified_compendium_deviation,,,,unresolved,not_resolved_from_compendium_row,True,False,False,True,True,False,quarantine_compendium_provenance,measurement_temperature_state_correction_and_independence_unverified,False,False,True,,[],train,grp_5dea7427c65d07c7
rdr250199#csvline1945,compendium,mol_83a135e5c50b66c1,"InChI=1S/C3H8O/c1-3(2)4/h3-4H,1-2H3",2-propanol,41,346,41000,C,,"[""1964BER/LAR""]","RDR file 250199, CSV line 1945",0.1,unspecified_compendium_deviation,,,,unresolved,not_resolved_from_compendium_row,True,False,False,True,True,False,quarantine_compendium_provenance,measurement_temperature_state_correction_and_independence_unverified,False,False,True,,[],train,grp_5dea7427c65d07c7
rdr250199#csvline1946,compendium,mol_83a135e5c50b66c1,"InChI=1S/C3H8O/c1-3(2)4/h3-4H,1-2H3",2-propanol,39.8,355,39800,C,,"[""1964BER/LAR""]","RDR file 250199, CSV line 1946",0.1,unspecified_compendium_deviation,,,,unresolved,not_resolved_from_compendium_row,True,False,False,True,True,False,quarantine_compendium_provenance,measurement_temperature_state_correction_and_independence_unverified,False,False,True,,[],train,grp_5dea7427c65d07c7
rdr250199#csvline1947,compendium,mol_83a135e5c50b66c1,"InChI=1S/C3H8O/c1-3(2)4/h3-4H,1-2H3",2-propanol,38.9,363,38900,C,,"[""1964BER/LAR""]","RDR file 250199, CSV line 1947",0.1,unspecified_compendium_deviation,,,,unresolved,not_resolved_from_compendium_row,True,False,False,True,True,False,quarantine_compendium_provenance,measurement_temperature_state_correction_and_independence_unverified,False,False,True,,[],train,grp_5dea7427c65d07c7
rdr250199#csvline1949,compendium,mol_83a135e5c50b66c1,"InChI=1S/C3H8O/c1-3(2)4/h3-4H,1-2H3",2-propanol,44,298,44000,C,,"[""1963MCC/LAI""]","RDR file 250199, CSV line 1949",,unspecified_compendium_deviation,,,,unresolved,not_resolved_from_compendium_row,True,False,False,True,True,True,quarantine_compendium_provenance,measurement_temperature_state_correction_and_independence_unverified,False,False,True,,[],train,grp_5dea7427c65d07c7
rdr250199#csvline1951,compendium,mol_83a135e5c50b66c1,"InChI=1S/C3H8O/c1-3(2)4/h3-4H,1-2H3",2-propanol,43.2,324,43200,C,,"[""1963HAL/COX""]","RDR file 250199, CSV line 1951",,unspecified_compendium_deviation,,,,unresolved,not_resolved_from_compendium_row,True,False,False,True,True,False,quarantine_compendium_provenance,measurement_temperature_state_correction_and_independence_unverified,False,False,True,,[],train,grp_5dea7427c65d07c7
rdr250199#csvline1952,compendium,mol_83a135e5c50b66c1,"InChI=1S/C3H8O/c1-3(2)4/h3-4H,1-2H3",2-propanol,41.7,339,41700,C,,"[""1963HAL/COX""]","RDR file 250199, CSV line 1952",,unspecified_compendium_deviation,,,,unresolved,not_resolved_from_compendium_row,True,False,False,True,True,False,quarantine_compendium_provenance,measurement_temperature_state_correction_and_independence_unverified,False,False,True,,[],train,grp_5dea7427c65d07c7
rdr250199#csvline1953,compendium,mol_83a135e5c50b66c1,"InChI=1S/C3H8O/c1-3(2)4/h3-4H,1-2H3",2-propanol,39.8,355,39800,C,,"[""1963HAL/COX""]","RDR file 250199, CSV line 1953",,unspecified_compendium_deviation,,,,unresolved,not_resolved_from_compendium_row,True,False,False,True,True,False,quarantine_compendium_provenance,measurement_temperature_state_correction_and_independence_unverified,False,False,True,,[],train,grp_5dea7427c65d07c7
rdr250199#csvline1960,compendium,mol_21a4cd711754eeed,"InChI=1S/C3H8O2/c1-5-3-2-4/h4H,2-3H2,1H3",2-methoxyethanol,45.2,298,45200,C,,"[""1971KUS/WAD""]","RDR file 250199, CSV line 1960",0.2,unspecified_compendium_deviation,,,,unresolved,not_resolved_from_compendium_row,True,False,False,True,True,False,quarantine_compendium_provenance,measurement_temperature_state_correction_and_independence_unverified,False,False,True,,[],train,grp_5dea7427c65d07c7
rdr250199#csvline1999,compendium,mol_4f13a4696bbfcaf9,"InChI=1S/C3H8O2/c4-2-1-3-5/h4-5H,1-3H2","1,3-propanediol",72.4,298,72400,C,,"[""1988KNA/SAB"",""1990KNA/SAB2""]","RDR file 250199, CSV line 1999",0.3,unspecified_compendium_deviation,,,,unresolved,not_resolved_from_compendium_row,True,False,False,True,True,True,quarantine_compendium_provenance,measurement_temperature_state_correction_and_independence_unverified,False,False,True,,[],train,grp_5dea7427c65d07c7
rdr250199#csvline2017,compendium,mol_57ae3fd1e1d200c6,"InChI=1S/C3H8O3/c4-1-3(6)2-5/h3-6H,1-2H2",glycerol,91.7,298,91700,C,,"[""1988BAS/NIL""]","RDR file 250199, CSV line 2017",0.9,unspecified_compendium_deviation,,,,unresolved,not_resolved_from_compendium_row,True,False,False,True,True,False,quarantine_compendium_provenance,measurement_temperature_state_correction_and_independence_unverified,False,False,True,,[],train,grp_5dea7427c65d07c7
rdr250199#csvline2098,compendium,mol_cdcd3722df880b7b,InChI=1S/C3H10N2/c4-2-1-3-5/h1-5H2,"1,3-diaminopropane",50.2,298,50200,C,,"[""1969WAD""]","RDR file 250199, CSV line 2098",0.1,unspecified_compendium_deviation,,,,unresolved,not_resolved_from_compendium_row,True,False,False,True,True,True,quarantine_compendium_provenance,measurement_temperature_state_correction_and_independence_unverified,False,False,True,,[],train,grp_5dea7427c65d07c7
rdr250199#csvline2303,compendium,mol_ca0440f5ec95bc5f,InChI=1S/C4H4S/c1-2-4-5-3-1/h1-4H,thiophene,33.6,319,33600,C,,"[""1949WAD/KNO""]","RDR file 250199, CSV line 2303",0.1,unspecified_compendium_deviation,,,,unresolved,not_resolved_from_compendium_row,True,False,False,True,True,False,quarantine_compendium_provenance,measurement_temperature_state_correction_and_independence_unverified,False,False,True,,[],train,grp_5dea7427c65d07c7
rdr250199#csvline2304,compendium,mol_ca0440f5ec95bc5f,InChI=1S/C4H4S/c1-2-4-5-3-1/h1-4H,thiophene,32.7,336,32700,C,,"[""1949WAD/KNO""]","RDR file 250199, CSV line 2304",0.1,unspecified_compendium_deviation,,,,unresolved,not_resolved_from_compendium_row,True,False,False,True,True,False,quarantine_compendium_provenance,measurement_temperature_state_correction_and_independence_unverified,False,False,True,,[],train,grp_5dea7427c65d07c7
rdr250199#csvline2305,compendium,mol_ca0440f5ec95bc5f,InChI=1S/C4H4S/c1-2-4-5-3-1/h1-4H,thiophene,31.5,357,31500,C,,"[""1949WAD/KNO""]","RDR file 250199, CSV line 2305",0.1,unspecified_compendium_deviation,,,,unresolved,not_resolved_from_compendium_row,True,False,False,True,True,False,quarantine_compendium_provenance,measurement_temperature_state_correction_and_independence_unverified,False,False,True,,[],train,grp_5dea7427c65d07c7
rdr250199#csvline2344,compendium,mol_115984f9be727624,InChI=1S/C4H5N/c1-2-4-5-3-1/h1-5H,pyrrole,41.4,362,41400,C,,"[""1967SCO/BER""]","RDR file 250199, CSV line 2344",,unspecified_compendium_deviation,,,,unresolved,not_resolved_from_compendium_row,True,False,False,True,True,False,quarantine_compendium_provenance,measurement_temperature_state_correction_and_independence_unverified,False,False,True,,[],train,grp_5dea7427c65d07c7
rdr250199#csvline2345,compendium,mol_115984f9be727624,InChI=1S/C4H5N/c1-2-4-5-3-1/h1-5H,pyrrole,40.2,381,40200,C,,"[""1967SCO/BER""]","RDR file 250199, CSV line 2345",,unspecified_compendium_deviation,,,,unresolved,not_resolved_from_compendium_row,True,False,False,True,True,False,quarantine_compendium_provenance,measurement_temperature_state_correction_and_independence_unverified,False,False,True,,[],train,grp_5dea7427c65d07c7
rdr250199#csvline2346,compendium,mol_115984f9be727624,InChI=1S/C4H5N/c1-2-4-5-3-1/h1-5H,pyrrole,38.7,403,38700,C,,"[""1967SCO/BER""]","RDR file 250199, CSV line 2346",,unspecified_compendium_deviation,,,,unresolved,not_resolved_from_compendium_row,True,False,False,True,True,False,quarantine_compendium_provenance,measurement_temperature_state_correction_and_independence_unverified,False,False,True,,[],train,grp_5dea7427c65d07c7
rdr250199#csvline239,compendium,mol_c12442c83d78b47e,InChI=1S/CH2Br2/c2-1-3/h1H2,dibromomethane,36.5,288,36500,C,,"[""1979KUD/KUD""]","RDR file 250199, CSV line 239",,unspecified_compendium_deviation,,,"[273.0, 373.0]",reported_T_inside_listed_range,not_resolved_from_compendium_row,True,False,False,True,True,False,quarantine_compendium_provenance,measurement_temperature_state_correction_and_independence_unverified,False,False,True,,[],train,grp_5dea7427c65d07c7
rdr250199#csvline2421,compendium,mol_3e3fe40dbc9b9649,"InChI=1S/C4H6N2/c1-6-4-2-3-5-6/h2-4H,1H3",1-methylpyrazole,48,298,48000,C,,"[""1999MO/YAN""]","RDR file 250199, CSV line 2421",1.3,unspecified_compendium_deviation,,,,unresolved,not_resolved_from_compendium_row,True,False,False,True,True,True,quarantine_compendium_provenance,measurement_temperature_state_correction_and_independence_unverified,False,False,True,,[],validation,grp_5ed1239f1de5ca2c
rdr250199#csvline2422,compendium,mol_c7243d1eeacc7b0e,"InChI=1S/C4H6N2/c1-4-2-3-5-6-4/h2-3H,1H3,(H,5,6)",3-methylpyrazole,65.9,298,65900,C,,"[""2008RIB/FIG""]","RDR file 250199, CSV line 2422",2.0,unspecified_compendium_deviation,,,,unresolved,not_resolved_from_compendium_row,True,False,False,True,True,False,quarantine_compendium_provenance,measurement_temperature_state_correction_and_independence_unverified,False,False,True,,[],validation,grp_5ed1239f1de5ca2c
rdr250199#csvline2465,compendium,mol_299a215a96655c24,InChI=1S/C4H6O2/c5-4-2-1-3-6-4/h1-3H2,γ-butyrolactone,54.4,298,54400,C,,"[""1990LEI/PIL2""]","RDR file 250199, CSV line 2465",0.4,unspecified_compendium_deviation,,,,unresolved,not_resolved_from_compendium_row,True,False,False,True,True,False,quarantine_compendium_provenance,measurement_temperature_state_correction_and_independence_unverified,False,False,True,,[],train,grp_5dea7427c65d07c7
rdr250199#csvline2644,compendium,mol_c5207e620c9fcfd3,InChI=1S/C4H8Cl2/c5-3-1-2-4-6/h1-4H2,"1,4-dichlorobutane",46.5,298,46500,C,,"[""1992HE/AN""]","RDR file 250199, CSV line 2644",0.1,unspecified_compendium_deviation,,,,unresolved,not_resolved_from_compendium_row,True,False,False,True,True,False,quarantine_compendium_provenance,measurement_temperature_state_correction_and_independence_unverified,False,False,True,,[],train,grp_5dea7427c65d07c7
rdr250199#csvline2646,compendium,mol_c5207e620c9fcfd3,InChI=1S/C4H8Cl2/c5-3-1-2-4-6/h1-4H2,"1,4-dichlorobutane",46.4,298,46400,C,,"[""1990AN/HE""]","RDR file 250199, CSV line 2646",0.1,unspecified_compendium_deviation,,,,unresolved,not_resolved_from_compendium_row,True,False,False,True,True,False,quarantine_compendium_provenance,measurement_temperature_state_correction_and_independence_unverified,False,False,True,,[],train,grp_5dea7427c65d07c7
rdr250199#csvline2647,compendium,mol_c5207e620c9fcfd3,InChI=1S/C4H8Cl2/c5-3-1-2-4-6/h1-4H2,"1,4-dichlorobutane",46.4,298,46400,C,,"[""1989AN/HU""]","RDR file 250199, CSV line 2647",0.1,unspecified_compendium_deviation,,,,unresolved,not_resolved_from_compendium_row,True,False,False,True,True,False,quarantine_compendium_provenance,measurement_temperature_state_correction_and_independence_unverified,False,False,True,,[],train,grp_5dea7427c65d07c7
rdr250199#csvline2682,compendium,mol_e36df2c2d963afd3,"InChI=1S/C4H8O/c1-3-4(2)5/h3H2,1-2H3",2-butanone,34.8,298,34800,C,,"[""1983UCH/MAJ""]","RDR file 250199, CSV line 2682",0.1,unspecified_compendium_deviation,,,,unresolved,not_resolved_from_compendium_row,True,False,False,True,True,True,quarantine_compendium_provenance,measurement_temperature_state_correction_and_independence_unverified,False,False,True,,[],train,grp_5dea7427c65d07c7
rdr250199#csvline2683,compendium,mol_e36df2c2d963afd3,"InChI=1S/C4H8O/c1-3-4(2)5/h3H2,1-2H3",2-butanone,35,298,35000,C,,"[""1981GAT/STR""]","RDR file 250199, CSV line 2683",0.6,unspecified_compendium_deviation,,,,unresolved,not_resolved_from_compendium_row,True,False,False,True,True,True,quarantine_compendium_provenance,measurement_temperature_state_correction_and_independence_unverified,False,False,True,,[],train,grp_5dea7427c65d07c7
rdr250199#csvline2684,compendium,mol_e36df2c2d963afd3,"InChI=1S/C4H8O/c1-3-4(2)5/h3H2,1-2H3",2-butanone,34.5,298,34500,C,,"[""1979SUN/SVE2""]","RDR file 250199, CSV line 2684",0.1,unspecified_compendium_deviation,,,,unresolved,not_resolved_from_compendium_row,True,False,False,True,True,True,quarantine_compendium_provenance,measurement_temperature_state_correction_and_independence_unverified,False,False,True,,[],train,grp_5dea7427c65d07c7
rdr250199#csvline2688,compendium,mol_e36df2c2d963afd3,"InChI=1S/C4H8O/c1-3-4(2)5/h3H2,1-2H3",2-butanone,33.8,315,33800,C,,"[""1973GEI/QUI""]","RDR file 250199, CSV line 2688",,unspecified_compendium_deviation,,,,unresolved,not_resolved_from_compendium_row,True,False,False,True,True,False,quarantine_compendium_provenance,measurement_temperature_state_correction_and_independence_unverified,False,False,True,,[],train,grp_5dea7427c65d07c7
rdr250199#csvline2689,compendium,mol_e36df2c2d963afd3,"InChI=1S/C4H8O/c1-3-4(2)5/h3H2,1-2H3",2-butanone,33.8,314,33800,C,,"[""1961NIC/KOB""]","RDR file 250199, CSV line 2689",0.1,unspecified_compendium_deviation,,,,unresolved,not_resolved_from_compendium_row,True,False,False,True,True,False,quarantine_compendium_provenance,measurement_temperature_state_correction_and_independence_unverified,False,False,True,,[],train,grp_5dea7427c65d07c7
rdr250199#csvline2690,compendium,mol_e36df2c2d963afd3,"InChI=1S/C4H8O/c1-3-4(2)5/h3H2,1-2H3",2-butanone,32.3,338,32300,C,,"[""1961NIC/KOB""]","RDR file 250199, CSV line 2690",0.1,unspecified_compendium_deviation,,,,unresolved,not_resolved_from_compendium_row,True,False,False,True,True,False,quarantine_compendium_provenance,measurement_temperature_state_correction_and_independence_unverified,False,False,True,,[],train,grp_5dea7427c65d07c7
rdr250199#csvline2691,compendium,mol_e36df2c2d963afd3,"InChI=1S/C4H8O/c1-3-4(2)5/h3H2,1-2H3",2-butanone,31.3,352,31300,C,,"[""1961NIC/KOB""]","RDR file 250199, CSV line 2691",0.1,unspecified_compendium_deviation,,,,unresolved,not_resolved_from_compendium_row,True,False,False,True,True,False,quarantine_compendium_provenance,measurement_temperature_state_correction_and_independence_unverified,False,False,True,,[],train,grp_5dea7427c65d07c7
rdr250199#csvline2692,compendium,mol_e36df2c2d963afd3,"InChI=1S/C4H8O/c1-3-4(2)5/h3H2,1-2H3",2-butanone,30.5,363,30500,C,,"[""1961NIC/KOB""]","RDR file 250199, CSV line 2692",0.1,unspecified_compendium_deviation,,,,unresolved,not_resolved_from_compendium_row,True,False,False,True,True,False,quarantine_compendium_provenance,measurement_temperature_state_correction_and_independence_unverified,False,False,True,,[],train,grp_5dea7427c65d07c7
rdr250199#csvline2693,compendium,mol_e36df2c2d963afd3,"InChI=1S/C4H8O/c1-3-4(2)5/h3H2,1-2H3",2-butanone,30,370,30000,C,,"[""1961NIC/KOB""]","RDR file 250199, CSV line 2693",0.1,unspecified_compendium_deviation,,,,unresolved,not_resolved_from_compendium_row,True,False,False,True,True,False,quarantine_compendium_provenance,measurement_temperature_state_correction_and_independence_unverified,False,False,True,,[],train,grp_5dea7427c65d07c7
rdr250199#csvline2723,compendium,mol_d256cec7b59305ff,InChI=1S/C4H8O/c1-2-4-5-3-1/h1-4H2,tetrahydrofuran,32,298,32000,C,,"[""1981HOS/SCO""]","RDR file 250199, CSV line 2723",,unspecified_compendium_deviation,,,,unresolved,not_resolved_from_compendium_row,True,False,False,True,True,False,quarantine_compendium_provenance,measurement_temperature_state_correction_and_independence_unverified,False,False,True,,[],train,grp_5dea7427c65d07c7
rdr250199#csvline2758,compendium,mol_953db3858ca974a4,InChI=1S/C4H8O2/c1-2-6-4-3-5-1/h1-4H2,"1,4-dioxane",38.6,298,38600,C,,"[""1982BYS/MAN""]","RDR file 250199, CSV line 2758",0.1,unspecified_compendium_deviation,,,,unresolved,not_resolved_from_compendium_row,True,False,False,True,True,True,quarantine_compendium_provenance,measurement_temperature_state_correction_and_independence_unverified,False,False,True,,[],train,grp_5dea7427c65d07c7
rdr250199#csvline2764,compendium,mol_e55299b0f2600cdb,"InChI=1S/C4H8O2/c1-3-6-4(2)5/h3H2,1-2H3",ethyl acetate,35.6,298,35600,C,,"[""1980SVO/UCH""]","RDR file 250199, CSV line 2764",0.1,unspecified_compendium_deviation,,,,unresolved,not_resolved_from_compendium_row,True,False,False,True,True,True,quarantine_compendium_provenance,measurement_temperature_state_correction_and_independence_unverified,False,False,True,,[],train,grp_5dea7427c65d07c7
rdr250199#csvline2765,compendium,mol_e55299b0f2600cdb,"InChI=1S/C4H8O2/c1-3-6-4(2)5/h3H2,1-2H3",ethyl acetate,34.6,313,34600,C,,"[""1980SVO/UCH""]","RDR file 250199, CSV line 2765",0.1,unspecified_compendium_deviation,,,,unresolved,not_resolved_from_compendium_row,True,False,False,True,True,False,quarantine_compendium_provenance,measurement_temperature_state_correction_and_independence_unverified,False,False,True,,[],train,grp_5dea7427c65d07c7
rdr250199#csvline2766,compendium,mol_e55299b0f2600cdb,"InChI=1S/C4H8O2/c1-3-6-4(2)5/h3H2,1-2H3",ethyl acetate,31.4,343,31400,C,,"[""1980SVO/UCH""]","RDR file 250199, CSV line 2766",0.1,unspecified_compendium_deviation,,,,unresolved,not_resolved_from_compendium_row,True,False,False,True,True,False,quarantine_compendium_provenance,measurement_temperature_state_correction_and_independence_unverified,False,False,True,,[],train,grp_5dea7427c65d07c7
rdr250199#csvline2767,compendium,mol_e55299b0f2600cdb,"InChI=1S/C4H8O2/c1-3-6-4(2)5/h3H2,1-2H3",ethyl acetate,33.8,326,33800,C,,"[""1977SVO/VES""]","RDR file 250199, CSV line 2767",0.1,unspecified_compendium_deviation,,,,unresolved,not_resolved_from_compendium_row,True,False,False,True,True,False,quarantine_compendium_provenance,measurement_temperature_state_correction_and_independence_unverified,False,False,True,,[],train,grp_5dea7427c65d07c7
rdr250199#csvline2768,compendium,mol_e55299b0f2600cdb,"InChI=1S/C4H8O2/c1-3-6-4(2)5/h3H2,1-2H3",ethyl acetate,33.4,331,33400,C,,"[""1977SVO/VES""]","RDR file 250199, CSV line 2768",0.1,unspecified_compendium_deviation,,,,unresolved,not_resolved_from_compendium_row,True,False,False,True,True,False,quarantine_compendium_provenance,measurement_temperature_state_correction_and_independence_unverified,False,False,True,,[],train,grp_5dea7427c65d07c7
rdr250199#csvline2769,compendium,mol_e55299b0f2600cdb,"InChI=1S/C4H8O2/c1-3-6-4(2)5/h3H2,1-2H3",ethyl acetate,32.4,344,32400,C,,"[""1977SVO/VES""]","RDR file 250199, CSV line 2769",0.1,unspecified_compendium_deviation,,,,unresolved,not_resolved_from_compendium_row,True,False,False,True,True,False,quarantine_compendium_provenance,measurement_temperature_state_correction_and_independence_unverified,False,False,True,,[],train,grp_5dea7427c65d07c7
rdr250199#csvline2770,compendium,mol_e55299b0f2600cdb,"InChI=1S/C4H8O2/c1-3-6-4(2)5/h3H2,1-2H3",ethyl acetate,31.9,351,31900,C,,"[""1977SVO/VES""]","RDR file 250199, CSV line 2770",0.1,unspecified_compendium_deviation,,,,unresolved,not_resolved_from_compendium_row,True,False,False,True,True,False,quarantine_compendium_provenance,measurement_temperature_state_correction_and_independence_unverified,False,False,True,,[],train,grp_5dea7427c65d07c7
rdr250199#csvline2771,compendium,mol_e55299b0f2600cdb,"InChI=1S/C4H8O2/c1-3-6-4(2)5/h3H2,1-2H3",ethyl acetate,31,363,31000,C,,"[""1977SVO/VES""]","RDR file 250199, CSV line 2771",0.1,unspecified_compendium_deviation,,,,unresolved,not_resolved_from_compendium_row,True,False,False,True,True,False,quarantine_compendium_provenance,measurement_temperature_state_correction_and_independence_unverified,False,False,True,,[],train,grp_5dea7427c65d07c7
rdr250199#csvline2774,compendium,mol_e55299b0f2600cdb,"InChI=1S/C4H8O2/c1-3-6-4(2)5/h3H2,1-2H3",ethyl acetate,35.1,298,35100,C,,"[""1966WAD""]","RDR file 250199, CSV line 2774",0.2,unspecified_compendium_deviation,,,,unresolved,not_resolved_from_compendium_row,True,False,False,True,True,True,quarantine_compendium_provenance,measurement_temperature_state_correction_and_independence_unverified,False,False,True,,[],train,grp_5dea7427c65d07c7
rdr250199#csvline2854,compendium,mol_da1f79aed535e48b,InChI=1S/C4H8S/c1-2-4-5-3-1/h1-4H2,tetrahydrothiophene,39.2,298,39200,C,,"[""1962DAV/SUN""]","RDR file 250199, CSV line 2854",0.3,unspecified_compendium_deviation,,,,unresolved,not_resolved_from_compendium_row,True,False,False,True,True,True,quarantine_compendium_provenance,measurement_temperature_state_correction_and_independence_unverified,False,False,True,,[],validation,grp_da1f79aed535e48b
rdr250199#csvline2857,compendium,mol_da1f79aed535e48b,InChI=1S/C4H8S/c1-2-4-5-3-1/h1-4H2,tetrahydrothiophene,36.9,350,36900,C,,"[""1952HUB/FIN""]","RDR file 250199, CSV line 2857",,unspecified_compendium_deviation,,,,unresolved,not_resolved_from_compendium_row,True,False,False,True,True,False,quarantine_compendium_provenance,measurement_temperature_state_correction_and_independence_unverified,False,False,True,,[],validation,grp_da1f79aed535e48b
rdr250199#csvline2858,compendium,mol_da1f79aed535e48b,InChI=1S/C4H8S/c1-2-4-5-3-1/h1-4H2,tetrahydrothiophene,35.9,370,35900,C,,"[""1952HUB/FIN""]","RDR file 250199, CSV line 2858",,unspecified_compendium_deviation,,,,unresolved,not_resolved_from_compendium_row,True,False,False,True,True,False,quarantine_compendium_provenance,measurement_temperature_state_correction_and_independence_unverified,False,False,True,,[],validation,grp_da1f79aed535e48b
rdr250199#csvline2859,compendium,mol_da1f79aed535e48b,InChI=1S/C4H8S/c1-2-4-5-3-1/h1-4H2,tetrahydrothiophene,34.6,394,34600,C,,"[""1952HUB/FIN""]","RDR file 250199, CSV line 2859",,unspecified_compendium_deviation,,,,unresolved,not_resolved_from_compendium_row,True,False,False,True,True,False,quarantine_compendium_provenance,measurement_temperature_state_correction_and_independence_unverified,False,False,True,,[],validation,grp_da1f79aed535e48b
rdr250199#csvline2867,compendium,mol_6ea740b63f4d7f2b,"InChI=1S/C4H9Br/c1-2-3-4-5/h2-4H2,1H3",1-bromobutane,35.6,322,35600,C,,"[""1977SVO/MAJ""]","RDR file 250199, CSV line 2867",0.1,unspecified_compendium_deviation,,,,unresolved,not_resolved_from_compendium_row,True,False,False,True,True,True,quarantine_compendium_provenance,measurement_temperature_state_correction_and_independence_unverified,False,False,True,,[],train,grp_5dea7427c65d07c7
rdr250199#csvline2868,compendium,mol_6ea740b63f4d7f2b,"InChI=1S/C4H9Br/c1-2-3-4-5/h2-4H2,1H3",1-bromobutane,34.9,332,34900,C,,"[""1977SVO/MAJ""]","RDR file 250199, CSV line 2868",0.1,unspecified_compendium_deviation,,,,unresolved,not_resolved_from_compendium_row,True,False,False,True,True,False,quarantine_compendium_provenance,measurement_temperature_state_correction_and_independence_unverified,False,False,True,,[],train,grp_5dea7427c65d07c7
rdr250199#csvline2869,compendium,mol_6ea740b63f4d7f2b,"InChI=1S/C4H9Br/c1-2-3-4-5/h2-4H2,1H3",1-bromobutane,34.5,339,34500,C,,"[""1977SVO/MAJ""]","RDR file 250199, CSV line 2869",0.1,unspecified_compendium_deviation,,,,unresolved,not_resolved_from_compendium_row,True,False,False,True,True,False,quarantine_compendium_provenance,measurement_temperature_state_correction_and_independence_unverified,False,False,True,,[],train,grp_5dea7427c65d07c7
rdr250199#csvline2870,compendium,mol_6ea740b63f4d7f2b,"InChI=1S/C4H9Br/c1-2-3-4-5/h2-4H2,1H3",1-bromobutane,33.7,352,33700,C,,"[""1977SVO/MAJ""]","RDR file 250199, CSV line 2870",0.1,unspecified_compendium_deviation,,,,unresolved,not_resolved_from_compendium_row,True,False,False,True,True,False,quarantine_compendium_provenance,measurement_temperature_state_correction_and_independence_unverified,False,False,True,,[],train,grp_5dea7427c65d07c7
rdr250199#csvline2871,compendium,mol_6ea740b63f4d7f2b,"InChI=1S/C4H9Br/c1-2-3-4-5/h2-4H2,1H3",1-bromobutane,33,366,33000,C,,"[""1977SVO/MAJ""]","RDR file 250199, CSV line 2871",0.1,unspecified_compendium_deviation,,,,unresolved,not_resolved_from_compendium_row,True,False,False,True,True,False,quarantine_compendium_provenance,measurement_temperature_state_correction_and_independence_unverified,False,False,True,,[],train,grp_5dea7427c65d07c7
rdr250199#csvline2872,compendium,mol_6ea740b63f4d7f2b,"InChI=1S/C4H9Br/c1-2-3-4-5/h2-4H2,1H3",1-bromobutane,36.6,298,36600,C,,"[""1968WAD""]","RDR file 250199, CSV line 2872",0.1,unspecified_compendium_deviation,,,,unresolved,not_resolved_from_compendium_row,True,False,False,True,True,True,quarantine_compendium_provenance,measurement_temperature_state_correction_and_independence_unverified,False,False,True,,[],train,grp_5dea7427c65d07c7
rdr250199#csvline2873,compendium,mol_6ea740b63f4d7f2b,"InChI=1S/C4H9Br/c1-2-3-4-5/h2-4H2,1H3",1-bromobutane,36.7,298,36700,C,,"[""1966WAD""]","RDR file 250199, CSV line 2873",0.1,unspecified_compendium_deviation,,,,unresolved,not_resolved_from_compendium_row,True,False,False,True,True,True,quarantine_compendium_provenance,measurement_temperature_state_correction_and_independence_unverified,False,False,True,,[],train,grp_5dea7427c65d07c7
rdr250199#csvline2893,compendium,mol_d2d85289da26a082,"InChI=1S/C4H9Cl/c1-2-3-4-5/h2-4H2,1H3",1-chlorobutane,33.5,298,33500,C,,"[""1981TEK/MAJ""]","RDR file 250199, CSV line 2893",0.1,unspecified_compendium_deviation,,,,unresolved,not_resolved_from_compendium_row,True,False,False,True,True,True,quarantine_compendium_provenance,measurement_temperature_state_correction_and_independence_unverified,False,False,True,,[],train,grp_5dea7427c65d07c7
rdr250199#csvline2894,compendium,mol_d2d85289da26a082,"InChI=1S/C4H9Cl/c1-2-3-4-5/h2-4H2,1H3",1-chlorobutane,32.7,313,32700,C,,"[""1981TEK/MAJ""]","RDR file 250199, CSV line 2894",0.1,unspecified_compendium_deviation,,,,unresolved,not_resolved_from_compendium_row,True,False,False,True,True,False,quarantine_compendium_provenance,measurement_temperature_state_correction_and_independence_unverified,False,False,True,,[],train,grp_5dea7427c65d07c7
rdr250199#csvline2895,compendium,mol_d2d85289da26a082,"InChI=1S/C4H9Cl/c1-2-3-4-5/h2-4H2,1H3",1-chlorobutane,31.8,328,31800,C,,"[""1981TEK/MAJ""]","RDR file 250199, CSV line 2895",0.1,unspecified_compendium_deviation,,,,unresolved,not_resolved_from_compendium_row,True,False,False,True,True,False,quarantine_compendium_provenance,measurement_temperature_state_correction_and_independence_unverified,False,False,True,,[],train,grp_5dea7427c65d07c7
rdr250199#csvline2896,compendium,mol_d2d85289da26a082,"InChI=1S/C4H9Cl/c1-2-3-4-5/h2-4H2,1H3",1-chlorobutane,30.9,343,30900,C,,"[""1981TEK/MAJ""]","RDR file 250199, CSV line 2896",0.1,unspecified_compendium_deviation,,,,unresolved,not_resolved_from_compendium_row,True,False,False,True,True,False,quarantine_compendium_provenance,measurement_temperature_state_correction_and_independence_unverified,False,False,True,,[],train,grp_5dea7427c65d07c7
rdr250199#csvline2897,compendium,mol_d2d85289da26a082,"InChI=1S/C4H9Cl/c1-2-3-4-5/h2-4H2,1H3",1-chlorobutane,30,358,30000,C,,"[""1981TEK/MAJ""]","RDR file 250199, CSV line 2897",0.1,unspecified_compendium_deviation,,,,unresolved,not_resolved_from_compendium_row,True,False,False,True,True,False,quarantine_compendium_provenance,measurement_temperature_state_correction_and_independence_unverified,False,False,True,,[],train,grp_5dea7427c65d07c7
rdr250199#csvline2898,compendium,mol_d2d85289da26a082,"InChI=1S/C4H9Cl/c1-2-3-4-5/h2-4H2,1H3",1-chlorobutane,29.4,358,29400,C,,"[""1981TEK/MAJ""]","RDR file 250199, CSV line 2898",0.1,unspecified_compendium_deviation,,,,unresolved,not_resolved_from_compendium_row,True,False,False,True,True,False,quarantine_compendium_provenance,measurement_temperature_state_correction_and_independence_unverified,False,False,True,,[],train,grp_5dea7427c65d07c7
rdr250199#csvline2900,compendium,mol_d2d85289da26a082,"InChI=1S/C4H9Cl/c1-2-3-4-5/h2-4H2,1H3",1-chlorobutane,33.5,298,33500,C,,"[""1968WAD""]","RDR file 250199, CSV line 2900",0.1,unspecified_compendium_deviation,,,,unresolved,not_resolved_from_compendium_row,True,False,False,True,True,True,quarantine_compendium_provenance,measurement_temperature_state_correction_and_independence_unverified,False,False,True,,[],train,grp_5dea7427c65d07c7
rdr250199#csvline2914,compendium,mol_8411a1787a17bdb0,"InChI=1S/C4H9Cl/c1-4(2)3-5/h4H,3H2,1-2H3",1-chloro-2-methylpropane,31.7,298,31700,C,,"[""1968WAD""]","RDR file 250199, CSV line 2914",0.1,unspecified_compendium_deviation,,,,unresolved,not_resolved_from_compendium_row,True,False,False,True,True,False,quarantine_compendium_provenance,measurement_temperature_state_correction_and_independence_unverified,False,False,True,,[],train,grp_5dea7427c65d07c7
rdr250199#csvline2939,compendium,mol_7a5b68b203cc6270,"InChI=1S/C4H9I/c1-4(2)3-5/h4H,3H2,1-2H3",1-iodo-2-methylpropane,38.8,298,38800,C,,"[""1968WAD""]","RDR file 250199, CSV line 2939",0.1,unspecified_compendium_deviation,,,,unresolved,not_resolved_from_compendium_row,True,False,False,True,True,True,quarantine_compendium_provenance,measurement_temperature_state_correction_and_independence_unverified,False,False,True,,[],train,grp_5dea7427c65d07c7
rdr250199#csvline2946,compendium,mol_97895e747db97ae6,"InChI=1S/C4H9N/c1-2-4-5-3-1/h5H,1-4H2",pyrrolidine,35.8,322,35800,C,,"[""1959MCC/DOU""]","RDR file 250199, CSV line 2946",0.1,unspecified_compendium_deviation,,,,unresolved,not_resolved_from_compendium_row,True,False,False,True,True,False,quarantine_compendium_provenance,measurement_temperature_state_correction_and_independence_unverified,False,False,True,,[],train,grp_5dea7427c65d07c7
rdr250199#csvline2947,compendium,mol_97895e747db97ae6,"InChI=1S/C4H9N/c1-2-4-5-3-1/h5H,1-4H2",pyrrolidine,34.5,340,34500,C,,"[""1959MCC/DOU""]","RDR file 250199, CSV line 2947",0.1,unspecified_compendium_deviation,,,,unresolved,not_resolved_from_compendium_row,True,False,False,True,True,False,quarantine_compendium_provenance,measurement_temperature_state_correction_and_independence_unverified,False,False,True,,[],train,grp_5dea7427c65d07c7
rdr250199#csvline2948,compendium,mol_97895e747db97ae6,"InChI=1S/C4H9N/c1-2-4-5-3-1/h5H,1-4H2",pyrrolidine,33,360,33000,C,,"[""1959MCC/DOU""]","RDR file 250199, CSV line 2948",0.1,unspecified_compendium_deviation,,,,unresolved,not_resolved_from_compendium_row,True,False,False,True,True,False,quarantine_compendium_provenance,measurement_temperature_state_correction_and_independence_unverified,False,False,True,,[],train,grp_5dea7427c65d07c7
rdr250199#csvline2980,compendium,mol_327f3d3474e55905,"InChI=1S/C4H9NO/c1-3-6-4-2-5-1/h5H,1-4H2",morpholine,46.5,298,46500,C,,"[""2014FRE/GOM2""]","RDR file 250199, CSV line 2980",0.4,unspecified_compendium_deviation,,,,unresolved,not_resolved_from_compendium_row,True,False,False,True,True,True,quarantine_compendium_provenance,measurement_temperature_state_correction_and_independence_unverified,False,False,True,,[],train,grp_5dea7427c65d07c7
rdr250199#csvline2998,compendium,mol_653d9692caede90e,"InChI=1S/C4H9NO2/c1-4(2,3)5(6)7/h1-3H3",2-methyl-2-nitropropane,42.7,298,42700,C,,"[""2011MIR/KON""]","RDR file 250199, CSV line 2998",0.4,unspecified_compendium_deviation,,,,unresolved,not_resolved_from_compendium_row,True,False,False,True,True,False,quarantine_compendium_provenance,measurement_temperature_state_correction_and_independence_unverified,False,False,True,,[],train,grp_9c9b18c6b3311f2d
rdr250199#csvline3062,compendium,mol_670136e04246f1d5,"InChI=1S/C4H10O/c1-2-3-4-5/h5H,2-4H2,1H3",1-butanol,52.1,298,52100,C,,"[""1982FUC/PEA""]","RDR file 250199, CSV line 3062",,unspecified_compendium_deviation,,,,unresolved,not_resolved_from_compendium_row,True,False,False,True,True,True,quarantine_compendium_provenance,measurement_temperature_state_correction_and_independence_unverified,False,False,True,,[],train,grp_5dea7427c65d07c7
rdr250199#csvline3064,compendium,mol_670136e04246f1d5,"InChI=1S/C4H10O/c1-2-3-4-5/h5H,2-4H2,1H3",1-butanol,49.5,333,49500,C,,"[""1973SVO/VES""]","RDR file 250199, CSV line 3064",0.1,unspecified_compendium_deviation,,,,unresolved,not_resolved_from_compendium_row,True,False,False,True,True,True,quarantine_compendium_provenance,measurement_temperature_state_correction_and_independence_unverified,False,False,True,,[],train,grp_5dea7427c65d07c7
rdr250199#csvline3065,compendium,mol_670136e04246f1d5,"InChI=1S/C4H10O/c1-2-3-4-5/h5H,2-4H2,1H3",1-butanol,48.6,343,48600,C,,"[""1973SVO/VES""]","RDR file 250199, CSV line 3065",0.1,unspecified_compendium_deviation,,,,unresolved,not_resolved_from_compendium_row,True,False,False,True,True,True,quarantine_compendium_provenance,measurement_temperature_state_correction_and_independence_unverified,False,False,True,,[],train,grp_5dea7427c65d07c7
rdr250199#csvline3066,compendium,mol_670136e04246f1d5,"InChI=1S/C4H10O/c1-2-3-4-5/h5H,2-4H2,1H3",1-butanol,47.5,353,47500,C,,"[""1973SVO/VES""]","RDR file 250199, CSV line 3066",0.1,unspecified_compendium_deviation,,,,unresolved,not_resolved_from_compendium_row,True,False,False,True,True,False,quarantine_compendium_provenance,measurement_temperature_state_correction_and_independence_unverified,False,False,True,,[],train,grp_5dea7427c65d07c7
rdr250199#csvline3067,compendium,mol_670136e04246f1d5,"InChI=1S/C4H10O/c1-2-3-4-5/h5H,2-4H2,1H3",1-butanol,46.4,363,46400,C,,"[""1973SVO/VES""]","RDR file 250199, CSV line 3067",0.1,unspecified_compendium_deviation,,,,unresolved,not_resolved_from_compendium_row,True,False,False,True,True,False,quarantine_compendium_provenance,measurement_temperature_state_correction_and_independence_unverified,False,False,True,,[],train,grp_5dea7427c65d07c7
rdr250199#csvline3068,compendium,mol_670136e04246f1d5,"InChI=1S/C4H10O/c1-2-3-4-5/h5H,2-4H2,1H3",1-butanol,52.34,298,52340,C,,"[""1971POL/BEN""]","RDR file 250199, CSV line 3068",0.02,unspecified_compendium_deviation,,,,unresolved,not_resolved_from_compendium_row,True,False,False,True,True,True,quarantine_compendium_provenance,measurement_temperature_state_correction_and_independence_unverified,False,False,True,,[],train,grp_5dea7427c65d07c7
rdr250199#csvline3069,compendium,mol_670136e04246f1d5,"InChI=1S/C4H10O/c1-2-3-4-5/h5H,2-4H2,1H3",1-butanol,51.6,308,51600,C,,"[""1971POL/BEN""]","RDR file 250199, CSV line 3069",0.1,unspecified_compendium_deviation,,,,unresolved,not_resolved_from_compendium_row,True,False,False,True,True,True,quarantine_compendium_provenance,measurement_temperature_state_correction_and_independence_unverified,False,False,True,,[],train,grp_5dea7427c65d07c7
rdr250199#csvline3070,compendium,mol_670136e04246f1d5,"InChI=1S/C4H10O/c1-2-3-4-5/h5H,2-4H2,1H3",1-butanol,51,318,51000,C,,"[""1971POL/BEN""]","RDR file 250199, CSV line 3070",0.1,unspecified_compendium_deviation,,,,unresolved,not_resolved_from_compendium_row,True,False,False,True,True,True,quarantine_compendium_provenance,measurement_temperature_state_correction_and_independence_unverified,False,False,True,,[],train,grp_5dea7427c65d07c7
rdr250199#csvline3071,compendium,mol_670136e04246f1d5,"InChI=1S/C4H10O/c1-2-3-4-5/h5H,2-4H2,1H3",1-butanol,49.8,328,49800,C,,"[""1971POL/BEN""]","RDR file 250199, CSV line 3071",0.1,unspecified_compendium_deviation,,,,unresolved,not_resolved_from_compendium_row,True,False,False,True,True,True,quarantine_compendium_provenance,measurement_temperature_state_correction_and_independence_unverified,False,False,True,,[],train,grp_5dea7427c65d07c7
rdr250199#csvline3074,compendium,mol_670136e04246f1d5,"InChI=1S/C4H10O/c1-2-3-4-5/h5H,2-4H2,1H3",1-butanol,52.3,298,52300,C,,"[""1966WAD""]","RDR file 250199, CSV line 3074",0.1,unspecified_compendium_deviation,,,,unresolved,not_resolved_from_compendium_row,True,False,False,True,True,True,quarantine_compendium_provenance,measurement_temperature_state_correction_and_independence_unverified,False,False,True,,[],train,grp_5dea7427c65d07c7
rdr250199#csvline3075,compendium,mol_670136e04246f1d5,"InChI=1S/C4H10O/c1-2-3-4-5/h5H,2-4H2,1H3",1-butanol,47.2,356,47200,C,,"[""1965COU/HAL""]","RDR file 250199, CSV line 3075",0.1,unspecified_compendium_deviation,,,,unresolved,not_resolved_from_compendium_row,True,False,False,True,True,False,quarantine_compendium_provenance,measurement_temperature_state_correction_and_independence_unverified,False,False,True,,[],train,grp_5dea7427c65d07c7
rdr250199#csvline3076,compendium,mol_670136e04246f1d5,"InChI=1S/C4H10O/c1-2-3-4-5/h5H,2-4H2,1H3",1-butanol,45.4,381,45400,C,,"[""1965COU/HAL""]","RDR file 250199, CSV line 3076",0.1,unspecified_compendium_deviation,,,,unresolved,not_resolved_from_compendium_row,True,False,False,True,True,False,quarantine_compendium_provenance,measurement_temperature_state_correction_and_independence_unverified,False,False,True,,[],train,grp_5dea7427c65d07c7
rdr250199#csvline3077,compendium,mol_670136e04246f1d5,"InChI=1S/C4H10O/c1-2-3-4-5/h5H,2-4H2,1H3",1-butanol,43.1,391,43100,C,,"[""1965COU/HAL""]","RDR file 250199, CSV line 3077",0.1,unspecified_compendium_deviation,,,,unresolved,not_resolved_from_compendium_row,True,False,False,True,True,False,quarantine_compendium_provenance,measurement_temperature_state_correction_and_independence_unverified,False,False,True,,[],train,grp_5dea7427c65d07c7
rdr250199#csvline3080,compendium,mol_670136e04246f1d5,"InChI=1S/C4H10O/c1-2-3-4-5/h5H,2-4H2,1H3",1-butanol,51,298,51000,C,,"[""1963MCC/LAI""]","RDR file 250199, CSV line 3080",0.1,unspecified_compendium_deviation,,,,unresolved,not_resolved_from_compendium_row,True,False,False,True,True,True,quarantine_compendium_provenance,measurement_temperature_state_correction_and_independence_unverified,False,False,True,,[],train,grp_5dea7427c65d07c7
rdr250199#csvline3125,compendium,mol_8b6a2383c538f690,"InChI=1S/C4H10O/c1-4(2)3-5/h4-5H,3H2,1-2H3",2-methyl-1-propanol,50.8,298,50800,C,,"[""1984MAJ/SVO""]","RDR file 250199, CSV line 3125",0.1,unspecified_compendium_deviation,,,,unresolved,not_resolved_from_compendium_row,True,False,False,True,True,True,quarantine_compendium_provenance,measurement_temperature_state_correction_and_independence_unverified,False,False,True,,[],train,grp_5dea7427c65d07c7
rdr250199#csvline3126,compendium,mol_8b6a2383c538f690,"InChI=1S/C4H10O/c1-4(2)3-5/h4-5H,3H2,1-2H3",2-methyl-1-propanol,49.7,313,49700,C,,"[""1984MAJ/SVO""]","RDR file 250199, CSV line 3126",0.1,unspecified_compendium_deviation,,,,unresolved,not_resolved_from_compendium_row,True,False,False,True,True,True,quarantine_compendium_provenance,measurement_temperature_state_correction_and_independence_unverified,False,False,True,,[],train,grp_5dea7427c65d07c7
rdr250199#csvline3127,compendium,mol_8b6a2383c538f690,"InChI=1S/C4H10O/c1-4(2)3-5/h4-5H,3H2,1-2H3",2-methyl-1-propanol,48.3,328,48300,C,,"[""1984MAJ/SVO""]","RDR file 250199, CSV line 3127",0.1,unspecified_compendium_deviation,,,,unresolved,not_resolved_from_compendium_row,True,False,False,True,True,True,quarantine_compendium_provenance,measurement_temperature_state_correction_and_independence_unverified,False,False,True,,[],train,grp_5dea7427c65d07c7
rdr250199#csvline3128,compendium,mol_8b6a2383c538f690,"InChI=1S/C4H10O/c1-4(2)3-5/h4-5H,3H2,1-2H3",2-methyl-1-propanol,45,358,45000,C,,"[""1984MAJ/SVO""]","RDR file 250199, CSV line 3128",0.1,unspecified_compendium_deviation,,,,unresolved,not_resolved_from_compendium_row,True,False,False,True,True,False,quarantine_compendium_provenance,measurement_temperature_state_correction_and_independence_unverified,False,False,True,,[],train,grp_5dea7427c65d07c7
rdr250199#csvline3131,compendium,mol_8b6a2383c538f690,"InChI=1S/C4H10O/c1-4(2)3-5/h4-5H,3H2,1-2H3",2-methyl-1-propanol,50.79,298,50790,C,,"[""1971POL/BEN""]","RDR file 250199, CSV line 3131",0.02,unspecified_compendium_deviation,,,,unresolved,not_resolved_from_compendium_row,True,False,False,True,True,True,quarantine_compendium_provenance,measurement_temperature_state_correction_and_independence_unverified,False,False,True,,[],train,grp_5dea7427c65d07c7
rdr250199#csvline3132,compendium,mol_8b6a2383c538f690,"InChI=1S/C4H10O/c1-4(2)3-5/h4-5H,3H2,1-2H3",2-methyl-1-propanol,50.1,308,50100,C,,"[""1971POL/BEN""]","RDR file 250199, CSV line 3132",0.1,unspecified_compendium_deviation,,,,unresolved,not_resolved_from_compendium_row,True,False,False,True,True,True,quarantine_compendium_provenance,measurement_temperature_state_correction_and_independence_unverified,False,False,True,,[],train,grp_5dea7427c65d07c7
rdr250199#csvline3133,compendium,mol_8b6a2383c538f690,"InChI=1S/C4H10O/c1-4(2)3-5/h4-5H,3H2,1-2H3",2-methyl-1-propanol,49.3,318,49300,C,,"[""1971POL/BEN""]","RDR file 250199, CSV line 3133",0.1,unspecified_compendium_deviation,,,,unresolved,not_resolved_from_compendium_row,True,False,False,True,True,True,quarantine_compendium_provenance,measurement_temperature_state_correction_and_independence_unverified,False,False,True,,[],train,grp_5dea7427c65d07c7
rdr250199#csvline3134,compendium,mol_8b6a2383c538f690,"InChI=1S/C4H10O/c1-4(2)3-5/h4-5H,3H2,1-2H3",2-methyl-1-propanol,47.9,328,47900,C,,"[""1971POL/BEN""]","RDR file 250199, CSV line 3134",0.1,unspecified_compendium_deviation,,,,unresolved,not_resolved_from_compendium_row,True,False,False,True,True,True,quarantine_compendium_provenance,measurement_temperature_state_correction_and_independence_unverified,False,False,True,,[],train,grp_5dea7427c65d07c7
rdr250199#csvline3135,compendium,mol_8b6a2383c538f690,"InChI=1S/C4H10O/c1-4(2)3-5/h4-5H,3H2,1-2H3",2-methyl-1-propanol,46.2,347,46200,C,,"[""1970COU/FEN""]","RDR file 250199, CSV line 3135",0.1,unspecified_compendium_deviation,,,,unresolved,not_resolved_from_compendium_row,True,False,False,True,True,False,quarantine_compendium_provenance,measurement_temperature_state_correction_and_independence_unverified,False,False,True,,[],train,grp_5dea7427c65d07c7
rdr250199#csvline3136,compendium,mol_8b6a2383c538f690,"InChI=1S/C4H10O/c1-4(2)3-5/h4-5H,3H2,1-2H3",2-methyl-1-propanol,44.2,363,44200,C,,"[""1970COU/FEN""]","RDR file 250199, CSV line 3136",0.1,unspecified_compendium_deviation,,,,unresolved,not_resolved_from_compendium_row,True,False,False,True,True,False,quarantine_compendium_provenance,measurement_temperature_state_correction_and_independence_unverified,False,False,True,,[],train,grp_5dea7427c65d07c7
rdr250199#csvline3137,compendium,mol_8b6a2383c538f690,"InChI=1S/C4H10O/c1-4(2)3-5/h4-5H,3H2,1-2H3",2-methyl-1-propanol,41.9,381,41900,C,,"[""1970COU/FEN""]","RDR file 250199, CSV line 3137",0.1,unspecified_compendium_deviation,,,,unresolved,not_resolved_from_compendium_row,True,False,False,True,True,False,quarantine_compendium_provenance,measurement_temperature_state_correction_and_independence_unverified,False,False,True,,[],train,grp_5dea7427c65d07c7
rdr250199#csvline3140,compendium,mol_8b6a2383c538f690,"InChI=1S/C4H10O/c1-4(2)3-5/h4-5H,3H2,1-2H3",2-methyl-1-propanol,50.8,298,50800,C,,"[""1966WAD""]","RDR file 250199, CSV line 3140",0.1,unspecified_compendium_deviation,,,,unresolved,not_resolved_from_compendium_row,True,False,False,True,True,True,quarantine_compendium_provenance,measurement_temperature_state_correction_and_independence_unverified,False,False,True,,[],train,grp_5dea7427c65d07c7
rdr250199#csvline3143,compendium,mol_8b6a2383c538f690,"InChI=1S/C4H10O/c1-4(2)3-5/h4-5H,3H2,1-2H3",2-methyl-1-propanol,49.8,298,49800,C,,"[""1963MCC/LAI""]","RDR file 250199, CSV line 3143",,unspecified_compendium_deviation,,,,unresolved,not_resolved_from_compendium_row,True,False,False,True,True,True,quarantine_compendium_provenance,measurement_temperature_state_correction_and_independence_unverified,False,False,True,,[],train,grp_5dea7427c65d07c7
rdr250199#csvline3155,compendium,mol_c30b4ae49b848357,"InChI=1S/C4H10O/c1-4(2,3)5/h5H,1-3H3",2-methyl-2-propanol,46.2,303,46200,C,,"[""1984MAJ/SVO""]","RDR file 250199, CSV line 3155",0.1,unspecified_compendium_deviation,,,,unresolved,not_resolved_from_compendium_row,True,False,False,True,True,True,quarantine_compendium_provenance,measurement_temperature_state_correction_and_independence_unverified,False,False,True,,[],train,grp_5dea7427c65d07c7
rdr250199#csvline3156,compendium,mol_c30b4ae49b848357,"InChI=1S/C4H10O/c1-4(2,3)5/h5H,1-3H3",2-methyl-2-propanol,44.9,313,44900,C,,"[""1984MAJ/SVO""]","RDR file 250199, CSV line 3156",0.1,unspecified_compendium_deviation,,,,unresolved,not_resolved_from_compendium_row,True,False,False,True,True,True,quarantine_compendium_provenance,measurement_temperature_state_correction_and_independence_unverified,False,False,True,,[],train,grp_5dea7427c65d07c7
rdr250199#csvline3157,compendium,mol_c30b4ae49b848357,"InChI=1S/C4H10O/c1-4(2,3)5/h5H,1-3H3",2-methyl-2-propanol,43,328,43000,C,,"[""1984MAJ/SVO""]","RDR file 250199, CSV line 3157",0.1,unspecified_compendium_deviation,,,,unresolved,not_resolved_from_compendium_row,True,False,False,True,True,False,quarantine_compendium_provenance,measurement_temperature_state_correction_and_independence_unverified,False,False,True,,[],train,grp_5dea7427c65d07c7
rdr250199#csvline3158,compendium,mol_c30b4ae49b848357,"InChI=1S/C4H10O/c1-4(2,3)5/h5H,1-3H3",2-methyl-2-propanol,41,343,41000,C,,"[""1984MAJ/SVO""]","RDR file 250199, CSV line 3158",0.1,unspecified_compendium_deviation,,,,unresolved,not_resolved_from_compendium_row,True,False,False,True,True,False,quarantine_compendium_provenance,measurement_temperature_state_correction_and_independence_unverified,False,False,True,,[],train,grp_5dea7427c65d07c7
rdr250199#csvline3159,compendium,mol_c30b4ae49b848357,"InChI=1S/C4H10O/c1-4(2,3)5/h5H,1-3H3",2-methyl-2-propanol,37.2,368,37200,C,,"[""1984MAJ/SVO""]","RDR file 250199, CSV line 3159",0.1,unspecified_compendium_deviation,,,,unresolved,not_resolved_from_compendium_row,True,False,False,True,True,False,quarantine_compendium_provenance,measurement_temperature_state_correction_and_independence_unverified,False,False,True,,[],train,grp_5dea7427c65d07c7
rdr250199#csvline3162,compendium,mol_c30b4ae49b848357,"InChI=1S/C4H10O/c1-4(2,3)5/h5H,1-3H3",2-methyl-2-propanol,46.94,298,46940,C,,"[""1971POL/BEN""]","RDR file 250199, CSV line 3162",0.02,unspecified_compendium_deviation,,,,unresolved,not_resolved_from_compendium_row,True,False,False,True,True,False,quarantine_compendium_provenance,measurement_temperature_state_correction_and_independence_unverified,False,False,True,,[],train,grp_5dea7427c65d07c7
rdr250199#csvline3163,compendium,mol_c30b4ae49b848357,"InChI=1S/C4H10O/c1-4(2,3)5/h5H,1-3H3",2-methyl-2-propanol,45.8,308,45800,C,,"[""1971POL/BEN""]","RDR file 250199, CSV line 3163",0.1,unspecified_compendium_deviation,,,,unresolved,not_resolved_from_compendium_row,True,False,False,True,True,True,quarantine_compendium_provenance,measurement_temperature_state_correction_and_independence_unverified,False,False,True,,[],train,grp_5dea7427c65d07c7
rdr250199#csvline3164,compendium,mol_c30b4ae49b848357,"InChI=1S/C4H10O/c1-4(2,3)5/h5H,1-3H3",2-methyl-2-propanol,44.6,318,44600,C,,"[""1971POL/BEN""]","RDR file 250199, CSV line 3164",0.1,unspecified_compendium_deviation,,,,unresolved,not_resolved_from_compendium_row,True,False,False,True,True,True,quarantine_compendium_provenance,measurement_temperature_state_correction_and_independence_unverified,False,False,True,,[],train,grp_5dea7427c65d07c7
rdr250199#csvline3165,compendium,mol_c30b4ae49b848357,"InChI=1S/C4H10O/c1-4(2,3)5/h5H,1-3H3",2-methyl-2-propanol,42.7,328,42700,C,,"[""1971POL/BEN""]","RDR file 250199, CSV line 3165",0.1,unspecified_compendium_deviation,,,,unresolved,not_resolved_from_compendium_row,True,False,False,True,True,False,quarantine_compendium_provenance,measurement_temperature_state_correction_and_independence_unverified,False,False,True,,[],train,grp_5dea7427c65d07c7
rdr250199#csvline3167,compendium,mol_c30b4ae49b848357,"InChI=1S/C4H10O/c1-4(2,3)5/h5H,1-3H3",2-methyl-2-propanol,46.6,298,46600,C,,"[""1966WAD""]","RDR file 250199, CSV line 3167",0.1,unspecified_compendium_deviation,,,,unresolved,not_resolved_from_compendium_row,True,False,False,True,True,False,quarantine_compendium_provenance,measurement_temperature_state_correction_and_independence_unverified,False,False,True,,[],train,grp_5dea7427c65d07c7
rdr250199#csvline3169,compendium,mol_c30b4ae49b848357,"InChI=1S/C4H10O/c1-4(2,3)5/h5H,1-3H3",2-methyl-2-propanol,42.5,330,42500,C,,"[""1963BEN/MCK""]","RDR file 250199, CSV line 3169",0.1,unspecified_compendium_deviation,,,,unresolved,not_resolved_from_compendium_row,True,False,False,True,True,False,quarantine_compendium_provenance,measurement_temperature_state_correction_and_independence_unverified,False,False,True,,[],train,grp_5dea7427c65d07c7
rdr250199#csvline3170,compendium,mol_c30b4ae49b848357,"InChI=1S/C4H10O/c1-4(2,3)5/h5H,1-3H3",2-methyl-2-propanol,41.3,340,41300,C,,"[""1963BEN/MCK""]","RDR file 250199, CSV line 3170",0.1,unspecified_compendium_deviation,,,,unresolved,not_resolved_from_compendium_row,True,False,False,True,True,False,quarantine_compendium_provenance,measurement_temperature_state_correction_and_independence_unverified,False,False,True,,[],train,grp_5dea7427c65d07c7
rdr250199#csvline3171,compendium,mol_c30b4ae49b848357,"InChI=1S/C4H10O/c1-4(2,3)5/h5H,1-3H3",2-methyl-2-propanol,40.4,346,40400,C,,"[""1963BEN/MCK""]","RDR file 250199, CSV line 3171",0.1,unspecified_compendium_deviation,,,,unresolved,not_resolved_from_compendium_row,True,False,False,True,True,False,quarantine_compendium_provenance,measurement_temperature_state_correction_and_independence_unverified,False,False,True,,[],train,grp_5dea7427c65d07c7
rdr250199#csvline3172,compendium,mol_c30b4ae49b848357,"InChI=1S/C4H10O/c1-4(2,3)5/h5H,1-3H3",2-methyl-2-propanol,40,349,40000,C,,"[""1963BEN/MCK""]","RDR file 250199, CSV line 3172",0.1,unspecified_compendium_deviation,,,,unresolved,not_resolved_from_compendium_row,True,False,False,True,True,False,quarantine_compendium_provenance,measurement_temperature_state_correction_and_independence_unverified,False,False,True,,[],train,grp_5dea7427c65d07c7
rdr250199#csvline3173,compendium,mol_c30b4ae49b848357,"InChI=1S/C4H10O/c1-4(2,3)5/h5H,1-3H3",2-methyl-2-propanol,39,356,39000,C,,"[""1963BEN/MCK""]","RDR file 250199, CSV line 3173",0.1,unspecified_compendium_deviation,,,,unresolved,not_resolved_from_compendium_row,True,False,False,True,True,False,quarantine_compendium_provenance,measurement_temperature_state_correction_and_independence_unverified,False,False,True,,[],train,grp_5dea7427c65d07c7
rdr250199#csvline3175,compendium,mol_c30b4ae49b848357,"InChI=1S/C4H10O/c1-4(2,3)5/h5H,1-3H3",2-methyl-2-propanol,44.9,298,44900,C,,"[""1963MCC/LAI""]","RDR file 250199, CSV line 3175",,unspecified_compendium_deviation,,,,unresolved,not_resolved_from_compendium_row,True,False,False,True,True,False,quarantine_compendium_provenance,measurement_temperature_state_correction_and_independence_unverified,False,False,True,,[],train,grp_5dea7427c65d07c7
rdr250199#csvline3184,compendium,mol_fc1211201dbfeedf,"InChI=1S/C4H10O/c1-3-5-4-2/h3-4H2,1-2H3",diethyl ether,27.1,298,27100,C,,"[""1980MAJ/WAG""]","RDR file 250199, CSV line 3184",0.1,unspecified_compendium_deviation,,,,unresolved,not_resolved_from_compendium_row,True,False,False,True,True,False,quarantine_compendium_provenance,measurement_temperature_state_correction_and_independence_unverified,False,False,True,,[],train,grp_5dea7427c65d07c7
rdr250199#csvline3185,compendium,mol_fc1211201dbfeedf,"InChI=1S/C4H10O/c1-3-5-4-2/h3-4H2,1-2H3",diethyl ether,26.1,313,26100,C,,"[""1980MAJ/WAG""]","RDR file 250199, CSV line 3185",0.1,unspecified_compendium_deviation,,,,unresolved,not_resolved_from_compendium_row,True,False,False,True,True,False,quarantine_compendium_provenance,measurement_temperature_state_correction_and_independence_unverified,False,False,True,,[],train,grp_5dea7427c65d07c7
rdr250199#csvline3227,compendium,mol_d3125f71fb8f9281,"InChI=1S/C4H10O2/c5-3-1-2-4-6/h5-6H,1-4H2","1,4-butanediol",78.3,298,78300,C,,"[""2003EUS/LOP""]","RDR file 250199, CSV line 3227",0.3,unspecified_compendium_deviation,,,,unresolved,not_resolved_from_compendium_row,True,False,False,True,True,False,quarantine_compendium_provenance,measurement_temperature_state_correction_and_independence_unverified,False,False,True,,[],train,grp_5dea7427c65d07c7
rdr250199#csvline3228,compendium,mol_d3125f71fb8f9281,"InChI=1S/C4H10O2/c5-3-1-2-4-6/h5-6H,1-4H2","1,4-butanediol",79.3,298,79300,C,,"[""1988KNA/SAB"",""1990KNA/SAB2""]","RDR file 250199, CSV line 3228",0.5,unspecified_compendium_deviation,,,,unresolved,not_resolved_from_compendium_row,True,False,False,True,True,False,quarantine_compendium_provenance,measurement_temperature_state_correction_and_independence_unverified,False,False,True,,[],train,grp_5dea7427c65d07c7
rdr250199#csvline3256,compendium,mol_b482dd7c4a655efd,"InChI=1S/C4H10O2/c1-2-6-4-3-5/h5H,2-4H2,1H3",2-ethoxyethanol,48.2,298,48200,C,,"[""1971KUS/WAD""]","RDR file 250199, CSV line 3256",0.1,unspecified_compendium_deviation,,,,unresolved,not_resolved_from_compendium_row,True,False,False,True,True,False,quarantine_compendium_provenance,measurement_temperature_state_correction_and_independence_unverified,False,False,True,,[],train,grp_5dea7427c65d07c7
rdr250199#csvline3309,compendium,mol_9b5c2e3993415780,"InChI=1S/C4H10S/c1-3-5-4-2/h3-4H2,1-2H3",diethyl sulfide,35.8,298,35800,C,,"[""1989VOR/KLY""]","RDR file 250199, CSV line 3309",0.7,unspecified_compendium_deviation,,,,unresolved,not_resolved_from_compendium_row,True,False,False,True,True,False,quarantine_compendium_provenance,measurement_temperature_state_correction_and_independence_unverified,False,False,True,,[],train,grp_5dea7427c65d07c7
rdr250199#csvline3313,compendium,mol_9b5c2e3993415780,"InChI=1S/C4H10S/c1-3-5-4-2/h3-4H2,1-2H3",diethyl sulfide,34.3,325,34300,C,,"[""1952SCO/FIN""]","RDR file 250199, CSV line 3313",,unspecified_compendium_deviation,,,,unresolved,not_resolved_from_compendium_row,True,False,False,True,True,False,quarantine_compendium_provenance,measurement_temperature_state_correction_and_independence_unverified,False,False,True,,[],train,grp_5dea7427c65d07c7
rdr250199#csvline3314,compendium,mol_9b5c2e3993415780,"InChI=1S/C4H10S/c1-3-5-4-2/h3-4H2,1-2H3",diethyl sulfide,33.1,344,33100,C,,"[""1952SCO/FIN""]","RDR file 250199, CSV line 3314",,unspecified_compendium_deviation,,,,unresolved,not_resolved_from_compendium_row,True,False,False,True,True,False,quarantine_compendium_provenance,measurement_temperature_state_correction_and_independence_unverified,False,False,True,,[],train,grp_5dea7427c65d07c7
rdr250199#csvline3315,compendium,mol_9b5c2e3993415780,"InChI=1S/C4H10S/c1-3-5-4-2/h3-4H2,1-2H3",diethyl sulfide,31.8,365,31800,C,,"[""1952SCO/FIN""]","RDR file 250199, CSV line 3315",,unspecified_compendium_deviation,,,,unresolved,not_resolved_from_compendium_row,True,False,False,True,True,False,quarantine_compendium_provenance,measurement_temperature_state_correction_and_independence_unverified,False,False,True,,[],train,grp_5dea7427c65d07c7
rdr250199#csvline3333,compendium,mol_e840c319a89074e3,"InChI=1S/C4H10S2/c1-3-5-6-4-2/h3-4H2,1-2H3",diethyl disulfide,45.4,298,45400,C,,"[""1989VOR/KLY""]","RDR file 250199, CSV line 3333",0.8,unspecified_compendium_deviation,,,,unresolved,not_resolved_from_compendium_row,True,False,False,True,True,False,quarantine_compendium_provenance,measurement_temperature_state_correction_and_independence_unverified,False,False,True,,[],train,grp_5dea7427c65d07c7
rdr250199#csvline3335,compendium,mol_e840c319a89074e3,"InChI=1S/C4H10S2/c1-3-5-6-4-2/h3-4H2,1-2H3",diethyl disulfide,45.2,298,45200,C,,"[""1985KUS""]","RDR file 250199, CSV line 3335",0.1,unspecified_compendium_deviation,,,,unresolved,not_resolved_from_compendium_row,True,False,False,True,True,False,quarantine_compendium_provenance,measurement_temperature_state_correction_and_independence_unverified,False,False,True,,[],train,grp_5dea7427c65d07c7
rdr250199#csvline3339,compendium,mol_e840c319a89074e3,"InChI=1S/C4H10S2/c1-3-5-6-4-2/h3-4H2,1-2H3",diethyl disulfide,40.9,374,40900,C,,"[""1952SCO/FIN2""]","RDR file 250199, CSV line 3339",,unspecified_compendium_deviation,,,,unresolved,not_resolved_from_compendium_row,True,False,False,True,True,False,quarantine_compendium_provenance,measurement_temperature_state_correction_and_independence_unverified,False,False,True,,[],train,grp_5dea7427c65d07c7
rdr250199#csvline3340,compendium,mol_e840c319a89074e3,"InChI=1S/C4H10S2/c1-3-5-6-4-2/h3-4H2,1-2H3",diethyl disulfide,39.2,400,39200,C,,"[""1952SCO/FIN2""]","RDR file 250199, CSV line 3340",,unspecified_compendium_deviation,,,,unresolved,not_resolved_from_compendium_row,True,False,False,True,True,False,quarantine_compendium_provenance,measurement_temperature_state_correction_and_independence_unverified,False,False,True,,[],train,grp_5dea7427c65d07c7
rdr250199#csvline3346,compendium,mol_969f34406f44f7e7,"InChI=1S/C4H11N/c1-2-3-4-5/h2-5H2,1H3",butylamine,35.7,298,35700,C,,"[""1985KUS""]","RDR file 250199, CSV line 3346",0.2,unspecified_compendium_deviation,,,,unresolved,not_resolved_from_compendium_row,True,False,False,True,True,False,quarantine_compendium_provenance,measurement_temperature_state_correction_and_independence_unverified,False,False,True,,[],train,grp_5dea7427c65d07c7
rdr250199#csvline3348,compendium,mol_969f34406f44f7e7,"InChI=1S/C4H11N/c1-2-3-4-5/h2-5H2,1H3",butylamine,35.7,298,35700,C,,"[""1979MAJ/SVO2""]","RDR file 250199, CSV line 3348",0.1,unspecified_compendium_deviation,,,,unresolved,not_resolved_from_compendium_row,True,False,False,True,True,False,quarantine_compendium_provenance,measurement_temperature_state_correction_and_independence_unverified,False,False,True,,[],train,grp_5dea7427c65d07c7
rdr250199#csvline3349,compendium,mol_969f34406f44f7e7,"InChI=1S/C4H11N/c1-2-3-4-5/h2-5H2,1H3",butylamine,34.7,313,34700,C,,"[""1979MAJ/SVO2""]","RDR file 250199, CSV line 3349",0.1,unspecified_compendium_deviation,,,,unresolved,not_resolved_from_compendium_row,True,False,False,True,True,False,quarantine_compendium_provenance,measurement_temperature_state_correction_and_independence_unverified,False,False,True,,[],train,grp_5dea7427c65d07c7
rdr250199#csvline3350,compendium,mol_969f34406f44f7e7,"InChI=1S/C4H11N/c1-2-3-4-5/h2-5H2,1H3",butylamine,33.5,323,33500,C,,"[""1979MAJ/SVO2""]","RDR file 250199, CSV line 3350",0.1,unspecified_compendium_deviation,,,,unresolved,not_resolved_from_compendium_row,True,False,False,True,True,False,quarantine_compendium_provenance,measurement_temperature_state_correction_and_independence_unverified,False,False,True,,[],train,grp_5dea7427c65d07c7
rdr250199#csvline3351,compendium,mol_969f34406f44f7e7,"InChI=1S/C4H11N/c1-2-3-4-5/h2-5H2,1H3",butylamine,32.4,343,32400,C,,"[""1979MAJ/SVO2""]","RDR file 250199, CSV line 3351",0.1,unspecified_compendium_deviation,,,,unresolved,not_resolved_from_compendium_row,True,False,False,True,True,False,quarantine_compendium_provenance,measurement_temperature_state_correction_and_independence_unverified,False,False,True,,[],train,grp_5dea7427c65d07c7
rdr250199#csvline3352,compendium,mol_969f34406f44f7e7,"InChI=1S/C4H11N/c1-2-3-4-5/h2-5H2,1H3",butylamine,31.1,358,31100,C,,"[""1979MAJ/SVO2""]","RDR file 250199, CSV line 3352",0.1,unspecified_compendium_deviation,,,,unresolved,not_resolved_from_compendium_row,True,False,False,True,True,False,quarantine_compendium_provenance,measurement_temperature_state_correction_and_independence_unverified,False,False,True,,[],train,grp_5dea7427c65d07c7
rdr250199#csvline3353,compendium,mol_969f34406f44f7e7,"InChI=1S/C4H11N/c1-2-3-4-5/h2-5H2,1H3",butylamine,35.7,298,35700,C,,"[""1969WAD""]","RDR file 250199, CSV line 3353",0.1,unspecified_compendium_deviation,,,,unresolved,not_resolved_from_compendium_row,True,False,False,True,True,False,quarantine_compendium_provenance,measurement_temperature_state_correction_and_independence_unverified,False,False,True,,[],train,grp_5dea7427c65d07c7
rdr250199#csvline341,compendium,mol_253d8d3c7e0ad521,InChI=1S/CH3NO2/c1-2(3)4/h1H3,nitromethane,37.2,318,37200,C,,"[""1954MCC/SCO""]","RDR file 250199, CSV line 341",0.1,unspecified_compendium_deviation,,,,unresolved,not_resolved_from_compendium_row,True,False,False,True,True,True,quarantine_compendium_provenance,measurement_temperature_state_correction_and_independence_unverified,False,False,True,,[],train,grp_5dea7427c65d07c7
rdr250199#csvline342,compendium,mol_253d8d3c7e0ad521,InChI=1S/CH3NO2/c1-2(3)4/h1H3,nitromethane,36.3,335,36300,C,,"[""1954MCC/SCO""]","RDR file 250199, CSV line 342",0.1,unspecified_compendium_deviation,,,,unresolved,not_resolved_from_compendium_row,True,False,False,True,True,False,quarantine_compendium_provenance,measurement_temperature_state_correction_and_independence_unverified,False,False,True,,[],train,grp_5dea7427c65d07c7
rdr250199#csvline343,compendium,mol_253d8d3c7e0ad521,InChI=1S/CH3NO2/c1-2(3)4/h1H3,nitromethane,35.2,353,35200,C,,"[""1954MCC/SCO""]","RDR file 250199, CSV line 343",0.1,unspecified_compendium_deviation,,,,unresolved,not_resolved_from_compendium_row,True,False,False,True,True,False,quarantine_compendium_provenance,measurement_temperature_state_correction_and_independence_unverified,False,False,True,,[],train,grp_5dea7427c65d07c7
rdr250199#csvline344,compendium,mol_253d8d3c7e0ad521,InChI=1S/CH3NO2/c1-2(3)4/h1H3,nitromethane,34,374,34000,C,,"[""1954MCC/SCO""]","RDR file 250199, CSV line 344",0.1,unspecified_compendium_deviation,,,,unresolved,not_resolved_from_compendium_row,True,False,False,True,True,False,quarantine_compendium_provenance,measurement_temperature_state_correction_and_independence_unverified,False,False,True,,[],train,grp_5dea7427c65d07c7
rdr250199#csvline346,compendium,mol_253d8d3c7e0ad521,InChI=1S/CH3NO2/c1-2(3)4/h1H3,nitromethane,38.3,298,38300,C,,"[""1947JON/GIA""]","RDR file 250199, CSV line 346",0.1,unspecified_compendium_deviation,,,,unresolved,not_resolved_from_compendium_row,True,False,False,True,True,False,quarantine_compendium_provenance,measurement_temperature_state_correction_and_independence_unverified,False,False,True,,[],train,grp_5dea7427c65d07c7
rdr250199#csvline347,compendium,mol_253d8d3c7e0ad521,InChI=1S/CH3NO2/c1-2(3)4/h1H3,nitromethane,34.4,374,34400,C,,"[""1941PIT/GWI""]","RDR file 250199, CSV line 347",,unspecified_compendium_deviation,,,,unresolved,not_resolved_from_compendium_row,True,False,False,True,True,False,quarantine_compendium_provenance,measurement_temperature_state_correction_and_independence_unverified,False,False,True,,[],train,grp_5dea7427c65d07c7
rdr250199#csvline349,compendium,mol_253d8d3c7e0ad521,InChI=1S/CH3NO2/c1-2(3)4/h1H3,nitromethane,34.6,374,34600,C,,"[""1930PHI/WAT""]","RDR file 250199, CSV line 349",,unspecified_compendium_deviation,,,,unresolved,not_resolved_from_compendium_row,True,False,False,True,True,False,quarantine_compendium_provenance,measurement_temperature_state_correction_and_independence_unverified,False,False,True,,[],train,grp_5dea7427c65d07c7
rdr250199#csvline350,compendium,mol_253d8d3c7e0ad521,InChI=1S/CH3NO2/c1-2(3)4/h1H3,nitromethane,33.9,373,33900,C,,"[""1926MAT""]","RDR file 250199, CSV line 350",,unspecified_compendium_deviation,,,,unresolved,not_resolved_from_compendium_row,True,False,False,True,True,False,quarantine_compendium_provenance,measurement_temperature_state_correction_and_independence_unverified,False,False,True,,[],train,grp_5dea7427c65d07c7
rdr250199#csvline3552,compendium,mol_c6feabb4edc72193,InChI=1S/C5H4OS/c6-4-5-2-1-3-7-5/h1-4H,2-thiophenecarboxyaldehyde,54.9,298,54900,C,,"[""2008RIB/SAN2""]","RDR file 250199, CSV line 3552",1.1,unspecified_compendium_deviation,,,,unresolved,not_resolved_from_compendium_row,True,False,False,True,True,False,quarantine_compendium_provenance,measurement_temperature_state_correction_and_independence_unverified,False,False,True,,[],validation,grp_4b1804fb3acb405a
rdr250199#csvline3586,compendium,mol_62b1e6f80fd72085,InChI=1S/C5H5N/c1-2-4-6-5-3-1/h1-5H,pyridine,39.6,313,39600,C,,"[""1986MIC/JOS""]","RDR file 250199, CSV line 3586",,unspecified_compendium_deviation,,,"[298.0, 333.0]",reported_T_inside_listed_range,not_resolved_from_compendium_row,True,False,False,True,True,True,quarantine_compendium_provenance,measurement_temperature_state_correction_and_independence_unverified,False,False,True,,[],train,grp_5dea7427c65d07c7
rdr250199#csvline3587,compendium,mol_62b1e6f80fd72085,InChI=1S/C5H5N/c1-2-4-6-5-3-1/h1-5H,pyridine,40.2,298,40200,C,,"[""1984MAJ/SVO2""]","RDR file 250199, CSV line 3587",,unspecified_compendium_deviation,,,,unresolved,not_resolved_from_compendium_row,True,False,False,True,True,True,quarantine_compendium_provenance,measurement_temperature_state_correction_and_independence_unverified,False,False,True,,[],train,grp_5dea7427c65d07c7
rdr250199#csvline3588,compendium,mol_62b1e6f80fd72085,InChI=1S/C5H5N/c1-2-4-6-5-3-1/h1-5H,pyridine,39.4,313,39400,C,,"[""1984MAJ/SVO2""]","RDR file 250199, CSV line 3588",,unspecified_compendium_deviation,,,,unresolved,not_resolved_from_compendium_row,True,False,False,True,True,True,quarantine_compendium_provenance,measurement_temperature_state_correction_and_independence_unverified,False,False,True,,[],train,grp_5dea7427c65d07c7
rdr250199#csvline3589,compendium,mol_62b1e6f80fd72085,InChI=1S/C5H5N/c1-2-4-6-5-3-1/h1-5H,pyridine,38.5,328,38500,C,,"[""1984MAJ/SVO2""]","RDR file 250199, CSV line 3589",,unspecified_compendium_deviation,,,,unresolved,not_resolved_from_compendium_row,True,False,False,True,True,True,quarantine_compendium_provenance,measurement_temperature_state_correction_and_independence_unverified,False,False,True,,[],train,grp_5dea7427c65d07c7
rdr250199#csvline3590,compendium,mol_62b1e6f80fd72085,InChI=1S/C5H5N/c1-2-4-6-5-3-1/h1-5H,pyridine,37.7,343,37700,C,,"[""1984MAJ/SVO2""]","RDR file 250199, CSV line 3590",,unspecified_compendium_deviation,,,,unresolved,not_resolved_from_compendium_row,True,False,False,True,True,False,quarantine_compendium_provenance,measurement_temperature_state_correction_and_independence_unverified,False,False,True,,[],train,grp_5dea7427c65d07c7
rdr250199#csvline3591,compendium,mol_62b1e6f80fd72085,InChI=1S/C5H5N/c1-2-4-6-5-3-1/h1-5H,pyridine,36.3,368,36300,C,,"[""1984MAJ/SVO2""]","RDR file 250199, CSV line 3591",,unspecified_compendium_deviation,,,,unresolved,not_resolved_from_compendium_row,True,False,False,True,True,False,quarantine_compendium_provenance,measurement_temperature_state_correction_and_independence_unverified,False,False,True,,[],train,grp_5dea7427c65d07c7
rdr250199#csvline3594,compendium,mol_62b1e6f80fd72085,InChI=1S/C5H5N/c1-2-4-6-5-3-1/h1-5H,pyridine,37.5,346,37500,C,,"[""1957MCC/DOU""]","RDR file 250199, CSV line 3594",0.1,unspecified_compendium_deviation,,,,unresolved,not_resolved_from_compendium_row,True,False,False,True,True,False,quarantine_compendium_provenance,measurement_temperature_state_correction_and_independence_unverified,False,False,True,,[],train,grp_5dea7427c65d07c7
rdr250199#csvline3595,compendium,mol_62b1e6f80fd72085,InChI=1S/C5H5N/c1-2-4-6-5-3-1/h1-5H,pyridine,36.4,366,36400,C,,"[""1957MCC/DOU""]","RDR file 250199, CSV line 3595",0.1,unspecified_compendium_deviation,,,,unresolved,not_resolved_from_compendium_row,True,False,False,True,True,False,quarantine_compendium_provenance,measurement_temperature_state_correction_and_independence_unverified,False,False,True,,[],train,grp_5dea7427c65d07c7
rdr250199#csvline3596,compendium,mol_62b1e6f80fd72085,InChI=1S/C5H5N/c1-2-4-6-5-3-1/h1-5H,pyridine,35.1,388,35100,C,,"[""1957MCC/DOU""]","RDR file 250199, CSV line 3596",0.1,unspecified_compendium_deviation,,,,unresolved,not_resolved_from_compendium_row,True,False,False,True,True,False,quarantine_compendium_provenance,measurement_temperature_state_correction_and_independence_unverified,False,False,True,,[],train,grp_5dea7427c65d07c7
rdr250199#csvline3602,compendium,mol_62b1e6f80fd72085,InChI=1S/C5H5N/c1-2-4-6-5-3-1/h1-5H,pyridine,33.6,390,33600,C,,"[""1901KAH2""]","RDR file 250199, CSV line 3602",,unspecified_compendium_deviation,,,,unresolved,not_resolved_from_compendium_row,True,False,False,True,True,False,quarantine_compendium_provenance,measurement_temperature_state_correction_and_independence_unverified,False,False,True,,[],train,grp_5dea7427c65d07c7
rdr250199#csvline3629,compendium,mol_467811238401dcaa,"InChI=1S/C5H6O/c1-5-3-2-4-6-5/h2-4H,1H3",2-methylfuran,33.5,298,33500,C,,"[""2010RIB/AMA""]","RDR file 250199, CSV line 3629",0.2,unspecified_compendium_deviation,,,,unresolved,not_resolved_from_compendium_row,True,False,False,True,True,False,quarantine_compendium_provenance,measurement_temperature_state_correction_and_independence_unverified,False,False,True,,[],train,grp_5dea7427c65d07c7
rdr250199#csvline3752,compendium,mol_5c8f28893ba20c7a,"InChI=1S/C5H8N2/c1-2-7-5-3-4-6-7/h3-5H,2H2,1H3",1-ethylpyrazole,53.3,298,53300,C,,"[""1999RIB/RIB""]","RDR file 250199, CSV line 3752",2.4,unspecified_compendium_deviation,,,,unresolved,not_resolved_from_compendium_row,True,False,False,True,True,True,quarantine_compendium_provenance,measurement_temperature_state_correction_and_independence_unverified,False,False,True,,[],validation,grp_5ed1239f1de5ca2c
rdr250199#csvline3764,compendium,mol_8c26cc46761de673,InChI=1S/C5H8O/c6-5-3-1-2-4-5/h1-4H2,cyclopentanone,42.7,298,42700,C,,"[""1968PLA/WIL""]","RDR file 250199, CSV line 3764",0.1,unspecified_compendium_deviation,,,,unresolved,not_resolved_from_compendium_row,True,False,False,True,True,True,quarantine_compendium_provenance,measurement_temperature_state_correction_and_independence_unverified,False,False,True,,[],train,grp_5dea7427c65d07c7
rdr250199#csvline3769,compendium,mol_241178e06777b8f6,"InChI=1S/C5H8O/c1-4(6)5-2-3-5/h5H,2-3H2,1H3",cyclopropyl methyl ketone,39.4,298,39400,C,,"[""1983FUC/HAL""]","RDR file 250199, CSV line 3769",0.1,unspecified_compendium_deviation,,,,unresolved,not_resolved_from_compendium_row,True,False,False,True,True,False,quarantine_compendium_provenance,measurement_temperature_state_correction_and_independence_unverified,False,False,True,,[],train,grp_5dea7427c65d07c7
rdr250199#csvline3770,compendium,mol_241178e06777b8f6,"InChI=1S/C5H8O/c1-4(6)5-2-3-5/h5H,2-3H2,1H3",cyclopropyl methyl ketone,40.5,298,40500,C,,"[""1981GAT/STR""]","RDR file 250199, CSV line 3770",0.5,unspecified_compendium_deviation,,,,unresolved,not_resolved_from_compendium_row,True,False,False,True,True,False,quarantine_compendium_provenance,measurement_temperature_state_correction_and_independence_unverified,False,False,True,,[],train,grp_5dea7427c65d07c7
rdr250199#csvline383,compendium,mol_6dc54388549b234e,"InChI=1S/CH4O/c1-2/h2H,1H3",methanol,32.7,373,32700,C,,"[""1986YER/WOR""]","RDR file 250199, CSV line 383",,unspecified_compendium_deviation,,,,unresolved,not_resolved_from_compendium_row,True,False,False,True,True,False,quarantine_compendium_provenance,measurement_temperature_state_correction_and_independence_unverified,False,False,True,,[],train,grp_5dea7427c65d07c7
rdr250199#csvline384,compendium,mol_6dc54388549b234e,"InChI=1S/CH4O/c1-2/h2H,1H3",methanol,28.1,423,28100,C,,"[""1986YER/WOR""]","RDR file 250199, CSV line 384",,unspecified_compendium_deviation,,,,unresolved,not_resolved_from_compendium_row,True,False,False,True,True,False,quarantine_compendium_provenance,measurement_temperature_state_correction_and_independence_unverified,False,False,True,,[],train,grp_5dea7427c65d07c7
rdr250199#csvline385,compendium,mol_6dc54388549b234e,"InChI=1S/CH4O/c1-2/h2H,1H3",methanol,20.6,473,20600,C,,"[""1986YER/WOR""]","RDR file 250199, CSV line 385",,unspecified_compendium_deviation,,,,unresolved,not_resolved_from_compendium_row,True,False,False,True,True,False,quarantine_compendium_provenance,measurement_temperature_state_correction_and_independence_unverified,False,False,True,,[],train,grp_5dea7427c65d07c7
rdr250199#csvline3852,compendium,mol_5dbb586fa38c6136,"InChI=1S/C5H9N/c1-2-3-4-5-6/h2-4H2,1H3",valeronitrile,43.6,298,43600,C,,"[""1970HOW/WAD""]","RDR file 250199, CSV line 3852",0.1,unspecified_compendium_deviation,,,,unresolved,not_resolved_from_compendium_row,True,False,False,True,True,False,quarantine_compendium_provenance,measurement_temperature_state_correction_and_independence_unverified,False,False,True,,[],train,grp_5dea7427c65d07c7
rdr250199#csvline3856,compendium,mol_5dbb586fa38c6136,"InChI=1S/C5H9N/c1-2-3-4-5-6/h2-4H2,1H3",valeronitrile,33.4,402,33400,C,,"[""1901KAH""]","RDR file 250199, CSV line 3856",,unspecified_compendium_deviation,,,,unresolved,not_resolved_from_compendium_row,True,False,False,True,True,False,quarantine_compendium_provenance,measurement_temperature_state_correction_and_independence_unverified,False,False,True,,[],train,grp_5dea7427c65d07c7
rdr250199#csvline391,compendium,mol_6dc54388549b234e,"InChI=1S/CH4O/c1-2/h2H,1H3",methanol,37.4,298,37400,C,,"[""1973SVO/VES""]","RDR file 250199, CSV line 391",0.1,unspecified_compendium_deviation,,,,unresolved,not_resolved_from_compendium_row,True,False,False,True,True,True,quarantine_compendium_provenance,measurement_temperature_state_correction_and_independence_unverified,False,False,True,,[],train,grp_5dea7427c65d07c7
rdr250199#csvline392,compendium,mol_6dc54388549b234e,"InChI=1S/CH4O/c1-2/h2H,1H3",methanol,36.7,313,36700,C,,"[""1973SVO/VES""]","RDR file 250199, CSV line 392",0.1,unspecified_compendium_deviation,,,,unresolved,not_resolved_from_compendium_row,True,False,False,True,True,False,quarantine_compendium_provenance,measurement_temperature_state_correction_and_independence_unverified,False,False,True,,[],train,grp_5dea7427c65d07c7
rdr250199#csvline393,compendium,mol_6dc54388549b234e,"InChI=1S/CH4O/c1-2/h2H,1H3",methanol,36.2,323,36200,C,,"[""1973SVO/VES""]","RDR file 250199, CSV line 393",0.1,unspecified_compendium_deviation,,,,unresolved,not_resolved_from_compendium_row,True,False,False,True,True,False,quarantine_compendium_provenance,measurement_temperature_state_correction_and_independence_unverified,False,False,True,,[],train,grp_5dea7427c65d07c7
rdr250199#csvline394,compendium,mol_6dc54388549b234e,"InChI=1S/CH4O/c1-2/h2H,1H3",methanol,35.6,333,35600,C,,"[""1973SVO/VES""]","RDR file 250199, CSV line 394",0.1,unspecified_compendium_deviation,,,,unresolved,not_resolved_from_compendium_row,True,False,False,True,True,False,quarantine_compendium_provenance,measurement_temperature_state_correction_and_independence_unverified,False,False,True,,[],train,grp_5dea7427c65d07c7
rdr250199#csvline395,compendium,mol_6dc54388549b234e,"InChI=1S/CH4O/c1-2/h2H,1H3",methanol,35.3,338,35300,C,,"[""1973SVO/VES""]","RDR file 250199, CSV line 395",0.1,unspecified_compendium_deviation,,,,unresolved,not_resolved_from_compendium_row,True,False,False,True,True,False,quarantine_compendium_provenance,measurement_temperature_state_correction_and_independence_unverified,False,False,True,,[],train,grp_5dea7427c65d07c7
rdr250199#csvline396,compendium,mol_6dc54388549b234e,"InChI=1S/CH4O/c1-2/h2H,1H3",methanol,34.7,343,34700,C,,"[""1973SVO/VES""]","RDR file 250199, CSV line 396",0.1,unspecified_compendium_deviation,,,,unresolved,not_resolved_from_compendium_row,True,False,False,True,True,False,quarantine_compendium_provenance,measurement_temperature_state_correction_and_independence_unverified,False,False,True,,[],train,grp_5dea7427c65d07c7
rdr250199#csvline3966,compendium,mol_3ff2b6ab243e2db7,"InChI=1S/C5H10O/c1-4-5(2,3)6/h4,6H,1H2,2-3H3",2-methyl-3-buten-2-ol,47.6,298,47600,C,,"[""2015ZAI/PAU""]","RDR file 250199, CSV line 3966",1.6,unspecified_compendium_deviation,,,,unresolved,not_resolved_from_compendium_row,True,False,False,True,True,True,quarantine_compendium_provenance,measurement_temperature_state_correction_and_independence_unverified,False,False,True,,[],test,grp_3ff2b6ab243e2db7
rdr250199#csvline397,compendium,mol_6dc54388549b234e,"InChI=1S/CH4O/c1-2/h2H,1H3",methanol,35.2,338,35200,C,,"[""1973COU/LEE""]","RDR file 250199, CSV line 397",0.1,unspecified_compendium_deviation,,,,unresolved,not_resolved_from_compendium_row,True,False,False,True,True,False,quarantine_compendium_provenance,measurement_temperature_state_correction_and_independence_unverified,False,False,True,,[],train,grp_5dea7427c65d07c7
rdr250199#csvline398,compendium,mol_6dc54388549b234e,"InChI=1S/CH4O/c1-2/h2H,1H3",methanol,35.6,331,35600,C,,"[""1973COU/LEE""]","RDR file 250199, CSV line 398",0.1,unspecified_compendium_deviation,,,,unresolved,not_resolved_from_compendium_row,True,False,False,True,True,False,quarantine_compendium_provenance,measurement_temperature_state_correction_and_independence_unverified,False,False,True,,[],train,grp_5dea7427c65d07c7
rdr250199#csvline3984,compendium,mol_5fa3d4f920d98423,"InChI=1S/C5H10O/c6-5-3-1-2-4-5/h5-6H,1-4H2",cyclopentanol,57.5,298,57500,C,,"[""1968PLA/WIL""]","RDR file 250199, CSV line 3984",0.2,unspecified_compendium_deviation,,,,unresolved,not_resolved_from_compendium_row,True,False,False,True,True,True,quarantine_compendium_provenance,measurement_temperature_state_correction_and_independence_unverified,False,False,True,,[],train,grp_5dea7427c65d07c7
rdr250199#csvline3985,compendium,mol_5fa3d4f920d98423,"InChI=1S/C5H10O/c6-5-3-1-2-4-5/h5-6H,1-4H2",cyclopentanol,57.5,298,57500,C,,"[""1966WAD""]","RDR file 250199, CSV line 3985",0.3,unspecified_compendium_deviation,,,,unresolved,not_resolved_from_compendium_row,True,False,False,True,True,True,quarantine_compendium_provenance,measurement_temperature_state_correction_and_independence_unverified,False,False,True,,[],train,grp_5dea7427c65d07c7
rdr250199#csvline399,compendium,mol_6dc54388549b234e,"InChI=1S/CH4O/c1-2/h2H,1H3",methanol,36.2,321,36200,C,,"[""1973COU/LEE""]","RDR file 250199, CSV line 399",0.1,unspecified_compendium_deviation,,,,unresolved,not_resolved_from_compendium_row,True,False,False,True,True,False,quarantine_compendium_provenance,measurement_temperature_state_correction_and_independence_unverified,False,False,True,,[],train,grp_5dea7427c65d07c7
rdr250199#csvline3996,compendium,mol_2f2b484f1c3d108f,"InChI=1S/C5H10O/c1-4(2)5(3)6/h4H,1-3H3",3-methyl-2-butanone,36.8,298,36800,C,,"[""1983UCH/MAJ""]","RDR file 250199, CSV line 3996",,unspecified_compendium_deviation,,,,unresolved,not_resolved_from_compendium_row,True,False,False,True,True,False,quarantine_compendium_provenance,measurement_temperature_state_correction_and_independence_unverified,False,False,True,,[],train,grp_5dea7427c65d07c7
rdr250199#csvline3997,compendium,mol_2f2b484f1c3d108f,"InChI=1S/C5H10O/c1-4(2)5(3)6/h4H,1-3H3",3-methyl-2-butanone,36.8,298,36800,C,,"[""1981GAT/STR""]","RDR file 250199, CSV line 3997",0.3,unspecified_compendium_deviation,,,,unresolved,not_resolved_from_compendium_row,True,False,False,True,True,False,quarantine_compendium_provenance,measurement_temperature_state_correction_and_independence_unverified,False,False,True,,[],train,grp_5dea7427c65d07c7
rdr250199#csvline400,compendium,mol_6dc54388549b234e,"InChI=1S/CH4O/c1-2/h2H,1H3",methanol,37,306,37000,C,,"[""1973COU/LEE""]","RDR file 250199, CSV line 400",0.1,unspecified_compendium_deviation,,,,unresolved,not_resolved_from_compendium_row,True,False,False,True,True,False,quarantine_compendium_provenance,measurement_temperature_state_correction_and_independence_unverified,False,False,True,,[],train,grp_5dea7427c65d07c7
rdr250199#csvline4000,compendium,mol_2f2b484f1c3d108f,"InChI=1S/C5H10O/c1-4(2)5(3)6/h4H,1-3H3",3-methyl-2-butanone,35,327,35000,C,,"[""1967HAL/LEE""]","RDR file 250199, CSV line 4000",0.1,unspecified_compendium_deviation,,,,unresolved,not_resolved_from_compendium_row,True,False,False,True,True,False,quarantine_compendium_provenance,measurement_temperature_state_correction_and_independence_unverified,False,False,True,,[],train,grp_5dea7427c65d07c7
rdr250199#csvline4001,compendium,mol_2f2b484f1c3d108f,"InChI=1S/C5H10O/c1-4(2)5(3)6/h4H,1-3H3",3-methyl-2-butanone,33.8,346,33800,C,,"[""1967HAL/LEE""]","RDR file 250199, CSV line 4001",0.1,unspecified_compendium_deviation,,,,unresolved,not_resolved_from_compendium_row,True,False,False,True,True,False,quarantine_compendium_provenance,measurement_temperature_state_correction_and_independence_unverified,False,False,True,,[],train,grp_5dea7427c65d07c7
rdr250199#csvline4002,compendium,mol_2f2b484f1c3d108f,"InChI=1S/C5H10O/c1-4(2)5(3)6/h4H,1-3H3",3-methyl-2-butanone,32.3,367,32300,C,,"[""1967HAL/LEE""]","RDR file 250199, CSV line 4002",0.1,unspecified_compendium_deviation,,,,unresolved,not_resolved_from_compendium_row,True,False,False,True,True,False,quarantine_compendium_provenance,measurement_temperature_state_correction_and_independence_unverified,False,False,True,,[],train,grp_5dea7427c65d07c7
rdr250199#csvline402,compendium,mol_6dc54388549b234e,"InChI=1S/CH4O/c1-2/h2H,1H3",methanol,37.43,298,37430,C,,"[""1971POL/BEN""]","RDR file 250199, CSV line 402",0.02,unspecified_compendium_deviation,,,,unresolved,not_resolved_from_compendium_row,True,False,False,True,True,True,quarantine_compendium_provenance,measurement_temperature_state_correction_and_independence_unverified,False,False,True,,[],train,grp_5dea7427c65d07c7
rdr250199#csvline4022,compendium,mol_bcfe0436200b409a,"InChI=1S/C5H10O/c1-3-5(6)4-2/h3-4H2,1-2H3",3-pentanone,38.5,298,38500,C,,"[""1983UCH/MAJ""]","RDR file 250199, CSV line 4022",,unspecified_compendium_deviation,,,,unresolved,not_resolved_from_compendium_row,True,False,False,True,True,True,quarantine_compendium_provenance,measurement_temperature_state_correction_and_independence_unverified,False,False,True,,[],train,grp_5dea7427c65d07c7
rdr250199#csvline4023,compendium,mol_bcfe0436200b409a,"InChI=1S/C5H10O/c1-3-5(6)4-2/h3-4H2,1-2H3",3-pentanone,38.6,298,38600,C,,"[""1981GAT/STR""]","RDR file 250199, CSV line 4023",0.3,unspecified_compendium_deviation,,,,unresolved,not_resolved_from_compendium_row,True,False,False,True,True,True,quarantine_compendium_provenance,measurement_temperature_state_correction_and_independence_unverified,False,False,True,,[],train,grp_5dea7427c65d07c7
rdr250199#csvline4026,compendium,mol_bcfe0436200b409a,"InChI=1S/C5H10O/c1-3-5(6)4-2/h3-4H2,1-2H3",3-pentanone,36.1,335,36100,C,,"[""1967HAL/LEE""]","RDR file 250199, CSV line 4026",0.1,unspecified_compendium_deviation,,,,unresolved,not_resolved_from_compendium_row,True,False,False,True,True,False,quarantine_compendium_provenance,measurement_temperature_state_correction_and_independence_unverified,False,False,True,,[],train,grp_5dea7427c65d07c7
rdr250199#csvline4027,compendium,mol_bcfe0436200b409a,"InChI=1S/C5H10O/c1-3-5(6)4-2/h3-4H2,1-2H3",3-pentanone,34.9,354,34900,C,,"[""1967HAL/LEE""]","RDR file 250199, CSV line 4027",0.1,unspecified_compendium_deviation,,,,unresolved,not_resolved_from_compendium_row,True,False,False,True,True,False,quarantine_compendium_provenance,measurement_temperature_state_correction_and_independence_unverified,False,False,True,,[],train,grp_5dea7427c65d07c7
rdr250199#csvline4028,compendium,mol_bcfe0436200b409a,"InChI=1S/C5H10O/c1-3-5(6)4-2/h3-4H2,1-2H3",3-pentanone,33.5,375,33500,C,,"[""1967HAL/LEE""]","RDR file 250199, CSV line 4028",0.1,unspecified_compendium_deviation,,,,unresolved,not_resolved_from_compendium_row,True,False,False,True,True,False,quarantine_compendium_provenance,measurement_temperature_state_correction_and_independence_unverified,False,False,True,,[],train,grp_5dea7427c65d07c7
rdr250199#csvline403,compendium,mol_6dc54388549b234e,"InChI=1S/CH4O/c1-2/h2H,1H3",methanol,37,308,37000,C,,"[""1971POL/BEN""]","RDR file 250199, CSV line 403",0.1,unspecified_compendium_deviation,,,,unresolved,not_resolved_from_compendium_row,True,False,False,True,True,False,quarantine_compendium_provenance,measurement_temperature_state_correction_and_independence_unverified,False,False,True,,[],train,grp_5dea7427c65d07c7
rdr250199#csvline404,compendium,mol_6dc54388549b234e,"InChI=1S/CH4O/c1-2/h2H,1H3",methanol,36.5,328,36500,C,,"[""1971POL/BEN""]","RDR file 250199, CSV line 404",0.1,unspecified_compendium_deviation,,,,unresolved,not_resolved_from_compendium_row,True,False,False,True,True,False,quarantine_compendium_provenance,measurement_temperature_state_correction_and_independence_unverified,False,False,True,,[],train,grp_5dea7427c65d07c7
rdr250199#csvline405,compendium,mol_6dc54388549b234e,"InChI=1S/CH4O/c1-2/h2H,1H3",methanol,35.5,328,35500,C,,"[""1971POL/BEN""]","RDR file 250199, CSV line 405",0.1,unspecified_compendium_deviation,,,,unresolved,not_resolved_from_compendium_row,True,False,False,True,True,False,quarantine_compendium_provenance,measurement_temperature_state_correction_and_independence_unverified,False,False,True,,[],train,grp_5dea7427c65d07c7
rdr250199#csvline4059,compendium,mol_dd7217c8aa001588,"InChI=1S/C5H10O2/c1-2-3-4-7-5-6/h5H,2-4H2,1H3",butyl formate,41.3,298,41300,C,,"[""1980SVO/UCH""]","RDR file 250199, CSV line 4059",0.1,unspecified_compendium_deviation,,,,unresolved,not_resolved_from_compendium_row,True,False,False,True,True,False,quarantine_compendium_provenance,measurement_temperature_state_correction_and_independence_unverified,False,False,True,,[],train,grp_5dea7427c65d07c7
rdr250199#csvline4060,compendium,mol_dd7217c8aa001588,"InChI=1S/C5H10O2/c1-2-3-4-7-5-6/h5H,2-4H2,1H3",butyl formate,40.1,313,40100,C,,"[""1980SVO/UCH""]","RDR file 250199, CSV line 4060",0.1,unspecified_compendium_deviation,,,,unresolved,not_resolved_from_compendium_row,True,False,False,True,True,False,quarantine_compendium_provenance,measurement_temperature_state_correction_and_independence_unverified,False,False,True,,[],train,grp_5dea7427c65d07c7
rdr250199#csvline4061,compendium,mol_dd7217c8aa001588,"InChI=1S/C5H10O2/c1-2-3-4-7-5-6/h5H,2-4H2,1H3",butyl formate,39,328,39000,C,,"[""1980SVO/UCH""]","RDR file 250199, CSV line 4061",0.1,unspecified_compendium_deviation,,,,unresolved,not_resolved_from_compendium_row,True,False,False,True,True,True,quarantine_compendium_provenance,measurement_temperature_state_correction_and_independence_unverified,False,False,True,,[],train,grp_5dea7427c65d07c7
rdr250199#csvline4063,compendium,mol_dd7217c8aa001588,"InChI=1S/C5H10O2/c1-2-3-4-7-5-6/h5H,2-4H2,1H3",butyl formate,38.7,346,38700,C,,"[""1976CIH/HYN""]","RDR file 250199, CSV line 4063",0.1,unspecified_compendium_deviation,,,,unresolved,not_resolved_from_compendium_row,True,False,False,True,True,False,quarantine_compendium_provenance,measurement_temperature_state_correction_and_independence_unverified,False,False,True,,[],train,grp_5dea7427c65d07c7
rdr250199#csvline4064,compendium,mol_dd7217c8aa001588,"InChI=1S/C5H10O2/c1-2-3-4-7-5-6/h5H,2-4H2,1H3",butyl formate,38.1,355,38100,C,,"[""1976CIH/HYN""]","RDR file 250199, CSV line 4064",0.1,unspecified_compendium_deviation,,,,unresolved,not_resolved_from_compendium_row,True,False,False,True,True,False,quarantine_compendium_provenance,measurement_temperature_state_correction_and_independence_unverified,False,False,True,,[],train,grp_5dea7427c65d07c7
rdr250199#csvline4065,compendium,mol_dd7217c8aa001588,"InChI=1S/C5H10O2/c1-2-3-4-7-5-6/h5H,2-4H2,1H3",butyl formate,37.3,363,37300,C,,"[""1976CIH/HYN""]","RDR file 250199, CSV line 4065",0.1,unspecified_compendium_deviation,,,,unresolved,not_resolved_from_compendium_row,True,False,False,True,True,False,quarantine_compendium_provenance,measurement_temperature_state_correction_and_independence_unverified,False,False,True,,[],train,grp_5dea7427c65d07c7
rdr250199#csvline4069,compendium,mol_dd7217c8aa001588,"InChI=1S/C5H10O2/c1-2-3-4-7-5-6/h5H,2-4H2,1H3",butyl formate,37.1,378,37100,C,,"[""1926MAT""]","RDR file 250199, CSV line 4069",0.3,unspecified_compendium_deviation,,,,unresolved,not_resolved_from_compendium_row,True,False,False,True,True,False,quarantine_compendium_provenance,measurement_temperature_state_correction_and_independence_unverified,False,False,True,,[],train,grp_5dea7427c65d07c7
rdr250199#csvline4070,compendium,mol_dd7217c8aa001588,"InChI=1S/C5H10O2/c1-2-3-4-7-5-6/h5H,2-4H2,1H3",butyl formate,32.1,298,32100,C,,"[""1926MAT"",""2012SAM/NAZ""]","RDR file 250199, CSV line 4070",0.3,unspecified_compendium_deviation,,,,unresolved,not_resolved_from_compendium_row,True,False,False,True,True,False,quarantine_compendium_provenance,measurement_temperature_state_correction_and_independence_unverified,False,False,True,,[],train,grp_5dea7427c65d07c7
rdr250199#csvline4076,compendium,mol_6eb44d0732fcdc70,"InChI=1S/C5H10O2/c1-3-5(6)7-4-2/h3-4H2,1-2H3",ethyl propanoate,39.3,298,39300,C,,"[""1980SVO/UCH""]","RDR file 250199, CSV line 4076",0.1,unspecified_compendium_deviation,,,,unresolved,not_resolved_from_compendium_row,True,False,False,True,True,False,quarantine_compendium_provenance,measurement_temperature_state_correction_and_independence_unverified,False,False,True,,[],train,grp_5dea7427c65d07c7
rdr250199#csvline4077,compendium,mol_6eb44d0732fcdc70,"InChI=1S/C5H10O2/c1-3-5(6)7-4-2/h3-4H2,1-2H3",ethyl propanoate,38.2,313,38200,C,,"[""1980SVO/UCH""]","RDR file 250199, CSV line 4077",0.1,unspecified_compendium_deviation,,,,unresolved,not_resolved_from_compendium_row,True,False,False,True,True,False,quarantine_compendium_provenance,measurement_temperature_state_correction_and_independence_unverified,False,False,True,,[],train,grp_5dea7427c65d07c7
rdr250199#csvline4078,compendium,mol_6eb44d0732fcdc70,"InChI=1S/C5H10O2/c1-3-5(6)7-4-2/h3-4H2,1-2H3",ethyl propanoate,36.6,336,36600,C,,"[""1977SVO/VES""]","RDR file 250199, CSV line 4078",0.1,unspecified_compendium_deviation,,,,unresolved,not_resolved_from_compendium_row,True,False,False,True,True,False,quarantine_compendium_provenance,measurement_temperature_state_correction_and_independence_unverified,False,False,True,,[],train,grp_5dea7427c65d07c7
rdr250199#csvline4079,compendium,mol_6eb44d0732fcdc70,"InChI=1S/C5H10O2/c1-3-5(6)7-4-2/h3-4H2,1-2H3",ethyl propanoate,36,344,36000,C,,"[""1977SVO/VES""]","RDR file 250199, CSV line 4079",0.1,unspecified_compendium_deviation,,,,unresolved,not_resolved_from_compendium_row,True,False,False,True,True,False,quarantine_compendium_provenance,measurement_temperature_state_correction_and_independence_unverified,False,False,True,,[],train,grp_5dea7427c65d07c7
rdr250199#csvline408,compendium,mol_6dc54388549b234e,"InChI=1S/CH4O/c1-2/h2H,1H3",methanol,37.3,298,37300,C,,"[""1966WAD""]","RDR file 250199, CSV line 408",0.1,unspecified_compendium_deviation,,,,unresolved,not_resolved_from_compendium_row,True,False,False,True,True,True,quarantine_compendium_provenance,measurement_temperature_state_correction_and_independence_unverified,False,False,True,,[],train,grp_5dea7427c65d07c7
rdr250199#csvline4080,compendium,mol_6eb44d0732fcdc70,"InChI=1S/C5H10O2/c1-3-5(6)7-4-2/h3-4H2,1-2H3",ethyl propanoate,35.5,351,35500,C,,"[""1977SVO/VES""]","RDR file 250199, CSV line 4080",0.1,unspecified_compendium_deviation,,,,unresolved,not_resolved_from_compendium_row,True,False,False,True,True,False,quarantine_compendium_provenance,measurement_temperature_state_correction_and_independence_unverified,False,False,True,,[],train,grp_5dea7427c65d07c7
rdr250199#csvline4081,compendium,mol_6eb44d0732fcdc70,"InChI=1S/C5H10O2/c1-3-5(6)7-4-2/h3-4H2,1-2H3",ethyl propanoate,34.5,363,34500,C,,"[""1977SVO/VES""]","RDR file 250199, CSV line 4081",0.1,unspecified_compendium_deviation,,,,unresolved,not_resolved_from_compendium_row,True,False,False,True,True,False,quarantine_compendium_provenance,measurement_temperature_state_correction_and_independence_unverified,False,False,True,,[],train,grp_5dea7427c65d07c7
rdr250199#csvline4082,compendium,mol_6eb44d0732fcdc70,"InChI=1S/C5H10O2/c1-3-5(6)7-4-2/h3-4H2,1-2H3",ethyl propanoate,39.1,298,39100,C,,"[""1972MAN""]","RDR file 250199, CSV line 4082",0.1,unspecified_compendium_deviation,,,,unresolved,not_resolved_from_compendium_row,True,False,False,True,True,False,quarantine_compendium_provenance,measurement_temperature_state_correction_and_independence_unverified,False,False,True,,[],train,grp_5dea7427c65d07c7
rdr250199#csvline4087,compendium,mol_a3ec1070c8366fe2,"InChI=1S/C5H10O2/c1-4(2)7-5(3)6/h4H,1-3H3",isopropyl acetate,35.6,323,35600,C,,"[""1973GEI/QUI""]","RDR file 250199, CSV line 4087",,unspecified_compendium_deviation,,,,unresolved,not_resolved_from_compendium_row,True,False,False,True,True,False,quarantine_compendium_provenance,measurement_temperature_state_correction_and_independence_unverified,False,False,True,,[],train,grp_5dea7427c65d07c7
rdr250199#csvline4088,compendium,mol_a3ec1070c8366fe2,"InChI=1S/C5H10O2/c1-4(2)7-5(3)6/h4H,1-3H3",isopropyl acetate,37.2,298,37200,C,,"[""1966WAD""]","RDR file 250199, CSV line 4088",0.2,unspecified_compendium_deviation,,,,unresolved,not_resolved_from_compendium_row,True,False,False,True,True,False,quarantine_compendium_provenance,measurement_temperature_state_correction_and_independence_unverified,False,False,True,,[],train,grp_5dea7427c65d07c7
rdr250199#csvline409,compendium,mol_6dc54388549b234e,"InChI=1S/CH4O/c1-2/h2H,1H3",methanol,37.7,298,37700,C,,"[""1963MCC/LAI""]","RDR file 250199, CSV line 409",0.1,unspecified_compendium_deviation,,,,unresolved,not_resolved_from_compendium_row,True,False,False,True,True,True,quarantine_compendium_provenance,measurement_temperature_state_correction_and_independence_unverified,False,False,True,,[],train,grp_5dea7427c65d07c7
rdr250199#csvline4104,compendium,mol_8568098f87e46d1f,"InChI=1S/C5H10O2/c1-3-4-5(6)7-2/h3-4H2,1-2H3",methyl butyrate,40.1,298,40100,C,,"[""1981GAT/STR""]","RDR file 250199, CSV line 4104",0.4,unspecified_compendium_deviation,,,,unresolved,not_resolved_from_compendium_row,True,False,False,True,True,True,quarantine_compendium_provenance,measurement_temperature_state_correction_and_independence_unverified,False,False,True,,[],train,grp_5dea7427c65d07c7
rdr250199#csvline4106,compendium,mol_8568098f87e46d1f,"InChI=1S/C5H10O2/c1-3-4-5(6)7-2/h3-4H2,1-2H3",methyl butyrate,39.3,298,39300,C,,"[""1979SUN/SVE2""]","RDR file 250199, CSV line 4106",0.2,unspecified_compendium_deviation,,,,unresolved,not_resolved_from_compendium_row,True,False,False,True,True,True,quarantine_compendium_provenance,measurement_temperature_state_correction_and_independence_unverified,False,False,True,,[],train,grp_5dea7427c65d07c7
rdr250199#csvline4120,compendium,mol_502267b1d358ae7d,"InChI=1S/C5H10O2/c1-3-4-7-5(2)6/h3-4H2,1-2H3",propyl acetate,39.8,298,39800,C,,"[""1980SVO/UCH""]","RDR file 250199, CSV line 4120",0.1,unspecified_compendium_deviation,,,,unresolved,not_resolved_from_compendium_row,True,False,False,True,True,True,quarantine_compendium_provenance,measurement_temperature_state_correction_and_independence_unverified,False,False,True,,[],train,grp_5dea7427c65d07c7
rdr250199#csvline4121,compendium,mol_502267b1d358ae7d,"InChI=1S/C5H10O2/c1-3-4-7-5(2)6/h3-4H2,1-2H3",propyl acetate,38.6,313,38600,C,,"[""1980SVO/UCH""]","RDR file 250199, CSV line 4121",0.1,unspecified_compendium_deviation,,,,unresolved,not_resolved_from_compendium_row,True,False,False,True,True,True,quarantine_compendium_provenance,measurement_temperature_state_correction_and_independence_unverified,False,False,True,,[],train,grp_5dea7427c65d07c7
rdr250199#csvline4122,compendium,mol_502267b1d358ae7d,"InChI=1S/C5H10O2/c1-3-4-7-5(2)6/h3-4H2,1-2H3",propyl acetate,35.3,343,35300,C,,"[""1980SVO/UCH""]","RDR file 250199, CSV line 4122",0.1,unspecified_compendium_deviation,,,,unresolved,not_resolved_from_compendium_row,True,False,False,True,True,False,quarantine_compendium_provenance,measurement_temperature_state_correction_and_independence_unverified,False,False,True,,[],train,grp_5dea7427c65d07c7
rdr250199#csvline4123,compendium,mol_502267b1d358ae7d,"InChI=1S/C5H10O2/c1-3-4-7-5(2)6/h3-4H2,1-2H3",propyl acetate,36.9,336,36900,C,,"[""1977SVO/VES""]","RDR file 250199, CSV line 4123",0.1,unspecified_compendium_deviation,,,,unresolved,not_resolved_from_compendium_row,True,False,False,True,True,False,quarantine_compendium_provenance,measurement_temperature_state_correction_and_independence_unverified,False,False,True,,[],train,grp_5dea7427c65d07c7
rdr250199#csvline4124,compendium,mol_502267b1d358ae7d,"InChI=1S/C5H10O2/c1-3-4-7-5(2)6/h3-4H2,1-2H3",propyl acetate,36.4,344,36400,C,,"[""1977SVO/VES""]","RDR file 250199, CSV line 4124",0.1,unspecified_compendium_deviation,,,,unresolved,not_resolved_from_compendium_row,True,False,False,True,True,False,quarantine_compendium_provenance,measurement_temperature_state_correction_and_independence_unverified,False,False,True,,[],train,grp_5dea7427c65d07c7
rdr250199#csvline4125,compendium,mol_502267b1d358ae7d,"InChI=1S/C5H10O2/c1-3-4-7-5(2)6/h3-4H2,1-2H3",propyl acetate,35.8,351,35800,C,,"[""1977SVO/VES""]","RDR file 250199, CSV line 4125",0.1,unspecified_compendium_deviation,,,,unresolved,not_resolved_from_compendium_row,True,False,False,True,True,False,quarantine_compendium_provenance,measurement_temperature_state_correction_and_independence_unverified,False,False,True,,[],train,grp_5dea7427c65d07c7
rdr250199#csvline4126,compendium,mol_502267b1d358ae7d,"InChI=1S/C5H10O2/c1-3-4-7-5(2)6/h3-4H2,1-2H3",propyl acetate,34.8,363,34800,C,,"[""1977SVO/VES""]","RDR file 250199, CSV line 4126",0.1,unspecified_compendium_deviation,,,,unresolved,not_resolved_from_compendium_row,True,False,False,True,True,False,quarantine_compendium_provenance,measurement_temperature_state_correction_and_independence_unverified,False,False,True,,[],train,grp_5dea7427c65d07c7
rdr250199#csvline4129,compendium,mol_502267b1d358ae7d,"InChI=1S/C5H10O2/c1-3-4-7-5(2)6/h3-4H2,1-2H3",propyl acetate,36.7,335,36700,C,,"[""1973GEI/QUI""]","RDR file 250199, CSV line 4129",,unspecified_compendium_deviation,,,,unresolved,not_resolved_from_compendium_row,True,False,False,True,True,False,quarantine_compendium_provenance,measurement_temperature_state_correction_and_independence_unverified,False,False,True,,[],train,grp_5dea7427c65d07c7
rdr250199#csvline4130,compendium,mol_502267b1d358ae7d,"InChI=1S/C5H10O2/c1-3-4-7-5(2)6/h3-4H2,1-2H3",propyl acetate,39.1,298,39100,C,,"[""1966WAD""]","RDR file 250199, CSV line 4130",0.2,unspecified_compendium_deviation,,,,unresolved,not_resolved_from_compendium_row,True,False,False,True,True,True,quarantine_compendium_provenance,measurement_temperature_state_correction_and_independence_unverified,False,False,True,,[],train,grp_5dea7427c65d07c7
rdr250199#csvline4153,compendium,mol_2e302d909c9e5e5c,"InChI=1S/C5H10O3/c1-3-7-5(6)8-4-2/h3-4H2,1-2H3",diethyl carbonate,43.6,298,43600,C,,"[""1973COU/LEE""]","RDR file 250199, CSV line 4153",0.2,unspecified_compendium_deviation,,,,unresolved,not_resolved_from_compendium_row,True,False,False,True,True,True,quarantine_compendium_provenance,measurement_temperature_state_correction_and_independence_unverified,False,False,True,,[],train,grp_5dea7427c65d07c7
rdr250199#csvline4156,compendium,mol_91aa5b5594ca491a,"InChI=1S/C5H10O3/c1-5(6)8-4-3-7-2/h3-4H2,1-2H3",ethylene glycol methyl ethyl acetate,50.3,298,50300,C,,"[""1970KUS/WAD""]","RDR file 250199, CSV line 4156",0.1,unspecified_compendium_deviation,,,,unresolved,not_resolved_from_compendium_row,True,False,False,True,True,False,quarantine_compendium_provenance,measurement_temperature_state_correction_and_independence_unverified,False,False,True,,[],train,grp_5dea7427c65d07c7
rdr250199#csvline4206,compendium,mol_528932d2a9841ae7,"InChI=1S/C5H11Cl/c1-2-3-4-5-6/h2-5H2,1H3",1-chloropentane,38.2,298,38200,C,,"[""1981TEK/MAJ""]","RDR file 250199, CSV line 4206",,unspecified_compendium_deviation,,,,unresolved,not_resolved_from_compendium_row,True,False,False,True,True,False,quarantine_compendium_provenance,measurement_temperature_state_correction_and_independence_unverified,False,False,True,,[],train,grp_5dea7427c65d07c7
rdr250199#csvline4207,compendium,mol_528932d2a9841ae7,"InChI=1S/C5H11Cl/c1-2-3-4-5-6/h2-5H2,1H3",1-chloropentane,37.3,313,37300,C,,"[""1981TEK/MAJ""]","RDR file 250199, CSV line 4207",,unspecified_compendium_deviation,,,,unresolved,not_resolved_from_compendium_row,True,False,False,True,True,True,quarantine_compendium_provenance,measurement_temperature_state_correction_and_independence_unverified,False,False,True,,[],train,grp_5dea7427c65d07c7
rdr250199#csvline4208,compendium,mol_528932d2a9841ae7,"InChI=1S/C5H11Cl/c1-2-3-4-5-6/h2-5H2,1H3",1-chloropentane,36.5,328,36500,C,,"[""1981TEK/MAJ""]","RDR file 250199, CSV line 4208",,unspecified_compendium_deviation,,,,unresolved,not_resolved_from_compendium_row,True,False,False,True,True,True,quarantine_compendium_provenance,measurement_temperature_state_correction_and_independence_unverified,False,False,True,,[],train,grp_5dea7427c65d07c7
rdr250199#csvline4209,compendium,mol_528932d2a9841ae7,"InChI=1S/C5H11Cl/c1-2-3-4-5-6/h2-5H2,1H3",1-chloropentane,35.6,343,35600,C,,"[""1981TEK/MAJ""]","RDR file 250199, CSV line 4209",,unspecified_compendium_deviation,,,,unresolved,not_resolved_from_compendium_row,True,False,False,True,True,False,quarantine_compendium_provenance,measurement_temperature_state_correction_and_independence_unverified,False,False,True,,[],train,grp_5dea7427c65d07c7
rdr250199#csvline4210,compendium,mol_528932d2a9841ae7,"InChI=1S/C5H11Cl/c1-2-3-4-5-6/h2-5H2,1H3",1-chloropentane,34.6,358,34600,C,,"[""1981TEK/MAJ""]","RDR file 250199, CSV line 4210",,unspecified_compendium_deviation,,,,unresolved,not_resolved_from_compendium_row,True,False,False,True,True,False,quarantine_compendium_provenance,measurement_temperature_state_correction_and_independence_unverified,False,False,True,,[],train,grp_5dea7427c65d07c7
rdr250199#csvline4211,compendium,mol_528932d2a9841ae7,"InChI=1S/C5H11Cl/c1-2-3-4-5-6/h2-5H2,1H3",1-chloropentane,34,363,34000,C,,"[""1981TEK/MAJ""]","RDR file 250199, CSV line 4211",,unspecified_compendium_deviation,,,,unresolved,not_resolved_from_compendium_row,True,False,False,True,True,False,quarantine_compendium_provenance,measurement_temperature_state_correction_and_independence_unverified,False,False,True,,[],train,grp_5dea7427c65d07c7
rdr250199#csvline4212,compendium,mol_528932d2a9841ae7,"InChI=1S/C5H11Cl/c1-2-3-4-5-6/h2-5H2,1H3",1-chloropentane,38.2,298,38200,C,,"[""1968WAD""]","RDR file 250199, CSV line 4212",0.1,unspecified_compendium_deviation,,,,unresolved,not_resolved_from_compendium_row,True,False,False,True,True,False,quarantine_compendium_provenance,measurement_temperature_state_correction_and_independence_unverified,False,False,True,,[],train,grp_5dea7427c65d07c7
rdr250199#csvline4347,compendium,mol_024c11ca89792376,"InChI=1S/C5H12O/c1-3-4-5-6-2/h3-5H2,1-2H3",1-methoxybutane,32.4,298,32400,C,,"[""1980MAJ/WAG""]","RDR file 250199, CSV line 4347",,unspecified_compendium_deviation,,,,unresolved,not_resolved_from_compendium_row,True,False,False,True,True,True,quarantine_compendium_provenance,measurement_temperature_state_correction_and_independence_unverified,False,False,True,,[],train,grp_5dea7427c65d07c7
rdr250199#csvline4348,compendium,mol_024c11ca89792376,"InChI=1S/C5H12O/c1-3-4-5-6-2/h3-5H2,1-2H3",1-methoxybutane,31.5,313,31500,C,,"[""1980MAJ/WAG""]","RDR file 250199, CSV line 4348",,unspecified_compendium_deviation,,,,unresolved,not_resolved_from_compendium_row,True,False,False,True,True,False,quarantine_compendium_provenance,measurement_temperature_state_correction_and_independence_unverified,False,False,True,,[],train,grp_5dea7427c65d07c7
rdr250199#csvline4349,compendium,mol_024c11ca89792376,"InChI=1S/C5H12O/c1-3-4-5-6-2/h3-5H2,1-2H3",1-methoxybutane,30.5,328,30500,C,,"[""1980MAJ/WAG""]","RDR file 250199, CSV line 4349",,unspecified_compendium_deviation,,,,unresolved,not_resolved_from_compendium_row,True,False,False,True,True,False,quarantine_compendium_provenance,measurement_temperature_state_correction_and_independence_unverified,False,False,True,,[],train,grp_5dea7427c65d07c7
rdr250199#csvline4350,compendium,mol_024c11ca89792376,"InChI=1S/C5H12O/c1-3-4-5-6-2/h3-5H2,1-2H3",1-methoxybutane,29.6,343,29600,C,,"[""1980MAJ/WAG""]","RDR file 250199, CSV line 4350",,unspecified_compendium_deviation,,,,unresolved,not_resolved_from_compendium_row,True,False,False,True,True,False,quarantine_compendium_provenance,measurement_temperature_state_correction_and_independence_unverified,False,False,True,,[],train,grp_5dea7427c65d07c7
rdr250199#csvline4351,compendium,mol_024c11ca89792376,"InChI=1S/C5H12O/c1-3-4-5-6-2/h3-5H2,1-2H3",1-methoxybutane,28.6,358,28600,C,,"[""1980MAJ/WAG""]","RDR file 250199, CSV line 4351",,unspecified_compendium_deviation,,,,unresolved,not_resolved_from_compendium_row,True,False,False,True,True,False,quarantine_compendium_provenance,measurement_temperature_state_correction_and_independence_unverified,False,False,True,,[],train,grp_5dea7427c65d07c7
rdr250199#csvline4354,compendium,mol_024c11ca89792376,"InChI=1S/C5H12O/c1-3-4-5-6-2/h3-5H2,1-2H3",1-methoxybutane,32.5,298,32500,C,,"[""1975FEN/HAR""]","RDR file 250199, CSV line 4354",0.1,unspecified_compendium_deviation,,,,unresolved,not_resolved_from_compendium_row,True,False,False,True,True,True,quarantine_compendium_provenance,measurement_temperature_state_correction_and_independence_unverified,False,False,True,,[],train,grp_5dea7427c65d07c7
rdr250199#csvline4377,compendium,mol_896a74ad0b2a7fde,"InChI=1S/C5H12O/c1-5(2,3)6-4/h1-4H3",methyl tert-butyl ether,29.8,298,29800,C,,"[""1980MAJ/WAG""]","RDR file 250199, CSV line 4377",,unspecified_compendium_deviation,,,,unresolved,not_resolved_from_compendium_row,True,False,False,True,True,False,quarantine_compendium_provenance,measurement_temperature_state_correction_and_independence_unverified,False,False,True,,[],train,grp_5dea7427c65d07c7
rdr250199#csvline4378,compendium,mol_896a74ad0b2a7fde,"InChI=1S/C5H12O/c1-5(2,3)6-4/h1-4H3",methyl tert-butyl ether,28.9,313,28900,C,,"[""1980MAJ/WAG""]","RDR file 250199, CSV line 4378",,unspecified_compendium_deviation,,,,unresolved,not_resolved_from_compendium_row,True,False,False,True,True,False,quarantine_compendium_provenance,measurement_temperature_state_correction_and_independence_unverified,False,False,True,,[],train,grp_5dea7427c65d07c7
rdr250199#csvline4379,compendium,mol_896a74ad0b2a7fde,"InChI=1S/C5H12O/c1-5(2,3)6-4/h1-4H3",methyl tert-butyl ether,28,328,28000,C,,"[""1980MAJ/WAG""]","RDR file 250199, CSV line 4379",,unspecified_compendium_deviation,,,,unresolved,not_resolved_from_compendium_row,True,False,False,True,True,False,quarantine_compendium_provenance,measurement_temperature_state_correction_and_independence_unverified,False,False,True,,[],train,grp_5dea7427c65d07c7
rdr250199#csvline4380,compendium,mol_896a74ad0b2a7fde,"InChI=1S/C5H12O/c1-5(2,3)6-4/h1-4H3",methyl tert-butyl ether,27,343,27000,C,,"[""1980MAJ/WAG""]","RDR file 250199, CSV line 4380",,unspecified_compendium_deviation,,,,unresolved,not_resolved_from_compendium_row,True,False,False,True,True,False,quarantine_compendium_provenance,measurement_temperature_state_correction_and_independence_unverified,False,False,True,,[],train,grp_5dea7427c65d07c7
rdr250199#csvline4384,compendium,mol_896a74ad0b2a7fde,"InChI=1S/C5H12O/c1-5(2,3)6-4/h1-4H3",methyl tert-butyl ether,30.4,298,30400,C,,"[""1975FEN/HAR""]","RDR file 250199, CSV line 4384",0.1,unspecified_compendium_deviation,,,,unresolved,not_resolved_from_compendium_row,True,False,False,True,True,False,quarantine_compendium_provenance,measurement_temperature_state_correction_and_independence_unverified,False,False,True,,[],train,grp_5dea7427c65d07c7
rdr250199#csvline4401,compendium,mol_435971c8aa9ce0da,"InChI=1S/C5H12O/c1-2-3-4-5-6/h6H,2-5H2,1H3",1-pentanol,55.7,313,55700,C,,"[""1985MAJ/SVO2""]","RDR file 250199, CSV line 4401",0.2,unspecified_compendium_deviation,,,,unresolved,not_resolved_from_compendium_row,True,False,False,True,True,True,quarantine_compendium_provenance,measurement_temperature_state_correction_and_independence_unverified,False,False,True,,[],train,grp_5dea7427c65d07c7
rdr250199#csvline4402,compendium,mol_435971c8aa9ce0da,"InChI=1S/C5H12O/c1-2-3-4-5-6/h6H,2-5H2,1H3",1-pentanol,54.4,328,54400,C,,"[""1985MAJ/SVO2""]","RDR file 250199, CSV line 4402",0.2,unspecified_compendium_deviation,,,,unresolved,not_resolved_from_compendium_row,True,False,False,True,True,True,quarantine_compendium_provenance,measurement_temperature_state_correction_and_independence_unverified,False,False,True,,[],train,grp_5dea7427c65d07c7
rdr250199#csvline4403,compendium,mol_435971c8aa9ce0da,"InChI=1S/C5H12O/c1-2-3-4-5-6/h6H,2-5H2,1H3",1-pentanol,53,343,53000,C,,"[""1985MAJ/SVO2""]","RDR file 250199, CSV line 4403",0.2,unspecified_compendium_deviation,,,,unresolved,not_resolved_from_compendium_row,True,False,False,True,True,True,quarantine_compendium_provenance,measurement_temperature_state_correction_and_independence_unverified,False,False,True,,[],train,grp_5dea7427c65d07c7
rdr250199#csvline4404,compendium,mol_435971c8aa9ce0da,"InChI=1S/C5H12O/c1-2-3-4-5-6/h6H,2-5H2,1H3",1-pentanol,51.2,358,51200,C,,"[""1985MAJ/SVO2""]","RDR file 250199, CSV line 4404",0.2,unspecified_compendium_deviation,,,,unresolved,not_resolved_from_compendium_row,True,False,False,True,True,True,quarantine_compendium_provenance,measurement_temperature_state_correction_and_independence_unverified,False,False,True,,[],train,grp_5dea7427c65d07c7
rdr250199#csvline4407,compendium,mol_435971c8aa9ce0da,"InChI=1S/C5H12O/c1-2-3-4-5-6/h6H,2-5H2,1H3",1-pentanol,50.5,362,50500,C,,"[""1970COU/FEN""]","RDR file 250199, CSV line 4407",0.1,unspecified_compendium_deviation,,,,unresolved,not_resolved_from_compendium_row,True,False,False,True,True,True,quarantine_compendium_provenance,measurement_temperature_state_correction_and_independence_unverified,False,False,True,,[],train,grp_5dea7427c65d07c7
rdr250199#csvline4408,compendium,mol_435971c8aa9ce0da,"InChI=1S/C5H12O/c1-2-3-4-5-6/h6H,2-5H2,1H3",1-pentanol,49.2,374,49200,C,,"[""1970COU/FEN""]","RDR file 250199, CSV line 4408",0.1,unspecified_compendium_deviation,,,,unresolved,not_resolved_from_compendium_row,True,False,False,True,True,False,quarantine_compendium_provenance,measurement_temperature_state_correction_and_independence_unverified,False,False,True,,[],train,grp_5dea7427c65d07c7
rdr250199#csvline4409,compendium,mol_435971c8aa9ce0da,"InChI=1S/C5H12O/c1-2-3-4-5-6/h6H,2-5H2,1H3",1-pentanol,47,392,47000,C,,"[""1970COU/FEN""]","RDR file 250199, CSV line 4409",0.1,unspecified_compendium_deviation,,,,unresolved,not_resolved_from_compendium_row,True,False,False,True,True,False,quarantine_compendium_provenance,measurement_temperature_state_correction_and_independence_unverified,False,False,True,,[],train,grp_5dea7427c65d07c7
rdr250199#csvline4410,compendium,mol_435971c8aa9ce0da,"InChI=1S/C5H12O/c1-2-3-4-5-6/h6H,2-5H2,1H3",1-pentanol,44.4,411,44400,C,,"[""1970COU/FEN""]","RDR file 250199, CSV line 4410",0.1,unspecified_compendium_deviation,,,,unresolved,not_resolved_from_compendium_row,True,False,False,True,True,False,quarantine_compendium_provenance,measurement_temperature_state_correction_and_independence_unverified,False,False,True,,[],train,grp_5dea7427c65d07c7
rdr250199#csvline4413,compendium,mol_435971c8aa9ce0da,"InChI=1S/C5H12O/c1-2-3-4-5-6/h6H,2-5H2,1H3",1-pentanol,56.9,298,56900,C,,"[""1966WAD""]","RDR file 250199, CSV line 4413",0.2,unspecified_compendium_deviation,,,,unresolved,not_resolved_from_compendium_row,True,False,False,True,True,False,quarantine_compendium_provenance,measurement_temperature_state_correction_and_independence_unverified,False,False,True,,[],train,grp_5dea7427c65d07c7
rdr250199#csvline4435,compendium,mol_b6b13d8dfbd75423,"InChI=1S/C5H12O/c1-3-5(6)4-2/h5-6H,3-4H2,1-2H3",3-pentanol,52.9,298,52900,C,,"[""1963MCC/LAI""]","RDR file 250199, CSV line 4435",,unspecified_compendium_deviation,,,,unresolved,not_resolved_from_compendium_row,True,False,False,True,True,True,quarantine_compendium_provenance,measurement_temperature_state_correction_and_independence_unverified,False,False,True,,[],train,grp_5dea7427c65d07c7
rdr250199#csvline4454,compendium,mol_f32efffa3cd8e3f1,"InChI=1S/C5H12O/c1-4-5(2,3)6/h6H,4H2,1-3H3",2-methyl-2-butanol,50.1,298,50100,C,,"[""1985MAJ/SVO2""]","RDR file 250199, CSV line 4454",0.2,unspecified_compendium_deviation,,,,unresolved,not_resolved_from_compendium_row,True,False,False,True,True,True,quarantine_compendium_provenance,measurement_temperature_state_correction_and_independence_unverified,False,False,True,,[],train,grp_5dea7427c65d07c7
rdr250199#csvline4455,compendium,mol_f32efffa3cd8e3f1,"InChI=1S/C5H12O/c1-4-5(2,3)6/h6H,4H2,1-3H3",2-methyl-2-butanol,48.4,313,48400,C,,"[""1985MAJ/SVO2""]","RDR file 250199, CSV line 4455",0.2,unspecified_compendium_deviation,,,,unresolved,not_resolved_from_compendium_row,True,False,False,True,True,True,quarantine_compendium_provenance,measurement_temperature_state_correction_and_independence_unverified,False,False,True,,[],train,grp_5dea7427c65d07c7
rdr250199#csvline4456,compendium,mol_f32efffa3cd8e3f1,"InChI=1S/C5H12O/c1-4-5(2,3)6/h6H,4H2,1-3H3",2-methyl-2-butanol,46.4,328,46400,C,,"[""1985MAJ/SVO2""]","RDR file 250199, CSV line 4456",0.2,unspecified_compendium_deviation,,,,unresolved,not_resolved_from_compendium_row,True,False,False,True,True,True,quarantine_compendium_provenance,measurement_temperature_state_correction_and_independence_unverified,False,False,True,,[],train,grp_5dea7427c65d07c7
rdr250199#csvline4457,compendium,mol_f32efffa3cd8e3f1,"InChI=1S/C5H12O/c1-4-5(2,3)6/h6H,4H2,1-3H3",2-methyl-2-butanol,44.2,343,44200,C,,"[""1985MAJ/SVO2""]","RDR file 250199, CSV line 4457",0.1,unspecified_compendium_deviation,,,,unresolved,not_resolved_from_compendium_row,True,False,False,True,True,False,quarantine_compendium_provenance,measurement_temperature_state_correction_and_independence_unverified,False,False,True,,[],train,grp_5dea7427c65d07c7
rdr250199#csvline4458,compendium,mol_f32efffa3cd8e3f1,"InChI=1S/C5H12O/c1-4-5(2,3)6/h6H,4H2,1-3H3",2-methyl-2-butanol,42,358,42000,C,,"[""1985MAJ/SVO2""]","RDR file 250199, CSV line 4458",0.1,unspecified_compendium_deviation,,,,unresolved,not_resolved_from_compendium_row,True,False,False,True,True,False,quarantine_compendium_provenance,measurement_temperature_state_correction_and_independence_unverified,False,False,True,,[],train,grp_5dea7427c65d07c7
rdr250199#csvline4459,compendium,mol_f32efffa3cd8e3f1,"InChI=1S/C5H12O/c1-4-5(2,3)6/h6H,4H2,1-3H3",2-methyl-2-butanol,40.3,368,40300,C,,"[""1985MAJ/SVO2""]","RDR file 250199, CSV line 4459",0.1,unspecified_compendium_deviation,,,,unresolved,not_resolved_from_compendium_row,True,False,False,True,True,False,quarantine_compendium_provenance,measurement_temperature_state_correction_and_independence_unverified,False,False,True,,[],train,grp_5dea7427c65d07c7
rdr250199#csvline4461,compendium,mol_f32efffa3cd8e3f1,"InChI=1S/C5H12O/c1-4-5(2,3)6/h6H,4H2,1-3H3",2-methyl-2-butanol,49.2,298,49200,C,,"[""1963MCC/LAI""]","RDR file 250199, CSV line 4461",,unspecified_compendium_deviation,,,,unresolved,not_resolved_from_compendium_row,True,False,False,True,True,True,quarantine_compendium_provenance,measurement_temperature_state_correction_and_independence_unverified,False,False,True,,[],train,grp_5dea7427c65d07c7
rdr250199#csvline4468,compendium,mol_7bd3eb1878fd3045,"InChI=1S/C5H12O/c1-5(2)3-4-6/h5-6H,3-4H2,1-2H3",3-methyl-1-butanol,55.2,303,55200,C,,"[""1985MAJ/SVO2""]","RDR file 250199, CSV line 4468",0.2,unspecified_compendium_deviation,,,,unresolved,not_resolved_from_compendium_row,True,False,False,True,True,False,quarantine_compendium_provenance,measurement_temperature_state_correction_and_independence_unverified,False,False,True,,[],train,grp_5dea7427c65d07c7
rdr250199#csvline4469,compendium,mol_7bd3eb1878fd3045,"InChI=1S/C5H12O/c1-5(2)3-4-6/h5-6H,3-4H2,1-2H3",3-methyl-1-butanol,54.2,313,54200,C,,"[""1985MAJ/SVO2""]","RDR file 250199, CSV line 4469",0.2,unspecified_compendium_deviation,,,,unresolved,not_resolved_from_compendium_row,True,False,False,True,True,False,quarantine_compendium_provenance,measurement_temperature_state_correction_and_independence_unverified,False,False,True,,[],train,grp_5dea7427c65d07c7
rdr250199#csvline4470,compendium,mol_7bd3eb1878fd3045,"InChI=1S/C5H12O/c1-5(2)3-4-6/h5-6H,3-4H2,1-2H3",3-methyl-1-butanol,52.9,328,52900,C,,"[""1985MAJ/SVO2""]","RDR file 250199, CSV line 4470",0.2,unspecified_compendium_deviation,,,,unresolved,not_resolved_from_compendium_row,True,False,False,True,True,False,quarantine_compendium_provenance,measurement_temperature_state_correction_and_independence_unverified,False,False,True,,[],train,grp_5dea7427c65d07c7
rdr250199#csvline4471,compendium,mol_7bd3eb1878fd3045,"InChI=1S/C5H12O/c1-5(2)3-4-6/h5-6H,3-4H2,1-2H3",3-methyl-1-butanol,51.4,343,51400,C,,"[""1985MAJ/SVO2""]","RDR file 250199, CSV line 4471",0.2,unspecified_compendium_deviation,,,,unresolved,not_resolved_from_compendium_row,True,False,False,True,True,True,quarantine_compendium_provenance,measurement_temperature_state_correction_and_independence_unverified,False,False,True,,[],train,grp_5dea7427c65d07c7
rdr250199#csvline4472,compendium,mol_7bd3eb1878fd3045,"InChI=1S/C5H12O/c1-5(2)3-4-6/h5-6H,3-4H2,1-2H3",3-methyl-1-butanol,49.7,358,49700,C,,"[""1985MAJ/SVO2""]","RDR file 250199, CSV line 4472",0.2,unspecified_compendium_deviation,,,,unresolved,not_resolved_from_compendium_row,True,False,False,True,True,True,quarantine_compendium_provenance,measurement_temperature_state_correction_and_independence_unverified,False,False,True,,[],train,grp_5dea7427c65d07c7
rdr250199#csvline4474,compendium,mol_7bd3eb1878fd3045,"InChI=1S/C5H12O/c1-5(2)3-4-6/h5-6H,3-4H2,1-2H3",3-methyl-1-butanol,54.3,298,54300,C,,"[""1963MCC/LAI""]","RDR file 250199, CSV line 4474",,unspecified_compendium_deviation,,,,unresolved,not_resolved_from_compendium_row,True,False,False,True,True,False,quarantine_compendium_provenance,measurement_temperature_state_correction_and_independence_unverified,False,False,True,,[],train,grp_5dea7427c65d07c7
rdr250199#csvline4493,compendium,mol_2901cf755cab0466,"InChI=1S/C5H12O2/c1-2-4-7-5-3-6/h6H,2-5H2,1H3",2-propoxyethanol,52.1,298,52100,C,,"[""1971KUS/WAD""]","RDR file 250199, CSV line 4493",0.1,unspecified_compendium_deviation,,,,unresolved,not_resolved_from_compendium_row,True,False,False,True,True,False,quarantine_compendium_provenance,measurement_temperature_state_correction_and_independence_unverified,False,False,True,,[],train,grp_5dea7427c65d07c7
rdr250199#csvline4585,compendium,mol_b4ec50115958b3dd,"InChI=1S/C5H13N/c1-2-3-4-5-6/h2-6H2,1H3",pentylamine,40.1,298,40100,C,,"[""1969WAD""]","RDR file 250199, CSV line 4585",0.1,unspecified_compendium_deviation,,,,unresolved,not_resolved_from_compendium_row,True,False,False,True,True,False,quarantine_compendium_provenance,measurement_temperature_state_correction_and_independence_unverified,False,False,True,,[],train,grp_5dea7427c65d07c7
rdr250199#csvline4586,compendium,mol_b4ec50115958b3dd,"InChI=1S/C5H13N/c1-2-3-4-5-6/h2-6H2,1H3",pentylamine,36,368,36000,C,,"[""1901KAH""]","RDR file 250199, CSV line 4586",,unspecified_compendium_deviation,,,,unresolved,not_resolved_from_compendium_row,True,False,False,True,True,False,quarantine_compendium_provenance,measurement_temperature_state_correction_and_independence_unverified,False,False,True,,[],train,grp_5dea7427c65d07c7
rdr250199#csvline4606,compendium,mol_9b039da63aa3710c,"InChI=1S/C5H14N2/c1-7(2)5-3-4-6/h3-6H2,1-2H3","N, N-dimethyl-1,3-propanediamine",42.2,298,42200,C,,"[""1992PAP/PIM""]","RDR file 250199, CSV line 4606",0.1,unspecified_compendium_deviation,,,,unresolved,not_resolved_from_compendium_row,True,False,False,True,True,True,quarantine_compendium_provenance,measurement_temperature_state_correction_and_independence_unverified,False,False,True,,[],train,grp_5dea7427c65d07c7
rdr250199#csvline4650,compendium,mol_fb79232c4db917be,InChI=1S/C6F6/c7-1-2(8)4(10)6(12)5(11)3(1)9,hexafluorobenzene,35.7,298,35700,C,,"[""1981HOS/SCO""]","RDR file 250199, CSV line 4650",,unspecified_compendium_deviation,,,,unresolved,not_resolved_from_compendium_row,True,False,False,True,True,True,quarantine_compendium_provenance,measurement_temperature_state_correction_and_independence_unverified,False,False,True,,[],train,grp_5dea7427c65d07c7
rdr250199#csvline4838,compendium,mol_60a1aefe4aec9d39,InChI=1S/C6H4Cl2/c7-5-3-1-2-4-6(5)8/h1-4H,"1,2-dichlorobenzene",48.5,298,48500,C,,"[""1989AN/ZHE"",""1989AN/ZHE2""]","RDR file 250199, CSV line 4838",0.1,unspecified_compendium_deviation,,,,unresolved,not_resolved_from_compendium_row,True,False,False,True,True,False,quarantine_compendium_provenance,measurement_temperature_state_correction_and_independence_unverified,False,False,True,,[],train,grp_5dea7427c65d07c7
rdr250199#csvline4910,compendium,mol_2d09dab0a2be3f90,InChI=1S/C6H5Br/c7-6-4-2-1-3-5-6/h1-5H,bromobenzene,44,293,44000,C,,"[""1975MAS/SCO""]","RDR file 250199, CSV line 4910",,unspecified_compendium_deviation,,,,unresolved,not_resolved_from_compendium_row,True,False,False,True,True,True,quarantine_compendium_provenance,measurement_temperature_state_correction_and_independence_unverified,False,False,True,,[],train,grp_5dea7427c65d07c7
rdr250199#csvline4914,compendium,mol_2d09dab0a2be3f90,InChI=1S/C6H5Br/c7-6-4-2-1-3-5-6/h1-5H,bromobenzene,44.5,298,44500,C,,"[""1968WAD""]","RDR file 250199, CSV line 4914",0.1,unspecified_compendium_deviation,,,,unresolved,not_resolved_from_compendium_row,True,False,False,True,True,True,quarantine_compendium_provenance,measurement_temperature_state_correction_and_independence_unverified,False,False,True,,[],train,grp_5dea7427c65d07c7
rdr250199#csvline4917,compendium,mol_2d09dab0a2be3f90,InChI=1S/C6H5Br/c7-6-4-2-1-3-5-6/h1-5H,bromobenzene,39.7,428,39700,C,,"[""1926MAT"",""2015VER/SAZ""]","RDR file 250199, CSV line 4917",0.1,unspecified_compendium_deviation,,,,unresolved,not_resolved_from_compendium_row,True,False,False,True,True,False,quarantine_compendium_provenance,measurement_temperature_state_correction_and_independence_unverified,False,False,True,,[],train,grp_5dea7427c65d07c7
rdr250199#csvline4918,compendium,mol_2d09dab0a2be3f90,InChI=1S/C6H5Br/c7-6-4-2-1-3-5-6/h1-5H,bromobenzene,44.5,298,44500,C,,"[""1926MAT"",""2015VER/SAZ""]","RDR file 250199, CSV line 4918",1.7,unspecified_compendium_deviation,,,,unresolved,not_resolved_from_compendium_row,True,False,False,True,True,True,quarantine_compendium_provenance,measurement_temperature_state_correction_and_independence_unverified,False,False,True,,[],train,grp_5dea7427c65d07c7
rdr250199#csvline4948,compendium,mol_5a4aa50dd3cafc66,InChI=1S/C6H5Cl/c7-6-4-2-1-3-5-6/h1-5H,chlorobenzene,41,298,41000,C,,"[""1968WAD""]","RDR file 250199, CSV line 4948",0.1,unspecified_compendium_deviation,,,,unresolved,not_resolved_from_compendium_row,True,False,False,True,True,True,quarantine_compendium_provenance,measurement_temperature_state_correction_and_independence_unverified,False,False,True,,[],train,grp_5dea7427c65d07c7
rdr250199#csvline4954,compendium,mol_5a4aa50dd3cafc66,InChI=1S/C6H5Cl/c7-6-4-2-1-3-5-6/h1-5H,chlorobenzene,36.6,403,36600,C,,"[""1926MAT""]","RDR file 250199, CSV line 4954",,unspecified_compendium_deviation,,,,unresolved,not_resolved_from_compendium_row,True,False,False,True,True,False,quarantine_compendium_provenance,measurement_temperature_state_correction_and_independence_unverified,False,False,True,,[],train,grp_5dea7427c65d07c7
rdr250199#csvline4955,compendium,mol_5a4aa50dd3cafc66,InChI=1S/C6H5Cl/c7-6-4-2-1-3-5-6/h1-5H,chlorobenzene,41.9,298,41900,C,,"[""1926MAT"",""2014VER/EME""]","RDR file 250199, CSV line 4955",0.1,unspecified_compendium_deviation,,,,unresolved,not_resolved_from_compendium_row,True,False,False,True,True,True,quarantine_compendium_provenance,measurement_temperature_state_correction_and_independence_unverified,False,False,True,,[],train,grp_5dea7427c65d07c7
rdr250199#csvline4994,compendium,mol_b0c6dc76ddc0873b,InChI=1S/C6H5F/c7-6-4-2-1-3-5-6/h1-5H,fluorobenzene,33.5,318,33500,C,,"[""1956SCO/MCC2""]","RDR file 250199, CSV line 4994",0.1,unspecified_compendium_deviation,,,,unresolved,not_resolved_from_compendium_row,True,False,False,True,True,False,quarantine_compendium_provenance,measurement_temperature_state_correction_and_independence_unverified,False,False,True,,[],train,grp_5dea7427c65d07c7
rdr250199#csvline4995,compendium,mol_b0c6dc76ddc0873b,InChI=1S/C6H5F/c7-6-4-2-1-3-5-6/h1-5H,fluorobenzene,32.4,337,32400,C,,"[""1956SCO/MCC2""]","RDR file 250199, CSV line 4995",0.1,unspecified_compendium_deviation,,,,unresolved,not_resolved_from_compendium_row,True,False,False,True,True,False,quarantine_compendium_provenance,measurement_temperature_state_correction_and_independence_unverified,False,False,True,,[],train,grp_5dea7427c65d07c7
rdr250199#csvline4996,compendium,mol_b0c6dc76ddc0873b,InChI=1S/C6H5F/c7-6-4-2-1-3-5-6/h1-5H,fluorobenzene,31.2,358,31200,C,,"[""1956SCO/MCC2""]","RDR file 250199, CSV line 4996",0.1,unspecified_compendium_deviation,,,,unresolved,not_resolved_from_compendium_row,True,False,False,True,True,False,quarantine_compendium_provenance,measurement_temperature_state_correction_and_independence_unverified,False,False,True,,[],train,grp_5dea7427c65d07c7
rdr250199#csvline4997,compendium,mol_b0c6dc76ddc0873b,InChI=1S/C6H5F/c7-6-4-2-1-3-5-6/h1-5H,fluorobenzene,29.7,382,29700,C,,"[""1956SCO/MCC2""]","RDR file 250199, CSV line 4997",0.1,unspecified_compendium_deviation,,,,unresolved,not_resolved_from_compendium_row,True,False,False,True,True,False,quarantine_compendium_provenance,measurement_temperature_state_correction_and_independence_unverified,False,False,True,,[],train,grp_5dea7427c65d07c7
rdr250199#csvline5047,compendium,mol_b1820f534fb61402,InChI=1S/C6H6/c1-2-4-6-5-3-1/h1-6H,benzene,33.4,307,33400,C,,"[""1988DON/LIN""]","RDR file 250199, CSV line 5047",,unspecified_compendium_deviation,,,,unresolved,not_resolved_from_compendium_row,True,False,False,True,True,True,quarantine_compendium_provenance,measurement_temperature_state_correction_and_independence_unverified,False,False,True,,[],train,grp_5dea7427c65d07c7
rdr250199#csvline5048,compendium,mol_b1820f534fb61402,InChI=1S/C6H6/c1-2-4-6-5-3-1/h1-6H,benzene,33.1,314,33100,C,,"[""1988DON/LIN""]","RDR file 250199, CSV line 5048",,unspecified_compendium_deviation,,,,unresolved,not_resolved_from_compendium_row,True,False,False,True,True,False,quarantine_compendium_provenance,measurement_temperature_state_correction_and_independence_unverified,False,False,True,,[],train,grp_5dea7427c65d07c7
rdr250199#csvline5049,compendium,mol_b1820f534fb61402,InChI=1S/C6H6/c1-2-4-6-5-3-1/h1-6H,benzene,32.4,324,32400,C,,"[""1988DON/LIN""]","RDR file 250199, CSV line 5049",,unspecified_compendium_deviation,,,,unresolved,not_resolved_from_compendium_row,True,False,False,True,True,False,quarantine_compendium_provenance,measurement_temperature_state_correction_and_independence_unverified,False,False,True,,[],train,grp_5dea7427c65d07c7
rdr250199#csvline5050,compendium,mol_b1820f534fb61402,InChI=1S/C6H6/c1-2-4-6-5-3-1/h1-6H,benzene,31.9,332,31900,C,,"[""1988DON/LIN""]","RDR file 250199, CSV line 5050",,unspecified_compendium_deviation,,,,unresolved,not_resolved_from_compendium_row,True,False,False,True,True,False,quarantine_compendium_provenance,measurement_temperature_state_correction_and_independence_unverified,False,False,True,,[],train,grp_5dea7427c65d07c7
rdr250199#csvline5051,compendium,mol_b1820f534fb61402,InChI=1S/C6H6/c1-2-4-6-5-3-1/h1-6H,benzene,31.4,344,31400,C,,"[""1988DON/LIN""]","RDR file 250199, CSV line 5051",,unspecified_compendium_deviation,,,,unresolved,not_resolved_from_compendium_row,True,False,False,True,True,False,quarantine_compendium_provenance,measurement_temperature_state_correction_and_independence_unverified,False,False,True,,[],train,grp_5dea7427c65d07c7
rdr250199#csvline5052,compendium,mol_b1820f534fb61402,InChI=1S/C6H6/c1-2-4-6-5-3-1/h1-6H,benzene,30.6,353,30600,C,,"[""1988DON/LIN""]","RDR file 250199, CSV line 5052",,unspecified_compendium_deviation,,,,unresolved,not_resolved_from_compendium_row,True,False,False,True,True,False,quarantine_compendium_provenance,measurement_temperature_state_correction_and_independence_unverified,False,False,True,,[],train,grp_5dea7427c65d07c7
rdr250199#csvline5062,compendium,mol_b1820f534fb61402,InChI=1S/C6H6/c1-2-4-6-5-3-1/h1-6H,benzene,33.8,298,33800,C,,"[""1973SVO/VES""]","RDR file 250199, CSV line 5062",0.1,unspecified_compendium_deviation,,,,unresolved,not_resolved_from_compendium_row,True,False,False,True,True,True,quarantine_compendium_provenance,measurement_temperature_state_correction_and_independence_unverified,False,False,True,,[],train,grp_5dea7427c65d07c7
rdr250199#csvline5063,compendium,mol_b1820f534fb61402,InChI=1S/C6H6/c1-2-4-6-5-3-1/h1-6H,benzene,33,313,33000,C,,"[""1973SVO/VES""]","RDR file 250199, CSV line 5063",0.1,unspecified_compendium_deviation,,,,unresolved,not_resolved_from_compendium_row,True,False,False,True,True,False,quarantine_compendium_provenance,measurement_temperature_state_correction_and_independence_unverified,False,False,True,,[],train,grp_5dea7427c65d07c7
rdr250199#csvline5064,compendium,mol_b1820f534fb61402,InChI=1S/C6H6/c1-2-4-6-5-3-1/h1-6H,benzene,32.2,328,32200,C,,"[""1973SVO/VES""]","RDR file 250199, CSV line 5064",0.1,unspecified_compendium_deviation,,,,unresolved,not_resolved_from_compendium_row,True,False,False,True,True,False,quarantine_compendium_provenance,measurement_temperature_state_correction_and_independence_unverified,False,False,True,,[],train,grp_5dea7427c65d07c7
rdr250199#csvline5065,compendium,mol_b1820f534fb61402,InChI=1S/C6H6/c1-2-4-6-5-3-1/h1-6H,benzene,31.8,333,31800,C,,"[""1973SVO/VES""]","RDR file 250199, CSV line 5065",0.1,unspecified_compendium_deviation,,,,unresolved,not_resolved_from_compendium_row,True,False,False,True,True,False,quarantine_compendium_provenance,measurement_temperature_state_correction_and_independence_unverified,False,False,True,,[],train,grp_5dea7427c65d07c7
rdr250199#csvline5066,compendium,mol_b1820f534fb61402,InChI=1S/C6H6/c1-2-4-6-5-3-1/h1-6H,benzene,31.4,343,31400,C,,"[""1973SVO/VES""]","RDR file 250199, CSV line 5066",0.1,unspecified_compendium_deviation,,,,unresolved,not_resolved_from_compendium_row,True,False,False,True,True,False,quarantine_compendium_provenance,measurement_temperature_state_correction_and_independence_unverified,False,False,True,,[],train,grp_5dea7427c65d07c7
rdr250199#csvline5067,compendium,mol_b1820f534fb61402,InChI=1S/C6H6/c1-2-4-6-5-3-1/h1-6H,benzene,30.9,353,30900,C,,"[""1973SVO/VES""]","RDR file 250199, CSV line 5067",0.1,unspecified_compendium_deviation,,,,unresolved,not_resolved_from_compendium_row,True,False,False,True,True,False,quarantine_compendium_provenance,measurement_temperature_state_correction_and_independence_unverified,False,False,True,,[],train,grp_5dea7427c65d07c7
rdr250199#csvline5075,compendium,mol_b1820f534fb61402,InChI=1S/C6H6/c1-2-4-6-5-3-1/h1-6H,benzene,33.8,298,33800,C,,"[""1947OSB/GIN""]","RDR file 250199, CSV line 5075",,unspecified_compendium_deviation,,,,unresolved,not_resolved_from_compendium_row,True,False,False,True,True,True,quarantine_compendium_provenance,measurement_temperature_state_correction_and_independence_unverified,False,False,True,,[],train,grp_5dea7427c65d07c7
rdr250199#csvline5076,compendium,mol_b1820f534fb61402,InChI=1S/C6H6/c1-2-4-6-5-3-1/h1-6H,benzene,32.9,315,32900,C,,"[""1947SCO/WAD""]","RDR file 250199, CSV line 5076",,unspecified_compendium_deviation,,,,unresolved,not_resolved_from_compendium_row,True,False,False,True,True,False,quarantine_compendium_provenance,measurement_temperature_state_correction_and_independence_unverified,False,False,True,,[],train,grp_5dea7427c65d07c7
rdr250199#csvline5077,compendium,mol_b1820f534fb61402,InChI=1S/C6H6/c1-2-4-6-5-3-1/h1-6H,benzene,32.4,323,32400,C,,"[""1947SCO/WAD""]","RDR file 250199, CSV line 5077",,unspecified_compendium_deviation,,,,unresolved,not_resolved_from_compendium_row,True,False,False,True,True,False,quarantine_compendium_provenance,measurement_temperature_state_correction_and_independence_unverified,False,False,True,,[],train,grp_5dea7427c65d07c7
rdr250199#csvline5078,compendium,mol_b1820f534fb61402,InChI=1S/C6H6/c1-2-4-6-5-3-1/h1-6H,benzene,31.8,334,31800,C,,"[""1947SCO/WAD""]","RDR file 250199, CSV line 5078",,unspecified_compendium_deviation,,,,unresolved,not_resolved_from_compendium_row,True,False,False,True,True,False,quarantine_compendium_provenance,measurement_temperature_state_correction_and_independence_unverified,False,False,True,,[],train,grp_5dea7427c65d07c7
rdr250199#csvline5079,compendium,mol_b1820f534fb61402,InChI=1S/C6H6/c1-2-4-6-5-3-1/h1-6H,benzene,30.7,353,30700,C,,"[""1947SCO/WAD""]","RDR file 250199, CSV line 5079",,unspecified_compendium_deviation,,,,unresolved,not_resolved_from_compendium_row,True,False,False,True,True,False,quarantine_compendium_provenance,measurement_temperature_state_correction_and_independence_unverified,False,False,True,,[],train,grp_5dea7427c65d07c7
rdr250199#csvline5084,compendium,mol_b1820f534fb61402,InChI=1S/C6H6/c1-2-4-6-5-3-1/h1-6H,benzene,32.5,323,32500,C,,"[""1931FIO/GIN""]","RDR file 250199, CSV line 5084",,unspecified_compendium_deviation,,,,unresolved,not_resolved_from_compendium_row,True,False,False,True,True,False,quarantine_compendium_provenance,measurement_temperature_state_correction_and_independence_unverified,False,False,True,,[],train,grp_5dea7427c65d07c7
rdr250199#csvline5085,compendium,mol_b1820f534fb61402,InChI=1S/C6H6/c1-2-4-6-5-3-1/h1-6H,benzene,30.8,353,30800,C,,"[""1931FIO/GIN""]","RDR file 250199, CSV line 5085",,unspecified_compendium_deviation,,,,unresolved,not_resolved_from_compendium_row,True,False,False,True,True,False,quarantine_compendium_provenance,measurement_temperature_state_correction_and_independence_unverified,False,False,True,,[],train,grp_5dea7427c65d07c7
rdr250199#csvline5139,compendium,mol_fa6014b0e97e2afc,"InChI=1S/C6H6O2/c1-5(7)6-3-2-4-8-6/h2-4H,1H3",2-acetylfuran,53,298,53000,C,,"[""2009RIB/AMA""]","RDR file 250199, CSV line 5139",0.6,unspecified_compendium_deviation,,,,unresolved,not_resolved_from_compendium_row,True,False,False,True,True,False,quarantine_compendium_provenance,measurement_temperature_state_correction_and_independence_unverified,False,False,True,,[],train,grp_5dea7427c65d07c7
rdr250199#csvline5140,compendium,mol_bb3f5c184978bf9a,"InChI=1S/C6H6OS/c1-5(7)6-3-2-4-8-6/h2-4H,1H3",2-acetylthiophene,58.8,298,58800,C,,"[""2007ROU/TEM""]","RDR file 250199, CSV line 5140",1.2,unspecified_compendium_deviation,,,,unresolved,not_resolved_from_compendium_row,True,False,False,True,True,False,quarantine_compendium_provenance,measurement_temperature_state_correction_and_independence_unverified,False,False,True,,[],test,grp_bb3f5c184978bf9a
rdr250199#csvline5146,compendium,mol_4581eaef241767fe,"InChI=1S/C6H6O2/c1-5-2-3-6(4-7)8-5/h2-4H,1H3",5-methyl-2-furaldehyde,59.4,298,59400,C,,"[""2010RIB/AMA""]","RDR file 250199, CSV line 5146",0.2,unspecified_compendium_deviation,,,,unresolved,not_resolved_from_compendium_row,True,False,False,True,True,False,quarantine_compendium_provenance,measurement_temperature_state_correction_and_independence_unverified,False,False,True,,[],train,grp_5dea7427c65d07c7
rdr250199#csvline516,compendium,mol_520d932204fca4b7,InChI=1S/C2Cl4/c3-1(4)2(5)6,tetrachloroethylene,39.7,298,39700,C,,"[""1980MAJ/SVA""]","RDR file 250199, CSV line 516",,unspecified_compendium_deviation,,,,unresolved,not_resolved_from_compendium_row,True,False,False,True,True,True,quarantine_compendium_provenance,measurement_temperature_state_correction_and_independence_unverified,False,False,True,,[],train,grp_5dea7427c65d07c7
rdr250199#csvline517,compendium,mol_520d932204fca4b7,InChI=1S/C2Cl4/c3-1(4)2(5)6,tetrachloroethylene,38.9,313,38900,C,,"[""1980MAJ/SVA""]","RDR file 250199, CSV line 517",,unspecified_compendium_deviation,,,,unresolved,not_resolved_from_compendium_row,True,False,False,True,True,True,quarantine_compendium_provenance,measurement_temperature_state_correction_and_independence_unverified,False,False,True,,[],train,grp_5dea7427c65d07c7
rdr250199#csvline518,compendium,mol_520d932204fca4b7,InChI=1S/C2Cl4/c3-1(4)2(5)6,tetrachloroethylene,38.2,328,38200,C,,"[""1980MAJ/SVA""]","RDR file 250199, CSV line 518",,unspecified_compendium_deviation,,,,unresolved,not_resolved_from_compendium_row,True,False,False,True,True,False,quarantine_compendium_provenance,measurement_temperature_state_correction_and_independence_unverified,False,False,True,,[],train,grp_5dea7427c65d07c7
rdr250199#csvline5181,compendium,mol_046f2add717f4221,"InChI=1S/C6H7N/c7-6-4-2-1-3-5-6/h1-5H,7H2",aniline,55.8,298,55800,C,,"[""1971KUS/WAD2""]","RDR file 250199, CSV line 5181",0.1,unspecified_compendium_deviation,,,,unresolved,not_resolved_from_compendium_row,True,False,False,True,True,False,quarantine_compendium_provenance,measurement_temperature_state_correction_and_independence_unverified,False,False,True,,[],train,grp_5dea7427c65d07c7
rdr250199#csvline5184,compendium,mol_046f2add717f4221,"InChI=1S/C6H7N/c7-6-4-2-1-3-5-6/h1-5H,7H2",aniline,53,333,53000,C,,"[""1962HAT/HIL""]","RDR file 250199, CSV line 5184",,unspecified_compendium_deviation,,,,unresolved,not_resolved_from_compendium_row,True,False,False,True,True,True,quarantine_compendium_provenance,measurement_temperature_state_correction_and_independence_unverified,False,False,True,,[],train,grp_5dea7427c65d07c7
rdr250199#csvline5185,compendium,mol_046f2add717f4221,"InChI=1S/C6H7N/c7-6-4-2-1-3-5-6/h1-5H,7H2",aniline,40.4,456,40400,C,,"[""1923AWB/GRI""]","RDR file 250199, CSV line 5185",,unspecified_compendium_deviation,,,,unresolved,not_resolved_from_compendium_row,True,False,False,True,True,False,quarantine_compendium_provenance,measurement_temperature_state_correction_and_independence_unverified,False,False,True,,[],train,grp_5dea7427c65d07c7
rdr250199#csvline519,compendium,mol_520d932204fca4b7,InChI=1S/C2Cl4/c3-1(4)2(5)6,tetrachloroethylene,37.4,343,37400,C,,"[""1980MAJ/SVA""]","RDR file 250199, CSV line 519",,unspecified_compendium_deviation,,,,unresolved,not_resolved_from_compendium_row,True,False,False,True,True,False,quarantine_compendium_provenance,measurement_temperature_state_correction_and_independence_unverified,False,False,True,,[],train,grp_5dea7427c65d07c7
rdr250199#csvline520,compendium,mol_520d932204fca4b7,InChI=1S/C2Cl4/c3-1(4)2(5)6,tetrachloroethylene,36.6,358,36600,C,,"[""1980MAJ/SVA""]","RDR file 250199, CSV line 520",,unspecified_compendium_deviation,,,,unresolved,not_resolved_from_compendium_row,True,False,False,True,True,False,quarantine_compendium_provenance,measurement_temperature_state_correction_and_independence_unverified,False,False,True,,[],train,grp_5dea7427c65d07c7
rdr250199#csvline524,compendium,mol_520d932204fca4b7,InChI=1S/C2Cl4/c3-1(4)2(5)6,tetrachloroethylene,39.6,298,39600,C,,"[""1960AIH""]","RDR file 250199, CSV line 524",0.1,unspecified_compendium_deviation,,,,unresolved,not_resolved_from_compendium_row,True,False,False,True,True,True,quarantine_compendium_provenance,measurement_temperature_state_correction_and_independence_unverified,False,False,True,,[],train,grp_5dea7427c65d07c7
rdr250199#csvline5299,compendium,mol_62811f5ff2999e78,"InChI=1S/C6H8S/c1-2-6-4-3-5-7-6/h3-5H,2H2,1H3",2-ethylthiophene,39.7,298,39700,C,,"[""2007RIB/SAN""]","RDR file 250199, CSV line 5299",0.9,unspecified_compendium_deviation,,,,unresolved,not_resolved_from_compendium_row,True,False,False,True,True,True,quarantine_compendium_provenance,measurement_temperature_state_correction_and_independence_unverified,False,False,True,,[],validation,grp_32a9c229f3f94fad
rdr250199#csvline5326,compendium,mol_fb8c516f3cf70b3f,"InChI=1S/C6H10/c1-2-4-6-5-3-1/h1-2H,3-6H2",cyclohexene,32.7,313,32700,C,,"[""1973SVO/VES""]","RDR file 250199, CSV line 5326",0.1,unspecified_compendium_deviation,,,,unresolved,not_resolved_from_compendium_row,True,False,False,True,True,False,quarantine_compendium_provenance,measurement_temperature_state_correction_and_independence_unverified,False,False,True,,[],train,grp_5dea7427c65d07c7
rdr250199#csvline5327,compendium,mol_fb8c516f3cf70b3f,"InChI=1S/C6H10/c1-2-4-6-5-3-1/h1-2H,3-6H2",cyclohexene,32.2,323,32200,C,,"[""1973SVO/VES""]","RDR file 250199, CSV line 5327",0.1,unspecified_compendium_deviation,,,,unresolved,not_resolved_from_compendium_row,True,False,False,True,True,False,quarantine_compendium_provenance,measurement_temperature_state_correction_and_independence_unverified,False,False,True,,[],train,grp_5dea7427c65d07c7
rdr250199#csvline5328,compendium,mol_fb8c516f3cf70b3f,"InChI=1S/C6H10/c1-2-4-6-5-3-1/h1-2H,3-6H2",cyclohexene,31.7,333,31700,C,,"[""1973SVO/VES""]","RDR file 250199, CSV line 5328",0.1,unspecified_compendium_deviation,,,,unresolved,not_resolved_from_compendium_row,True,False,False,True,True,False,quarantine_compendium_provenance,measurement_temperature_state_correction_and_independence_unverified,False,False,True,,[],train,grp_5dea7427c65d07c7
rdr250199#csvline5329,compendium,mol_fb8c516f3cf70b3f,"InChI=1S/C6H10/c1-2-4-6-5-3-1/h1-2H,3-6H2",cyclohexene,31.2,343,31200,C,,"[""1973SVO/VES""]","RDR file 250199, CSV line 5329",0.1,unspecified_compendium_deviation,,,,unresolved,not_resolved_from_compendium_row,True,False,False,True,True,False,quarantine_compendium_provenance,measurement_temperature_state_correction_and_independence_unverified,False,False,True,,[],train,grp_5dea7427c65d07c7
rdr250199#csvline5330,compendium,mol_fb8c516f3cf70b3f,"InChI=1S/C6H10/c1-2-4-6-5-3-1/h1-2H,3-6H2",cyclohexene,30.7,353,30700,C,,"[""1973SVO/VES""]","RDR file 250199, CSV line 5330",0.1,unspecified_compendium_deviation,,,,unresolved,not_resolved_from_compendium_row,True,False,False,True,True,False,quarantine_compendium_provenance,measurement_temperature_state_correction_and_independence_unverified,False,False,True,,[],train,grp_5dea7427c65d07c7
rdr250199#csvline5380,compendium,mol_55b6d752028fb5df,InChI=1S/C6H10O/c7-6-4-2-1-3-5-6/h1-5H2,cyclohexanone,44.4,308,44400,C,,"[""1992SVO/KUB""]","RDR file 250199, CSV line 5380",0.1,unspecified_compendium_deviation,,,,unresolved,not_resolved_from_compendium_row,True,False,False,True,True,True,quarantine_compendium_provenance,measurement_temperature_state_correction_and_independence_unverified,False,False,True,,[],train,grp_5dea7427c65d07c7
rdr250199#csvline5381,compendium,mol_55b6d752028fb5df,InChI=1S/C6H10O/c7-6-4-2-1-3-5-6/h1-5H2,cyclohexanone,44,313,44000,C,,"[""1992SVO/KUB""]","RDR file 250199, CSV line 5381",0.1,unspecified_compendium_deviation,,,,unresolved,not_resolved_from_compendium_row,True,False,False,True,True,True,quarantine_compendium_provenance,measurement_temperature_state_correction_and_independence_unverified,False,False,True,,[],train,grp_5dea7427c65d07c7
rdr250199#csvline5382,compendium,mol_55b6d752028fb5df,InChI=1S/C6H10O/c7-6-4-2-1-3-5-6/h1-5H2,cyclohexanone,43.4,323,43400,C,,"[""1992SVO/KUB""]","RDR file 250199, CSV line 5382",0.1,unspecified_compendium_deviation,,,,unresolved,not_resolved_from_compendium_row,True,False,False,True,True,True,quarantine_compendium_provenance,measurement_temperature_state_correction_and_independence_unverified,False,False,True,,[],train,grp_5dea7427c65d07c7
rdr250199#csvline5383,compendium,mol_55b6d752028fb5df,InChI=1S/C6H10O/c7-6-4-2-1-3-5-6/h1-5H2,cyclohexanone,43.1,328,43100,C,,"[""1992SVO/KUB""]","RDR file 250199, CSV line 5383",0.1,unspecified_compendium_deviation,,,,unresolved,not_resolved_from_compendium_row,True,False,False,True,True,True,quarantine_compendium_provenance,measurement_temperature_state_correction_and_independence_unverified,False,False,True,,[],train,grp_5dea7427c65d07c7
rdr250199#csvline5384,compendium,mol_55b6d752028fb5df,InChI=1S/C6H10O/c7-6-4-2-1-3-5-6/h1-5H2,cyclohexanone,42.2,338,42200,C,,"[""1992SVO/KUB""]","RDR file 250199, CSV line 5384",0.1,unspecified_compendium_deviation,,,,unresolved,not_resolved_from_compendium_row,True,False,False,True,True,True,quarantine_compendium_provenance,measurement_temperature_state_correction_and_independence_unverified,False,False,True,,[],train,grp_5dea7427c65d07c7
rdr250199#csvline5385,compendium,mol_55b6d752028fb5df,InChI=1S/C6H10O/c7-6-4-2-1-3-5-6/h1-5H2,cyclohexanone,41.8,343,41800,C,,"[""1992SVO/KUB""]","RDR file 250199, CSV line 5385",0.1,unspecified_compendium_deviation,,,,unresolved,not_resolved_from_compendium_row,True,False,False,True,True,True,quarantine_compendium_provenance,measurement_temperature_state_correction_and_independence_unverified,False,False,True,,[],train,grp_5dea7427c65d07c7
rdr250199#csvline5386,compendium,mol_55b6d752028fb5df,InChI=1S/C6H10O/c7-6-4-2-1-3-5-6/h1-5H2,cyclohexanone,41.4,348,41400,C,,"[""1992SVO/KUB""]","RDR file 250199, CSV line 5386",0.1,unspecified_compendium_deviation,,,,unresolved,not_resolved_from_compendium_row,True,False,False,True,True,True,quarantine_compendium_provenance,measurement_temperature_state_correction_and_independence_unverified,False,False,True,,[],train,grp_5dea7427c65d07c7
rdr250199#csvline5394,compendium,mol_55b6d752028fb5df,InChI=1S/C6H10O/c7-6-4-2-1-3-5-6/h1-5H2,cyclohexanone,45.1,298,45100,C,,"[""1968PLA/WIL""]","RDR file 250199, CSV line 5394",0.1,unspecified_compendium_deviation,,,,unresolved,not_resolved_from_compendium_row,True,False,False,True,True,False,quarantine_compendium_provenance,measurement_temperature_state_correction_and_independence_unverified,False,False,True,,[],train,grp_5dea7427c65d07c7
rdr250199#csvline5511,compendium,mol_41941ac4285969b3,"InChI=1S/C6H11NO/c8-7-6-4-2-1-3-5-6/h8H,1-5H2",cyclohexanone oxime,58.7,368,58700,C,,"[""1992KOZ/KAB""]","RDR file 250199, CSV line 5511",0.6,unspecified_compendium_deviation,,,,unresolved,not_resolved_from_compendium_row,True,False,False,True,True,True,quarantine_compendium_provenance,measurement_temperature_state_correction_and_independence_unverified,False,False,True,,[],train,grp_41941ac4285969b3
rdr250199#csvline5538,compendium,mol_e983a25bd52a944d,InChI=1S/C6H12/c1-2-4-6-5-3-1/h1-6H2,cyclohexane,32.3,314,32300,C,,"[""1988DON/LIN""]","RDR file 250199, CSV line 5538",,unspecified_compendium_deviation,,,,unresolved,not_resolved_from_compendium_row,True,False,False,True,True,False,quarantine_compendium_provenance,measurement_temperature_state_correction_and_independence_unverified,False,False,True,,[],train,grp_5dea7427c65d07c7
rdr250199#csvline5539,compendium,mol_e983a25bd52a944d,InChI=1S/C6H12/c1-2-4-6-5-3-1/h1-6H2,cyclohexane,31.1,332,31100,C,,"[""1988DON/LIN""]","RDR file 250199, CSV line 5539",,unspecified_compendium_deviation,,,,unresolved,not_resolved_from_compendium_row,True,False,False,True,True,False,quarantine_compendium_provenance,measurement_temperature_state_correction_and_independence_unverified,False,False,True,,[],train,grp_5dea7427c65d07c7
rdr250199#csvline5540,compendium,mol_e983a25bd52a944d,InChI=1S/C6H12/c1-2-4-6-5-3-1/h1-6H2,cyclohexane,30.3,345,30300,C,,"[""1988DON/LIN""]","RDR file 250199, CSV line 5540",,unspecified_compendium_deviation,,,,unresolved,not_resolved_from_compendium_row,True,False,False,True,True,False,quarantine_compendium_provenance,measurement_temperature_state_correction_and_independence_unverified,False,False,True,,[],train,grp_5dea7427c65d07c7
rdr250199#csvline5541,compendium,mol_e983a25bd52a944d,InChI=1S/C6H12/c1-2-4-6-5-3-1/h1-6H2,cyclohexane,30,355,30000,C,,"[""1988DON/LIN""]","RDR file 250199, CSV line 5541",,unspecified_compendium_deviation,,,,unresolved,not_resolved_from_compendium_row,True,False,False,True,True,False,quarantine_compendium_provenance,measurement_temperature_state_correction_and_independence_unverified,False,False,True,,[],train,grp_5dea7427c65d07c7
rdr250199#csvline5546,compendium,mol_e983a25bd52a944d,InChI=1S/C6H12/c1-2-4-6-5-3-1/h1-6H2,cyclohexane,33,298,33000,C,,"[""1982FUR/SAK""]","RDR file 250199, CSV line 5546",0.1,unspecified_compendium_deviation,,,,unresolved,not_resolved_from_compendium_row,True,False,False,True,True,True,quarantine_compendium_provenance,measurement_temperature_state_correction_and_independence_unverified,False,False,True,,[],train,grp_5dea7427c65d07c7
rdr250199#csvline5548,compendium,mol_e983a25bd52a944d,InChI=1S/C6H12/c1-2-4-6-5-3-1/h1-6H2,cyclohexane,33,298,33000,C,,"[""1979MAJ/SVO""]","RDR file 250199, CSV line 5548",0.1,unspecified_compendium_deviation,,,,unresolved,not_resolved_from_compendium_row,True,False,False,True,True,True,quarantine_compendium_provenance,measurement_temperature_state_correction_and_independence_unverified,False,False,True,,[],train,grp_5dea7427c65d07c7
rdr250199#csvline5549,compendium,mol_e983a25bd52a944d,InChI=1S/C6H12/c1-2-4-6-5-3-1/h1-6H2,cyclohexane,32.3,313,32300,C,,"[""1979MAJ/SVO""]","RDR file 250199, CSV line 5549",0.1,unspecified_compendium_deviation,,,,unresolved,not_resolved_from_compendium_row,True,False,False,True,True,False,quarantine_compendium_provenance,measurement_temperature_state_correction_and_independence_unverified,False,False,True,,[],train,grp_5dea7427c65d07c7
rdr250199#csvline5550,compendium,mol_e983a25bd52a944d,InChI=1S/C6H12/c1-2-4-6-5-3-1/h1-6H2,cyclohexane,31.2,333,31200,C,,"[""1979MAJ/SVO""]","RDR file 250199, CSV line 5550",0.1,unspecified_compendium_deviation,,,,unresolved,not_resolved_from_compendium_row,True,False,False,True,True,False,quarantine_compendium_provenance,measurement_temperature_state_correction_and_independence_unverified,False,False,True,,[],train,grp_5dea7427c65d07c7
rdr250199#csvline5551,compendium,mol_e983a25bd52a944d,InChI=1S/C6H12/c1-2-4-6-5-3-1/h1-6H2,cyclohexane,31,338,31000,C,,"[""1979MAJ/SVO""]","RDR file 250199, CSV line 5551",0.1,unspecified_compendium_deviation,,,,unresolved,not_resolved_from_compendium_row,True,False,False,True,True,False,quarantine_compendium_provenance,measurement_temperature_state_correction_and_independence_unverified,False,False,True,,[],train,grp_5dea7427c65d07c7
rdr250199#csvline5552,compendium,mol_e983a25bd52a944d,InChI=1S/C6H12/c1-2-4-6-5-3-1/h1-6H2,cyclohexane,30.4,348,30400,C,,"[""1979MAJ/SVO""]","RDR file 250199, CSV line 5552",0.1,unspecified_compendium_deviation,,,,unresolved,not_resolved_from_compendium_row,True,False,False,True,True,False,quarantine_compendium_provenance,measurement_temperature_state_correction_and_independence_unverified,False,False,True,,[],train,grp_5dea7427c65d07c7
rdr250199#csvline5553,compendium,mol_e983a25bd52a944d,InChI=1S/C6H12/c1-2-4-6-5-3-1/h1-6H2,cyclohexane,30.1,353,30100,C,,"[""1979MAJ/SVO""]","RDR file 250199, CSV line 5553",0.1,unspecified_compendium_deviation,,,,unresolved,not_resolved_from_compendium_row,True,False,False,True,True,False,quarantine_compendium_provenance,measurement_temperature_state_correction_and_independence_unverified,False,False,True,,[],train,grp_5dea7427c65d07c7
rdr250199#csvline5554,compendium,mol_e983a25bd52a944d,InChI=1S/C6H12/c1-2-4-6-5-3-1/h1-6H2,cyclohexane,32.2,313,32200,C,,"[""1973SVO/VES""]","RDR file 250199, CSV line 5554",0.1,unspecified_compendium_deviation,,,,unresolved,not_resolved_from_compendium_row,True,False,False,True,True,False,quarantine_compendium_provenance,measurement_temperature_state_correction_and_independence_unverified,False,False,True,,[],train,grp_5dea7427c65d07c7
rdr250199#csvline5555,compendium,mol_e983a25bd52a944d,InChI=1S/C6H12/c1-2-4-6-5-3-1/h1-6H2,cyclohexane,31.9,323,31900,C,,"[""1973SVO/VES""]","RDR file 250199, CSV line 5555",0.1,unspecified_compendium_deviation,,,,unresolved,not_resolved_from_compendium_row,True,False,False,True,True,False,quarantine_compendium_provenance,measurement_temperature_state_correction_and_independence_unverified,False,False,True,,[],train,grp_5dea7427c65d07c7
rdr250199#csvline5556,compendium,mol_e983a25bd52a944d,InChI=1S/C6H12/c1-2-4-6-5-3-1/h1-6H2,cyclohexane,31.1,333,31100,C,,"[""1973SVO/VES""]","RDR file 250199, CSV line 5556",0.1,unspecified_compendium_deviation,,,,unresolved,not_resolved_from_compendium_row,True,False,False,True,True,False,quarantine_compendium_provenance,measurement_temperature_state_correction_and_independence_unverified,False,False,True,,[],train,grp_5dea7427c65d07c7
rdr250199#csvline5557,compendium,mol_e983a25bd52a944d,InChI=1S/C6H12/c1-2-4-6-5-3-1/h1-6H2,cyclohexane,30.6,343,30600,C,,"[""1973SVO/VES""]","RDR file 250199, CSV line 5557",0.1,unspecified_compendium_deviation,,,,unresolved,not_resolved_from_compendium_row,True,False,False,True,True,False,quarantine_compendium_provenance,measurement_temperature_state_correction_and_independence_unverified,False,False,True,,[],train,grp_5dea7427c65d07c7
rdr250199#csvline5558,compendium,mol_e983a25bd52a944d,InChI=1S/C6H12/c1-2-4-6-5-3-1/h1-6H2,cyclohexane,30.1,354,30100,C,,"[""1973SVO/VES""]","RDR file 250199, CSV line 5558",0.1,unspecified_compendium_deviation,,,,unresolved,not_resolved_from_compendium_row,True,False,False,True,True,False,quarantine_compendium_provenance,measurement_temperature_state_correction_and_independence_unverified,False,False,True,,[],train,grp_5dea7427c65d07c7
rdr250199#csvline5565,compendium,mol_e983a25bd52a944d,InChI=1S/C6H12/c1-2-4-6-5-3-1/h1-6H2,cyclohexane,33,298,33000,C,,"[""1960WAD""]","RDR file 250199, CSV line 5565",0.1,unspecified_compendium_deviation,,,,unresolved,not_resolved_from_compendium_row,True,False,False,True,True,True,quarantine_compendium_provenance,measurement_temperature_state_correction_and_independence_unverified,False,False,True,,[],train,grp_5dea7427c65d07c7
rdr250199#csvline5566,compendium,mol_e983a25bd52a944d,InChI=1S/C6H12/c1-2-4-6-5-3-1/h1-6H2,cyclohexane,31.4,324,31400,C,,"[""1951MCC/PER""]","RDR file 250199, CSV line 5566",0.1,unspecified_compendium_deviation,,,,unresolved,not_resolved_from_compendium_row,True,False,False,True,True,False,quarantine_compendium_provenance,measurement_temperature_state_correction_and_independence_unverified,False,False,True,,[],train,grp_5dea7427c65d07c7
rdr250199#csvline5567,compendium,mol_e983a25bd52a944d,InChI=1S/C6H12/c1-2-4-6-5-3-1/h1-6H2,cyclohexane,30.4,346,30400,C,,"[""1951MCC/PER""]","RDR file 250199, CSV line 5567",0.1,unspecified_compendium_deviation,,,,unresolved,not_resolved_from_compendium_row,True,False,False,True,True,False,quarantine_compendium_provenance,measurement_temperature_state_correction_and_independence_unverified,False,False,True,,[],train,grp_5dea7427c65d07c7
rdr250199#csvline5568,compendium,mol_e983a25bd52a944d,InChI=1S/C6H12/c1-2-4-6-5-3-1/h1-6H2,cyclohexane,33,298,33000,C,,"[""1947OSB/GIN""]","RDR file 250199, CSV line 5568",,unspecified_compendium_deviation,,,,unresolved,not_resolved_from_compendium_row,True,False,False,True,True,True,quarantine_compendium_provenance,measurement_temperature_state_correction_and_independence_unverified,False,False,True,,[],train,grp_5dea7427c65d07c7
rdr250199#csvline5571,compendium,mol_e983a25bd52a944d,InChI=1S/C6H12/c1-2-4-6-5-3-1/h1-6H2,cyclohexane,33.3,298,33300,C,,"[""1943AST/SZA""]","RDR file 250199, CSV line 5571",0.1,unspecified_compendium_deviation,,,,unresolved,not_resolved_from_compendium_row,True,False,False,True,True,True,quarantine_compendium_provenance,measurement_temperature_state_correction_and_independence_unverified,False,False,True,,[],train,grp_5dea7427c65d07c7
rdr250199#csvline5687,compendium,mol_5feb1fde294beccb,"InChI=1S/C6H12O/c7-6-4-2-1-3-5-6/h6-7H,1-5H2",cyclohexanol,62,298,62000,C,,"[""1999COS/EUS""]","RDR file 250199, CSV line 5687",0.3,unspecified_compendium_deviation,,,,unresolved,not_resolved_from_compendium_row,True,False,False,True,True,False,quarantine_compendium_provenance,measurement_temperature_state_correction_and_independence_unverified,False,False,True,,[],train,grp_5dea7427c65d07c7
rdr250199#csvline5703,compendium,mol_5feb1fde294beccb,"InChI=1S/C6H12O/c7-6-4-2-1-3-5-6/h6-7H,1-5H2",cyclohexanol,62,298,62000,C,,"[""1968PLA/WIL""]","RDR file 250199, CSV line 5703",0.2,unspecified_compendium_deviation,,,,unresolved,not_resolved_from_compendium_row,True,False,False,True,True,False,quarantine_compendium_provenance,measurement_temperature_state_correction_and_independence_unverified,False,False,True,,[],train,grp_5dea7427c65d07c7
rdr250199#csvline5774,compendium,mol_301d3a83ae1e6ae0,"InChI=1S/C6H12O/c1-5(2)4-6(3)7/h5H,4H2,1-3H3",4-methyl-2-pentanone (methyl isobutyl ketone),40.1,308,40100,C,,"[""1992SVO/KUB""]","RDR file 250199, CSV line 5774",0.1,unspecified_compendium_deviation,,,,unresolved,not_resolved_from_compendium_row,True,False,False,True,True,True,quarantine_compendium_provenance,measurement_temperature_state_correction_and_independence_unverified,False,False,True,,[],train,grp_5dea7427c65d07c7
rdr250199#csvline5775,compendium,mol_301d3a83ae1e6ae0,"InChI=1S/C6H12O/c1-5(2)4-6(3)7/h5H,4H2,1-3H3",4-methyl-2-pentanone (methyl isobutyl ketone),39,323,39000,C,,"[""1992SVO/KUB""]","RDR file 250199, CSV line 5775",0.1,unspecified_compendium_deviation,,,,unresolved,not_resolved_from_compendium_row,True,False,False,True,True,True,quarantine_compendium_provenance,measurement_temperature_state_correction_and_independence_unverified,False,False,True,,[],train,grp_5dea7427c65d07c7
rdr250199#csvline5776,compendium,mol_301d3a83ae1e6ae0,"InChI=1S/C6H12O/c1-5(2)4-6(3)7/h5H,4H2,1-3H3",4-methyl-2-pentanone (methyl isobutyl ketone),38,338,38000,C,,"[""1992SVO/KUB""]","RDR file 250199, CSV line 5776",0.1,unspecified_compendium_deviation,,,,unresolved,not_resolved_from_compendium_row,True,False,False,True,True,True,quarantine_compendium_provenance,measurement_temperature_state_correction_and_independence_unverified,False,False,True,,[],train,grp_5dea7427c65d07c7
rdr250199#csvline5777,compendium,mol_301d3a83ae1e6ae0,"InChI=1S/C6H12O/c1-5(2)4-6(3)7/h5H,4H2,1-3H3",4-methyl-2-pentanone (methyl isobutyl ketone),37.4,348,37400,C,,"[""1992SVO/KUB""]","RDR file 250199, CSV line 5777",0.1,unspecified_compendium_deviation,,,,unresolved,not_resolved_from_compendium_row,True,False,False,True,True,False,quarantine_compendium_provenance,measurement_temperature_state_correction_and_independence_unverified,False,False,True,,[],train,grp_5dea7427c65d07c7
rdr250199#csvline5781,compendium,mol_301d3a83ae1e6ae0,"InChI=1S/C6H12O/c1-5(2)4-6(3)7/h5H,4H2,1-3H3",4-methyl-2-pentanone (methyl isobutyl ketone),42.5,298,42500,C,,"[""1983UCH/MAJ""]","RDR file 250199, CSV line 5781",0.1,unspecified_compendium_deviation,,,,unresolved,not_resolved_from_compendium_row,True,False,False,True,True,False,quarantine_compendium_provenance,measurement_temperature_state_correction_and_independence_unverified,False,False,True,,[],train,grp_5dea7427c65d07c7
rdr250199#csvline5783,compendium,mol_301d3a83ae1e6ae0,"InChI=1S/C6H12O/c1-5(2)4-6(3)7/h5H,4H2,1-3H3",4-methyl-2-pentanone (methyl isobutyl ketone),37.6,347,37600,C,,"[""1973GEI/QUI""]","RDR file 250199, CSV line 5783",,unspecified_compendium_deviation,,,,unresolved,not_resolved_from_compendium_row,True,False,False,True,True,False,quarantine_compendium_provenance,measurement_temperature_state_correction_and_independence_unverified,False,False,True,,[],train,grp_5dea7427c65d07c7
rdr250199#csvline5821,compendium,mol_39beef09cdd1ae08,"InChI=1S/C6H12O2/c1-3-4-5-8-6(2)7/h3-5H2,1-2H3",butyl acetate,43,313,43000,C,,"[""1980SVO/UCH""]","RDR file 250199, CSV line 5821",0.1,unspecified_compendium_deviation,,,,unresolved,not_resolved_from_compendium_row,True,False,False,True,True,False,quarantine_compendium_provenance,measurement_temperature_state_correction_and_independence_unverified,False,False,True,,[],train,grp_5dea7427c65d07c7
rdr250199#csvline5822,compendium,mol_39beef09cdd1ae08,"InChI=1S/C6H12O2/c1-3-4-5-8-6(2)7/h3-5H2,1-2H3",butyl acetate,41.7,328,41700,C,,"[""1980SVO/UCH""]","RDR file 250199, CSV line 5822",0.1,unspecified_compendium_deviation,,,,unresolved,not_resolved_from_compendium_row,True,False,False,True,True,False,quarantine_compendium_provenance,measurement_temperature_state_correction_and_independence_unverified,False,False,True,,[],train,grp_5dea7427c65d07c7
rdr250199#csvline5823,compendium,mol_39beef09cdd1ae08,"InChI=1S/C6H12O2/c1-3-4-5-8-6(2)7/h3-5H2,1-2H3",butyl acetate,40.6,343,40600,C,,"[""1980SVO/UCH""]","RDR file 250199, CSV line 5823",0.1,unspecified_compendium_deviation,,,,unresolved,not_resolved_from_compendium_row,True,False,False,True,True,True,quarantine_compendium_provenance,measurement_temperature_state_correction_and_independence_unverified,False,False,True,,[],train,grp_5dea7427c65d07c7
rdr250199#csvline5824,compendium,mol_39beef09cdd1ae08,"InChI=1S/C6H12O2/c1-3-4-5-8-6(2)7/h3-5H2,1-2H3",butyl acetate,39.4,358,39400,C,,"[""1980SVO/UCH""]","RDR file 250199, CSV line 5824",0.1,unspecified_compendium_deviation,,,,unresolved,not_resolved_from_compendium_row,True,False,False,True,True,False,quarantine_compendium_provenance,measurement_temperature_state_correction_and_independence_unverified,False,False,True,,[],train,grp_5dea7427c65d07c7
rdr250199#csvline5829,compendium,mol_39beef09cdd1ae08,"InChI=1S/C6H12O2/c1-3-4-5-8-6(2)7/h3-5H2,1-2H3",butyl acetate,43.6,298,43600,C,,"[""1966WAD""]","RDR file 250199, CSV line 5829",0.2,unspecified_compendium_deviation,,,,unresolved,not_resolved_from_compendium_row,True,False,False,True,True,False,quarantine_compendium_provenance,measurement_temperature_state_correction_and_independence_unverified,False,False,True,,[],train,grp_5dea7427c65d07c7
rdr250199#csvline5846,compendium,mol_212f24f877214356,"InChI=1S/C6H12O2/c1-4-8-6(7)5(2)3/h5H,4H2,1-3H3",ethyl isobutyrate,39.8,298,39800,C,,"[""1966WAD""]","RDR file 250199, CSV line 5846",0.1,unspecified_compendium_deviation,,,,unresolved,not_resolved_from_compendium_row,True,False,False,True,True,False,quarantine_compendium_provenance,measurement_temperature_state_correction_and_independence_unverified,False,False,True,,[],train,grp_5dea7427c65d07c7
rdr250199#csvline5854,compendium,mol_754b018a16a84522,"InChI=1S/C6H12O2/c1-5(7)8-6(2,3)4/h1-4H3",tert-butyl acetate,38,298,38000,C,,"[""1966WAD"",""1996VER/BEC""]","RDR file 250199, CSV line 5854",0.2,unspecified_compendium_deviation,,,,unresolved,not_resolved_from_compendium_row,True,False,False,True,True,False,quarantine_compendium_provenance,measurement_temperature_state_correction_and_independence_unverified,False,False,True,,[],train,grp_5dea7427c65d07c7
rdr250199#csvline5872,compendium,mol_2c8fece1c354948f,"InChI=1S/C6H12O2/c1-3-4-5-6(7)8-2/h3-5H2,1-2H3",methyl valerate,44.3,298,44300,C,,"[""1981GAT/STR""]","RDR file 250199, CSV line 5872",0.5,unspecified_compendium_deviation,,,,unresolved,not_resolved_from_compendium_row,True,False,False,True,True,True,quarantine_compendium_provenance,measurement_temperature_state_correction_and_independence_unverified,False,False,True,,[],train,grp_5dea7427c65d07c7
rdr250199#csvline5875,compendium,mol_2c8fece1c354948f,"InChI=1S/C6H12O2/c1-3-4-5-6(7)8-2/h3-5H2,1-2H3",methyl valerate,43.1,298,43100,C,,"[""1977MAN/SEL""]","RDR file 250199, CSV line 5875",0.1,unspecified_compendium_deviation,,,,unresolved,not_resolved_from_compendium_row,True,False,False,True,True,True,quarantine_compendium_provenance,measurement_temperature_state_correction_and_independence_unverified,False,False,True,,[],train,grp_5dea7427c65d07c7
rdr250199#csvline5946,compendium,mol_71ac04ebc05b85f5,"InChI=1S/C6H13Cl/c1-2-3-4-5-6-7/h2-6H2,1H3",1-chlorohexane,42.8,298,42800,C,,"[""1981TEK/MAJ""]","RDR file 250199, CSV line 5946",0.1,unspecified_compendium_deviation,,,,unresolved,not_resolved_from_compendium_row,True,False,False,True,True,False,quarantine_compendium_provenance,measurement_temperature_state_correction_and_independence_unverified,False,False,True,,[],train,grp_5dea7427c65d07c7
rdr250199#csvline5947,compendium,mol_71ac04ebc05b85f5,"InChI=1S/C6H13Cl/c1-2-3-4-5-6-7/h2-6H2,1H3",1-chlorohexane,40.5,328,40500,C,,"[""1981TEK/MAJ""]","RDR file 250199, CSV line 5947",0.1,unspecified_compendium_deviation,,,,unresolved,not_resolved_from_compendium_row,True,False,False,True,True,True,quarantine_compendium_provenance,measurement_temperature_state_correction_and_independence_unverified,False,False,True,,[],train,grp_5dea7427c65d07c7
rdr250199#csvline5948,compendium,mol_71ac04ebc05b85f5,"InChI=1S/C6H13Cl/c1-2-3-4-5-6-7/h2-6H2,1H3",1-chlorohexane,40,343,40000,C,,"[""1981TEK/MAJ""]","RDR file 250199, CSV line 5948",0.1,unspecified_compendium_deviation,,,,unresolved,not_resolved_from_compendium_row,True,False,False,True,True,False,quarantine_compendium_provenance,measurement_temperature_state_correction_and_independence_unverified,False,False,True,,[],train,grp_5dea7427c65d07c7
rdr250199#csvline5949,compendium,mol_71ac04ebc05b85f5,"InChI=1S/C6H13Cl/c1-2-3-4-5-6-7/h2-6H2,1H3",1-chlorohexane,39,358,39000,C,,"[""1981TEK/MAJ""]","RDR file 250199, CSV line 5949",0.1,unspecified_compendium_deviation,,,,unresolved,not_resolved_from_compendium_row,True,False,False,True,True,False,quarantine_compendium_provenance,measurement_temperature_state_correction_and_independence_unverified,False,False,True,,[],train,grp_5dea7427c65d07c7
rdr250199#csvline5950,compendium,mol_71ac04ebc05b85f5,"InChI=1S/C6H13Cl/c1-2-3-4-5-6-7/h2-6H2,1H3",1-chlorohexane,38.4,368,38400,C,,"[""1981TEK/MAJ""]","RDR file 250199, CSV line 5950",0.1,unspecified_compendium_deviation,,,,unresolved,not_resolved_from_compendium_row,True,False,False,True,True,False,quarantine_compendium_provenance,measurement_temperature_state_correction_and_independence_unverified,False,False,True,,[],train,grp_5dea7427c65d07c7
rdr250199#csvline5952,compendium,mol_71ac04ebc05b85f5,"InChI=1S/C6H13Cl/c1-2-3-4-5-6-7/h2-6H2,1H3",1-chlorohexane,42.8,298,42800,C,,"[""1968WAD""]","RDR file 250199, CSV line 5952",0.1,unspecified_compendium_deviation,,,,unresolved,not_resolved_from_compendium_row,True,False,False,True,True,False,quarantine_compendium_provenance,measurement_temperature_state_correction_and_independence_unverified,False,False,True,,[],train,grp_5dea7427c65d07c7
rdr250199#csvline5963,compendium,mol_b633c02df2e0c63b,"InChI=1S/C6H13I/c1-2-3-4-5-6-7/h2-6H2,1H3",1-iodohexane,49.8,298,49800,C,,"[""1968WAD""]","RDR file 250199, CSV line 5963",0.1,unspecified_compendium_deviation,,,,unresolved,not_resolved_from_compendium_row,True,False,False,True,True,True,quarantine_compendium_provenance,measurement_temperature_state_correction_and_independence_unverified,False,False,True,,[],train,grp_5dea7427c65d07c7
rdr250199#csvline5973,compendium,mol_df36260e25a0f59a,"InChI=1S/C6H13N/c7-6-4-2-1-3-5-6/h6H,1-5,7H2",cyclohexylamine,42.7,313,42700,C,,"[""1979MAJ/SVO2""]","RDR file 250199, CSV line 5973",0.1,unspecified_compendium_deviation,,,,unresolved,not_resolved_from_compendium_row,True,False,False,True,True,True,quarantine_compendium_provenance,measurement_temperature_state_correction_and_independence_unverified,False,False,True,,[],train,grp_5dea7427c65d07c7
rdr250199#csvline5974,compendium,mol_df36260e25a0f59a,"InChI=1S/C6H13N/c7-6-4-2-1-3-5-6/h6H,1-5,7H2",cyclohexylamine,40.7,343,40700,C,,"[""1979MAJ/SVO2""]","RDR file 250199, CSV line 5974",0.1,unspecified_compendium_deviation,,,,unresolved,not_resolved_from_compendium_row,True,False,False,True,True,True,quarantine_compendium_provenance,measurement_temperature_state_correction_and_independence_unverified,False,False,True,,[],train,grp_5dea7427c65d07c7
rdr250199#csvline5975,compendium,mol_df36260e25a0f59a,"InChI=1S/C6H13N/c7-6-4-2-1-3-5-6/h6H,1-5,7H2",cyclohexylamine,39.6,358,39600,C,,"[""1979MAJ/SVO2""]","RDR file 250199, CSV line 5975",0.1,unspecified_compendium_deviation,,,,unresolved,not_resolved_from_compendium_row,True,False,False,True,True,False,quarantine_compendium_provenance,measurement_temperature_state_correction_and_independence_unverified,False,False,True,,[],train,grp_5dea7427c65d07c7
rdr250199#csvline5976,compendium,mol_df36260e25a0f59a,"InChI=1S/C6H13N/c7-6-4-2-1-3-5-6/h6H,1-5,7H2",cyclohexylamine,42.8,298,42800,C,,"[""1975BER/OLO""]","RDR file 250199, CSV line 5976",0.1,unspecified_compendium_deviation,,,,unresolved,not_resolved_from_compendium_row,True,False,False,True,True,True,quarantine_compendium_provenance,measurement_temperature_state_correction_and_independence_unverified,False,False,True,,[],train,grp_5dea7427c65d07c7
rdr250199#csvline5983,compendium,mol_f599bee9d7f71e01,"InChI=1S/C6H13N/c1-2-4-6-7-5-3-1/h7H,1-6H2",hexahydro-1H-azepine,46.7,298,46700,C,,"[""2014FRE/LEI""]","RDR file 250199, CSV line 5983",0.6,unspecified_compendium_deviation,,,,unresolved,not_resolved_from_compendium_row,True,False,False,True,True,True,quarantine_compendium_provenance,measurement_temperature_state_correction_and_independence_unverified,False,False,True,,[],train,grp_5dea7427c65d07c7
rdr250199#csvline5990,compendium,mol_d9ec66217e35d939,"InChI=1S/C6H13N/c1-7-5-3-2-4-6-7/h2-6H2,1H3",N-methylpiperidine,36.8,298,36800,C,,"[""2006RIB/CAB5""]","RDR file 250199, CSV line 5990",0.6,unspecified_compendium_deviation,,,,unresolved,not_resolved_from_compendium_row,True,False,False,True,True,True,quarantine_compendium_provenance,measurement_temperature_state_correction_and_independence_unverified,False,False,True,,[],train,grp_5dea7427c65d07c7
rdr250199#csvline6012,compendium,mol_2ea49b3823ebd7ad,"InChI=1S/C6H14/c1-3-5-6-4-2/h3-6H2,1-2H3",hexane,31.4,298,31400,C,,"[""2007PAS/KUZ""]","RDR file 250199, CSV line 6012",0.2,unspecified_compendium_deviation,,,,unresolved,not_resolved_from_compendium_row,True,False,False,True,True,True,quarantine_compendium_provenance,measurement_temperature_state_correction_and_independence_unverified,False,False,True,,[],train,grp_5dea7427c65d07c7
rdr250199#csvline6013,compendium,mol_2ea49b3823ebd7ad,"InChI=1S/C6H14/c1-3-5-6-4-2/h3-6H2,1-2H3",hexane,31.5,298,31500,C,,"[""1996VAR/PAS""]","RDR file 250199, CSV line 6013",0.1,unspecified_compendium_deviation,,,,unresolved,not_resolved_from_compendium_row,True,False,False,True,True,True,quarantine_compendium_provenance,measurement_temperature_state_correction_and_independence_unverified,False,False,True,,[],train,grp_5dea7427c65d07c7
rdr250199#csvline6023,compendium,mol_2ea49b3823ebd7ad,"InChI=1S/C6H14/c1-3-5-6-4-2/h3-6H2,1-2H3",hexane,26.6,373,26600,C,,"[""1985WOR/YER""]","RDR file 250199, CSV line 6023",,unspecified_compendium_deviation,,,,unresolved,not_resolved_from_compendium_row,True,False,False,True,True,False,quarantine_compendium_provenance,measurement_temperature_state_correction_and_independence_unverified,False,False,True,,[],train,grp_5dea7427c65d07c7
rdr250199#csvline6024,compendium,mol_2ea49b3823ebd7ad,"InChI=1S/C6H14/c1-3-5-6-4-2/h3-6H2,1-2H3",hexane,22.5,423,22500,C,,"[""1985WOR/YER""]","RDR file 250199, CSV line 6024",,unspecified_compendium_deviation,,,,unresolved,not_resolved_from_compendium_row,True,False,False,True,True,False,quarantine_compendium_provenance,measurement_temperature_state_correction_and_independence_unverified,False,False,True,,[],train,grp_5dea7427c65d07c7
rdr250199#csvline6025,compendium,mol_2ea49b3823ebd7ad,"InChI=1S/C6H14/c1-3-5-6-4-2/h3-6H2,1-2H3",hexane,15.7,473,15700,C,,"[""1985WOR/YER""]","RDR file 250199, CSV line 6025",,unspecified_compendium_deviation,,,,unresolved,not_resolved_from_compendium_row,True,False,False,True,True,False,quarantine_compendium_provenance,measurement_temperature_state_correction_and_independence_unverified,False,False,True,,[],train,grp_5dea7427c65d07c7
rdr250199#csvline6026,compendium,mol_2ea49b3823ebd7ad,"InChI=1S/C6H14/c1-3-5-6-4-2/h3-6H2,1-2H3",hexane,8.9,498,8900,C,,"[""1985WOR/YER""]","RDR file 250199, CSV line 6026",,unspecified_compendium_deviation,,,,unresolved,not_resolved_from_compendium_row,True,False,False,True,True,False,quarantine_compendium_provenance,measurement_temperature_state_correction_and_independence_unverified,False,False,True,,[],train,grp_5dea7427c65d07c7
rdr250199#csvline6029,compendium,mol_2ea49b3823ebd7ad,"InChI=1S/C6H14/c1-3-5-6-4-2/h3-6H2,1-2H3",hexane,31.6,298,31600,C,,"[""1979MAJ/SVO""]","RDR file 250199, CSV line 6029",0.1,unspecified_compendium_deviation,,,,unresolved,not_resolved_from_compendium_row,True,False,False,True,True,True,quarantine_compendium_provenance,measurement_temperature_state_correction_and_independence_unverified,False,False,True,,[],train,grp_5dea7427c65d07c7
rdr250199#csvline6030,compendium,mol_2ea49b3823ebd7ad,"InChI=1S/C6H14/c1-3-5-6-4-2/h3-6H2,1-2H3",hexane,30.7,313,30700,C,,"[""1979MAJ/SVO""]","RDR file 250199, CSV line 6030",0.1,unspecified_compendium_deviation,,,,unresolved,not_resolved_from_compendium_row,True,False,False,True,True,False,quarantine_compendium_provenance,measurement_temperature_state_correction_and_independence_unverified,False,False,True,,[],train,grp_5dea7427c65d07c7
rdr250199#csvline6031,compendium,mol_2ea49b3823ebd7ad,"InChI=1S/C6H14/c1-3-5-6-4-2/h3-6H2,1-2H3",hexane,29.5,333,29500,C,,"[""1979MAJ/SVO""]","RDR file 250199, CSV line 6031",0.1,unspecified_compendium_deviation,,,,unresolved,not_resolved_from_compendium_row,True,False,False,True,True,False,quarantine_compendium_provenance,measurement_temperature_state_correction_and_independence_unverified,False,False,True,,[],train,grp_5dea7427c65d07c7
rdr250199#csvline6032,compendium,mol_2ea49b3823ebd7ad,"InChI=1S/C6H14/c1-3-5-6-4-2/h3-6H2,1-2H3",hexane,28.2,353,28200,C,,"[""1979MAJ/SVO""]","RDR file 250199, CSV line 6032",0.1,unspecified_compendium_deviation,,,,unresolved,not_resolved_from_compendium_row,True,False,False,True,True,False,quarantine_compendium_provenance,measurement_temperature_state_correction_and_independence_unverified,False,False,True,,[],train,grp_5dea7427c65d07c7
rdr250199#csvline6036,compendium,mol_2ea49b3823ebd7ad,"InChI=1S/C6H14/c1-3-5-6-4-2/h3-6H2,1-2H3",hexane,30.9,309,30900,C,,"[""1947WAD/DOU""]","RDR file 250199, CSV line 6036",0.1,unspecified_compendium_deviation,,,,unresolved,not_resolved_from_compendium_row,True,False,False,True,True,False,quarantine_compendium_provenance,measurement_temperature_state_correction_and_independence_unverified,False,False,True,,[],train,grp_5dea7427c65d07c7
rdr250199#csvline6037,compendium,mol_2ea49b3823ebd7ad,"InChI=1S/C6H14/c1-3-5-6-4-2/h3-6H2,1-2H3",hexane,29.8,328,29800,C,,"[""1947WAD/DOU""]","RDR file 250199, CSV line 6037",0.1,unspecified_compendium_deviation,,,,unresolved,not_resolved_from_compendium_row,True,False,False,True,True,False,quarantine_compendium_provenance,measurement_temperature_state_correction_and_independence_unverified,False,False,True,,[],train,grp_5dea7427c65d07c7
rdr250199#csvline6038,compendium,mol_2ea49b3823ebd7ad,"InChI=1S/C6H14/c1-3-5-6-4-2/h3-6H2,1-2H3",hexane,31.5,298,31500,C,,"[""1947OSB/GIN""]","RDR file 250199, CSV line 6038",0.1,unspecified_compendium_deviation,,,,unresolved,not_resolved_from_compendium_row,True,False,False,True,True,True,quarantine_compendium_provenance,measurement_temperature_state_correction_and_independence_unverified,False,False,True,,[],train,grp_5dea7427c65d07c7
rdr250199#csvline6040,compendium,mol_2ea49b3823ebd7ad,"InChI=1S/C6H14/c1-3-5-6-4-2/h3-6H2,1-2H3",hexane,31,298,31000,C,,"[""1943LEM/FEL""]","RDR file 250199, CSV line 6040",0.2,unspecified_compendium_deviation,,,,unresolved,not_resolved_from_compendium_row,True,False,False,True,True,True,quarantine_compendium_provenance,measurement_temperature_state_correction_and_independence_unverified,False,False,True,,[],train,grp_5dea7427c65d07c7
rdr250199#csvline6041,compendium,mol_2ea49b3823ebd7ad,"InChI=1S/C6H14/c1-3-5-6-4-2/h3-6H2,1-2H3",hexane,30.5,313,30500,C,,"[""1943LEM/FEL""]","RDR file 250199, CSV line 6041",0.2,unspecified_compendium_deviation,,,,unresolved,not_resolved_from_compendium_row,True,False,False,True,True,False,quarantine_compendium_provenance,measurement_temperature_state_correction_and_independence_unverified,False,False,True,,[],train,grp_5dea7427c65d07c7
rdr250199#csvline6042,compendium,mol_2ea49b3823ebd7ad,"InChI=1S/C6H14/c1-3-5-6-4-2/h3-6H2,1-2H3",hexane,29,333,29000,C,,"[""1943LEM/FEL""]","RDR file 250199, CSV line 6042",0.2,unspecified_compendium_deviation,,,,unresolved,not_resolved_from_compendium_row,True,False,False,True,True,False,quarantine_compendium_provenance,measurement_temperature_state_correction_and_independence_unverified,False,False,True,,[],train,grp_5dea7427c65d07c7
rdr250199#csvline6043,compendium,mol_2ea49b3823ebd7ad,"InChI=1S/C6H14/c1-3-5-6-4-2/h3-6H2,1-2H3",hexane,28.2,353,28200,C,,"[""1943LEM/FEL""]","RDR file 250199, CSV line 6043",0.2,unspecified_compendium_deviation,,,,unresolved,not_resolved_from_compendium_row,True,False,False,True,True,False,quarantine_compendium_provenance,measurement_temperature_state_correction_and_independence_unverified,False,False,True,,[],train,grp_5dea7427c65d07c7
rdr250199#csvline6107,compendium,mol_a6ed1653bde80123,"InChI=1S/C6H14O/c1-3-5-6-7-4-2/h3-6H2,1-2H3",butyl ethyl ether,36.3,298,36300,C,,"[""1980MAJ/WAG""]","RDR file 250199, CSV line 6107",0.1,unspecified_compendium_deviation,,,,unresolved,not_resolved_from_compendium_row,True,False,False,True,True,True,quarantine_compendium_provenance,measurement_temperature_state_correction_and_independence_unverified,False,False,True,,[],train,grp_5dea7427c65d07c7
rdr250199#csvline6108,compendium,mol_a6ed1653bde80123,"InChI=1S/C6H14O/c1-3-5-6-7-4-2/h3-6H2,1-2H3",butyl ethyl ether,35.3,313,35300,C,,"[""1980MAJ/WAG""]","RDR file 250199, CSV line 6108",,unspecified_compendium_deviation,,,,unresolved,not_resolved_from_compendium_row,True,False,False,True,True,False,quarantine_compendium_provenance,measurement_temperature_state_correction_and_independence_unverified,False,False,True,,[],train,grp_5dea7427c65d07c7
rdr250199#csvline6109,compendium,mol_a6ed1653bde80123,"InChI=1S/C6H14O/c1-3-5-6-7-4-2/h3-6H2,1-2H3",butyl ethyl ether,34.3,328,34300,C,,"[""1980MAJ/WAG""]","RDR file 250199, CSV line 6109",,unspecified_compendium_deviation,,,,unresolved,not_resolved_from_compendium_row,True,False,False,True,True,False,quarantine_compendium_provenance,measurement_temperature_state_correction_and_independence_unverified,False,False,True,,[],train,grp_5dea7427c65d07c7
rdr250199#csvline6110,compendium,mol_a6ed1653bde80123,"InChI=1S/C6H14O/c1-3-5-6-7-4-2/h3-6H2,1-2H3",butyl ethyl ether,33.3,343,33300,C,,"[""1980MAJ/WAG""]","RDR file 250199, CSV line 6110",,unspecified_compendium_deviation,,,,unresolved,not_resolved_from_compendium_row,True,False,False,True,True,False,quarantine_compendium_provenance,measurement_temperature_state_correction_and_independence_unverified,False,False,True,,[],train,grp_5dea7427c65d07c7
rdr250199#csvline6111,compendium,mol_a6ed1653bde80123,"InChI=1S/C6H14O/c1-3-5-6-7-4-2/h3-6H2,1-2H3",butyl ethyl ether,32.1,358,32100,C,,"[""1980MAJ/WAG""]","RDR file 250199, CSV line 6111",,unspecified_compendium_deviation,,,,unresolved,not_resolved_from_compendium_row,True,False,False,True,True,False,quarantine_compendium_provenance,measurement_temperature_state_correction_and_independence_unverified,False,False,True,,[],train,grp_5dea7427c65d07c7
rdr250199#csvline6127,compendium,mol_8477b7b46a4f3d7e,"InChI=1S/C6H14O/c1-5-6(2,3)7-4/h5H2,1-4H3",tert-amyl methyl ether,35.8,298,35800,C,,"[""1991ROZ/SAF""]","RDR file 250199, CSV line 6127",,unspecified_compendium_deviation,,,,unresolved,not_resolved_from_compendium_row,True,False,False,True,True,True,quarantine_compendium_provenance,measurement_temperature_state_correction_and_independence_unverified,False,False,True,,[],train,grp_5dea7427c65d07c7
rdr250199#csvline6143,compendium,mol_e82f68770fb0a3fb,"InChI=1S/C6H14O/c1-3-5-7-6-4-2/h3-6H2,1-2H3",dipropyl ether,35.7,298,35700,C,,"[""1980MAJ/WAG""]","RDR file 250199, CSV line 6143",0.1,unspecified_compendium_deviation,,,,unresolved,not_resolved_from_compendium_row,True,False,False,True,True,False,quarantine_compendium_provenance,measurement_temperature_state_correction_and_independence_unverified,False,False,True,,[],train,grp_5dea7427c65d07c7
rdr250199#csvline6144,compendium,mol_e82f68770fb0a3fb,"InChI=1S/C6H14O/c1-3-5-7-6-4-2/h3-6H2,1-2H3",dipropyl ether,34.7,313,34700,C,,"[""1980MAJ/WAG""]","RDR file 250199, CSV line 6144",,unspecified_compendium_deviation,,,,unresolved,not_resolved_from_compendium_row,True,False,False,True,True,True,quarantine_compendium_provenance,measurement_temperature_state_correction_and_independence_unverified,False,False,True,,[],train,grp_5dea7427c65d07c7
rdr250199#csvline6145,compendium,mol_e82f68770fb0a3fb,"InChI=1S/C6H14O/c1-3-5-7-6-4-2/h3-6H2,1-2H3",dipropyl ether,33.8,328,33800,C,,"[""1980MAJ/WAG""]","RDR file 250199, CSV line 6145",,unspecified_compendium_deviation,,,,unresolved,not_resolved_from_compendium_row,True,False,False,True,True,False,quarantine_compendium_provenance,measurement_temperature_state_correction_and_independence_unverified,False,False,True,,[],train,grp_5dea7427c65d07c7
rdr250199#csvline6146,compendium,mol_e82f68770fb0a3fb,"InChI=1S/C6H14O/c1-3-5-7-6-4-2/h3-6H2,1-2H3",dipropyl ether,32.8,343,32800,C,,"[""1980MAJ/WAG""]","RDR file 250199, CSV line 6146",,unspecified_compendium_deviation,,,,unresolved,not_resolved_from_compendium_row,True,False,False,True,True,False,quarantine_compendium_provenance,measurement_temperature_state_correction_and_independence_unverified,False,False,True,,[],train,grp_5dea7427c65d07c7
rdr250199#csvline6147,compendium,mol_e82f68770fb0a3fb,"InChI=1S/C6H14O/c1-3-5-7-6-4-2/h3-6H2,1-2H3",dipropyl ether,31.7,358,31700,C,,"[""1980MAJ/WAG""]","RDR file 250199, CSV line 6147",,unspecified_compendium_deviation,,,,unresolved,not_resolved_from_compendium_row,True,False,False,True,True,False,quarantine_compendium_provenance,measurement_temperature_state_correction_and_independence_unverified,False,False,True,,[],train,grp_5dea7427c65d07c7
rdr250199#csvline6150,compendium,mol_e82f68770fb0a3fb,"InChI=1S/C6H14O/c1-3-5-7-6-4-2/h3-6H2,1-2H3",dipropyl ether,34,324,34000,C,,"[""1975AND/COU""]","RDR file 250199, CSV line 6150",,unspecified_compendium_deviation,,,,unresolved,not_resolved_from_compendium_row,True,False,False,True,True,False,quarantine_compendium_provenance,measurement_temperature_state_correction_and_independence_unverified,False,False,True,,[],train,grp_5dea7427c65d07c7
rdr250199#csvline6151,compendium,mol_e82f68770fb0a3fb,"InChI=1S/C6H14O/c1-3-5-7-6-4-2/h3-6H2,1-2H3",dipropyl ether,32.8,342,32800,C,,"[""1975AND/COU""]","RDR file 250199, CSV line 6151",,unspecified_compendium_deviation,,,,unresolved,not_resolved_from_compendium_row,True,False,False,True,True,False,quarantine_compendium_provenance,measurement_temperature_state_correction_and_independence_unverified,False,False,True,,[],train,grp_5dea7427c65d07c7
rdr250199#csvline6152,compendium,mol_e82f68770fb0a3fb,"InChI=1S/C6H14O/c1-3-5-7-6-4-2/h3-6H2,1-2H3",dipropyl ether,31.3,363,31300,C,,"[""1975AND/COU""]","RDR file 250199, CSV line 6152",,unspecified_compendium_deviation,,,,unresolved,not_resolved_from_compendium_row,True,False,False,True,True,False,quarantine_compendium_provenance,measurement_temperature_state_correction_and_independence_unverified,False,False,True,,[],train,grp_5dea7427c65d07c7
rdr250199#csvline6163,compendium,mol_4e6567a0dc6bd494,"InChI=1S/C6H14O/c1-5(2)7-6(3)4/h5-6H,1-4H3",diisopropyl ether,32.1,298,32100,C,,"[""1980MAJ/WAG""]","RDR file 250199, CSV line 6163",0.1,unspecified_compendium_deviation,,,,unresolved,not_resolved_from_compendium_row,True,False,False,True,True,True,quarantine_compendium_provenance,measurement_temperature_state_correction_and_independence_unverified,False,False,True,,[],train,grp_5dea7427c65d07c7
rdr250199#csvline6164,compendium,mol_4e6567a0dc6bd494,"InChI=1S/C6H14O/c1-5(2)7-6(3)4/h5-6H,1-4H3",diisopropyl ether,31.1,313,31100,C,,"[""1980MAJ/WAG""]","RDR file 250199, CSV line 6164",,unspecified_compendium_deviation,,,,unresolved,not_resolved_from_compendium_row,True,False,False,True,True,False,quarantine_compendium_provenance,measurement_temperature_state_correction_and_independence_unverified,False,False,True,,[],train,grp_5dea7427c65d07c7
rdr250199#csvline6165,compendium,mol_4e6567a0dc6bd494,"InChI=1S/C6H14O/c1-5(2)7-6(3)4/h5-6H,1-4H3",diisopropyl ether,30.1,328,30100,C,,"[""1980MAJ/WAG""]","RDR file 250199, CSV line 6165",,unspecified_compendium_deviation,,,,unresolved,not_resolved_from_compendium_row,True,False,False,True,True,False,quarantine_compendium_provenance,measurement_temperature_state_correction_and_independence_unverified,False,False,True,,[],train,grp_5dea7427c65d07c7
rdr250199#csvline6166,compendium,mol_4e6567a0dc6bd494,"InChI=1S/C6H14O/c1-5(2)7-6(3)4/h5-6H,1-4H3",diisopropyl ether,29,343,29000,C,,"[""1980MAJ/WAG""]","RDR file 250199, CSV line 6166",,unspecified_compendium_deviation,,,,unresolved,not_resolved_from_compendium_row,True,False,False,True,True,False,quarantine_compendium_provenance,measurement_temperature_state_correction_and_independence_unverified,False,False,True,,[],train,grp_5dea7427c65d07c7
rdr250199#csvline6167,compendium,mol_4e6567a0dc6bd494,"InChI=1S/C6H14O/c1-5(2)7-6(3)4/h5-6H,1-4H3",diisopropyl ether,27.8,358,27800,C,,"[""1980MAJ/WAG""]","RDR file 250199, CSV line 6167",,unspecified_compendium_deviation,,,,unresolved,not_resolved_from_compendium_row,True,False,False,True,True,False,quarantine_compendium_provenance,measurement_temperature_state_correction_and_independence_unverified,False,False,True,,[],train,grp_5dea7427c65d07c7
rdr250199#csvline6189,compendium,mol_b8293313f61ea38f,"InChI=1S/C6H14O/c1-2-3-4-5-6-7/h7H,2-6H2,1H3",1-hexanol,58.5,328,58500,C,,"[""1985MAJ/SVO3""]","RDR file 250199, CSV line 6189",0.2,unspecified_compendium_deviation,,,,unresolved,not_resolved_from_compendium_row,True,False,False,True,True,True,quarantine_compendium_provenance,measurement_temperature_state_correction_and_independence_unverified,False,False,True,,[],train,grp_5dea7427c65d07c7
rdr250199#csvline6190,compendium,mol_b8293313f61ea38f,"InChI=1S/C6H14O/c1-2-3-4-5-6-7/h7H,2-6H2,1H3",1-hexanol,57.6,343,57600,C,,"[""1985MAJ/SVO3""]","RDR file 250199, CSV line 6190",0.2,unspecified_compendium_deviation,,,,unresolved,not_resolved_from_compendium_row,True,False,False,True,True,True,quarantine_compendium_provenance,measurement_temperature_state_correction_and_independence_unverified,False,False,True,,[],train,grp_5dea7427c65d07c7
rdr250199#csvline6191,compendium,mol_b8293313f61ea38f,"InChI=1S/C6H14O/c1-2-3-4-5-6-7/h7H,2-6H2,1H3",1-hexanol,55.2,358,55200,C,,"[""1985MAJ/SVO3""]","RDR file 250199, CSV line 6191",0.2,unspecified_compendium_deviation,,,,unresolved,not_resolved_from_compendium_row,True,False,False,True,True,True,quarantine_compendium_provenance,measurement_temperature_state_correction_and_independence_unverified,False,False,True,,[],train,grp_5dea7427c65d07c7
rdr250199#csvline6192,compendium,mol_b8293313f61ea38f,"InChI=1S/C6H14O/c1-2-3-4-5-6-7/h7H,2-6H2,1H3",1-hexanol,53.8,368,53800,C,,"[""1985MAJ/SVO3""]","RDR file 250199, CSV line 6192",0.2,unspecified_compendium_deviation,,,,unresolved,not_resolved_from_compendium_row,True,False,False,True,True,True,quarantine_compendium_provenance,measurement_temperature_state_correction_and_independence_unverified,False,False,True,,[],train,grp_5dea7427c65d07c7
rdr250199#csvline6194,compendium,mol_b8293313f61ea38f,"InChI=1S/C6H14O/c1-2-3-4-5-6-7/h7H,2-6H2,1H3",1-hexanol,60.8,298,60800,C,,"[""1977MAN/SEL""]","RDR file 250199, CSV line 6194",0.2,unspecified_compendium_deviation,,,,unresolved,not_resolved_from_compendium_row,True,False,False,True,True,True,quarantine_compendium_provenance,measurement_temperature_state_correction_and_independence_unverified,False,False,True,,[],train,grp_5dea7427c65d07c7
rdr250199#csvline6197,compendium,mol_b8293313f61ea38f,"InChI=1S/C6H14O/c1-2-3-4-5-6-7/h7H,2-6H2,1H3",1-hexanol,61.6,298,61600,C,,"[""1966WAD""]","RDR file 250199, CSV line 6197",0.2,unspecified_compendium_deviation,,,,unresolved,not_resolved_from_compendium_row,True,False,False,True,True,True,quarantine_compendium_provenance,measurement_temperature_state_correction_and_independence_unverified,False,False,True,,[],train,grp_5dea7427c65d07c7
rdr250199#csvline6315,compendium,mol_2483b3ccb2b39f62,"InChI=1S/C6H14O2/c7-5-3-1-2-4-6-8/h7-8H,1-6H2","1,6-hexanediol",90.7,298,90700,C,,"[""1990KNA/SAB""]","RDR file 250199, CSV line 6315",1.1,unspecified_compendium_deviation,,,,unresolved,not_resolved_from_compendium_row,True,False,False,True,True,False,quarantine_compendium_provenance,measurement_temperature_state_correction_and_independence_unverified,False,False,True,,[],train,grp_5dea7427c65d07c7
rdr250199#csvline6434,compendium,mol_cdea8ee7666036ab,"InChI=1S/C6H15N/c1-3-5-7-6-4-2/h7H,3-6H2,1-2H3",dipropylamine,40,298,40000,C,,"[""1969WAD""]","RDR file 250199, CSV line 6434",0.1,unspecified_compendium_deviation,,,,unresolved,not_resolved_from_compendium_row,True,False,False,True,True,True,quarantine_compendium_provenance,measurement_temperature_state_correction_and_independence_unverified,False,False,True,,[],train,grp_5dea7427c65d07c7
rdr250199#csvline6436,compendium,mol_cdea8ee7666036ab,"InChI=1S/C6H15N/c1-3-5-7-6-4-2/h7H,3-6H2,1-2H3",dipropylamine,32,381,32000,C,,"[""1901KAH""]","RDR file 250199, CSV line 6436",,unspecified_compendium_deviation,,,,unresolved,not_resolved_from_compendium_row,True,False,False,True,True,False,quarantine_compendium_provenance,measurement_temperature_state_correction_and_independence_unverified,False,False,True,,[],train,grp_5dea7427c65d07c7
rdr250199#csvline6444,compendium,mol_784ee3742c50210b,"InChI=1S/C6H15N/c1-4-7(5-2)6-3/h4-6H2,1-3H3",triethylamine,34.8,298,34800,C,,"[""1979MAJ/SVO2""]","RDR file 250199, CSV line 6444",0.2,unspecified_compendium_deviation,,,,unresolved,not_resolved_from_compendium_row,True,False,False,True,True,True,quarantine_compendium_provenance,measurement_temperature_state_correction_and_independence_unverified,False,False,True,,[],train,grp_5dea7427c65d07c7
rdr250199#csvline6445,compendium,mol_784ee3742c50210b,"InChI=1S/C6H15N/c1-4-7(5-2)6-3/h4-6H2,1-3H3",triethylamine,33.9,313,33900,C,,"[""1979MAJ/SVO2""]","RDR file 250199, CSV line 6445",0.1,unspecified_compendium_deviation,,,,unresolved,not_resolved_from_compendium_row,True,False,False,True,True,False,quarantine_compendium_provenance,measurement_temperature_state_correction_and_independence_unverified,False,False,True,,[],train,grp_5dea7427c65d07c7
rdr250199#csvline6446,compendium,mol_784ee3742c50210b,"InChI=1S/C6H15N/c1-4-7(5-2)6-3/h4-6H2,1-3H3",triethylamine,33,328,33000,C,,"[""1979MAJ/SVO2""]","RDR file 250199, CSV line 6446",0.2,unspecified_compendium_deviation,,,,unresolved,not_resolved_from_compendium_row,True,False,False,True,True,False,quarantine_compendium_provenance,measurement_temperature_state_correction_and_independence_unverified,False,False,True,,[],train,grp_5dea7427c65d07c7
rdr250199#csvline6447,compendium,mol_784ee3742c50210b,"InChI=1S/C6H15N/c1-4-7(5-2)6-3/h4-6H2,1-3H3",triethylamine,32.2,343,32200,C,,"[""1979MAJ/SVO2""]","RDR file 250199, CSV line 6447",0.1,unspecified_compendium_deviation,,,,unresolved,not_resolved_from_compendium_row,True,False,False,True,True,False,quarantine_compendium_provenance,measurement_temperature_state_correction_and_independence_unverified,False,False,True,,[],train,grp_5dea7427c65d07c7
rdr250199#csvline6448,compendium,mol_784ee3742c50210b,"InChI=1S/C6H15N/c1-4-7(5-2)6-3/h4-6H2,1-3H3",triethylamine,31.3,358,31300,C,,"[""1979MAJ/SVO2""]","RDR file 250199, CSV line 6448",0.2,unspecified_compendium_deviation,,,,unresolved,not_resolved_from_compendium_row,True,False,False,True,True,False,quarantine_compendium_provenance,measurement_temperature_state_correction_and_independence_unverified,False,False,True,,[],train,grp_5dea7427c65d07c7
rdr250199#csvline6452,compendium,mol_784ee3742c50210b,"InChI=1S/C6H15N/c1-4-7(5-2)6-3/h4-6H2,1-3H3",triethylamine,34.9,298,34900,C,,"[""1969WAD""]","RDR file 250199, CSV line 6452",0.1,unspecified_compendium_deviation,,,,unresolved,not_resolved_from_compendium_row,True,False,False,True,True,True,quarantine_compendium_provenance,measurement_temperature_state_correction_and_independence_unverified,False,False,True,,[],train,grp_5dea7427c65d07c7
rdr250199#csvline6784,compendium,mol_9250348909aba0f8,"InChI=1S/C7H7Cl/c1-6-4-2-3-5-7(6)8/h2-5H,1H3",2-chlorotoluene,46.1,298,46100,C,,"[""1926MAT"",""2014VER/EME""]","RDR file 250199, CSV line 6784",0.1,unspecified_compendium_deviation,,,,unresolved,not_resolved_from_compendium_row,True,False,False,True,True,True,quarantine_compendium_provenance,measurement_temperature_state_correction_and_independence_unverified,False,False,True,,[],train,grp_5dea7427c65d07c7
rdr250199#csvline6798,compendium,mol_239cb7e490ad2a91,"InChI=1S/C7H7Cl/c1-6-2-4-7(8)5-3-6/h2-5H,1H3",4-chlorotoluene,46.4,298,46400,C,,"[""1926MAT"",""2014VER/EME""]","RDR file 250199, CSV line 6798",0.1,unspecified_compendium_deviation,,,,unresolved,not_resolved_from_compendium_row,True,False,False,True,True,True,quarantine_compendium_provenance,measurement_temperature_state_correction_and_independence_unverified,False,False,True,,[],train,grp_5dea7427c65d07c7
rdr250199#csvline6880,compendium,mol_f51711463f7a60d1,"InChI=1S/C7H7NO2/c1-10-7(9)6-4-2-3-5-8-6/h2-5H,1H3",methyl picolinate,67,298,67000,C,,"[""2007RIB/FRE""]","RDR file 250199, CSV line 6880",1.8,unspecified_compendium_deviation,,,,unresolved,not_resolved_from_compendium_row,True,False,False,True,True,True,quarantine_compendium_provenance,measurement_temperature_state_correction_and_independence_unverified,False,False,True,,[],train,grp_eacde2a75ccb5ff9
rdr250199#csvline6883,compendium,mol_9d47f5f4c0b23422,"InChI=1S/C7H7NO2/c1-10-7(9)6-2-4-8-5-3-6/h2-5H,1H3",methyl isonicotinate,65.4,298,65400,C,,"[""2007RIB/FRE""]","RDR file 250199, CSV line 6883",1.4,unspecified_compendium_deviation,,,,unresolved,not_resolved_from_compendium_row,True,False,False,True,True,True,quarantine_compendium_provenance,measurement_temperature_state_correction_and_independence_unverified,False,False,True,,[],train,grp_eacde2a75ccb5ff9
rdr250199#csvline6908,compendium,mol_b44b37c017007981,"InChI=1S/C7H8/c1-7-5-3-2-4-6-7/h2-6H,1H3",toluene,33.5,380,33500,C,,"[""1985NAT/VIS""]","RDR file 250199, CSV line 6908",0.1,unspecified_compendium_deviation,,,,unresolved,not_resolved_from_compendium_row,True,False,False,True,True,False,quarantine_compendium_provenance,measurement_temperature_state_correction_and_independence_unverified,False,False,True,,[],train,grp_5dea7427c65d07c7
rdr250199#csvline6909,compendium,mol_b44b37c017007981,"InChI=1S/C7H8/c1-7-5-3-2-4-6-7/h2-6H,1H3",toluene,32.1,403,32100,C,,"[""1985NAT/VIS""]","RDR file 250199, CSV line 6909",0.1,unspecified_compendium_deviation,,,,unresolved,not_resolved_from_compendium_row,True,False,False,True,True,False,quarantine_compendium_provenance,measurement_temperature_state_correction_and_independence_unverified,False,False,True,,[],train,grp_5dea7427c65d07c7
rdr250199#csvline6910,compendium,mol_b44b37c017007981,"InChI=1S/C7H8/c1-7-5-3-2-4-6-7/h2-6H,1H3",toluene,29.4,441,29400,C,,"[""1985NAT/VIS""]","RDR file 250199, CSV line 6910",0.1,unspecified_compendium_deviation,,,,unresolved,not_resolved_from_compendium_row,True,False,False,True,True,False,quarantine_compendium_provenance,measurement_temperature_state_correction_and_independence_unverified,False,False,True,,[],train,grp_5dea7427c65d07c7
rdr250199#csvline6911,compendium,mol_b44b37c017007981,"InChI=1S/C7H8/c1-7-5-3-2-4-6-7/h2-6H,1H3",toluene,27.1,470,27100,C,,"[""1985NAT/VIS""]","RDR file 250199, CSV line 6911",0.1,unspecified_compendium_deviation,,,,unresolved,not_resolved_from_compendium_row,True,False,False,True,True,False,quarantine_compendium_provenance,measurement_temperature_state_correction_and_independence_unverified,False,False,True,,[],train,grp_5dea7427c65d07c7
rdr250199#csvline6924,compendium,mol_b44b37c017007981,"InChI=1S/C7H8/c1-7-5-3-2-4-6-7/h2-6H,1H3",toluene,38,298,38000,C,,"[""1947OSB/GIN""]","RDR file 250199, CSV line 6924",,unspecified_compendium_deviation,,,,unresolved,not_resolved_from_compendium_row,True,False,False,True,True,True,quarantine_compendium_provenance,measurement_temperature_state_correction_and_independence_unverified,False,False,True,,[],train,grp_5dea7427c65d07c7
rdr250199#csvline6936,compendium,mol_360d41877d5341ed,"InChI=1S/C7H8O/c1-8-7-5-3-2-4-6-7/h2-6H,1H3",anisole,46.4,298,46400,C,,"[""2014SIM/AGA""]","RDR file 250199, CSV line 6936",0.3,unspecified_compendium_deviation,,,,unresolved,not_resolved_from_compendium_row,True,False,False,True,True,True,quarantine_compendium_provenance,measurement_temperature_state_correction_and_independence_unverified,False,False,True,,[],train,grp_5dea7427c65d07c7
rdr250199#csvline6945,compendium,mol_360d41877d5341ed,"InChI=1S/C7H8O/c1-8-7-5-3-2-4-6-7/h2-6H,1H3",anisole,46.8,298,46800,C,,"[""1975FEN/HAR""]","RDR file 250199, CSV line 6945",0.2,unspecified_compendium_deviation,,,,unresolved,not_resolved_from_compendium_row,True,False,False,True,True,True,quarantine_compendium_provenance,measurement_temperature_state_correction_and_independence_unverified,False,False,True,,[],train,grp_5dea7427c65d07c7
rdr250199#csvline6947,compendium,mol_360d41877d5341ed,"InChI=1S/C7H8O/c1-8-7-5-3-2-4-6-7/h2-6H,1H3",anisole,42.9,367,42900,C,,"[""1967HAL/LEE""]","RDR file 250199, CSV line 6947",0.1,unspecified_compendium_deviation,,,,unresolved,not_resolved_from_compendium_row,True,False,False,True,True,False,quarantine_compendium_provenance,measurement_temperature_state_correction_and_independence_unverified,False,False,True,,[],train,grp_5dea7427c65d07c7
rdr250199#csvline6948,compendium,mol_360d41877d5341ed,"InChI=1S/C7H8O/c1-8-7-5-3-2-4-6-7/h2-6H,1H3",anisole,42,382,42000,C,,"[""1967HAL/LEE""]","RDR file 250199, CSV line 6948",0.1,unspecified_compendium_deviation,,,,unresolved,not_resolved_from_compendium_row,True,False,False,True,True,False,quarantine_compendium_provenance,measurement_temperature_state_correction_and_independence_unverified,False,False,True,,[],train,grp_5dea7427c65d07c7
rdr250199#csvline6949,compendium,mol_360d41877d5341ed,"InChI=1S/C7H8O/c1-8-7-5-3-2-4-6-7/h2-6H,1H3",anisole,40.5,402,40500,C,,"[""1967HAL/LEE""]","RDR file 250199, CSV line 6949",0.1,unspecified_compendium_deviation,,,,unresolved,not_resolved_from_compendium_row,True,False,False,True,True,False,quarantine_compendium_provenance,measurement_temperature_state_correction_and_independence_unverified,False,False,True,,[],train,grp_5dea7427c65d07c7
rdr250199#csvline6950,compendium,mol_360d41877d5341ed,"InChI=1S/C7H8O/c1-8-7-5-3-2-4-6-7/h2-6H,1H3",anisole,38.9,427,38900,C,,"[""1967HAL/LEE""]","RDR file 250199, CSV line 6950",0.1,unspecified_compendium_deviation,,,,unresolved,not_resolved_from_compendium_row,True,False,False,True,True,False,quarantine_compendium_provenance,measurement_temperature_state_correction_and_independence_unverified,False,False,True,,[],train,grp_5dea7427c65d07c7
rdr250199#csvline6972,compendium,mol_b9cfbb8959e61e2d,"InChI=1S/C7H8O/c1-6-3-2-4-7(8)5-6/h2-5,8H,1H3",3-hydroxytoluene,65,298,65000,C,,"[""2007RIC/BER""]","RDR file 250199, CSV line 6972",0.7,unspecified_compendium_deviation,,,,unresolved,not_resolved_from_compendium_row,True,False,False,True,True,False,quarantine_compendium_provenance,measurement_temperature_state_correction_and_independence_unverified,False,False,True,,[],train,grp_5dea7427c65d07c7
rdr250199#csvline7003,compendium,mol_c75fad41ddce441e,"InChI=1S/C7H8O2/c1-9-7-5-3-2-4-6(7)8/h2-5,8H,1H3",2-methoxyphenol,62.6,298,62600,C,,"[""2003MAT/MIR""]","RDR file 250199, CSV line 7003",0.5,unspecified_compendium_deviation,,,,unresolved,not_resolved_from_compendium_row,True,False,False,True,True,False,quarantine_compendium_provenance,measurement_temperature_state_correction_and_independence_unverified,False,False,True,,[],train,grp_adfdafeead28201b
rdr250199#csvline7095,compendium,mol_dee0d48887c32f73,"InChI=1S/C7H9N/c1-6-4-3-5-7(2)8-6/h3-5H,1-2H3","2,6-dimethylpyridine",44.4,313,44400,C,,"[""1985MAJ/SVO2""]","RDR file 250199, CSV line 7095",,unspecified_compendium_deviation,,,,unresolved,not_resolved_from_compendium_row,True,False,False,True,True,True,quarantine_compendium_provenance,measurement_temperature_state_correction_and_independence_unverified,False,False,True,,[],train,grp_5dea7427c65d07c7
rdr250199#csvline7096,compendium,mol_dee0d48887c32f73,"InChI=1S/C7H9N/c1-6-4-3-5-7(2)8-6/h3-5H,1-2H3","2,6-dimethylpyridine",42.5,343,42500,C,,"[""1985MAJ/SVO2""]","RDR file 250199, CSV line 7096",,unspecified_compendium_deviation,,,,unresolved,not_resolved_from_compendium_row,True,False,False,True,True,True,quarantine_compendium_provenance,measurement_temperature_state_correction_and_independence_unverified,False,False,True,,[],train,grp_5dea7427c65d07c7
rdr250199#csvline7097,compendium,mol_dee0d48887c32f73,"InChI=1S/C7H9N/c1-6-4-3-5-7(2)8-6/h3-5H,1-2H3","2,6-dimethylpyridine",40.8,368,40800,C,,"[""1985MAJ/SVO2""]","RDR file 250199, CSV line 7097",,unspecified_compendium_deviation,,,,unresolved,not_resolved_from_compendium_row,True,False,False,True,True,False,quarantine_compendium_provenance,measurement_temperature_state_correction_and_independence_unverified,False,False,True,,[],train,grp_5dea7427c65d07c7
rdr250199#csvline7118,compendium,mol_34651b4ffde1812d,"InChI=1S/C7H9N/c1-6-3-7(2)5-8-4-6/h3-5H,1-2H3","3,5-dimethylpyridine",49.6,313,49600,C,,"[""1985MAJ/SVO2""]","RDR file 250199, CSV line 7118",,unspecified_compendium_deviation,,,,unresolved,not_resolved_from_compendium_row,True,False,False,True,True,True,quarantine_compendium_provenance,measurement_temperature_state_correction_and_independence_unverified,False,False,True,,[],train,grp_5dea7427c65d07c7
rdr250199#csvline7119,compendium,mol_34651b4ffde1812d,"InChI=1S/C7H9N/c1-6-3-7(2)5-8-4-6/h3-5H,1-2H3","3,5-dimethylpyridine",46.5,343,46500,C,,"[""1985MAJ/SVO2""]","RDR file 250199, CSV line 7119",,unspecified_compendium_deviation,,,,unresolved,not_resolved_from_compendium_row,True,False,False,True,True,True,quarantine_compendium_provenance,measurement_temperature_state_correction_and_independence_unverified,False,False,True,,[],train,grp_5dea7427c65d07c7
rdr250199#csvline7120,compendium,mol_34651b4ffde1812d,"InChI=1S/C7H9N/c1-6-3-7(2)5-8-4-6/h3-5H,1-2H3","3,5-dimethylpyridine",44.8,368,44800,C,,"[""1985MAJ/SVO2""]","RDR file 250199, CSV line 7120",,unspecified_compendium_deviation,,,,unresolved,not_resolved_from_compendium_row,True,False,False,True,True,False,quarantine_compendium_provenance,measurement_temperature_state_correction_and_independence_unverified,False,False,True,,[],train,grp_5dea7427c65d07c7
rdr250199#csvline7132,compendium,mol_680d2c2ef877ca4d,"InChI=1S/C7H9N/c1-8-7-5-3-2-4-6-7/h2-6,8H,1H3",N-methylaniline,45.4,467,45400,C,,"[""1931MAT/FEH""]","RDR file 250199, CSV line 7132",,unspecified_compendium_deviation,,,,unresolved,not_resolved_from_compendium_row,True,False,False,True,True,False,quarantine_compendium_provenance,measurement_temperature_state_correction_and_independence_unverified,False,False,True,,[],train,grp_5dea7427c65d07c7
rdr250199#csvline7133,compendium,mol_680d2c2ef877ca4d,"InChI=1S/C7H9N/c1-8-7-5-3-2-4-6-7/h2-6,8H,1H3",N-methylaniline,58.6,298,58600,C,,"[""1931MAT/FEH"",""2015EME/PIM""]","RDR file 250199, CSV line 7133",1.0,unspecified_compendium_deviation,,,,unresolved,not_resolved_from_compendium_row,True,False,False,True,True,False,quarantine_compendium_provenance,measurement_temperature_state_correction_and_independence_unverified,False,False,True,,[],train,grp_5dea7427c65d07c7
rdr250199#csvline7280,compendium,mol_a78531f40bfa734a,"InChI=1S/C7H12O2/c8-6-9-7-4-2-1-3-5-7/h6-7H,1-5H2",cyclohexyl formate,49.3,298,49300,C,,"[""2003ZAI/VER"",""2004PAU/ZAI""]","RDR file 250199, CSV line 7280",0.2,unspecified_compendium_deviation,,,,unresolved,not_resolved_from_compendium_row,True,False,False,True,True,False,quarantine_compendium_provenance,measurement_temperature_state_correction_and_independence_unverified,False,False,True,lineage_f4bc4084aeae7a33,"[""10.1021/je025634v#d4#p1#r1""]",test,grp_69e3066d23c835df
rdr250199#csvline7360,compendium,mol_256a0ea2592048b0,"InChI=1S/C7H14/c1-7-5-3-2-4-6-7/h7H,2-6H2,1H3",methylcyclohexane,35.4,298,35400,C,,"[""1979MAJ/SVO""]","RDR file 250199, CSV line 7360",0.1,unspecified_compendium_deviation,,,,unresolved,not_resolved_from_compendium_row,True,False,False,True,True,False,quarantine_compendium_provenance,measurement_temperature_state_correction_and_independence_unverified,False,False,True,,[],train,grp_5dea7427c65d07c7
rdr250199#csvline7361,compendium,mol_256a0ea2592048b0,"InChI=1S/C7H14/c1-7-5-3-2-4-6-7/h7H,2-6H2,1H3",methylcyclohexane,34.6,313,34600,C,,"[""1979MAJ/SVO""]","RDR file 250199, CSV line 7361",0.1,unspecified_compendium_deviation,,,,unresolved,not_resolved_from_compendium_row,True,False,False,True,True,True,quarantine_compendium_provenance,measurement_temperature_state_correction_and_independence_unverified,False,False,True,,[],train,grp_5dea7427c65d07c7
rdr250199#csvline7362,compendium,mol_256a0ea2592048b0,"InChI=1S/C7H14/c1-7-5-3-2-4-6-7/h7H,2-6H2,1H3",methylcyclohexane,33.5,333,33500,C,,"[""1979MAJ/SVO""]","RDR file 250199, CSV line 7362",0.1,unspecified_compendium_deviation,,,,unresolved,not_resolved_from_compendium_row,True,False,False,True,True,False,quarantine_compendium_provenance,measurement_temperature_state_correction_and_independence_unverified,False,False,True,,[],train,grp_5dea7427c65d07c7
rdr250199#csvline7363,compendium,mol_256a0ea2592048b0,"InChI=1S/C7H14/c1-7-5-3-2-4-6-7/h7H,2-6H2,1H3",methylcyclohexane,32.5,353,32500,C,,"[""1979MAJ/SVO""]","RDR file 250199, CSV line 7363",0.1,unspecified_compendium_deviation,,,,unresolved,not_resolved_from_compendium_row,True,False,False,True,True,False,quarantine_compendium_provenance,measurement_temperature_state_correction_and_independence_unverified,False,False,True,,[],train,grp_5dea7427c65d07c7
rdr250199#csvline739,compendium,mol_69df6d03bf2d6749,InChI=1S/C2H2Cl4/c3-1(4)2(5)6/h1-2H,"1,1,2,2-tetrachloroethane",44.7,313,44700,C,,"[""1980MAJ/SVA""]","RDR file 250199, CSV line 739",,unspecified_compendium_deviation,,,,unresolved,not_resolved_from_compendium_row,True,False,False,True,True,True,quarantine_compendium_provenance,measurement_temperature_state_correction_and_independence_unverified,False,False,True,,[],train,grp_5dea7427c65d07c7
rdr250199#csvline740,compendium,mol_69df6d03bf2d6749,InChI=1S/C2H2Cl4/c3-1(4)2(5)6/h1-2H,"1,1,2,2-tetrachloroethane",43.8,328,43800,C,,"[""1980MAJ/SVA""]","RDR file 250199, CSV line 740",,unspecified_compendium_deviation,,,,unresolved,not_resolved_from_compendium_row,True,False,False,True,True,True,quarantine_compendium_provenance,measurement_temperature_state_correction_and_independence_unverified,False,False,True,,[],train,grp_5dea7427c65d07c7
rdr250199#csvline741,compendium,mol_69df6d03bf2d6749,InChI=1S/C2H2Cl4/c3-1(4)2(5)6/h1-2H,"1,1,2,2-tetrachloroethane",42.8,343,42800,C,,"[""1980MAJ/SVA""]","RDR file 250199, CSV line 741",,unspecified_compendium_deviation,,,,unresolved,not_resolved_from_compendium_row,True,False,False,True,True,True,quarantine_compendium_provenance,measurement_temperature_state_correction_and_independence_unverified,False,False,True,,[],train,grp_5dea7427c65d07c7
rdr250199#csvline742,compendium,mol_69df6d03bf2d6749,InChI=1S/C2H2Cl4/c3-1(4)2(5)6/h1-2H,"1,1,2,2-tetrachloroethane",41.8,358,41800,C,,"[""1980MAJ/SVA""]","RDR file 250199, CSV line 742",,unspecified_compendium_deviation,,,,unresolved,not_resolved_from_compendium_row,True,False,False,True,True,True,quarantine_compendium_provenance,measurement_temperature_state_correction_and_independence_unverified,False,False,True,,[],train,grp_5dea7427c65d07c7
rdr250199#csvline745,compendium,mol_69df6d03bf2d6749,InChI=1S/C2H2Cl4/c3-1(4)2(5)6/h1-2H,"1,1,2,2-tetrachloroethane",45.8,298,45800,C,,"[""1972LAY/WAD""]","RDR file 250199, CSV line 745",0.2,unspecified_compendium_deviation,,,,unresolved,not_resolved_from_compendium_row,True,False,False,True,True,True,quarantine_compendium_provenance,measurement_temperature_state_correction_and_independence_unverified,False,False,True,,[],train,grp_5dea7427c65d07c7
rdr250199#csvline7517,compendium,mol_70e48880798be543,"InChI=1S/C7H14O/c1-3-4-5-6-7(2)8/h3-6H2,1-2H3",2-heptanone,46.1,298,46100,C,,"[""1981GAT/STR""]","RDR file 250199, CSV line 7517",0.7,unspecified_compendium_deviation,,,,unresolved,not_resolved_from_compendium_row,True,False,False,True,True,False,quarantine_compendium_provenance,measurement_temperature_state_correction_and_independence_unverified,False,False,True,,[],train,grp_5dea7427c65d07c7
rdr250199#csvline7519,compendium,mol_70e48880798be543,"InChI=1S/C7H14O/c1-3-4-5-6-7(2)8/h3-6H2,1-2H3",2-heptanone,47.2,298,47200,C,,"[""1979SUN/SVE2""]","RDR file 250199, CSV line 7519",0.1,unspecified_compendium_deviation,,,,unresolved,not_resolved_from_compendium_row,True,False,False,True,True,False,quarantine_compendium_provenance,measurement_temperature_state_correction_and_independence_unverified,False,False,True,,[],train,grp_5dea7427c65d07c7
rdr250199#csvline7531,compendium,mol_478c9e57637d58f1,"InChI=1S/C7H14O/c1-5(2)7(8)6(3)4/h5-6H,1-4H3","2,4-dimethyl-3-pentanone",43.4,298,43400,C,,"[""1981GAT/STR""]","RDR file 250199, CSV line 7531",0.5,unspecified_compendium_deviation,,,,unresolved,not_resolved_from_compendium_row,True,False,False,True,True,False,quarantine_compendium_provenance,measurement_temperature_state_correction_and_independence_unverified,False,False,True,,[],train,grp_5dea7427c65d07c7
rdr250199#csvline7533,compendium,mol_478c9e57637d58f1,"InChI=1S/C7H14O/c1-5(2)7(8)6(3)4/h5-6H,1-4H3","2,4-dimethyl-3-pentanone",41.6,298,41600,C,,"[""1970SEL2""]","RDR file 250199, CSV line 7533",0.1,unspecified_compendium_deviation,,,,unresolved,not_resolved_from_compendium_row,True,False,False,True,True,False,quarantine_compendium_provenance,measurement_temperature_state_correction_and_independence_unverified,False,False,True,,[],train,grp_5dea7427c65d07c7
rdr250199#csvline7534,compendium,mol_478c9e57637d58f1,"InChI=1S/C7H14O/c1-5(2)7(8)6(3)4/h5-6H,1-4H3","2,4-dimethyl-3-pentanone",41.5,298,41500,C,,"[""1966WAD""]","RDR file 250199, CSV line 7534",0.1,unspecified_compendium_deviation,,,,unresolved,not_resolved_from_compendium_row,True,False,False,True,True,False,quarantine_compendium_provenance,measurement_temperature_state_correction_and_independence_unverified,False,False,True,,[],train,grp_5dea7427c65d07c7
rdr250199#csvline7554,compendium,mol_41edcf15887aae47,"InChI=1S/C7H14O2/c1-3-4-5-6-7(8)9-2/h3-6H2,1-2H3",methyl hexanoate,48,298,48000,C,,"[""1977MAN/SEL""]","RDR file 250199, CSV line 7554",0.1,unspecified_compendium_deviation,,,,unresolved,not_resolved_from_compendium_row,True,False,False,True,True,True,quarantine_compendium_provenance,measurement_temperature_state_correction_and_independence_unverified,False,False,True,,[],train,grp_5dea7427c65d07c7
rdr250199#csvline7561,compendium,mol_5acfd4736e755185,"InChI=1S/C7H14O2/c1-3-5-6-9-7(8)4-2/h3-6H2,1-2H3",butyl propanoate,39.1,418,39100,C,,"[""1926MAT""]","RDR file 250199, CSV line 7561",0.4,unspecified_compendium_deviation,,,,unresolved,not_resolved_from_compendium_row,True,False,False,True,True,False,quarantine_compendium_provenance,measurement_temperature_state_correction_and_independence_unverified,False,False,True,,[],train,grp_5dea7427c65d07c7
rdr250199#csvline7562,compendium,mol_5acfd4736e755185,"InChI=1S/C7H14O2/c1-3-5-6-9-7(8)4-2/h3-6H2,1-2H3",butyl propanoate,48.5,298,48500,C,,"[""1926MAT"",""2012SAM/NAZ""]","RDR file 250199, CSV line 7562",0.4,unspecified_compendium_deviation,,,,unresolved,not_resolved_from_compendium_row,True,False,False,True,True,False,quarantine_compendium_provenance,measurement_temperature_state_correction_and_independence_unverified,False,False,True,,[],train,grp_5dea7427c65d07c7
rdr250199#csvline7676,compendium,mol_538c4f0d7c4ce97e,"InChI=1S/C7H16/c1-3-5-7-6-4-2/h3-7H2,1-2H3",heptane,36.6,298,36600,C,,"[""1979MAJ/SVO""]","RDR file 250199, CSV line 7676",0.1,unspecified_compendium_deviation,,,,unresolved,not_resolved_from_compendium_row,True,False,False,True,True,True,quarantine_compendium_provenance,measurement_temperature_state_correction_and_independence_unverified,False,False,True,,[],train,grp_5dea7427c65d07c7
rdr250199#csvline7677,compendium,mol_538c4f0d7c4ce97e,"InChI=1S/C7H16/c1-3-5-7-6-4-2/h3-7H2,1-2H3",heptane,35.6,313,35600,C,,"[""1979MAJ/SVO""]","RDR file 250199, CSV line 7677",0.1,unspecified_compendium_deviation,,,,unresolved,not_resolved_from_compendium_row,True,False,False,True,True,True,quarantine_compendium_provenance,measurement_temperature_state_correction_and_independence_unverified,False,False,True,,[],train,grp_5dea7427c65d07c7
rdr250199#csvline7678,compendium,mol_538c4f0d7c4ce97e,"InChI=1S/C7H16/c1-3-5-7-6-4-2/h3-7H2,1-2H3",heptane,34.4,333,34400,C,,"[""1979MAJ/SVO""]","RDR file 250199, CSV line 7678",0.1,unspecified_compendium_deviation,,,,unresolved,not_resolved_from_compendium_row,True,False,False,True,True,False,quarantine_compendium_provenance,measurement_temperature_state_correction_and_independence_unverified,False,False,True,,[],train,grp_5dea7427c65d07c7
rdr250199#csvline7679,compendium,mol_538c4f0d7c4ce97e,"InChI=1S/C7H16/c1-3-5-7-6-4-2/h3-7H2,1-2H3",heptane,33.1,353,33100,C,,"[""1979MAJ/SVO""]","RDR file 250199, CSV line 7679",0.1,unspecified_compendium_deviation,,,,unresolved,not_resolved_from_compendium_row,True,False,False,True,True,False,quarantine_compendium_provenance,measurement_temperature_state_correction_and_independence_unverified,False,False,True,,[],train,grp_5dea7427c65d07c7
rdr250199#csvline7685,compendium,mol_538c4f0d7c4ce97e,"InChI=1S/C7H16/c1-3-5-7-6-4-2/h3-7H2,1-2H3",heptane,34.5,331,34500,C,,"[""1947WAD/TOD""]","RDR file 250199, CSV line 7685",0.1,unspecified_compendium_deviation,,,,unresolved,not_resolved_from_compendium_row,True,False,False,True,True,False,quarantine_compendium_provenance,measurement_temperature_state_correction_and_independence_unverified,False,False,True,,[],train,grp_5dea7427c65d07c7
rdr250199#csvline7686,compendium,mol_538c4f0d7c4ce97e,"InChI=1S/C7H16/c1-3-5-7-6-4-2/h3-7H2,1-2H3",heptane,33.2,350,33200,C,,"[""1947WAD/TOD""]","RDR file 250199, CSV line 7686",0.1,unspecified_compendium_deviation,,,,unresolved,not_resolved_from_compendium_row,True,False,False,True,True,False,quarantine_compendium_provenance,measurement_temperature_state_correction_and_independence_unverified,False,False,True,,[],train,grp_5dea7427c65d07c7
rdr250199#csvline7689,compendium,mol_538c4f0d7c4ce97e,"InChI=1S/C7H16/c1-3-5-7-6-4-2/h3-7H2,1-2H3",heptane,32,371,32000,C,,"[""1940PIT""]","RDR file 250199, CSV line 7689",,unspecified_compendium_deviation,,,,unresolved,not_resolved_from_compendium_row,True,False,False,True,True,False,quarantine_compendium_provenance,measurement_temperature_state_correction_and_independence_unverified,False,False,True,,[],train,grp_5dea7427c65d07c7
rdr250199#csvline7767,compendium,mol_5e0efb61904c3869,"InChI=1S/C7H16O/c1-5-7(3,4)8-6-2/h5-6H2,1-4H3",tert-amyl ethyl ether,38.2,298,38200,C,,"[""2002VAR/PAS""]","RDR file 250199, CSV line 7767",0.2,unspecified_compendium_deviation,,,,unresolved,not_resolved_from_compendium_row,True,False,False,True,True,True,quarantine_compendium_provenance,measurement_temperature_state_correction_and_independence_unverified,False,False,True,,[],train,grp_5dea7427c65d07c7
rdr250199#csvline7784,compendium,mol_e687bcf74e76aad5,"InChI=1S/C7H16O/c1-2-3-4-5-6-7-8/h8H,2-7H2,1H3",1-heptanol,66.8,298,66800,C,,"[""1977MAN/SEL""]","RDR file 250199, CSV line 7784",0.2,unspecified_compendium_deviation,,,,unresolved,not_resolved_from_compendium_row,True,False,False,True,True,True,quarantine_compendium_provenance,measurement_temperature_state_correction_and_independence_unverified,False,False,True,,[],train,grp_5dea7427c65d07c7
rdr250199#csvline7841,compendium,mol_ecea6633cd348403,"InChI=1S/C7H16O3/c1-4-8-7(9-5-2)10-6-3/h7H,4-6H2,1-3H3",triethoxymethane (triethyl orthoformate),47.8,298,47800,C,,"[""1985MAR/MAN""]","RDR file 250199, CSV line 7841",0.1,unspecified_compendium_deviation,,,,unresolved,not_resolved_from_compendium_row,True,False,False,True,True,False,quarantine_compendium_provenance,measurement_temperature_state_correction_and_independence_unverified,False,False,True,,[],train,grp_5dea7427c65d07c7
rdr250199#csvline7867,compendium,mol_7e0d1a628651aee9,"InChI=1S/C7H17N/c1-2-3-4-5-6-7-8/h2-8H2,1H3",heptylamine,50,298,50000,C,,"[""1969WAD""]","RDR file 250199, CSV line 7867",0.1,unspecified_compendium_deviation,,,,unresolved,not_resolved_from_compendium_row,True,False,False,True,True,True,quarantine_compendium_provenance,measurement_temperature_state_correction_and_independence_unverified,False,False,True,,[],train,grp_5dea7427c65d07c7
rdr250199#csvline7909,compendium,mol_517756553f493ba0,"InChI=1S/C8F18/c9-1(10,3(13,14)5(17,18)7(21,22)23)2(11,12)4(15,16)6(19,20)8(24,25)26",perfluorooctane,41.1,298,41100,C,,"[""1981VAR/BUL""]","RDR file 250199, CSV line 7909",0.1,unspecified_compendium_deviation,,,,unresolved,not_resolved_from_compendium_row,True,False,False,True,True,True,quarantine_compendium_provenance,measurement_temperature_state_correction_and_independence_unverified,False,False,True,,[],train,grp_5dea7427c65d07c7
rdr250199#csvline796,compendium,mol_f45d44d06aa6449e,"InChI=1S/C2H3Cl3/c1-2(3,4)5/h1H3","1,1,1-trichloroethane",32.5,298,32500,C,,"[""1980MAJ/SVA""]","RDR file 250199, CSV line 796",0.1,unspecified_compendium_deviation,,,,unresolved,not_resolved_from_compendium_row,True,False,False,True,True,False,quarantine_compendium_provenance,measurement_temperature_state_correction_and_independence_unverified,False,False,True,,[],train,grp_5dea7427c65d07c7
rdr250199#csvline797,compendium,mol_f45d44d06aa6449e,"InChI=1S/C2H3Cl3/c1-2(3,4)5/h1H3","1,1,1-trichloroethane",31.8,313,31800,C,,"[""1980MAJ/SVA""]","RDR file 250199, CSV line 797",,unspecified_compendium_deviation,,,,unresolved,not_resolved_from_compendium_row,True,False,False,True,True,False,quarantine_compendium_provenance,measurement_temperature_state_correction_and_independence_unverified,False,False,True,,[],train,grp_5dea7427c65d07c7
rdr250199#csvline798,compendium,mol_f45d44d06aa6449e,"InChI=1S/C2H3Cl3/c1-2(3,4)5/h1H3","1,1,1-trichloroethane",30.9,328,30900,C,,"[""1980MAJ/SVA""]","RDR file 250199, CSV line 798",,unspecified_compendium_deviation,,,,unresolved,not_resolved_from_compendium_row,True,False,False,True,True,False,quarantine_compendium_provenance,measurement_temperature_state_correction_and_independence_unverified,False,False,True,,[],train,grp_5dea7427c65d07c7
rdr250199#csvline799,compendium,mol_f45d44d06aa6449e,"InChI=1S/C2H3Cl3/c1-2(3,4)5/h1H3","1,1,1-trichloroethane",30.1,343,30100,C,,"[""1980MAJ/SVA""]","RDR file 250199, CSV line 799",,unspecified_compendium_deviation,,,,unresolved,not_resolved_from_compendium_row,True,False,False,True,True,False,quarantine_compendium_provenance,measurement_temperature_state_correction_and_independence_unverified,False,False,True,,[],train,grp_5dea7427c65d07c7
rdr250199#csvline800,compendium,mol_f45d44d06aa6449e,"InChI=1S/C2H3Cl3/c1-2(3,4)5/h1H3","1,1,1-trichloroethane",29.2,358,29200,C,,"[""1980MAJ/SVA""]","RDR file 250199, CSV line 800",,unspecified_compendium_deviation,,,,unresolved,not_resolved_from_compendium_row,True,False,False,True,True,False,quarantine_compendium_provenance,measurement_temperature_state_correction_and_independence_unverified,False,False,True,,[],train,grp_5dea7427c65d07c7
rdr250199#csvline804,compendium,mol_f45d44d06aa6449e,"InChI=1S/C2H3Cl3/c1-2(3,4)5/h1H3","1,1,1-trichloroethane",31.5,315,31500,C,,"[""1973AND/COU""]","RDR file 250199, CSV line 804",,unspecified_compendium_deviation,,,,unresolved,not_resolved_from_compendium_row,True,False,False,True,True,False,quarantine_compendium_provenance,measurement_temperature_state_correction_and_independence_unverified,False,False,True,,[],train,grp_5dea7427c65d07c7
rdr250199#csvline805,compendium,mol_f45d44d06aa6449e,"InChI=1S/C2H3Cl3/c1-2(3,4)5/h1H3","1,1,1-trichloroethane",30.4,335,30400,C,,"[""1973AND/COU""]","RDR file 250199, CSV line 805",,unspecified_compendium_deviation,,,,unresolved,not_resolved_from_compendium_row,True,False,False,True,True,False,quarantine_compendium_provenance,measurement_temperature_state_correction_and_independence_unverified,False,False,True,,[],train,grp_5dea7427c65d07c7
rdr250199#csvline806,compendium,mol_f45d44d06aa6449e,"InChI=1S/C2H3Cl3/c1-2(3,4)5/h1H3","1,1,1-trichloroethane",29.7,347,29700,C,,"[""1973AND/COU""]","RDR file 250199, CSV line 806",,unspecified_compendium_deviation,,,,unresolved,not_resolved_from_compendium_row,True,False,False,True,True,False,quarantine_compendium_provenance,measurement_temperature_state_correction_and_independence_unverified,False,False,True,,[],train,grp_5dea7427c65d07c7
rdr250199#csvline807,compendium,mol_f45d44d06aa6449e,"InChI=1S/C2H3Cl3/c1-2(3,4)5/h1H3","1,1,1-trichloroethane",32.5,298,32500,C,,"[""1971MAN/RIN"",""1972LAY/WAD""]","RDR file 250199, CSV line 807",0.1,unspecified_compendium_deviation,,,,unresolved,not_resolved_from_compendium_row,True,False,False,True,True,False,quarantine_compendium_provenance,measurement_temperature_state_correction_and_independence_unverified,False,False,True,,[],train,grp_5dea7427c65d07c7
rdr250199#csvline810,compendium,mol_f45d44d06aa6449e,"InChI=1S/C2H3Cl3/c1-2(3,4)5/h1H3","1,1,1-trichloroethane",33.4,284,33400,C,,"[""1944RUB/LEV""]","RDR file 250199, CSV line 810",0.1,unspecified_compendium_deviation,,,,unresolved,not_resolved_from_compendium_row,True,False,False,True,True,False,quarantine_compendium_provenance,measurement_temperature_state_correction_and_independence_unverified,False,False,True,,[],train,grp_5dea7427c65d07c7
rdr250199#csvline8244,compendium,mol_af4829eb52c939fe,"InChI=1S/C8H10/c1-7-5-3-4-6-8(7)2/h3-6H,1-2H3","1,2-dimethylbenzene",43.4,298,43400,C,,"[""1947OSB/GIN""]","RDR file 250199, CSV line 8244",0.1,unspecified_compendium_deviation,,,,unresolved,not_resolved_from_compendium_row,True,False,False,True,True,False,quarantine_compendium_provenance,measurement_temperature_state_correction_and_independence_unverified,False,False,True,,[],train,grp_5dea7427c65d07c7
rdr250199#csvline8257,compendium,mol_d40206d67276aa8c,"InChI=1S/C8H10/c1-7-4-3-5-8(2)6-7/h3-6H,1-2H3","1,3-dimethylbenzene",42.7,298,42700,C,,"[""1947OSB/GIN""]","RDR file 250199, CSV line 8257",0.1,unspecified_compendium_deviation,,,,unresolved,not_resolved_from_compendium_row,True,False,False,True,True,True,quarantine_compendium_provenance,measurement_temperature_state_correction_and_independence_unverified,False,False,True,,[],train,grp_5dea7427c65d07c7
rdr250199#csvline8268,compendium,mol_eb0e7cd1593e34a5,"InChI=1S/C8H10/c1-7-3-5-8(2)6-4-7/h3-6H,1-2H3","1,4-dimethylbenzene",36,411,36000,C,,"[""1985NAT/VIS""]","RDR file 250199, CSV line 8268",0.1,unspecified_compendium_deviation,,,,unresolved,not_resolved_from_compendium_row,True,False,False,True,True,False,quarantine_compendium_provenance,measurement_temperature_state_correction_and_independence_unverified,False,False,True,,[],train,grp_5dea7427c65d07c7
rdr250199#csvline8269,compendium,mol_eb0e7cd1593e34a5,"InChI=1S/C8H10/c1-7-3-5-8(2)6-4-7/h3-6H,1-2H3","1,4-dimethylbenzene",34.5,436,34500,C,,"[""1985NAT/VIS""]","RDR file 250199, CSV line 8269",0.1,unspecified_compendium_deviation,,,,unresolved,not_resolved_from_compendium_row,True,False,False,True,True,False,quarantine_compendium_provenance,measurement_temperature_state_correction_and_independence_unverified,False,False,True,,[],train,grp_5dea7427c65d07c7
rdr250199#csvline8270,compendium,mol_eb0e7cd1593e34a5,"InChI=1S/C8H10/c1-7-3-5-8(2)6-4-7/h3-6H,1-2H3","1,4-dimethylbenzene",30.5,484,30500,C,,"[""1985NAT/VIS""]","RDR file 250199, CSV line 8270",0.1,unspecified_compendium_deviation,,,,unresolved,not_resolved_from_compendium_row,True,False,False,True,True,False,quarantine_compendium_provenance,measurement_temperature_state_correction_and_independence_unverified,False,False,True,,[],train,grp_5dea7427c65d07c7
rdr250199#csvline8273,compendium,mol_eb0e7cd1593e34a5,"InChI=1S/C8H10/c1-7-3-5-8(2)6-4-7/h3-6H,1-2H3","1,4-dimethylbenzene",39.6,348,39600,C,,"[""1981HOS/SCO3""]","RDR file 250199, CSV line 8273",0.1,unspecified_compendium_deviation,,,"[348.0, 439.0]",reported_T_inside_listed_range,not_resolved_from_compendium_row,True,False,False,True,True,True,quarantine_compendium_provenance,measurement_temperature_state_correction_and_independence_unverified,False,False,True,,[],train,grp_5dea7427c65d07c7
rdr250199#csvline8274,compendium,mol_eb0e7cd1593e34a5,"InChI=1S/C8H10/c1-7-3-5-8(2)6-4-7/h3-6H,1-2H3","1,4-dimethylbenzene",38.5,366,38500,C,,"[""1981HOS/SCO3""]","RDR file 250199, CSV line 8274",0.1,unspecified_compendium_deviation,,,"[348.0, 439.0]",reported_T_inside_listed_range,not_resolved_from_compendium_row,True,False,False,True,True,False,quarantine_compendium_provenance,measurement_temperature_state_correction_and_independence_unverified,False,False,True,,[],train,grp_5dea7427c65d07c7
rdr250199#csvline8275,compendium,mol_eb0e7cd1593e34a5,"InChI=1S/C8H10/c1-7-3-5-8(2)6-4-7/h3-6H,1-2H3","1,4-dimethylbenzene",37.2,387,37200,C,,"[""1981HOS/SCO3""]","RDR file 250199, CSV line 8275",0.1,unspecified_compendium_deviation,,,"[348.0, 439.0]",reported_T_inside_listed_range,not_resolved_from_compendium_row,True,False,False,True,True,False,quarantine_compendium_provenance,measurement_temperature_state_correction_and_independence_unverified,False,False,True,,[],train,grp_5dea7427c65d07c7
rdr250199#csvline8276,compendium,mol_eb0e7cd1593e34a5,"InChI=1S/C8H10/c1-7-3-5-8(2)6-4-7/h3-6H,1-2H3","1,4-dimethylbenzene",34.6,427,34600,C,,"[""1981HOS/SCO3""]","RDR file 250199, CSV line 8276",0.1,unspecified_compendium_deviation,,,"[348.0, 439.0]",reported_T_inside_listed_range,not_resolved_from_compendium_row,True,False,False,True,True,False,quarantine_compendium_provenance,measurement_temperature_state_correction_and_independence_unverified,False,False,True,,[],train,grp_5dea7427c65d07c7
rdr250199#csvline8277,compendium,mol_eb0e7cd1593e34a5,"InChI=1S/C8H10/c1-7-3-5-8(2)6-4-7/h3-6H,1-2H3","1,4-dimethylbenzene",33.8,439,33800,C,,"[""1981HOS/SCO3""]","RDR file 250199, CSV line 8277",0.1,unspecified_compendium_deviation,,,"[348.0, 439.0]",reported_T_inside_listed_range,not_resolved_from_compendium_row,True,False,False,True,True,False,quarantine_compendium_provenance,measurement_temperature_state_correction_and_independence_unverified,False,False,True,,[],train,grp_5dea7427c65d07c7
rdr250199#csvline8278,compendium,mol_eb0e7cd1593e34a5,"InChI=1S/C8H10/c1-7-3-5-8(2)6-4-7/h3-6H,1-2H3","1,4-dimethylbenzene",42.3,298,42300,C,,"[""1981HOS/SCO3""]","RDR file 250199, CSV line 8278",0.1,unspecified_compendium_deviation,,,"[348.0, 439.0]",reported_T_outside_listed_range_review_correction,not_resolved_from_compendium_row,True,False,False,True,True,False,quarantine_compendium_provenance,measurement_temperature_state_correction_and_independence_unverified,False,False,True,,[],train,grp_5dea7427c65d07c7
rdr250199#csvline8284,compendium,mol_eb0e7cd1593e34a5,"InChI=1S/C8H10/c1-7-3-5-8(2)6-4-7/h3-6H,1-2H3","1,4-dimethylbenzene",42.4,298,42400,C,,"[""1947OSB/GIN""]","RDR file 250199, CSV line 8284",0.1,unspecified_compendium_deviation,,,,unresolved,not_resolved_from_compendium_row,True,False,False,True,True,False,quarantine_compendium_provenance,measurement_temperature_state_correction_and_independence_unverified,False,False,True,,[],train,grp_5dea7427c65d07c7
rdr250199#csvline8293,compendium,mol_b94bab3d5b62c755,"InChI=1S/C8H10/c1-2-8-6-4-3-5-7-8/h3-7H,2H2,1H3",ethylbenzene,40.5,328,40500,C,,"[""1982SVO/CHA""]","RDR file 250199, CSV line 8293",0.1,unspecified_compendium_deviation,,,,unresolved,not_resolved_from_compendium_row,True,False,False,True,True,True,quarantine_compendium_provenance,measurement_temperature_state_correction_and_independence_unverified,False,False,True,,[],train,grp_5dea7427c65d07c7
rdr250199#csvline8294,compendium,mol_b94bab3d5b62c755,"InChI=1S/C8H10/c1-2-8-6-4-3-5-7-8/h3-7H,2H2,1H3",ethylbenzene,39.5,343,39500,C,,"[""1982SVO/CHA""]","RDR file 250199, CSV line 8294",0.1,unspecified_compendium_deviation,,,,unresolved,not_resolved_from_compendium_row,True,False,False,True,True,True,quarantine_compendium_provenance,measurement_temperature_state_correction_and_independence_unverified,False,False,True,,[],train,grp_5dea7427c65d07c7
rdr250199#csvline8295,compendium,mol_b94bab3d5b62c755,"InChI=1S/C8H10/c1-2-8-6-4-3-5-7-8/h3-7H,2H2,1H3",ethylbenzene,38.6,358,38600,C,,"[""1982SVO/CHA""]","RDR file 250199, CSV line 8295",0.1,unspecified_compendium_deviation,,,,unresolved,not_resolved_from_compendium_row,True,False,False,True,True,False,quarantine_compendium_provenance,measurement_temperature_state_correction_and_independence_unverified,False,False,True,,[],train,grp_5dea7427c65d07c7
rdr250199#csvline8296,compendium,mol_b94bab3d5b62c755,"InChI=1S/C8H10/c1-2-8-6-4-3-5-7-8/h3-7H,2H2,1H3",ethylbenzene,39.4,346,39400,C,,"[""1981HOS/SCO3""]","RDR file 250199, CSV line 8296",0.1,unspecified_compendium_deviation,,,"[346.0, 437.0]",reported_T_inside_listed_range,not_resolved_from_compendium_row,True,False,False,True,True,True,quarantine_compendium_provenance,measurement_temperature_state_correction_and_independence_unverified,False,False,True,,[],train,grp_5dea7427c65d07c7
rdr250199#csvline8297,compendium,mol_b94bab3d5b62c755,"InChI=1S/C8H10/c1-2-8-6-4-3-5-7-8/h3-7H,2H2,1H3",ethylbenzene,38.4,354,38400,C,,"[""1981HOS/SCO3""]","RDR file 250199, CSV line 8297",0.1,unspecified_compendium_deviation,,,"[346.0, 437.0]",reported_T_inside_listed_range,not_resolved_from_compendium_row,True,False,False,True,True,True,quarantine_compendium_provenance,measurement_temperature_state_correction_and_independence_unverified,False,False,True,,[],train,grp_5dea7427c65d07c7
rdr250199#csvline8298,compendium,mol_b94bab3d5b62c755,"InChI=1S/C8H10/c1-2-8-6-4-3-5-7-8/h3-7H,2H2,1H3",ethylbenzene,37.7,376,37700,C,,"[""1981HOS/SCO3""]","RDR file 250199, CSV line 8298",0.1,unspecified_compendium_deviation,,,"[346.0, 437.0]",reported_T_inside_listed_range,not_resolved_from_compendium_row,True,False,False,True,True,False,quarantine_compendium_provenance,measurement_temperature_state_correction_and_independence_unverified,False,False,True,,[],train,grp_5dea7427c65d07c7
rdr250199#csvline8299,compendium,mol_b94bab3d5b62c755,"InChI=1S/C8H10/c1-2-8-6-4-3-5-7-8/h3-7H,2H2,1H3",ethylbenzene,36.3,399,36300,C,,"[""1981HOS/SCO3""]","RDR file 250199, CSV line 8299",0.1,unspecified_compendium_deviation,,,"[346.0, 437.0]",reported_T_inside_listed_range,not_resolved_from_compendium_row,True,False,False,True,True,False,quarantine_compendium_provenance,measurement_temperature_state_correction_and_independence_unverified,False,False,True,,[],train,grp_5dea7427c65d07c7
rdr250199#csvline8300,compendium,mol_b94bab3d5b62c755,"InChI=1S/C8H10/c1-2-8-6-4-3-5-7-8/h3-7H,2H2,1H3",ethylbenzene,34.5,425,34500,C,,"[""1981HOS/SCO3""]","RDR file 250199, CSV line 8300",0.1,unspecified_compendium_deviation,,,"[346.0, 437.0]",reported_T_inside_listed_range,not_resolved_from_compendium_row,True,False,False,True,True,False,quarantine_compendium_provenance,measurement_temperature_state_correction_and_independence_unverified,False,False,True,,[],train,grp_5dea7427c65d07c7
rdr250199#csvline8301,compendium,mol_b94bab3d5b62c755,"InChI=1S/C8H10/c1-2-8-6-4-3-5-7-8/h3-7H,2H2,1H3",ethylbenzene,42.4,298,42400,C,,"[""1981HOS/SCO3""]","RDR file 250199, CSV line 8301",0.1,unspecified_compendium_deviation,,,"[346.0, 437.0]",reported_T_outside_listed_range_review_correction,not_resolved_from_compendium_row,True,False,False,True,True,False,quarantine_compendium_provenance,measurement_temperature_state_correction_and_independence_unverified,False,False,True,,[],train,grp_5dea7427c65d07c7
rdr250199#csvline8303,compendium,mol_b94bab3d5b62c755,"InChI=1S/C8H10/c1-2-8-6-4-3-5-7-8/h3-7H,2H2,1H3",ethylbenzene,42.2,298,42200,C,,"[""1947OSB/GIN""]","RDR file 250199, CSV line 8303",0.1,unspecified_compendium_deviation,,,,unresolved,not_resolved_from_compendium_row,True,False,False,True,True,False,quarantine_compendium_provenance,measurement_temperature_state_correction_and_independence_unverified,False,False,True,,[],train,grp_5dea7427c65d07c7
rdr250199#csvline8386,compendium,mol_4ed4476039d60934,"InChI=1S/C8H10O2/c1-9-7-5-3-4-6-8(7)10-2/h3-6H,1-2H3","1,2-dimethoxybenzene",68.1,298,68100,C,,"[""2000MAT/MIR""]","RDR file 250199, CSV line 8386",1.4,unspecified_compendium_deviation,,,,unresolved,not_resolved_from_compendium_row,True,False,False,True,True,False,quarantine_compendium_provenance,measurement_temperature_state_correction_and_independence_unverified,False,False,True,,[],train,grp_adfdafeead28201b
rdr250199#csvline8422,compendium,mol_6fbb7c525fc1c495,"InChI=1S/C8H11N/c1-9(2)8-6-4-3-5-7-8/h3-7H,1-2H3","N, N-dimethylaniline",52.8,298,52800,C,,"[""1982FUR/SAK""]","RDR file 250199, CSV line 8422",0.1,unspecified_compendium_deviation,,,,unresolved,not_resolved_from_compendium_row,True,False,False,True,True,False,quarantine_compendium_provenance,measurement_temperature_state_correction_and_independence_unverified,False,False,True,,[],train,grp_5dea7427c65d07c7
rdr250199#csvline8559,compendium,mol_ad64c2cfe3c93488,"InChI=1S/C8H14O2/c1-7(9)10-8-5-3-2-4-6-8/h8H,2-6H2,1H3",cyclohexyl acetate,52.3,298,52300,C,,"[""2003ZAI/VER"",""2004PAU/ZAI""]","RDR file 250199, CSV line 8559",0.2,unspecified_compendium_deviation,,,,unresolved,not_resolved_from_compendium_row,True,False,False,True,True,True,quarantine_compendium_provenance,measurement_temperature_state_correction_and_independence_unverified,False,False,True,lineage_e315ce2beedff1d3,"[""10.1021/je025634v#d1#p1#r1""]",test,grp_69e3066d23c835df
rdr250199#csvline860,compendium,mol_f485c31dbb304f3b,InChI=1S/C2H3N/c1-2-3/h1H3,acetonitrile,32.9,298,32900,C,,"[""1970HOW/WAD""]","RDR file 250199, CSV line 860",0.1,unspecified_compendium_deviation,,,,unresolved,not_resolved_from_compendium_row,True,False,False,True,True,True,quarantine_compendium_provenance,measurement_temperature_state_correction_and_independence_unverified,False,False,True,,[],train,grp_5dea7427c65d07c7
rdr250199#csvline8620,compendium,mol_ea37acee7bc3d9f6,"InChI=1S/C8H15N/c1-2-3-4-5-6-7-8-9/h2-7H2,1H3",octanenitrile,56.8,298,56800,C,,"[""1977STRI/SUN""]","RDR file 250199, CSV line 8620",0.3,unspecified_compendium_deviation,,,,unresolved,not_resolved_from_compendium_row,True,False,False,True,True,True,quarantine_compendium_provenance,measurement_temperature_state_correction_and_independence_unverified,False,False,True,,[],train,grp_5dea7427c65d07c7
rdr250199#csvline863,compendium,mol_f485c31dbb304f3b,InChI=1S/C2H3N/c1-2-3/h1H3,acetonitrile,33.3,298,33300,C,,"[""1965PUT/MCE""]","RDR file 250199, CSV line 863",,unspecified_compendium_deviation,,,,unresolved,not_resolved_from_compendium_row,True,False,False,True,True,True,quarantine_compendium_provenance,measurement_temperature_state_correction_and_independence_unverified,False,False,True,,[],train,grp_5dea7427c65d07c7
rdr250199#csvline864,compendium,mol_f485c31dbb304f3b,InChI=1S/C2H3N/c1-2-3/h1H3,acetonitrile,32.9,298,32900,C,,"[""1950IWA"",""1970HOW/WAD""]","RDR file 250199, CSV line 864",,unspecified_compendium_deviation,,,,unresolved,not_resolved_from_compendium_row,True,False,False,True,True,True,quarantine_compendium_provenance,measurement_temperature_state_correction_and_independence_unverified,False,False,True,,[],train,grp_5dea7427c65d07c7
rdr250199#csvline866,compendium,mol_f485c31dbb304f3b,InChI=1S/C2H3N/c1-2-3/h1H3,acetonitrile,31.1,387,31100,C,,"[""1901KAH2""]","RDR file 250199, CSV line 866",,unspecified_compendium_deviation,,,,unresolved,not_resolved_from_compendium_row,True,False,False,True,True,False,quarantine_compendium_provenance,measurement_temperature_state_correction_and_independence_unverified,False,False,True,,[],train,grp_5dea7427c65d07c7
rdr250199#csvline8692,compendium,mol_03247da988422eaf,"InChI=1S/C8H16/c1-2-8-6-4-3-5-7-8/h8H,2-7H2,1H3",ethylcyclohexane,39.8,313,39800,C,,"[""1981SVO/CHA""]","RDR file 250199, CSV line 8692",0.1,unspecified_compendium_deviation,,,,unresolved,not_resolved_from_compendium_row,True,False,False,True,True,True,quarantine_compendium_provenance,measurement_temperature_state_correction_and_independence_unverified,False,False,True,,[],train,grp_5dea7427c65d07c7
rdr250199#csvline8693,compendium,mol_03247da988422eaf,"InChI=1S/C8H16/c1-2-8-6-4-3-5-7-8/h8H,2-7H2,1H3",ethylcyclohexane,38.9,328,38900,C,,"[""1981SVO/CHA""]","RDR file 250199, CSV line 8693",0.1,unspecified_compendium_deviation,,,,unresolved,not_resolved_from_compendium_row,True,False,False,True,True,True,quarantine_compendium_provenance,measurement_temperature_state_correction_and_independence_unverified,False,False,True,,[],train,grp_5dea7427c65d07c7
rdr250199#csvline8694,compendium,mol_03247da988422eaf,"InChI=1S/C8H16/c1-2-8-6-4-3-5-7-8/h8H,2-7H2,1H3",ethylcyclohexane,37.9,343,37900,C,,"[""1981SVO/CHA""]","RDR file 250199, CSV line 8694",0.1,unspecified_compendium_deviation,,,,unresolved,not_resolved_from_compendium_row,True,False,False,True,True,True,quarantine_compendium_provenance,measurement_temperature_state_correction_and_independence_unverified,False,False,True,,[],train,grp_5dea7427c65d07c7
rdr250199#csvline8695,compendium,mol_03247da988422eaf,"InChI=1S/C8H16/c1-2-8-6-4-3-5-7-8/h8H,2-7H2,1H3",ethylcyclohexane,37,358,37000,C,,"[""1981SVO/CHA""]","RDR file 250199, CSV line 8695",0.1,unspecified_compendium_deviation,,,,unresolved,not_resolved_from_compendium_row,True,False,False,True,True,False,quarantine_compendium_provenance,measurement_temperature_state_correction_and_independence_unverified,False,False,True,,[],train,grp_5dea7427c65d07c7
rdr250199#csvline8696,compendium,mol_03247da988422eaf,"InChI=1S/C8H16/c1-2-8-6-4-3-5-7-8/h8H,2-7H2,1H3",ethylcyclohexane,36.3,368,36300,C,,"[""1981SVO/CHA""]","RDR file 250199, CSV line 8696",0.1,unspecified_compendium_deviation,,,,unresolved,not_resolved_from_compendium_row,True,False,False,True,True,False,quarantine_compendium_provenance,measurement_temperature_state_correction_and_independence_unverified,False,False,True,,[],train,grp_5dea7427c65d07c7
rdr250199#csvline87,compendium,mol_c555c47fe3d2bf7e,"InChI=1S/CCl4/c2-1(3,4)5",carbon tetrachloride,32.4,298,32400,C,,"[""1980MAJ/SVA""]","RDR file 250199, CSV line 87",,unspecified_compendium_deviation,,,,unresolved,not_resolved_from_compendium_row,True,False,False,True,True,True,quarantine_compendium_provenance,measurement_temperature_state_correction_and_independence_unverified,False,False,True,,[],train,grp_5dea7427c65d07c7
rdr250199#csvline8700,compendium,mol_03247da988422eaf,"InChI=1S/C8H16/c1-2-8-6-4-3-5-7-8/h8H,2-7H2,1H3",ethylcyclohexane,40.5,298,40500,C,,"[""1947OSB/GIN""]","RDR file 250199, CSV line 8700",0.1,unspecified_compendium_deviation,,,,unresolved,not_resolved_from_compendium_row,True,False,False,True,True,False,quarantine_compendium_provenance,measurement_temperature_state_correction_and_independence_unverified,False,False,True,,[],train,grp_5dea7427c65d07c7
rdr250199#csvline8723,compendium,mol_c24403b08adc6841,"InChI=1S/C8H16/c1-3-5-7-8-6-4-2/h3H,1,4-8H2,2H3",1-octene,39.5,313,39500,C,,"[""1982SVO/CHA""]","RDR file 250199, CSV line 8723",0.1,unspecified_compendium_deviation,,,,unresolved,not_resolved_from_compendium_row,True,False,False,True,True,False,quarantine_compendium_provenance,measurement_temperature_state_correction_and_independence_unverified,False,False,True,,[],train,grp_5dea7427c65d07c7
rdr250199#csvline8724,compendium,mol_c24403b08adc6841,"InChI=1S/C8H16/c1-3-5-7-8-6-4-2/h3H,1,4-8H2,2H3",1-octene,38.6,328,38600,C,,"[""1982SVO/CHA""]","RDR file 250199, CSV line 8724",0.1,unspecified_compendium_deviation,,,,unresolved,not_resolved_from_compendium_row,True,False,False,True,True,False,quarantine_compendium_provenance,measurement_temperature_state_correction_and_independence_unverified,False,False,True,,[],train,grp_5dea7427c65d07c7
rdr250199#csvline8725,compendium,mol_c24403b08adc6841,"InChI=1S/C8H16/c1-3-5-7-8-6-4-2/h3H,1,4-8H2,2H3",1-octene,37.6,343,37600,C,,"[""1982SVO/CHA""]","RDR file 250199, CSV line 8725",0.1,unspecified_compendium_deviation,,,,unresolved,not_resolved_from_compendium_row,True,False,False,True,True,False,quarantine_compendium_provenance,measurement_temperature_state_correction_and_independence_unverified,False,False,True,,[],train,grp_5dea7427c65d07c7
rdr250199#csvline8726,compendium,mol_c24403b08adc6841,"InChI=1S/C8H16/c1-3-5-7-8-6-4-2/h3H,1,4-8H2,2H3",1-octene,36.6,358,36600,C,,"[""1982SVO/CHA""]","RDR file 250199, CSV line 8726",0.1,unspecified_compendium_deviation,,,,unresolved,not_resolved_from_compendium_row,True,False,False,True,True,False,quarantine_compendium_provenance,measurement_temperature_state_correction_and_independence_unverified,False,False,True,,[],train,grp_5dea7427c65d07c7
rdr250199#csvline8727,compendium,mol_c24403b08adc6841,"InChI=1S/C8H16/c1-3-5-7-8-6-4-2/h3H,1,4-8H2,2H3",1-octene,35.8,368,35800,C,,"[""1982SVO/CHA""]","RDR file 250199, CSV line 8727",0.1,unspecified_compendium_deviation,,,,unresolved,not_resolved_from_compendium_row,True,False,False,True,True,False,quarantine_compendium_provenance,measurement_temperature_state_correction_and_independence_unverified,False,False,True,,[],train,grp_5dea7427c65d07c7
rdr250199#csvline8730,compendium,mol_c24403b08adc6841,"InChI=1S/C8H16/c1-3-5-7-8-6-4-2/h3H,1,4-8H2,2H3",1-octene,40.3,298,40300,C,,"[""1977MAN/SEL""]","RDR file 250199, CSV line 8730",0.2,unspecified_compendium_deviation,,,,unresolved,not_resolved_from_compendium_row,True,False,False,True,True,False,quarantine_compendium_provenance,measurement_temperature_state_correction_and_independence_unverified,False,False,True,,[],train,grp_5dea7427c65d07c7
rdr250199#csvline88,compendium,mol_c555c47fe3d2bf7e,"InChI=1S/CCl4/c2-1(3,4)5",carbon tetrachloride,31.7,313,31700,C,,"[""1980MAJ/SVA""]","RDR file 250199, CSV line 88",,unspecified_compendium_deviation,,,,unresolved,not_resolved_from_compendium_row,True,False,False,True,True,False,quarantine_compendium_provenance,measurement_temperature_state_correction_and_independence_unverified,False,False,True,,[],train,grp_5dea7427c65d07c7
rdr250199#csvline888,compendium,mol_3b77e9f37a5881a9,InChI=1S/C2H4BrCl/c3-1-2-4/h1-2H2,1-bromo-2-chloroethane,37.6,308,37600,C,,"[""1992SVO/KUB2""]","RDR file 250199, CSV line 888",0.1,unspecified_compendium_deviation,,,,unresolved,not_resolved_from_compendium_row,True,False,False,True,True,False,quarantine_compendium_provenance,measurement_temperature_state_correction_and_independence_unverified,False,False,True,,[],train,grp_5dea7427c65d07c7
rdr250199#csvline8888,compendium,mol_8b8ce5ecf64b8081,"InChI=1S/C8H16O2/c1-3-5-6-7-8(9)10-4-2/h3-7H2,1-2H3",ethyl hexanoate,51.7,298,51700,C,,"[""1986NIL/WAD""]","RDR file 250199, CSV line 8888",0.1,unspecified_compendium_deviation,,,,unresolved,not_resolved_from_compendium_row,True,False,False,True,True,True,quarantine_compendium_provenance,measurement_temperature_state_correction_and_independence_unverified,False,False,True,,[],train,grp_5dea7427c65d07c7
rdr250199#csvline889,compendium,mol_3b77e9f37a5881a9,InChI=1S/C2H4BrCl/c3-1-2-4/h1-2H2,1-bromo-2-chloroethane,37.3,315,37300,C,,"[""1992SVO/KUB2""]","RDR file 250199, CSV line 889",0.1,unspecified_compendium_deviation,,,,unresolved,not_resolved_from_compendium_row,True,False,False,True,True,False,quarantine_compendium_provenance,measurement_temperature_state_correction_and_independence_unverified,False,False,True,,[],train,grp_5dea7427c65d07c7
rdr250199#csvline89,compendium,mol_c555c47fe3d2bf7e,"InChI=1S/CCl4/c2-1(3,4)5",carbon tetrachloride,30.9,328,30900,C,,"[""1980MAJ/SVA""]","RDR file 250199, CSV line 89",,unspecified_compendium_deviation,,,,unresolved,not_resolved_from_compendium_row,True,False,False,True,True,False,quarantine_compendium_provenance,measurement_temperature_state_correction_and_independence_unverified,False,False,True,,[],train,grp_5dea7427c65d07c7
rdr250199#csvline890,compendium,mol_3b77e9f37a5881a9,InChI=1S/C2H4BrCl/c3-1-2-4/h1-2H2,1-bromo-2-chloroethane,36.9,323,36900,C,,"[""1992SVO/KUB2""]","RDR file 250199, CSV line 890",0.1,unspecified_compendium_deviation,,,,unresolved,not_resolved_from_compendium_row,True,False,False,True,True,False,quarantine_compendium_provenance,measurement_temperature_state_correction_and_independence_unverified,False,False,True,,[],train,grp_5dea7427c65d07c7
rdr250199#csvline891,compendium,mol_3b77e9f37a5881a9,InChI=1S/C2H4BrCl/c3-1-2-4/h1-2H2,1-bromo-2-chloroethane,36.6,330,36600,C,,"[""1992SVO/KUB2""]","RDR file 250199, CSV line 891",0.1,unspecified_compendium_deviation,,,,unresolved,not_resolved_from_compendium_row,True,False,False,True,True,False,quarantine_compendium_provenance,measurement_temperature_state_correction_and_independence_unverified,False,False,True,,[],train,grp_5dea7427c65d07c7
rdr250199#csvline8913,compendium,mol_4ffa7abfb5a2e402,"InChI=1S/C8H16O2/c1-3-4-5-6-7-8(9)10-2/h3-7H2,1-2H3",methyl heptanoate,53.1,298,53100,C,,"[""1980FUC/PEA""]","RDR file 250199, CSV line 8913",0.1,unspecified_compendium_deviation,,,,unresolved,not_resolved_from_compendium_row,True,False,False,True,True,True,quarantine_compendium_provenance,measurement_temperature_state_correction_and_independence_unverified,False,False,True,,[],train,grp_5dea7427c65d07c7
rdr250199#csvline8914,compendium,mol_4ffa7abfb5a2e402,"InChI=1S/C8H16O2/c1-3-4-5-6-7-8(9)10-2/h3-7H2,1-2H3",methyl heptanoate,51.6,298,51600,C,,"[""1977MAN/SEL""]","RDR file 250199, CSV line 8914",0.5,unspecified_compendium_deviation,,,,unresolved,not_resolved_from_compendium_row,True,False,False,True,True,True,quarantine_compendium_provenance,measurement_temperature_state_correction_and_independence_unverified,False,False,True,,[],train,grp_5dea7427c65d07c7
rdr250199#csvline892,compendium,mol_3b77e9f37a5881a9,InChI=1S/C2H4BrCl/c3-1-2-4/h1-2H2,1-bromo-2-chloroethane,36.4,338,36400,C,,"[""1992SVO/KUB2""]","RDR file 250199, CSV line 892",0.1,unspecified_compendium_deviation,,,,unresolved,not_resolved_from_compendium_row,True,False,False,True,True,False,quarantine_compendium_provenance,measurement_temperature_state_correction_and_independence_unverified,False,False,True,,[],train,grp_5dea7427c65d07c7
rdr250199#csvline8926,compendium,mol_f4140df6fa2e15f2,"InChI=1S/C8H16O3/c1-3-4-5-10-6-7-11-8(2)9/h3-7H2,1-2H3",ethylene glycol monobutyl ether acetate,59.5,298,59500,C,,"[""1970KUS/WAD""]","RDR file 250199, CSV line 8926",0.1,unspecified_compendium_deviation,,,,unresolved,not_resolved_from_compendium_row,True,False,False,True,True,False,quarantine_compendium_provenance,measurement_temperature_state_correction_and_independence_unverified,False,False,True,,[],train,grp_5dea7427c65d07c7
rdr250199#csvline90,compendium,mol_c555c47fe3d2bf7e,"InChI=1S/CCl4/c2-1(3,4)5",carbon tetrachloride,30.1,343,30100,C,,"[""1980MAJ/SVA""]","RDR file 250199, CSV line 90",,unspecified_compendium_deviation,,,,unresolved,not_resolved_from_compendium_row,True,False,False,True,True,False,quarantine_compendium_provenance,measurement_temperature_state_correction_and_independence_unverified,False,False,True,,[],train,grp_5dea7427c65d07c7
rdr250199#csvline9027,compendium,mol_913f04ec4de50c29,"InChI=1S/C8H18/c1-3-5-7-8-6-4-2/h3-8H2,1-2H3",octane,41.5,298,41500,C,,"[""1981HOS/SCO2""]","RDR file 250199, CSV line 9027",0.1,unspecified_compendium_deviation,,,,unresolved,not_resolved_from_compendium_row,True,False,False,True,True,False,quarantine_compendium_provenance,measurement_temperature_state_correction_and_independence_unverified,False,False,True,,[],train,grp_5dea7427c65d07c7
rdr250199#csvline9028,compendium,mol_913f04ec4de50c29,"InChI=1S/C8H18/c1-3-5-7-8-6-4-2/h3-8H2,1-2H3",octane,41.5,298,41500,C,,"[""1979MAJ/SVO""]","RDR file 250199, CSV line 9028",0.1,unspecified_compendium_deviation,,,,unresolved,not_resolved_from_compendium_row,True,False,False,True,True,False,quarantine_compendium_provenance,measurement_temperature_state_correction_and_independence_unverified,False,False,True,,[],train,grp_5dea7427c65d07c7
rdr250199#csvline9029,compendium,mol_913f04ec4de50c29,"InChI=1S/C8H18/c1-3-5-7-8-6-4-2/h3-8H2,1-2H3",octane,40.5,313,40500,C,,"[""1979MAJ/SVO""]","RDR file 250199, CSV line 9029",0.1,unspecified_compendium_deviation,,,,unresolved,not_resolved_from_compendium_row,True,False,False,True,True,False,quarantine_compendium_provenance,measurement_temperature_state_correction_and_independence_unverified,False,False,True,,[],train,grp_5dea7427c65d07c7
rdr250199#csvline9030,compendium,mol_913f04ec4de50c29,"InChI=1S/C8H18/c1-3-5-7-8-6-4-2/h3-8H2,1-2H3",octane,39.1,333,39100,C,,"[""1979MAJ/SVO""]","RDR file 250199, CSV line 9030",0.1,unspecified_compendium_deviation,,,,unresolved,not_resolved_from_compendium_row,True,False,False,True,True,False,quarantine_compendium_provenance,measurement_temperature_state_correction_and_independence_unverified,False,False,True,,[],train,grp_5dea7427c65d07c7
rdr250199#csvline9031,compendium,mol_913f04ec4de50c29,"InChI=1S/C8H18/c1-3-5-7-8-6-4-2/h3-8H2,1-2H3",octane,37.8,353,37800,C,,"[""1979MAJ/SVO""]","RDR file 250199, CSV line 9031",0.1,unspecified_compendium_deviation,,,,unresolved,not_resolved_from_compendium_row,True,False,False,True,True,False,quarantine_compendium_provenance,measurement_temperature_state_correction_and_independence_unverified,False,False,True,,[],train,grp_5dea7427c65d07c7
rdr250199#csvline9034,compendium,mol_913f04ec4de50c29,"InChI=1S/C8H18/c1-3-5-7-8-6-4-2/h3-8H2,1-2H3",octane,41,298,41000,C,,"[""1963MOR/SUN""]","RDR file 250199, CSV line 9034",0.5,unspecified_compendium_deviation,,,,unresolved,not_resolved_from_compendium_row,True,False,False,True,True,False,quarantine_compendium_provenance,measurement_temperature_state_correction_and_independence_unverified,False,False,True,,[],train,grp_5dea7427c65d07c7
rdr250199#csvline9035,compendium,mol_913f04ec4de50c29,"InChI=1S/C8H18/c1-3-5-7-8-6-4-2/h3-8H2,1-2H3",octane,38,311,38000,C,,"[""1960MCK/SAG""]","RDR file 250199, CSV line 9035",0.1,unspecified_compendium_deviation,,,,unresolved,not_resolved_from_compendium_row,True,False,False,True,True,False,quarantine_compendium_provenance,measurement_temperature_state_correction_and_independence_unverified,False,False,True,,[],train,grp_5dea7427c65d07c7
rdr250199#csvline9036,compendium,mol_913f04ec4de50c29,"InChI=1S/C8H18/c1-3-5-7-8-6-4-2/h3-8H2,1-2H3",octane,36.7,328,36700,C,,"[""1960MCK/SAG""]","RDR file 250199, CSV line 9036",0.1,unspecified_compendium_deviation,,,,unresolved,not_resolved_from_compendium_row,True,False,False,True,True,False,quarantine_compendium_provenance,measurement_temperature_state_correction_and_independence_unverified,False,False,True,,[],train,grp_5dea7427c65d07c7
rdr250199#csvline9037,compendium,mol_913f04ec4de50c29,"InChI=1S/C8H18/c1-3-5-7-8-6-4-2/h3-8H2,1-2H3",octane,35.4,344,35400,C,,"[""1960MCK/SAG""]","RDR file 250199, CSV line 9037",0.1,unspecified_compendium_deviation,,,,unresolved,not_resolved_from_compendium_row,True,False,False,True,True,True,quarantine_compendium_provenance,measurement_temperature_state_correction_and_independence_unverified,False,False,True,,[],train,grp_5dea7427c65d07c7
rdr250199#csvline9038,compendium,mol_913f04ec4de50c29,"InChI=1S/C8H18/c1-3-5-7-8-6-4-2/h3-8H2,1-2H3",octane,41.5,298,41500,C,,"[""1947OSB/GIN""]","RDR file 250199, CSV line 9038",0.1,unspecified_compendium_deviation,,,,unresolved,not_resolved_from_compendium_row,True,False,False,True,True,False,quarantine_compendium_provenance,measurement_temperature_state_correction_and_independence_unverified,False,False,True,,[],train,grp_5dea7427c65d07c7
rdr250199#csvline9058,compendium,mol_d395bc83f11503fd,"InChI=1S/C8H18/c1-7(2)6-8(3,4)5/h7H,6H2,1-5H3","2,2,4-trimethylpentane",35.2,298,35200,C,,"[""1982SVO/CHA""]","RDR file 250199, CSV line 9058",0.1,unspecified_compendium_deviation,,,,unresolved,not_resolved_from_compendium_row,True,False,False,True,True,True,quarantine_compendium_provenance,measurement_temperature_state_correction_and_independence_unverified,False,False,True,,[],train,grp_5dea7427c65d07c7
rdr250199#csvline9059,compendium,mol_d395bc83f11503fd,"InChI=1S/C8H18/c1-7(2)6-8(3,4)5/h7H,6H2,1-5H3","2,2,4-trimethylpentane",34.4,313,34400,C,,"[""1982SVO/CHA""]","RDR file 250199, CSV line 9059",0.1,unspecified_compendium_deviation,,,,unresolved,not_resolved_from_compendium_row,True,False,False,True,True,True,quarantine_compendium_provenance,measurement_temperature_state_correction_and_independence_unverified,False,False,True,,[],train,grp_5dea7427c65d07c7
rdr250199#csvline9060,compendium,mol_d395bc83f11503fd,"InChI=1S/C8H18/c1-7(2)6-8(3,4)5/h7H,6H2,1-5H3","2,2,4-trimethylpentane",33.4,328,33400,C,,"[""1982SVO/CHA""]","RDR file 250199, CSV line 9060",0.1,unspecified_compendium_deviation,,,,unresolved,not_resolved_from_compendium_row,True,False,False,True,True,False,quarantine_compendium_provenance,measurement_temperature_state_correction_and_independence_unverified,False,False,True,,[],train,grp_5dea7427c65d07c7
rdr250199#csvline9061,compendium,mol_d395bc83f11503fd,"InChI=1S/C8H18/c1-7(2)6-8(3,4)5/h7H,6H2,1-5H3","2,2,4-trimethylpentane",32.6,343,32600,C,,"[""1982SVO/CHA""]","RDR file 250199, CSV line 9061",0.1,unspecified_compendium_deviation,,,,unresolved,not_resolved_from_compendium_row,True,False,False,True,True,False,quarantine_compendium_provenance,measurement_temperature_state_correction_and_independence_unverified,False,False,True,,[],train,grp_5dea7427c65d07c7
rdr250199#csvline9062,compendium,mol_d395bc83f11503fd,"InChI=1S/C8H18/c1-7(2)6-8(3,4)5/h7H,6H2,1-5H3","2,2,4-trimethylpentane",31.7,358,31700,C,,"[""1982SVO/CHA""]","RDR file 250199, CSV line 9062",0.1,unspecified_compendium_deviation,,,,unresolved,not_resolved_from_compendium_row,True,False,False,True,True,False,quarantine_compendium_provenance,measurement_temperature_state_correction_and_independence_unverified,False,False,True,,[],train,grp_5dea7427c65d07c7
rdr250199#csvline9063,compendium,mol_d395bc83f11503fd,"InChI=1S/C8H18/c1-7(2)6-8(3,4)5/h7H,6H2,1-5H3","2,2,4-trimethylpentane",31,368,31000,C,,"[""1982SVO/CHA""]","RDR file 250199, CSV line 9063",0.1,unspecified_compendium_deviation,,,,unresolved,not_resolved_from_compendium_row,True,False,False,True,True,False,quarantine_compendium_provenance,measurement_temperature_state_correction_and_independence_unverified,False,False,True,,[],train,grp_5dea7427c65d07c7
rdr250199#csvline9064,compendium,mol_d395bc83f11503fd,"InChI=1S/C8H18/c1-7(2)6-8(3,4)5/h7H,6H2,1-5H3","2,2,4-trimethylpentane",35.1,298,35100,C,,"[""1979MAJ/SVO""]","RDR file 250199, CSV line 9064",0.1,unspecified_compendium_deviation,,,,unresolved,not_resolved_from_compendium_row,True,False,False,True,True,True,quarantine_compendium_provenance,measurement_temperature_state_correction_and_independence_unverified,False,False,True,,[],train,grp_5dea7427c65d07c7
rdr250199#csvline9065,compendium,mol_d395bc83f11503fd,"InChI=1S/C8H18/c1-7(2)6-8(3,4)5/h7H,6H2,1-5H3","2,2,4-trimethylpentane",34.3,313,34300,C,,"[""1979MAJ/SVO""]","RDR file 250199, CSV line 9065",0.1,unspecified_compendium_deviation,,,,unresolved,not_resolved_from_compendium_row,True,False,False,True,True,True,quarantine_compendium_provenance,measurement_temperature_state_correction_and_independence_unverified,False,False,True,,[],train,grp_5dea7427c65d07c7
rdr250199#csvline9066,compendium,mol_d395bc83f11503fd,"InChI=1S/C8H18/c1-7(2)6-8(3,4)5/h7H,6H2,1-5H3","2,2,4-trimethylpentane",33.2,333,33200,C,,"[""1979MAJ/SVO""]","RDR file 250199, CSV line 9066",0.1,unspecified_compendium_deviation,,,,unresolved,not_resolved_from_compendium_row,True,False,False,True,True,False,quarantine_compendium_provenance,measurement_temperature_state_correction_and_independence_unverified,False,False,True,,[],train,grp_5dea7427c65d07c7
rdr250199#csvline9067,compendium,mol_d395bc83f11503fd,"InChI=1S/C8H18/c1-7(2)6-8(3,4)5/h7H,6H2,1-5H3","2,2,4-trimethylpentane",32,353,32000,C,,"[""1979MAJ/SVO""]","RDR file 250199, CSV line 9067",0.1,unspecified_compendium_deviation,,,,unresolved,not_resolved_from_compendium_row,True,False,False,True,True,False,quarantine_compendium_provenance,measurement_temperature_state_correction_and_independence_unverified,False,False,True,,[],train,grp_5dea7427c65d07c7
rdr250199#csvline9070,compendium,mol_d395bc83f11503fd,"InChI=1S/C8H18/c1-7(2)6-8(3,4)5/h7H,6H2,1-5H3","2,2,4-trimethylpentane",35.1,298,35100,C,,"[""1947OSB/GIN""]","RDR file 250199, CSV line 9070",0.1,unspecified_compendium_deviation,,,,unresolved,not_resolved_from_compendium_row,True,False,False,True,True,True,quarantine_compendium_provenance,measurement_temperature_state_correction_and_independence_unverified,False,False,True,,[],train,grp_5dea7427c65d07c7
rdr250199#csvline9072,compendium,mol_d395bc83f11503fd,"InChI=1S/C8H18/c1-7(2)6-8(3,4)5/h7H,6H2,1-5H3","2,2,4-trimethylpentane",31,371,31000,C,,"[""1940PIT""]","RDR file 250199, CSV line 9072",,unspecified_compendium_deviation,,,,unresolved,not_resolved_from_compendium_row,True,False,False,True,True,False,quarantine_compendium_provenance,measurement_temperature_state_correction_and_independence_unverified,False,False,True,,[],train,grp_5dea7427c65d07c7
rdr250199#csvline91,compendium,mol_c555c47fe3d2bf7e,"InChI=1S/CCl4/c2-1(3,4)5",carbon tetrachloride,29.4,358,29400,C,,"[""1980MAJ/SVA""]","RDR file 250199, CSV line 91",,unspecified_compendium_deviation,,,,unresolved,not_resolved_from_compendium_row,True,False,False,True,True,False,quarantine_compendium_provenance,measurement_temperature_state_correction_and_independence_unverified,False,False,True,,[],train,grp_5dea7427c65d07c7
rdr250199#csvline9112,compendium,mol_13ff42623f3cf866,"InChI=1S/C8H18O/c1-7(2)6-9-8(3,4)5/h7H,6H2,1-5H3",tert-butyl isobutyl ether,39.2,298,39200,C,,"[""2002VAR/AIT""]","RDR file 250199, CSV line 9112",0.3,unspecified_compendium_deviation,,,,unresolved,not_resolved_from_compendium_row,True,False,False,True,True,True,quarantine_compendium_provenance,measurement_temperature_state_correction_and_independence_unverified,False,False,True,,[],train,grp_5dea7427c65d07c7
rdr250199#csvline9114,compendium,mol_13ff42623f3cf866,"InChI=1S/C8H18O/c1-7(2)6-9-8(3,4)5/h7H,6H2,1-5H3",tert-butyl isobutyl ether,40.1,298,40100,C,,"[""1991SHA/MIS""]","RDR file 250199, CSV line 9114",0.1,unspecified_compendium_deviation,,,,unresolved,not_resolved_from_compendium_row,True,False,False,True,True,True,quarantine_compendium_provenance,measurement_temperature_state_correction_and_independence_unverified,False,False,True,,[],train,grp_5dea7427c65d07c7
rdr250199#csvline9120,compendium,mol_6a1b88d7d4729d66,"InChI=1S/C8H18O/c1-3-5-7-9-8-6-4-2/h3-8H2,1-2H3",dibutyl ether,44.7,298,44700,C,,"[""1982FUC/PEA""]","RDR file 250199, CSV line 9120",0.1,unspecified_compendium_deviation,,,,unresolved,not_resolved_from_compendium_row,True,False,False,True,True,True,quarantine_compendium_provenance,measurement_temperature_state_correction_and_independence_unverified,False,False,True,,[],train,grp_5dea7427c65d07c7
rdr250199#csvline9121,compendium,mol_6a1b88d7d4729d66,"InChI=1S/C8H18O/c1-3-5-7-9-8-6-4-2/h3-8H2,1-2H3",dibutyl ether,45,298,45000,C,,"[""1980MAJ/WAG""]","RDR file 250199, CSV line 9121",0.1,unspecified_compendium_deviation,,,,unresolved,not_resolved_from_compendium_row,True,False,False,True,True,True,quarantine_compendium_provenance,measurement_temperature_state_correction_and_independence_unverified,False,False,True,,[],train,grp_5dea7427c65d07c7
rdr250199#csvline9122,compendium,mol_6a1b88d7d4729d66,"InChI=1S/C8H18O/c1-3-5-7-9-8-6-4-2/h3-8H2,1-2H3",dibutyl ether,43.9,313,43900,C,,"[""1980MAJ/WAG""]","RDR file 250199, CSV line 9122",,unspecified_compendium_deviation,,,,unresolved,not_resolved_from_compendium_row,True,False,False,True,True,True,quarantine_compendium_provenance,measurement_temperature_state_correction_and_independence_unverified,False,False,True,,[],train,grp_5dea7427c65d07c7
rdr250199#csvline9123,compendium,mol_6a1b88d7d4729d66,"InChI=1S/C8H18O/c1-3-5-7-9-8-6-4-2/h3-8H2,1-2H3",dibutyl ether,42.9,328,42900,C,,"[""1980MAJ/WAG""]","RDR file 250199, CSV line 9123",,unspecified_compendium_deviation,,,,unresolved,not_resolved_from_compendium_row,True,False,False,True,True,True,quarantine_compendium_provenance,measurement_temperature_state_correction_and_independence_unverified,False,False,True,,[],train,grp_5dea7427c65d07c7
rdr250199#csvline9124,compendium,mol_6a1b88d7d4729d66,"InChI=1S/C8H18O/c1-3-5-7-9-8-6-4-2/h3-8H2,1-2H3",dibutyl ether,41.9,343,41900,C,,"[""1980MAJ/WAG""]","RDR file 250199, CSV line 9124",,unspecified_compendium_deviation,,,,unresolved,not_resolved_from_compendium_row,True,False,False,True,True,True,quarantine_compendium_provenance,measurement_temperature_state_correction_and_independence_unverified,False,False,True,,[],train,grp_5dea7427c65d07c7
rdr250199#csvline9125,compendium,mol_6a1b88d7d4729d66,"InChI=1S/C8H18O/c1-3-5-7-9-8-6-4-2/h3-8H2,1-2H3",dibutyl ether,40.7,358,40700,C,,"[""1980MAJ/WAG""]","RDR file 250199, CSV line 9125",,unspecified_compendium_deviation,,,,unresolved,not_resolved_from_compendium_row,True,False,False,True,True,True,quarantine_compendium_provenance,measurement_temperature_state_correction_and_independence_unverified,False,False,True,,[],train,grp_5dea7427c65d07c7
rdr250199#csvline9182,compendium,mol_a39fe39f3d910b4e,"InChI=1S/C8H18O/c1-2-3-4-5-6-7-8-9/h9H,2-8H2,1H3",1-octanol,71,298,71000,C,,"[""1977MAN/SEL""]","RDR file 250199, CSV line 9182",0.4,unspecified_compendium_deviation,,,,unresolved,not_resolved_from_compendium_row,True,False,False,True,True,True,quarantine_compendium_provenance,measurement_temperature_state_correction_and_independence_unverified,False,False,True,,[],train,grp_5dea7427c65d07c7
rdr250199#csvline92,compendium,mol_c555c47fe3d2bf7e,"InChI=1S/CCl4/c2-1(3,4)5",carbon tetrachloride,32.5,298,32500,C,,"[""1973KON""]","RDR file 250199, CSV line 92",0.1,unspecified_compendium_deviation,,,,unresolved,not_resolved_from_compendium_row,True,False,False,True,True,True,quarantine_compendium_provenance,measurement_temperature_state_correction_and_independence_unverified,False,False,True,,[],train,grp_5dea7427c65d07c7
rdr250199#csvline921,compendium,mol_77bbf943053f2531,InChI=1S/C2H4Cl2/c3-1-2-4/h1-2H2,"1,2-dichloroethane",35.1,298,35100,C,,"[""1989AN/HU""]","RDR file 250199, CSV line 921",0.1,unspecified_compendium_deviation,,,,unresolved,not_resolved_from_compendium_row,True,False,False,True,True,True,quarantine_compendium_provenance,measurement_temperature_state_correction_and_independence_unverified,False,False,True,,[],train,grp_5dea7427c65d07c7
rdr250199#csvline927,compendium,mol_77bbf943053f2531,InChI=1S/C2H4Cl2/c3-1-2-4/h1-2H2,"1,2-dichloroethane",35.2,298,35200,C,,"[""1980MAJ/SVA""]","RDR file 250199, CSV line 927",0.1,unspecified_compendium_deviation,,,,unresolved,not_resolved_from_compendium_row,True,False,False,True,True,True,quarantine_compendium_provenance,measurement_temperature_state_correction_and_independence_unverified,False,False,True,,[],train,grp_5dea7427c65d07c7
rdr250199#csvline928,compendium,mol_77bbf943053f2531,InChI=1S/C2H4Cl2/c3-1-2-4/h1-2H2,"1,2-dichloroethane",34.4,313,34400,C,,"[""1980MAJ/SVA""]","RDR file 250199, CSV line 928",,unspecified_compendium_deviation,,,,unresolved,not_resolved_from_compendium_row,True,False,False,True,True,False,quarantine_compendium_provenance,measurement_temperature_state_correction_and_independence_unverified,False,False,True,,[],train,grp_5dea7427c65d07c7
rdr250199#csvline929,compendium,mol_77bbf943053f2531,InChI=1S/C2H4Cl2/c3-1-2-4/h1-2H2,"1,2-dichloroethane",33.6,328,33600,C,,"[""1980MAJ/SVA""]","RDR file 250199, CSV line 929",,unspecified_compendium_deviation,,,,unresolved,not_resolved_from_compendium_row,True,False,False,True,True,False,quarantine_compendium_provenance,measurement_temperature_state_correction_and_independence_unverified,False,False,True,,[],train,grp_5dea7427c65d07c7
rdr250199#csvline930,compendium,mol_77bbf943053f2531,InChI=1S/C2H4Cl2/c3-1-2-4/h1-2H2,"1,2-dichloroethane",32.7,343,32700,C,,"[""1980MAJ/SVA""]","RDR file 250199, CSV line 930",,unspecified_compendium_deviation,,,,unresolved,not_resolved_from_compendium_row,True,False,False,True,True,False,quarantine_compendium_provenance,measurement_temperature_state_correction_and_independence_unverified,False,False,True,,[],train,grp_5dea7427c65d07c7
rdr250199#csvline931,compendium,mol_77bbf943053f2531,InChI=1S/C2H4Cl2/c3-1-2-4/h1-2H2,"1,2-dichloroethane",31.9,358,31900,C,,"[""1980MAJ/SVA""]","RDR file 250199, CSV line 931",,unspecified_compendium_deviation,,,,unresolved,not_resolved_from_compendium_row,True,False,False,True,True,False,quarantine_compendium_provenance,measurement_temperature_state_correction_and_independence_unverified,False,False,True,,[],train,grp_5dea7427c65d07c7
rdr250199#csvline933,compendium,mol_77bbf943053f2531,InChI=1S/C2H4Cl2/c3-1-2-4/h1-2H2,"1,2-dichloroethane",35.1,298,35100,C,,"[""1968WAD""]","RDR file 250199, CSV line 933",0.1,unspecified_compendium_deviation,,,,unresolved,not_resolved_from_compendium_row,True,False,False,True,True,True,quarantine_compendium_provenance,measurement_temperature_state_correction_and_independence_unverified,False,False,True,,[],train,grp_5dea7427c65d07c7
rdr250199#csvline936,compendium,mol_77bbf943053f2531,InChI=1S/C2H4Cl2/c3-1-2-4/h1-2H2,"1,2-dichloroethane",32,355,32000,C,,"[""1926MAT""]","RDR file 250199, CSV line 936",0.1,unspecified_compendium_deviation,,,,unresolved,not_resolved_from_compendium_row,True,False,False,True,True,False,quarantine_compendium_provenance,measurement_temperature_state_correction_and_independence_unverified,False,False,True,,[],train,grp_5dea7427c65d07c7
rdr250199#csvline9381,compendium,mol_ed685a6001d3930a,InChI=1S/C9H8N2/c1-2-5-9(6-3-1)11-8-4-7-10-11/h1-8H,1-phenylpyrazole,70.2,298,70200,C,,"[""2000RIB/RIB2""]","RDR file 250199, CSV line 9381",3.4,unspecified_compendium_deviation,,,,unresolved,not_resolved_from_compendium_row,True,False,False,True,True,True,quarantine_compendium_provenance,measurement_temperature_state_correction_and_independence_unverified,False,False,True,,[],validation,grp_5ed1239f1de5ca2c
rdr250199#csvline9383,compendium,mol_354c60c5de252d85,InChI=1S/C9H8N2/c1-2-4-9(5-3-1)11-7-6-10-8-11/h1-8H,1-phenylimidazole,84.6,298,84600,C,,"[""2000RIB/RIB2""]","RDR file 250199, CSV line 9383",3.7,unspecified_compendium_deviation,,,,unresolved,not_resolved_from_compendium_row,True,False,False,True,True,False,quarantine_compendium_provenance,measurement_temperature_state_correction_and_independence_unverified,False,False,True,,[],validation,grp_5ed1239f1de5ca2c
rdr250199#csvline9395,compendium,mol_4b404db342a0b6d3,"InChI=1S/C9H9N/c1-10-7-6-8-4-2-3-5-9(8)10/h2-7H,1H3",1-methylindole,62.2,298,62200,C,,"[""2009RIB/CAB2""]","RDR file 250199, CSV line 9395",1.6,unspecified_compendium_deviation,,,,unresolved,not_resolved_from_compendium_row,True,False,False,True,True,True,quarantine_compendium_provenance,measurement_temperature_state_correction_and_independence_unverified,False,False,True,,[],validation,grp_5ed1239f1de5ca2c
rdr250199#csvline94,compendium,mol_c555c47fe3d2bf7e,"InChI=1S/CCl4/c2-1(3,4)5",carbon tetrachloride,32.4,298,32400,C,,"[""1966WAD2""]","RDR file 250199, CSV line 94",0.1,unspecified_compendium_deviation,,,,unresolved,not_resolved_from_compendium_row,True,False,False,True,True,True,quarantine_compendium_provenance,measurement_temperature_state_correction_and_independence_unverified,False,False,True,,[],train,grp_5dea7427c65d07c7
rdr250199#csvline9409,compendium,mol_84afa114cb8b9453,"InChI=1S/C9H10/c1-2-5-9-7-3-6-8(9)4-1/h1-2,4-5H,3,6-7H2",indane,43.9,382,43900,C,,"[""1981HOS/SCO3""]","RDR file 250199, CSV line 9409",0.1,unspecified_compendium_deviation,,,"[382.0, 451.0]",reported_T_inside_listed_range,not_resolved_from_compendium_row,True,False,False,True,True,True,quarantine_compendium_provenance,measurement_temperature_state_correction_and_independence_unverified,False,False,True,,[],train,grp_5dea7427c65d07c7
rdr250199#csvline9410,compendium,mol_84afa114cb8b9453,"InChI=1S/C9H10/c1-2-5-9-7-3-6-8(9)4-1/h1-2,4-5H,3,6-7H2",indane,41.9,415,41900,C,,"[""1981HOS/SCO3""]","RDR file 250199, CSV line 9410",0.1,unspecified_compendium_deviation,,,"[382.0, 451.0]",reported_T_inside_listed_range,not_resolved_from_compendium_row,True,False,False,True,True,False,quarantine_compendium_provenance,measurement_temperature_state_correction_and_independence_unverified,False,False,True,,[],train,grp_5dea7427c65d07c7
rdr250199#csvline9411,compendium,mol_84afa114cb8b9453,"InChI=1S/C9H10/c1-2-5-9-7-3-6-8(9)4-1/h1-2,4-5H,3,6-7H2",indane,41.3,424,41300,C,,"[""1981HOS/SCO3""]","RDR file 250199, CSV line 9411",0.1,unspecified_compendium_deviation,,,"[382.0, 451.0]",reported_T_inside_listed_range,not_resolved_from_compendium_row,True,False,False,True,True,False,quarantine_compendium_provenance,measurement_temperature_state_correction_and_independence_unverified,False,False,True,,[],train,grp_5dea7427c65d07c7
rdr250199#csvline9412,compendium,mol_84afa114cb8b9453,"InChI=1S/C9H10/c1-2-5-9-7-3-6-8(9)4-1/h1-2,4-5H,3,6-7H2",indane,40.4,440,40400,C,,"[""1981HOS/SCO3""]","RDR file 250199, CSV line 9412",0.1,unspecified_compendium_deviation,,,"[382.0, 451.0]",reported_T_inside_listed_range,not_resolved_from_compendium_row,True,False,False,True,True,False,quarantine_compendium_provenance,measurement_temperature_state_correction_and_independence_unverified,False,False,True,,[],train,grp_5dea7427c65d07c7
rdr250199#csvline9413,compendium,mol_84afa114cb8b9453,"InChI=1S/C9H10/c1-2-5-9-7-3-6-8(9)4-1/h1-2,4-5H,3,6-7H2",indane,39.6,451,39600,C,,"[""1981HOS/SCO3""]","RDR file 250199, CSV line 9413",0.1,unspecified_compendium_deviation,,,"[382.0, 451.0]",reported_T_inside_listed_range,not_resolved_from_compendium_row,True,False,False,True,True,False,quarantine_compendium_provenance,measurement_temperature_state_correction_and_independence_unverified,False,False,True,,[],train,grp_5dea7427c65d07c7
rdr250199#csvline9414,compendium,mol_84afa114cb8b9453,"InChI=1S/C9H10/c1-2-5-9-7-3-6-8(9)4-1/h1-2,4-5H,3,6-7H2",indane,49,298,49000,C,,"[""1981HOS/SCO3""]","RDR file 250199, CSV line 9414",,unspecified_compendium_deviation,,,"[382.0, 451.0]",reported_T_outside_listed_range_review_correction,not_resolved_from_compendium_row,True,False,False,True,True,False,quarantine_compendium_provenance,measurement_temperature_state_correction_and_independence_unverified,False,False,True,,[],train,grp_5dea7427c65d07c7
rdr250199#csvline9607,compendium,mol_3147d9e632f76065,"InChI=1S/C9H12/c1-7-4-5-8(2)9(3)6-7/h4-6H,1-3H3","1,2,4-trimethylbenzene",47.9,298,47900,C,,"[""1947OSB/GIN""]","RDR file 250199, CSV line 9607",,unspecified_compendium_deviation,,,,unresolved,not_resolved_from_compendium_row,True,False,False,True,True,False,quarantine_compendium_provenance,measurement_temperature_state_correction_and_independence_unverified,False,False,True,,[],train,grp_5dea7427c65d07c7
rdr250199#csvline9776,compendium,mol_20837b2036542f40,"InChI=1S/C9H16O2/c1-2-9(10)11-8-6-4-3-5-7-8/h8H,2-7H2,1H3",cyclohexyl propanoate,55.9,298,55900,C,,"[""2003ZAI/VER"",""2004PAU/ZAI""]","RDR file 250199, CSV line 9776",0.1,unspecified_compendium_deviation,,,,unresolved,not_resolved_from_compendium_row,True,False,False,True,True,True,quarantine_compendium_provenance,measurement_temperature_state_correction_and_independence_unverified,False,False,True,lineage_c40541f181ca9acc,"[""10.1021/je025634v#d6#p1#r1""]",test,grp_69e3066d23c835df
rdr250199#csvline9914,compendium,mol_cba4c6228a6938ca,"InChI=1S/C9H18O/c1-3-5-7-9(10)8-6-4-2/h3-8H2,1-2H3",5-nonanone,53.3,298,53300,C,,"[""1970HAR/HEA""]","RDR file 250199, CSV line 9914",0.1,unspecified_compendium_deviation,,,,unresolved,not_resolved_from_compendium_row,True,False,False,True,True,True,quarantine_compendium_provenance,measurement_temperature_state_correction_and_independence_unverified,False,False,True,,[],train,grp_5dea7427c65d07c7
rdr250199#csvline9993,compendium,mol_3fd637a4d667fe51,"InChI=1S/C9H20/c1-3-5-7-9-8-6-4-2/h3-9H2,1-2H3",nonane,46.5,298,46500,C,,"[""2007PAS/KUZ""]","RDR file 250199, CSV line 9993",0.2,unspecified_compendium_deviation,,,,unresolved,not_resolved_from_compendium_row,True,False,False,True,True,False,quarantine_compendium_provenance,measurement_temperature_state_correction_and_independence_unverified,False,False,True,,[],train,grp_5dea7427c65d07c7
rdr250199#csvline9994,compendium,mol_3fd637a4d667fe51,"InChI=1S/C9H20/c1-3-5-7-9-8-6-4-2/h3-9H2,1-2H3",nonane,46.7,299,46700,C,,"[""1996VIT/CHA""]","RDR file 250199, CSV line 9994",,unspecified_compendium_deviation,,,,unresolved,not_resolved_from_compendium_row,True,False,False,True,True,False,quarantine_compendium_provenance,measurement_temperature_state_correction_and_independence_unverified,False,False,True,,[],train,grp_5dea7427c65d07c7
rdr250199#csvline9995,compendium,mol_3fd637a4d667fe51,"InChI=1S/C9H20/c1-3-5-7-9-8-6-4-2/h3-9H2,1-2H3",nonane,46,314,46000,C,,"[""1996VIT/CHA""]","RDR file 250199, CSV line 9995",,unspecified_compendium_deviation,,,,unresolved,not_resolved_from_compendium_row,True,False,False,True,True,False,quarantine_compendium_provenance,measurement_temperature_state_correction_and_independence_unverified,False,False,True,,[],train,grp_5dea7427c65d07c7
rdr250199#csvline9996,compendium,mol_3fd637a4d667fe51,"InChI=1S/C9H20/c1-3-5-7-9-8-6-4-2/h3-9H2,1-2H3",nonane,46.6,298,46600,C,,"[""1996VAR/PAS""]","RDR file 250199, CSV line 9996",0.2,unspecified_compendium_deviation,,,,unresolved,not_resolved_from_compendium_row,True,False,False,True,True,False,quarantine_compendium_provenance,measurement_temperature_state_correction_and_independence_unverified,False,False,True,,[],train,grp_5dea7427c65d07c7
rdr250199#csvline9999,compendium,mol_3fd637a4d667fe51,"InChI=1S/C9H20/c1-3-5-7-9-8-6-4-2/h3-9H2,1-2H3",nonane,44.3,328,44300,C,,"[""1984MAJ/SVO3""]","RDR file 250199, CSV line 9999",,unspecified_compendium_deviation,,,,unresolved,not_resolved_from_compendium_row,True,False,False,True,True,True,quarantine_compendium_provenance,measurement_temperature_state_correction_and_independence_unverified,False,False,True,,[],train,grp_5dea7427c65d07c7
