molecule_a,molecule_b,kind,key,similarity
mol_f51a4721c0180b07,mol_7f16353bb5c6b431,same_connectivity,LPSXSORODABQKT,
mol_b1600e1cb04e0ffb,mol_b89af8061b7557f6,same_connectivity,LZCLXQDLBQLTDK,
mol_0d2ad00dadcb0064,mol_8557db3d1a35156c,same_connectivity,XMGQYMWWDOXHJM,
mol_aa83aa52ed979dca,mol_71d5b9a9d56bd487,same_connectivity,XOKSLPVRUOBDEW,
mol_7f16353bb5c6b431,mol_f51a4721c0180b07,morgan_similarity_ge_threshold,ECFP4_2048_no_chirality,1.0
mol_8557db3d1a35156c,mol_0d2ad00dadcb0064,morgan_similarity_ge_threshold,ECFP4_2048_no_chirality,1.0
mol_71d5b9a9d56bd487,mol_aa83aa52ed979dca,morgan_similarity_ge_threshold,ECFP4_2048_no_chirality,1.0
mol_6cab4fbead32f0ef,mol_757f79c7ac5d216c,morgan_similarity_ge_threshold,ECFP4_2048_no_chirality,0.8095238095238095
mol_463cda24731eaedb,mol_2d51bd32961be5de,morgan_similarity_ge_threshold,ECFP4_2048_no_chirality,0.8
mol_acf575de292611d9,mol_b7d29ccd815de3fe,morgan_similarity_ge_threshold,ECFP4_2048_no_chirality,1.0
mol_17a72fa1b6a75538,mol_65b637e94cd66c7e,morgan_similarity_ge_threshold,ECFP4_2048_no_chirality,0.7857142857142857
mol_177310732327f8e6,mol_6e1072b3e8e99a61,morgan_similarity_ge_threshold,ECFP4_2048_no_chirality,1.0
mol_456cd661d7732899,mol_6d0384966495a309,morgan_similarity_ge_threshold,ECFP4_2048_no_chirality,0.8
mol_fb76be87032d9098,mol_9311eee845da4726,morgan_similarity_ge_threshold,ECFP4_2048_no_chirality,0.7894736842105263
mol_c1c12a449ac15fd2,mol_58541feb3e3ef432,morgan_similarity_ge_threshold,ECFP4_2048_no_chirality,1.0
mol_04b975dcc163284d,mol_6e1072b3e8e99a61,morgan_similarity_ge_threshold,ECFP4_2048_no_chirality,0.8
mol_04b975dcc163284d,mol_177310732327f8e6,morgan_similarity_ge_threshold,ECFP4_2048_no_chirality,0.8
mol_4199743daa2b7d43,mol_86789b7323092b84,morgan_similarity_ge_threshold,ECFP4_2048_no_chirality,1.0
mol_58c591d9024d1c78,mol_a3ab0bd2d4d80422,morgan_similarity_ge_threshold,ECFP4_2048_no_chirality,1.0
mol_3102cb64a36fdac1,mol_32e4362dde7a3ed7,morgan_similarity_ge_threshold,ECFP4_2048_no_chirality,1.0
mol_2a3bf002f33d68f6,mol_2d51bd32961be5de,morgan_similarity_ge_threshold,ECFP4_2048_no_chirality,0.7741935483870968
mol_2a3bf002f33d68f6,mol_463cda24731eaedb,morgan_similarity_ge_threshold,ECFP4_2048_no_chirality,0.9
mol_4425bf195a41c22d,mol_a69950d65071f1d9,morgan_similarity_ge_threshold,ECFP4_2048_no_chirality,1.0
mol_e62082959f534889,mol_b7d29ccd815de3fe,morgan_similarity_ge_threshold,ECFP4_2048_no_chirality,1.0
mol_e62082959f534889,mol_acf575de292611d9,morgan_similarity_ge_threshold,ECFP4_2048_no_chirality,1.0
mol_9da490861744c9f8,mol_6e1072b3e8e99a61,morgan_similarity_ge_threshold,ECFP4_2048_no_chirality,1.0
mol_9da490861744c9f8,mol_177310732327f8e6,morgan_similarity_ge_threshold,ECFP4_2048_no_chirality,1.0
mol_9da490861744c9f8,mol_04b975dcc163284d,morgan_similarity_ge_threshold,ECFP4_2048_no_chirality,0.8
mol_a05de3c299ebdca6,mol_6d0384966495a309,morgan_similarity_ge_threshold,ECFP4_2048_no_chirality,0.7142857142857143
mol_a05de3c299ebdca6,mol_3f0db888fe369723,morgan_similarity_ge_threshold,ECFP4_2048_no_chirality,0.7272727272727273
mol_01fe71f6f9ac3752,mol_6d0384966495a309,morgan_similarity_ge_threshold,ECFP4_2048_no_chirality,0.8
mol_01fe71f6f9ac3752,mol_456cd661d7732899,morgan_similarity_ge_threshold,ECFP4_2048_no_chirality,0.9
mol_f23ee274fe9afdfa,mol_58541feb3e3ef432,morgan_similarity_ge_threshold,ECFP4_2048_no_chirality,1.0
mol_f23ee274fe9afdfa,mol_c1c12a449ac15fd2,morgan_similarity_ge_threshold,ECFP4_2048_no_chirality,1.0
mol_d079a9561d9d2641,mol_6e1072b3e8e99a61,morgan_similarity_ge_threshold,ECFP4_2048_no_chirality,0.8
mol_d079a9561d9d2641,mol_177310732327f8e6,morgan_similarity_ge_threshold,ECFP4_2048_no_chirality,0.8
mol_d079a9561d9d2641,mol_04b975dcc163284d,morgan_similarity_ge_threshold,ECFP4_2048_no_chirality,1.0
mol_d079a9561d9d2641,mol_9da490861744c9f8,morgan_similarity_ge_threshold,ECFP4_2048_no_chirality,0.8
mol_4a28f84362f8850d,mol_86789b7323092b84,morgan_similarity_ge_threshold,ECFP4_2048_no_chirality,1.0
mol_4a28f84362f8850d,mol_4199743daa2b7d43,morgan_similarity_ge_threshold,ECFP4_2048_no_chirality,1.0
mol_fc2d93121de8a8dd,mol_757f79c7ac5d216c,morgan_similarity_ge_threshold,ECFP4_2048_no_chirality,0.8095238095238095
mol_fc2d93121de8a8dd,mol_6cab4fbead32f0ef,morgan_similarity_ge_threshold,ECFP4_2048_no_chirality,1.0
mol_304fa968ee31b51b,mol_6cab4fbead32f0ef,morgan_similarity_ge_threshold,ECFP4_2048_no_chirality,0.72
mol_304fa968ee31b51b,mol_4430dd0cb0a3c055,morgan_similarity_ge_threshold,ECFP4_2048_no_chirality,0.72
mol_304fa968ee31b51b,mol_a05de3c299ebdca6,morgan_similarity_ge_threshold,ECFP4_2048_no_chirality,0.7083333333333334
mol_304fa968ee31b51b,mol_01fe71f6f9ac3752,morgan_similarity_ge_threshold,ECFP4_2048_no_chirality,0.7083333333333334
mol_304fa968ee31b51b,mol_fc2d93121de8a8dd,morgan_similarity_ge_threshold,ECFP4_2048_no_chirality,0.72
mol_7a77950532c8e700,mol_a3ab0bd2d4d80422,morgan_similarity_ge_threshold,ECFP4_2048_no_chirality,1.0
mol_7a77950532c8e700,mol_58c591d9024d1c78,morgan_similarity_ge_threshold,ECFP4_2048_no_chirality,1.0
mol_77691d2337bfc619,mol_e1045e97e4815b23,morgan_similarity_ge_threshold,ECFP4_2048_no_chirality,0.7272727272727273
mol_cad807bef9abf402,mol_32e4362dde7a3ed7,morgan_similarity_ge_threshold,ECFP4_2048_no_chirality,1.0
mol_cad807bef9abf402,mol_3102cb64a36fdac1,morgan_similarity_ge_threshold,ECFP4_2048_no_chirality,1.0
mol_efa9f86fc8afad84,mol_a82c5379fe350441,morgan_similarity_ge_threshold,ECFP4_2048_no_chirality,1.0
mol_ab9c0dd96a4d0ed3,mol_b04b0d4c9f611351,morgan_similarity_ge_threshold,ECFP4_2048_no_chirality,0.95
mol_0dcdaa24497d41f8,mol_a69950d65071f1d9,morgan_similarity_ge_threshold,ECFP4_2048_no_chirality,1.0
mol_0dcdaa24497d41f8,mol_4425bf195a41c22d,morgan_similarity_ge_threshold,ECFP4_2048_no_chirality,1.0
mol_a10b91d37db2843a,mol_b7d29ccd815de3fe,morgan_similarity_ge_threshold,ECFP4_2048_no_chirality,1.0
mol_a10b91d37db2843a,mol_acf575de292611d9,morgan_similarity_ge_threshold,ECFP4_2048_no_chirality,1.0
mol_a10b91d37db2843a,mol_e62082959f534889,morgan_similarity_ge_threshold,ECFP4_2048_no_chirality,1.0
mol_c4ca44c810d45377,mol_2b7f8f6f183caf51,morgan_similarity_ge_threshold,ECFP4_2048_no_chirality,0.7894736842105263
mol_efd9aec2c69162b7,mol_456cd661d7732899,morgan_similarity_ge_threshold,ECFP4_2048_no_chirality,0.7727272727272727
mol_efd9aec2c69162b7,mol_a05de3c299ebdca6,morgan_similarity_ge_threshold,ECFP4_2048_no_chirality,0.8571428571428571
mol_efd9aec2c69162b7,mol_304fa968ee31b51b,morgan_similarity_ge_threshold,ECFP4_2048_no_chirality,0.75
mol_b29c79d05f29858b,mol_58541feb3e3ef432,morgan_similarity_ge_threshold,ECFP4_2048_no_chirality,1.0
mol_b29c79d05f29858b,mol_c1c12a449ac15fd2,morgan_similarity_ge_threshold,ECFP4_2048_no_chirality,1.0
mol_b29c79d05f29858b,mol_f23ee274fe9afdfa,morgan_similarity_ge_threshold,ECFP4_2048_no_chirality,1.0
mol_5e1a76b3fc001a63,mol_6e1072b3e8e99a61,morgan_similarity_ge_threshold,ECFP4_2048_no_chirality,0.8
mol_5e1a76b3fc001a63,mol_177310732327f8e6,morgan_similarity_ge_threshold,ECFP4_2048_no_chirality,0.8
mol_5e1a76b3fc001a63,mol_04b975dcc163284d,morgan_similarity_ge_threshold,ECFP4_2048_no_chirality,1.0
mol_5e1a76b3fc001a63,mol_9da490861744c9f8,morgan_similarity_ge_threshold,ECFP4_2048_no_chirality,0.8
mol_5e1a76b3fc001a63,mol_d079a9561d9d2641,morgan_similarity_ge_threshold,ECFP4_2048_no_chirality,1.0
mol_936b68c0e81780ff,mol_86789b7323092b84,morgan_similarity_ge_threshold,ECFP4_2048_no_chirality,1.0
mol_936b68c0e81780ff,mol_4199743daa2b7d43,morgan_similarity_ge_threshold,ECFP4_2048_no_chirality,1.0
mol_936b68c0e81780ff,mol_4a28f84362f8850d,morgan_similarity_ge_threshold,ECFP4_2048_no_chirality,1.0
mol_10541e572cd04e9e,mol_77691d2337bfc619,morgan_similarity_ge_threshold,ECFP4_2048_no_chirality,0.8636363636363636
mol_6fb93874f723608d,mol_a69950d65071f1d9,morgan_similarity_ge_threshold,ECFP4_2048_no_chirality,1.0
mol_6fb93874f723608d,mol_4425bf195a41c22d,morgan_similarity_ge_threshold,ECFP4_2048_no_chirality,1.0
mol_6fb93874f723608d,mol_0dcdaa24497d41f8,morgan_similarity_ge_threshold,ECFP4_2048_no_chirality,1.0
mol_804f26f30916a635,mol_b7d29ccd815de3fe,morgan_similarity_ge_threshold,ECFP4_2048_no_chirality,1.0
mol_804f26f30916a635,mol_acf575de292611d9,morgan_similarity_ge_threshold,ECFP4_2048_no_chirality,1.0
mol_804f26f30916a635,mol_e62082959f534889,morgan_similarity_ge_threshold,ECFP4_2048_no_chirality,1.0
mol_804f26f30916a635,mol_a10b91d37db2843a,morgan_similarity_ge_threshold,ECFP4_2048_no_chirality,1.0
mol_fb304e4936922cdc,mol_2b7f8f6f183caf51,morgan_similarity_ge_threshold,ECFP4_2048_no_chirality,0.7894736842105263
mol_fb304e4936922cdc,mol_c4ca44c810d45377,morgan_similarity_ge_threshold,ECFP4_2048_no_chirality,0.8947368421052632
mol_124c5d93a23a9e5f,mol_a05de3c299ebdca6,morgan_similarity_ge_threshold,ECFP4_2048_no_chirality,0.8571428571428571
mol_124c5d93a23a9e5f,mol_01fe71f6f9ac3752,morgan_similarity_ge_threshold,ECFP4_2048_no_chirality,0.7727272727272727
mol_124c5d93a23a9e5f,mol_304fa968ee31b51b,morgan_similarity_ge_threshold,ECFP4_2048_no_chirality,0.8260869565217391
mol_124c5d93a23a9e5f,mol_efd9aec2c69162b7,morgan_similarity_ge_threshold,ECFP4_2048_no_chirality,0.9047619047619048
mol_30519df461efd318,mol_58541feb3e3ef432,morgan_similarity_ge_threshold,ECFP4_2048_no_chirality,1.0
mol_30519df461efd318,mol_c1c12a449ac15fd2,morgan_similarity_ge_threshold,ECFP4_2048_no_chirality,1.0
mol_30519df461efd318,mol_f23ee274fe9afdfa,morgan_similarity_ge_threshold,ECFP4_2048_no_chirality,1.0
mol_30519df461efd318,mol_b29c79d05f29858b,morgan_similarity_ge_threshold,ECFP4_2048_no_chirality,1.0
mol_71d239be146a61dd,mol_6e1072b3e8e99a61,morgan_similarity_ge_threshold,ECFP4_2048_no_chirality,0.8
mol_71d239be146a61dd,mol_177310732327f8e6,morgan_similarity_ge_threshold,ECFP4_2048_no_chirality,0.8
mol_71d239be146a61dd,mol_04b975dcc163284d,morgan_similarity_ge_threshold,ECFP4_2048_no_chirality,1.0
mol_71d239be146a61dd,mol_9da490861744c9f8,morgan_similarity_ge_threshold,ECFP4_2048_no_chirality,0.8
mol_71d239be146a61dd,mol_d079a9561d9d2641,morgan_similarity_ge_threshold,ECFP4_2048_no_chirality,1.0
mol_71d239be146a61dd,mol_5e1a76b3fc001a63,morgan_similarity_ge_threshold,ECFP4_2048_no_chirality,1.0
mol_ef45e640776b6df4,mol_86789b7323092b84,morgan_similarity_ge_threshold,ECFP4_2048_no_chirality,1.0
mol_ef45e640776b6df4,mol_4199743daa2b7d43,morgan_similarity_ge_threshold,ECFP4_2048_no_chirality,1.0
mol_ef45e640776b6df4,mol_4a28f84362f8850d,morgan_similarity_ge_threshold,ECFP4_2048_no_chirality,1.0
mol_ef45e640776b6df4,mol_936b68c0e81780ff,morgan_similarity_ge_threshold,ECFP4_2048_no_chirality,1.0
mol_8e04cff78b5bee09,mol_757f79c7ac5d216c,morgan_similarity_ge_threshold,ECFP4_2048_no_chirality,0.8095238095238095
mol_8e04cff78b5bee09,mol_6cab4fbead32f0ef,morgan_similarity_ge_threshold,ECFP4_2048_no_chirality,1.0
mol_8e04cff78b5bee09,mol_fc2d93121de8a8dd,morgan_similarity_ge_threshold,ECFP4_2048_no_chirality,1.0
mol_8e04cff78b5bee09,mol_304fa968ee31b51b,morgan_similarity_ge_threshold,ECFP4_2048_no_chirality,0.72
mol_8576484ee77b5757,mol_0d35fd4ce34a5a65,morgan_similarity_ge_threshold,ECFP4_2048_no_chirality,0.8095238095238095
mol_bf39f6deed5d4b6a,mol_a3ab0bd2d4d80422,morgan_similarity_ge_threshold,ECFP4_2048_no_chirality,1.0
mol_bf39f6deed5d4b6a,mol_58c591d9024d1c78,morgan_similarity_ge_threshold,ECFP4_2048_no_chirality,1.0
mol_bf39f6deed5d4b6a,mol_7a77950532c8e700,morgan_similarity_ge_threshold,ECFP4_2048_no_chirality,1.0
mol_a557d965b4ca95e1,mol_2e538f5e181d5946,morgan_similarity_ge_threshold,ECFP4_2048_no_chirality,1.0
mol_cf8f354d990ebe29,mol_77691d2337bfc619,morgan_similarity_ge_threshold,ECFP4_2048_no_chirality,0.8260869565217391
mol_cf8f354d990ebe29,mol_10541e572cd04e9e,morgan_similarity_ge_threshold,ECFP4_2048_no_chirality,0.9545454545454546
mol_3828be354437d436,mol_64e5f8dfe16d9044,morgan_similarity_ge_threshold,ECFP4_2048_no_chirality,0.7
mol_3828be354437d436,mol_72cc05bdc47c9de8,morgan_similarity_ge_threshold,ECFP4_2048_no_chirality,0.8
mol_d8a68c6cf575f9d8,mol_a69950d65071f1d9,morgan_similarity_ge_threshold,ECFP4_2048_no_chirality,1.0
mol_d8a68c6cf575f9d8,mol_4425bf195a41c22d,morgan_similarity_ge_threshold,ECFP4_2048_no_chirality,1.0
mol_d8a68c6cf575f9d8,mol_0dcdaa24497d41f8,morgan_similarity_ge_threshold,ECFP4_2048_no_chirality,1.0
mol_d8a68c6cf575f9d8,mol_6fb93874f723608d,morgan_similarity_ge_threshold,ECFP4_2048_no_chirality,1.0
mol_9edff65ca060e7d5,mol_58541feb3e3ef432,morgan_similarity_ge_threshold,ECFP4_2048_no_chirality,1.0
mol_9edff65ca060e7d5,mol_c1c12a449ac15fd2,morgan_similarity_ge_threshold,ECFP4_2048_no_chirality,1.0
mol_9edff65ca060e7d5,mol_f23ee274fe9afdfa,morgan_similarity_ge_threshold,ECFP4_2048_no_chirality,1.0
mol_9edff65ca060e7d5,mol_b29c79d05f29858b,morgan_similarity_ge_threshold,ECFP4_2048_no_chirality,1.0
mol_9edff65ca060e7d5,mol_30519df461efd318,morgan_similarity_ge_threshold,ECFP4_2048_no_chirality,1.0
mol_bace9c8b75de2210,mol_6e1072b3e8e99a61,morgan_similarity_ge_threshold,ECFP4_2048_no_chirality,0.8
mol_bace9c8b75de2210,mol_177310732327f8e6,morgan_similarity_ge_threshold,ECFP4_2048_no_chirality,0.8
mol_bace9c8b75de2210,mol_04b975dcc163284d,morgan_similarity_ge_threshold,ECFP4_2048_no_chirality,1.0
mol_bace9c8b75de2210,mol_9da490861744c9f8,morgan_similarity_ge_threshold,ECFP4_2048_no_chirality,0.8
mol_bace9c8b75de2210,mol_d079a9561d9d2641,morgan_similarity_ge_threshold,ECFP4_2048_no_chirality,1.0
mol_bace9c8b75de2210,mol_5e1a76b3fc001a63,morgan_similarity_ge_threshold,ECFP4_2048_no_chirality,1.0
mol_bace9c8b75de2210,mol_71d239be146a61dd,morgan_similarity_ge_threshold,ECFP4_2048_no_chirality,1.0
mol_b5b1e7ca3cf75bf3,mol_b04b0d4c9f611351,morgan_similarity_ge_threshold,ECFP4_2048_no_chirality,0.95
mol_b5b1e7ca3cf75bf3,mol_ab9c0dd96a4d0ed3,morgan_similarity_ge_threshold,ECFP4_2048_no_chirality,1.0
mol_3399c27a16597145,mol_58541feb3e3ef432,morgan_similarity_ge_threshold,ECFP4_2048_no_chirality,1.0
mol_3399c27a16597145,mol_c1c12a449ac15fd2,morgan_similarity_ge_threshold,ECFP4_2048_no_chirality,1.0
mol_3399c27a16597145,mol_f23ee274fe9afdfa,morgan_similarity_ge_threshold,ECFP4_2048_no_chirality,1.0
mol_3399c27a16597145,mol_b29c79d05f29858b,morgan_similarity_ge_threshold,ECFP4_2048_no_chirality,1.0
mol_3399c27a16597145,mol_30519df461efd318,morgan_similarity_ge_threshold,ECFP4_2048_no_chirality,1.0
mol_3399c27a16597145,mol_9edff65ca060e7d5,morgan_similarity_ge_threshold,ECFP4_2048_no_chirality,1.0
mol_8b35c2231ef8d146,mol_86789b7323092b84,morgan_similarity_ge_threshold,ECFP4_2048_no_chirality,1.0
mol_8b35c2231ef8d146,mol_4199743daa2b7d43,morgan_similarity_ge_threshold,ECFP4_2048_no_chirality,1.0
mol_8b35c2231ef8d146,mol_4a28f84362f8850d,morgan_similarity_ge_threshold,ECFP4_2048_no_chirality,1.0
mol_8b35c2231ef8d146,mol_936b68c0e81780ff,morgan_similarity_ge_threshold,ECFP4_2048_no_chirality,1.0
mol_8b35c2231ef8d146,mol_ef45e640776b6df4,morgan_similarity_ge_threshold,ECFP4_2048_no_chirality,1.0
mol_e356f62a95258c32,mol_757f79c7ac5d216c,morgan_similarity_ge_threshold,ECFP4_2048_no_chirality,0.8095238095238095
mol_e356f62a95258c32,mol_6cab4fbead32f0ef,morgan_similarity_ge_threshold,ECFP4_2048_no_chirality,1.0
mol_e356f62a95258c32,mol_fc2d93121de8a8dd,morgan_similarity_ge_threshold,ECFP4_2048_no_chirality,1.0
mol_e356f62a95258c32,mol_304fa968ee31b51b,morgan_similarity_ge_threshold,ECFP4_2048_no_chirality,0.72
mol_e356f62a95258c32,mol_8e04cff78b5bee09,morgan_similarity_ge_threshold,ECFP4_2048_no_chirality,1.0
mol_919fb7158bc3ca7a,mol_b04b0d4c9f611351,morgan_similarity_ge_threshold,ECFP4_2048_no_chirality,0.95
mol_919fb7158bc3ca7a,mol_ab9c0dd96a4d0ed3,morgan_similarity_ge_threshold,ECFP4_2048_no_chirality,1.0
mol_919fb7158bc3ca7a,mol_b5b1e7ca3cf75bf3,morgan_similarity_ge_threshold,ECFP4_2048_no_chirality,1.0
mol_219e62ce59668eec,mol_58541feb3e3ef432,morgan_similarity_ge_threshold,ECFP4_2048_no_chirality,1.0
mol_219e62ce59668eec,mol_c1c12a449ac15fd2,morgan_similarity_ge_threshold,ECFP4_2048_no_chirality,1.0
mol_219e62ce59668eec,mol_f23ee274fe9afdfa,morgan_similarity_ge_threshold,ECFP4_2048_no_chirality,1.0
mol_219e62ce59668eec,mol_b29c79d05f29858b,morgan_similarity_ge_threshold,ECFP4_2048_no_chirality,1.0
mol_219e62ce59668eec,mol_30519df461efd318,morgan_similarity_ge_threshold,ECFP4_2048_no_chirality,1.0
mol_219e62ce59668eec,mol_9edff65ca060e7d5,morgan_similarity_ge_threshold,ECFP4_2048_no_chirality,1.0
mol_219e62ce59668eec,mol_3399c27a16597145,morgan_similarity_ge_threshold,ECFP4_2048_no_chirality,1.0
mol_132e4cfc5e4bd727,mol_6e1072b3e8e99a61,morgan_similarity_ge_threshold,ECFP4_2048_no_chirality,0.8
mol_132e4cfc5e4bd727,mol_177310732327f8e6,morgan_similarity_ge_threshold,ECFP4_2048_no_chirality,0.8
mol_132e4cfc5e4bd727,mol_04b975dcc163284d,morgan_similarity_ge_threshold,ECFP4_2048_no_chirality,1.0
mol_132e4cfc5e4bd727,mol_9da490861744c9f8,morgan_similarity_ge_threshold,ECFP4_2048_no_chirality,0.8
mol_132e4cfc5e4bd727,mol_d079a9561d9d2641,morgan_similarity_ge_threshold,ECFP4_2048_no_chirality,1.0
mol_132e4cfc5e4bd727,mol_5e1a76b3fc001a63,morgan_similarity_ge_threshold,ECFP4_2048_no_chirality,1.0
mol_132e4cfc5e4bd727,mol_71d239be146a61dd,morgan_similarity_ge_threshold,ECFP4_2048_no_chirality,1.0
mol_132e4cfc5e4bd727,mol_bace9c8b75de2210,morgan_similarity_ge_threshold,ECFP4_2048_no_chirality,1.0
mol_f614151f22d755d7,mol_ae779d08ee6209ad,morgan_similarity_ge_threshold,ECFP4_2048_no_chirality,0.7333333333333333
mol_e43e3124216bdf57,mol_a05de3c299ebdca6,morgan_similarity_ge_threshold,ECFP4_2048_no_chirality,0.8181818181818182
mol_e43e3124216bdf57,mol_01fe71f6f9ac3752,morgan_similarity_ge_threshold,ECFP4_2048_no_chirality,0.7391304347826086
mol_e43e3124216bdf57,mol_304fa968ee31b51b,morgan_similarity_ge_threshold,ECFP4_2048_no_chirality,0.8695652173913043
mol_e43e3124216bdf57,mol_efd9aec2c69162b7,morgan_similarity_ge_threshold,ECFP4_2048_no_chirality,0.8636363636363636
mol_e43e3124216bdf57,mol_124c5d93a23a9e5f,morgan_similarity_ge_threshold,ECFP4_2048_no_chirality,0.9523809523809523
mol_7adb2b6d969696ae,mol_6e1072b3e8e99a61,morgan_similarity_ge_threshold,ECFP4_2048_no_chirality,0.8
mol_7adb2b6d969696ae,mol_177310732327f8e6,morgan_similarity_ge_threshold,ECFP4_2048_no_chirality,0.8
mol_7adb2b6d969696ae,mol_04b975dcc163284d,morgan_similarity_ge_threshold,ECFP4_2048_no_chirality,1.0
mol_7adb2b6d969696ae,mol_9da490861744c9f8,morgan_similarity_ge_threshold,ECFP4_2048_no_chirality,0.8
mol_7adb2b6d969696ae,mol_d079a9561d9d2641,morgan_similarity_ge_threshold,ECFP4_2048_no_chirality,1.0
mol_7adb2b6d969696ae,mol_5e1a76b3fc001a63,morgan_similarity_ge_threshold,ECFP4_2048_no_chirality,1.0
mol_7adb2b6d969696ae,mol_71d239be146a61dd,morgan_similarity_ge_threshold,ECFP4_2048_no_chirality,1.0
mol_7adb2b6d969696ae,mol_bace9c8b75de2210,morgan_similarity_ge_threshold,ECFP4_2048_no_chirality,1.0
mol_7adb2b6d969696ae,mol_132e4cfc5e4bd727,morgan_similarity_ge_threshold,ECFP4_2048_no_chirality,1.0
mol_54948f46fab8b549,mol_757f79c7ac5d216c,morgan_similarity_ge_threshold,ECFP4_2048_no_chirality,0.8095238095238095
mol_54948f46fab8b549,mol_6cab4fbead32f0ef,morgan_similarity_ge_threshold,ECFP4_2048_no_chirality,1.0
mol_54948f46fab8b549,mol_fc2d93121de8a8dd,morgan_similarity_ge_threshold,ECFP4_2048_no_chirality,1.0
mol_54948f46fab8b549,mol_304fa968ee31b51b,morgan_similarity_ge_threshold,ECFP4_2048_no_chirality,0.72
mol_54948f46fab8b549,mol_8e04cff78b5bee09,morgan_similarity_ge_threshold,ECFP4_2048_no_chirality,1.0
mol_54948f46fab8b549,mol_e356f62a95258c32,morgan_similarity_ge_threshold,ECFP4_2048_no_chirality,1.0
mol_f991f1ca93072465,mol_1573cefc1a63cc61,morgan_similarity_ge_threshold,ECFP4_2048_no_chirality,0.78125
mol_bbb0421bb336b7e6,mol_6e1072b3e8e99a61,morgan_similarity_ge_threshold,ECFP4_2048_no_chirality,0.8
mol_bbb0421bb336b7e6,mol_177310732327f8e6,morgan_similarity_ge_threshold,ECFP4_2048_no_chirality,0.8
mol_bbb0421bb336b7e6,mol_04b975dcc163284d,morgan_similarity_ge_threshold,ECFP4_2048_no_chirality,1.0
mol_bbb0421bb336b7e6,mol_9da490861744c9f8,morgan_similarity_ge_threshold,ECFP4_2048_no_chirality,0.8
mol_bbb0421bb336b7e6,mol_d079a9561d9d2641,morgan_similarity_ge_threshold,ECFP4_2048_no_chirality,1.0
mol_bbb0421bb336b7e6,mol_5e1a76b3fc001a63,morgan_similarity_ge_threshold,ECFP4_2048_no_chirality,1.0
mol_bbb0421bb336b7e6,mol_71d239be146a61dd,morgan_similarity_ge_threshold,ECFP4_2048_no_chirality,1.0
mol_bbb0421bb336b7e6,mol_bace9c8b75de2210,morgan_similarity_ge_threshold,ECFP4_2048_no_chirality,1.0
mol_bbb0421bb336b7e6,mol_132e4cfc5e4bd727,morgan_similarity_ge_threshold,ECFP4_2048_no_chirality,1.0
mol_bbb0421bb336b7e6,mol_7adb2b6d969696ae,morgan_similarity_ge_threshold,ECFP4_2048_no_chirality,1.0
mol_54f775b9989c3033,mol_a3ab0bd2d4d80422,morgan_similarity_ge_threshold,ECFP4_2048_no_chirality,1.0
mol_54f775b9989c3033,mol_58c591d9024d1c78,morgan_similarity_ge_threshold,ECFP4_2048_no_chirality,1.0
mol_54f775b9989c3033,mol_7a77950532c8e700,morgan_similarity_ge_threshold,ECFP4_2048_no_chirality,1.0
mol_54f775b9989c3033,mol_bf39f6deed5d4b6a,morgan_similarity_ge_threshold,ECFP4_2048_no_chirality,1.0
mol_b859097b55ec40b9,mol_a3ab0bd2d4d80422,morgan_similarity_ge_threshold,ECFP4_2048_no_chirality,1.0
mol_b859097b55ec40b9,mol_58c591d9024d1c78,morgan_similarity_ge_threshold,ECFP4_2048_no_chirality,1.0
mol_b859097b55ec40b9,mol_7a77950532c8e700,morgan_similarity_ge_threshold,ECFP4_2048_no_chirality,1.0
mol_b859097b55ec40b9,mol_bf39f6deed5d4b6a,morgan_similarity_ge_threshold,ECFP4_2048_no_chirality,1.0
mol_b859097b55ec40b9,mol_54f775b9989c3033,morgan_similarity_ge_threshold,ECFP4_2048_no_chirality,1.0
mol_f46d941ea8c759da,mol_da7d35d05fee4096,morgan_similarity_ge_threshold,ECFP4_2048_no_chirality,0.9
mol_6fb10df1545ca2d8,mol_a3ab0bd2d4d80422,morgan_similarity_ge_threshold,ECFP4_2048_no_chirality,1.0
mol_6fb10df1545ca2d8,mol_58c591d9024d1c78,morgan_similarity_ge_threshold,ECFP4_2048_no_chirality,1.0
mol_6fb10df1545ca2d8,mol_7a77950532c8e700,morgan_similarity_ge_threshold,ECFP4_2048_no_chirality,1.0
mol_6fb10df1545ca2d8,mol_bf39f6deed5d4b6a,morgan_similarity_ge_threshold,ECFP4_2048_no_chirality,1.0
mol_6fb10df1545ca2d8,mol_54f775b9989c3033,morgan_similarity_ge_threshold,ECFP4_2048_no_chirality,1.0
mol_6fb10df1545ca2d8,mol_b859097b55ec40b9,morgan_similarity_ge_threshold,ECFP4_2048_no_chirality,1.0
mol_b73eb28e83f057b0,mol_a3ab0bd2d4d80422,morgan_similarity_ge_threshold,ECFP4_2048_no_chirality,1.0
mol_b73eb28e83f057b0,mol_58c591d9024d1c78,morgan_similarity_ge_threshold,ECFP4_2048_no_chirality,1.0
mol_b73eb28e83f057b0,mol_7a77950532c8e700,morgan_similarity_ge_threshold,ECFP4_2048_no_chirality,1.0
mol_b73eb28e83f057b0,mol_bf39f6deed5d4b6a,morgan_similarity_ge_threshold,ECFP4_2048_no_chirality,1.0
mol_b73eb28e83f057b0,mol_54f775b9989c3033,morgan_similarity_ge_threshold,ECFP4_2048_no_chirality,1.0
mol_b73eb28e83f057b0,mol_b859097b55ec40b9,morgan_similarity_ge_threshold,ECFP4_2048_no_chirality,1.0
mol_b73eb28e83f057b0,mol_6fb10df1545ca2d8,morgan_similarity_ge_threshold,ECFP4_2048_no_chirality,1.0
mol_866fb9c9956bdce9,mol_a3ab0bd2d4d80422,morgan_similarity_ge_threshold,ECFP4_2048_no_chirality,1.0
mol_866fb9c9956bdce9,mol_58c591d9024d1c78,morgan_similarity_ge_threshold,ECFP4_2048_no_chirality,1.0
mol_866fb9c9956bdce9,mol_7a77950532c8e700,morgan_similarity_ge_threshold,ECFP4_2048_no_chirality,1.0
mol_866fb9c9956bdce9,mol_bf39f6deed5d4b6a,morgan_similarity_ge_threshold,ECFP4_2048_no_chirality,1.0
mol_866fb9c9956bdce9,mol_54f775b9989c3033,morgan_similarity_ge_threshold,ECFP4_2048_no_chirality,1.0
mol_866fb9c9956bdce9,mol_b859097b55ec40b9,morgan_similarity_ge_threshold,ECFP4_2048_no_chirality,1.0
mol_866fb9c9956bdce9,mol_6fb10df1545ca2d8,morgan_similarity_ge_threshold,ECFP4_2048_no_chirality,1.0
mol_866fb9c9956bdce9,mol_b73eb28e83f057b0,morgan_similarity_ge_threshold,ECFP4_2048_no_chirality,1.0
mol_c26df780d586cbf1,mol_a3ab0bd2d4d80422,morgan_similarity_ge_threshold,ECFP4_2048_no_chirality,1.0
mol_c26df780d586cbf1,mol_58c591d9024d1c78,morgan_similarity_ge_threshold,ECFP4_2048_no_chirality,1.0
mol_c26df780d586cbf1,mol_7a77950532c8e700,morgan_similarity_ge_threshold,ECFP4_2048_no_chirality,1.0
mol_c26df780d586cbf1,mol_bf39f6deed5d4b6a,morgan_similarity_ge_threshold,ECFP4_2048_no_chirality,1.0
mol_c26df780d586cbf1,mol_54f775b9989c3033,morgan_similarity_ge_threshold,ECFP4_2048_no_chirality,1.0
mol_c26df780d586cbf1,mol_b859097b55ec40b9,morgan_similarity_ge_threshold,ECFP4_2048_no_chirality,1.0
mol_c26df780d586cbf1,mol_6fb10df1545ca2d8,morgan_similarity_ge_threshold,ECFP4_2048_no_chirality,1.0
mol_c26df780d586cbf1,mol_b73eb28e83f057b0,morgan_similarity_ge_threshold,ECFP4_2048_no_chirality,1.0
mol_c26df780d586cbf1,mol_866fb9c9956bdce9,morgan_similarity_ge_threshold,ECFP4_2048_no_chirality,1.0
mol_e9e23b59358f5358,mol_a3ab0bd2d4d80422,morgan_similarity_ge_threshold,ECFP4_2048_no_chirality,1.0
mol_e9e23b59358f5358,mol_58c591d9024d1c78,morgan_similarity_ge_threshold,ECFP4_2048_no_chirality,1.0
mol_e9e23b59358f5358,mol_7a77950532c8e700,morgan_similarity_ge_threshold,ECFP4_2048_no_chirality,1.0
mol_e9e23b59358f5358,mol_bf39f6deed5d4b6a,morgan_similarity_ge_threshold,ECFP4_2048_no_chirality,1.0
mol_e9e23b59358f5358,mol_54f775b9989c3033,morgan_similarity_ge_threshold,ECFP4_2048_no_chirality,1.0
mol_e9e23b59358f5358,mol_b859097b55ec40b9,morgan_similarity_ge_threshold,ECFP4_2048_no_chirality,1.0
mol_e9e23b59358f5358,mol_6fb10df1545ca2d8,morgan_similarity_ge_threshold,ECFP4_2048_no_chirality,1.0
mol_e9e23b59358f5358,mol_b73eb28e83f057b0,morgan_similarity_ge_threshold,ECFP4_2048_no_chirality,1.0
mol_e9e23b59358f5358,mol_866fb9c9956bdce9,morgan_similarity_ge_threshold,ECFP4_2048_no_chirality,1.0
mol_e9e23b59358f5358,mol_c26df780d586cbf1,morgan_similarity_ge_threshold,ECFP4_2048_no_chirality,1.0
mol_53217b7c973288fe,mol_a3ab0bd2d4d80422,morgan_similarity_ge_threshold,ECFP4_2048_no_chirality,1.0
mol_53217b7c973288fe,mol_58c591d9024d1c78,morgan_similarity_ge_threshold,ECFP4_2048_no_chirality,1.0
mol_53217b7c973288fe,mol_7a77950532c8e700,morgan_similarity_ge_threshold,ECFP4_2048_no_chirality,1.0
mol_53217b7c973288fe,mol_bf39f6deed5d4b6a,morgan_similarity_ge_threshold,ECFP4_2048_no_chirality,1.0
mol_53217b7c973288fe,mol_54f775b9989c3033,morgan_similarity_ge_threshold,ECFP4_2048_no_chirality,1.0
mol_53217b7c973288fe,mol_b859097b55ec40b9,morgan_similarity_ge_threshold,ECFP4_2048_no_chirality,1.0
mol_53217b7c973288fe,mol_6fb10df1545ca2d8,morgan_similarity_ge_threshold,ECFP4_2048_no_chirality,1.0
mol_53217b7c973288fe,mol_b73eb28e83f057b0,morgan_similarity_ge_threshold,ECFP4_2048_no_chirality,1.0
mol_53217b7c973288fe,mol_866fb9c9956bdce9,morgan_similarity_ge_threshold,ECFP4_2048_no_chirality,1.0
mol_53217b7c973288fe,mol_c26df780d586cbf1,morgan_similarity_ge_threshold,ECFP4_2048_no_chirality,1.0
mol_53217b7c973288fe,mol_e9e23b59358f5358,morgan_similarity_ge_threshold,ECFP4_2048_no_chirality,1.0
mol_1bf941bfa23883d2,mol_a3ab0bd2d4d80422,morgan_similarity_ge_threshold,ECFP4_2048_no_chirality,1.0
mol_1bf941bfa23883d2,mol_58c591d9024d1c78,morgan_similarity_ge_threshold,ECFP4_2048_no_chirality,1.0
mol_1bf941bfa23883d2,mol_7a77950532c8e700,morgan_similarity_ge_threshold,ECFP4_2048_no_chirality,1.0
mol_1bf941bfa23883d2,mol_bf39f6deed5d4b6a,morgan_similarity_ge_threshold,ECFP4_2048_no_chirality,1.0
mol_1bf941bfa23883d2,mol_54f775b9989c3033,morgan_similarity_ge_threshold,ECFP4_2048_no_chirality,1.0
mol_1bf941bfa23883d2,mol_b859097b55ec40b9,morgan_similarity_ge_threshold,ECFP4_2048_no_chirality,1.0
mol_1bf941bfa23883d2,mol_6fb10df1545ca2d8,morgan_similarity_ge_threshold,ECFP4_2048_no_chirality,1.0
mol_1bf941bfa23883d2,mol_b73eb28e83f057b0,morgan_similarity_ge_threshold,ECFP4_2048_no_chirality,1.0
mol_1bf941bfa23883d2,mol_866fb9c9956bdce9,morgan_similarity_ge_threshold,ECFP4_2048_no_chirality,1.0
mol_1bf941bfa23883d2,mol_c26df780d586cbf1,morgan_similarity_ge_threshold,ECFP4_2048_no_chirality,1.0
mol_1bf941bfa23883d2,mol_e9e23b59358f5358,morgan_similarity_ge_threshold,ECFP4_2048_no_chirality,1.0
mol_1bf941bfa23883d2,mol_53217b7c973288fe,morgan_similarity_ge_threshold,ECFP4_2048_no_chirality,1.0
mol_670136e04246f1d5,mol_2e538f5e181d5946,morgan_similarity_ge_threshold,ECFP4_2048_no_chirality,0.7142857142857143
mol_670136e04246f1d5,mol_a557d965b4ca95e1,morgan_similarity_ge_threshold,ECFP4_2048_no_chirality,0.7142857142857143
mol_d3125f71fb8f9281,mol_4f13a4696bbfcaf9,morgan_similarity_ge_threshold,ECFP4_2048_no_chirality,0.75
mol_969f34406f44f7e7,mol_4e4c72058c054de2,morgan_similarity_ge_threshold,ECFP4_2048_no_chirality,0.7142857142857143
mol_47abed7f530ce168,mol_32e4362dde7a3ed7,morgan_similarity_ge_threshold,ECFP4_2048_no_chirality,0.875
mol_47abed7f530ce168,mol_3102cb64a36fdac1,morgan_similarity_ge_threshold,ECFP4_2048_no_chirality,0.875
mol_47abed7f530ce168,mol_cad807bef9abf402,morgan_similarity_ge_threshold,ECFP4_2048_no_chirality,0.875
mol_47abed7f530ce168,mol_cdcd3722df880b7b,morgan_similarity_ge_threshold,ECFP4_2048_no_chirality,0.75
mol_c5207e620c9fcfd3,mol_e6f8f97a2caa00b9,morgan_similarity_ge_threshold,ECFP4_2048_no_chirality,0.75
mol_97895e747db97ae6,mol_aa23a92cc343fbb6,morgan_similarity_ge_threshold,ECFP4_2048_no_chirality,0.75
mol_ce86a4b54495b02c,mol_d256cec7b59305ff,morgan_similarity_ge_threshold,ECFP4_2048_no_chirality,0.8888888888888888
mol_2e302d909c9e5e5c,mol_662ae51843e31097,morgan_similarity_ge_threshold,ECFP4_2048_no_chirality,0.7058823529411765
mol_b89af8061b7557f6,mol_b1600e1cb04e0ffb,morgan_similarity_ge_threshold,ECFP4_2048_no_chirality,1.0
mol_528932d2a9841ae7,mol_d2d85289da26a082,morgan_similarity_ge_threshold,ECFP4_2048_no_chirality,0.7692307692307693
mol_6fe75c0be8cd2f8a,mol_97895e747db97ae6,morgan_similarity_ge_threshold,ECFP4_2048_no_chirality,0.8888888888888888
mol_435971c8aa9ce0da,mol_2e538f5e181d5946,morgan_similarity_ge_threshold,ECFP4_2048_no_chirality,0.9230769230769231
mol_435971c8aa9ce0da,mol_a557d965b4ca95e1,morgan_similarity_ge_threshold,ECFP4_2048_no_chirality,0.9230769230769231
mol_435971c8aa9ce0da,mol_670136e04246f1d5,morgan_similarity_ge_threshold,ECFP4_2048_no_chirality,0.7692307692307693
mol_b4ec50115958b3dd,mol_4e4c72058c054de2,morgan_similarity_ge_threshold,ECFP4_2048_no_chirality,0.9230769230769231
mol_b4ec50115958b3dd,mol_969f34406f44f7e7,morgan_similarity_ge_threshold,ECFP4_2048_no_chirality,0.7692307692307693
mol_ea8ab19c57483e79,mol_32e4362dde7a3ed7,morgan_similarity_ge_threshold,ECFP4_2048_no_chirality,1.0
mol_ea8ab19c57483e79,mol_3102cb64a36fdac1,morgan_similarity_ge_threshold,ECFP4_2048_no_chirality,1.0
mol_ea8ab19c57483e79,mol_cad807bef9abf402,morgan_similarity_ge_threshold,ECFP4_2048_no_chirality,1.0
mol_ea8ab19c57483e79,mol_47abed7f530ce168,morgan_similarity_ge_threshold,ECFP4_2048_no_chirality,0.875
mol_7a16410ce17aa41e,mol_4f518c4827747974,morgan_similarity_ge_threshold,ECFP4_2048_no_chirality,0.8125
mol_817b4cbdae424a61,mol_299a215a96655c24,morgan_similarity_ge_threshold,ECFP4_2048_no_chirality,0.8235294117647058
mol_5dbb586fa38c6136,mol_58541feb3e3ef432,morgan_similarity_ge_threshold,ECFP4_2048_no_chirality,0.7647058823529411
mol_5dbb586fa38c6136,mol_c1c12a449ac15fd2,morgan_similarity_ge_threshold,ECFP4_2048_no_chirality,0.7647058823529411
mol_5dbb586fa38c6136,mol_f23ee274fe9afdfa,morgan_similarity_ge_threshold,ECFP4_2048_no_chirality,0.7647058823529411
mol_5dbb586fa38c6136,mol_b29c79d05f29858b,morgan_similarity_ge_threshold,ECFP4_2048_no_chirality,0.7647058823529411
mol_5dbb586fa38c6136,mol_30519df461efd318,morgan_similarity_ge_threshold,ECFP4_2048_no_chirality,0.7647058823529411
mol_5dbb586fa38c6136,mol_9edff65ca060e7d5,morgan_similarity_ge_threshold,ECFP4_2048_no_chirality,0.7647058823529411
mol_5dbb586fa38c6136,mol_3399c27a16597145,morgan_similarity_ge_threshold,ECFP4_2048_no_chirality,0.7647058823529411
mol_5dbb586fa38c6136,mol_219e62ce59668eec,morgan_similarity_ge_threshold,ECFP4_2048_no_chirality,0.7647058823529411
mol_55b6d752028fb5df,mol_8c26cc46761de673,morgan_similarity_ge_threshold,ECFP4_2048_no_chirality,0.9090909090909091
mol_f764f99572350169,mol_299a215a96655c24,morgan_similarity_ge_threshold,ECFP4_2048_no_chirality,0.7777777777777778
mol_f764f99572350169,mol_817b4cbdae424a61,morgan_similarity_ge_threshold,ECFP4_2048_no_chirality,0.9411764705882353
mol_4d4b5cd67503629b,mol_8b1506317bbf83e8,morgan_similarity_ge_threshold,ECFP4_2048_no_chirality,0.7058823529411765
mol_4d4b5cd67503629b,mol_502267b1d358ae7d,morgan_similarity_ge_threshold,ECFP4_2048_no_chirality,0.7058823529411765
mol_4d4b5cd67503629b,mol_91aa5b5594ca491a,morgan_similarity_ge_threshold,ECFP4_2048_no_chirality,0.7647058823529411
mol_8f8d88329a658c4a,mol_6e1072b3e8e99a61,morgan_similarity_ge_threshold,ECFP4_2048_no_chirality,0.7058823529411765
mol_8f8d88329a658c4a,mol_177310732327f8e6,morgan_similarity_ge_threshold,ECFP4_2048_no_chirality,0.7058823529411765
mol_8f8d88329a658c4a,mol_9da490861744c9f8,morgan_similarity_ge_threshold,ECFP4_2048_no_chirality,0.7058823529411765
mol_8f8d88329a658c4a,mol_8568098f87e46d1f,morgan_similarity_ge_threshold,ECFP4_2048_no_chirality,0.7058823529411765
mol_8f8d88329a658c4a,mol_94e6e3bf1a1fa03f,morgan_similarity_ge_threshold,ECFP4_2048_no_chirality,0.7647058823529411
mol_5feb1fde294beccb,mol_5fa3d4f920d98423,morgan_similarity_ge_threshold,ECFP4_2048_no_chirality,0.9090909090909091
mol_2850223b4ba7abbb,mol_dd7217c8aa001588,morgan_similarity_ge_threshold,ECFP4_2048_no_chirality,0.8421052631578947
mol_2c8fece1c354948f,mol_6e1072b3e8e99a61,morgan_similarity_ge_threshold,ECFP4_2048_no_chirality,0.7
mol_2c8fece1c354948f,mol_177310732327f8e6,morgan_similarity_ge_threshold,ECFP4_2048_no_chirality,0.7
mol_2c8fece1c354948f,mol_04b975dcc163284d,morgan_similarity_ge_threshold,ECFP4_2048_no_chirality,0.8095238095238095
mol_2c8fece1c354948f,mol_9da490861744c9f8,morgan_similarity_ge_threshold,ECFP4_2048_no_chirality,0.7
mol_2c8fece1c354948f,mol_d079a9561d9d2641,morgan_similarity_ge_threshold,ECFP4_2048_no_chirality,0.8095238095238095
mol_2c8fece1c354948f,mol_5e1a76b3fc001a63,morgan_similarity_ge_threshold,ECFP4_2048_no_chirality,0.8095238095238095
mol_2c8fece1c354948f,mol_71d239be146a61dd,morgan_similarity_ge_threshold,ECFP4_2048_no_chirality,0.8095238095238095
mol_2c8fece1c354948f,mol_bace9c8b75de2210,morgan_similarity_ge_threshold,ECFP4_2048_no_chirality,0.8095238095238095
mol_2c8fece1c354948f,mol_132e4cfc5e4bd727,morgan_similarity_ge_threshold,ECFP4_2048_no_chirality,0.8095238095238095
mol_2c8fece1c354948f,mol_7adb2b6d969696ae,morgan_similarity_ge_threshold,ECFP4_2048_no_chirality,0.8095238095238095
mol_2c8fece1c354948f,mol_bbb0421bb336b7e6,morgan_similarity_ge_threshold,ECFP4_2048_no_chirality,0.8095238095238095
mol_2c8fece1c354948f,mol_8568098f87e46d1f,morgan_similarity_ge_threshold,ECFP4_2048_no_chirality,0.7
mol_39beef09cdd1ae08,mol_86789b7323092b84,morgan_similarity_ge_threshold,ECFP4_2048_no_chirality,0.8095238095238095
mol_39beef09cdd1ae08,mol_4199743daa2b7d43,morgan_similarity_ge_threshold,ECFP4_2048_no_chirality,0.8095238095238095
mol_39beef09cdd1ae08,mol_4a28f84362f8850d,morgan_similarity_ge_threshold,ECFP4_2048_no_chirality,0.8095238095238095
mol_39beef09cdd1ae08,mol_936b68c0e81780ff,morgan_similarity_ge_threshold,ECFP4_2048_no_chirality,0.8095238095238095
mol_39beef09cdd1ae08,mol_ef45e640776b6df4,morgan_similarity_ge_threshold,ECFP4_2048_no_chirality,0.8095238095238095
mol_39beef09cdd1ae08,mol_8b35c2231ef8d146,morgan_similarity_ge_threshold,ECFP4_2048_no_chirality,0.8095238095238095
mol_39beef09cdd1ae08,mol_502267b1d358ae7d,morgan_similarity_ge_threshold,ECFP4_2048_no_chirality,0.7
mol_71ac04ebc05b85f5,mol_d2d85289da26a082,morgan_similarity_ge_threshold,ECFP4_2048_no_chirality,0.7142857142857143
mol_71ac04ebc05b85f5,mol_528932d2a9841ae7,morgan_similarity_ge_threshold,ECFP4_2048_no_chirality,0.9230769230769231
mol_f599bee9d7f71e01,mol_97895e747db97ae6,morgan_similarity_ge_threshold,ECFP4_2048_no_chirality,0.8888888888888888
mol_f599bee9d7f71e01,mol_6fe75c0be8cd2f8a,morgan_similarity_ge_threshold,ECFP4_2048_no_chirality,1.0
mol_d9ec66217e35d939,mol_38039963605715c8,morgan_similarity_ge_threshold,ECFP4_2048_no_chirality,0.9090909090909091
mol_2ea49b3823ebd7ad,mol_a3ab0bd2d4d80422,morgan_similarity_ge_threshold,ECFP4_2048_no_chirality,0.875
mol_2ea49b3823ebd7ad,mol_58c591d9024d1c78,morgan_similarity_ge_threshold,ECFP4_2048_no_chirality,0.875
mol_2ea49b3823ebd7ad,mol_7a77950532c8e700,morgan_similarity_ge_threshold,ECFP4_2048_no_chirality,0.875
mol_2ea49b3823ebd7ad,mol_bf39f6deed5d4b6a,morgan_similarity_ge_threshold,ECFP4_2048_no_chirality,0.875
mol_2ea49b3823ebd7ad,mol_54f775b9989c3033,morgan_similarity_ge_threshold,ECFP4_2048_no_chirality,0.875
mol_2ea49b3823ebd7ad,mol_b859097b55ec40b9,morgan_similarity_ge_threshold,ECFP4_2048_no_chirality,0.875
mol_2ea49b3823ebd7ad,mol_6fb10df1545ca2d8,morgan_similarity_ge_threshold,ECFP4_2048_no_chirality,0.875
mol_2ea49b3823ebd7ad,mol_b73eb28e83f057b0,morgan_similarity_ge_threshold,ECFP4_2048_no_chirality,0.875
mol_2ea49b3823ebd7ad,mol_866fb9c9956bdce9,morgan_similarity_ge_threshold,ECFP4_2048_no_chirality,0.875
mol_2ea49b3823ebd7ad,mol_c26df780d586cbf1,morgan_similarity_ge_threshold,ECFP4_2048_no_chirality,0.875
mol_2ea49b3823ebd7ad,mol_e9e23b59358f5358,morgan_similarity_ge_threshold,ECFP4_2048_no_chirality,0.875
mol_2ea49b3823ebd7ad,mol_53217b7c973288fe,morgan_similarity_ge_threshold,ECFP4_2048_no_chirality,0.875
mol_2ea49b3823ebd7ad,mol_1bf941bfa23883d2,morgan_similarity_ge_threshold,ECFP4_2048_no_chirality,0.875
mol_b8293313f61ea38f,mol_2e538f5e181d5946,morgan_similarity_ge_threshold,ECFP4_2048_no_chirality,1.0
mol_b8293313f61ea38f,mol_a557d965b4ca95e1,morgan_similarity_ge_threshold,ECFP4_2048_no_chirality,1.0
mol_b8293313f61ea38f,mol_670136e04246f1d5,morgan_similarity_ge_threshold,ECFP4_2048_no_chirality,0.7142857142857143
mol_b8293313f61ea38f,mol_435971c8aa9ce0da,morgan_similarity_ge_threshold,ECFP4_2048_no_chirality,0.9230769230769231
mol_2483b3ccb2b39f62,mol_d3125f71fb8f9281,morgan_similarity_ge_threshold,ECFP4_2048_no_chirality,0.875
mol_91d56f798d34f28f,mol_b6f411c1ad8b6e05,morgan_similarity_ge_threshold,ECFP4_2048_no_chirality,0.9090909090909091
mol_61fcafdd88a47b4b,mol_32e4362dde7a3ed7,morgan_similarity_ge_threshold,ECFP4_2048_no_chirality,1.0
mol_61fcafdd88a47b4b,mol_3102cb64a36fdac1,morgan_similarity_ge_threshold,ECFP4_2048_no_chirality,1.0
mol_61fcafdd88a47b4b,mol_cad807bef9abf402,morgan_similarity_ge_threshold,ECFP4_2048_no_chirality,1.0
mol_61fcafdd88a47b4b,mol_47abed7f530ce168,morgan_similarity_ge_threshold,ECFP4_2048_no_chirality,0.875
mol_61fcafdd88a47b4b,mol_ea8ab19c57483e79,morgan_similarity_ge_threshold,ECFP4_2048_no_chirality,1.0
mol_7d34fb354feeab2c,mol_e03ddfeaf65a0134,morgan_similarity_ge_threshold,ECFP4_2048_no_chirality,1.0
mol_5fdb3f96e8ca0576,mol_4f518c4827747974,morgan_similarity_ge_threshold,ECFP4_2048_no_chirality,0.7647058823529411
mol_5fdb3f96e8ca0576,mol_7a16410ce17aa41e,morgan_similarity_ge_threshold,ECFP4_2048_no_chirality,0.9375
mol_b2ea93772c7f152a,mol_b7d29ccd815de3fe,morgan_similarity_ge_threshold,ECFP4_2048_no_chirality,0.7142857142857143
mol_b2ea93772c7f152a,mol_acf575de292611d9,morgan_similarity_ge_threshold,ECFP4_2048_no_chirality,0.7142857142857143
mol_b2ea93772c7f152a,mol_e62082959f534889,morgan_similarity_ge_threshold,ECFP4_2048_no_chirality,0.7142857142857143
mol_b2ea93772c7f152a,mol_a10b91d37db2843a,morgan_similarity_ge_threshold,ECFP4_2048_no_chirality,0.7142857142857143
mol_b2ea93772c7f152a,mol_804f26f30916a635,morgan_similarity_ge_threshold,ECFP4_2048_no_chirality,0.7142857142857143
mol_f3ea48a487080019,mol_6e1072b3e8e99a61,morgan_similarity_ge_threshold,ECFP4_2048_no_chirality,0.8235294117647058
mol_f3ea48a487080019,mol_177310732327f8e6,morgan_similarity_ge_threshold,ECFP4_2048_no_chirality,0.8235294117647058
mol_f3ea48a487080019,mol_9da490861744c9f8,morgan_similarity_ge_threshold,ECFP4_2048_no_chirality,0.8235294117647058
mol_f3ea48a487080019,mol_8f8d88329a658c4a,morgan_similarity_ge_threshold,ECFP4_2048_no_chirality,0.75
mol_f3ea48a487080019,mol_2c8fece1c354948f,morgan_similarity_ge_threshold,ECFP4_2048_no_chirality,0.7368421052631579
mol_581ae09a60a3f350,mol_58541feb3e3ef432,morgan_similarity_ge_threshold,ECFP4_2048_no_chirality,1.0
mol_581ae09a60a3f350,mol_c1c12a449ac15fd2,morgan_similarity_ge_threshold,ECFP4_2048_no_chirality,1.0
mol_581ae09a60a3f350,mol_f23ee274fe9afdfa,morgan_similarity_ge_threshold,ECFP4_2048_no_chirality,1.0
mol_581ae09a60a3f350,mol_b29c79d05f29858b,morgan_similarity_ge_threshold,ECFP4_2048_no_chirality,1.0
mol_581ae09a60a3f350,mol_30519df461efd318,morgan_similarity_ge_threshold,ECFP4_2048_no_chirality,1.0
mol_581ae09a60a3f350,mol_9edff65ca060e7d5,morgan_similarity_ge_threshold,ECFP4_2048_no_chirality,1.0
mol_581ae09a60a3f350,mol_3399c27a16597145,morgan_similarity_ge_threshold,ECFP4_2048_no_chirality,1.0
mol_581ae09a60a3f350,mol_219e62ce59668eec,morgan_similarity_ge_threshold,ECFP4_2048_no_chirality,1.0
mol_581ae09a60a3f350,mol_5dbb586fa38c6136,morgan_similarity_ge_threshold,ECFP4_2048_no_chirality,0.7647058823529411
mol_24c542b281c2477a,mol_496a55139eacec75,morgan_similarity_ge_threshold,ECFP4_2048_no_chirality,0.8
mol_7a83f5f0134a6504,mol_5fa3d4f920d98423,morgan_similarity_ge_threshold,ECFP4_2048_no_chirality,0.9090909090909091
mol_7a83f5f0134a6504,mol_5feb1fde294beccb,morgan_similarity_ge_threshold,ECFP4_2048_no_chirality,1.0
mol_d6ae19349f751551,mol_dd7217c8aa001588,morgan_similarity_ge_threshold,ECFP4_2048_no_chirality,0.8
mol_d6ae19349f751551,mol_2850223b4ba7abbb,morgan_similarity_ge_threshold,ECFP4_2048_no_chirality,0.9473684210526315
mol_41edcf15887aae47,mol_6e1072b3e8e99a61,morgan_similarity_ge_threshold,ECFP4_2048_no_chirality,0.75
mol_41edcf15887aae47,mol_177310732327f8e6,morgan_similarity_ge_threshold,ECFP4_2048_no_chirality,0.75
mol_41edcf15887aae47,mol_04b975dcc163284d,morgan_similarity_ge_threshold,ECFP4_2048_no_chirality,0.95
mol_41edcf15887aae47,mol_9da490861744c9f8,morgan_similarity_ge_threshold,ECFP4_2048_no_chirality,0.75
mol_41edcf15887aae47,mol_d079a9561d9d2641,morgan_similarity_ge_threshold,ECFP4_2048_no_chirality,0.95
mol_41edcf15887aae47,mol_5e1a76b3fc001a63,morgan_similarity_ge_threshold,ECFP4_2048_no_chirality,0.95
mol_41edcf15887aae47,mol_71d239be146a61dd,morgan_similarity_ge_threshold,ECFP4_2048_no_chirality,0.95
mol_41edcf15887aae47,mol_bace9c8b75de2210,morgan_similarity_ge_threshold,ECFP4_2048_no_chirality,0.95
mol_41edcf15887aae47,mol_132e4cfc5e4bd727,morgan_similarity_ge_threshold,ECFP4_2048_no_chirality,0.95
mol_41edcf15887aae47,mol_7adb2b6d969696ae,morgan_similarity_ge_threshold,ECFP4_2048_no_chirality,0.95
mol_41edcf15887aae47,mol_bbb0421bb336b7e6,morgan_similarity_ge_threshold,ECFP4_2048_no_chirality,0.95
mol_41edcf15887aae47,mol_2c8fece1c354948f,morgan_similarity_ge_threshold,ECFP4_2048_no_chirality,0.85
mol_41edcf15887aae47,mol_f3ea48a487080019,morgan_similarity_ge_threshold,ECFP4_2048_no_chirality,0.7
mol_1871fd7f7f59d3ae,mol_86789b7323092b84,morgan_similarity_ge_threshold,ECFP4_2048_no_chirality,0.95
mol_1871fd7f7f59d3ae,mol_4199743daa2b7d43,morgan_similarity_ge_threshold,ECFP4_2048_no_chirality,0.95
mol_1871fd7f7f59d3ae,mol_4a28f84362f8850d,morgan_similarity_ge_threshold,ECFP4_2048_no_chirality,0.95
mol_1871fd7f7f59d3ae,mol_936b68c0e81780ff,morgan_similarity_ge_threshold,ECFP4_2048_no_chirality,0.95
mol_1871fd7f7f59d3ae,mol_ef45e640776b6df4,morgan_similarity_ge_threshold,ECFP4_2048_no_chirality,0.95
mol_1871fd7f7f59d3ae,mol_8b35c2231ef8d146,morgan_similarity_ge_threshold,ECFP4_2048_no_chirality,0.95
mol_1871fd7f7f59d3ae,mol_39beef09cdd1ae08,morgan_similarity_ge_threshold,ECFP4_2048_no_chirality,0.85
mol_5acfd4736e755185,mol_3f0db888fe369723,morgan_similarity_ge_threshold,ECFP4_2048_no_chirality,0.7272727272727273
mol_5acfd4736e755185,mol_4430dd0cb0a3c055,morgan_similarity_ge_threshold,ECFP4_2048_no_chirality,0.8181818181818182
mol_5acfd4736e755185,mol_a05de3c299ebdca6,morgan_similarity_ge_threshold,ECFP4_2048_no_chirality,0.7272727272727273
mol_3990f91812cec3f3,mol_97895e747db97ae6,morgan_similarity_ge_threshold,ECFP4_2048_no_chirality,0.8888888888888888
mol_3990f91812cec3f3,mol_6fe75c0be8cd2f8a,morgan_similarity_ge_threshold,ECFP4_2048_no_chirality,1.0
mol_3990f91812cec3f3,mol_f599bee9d7f71e01,morgan_similarity_ge_threshold,ECFP4_2048_no_chirality,1.0
mol_538c4f0d7c4ce97e,mol_a3ab0bd2d4d80422,morgan_similarity_ge_threshold,ECFP4_2048_no_chirality,1.0
mol_538c4f0d7c4ce97e,mol_58c591d9024d1c78,morgan_similarity_ge_threshold,ECFP4_2048_no_chirality,1.0
mol_538c4f0d7c4ce97e,mol_7a77950532c8e700,morgan_similarity_ge_threshold,ECFP4_2048_no_chirality,1.0
mol_538c4f0d7c4ce97e,mol_bf39f6deed5d4b6a,morgan_similarity_ge_threshold,ECFP4_2048_no_chirality,1.0
mol_538c4f0d7c4ce97e,mol_54f775b9989c3033,morgan_similarity_ge_threshold,ECFP4_2048_no_chirality,1.0
mol_538c4f0d7c4ce97e,mol_b859097b55ec40b9,morgan_similarity_ge_threshold,ECFP4_2048_no_chirality,1.0
mol_538c4f0d7c4ce97e,mol_6fb10df1545ca2d8,morgan_similarity_ge_threshold,ECFP4_2048_no_chirality,1.0
mol_538c4f0d7c4ce97e,mol_b73eb28e83f057b0,morgan_similarity_ge_threshold,ECFP4_2048_no_chirality,1.0
mol_538c4f0d7c4ce97e,mol_866fb9c9956bdce9,morgan_similarity_ge_threshold,ECFP4_2048_no_chirality,1.0
mol_538c4f0d7c4ce97e,mol_c26df780d586cbf1,morgan_similarity_ge_threshold,ECFP4_2048_no_chirality,1.0
mol_538c4f0d7c4ce97e,mol_e9e23b59358f5358,morgan_similarity_ge_threshold,ECFP4_2048_no_chirality,1.0
mol_538c4f0d7c4ce97e,mol_53217b7c973288fe,morgan_similarity_ge_threshold,ECFP4_2048_no_chirality,1.0
mol_538c4f0d7c4ce97e,mol_1bf941bfa23883d2,morgan_similarity_ge_threshold,ECFP4_2048_no_chirality,1.0
mol_538c4f0d7c4ce97e,mol_2ea49b3823ebd7ad,morgan_similarity_ge_threshold,ECFP4_2048_no_chirality,0.875
mol_e687bcf74e76aad5,mol_2e538f5e181d5946,morgan_similarity_ge_threshold,ECFP4_2048_no_chirality,1.0
mol_e687bcf74e76aad5,mol_a557d965b4ca95e1,morgan_similarity_ge_threshold,ECFP4_2048_no_chirality,1.0
mol_e687bcf74e76aad5,mol_670136e04246f1d5,morgan_similarity_ge_threshold,ECFP4_2048_no_chirality,0.7142857142857143
mol_e687bcf74e76aad5,mol_435971c8aa9ce0da,morgan_similarity_ge_threshold,ECFP4_2048_no_chirality,0.9230769230769231
mol_e687bcf74e76aad5,mol_b8293313f61ea38f,morgan_similarity_ge_threshold,ECFP4_2048_no_chirality,1.0
mol_7e0d1a628651aee9,mol_4e4c72058c054de2,morgan_similarity_ge_threshold,ECFP4_2048_no_chirality,1.0
mol_7e0d1a628651aee9,mol_969f34406f44f7e7,morgan_similarity_ge_threshold,ECFP4_2048_no_chirality,0.7142857142857143
mol_7e0d1a628651aee9,mol_b4ec50115958b3dd,morgan_similarity_ge_threshold,ECFP4_2048_no_chirality,0.9230769230769231
mol_449e356636794f41,mol_32e4362dde7a3ed7,morgan_similarity_ge_threshold,ECFP4_2048_no_chirality,1.0
mol_449e356636794f41,mol_3102cb64a36fdac1,morgan_similarity_ge_threshold,ECFP4_2048_no_chirality,1.0
mol_449e356636794f41,mol_cad807bef9abf402,morgan_similarity_ge_threshold,ECFP4_2048_no_chirality,1.0
mol_449e356636794f41,mol_47abed7f530ce168,morgan_similarity_ge_threshold,ECFP4_2048_no_chirality,0.875
mol_449e356636794f41,mol_ea8ab19c57483e79,morgan_similarity_ge_threshold,ECFP4_2048_no_chirality,1.0
mol_449e356636794f41,mol_61fcafdd88a47b4b,morgan_similarity_ge_threshold,ECFP4_2048_no_chirality,1.0
mol_32facc64508e019f,mol_7ff2a8a99ea3e83d,morgan_similarity_ge_threshold,ECFP4_2048_no_chirality,0.75
mol_214efcd2971bdb13,mol_4f518c4827747974,morgan_similarity_ge_threshold,ECFP4_2048_no_chirality,0.7647058823529411
mol_214efcd2971bdb13,mol_7a16410ce17aa41e,morgan_similarity_ge_threshold,ECFP4_2048_no_chirality,0.9375
mol_214efcd2971bdb13,mol_5fdb3f96e8ca0576,morgan_similarity_ge_threshold,ECFP4_2048_no_chirality,1.0
mol_517756553f493ba0,mol_3ead941b0482ece6,morgan_similarity_ge_threshold,ECFP4_2048_no_chirality,1.0
mol_e386b69d862ccfe9,mol_a69950d65071f1d9,morgan_similarity_ge_threshold,ECFP4_2048_no_chirality,0.9583333333333334
mol_e386b69d862ccfe9,mol_4425bf195a41c22d,morgan_similarity_ge_threshold,ECFP4_2048_no_chirality,0.9583333333333334
mol_e386b69d862ccfe9,mol_0dcdaa24497d41f8,morgan_similarity_ge_threshold,ECFP4_2048_no_chirality,0.9583333333333334
mol_e386b69d862ccfe9,mol_6fb93874f723608d,morgan_similarity_ge_threshold,ECFP4_2048_no_chirality,0.9583333333333334
mol_e386b69d862ccfe9,mol_d8a68c6cf575f9d8,morgan_similarity_ge_threshold,ECFP4_2048_no_chirality,0.9583333333333334
mol_e386b69d862ccfe9,mol_ea2566e6eed8815a,morgan_similarity_ge_threshold,ECFP4_2048_no_chirality,0.72
mol_047b0590b532ef16,mol_b7d29ccd815de3fe,morgan_similarity_ge_threshold,ECFP4_2048_no_chirality,0.8518518518518519
mol_047b0590b532ef16,mol_acf575de292611d9,morgan_similarity_ge_threshold,ECFP4_2048_no_chirality,0.8518518518518519
mol_047b0590b532ef16,mol_e62082959f534889,morgan_similarity_ge_threshold,ECFP4_2048_no_chirality,0.8518518518518519
mol_047b0590b532ef16,mol_a10b91d37db2843a,morgan_similarity_ge_threshold,ECFP4_2048_no_chirality,0.8518518518518519
mol_047b0590b532ef16,mol_804f26f30916a635,morgan_similarity_ge_threshold,ECFP4_2048_no_chirality,0.8518518518518519
mol_047b0590b532ef16,mol_b2ea93772c7f152a,morgan_similarity_ge_threshold,ECFP4_2048_no_chirality,0.7692307692307693
mol_ad64c2cfe3c93488,mol_a9ed353a5ccfc1d9,morgan_similarity_ge_threshold,ECFP4_2048_no_chirality,0.9473684210526315
mol_0598ed94e921fa46,mol_6e1072b3e8e99a61,morgan_similarity_ge_threshold,ECFP4_2048_no_chirality,0.9375
mol_0598ed94e921fa46,mol_177310732327f8e6,morgan_similarity_ge_threshold,ECFP4_2048_no_chirality,0.9375
mol_0598ed94e921fa46,mol_04b975dcc163284d,morgan_similarity_ge_threshold,ECFP4_2048_no_chirality,0.75
mol_0598ed94e921fa46,mol_9da490861744c9f8,morgan_similarity_ge_threshold,ECFP4_2048_no_chirality,0.9375
mol_0598ed94e921fa46,mol_d079a9561d9d2641,morgan_similarity_ge_threshold,ECFP4_2048_no_chirality,0.75
mol_0598ed94e921fa46,mol_5e1a76b3fc001a63,morgan_similarity_ge_threshold,ECFP4_2048_no_chirality,0.75
mol_0598ed94e921fa46,mol_71d239be146a61dd,morgan_similarity_ge_threshold,ECFP4_2048_no_chirality,0.75
mol_0598ed94e921fa46,mol_bace9c8b75de2210,morgan_similarity_ge_threshold,ECFP4_2048_no_chirality,0.75
mol_0598ed94e921fa46,mol_132e4cfc5e4bd727,morgan_similarity_ge_threshold,ECFP4_2048_no_chirality,0.75
mol_0598ed94e921fa46,mol_7adb2b6d969696ae,morgan_similarity_ge_threshold,ECFP4_2048_no_chirality,0.75
mol_0598ed94e921fa46,mol_bbb0421bb336b7e6,morgan_similarity_ge_threshold,ECFP4_2048_no_chirality,0.75
mol_0598ed94e921fa46,mol_8f8d88329a658c4a,morgan_similarity_ge_threshold,ECFP4_2048_no_chirality,0.75
mol_0598ed94e921fa46,mol_2c8fece1c354948f,morgan_similarity_ge_threshold,ECFP4_2048_no_chirality,0.7368421052631579
mol_0598ed94e921fa46,mol_f3ea48a487080019,morgan_similarity_ge_threshold,ECFP4_2048_no_chirality,0.875
mol_0598ed94e921fa46,mol_41edcf15887aae47,morgan_similarity_ge_threshold,ECFP4_2048_no_chirality,0.7894736842105263
mol_17d7810440ddcdc4,mol_757f79c7ac5d216c,morgan_similarity_ge_threshold,ECFP4_2048_no_chirality,0.7777777777777778
mol_17d7810440ddcdc4,mol_90b69659cd0ca4f3,morgan_similarity_ge_threshold,ECFP4_2048_no_chirality,0.7894736842105263
mol_ea37acee7bc3d9f6,mol_58541feb3e3ef432,morgan_similarity_ge_threshold,ECFP4_2048_no_chirality,1.0
mol_ea37acee7bc3d9f6,mol_c1c12a449ac15fd2,morgan_similarity_ge_threshold,ECFP4_2048_no_chirality,1.0
mol_ea37acee7bc3d9f6,mol_f23ee274fe9afdfa,morgan_similarity_ge_threshold,ECFP4_2048_no_chirality,1.0
mol_ea37acee7bc3d9f6,mol_b29c79d05f29858b,morgan_similarity_ge_threshold,ECFP4_2048_no_chirality,1.0
mol_ea37acee7bc3d9f6,mol_30519df461efd318,morgan_similarity_ge_threshold,ECFP4_2048_no_chirality,1.0
mol_ea37acee7bc3d9f6,mol_9edff65ca060e7d5,morgan_similarity_ge_threshold,ECFP4_2048_no_chirality,1.0
mol_ea37acee7bc3d9f6,mol_3399c27a16597145,morgan_similarity_ge_threshold,ECFP4_2048_no_chirality,1.0
mol_ea37acee7bc3d9f6,mol_219e62ce59668eec,morgan_similarity_ge_threshold,ECFP4_2048_no_chirality,1.0
mol_ea37acee7bc3d9f6,mol_5dbb586fa38c6136,morgan_similarity_ge_threshold,ECFP4_2048_no_chirality,0.7647058823529411
mol_ea37acee7bc3d9f6,mol_581ae09a60a3f350,morgan_similarity_ge_threshold,ECFP4_2048_no_chirality,1.0
mol_c24403b08adc6841,mol_583617cfddce87a5,morgan_similarity_ge_threshold,ECFP4_2048_no_chirality,0.7647058823529411
mol_09d5eafc1ff3f677,mol_70e48880798be543,morgan_similarity_ge_threshold,ECFP4_2048_no_chirality,0.9411764705882353
mol_5810135448f6321f,mol_dd7217c8aa001588,morgan_similarity_ge_threshold,ECFP4_2048_no_chirality,0.8
mol_5810135448f6321f,mol_2850223b4ba7abbb,morgan_similarity_ge_threshold,ECFP4_2048_no_chirality,0.9473684210526315
mol_5810135448f6321f,mol_d6ae19349f751551,morgan_similarity_ge_threshold,ECFP4_2048_no_chirality,1.0
mol_8095247005666df6,mol_86789b7323092b84,morgan_similarity_ge_threshold,ECFP4_2048_no_chirality,1.0
mol_8095247005666df6,mol_4199743daa2b7d43,morgan_similarity_ge_threshold,ECFP4_2048_no_chirality,1.0
mol_8095247005666df6,mol_4a28f84362f8850d,morgan_similarity_ge_threshold,ECFP4_2048_no_chirality,1.0
mol_8095247005666df6,mol_936b68c0e81780ff,morgan_similarity_ge_threshold,ECFP4_2048_no_chirality,1.0
mol_8095247005666df6,mol_ef45e640776b6df4,morgan_similarity_ge_threshold,ECFP4_2048_no_chirality,1.0
mol_8095247005666df6,mol_8b35c2231ef8d146,morgan_similarity_ge_threshold,ECFP4_2048_no_chirality,1.0
mol_8095247005666df6,mol_39beef09cdd1ae08,morgan_similarity_ge_threshold,ECFP4_2048_no_chirality,0.8095238095238095
mol_8095247005666df6,mol_1871fd7f7f59d3ae,morgan_similarity_ge_threshold,ECFP4_2048_no_chirality,0.95
mol_4ffa7abfb5a2e402,mol_6e1072b3e8e99a61,morgan_similarity_ge_threshold,ECFP4_2048_no_chirality,0.8
mol_4ffa7abfb5a2e402,mol_177310732327f8e6,morgan_similarity_ge_threshold,ECFP4_2048_no_chirality,0.8
mol_4ffa7abfb5a2e402,mol_04b975dcc163284d,morgan_similarity_ge_threshold,ECFP4_2048_no_chirality,1.0
mol_4ffa7abfb5a2e402,mol_9da490861744c9f8,morgan_similarity_ge_threshold,ECFP4_2048_no_chirality,0.8
mol_4ffa7abfb5a2e402,mol_d079a9561d9d2641,morgan_similarity_ge_threshold,ECFP4_2048_no_chirality,1.0
mol_4ffa7abfb5a2e402,mol_5e1a76b3fc001a63,morgan_similarity_ge_threshold,ECFP4_2048_no_chirality,1.0
mol_4ffa7abfb5a2e402,mol_71d239be146a61dd,morgan_similarity_ge_threshold,ECFP4_2048_no_chirality,1.0
mol_4ffa7abfb5a2e402,mol_bace9c8b75de2210,morgan_similarity_ge_threshold,ECFP4_2048_no_chirality,1.0
mol_4ffa7abfb5a2e402,mol_132e4cfc5e4bd727,morgan_similarity_ge_threshold,ECFP4_2048_no_chirality,1.0
mol_4ffa7abfb5a2e402,mol_7adb2b6d969696ae,morgan_similarity_ge_threshold,ECFP4_2048_no_chirality,1.0
mol_4ffa7abfb5a2e402,mol_bbb0421bb336b7e6,morgan_similarity_ge_threshold,ECFP4_2048_no_chirality,1.0
mol_4ffa7abfb5a2e402,mol_2c8fece1c354948f,morgan_similarity_ge_threshold,ECFP4_2048_no_chirality,0.8095238095238095
mol_4ffa7abfb5a2e402,mol_41edcf15887aae47,morgan_similarity_ge_threshold,ECFP4_2048_no_chirality,0.95
mol_4ffa7abfb5a2e402,mol_0598ed94e921fa46,morgan_similarity_ge_threshold,ECFP4_2048_no_chirality,0.75
mol_a52eb3ec1414bb0f,mol_4430dd0cb0a3c055,morgan_similarity_ge_threshold,ECFP4_2048_no_chirality,0.9523809523809523
mol_a52eb3ec1414bb0f,mol_5acfd4736e755185,morgan_similarity_ge_threshold,ECFP4_2048_no_chirality,0.8571428571428571
mol_8b8ce5ecf64b8081,mol_757f79c7ac5d216c,morgan_similarity_ge_threshold,ECFP4_2048_no_chirality,0.85
mol_8b8ce5ecf64b8081,mol_6cab4fbead32f0ef,morgan_similarity_ge_threshold,ECFP4_2048_no_chirality,0.9523809523809523
mol_8b8ce5ecf64b8081,mol_fc2d93121de8a8dd,morgan_similarity_ge_threshold,ECFP4_2048_no_chirality,0.9523809523809523
mol_8b8ce5ecf64b8081,mol_8e04cff78b5bee09,morgan_similarity_ge_threshold,ECFP4_2048_no_chirality,0.9523809523809523
mol_8b8ce5ecf64b8081,mol_e356f62a95258c32,morgan_similarity_ge_threshold,ECFP4_2048_no_chirality,0.9523809523809523
mol_8b8ce5ecf64b8081,mol_54948f46fab8b549,morgan_similarity_ge_threshold,ECFP4_2048_no_chirality,0.9523809523809523
mol_f4140df6fa2e15f2,mol_39beef09cdd1ae08,morgan_similarity_ge_threshold,ECFP4_2048_no_chirality,0.7391304347826086
mol_6175878e18979484,mol_97895e747db97ae6,morgan_similarity_ge_threshold,ECFP4_2048_no_chirality,0.8888888888888888
mol_6175878e18979484,mol_6fe75c0be8cd2f8a,morgan_similarity_ge_threshold,ECFP4_2048_no_chirality,1.0
mol_6175878e18979484,mol_f599bee9d7f71e01,morgan_similarity_ge_threshold,ECFP4_2048_no_chirality,1.0
mol_6175878e18979484,mol_3990f91812cec3f3,morgan_similarity_ge_threshold,ECFP4_2048_no_chirality,1.0
mol_913f04ec4de50c29,mol_a3ab0bd2d4d80422,morgan_similarity_ge_threshold,ECFP4_2048_no_chirality,1.0
mol_913f04ec4de50c29,mol_58c591d9024d1c78,morgan_similarity_ge_threshold,ECFP4_2048_no_chirality,1.0
mol_913f04ec4de50c29,mol_7a77950532c8e700,morgan_similarity_ge_threshold,ECFP4_2048_no_chirality,1.0
mol_913f04ec4de50c29,mol_bf39f6deed5d4b6a,morgan_similarity_ge_threshold,ECFP4_2048_no_chirality,1.0
mol_913f04ec4de50c29,mol_54f775b9989c3033,morgan_similarity_ge_threshold,ECFP4_2048_no_chirality,1.0
mol_913f04ec4de50c29,mol_b859097b55ec40b9,morgan_similarity_ge_threshold,ECFP4_2048_no_chirality,1.0
mol_913f04ec4de50c29,mol_6fb10df1545ca2d8,morgan_similarity_ge_threshold,ECFP4_2048_no_chirality,1.0
mol_913f04ec4de50c29,mol_b73eb28e83f057b0,morgan_similarity_ge_threshold,ECFP4_2048_no_chirality,1.0
mol_913f04ec4de50c29,mol_866fb9c9956bdce9,morgan_similarity_ge_threshold,ECFP4_2048_no_chirality,1.0
mol_913f04ec4de50c29,mol_c26df780d586cbf1,morgan_similarity_ge_threshold,ECFP4_2048_no_chirality,1.0
mol_913f04ec4de50c29,mol_e9e23b59358f5358,morgan_similarity_ge_threshold,ECFP4_2048_no_chirality,1.0
mol_913f04ec4de50c29,mol_53217b7c973288fe,morgan_similarity_ge_threshold,ECFP4_2048_no_chirality,1.0
mol_913f04ec4de50c29,mol_1bf941bfa23883d2,morgan_similarity_ge_threshold,ECFP4_2048_no_chirality,1.0
mol_913f04ec4de50c29,mol_2ea49b3823ebd7ad,morgan_similarity_ge_threshold,ECFP4_2048_no_chirality,0.875
mol_913f04ec4de50c29,mol_538c4f0d7c4ce97e,morgan_similarity_ge_threshold,ECFP4_2048_no_chirality,1.0
mol_a39fe39f3d910b4e,mol_2e538f5e181d5946,morgan_similarity_ge_threshold,ECFP4_2048_no_chirality,1.0
mol_a39fe39f3d910b4e,mol_a557d965b4ca95e1,morgan_similarity_ge_threshold,ECFP4_2048_no_chirality,1.0
mol_a39fe39f3d910b4e,mol_670136e04246f1d5,morgan_similarity_ge_threshold,ECFP4_2048_no_chirality,0.7142857142857143
mol_a39fe39f3d910b4e,mol_435971c8aa9ce0da,morgan_similarity_ge_threshold,ECFP4_2048_no_chirality,0.9230769230769231
mol_a39fe39f3d910b4e,mol_b8293313f61ea38f,morgan_similarity_ge_threshold,ECFP4_2048_no_chirality,1.0
mol_a39fe39f3d910b4e,mol_e687bcf74e76aad5,morgan_similarity_ge_threshold,ECFP4_2048_no_chirality,1.0
mol_6a1b88d7d4729d66,mol_72cc05bdc47c9de8,morgan_similarity_ge_threshold,ECFP4_2048_no_chirality,0.9230769230769231
mol_6a1b88d7d4729d66,mol_3828be354437d436,morgan_similarity_ge_threshold,ECFP4_2048_no_chirality,0.7333333333333333
mol_6a1b88d7d4729d66,mol_a6ed1653bde80123,morgan_similarity_ge_threshold,ECFP4_2048_no_chirality,0.7333333333333333
mol_b3ee2ab98d9cebaf,mol_8ba34edb9356bbe8,morgan_similarity_ge_threshold,ECFP4_2048_no_chirality,0.8235294117647058
mol_10ae2d7874bda204,mol_4e4c72058c054de2,morgan_similarity_ge_threshold,ECFP4_2048_no_chirality,1.0
mol_10ae2d7874bda204,mol_969f34406f44f7e7,morgan_similarity_ge_threshold,ECFP4_2048_no_chirality,0.7142857142857143
mol_10ae2d7874bda204,mol_b4ec50115958b3dd,morgan_similarity_ge_threshold,ECFP4_2048_no_chirality,0.9230769230769231
mol_10ae2d7874bda204,mol_7e0d1a628651aee9,morgan_similarity_ge_threshold,ECFP4_2048_no_chirality,1.0
mol_09c6576738d86b71,mol_32e4362dde7a3ed7,morgan_similarity_ge_threshold,ECFP4_2048_no_chirality,1.0
mol_09c6576738d86b71,mol_3102cb64a36fdac1,morgan_similarity_ge_threshold,ECFP4_2048_no_chirality,1.0
mol_09c6576738d86b71,mol_cad807bef9abf402,morgan_similarity_ge_threshold,ECFP4_2048_no_chirality,1.0
mol_09c6576738d86b71,mol_47abed7f530ce168,morgan_similarity_ge_threshold,ECFP4_2048_no_chirality,0.875
mol_09c6576738d86b71,mol_ea8ab19c57483e79,morgan_similarity_ge_threshold,ECFP4_2048_no_chirality,1.0
mol_09c6576738d86b71,mol_61fcafdd88a47b4b,morgan_similarity_ge_threshold,ECFP4_2048_no_chirality,1.0
mol_09c6576738d86b71,mol_449e356636794f41,morgan_similarity_ge_threshold,ECFP4_2048_no_chirality,1.0
mol_cee7ca25fc127d19,mol_e03ddfeaf65a0134,morgan_similarity_ge_threshold,ECFP4_2048_no_chirality,1.0
mol_cee7ca25fc127d19,mol_7d34fb354feeab2c,morgan_similarity_ge_threshold,ECFP4_2048_no_chirality,1.0
mol_3d3be792b2873832,mol_4f518c4827747974,morgan_similarity_ge_threshold,ECFP4_2048_no_chirality,0.7647058823529411
mol_3d3be792b2873832,mol_7a16410ce17aa41e,morgan_similarity_ge_threshold,ECFP4_2048_no_chirality,0.9375
mol_3d3be792b2873832,mol_5fdb3f96e8ca0576,morgan_similarity_ge_threshold,ECFP4_2048_no_chirality,1.0
mol_3d3be792b2873832,mol_214efcd2971bdb13,morgan_similarity_ge_threshold,ECFP4_2048_no_chirality,1.0
mol_4603750e706845d0,mol_819a139398c7c5de,morgan_similarity_ge_threshold,ECFP4_2048_no_chirality,0.7083333333333334
mol_45c573e23e91147e,mol_924b90bf9563cf86,morgan_similarity_ge_threshold,ECFP4_2048_no_chirality,0.8
mol_8a01cf41c2268836,mol_3ead941b0482ece6,morgan_similarity_ge_threshold,ECFP4_2048_no_chirality,1.0
mol_8a01cf41c2268836,mol_517756553f493ba0,morgan_similarity_ge_threshold,ECFP4_2048_no_chirality,1.0
mol_7732f9f65b01059d,mol_2d51bd32961be5de,morgan_similarity_ge_threshold,ECFP4_2048_no_chirality,0.7241379310344828
mol_d5352051e8c4f61f,mol_a82c5379fe350441,morgan_similarity_ge_threshold,ECFP4_2048_no_chirality,0.8888888888888888
mol_d5352051e8c4f61f,mol_efa9f86fc8afad84,morgan_similarity_ge_threshold,ECFP4_2048_no_chirality,0.8888888888888888
mol_cf369ca199c477af,mol_a69950d65071f1d9,morgan_similarity_ge_threshold,ECFP4_2048_no_chirality,1.0
mol_cf369ca199c477af,mol_4425bf195a41c22d,morgan_similarity_ge_threshold,ECFP4_2048_no_chirality,1.0
mol_cf369ca199c477af,mol_0dcdaa24497d41f8,morgan_similarity_ge_threshold,ECFP4_2048_no_chirality,1.0
mol_cf369ca199c477af,mol_6fb93874f723608d,morgan_similarity_ge_threshold,ECFP4_2048_no_chirality,1.0
mol_cf369ca199c477af,mol_d8a68c6cf575f9d8,morgan_similarity_ge_threshold,ECFP4_2048_no_chirality,1.0
mol_cf369ca199c477af,mol_e386b69d862ccfe9,morgan_similarity_ge_threshold,ECFP4_2048_no_chirality,0.9583333333333334
mol_7d567108b50dd650,mol_b7d29ccd815de3fe,morgan_similarity_ge_threshold,ECFP4_2048_no_chirality,0.9615384615384616
mol_7d567108b50dd650,mol_acf575de292611d9,morgan_similarity_ge_threshold,ECFP4_2048_no_chirality,0.9615384615384616
mol_7d567108b50dd650,mol_e62082959f534889,morgan_similarity_ge_threshold,ECFP4_2048_no_chirality,0.9615384615384616
mol_7d567108b50dd650,mol_a10b91d37db2843a,morgan_similarity_ge_threshold,ECFP4_2048_no_chirality,0.9615384615384616
mol_7d567108b50dd650,mol_804f26f30916a635,morgan_similarity_ge_threshold,ECFP4_2048_no_chirality,0.9615384615384616
mol_7d567108b50dd650,mol_b2ea93772c7f152a,morgan_similarity_ge_threshold,ECFP4_2048_no_chirality,0.7407407407407407
mol_7d567108b50dd650,mol_047b0590b532ef16,morgan_similarity_ge_threshold,ECFP4_2048_no_chirality,0.8846153846153846
mol_20837b2036542f40,mol_65b637e94cd66c7e,morgan_similarity_ge_threshold,ECFP4_2048_no_chirality,0.7037037037037037
mol_6a2881146cb0a319,mol_a05de3c299ebdca6,morgan_similarity_ge_threshold,ECFP4_2048_no_chirality,0.8260869565217391
mol_6a2881146cb0a319,mol_efd9aec2c69162b7,morgan_similarity_ge_threshold,ECFP4_2048_no_chirality,0.72
mol_6a2881146cb0a319,mol_124c5d93a23a9e5f,morgan_similarity_ge_threshold,ECFP4_2048_no_chirality,0.72
mol_bd2ed19f55eb1e21,mol_6e1072b3e8e99a61,morgan_similarity_ge_threshold,ECFP4_2048_no_chirality,1.0
mol_bd2ed19f55eb1e21,mol_177310732327f8e6,morgan_similarity_ge_threshold,ECFP4_2048_no_chirality,1.0
mol_bd2ed19f55eb1e21,mol_04b975dcc163284d,morgan_similarity_ge_threshold,ECFP4_2048_no_chirality,0.8
mol_bd2ed19f55eb1e21,mol_9da490861744c9f8,morgan_similarity_ge_threshold,ECFP4_2048_no_chirality,1.0
mol_bd2ed19f55eb1e21,mol_d079a9561d9d2641,morgan_similarity_ge_threshold,ECFP4_2048_no_chirality,0.8
mol_bd2ed19f55eb1e21,mol_5e1a76b3fc001a63,morgan_similarity_ge_threshold,ECFP4_2048_no_chirality,0.8
mol_bd2ed19f55eb1e21,mol_71d239be146a61dd,morgan_similarity_ge_threshold,ECFP4_2048_no_chirality,0.8
mol_bd2ed19f55eb1e21,mol_bace9c8b75de2210,morgan_similarity_ge_threshold,ECFP4_2048_no_chirality,0.8
mol_bd2ed19f55eb1e21,mol_132e4cfc5e4bd727,morgan_similarity_ge_threshold,ECFP4_2048_no_chirality,0.8
mol_bd2ed19f55eb1e21,mol_7adb2b6d969696ae,morgan_similarity_ge_threshold,ECFP4_2048_no_chirality,0.8
mol_bd2ed19f55eb1e21,mol_bbb0421bb336b7e6,morgan_similarity_ge_threshold,ECFP4_2048_no_chirality,0.8
mol_bd2ed19f55eb1e21,mol_8f8d88329a658c4a,morgan_similarity_ge_threshold,ECFP4_2048_no_chirality,0.7058823529411765
mol_bd2ed19f55eb1e21,mol_2c8fece1c354948f,morgan_similarity_ge_threshold,ECFP4_2048_no_chirality,0.7
mol_bd2ed19f55eb1e21,mol_f3ea48a487080019,morgan_similarity_ge_threshold,ECFP4_2048_no_chirality,0.8235294117647058
mol_bd2ed19f55eb1e21,mol_41edcf15887aae47,morgan_similarity_ge_threshold,ECFP4_2048_no_chirality,0.75
mol_bd2ed19f55eb1e21,mol_0598ed94e921fa46,morgan_similarity_ge_threshold,ECFP4_2048_no_chirality,0.9375
mol_bd2ed19f55eb1e21,mol_4ffa7abfb5a2e402,morgan_similarity_ge_threshold,ECFP4_2048_no_chirality,0.8
mol_9c277a73dd0d1066,mol_757f79c7ac5d216c,morgan_similarity_ge_threshold,ECFP4_2048_no_chirality,0.8888888888888888
mol_9c277a73dd0d1066,mol_6cab4fbead32f0ef,morgan_similarity_ge_threshold,ECFP4_2048_no_chirality,0.7272727272727273
mol_9c277a73dd0d1066,mol_fc2d93121de8a8dd,morgan_similarity_ge_threshold,ECFP4_2048_no_chirality,0.7272727272727273
mol_9c277a73dd0d1066,mol_8e04cff78b5bee09,morgan_similarity_ge_threshold,ECFP4_2048_no_chirality,0.7272727272727273
mol_9c277a73dd0d1066,mol_e356f62a95258c32,morgan_similarity_ge_threshold,ECFP4_2048_no_chirality,0.7272727272727273
mol_9c277a73dd0d1066,mol_54948f46fab8b549,morgan_similarity_ge_threshold,ECFP4_2048_no_chirality,0.7272727272727273
mol_9c277a73dd0d1066,mol_17d7810440ddcdc4,morgan_similarity_ge_threshold,ECFP4_2048_no_chirality,0.7777777777777778
mol_9c277a73dd0d1066,mol_8b8ce5ecf64b8081,morgan_similarity_ge_threshold,ECFP4_2048_no_chirality,0.7619047619047619
mol_a028f4db66891af2,mol_6d0384966495a309,morgan_similarity_ge_threshold,ECFP4_2048_no_chirality,0.7
mol_a028f4db66891af2,mol_3f0db888fe369723,morgan_similarity_ge_threshold,ECFP4_2048_no_chirality,0.7142857142857143
mol_22159cf19c24ba5e,mol_58541feb3e3ef432,morgan_similarity_ge_threshold,ECFP4_2048_no_chirality,1.0
mol_22159cf19c24ba5e,mol_c1c12a449ac15fd2,morgan_similarity_ge_threshold,ECFP4_2048_no_chirality,1.0
mol_22159cf19c24ba5e,mol_f23ee274fe9afdfa,morgan_similarity_ge_threshold,ECFP4_2048_no_chirality,1.0
mol_22159cf19c24ba5e,mol_b29c79d05f29858b,morgan_similarity_ge_threshold,ECFP4_2048_no_chirality,1.0
mol_22159cf19c24ba5e,mol_30519df461efd318,morgan_similarity_ge_threshold,ECFP4_2048_no_chirality,1.0
mol_22159cf19c24ba5e,mol_9edff65ca060e7d5,morgan_similarity_ge_threshold,ECFP4_2048_no_chirality,1.0
mol_22159cf19c24ba5e,mol_3399c27a16597145,morgan_similarity_ge_threshold,ECFP4_2048_no_chirality,1.0
mol_22159cf19c24ba5e,mol_219e62ce59668eec,morgan_similarity_ge_threshold,ECFP4_2048_no_chirality,1.0
mol_22159cf19c24ba5e,mol_5dbb586fa38c6136,morgan_similarity_ge_threshold,ECFP4_2048_no_chirality,0.7647058823529411
mol_22159cf19c24ba5e,mol_581ae09a60a3f350,morgan_similarity_ge_threshold,ECFP4_2048_no_chirality,1.0
mol_22159cf19c24ba5e,mol_ea37acee7bc3d9f6,morgan_similarity_ge_threshold,ECFP4_2048_no_chirality,1.0
mol_cba4c6228a6938ca,mol_233b54030a79656e,morgan_similarity_ge_threshold,ECFP4_2048_no_chirality,0.7647058823529411
mol_aa0ace4207225373,mol_dd7217c8aa001588,morgan_similarity_ge_threshold,ECFP4_2048_no_chirality,0.8
mol_aa0ace4207225373,mol_2850223b4ba7abbb,morgan_similarity_ge_threshold,ECFP4_2048_no_chirality,0.9473684210526315
mol_aa0ace4207225373,mol_d6ae19349f751551,morgan_similarity_ge_threshold,ECFP4_2048_no_chirality,1.0
mol_aa0ace4207225373,mol_5810135448f6321f,morgan_similarity_ge_threshold,ECFP4_2048_no_chirality,1.0
mol_b1900020b9218f7f,mol_86789b7323092b84,morgan_similarity_ge_threshold,ECFP4_2048_no_chirality,1.0
mol_b1900020b9218f7f,mol_4199743daa2b7d43,morgan_similarity_ge_threshold,ECFP4_2048_no_chirality,1.0
mol_b1900020b9218f7f,mol_4a28f84362f8850d,morgan_similarity_ge_threshold,ECFP4_2048_no_chirality,1.0
mol_b1900020b9218f7f,mol_936b68c0e81780ff,morgan_similarity_ge_threshold,ECFP4_2048_no_chirality,1.0
mol_b1900020b9218f7f,mol_ef45e640776b6df4,morgan_similarity_ge_threshold,ECFP4_2048_no_chirality,1.0
mol_b1900020b9218f7f,mol_8b35c2231ef8d146,morgan_similarity_ge_threshold,ECFP4_2048_no_chirality,1.0
mol_b1900020b9218f7f,mol_39beef09cdd1ae08,morgan_similarity_ge_threshold,ECFP4_2048_no_chirality,0.8095238095238095
mol_b1900020b9218f7f,mol_1871fd7f7f59d3ae,morgan_similarity_ge_threshold,ECFP4_2048_no_chirality,0.95
mol_b1900020b9218f7f,mol_8095247005666df6,morgan_similarity_ge_threshold,ECFP4_2048_no_chirality,1.0
mol_935376490ad66f6e,mol_6e1072b3e8e99a61,morgan_similarity_ge_threshold,ECFP4_2048_no_chirality,0.8
mol_935376490ad66f6e,mol_177310732327f8e6,morgan_similarity_ge_threshold,ECFP4_2048_no_chirality,0.8
mol_935376490ad66f6e,mol_04b975dcc163284d,morgan_similarity_ge_threshold,ECFP4_2048_no_chirality,1.0
mol_935376490ad66f6e,mol_9da490861744c9f8,morgan_similarity_ge_threshold,ECFP4_2048_no_chirality,0.8
mol_935376490ad66f6e,mol_d079a9561d9d2641,morgan_similarity_ge_threshold,ECFP4_2048_no_chirality,1.0
mol_935376490ad66f6e,mol_5e1a76b3fc001a63,morgan_similarity_ge_threshold,ECFP4_2048_no_chirality,1.0
mol_935376490ad66f6e,mol_71d239be146a61dd,morgan_similarity_ge_threshold,ECFP4_2048_no_chirality,1.0
mol_935376490ad66f6e,mol_bace9c8b75de2210,morgan_similarity_ge_threshold,ECFP4_2048_no_chirality,1.0
mol_935376490ad66f6e,mol_132e4cfc5e4bd727,morgan_similarity_ge_threshold,ECFP4_2048_no_chirality,1.0
mol_935376490ad66f6e,mol_7adb2b6d969696ae,morgan_similarity_ge_threshold,ECFP4_2048_no_chirality,1.0
mol_935376490ad66f6e,mol_bbb0421bb336b7e6,morgan_similarity_ge_threshold,ECFP4_2048_no_chirality,1.0
mol_935376490ad66f6e,mol_2c8fece1c354948f,morgan_similarity_ge_threshold,ECFP4_2048_no_chirality,0.8095238095238095
mol_935376490ad66f6e,mol_41edcf15887aae47,morgan_similarity_ge_threshold,ECFP4_2048_no_chirality,0.95
mol_935376490ad66f6e,mol_0598ed94e921fa46,morgan_similarity_ge_threshold,ECFP4_2048_no_chirality,0.75
mol_935376490ad66f6e,mol_4ffa7abfb5a2e402,morgan_similarity_ge_threshold,ECFP4_2048_no_chirality,1.0
mol_935376490ad66f6e,mol_bd2ed19f55eb1e21,morgan_similarity_ge_threshold,ECFP4_2048_no_chirality,0.8
mol_98688aad6777a901,mol_4430dd0cb0a3c055,morgan_similarity_ge_threshold,ECFP4_2048_no_chirality,1.0
mol_98688aad6777a901,mol_304fa968ee31b51b,morgan_similarity_ge_threshold,ECFP4_2048_no_chirality,0.72
mol_98688aad6777a901,mol_5acfd4736e755185,morgan_similarity_ge_threshold,ECFP4_2048_no_chirality,0.8181818181818182
mol_98688aad6777a901,mol_a52eb3ec1414bb0f,morgan_similarity_ge_threshold,ECFP4_2048_no_chirality,0.9523809523809523
mol_7ea8ab72c1e55be3,mol_853d5f3f7f788765,morgan_similarity_ge_threshold,ECFP4_2048_no_chirality,0.7
mol_3fd637a4d667fe51,mol_a3ab0bd2d4d80422,morgan_similarity_ge_threshold,ECFP4_2048_no_chirality,1.0
mol_3fd637a4d667fe51,mol_58c591d9024d1c78,morgan_similarity_ge_threshold,ECFP4_2048_no_chirality,1.0
mol_3fd637a4d667fe51,mol_7a77950532c8e700,morgan_similarity_ge_threshold,ECFP4_2048_no_chirality,1.0
mol_3fd637a4d667fe51,mol_bf39f6deed5d4b6a,morgan_similarity_ge_threshold,ECFP4_2048_no_chirality,1.0
mol_3fd637a4d667fe51,mol_54f775b9989c3033,morgan_similarity_ge_threshold,ECFP4_2048_no_chirality,1.0
mol_3fd637a4d667fe51,mol_b859097b55ec40b9,morgan_similarity_ge_threshold,ECFP4_2048_no_chirality,1.0
mol_3fd637a4d667fe51,mol_6fb10df1545ca2d8,morgan_similarity_ge_threshold,ECFP4_2048_no_chirality,1.0
mol_3fd637a4d667fe51,mol_b73eb28e83f057b0,morgan_similarity_ge_threshold,ECFP4_2048_no_chirality,1.0
mol_3fd637a4d667fe51,mol_866fb9c9956bdce9,morgan_similarity_ge_threshold,ECFP4_2048_no_chirality,1.0
mol_3fd637a4d667fe51,mol_c26df780d586cbf1,morgan_similarity_ge_threshold,ECFP4_2048_no_chirality,1.0
mol_3fd637a4d667fe51,mol_e9e23b59358f5358,morgan_similarity_ge_threshold,ECFP4_2048_no_chirality,1.0
mol_3fd637a4d667fe51,mol_53217b7c973288fe,morgan_similarity_ge_threshold,ECFP4_2048_no_chirality,1.0
mol_3fd637a4d667fe51,mol_1bf941bfa23883d2,morgan_similarity_ge_threshold,ECFP4_2048_no_chirality,1.0
mol_3fd637a4d667fe51,mol_2ea49b3823ebd7ad,morgan_similarity_ge_threshold,ECFP4_2048_no_chirality,0.875
mol_3fd637a4d667fe51,mol_538c4f0d7c4ce97e,morgan_similarity_ge_threshold,ECFP4_2048_no_chirality,1.0
mol_3fd637a4d667fe51,mol_913f04ec4de50c29,morgan_similarity_ge_threshold,ECFP4_2048_no_chirality,1.0
mol_fe38c48a132d8ec5,mol_2e538f5e181d5946,morgan_similarity_ge_threshold,ECFP4_2048_no_chirality,1.0
mol_fe38c48a132d8ec5,mol_a557d965b4ca95e1,morgan_similarity_ge_threshold,ECFP4_2048_no_chirality,1.0
mol_fe38c48a132d8ec5,mol_670136e04246f1d5,morgan_similarity_ge_threshold,ECFP4_2048_no_chirality,0.7142857142857143
mol_fe38c48a132d8ec5,mol_435971c8aa9ce0da,morgan_similarity_ge_threshold,ECFP4_2048_no_chirality,0.9230769230769231
mol_fe38c48a132d8ec5,mol_b8293313f61ea38f,morgan_similarity_ge_threshold,ECFP4_2048_no_chirality,1.0
mol_fe38c48a132d8ec5,mol_e687bcf74e76aad5,morgan_similarity_ge_threshold,ECFP4_2048_no_chirality,1.0
mol_fe38c48a132d8ec5,mol_a39fe39f3d910b4e,morgan_similarity_ge_threshold,ECFP4_2048_no_chirality,1.0
mol_4eadf0af1849f947,mol_e918295dc5dd314a,morgan_similarity_ge_threshold,ECFP4_2048_no_chirality,0.7
mol_8379af02d3d57cb3,mol_6a1b88d7d4729d66,morgan_similarity_ge_threshold,ECFP4_2048_no_chirality,0.7333333333333333
mol_07c782a462a50ac6,mol_32e4362dde7a3ed7,morgan_similarity_ge_threshold,ECFP4_2048_no_chirality,1.0
mol_07c782a462a50ac6,mol_3102cb64a36fdac1,morgan_similarity_ge_threshold,ECFP4_2048_no_chirality,1.0
mol_07c782a462a50ac6,mol_cad807bef9abf402,morgan_similarity_ge_threshold,ECFP4_2048_no_chirality,1.0
mol_07c782a462a50ac6,mol_47abed7f530ce168,morgan_similarity_ge_threshold,ECFP4_2048_no_chirality,0.875
mol_07c782a462a50ac6,mol_ea8ab19c57483e79,morgan_similarity_ge_threshold,ECFP4_2048_no_chirality,1.0
mol_07c782a462a50ac6,mol_61fcafdd88a47b4b,morgan_similarity_ge_threshold,ECFP4_2048_no_chirality,1.0
mol_07c782a462a50ac6,mol_449e356636794f41,morgan_similarity_ge_threshold,ECFP4_2048_no_chirality,1.0
mol_07c782a462a50ac6,mol_09c6576738d86b71,morgan_similarity_ge_threshold,ECFP4_2048_no_chirality,1.0
mol_9cc087861df9b063,mol_b481989aff76b7b5,morgan_similarity_ge_threshold,ECFP4_2048_no_chirality,0.7272727272727273
mol_01b986fbe8e4d3e5,mol_4f518c4827747974,morgan_similarity_ge_threshold,ECFP4_2048_no_chirality,0.7647058823529411
mol_01b986fbe8e4d3e5,mol_7a16410ce17aa41e,morgan_similarity_ge_threshold,ECFP4_2048_no_chirality,0.9375
mol_01b986fbe8e4d3e5,mol_5fdb3f96e8ca0576,morgan_similarity_ge_threshold,ECFP4_2048_no_chirality,1.0
mol_01b986fbe8e4d3e5,mol_214efcd2971bdb13,morgan_similarity_ge_threshold,ECFP4_2048_no_chirality,1.0
mol_01b986fbe8e4d3e5,mol_3d3be792b2873832,morgan_similarity_ge_threshold,ECFP4_2048_no_chirality,1.0
mol_520d932204fca4b7,mol_69df6d03bf2d6749,same_pressure_DOI,10.1016/j.fluid.2004.02.021,
mol_520d932204fca4b7,mol_b1820f534fb61402,same_pressure_DOI,10.1016/j.fluid.2004.02.021,
mol_8b6a2383c538f690,mol_c30b4ae49b848357,same_pressure_DOI,10.1016/j.fluid.2004.10.022,
mol_8b6a2383c538f690,mol_f47a1833e8cb8ad4,same_pressure_DOI,10.1016/j.fluid.2004.10.022,
mol_8b6a2383c538f690,mol_754b018a16a84522,same_pressure_DOI,10.1016/j.fluid.2004.10.022,
mol_520d932204fca4b7,mol_69df6d03bf2d6749,same_pressure_DOI,10.1016/j.fluid.2004.10.025,
mol_520d932204fca4b7,mol_c555c47fe3d2bf7e,same_pressure_DOI,10.1016/j.fluid.2004.10.025,
mol_595c30aafafcc9d0,mol_d4ef113b8d2f1614,same_pressure_DOI,10.1016/j.fluid.2004.11.024,
mol_595c30aafafcc9d0,mol_ddc649f61c120dd1,same_pressure_DOI,10.1016/j.fluid.2004.11.024,
mol_595c30aafafcc9d0,mol_63bef98299ee7018,same_pressure_DOI,10.1016/j.fluid.2004.11.024,
mol_2465ec339bda2cbb,mol_cdea8ee7666036ab,same_pressure_DOI,10.1016/j.fluid.2005.01.013,
mol_301adda8d033e6ed,mol_254632a1b45edabf,same_pressure_DOI,10.1016/j.fluid.2005.02.015,
mol_b4b87befe28d84ce,mol_83a135e5c50b66c1,same_pressure_DOI,10.1016/j.fluid.2005.03.016,
mol_b4b87befe28d84ce,mol_c30b4ae49b848357,same_pressure_DOI,10.1016/j.fluid.2005.03.016,
mol_df36260e25a0f59a,mol_046f2add717f4221,same_pressure_DOI,10.1016/j.fluid.2005.05.003,
mol_df36260e25a0f59a,mol_b44b37c017007981,same_pressure_DOI,10.1016/j.fluid.2005.05.003,
mol_df36260e25a0f59a,mol_913f04ec4de50c29,same_pressure_DOI,10.1016/j.fluid.2005.05.003,
mol_b4b87befe28d84ce,mol_2465ec339bda2cbb,same_pressure_DOI,10.1016/j.fluid.2005.07.008,
mol_b4b87befe28d84ce,mol_b1820f534fb61402,same_pressure_DOI,10.1016/j.fluid.2005.07.008,
mol_b4b87befe28d84ce,mol_6dc54388549b234e,same_pressure_DOI,10.1016/j.fluid.2005.07.008,
mol_b44b37c017007981,mol_34651b4ffde1812d,same_pressure_DOI,10.1016/j.fluid.2005.11.016,
mol_b44b37c017007981,mol_dee0d48887c32f73,same_pressure_DOI,10.1016/j.fluid.2005.11.016,
mol_b44b37c017007981,mol_6a1b88d7d4729d66,same_pressure_DOI,10.1016/j.fluid.2005.11.026,
mol_2465ec339bda2cbb,mol_670136e04246f1d5,same_pressure_DOI,10.1016/j.fluid.2006.06.017,
mol_2465ec339bda2cbb,mol_e82f68770fb0a3fb,same_pressure_DOI,10.1016/j.fluid.2006.06.017,
mol_2465ec339bda2cbb,mol_6a1b88d7d4729d66,same_pressure_DOI,10.1016/j.fluid.2006.06.017,
mol_896a74ad0b2a7fde,mol_992b64716911837c,same_pressure_DOI,10.1016/j.fluid.2006.08.007,
mol_896a74ad0b2a7fde,mol_542abc656d17b475,same_pressure_DOI,10.1016/j.fluid.2006.08.007,
mol_a82c5379fe350441,mol_efa9f86fc8afad84,same_pressure_DOI,10.1016/j.fluid.2006.09.001,
mol_a82c5379fe350441,mol_d5352051e8c4f61f,same_pressure_DOI,10.1016/j.fluid.2006.09.001,
mol_f51a4721c0180b07,mol_7f16353bb5c6b431,same_pressure_DOI,10.1016/j.fluid.2006.09.024,
mol_7663493163cbdca1,mol_953db3858ca974a4,same_pressure_DOI,10.1016/j.fluid.2006.10.024,
mol_7663493163cbdca1,mol_ce86a4b54495b02c,same_pressure_DOI,10.1016/j.fluid.2006.10.024,
mol_7663493163cbdca1,mol_528932d2a9841ae7,same_pressure_DOI,10.1016/j.fluid.2006.10.024,
mol_4e6567a0dc6bd494,mol_b44b37c017007981,same_pressure_DOI,10.1016/j.fluid.2007.03.017,
mol_4e6567a0dc6bd494,mol_d40206d67276aa8c,same_pressure_DOI,10.1016/j.fluid.2007.03.017,
mol_3590edb9884753b9,mol_8b1506317bbf83e8,same_pressure_DOI,10.1016/j.fluid.2007.05.030,
mol_3590edb9884753b9,mol_4d4b5cd67503629b,same_pressure_DOI,10.1016/j.fluid.2007.05.030,
mol_8af87cc50053180a,mol_ba47d645467f5987,same_pressure_DOI,10.1016/j.fluid.2007.07.013,
mol_8af87cc50053180a,mol_c187c0fbd800fefd,same_pressure_DOI,10.1016/j.fluid.2007.07.013,
mol_024c11ca89792376,mol_542abc656d17b475,same_pressure_DOI,10.1016/j.fluid.2007.09.002,
mol_024c11ca89792376,mol_5c9fb1beda5bb985,same_pressure_DOI,10.1016/j.fluid.2007.09.002,
mol_024c11ca89792376,mol_6a1b88d7d4729d66,same_pressure_DOI,10.1016/j.fluid.2007.09.002,
mol_8b6a2383c538f690,mol_953db3858ca974a4,same_pressure_DOI,10.1016/j.fluid.2007.11.002,
mol_8568098f87e46d1f,mol_2c8fece1c354948f,same_pressure_DOI,10.1016/j.fluid.2008.02.001,
mol_8568098f87e46d1f,mol_41edcf15887aae47,same_pressure_DOI,10.1016/j.fluid.2008.02.001,
mol_8568098f87e46d1f,mol_5362c7a729bf211e,same_pressure_DOI,10.1016/j.fluid.2008.02.001,
mol_8568098f87e46d1f,mol_765dc30ffee1ee3b,same_pressure_DOI,10.1016/j.fluid.2008.02.001,
mol_8568098f87e46d1f,mol_4ffa7abfb5a2e402,same_pressure_DOI,10.1016/j.fluid.2008.02.001,
mol_8568098f87e46d1f,mol_a88bcd30dca14fa1,same_pressure_DOI,10.1016/j.fluid.2008.02.001,
mol_8568098f87e46d1f,mol_f64a37f4f13cc997,same_pressure_DOI,10.1016/j.fluid.2008.02.001,
mol_8568098f87e46d1f,mol_f805442db4c4ce39,same_pressure_DOI,10.1016/j.fluid.2008.02.001,
mol_8568098f87e46d1f,mol_ad9956d819d81c6a,same_pressure_DOI,10.1016/j.fluid.2008.02.001,
mol_77bbf943053f2531,mol_8c26cc46761de673,same_pressure_DOI,10.1016/j.fluid.2008.02.018,
mol_77bbf943053f2531,mol_55b6d752028fb5df,same_pressure_DOI,10.1016/j.fluid.2008.02.018,
mol_55b6d752028fb5df,mol_5feb1fde294beccb,same_pressure_DOI,10.1016/j.fluid.2008.02.021,
mol_55b6d752028fb5df,mol_b8293313f61ea38f,same_pressure_DOI,10.1016/j.fluid.2008.02.021,
mol_55b6d752028fb5df,mol_09d5eafc1ff3f677,same_pressure_DOI,10.1016/j.fluid.2008.02.021,
mol_77bbf943053f2531,mol_fc1211201dbfeedf,same_pressure_DOI,10.1016/j.fluid.2008.03.015,
mol_77bbf943053f2531,mol_896a74ad0b2a7fde,same_pressure_DOI,10.1016/j.fluid.2008.03.015,
mol_77bbf943053f2531,mol_4e6567a0dc6bd494,same_pressure_DOI,10.1016/j.fluid.2008.03.015,
mol_9472915240012651,mol_ae779d08ee6209ad,same_pressure_DOI,10.1016/j.fluid.2008.04.016,
mol_9472915240012651,mol_f614151f22d755d7,same_pressure_DOI,10.1016/j.fluid.2008.04.016,
mol_b4b87befe28d84ce,mol_2465ec339bda2cbb,same_pressure_DOI,10.1016/j.fluid.2008.06.004,
mol_b4b87befe28d84ce,mol_83a135e5c50b66c1,same_pressure_DOI,10.1016/j.fluid.2008.06.004,
mol_b4b87befe28d84ce,mol_e36df2c2d963afd3,same_pressure_DOI,10.1016/j.fluid.2008.06.004,
mol_e983a25bd52a944d,mol_4e6567a0dc6bd494,same_pressure_DOI,10.1016/j.fluid.2008.06.006,
mol_670136e04246f1d5,mol_301d3a83ae1e6ae0,same_pressure_DOI,10.1016/j.fluid.2008.11.012,
mol_43e3cdae7078a32d,mol_b481989aff76b7b5,same_pressure_DOI,10.1016/j.fluid.2009.04.006,
mol_43e3cdae7078a32d,mol_3bf20e799524cc8c,same_pressure_DOI,10.1016/j.fluid.2009.04.006,
mol_43e3cdae7078a32d,mol_f33d00ba50ef03c4,same_pressure_DOI,10.1016/j.fluid.2009.04.006,
mol_f51a4721c0180b07,mol_0c2b699f18ff1976,same_pressure_DOI,10.1016/j.fluid.2009.06.002,
mol_235e273753448a7f,mol_b44b37c017007981,same_pressure_DOI,10.1016/j.fluid.2009.09.024,
mol_235e273753448a7f,mol_d40206d67276aa8c,same_pressure_DOI,10.1016/j.fluid.2009.09.024,
mol_235e273753448a7f,mol_af4829eb52c939fe,same_pressure_DOI,10.1016/j.fluid.2009.09.024,
mol_235e273753448a7f,mol_3fd637a4d667fe51,same_pressure_DOI,10.1016/j.fluid.2009.09.024,
mol_eb0e7cd1593e34a5,mol_d40206d67276aa8c,same_pressure_DOI,10.1016/j.fluid.2009.12.002,
mol_eb0e7cd1593e34a5,mol_af4829eb52c939fe,same_pressure_DOI,10.1016/j.fluid.2009.12.002,
mol_28d861e75826cef3,mol_e840c319a89074e3,same_pressure_DOI,10.1016/j.fluid.2010.02.043,
mol_a557d965b4ca95e1,mol_b8293313f61ea38f,same_pressure_DOI,10.1016/j.fluid.2010.06.019,
mol_a557d965b4ca95e1,mol_e687bcf74e76aad5,same_pressure_DOI,10.1016/j.fluid.2010.06.019,
mol_a557d965b4ca95e1,mol_a39fe39f3d910b4e,same_pressure_DOI,10.1016/j.fluid.2010.06.019,
mol_b6b13d8dfbd75423,mol_f32efffa3cd8e3f1,same_pressure_DOI,10.1016/j.fluid.2010.06.020,
mol_b7f422847b230663,mol_235e273753448a7f,same_pressure_DOI,10.1016/j.fluid.2011.02.002,
mol_f51a4721c0180b07,mol_256a0ea2592048b0,same_pressure_DOI,10.1016/j.fluid.2011.03.030,
mol_d2d85289da26a082,mol_8411a1787a17bdb0,same_pressure_DOI,10.1016/j.fluid.2011.06.001,
mol_d2d85289da26a082,mol_4e6567a0dc6bd494,same_pressure_DOI,10.1016/j.fluid.2011.06.001,
mol_9311eee845da4726,mol_aacb73f35743fb3d,same_pressure_DOI,10.1016/j.fluid.2011.07.007,
mol_9311eee845da4726,mol_5a16c79c0cd15799,same_pressure_DOI,10.1016/j.fluid.2011.07.007,
mol_9311eee845da4726,mol_fb76be87032d9098,same_pressure_DOI,10.1016/j.fluid.2011.07.007,
mol_9311eee845da4726,mol_2b7f8f6f183caf51,same_pressure_DOI,10.1016/j.fluid.2011.07.007,
mol_9311eee845da4726,mol_c4ca44c810d45377,same_pressure_DOI,10.1016/j.fluid.2011.07.007,
mol_9311eee845da4726,mol_fb304e4936922cdc,same_pressure_DOI,10.1016/j.fluid.2011.07.007,
mol_9311eee845da4726,mol_165439913dffe7c0,same_pressure_DOI,10.1016/j.fluid.2011.07.007,
mol_9311eee845da4726,mol_2ebd0ef54ed8a046,same_pressure_DOI,10.1016/j.fluid.2011.07.007,
mol_7a77950532c8e700,mol_2465ec339bda2cbb,same_pressure_DOI,10.1016/j.fluid.2011.08.009,
mol_538c4f0d7c4ce97e,mol_b44b37c017007981,same_pressure_DOI,10.1016/j.fluid.2012.01.008,
mol_538c4f0d7c4ce97e,mol_6a1b88d7d4729d66,same_pressure_DOI,10.1016/j.fluid.2012.01.008,
mol_4430dd0cb0a3c055,mol_2850223b4ba7abbb,same_pressure_DOI,10.1016/j.fluid.2012.08.003,
mol_4430dd0cb0a3c055,mol_d6ae19349f751551,same_pressure_DOI,10.1016/j.fluid.2012.08.003,
mol_4430dd0cb0a3c055,mol_1871fd7f7f59d3ae,same_pressure_DOI,10.1016/j.fluid.2012.08.003,
mol_4430dd0cb0a3c055,mol_5810135448f6321f,same_pressure_DOI,10.1016/j.fluid.2012.08.003,
mol_4430dd0cb0a3c055,mol_a52eb3ec1414bb0f,same_pressure_DOI,10.1016/j.fluid.2012.08.003,
mol_4430dd0cb0a3c055,mol_aa0ace4207225373,same_pressure_DOI,10.1016/j.fluid.2012.08.003,
mol_4430dd0cb0a3c055,mol_98688aad6777a901,same_pressure_DOI,10.1016/j.fluid.2012.08.003,
mol_45c3e8d1518a20c5,mol_541d2a93b41051af,same_pressure_DOI,10.1016/j.fluid.2012.08.009,
mol_45c3e8d1518a20c5,mol_d0ac62ff38c09f37,same_pressure_DOI,10.1016/j.fluid.2012.08.009,
mol_45c3e8d1518a20c5,mol_496a55139eacec75,same_pressure_DOI,10.1016/j.fluid.2012.08.009,
mol_c76ad85001d3e770,mol_18b8754dd95a027a,same_pressure_DOI,10.1016/j.fluid.2012.08.020,
mol_c76ad85001d3e770,mol_6558cfbdd9a3dcad,same_pressure_DOI,10.1016/j.fluid.2012.08.020,
mol_c76ad85001d3e770,mol_61b46555e0b3cc39,same_pressure_DOI,10.1016/j.fluid.2012.08.020,
mol_c76ad85001d3e770,mol_65b0a8e37b1d0b65,same_pressure_DOI,10.1016/j.fluid.2012.08.020,
mol_803e9fa8b96cd755,mol_d2d85289da26a082,same_pressure_DOI,10.1016/j.fluid.2012.10.015,
mol_803e9fa8b96cd755,mol_528932d2a9841ae7,same_pressure_DOI,10.1016/j.fluid.2012.10.015,
mol_803e9fa8b96cd755,mol_253d8d3c7e0ad521,same_pressure_DOI,10.1016/j.fluid.2012.10.015,
mol_e356f62a95258c32,mol_54948f46fab8b549,same_pressure_DOI,10.1016/j.fluid.2013.03.008,
mol_58c591d9024d1c78,mol_eb0e7cd1593e34a5,same_pressure_DOI,10.1016/j.fluid.2013.10.012,
mol_58c591d9024d1c78,mol_d40206d67276aa8c,same_pressure_DOI,10.1016/j.fluid.2013.10.012,
mol_58c591d9024d1c78,mol_af4829eb52c939fe,same_pressure_DOI,10.1016/j.fluid.2013.10.012,
mol_b1820f534fb61402,mol_b44b37c017007981,same_pressure_DOI,10.1016/j.fluid.2014.03.003,
mol_b1820f534fb61402,mol_b94bab3d5b62c755,same_pressure_DOI,10.1016/j.fluid.2014.03.003,
mol_b1820f534fb61402,mol_eb0e7cd1593e34a5,same_pressure_DOI,10.1016/j.fluid.2014.03.003,
mol_b1820f534fb61402,mol_d40206d67276aa8c,same_pressure_DOI,10.1016/j.fluid.2014.03.003,
mol_b1820f534fb61402,mol_af4829eb52c939fe,same_pressure_DOI,10.1016/j.fluid.2014.03.003,
mol_cdcd3722df880b7b,mol_47abed7f530ce168,same_pressure_DOI,10.1016/j.fluid.2014.03.013,
mol_cdcd3722df880b7b,mol_ea8ab19c57483e79,same_pressure_DOI,10.1016/j.fluid.2014.03.013,
mol_cdcd3722df880b7b,mol_449e356636794f41,same_pressure_DOI,10.1016/j.fluid.2014.03.013,
mol_e983a25bd52a944d,mol_34651b4ffde1812d,same_pressure_DOI,10.1016/j.fluid.2014.04.004,
mol_e983a25bd52a944d,mol_dee0d48887c32f73,same_pressure_DOI,10.1016/j.fluid.2014.04.004,
mol_5a4aa50dd3cafc66,mol_b0c6dc76ddc0873b,same_pressure_DOI,10.1016/j.fluid.2014.07.029,
mol_5a4aa50dd3cafc66,mol_22376981d918dfcd,same_pressure_DOI,10.1016/j.fluid.2014.07.029,
mol_5a4aa50dd3cafc66,mol_239cb7e490ad2a91,same_pressure_DOI,10.1016/j.fluid.2014.07.029,
mol_5a4aa50dd3cafc66,mol_b8839fb18327bc8e,same_pressure_DOI,10.1016/j.fluid.2014.07.029,
mol_5a4aa50dd3cafc66,mol_9250348909aba0f8,same_pressure_DOI,10.1016/j.fluid.2014.07.029,
mol_5a4aa50dd3cafc66,mol_46c9766df0dc3e13,same_pressure_DOI,10.1016/j.fluid.2014.07.029,
mol_538c4f0d7c4ce97e,mol_d395bc83f11503fd,same_pressure_DOI,10.1016/j.fluid.2014.10.016,
mol_942daac293e911e8,mol_741aa7c2f731c8a3,same_pressure_DOI,10.1016/j.fluid.2014.10.037,
mol_670136e04246f1d5,mol_b44b37c017007981,same_pressure_DOI,10.1016/j.fluid.2014.11.010,
mol_df3844ce888daa74,mol_4f08598a1604d2a7,same_pressure_DOI,10.1016/j.fluid.2014.11.026,
mol_df3844ce888daa74,mol_cba4c6228a6938ca,same_pressure_DOI,10.1016/j.fluid.2014.11.026,
mol_51066cb4cb97b45d,mol_1910e4e6f96d50ef,same_pressure_DOI,10.1016/j.fluid.2014.12.023,
mol_51066cb4cb97b45d,mol_3ec8acd703277a07,same_pressure_DOI,10.1016/j.fluid.2014.12.023,
mol_51066cb4cb97b45d,mol_e6f5c08892930cf0,same_pressure_DOI,10.1016/j.fluid.2014.12.023,
mol_51066cb4cb97b45d,mol_85ab1c5001067375,same_pressure_DOI,10.1016/j.fluid.2014.12.023,
mol_51066cb4cb97b45d,mol_d1cff4074d63e826,same_pressure_DOI,10.1016/j.fluid.2014.12.023,
mol_51066cb4cb97b45d,mol_236fafdbbe72dc54,same_pressure_DOI,10.1016/j.fluid.2014.12.023,
mol_51066cb4cb97b45d,mol_db67b94bf17f5f44,same_pressure_DOI,10.1016/j.fluid.2014.12.023,
mol_51066cb4cb97b45d,mol_238deb0b278c0317,same_pressure_DOI,10.1016/j.fluid.2014.12.023,
mol_538c4f0d7c4ce97e,mol_257d515536a43061,same_pressure_DOI,10.1016/j.fluid.2015.03.023,
mol_538c4f0d7c4ce97e,mol_c12442c83d78b47e,same_pressure_DOI,10.1016/j.fluid.2015.03.023,
mol_cd1e13547e8fe175,mol_e983a25bd52a944d,same_pressure_DOI,10.1016/j.fluid.2015.03.033,
mol_cd1e13547e8fe175,mol_538c4f0d7c4ce97e,same_pressure_DOI,10.1016/j.fluid.2015.03.033,
mol_cd1e13547e8fe175,mol_b44b37c017007981,same_pressure_DOI,10.1016/j.fluid.2015.03.033,
mol_ca0440f5ec95bc5f,mol_62b1e6f80fd72085,same_pressure_DOI,10.1016/j.fluid.2015.04.031,
mol_27b75bf766b45709,mol_19e2c18c29f1a863,same_pressure_DOI,10.1016/j.fluid.2015.05.026,
mol_27b75bf766b45709,mol_b8293313f61ea38f,same_pressure_DOI,10.1016/j.fluid.2015.05.026,
mol_b50c26b7ff7d996c,mol_1ca87a53bf4e35a9,same_pressure_DOI,10.1016/j.fluid.2015.07.031,
mol_435971c8aa9ce0da,mol_538c4f0d7c4ce97e,same_pressure_DOI,10.1016/j.fluid.2015.07.049,
mol_435971c8aa9ce0da,mol_d395bc83f11503fd,same_pressure_DOI,10.1016/j.fluid.2015.07.049,
mol_d2d85289da26a082,mol_8411a1787a17bdb0,same_pressure_DOI,10.1016/j.fluid.2015.09.031,
mol_d2d85289da26a082,mol_538c4f0d7c4ce97e,same_pressure_DOI,10.1016/j.fluid.2015.09.031,
mol_b44b37c017007981,mol_b94bab3d5b62c755,same_pressure_DOI,10.1016/j.fluid.2016.05.032,
mol_b44b37c017007981,mol_eb0e7cd1593e34a5,same_pressure_DOI,10.1016/j.fluid.2016.05.032,
mol_b44b37c017007981,mol_d40206d67276aa8c,same_pressure_DOI,10.1016/j.fluid.2016.05.032,
mol_b44b37c017007981,mol_af4829eb52c939fe,same_pressure_DOI,10.1016/j.fluid.2016.05.032,
mol_acef905809579ef0,mol_4f518c4827747974,same_pressure_DOI,10.1016/j.fluid.2016.06.011,
mol_acef905809579ef0,mol_7a16410ce17aa41e,same_pressure_DOI,10.1016/j.fluid.2016.06.011,
mol_acef905809579ef0,mol_5fdb3f96e8ca0576,same_pressure_DOI,10.1016/j.fluid.2016.06.011,
mol_f2882b3afe2d7bc5,mol_1573cefc1a63cc61,same_pressure_DOI,10.1016/j.fluid.2016.07.018,
mol_bf3cc1ac0f518a48,mol_28ddefda28499c0d,same_pressure_DOI,10.1016/j.fluid.2016.11.010,
mol_bf3cc1ac0f518a48,mol_b738770f7cbefb6e,same_pressure_DOI,10.1016/j.fluid.2016.11.010,
mol_bf3cc1ac0f518a48,mol_410fce458a7b4dd1,same_pressure_DOI,10.1016/j.fluid.2016.11.010,
mol_bf3cc1ac0f518a48,mol_3a6d9e06d6ef72e0,same_pressure_DOI,10.1016/j.fluid.2016.11.010,
mol_bf3cc1ac0f518a48,mol_da793f715fcaa89e,same_pressure_DOI,10.1016/j.fluid.2016.11.010,
mol_bf3cc1ac0f518a48,mol_4efd3132e13aacfa,same_pressure_DOI,10.1016/j.fluid.2016.11.010,
mol_bf3cc1ac0f518a48,mol_917a799c2b100236,same_pressure_DOI,10.1016/j.fluid.2016.11.010,
mol_bf3cc1ac0f518a48,mol_354c60c5de252d85,same_pressure_DOI,10.1016/j.fluid.2016.11.010,
mol_b4b87befe28d84ce,mol_896a74ad0b2a7fde,same_pressure_DOI,10.1016/j.fluid.2017.04.014,
mol_b4b87befe28d84ce,mol_b44b37c017007981,same_pressure_DOI,10.1016/j.fluid.2017.04.014,
mol_b4b87befe28d84ce,mol_d395bc83f11503fd,same_pressure_DOI,10.1016/j.fluid.2017.04.014,
mol_b9cfbb8959e61e2d,mol_e8dbf1b8cefa4caf,same_pressure_DOI,10.1016/j.fluid.2017.12.011,
mol_b9cfbb8959e61e2d,mol_efba6971b29362ed,same_pressure_DOI,10.1016/j.fluid.2017.12.011,
mol_435971c8aa9ce0da,mol_3147d9e632f76065,same_pressure_DOI,10.1016/j.fluid.2017.12.031,
mol_c8b4e8db702910c7,mol_e2b503b1d0ef1beb,same_pressure_DOI,10.1016/j.fluid.2018.01.018,
mol_c8b4e8db702910c7,mol_0b66aee0e26773a5,same_pressure_DOI,10.1016/j.fluid.2018.01.018,
mol_d256cec7b59305ff,mol_e36df2c2d963afd3,same_pressure_DOI,10.1016/j.fluid.2018.04.009,
mol_d256cec7b59305ff,mol_e983a25bd52a944d,same_pressure_DOI,10.1016/j.fluid.2018.04.009,
mol_d256cec7b59305ff,mol_538c4f0d7c4ce97e,same_pressure_DOI,10.1016/j.fluid.2018.04.009,
mol_d978c547652ea745,mol_9eafc8e78e05bf3c,same_pressure_DOI,10.1016/j.fluid.2018.05.032,
mol_d978c547652ea745,mol_32d4a096496c381d,same_pressure_DOI,10.1016/j.fluid.2018.05.032,
mol_3ead941b0482ece6,mol_517756553f493ba0,same_pressure_DOI,10.1016/j.fluid.2018.12.005,
mol_5b654c20d8dff507,mol_4cc1546235d77149,same_pressure_DOI,10.1016/j.fluid.2019.03.004,
mol_5b654c20d8dff507,mol_e7c5258b801f1038,same_pressure_DOI,10.1016/j.fluid.2019.03.004,
mol_5b654c20d8dff507,mol_d55f9f8651b87aeb,same_pressure_DOI,10.1016/j.fluid.2019.03.004,
mol_7f19e9b39a1de529,mol_b9700272231de061,same_pressure_DOI,10.1016/j.fluid.2019.04.036,
mol_7f19e9b39a1de529,mol_f7ad98ebbc8da43b,same_pressure_DOI,10.1016/j.fluid.2019.04.036,
mol_7f19e9b39a1de529,mol_b556abff79f787db,same_pressure_DOI,10.1016/j.fluid.2019.04.036,
mol_0d35fd4ce34a5a65,mol_8576484ee77b5757,same_pressure_DOI,10.1016/j.fluid.2019.112241,
mol_0d35fd4ce34a5a65,mol_f5b1d62bafd7f460,same_pressure_DOI,10.1016/j.fluid.2019.112241,
mol_0d35fd4ce34a5a65,mol_038035dca3f815f6,same_pressure_DOI,10.1016/j.fluid.2019.112241,
mol_e7c5258b801f1038,mol_c6ba72cee89a72d7,same_pressure_DOI,10.1016/j.fluid.2019.112248,
mol_2e538f5e181d5946,mol_d2d85289da26a082,same_pressure_DOI,10.1016/j.jct.2003.09.009,
mol_2e538f5e181d5946,mol_a39fe39f3d910b4e,same_pressure_DOI,10.1016/j.jct.2003.09.009,
mol_670136e04246f1d5,mol_b1820f534fb61402,same_pressure_DOI,10.1016/j.jct.2004.01.001,
mol_670136e04246f1d5,mol_b44b37c017007981,same_pressure_DOI,10.1016/j.jct.2004.01.001,
mol_670136e04246f1d5,mol_eb0e7cd1593e34a5,same_pressure_DOI,10.1016/j.jct.2004.01.001,
mol_670136e04246f1d5,mol_d40206d67276aa8c,same_pressure_DOI,10.1016/j.jct.2004.01.001,
mol_670136e04246f1d5,mol_af4829eb52c939fe,same_pressure_DOI,10.1016/j.jct.2004.01.001,
mol_1e9d2e26a6ddc23d,mol_ecea6633cd348403,same_pressure_DOI,10.1016/j.jct.2004.07.023,
mol_58541feb3e3ef432,mol_c1c12a449ac15fd2,same_pressure_DOI,10.1016/j.jct.2004.08.004,
mol_58541feb3e3ef432,mol_f23ee274fe9afdfa,same_pressure_DOI,10.1016/j.jct.2004.08.004,
mol_58541feb3e3ef432,mol_b29c79d05f29858b,same_pressure_DOI,10.1016/j.jct.2004.08.004,
mol_58541feb3e3ef432,mol_30519df461efd318,same_pressure_DOI,10.1016/j.jct.2004.08.004,
mol_58541feb3e3ef432,mol_9edff65ca060e7d5,same_pressure_DOI,10.1016/j.jct.2004.08.004,
mol_58541feb3e3ef432,mol_3399c27a16597145,same_pressure_DOI,10.1016/j.jct.2004.08.004,
mol_58541feb3e3ef432,mol_219e62ce59668eec,same_pressure_DOI,10.1016/j.jct.2004.08.004,
mol_58541feb3e3ef432,mol_581ae09a60a3f350,same_pressure_DOI,10.1016/j.jct.2004.08.004,
mol_58541feb3e3ef432,mol_ea37acee7bc3d9f6,same_pressure_DOI,10.1016/j.jct.2004.08.004,
mol_58541feb3e3ef432,mol_22159cf19c24ba5e,same_pressure_DOI,10.1016/j.jct.2004.08.004,
mol_520d932204fca4b7,mol_69df6d03bf2d6749,same_pressure_DOI,10.1016/j.jct.2005.06.003,
mol_520d932204fca4b7,mol_d256cec7b59305ff,same_pressure_DOI,10.1016/j.jct.2005.06.003,
mol_f45d44d06aa6449e,mol_77bbf943053f2531,same_pressure_DOI,10.1016/j.jct.2005.07.016,
mol_f45d44d06aa6449e,mol_8c26cc46761de673,same_pressure_DOI,10.1016/j.jct.2005.07.016,
mol_b4b87befe28d84ce,mol_f5b1d62bafd7f460,same_pressure_DOI,10.1016/j.jct.2005.08.001,
mol_86789b7323092b84,mol_4199743daa2b7d43,same_pressure_DOI,10.1016/j.jct.2005.08.003,
mol_86789b7323092b84,mol_4a28f84362f8850d,same_pressure_DOI,10.1016/j.jct.2005.08.003,
mol_86789b7323092b84,mol_936b68c0e81780ff,same_pressure_DOI,10.1016/j.jct.2005.08.003,
mol_86789b7323092b84,mol_ef45e640776b6df4,same_pressure_DOI,10.1016/j.jct.2005.08.003,
mol_86789b7323092b84,mol_8b35c2231ef8d146,same_pressure_DOI,10.1016/j.jct.2005.08.003,
mol_86789b7323092b84,mol_8095247005666df6,same_pressure_DOI,10.1016/j.jct.2005.08.003,
mol_86789b7323092b84,mol_b1900020b9218f7f,same_pressure_DOI,10.1016/j.jct.2005.08.003,
mol_b04b0d4c9f611351,mol_ab9c0dd96a4d0ed3,same_pressure_DOI,10.1016/j.jct.2005.11.009,
mol_b04b0d4c9f611351,mol_b5b1e7ca3cf75bf3,same_pressure_DOI,10.1016/j.jct.2005.11.009,
mol_b04b0d4c9f611351,mol_919fb7158bc3ca7a,same_pressure_DOI,10.1016/j.jct.2005.11.009,
mol_69df6d03bf2d6749,mol_8c26cc46761de673,same_pressure_DOI,10.1016/j.jct.2006.01.010,
mol_69df6d03bf2d6749,mol_55b6d752028fb5df,same_pressure_DOI,10.1016/j.jct.2006.01.010,
mol_8505c595a856a598,mol_13ff42623f3cf866,same_pressure_DOI,10.1016/j.jct.2006.05.007,
mol_7d3c668ba3d76cd7,mol_caae52dfde9f4474,same_pressure_DOI,10.1016/j.jct.2006.10.007,
mol_e6f8f97a2caa00b9,mol_c5207e620c9fcfd3,same_pressure_DOI,10.1016/j.jct.2007.03.008,
mol_e6f8f97a2caa00b9,mol_d2d85289da26a082,same_pressure_DOI,10.1016/j.jct.2007.03.008,
mol_e6f8f97a2caa00b9,mol_8c26cc46761de673,same_pressure_DOI,10.1016/j.jct.2007.03.008,
mol_538c4f0d7c4ce97e,mol_12e118695cfaacad,same_pressure_DOI,10.1016/j.jct.2008.01.012,
mol_c5207e620c9fcfd3,mol_71ac04ebc05b85f5,same_pressure_DOI,10.1016/j.jct.2008.01.024,
mol_443f8c4011897804,mol_0c2b699f18ff1976,same_pressure_DOI,10.1016/j.jct.2008.02.012,
mol_443f8c4011897804,mol_2e302d909c9e5e5c,same_pressure_DOI,10.1016/j.jct.2008.02.012,
mol_443f8c4011897804,mol_8328a6e934e84481,same_pressure_DOI,10.1016/j.jct.2008.02.012,
mol_443f8c4011897804,mol_7ea8ab72c1e55be3,same_pressure_DOI,10.1016/j.jct.2008.02.012,
mol_7663493163cbdca1,mol_953db3858ca974a4,same_pressure_DOI,10.1016/j.jct.2008.03.017,
mol_7663493163cbdca1,mol_ce86a4b54495b02c,same_pressure_DOI,10.1016/j.jct.2008.03.017,
mol_7663493163cbdca1,mol_71ac04ebc05b85f5,same_pressure_DOI,10.1016/j.jct.2008.03.017,
mol_2901cf755cab0466,mol_538c4f0d7c4ce97e,same_pressure_DOI,10.1016/j.jct.2008.07.024,
mol_670136e04246f1d5,mol_d2d85289da26a082,same_pressure_DOI,10.1016/j.jct.2009.04.005,
mol_f45d44d06aa6449e,mol_d2d85289da26a082,same_pressure_DOI,10.1016/j.jct.2009.04.006,
mol_f45d44d06aa6449e,mol_55b6d752028fb5df,same_pressure_DOI,10.1016/j.jct.2009.04.006,
mol_8b6a2383c538f690,mol_7bd3eb1878fd3045,same_pressure_DOI,10.1016/j.jct.2009.04.009,
mol_7f9b9c7a996206a7,mol_c34973a2ea05dcee,same_pressure_DOI,10.1016/j.jct.2009.09.003,
mol_7f9b9c7a996206a7,mol_8b55943f32f4ccc1,same_pressure_DOI,10.1016/j.jct.2009.09.003,
mol_7f9b9c7a996206a7,mol_6d0e5399ac339a30,same_pressure_DOI,10.1016/j.jct.2009.09.003,
mol_e983a25bd52a944d,mol_12e118695cfaacad,same_pressure_DOI,10.1016/j.jct.2010.01.016,
mol_baa3c342cb3d811f,mol_93cfd6245e3ad68f,same_pressure_DOI,10.1016/j.jct.2010.04.015,
mol_deac46acd3625ae3,mol_65b0a8e37b1d0b65,same_pressure_DOI,10.1016/j.jct.2010.05.002,
mol_e9bda82626d344ab,mol_cdcd3722df880b7b,same_pressure_DOI,10.1016/j.jct.2010.12.010,
mol_e9bda82626d344ab,mol_47abed7f530ce168,same_pressure_DOI,10.1016/j.jct.2010.12.010,
mol_a69950d65071f1d9,mol_4425bf195a41c22d,same_pressure_DOI,10.1016/j.jct.2011.05.004,
mol_a69950d65071f1d9,mol_0dcdaa24497d41f8,same_pressure_DOI,10.1016/j.jct.2011.05.004,
mol_a69950d65071f1d9,mol_6fb93874f723608d,same_pressure_DOI,10.1016/j.jct.2011.05.004,
mol_a69950d65071f1d9,mol_d8a68c6cf575f9d8,same_pressure_DOI,10.1016/j.jct.2011.05.004,
mol_a69950d65071f1d9,mol_ea2566e6eed8815a,same_pressure_DOI,10.1016/j.jct.2011.05.004,
mol_a69950d65071f1d9,mol_e386b69d862ccfe9,same_pressure_DOI,10.1016/j.jct.2011.05.004,
mol_a69950d65071f1d9,mol_cf369ca199c477af,same_pressure_DOI,10.1016/j.jct.2011.05.004,
mol_32e4362dde7a3ed7,mol_3102cb64a36fdac1,same_pressure_DOI,10.1016/j.jct.2011.06.008,
mol_32e4362dde7a3ed7,mol_cad807bef9abf402,same_pressure_DOI,10.1016/j.jct.2011.06.008,
mol_32e4362dde7a3ed7,mol_cdcd3722df880b7b,same_pressure_DOI,10.1016/j.jct.2011.06.008,
mol_32e4362dde7a3ed7,mol_47abed7f530ce168,same_pressure_DOI,10.1016/j.jct.2011.06.008,
mol_32e4362dde7a3ed7,mol_ea8ab19c57483e79,same_pressure_DOI,10.1016/j.jct.2011.06.008,
mol_32e4362dde7a3ed7,mol_61fcafdd88a47b4b,same_pressure_DOI,10.1016/j.jct.2011.06.008,
mol_32e4362dde7a3ed7,mol_449e356636794f41,same_pressure_DOI,10.1016/j.jct.2011.06.008,
mol_32e4362dde7a3ed7,mol_09c6576738d86b71,same_pressure_DOI,10.1016/j.jct.2011.06.008,
mol_32e4362dde7a3ed7,mol_07c782a462a50ac6,same_pressure_DOI,10.1016/j.jct.2011.06.008,
mol_f485c31dbb304f3b,mol_d256cec7b59305ff,same_pressure_DOI,10.1016/j.jct.2011.09.022,
mol_a64b8a3e542d0885,mol_9b039da63aa3710c,same_pressure_DOI,10.1016/j.jct.2011.11.004,
mol_a64b8a3e542d0885,mol_12e118695cfaacad,same_pressure_DOI,10.1016/j.jct.2011.11.004,
mol_a64b8a3e542d0885,mol_e5ba696e954bd32c,same_pressure_DOI,10.1016/j.jct.2011.11.004,
mol_d2d85289da26a082,mol_8411a1787a17bdb0,same_pressure_DOI,10.1016/j.jct.2012.02.039,
mol_d2d85289da26a082,mol_a6ed1653bde80123,same_pressure_DOI,10.1016/j.jct.2012.02.039,
mol_024c11ca89792376,mol_896a74ad0b2a7fde,same_pressure_DOI,10.1016/j.jct.2012.03.016,
mol_024c11ca89792376,mol_583617cfddce87a5,same_pressure_DOI,10.1016/j.jct.2012.03.016,
mol_214efcd2971bdb13,mol_3d3be792b2873832,same_pressure_DOI,10.1016/j.jct.2012.03.027,
mol_214efcd2971bdb13,mol_01b986fbe8e4d3e5,same_pressure_DOI,10.1016/j.jct.2012.03.027,
mol_6af5d7e3ca0bc16f,mol_4055100dde2fa368,same_pressure_DOI,10.1016/j.jct.2012.04.006,
mol_6af5d7e3ca0bc16f,mol_4603750e706845d0,same_pressure_DOI,10.1016/j.jct.2012.04.006,
mol_e983a25bd52a944d,mol_49187baee97f9d09,same_pressure_DOI,10.1016/j.jct.2012.07.005,
mol_bc8c379cd612f5ed,mol_de3e3d42cdadcfe7,same_pressure_DOI,10.1016/j.jct.2012.07.027,
mol_bc8c379cd612f5ed,mol_da5be87f9b74e1ab,same_pressure_DOI,10.1016/j.jct.2012.07.027,
mol_bc8c379cd612f5ed,mol_6ecc96d11fb736d9,same_pressure_DOI,10.1016/j.jct.2012.07.027,
mol_b4b87befe28d84ce,mol_57ae3fd1e1d200c6,same_pressure_DOI,10.1016/j.jct.2012.09.032,
mol_b4b87befe28d84ce,mol_6dc54388549b234e,same_pressure_DOI,10.1016/j.jct.2012.09.032,
mol_bbdd71ed3a3275f5,mol_4b509cb5dad13c84,same_pressure_DOI,10.1016/j.jct.2013.01.009,
mol_bbdd71ed3a3275f5,mol_a6bd173c68da330b,same_pressure_DOI,10.1016/j.jct.2013.01.009,
mol_482ca89f7c4d5b22,mol_b2886aff41709db5,same_pressure_DOI,10.1016/j.jct.2013.01.016,
mol_482ca89f7c4d5b22,mol_3147d9e632f76065,same_pressure_DOI,10.1016/j.jct.2013.01.016,
mol_0aa38cb71170ee29,mol_b0a1a5dad12236fe,same_pressure_DOI,10.1016/j.jct.2013.03.020,
mol_0aa38cb71170ee29,mol_fab901c0c3251313,same_pressure_DOI,10.1016/j.jct.2013.03.020,
mol_670136e04246f1d5,mol_d395bc83f11503fd,same_pressure_DOI,10.1016/j.jct.2013.04.003,
mol_370b202074e9a40f,mol_582f643aeadf8be3,same_pressure_DOI,10.1016/j.jct.2013.05.047,
mol_370b202074e9a40f,mol_f6fdbe222c4eecf8,same_pressure_DOI,10.1016/j.jct.2013.05.047,
mol_370b202074e9a40f,mol_39442ffdaa2c1862,same_pressure_DOI,10.1016/j.jct.2013.05.047,
mol_b4b87befe28d84ce,mol_57ae3fd1e1d200c6,same_pressure_DOI,10.1016/j.jct.2013.09.046,
mol_741aa7c2f731c8a3,mol_301d3a83ae1e6ae0,same_pressure_DOI,10.1016/j.jct.2013.10.039,
mol_741aa7c2f731c8a3,mol_489f01adfafa1d79,same_pressure_DOI,10.1016/j.jct.2013.10.039,
mol_6b591adbd02d1012,mol_45cc3d52a0d8f167,same_pressure_DOI,10.1016/j.jct.2013.11.003,
mol_ca0440f5ec95bc5f,mol_62b1e6f80fd72085,same_pressure_DOI,10.1016/j.jct.2013.12.033,
mol_da7d35d05fee4096,mol_4446e9b31e59fba3,same_pressure_DOI,10.1016/j.jct.2014.01.006,
mol_89b8d3deb9a49ab7,mol_0d2ad00dadcb0064,same_pressure_DOI,10.1016/j.jct.2014.04.022,
mol_89b8d3deb9a49ab7,mol_8557db3d1a35156c,same_pressure_DOI,10.1016/j.jct.2014.04.022,
mol_89b8d3deb9a49ab7,mol_71d5b9a9d56bd487,same_pressure_DOI,10.1016/j.jct.2014.04.022,
mol_3e3fe40dbc9b9649,mol_cc7d31c3ab545846,same_pressure_DOI,10.1016/j.jct.2014.04.026,
mol_3e3fe40dbc9b9649,mol_4b404db342a0b6d3,same_pressure_DOI,10.1016/j.jct.2014.04.026,
mol_916b454c615e7792,mol_d42c92066d82e698,same_pressure_DOI,10.1016/j.jct.2014.06.002,
mol_c4d2e3aa2bcb522b,mol_0c2b699f18ff1976,same_pressure_DOI,10.1016/j.jct.2014.07.004,
mol_c4d2e3aa2bcb522b,mol_662ae51843e31097,same_pressure_DOI,10.1016/j.jct.2014.07.004,
mol_c4d2e3aa2bcb522b,mol_2e302d909c9e5e5c,same_pressure_DOI,10.1016/j.jct.2014.07.004,
mol_d064518a6abf0367,mol_1d9a0acab04fdcd1,same_pressure_DOI,10.1016/j.jct.2015.02.001,
mol_d064518a6abf0367,mol_a4a15a5e8071fffe,same_pressure_DOI,10.1016/j.jct.2015.02.001,
mol_b4b87befe28d84ce,mol_2465ec339bda2cbb,same_pressure_DOI,10.1016/j.jct.2015.02.006,
mol_f26eee6fe0d8e58a,mol_6dc54388549b234e,same_pressure_DOI,10.1016/j.jct.2015.02.022,
mol_f66338fbde75d97f,mol_2fc4ca5245c4c992,same_pressure_DOI,10.1016/j.jct.2015.07.025,
mol_f66338fbde75d97f,mol_5d62b18b4ab74a9a,same_pressure_DOI,10.1016/j.jct.2015.07.025,
mol_a64b8a3e542d0885,mol_9b039da63aa3710c,same_pressure_DOI,10.1016/j.jct.2015.08.023,
mol_a64b8a3e542d0885,mol_12e118695cfaacad,same_pressure_DOI,10.1016/j.jct.2015.08.023,
mol_04b975dcc163284d,mol_5e1a76b3fc001a63,same_pressure_DOI,10.1016/j.jct.2016.07.024,
mol_04b975dcc163284d,mol_bace9c8b75de2210,same_pressure_DOI,10.1016/j.jct.2016.07.024,
mol_04b975dcc163284d,mol_132e4cfc5e4bd727,same_pressure_DOI,10.1016/j.jct.2016.07.024,
mol_04b975dcc163284d,mol_41edcf15887aae47,same_pressure_DOI,10.1016/j.jct.2016.07.024,
mol_04b975dcc163284d,mol_935376490ad66f6e,same_pressure_DOI,10.1016/j.jct.2016.07.024,
mol_04b975dcc163284d,mol_935376490ad66f6e,same_pressure_DOI,10.1016/j.jct.2016.11.024,
mol_fbd0f1e88c976a97,mol_9bae39b547067706,same_pressure_DOI,10.1016/j.jct.2017.03.029,
mol_fbd0f1e88c976a97,mol_b27150fe8ceb156d,same_pressure_DOI,10.1016/j.jct.2017.03.029,
mol_c6feabb4edc72193,mol_f184b9645fb1446a,same_pressure_DOI,10.1016/j.jct.2017.07.008,
mol_db8dd1519b1387fd,mol_a1b2b411f2a80735,same_pressure_DOI,10.1016/j.jct.2017.09.005,
mol_04b975dcc163284d,mol_5e1a76b3fc001a63,same_pressure_DOI,10.1016/j.jct.2017.09.020,
mol_a41185fe88971a35,mol_c7243d1eeacc7b0e,same_pressure_DOI,10.1016/j.jct.2018.07.020,
mol_a41185fe88971a35,mol_1a01bcbf9578c5ef,same_pressure_DOI,10.1016/j.jct.2018.07.020,
mol_a41185fe88971a35,mol_3e3fe40dbc9b9649,same_pressure_DOI,10.1016/j.jct.2018.07.020,
mol_a41185fe88971a35,mol_5c8f28893ba20c7a,same_pressure_DOI,10.1016/j.jct.2018.07.020,
mol_a41185fe88971a35,mol_a9c437c33ea28497,same_pressure_DOI,10.1016/j.jct.2018.07.020,
mol_a41185fe88971a35,mol_ed685a6001d3930a,same_pressure_DOI,10.1016/j.jct.2018.07.020,
mol_b89af8061b7557f6,mol_301adda8d033e6ed,same_pressure_DOI,10.1016/j.jct.2018.07.029,
mol_b89af8061b7557f6,mol_1e8ff3a95e58fffa,same_pressure_DOI,10.1016/j.jct.2018.07.029,
mol_1bdf322c4ebd3d63,mol_9cc087861df9b063,same_pressure_DOI,10.1016/j.jct.2018.08.025,
mol_6b42837638374a14,mol_c90c9223ac00ad0d,same_pressure_DOI,10.1016/j.jct.2018.09.002,
mol_6b42837638374a14,mol_b9cfbb8959e61e2d,same_pressure_DOI,10.1016/j.jct.2018.09.002,
mol_819a139398c7c5de,mol_f991f1ca93072465,same_pressure_DOI,10.1016/j.jct.2018.11.015,
mol_f485c31dbb304f3b,mol_b7f422847b230663,same_pressure_DOI,10.1016/j.jct.2018.12.016,
mol_f485c31dbb304f3b,mol_0c2b699f18ff1976,same_pressure_DOI,10.1016/j.jct.2018.12.016,
mol_04b975dcc163284d,mol_d079a9561d9d2641,same_pressure_DOI,10.1016/j.jct.2019.01.007,
mol_04b975dcc163284d,mol_5e1a76b3fc001a63,same_pressure_DOI,10.1016/j.jct.2019.01.007,
mol_04b975dcc163284d,mol_71d239be146a61dd,same_pressure_DOI,10.1016/j.jct.2019.01.007,
mol_04b975dcc163284d,mol_bace9c8b75de2210,same_pressure_DOI,10.1016/j.jct.2019.01.007,
mol_04b975dcc163284d,mol_132e4cfc5e4bd727,same_pressure_DOI,10.1016/j.jct.2019.01.007,
mol_04b975dcc163284d,mol_7adb2b6d969696ae,same_pressure_DOI,10.1016/j.jct.2019.01.007,
mol_04b975dcc163284d,mol_bbb0421bb336b7e6,same_pressure_DOI,10.1016/j.jct.2019.01.007,
mol_8f8d88329a658c4a,mol_f3ea48a487080019,same_pressure_DOI,10.1016/j.jct.2019.02.006,
mol_8f8d88329a658c4a,mol_0598ed94e921fa46,same_pressure_DOI,10.1016/j.jct.2019.02.006,
mol_b4b87befe28d84ce,mol_2465ec339bda2cbb,same_pressure_DOI,10.1016/j.jct.2019.105884,
mol_b4b87befe28d84ce,mol_670136e04246f1d5,same_pressure_DOI,10.1016/j.jct.2019.105884,
mol_b4b87befe28d84ce,mol_212f24f877214356,same_pressure_DOI,10.1016/j.jct.2019.105884,
mol_046f2add717f4221,mol_f82ffb899fa12758,same_pressure_DOI,10.1016/j.tca.2010.07.027,
mol_046f2add717f4221,mol_680d2c2ef877ca4d,same_pressure_DOI,10.1016/j.tca.2010.07.027,
mol_4446e9b31e59fba3,mol_1196b480b8769ed3,same_pressure_DOI,10.1016/j.tca.2014.05.033,
mol_8ced90bc6ccb8f46,mol_e7d60690a0df8ab7,same_pressure_DOI,10.1016/j.tca.2015.02.004,
mol_8ced90bc6ccb8f46,mol_22a914e429e8f57c,same_pressure_DOI,10.1016/j.tca.2015.02.004,
mol_8ced90bc6ccb8f46,mol_7eb75db0233cc0c1,same_pressure_DOI,10.1016/j.tca.2015.02.004,
mol_752fe3dca8afa6dd,mol_df36260e25a0f59a,same_pressure_DOI,10.1016/j.tca.2015.03.016,
mol_752fe3dca8afa6dd,mol_2c26c5ea55ef74f0,same_pressure_DOI,10.1016/j.tca.2015.03.016,
mol_752fe3dca8afa6dd,mol_87cb1e86dd100e73,same_pressure_DOI,10.1016/j.tca.2015.03.016,
mol_467811238401dcaa,mol_489f01adfafa1d79,same_pressure_DOI,10.1016/j.tca.2015.08.013,
mol_2e538f5e181d5946,mol_327f3d3474e55905,same_pressure_DOI,10.1016/j.tca.2016.12.010,
mol_39ce5f6b5769ea06,mol_653d9692caede90e,same_pressure_DOI,10.1016/j.tca.2017.07.001,
mol_94e6e3bf1a1fa03f,mol_90b69659cd0ca4f3,same_pressure_DOI,10.1016/j.tca.2017.12.006,
mol_94e6e3bf1a1fa03f,mol_6a2881146cb0a319,same_pressure_DOI,10.1016/j.tca.2017.12.006,
mol_f599bee9d7f71e01,mol_3990f91812cec3f3,same_pressure_DOI,10.1016/j.tca.2018.07.016,
mol_f599bee9d7f71e01,mol_6175878e18979484,same_pressure_DOI,10.1016/j.tca.2018.07.016,
mol_b44b37c017007981,mol_360d41877d5341ed,same_pressure_DOI,10.1016/j.tca.2019.178413,
mol_cb21e768ef2b1f0d,mol_d57bff6112d57ec0,same_pressure_DOI,10.1021/acs.jced.5b00255,
mol_8b6a2383c538f690,mol_f32efffa3cd8e3f1,same_pressure_DOI,10.1021/acs.jced.5b00537,
mol_e43335be86f26619,mol_d4445907461eb33b,same_pressure_DOI,10.1021/acs.jced.5b00752,
mol_ca0440f5ec95bc5f,mol_b1820f534fb61402,same_pressure_DOI,10.1021/acs.jced.5b00760,
mol_ca0440f5ec95bc5f,mol_b44b37c017007981,same_pressure_DOI,10.1021/acs.jced.5b00760,
mol_1caed83bbde05074,mol_fbfba0e871eef2de,same_pressure_DOI,10.1021/acs.jced.5b01003,
mol_1caed83bbde05074,mol_b56bd443798b71a3,same_pressure_DOI,10.1021/acs.jced.5b01003,
mol_1caed83bbde05074,mol_cc2fc42bf1c5d229,same_pressure_DOI,10.1021/acs.jced.5b01003,
mol_3ead941b0482ece6,mol_517756553f493ba0,same_pressure_DOI,10.1021/acs.jced.6b00409,
mol_a3ab0bd2d4d80422,mol_e43335be86f26619,same_pressure_DOI,10.1021/acs.jced.6b00523,
mol_a10f5d63214e97e2,mol_7663493163cbdca1,same_pressure_DOI,10.1021/acs.jced.6b00576,
mol_a10f5d63214e97e2,mol_aa23a92cc343fbb6,same_pressure_DOI,10.1021/acs.jced.6b00576,
mol_a10f5d63214e97e2,mol_d0ceddc379a4671f,same_pressure_DOI,10.1021/acs.jced.6b00576,
mol_a10f5d63214e97e2,mol_638d35e8475c0c14,same_pressure_DOI,10.1021/acs.jced.6b00576,
mol_a10f5d63214e97e2,mol_d256cec7b59305ff,same_pressure_DOI,10.1021/acs.jced.6b00576,
mol_a10f5d63214e97e2,mol_953db3858ca974a4,same_pressure_DOI,10.1021/acs.jced.6b00576,
mol_a10f5d63214e97e2,mol_97895e747db97ae6,same_pressure_DOI,10.1021/acs.jced.6b00576,
mol_a10f5d63214e97e2,mol_327f3d3474e55905,same_pressure_DOI,10.1021/acs.jced.6b00576,
mol_a10f5d63214e97e2,mol_ce86a4b54495b02c,same_pressure_DOI,10.1021/acs.jced.6b00576,
mol_a10f5d63214e97e2,mol_5fa3d4f920d98423,same_pressure_DOI,10.1021/acs.jced.6b00576,
mol_a10f5d63214e97e2,mol_6fe75c0be8cd2f8a,same_pressure_DOI,10.1021/acs.jced.6b00576,
mol_a10f5d63214e97e2,mol_38039963605715c8,same_pressure_DOI,10.1021/acs.jced.6b00576,
mol_a10f5d63214e97e2,mol_43e3cdae7078a32d,same_pressure_DOI,10.1021/acs.jced.6b00576,
mol_a10f5d63214e97e2,mol_440a94c527338aad,same_pressure_DOI,10.1021/acs.jced.6b00576,
mol_a10f5d63214e97e2,mol_b6b13d8dfbd75423,same_pressure_DOI,10.1021/acs.jced.6b00576,
mol_a10f5d63214e97e2,mol_5feb1fde294beccb,same_pressure_DOI,10.1021/acs.jced.6b00576,
mol_a10f5d63214e97e2,mol_f599bee9d7f71e01,same_pressure_DOI,10.1021/acs.jced.6b00576,
mol_a10f5d63214e97e2,mol_d9ec66217e35d939,same_pressure_DOI,10.1021/acs.jced.6b00576,
mol_a10f5d63214e97e2,mol_7f9b9c7a996206a7,same_pressure_DOI,10.1021/acs.jced.6b00576,
mol_a10f5d63214e97e2,mol_7a83f5f0134a6504,same_pressure_DOI,10.1021/acs.jced.6b00576,
mol_a10f5d63214e97e2,mol_3990f91812cec3f3,same_pressure_DOI,10.1021/acs.jced.6b00576,
mol_a10f5d63214e97e2,mol_7d3c668ba3d76cd7,same_pressure_DOI,10.1021/acs.jced.6b00576,
mol_97b91a30f9b33b70,mol_299a215a96655c24,same_pressure_DOI,10.1021/acs.jced.7b00008,
mol_5e1a76b3fc001a63,mol_bf39f6deed5d4b6a,same_pressure_DOI,10.1021/acs.jced.7b00099,
mol_5e1a76b3fc001a63,mol_bace9c8b75de2210,same_pressure_DOI,10.1021/acs.jced.7b00099,
mol_5e1a76b3fc001a63,mol_132e4cfc5e4bd727,same_pressure_DOI,10.1021/acs.jced.7b00099,
mol_f5b1d62bafd7f460,mol_c24403b08adc6841,same_pressure_DOI,10.1021/acs.jced.7b00119,
mol_f5b1d62bafd7f460,mol_6a1b88d7d4729d66,same_pressure_DOI,10.1021/acs.jced.7b00119,
mol_2e302d909c9e5e5c,mol_538c4f0d7c4ce97e,same_pressure_DOI,10.1021/acs.jced.7b00236,
mol_2e302d909c9e5e5c,mol_b44b37c017007981,same_pressure_DOI,10.1021/acs.jced.7b00236,
mol_2e302d909c9e5e5c,mol_d395bc83f11503fd,same_pressure_DOI,10.1021/acs.jced.7b00236,
mol_2e302d909c9e5e5c,mol_8328a6e934e84481,same_pressure_DOI,10.1021/acs.jced.7b00295,
mol_241178e06777b8f6,mol_3e1f0455f3d45ffd,same_pressure_DOI,10.1021/acs.jced.7b00344,
mol_942daac293e911e8,mol_fa6014b0e97e2afc,same_pressure_DOI,10.1021/acs.jced.7b00574,
mol_942daac293e911e8,mol_4581eaef241767fe,same_pressure_DOI,10.1021/acs.jced.7b00574,
mol_942daac293e911e8,mol_a39fe39f3d910b4e,same_pressure_DOI,10.1021/acs.jced.7b00574,
mol_08c55f7701cab54c,mol_b44b37c017007981,same_pressure_DOI,10.1021/acs.jced.7b00599,
mol_b9cfbb8959e61e2d,mol_efba6971b29362ed,same_pressure_DOI,10.1021/acs.jced.7b00827,
mol_a3ab0bd2d4d80422,mol_3fd637a4d667fe51,same_pressure_DOI,10.1021/acs.jced.7b00875,
mol_b4b87befe28d84ce,mol_83a135e5c50b66c1,same_pressure_DOI,10.1021/acs.jced.7b00892,
mol_77bbf943053f2531,mol_7663493163cbdca1,same_pressure_DOI,10.1021/acs.jced.7b01091,
mol_77bbf943053f2531,mol_953db3858ca974a4,same_pressure_DOI,10.1021/acs.jced.7b01091,
mol_77bbf943053f2531,mol_ce86a4b54495b02c,same_pressure_DOI,10.1021/acs.jced.7b01091,
mol_327f3d3474e55905,mol_7bd3eb1878fd3045,same_pressure_DOI,10.1021/acs.jced.7b01128,
mol_b4b87befe28d84ce,mol_a3ec1070c8366fe2,same_pressure_DOI,10.1021/acs.jced.8b00005,
mol_3590edb9884753b9,mol_7ff2a8a99ea3e83d,same_pressure_DOI,10.1021/acs.jced.8b00054,
mol_a3ab0bd2d4d80422,mol_7a77950532c8e700,same_pressure_DOI,10.1021/acs.jced.8b00125,
mol_a3ab0bd2d4d80422,mol_e983a25bd52a944d,same_pressure_DOI,10.1021/acs.jced.8b00125,
mol_a3ab0bd2d4d80422,mol_256a0ea2592048b0,same_pressure_DOI,10.1021/acs.jced.8b00125,
mol_a3ab0bd2d4d80422,mol_538c4f0d7c4ce97e,same_pressure_DOI,10.1021/acs.jced.8b00125,
mol_a3ab0bd2d4d80422,mol_03247da988422eaf,same_pressure_DOI,10.1021/acs.jced.8b00125,
mol_42c6f7b242941e8c,mol_62811f5ff2999e78,same_pressure_DOI,10.1021/acs.jced.8b00153,
mol_8b6a2383c538f690,mol_435971c8aa9ce0da,same_pressure_DOI,10.1021/acs.jced.8b00552,
mol_5dbb586fa38c6136,mol_60a1aefe4aec9d39,same_pressure_DOI,10.1021/acs.jced.8b00590,
mol_581ae09a60a3f350,mol_ea37acee7bc3d9f6,same_pressure_DOI,10.1021/acs.jced.8b00699,
mol_581ae09a60a3f350,mol_22159cf19c24ba5e,same_pressure_DOI,10.1021/acs.jced.8b00699,
mol_83a135e5c50b66c1,mol_e983a25bd52a944d,same_pressure_DOI,10.1021/acs.jced.8b00765,
mol_83a135e5c50b66c1,mol_583617cfddce87a5,same_pressure_DOI,10.1021/acs.jced.8b00765,
mol_2465ec339bda2cbb,mol_8b6a2383c538f690,same_pressure_DOI,10.1021/acs.jced.9b00102,
mol_502267b1d358ae7d,mol_a3ec1070c8366fe2,same_pressure_DOI,10.1021/acs.jced.9b00152,
mol_2483b3ccb2b39f62,mol_0598ed94e921fa46,same_pressure_DOI,10.1021/acs.jced.9b00306,
mol_8b6a2383c538f690,mol_6ea740b63f4d7f2b,same_pressure_DOI,10.1021/je020110g,
mol_942daac293e911e8,mol_4581eaef241767fe,same_pressure_DOI,10.1021/je020117y,
mol_767144cefd9a01b7,mol_a93b39db6a02109e,same_pressure_DOI,10.1021/je0201976,
mol_767144cefd9a01b7,mol_aa544f442b0ebc55,same_pressure_DOI,10.1021/je0201976,
mol_767144cefd9a01b7,mol_1dd9a897d5e1ecef,same_pressure_DOI,10.1021/je0201976,
mol_767144cefd9a01b7,mol_6cae8d15871f8d0b,same_pressure_DOI,10.1021/je0201976,
mol_b482dd7c4a655efd,mol_502267b1d358ae7d,same_pressure_DOI,10.1021/je0255628,
mol_b482dd7c4a655efd,mol_6eb44d0732fcdc70,same_pressure_DOI,10.1021/je0255628,
mol_b482dd7c4a655efd,mol_dd7217c8aa001588,same_pressure_DOI,10.1021/je025566c,
mol_b482dd7c4a655efd,mol_08de694c9506e17b,same_pressure_DOI,10.1021/je025566c,
mol_3c289d4e289f2410,mol_3c910e6c11c5e493,same_pressure_DOI,10.1021/je025576d,
mol_61d64dd5b35cfdac,mol_e1045e97e4815b23,same_pressure_DOI,10.1021/je0255980,
mol_61d64dd5b35cfdac,mol_77691d2337bfc619,same_pressure_DOI,10.1021/je0255980,
mol_61d64dd5b35cfdac,mol_10541e572cd04e9e,same_pressure_DOI,10.1021/je0255980,
mol_61d64dd5b35cfdac,mol_cf8f354d990ebe29,same_pressure_DOI,10.1021/je0255980,
mol_61d64dd5b35cfdac,mol_8477b7b46a4f3d7e,same_pressure_DOI,10.1021/je0255980,
mol_61d64dd5b35cfdac,mol_5e0efb61904c3869,same_pressure_DOI,10.1021/je0255980,
mol_61d64dd5b35cfdac,mol_e918295dc5dd314a,same_pressure_DOI,10.1021/je0255980,
mol_61d64dd5b35cfdac,mol_13ff42623f3cf866,same_pressure_DOI,10.1021/je0255980,
mol_61d64dd5b35cfdac,mol_4eadf0af1849f947,same_pressure_DOI,10.1021/je0255980,
mol_61d64dd5b35cfdac,mol_1a56e24870b3472e,same_pressure_DOI,10.1021/je0255980,
mol_b4b87befe28d84ce,mol_e983a25bd52a944d,same_pressure_DOI,10.1021/je025621h,
mol_65b637e94cd66c7e,mol_17a72fa1b6a75538,same_pressure_DOI,10.1021/je025634v,
mol_65b637e94cd66c7e,mol_a78531f40bfa734a,same_pressure_DOI,10.1021/je025634v,
mol_65b637e94cd66c7e,mol_ad64c2cfe3c93488,same_pressure_DOI,10.1021/je025634v,
mol_65b637e94cd66c7e,mol_20837b2036542f40,same_pressure_DOI,10.1021/je025634v,
mol_bcfe0436200b409a,mol_b6b13d8dfbd75423,same_pressure_DOI,10.1021/je025651k,
mol_f485c31dbb304f3b,mol_25b76921742ed7fa,same_pressure_DOI,10.1021/je025660t,
mol_f485c31dbb304f3b,mol_b4ec50115958b3dd,same_pressure_DOI,10.1021/je025660t,
mol_2e538f5e181d5946,mol_6ea740b63f4d7f2b,same_pressure_DOI,10.1021/je030168a,
mol_2e538f5e181d5946,mol_a39fe39f3d910b4e,same_pressure_DOI,10.1021/je030168a,
mol_670136e04246f1d5,mol_3fd637a4d667fe51,same_pressure_DOI,10.1021/je030222n,
mol_c75fad41ddce441e,mol_4ed4476039d60934,same_pressure_DOI,10.1021/je0302349,
mol_64e5f8dfe16d9044,mol_496a55139eacec75,same_pressure_DOI,10.1021/je034096z,
mol_b482dd7c4a655efd,mol_c555c47fe3d2bf7e,same_pressure_DOI,10.1021/je034153o,
mol_b4b87befe28d84ce,mol_2465ec339bda2cbb,same_pressure_DOI,10.1021/je034197x,
mol_b4b87befe28d84ce,mol_83a135e5c50b66c1,same_pressure_DOI,10.1021/je034197x,
mol_b4b87befe28d84ce,mol_670136e04246f1d5,same_pressure_DOI,10.1021/je034197x,
mol_b4b87befe28d84ce,mol_6dc54388549b234e,same_pressure_DOI,10.1021/je034197x,
mol_3590edb9884753b9,mol_b6168ead9ee43526,same_pressure_DOI,10.1021/je0342522,
mol_3b77e9f37a5881a9,mol_c12442c83d78b47e,same_pressure_DOI,10.1021/je034259j,
mol_7982e06cefd90b4f,mol_8058f2b63219b26a,same_pressure_DOI,10.1021/je034263v,
mol_b8293313f61ea38f,mol_e687bcf74e76aad5,same_pressure_DOI,10.1021/je049561m,
mol_b8293313f61ea38f,mol_8ba34edb9356bbe8,same_pressure_DOI,10.1021/je049561m,
mol_b8293313f61ea38f,mol_9ea52b961b4fd060,same_pressure_DOI,10.1021/je049561m,
mol_b8293313f61ea38f,mol_b3ee2ab98d9cebaf,same_pressure_DOI,10.1021/je049561m,
mol_b8293313f61ea38f,mol_fe38c48a132d8ec5,same_pressure_DOI,10.1021/je049561m,
mol_b8293313f61ea38f,mol_c69bf2d8c5c184a7,same_pressure_DOI,10.1021/je049561m,
mol_2634d93cfb57c01a,mol_13bbe069dee5316b,same_pressure_DOI,10.1021/je049595u,
mol_435971c8aa9ce0da,mol_b8293313f61ea38f,same_pressure_DOI,10.1021/je049600u,
mol_435971c8aa9ce0da,mol_e687bcf74e76aad5,same_pressure_DOI,10.1021/je049600u,
mol_435971c8aa9ce0da,mol_a39fe39f3d910b4e,same_pressure_DOI,10.1021/je049600u,
mol_64e5f8dfe16d9044,mol_72cc05bdc47c9de8,same_pressure_DOI,10.1021/je049627d,
mol_64e5f8dfe16d9044,mol_327f3d3474e55905,same_pressure_DOI,10.1021/je049627d,
mol_64e5f8dfe16d9044,mol_91ac98172fb47d8a,same_pressure_DOI,10.1021/je049627d,
mol_64e5f8dfe16d9044,mol_f4140df6fa2e15f2,same_pressure_DOI,10.1021/je049627d,
mol_64e5f8dfe16d9044,mol_c8e0325536b00f47,same_pressure_DOI,10.1021/je049627d,
mol_64e5f8dfe16d9044,mol_18682c77282e708e,same_pressure_DOI,10.1021/je049627d,
mol_e554601fff053edf,mol_bd766895d345d764,same_pressure_DOI,10.1021/je049761y,
mol_e554601fff053edf,mol_d978c547652ea745,same_pressure_DOI,10.1021/je049761y,
mol_e554601fff053edf,mol_0aa38cb71170ee29,same_pressure_DOI,10.1021/je049761y,
mol_e554601fff053edf,mol_32d4a096496c381d,same_pressure_DOI,10.1021/je049761y,
mol_3590edb9884753b9,mol_d3125f71fb8f9281,same_pressure_DOI,10.1021/je0497799,
mol_3590edb9884753b9,mol_360d41877d5341ed,same_pressure_DOI,10.1021/je0497799,
mol_3590edb9884753b9,mol_06fbc6cb23a1cc98,same_pressure_DOI,10.1021/je0497799,
mol_15c27366f9af4374,mol_06fbc6cb23a1cc98,same_pressure_DOI,10.1021/je049823k,
mol_8477b7b46a4f3d7e,mol_b44b37c017007981,same_pressure_DOI,10.1021/je049867t,
mol_fb8c516f3cf70b3f,mol_e983a25bd52a944d,same_pressure_DOI,10.1021/je049902w,
mol_fb8c516f3cf70b3f,mol_5feb1fde294beccb,same_pressure_DOI,10.1021/je049902w,
mol_8a4fcf68fe1439c2,mol_2465ec339bda2cbb,same_pressure_DOI,10.1021/je0499519,
mol_3ead941b0482ece6,mol_fb79232c4db917be,same_pressure_DOI,10.1021/je050056e,
mol_3ead941b0482ece6,mol_b398bc78beea1472,same_pressure_DOI,10.1021/je050056e,
mol_3ead941b0482ece6,mol_3d99a53ccff0a14c,same_pressure_DOI,10.1021/je050056e,
mol_3ead941b0482ece6,mol_45c573e23e91147e,same_pressure_DOI,10.1021/je050056e,
mol_3ead941b0482ece6,mol_8a01cf41c2268836,same_pressure_DOI,10.1021/je050056e,
mol_e03ddfeaf65a0134,mol_7d34fb354feeab2c,same_pressure_DOI,10.1021/je050173+,
mol_e03ddfeaf65a0134,mol_cee7ca25fc127d19,same_pressure_DOI,10.1021/je050173+,
mol_b859097b55ec40b9,mol_6fb10df1545ca2d8,same_pressure_DOI,10.1021/je050182i,
mol_b859097b55ec40b9,mol_866fb9c9956bdce9,same_pressure_DOI,10.1021/je050182i,
mol_b859097b55ec40b9,mol_c26df780d586cbf1,same_pressure_DOI,10.1021/je050182i,
mol_b859097b55ec40b9,mol_53217b7c973288fe,same_pressure_DOI,10.1021/je050182i,
mol_b859097b55ec40b9,mol_1bf941bfa23883d2,same_pressure_DOI,10.1021/je050182i,
mol_df36260e25a0f59a,mol_b44b37c017007981,same_pressure_DOI,10.1021/je050316s,
mol_d3125f71fb8f9281,mol_299a215a96655c24,same_pressure_DOI,10.1021/je050317k,
mol_d3125f71fb8f9281,mol_08de694c9506e17b,same_pressure_DOI,10.1021/je050317k,
mol_d3125f71fb8f9281,mol_b6168ead9ee43526,same_pressure_DOI,10.1021/je050317k,
mol_803e9fa8b96cd755,mol_08de694c9506e17b,same_pressure_DOI,10.1021/je050327l,
mol_0598ed94e921fa46,mol_abb2d836562cde77,same_pressure_DOI,10.1021/je050334+,
mol_a0b5336cc69a9e2d,mol_46c8489a7a9a685e,same_pressure_DOI,10.1021/je0504358,
mol_b94bab3d5b62c755,mol_eb0e7cd1593e34a5,same_pressure_DOI,10.1021/je050523s,
mol_b94bab3d5b62c755,mol_d40206d67276aa8c,same_pressure_DOI,10.1021/je050523s,
mol_b94bab3d5b62c755,mol_af4829eb52c939fe,same_pressure_DOI,10.1021/je050523s,
mol_b94bab3d5b62c755,mol_f2aab7d7c225f1ac,same_pressure_DOI,10.1021/je050523s,
mol_502267b1d358ae7d,mol_e983a25bd52a944d,same_pressure_DOI,10.1021/je060184i,
mol_502267b1d358ae7d,mol_583617cfddce87a5,same_pressure_DOI,10.1021/je060184i,
mol_502267b1d358ae7d,mol_538c4f0d7c4ce97e,same_pressure_DOI,10.1021/je060184i,
mol_538c4f0d7c4ce97e,mol_b44b37c017007981,same_pressure_DOI,10.1021/je0602115,
mol_6e1072b3e8e99a61,mol_177310732327f8e6,same_pressure_DOI,10.1021/je0602418,
mol_6e1072b3e8e99a61,mol_9da490861744c9f8,same_pressure_DOI,10.1021/je0602418,
mol_6e1072b3e8e99a61,mol_26e873b560062259,same_pressure_DOI,10.1021/je0602418,
mol_6e1072b3e8e99a61,mol_1bb253e99b0e831f,same_pressure_DOI,10.1021/je0602418,
mol_6e1072b3e8e99a61,mol_8f8d88329a658c4a,same_pressure_DOI,10.1021/je0602418,
mol_6e1072b3e8e99a61,mol_f3ea48a487080019,same_pressure_DOI,10.1021/je0602418,
mol_6e1072b3e8e99a61,mol_0598ed94e921fa46,same_pressure_DOI,10.1021/je0602418,
mol_6e1072b3e8e99a61,mol_bd2ed19f55eb1e21,same_pressure_DOI,10.1021/je0602418,
mol_5a4aa50dd3cafc66,mol_58b895da863521d5,same_pressure_DOI,10.1021/je060249h,
mol_2465ec339bda2cbb,mol_670136e04246f1d5,same_pressure_DOI,10.1021/je0603574,
mol_c30b4ae49b848357,mol_007fc427187d55ba,same_pressure_DOI,10.1021/je060359o,
mol_561fcf8433aaed32,mol_2895d981d8bdc338,same_pressure_DOI,10.1021/je060394v,
mol_561fcf8433aaed32,mol_245df31ea12a6746,same_pressure_DOI,10.1021/je060394v,
mol_561fcf8433aaed32,mol_89cd7dc23b3db594,same_pressure_DOI,10.1021/je060394v,
mol_942daac293e911e8,mol_b6febdc80ab19a61,same_pressure_DOI,10.1021/je060406c,
mol_942daac293e911e8,mol_29b0042d758abfd8,same_pressure_DOI,10.1021/je060406c,
mol_942daac293e911e8,mol_fcedfc9cfdf2681b,same_pressure_DOI,10.1021/je060406c,
mol_4f13a4696bbfcaf9,mol_068db2316970a098,same_pressure_DOI,10.1021/je060419q,
mol_1d734fe5c679e7dc,mol_e7414bcb2677caf7,same_pressure_DOI,10.1021/je060429r,
mol_1d734fe5c679e7dc,mol_65ae1b74f9e2ab1d,same_pressure_DOI,10.1021/je060429r,
mol_1d734fe5c679e7dc,mol_385079eb0964d1b9,same_pressure_DOI,10.1021/je060429r,
mol_1d734fe5c679e7dc,mol_f076737358086577,same_pressure_DOI,10.1021/je060429r,
mol_1d734fe5c679e7dc,mol_dba41eb70bb05922,same_pressure_DOI,10.1021/je060429r,
mol_1d734fe5c679e7dc,mol_582f643aeadf8be3,same_pressure_DOI,10.1021/je060429r,
mol_1d734fe5c679e7dc,mol_eb45a79f852eb879,same_pressure_DOI,10.1021/je060429r,
mol_1d734fe5c679e7dc,mol_cfce057605ba3a8f,same_pressure_DOI,10.1021/je060429r,
mol_9d47f5f4c0b23422,mol_781dbd8b7d761d8d,same_pressure_DOI,10.1021/je060472e,
mol_9d47f5f4c0b23422,mol_f51711463f7a60d1,same_pressure_DOI,10.1021/je060472e,
mol_af4829eb52c939fe,mol_6a1b88d7d4729d66,same_pressure_DOI,10.1021/je100019r,
mol_757f79c7ac5d216c,mol_853d5f3f7f788765,same_pressure_DOI,10.1021/je100231g,
mol_757f79c7ac5d216c,mol_6d0384966495a309,same_pressure_DOI,10.1021/je100231g,
mol_757f79c7ac5d216c,mol_3f0db888fe369723,same_pressure_DOI,10.1021/je100231g,
mol_757f79c7ac5d216c,mol_456cd661d7732899,same_pressure_DOI,10.1021/je100231g,
mol_757f79c7ac5d216c,mol_a05de3c299ebdca6,same_pressure_DOI,10.1021/je100231g,
mol_757f79c7ac5d216c,mol_01fe71f6f9ac3752,same_pressure_DOI,10.1021/je100231g,
mol_757f79c7ac5d216c,mol_efd9aec2c69162b7,same_pressure_DOI,10.1021/je100231g,
mol_757f79c7ac5d216c,mol_124c5d93a23a9e5f,same_pressure_DOI,10.1021/je100231g,
mol_757f79c7ac5d216c,mol_533237776aacb2a0,same_pressure_DOI,10.1021/je100231g,
mol_757f79c7ac5d216c,mol_1e9d2e26a6ddc23d,same_pressure_DOI,10.1021/je100231g,
mol_757f79c7ac5d216c,mol_17d7810440ddcdc4,same_pressure_DOI,10.1021/je100231g,
mol_757f79c7ac5d216c,mol_4f342c00679a86c2,same_pressure_DOI,10.1021/je100231g,
mol_757f79c7ac5d216c,mol_9c277a73dd0d1066,same_pressure_DOI,10.1021/je100231g,
mol_757f79c7ac5d216c,mol_a028f4db66891af2,same_pressure_DOI,10.1021/je100231g,
mol_7a5b68b203cc6270,mol_c54873ab8150496e,same_pressure_DOI,10.1021/je100398m,
mol_7a5b68b203cc6270,mol_1c88c0062a21140c,same_pressure_DOI,10.1021/je100398m,
mol_7a5b68b203cc6270,mol_b633c02df2e0c63b,same_pressure_DOI,10.1021/je100398m,
mol_ce86a4b54495b02c,mol_046f2add717f4221,same_pressure_DOI,10.1021/je1005196,
mol_ce86a4b54495b02c,mol_f82ffb899fa12758,same_pressure_DOI,10.1021/je1005196,
mol_ce86a4b54495b02c,mol_680d2c2ef877ca4d,same_pressure_DOI,10.1021/je1005196,
mol_b4b87befe28d84ce,mol_83a135e5c50b66c1,same_pressure_DOI,10.1021/je100624p,
mol_299a215a96655c24,mol_17d7810440ddcdc4,same_pressure_DOI,10.1021/je100803e,
mol_a3ab0bd2d4d80422,mol_e55299b0f2600cdb,same_pressure_DOI,10.1021/je100832h,
mol_a3ab0bd2d4d80422,mol_2ea49b3823ebd7ad,same_pressure_DOI,10.1021/je100832h,
mol_a3ab0bd2d4d80422,mol_538c4f0d7c4ce97e,same_pressure_DOI,10.1021/je100832h,
mol_a3ab0bd2d4d80422,mol_3fd637a4d667fe51,same_pressure_DOI,10.1021/je100832h,
mol_d33c3680c5c0ca0a,mol_6fbb7c525fc1c495,same_pressure_DOI,10.1021/je101180r,
mol_e554601fff053edf,mol_bd766895d345d764,same_pressure_DOI,10.1021/je101259r,
mol_e554601fff053edf,mol_baa3c342cb3d811f,same_pressure_DOI,10.1021/je101259r,
mol_e554601fff053edf,mol_0aa38cb71170ee29,same_pressure_DOI,10.1021/je101259r,
mol_e554601fff053edf,mol_05794401663d5ca6,same_pressure_DOI,10.1021/je101259r,
mol_e554601fff053edf,mol_6b42837638374a14,same_pressure_DOI,10.1021/je101259r,
mol_e554601fff053edf,mol_32d4a096496c381d,same_pressure_DOI,10.1021/je101259r,
mol_b94bab3d5b62c755,mol_f2aab7d7c225f1ac,same_pressure_DOI,10.1021/je200098d,
mol_b1600e1cb04e0ffb,mol_435971c8aa9ce0da,same_pressure_DOI,10.1021/je200111a,
mol_b1600e1cb04e0ffb,mol_7bd3eb1878fd3045,same_pressure_DOI,10.1021/je200111a,
mol_05794401663d5ca6,mol_9f070bda8683a3b6,same_pressure_DOI,10.1021/je2002489,
mol_05794401663d5ca6,mol_cdd9b2a6aac67d70,same_pressure_DOI,10.1021/je2002489,
mol_05794401663d5ca6,mol_32facc64508e019f,same_pressure_DOI,10.1021/je2002489,
mol_b7d29ccd815de3fe,mol_acf575de292611d9,same_pressure_DOI,10.1021/je200336c,
mol_b7d29ccd815de3fe,mol_e62082959f534889,same_pressure_DOI,10.1021/je200336c,
mol_b7d29ccd815de3fe,mol_a10b91d37db2843a,same_pressure_DOI,10.1021/je200336c,
mol_b7d29ccd815de3fe,mol_804f26f30916a635,same_pressure_DOI,10.1021/je200336c,
mol_b7d29ccd815de3fe,mol_f032c9190b133ea0,same_pressure_DOI,10.1021/je200336c,
mol_b7d29ccd815de3fe,mol_b2ea93772c7f152a,same_pressure_DOI,10.1021/je200336c,
mol_b7d29ccd815de3fe,mol_047b0590b532ef16,same_pressure_DOI,10.1021/je200336c,
mol_b7d29ccd815de3fe,mol_7d567108b50dd650,same_pressure_DOI,10.1021/je200336c,
mol_e983a25bd52a944d,mol_b44b37c017007981,same_pressure_DOI,10.1021/je200655s,
mol_6cab4fbead32f0ef,mol_fc2d93121de8a8dd,same_pressure_DOI,10.1021/je200730m,
mol_6cab4fbead32f0ef,mol_8e04cff78b5bee09,same_pressure_DOI,10.1021/je200730m,
mol_6cab4fbead32f0ef,mol_e356f62a95258c32,same_pressure_DOI,10.1021/je200730m,
mol_6cab4fbead32f0ef,mol_8b8ce5ecf64b8081,same_pressure_DOI,10.1021/je200730m,
mol_4d8f9d9787a27468,mol_d6b8092c9c9b4a40,same_pressure_DOI,10.1021/je2007605,
mol_4f13a4696bbfcaf9,mol_57ae3fd1e1d200c6,same_pressure_DOI,10.1021/je200766t,
mol_49187baee97f9d09,mol_538c4f0d7c4ce97e,same_pressure_DOI,10.1021/je200820v,
mol_7a77950532c8e700,mol_670136e04246f1d5,same_pressure_DOI,10.1021/je200840e,
mol_7a77950532c8e700,mol_538c4f0d7c4ce97e,same_pressure_DOI,10.1021/je200840e,
mol_7a77950532c8e700,mol_b44b37c017007981,same_pressure_DOI,10.1021/je200840e,
mol_7a77950532c8e700,mol_d395bc83f11503fd,same_pressure_DOI,10.1021/je200840e,
mol_7a77950532c8e700,mol_2465ec339bda2cbb,same_pressure_DOI,10.1021/je201032t,
mol_7a77950532c8e700,mol_538c4f0d7c4ce97e,same_pressure_DOI,10.1021/je201284y,
mol_7a77950532c8e700,mol_b44b37c017007981,same_pressure_DOI,10.1021/je201284y,
mol_7a77950532c8e700,mol_d395bc83f11503fd,same_pressure_DOI,10.1021/je201284y,
mol_2d51bd32961be5de,mol_463cda24731eaedb,same_pressure_DOI,10.1021/je300312c,
mol_2d51bd32961be5de,mol_2a3bf002f33d68f6,same_pressure_DOI,10.1021/je300312c,
mol_2d51bd32961be5de,mol_cc7d31c3ab545846,same_pressure_DOI,10.1021/je300312c,
mol_2d51bd32961be5de,mol_7732f9f65b01059d,same_pressure_DOI,10.1021/je300312c,
mol_0d2ad00dadcb0064,mol_b4b87befe28d84ce,same_pressure_DOI,10.1021/je300347z,
mol_0d2ad00dadcb0064,mol_2465ec339bda2cbb,same_pressure_DOI,10.1021/je300347z,
mol_0d2ad00dadcb0064,mol_83a135e5c50b66c1,same_pressure_DOI,10.1021/je300347z,
mol_0d2ad00dadcb0064,mol_670136e04246f1d5,same_pressure_DOI,10.1021/je300347z,
mol_0d2ad00dadcb0064,mol_435971c8aa9ce0da,same_pressure_DOI,10.1021/je300347z,
mol_0d2ad00dadcb0064,mol_b8293313f61ea38f,same_pressure_DOI,10.1021/je300347z,
mol_132e4cfc5e4bd727,mol_bbb0421bb336b7e6,same_pressure_DOI,10.1021/je3003699,
mol_2465ec339bda2cbb,mol_670136e04246f1d5,same_pressure_DOI,10.1021/je3004194,
mol_2465ec339bda2cbb,mol_115984f9be727624,same_pressure_DOI,10.1021/je3004194,
mol_2465ec339bda2cbb,mol_435971c8aa9ce0da,same_pressure_DOI,10.1021/je3004194,
mol_9e960601c6c0fbaf,mol_87af88bbbdeef674,same_pressure_DOI,10.1021/je300584m,
mol_670136e04246f1d5,mol_f32efffa3cd8e3f1,same_pressure_DOI,10.1021/je300670n,
mol_670136e04246f1d5,mol_5e0efb61904c3869,same_pressure_DOI,10.1021/je300670n,
mol_f32efffa3cd8e3f1,mol_301d3a83ae1e6ae0,same_pressure_DOI,10.1021/je300678r,
mol_969f34406f44f7e7,mol_97895e747db97ae6,same_pressure_DOI,10.1021/je3009649,
mol_83a135e5c50b66c1,mol_f5b1d62bafd7f460,same_pressure_DOI,10.1021/je300994y,
mol_83a135e5c50b66c1,mol_4e6567a0dc6bd494,same_pressure_DOI,10.1021/je300994y,
mol_f485c31dbb304f3b,mol_25b76921742ed7fa,same_pressure_DOI,10.1021/je301238f,
mol_f485c31dbb304f3b,mol_5e0efb61904c3869,same_pressure_DOI,10.1021/je301238f,
mol_fc2d93121de8a8dd,mol_bf39f6deed5d4b6a,same_pressure_DOI,10.1021/je301294a,
mol_fc2d93121de8a8dd,mol_e356f62a95258c32,same_pressure_DOI,10.1021/je301294a,
mol_fc2d93121de8a8dd,mol_8b8ce5ecf64b8081,same_pressure_DOI,10.1021/je301294a,
mol_f2fe25be2ade1ca5,mol_c9fe204405ee8e50,same_pressure_DOI,10.1021/je301333b,
mol_f2fe25be2ade1ca5,mol_cf0b37e316ba5ed0,same_pressure_DOI,10.1021/je301333b,
mol_246891f3258f0b90,mol_7ad27968482aa306,same_pressure_DOI,10.1021/je400136y,
mol_246891f3258f0b90,mol_fb084703233aa40a,same_pressure_DOI,10.1021/je400136y,
mol_dd3d6f8d9cdee4da,mol_22dc1b955e032e20,same_pressure_DOI,10.1021/je400205g,
mol_dd3d6f8d9cdee4da,mol_d8bef5f13d83d1a3,same_pressure_DOI,10.1021/je400205g,
mol_4e4c72058c054de2,mol_7e0d1a628651aee9,same_pressure_DOI,10.1021/je400212t,
mol_4e4c72058c054de2,mol_f612596591f38885,same_pressure_DOI,10.1021/je400212t,
mol_4e4c72058c054de2,mol_c43b0ee134e86771,same_pressure_DOI,10.1021/je400212t,
mol_4e4c72058c054de2,mol_10ae2d7874bda204,same_pressure_DOI,10.1021/je400212t,
mol_3590edb9884753b9,mol_bd766895d345d764,same_pressure_DOI,10.1021/je400373d,
mol_3590edb9884753b9,mol_7ff2a8a99ea3e83d,same_pressure_DOI,10.1021/je400373d,
mol_d256cec7b59305ff,mol_e983a25bd52a944d,same_pressure_DOI,10.1021/je4004993,
mol_ca0440f5ec95bc5f,mol_62b1e6f80fd72085,same_pressure_DOI,10.1021/je400510j,
mol_ca0440f5ec95bc5f,mol_b44b37c017007981,same_pressure_DOI,10.1021/je400510j,
mol_f485c31dbb304f3b,mol_b7f422847b230663,same_pressure_DOI,10.1021/je400531a,
mol_a3ab0bd2d4d80422,mol_3590edb9884753b9,same_pressure_DOI,10.1021/je400551d,
mol_e554601fff053edf,mol_670136e04246f1d5,same_pressure_DOI,10.1021/je400885z,
mol_e554601fff053edf,mol_942daac293e911e8,same_pressure_DOI,10.1021/je400885z,
mol_e554601fff053edf,mol_c187c0fbd800fefd,same_pressure_DOI,10.1021/je400885z,
mol_aa83aa52ed979dca,mol_e8aebb5fa90accd4,same_pressure_DOI,10.1021/je400951k,
mol_aa83aa52ed979dca,mol_a39fe39f3d910b4e,same_pressure_DOI,10.1021/je400951k,
mol_3590edb9884753b9,mol_d3125f71fb8f9281,same_pressure_DOI,10.1021/je401020e,
mol_3590edb9884753b9,mol_b6f411c1ad8b6e05,same_pressure_DOI,10.1021/je401020e,
mol_3590edb9884753b9,mol_91d56f798d34f28f,same_pressure_DOI,10.1021/je401020e,
mol_670136e04246f1d5,mol_496a55139eacec75,same_pressure_DOI,10.1021/je500092v,
mol_8411a1787a17bdb0,mol_2ea49b3823ebd7ad,same_pressure_DOI,10.1021/je500116z,
mol_1b927af3ef5d8701,mol_1e9d2e26a6ddc23d,same_pressure_DOI,10.1021/je500428d,
mol_70e48880798be543,mol_233b54030a79656e,same_pressure_DOI,10.1021/je500731x,
mol_70e48880798be543,mol_95868041bec1b2e7,same_pressure_DOI,10.1021/je500731x,
mol_2d09dab0a2be3f90,mol_8c6d4251bbcdb100,same_pressure_DOI,10.1021/je500784s,
mol_2d09dab0a2be3f90,mol_80db9b4fc382b414,same_pressure_DOI,10.1021/je500784s,
mol_2d09dab0a2be3f90,mol_275981bba78be1e1,same_pressure_DOI,10.1021/je500784s,
mol_2d09dab0a2be3f90,mol_3cb1734042df550a,same_pressure_DOI,10.1021/je500784s,
mol_2d09dab0a2be3f90,mol_900a0f38b179fea2,same_pressure_DOI,10.1021/je500784s,
mol_2d09dab0a2be3f90,mol_85133c3fe71552de,same_pressure_DOI,10.1021/je500784s,
mol_2d09dab0a2be3f90,mol_22be8c33c22b0b12,same_pressure_DOI,10.1021/je500784s,
mol_2d09dab0a2be3f90,mol_0eff9e7e919da986,same_pressure_DOI,10.1021/je500784s,
mol_2d09dab0a2be3f90,mol_12f2d4d05a0c8d09,same_pressure_DOI,10.1021/je500784s,
mol_2d09dab0a2be3f90,mol_fd8c11940511c457,same_pressure_DOI,10.1021/je500784s,
mol_6d4f973d7e18814a,mol_766e4af517e1fbbc,same_pressure_DOI,10.1021/je5008795,
mol_2ea49b3823ebd7ad,mol_538c4f0d7c4ce97e,same_pressure_DOI,10.1021/je501106d,
mol_f3ea48a487080019,mol_0598ed94e921fa46,same_pressure_DOI,10.1021/je700027n,
mol_a3ab0bd2d4d80422,mol_b73eb28e83f057b0,same_pressure_DOI,10.1021/je7001122,
mol_a3ab0bd2d4d80422,mol_e9e23b59358f5358,same_pressure_DOI,10.1021/je7001122,
mol_496a55139eacec75,mol_24c542b281c2477a,same_pressure_DOI,10.1021/je700398k,
mol_41da2435d36ad8a1,mol_3b4635f42f3caa44,same_pressure_DOI,10.1021/je7005924,
mol_538c4f0d7c4ce97e,mol_6a1b88d7d4729d66,same_pressure_DOI,10.1021/je7007523,
mol_e554601fff053edf,mol_a64b8a3e542d0885,same_pressure_DOI,10.1021/je800290k,
mol_e554601fff053edf,mol_7ff2a8a99ea3e83d,same_pressure_DOI,10.1021/je800290k,
mol_39d0980e9525ad01,mol_c5c000094b04a77b,same_pressure_DOI,10.1021/je800333q,
mol_e554601fff053edf,mol_43e3cdae7078a32d,same_pressure_DOI,10.1021/je800530u,
mol_784ee3742c50210b,mol_c47bc461dbb285de,same_pressure_DOI,10.1021/je800603z,
mol_784ee3742c50210b,mol_f612596591f38885,same_pressure_DOI,10.1021/je800603z,
mol_784ee3742c50210b,mol_c43b0ee134e86771,same_pressure_DOI,10.1021/je800603z,
mol_f32efffa3cd8e3f1,mol_e983a25bd52a944d,same_pressure_DOI,10.1021/je900050z,
mol_f32efffa3cd8e3f1,mol_b8293313f61ea38f,same_pressure_DOI,10.1021/je900050z,
mol_6543f20ed164282a,mol_67658075c3dea3a6,same_pressure_DOI,10.1021/je900258f,
mol_bf39f6deed5d4b6a,mol_9bae39b547067706,same_pressure_DOI,10.1021/je900293j,
mol_bf39f6deed5d4b6a,mol_b27150fe8ceb156d,same_pressure_DOI,10.1021/je900293j,
mol_ce50f4cf8290e782,mol_3590edb9884753b9,same_pressure_DOI,10.1021/je9004905,
mol_ce50f4cf8290e782,mol_16272dceff3c45bf,same_pressure_DOI,10.1021/je9004905,
mol_c30b4ae49b848357,mol_d395bc83f11503fd,same_pressure_DOI,10.1021/je901026b,
mol_b4ec50115958b3dd,mol_5dbb586fa38c6136,shared_enthalpy_reference,1901KAH,
mol_b4ec50115958b3dd,mol_cdea8ee7666036ab,shared_enthalpy_reference,1901KAH,
mol_f485c31dbb304f3b,mol_62b1e6f80fd72085,shared_enthalpy_reference,1901KAH2,
mol_77bbf943053f2531,mol_dd7217c8aa001588,shared_enthalpy_reference,1926MAT,
mol_77bbf943053f2531,mol_2d09dab0a2be3f90,shared_enthalpy_reference,1926MAT,
mol_77bbf943053f2531,mol_5a4aa50dd3cafc66,shared_enthalpy_reference,1926MAT,
mol_77bbf943053f2531,mol_5acfd4736e755185,shared_enthalpy_reference,1926MAT,
mol_77bbf943053f2531,mol_239cb7e490ad2a91,shared_enthalpy_reference,1926MAT,
mol_77bbf943053f2531,mol_9250348909aba0f8,shared_enthalpy_reference,1926MAT,
mol_77bbf943053f2531,mol_253d8d3c7e0ad521,shared_enthalpy_reference,1926MAT,
mol_538c4f0d7c4ce97e,mol_d395bc83f11503fd,shared_enthalpy_reference,1940PIT,
mol_a3ab0bd2d4d80422,mol_e983a25bd52a944d,shared_enthalpy_reference,1947OSB/GIN,
mol_a3ab0bd2d4d80422,mol_2ea49b3823ebd7ad,shared_enthalpy_reference,1947OSB/GIN,
mol_a3ab0bd2d4d80422,mol_b1820f534fb61402,shared_enthalpy_reference,1947OSB/GIN,
mol_a3ab0bd2d4d80422,mol_b44b37c017007981,shared_enthalpy_reference,1947OSB/GIN,
mol_a3ab0bd2d4d80422,mol_b94bab3d5b62c755,shared_enthalpy_reference,1947OSB/GIN,
mol_a3ab0bd2d4d80422,mol_eb0e7cd1593e34a5,shared_enthalpy_reference,1947OSB/GIN,
mol_a3ab0bd2d4d80422,mol_d40206d67276aa8c,shared_enthalpy_reference,1947OSB/GIN,
mol_a3ab0bd2d4d80422,mol_af4829eb52c939fe,shared_enthalpy_reference,1947OSB/GIN,
mol_a3ab0bd2d4d80422,mol_03247da988422eaf,shared_enthalpy_reference,1947OSB/GIN,
mol_a3ab0bd2d4d80422,mol_913f04ec4de50c29,shared_enthalpy_reference,1947OSB/GIN,
mol_a3ab0bd2d4d80422,mol_d395bc83f11503fd,shared_enthalpy_reference,1947OSB/GIN,
mol_a3ab0bd2d4d80422,mol_3147d9e632f76065,shared_enthalpy_reference,1947OSB/GIN,
mol_a3ab0bd2d4d80422,mol_3fd637a4d667fe51,shared_enthalpy_reference,1947OSB/GIN,
mol_b4b87befe28d84ce,mol_2465ec339bda2cbb,shared_enthalpy_reference,1963MCC/LAI,
mol_b4b87befe28d84ce,mol_83a135e5c50b66c1,shared_enthalpy_reference,1963MCC/LAI,
mol_b4b87befe28d84ce,mol_670136e04246f1d5,shared_enthalpy_reference,1963MCC/LAI,
mol_b4b87befe28d84ce,mol_8b6a2383c538f690,shared_enthalpy_reference,1963MCC/LAI,
mol_b4b87befe28d84ce,mol_c30b4ae49b848357,shared_enthalpy_reference,1963MCC/LAI,
mol_b4b87befe28d84ce,mol_b6b13d8dfbd75423,shared_enthalpy_reference,1963MCC/LAI,
mol_b4b87befe28d84ce,mol_f32efffa3cd8e3f1,shared_enthalpy_reference,1963MCC/LAI,
mol_b4b87befe28d84ce,mol_7bd3eb1878fd3045,shared_enthalpy_reference,1963MCC/LAI,
mol_b4b87befe28d84ce,mol_6dc54388549b234e,shared_enthalpy_reference,1963MCC/LAI,
mol_a3ab0bd2d4d80422,mol_7a77950532c8e700,shared_enthalpy_reference,1963MOR/SUN,
mol_a3ab0bd2d4d80422,mol_bf39f6deed5d4b6a,shared_enthalpy_reference,1963MOR/SUN,
mol_a3ab0bd2d4d80422,mol_913f04ec4de50c29,shared_enthalpy_reference,1963MOR/SUN,
mol_b4b87befe28d84ce,mol_2465ec339bda2cbb,shared_enthalpy_reference,1966WAD,
mol_b4b87befe28d84ce,mol_83a135e5c50b66c1,shared_enthalpy_reference,1966WAD,
mol_b4b87befe28d84ce,mol_670136e04246f1d5,shared_enthalpy_reference,1966WAD,
mol_b4b87befe28d84ce,mol_8b6a2383c538f690,shared_enthalpy_reference,1966WAD,
mol_b4b87befe28d84ce,mol_c30b4ae49b848357,shared_enthalpy_reference,1966WAD,
mol_b4b87befe28d84ce,mol_e55299b0f2600cdb,shared_enthalpy_reference,1966WAD,
mol_b4b87befe28d84ce,mol_6ea740b63f4d7f2b,shared_enthalpy_reference,1966WAD,
mol_b4b87befe28d84ce,mol_5fa3d4f920d98423,shared_enthalpy_reference,1966WAD,
mol_b4b87befe28d84ce,mol_502267b1d358ae7d,shared_enthalpy_reference,1966WAD,
mol_b4b87befe28d84ce,mol_a3ec1070c8366fe2,shared_enthalpy_reference,1966WAD,
mol_b4b87befe28d84ce,mol_435971c8aa9ce0da,shared_enthalpy_reference,1966WAD,
mol_b4b87befe28d84ce,mol_39beef09cdd1ae08,shared_enthalpy_reference,1966WAD,
mol_b4b87befe28d84ce,mol_212f24f877214356,shared_enthalpy_reference,1966WAD,
mol_b4b87befe28d84ce,mol_754b018a16a84522,shared_enthalpy_reference,1966WAD,
mol_b4b87befe28d84ce,mol_b8293313f61ea38f,shared_enthalpy_reference,1966WAD,
mol_b4b87befe28d84ce,mol_478c9e57637d58f1,shared_enthalpy_reference,1966WAD,
mol_b4b87befe28d84ce,mol_6dc54388549b234e,shared_enthalpy_reference,1966WAD,
mol_bcfe0436200b409a,mol_2f2b484f1c3d108f,shared_enthalpy_reference,1967HAL/LEE,
mol_bcfe0436200b409a,mol_360d41877d5341ed,shared_enthalpy_reference,1967HAL/LEE,
mol_5fa3d4f920d98423,mol_8c26cc46761de673,shared_enthalpy_reference,1968PLA/WIL,
mol_5fa3d4f920d98423,mol_55b6d752028fb5df,shared_enthalpy_reference,1968PLA/WIL,
mol_5fa3d4f920d98423,mol_5feb1fde294beccb,shared_enthalpy_reference,1968PLA/WIL,
mol_77bbf943053f2531,mol_6ea740b63f4d7f2b,shared_enthalpy_reference,1968WAD,
mol_77bbf943053f2531,mol_d2d85289da26a082,shared_enthalpy_reference,1968WAD,
mol_77bbf943053f2531,mol_8411a1787a17bdb0,shared_enthalpy_reference,1968WAD,
mol_77bbf943053f2531,mol_7a5b68b203cc6270,shared_enthalpy_reference,1968WAD,
mol_77bbf943053f2531,mol_528932d2a9841ae7,shared_enthalpy_reference,1968WAD,
mol_77bbf943053f2531,mol_71ac04ebc05b85f5,shared_enthalpy_reference,1968WAD,
mol_77bbf943053f2531,mol_b633c02df2e0c63b,shared_enthalpy_reference,1968WAD,
mol_77bbf943053f2531,mol_2d09dab0a2be3f90,shared_enthalpy_reference,1968WAD,
mol_77bbf943053f2531,mol_5a4aa50dd3cafc66,shared_enthalpy_reference,1968WAD,
mol_e9bda82626d344ab,mol_cdcd3722df880b7b,shared_enthalpy_reference,1969WAD,
mol_e9bda82626d344ab,mol_969f34406f44f7e7,shared_enthalpy_reference,1969WAD,
mol_e9bda82626d344ab,mol_b4ec50115958b3dd,shared_enthalpy_reference,1969WAD,
mol_e9bda82626d344ab,mol_cdea8ee7666036ab,shared_enthalpy_reference,1969WAD,
mol_e9bda82626d344ab,mol_784ee3742c50210b,shared_enthalpy_reference,1969WAD,
mol_e9bda82626d344ab,mol_7e0d1a628651aee9,shared_enthalpy_reference,1969WAD,
mol_b4b87befe28d84ce,mol_8b6a2383c538f690,shared_enthalpy_reference,1970COU/FEN,
mol_b4b87befe28d84ce,mol_435971c8aa9ce0da,shared_enthalpy_reference,1970COU/FEN,
mol_f485c31dbb304f3b,mol_25b76921742ed7fa,shared_enthalpy_reference,1970HOW/WAD,
mol_f485c31dbb304f3b,mol_5dbb586fa38c6136,shared_enthalpy_reference,1970HOW/WAD,
mol_91aa5b5594ca491a,mol_f4140df6fa2e15f2,shared_enthalpy_reference,1970KUS/WAD,
mol_21a4cd711754eeed,mol_b482dd7c4a655efd,shared_enthalpy_reference,1971KUS/WAD,
mol_21a4cd711754eeed,mol_2901cf755cab0466,shared_enthalpy_reference,1971KUS/WAD,
mol_b4b87befe28d84ce,mol_2465ec339bda2cbb,shared_enthalpy_reference,1971POL/BEN,
mol_b4b87befe28d84ce,mol_83a135e5c50b66c1,shared_enthalpy_reference,1971POL/BEN,
mol_b4b87befe28d84ce,mol_670136e04246f1d5,shared_enthalpy_reference,1971POL/BEN,
mol_b4b87befe28d84ce,mol_8b6a2383c538f690,shared_enthalpy_reference,1971POL/BEN,
mol_b4b87befe28d84ce,mol_c30b4ae49b848357,shared_enthalpy_reference,1971POL/BEN,
mol_b4b87befe28d84ce,mol_6dc54388549b234e,shared_enthalpy_reference,1971POL/BEN,
mol_69df6d03bf2d6749,mol_f45d44d06aa6449e,shared_enthalpy_reference,1972LAY/WAD,
mol_c38e9861aa13f05a,mol_3bc540c095f58f95,shared_enthalpy_reference,1972MOR,
mol_7a77950532c8e700,mol_bf39f6deed5d4b6a,shared_enthalpy_reference,1972MOR2,
mol_2e302d909c9e5e5c,mol_6dc54388549b234e,shared_enthalpy_reference,1973COU/LEE,
mol_e36df2c2d963afd3,mol_502267b1d358ae7d,shared_enthalpy_reference,1973GEI/QUI,
mol_e36df2c2d963afd3,mol_a3ec1070c8366fe2,shared_enthalpy_reference,1973GEI/QUI,
mol_e36df2c2d963afd3,mol_301d3a83ae1e6ae0,shared_enthalpy_reference,1973GEI/QUI,
mol_2465ec339bda2cbb,mol_670136e04246f1d5,shared_enthalpy_reference,1973SVO/VES,
mol_2465ec339bda2cbb,mol_fb8c516f3cf70b3f,shared_enthalpy_reference,1973SVO/VES,
mol_2465ec339bda2cbb,mol_e983a25bd52a944d,shared_enthalpy_reference,1973SVO/VES,
mol_2465ec339bda2cbb,mol_b1820f534fb61402,shared_enthalpy_reference,1973SVO/VES,
mol_2465ec339bda2cbb,mol_6dc54388549b234e,shared_enthalpy_reference,1973SVO/VES,
mol_024c11ca89792376,mol_896a74ad0b2a7fde,shared_enthalpy_reference,1975FEN/HAR,
mol_024c11ca89792376,mol_360d41877d5341ed,shared_enthalpy_reference,1975FEN/HAR,
mol_2e538f5e181d5946,mol_d079a9561d9d2641,shared_enthalpy_reference,1977MAN/SEL,
mol_2e538f5e181d5946,mol_5e1a76b3fc001a63,shared_enthalpy_reference,1977MAN/SEL,
mol_2e538f5e181d5946,mol_71d239be146a61dd,shared_enthalpy_reference,1977MAN/SEL,
mol_2e538f5e181d5946,mol_a557d965b4ca95e1,shared_enthalpy_reference,1977MAN/SEL,
mol_2e538f5e181d5946,mol_2c8fece1c354948f,shared_enthalpy_reference,1977MAN/SEL,
mol_2e538f5e181d5946,mol_b8293313f61ea38f,shared_enthalpy_reference,1977MAN/SEL,
mol_2e538f5e181d5946,mol_41edcf15887aae47,shared_enthalpy_reference,1977MAN/SEL,
mol_2e538f5e181d5946,mol_e687bcf74e76aad5,shared_enthalpy_reference,1977MAN/SEL,
mol_2e538f5e181d5946,mol_c24403b08adc6841,shared_enthalpy_reference,1977MAN/SEL,
mol_2e538f5e181d5946,mol_4ffa7abfb5a2e402,shared_enthalpy_reference,1977MAN/SEL,
mol_2e538f5e181d5946,mol_a39fe39f3d910b4e,shared_enthalpy_reference,1977MAN/SEL,
mol_2e538f5e181d5946,mol_fe38c48a132d8ec5,shared_enthalpy_reference,1977MAN/SEL,
mol_c1c12a449ac15fd2,mol_f23ee274fe9afdfa,shared_enthalpy_reference,1977STRI/SUN,
mol_c1c12a449ac15fd2,mol_30519df461efd318,shared_enthalpy_reference,1977STRI/SUN,
mol_c1c12a449ac15fd2,mol_ea37acee7bc3d9f6,shared_enthalpy_reference,1977STRI/SUN,
mol_e55299b0f2600cdb,mol_502267b1d358ae7d,shared_enthalpy_reference,1977SVO/VES,
mol_e55299b0f2600cdb,mol_6eb44d0732fcdc70,shared_enthalpy_reference,1977SVO/VES,
mol_e983a25bd52a944d,mol_2ea49b3823ebd7ad,shared_enthalpy_reference,1979MAJ/SVO,
mol_e983a25bd52a944d,mol_256a0ea2592048b0,shared_enthalpy_reference,1979MAJ/SVO,
mol_e983a25bd52a944d,mol_538c4f0d7c4ce97e,shared_enthalpy_reference,1979MAJ/SVO,
mol_e983a25bd52a944d,mol_913f04ec4de50c29,shared_enthalpy_reference,1979MAJ/SVO,
mol_e983a25bd52a944d,mol_d395bc83f11503fd,shared_enthalpy_reference,1979MAJ/SVO,
mol_969f34406f44f7e7,mol_df36260e25a0f59a,shared_enthalpy_reference,1979MAJ/SVO2,
mol_969f34406f44f7e7,mol_784ee3742c50210b,shared_enthalpy_reference,1979MAJ/SVO2,
mol_e36df2c2d963afd3,mol_8568098f87e46d1f,shared_enthalpy_reference,1979SUN/SVE2,
mol_e36df2c2d963afd3,mol_70e48880798be543,shared_enthalpy_reference,1979SUN/SVE2,
mol_520d932204fca4b7,mol_69df6d03bf2d6749,shared_enthalpy_reference,1980MAJ/SVA,
mol_520d932204fca4b7,mol_f45d44d06aa6449e,shared_enthalpy_reference,1980MAJ/SVA,
mol_520d932204fca4b7,mol_77bbf943053f2531,shared_enthalpy_reference,1980MAJ/SVA,
mol_520d932204fca4b7,mol_c555c47fe3d2bf7e,shared_enthalpy_reference,1980MAJ/SVA,
mol_fc1211201dbfeedf,mol_024c11ca89792376,shared_enthalpy_reference,1980MAJ/WAG,
mol_fc1211201dbfeedf,mol_896a74ad0b2a7fde,shared_enthalpy_reference,1980MAJ/WAG,
mol_fc1211201dbfeedf,mol_a6ed1653bde80123,shared_enthalpy_reference,1980MAJ/WAG,
mol_fc1211201dbfeedf,mol_e82f68770fb0a3fb,shared_enthalpy_reference,1980MAJ/WAG,
mol_fc1211201dbfeedf,mol_4e6567a0dc6bd494,shared_enthalpy_reference,1980MAJ/WAG,
mol_fc1211201dbfeedf,mol_6a1b88d7d4729d66,shared_enthalpy_reference,1980MAJ/WAG,
mol_e55299b0f2600cdb,mol_dd7217c8aa001588,shared_enthalpy_reference,1980SVO/UCH,
mol_e55299b0f2600cdb,mol_502267b1d358ae7d,shared_enthalpy_reference,1980SVO/UCH,
mol_e55299b0f2600cdb,mol_6eb44d0732fcdc70,shared_enthalpy_reference,1980SVO/UCH,
mol_e55299b0f2600cdb,mol_39beef09cdd1ae08,shared_enthalpy_reference,1980SVO/UCH,
mol_e36df2c2d963afd3,mol_bcfe0436200b409a,shared_enthalpy_reference,1981GAT/STR,
mol_e36df2c2d963afd3,mol_2f2b484f1c3d108f,shared_enthalpy_reference,1981GAT/STR,
mol_e36df2c2d963afd3,mol_8568098f87e46d1f,shared_enthalpy_reference,1981GAT/STR,
mol_e36df2c2d963afd3,mol_241178e06777b8f6,shared_enthalpy_reference,1981GAT/STR,
mol_e36df2c2d963afd3,mol_2c8fece1c354948f,shared_enthalpy_reference,1981GAT/STR,
mol_e36df2c2d963afd3,mol_70e48880798be543,shared_enthalpy_reference,1981GAT/STR,
mol_e36df2c2d963afd3,mol_478c9e57637d58f1,shared_enthalpy_reference,1981GAT/STR,
mol_d256cec7b59305ff,mol_fb79232c4db917be,shared_enthalpy_reference,1981HOS/SCO,
mol_b94bab3d5b62c755,mol_eb0e7cd1593e34a5,shared_enthalpy_reference,1981HOS/SCO3,
mol_b94bab3d5b62c755,mol_84afa114cb8b9453,shared_enthalpy_reference,1981HOS/SCO3,
mol_d2d85289da26a082,mol_528932d2a9841ae7,shared_enthalpy_reference,1981TEK/MAJ,
mol_d2d85289da26a082,mol_71ac04ebc05b85f5,shared_enthalpy_reference,1981TEK/MAJ,
mol_670136e04246f1d5,mol_6a1b88d7d4729d66,shared_enthalpy_reference,1982FUC/PEA,
mol_a3ab0bd2d4d80422,mol_e983a25bd52a944d,shared_enthalpy_reference,1982FUR/SAK,
mol_a3ab0bd2d4d80422,mol_6fbb7c525fc1c495,shared_enthalpy_reference,1982FUR/SAK,
mol_b94bab3d5b62c755,mol_c24403b08adc6841,shared_enthalpy_reference,1982SVO/CHA,
mol_b94bab3d5b62c755,mol_d395bc83f11503fd,shared_enthalpy_reference,1982SVO/CHA,
mol_e36df2c2d963afd3,mol_bcfe0436200b409a,shared_enthalpy_reference,1983UCH/MAJ,
mol_e36df2c2d963afd3,mol_2f2b484f1c3d108f,shared_enthalpy_reference,1983UCH/MAJ,
mol_e36df2c2d963afd3,mol_301d3a83ae1e6ae0,shared_enthalpy_reference,1983UCH/MAJ,
mol_8b6a2383c538f690,mol_c30b4ae49b848357,shared_enthalpy_reference,1984MAJ/SVO,
mol_28d861e75826cef3,mol_e840c319a89074e3,shared_enthalpy_reference,1985KUS,
mol_28d861e75826cef3,mol_969f34406f44f7e7,shared_enthalpy_reference,1985KUS,
mol_435971c8aa9ce0da,mol_f32efffa3cd8e3f1,shared_enthalpy_reference,1985MAJ/SVO2,
mol_435971c8aa9ce0da,mol_7bd3eb1878fd3045,shared_enthalpy_reference,1985MAJ/SVO2,
mol_435971c8aa9ce0da,mol_34651b4ffde1812d,shared_enthalpy_reference,1985MAJ/SVO2,
mol_435971c8aa9ce0da,mol_dee0d48887c32f73,shared_enthalpy_reference,1985MAJ/SVO2,
mol_b44b37c017007981,mol_eb0e7cd1593e34a5,shared_enthalpy_reference,1985NAT/VIS,
mol_b4b87befe28d84ce,mol_e983a25bd52a944d,shared_enthalpy_reference,1988DON/LIN,
mol_b4b87befe28d84ce,mol_b1820f534fb61402,shared_enthalpy_reference,1988DON/LIN,
mol_3590edb9884753b9,mol_4f13a4696bbfcaf9,shared_enthalpy_reference,1988KNA/SAB,
mol_3590edb9884753b9,mol_d3125f71fb8f9281,shared_enthalpy_reference,1988KNA/SAB,
mol_77bbf943053f2531,mol_e6f8f97a2caa00b9,shared_enthalpy_reference,1989AN/HU,
mol_77bbf943053f2531,mol_c5207e620c9fcfd3,shared_enthalpy_reference,1989AN/HU,
mol_8af87cc50053180a,mol_28d861e75826cef3,shared_enthalpy_reference,1989VOR/KLY,
mol_8af87cc50053180a,mol_9b5c2e3993415780,shared_enthalpy_reference,1989VOR/KLY,
mol_8af87cc50053180a,mol_e840c319a89074e3,shared_enthalpy_reference,1989VOR/KLY,
mol_3590edb9884753b9,mol_4f13a4696bbfcaf9,shared_enthalpy_reference,1990KNA/SAB2,
mol_3590edb9884753b9,mol_d3125f71fb8f9281,shared_enthalpy_reference,1990KNA/SAB2,
mol_e03ddfeaf65a0134,mol_cee7ca25fc127d19,shared_enthalpy_reference,1991VOR/KLY2,
mol_55b6d752028fb5df,mol_301d3a83ae1e6ae0,shared_enthalpy_reference,1992SVO/KUB,
mol_2ea49b3823ebd7ad,mol_3fd637a4d667fe51,shared_enthalpy_reference,1996VAR/PAS,
mol_a3ab0bd2d4d80422,mol_58c591d9024d1c78,shared_enthalpy_reference,1996VIT/CHA,
mol_a3ab0bd2d4d80422,mol_7a77950532c8e700,shared_enthalpy_reference,1996VIT/CHA,
mol_a3ab0bd2d4d80422,mol_bf39f6deed5d4b6a,shared_enthalpy_reference,1996VIT/CHA,
mol_a3ab0bd2d4d80422,mol_3fd637a4d667fe51,shared_enthalpy_reference,1996VIT/CHA,
mol_a41185fe88971a35,mol_3e3fe40dbc9b9649,shared_enthalpy_reference,1999MO/YAN,
mol_354c60c5de252d85,mol_ed685a6001d3930a,shared_enthalpy_reference,2000RIB/RIB2,
mol_65b637e94cd66c7e,mol_17a72fa1b6a75538,shared_enthalpy_reference,2003ZAI/VER,
mol_65b637e94cd66c7e,mol_a78531f40bfa734a,shared_enthalpy_reference,2003ZAI/VER,
mol_65b637e94cd66c7e,mol_ad64c2cfe3c93488,shared_enthalpy_reference,2003ZAI/VER,
mol_65b637e94cd66c7e,mol_20837b2036542f40,shared_enthalpy_reference,2003ZAI/VER,
mol_65b637e94cd66c7e,mol_17a72fa1b6a75538,shared_enthalpy_reference,2004PAU/ZAI,
mol_65b637e94cd66c7e,mol_a78531f40bfa734a,shared_enthalpy_reference,2004PAU/ZAI,
mol_65b637e94cd66c7e,mol_ad64c2cfe3c93488,shared_enthalpy_reference,2004PAU/ZAI,
mol_65b637e94cd66c7e,mol_20837b2036542f40,shared_enthalpy_reference,2004PAU/ZAI,
mol_58c591d9024d1c78,mol_2ea49b3823ebd7ad,shared_enthalpy_reference,2007PAS/KUZ,
mol_58c591d9024d1c78,mol_3fd637a4d667fe51,shared_enthalpy_reference,2007PAS/KUZ,
mol_9d47f5f4c0b23422,mol_f51711463f7a60d1,shared_enthalpy_reference,2007RIB/FRE,
mol_467811238401dcaa,mol_4581eaef241767fe,shared_enthalpy_reference,2010RIB/AMA,
mol_dd7217c8aa001588,mol_5acfd4736e755185,shared_enthalpy_reference,2012SAM/NAZ,
mol_5a4aa50dd3cafc66,mol_239cb7e490ad2a91,shared_enthalpy_reference,2014VER/EME,
mol_5a4aa50dd3cafc66,mol_9250348909aba0f8,shared_enthalpy_reference,2014VER/EME,
mol_65b637e94cd66c7e,mol_17a72fa1b6a75538,shared_enthalpy_reference,doi:10.1021/je025634v,
mol_65b637e94cd66c7e,mol_a78531f40bfa734a,shared_enthalpy_reference,doi:10.1021/je025634v,
mol_65b637e94cd66c7e,mol_ad64c2cfe3c93488,shared_enthalpy_reference,doi:10.1021/je025634v,
mol_65b637e94cd66c7e,mol_20837b2036542f40,shared_enthalpy_reference,doi:10.1021/je025634v,
mol_b4ec50115958b3dd,mol_5dbb586fa38c6136,possible_enthalpy_pressure_source_alias,1901KAH,
mol_b4ec50115958b3dd,mol_cdea8ee7666036ab,possible_enthalpy_pressure_source_alias,1901KAH,
mol_f485c31dbb304f3b,mol_62b1e6f80fd72085,possible_enthalpy_pressure_source_alias,1901KAH2,
mol_77bbf943053f2531,mol_dd7217c8aa001588,possible_enthalpy_pressure_source_alias,1926MAT,
mol_77bbf943053f2531,mol_2d09dab0a2be3f90,possible_enthalpy_pressure_source_alias,1926MAT,
mol_77bbf943053f2531,mol_5a4aa50dd3cafc66,possible_enthalpy_pressure_source_alias,1926MAT,
mol_77bbf943053f2531,mol_5acfd4736e755185,possible_enthalpy_pressure_source_alias,1926MAT,
mol_77bbf943053f2531,mol_239cb7e490ad2a91,possible_enthalpy_pressure_source_alias,1926MAT,
mol_77bbf943053f2531,mol_9250348909aba0f8,possible_enthalpy_pressure_source_alias,1926MAT,
mol_77bbf943053f2531,mol_253d8d3c7e0ad521,possible_enthalpy_pressure_source_alias,1926MAT,
mol_538c4f0d7c4ce97e,mol_d395bc83f11503fd,possible_enthalpy_pressure_source_alias,1940PIT,
mol_a3ab0bd2d4d80422,mol_e983a25bd52a944d,possible_enthalpy_pressure_source_alias,1947OSB/GIN,
mol_a3ab0bd2d4d80422,mol_2ea49b3823ebd7ad,possible_enthalpy_pressure_source_alias,1947OSB/GIN,
mol_a3ab0bd2d4d80422,mol_b1820f534fb61402,possible_enthalpy_pressure_source_alias,1947OSB/GIN,
mol_a3ab0bd2d4d80422,mol_b44b37c017007981,possible_enthalpy_pressure_source_alias,1947OSB/GIN,
mol_a3ab0bd2d4d80422,mol_b94bab3d5b62c755,possible_enthalpy_pressure_source_alias,1947OSB/GIN,
mol_a3ab0bd2d4d80422,mol_eb0e7cd1593e34a5,possible_enthalpy_pressure_source_alias,1947OSB/GIN,
mol_a3ab0bd2d4d80422,mol_d40206d67276aa8c,possible_enthalpy_pressure_source_alias,1947OSB/GIN,
mol_a3ab0bd2d4d80422,mol_af4829eb52c939fe,possible_enthalpy_pressure_source_alias,1947OSB/GIN,
mol_a3ab0bd2d4d80422,mol_03247da988422eaf,possible_enthalpy_pressure_source_alias,1947OSB/GIN,
mol_a3ab0bd2d4d80422,mol_913f04ec4de50c29,possible_enthalpy_pressure_source_alias,1947OSB/GIN,
mol_a3ab0bd2d4d80422,mol_d395bc83f11503fd,possible_enthalpy_pressure_source_alias,1947OSB/GIN,
mol_a3ab0bd2d4d80422,mol_3147d9e632f76065,possible_enthalpy_pressure_source_alias,1947OSB/GIN,
mol_a3ab0bd2d4d80422,mol_3fd637a4d667fe51,possible_enthalpy_pressure_source_alias,1947OSB/GIN,
mol_b4b87befe28d84ce,mol_2465ec339bda2cbb,possible_enthalpy_pressure_source_alias,1963MCC/LAI,
mol_b4b87befe28d84ce,mol_83a135e5c50b66c1,possible_enthalpy_pressure_source_alias,1963MCC/LAI,
mol_b4b87befe28d84ce,mol_670136e04246f1d5,possible_enthalpy_pressure_source_alias,1963MCC/LAI,
mol_b4b87befe28d84ce,mol_8b6a2383c538f690,possible_enthalpy_pressure_source_alias,1963MCC/LAI,
mol_b4b87befe28d84ce,mol_c30b4ae49b848357,possible_enthalpy_pressure_source_alias,1963MCC/LAI,
mol_b4b87befe28d84ce,mol_b6b13d8dfbd75423,possible_enthalpy_pressure_source_alias,1963MCC/LAI,
mol_b4b87befe28d84ce,mol_f32efffa3cd8e3f1,possible_enthalpy_pressure_source_alias,1963MCC/LAI,
mol_b4b87befe28d84ce,mol_7bd3eb1878fd3045,possible_enthalpy_pressure_source_alias,1963MCC/LAI,
mol_b4b87befe28d84ce,mol_6dc54388549b234e,possible_enthalpy_pressure_source_alias,1963MCC/LAI,
mol_a3ab0bd2d4d80422,mol_7a77950532c8e700,possible_enthalpy_pressure_source_alias,1963MOR/SUN,
mol_a3ab0bd2d4d80422,mol_bf39f6deed5d4b6a,possible_enthalpy_pressure_source_alias,1963MOR/SUN,
mol_a3ab0bd2d4d80422,mol_913f04ec4de50c29,possible_enthalpy_pressure_source_alias,1963MOR/SUN,
mol_b4b87befe28d84ce,mol_2465ec339bda2cbb,possible_enthalpy_pressure_source_alias,1966WAD,
mol_b4b87befe28d84ce,mol_83a135e5c50b66c1,possible_enthalpy_pressure_source_alias,1966WAD,
mol_b4b87befe28d84ce,mol_670136e04246f1d5,possible_enthalpy_pressure_source_alias,1966WAD,
mol_b4b87befe28d84ce,mol_8b6a2383c538f690,possible_enthalpy_pressure_source_alias,1966WAD,
mol_b4b87befe28d84ce,mol_c30b4ae49b848357,possible_enthalpy_pressure_source_alias,1966WAD,
mol_b4b87befe28d84ce,mol_e55299b0f2600cdb,possible_enthalpy_pressure_source_alias,1966WAD,
mol_b4b87befe28d84ce,mol_6ea740b63f4d7f2b,possible_enthalpy_pressure_source_alias,1966WAD,
mol_b4b87befe28d84ce,mol_5fa3d4f920d98423,possible_enthalpy_pressure_source_alias,1966WAD,
mol_b4b87befe28d84ce,mol_502267b1d358ae7d,possible_enthalpy_pressure_source_alias,1966WAD,
mol_b4b87befe28d84ce,mol_a3ec1070c8366fe2,possible_enthalpy_pressure_source_alias,1966WAD,
mol_b4b87befe28d84ce,mol_435971c8aa9ce0da,possible_enthalpy_pressure_source_alias,1966WAD,
mol_b4b87befe28d84ce,mol_39beef09cdd1ae08,possible_enthalpy_pressure_source_alias,1966WAD,
mol_b4b87befe28d84ce,mol_212f24f877214356,possible_enthalpy_pressure_source_alias,1966WAD,
mol_b4b87befe28d84ce,mol_754b018a16a84522,possible_enthalpy_pressure_source_alias,1966WAD,
mol_b4b87befe28d84ce,mol_b8293313f61ea38f,possible_enthalpy_pressure_source_alias,1966WAD,
mol_b4b87befe28d84ce,mol_478c9e57637d58f1,possible_enthalpy_pressure_source_alias,1966WAD,
mol_b4b87befe28d84ce,mol_6dc54388549b234e,possible_enthalpy_pressure_source_alias,1966WAD,
mol_bcfe0436200b409a,mol_2f2b484f1c3d108f,possible_enthalpy_pressure_source_alias,1967HAL/LEE,
mol_bcfe0436200b409a,mol_360d41877d5341ed,possible_enthalpy_pressure_source_alias,1967HAL/LEE,
mol_5fa3d4f920d98423,mol_8c26cc46761de673,possible_enthalpy_pressure_source_alias,1968PLA/WIL,
mol_5fa3d4f920d98423,mol_55b6d752028fb5df,possible_enthalpy_pressure_source_alias,1968PLA/WIL,
mol_5fa3d4f920d98423,mol_5feb1fde294beccb,possible_enthalpy_pressure_source_alias,1968PLA/WIL,
mol_77bbf943053f2531,mol_6ea740b63f4d7f2b,possible_enthalpy_pressure_source_alias,1968WAD,
mol_77bbf943053f2531,mol_d2d85289da26a082,possible_enthalpy_pressure_source_alias,1968WAD,
mol_77bbf943053f2531,mol_8411a1787a17bdb0,possible_enthalpy_pressure_source_alias,1968WAD,
mol_77bbf943053f2531,mol_7a5b68b203cc6270,possible_enthalpy_pressure_source_alias,1968WAD,
mol_77bbf943053f2531,mol_528932d2a9841ae7,possible_enthalpy_pressure_source_alias,1968WAD,
mol_77bbf943053f2531,mol_71ac04ebc05b85f5,possible_enthalpy_pressure_source_alias,1968WAD,
mol_77bbf943053f2531,mol_b633c02df2e0c63b,possible_enthalpy_pressure_source_alias,1968WAD,
mol_77bbf943053f2531,mol_2d09dab0a2be3f90,possible_enthalpy_pressure_source_alias,1968WAD,
mol_77bbf943053f2531,mol_5a4aa50dd3cafc66,possible_enthalpy_pressure_source_alias,1968WAD,
mol_e9bda82626d344ab,mol_cdcd3722df880b7b,possible_enthalpy_pressure_source_alias,1969WAD,
mol_e9bda82626d344ab,mol_969f34406f44f7e7,possible_enthalpy_pressure_source_alias,1969WAD,
mol_e9bda82626d344ab,mol_b4ec50115958b3dd,possible_enthalpy_pressure_source_alias,1969WAD,
mol_e9bda82626d344ab,mol_cdea8ee7666036ab,possible_enthalpy_pressure_source_alias,1969WAD,
mol_e9bda82626d344ab,mol_784ee3742c50210b,possible_enthalpy_pressure_source_alias,1969WAD,
mol_e9bda82626d344ab,mol_7e0d1a628651aee9,possible_enthalpy_pressure_source_alias,1969WAD,
mol_b4b87befe28d84ce,mol_8b6a2383c538f690,possible_enthalpy_pressure_source_alias,1970COU/FEN,
mol_b4b87befe28d84ce,mol_435971c8aa9ce0da,possible_enthalpy_pressure_source_alias,1970COU/FEN,
mol_f485c31dbb304f3b,mol_25b76921742ed7fa,possible_enthalpy_pressure_source_alias,1970HOW/WAD,
mol_f485c31dbb304f3b,mol_5dbb586fa38c6136,possible_enthalpy_pressure_source_alias,1970HOW/WAD,
mol_91aa5b5594ca491a,mol_f4140df6fa2e15f2,possible_enthalpy_pressure_source_alias,1970KUS/WAD,
mol_21a4cd711754eeed,mol_b482dd7c4a655efd,possible_enthalpy_pressure_source_alias,1971KUS/WAD,
mol_21a4cd711754eeed,mol_2901cf755cab0466,possible_enthalpy_pressure_source_alias,1971KUS/WAD,
mol_b4b87befe28d84ce,mol_2465ec339bda2cbb,possible_enthalpy_pressure_source_alias,1971POL/BEN,
mol_b4b87befe28d84ce,mol_83a135e5c50b66c1,possible_enthalpy_pressure_source_alias,1971POL/BEN,
mol_b4b87befe28d84ce,mol_670136e04246f1d5,possible_enthalpy_pressure_source_alias,1971POL/BEN,
mol_b4b87befe28d84ce,mol_8b6a2383c538f690,possible_enthalpy_pressure_source_alias,1971POL/BEN,
mol_b4b87befe28d84ce,mol_c30b4ae49b848357,possible_enthalpy_pressure_source_alias,1971POL/BEN,
mol_b4b87befe28d84ce,mol_6dc54388549b234e,possible_enthalpy_pressure_source_alias,1971POL/BEN,
mol_69df6d03bf2d6749,mol_f45d44d06aa6449e,possible_enthalpy_pressure_source_alias,1972LAY/WAD,
mol_c38e9861aa13f05a,mol_3bc540c095f58f95,possible_enthalpy_pressure_source_alias,1972MOR,
mol_7a77950532c8e700,mol_bf39f6deed5d4b6a,possible_enthalpy_pressure_source_alias,1972MOR2,
mol_2e302d909c9e5e5c,mol_6dc54388549b234e,possible_enthalpy_pressure_source_alias,1973COU/LEE,
mol_e36df2c2d963afd3,mol_502267b1d358ae7d,possible_enthalpy_pressure_source_alias,1973GEI/QUI,
mol_e36df2c2d963afd3,mol_a3ec1070c8366fe2,possible_enthalpy_pressure_source_alias,1973GEI/QUI,
mol_e36df2c2d963afd3,mol_301d3a83ae1e6ae0,possible_enthalpy_pressure_source_alias,1973GEI/QUI,
mol_2465ec339bda2cbb,mol_670136e04246f1d5,possible_enthalpy_pressure_source_alias,1973SVO/VES,
mol_2465ec339bda2cbb,mol_fb8c516f3cf70b3f,possible_enthalpy_pressure_source_alias,1973SVO/VES,
mol_2465ec339bda2cbb,mol_e983a25bd52a944d,possible_enthalpy_pressure_source_alias,1973SVO/VES,
mol_2465ec339bda2cbb,mol_b1820f534fb61402,possible_enthalpy_pressure_source_alias,1973SVO/VES,
mol_2465ec339bda2cbb,mol_6dc54388549b234e,possible_enthalpy_pressure_source_alias,1973SVO/VES,
mol_024c11ca89792376,mol_896a74ad0b2a7fde,possible_enthalpy_pressure_source_alias,1975FEN/HAR,
mol_024c11ca89792376,mol_360d41877d5341ed,possible_enthalpy_pressure_source_alias,1975FEN/HAR,
mol_2e538f5e181d5946,mol_d079a9561d9d2641,possible_enthalpy_pressure_source_alias,1977MAN/SEL,
mol_2e538f5e181d5946,mol_5e1a76b3fc001a63,possible_enthalpy_pressure_source_alias,1977MAN/SEL,
mol_2e538f5e181d5946,mol_71d239be146a61dd,possible_enthalpy_pressure_source_alias,1977MAN/SEL,
mol_2e538f5e181d5946,mol_a557d965b4ca95e1,possible_enthalpy_pressure_source_alias,1977MAN/SEL,
mol_2e538f5e181d5946,mol_2c8fece1c354948f,possible_enthalpy_pressure_source_alias,1977MAN/SEL,
mol_2e538f5e181d5946,mol_b8293313f61ea38f,possible_enthalpy_pressure_source_alias,1977MAN/SEL,
mol_2e538f5e181d5946,mol_41edcf15887aae47,possible_enthalpy_pressure_source_alias,1977MAN/SEL,
mol_2e538f5e181d5946,mol_e687bcf74e76aad5,possible_enthalpy_pressure_source_alias,1977MAN/SEL,
mol_2e538f5e181d5946,mol_c24403b08adc6841,possible_enthalpy_pressure_source_alias,1977MAN/SEL,
mol_2e538f5e181d5946,mol_4ffa7abfb5a2e402,possible_enthalpy_pressure_source_alias,1977MAN/SEL,
mol_2e538f5e181d5946,mol_a39fe39f3d910b4e,possible_enthalpy_pressure_source_alias,1977MAN/SEL,
mol_2e538f5e181d5946,mol_fe38c48a132d8ec5,possible_enthalpy_pressure_source_alias,1977MAN/SEL,
mol_c1c12a449ac15fd2,mol_f23ee274fe9afdfa,possible_enthalpy_pressure_source_alias,1977STRI/SUN,
mol_c1c12a449ac15fd2,mol_30519df461efd318,possible_enthalpy_pressure_source_alias,1977STRI/SUN,
mol_c1c12a449ac15fd2,mol_ea37acee7bc3d9f6,possible_enthalpy_pressure_source_alias,1977STRI/SUN,
mol_e55299b0f2600cdb,mol_502267b1d358ae7d,possible_enthalpy_pressure_source_alias,1977SVO/VES,
mol_e55299b0f2600cdb,mol_6eb44d0732fcdc70,possible_enthalpy_pressure_source_alias,1977SVO/VES,
mol_e983a25bd52a944d,mol_2ea49b3823ebd7ad,possible_enthalpy_pressure_source_alias,1979MAJ/SVO,
mol_e983a25bd52a944d,mol_256a0ea2592048b0,possible_enthalpy_pressure_source_alias,1979MAJ/SVO,
mol_e983a25bd52a944d,mol_538c4f0d7c4ce97e,possible_enthalpy_pressure_source_alias,1979MAJ/SVO,
mol_e983a25bd52a944d,mol_913f04ec4de50c29,possible_enthalpy_pressure_source_alias,1979MAJ/SVO,
mol_e983a25bd52a944d,mol_d395bc83f11503fd,possible_enthalpy_pressure_source_alias,1979MAJ/SVO,
mol_969f34406f44f7e7,mol_df36260e25a0f59a,possible_enthalpy_pressure_source_alias,1979MAJ/SVO2,
mol_969f34406f44f7e7,mol_784ee3742c50210b,possible_enthalpy_pressure_source_alias,1979MAJ/SVO2,
mol_e36df2c2d963afd3,mol_8568098f87e46d1f,possible_enthalpy_pressure_source_alias,1979SUN/SVE2,
mol_e36df2c2d963afd3,mol_70e48880798be543,possible_enthalpy_pressure_source_alias,1979SUN/SVE2,
mol_520d932204fca4b7,mol_69df6d03bf2d6749,possible_enthalpy_pressure_source_alias,1980MAJ/SVA,
mol_520d932204fca4b7,mol_f45d44d06aa6449e,possible_enthalpy_pressure_source_alias,1980MAJ/SVA,
mol_520d932204fca4b7,mol_77bbf943053f2531,possible_enthalpy_pressure_source_alias,1980MAJ/SVA,
mol_520d932204fca4b7,mol_c555c47fe3d2bf7e,possible_enthalpy_pressure_source_alias,1980MAJ/SVA,
mol_fc1211201dbfeedf,mol_024c11ca89792376,possible_enthalpy_pressure_source_alias,1980MAJ/WAG,
mol_fc1211201dbfeedf,mol_896a74ad0b2a7fde,possible_enthalpy_pressure_source_alias,1980MAJ/WAG,
mol_fc1211201dbfeedf,mol_a6ed1653bde80123,possible_enthalpy_pressure_source_alias,1980MAJ/WAG,
mol_fc1211201dbfeedf,mol_e82f68770fb0a3fb,possible_enthalpy_pressure_source_alias,1980MAJ/WAG,
mol_fc1211201dbfeedf,mol_4e6567a0dc6bd494,possible_enthalpy_pressure_source_alias,1980MAJ/WAG,
mol_fc1211201dbfeedf,mol_6a1b88d7d4729d66,possible_enthalpy_pressure_source_alias,1980MAJ/WAG,
mol_e55299b0f2600cdb,mol_dd7217c8aa001588,possible_enthalpy_pressure_source_alias,1980SVO/UCH,
mol_e55299b0f2600cdb,mol_502267b1d358ae7d,possible_enthalpy_pressure_source_alias,1980SVO/UCH,
mol_e55299b0f2600cdb,mol_6eb44d0732fcdc70,possible_enthalpy_pressure_source_alias,1980SVO/UCH,
mol_e55299b0f2600cdb,mol_39beef09cdd1ae08,possible_enthalpy_pressure_source_alias,1980SVO/UCH,
mol_e36df2c2d963afd3,mol_bcfe0436200b409a,possible_enthalpy_pressure_source_alias,1981GAT/STR,
mol_e36df2c2d963afd3,mol_2f2b484f1c3d108f,possible_enthalpy_pressure_source_alias,1981GAT/STR,
mol_e36df2c2d963afd3,mol_8568098f87e46d1f,possible_enthalpy_pressure_source_alias,1981GAT/STR,
mol_e36df2c2d963afd3,mol_241178e06777b8f6,possible_enthalpy_pressure_source_alias,1981GAT/STR,
mol_e36df2c2d963afd3,mol_2c8fece1c354948f,possible_enthalpy_pressure_source_alias,1981GAT/STR,
mol_e36df2c2d963afd3,mol_70e48880798be543,possible_enthalpy_pressure_source_alias,1981GAT/STR,
mol_e36df2c2d963afd3,mol_478c9e57637d58f1,possible_enthalpy_pressure_source_alias,1981GAT/STR,
mol_d256cec7b59305ff,mol_fb79232c4db917be,possible_enthalpy_pressure_source_alias,1981HOS/SCO,
mol_b94bab3d5b62c755,mol_eb0e7cd1593e34a5,possible_enthalpy_pressure_source_alias,1981HOS/SCO3,
mol_b94bab3d5b62c755,mol_84afa114cb8b9453,possible_enthalpy_pressure_source_alias,1981HOS/SCO3,
mol_d2d85289da26a082,mol_528932d2a9841ae7,possible_enthalpy_pressure_source_alias,1981TEK/MAJ,
mol_d2d85289da26a082,mol_71ac04ebc05b85f5,possible_enthalpy_pressure_source_alias,1981TEK/MAJ,
mol_670136e04246f1d5,mol_6a1b88d7d4729d66,possible_enthalpy_pressure_source_alias,1982FUC/PEA,
mol_a3ab0bd2d4d80422,mol_e983a25bd52a944d,possible_enthalpy_pressure_source_alias,1982FUR/SAK,
mol_a3ab0bd2d4d80422,mol_6fbb7c525fc1c495,possible_enthalpy_pressure_source_alias,1982FUR/SAK,
mol_b94bab3d5b62c755,mol_c24403b08adc6841,possible_enthalpy_pressure_source_alias,1982SVO/CHA,
mol_b94bab3d5b62c755,mol_d395bc83f11503fd,possible_enthalpy_pressure_source_alias,1982SVO/CHA,
mol_e36df2c2d963afd3,mol_bcfe0436200b409a,possible_enthalpy_pressure_source_alias,1983UCH/MAJ,
mol_e36df2c2d963afd3,mol_2f2b484f1c3d108f,possible_enthalpy_pressure_source_alias,1983UCH/MAJ,
mol_e36df2c2d963afd3,mol_301d3a83ae1e6ae0,possible_enthalpy_pressure_source_alias,1983UCH/MAJ,
mol_8b6a2383c538f690,mol_c30b4ae49b848357,possible_enthalpy_pressure_source_alias,1984MAJ/SVO,
mol_28d861e75826cef3,mol_e840c319a89074e3,possible_enthalpy_pressure_source_alias,1985KUS,
mol_28d861e75826cef3,mol_969f34406f44f7e7,possible_enthalpy_pressure_source_alias,1985KUS,
mol_435971c8aa9ce0da,mol_f32efffa3cd8e3f1,possible_enthalpy_pressure_source_alias,1985MAJ/SVO2,
mol_435971c8aa9ce0da,mol_7bd3eb1878fd3045,possible_enthalpy_pressure_source_alias,1985MAJ/SVO2,
mol_435971c8aa9ce0da,mol_34651b4ffde1812d,possible_enthalpy_pressure_source_alias,1985MAJ/SVO2,
mol_435971c8aa9ce0da,mol_dee0d48887c32f73,possible_enthalpy_pressure_source_alias,1985MAJ/SVO2,
mol_b44b37c017007981,mol_eb0e7cd1593e34a5,possible_enthalpy_pressure_source_alias,1985NAT/VIS,
mol_b4b87befe28d84ce,mol_e983a25bd52a944d,possible_enthalpy_pressure_source_alias,1988DON/LIN,
mol_b4b87befe28d84ce,mol_b1820f534fb61402,possible_enthalpy_pressure_source_alias,1988DON/LIN,
mol_3590edb9884753b9,mol_4f13a4696bbfcaf9,possible_enthalpy_pressure_source_alias,1988KNA/SAB,
mol_3590edb9884753b9,mol_d3125f71fb8f9281,possible_enthalpy_pressure_source_alias,1988KNA/SAB,
mol_77bbf943053f2531,mol_e6f8f97a2caa00b9,possible_enthalpy_pressure_source_alias,1989AN/HU,
mol_77bbf943053f2531,mol_c5207e620c9fcfd3,possible_enthalpy_pressure_source_alias,1989AN/HU,
mol_8af87cc50053180a,mol_28d861e75826cef3,possible_enthalpy_pressure_source_alias,1989VOR/KLY,
mol_8af87cc50053180a,mol_9b5c2e3993415780,possible_enthalpy_pressure_source_alias,1989VOR/KLY,
mol_8af87cc50053180a,mol_e840c319a89074e3,possible_enthalpy_pressure_source_alias,1989VOR/KLY,
mol_3590edb9884753b9,mol_4f13a4696bbfcaf9,possible_enthalpy_pressure_source_alias,1990KNA/SAB2,
mol_3590edb9884753b9,mol_d3125f71fb8f9281,possible_enthalpy_pressure_source_alias,1990KNA/SAB2,
mol_e03ddfeaf65a0134,mol_cee7ca25fc127d19,possible_enthalpy_pressure_source_alias,1991VOR/KLY2,
mol_55b6d752028fb5df,mol_301d3a83ae1e6ae0,possible_enthalpy_pressure_source_alias,1992SVO/KUB,
mol_2ea49b3823ebd7ad,mol_3fd637a4d667fe51,possible_enthalpy_pressure_source_alias,1996VAR/PAS,
mol_a3ab0bd2d4d80422,mol_58c591d9024d1c78,possible_enthalpy_pressure_source_alias,1996VIT/CHA,
mol_a3ab0bd2d4d80422,mol_7a77950532c8e700,possible_enthalpy_pressure_source_alias,1996VIT/CHA,
mol_a3ab0bd2d4d80422,mol_bf39f6deed5d4b6a,possible_enthalpy_pressure_source_alias,1996VIT/CHA,
mol_a3ab0bd2d4d80422,mol_3fd637a4d667fe51,possible_enthalpy_pressure_source_alias,1996VIT/CHA,
mol_a41185fe88971a35,mol_3e3fe40dbc9b9649,possible_enthalpy_pressure_source_alias,1999MO/YAN,
mol_354c60c5de252d85,mol_ed685a6001d3930a,possible_enthalpy_pressure_source_alias,2000RIB/RIB2,
mol_65b637e94cd66c7e,mol_17a72fa1b6a75538,possible_enthalpy_pressure_source_alias,2003ZAI/VER,
mol_65b637e94cd66c7e,mol_a78531f40bfa734a,possible_enthalpy_pressure_source_alias,2003ZAI/VER,
mol_65b637e94cd66c7e,mol_ad64c2cfe3c93488,possible_enthalpy_pressure_source_alias,2003ZAI/VER,
mol_65b637e94cd66c7e,mol_20837b2036542f40,possible_enthalpy_pressure_source_alias,2003ZAI/VER,
mol_65b637e94cd66c7e,mol_17a72fa1b6a75538,possible_enthalpy_pressure_source_alias,2004PAU/ZAI,
mol_65b637e94cd66c7e,mol_a78531f40bfa734a,possible_enthalpy_pressure_source_alias,2004PAU/ZAI,
mol_65b637e94cd66c7e,mol_ad64c2cfe3c93488,possible_enthalpy_pressure_source_alias,2004PAU/ZAI,
mol_65b637e94cd66c7e,mol_20837b2036542f40,possible_enthalpy_pressure_source_alias,2004PAU/ZAI,
mol_58c591d9024d1c78,mol_2ea49b3823ebd7ad,possible_enthalpy_pressure_source_alias,2007PAS/KUZ,
mol_58c591d9024d1c78,mol_3fd637a4d667fe51,possible_enthalpy_pressure_source_alias,2007PAS/KUZ,
mol_9d47f5f4c0b23422,mol_781dbd8b7d761d8d,possible_enthalpy_pressure_source_alias,2007RIB/FRE,
mol_9d47f5f4c0b23422,mol_f51711463f7a60d1,possible_enthalpy_pressure_source_alias,2007RIB/FRE,
mol_467811238401dcaa,mol_4581eaef241767fe,possible_enthalpy_pressure_source_alias,2010RIB/AMA,
mol_4430dd0cb0a3c055,mol_dd7217c8aa001588,possible_enthalpy_pressure_source_alias,2012SAM/NAZ,
mol_4430dd0cb0a3c055,mol_2850223b4ba7abbb,possible_enthalpy_pressure_source_alias,2012SAM/NAZ,
mol_4430dd0cb0a3c055,mol_d6ae19349f751551,possible_enthalpy_pressure_source_alias,2012SAM/NAZ,
mol_4430dd0cb0a3c055,mol_1871fd7f7f59d3ae,possible_enthalpy_pressure_source_alias,2012SAM/NAZ,
mol_4430dd0cb0a3c055,mol_5acfd4736e755185,possible_enthalpy_pressure_source_alias,2012SAM/NAZ,
mol_4430dd0cb0a3c055,mol_5810135448f6321f,possible_enthalpy_pressure_source_alias,2012SAM/NAZ,
mol_4430dd0cb0a3c055,mol_a52eb3ec1414bb0f,possible_enthalpy_pressure_source_alias,2012SAM/NAZ,
mol_4430dd0cb0a3c055,mol_aa0ace4207225373,possible_enthalpy_pressure_source_alias,2012SAM/NAZ,
mol_4430dd0cb0a3c055,mol_98688aad6777a901,possible_enthalpy_pressure_source_alias,2012SAM/NAZ,
mol_bbdd71ed3a3275f5,mol_4b509cb5dad13c84,possible_enthalpy_pressure_source_alias,2013STE/FUL,
mol_bbdd71ed3a3275f5,mol_a6bd173c68da330b,possible_enthalpy_pressure_source_alias,2013STE/FUL,
mol_5a4aa50dd3cafc66,mol_b0c6dc76ddc0873b,possible_enthalpy_pressure_source_alias,2014VER/EME,
mol_5a4aa50dd3cafc66,mol_22376981d918dfcd,possible_enthalpy_pressure_source_alias,2014VER/EME,
mol_5a4aa50dd3cafc66,mol_239cb7e490ad2a91,possible_enthalpy_pressure_source_alias,2014VER/EME,
mol_5a4aa50dd3cafc66,mol_b8839fb18327bc8e,possible_enthalpy_pressure_source_alias,2014VER/EME,
mol_5a4aa50dd3cafc66,mol_9250348909aba0f8,possible_enthalpy_pressure_source_alias,2014VER/EME,
mol_5a4aa50dd3cafc66,mol_46c9766df0dc3e13,possible_enthalpy_pressure_source_alias,2014VER/EME,
mol_2d09dab0a2be3f90,mol_8c6d4251bbcdb100,possible_enthalpy_pressure_source_alias,2015VER/SAZ,
mol_2d09dab0a2be3f90,mol_80db9b4fc382b414,possible_enthalpy_pressure_source_alias,2015VER/SAZ,
mol_2d09dab0a2be3f90,mol_275981bba78be1e1,possible_enthalpy_pressure_source_alias,2015VER/SAZ,
mol_2d09dab0a2be3f90,mol_3cb1734042df550a,possible_enthalpy_pressure_source_alias,2015VER/SAZ,
mol_2d09dab0a2be3f90,mol_900a0f38b179fea2,possible_enthalpy_pressure_source_alias,2015VER/SAZ,
mol_2d09dab0a2be3f90,mol_85133c3fe71552de,possible_enthalpy_pressure_source_alias,2015VER/SAZ,
mol_2d09dab0a2be3f90,mol_22be8c33c22b0b12,possible_enthalpy_pressure_source_alias,2015VER/SAZ,
mol_2d09dab0a2be3f90,mol_0eff9e7e919da986,possible_enthalpy_pressure_source_alias,2015VER/SAZ,
mol_2d09dab0a2be3f90,mol_12f2d4d05a0c8d09,possible_enthalpy_pressure_source_alias,2015VER/SAZ,
mol_2d09dab0a2be3f90,mol_fd8c11940511c457,possible_enthalpy_pressure_source_alias,2015VER/SAZ,
mol_4446e9b31e59fba3,mol_f46d941ea8c759da,possible_enthalpy_pressure_source_alias,doi:10.1016/j.jct.2008.04.010,
mol_bbdd71ed3a3275f5,mol_4b509cb5dad13c84,possible_enthalpy_pressure_source_alias,doi:10.1016/j.jct.2013.01.009,
mol_bbdd71ed3a3275f5,mol_a6bd173c68da330b,possible_enthalpy_pressure_source_alias,doi:10.1016/j.jct.2013.01.009,
mol_65b637e94cd66c7e,mol_17a72fa1b6a75538,possible_enthalpy_pressure_source_alias,doi:10.1021/je025634v,
mol_65b637e94cd66c7e,mol_a78531f40bfa734a,possible_enthalpy_pressure_source_alias,doi:10.1021/je025634v,
mol_65b637e94cd66c7e,mol_ad64c2cfe3c93488,possible_enthalpy_pressure_source_alias,doi:10.1021/je025634v,
mol_65b637e94cd66c7e,mol_20837b2036542f40,possible_enthalpy_pressure_source_alias,doi:10.1021/je025634v,
