molecule_id,inchi,source_name,source_inchikeys_json,rdkit_version,canonical_isomeric_smiles,rdkit_inchi,inchikey,connectivity_key,formula,fragments,net_formal_charge,contains_charged_atoms,radical_electrons,potential_stereo_count,unspecified_stereo_count,carboxylic_acid,exclusion_reasons,structure_eligible,physical_sample_identity_verified,component_id,split,has_calorimetry_candidate,has_cold_episode,pressure_rows_deduplicated,enthalpy_certified_count
mol_007fc427187d55ba,"InChI=1S/C8H16/c1-7(2)6-8(3,4)5/h1,6H2,2-5H3","2,4,4-trimethyl-1-pentene","[""FXNDIJDIPNCZQJ-UHFFFAOYSA-N""]",2025.09.6,C=C(C)CC(C)(C)C,"InChI=1S/C8H16/c1-7(2)6-8(3,4)5/h1,6H2,2-5H3",FXNDIJDIPNCZQJ-UHFFFAOYSA-N,FXNDIJDIPNCZQJ,C8H16,1,0,False,0,0,0,False,,True,False,grp_5dea7427c65d07c7,train,False,False,6,0
mol_01b986fbe8e4d3e5,"InChI=1S/C9H3F17O/c10-2(11,1-27)3(12,13)4(14,15)5(16,17)6(18,19)7(20,21)8(22,23)9(24,25)26/h27H,1H2","2,2,3,3,4,4,5,5,6,6,7,7,8,8,9,9,9-heptadecafluoro-1-nonanol","[""BSXJTDJJVULBTQ-UHFFFAOYSA-N""]",2025.09.6,OCC(F)(F)C(F)(F)C(F)(F)C(F)(F)C(F)(F)C(F)(F)C(F)(F)C(F)(F)F,"InChI=1S/C9H3F17O/c10-2(11,1-27)3(12,13)4(14,15)5(16,17)6(18,19)7(20,21)8(22,23)9(24,25)26/h27H,1H2",BSXJTDJJVULBTQ-UHFFFAOYSA-N,BSXJTDJJVULBTQ,C9H3F17O,1,0,False,0,0,0,False,,True,False,grp_9dc3cc34781e7516,train,False,False,6,0
mol_01fe71f6f9ac3752,"InChI=1S/C12H22O4/c1-3-9-15-11(13)7-5-6-8-12(14)16-10-4-2/h3-10H2,1-2H3",dipropyl hexanedioate,"[""NKOUWLLFHNBUDW-UHFFFAOYSA-N""]",2025.09.6,CCCOC(=O)CCCCC(=O)OCCC,"InChI=1S/C12H22O4/c1-3-9-15-11(13)7-5-6-8-12(14)16-10-4-2/h3-10H2,1-2H3",NKOUWLLFHNBUDW-UHFFFAOYSA-N,NKOUWLLFHNBUDW,C12H22O4,1,0,False,0,0,0,False,,True,False,grp_5dea7427c65d07c7,train,False,True,15,0
mol_024c11ca89792376,"InChI=1S/C5H12O/c1-3-4-5-6-2/h3-5H2,1-2H3",butyl methyl ether,"[""CXBDYQVECUFKRK-UHFFFAOYSA-N""]",2025.09.6,CCCCOC,"InChI=1S/C5H12O/c1-3-4-5-6-2/h3-5H2,1-2H3",CXBDYQVECUFKRK-UHFFFAOYSA-N,CXBDYQVECUFKRK,C5H12O,1,0,False,0,0,0,False,,True,False,grp_5dea7427c65d07c7,train,True,False,13,0
mol_03247da988422eaf,"InChI=1S/C8H16/c1-2-8-6-4-3-5-7-8/h8H,2-7H2,1H3",ethylcyclohexane,"[""IIEWJVIFRVWJOD-UHFFFAOYSA-N""]",2025.09.6,CCC1CCCCC1,"InChI=1S/C8H16/c1-2-8-6-4-3-5-7-8/h8H,2-7H2,1H3",IIEWJVIFRVWJOD-UHFFFAOYSA-N,IIEWJVIFRVWJOD,C8H16,1,0,False,0,0,0,False,,True,False,grp_5dea7427c65d07c7,train,True,False,5,0
mol_038035dca3f815f6,"InChI=1S/C6H13NO/c1-4-7(5-2)6(3)8/h4-5H2,1-3H3","N,N-diethylacetamide","[""AJFDBNQQDYLMJN-UHFFFAOYSA-N""]",2025.09.6,CCN(CC)C(C)=O,"InChI=1S/C6H13NO/c1-4-7(5-2)6(3)8/h4-5H2,1-3H3",AJFDBNQQDYLMJN-UHFFFAOYSA-N,AJFDBNQQDYLMJN,C6H13NO,1,0,False,0,0,0,False,,True,False,grp_5dea7427c65d07c7,train,False,True,22,0
mol_045382ab2985ca01,"InChI=1S/C9H11NO/c1-10(2)9(11)8-6-4-3-5-7-8/h3-7H,1-2H3","N,N-dimethylbenzamide","[""IMNDHOCGZLYMRO-UHFFFAOYSA-N""]",2025.09.6,CN(C)C(=O)c1ccccc1,"InChI=1S/C9H11NO/c1-10(2)9(11)8-6-4-3-5-7-8/h3-7H,1-2H3",IMNDHOCGZLYMRO-UHFFFAOYSA-N,IMNDHOCGZLYMRO,C9H11NO,1,0,False,0,0,0,False,,True,False,grp_045382ab2985ca01,test,False,True,31,0
mol_046f2add717f4221,"InChI=1S/C6H7N/c7-6-4-2-1-3-5-6/h1-5H,7H2",aniline,"[""PAYRUJLWNCNPSJ-UHFFFAOYSA-N""]",2025.09.6,Nc1ccccc1,"InChI=1S/C6H7N/c7-6-4-2-1-3-5-6/h1-5H,7H2",PAYRUJLWNCNPSJ-UHFFFAOYSA-N,PAYRUJLWNCNPSJ,C6H7N,1,0,False,0,0,0,False,,True,False,grp_5dea7427c65d07c7,train,True,False,6,0
mol_047b0590b532ef16,"InChI=1S/C8H14N2/c1-3-4-6-10-7-5-9-8(10)2/h5,7H,3-4,6H2,1-2H3",1-butyl-2-methyl-1H-imidazole,"[""WHLZPGRDRYCVRQ-UHFFFAOYSA-N""]",2025.09.6,CCCCn1ccnc1C,"InChI=1S/C8H14N2/c1-3-4-6-10-7-5-9-8(10)2/h5,7H,3-4,6H2,1-2H3",WHLZPGRDRYCVRQ-UHFFFAOYSA-N,WHLZPGRDRYCVRQ,C8H14N2,1,0,False,0,0,0,False,,True,False,grp_4099771604350c09,test,False,True,26,0
mol_04968cd803835a04,"InChI=1S/C27H50O6/c1-4-7-10-13-16-19-25(28)31-22-24(33-27(30)21-18-15-12-9-6-3)23-32-26(29)20-17-14-11-8-5-2/h24H,4-23H2,1-3H3","1,2,3-propanetriol trioctanoate","[""VLPFTAMPNXLGLX-UHFFFAOYSA-N""]",2025.09.6,CCCCCCCC(=O)OCC(COC(=O)CCCCCCC)OC(=O)CCCCCCC,"InChI=1S/C27H50O6/c1-4-7-10-13-16-19-25(28)31-22-24(33-27(30)21-18-15-12-9-6-3)23-32-26(29)20-17-14-11-8-5-2/h24H,4-23H2,1-3H3",VLPFTAMPNXLGLX-UHFFFAOYSA-N,VLPFTAMPNXLGLX,C27H50O6,1,0,False,0,0,0,False,,True,False,grp_04968cd803835a04,test,False,False,4,0
mol_04b975dcc163284d,"InChI=1S/C11H22O2/c1-3-4-5-6-7-8-9-10-11(12)13-2/h3-10H2,1-2H3",methyl decanoate,"[""YRHYCMZPEVDGFQ-UHFFFAOYSA-N""]",2025.09.6,CCCCCCCCCC(=O)OC,"InChI=1S/C11H22O2/c1-3-4-5-6-7-8-9-10-11(12)13-2/h3-10H2,1-2H3",YRHYCMZPEVDGFQ-UHFFFAOYSA-N,YRHYCMZPEVDGFQ,C11H22O2,1,0,False,0,0,0,False,,True,False,grp_5dea7427c65d07c7,train,False,True,148,0
mol_05467eef06c1cfff,"InChI=1S/C15H24/c1-11-6-5-7-12(2)13-10-15(3,4)14(13)9-8-11/h6,13-14H,2,5,7-10H2,1,3-4H3/b11-6+/t13-,14-/m1/s1","[1R-(1R*,4E,9S*)]-4,11,11-trimethyl-8-methylene-bicyclo[7.2.0]-4-undecene","[""NPNUFJAVOOONJE-GFUGXAQUSA-N""]",2025.09.6,C=C1CC/C=C(\C)CC[C@@H]2[C@@H]1CC2(C)C,"InChI=1S/C15H24/c1-11-6-5-7-12(2)13-10-15(3,4)14(13)9-8-11/h6,13-14H,2,5,7-10H2,1,3-4H3/b11-6+/t13-,14-/m1/s1",NPNUFJAVOOONJE-GFUGXAQUSA-N,NPNUFJAVOOONJE,C15H24,1,0,False,0,3,0,False,,True,False,grp_05467eef06c1cfff,train,False,False,7,0
mol_05794401663d5ca6,"InChI=1S/C4H11NO2/c5-1-3-7-4-2-6/h6H,1-5H2",2-(2-aminoethoxy)ethanol,"[""GIAFURWZWWWBQT-UHFFFAOYSA-N""]",2025.09.6,NCCOCCO,"InChI=1S/C4H11NO2/c5-1-3-7-4-2-6/h6H,1-5H2",GIAFURWZWWWBQT-UHFFFAOYSA-N,GIAFURWZWWWBQT,C4H11NO2,1,0,False,0,0,0,False,,True,False,grp_5dea7427c65d07c7,train,False,True,31,0
mol_0598ed94e921fa46,"InChI=1S/C8H14O4/c1-11-7(9)5-3-4-6-8(10)12-2/h3-6H2,1-2H3","dimethyl 1,6-hexanedioate","[""UDSFAEKRVUSQDD-UHFFFAOYSA-N""]",2025.09.6,COC(=O)CCCCC(=O)OC,"InChI=1S/C8H14O4/c1-11-7(9)5-3-4-6-8(10)12-2/h3-6H2,1-2H3",UDSFAEKRVUSQDD-UHFFFAOYSA-N,UDSFAEKRVUSQDD,C8H14O4,1,0,False,0,0,0,False,,True,False,grp_5dea7427c65d07c7,train,False,True,73,0
mol_068db2316970a098,"InChI=1S/C4H10O2/c1-4(2-5)3-6/h4-6H,2-3H2,1H3","2-methyl-1,3-propanediol","[""QWGRWMMWNDWRQN-UHFFFAOYSA-N""]",2025.09.6,CC(CO)CO,"InChI=1S/C4H10O2/c1-4(2-5)3-6/h4-6H,2-3H2,1H3",QWGRWMMWNDWRQN-UHFFFAOYSA-N,QWGRWMMWNDWRQN,C4H10O2,1,0,False,0,0,0,False,,True,False,grp_5dea7427c65d07c7,train,False,True,31,0
mol_06fbc6cb23a1cc98,"InChI=1S/C7H8O/c8-6-7-4-2-1-3-5-7/h1-5,8H,6H2",benzenemethanol,"[""WVDDGKGOMKODPV-UHFFFAOYSA-N""]",2025.09.6,OCc1ccccc1,"InChI=1S/C7H8O/c8-6-7-4-2-1-3-5-7/h1-5,8H,6H2",WVDDGKGOMKODPV-UHFFFAOYSA-N,WVDDGKGOMKODPV,C7H8O,1,0,False,0,0,0,False,,True,False,grp_5dea7427c65d07c7,train,False,True,32,0
mol_07c782a462a50ac6,InChI=1S/C9H22N2/c10-8-6-4-2-1-3-5-7-9-11/h1-11H2,"1,9-diaminononane","[""SXJVFQLYZSNZBT-UHFFFAOYSA-N""]",2025.09.6,NCCCCCCCCCN,InChI=1S/C9H22N2/c10-8-6-4-2-1-3-5-7-9-11/h1-11H2,SXJVFQLYZSNZBT-UHFFFAOYSA-N,SXJVFQLYZSNZBT,C9H22N2,1,0,False,0,0,0,False,,True,False,grp_5dea7427c65d07c7,train,False,True,37,0
mol_08aab174136fca84,"InChI=1S/C4H4F4O/c1-2(9)4(7,8)3(5)6/h3H,1H3","1,1,2,2-tetrafluorobutan-3-one","[""LXHNMFBSYHBCLY-UHFFFAOYSA-N""]",2025.09.6,CC(=O)C(F)(F)C(F)F,"InChI=1S/C4H4F4O/c1-2(9)4(7,8)3(5)6/h3H,1H3",LXHNMFBSYHBCLY-UHFFFAOYSA-N,LXHNMFBSYHBCLY,C4H4F4O,1,0,False,0,0,0,False,,True,False,grp_08aab174136fca84,validation,False,False,1,0
mol_08c55f7701cab54c,"InChI=1S/C6H12O/c1-7-6-4-2-3-5-6/h6H,2-5H2,1H3",methoxycyclopentane,"[""SKTCDJAMAYNROS-UHFFFAOYSA-N""]",2025.09.6,COC1CCCC1,"InChI=1S/C6H12O/c1-7-6-4-2-3-5-6/h6H,2-5H2,1H3",SKTCDJAMAYNROS-UHFFFAOYSA-N,SKTCDJAMAYNROS,C6H12O,1,0,False,0,0,0,False,,True,False,grp_5dea7427c65d07c7,train,False,True,11,0
mol_08de694c9506e17b,"InChI=1S/C6H6O/c7-6-4-2-1-3-5-6/h1-5,7H",phenol,"[""ISWSIDIOOBJBQZ-UHFFFAOYSA-N""]",2025.09.6,Oc1ccccc1,"InChI=1S/C6H6O/c7-6-4-2-1-3-5-6/h1-5,7H",ISWSIDIOOBJBQZ-UHFFFAOYSA-N,ISWSIDIOOBJBQZ,C6H6O,1,0,False,0,0,0,False,,True,False,grp_5dea7427c65d07c7,train,False,False,5,0
mol_0949fb1e476f32a8,"InChI=1S/C8H8O2/c1-7(9)10-8-5-3-2-4-6-8/h2-6H,1H3",phenyl ethanoate,"[""IPBVNPXQWQGGJP-UHFFFAOYSA-N""]",2025.09.6,CC(=O)Oc1ccccc1,"InChI=1S/C8H8O2/c1-7(9)10-8-5-3-2-4-6-8/h2-6H,1H3",IPBVNPXQWQGGJP-UHFFFAOYSA-N,IPBVNPXQWQGGJP,C8H8O2,1,0,False,0,0,0,False,,True,False,grp_0949fb1e476f32a8,validation,False,False,2,0
mol_09c6576738d86b71,InChI=1S/C8H20N2/c9-7-5-3-1-2-4-6-8-10/h1-10H2,"1,8-diaminooctane","[""PWGJDPKCLMLPJW-UHFFFAOYSA-N""]",2025.09.6,NCCCCCCCCN,InChI=1S/C8H20N2/c9-7-5-3-1-2-4-6-8-10/h1-10H2,PWGJDPKCLMLPJW-UHFFFAOYSA-N,PWGJDPKCLMLPJW,C8H20N2,1,0,False,0,0,0,False,,True,False,grp_5dea7427c65d07c7,train,False,True,21,0
mol_09d5eafc1ff3f677,"InChI=1S/C8H16O/c1-3-4-5-6-7-8(2)9/h3-7H2,1-2H3",2-octanone,"[""ZPVFWPFBNIEHGJ-UHFFFAOYSA-N""]",2025.09.6,CCCCCCC(C)=O,"InChI=1S/C8H16O/c1-3-4-5-6-7-8(2)9/h3-7H2,1-2H3",ZPVFWPFBNIEHGJ-UHFFFAOYSA-N,ZPVFWPFBNIEHGJ,C8H16O,1,0,False,0,0,0,False,,True,False,grp_5dea7427c65d07c7,train,False,False,2,0
mol_0aa38cb71170ee29,"InChI=1S/C4H11NO/c1-5(2)3-4-6/h6H,3-4H2,1-2H3","2-(N,N-dimethylamino)ethanol","[""UEEJHVSXFDXPFK-UHFFFAOYSA-N""]",2025.09.6,CN(C)CCO,"InChI=1S/C4H11NO/c1-5(2)3-4-6/h6H,3-4H2,1-2H3",UEEJHVSXFDXPFK-UHFFFAOYSA-N,UEEJHVSXFDXPFK,C4H11NO,1,0,False,0,0,0,False,,True,False,grp_5dea7427c65d07c7,train,False,True,57,0
mol_0b66aee0e26773a5,"InChI=1S/C21H38O6/c1-11-21(12-25-15(22)18(2,3)4,13-26-16(23)19(5,6)7)14-27-17(24)20(8,9)10/h11-14H2,1-10H3","2-ethyl-2-((pivaloyloxy)methyl)propane-1,3-diyl bis(2,2-dimethylpropanoate)","[""SMZWZKDDBXOZOE-UHFFFAOYSA-N""]",2025.09.6,CCC(COC(=O)C(C)(C)C)(COC(=O)C(C)(C)C)COC(=O)C(C)(C)C,"InChI=1S/C21H38O6/c1-11-21(12-25-15(22)18(2,3)4,13-26-16(23)19(5,6)7)14-27-17(24)20(8,9)10/h11-14H2,1-10H3",SMZWZKDDBXOZOE-UHFFFAOYSA-N,SMZWZKDDBXOZOE,C21H38O6,1,0,False,0,0,0,False,,True,False,grp_d7c19250fe9980b5,validation,False,False,1,0
mol_0c2b699f18ff1976,InChI=1S/C3H6O3/c1-5-3(4)6-2/h1-2H3,dimethyl carbonate,"[""IEJIGPNLZYLLBP-UHFFFAOYSA-N""]",2025.09.6,COC(=O)OC,InChI=1S/C3H6O3/c1-5-3(4)6-2/h1-2H3,IEJIGPNLZYLLBP-UHFFFAOYSA-N,IEJIGPNLZYLLBP,C3H6O3,1,0,False,0,0,0,False,,True,False,grp_5dea7427c65d07c7,train,False,True,32,0
mol_0c4b045ac23695a8,InChI=1S/C16H10/c1-2-8-13-12(7-1)14-9-3-5-11-6-4-10-15(13)16(11)14/h1-10H,fluoranthene,"[""GVEPBJHOBDJJJI-UHFFFAOYSA-N""]",2025.09.6,c1ccc2c(c1)-c1cccc3cccc-2c13,InChI=1S/C16H10/c1-2-8-13-12(7-1)14-9-3-5-11-6-4-10-15(13)16(11)14/h1-10H,GVEPBJHOBDJJJI-UHFFFAOYSA-N,GVEPBJHOBDJJJI,C16H10,1,0,False,0,0,0,False,,True,False,grp_0c4b045ac23695a8,train,False,True,21,0
mol_0d2ad00dadcb0064,"InChI=1S/C10H16/c1-8(2)10-6-4-9(3)5-7-10/h4,10H,1,5-7H2,2-3H3/t10-/m0/s1",(R)-1-methyl-4-(1-methylethenyl)cyclohexene,"[""XMGQYMWWDOXHJM-JTQLQIEISA-N""]",2025.09.6,C=C(C)[C@H]1CC=C(C)CC1,"InChI=1S/C10H16/c1-8(2)10-6-4-9(3)5-7-10/h4,10H,1,5-7H2,2-3H3/t10-/m0/s1",XMGQYMWWDOXHJM-JTQLQIEISA-N,XMGQYMWWDOXHJM,C10H16,1,0,False,0,1,0,False,,True,False,grp_5dea7427c65d07c7,train,False,True,34,0
mol_0d35fd4ce34a5a65,"InChI=1S/C10H21NO/c1-4-6-8-11(10(3)12)9-7-5-2/h4-9H2,1-3H3","N,N-dibutylacetamide","[""MEXKFCWMWJZDMF-UHFFFAOYSA-N""]",2025.09.6,CCCCN(CCCC)C(C)=O,"InChI=1S/C10H21NO/c1-4-6-8-11(10(3)12)9-7-5-2/h4-9H2,1-3H3",MEXKFCWMWJZDMF-UHFFFAOYSA-N,MEXKFCWMWJZDMF,C10H21NO,1,0,False,0,0,0,False,,True,False,grp_5dea7427c65d07c7,train,False,True,27,0
mol_0dcdaa24497d41f8,"InChI=1S/C13H24N2/c1-2-3-4-5-6-7-8-9-11-15-12-10-14-13-15/h10,12-13H,2-9,11H2,1H3",1-decylimidazole,"[""PEPIOVUNFZBCIB-UHFFFAOYSA-N""]",2025.09.6,CCCCCCCCCCn1ccnc1,"InChI=1S/C13H24N2/c1-2-3-4-5-6-7-8-9-11-15-12-10-14-13-15/h10,12-13H,2-9,11H2,1H3",PEPIOVUNFZBCIB-UHFFFAOYSA-N,PEPIOVUNFZBCIB,C13H24N2,1,0,False,0,0,0,False,,True,False,grp_554ad3ddcfbe3579,test,False,True,30,0
mol_0eff9e7e919da986,"InChI=1S/C8H9Br/c1-6-4-3-5-7(2)8(6)9/h3-5H,1-2H3","2-bromo-1,3-dimethylbenzene","[""MYMYVYZLMUEVED-UHFFFAOYSA-N""]",2025.09.6,Cc1cccc(C)c1Br,"InChI=1S/C8H9Br/c1-6-4-3-5-7(2)8(6)9/h3-5H,1-2H3",MYMYVYZLMUEVED-UHFFFAOYSA-N,MYMYVYZLMUEVED,C8H9Br,1,0,False,0,0,0,False,,True,False,grp_5dea7427c65d07c7,train,False,True,14,0
mol_0f0591160b233804,InChI=1S/C11H7N/c12-8-10-6-3-5-9-4-1-2-7-11(9)10/h1-7H,1-cyanonaphthalene,"[""YJMNOKOLADGBKA-UHFFFAOYSA-N""]",2025.09.6,N#Cc1cccc2ccccc12,InChI=1S/C11H7N/c12-8-10-6-3-5-9-4-1-2-7-11(9)10/h1-7H,YJMNOKOLADGBKA-UHFFFAOYSA-N,YJMNOKOLADGBKA,C11H7N,1,0,False,0,0,0,False,,True,False,grp_0f0591160b233804,train,False,True,15,0
mol_10541e572cd04e9e,"InChI=1S/C13H28O/c1-7-8-9-10-14-13(5,6)11-12(2,3)4/h7-11H2,1-6H3","pentane, 2-pentoxy-2,4,4-trimethyl-","[""ZNFVRHLUNVCECG-UHFFFAOYSA-N""]",2025.09.6,CCCCCOC(C)(C)CC(C)(C)C,"InChI=1S/C13H28O/c1-7-8-9-10-14-13(5,6)11-12(2,3)4/h7-11H2,1-6H3",ZNFVRHLUNVCECG-UHFFFAOYSA-N,ZNFVRHLUNVCECG,C13H28O,1,0,False,0,0,0,False,,True,False,grp_5dea7427c65d07c7,train,False,False,11,0
mol_10ae2d7874bda204,"InChI=1S/C8H19N/c1-2-3-4-5-6-7-8-9/h2-9H2,1H3",1-octanamine,"[""IOQPZZOEVPZRBK-UHFFFAOYSA-N""]",2025.09.6,CCCCCCCCN,"InChI=1S/C8H19N/c1-2-3-4-5-6-7-8-9/h2-9H2,1H3",IOQPZZOEVPZRBK-UHFFFAOYSA-N,IOQPZZOEVPZRBK,C8H19N,1,0,False,0,0,0,False,,True,False,grp_5dea7427c65d07c7,train,False,True,31,0
mol_115984f9be727624,InChI=1S/C4H5N/c1-2-4-5-3-1/h1-5H,pyrrole,"[""KAESVJOAVNADME-UHFFFAOYSA-N""]",2025.09.6,c1cc[nH]c1,InChI=1S/C4H5N/c1-2-4-5-3-1/h1-5H,KAESVJOAVNADME-UHFFFAOYSA-N,KAESVJOAVNADME,C4H5N,1,0,False,0,0,0,False,,True,False,grp_5dea7427c65d07c7,train,True,False,7,0
mol_1196b480b8769ed3,InChI=1S/C18H14/c1-3-9-15(10-4-1)17-13-7-8-14-18(17)16-11-5-2-6-12-16/h1-14H,o-terphenyl,"[""OIAQMFOKAXHPNH-UHFFFAOYSA-N""]",2025.09.6,c1ccc(-c2ccccc2-c2ccccc2)cc1,InChI=1S/C18H14/c1-3-9-15(10-4-1)17-13-7-8-14-18(17)16-11-5-2-6-12-16/h1-14H,OIAQMFOKAXHPNH-UHFFFAOYSA-N,OIAQMFOKAXHPNH,C18H14,1,0,False,0,0,0,False,,True,False,grp_d957e784c854093b,train,False,True,22,0
mol_124c5d93a23a9e5f,"InChI=1S/C14H26O4/c1-3-5-11-17-13(15)9-7-8-10-14(16)18-12-6-4-2/h3-12H2,1-2H3",dibutyl hexanedioate,"[""XTJFFFGAUHQWII-UHFFFAOYSA-N""]",2025.09.6,CCCCOC(=O)CCCCC(=O)OCCCC,"InChI=1S/C14H26O4/c1-3-5-11-17-13(15)9-7-8-10-14(16)18-12-6-4-2/h3-12H2,1-2H3",XTJFFFGAUHQWII-UHFFFAOYSA-N,XTJFFFGAUHQWII,C14H26O4,1,0,False,0,0,0,False,,True,False,grp_5dea7427c65d07c7,train,False,True,9,0
mol_12e118695cfaacad,"InChI=1S/C7H18N2/c1-3-9(4-2)7-5-6-8/h3-8H2,1-2H3","N,N-diethylpropane-1,3-diamine","[""QOHMWDJIBGVPIF-UHFFFAOYSA-N""]",2025.09.6,CCN(CC)CCCN,"InChI=1S/C7H18N2/c1-3-9(4-2)7-5-6-8/h3-8H2,1-2H3",QOHMWDJIBGVPIF-UHFFFAOYSA-N,QOHMWDJIBGVPIF,C7H18N2,1,0,False,0,0,0,False,,True,False,grp_5dea7427c65d07c7,train,False,True,67,0
mol_12f2d4d05a0c8d09,"InChI=1S/C8H9I/c1-6-3-4-8(9)7(2)5-6/h3-5H,1-2H3","1-iodo-2,4-dimethylbenzene","[""BUNKQJAMHYKQIM-UHFFFAOYSA-N""]",2025.09.6,Cc1ccc(I)c(C)c1,"InChI=1S/C8H9I/c1-6-3-4-8(9)7(2)5-6/h3-5H,1-2H3",BUNKQJAMHYKQIM-UHFFFAOYSA-N,BUNKQJAMHYKQIM,C8H9I,1,0,False,0,0,0,False,,True,False,grp_5dea7427c65d07c7,train,False,True,15,0
mol_132e4cfc5e4bd727,"InChI=1S/C17H34O2/c1-3-4-5-6-7-8-9-10-11-12-13-14-15-16-17(18)19-2/h3-16H2,1-2H3",methyl hexadecanoate,"[""FLIACVVOZYBSBS-UHFFFAOYSA-N""]",2025.09.6,CCCCCCCCCCCCCCCC(=O)OC,"InChI=1S/C17H34O2/c1-3-4-5-6-7-8-9-10-11-12-13-14-15-16-17(18)19-2/h3-16H2,1-2H3",FLIACVVOZYBSBS-UHFFFAOYSA-N,FLIACVVOZYBSBS,C17H34O2,1,0,False,0,0,0,False,,True,False,grp_5dea7427c65d07c7,train,False,True,105,0
mol_13bbe069dee5316b,"InChI=1S/C10H9N/c1-8-6-7-9-4-2-3-5-10(9)11-8/h2-7H,1H3",2-methylquinoline,"[""SMUQFGGVLNAIOZ-UHFFFAOYSA-N""]",2025.09.6,Cc1ccc2ccccc2n1,"InChI=1S/C10H9N/c1-8-6-7-9-4-2-3-5-10(9)11-8/h2-7H,1H3",SMUQFGGVLNAIOZ-UHFFFAOYSA-N,SMUQFGGVLNAIOZ,C10H9N,1,0,False,0,0,0,False,,True,False,grp_05168514f8646cd3,test,False,True,17,0
mol_13ff42623f3cf866,"InChI=1S/C8H18O/c1-7(2)6-9-8(3,4)5/h7H,6H2,1-5H3",isobutyl tert-butyl ether,"[""UPOMCDPCTBJJDA-UHFFFAOYSA-N""]",2025.09.6,CC(C)COC(C)(C)C,"InChI=1S/C8H18O/c1-7(2)6-9-8(3,4)5/h7H,6H2,1-5H3",UPOMCDPCTBJJDA-UHFFFAOYSA-N,UPOMCDPCTBJJDA,C8H18O,1,0,False,0,0,0,False,,True,False,grp_5dea7427c65d07c7,train,True,True,26,0
mol_1573cefc1a63cc61,"InChI=1S/C16H22O4/c1-3-5-11-19-15(17)13-9-7-8-10-14(13)16(18)20-12-6-4-2/h7-10H,3-6,11-12H2,1-2H3",dibutyl phthalate,"[""DOIRQSBPFJWKBE-UHFFFAOYSA-N""]",2025.09.6,CCCCOC(=O)c1ccccc1C(=O)OCCCC,"InChI=1S/C16H22O4/c1-3-5-11-19-15(17)13-9-7-8-10-14(13)16(18)20-12-6-4-2/h7-10H,3-6,11-12H2,1-2H3",DOIRQSBPFJWKBE-UHFFFAOYSA-N,DOIRQSBPFJWKBE,C16H22O4,1,0,False,0,0,0,False,,True,False,grp_cd9f232caa190183,validation,False,False,15,0
mol_15c27366f9af4374,"InChI=1S/C11H16O/c1-11(2,3)12-9-10-7-5-4-6-8-10/h4-8H,9H2,1-3H3","ether, benzyl tert-butyl","[""TZGIRWVSWPFWBP-UHFFFAOYSA-N""]",2025.09.6,CC(C)(C)OCc1ccccc1,"InChI=1S/C11H16O/c1-11(2,3)12-9-10-7-5-4-6-8-10/h4-8H,9H2,1-3H3",TZGIRWVSWPFWBP-UHFFFAOYSA-N,TZGIRWVSWPFWBP,C11H16O,1,0,False,0,0,0,False,,True,False,grp_5dea7427c65d07c7,train,False,True,25,0
mol_16272dceff3c45bf,"InChI=1S/C3H6O2/c1-3(5)2-4/h4H,2H2,1H3",acetol,"[""XLSMFKSTNGKWQX-UHFFFAOYSA-N""]",2025.09.6,CC(=O)CO,"InChI=1S/C3H6O2/c1-3(5)2-4/h4H,2H2,1H3",XLSMFKSTNGKWQX-UHFFFAOYSA-N,XLSMFKSTNGKWQX,C3H6O2,1,0,False,0,0,0,False,,True,False,grp_5dea7427c65d07c7,train,False,True,20,0
mol_165439913dffe7c0,"InChI=1S/C8H14O4/c1-5(2)11-7(9)8(10)12-6(3)4/h5-6H,1-4H3",diisopropyl oxalate,"[""ITHNIFCFNUZYLQ-UHFFFAOYSA-N""]",2025.09.6,CC(C)OC(=O)C(=O)OC(C)C,"InChI=1S/C8H14O4/c1-5(2)11-7(9)8(10)12-6(3)4/h5-6H,1-4H3",ITHNIFCFNUZYLQ-UHFFFAOYSA-N,ITHNIFCFNUZYLQ,C8H14O4,1,0,False,0,0,0,False,,True,False,grp_642c5927dec37b59,validation,False,True,18,0
mol_177310732327f8e6,"InChI=1S/C11H20O4/c1-14-10(12)8-6-4-3-5-7-9-11(13)15-2/h3-9H2,1-2H3",dimethyl nonanedioate,"[""DRUKNYVQGHETPO-UHFFFAOYSA-N""]",2025.09.6,COC(=O)CCCCCCCC(=O)OC,"InChI=1S/C11H20O4/c1-14-10(12)8-6-4-3-5-7-9-11(13)15-2/h3-9H2,1-2H3",DRUKNYVQGHETPO-UHFFFAOYSA-N,DRUKNYVQGHETPO,C11H20O4,1,0,False,0,0,0,False,,True,False,grp_5dea7427c65d07c7,train,False,True,36,0
mol_17a72fa1b6a75538,"InChI=1S/C11H20O2/c1-2-3-9-11(12)13-10-7-5-4-6-8-10/h10H,2-9H2,1H3","pentanoic acid, cyclohexyl ester","[""YLCHTSSXNSNXSW-UHFFFAOYSA-N""]",2025.09.6,CCCCC(=O)OC1CCCCC1,"InChI=1S/C11H20O2/c1-2-3-9-11(12)13-10-7-5-4-6-8-10/h10H,2-9H2,1H3",YLCHTSSXNSNXSW-UHFFFAOYSA-N,YLCHTSSXNSNXSW,C11H20O2,1,0,False,0,0,0,False,,True,False,grp_69e3066d23c835df,test,True,True,35,0
mol_17d7810440ddcdc4,"InChI=1S/C8H14O4/c1-3-11-7(9)5-6-8(10)12-4-2/h3-6H2,1-2H3",diethyl butanedioate,"[""DKMROQRQHGEIOW-UHFFFAOYSA-N""]",2025.09.6,CCOC(=O)CCC(=O)OCC,"InChI=1S/C8H14O4/c1-3-11-7(9)5-6-8(10)12-4-2/h3-6H2,1-2H3",DKMROQRQHGEIOW-UHFFFAOYSA-N,DKMROQRQHGEIOW,C8H14O4,1,0,False,0,0,0,False,,True,False,grp_5dea7427c65d07c7,train,False,True,26,0
mol_18682c77282e708e,"InChI=1S/C8H18O3/c1-3-9-5-7-11-8-6-10-4-2/h3-8H2,1-2H3",diethylene glycol diethyl ether,"[""RRQYJINTUHWNHW-UHFFFAOYSA-N""]",2025.09.6,CCOCCOCCOCC,"InChI=1S/C8H18O3/c1-3-9-5-7-11-8-6-10-4-2/h3-8H2,1-2H3",RRQYJINTUHWNHW-UHFFFAOYSA-N,RRQYJINTUHWNHW,C8H18O3,1,0,False,0,0,0,False,,True,False,grp_5dea7427c65d07c7,train,False,False,5,0
mol_1871fd7f7f59d3ae,"InChI=1S/C7H14O2/c1-3-4-5-6-9-7(2)8/h3-6H2,1-2H3",pentyl ethanoate,"[""PGMYKACGEOXYJE-UHFFFAOYSA-N""]",2025.09.6,CCCCCOC(C)=O,"InChI=1S/C7H14O2/c1-3-4-5-6-9-7(2)8/h3-6H2,1-2H3",PGMYKACGEOXYJE-UHFFFAOYSA-N,PGMYKACGEOXYJE,C7H14O2,1,0,False,0,0,0,False,,True,False,grp_5dea7427c65d07c7,train,False,True,15,0
mol_18b8754dd95a027a,"InChI=1S/C13H12/c1-11-7-5-6-10-13(11)12-8-3-2-4-9-12/h2-10H,1H3",2-methylbiphenyl,"[""ALLIZEAXNXSFGD-UHFFFAOYSA-N""]",2025.09.6,Cc1ccccc1-c1ccccc1,"InChI=1S/C13H12/c1-11-7-5-6-10-13(11)12-8-3-2-4-9-12/h2-10H,1H3",ALLIZEAXNXSFGD-UHFFFAOYSA-N,ALLIZEAXNXSFGD,C13H12,1,0,False,0,0,0,False,,True,False,grp_9a6e5ce866866615,validation,False,True,20,0
mol_1910e4e6f96d50ef,InChI=1S/C6H4BrF/c7-5-2-1-3-6(8)4-5/h1-4H,1-bromo-3-fluorobenzene,"[""QDFKKJYEIFBEFC-UHFFFAOYSA-N""]",2025.09.6,Fc1cccc(Br)c1,InChI=1S/C6H4BrF/c7-5-2-1-3-6(8)4-5/h1-4H,QDFKKJYEIFBEFC-UHFFFAOYSA-N,QDFKKJYEIFBEFC,C6H4BrF,1,0,False,0,0,0,False,,True,False,grp_468c9a97902f6f3f,test,False,True,20,0
mol_193a3d60f378e2b0,"InChI=1S/C5H10O/c1-3-5-6-4-2/h4H,2-3,5H2,1H3",propyl vinyl ether,"[""OVGRCEFMXPHEBL-UHFFFAOYSA-N""]",2025.09.6,C=COCCC,"InChI=1S/C5H10O/c1-3-5-6-4-2/h4H,2-3,5H2,1H3",OVGRCEFMXPHEBL-UHFFFAOYSA-N,OVGRCEFMXPHEBL,C5H10O,1,0,False,0,0,0,False,,True,False,grp_193a3d60f378e2b0,test,False,False,1,0
mol_19e2c18c29f1a863,"InChI=1S/C6H12O/c1-2-3-4-5-6-7/h4-5,7H,2-3,6H2,1H3/b5-4+",(E)-2-hexen-1-ol,"[""ZCHHRLHTBGRGOT-SNAWJCMRSA-N""]",2025.09.6,CCC/C=C/CO,"InChI=1S/C6H12O/c1-2-3-4-5-6-7/h4-5,7H,2-3,6H2,1H3/b5-4+",ZCHHRLHTBGRGOT-SNAWJCMRSA-N,ZCHHRLHTBGRGOT,C6H12O,1,0,False,0,1,0,False,,True,False,grp_5dea7427c65d07c7,train,False,True,31,0
mol_1a01bcbf9578c5ef,"InChI=1S/C4H6N2/c1-4-2-5-6-3-4/h2-3H,1H3,(H,5,6)",4-methylpyrazole,"[""RIKMMFOAQPJVMX-UHFFFAOYSA-N""]",2025.09.6,Cc1cn[nH]c1,"InChI=1S/C4H6N2/c1-4-2-5-6-3-4/h2-3H,1H3,(H,5,6)",RIKMMFOAQPJVMX-UHFFFAOYSA-N,RIKMMFOAQPJVMX,C4H6N2,1,0,False,0,0,0,False,,True,False,grp_5ed1239f1de5ca2c,validation,False,True,10,0
mol_1a56e24870b3472e,"InChI=1S/C9H20O/c1-8(2,3)7-9(4,5)10-6/h7H2,1-6H3","methyl 1,1,3,3-tetramethylbutyl ether","[""IKZVAPMTXDXWMX-UHFFFAOYSA-N""]",2025.09.6,COC(C)(C)CC(C)(C)C,"InChI=1S/C9H20O/c1-8(2,3)7-9(4,5)10-6/h7H2,1-6H3",IKZVAPMTXDXWMX-UHFFFAOYSA-N,IKZVAPMTXDXWMX,C9H20O,1,0,False,0,0,0,False,,True,False,grp_5dea7427c65d07c7,train,False,True,18,0
mol_1b927af3ef5d8701,"InChI=1S/C6H15O4P/c1-4-8-11(7,9-5-2)10-6-3/h4-6H2,1-3H3",ethyl phosphate,"[""DQWPFSLDHJDLRL-UHFFFAOYSA-N""]",2025.09.6,CCOP(=O)(OCC)OCC,"InChI=1S/C6H15O4P/c1-4-8-11(7,9-5-2)10-6-3/h4-6H2,1-3H3",DQWPFSLDHJDLRL-UHFFFAOYSA-N,DQWPFSLDHJDLRL,C6H15O4P,1,0,False,0,0,0,False,,True,False,grp_5dea7427c65d07c7,train,False,False,7,0
mol_1bb253e99b0e831f,"InChI=1S/C5H8O4/c1-8-4(6)3-5(7)9-2/h3H2,1-2H3","dimethyl 1,3-propanedioate","[""BEPAFCGSDWSTEL-UHFFFAOYSA-N""]",2025.09.6,COC(=O)CC(=O)OC,"InChI=1S/C5H8O4/c1-8-4(6)3-5(7)9-2/h3H2,1-2H3",BEPAFCGSDWSTEL-UHFFFAOYSA-N,BEPAFCGSDWSTEL,C5H8O4,1,0,False,0,0,0,False,,True,False,grp_5dea7427c65d07c7,train,False,True,15,0
mol_1bdf322c4ebd3d63,"InChI=1S/C7H19N3/c1-10(6-2-4-8)7-3-5-9/h2-9H2,1H3","N-(3-aminopropyl)-N-methyl-1,3-propanediamine","[""KMBPCQSCMCEPMU-UHFFFAOYSA-N""]",2025.09.6,CN(CCCN)CCCN,"InChI=1S/C7H19N3/c1-10(6-2-4-8)7-3-5-9/h2-9H2,1H3",KMBPCQSCMCEPMU-UHFFFAOYSA-N,KMBPCQSCMCEPMU,C7H19N3,1,0,False,0,0,0,False,,True,False,grp_5dea7427c65d07c7,train,False,True,25,0
mol_1bf941bfa23883d2,"InChI=1S/C30H62/c1-3-5-7-9-11-13-15-17-19-21-23-25-27-29-30-28-26-24-22-20-18-16-14-12-10-8-6-4-2/h3-30H2,1-2H3",triacontane,"[""JXTPJDDICSTXJX-UHFFFAOYSA-N""]",2025.09.6,CCCCCCCCCCCCCCCCCCCCCCCCCCCCCC,"InChI=1S/C30H62/c1-3-5-7-9-11-13-15-17-19-21-23-25-27-29-30-28-26-24-22-20-18-16-14-12-10-8-6-4-2/h3-30H2,1-2H3",JXTPJDDICSTXJX-UHFFFAOYSA-N,JXTPJDDICSTXJX,C30H62,1,0,False,0,0,0,False,,True,False,grp_5dea7427c65d07c7,train,False,False,5,0
mol_1c88c0062a21140c,"InChI=1S/C6H11I/c7-6-4-2-1-3-5-6/h6H,1-5H2",iodocyclohexane,"[""FUCOMWZKWIEKRK-UHFFFAOYSA-N""]",2025.09.6,IC1CCCCC1,"InChI=1S/C6H11I/c7-6-4-2-1-3-5-6/h6H,1-5H2",FUCOMWZKWIEKRK-UHFFFAOYSA-N,FUCOMWZKWIEKRK,C6H11I,1,0,False,0,0,0,False,,True,False,grp_5dea7427c65d07c7,train,False,True,22,0
mol_1ca87a53bf4e35a9,"InChI=1S/C10H20O/c1-9(2)5-4-6-10(3)7-8-11/h5,10-11H,4,6-8H2,1-3H3/t10-/m0/s1","(S)-3,7-dimethyl-6-octen-1-ol","[""QMVPMAAFGQKVCJ-JTQLQIEISA-N""]",2025.09.6,CC(C)=CCC[C@H](C)CCO,"InChI=1S/C10H20O/c1-9(2)5-4-6-10(3)7-8-11/h5,10-11H,4,6-8H2,1-3H3/t10-/m0/s1",QMVPMAAFGQKVCJ-JTQLQIEISA-N,QMVPMAAFGQKVCJ,C10H20O,1,0,False,0,1,0,False,,True,False,grp_c50732a0f7207397,train,False,True,52,0
mol_1caed83bbde05074,"InChI=1S/C3H10N2/c1-5-3-2-4/h5H,2-4H2,1H3",N-methylethylenediamine,"[""KFIGICHILYTCJF-UHFFFAOYSA-N""]",2025.09.6,CNCCN,"InChI=1S/C3H10N2/c1-5-3-2-4/h5H,2-4H2,1H3",KFIGICHILYTCJF-UHFFFAOYSA-N,KFIGICHILYTCJF,C3H10N2,1,0,False,0,0,0,False,,True,False,grp_fd16eb96ed948225,validation,False,True,22,0
mol_1d734fe5c679e7dc,"InChI=1S/C6H3Cl3O/c7-3-1-4(8)6(10)5(9)2-3/h1-2,10H","2,4,6-trichlorophenol","[""LINPIYWFGCPVIE-UHFFFAOYSA-N""]",2025.09.6,Oc1c(Cl)cc(Cl)cc1Cl,"InChI=1S/C6H3Cl3O/c7-3-1-4(8)6(10)5(9)2-3/h1-2,10H",LINPIYWFGCPVIE-UHFFFAOYSA-N,LINPIYWFGCPVIE,C6H3Cl3O,1,0,False,0,0,0,False,,True,False,grp_5085cd785cc4c7f4,test,False,True,30,0
mol_1d9a0acab04fdcd1,"InChI=1S/C8H10O/c1-7-4-3-5-8(6-7)9-2/h3-6H,1-2H3",1-methoxy-3-methylbenzene,"[""OSIGJGFTADMDOB-UHFFFAOYSA-N""]",2025.09.6,COc1cccc(C)c1,"InChI=1S/C8H10O/c1-7-4-3-5-8(6-7)9-2/h3-6H,1-2H3",OSIGJGFTADMDOB-UHFFFAOYSA-N,OSIGJGFTADMDOB,C8H10O,1,0,False,0,0,0,False,,True,False,grp_2ccb72ac35a31331,train,False,True,13,0
mol_1dd9a897d5e1ecef,"InChI=1S/C5H5F7O/c1-13-2-3(6,7)4(8,9)5(10,11)12/h2H2,1H3","1,1,1,2,2,3,3-heptafluoro-4-methoxybutane","[""ZUBVOEGCTVLBQN-UHFFFAOYSA-N""]",2025.09.6,COCC(F)(F)C(F)(F)C(F)(F)F,"InChI=1S/C5H5F7O/c1-13-2-3(6,7)4(8,9)5(10,11)12/h2H2,1H3",ZUBVOEGCTVLBQN-UHFFFAOYSA-N,ZUBVOEGCTVLBQN,C5H5F7O,1,0,False,0,0,0,False,,True,False,grp_f15a3705ac0c5610,validation,False,False,1,0
mol_1e8ff3a95e58fffa,"InChI=1S/C7H14O3/c1-5(8)6(9)10-7(2,3)4/h5,8H,1-4H3/t5-/m1/s1",D-tert-butyl lactate,"[""IXXMVXXFAJGOQO-RXMQYKEDSA-N""]",2025.09.6,C[C@@H](O)C(=O)OC(C)(C)C,"InChI=1S/C7H14O3/c1-5(8)6(9)10-7(2,3)4/h5,8H,1-4H3/t5-/m1/s1",IXXMVXXFAJGOQO-RXMQYKEDSA-N,IXXMVXXFAJGOQO,C7H14O3,1,0,False,0,1,0,False,,True,False,grp_5dea7427c65d07c7,train,False,False,6,0
mol_1e9d2e26a6ddc23d,"InChI=1S/C7H12O4/c1-3-10-6(8)5-7(9)11-4-2/h3-5H2,1-2H3","diethyl 1,3-propanedioate","[""IYXGSMUGOJNHAZ-UHFFFAOYSA-N""]",2025.09.6,CCOC(=O)CC(=O)OCC,"InChI=1S/C7H12O4/c1-3-10-6(8)5-7(9)11-4-2/h3-5H2,1-2H3",IYXGSMUGOJNHAZ-UHFFFAOYSA-N,IYXGSMUGOJNHAZ,C7H12O4,1,0,False,0,0,0,False,,True,False,grp_5dea7427c65d07c7,train,False,True,31,0
mol_20837b2036542f40,"InChI=1S/C9H16O2/c1-2-9(10)11-8-6-4-3-5-7-8/h8H,2-7H2,1H3",cyclohexyl propanoate,"[""MAMMVUWCKMOLSG-UHFFFAOYSA-N""]",2025.09.6,CCC(=O)OC1CCCCC1,"InChI=1S/C9H16O2/c1-2-9(10)11-8-6-4-3-5-7-8/h8H,2-7H2,1H3",MAMMVUWCKMOLSG-UHFFFAOYSA-N,MAMMVUWCKMOLSG,C9H16O2,1,0,False,0,0,0,False,,True,False,grp_69e3066d23c835df,test,True,True,29,0
mol_212f24f877214356,"InChI=1S/C6H12O2/c1-4-8-6(7)5(2)3/h5H,4H2,1-3H3",ethyl 2-methylpropanoate,"[""WDAXFOBOLVPGLV-UHFFFAOYSA-N""]",2025.09.6,CCOC(=O)C(C)C,"InChI=1S/C6H12O2/c1-4-8-6(7)5(2)3/h5H,4H2,1-3H3",WDAXFOBOLVPGLV-UHFFFAOYSA-N,WDAXFOBOLVPGLV,C6H12O2,1,0,False,0,0,0,False,,True,False,grp_5dea7427c65d07c7,train,True,False,2,0
mol_214efcd2971bdb13,"InChI=1S/C7H3F13O/c8-2(9,1-21)3(10,11)4(12,13)5(14,15)6(16,17)7(18,19)20/h21H,1H2","2,2,3,3,4,4,5,5,6,6,7,7,7-tridecafluoro-1-heptanol","[""STLNAVFVCIRZLL-UHFFFAOYSA-N""]",2025.09.6,OCC(F)(F)C(F)(F)C(F)(F)C(F)(F)C(F)(F)C(F)(F)F,"InChI=1S/C7H3F13O/c8-2(9,1-21)3(10,11)4(12,13)5(14,15)6(16,17)7(18,19)20/h21H,1H2",STLNAVFVCIRZLL-UHFFFAOYSA-N,STLNAVFVCIRZLL,C7H3F13O,1,0,False,0,0,0,False,,True,False,grp_9dc3cc34781e7516,train,False,True,18,0
mol_218260d18d45a2c9,"InChI=1S/C10H8O/c11-10-7-3-5-8-4-1-2-6-9(8)10/h1-7,11H",1-naphthol,"[""KJCVRFUGPWSIIH-UHFFFAOYSA-N""]",2025.09.6,Oc1cccc2ccccc12,"InChI=1S/C10H8O/c11-10-7-3-5-8-4-1-2-6-9(8)10/h1-7,11H",KJCVRFUGPWSIIH-UHFFFAOYSA-N,KJCVRFUGPWSIIH,C10H8O,1,0,False,0,0,0,False,,True,False,grp_218260d18d45a2c9,validation,False,True,27,0
mol_219e62ce59668eec,"InChI=1S/C17H33N/c1-2-3-4-5-6-7-8-9-10-11-12-13-14-15-16-17-18/h2-16H2,1H3",heptadecanenitrile,"[""ZXPWFWWSCFIFII-UHFFFAOYSA-N""]",2025.09.6,CCCCCCCCCCCCCCCCC#N,"InChI=1S/C17H33N/c1-2-3-4-5-6-7-8-9-10-11-12-13-14-15-16-17-18/h2-16H2,1H3",ZXPWFWWSCFIFII-UHFFFAOYSA-N,ZXPWFWWSCFIFII,C17H33N,1,0,False,0,0,0,False,,True,False,grp_5dea7427c65d07c7,train,False,False,10,0
mol_21a4cd711754eeed,"InChI=1S/C3H8O2/c1-5-3-2-4/h4H,2-3H2,1H3",2-methoxyethan-1-ol,"[""XNWFRZJHXBZDAG-UHFFFAOYSA-N""]",2025.09.6,COCCO,"InChI=1S/C3H8O2/c1-5-3-2-4/h4H,2-3H2,1H3",XNWFRZJHXBZDAG-UHFFFAOYSA-N,XNWFRZJHXBZDAG,C3H8O2,1,0,False,0,0,0,False,,True,False,grp_5dea7427c65d07c7,train,True,False,9,0
mol_21bf1d98a39d4e5e,"InChI=1S/C6H14O2/c1-4-7-6(3)8-5-2/h6H,4-5H2,1-3H3","1,1-diethoxyethane","[""DHKHKXVYLBGOIT-UHFFFAOYSA-N""]",2025.09.6,CCOC(C)OCC,"InChI=1S/C6H14O2/c1-4-7-6(3)8-5-2/h6H,4-5H2,1-3H3",DHKHKXVYLBGOIT-UHFFFAOYSA-N,DHKHKXVYLBGOIT,C6H14O2,1,0,False,0,0,0,False,,True,False,grp_21bf1d98a39d4e5e,validation,False,False,1,0
mol_22159cf19c24ba5e,"InChI=1S/C9H17N/c1-2-3-4-5-6-7-8-9-10/h2-8H2,1H3",nonanenitrile,"[""PLZZPPHAMDJOSR-UHFFFAOYSA-N""]",2025.09.6,CCCCCCCCC#N,"InChI=1S/C9H17N/c1-2-3-4-5-6-7-8-9-10/h2-8H2,1H3",PLZZPPHAMDJOSR-UHFFFAOYSA-N,PLZZPPHAMDJOSR,C9H17N,1,0,False,0,0,0,False,,True,False,grp_5dea7427c65d07c7,train,False,True,32,0
mol_22376981d918dfcd,"InChI=1S/C7H6Cl2/c1-5-6(8)3-2-4-7(5)9/h2-4H,1H3","1,3-dichloro-2-methylbenzene","[""DMEDNTFWIHCBRK-UHFFFAOYSA-N""]",2025.09.6,Cc1c(Cl)cccc1Cl,"InChI=1S/C7H6Cl2/c1-5-6(8)3-2-4-7(5)9/h2-4H,1H3",DMEDNTFWIHCBRK-UHFFFAOYSA-N,DMEDNTFWIHCBRK,C7H6Cl2,1,0,False,0,0,0,False,,True,False,grp_5dea7427c65d07c7,train,False,True,13,0
mol_22a914e429e8f57c,"InChI=1S/C9H14Si/c1-10(2,3)9-7-5-4-6-8-9/h4-8H,1-3H3",trimethylphenylsilane,"[""KXFSUVJPEQYUGN-UHFFFAOYSA-N""]",2025.09.6,C[Si](C)(C)c1ccccc1,"InChI=1S/C9H14Si/c1-10(2,3)9-7-5-4-6-8-9/h4-8H,1-3H3",KXFSUVJPEQYUGN-UHFFFAOYSA-N,KXFSUVJPEQYUGN,C9H14Si,1,0,False,0,0,0,False,,True,False,grp_27b44b5a9de26f9f,test,False,True,13,0
mol_22be8c33c22b0b12,"InChI=1S/C7H7I/c1-6-4-2-3-5-7(6)8/h2-5H,1H3",1-iodo-2-methylbenzene,"[""RINOYHWVBUKAQE-UHFFFAOYSA-N""]",2025.09.6,Cc1ccccc1I,"InChI=1S/C7H7I/c1-6-4-2-3-5-7(6)8/h2-5H,1H3",RINOYHWVBUKAQE-UHFFFAOYSA-N,RINOYHWVBUKAQE,C7H7I,1,0,False,0,0,0,False,,True,False,grp_5dea7427c65d07c7,train,False,True,12,0
mol_22dc1b955e032e20,"InChI=1S/C10H5F15O2/c1-2-27-3(26)4(11,12)5(13,14)6(15,16)7(17,18)8(19,20)9(21,22)10(23,24)25/h2H2,1H3",ethyl perfluorooctanoate,"[""JTOFFHFAQBLPTM-UHFFFAOYSA-N""]",2025.09.6,CCOC(=O)C(F)(F)C(F)(F)C(F)(F)C(F)(F)C(F)(F)C(F)(F)C(F)(F)F,"InChI=1S/C10H5F15O2/c1-2-27-3(26)4(11,12)5(13,14)6(15,16)7(17,18)8(19,20)9(21,22)10(23,24)25/h2H2,1H3",JTOFFHFAQBLPTM-UHFFFAOYSA-N,JTOFFHFAQBLPTM,C10H5F15O2,1,0,False,0,0,0,False,,True,False,grp_9d136d31b7e89f83,test,False,False,4,0
mol_233b54030a79656e,"InChI=1S/C7H14O/c1-3-5-6-7(8)4-2/h3-6H2,1-2H3",3-heptanone,"[""NGAZZOYFWWSOGK-UHFFFAOYSA-N""]",2025.09.6,CCCCC(=O)CC,"InChI=1S/C7H14O/c1-3-5-6-7(8)4-2/h3-6H2,1-2H3",NGAZZOYFWWSOGK-UHFFFAOYSA-N,NGAZZOYFWWSOGK,C7H14O,1,0,False,0,0,0,False,,True,False,grp_5dea7427c65d07c7,train,False,False,4,0
mol_235e273753448a7f,InChI=1S/C4H8O2S/c5-7(6)3-1-2-4-7/h1-4H2,sulfolane,"[""HXJUTPCZVOIRIF-UHFFFAOYSA-N""]",2025.09.6,O=S1(=O)CCCC1,InChI=1S/C4H8O2S/c5-7(6)3-1-2-4-7/h1-4H2,HXJUTPCZVOIRIF-UHFFFAOYSA-N,HXJUTPCZVOIRIF,C4H8O2S,1,0,False,0,0,0,False,,True,False,grp_5dea7427c65d07c7,train,False,False,13,0
mol_236fafdbbe72dc54,InChI=1S/C6H4FI/c7-5-1-3-6(8)4-2-5/h1-4H,"1,4-fluoroiodobenzene","[""KGNQDBQYEBMPFZ-UHFFFAOYSA-N""]",2025.09.6,Fc1ccc(I)cc1,InChI=1S/C6H4FI/c7-5-1-3-6(8)4-2-5/h1-4H,KGNQDBQYEBMPFZ-UHFFFAOYSA-N,KGNQDBQYEBMPFZ,C6H4FI,1,0,False,0,0,0,False,,True,False,grp_468c9a97902f6f3f,test,False,True,13,0
mol_238deb0b278c0317,InChI=1S/C6H4FI/c7-5-3-1-2-4-6(5)8/h1-4H,"1,2-fluoroiodobenzene","[""TYHUGKGZNOULKD-UHFFFAOYSA-N""]",2025.09.6,Fc1ccccc1I,InChI=1S/C6H4FI/c7-5-3-1-2-4-6(5)8/h1-4H,TYHUGKGZNOULKD-UHFFFAOYSA-N,TYHUGKGZNOULKD,C6H4FI,1,0,False,0,0,0,False,,True,False,grp_468c9a97902f6f3f,test,False,True,22,0
mol_239cb7e490ad2a91,"InChI=1S/C7H7Cl/c1-6-2-4-7(8)5-3-6/h2-5H,1H3",4-chlorotoluene,"[""NPDACUSDTOMAMK-UHFFFAOYSA-N""]",2025.09.6,Cc1ccc(Cl)cc1,"InChI=1S/C7H7Cl/c1-6-2-4-7(8)5-3-6/h2-5H,1H3",NPDACUSDTOMAMK-UHFFFAOYSA-N,NPDACUSDTOMAMK,C7H7Cl,1,0,False,0,0,0,False,,True,False,grp_5dea7427c65d07c7,train,True,True,17,0
mol_241178e06777b8f6,"InChI=1S/C5H8O/c1-4(6)5-2-3-5/h5H,2-3H2,1H3",1-cyclopropyl ethanone,"[""HVCFCNAITDHQFX-UHFFFAOYSA-N""]",2025.09.6,CC(=O)C1CC1,"InChI=1S/C5H8O/c1-4(6)5-2-3-5/h5H,2-3H2,1H3",HVCFCNAITDHQFX-UHFFFAOYSA-N,HVCFCNAITDHQFX,C5H8O,1,0,False,0,0,0,False,,True,False,grp_5dea7427c65d07c7,train,True,False,3,0
mol_245df31ea12a6746,"InChI=1S/C12H13N/c1-13(2)12-9-5-7-10-6-3-4-8-11(10)12/h3-9H,1-2H3",.alpha.-dimethylaminonaphthalene,"[""AJUXDFHPVZQOGF-UHFFFAOYSA-N""]",2025.09.6,CN(C)c1cccc2ccccc12,"InChI=1S/C12H13N/c1-13(2)12-9-5-7-10-6-3-4-8-11(10)12/h3-9H,1-2H3",AJUXDFHPVZQOGF-UHFFFAOYSA-N,AJUXDFHPVZQOGF,C12H13N,1,0,False,0,0,0,False,,True,False,grp_81cd87be3fde4550,test,False,True,12,0
mol_2465ec339bda2cbb,"InChI=1S/C3H8O/c1-2-3-4/h4H,2-3H2,1H3",propan-1-ol,"[""BDERNNFJNOPAEC-UHFFFAOYSA-N""]",2025.09.6,CCCO,"InChI=1S/C3H8O/c1-2-3-4/h4H,2-3H2,1H3",BDERNNFJNOPAEC-UHFFFAOYSA-N,BDERNNFJNOPAEC,C3H8O,1,0,False,0,0,0,False,,True,False,grp_5dea7427c65d07c7,train,True,True,69,0
mol_246891f3258f0b90,"InChI=1S/C4H11NS/c1-5(2)3-4-6/h6H,3-4H2,1-2H3",2-(dimethylamino)ethane-1-thiol,"[""DENMGZODXQRYAR-UHFFFAOYSA-N""]",2025.09.6,CN(C)CCS,"InChI=1S/C4H11NS/c1-5(2)3-4-6/h6H,3-4H2,1-2H3",DENMGZODXQRYAR-UHFFFAOYSA-N,DENMGZODXQRYAR,C4H11NS,1,0,False,0,0,0,False,,True,False,grp_024642e109f578eb,train,False,False,3,0
mol_2483b3ccb2b39f62,"InChI=1S/C6H14O2/c7-5-3-1-2-4-6-8/h7-8H,1-6H2","1,6-hexanediol","[""XXMIOPMDWAUFGU-UHFFFAOYSA-N""]",2025.09.6,OCCCCCCO,"InChI=1S/C6H14O2/c7-5-3-1-2-4-6-8/h7-8H,1-6H2",XXMIOPMDWAUFGU-UHFFFAOYSA-N,XXMIOPMDWAUFGU,C6H14O2,1,0,False,0,0,0,False,,True,False,grp_5dea7427c65d07c7,train,True,False,2,0
mol_24c542b281c2477a,"InChI=1S/C7H13NO/c1-8-6-4-2-3-5-7(8)9/h2-6H2,1H3",1-methylazacycloheptan-2-one,"[""ZWXPDGCFMMFNRW-UHFFFAOYSA-N""]",2025.09.6,CN1CCCCCC1=O,"InChI=1S/C7H13NO/c1-8-6-4-2-3-5-7(8)9/h2-6H2,1H3",ZWXPDGCFMMFNRW-UHFFFAOYSA-N,ZWXPDGCFMMFNRW,C7H13NO,1,0,False,0,0,0,False,,True,False,grp_5dea7427c65d07c7,train,False,True,11,0
mol_253d8d3c7e0ad521,InChI=1S/CH3NO2/c1-2(3)4/h1H3,nitromethane,"[""LYGJENNIWJXYER-UHFFFAOYSA-N""]",2025.09.6,C[N+](=O)[O-],InChI=1S/CH3NO2/c1-2(3)4/h1H3,LYGJENNIWJXYER-UHFFFAOYSA-N,LYGJENNIWJXYER,CH3NO2,1,0,True,0,0,0,False,,True,False,grp_5dea7427c65d07c7,train,True,False,3,0
mol_254632a1b45edabf,"InChI=1S/C7H14O3/c1-3-4-5-10-7(9)6(2)8/h6,8H,3-5H2,1-2H3/t6-/m0/s1",butyl L-lactate,"[""MRABAEUHTLLEML-LURJTMIESA-N""]",2025.09.6,CCCCOC(=O)[C@H](C)O,"InChI=1S/C7H14O3/c1-3-4-5-10-7(9)6(2)8/h6,8H,3-5H2,1-2H3/t6-/m0/s1",MRABAEUHTLLEML-LURJTMIESA-N,MRABAEUHTLLEML,C7H14O3,1,0,False,0,1,0,False,,True,False,grp_5dea7427c65d07c7,train,False,False,4,0
mol_256a0ea2592048b0,"InChI=1S/C7H14/c1-7-5-3-2-4-6-7/h7H,2-6H2,1H3",methylcyclohexane,"[""UAEPNZWRGJTJPN-UHFFFAOYSA-N""]",2025.09.6,CC1CCCCC1,"InChI=1S/C7H14/c1-7-5-3-2-4-6-7/h7H,2-6H2,1H3",UAEPNZWRGJTJPN-UHFFFAOYSA-N,UAEPNZWRGJTJPN,C7H14,1,0,False,0,0,0,False,,True,False,grp_5dea7427c65d07c7,train,True,False,4,0
mol_257d515536a43061,"InChI=1S/CBrCl3/c2-1(3,4)5",bromotrichloromethane,"[""XNNQFQFUQLJSQT-UHFFFAOYSA-N""]",2025.09.6,ClC(Cl)(Cl)Br,"InChI=1S/CBrCl3/c2-1(3,4)5",XNNQFQFUQLJSQT-UHFFFAOYSA-N,XNNQFQFUQLJSQT,CBrCl3,1,0,False,0,0,0,False,,True,False,grp_5dea7427c65d07c7,train,False,False,1,0
mol_25b76921742ed7fa,"InChI=1S/C3H5N/c1-2-3-4/h2H2,1H3",propanenitrile,"[""FVSKHRXBFJPNKK-UHFFFAOYSA-N""]",2025.09.6,CCC#N,"InChI=1S/C3H5N/c1-2-3-4/h2H2,1H3",FVSKHRXBFJPNKK-UHFFFAOYSA-N,FVSKHRXBFJPNKK,C3H5N,1,0,False,0,0,0,False,,True,False,grp_5dea7427c65d07c7,train,True,False,14,0
mol_2634d93cfb57c01a,"InChI=1S/C10H9N/c1-8-4-2-5-9-6-3-7-11-10(8)9/h2-7H,1H3",8-methylquinoline,"[""JRLTTZUODKEYDH-UHFFFAOYSA-N""]",2025.09.6,Cc1cccc2cccnc12,"InChI=1S/C10H9N/c1-8-4-2-5-9-6-3-7-11-10(8)9/h2-7H,1H3",JRLTTZUODKEYDH-UHFFFAOYSA-N,JRLTTZUODKEYDH,C10H9N,1,0,False,0,0,0,False,,True,False,grp_05168514f8646cd3,test,True,True,19,0
mol_26e873b560062259,InChI=1S/C4H6O4/c1-7-3(5)4(6)8-2/h1-2H3,dimethyl ethanedioate,"[""LOMVENUNSWAXEN-UHFFFAOYSA-N""]",2025.09.6,COC(=O)C(=O)OC,InChI=1S/C4H6O4/c1-7-3(5)4(6)8-2/h1-2H3,LOMVENUNSWAXEN-UHFFFAOYSA-N,LOMVENUNSWAXEN,C4H6O4,1,0,False,0,0,0,False,,True,False,grp_5dea7427c65d07c7,train,False,True,17,0
mol_275981bba78be1e1,"InChI=1S/C7H7Br/c1-6-3-2-4-7(8)5-6/h2-5H,1H3",1-bromo-3-methylbenzene,"[""WJIFKOVZNJTSGO-UHFFFAOYSA-N""]",2025.09.6,Cc1cccc(Br)c1,"InChI=1S/C7H7Br/c1-6-3-2-4-7(8)5-6/h2-5H,1H3",WJIFKOVZNJTSGO-UHFFFAOYSA-N,WJIFKOVZNJTSGO,C7H7Br,1,0,False,0,0,0,False,,True,False,grp_5dea7427c65d07c7,train,False,True,27,0
mol_27b75bf766b45709,"InChI=1S/C6H12O/c1-2-3-4-5-6-7/h3-4,7H,2,5-6H2,1H3/b4-3-",(Z)-3-hexen-1-ol,"[""UFLHIIWVXFIJGU-ARJAWSKDSA-N""]",2025.09.6,CC/C=C\CCO,"InChI=1S/C6H12O/c1-2-3-4-5-6-7/h3-4,7H,2,5-6H2,1H3/b4-3-",UFLHIIWVXFIJGU-ARJAWSKDSA-N,UFLHIIWVXFIJGU,C6H12O,1,0,False,0,1,0,False,,True,False,grp_5dea7427c65d07c7,train,False,True,31,0
mol_2850223b4ba7abbb,"InChI=1S/C6H12O2/c1-2-3-4-5-8-6-7/h6H,2-5H2,1H3",pentyl methanoate,"[""DIQMPQMYFZXDAX-UHFFFAOYSA-N""]",2025.09.6,CCCCCOC=O,"InChI=1S/C6H12O2/c1-2-3-4-5-8-6-7/h6H,2-5H2,1H3",DIQMPQMYFZXDAX-UHFFFAOYSA-N,DIQMPQMYFZXDAX,C6H12O2,1,0,False,0,0,0,False,,True,False,grp_5dea7427c65d07c7,train,False,True,16,0
mol_2895d981d8bdc338,"InChI=1S/C10H9N/c11-10-7-3-5-8-4-1-2-6-9(8)10/h1-7H,11H2",1-naphthalenamine,"[""RUFPHBVGCFYCNW-UHFFFAOYSA-N""]",2025.09.6,Nc1cccc2ccccc12,"InChI=1S/C10H9N/c11-10-7-3-5-8-4-1-2-6-9(8)10/h1-7H,11H2",RUFPHBVGCFYCNW-UHFFFAOYSA-N,RUFPHBVGCFYCNW,C10H9N,1,0,False,0,0,0,False,,True,False,grp_81cd87be3fde4550,test,False,False,11,0
mol_28d861e75826cef3,InChI=1S/C2H6S2/c1-3-4-2/h1-2H3,"2,3-dithiabutane","[""WQOXQRCZOLPYPM-UHFFFAOYSA-N""]",2025.09.6,CSSC,InChI=1S/C2H6S2/c1-3-4-2/h1-2H3,WQOXQRCZOLPYPM-UHFFFAOYSA-N,WQOXQRCZOLPYPM,C2H6S2,1,0,False,0,0,0,False,,True,False,grp_5dea7427c65d07c7,train,True,False,1,0
mol_28ddefda28499c0d,"InChI=1S/C10H10N2/c1-9-4-2-3-5-10(9)12-7-6-11-8-12/h2-8H,1H3",1-(o-tolyl)-1H-imidazole,"[""TWCVCECJVZOZRM-UHFFFAOYSA-N""]",2025.09.6,Cc1ccccc1-n1ccnc1,"InChI=1S/C10H10N2/c1-9-4-2-3-5-10(9)12-7-6-11-8-12/h2-8H,1H3",TWCVCECJVZOZRM-UHFFFAOYSA-N,TWCVCECJVZOZRM,C10H10N2,1,0,False,0,0,0,False,,True,False,grp_5ed1239f1de5ca2c,validation,False,True,11,0
mol_2901cf755cab0466,"InChI=1S/C5H12O2/c1-2-4-7-5-3-6/h6H,2-5H2,1H3",2-propoxyethanol,"[""YEYKMVJDLWJFOA-UHFFFAOYSA-N""]",2025.09.6,CCCOCCO,"InChI=1S/C5H12O2/c1-2-4-7-5-3-6/h6H,2-5H2,1H3",YEYKMVJDLWJFOA-UHFFFAOYSA-N,YEYKMVJDLWJFOA,C5H12O2,1,0,False,0,0,0,False,,True,False,grp_5dea7427c65d07c7,train,True,False,5,0
mol_299a215a96655c24,InChI=1S/C4H6O2/c5-4-2-1-3-6-4/h1-3H2,.gamma.-butyrolactone,"[""YEJRWHAVMIAJKC-UHFFFAOYSA-N""]",2025.09.6,O=C1CCCO1,InChI=1S/C4H6O2/c5-4-2-1-3-6-4/h1-3H2,YEJRWHAVMIAJKC-UHFFFAOYSA-N,YEJRWHAVMIAJKC,C4H6O2,1,0,False,0,0,0,False,,True,False,grp_5dea7427c65d07c7,train,True,False,6,0
mol_29b0042d758abfd8,"InChI=1S/C8H10O/c9-7-6-8-4-2-1-3-5-8/h1-5,9H,6-7H2",2-phenylethanol,"[""WRMNZCZEMHIOCP-UHFFFAOYSA-N""]",2025.09.6,OCCc1ccccc1,"InChI=1S/C8H10O/c9-7-6-8-4-2-1-3-5-8/h1-5,9H,6-7H2",WRMNZCZEMHIOCP-UHFFFAOYSA-N,WRMNZCZEMHIOCP,C8H10O,1,0,False,0,0,0,False,,True,False,grp_5dea7427c65d07c7,train,False,True,21,0
mol_2a3bf002f33d68f6,"InChI=1S/C12H16N2/c1-2-3-6-9-14-10-13-11-7-4-5-8-12(11)14/h4-5,7-8,10H,2-3,6,9H2,1H3",1-pentyl-1H-benzimidazole,"[""LCTJVCKLBZGNTC-UHFFFAOYSA-N""]",2025.09.6,CCCCCn1cnc2ccccc21,"InChI=1S/C12H16N2/c1-2-3-6-9-14-10-13-11-7-4-5-8-12(11)14/h4-5,7-8,10H,2-3,6,9H2,1H3",LCTJVCKLBZGNTC-UHFFFAOYSA-N,LCTJVCKLBZGNTC,C12H16N2,1,0,False,0,0,0,False,,True,False,grp_5ed1239f1de5ca2c,validation,False,True,19,0
mol_2b7f8f6f183caf51,"InChI=1S/C12H22O4/c1-11(2,3)15-9(13)7-8-10(14)16-12(4,5)6/h7-8H2,1-6H3",di-tert-butyl succinate,"[""GOORECODRBZTKF-UHFFFAOYSA-N""]",2025.09.6,CC(C)(C)OC(=O)CCC(=O)OC(C)(C)C,"InChI=1S/C12H22O4/c1-11(2,3)15-9(13)7-8-10(14)16-12(4,5)6/h7-8H2,1-6H3",GOORECODRBZTKF-UHFFFAOYSA-N,GOORECODRBZTKF,C12H22O4,1,0,False,0,0,0,False,,True,False,grp_642c5927dec37b59,validation,False,True,16,0
mol_2c26c5ea55ef74f0,"InChI=1S/C7H15N/c1-8-7-5-3-2-4-6-7/h7-8H,2-6H2,1H3",N-methylcyclohexylamine,"[""XTUVJUMINZSXGF-UHFFFAOYSA-N""]",2025.09.6,CNC1CCCCC1,"InChI=1S/C7H15N/c1-8-7-5-3-2-4-6-7/h7-8H,2-6H2,1H3",XTUVJUMINZSXGF-UHFFFAOYSA-N,XTUVJUMINZSXGF,C7H15N,1,0,False,0,0,0,False,,True,False,grp_5dea7427c65d07c7,train,False,True,14,0
mol_2c8fece1c354948f,"InChI=1S/C6H12O2/c1-3-4-5-6(7)8-2/h3-5H2,1-2H3",methyl pentanoate,"[""HNBDRPTVWVGKBR-UHFFFAOYSA-N""]",2025.09.6,CCCCC(=O)OC,"InChI=1S/C6H12O2/c1-3-4-5-6(7)8-2/h3-5H2,1-2H3",HNBDRPTVWVGKBR-UHFFFAOYSA-N,HNBDRPTVWVGKBR,C6H12O2,1,0,False,0,0,0,False,,True,False,grp_5dea7427c65d07c7,train,True,True,31,0
mol_2d09dab0a2be3f90,InChI=1S/C6H5Br/c7-6-4-2-1-3-5-6/h1-5H,bromobenzene,"[""QARVLSVVCXYDNA-UHFFFAOYSA-N""]",2025.09.6,Brc1ccccc1,InChI=1S/C6H5Br/c7-6-4-2-1-3-5-6/h1-5H,QARVLSVVCXYDNA-UHFFFAOYSA-N,QARVLSVVCXYDNA,C6H5Br,1,0,False,0,0,0,False,,True,False,grp_5dea7427c65d07c7,train,True,False,16,0
mol_2d51bd32961be5de,"InChI=1S/C10H12N2/c1-2-7-12-8-11-9-5-3-4-6-10(9)12/h3-6,8H,2,7H2,1H3",1-propyl-1H-benzimidazole,"[""LZUVIELFLONRSS-UHFFFAOYSA-N""]",2025.09.6,CCCn1cnc2ccccc21,"InChI=1S/C10H12N2/c1-2-7-12-8-11-9-5-3-4-6-10(9)12/h3-6,8H,2,7H2,1H3",LZUVIELFLONRSS-UHFFFAOYSA-N,LZUVIELFLONRSS,C10H12N2,1,0,False,0,0,0,False,,True,False,grp_5ed1239f1de5ca2c,validation,False,True,21,0
mol_2e302d909c9e5e5c,"InChI=1S/C5H10O3/c1-3-7-5(6)8-4-2/h3-4H2,1-2H3",diethyl carbonate,"[""OIFBSDVPJOWBCH-UHFFFAOYSA-N""]",2025.09.6,CCOC(=O)OCC,"InChI=1S/C5H10O3/c1-3-7-5(6)8-4-2/h3-4H2,1-2H3",OIFBSDVPJOWBCH-UHFFFAOYSA-N,OIFBSDVPJOWBCH,C5H10O3,1,0,False,0,0,0,False,,True,False,grp_5dea7427c65d07c7,train,True,True,102,0
mol_2e538f5e181d5946,"InChI=1S/C10H22O/c1-2-3-4-5-6-7-8-9-10-11/h11H,2-10H2,1H3",decan-1-ol,"[""MWKFXSUHUHTGQN-UHFFFAOYSA-N""]",2025.09.6,CCCCCCCCCCO,"InChI=1S/C10H22O/c1-2-3-4-5-6-7-8-9-10-11/h11H,2-10H2,1H3",MWKFXSUHUHTGQN-UHFFFAOYSA-N,MWKFXSUHUHTGQN,C10H22O,1,0,False,0,0,0,False,,True,False,grp_5dea7427c65d07c7,train,True,False,8,0
mol_2ea49b3823ebd7ad,"InChI=1S/C6H14/c1-3-5-6-4-2/h3-6H2,1-2H3",hexane,"[""VLKZOEOYAKHREP-UHFFFAOYSA-N""]",2025.09.6,CCCCCC,"InChI=1S/C6H14/c1-3-5-6-4-2/h3-6H2,1-2H3",VLKZOEOYAKHREP-UHFFFAOYSA-N,VLKZOEOYAKHREP,C6H14,1,0,False,0,0,0,False,,True,False,grp_5dea7427c65d07c7,train,True,False,5,0
mol_2ebd0ef54ed8a046,"InChI=1S/C9H16O4/c1-6(2)12-8(10)5-9(11)13-7(3)4/h6-7H,5H2,1-4H3",diisopropyl malonate,"[""QRVSDVDFJFKYKA-UHFFFAOYSA-N""]",2025.09.6,CC(C)OC(=O)CC(=O)OC(C)C,"InChI=1S/C9H16O4/c1-6(2)12-8(10)5-9(11)13-7(3)4/h6-7H,5H2,1-4H3",QRVSDVDFJFKYKA-UHFFFAOYSA-N,QRVSDVDFJFKYKA,C9H16O4,1,0,False,0,0,0,False,,True,False,grp_642c5927dec37b59,validation,False,True,17,0
mol_2f2b484f1c3d108f,"InChI=1S/C5H10O/c1-4(2)5(3)6/h4H,1-3H3",3-methyl-2-butanone,"[""SYBYTAAJFKOIEJ-UHFFFAOYSA-N""]",2025.09.6,CC(=O)C(C)C,"InChI=1S/C5H10O/c1-4(2)5(3)6/h4H,1-3H3",SYBYTAAJFKOIEJ-UHFFFAOYSA-N,SYBYTAAJFKOIEJ,C5H10O,1,0,False,0,0,0,False,,True,False,grp_5dea7427c65d07c7,train,True,False,3,0
mol_2fc4ca5245c4c992,"InChI=1S/C8H7N/c1-7-3-2-4-8(5-7)6-9/h2-5H,1H3",3-cyanotoluene,"[""BOHCMQZJWOGWTA-UHFFFAOYSA-N""]",2025.09.6,Cc1cccc(C#N)c1,"InChI=1S/C8H7N/c1-7-3-2-4-8(5-7)6-9/h2-5H,1H3",BOHCMQZJWOGWTA-UHFFFAOYSA-N,BOHCMQZJWOGWTA,C8H7N,1,0,False,0,0,0,False,,True,False,grp_756fd67e09bf04a3,validation,False,True,17,0
mol_301adda8d033e6ed,"InChI=1S/C6H12O3/c1-4(2)9-6(8)5(3)7/h4-5,7H,1-3H3/t5-/m0/s1",isopropyl (S)-2-hydroxypropionate,"[""KIWATKANDHUUOB-YFKPBYRVSA-N""]",2025.09.6,CC(C)OC(=O)[C@H](C)O,"InChI=1S/C6H12O3/c1-4(2)9-6(8)5(3)7/h4-5,7H,1-3H3/t5-/m0/s1",KIWATKANDHUUOB-YFKPBYRVSA-N,KIWATKANDHUUOB,C6H12O3,1,0,False,0,1,0,False,,True,False,grp_5dea7427c65d07c7,train,False,False,12,0
mol_301d3a83ae1e6ae0,"InChI=1S/C6H12O/c1-5(2)4-6(3)7/h5H,4H2,1-3H3",4-methylpentan-2-one,"[""NTIZESTWPVYFNL-UHFFFAOYSA-N""]",2025.09.6,CC(=O)CC(C)C,"InChI=1S/C6H12O/c1-5(2)4-6(3)7/h5H,4H2,1-3H3",NTIZESTWPVYFNL-UHFFFAOYSA-N,NTIZESTWPVYFNL,C6H12O,1,0,False,0,0,0,False,,True,False,grp_5dea7427c65d07c7,train,True,False,17,0
mol_3038c09a8641181a,"InChI=1S/C6H6O2/c7-5-3-1-2-4-6(5)8/h1-4,7-8H","1,2-benzenediol","[""YCIMNLLNPGFGHC-UHFFFAOYSA-N""]",2025.09.6,Oc1ccccc1O,"InChI=1S/C6H6O2/c7-5-3-1-2-4-6(5)8/h1-4,7-8H",YCIMNLLNPGFGHC-UHFFFAOYSA-N,YCIMNLLNPGFGHC,C6H6O2,1,0,False,0,0,0,False,,True,False,grp_3038c09a8641181a,train,False,False,12,0
mol_304fa968ee31b51b,"InChI=1S/C12H24O2/c1-3-5-7-9-11-14-12(13)10-8-6-4-2/h3-11H2,1-2H3","hexanoic acid, hexyl ester","[""NCDCLPBOMHPFCV-UHFFFAOYSA-N""]",2025.09.6,CCCCCCOC(=O)CCCCC,"InChI=1S/C12H24O2/c1-3-5-7-9-11-14-12(13)10-8-6-4-2/h3-11H2,1-2H3",NCDCLPBOMHPFCV-UHFFFAOYSA-N,NCDCLPBOMHPFCV,C12H24O2,1,0,False,0,0,0,False,,True,False,grp_5dea7427c65d07c7,train,False,True,13,0
mol_30519df461efd318,"InChI=1S/C14H27N/c1-2-3-4-5-6-7-8-9-10-11-12-13-14-15/h2-13H2,1H3",tetradecanenitrile,"[""MLRCLPRHEOPXLL-UHFFFAOYSA-N""]",2025.09.6,CCCCCCCCCCCCCC#N,"InChI=1S/C14H27N/c1-2-3-4-5-6-7-8-9-10-11-12-13-14-15/h2-13H2,1H3",MLRCLPRHEOPXLL-UHFFFAOYSA-N,MLRCLPRHEOPXLL,C14H27N,1,0,False,0,0,0,False,,True,False,grp_5dea7427c65d07c7,train,True,True,15,0
mol_3102cb64a36fdac1,InChI=1S/C11H26N2/c12-10-8-6-4-2-1-3-5-7-9-11-13/h1-13H2,"1,11-Diaminoundecane","[""KLNPWTHGTVSSEU-UHFFFAOYSA-N""]",2025.09.6,NCCCCCCCCCCCN,InChI=1S/C11H26N2/c12-10-8-6-4-2-1-3-5-7-9-11-13/h1-13H2,KLNPWTHGTVSSEU-UHFFFAOYSA-N,KLNPWTHGTVSSEU,C11H26N2,1,0,False,0,0,0,False,,True,False,grp_5dea7427c65d07c7,train,False,False,13,0
mol_3147d9e632f76065,"InChI=1S/C9H12/c1-7-4-5-8(2)9(3)6-7/h4-6H,1-3H3","1,2,4-trimethylbenzene","[""GWHJZXXIDMPWGX-UHFFFAOYSA-N""]",2025.09.6,Cc1ccc(C)c(C)c1,"InChI=1S/C9H12/c1-7-4-5-8(2)9(3)6-7/h4-6H,1-3H3",GWHJZXXIDMPWGX-UHFFFAOYSA-N,GWHJZXXIDMPWGX,C9H12,1,0,False,0,0,0,False,,True,False,grp_5dea7427c65d07c7,train,True,False,3,0
mol_31620dc29144e64a,InChI=1S/C12H8N2/c1-2-6-10-9(5-1)13-11-7-3-4-8-12(11)14-10/h1-8H,phenazine,"[""PCNDJXKNXGMECE-UHFFFAOYSA-N""]",2025.09.6,c1ccc2nc3ccccc3nc2c1,InChI=1S/C12H8N2/c1-2-6-10-9(5-1)13-11-7-3-4-8-12(11)14-10/h1-8H,PCNDJXKNXGMECE-UHFFFAOYSA-N,PCNDJXKNXGMECE,C12H8N2,1,0,False,0,0,0,False,,True,False,grp_31620dc29144e64a,train,False,False,7,0
mol_327f3d3474e55905,"InChI=1S/C4H9NO/c1-3-6-4-2-5-1/h5H,1-4H2","tetrahydro-1,4-oxazine","[""YNAVUWVOSKDBBP-UHFFFAOYSA-N""]",2025.09.6,C1COCCN1,"InChI=1S/C4H9NO/c1-3-6-4-2-5-1/h5H,1-4H2",YNAVUWVOSKDBBP-UHFFFAOYSA-N,YNAVUWVOSKDBBP,C4H9NO,1,0,False,0,0,0,False,,True,False,grp_5dea7427c65d07c7,train,True,True,22,0
mol_32d4a096496c381d,"InChI=1S/C6H15NO/c1-3-7(4-2)5-6-8/h8H,3-6H2,1-2H3",(diethylamino)ethanol,"[""BFSVOASYOCHEOV-UHFFFAOYSA-N""]",2025.09.6,CCN(CC)CCO,"InChI=1S/C6H15NO/c1-3-7(4-2)5-6-8/h8H,3-6H2,1-2H3",BFSVOASYOCHEOV-UHFFFAOYSA-N,BFSVOASYOCHEOV,C6H15NO,1,0,False,0,0,0,False,,True,False,grp_5dea7427c65d07c7,train,False,True,58,0
mol_32e4362dde7a3ed7,InChI=1S/C10H24N2/c11-9-7-5-3-1-2-4-6-8-10-12/h1-12H2,"1,10-diaminodecane","[""YQLZOAVZWJBZSY-UHFFFAOYSA-N""]",2025.09.6,NCCCCCCCCCCN,InChI=1S/C10H24N2/c11-9-7-5-3-1-2-4-6-8-10-12/h1-12H2,YQLZOAVZWJBZSY-UHFFFAOYSA-N,YQLZOAVZWJBZSY,C10H24N2,1,0,False,0,0,0,False,,True,False,grp_5dea7427c65d07c7,train,False,False,20,0
mol_32facc64508e019f,"InChI=1S/C7H18N2O/c1-8(2)4-5-9(3)6-7-10/h10H,4-7H2,1-3H3",2-{[2-(dimethylamino)ethyl](methyl)amino}ethanol,"[""LSYBWANTZYUTGJ-UHFFFAOYSA-N""]",2025.09.6,CN(C)CCN(C)CCO,"InChI=1S/C7H18N2O/c1-8(2)4-5-9(3)6-7-10/h10H,4-7H2,1-3H3",LSYBWANTZYUTGJ-UHFFFAOYSA-N,LSYBWANTZYUTGJ,C7H18N2O,1,0,False,0,0,0,False,,True,False,grp_5dea7427c65d07c7,train,False,True,31,0
mol_3399c27a16597145,"InChI=1S/C16H31N/c1-2-3-4-5-6-7-8-9-10-11-12-13-14-15-16-17/h2-15H2,1H3",hexadecanenitrile,"[""WGXGAUQEMYSVJM-UHFFFAOYSA-N""]",2025.09.6,CCCCCCCCCCCCCCCC#N,"InChI=1S/C16H31N/c1-2-3-4-5-6-7-8-9-10-11-12-13-14-15-16-17/h2-15H2,1H3",WGXGAUQEMYSVJM-UHFFFAOYSA-N,WGXGAUQEMYSVJM,C16H31N,1,0,False,0,0,0,False,,True,False,grp_5dea7427c65d07c7,train,False,True,12,0
mol_34651b4ffde1812d,"InChI=1S/C7H9N/c1-6-3-7(2)5-8-4-6/h3-5H,1-2H3","3,5-dimethylpyridine","[""HWWYDZCSSYKIAD-UHFFFAOYSA-N""]",2025.09.6,Cc1cncc(C)c1,"InChI=1S/C7H9N/c1-6-3-7(2)5-8-4-6/h3-5H,1-2H3",HWWYDZCSSYKIAD-UHFFFAOYSA-N,HWWYDZCSSYKIAD,C7H9N,1,0,False,0,0,0,False,,True,False,grp_5dea7427c65d07c7,train,True,True,19,0
mol_34be7a6aa1bbce24,"InChI=1S/C7H16O2/c1-4-8-6-9-5-7(2)3/h7H,4-6H2,1-3H3",1-(ethoxymethoxy)-2-methylpropane,"[""QESKZLDEMUWERV-UHFFFAOYSA-N""]",2025.09.6,CCOCOCC(C)C,"InChI=1S/C7H16O2/c1-4-8-6-9-5-7(2)3/h7H,4-6H2,1-3H3",QESKZLDEMUWERV-UHFFFAOYSA-N,QESKZLDEMUWERV,C7H16O2,1,0,False,0,0,0,False,,True,False,grp_34be7a6aa1bbce24,test,False,False,3,0
mol_354c60c5de252d85,InChI=1S/C9H8N2/c1-2-4-9(5-3-1)11-7-6-10-8-11/h1-8H,1-phenylimidazole,"[""SEULWJSKCVACTH-UHFFFAOYSA-N""]",2025.09.6,c1ccc(-n2ccnc2)cc1,InChI=1S/C9H8N2/c1-2-4-9(5-3-1)11-7-6-10-8-11/h1-8H,SEULWJSKCVACTH-UHFFFAOYSA-N,SEULWJSKCVACTH,C9H8N2,1,0,False,0,0,0,False,,True,False,grp_5ed1239f1de5ca2c,validation,True,True,11,0
mol_358e3bc57d6b1ebf,"InChI=1S/C4H12N2/c1-4(2,6)3-5/h3,5-6H2,1-2H3","2-methyl-1,2-propanediamine","[""OPCJOXGBLDJWRM-UHFFFAOYSA-N""]",2025.09.6,CC(C)(N)CN,"InChI=1S/C4H12N2/c1-4(2,6)3-5/h3,5-6H2,1-2H3",OPCJOXGBLDJWRM-UHFFFAOYSA-N,OPCJOXGBLDJWRM,C4H12N2,1,0,False,0,0,0,False,,True,False,grp_358e3bc57d6b1ebf,validation,False,True,25,0
mol_3590edb9884753b9,"InChI=1S/C2H6O2/c3-1-2-4/h3-4H,1-2H2","1,2-ethanediol","[""LYCAIKOWRPUZTN-UHFFFAOYSA-N""]",2025.09.6,OCCO,"InChI=1S/C2H6O2/c3-1-2-4/h3-4H,1-2H2",LYCAIKOWRPUZTN-UHFFFAOYSA-N,LYCAIKOWRPUZTN,C2H6O2,1,0,False,0,0,0,False,,True,False,grp_5dea7427c65d07c7,train,True,True,81,0
mol_360d41877d5341ed,"InChI=1S/C7H8O/c1-8-7-5-3-2-4-6-7/h2-6H,1H3",anisole,"[""RDOXTESZEPMUJZ-UHFFFAOYSA-N""]",2025.09.6,COc1ccccc1,"InChI=1S/C7H8O/c1-8-7-5-3-2-4-6-7/h2-6H,1H3",RDOXTESZEPMUJZ-UHFFFAOYSA-N,RDOXTESZEPMUJZ,C7H8O,1,0,False,0,0,0,False,,True,False,grp_5dea7427c65d07c7,train,True,True,19,0
mol_370b202074e9a40f,"InChI=1S/C6H5BrO/c7-5-1-3-6(8)4-2-5/h1-4,8H",4-bromophenol,"[""GZFGOTFRPZRKDS-UHFFFAOYSA-N""]",2025.09.6,Oc1ccc(Br)cc1,"InChI=1S/C6H5BrO/c7-5-1-3-6(8)4-2-5/h1-4,8H",GZFGOTFRPZRKDS-UHFFFAOYSA-N,GZFGOTFRPZRKDS,C6H5BrO,1,0,False,0,0,0,False,,True,False,grp_5085cd785cc4c7f4,test,False,True,35,0
mol_38039963605715c8,"InChI=1S/C5H11N/c1-6-4-2-3-5-6/h2-5H2,1H3",N-methylpyrrolidine,"[""AVFZOVWCLRSYKC-UHFFFAOYSA-N""]",2025.09.6,CN1CCCC1,"InChI=1S/C5H11N/c1-6-4-2-3-5-6/h2-5H2,1H3",AVFZOVWCLRSYKC-UHFFFAOYSA-N,AVFZOVWCLRSYKC,C5H11N,1,0,False,0,0,0,False,,True,False,grp_5dea7427c65d07c7,train,False,False,8,0
mol_3828be354437d436,"InChI=1S/C14H30O3/c1-3-5-7-9-15-11-13-17-14-12-16-10-8-6-4-2/h3-14H2,1-2H3",1-(2-(2-(pentyloxy)ethoxy)ethoxy)pentane,"[""YXOUPUFJBBFWNL-UHFFFAOYSA-N""]",2025.09.6,CCCCCOCCOCCOCCCCC,"InChI=1S/C14H30O3/c1-3-5-7-9-15-11-13-17-14-12-16-10-8-6-4-2/h3-14H2,1-2H3",YXOUPUFJBBFWNL-UHFFFAOYSA-N,YXOUPUFJBBFWNL,C14H30O3,1,0,False,0,0,0,False,,True,False,grp_5dea7427c65d07c7,train,False,True,16,0
mol_385079eb0964d1b9,"InChI=1S/C6H4Cl2O/c7-4-2-1-3-5(8)6(4)9/h1-3,9H","2,6-dichlorophenol","[""HOLHYSJJBXSLMV-UHFFFAOYSA-N""]",2025.09.6,Oc1c(Cl)cccc1Cl,"InChI=1S/C6H4Cl2O/c7-4-2-1-3-5(8)6(4)9/h1-3,9H",HOLHYSJJBXSLMV-UHFFFAOYSA-N,HOLHYSJJBXSLMV,C6H4Cl2O,1,0,False,0,0,0,False,,True,False,grp_5085cd785cc4c7f4,test,False,True,10,0
mol_39442ffdaa2c1862,"InChI=1S/C6H5IO/c7-5-1-3-6(8)4-2-5/h1-4,8H",4-iodophenol,"[""VSMDINRNYYEDRN-UHFFFAOYSA-N""]",2025.09.6,Oc1ccc(I)cc1,"InChI=1S/C6H5IO/c7-5-1-3-6(8)4-2-5/h1-4,8H",VSMDINRNYYEDRN-UHFFFAOYSA-N,VSMDINRNYYEDRN,C6H5IO,1,0,False,0,0,0,False,,True,False,grp_5085cd785cc4c7f4,test,False,True,23,0
mol_3990f91812cec3f3,"InChI=1S/C7H15N/c1-2-4-6-8-7-5-3-1/h8H,1-7H2",heptamethyleneimine,"[""QXNDZONIWRINJR-UHFFFAOYSA-N""]",2025.09.6,C1CCCNCCC1,"InChI=1S/C7H15N/c1-2-4-6-8-7-5-3-1/h8H,1-7H2",QXNDZONIWRINJR-UHFFFAOYSA-N,QXNDZONIWRINJR,C7H15N,1,0,False,0,0,0,False,,True,False,grp_5dea7427c65d07c7,train,False,True,28,0
mol_39beef09cdd1ae08,"InChI=1S/C6H12O2/c1-3-4-5-8-6(2)7/h3-5H2,1-2H3",butyl ethanoate,"[""DKPFZGUDAPQIHT-UHFFFAOYSA-N""]",2025.09.6,CCCCOC(C)=O,"InChI=1S/C6H12O2/c1-3-4-5-8-6(2)7/h3-5H2,1-2H3",DKPFZGUDAPQIHT-UHFFFAOYSA-N,DKPFZGUDAPQIHT,C6H12O2,1,0,False,0,0,0,False,,True,False,grp_5dea7427c65d07c7,train,True,False,12,0
mol_39ce5f6b5769ea06,"InChI=1S/C3H7NO2/c1-3(2)4(5)6/h3H,1-2H3",2-nitropropane,"[""FGLBSLMDCBOPQK-UHFFFAOYSA-N""]",2025.09.6,CC(C)[N+](=O)[O-],"InChI=1S/C3H7NO2/c1-3(2)4(5)6/h3H,1-2H3",FGLBSLMDCBOPQK-UHFFFAOYSA-N,FGLBSLMDCBOPQK,C3H7NO2,1,0,True,0,0,0,False,,True,False,grp_9c9b18c6b3311f2d,train,False,True,16,0
mol_39d0980e9525ad01,InChI=1S/C12H8OS/c1-3-7-11-9(5-1)13-10-6-2-4-8-12(10)14-11/h1-8H,phenoxathiin,"[""GJSGGHOYGKMUPT-UHFFFAOYSA-N""]",2025.09.6,c1ccc2c(c1)Oc1ccccc1S2,InChI=1S/C12H8OS/c1-3-7-11-9(5-1)13-10-6-2-4-8-12(10)14-11/h1-8H,GJSGGHOYGKMUPT-UHFFFAOYSA-N,GJSGGHOYGKMUPT,C12H8OS,1,0,False,0,0,0,False,,True,False,grp_e6e15d938b8e7216,test,False,False,23,0
mol_3a6d9e06d6ef72e0,InChI=1S/C9H7BrN2/c10-8-1-3-9(4-2-8)12-6-5-11-7-12/h1-7H,4-bromo-phenyl-1H-imidazole,"[""SERULNRLZWOYPK-UHFFFAOYSA-N""]",2025.09.6,Brc1ccc(-n2ccnc2)cc1,InChI=1S/C9H7BrN2/c10-8-1-3-9(4-2-8)12-6-5-11-7-12/h1-7H,SERULNRLZWOYPK-UHFFFAOYSA-N,SERULNRLZWOYPK,C9H7BrN2,1,0,False,0,0,0,False,,True,False,grp_5ed1239f1de5ca2c,validation,False,False,5,0
mol_3b4635f42f3caa44,"InChI=1S/C5H8O2/c1-3-5(7)4(2)6/h3H2,1-2H3","2,3-pentanedione","[""TZMFJUDUGYTVRY-UHFFFAOYSA-N""]",2025.09.6,CCC(=O)C(C)=O,"InChI=1S/C5H8O2/c1-3-5(7)4(2)6/h3H2,1-2H3",TZMFJUDUGYTVRY-UHFFFAOYSA-N,TZMFJUDUGYTVRY,C5H8O2,1,0,False,0,0,0,False,,True,False,grp_f54dc6796e6478a3,train,False,False,1,0
mol_3b77e9f37a5881a9,InChI=1S/C2H4BrCl/c3-1-2-4/h1-2H2,1-bromo-2-chloroethane,"[""IBYHHJPAARCAIE-UHFFFAOYSA-N""]",2025.09.6,ClCCBr,InChI=1S/C2H4BrCl/c3-1-2-4/h1-2H2,IBYHHJPAARCAIE-UHFFFAOYSA-N,IBYHHJPAARCAIE,C2H4BrCl,1,0,False,0,0,0,False,,True,False,grp_5dea7427c65d07c7,train,True,False,1,0
mol_3bc540c095f58f95,"InChI=1S/C13H12/c1-3-7-12(8-4-1)11-13-9-5-2-6-10-13/h1-10H,11H2",diphenylmethane,"[""CZZYITDELCSZES-UHFFFAOYSA-N""]",2025.09.6,c1ccc(Cc2ccccc2)cc1,"InChI=1S/C13H12/c1-3-7-12(8-4-1)11-13-9-5-2-6-10-13/h1-10H,11H2",CZZYITDELCSZES-UHFFFAOYSA-N,CZZYITDELCSZES,C13H12,1,0,False,0,0,0,False,,True,False,grp_8be27da50ef3b127,train,True,True,20,0
mol_3bf20e799524cc8c,InChI=1S/C6H16N2O2/c7-1-3-9-5-6-10-4-2-8/h1-8H2,"1,2-bis(2-aminoethoxy)ethane","[""IWBOPFCKHIJFMS-UHFFFAOYSA-N""]",2025.09.6,NCCOCCOCCN,InChI=1S/C6H16N2O2/c7-1-3-9-5-6-10-4-2-8/h1-8H2,IWBOPFCKHIJFMS-UHFFFAOYSA-N,IWBOPFCKHIJFMS,C6H16N2O2,1,0,False,0,0,0,False,,True,False,grp_5dea7427c65d07c7,train,False,False,7,0
mol_3c289d4e289f2410,"InChI=1S/C2H3F3O/c3-2(4,5)1-6/h6H,1H2","2,2,2-trifluoroethanol","[""RHQDFWAXVIIEBN-UHFFFAOYSA-N""]",2025.09.6,OCC(F)(F)F,"InChI=1S/C2H3F3O/c3-2(4,5)1-6/h6H,1H2",RHQDFWAXVIIEBN-UHFFFAOYSA-N,RHQDFWAXVIIEBN,C2H3F3O,1,0,False,0,0,0,False,,True,False,grp_2200f285ec3f5350,validation,False,False,6,0
mol_3c910e6c11c5e493,InChI=1S/C9H7N/c1-2-6-9-8(4-1)5-3-7-10-9/h1-7H,quinoline,"[""SMWDFEZZVXVKRB-UHFFFAOYSA-N""]",2025.09.6,c1ccc2ncccc2c1,InChI=1S/C9H7N/c1-2-6-9-8(4-1)5-3-7-10-9/h1-7H,SMWDFEZZVXVKRB-UHFFFAOYSA-N,SMWDFEZZVXVKRB,C9H7N,1,0,False,0,0,0,False,,True,False,grp_2200f285ec3f5350,validation,False,False,4,0
mol_3cb1734042df550a,"InChI=1S/C7H7Br/c1-6-4-2-3-5-7(6)8/h2-5H,1H3",2-bromotoluene,"[""QSSXJPIWXQTSIX-UHFFFAOYSA-N""]",2025.09.6,Cc1ccccc1Br,"InChI=1S/C7H7Br/c1-6-4-2-3-5-7(6)8/h2-5H,1H3",QSSXJPIWXQTSIX-UHFFFAOYSA-N,QSSXJPIWXQTSIX,C7H7Br,1,0,False,0,0,0,False,,True,False,grp_5dea7427c65d07c7,train,False,True,21,0
mol_3d3be792b2873832,"InChI=1S/C8H3F15O/c9-2(10,1-24)3(11,12)4(13,14)5(15,16)6(17,18)7(19,20)8(21,22)23/h24H,1H2","2,2,3,3,4,4,5,5,6,6,7,7,8,8,8-pentadecafluoro-1-octanol","[""PJDOLCGOTSNFJM-UHFFFAOYSA-N""]",2025.09.6,OCC(F)(F)C(F)(F)C(F)(F)C(F)(F)C(F)(F)C(F)(F)C(F)(F)F,"InChI=1S/C8H3F15O/c9-2(10,1-24)3(11,12)4(13,14)5(15,16)6(17,18)7(19,20)8(21,22)23/h24H,1H2",PJDOLCGOTSNFJM-UHFFFAOYSA-N,PJDOLCGOTSNFJM,C8H3F15O,1,0,False,0,0,0,False,,True,False,grp_9dc3cc34781e7516,train,False,False,9,0
mol_3d99a53ccff0a14c,"InChI=1S/C8BrF17/c9-7(22,23)5(18,19)3(14,15)1(10,11)2(12,13)4(16,17)6(20,21)8(24,25)26",1-bromoperfluorooctane,"[""WTWWXOGTJWMJHI-UHFFFAOYSA-N""]",2025.09.6,FC(F)(F)C(F)(F)C(F)(F)C(F)(F)C(F)(F)C(F)(F)C(F)(F)C(F)(F)Br,"InChI=1S/C8BrF17/c9-7(22,23)5(18,19)3(14,15)1(10,11)2(12,13)4(16,17)6(20,21)8(24,25)26",WTWWXOGTJWMJHI-UHFFFAOYSA-N,WTWWXOGTJWMJHI,C8BrF17,1,0,False,0,0,0,False,,True,False,grp_5dea7427c65d07c7,train,False,True,10,0
mol_3deaee44f66bb29c,"InChI=1S/C10H10/c1-2-6-10-8-4-3-7-9(10)5-1/h1-3,5-7H,4,8H2","1,2-dihydronaphthalene","[""KEIFWROAQVVDBN-UHFFFAOYSA-N""]",2025.09.6,C1=Cc2ccccc2CC1,"InChI=1S/C10H10/c1-2-6-10-8-4-3-7-9(10)5-1/h1-3,5-7H,4,8H2",KEIFWROAQVVDBN-UHFFFAOYSA-N,KEIFWROAQVVDBN,C10H10,1,0,False,0,0,0,False,,True,False,grp_3deaee44f66bb29c,train,False,True,19,0
mol_3e1f0455f3d45ffd,"InChI=1S/C5H9ClO/c1-5(7)3-2-4-6/h2-4H2,1H3",1-chloro-4-pentanone,"[""XVRIEWDDMODMGA-UHFFFAOYSA-N""]",2025.09.6,CC(=O)CCCCl,"InChI=1S/C5H9ClO/c1-5(7)3-2-4-6/h2-4H2,1H3",XVRIEWDDMODMGA-UHFFFAOYSA-N,XVRIEWDDMODMGA,C5H9ClO,1,0,False,0,0,0,False,,True,False,grp_5dea7427c65d07c7,train,False,False,4,0
mol_3e3fe40dbc9b9649,"InChI=1S/C4H6N2/c1-6-4-2-3-5-6/h2-4H,1H3",1-methyl-1H-pyrazole,"[""UQFQONCQIQEYPJ-UHFFFAOYSA-N""]",2025.09.6,Cn1cccn1,"InChI=1S/C4H6N2/c1-6-4-2-3-5-6/h2-4H,1H3",UQFQONCQIQEYPJ-UHFFFAOYSA-N,UQFQONCQIQEYPJ,C4H6N2,1,0,False,0,0,0,False,,True,False,grp_5ed1239f1de5ca2c,validation,True,True,43,0
mol_3ead941b0482ece6,"InChI=1S/C6F14/c7-1(8,3(11,12)5(15,16)17)2(9,10)4(13,14)6(18,19)20",perfluorohexane,"[""ZJIJAJXFLBMLCK-UHFFFAOYSA-N""]",2025.09.6,FC(F)(F)C(F)(F)C(F)(F)C(F)(F)C(F)(F)C(F)(F)F,"InChI=1S/C6F14/c7-1(8,3(11,12)5(15,16)17)2(9,10)4(13,14)6(18,19)20",ZJIJAJXFLBMLCK-UHFFFAOYSA-N,ZJIJAJXFLBMLCK,C6F14,1,0,False,0,0,0,False,,True,False,grp_5dea7427c65d07c7,train,False,False,6,0
mol_3ec8acd703277a07,InChI=1S/C6H4BrF/c7-5-3-1-2-4-6(5)8/h1-4H,1-bromo-2-fluorobenzene,"[""IPWBFGUBXWMIPR-UHFFFAOYSA-N""]",2025.09.6,Fc1ccccc1Br,InChI=1S/C6H4BrF/c7-5-3-1-2-4-6(5)8/h1-4H,IPWBFGUBXWMIPR-UHFFFAOYSA-N,IPWBFGUBXWMIPR,C6H4BrF,1,0,False,0,0,0,False,,True,False,grp_468c9a97902f6f3f,test,False,True,21,0
mol_3f0db888fe369723,"InChI=1S/C11H20O4/c1-3-5-7-14-10(12)9-11(13)15-8-6-4-2/h3-9H2,1-2H3","dibutyl 1,3-propanedioate","[""NFKGQHYUYGYHIS-UHFFFAOYSA-N""]",2025.09.6,CCCCOC(=O)CC(=O)OCCCC,"InChI=1S/C11H20O4/c1-3-5-7-14-10(12)9-11(13)15-8-6-4-2/h3-9H2,1-2H3",NFKGQHYUYGYHIS-UHFFFAOYSA-N,NFKGQHYUYGYHIS,C11H20O4,1,0,False,0,0,0,False,,True,False,grp_5dea7427c65d07c7,train,False,True,20,0
mol_3fd637a4d667fe51,"InChI=1S/C9H20/c1-3-5-7-9-8-6-4-2/h3-9H2,1-2H3",nonane,"[""BKIMMITUMNQMOS-UHFFFAOYSA-N""]",2025.09.6,CCCCCCCCC,"InChI=1S/C9H20/c1-3-5-7-9-8-6-4-2/h3-9H2,1-2H3",BKIMMITUMNQMOS-UHFFFAOYSA-N,BKIMMITUMNQMOS,C9H20,1,0,False,0,0,0,False,,True,False,grp_5dea7427c65d07c7,train,True,False,12,0
mol_3ff2b6ab243e2db7,"InChI=1S/C5H10O/c1-4-5(2,3)6/h4,6H,1H2,2-3H3",2-methyl-3-buten-2-ol,"[""HNVRRHSXBLFLIG-UHFFFAOYSA-N""]",2025.09.6,C=CC(C)(C)O,"InChI=1S/C5H10O/c1-4-5(2,3)6/h4,6H,1H2,2-3H3",HNVRRHSXBLFLIG-UHFFFAOYSA-N,HNVRRHSXBLFLIG,C5H10O,1,0,False,0,0,0,False,,True,False,grp_3ff2b6ab243e2db7,test,True,True,45,0
mol_4055100dde2fa368,"InChI=1S/C8H9NO2/c1-11-8(10)6-3-2-4-7(9)5-6/h2-5H,9H2,1H3",methyl 3-aminobenzoate,"[""VZDNXXPBYLGWOS-UHFFFAOYSA-N""]",2025.09.6,COC(=O)c1cccc(N)c1,"InChI=1S/C8H9NO2/c1-11-8(10)6-3-2-4-7(9)5-6/h2-5H,9H2,1H3",VZDNXXPBYLGWOS-UHFFFAOYSA-N,VZDNXXPBYLGWOS,C8H9NO2,1,0,False,0,0,0,False,,True,False,grp_cd9f232caa190183,validation,False,True,24,0
mol_410fce458a7b4dd1,"InChI=1S/C10H10N2O/c1-13-10-5-3-2-4-9(10)12-7-6-11-8-12/h2-8H,1H3",2-methoxy-phenyl-1H-imidazole,"[""UFXRSQDZZKCBBQ-UHFFFAOYSA-N""]",2025.09.6,COc1ccccc1-n1ccnc1,"InChI=1S/C10H10N2O/c1-13-10-5-3-2-4-9(10)12-7-6-11-8-12/h2-8H,1H3",UFXRSQDZZKCBBQ-UHFFFAOYSA-N,UFXRSQDZZKCBBQ,C10H10N2O,1,0,False,0,0,0,False,,True,False,grp_5ed1239f1de5ca2c,validation,False,False,8,0
mol_41941ac4285969b3,"InChI=1S/C6H11NO/c8-7-6-4-2-1-3-5-6/h8H,1-5H2",cyclohexanone oxime,"[""VEZUQRBDRNJBJY-UHFFFAOYSA-N""]",2025.09.6,ON=C1CCCCC1,"InChI=1S/C6H11NO/c8-7-6-4-2-1-3-5-6/h8H,1-5H2",VEZUQRBDRNJBJY-UHFFFAOYSA-N,VEZUQRBDRNJBJY,C6H11NO,1,0,False,0,0,0,False,,True,False,grp_41941ac4285969b3,train,True,True,17,0
mol_4199743daa2b7d43,"InChI=1S/C11H22O2/c1-3-4-5-6-7-8-9-10-13-11(2)12/h3-10H2,1-2H3",nonyl ethanoate,"[""GJQIMXVRFNLMTB-UHFFFAOYSA-N""]",2025.09.6,CCCCCCCCCOC(C)=O,"InChI=1S/C11H22O2/c1-3-4-5-6-7-8-9-10-13-11(2)12/h3-10H2,1-2H3",GJQIMXVRFNLMTB-UHFFFAOYSA-N,GJQIMXVRFNLMTB,C11H22O2,1,0,False,0,0,0,False,,True,False,grp_5dea7427c65d07c7,train,False,False,10,0
mol_41da2435d36ad8a1,InChI=1S/C4H6O2/c1-3(5)4(2)6/h1-2H3,"2,3-butanedione","[""QSJXEFYPDANLFS-UHFFFAOYSA-N""]",2025.09.6,CC(=O)C(C)=O,InChI=1S/C4H6O2/c1-3(5)4(2)6/h1-2H3,QSJXEFYPDANLFS-UHFFFAOYSA-N,QSJXEFYPDANLFS,C4H6O2,1,0,False,0,0,0,False,,True,False,grp_f54dc6796e6478a3,train,False,False,3,0
mol_41edcf15887aae47,"InChI=1S/C7H14O2/c1-3-4-5-6-7(8)9-2/h3-6H2,1-2H3",methyl hexanoate,"[""NUKZAGXMHTUAFE-UHFFFAOYSA-N""]",2025.09.6,CCCCCC(=O)OC,"InChI=1S/C7H14O2/c1-3-4-5-6-7(8)9-2/h3-6H2,1-2H3",NUKZAGXMHTUAFE-UHFFFAOYSA-N,NUKZAGXMHTUAFE,C7H14O2,1,0,False,0,0,0,False,,True,False,grp_5dea7427c65d07c7,train,True,True,38,0
mol_42c6f7b242941e8c,"InChI=1S/C6H8O/c1-2-6-4-3-5-7-6/h3-5H,2H2,1H3",2-ethylfuran,"[""HLPIHRDZBHXTFJ-UHFFFAOYSA-N""]",2025.09.6,CCc1ccco1,"InChI=1S/C6H8O/c1-2-6-4-3-5-7-6/h3-5H,2H2,1H3",HLPIHRDZBHXTFJ-UHFFFAOYSA-N,HLPIHRDZBHXTFJ,C6H8O,1,0,False,0,0,0,False,,True,False,grp_32a9c229f3f94fad,validation,False,False,12,0
mol_42dec7eac7c31a97,"InChI=1S/C12H16O2/c1-12(2,3)10-7-5-9(6-8-10)11(13)14-4/h5-8H,1-4H3",methyl 4-tert-butylbenzoate,"[""UPIJOAFHOIWPLT-UHFFFAOYSA-N""]",2025.09.6,COC(=O)c1ccc(C(C)(C)C)cc1,"InChI=1S/C12H16O2/c1-12(2,3)10-7-5-9(6-8-10)11(13)14-4/h5-8H,1-4H3",UPIJOAFHOIWPLT-UHFFFAOYSA-N,UPIJOAFHOIWPLT,C12H16O2,1,0,False,0,0,0,False,,True,False,grp_42dec7eac7c31a97,test,False,True,19,0
mol_435971c8aa9ce0da,"InChI=1S/C5H12O/c1-2-3-4-5-6/h6H,2-5H2,1H3",pentan-1-ol,"[""AMQJEAYHLZJPGS-UHFFFAOYSA-N""]",2025.09.6,CCCCCO,"InChI=1S/C5H12O/c1-2-3-4-5-6/h6H,2-5H2,1H3",AMQJEAYHLZJPGS-UHFFFAOYSA-N,AMQJEAYHLZJPGS,C5H12O,1,0,False,0,0,0,False,,True,False,grp_5dea7427c65d07c7,train,True,True,43,0
mol_43a8992916d4bc49,"InChI=1S/C6H11NO/c8-6-4-2-1-3-5-7-6/h1-5H2,(H,7,8)",1-aza-2-cycloheptanone,"[""JBKVHLHDHHXQEQ-UHFFFAOYSA-N""]",2025.09.6,OC1=NCCCCC1,"InChI=1S/C6H11NO/c8-6-4-2-1-3-5-7-6/h1-5H2,(H,7,8)",JBKVHLHDHHXQEQ-UHFFFAOYSA-N,JBKVHLHDHHXQEQ,C6H11NO,1,0,False,0,0,0,False,,True,False,grp_43a8992916d4bc49,validation,False,False,23,0
mol_43e3cdae7078a32d,"InChI=1S/C5H11NO/c1-6-2-4-7-5-3-6/h2-5H2,1H3",N-methylmorpholine,"[""SJRJJKPEHAURKC-UHFFFAOYSA-N""]",2025.09.6,CN1CCOCC1,"InChI=1S/C5H11NO/c1-6-2-4-7-5-3-6/h2-5H2,1H3",SJRJJKPEHAURKC-UHFFFAOYSA-N,SJRJJKPEHAURKC,C5H11NO,1,0,False,0,0,0,False,,True,False,grp_5dea7427c65d07c7,train,False,True,39,0
mol_440a94c527338aad,"InChI=1S/C5H12N2/c1-7-4-2-6-3-5-7/h6H,2-5H2,1H3",N-methylpiperazine,"[""PVOAHINGSUIXLS-UHFFFAOYSA-N""]",2025.09.6,CN1CCNCC1,"InChI=1S/C5H12N2/c1-7-4-2-6-3-5-7/h6H,2-5H2,1H3",PVOAHINGSUIXLS-UHFFFAOYSA-N,PVOAHINGSUIXLS,C5H12N2,1,0,False,0,0,0,False,,True,False,grp_5dea7427c65d07c7,train,False,True,20,0
mol_4425bf195a41c22d,"InChI=1S/C12H22N2/c1-2-3-4-5-6-7-8-10-14-11-9-13-12-14/h9,11-12H,2-8,10H2,1H3",1-nonylimidazole,"[""KCWDRMKPLNYFEA-UHFFFAOYSA-N""]",2025.09.6,CCCCCCCCCn1ccnc1,"InChI=1S/C12H22N2/c1-2-3-4-5-6-7-8-10-14-11-9-13-12-14/h9,11-12H,2-8,10H2,1H3",KCWDRMKPLNYFEA-UHFFFAOYSA-N,KCWDRMKPLNYFEA,C12H22N2,1,0,False,0,0,0,False,,True,False,grp_554ad3ddcfbe3579,test,False,True,30,0
mol_4430dd0cb0a3c055,"InChI=1S/C11H22O2/c1-3-5-6-7-8-9-10-13-11(12)4-2/h3-10H2,1-2H3",octyl propanoate,"[""CEQGYPPMTKWBIU-UHFFFAOYSA-N""]",2025.09.6,CCCCCCCCOC(=O)CC,"InChI=1S/C11H22O2/c1-3-5-6-7-8-9-10-13-11(12)4-2/h3-10H2,1-2H3",CEQGYPPMTKWBIU-UHFFFAOYSA-N,CEQGYPPMTKWBIU,C11H22O2,1,0,False,0,0,0,False,,True,False,grp_5dea7427c65d07c7,train,False,True,16,0
mol_443f8c4011897804,"InChI=1S/C15H14O3/c16-15(17-11-13-7-3-1-4-8-13)18-12-14-9-5-2-6-10-14/h1-10H,11-12H2",dibenzyl carbonate,"[""PIZLBWGMERQCOC-UHFFFAOYSA-N""]",2025.09.6,O=C(OCc1ccccc1)OCc1ccccc1,"InChI=1S/C15H14O3/c16-15(17-11-13-7-3-1-4-8-13)18-12-14-9-5-2-6-10-14/h1-10H,11-12H2",PIZLBWGMERQCOC-UHFFFAOYSA-N,PIZLBWGMERQCOC,C15H14O3,1,0,False,0,0,0,False,,True,False,grp_5dea7427c65d07c7,train,False,False,13,0
mol_4446e9b31e59fba3,InChI=1S/C16H12/c1-2-7-13(8-3-1)16-12-6-10-14-9-4-5-11-15(14)16/h1-12H,1-phenylnaphthalene,"[""IYDMICQAKLQHLA-UHFFFAOYSA-N""]",2025.09.6,c1ccc(-c2cccc3ccccc23)cc1,InChI=1S/C16H12/c1-2-7-13(8-3-1)16-12-6-10-14-9-4-5-11-15(14)16/h1-12H,IYDMICQAKLQHLA-UHFFFAOYSA-N,IYDMICQAKLQHLA,C16H12,1,0,False,0,0,0,False,,True,False,grp_d957e784c854093b,train,True,True,25,0
mol_449e356636794f41,InChI=1S/C7H18N2/c8-6-4-2-1-3-5-7-9/h1-9H2,"1,7-diaminoheptane","[""PWSKHLMYTZNYKO-UHFFFAOYSA-N""]",2025.09.6,NCCCCCCCN,InChI=1S/C7H18N2/c8-6-4-2-1-3-5-7-9/h1-9H2,PWSKHLMYTZNYKO-UHFFFAOYSA-N,PWSKHLMYTZNYKO,C7H18N2,1,0,False,0,0,0,False,,True,False,grp_5dea7427c65d07c7,train,False,True,42,0
mol_456cd661d7732899,"InChI=1S/C11H20O4/c1-3-8-14-10(12)6-5-7-11(13)15-9-4-2/h3-9H2,1-2H3","pentanedioic acid, dipropyl ester","[""IXAVSISAEGUDSL-UHFFFAOYSA-N""]",2025.09.6,CCCOC(=O)CCCC(=O)OCCC,"InChI=1S/C11H20O4/c1-3-8-14-10(12)6-5-7-11(13)15-9-4-2/h3-9H2,1-2H3",IXAVSISAEGUDSL-UHFFFAOYSA-N,IXAVSISAEGUDSL,C11H20O4,1,0,False,0,0,0,False,,True,False,grp_5dea7427c65d07c7,train,False,True,19,0
mol_4581eaef241767fe,"InChI=1S/C6H6O2/c1-5-2-3-6(4-7)8-5/h2-4H,1H3",5-methylfurfural,"[""OUDFNZMQXZILJD-UHFFFAOYSA-N""]",2025.09.6,Cc1ccc(C=O)o1,"InChI=1S/C6H6O2/c1-5-2-3-6(4-7)8-5/h2-4H,1H3",OUDFNZMQXZILJD-UHFFFAOYSA-N,OUDFNZMQXZILJD,C6H6O2,1,0,False,0,0,0,False,,True,False,grp_5dea7427c65d07c7,train,True,True,46,0
mol_45c3e8d1518a20c5,"InChI=1S/C12H20O2Si/c1-5-13-15(4,14-6-2)12-10-8-7-9-11(12)3/h7-10H,5-6H2,1-4H3",diethoxy(methyl)(o-tolyl)silane,"[""IOPYEXQLVRWVIR-UHFFFAOYSA-N""]",2025.09.6,CCO[Si](C)(OCC)c1ccccc1C,"InChI=1S/C12H20O2Si/c1-5-13-15(4,14-6-2)12-10-8-7-9-11(12)3/h7-10H,5-6H2,1-4H3",IOPYEXQLVRWVIR-UHFFFAOYSA-N,IOPYEXQLVRWVIR,C12H20O2Si,1,0,False,0,0,0,False,,True,False,grp_5dea7427c65d07c7,train,False,True,10,0
mol_45c573e23e91147e,"InChI=1S/C8HF17/c9-1(10)2(11,12)3(13,14)4(15,16)5(17,18)6(19,20)7(21,22)8(23,24)25/h1H",1H-perfluorooctane,"[""KBHBUUBXEQUIMV-UHFFFAOYSA-N""]",2025.09.6,FC(F)C(F)(F)C(F)(F)C(F)(F)C(F)(F)C(F)(F)C(F)(F)C(F)(F)F,"InChI=1S/C8HF17/c9-1(10)2(11,12)3(13,14)4(15,16)5(17,18)6(19,20)7(21,22)8(23,24)25/h1H",KBHBUUBXEQUIMV-UHFFFAOYSA-N,KBHBUUBXEQUIMV,C8HF17,1,0,False,0,0,0,False,,True,False,grp_5dea7427c65d07c7,train,False,True,10,0
mol_45cc3d52a0d8f167,"InChI=1S/C5H6OS/c1-6-5-3-2-4-7-5/h2-4H,1H3",2-methoxythiophene,"[""OKEHURCMYKPVFW-UHFFFAOYSA-N""]",2025.09.6,COc1cccs1,"InChI=1S/C5H6OS/c1-6-5-3-2-4-7-5/h2-4H,1H3",OKEHURCMYKPVFW-UHFFFAOYSA-N,OKEHURCMYKPVFW,C5H6OS,1,0,False,0,0,0,False,,True,False,grp_fe68aa4179fd65d6,test,False,True,21,0
mol_4603750e706845d0,"InChI=1S/C8H9NO2/c1-11-8(10)6-4-2-3-5-7(6)9/h2-5H,9H2,1H3",methyl 2-aminobenzoate,"[""VAMXMNNIEUEQDV-UHFFFAOYSA-N""]",2025.09.6,COC(=O)c1ccccc1N,"InChI=1S/C8H9NO2/c1-11-8(10)6-4-2-3-5-7(6)9/h2-5H,9H2,1H3",VAMXMNNIEUEQDV-UHFFFAOYSA-N,VAMXMNNIEUEQDV,C8H9NO2,1,0,False,0,0,0,False,,True,False,grp_cd9f232caa190183,validation,True,True,40,0
mol_463cda24731eaedb,"InChI=1S/C11H14N2/c1-2-3-8-13-9-12-10-6-4-5-7-11(10)13/h4-7,9H,2-3,8H2,1H3",1-butyl-1H-benzimidazole,"[""SHPPDRZENGVOOR-UHFFFAOYSA-N""]",2025.09.6,CCCCn1cnc2ccccc21,"InChI=1S/C11H14N2/c1-2-3-8-13-9-12-10-6-4-5-7-11(10)13/h4-7,9H,2-3,8H2,1H3",SHPPDRZENGVOOR-UHFFFAOYSA-N,SHPPDRZENGVOOR,C11H14N2,1,0,False,0,0,0,False,,True,False,grp_5ed1239f1de5ca2c,validation,False,True,21,0
mol_467811238401dcaa,"InChI=1S/C5H6O/c1-5-3-2-4-6-5/h2-4H,1H3",2-methylfuran,"[""VQKFNUFAXTZWDK-UHFFFAOYSA-N""]",2025.09.6,Cc1ccco1,"InChI=1S/C5H6O/c1-5-3-2-4-6-5/h2-4H,1H3",VQKFNUFAXTZWDK-UHFFFAOYSA-N,VQKFNUFAXTZWDK,C5H6O,1,0,False,0,0,0,False,,True,False,grp_5dea7427c65d07c7,train,True,False,6,0
mol_46c8489a7a9a685e,"InChI=1S/C6H8O/c7-6-4-2-1-3-5-6/h2,4H,1,3,5H2",2-cyclohexen-1-one,"[""FWFSEYBSWVRWGL-UHFFFAOYSA-N""]",2025.09.6,O=C1C=CCCC1,"InChI=1S/C6H8O/c7-6-4-2-1-3-5-6/h2,4H,1,3,5H2",FWFSEYBSWVRWGL-UHFFFAOYSA-N,FWFSEYBSWVRWGL,C6H8O,1,0,False,0,0,0,False,,True,False,grp_1c4cca4512424bc8,train,False,True,11,0
mol_46c9766df0dc3e13,"InChI=1S/C8H9Cl/c1-6-4-3-5-7(2)8(6)9/h3-5H,1-2H3","2-chloro-1,3-dimethylbenzene","[""VDXLAYAQGYCQEO-UHFFFAOYSA-N""]",2025.09.6,Cc1cccc(C)c1Cl,"InChI=1S/C8H9Cl/c1-6-4-3-5-7(2)8(6)9/h3-5H,1-2H3",VDXLAYAQGYCQEO-UHFFFAOYSA-N,VDXLAYAQGYCQEO,C8H9Cl,1,0,False,0,0,0,False,,True,False,grp_5dea7427c65d07c7,train,False,True,15,0
mol_478c9e57637d58f1,"InChI=1S/C7H14O/c1-5(2)7(8)6(3)4/h5-6H,1-4H3","2,4-dimethyl-3-pentanone","[""HXVNBWAKAOHACI-UHFFFAOYSA-N""]",2025.09.6,CC(C)C(=O)C(C)C,"InChI=1S/C7H14O/c1-5(2)7(8)6(3)4/h5-6H,1-4H3",HXVNBWAKAOHACI-UHFFFAOYSA-N,HXVNBWAKAOHACI,C7H14O,1,0,False,0,0,0,False,,True,False,grp_5dea7427c65d07c7,train,True,False,9,0
mol_47abed7f530ce168,InChI=1S/C4H12N2/c5-3-1-2-4-6/h1-6H2,"1,4-butanediamine","[""KIDHWZJUCRJVML-UHFFFAOYSA-N""]",2025.09.6,NCCCCN,InChI=1S/C4H12N2/c5-3-1-2-4-6/h1-6H2,KIDHWZJUCRJVML-UHFFFAOYSA-N,KIDHWZJUCRJVML,C4H12N2,1,0,False,0,0,0,False,,True,False,grp_5dea7427c65d07c7,train,False,True,63,0
mol_482ca89f7c4d5b22,"InChI=1S/C9H12/c1-3-9-6-4-5-8(2)7-9/h4-7H,3H2,1-2H3",1-ethyl-3-methylbenzene,"[""ZLCSFXXPPANWQY-UHFFFAOYSA-N""]",2025.09.6,CCc1cccc(C)c1,"InChI=1S/C9H12/c1-3-9-6-4-5-8(2)7-9/h4-7H,3H2,1-2H3",ZLCSFXXPPANWQY-UHFFFAOYSA-N,ZLCSFXXPPANWQY,C9H12,1,0,False,0,0,0,False,,True,False,grp_5dea7427c65d07c7,train,False,False,1,0
mol_489f01adfafa1d79,"InChI=1S/C6H8O/c1-5-3-4-6(2)7-5/h3-4H,1-2H3","2,5-dimethylfuran","[""GSNUFIFRDBKVIE-UHFFFAOYSA-N""]",2025.09.6,Cc1ccc(C)o1,"InChI=1S/C6H8O/c1-5-3-4-6(2)7-5/h3-4H,1-2H3",GSNUFIFRDBKVIE-UHFFFAOYSA-N,GSNUFIFRDBKVIE,C6H8O,1,0,False,0,0,0,False,,True,False,grp_5dea7427c65d07c7,train,False,True,10,0
mol_49187baee97f9d09,"InChI=1S/C6H16N2/c1-3-8(4-2)6-5-7/h3-7H2,1-2H3","N,N-diethylethane-1,2-diamine","[""UDGSVBYJWHOHNN-UHFFFAOYSA-N""]",2025.09.6,CCN(CC)CCN,"InChI=1S/C6H16N2/c1-3-8(4-2)6-5-7/h3-7H2,1-2H3",UDGSVBYJWHOHNN-UHFFFAOYSA-N,UDGSVBYJWHOHNN,C6H16N2,1,0,False,0,0,0,False,,True,False,grp_5dea7427c65d07c7,train,False,True,21,0
mol_496a55139eacec75,"InChI=1S/C5H9NO/c1-6-4-2-3-5(6)7/h2-4H2,1H3",N-methylpyrrolidone,"[""SECXISVLQFMRJM-UHFFFAOYSA-N""]",2025.09.6,CN1CCCC1=O,"InChI=1S/C5H9NO/c1-6-4-2-3-5(6)7/h2-4H2,1H3",SECXISVLQFMRJM-UHFFFAOYSA-N,SECXISVLQFMRJM,C5H9NO,1,0,False,0,0,0,False,,True,False,grp_5dea7427c65d07c7,train,False,True,58,0
mol_49cd80c0af1fd256,"InChI=1S/C7H6O2/c1-5-4-6(8)2-3-7(5)9/h2-4H,1H3","2,5-cyclohexadiene-1,4-dione, 2-methyl","[""VTWDKFNVVLAELH-UHFFFAOYSA-N""]",2025.09.6,CC1=CC(=O)C=CC1=O,"InChI=1S/C7H6O2/c1-5-4-6(8)2-3-7(5)9/h2-4H,1H3",VTWDKFNVVLAELH-UHFFFAOYSA-N,VTWDKFNVVLAELH,C7H6O2,1,0,False,0,0,0,False,,True,False,grp_49cd80c0af1fd256,train,False,False,7,0
mol_4a28f84362f8850d,"InChI=1S/C12H24O2/c1-3-4-5-6-7-8-9-10-11-14-12(2)13/h3-11H2,1-2H3",decyl acetate,"[""NUPSHWCALHZGOV-UHFFFAOYSA-N""]",2025.09.6,CCCCCCCCCCOC(C)=O,"InChI=1S/C12H24O2/c1-3-4-5-6-7-8-9-10-11-14-12(2)13/h3-11H2,1-2H3",NUPSHWCALHZGOV-UHFFFAOYSA-N,NUPSHWCALHZGOV,C12H24O2,1,0,False,0,0,0,False,,True,False,grp_5dea7427c65d07c7,train,False,False,10,0
mol_4b404db342a0b6d3,"InChI=1S/C9H9N/c1-10-7-6-8-4-2-3-5-9(8)10/h2-7H,1H3",1-methylindole,"[""BLRHMMGNCXNXJL-UHFFFAOYSA-N""]",2025.09.6,Cn1ccc2ccccc21,"InChI=1S/C9H9N/c1-10-7-6-8-4-2-3-5-9(8)10/h2-7H,1H3",BLRHMMGNCXNXJL-UHFFFAOYSA-N,BLRHMMGNCXNXJL,C9H9N,1,0,False,0,0,0,False,,True,False,grp_5ed1239f1de5ca2c,validation,True,True,34,0
mol_4b509cb5dad13c84,"InChI=1S/C10H16/c1-7-4-5-8-6-9(7)10(8,2)3/h4,8-9H,5-6H2,1-3H3/t8-,9-/m0/s1",(S)-2-pinene,"[""GRWFGVWFFZKLTI-IUCAKERBSA-N""]",2025.09.6,CC1=CC[C@H]2C[C@@H]1C2(C)C,"InChI=1S/C10H16/c1-7-4-5-8-6-9(7)10(8,2)3/h4,8-9H,5-6H2,1-3H3/t8-,9-/m0/s1",GRWFGVWFFZKLTI-IUCAKERBSA-N,GRWFGVWFFZKLTI,C10H16,1,0,False,0,2,0,False,,True,False,grp_ee24c20719261d11,validation,False,True,32,0
mol_4cc1546235d77149,"InChI=1S/C10H12O/c1-3-4-9-5-7-10(11-2)8-6-9/h3-8H,1-2H3/b4-3+",(E)-1-(4-methoxyphenyl)propene,"[""RUVINXPYWBROJD-ONEGZZNKSA-N""]",2025.09.6,C/C=C/c1ccc(OC)cc1,"InChI=1S/C10H12O/c1-3-4-9-5-7-10(11-2)8-6-9/h3-8H,1-2H3/b4-3+",RUVINXPYWBROJD-ONEGZZNKSA-N,RUVINXPYWBROJD,C10H12O,1,0,False,0,1,0,False,,True,False,grp_a2fcc12936d735c8,train,False,True,14,0
mol_4d4b5cd67503629b,"InChI=1S/C6H10O4/c1-5(7)9-3-4-10-6(2)8/h3-4H2,1-2H3",ethylene diacetate,"[""JTXMVXSTHSMVQF-UHFFFAOYSA-N""]",2025.09.6,CC(=O)OCCOC(C)=O,"InChI=1S/C6H10O4/c1-5(7)9-3-4-10-6(2)8/h3-4H2,1-2H3",JTXMVXSTHSMVQF-UHFFFAOYSA-N,JTXMVXSTHSMVQF,C6H10O4,1,0,False,0,0,0,False,,True,False,grp_5dea7427c65d07c7,train,False,False,4,0
mol_4d8f9d9787a27468,"InChI=1S/C10H13NO2/c1-11(2)9-6-4-8(5-7-9)10(12)13-3/h4-7H,1-3H3",methyl 4-(dimethylamino)benzoate,"[""DBQGARDMYOMOOS-UHFFFAOYSA-N""]",2025.09.6,COC(=O)c1ccc(N(C)C)cc1,"InChI=1S/C10H13NO2/c1-11(2)9-6-4-8(5-7-9)10(12)13-3/h4-7H,1-3H3",DBQGARDMYOMOOS-UHFFFAOYSA-N,DBQGARDMYOMOOS,C10H13NO2,1,0,False,0,0,0,False,,True,False,grp_1ee21e819b209e57,test,False,True,20,0
mol_4e4c72058c054de2,"InChI=1S/C10H23N/c1-2-3-4-5-6-7-8-9-10-11/h2-11H2,1H3",1-decanamine,"[""MHZGKXUYDGKKIU-UHFFFAOYSA-N""]",2025.09.6,CCCCCCCCCCN,"InChI=1S/C10H23N/c1-2-3-4-5-6-7-8-9-10-11/h2-11H2,1H3",MHZGKXUYDGKKIU-UHFFFAOYSA-N,MHZGKXUYDGKKIU,C10H23N,1,0,False,0,0,0,False,,True,False,grp_5dea7427c65d07c7,train,False,True,32,0
mol_4e6567a0dc6bd494,"InChI=1S/C6H14O/c1-5(2)7-6(3)4/h5-6H,1-4H3",diisopropyl ether,"[""ZAFNJMIOTHYJRJ-UHFFFAOYSA-N""]",2025.09.6,CC(C)OC(C)C,"InChI=1S/C6H14O/c1-5(2)7-6(3)4/h5-6H,1-4H3",ZAFNJMIOTHYJRJ-UHFFFAOYSA-N,ZAFNJMIOTHYJRJ,C6H14O,1,0,False,0,0,0,False,,True,False,grp_5dea7427c65d07c7,train,True,False,15,0
mol_4eadf0af1849f947,"InChI=1S/C9H20O/c1-5-7-8-10-9(3,4)6-2/h5-8H2,1-4H3","butyl 1,1-dimethylpropyl ether","[""FTGPSKPJRKRPSX-UHFFFAOYSA-N""]",2025.09.6,CCCCOC(C)(C)CC,"InChI=1S/C9H20O/c1-5-7-8-10-9(3,4)6-2/h5-8H2,1-4H3",FTGPSKPJRKRPSX-UHFFFAOYSA-N,FTGPSKPJRKRPSX,C9H20O,1,0,False,0,0,0,False,,True,False,grp_5dea7427c65d07c7,train,False,True,20,0
mol_4ed4476039d60934,"InChI=1S/C8H10O2/c1-9-7-5-3-4-6-8(7)10-2/h3-6H,1-2H3","1,2-dimethoxybenzene","[""ABDKAPXRBAPSQN-UHFFFAOYSA-N""]",2025.09.6,COc1ccccc1OC,"InChI=1S/C8H10O2/c1-9-7-5-3-4-6-8(7)10-2/h3-6H,1-2H3",ABDKAPXRBAPSQN-UHFFFAOYSA-N,ABDKAPXRBAPSQN,C8H10O2,1,0,False,0,0,0,False,,True,False,grp_adfdafeead28201b,train,True,False,4,0
mol_4efd3132e13aacfa,InChI=1S/C9H7FN2/c10-8-1-3-9(4-2-8)12-6-5-11-7-12/h1-7H,4-fluoro-phenyl-1H-imidazole,"[""KKKSMWMXKUAZHK-UHFFFAOYSA-N""]",2025.09.6,Fc1ccc(-n2ccnc2)cc1,InChI=1S/C9H7FN2/c10-8-1-3-9(4-2-8)12-6-5-11-7-12/h1-7H,KKKSMWMXKUAZHK-UHFFFAOYSA-N,KKKSMWMXKUAZHK,C9H7FN2,1,0,False,0,0,0,False,,True,False,grp_5ed1239f1de5ca2c,validation,False,True,16,0
mol_4f08598a1604d2a7,"InChI=1S/C8H14O/c1-7(2)5-4-6-8(3)9/h5H,4,6H2,1-3H3",6-methyl-5-hepten-2-one,"[""UHEPJGULSIKKTP-UHFFFAOYSA-N""]",2025.09.6,CC(=O)CCC=C(C)C,"InChI=1S/C8H14O/c1-7(2)5-4-6-8(3)9/h5H,4,6H2,1-3H3",UHEPJGULSIKKTP-UHFFFAOYSA-N,UHEPJGULSIKKTP,C8H14O,1,0,False,0,0,0,False,,True,False,grp_5dea7427c65d07c7,train,False,True,53,0
mol_4f13a4696bbfcaf9,"InChI=1S/C3H8O2/c4-2-1-3-5/h4-5H,1-3H2","propan-1,3-diol","[""YPFDHNVEDLHUCE-UHFFFAOYSA-N""]",2025.09.6,OCCCO,"InChI=1S/C3H8O2/c4-2-1-3-5/h4-5H,1-3H2",YPFDHNVEDLHUCE-UHFFFAOYSA-N,YPFDHNVEDLHUCE,C3H8O2,1,0,False,0,0,0,False,,True,False,grp_5dea7427c65d07c7,train,True,True,43,0
mol_4f342c00679a86c2,"InChI=1S/C8H14O4/c1-3-5-11-7(9)8(10)12-6-4-2/h3-6H2,1-2H3",di-n-propyl oxalate,"[""HZHMMLIMOUNKCK-UHFFFAOYSA-N""]",2025.09.6,CCCOC(=O)C(=O)OCCC,"InChI=1S/C8H14O4/c1-3-5-11-7(9)8(10)12-6-4-2/h3-6H2,1-2H3",HZHMMLIMOUNKCK-UHFFFAOYSA-N,HZHMMLIMOUNKCK,C8H14O4,1,0,False,0,0,0,False,,True,False,grp_5dea7427c65d07c7,train,False,True,15,0
mol_4f518c4827747974,"InChI=1S/C4H3F7O/c5-2(6,1-12)3(7,8)4(9,10)11/h12H,1H2","2,2,3,3,4,4,4-heptafluorobutanol","[""WXJFKAZDSQLPBX-UHFFFAOYSA-N""]",2025.09.6,OCC(F)(F)C(F)(F)C(F)(F)F,"InChI=1S/C4H3F7O/c5-2(6,1-12)3(7,8)4(9,10)11/h12H,1H2",WXJFKAZDSQLPBX-UHFFFAOYSA-N,WXJFKAZDSQLPBX,C4H3F7O,1,0,False,0,0,0,False,,True,False,grp_9dc3cc34781e7516,train,False,True,11,0
mol_4ffa7abfb5a2e402,"InChI=1S/C8H16O2/c1-3-4-5-6-7-8(9)10-2/h3-7H2,1-2H3",methyl heptanoate,"[""XNCNNDVCAUWAIT-UHFFFAOYSA-N""]",2025.09.6,CCCCCCC(=O)OC,"InChI=1S/C8H16O2/c1-3-4-5-6-7-8(9)10-2/h3-7H2,1-2H3",XNCNNDVCAUWAIT-UHFFFAOYSA-N,XNCNNDVCAUWAIT,C8H16O2,1,0,False,0,0,0,False,,True,False,grp_5dea7427c65d07c7,train,True,True,14,0
mol_502267b1d358ae7d,"InChI=1S/C5H10O2/c1-3-4-7-5(2)6/h3-4H2,1-2H3",propyl ethanoate,"[""YKYONYBAUNKHLG-UHFFFAOYSA-N""]",2025.09.6,CCCOC(C)=O,"InChI=1S/C5H10O2/c1-3-4-7-5(2)6/h3-4H2,1-2H3",YKYONYBAUNKHLG-UHFFFAOYSA-N,YKYONYBAUNKHLG,C5H10O2,1,0,False,0,0,0,False,,True,False,grp_5dea7427c65d07c7,train,True,False,18,0
mol_51066cb4cb97b45d,InChI=1S/C6H4BrF/c7-5-1-3-6(8)4-2-5/h1-4H,1-bromo-4-fluorobenzene,"[""AITNMTXHTIIIBB-UHFFFAOYSA-N""]",2025.09.6,Fc1ccc(Br)cc1,InChI=1S/C6H4BrF/c7-5-1-3-6(8)4-2-5/h1-4H,AITNMTXHTIIIBB-UHFFFAOYSA-N,AITNMTXHTIIIBB,C6H4BrF,1,0,False,0,0,0,False,,True,False,grp_468c9a97902f6f3f,test,False,True,19,0
mol_517756553f493ba0,"InChI=1S/C8F18/c9-1(10,3(13,14)5(17,18)7(21,22)23)2(11,12)4(15,16)6(19,20)8(24,25)26",octadecafluorooctane,"[""YVBBRRALBYAZBM-UHFFFAOYSA-N""]",2025.09.6,FC(F)(F)C(F)(F)C(F)(F)C(F)(F)C(F)(F)C(F)(F)C(F)(F)C(F)(F)F,"InChI=1S/C8F18/c9-1(10,3(13,14)5(17,18)7(21,22)23)2(11,12)4(15,16)6(19,20)8(24,25)26",YVBBRRALBYAZBM-UHFFFAOYSA-N,YVBBRRALBYAZBM,C8F18,1,0,False,0,0,0,False,,True,False,grp_5dea7427c65d07c7,train,True,True,20,0
mol_520d932204fca4b7,InChI=1S/C2Cl4/c3-1(4)2(5)6,tetrachloroethene,"[""CYTYCFOTNPOANT-UHFFFAOYSA-N""]",2025.09.6,ClC(Cl)=C(Cl)Cl,InChI=1S/C2Cl4/c3-1(4)2(5)6,CYTYCFOTNPOANT-UHFFFAOYSA-N,CYTYCFOTNPOANT,C2Cl4,1,0,False,0,0,0,False,,True,False,grp_5dea7427c65d07c7,train,True,True,27,0
mol_528932d2a9841ae7,"InChI=1S/C5H11Cl/c1-2-3-4-5-6/h2-5H2,1H3",1-chloropentane,"[""SQCZQTSHSZLZIQ-UHFFFAOYSA-N""]",2025.09.6,CCCCCCl,"InChI=1S/C5H11Cl/c1-2-3-4-5-6/h2-5H2,1H3",SQCZQTSHSZLZIQ-UHFFFAOYSA-N,SQCZQTSHSZLZIQ,C5H11Cl,1,0,False,0,0,0,False,,True,False,grp_5dea7427c65d07c7,train,True,False,6,0
mol_53217b7c973288fe,"InChI=1S/C29H60/c1-3-5-7-9-11-13-15-17-19-21-23-25-27-29-28-26-24-22-20-18-16-14-12-10-8-6-4-2/h3-29H2,1-2H3",nonacosane,"[""IGGUPRCHHJZPBS-UHFFFAOYSA-N""]",2025.09.6,CCCCCCCCCCCCCCCCCCCCCCCCCCCCC,"InChI=1S/C29H60/c1-3-5-7-9-11-13-15-17-19-21-23-25-27-29-28-26-24-22-20-18-16-14-12-10-8-6-4-2/h3-29H2,1-2H3",IGGUPRCHHJZPBS-UHFFFAOYSA-N,IGGUPRCHHJZPBS,C29H60,1,0,False,0,0,0,False,,True,False,grp_5dea7427c65d07c7,train,False,False,5,0
mol_533237776aacb2a0,"InChI=1S/C6H10O4/c1-3-9-5(7)6(8)10-4-2/h3-4H2,1-2H3",diethyl ethanedioate,"[""WYACBZDAHNBPPB-UHFFFAOYSA-N""]",2025.09.6,CCOC(=O)C(=O)OCC,"InChI=1S/C6H10O4/c1-3-9-5(7)6(8)10-4-2/h3-4H2,1-2H3",WYACBZDAHNBPPB-UHFFFAOYSA-N,WYACBZDAHNBPPB,C6H10O4,1,0,False,0,0,0,False,,True,False,grp_5dea7427c65d07c7,train,False,True,14,0
mol_5362c7a729bf211e,"InChI=1S/C7H14O2/c1-5-7(3,4)9-6(2)8/h5H2,1-4H3","1,1-dimethylpropyl acetate","[""JCCIFDCPHCKATH-UHFFFAOYSA-N""]",2025.09.6,CCC(C)(C)OC(C)=O,"InChI=1S/C7H14O2/c1-5-7(3,4)9-6(2)8/h5H2,1-4H3",JCCIFDCPHCKATH-UHFFFAOYSA-N,JCCIFDCPHCKATH,C7H14O2,1,0,False,0,0,0,False,,True,False,grp_5dea7427c65d07c7,train,False,True,22,0
mol_538c4f0d7c4ce97e,"InChI=1S/C7H16/c1-3-5-7-6-4-2/h3-7H2,1-2H3",heptane,"[""IMNFDUFMRHMDMM-UHFFFAOYSA-N""]",2025.09.6,CCCCCCC,"InChI=1S/C7H16/c1-3-5-7-6-4-2/h3-7H2,1-2H3",IMNFDUFMRHMDMM-UHFFFAOYSA-N,IMNFDUFMRHMDMM,C7H16,1,0,False,0,0,0,False,,True,False,grp_5dea7427c65d07c7,train,True,False,69,0
mol_541d2a93b41051af,"InChI=1S/C12H20O2Si/c1-5-13-15(4,14-6-2)12-9-7-11(3)8-10-12/h7-10H,5-6H2,1-4H3",diethoxy(methyl)(p-tolyl)silane,"[""KCYXGTXDSAGGMT-UHFFFAOYSA-N""]",2025.09.6,CCO[Si](C)(OCC)c1ccc(C)cc1,"InChI=1S/C12H20O2Si/c1-5-13-15(4,14-6-2)12-9-7-11(3)8-10-12/h7-10H,5-6H2,1-4H3",KCYXGTXDSAGGMT-UHFFFAOYSA-N,KCYXGTXDSAGGMT,C12H20O2Si,1,0,False,0,0,0,False,,True,False,grp_5dea7427c65d07c7,train,False,True,11,0
mol_542abc656d17b475,"InChI=1S/C6H10/c1-3-5-6-4-2/h3,5H2,1-2H3",2-hexyne,"[""MELUCTCJOARQQG-UHFFFAOYSA-N""]",2025.09.6,CC#CCCC,"InChI=1S/C6H10/c1-3-5-6-4-2/h3,5H2,1-2H3",MELUCTCJOARQQG-UHFFFAOYSA-N,MELUCTCJOARQQG,C6H10,1,0,False,0,0,0,False,,True,False,grp_5dea7427c65d07c7,train,False,True,14,0
mol_54948f46fab8b549,"InChI=1S/C18H36O2/c1-3-5-6-7-8-9-10-11-12-13-14-15-16-17-18(19)20-4-2/h3-17H2,1-2H3",ethyl hexadecanoate,"[""XIRNKXNNONJFQO-UHFFFAOYSA-N""]",2025.09.6,CCCCCCCCCCCCCCCC(=O)OCC,"InChI=1S/C18H36O2/c1-3-5-6-7-8-9-10-11-12-13-14-15-16-17-18(19)20-4-2/h3-17H2,1-2H3",XIRNKXNNONJFQO-UHFFFAOYSA-N,XIRNKXNNONJFQO,C18H36O2,1,0,False,0,0,0,False,,True,False,grp_5dea7427c65d07c7,train,False,True,11,0
mol_54cbf32556ed4d04,InChI=1S/C6H5Cl2OP/c7-10(8)9-6-4-2-1-3-5-6/h1-5H,phenyl phosphorodichloridite,"[""LXHWDUISRBUGRA-UHFFFAOYSA-N""]",2025.09.6,ClP(Cl)Oc1ccccc1,InChI=1S/C6H5Cl2OP/c7-10(8)9-6-4-2-1-3-5-6/h1-5H,LXHWDUISRBUGRA-UHFFFAOYSA-N,LXHWDUISRBUGRA,C6H5Cl2OP,1,0,False,0,0,0,False,,True,False,grp_54cbf32556ed4d04,test,False,True,15,0
mol_54f775b9989c3033,"InChI=1S/C20H42/c1-3-5-7-9-11-13-15-17-19-20-18-16-14-12-10-8-6-4-2/h3-20H2,1-2H3",eicosane,"[""CBFCDTFDPHXCNY-UHFFFAOYSA-N""]",2025.09.6,CCCCCCCCCCCCCCCCCCCC,"InChI=1S/C20H42/c1-3-5-7-9-11-13-15-17-19-20-18-16-14-12-10-8-6-4-2/h3-20H2,1-2H3",CBFCDTFDPHXCNY-UHFFFAOYSA-N,CBFCDTFDPHXCNY,C20H42,1,0,False,0,0,0,False,,True,False,grp_5dea7427c65d07c7,train,False,False,1,0
mol_55b6d752028fb5df,InChI=1S/C6H10O/c7-6-4-2-1-3-5-6/h1-5H2,cyclohexanone,"[""JHIVVAPYMSGYDF-UHFFFAOYSA-N""]",2025.09.6,O=C1CCCCC1,InChI=1S/C6H10O/c7-6-4-2-1-3-5-6/h1-5H2,JHIVVAPYMSGYDF-UHFFFAOYSA-N,JHIVVAPYMSGYDF,C6H10O,1,0,False,0,0,0,False,,True,False,grp_5dea7427c65d07c7,train,True,False,12,0
mol_561fcf8433aaed32,"InChI=1S/C10H10N2/c11-8-5-1-3-7-4-2-6-9(12)10(7)8/h1-6H,11-12H2","1,8-diaminonaphthalene","[""YFOOEYJGMMJJLS-UHFFFAOYSA-N""]",2025.09.6,Nc1cccc2cccc(N)c12,"InChI=1S/C10H10N2/c11-8-5-1-3-7-4-2-6-9(12)10(7)8/h1-6H,11-12H2",YFOOEYJGMMJJLS-UHFFFAOYSA-N,YFOOEYJGMMJJLS,C10H10N2,1,0,False,0,0,0,False,,True,False,grp_81cd87be3fde4550,test,False,True,12,0
mol_57ae3fd1e1d200c6,"InChI=1S/C3H8O3/c4-1-3(6)2-5/h3-6H,1-2H2",glycerol,"[""PEDCQBHIVMGVHV-UHFFFAOYSA-N""]",2025.09.6,OCC(O)CO,"InChI=1S/C3H8O3/c4-1-3(6)2-5/h3-6H,1-2H2",PEDCQBHIVMGVHV-UHFFFAOYSA-N,PEDCQBHIVMGVHV,C3H8O3,1,0,False,0,0,0,False,,True,False,grp_5dea7427c65d07c7,train,True,True,115,0
mol_5810135448f6321f,"InChI=1S/C8H16O2/c1-2-3-4-5-6-7-10-8-9/h8H,2-7H2,1H3",heptyl methanoate,"[""XEAMDSXSXYAICO-UHFFFAOYSA-N""]",2025.09.6,CCCCCCCOC=O,"InChI=1S/C8H16O2/c1-2-3-4-5-6-7-10-8-9/h8H,2-7H2,1H3",XEAMDSXSXYAICO-UHFFFAOYSA-N,XEAMDSXSXYAICO,C8H16O2,1,0,False,0,0,0,False,,True,False,grp_5dea7427c65d07c7,train,False,True,16,0
mol_581ae09a60a3f350,"InChI=1S/C7H13N/c1-2-3-4-5-6-7-8/h2-6H2,1H3",heptanenitrile,"[""SDAXRHHPNYTELL-UHFFFAOYSA-N""]",2025.09.6,CCCCCCC#N,"InChI=1S/C7H13N/c1-2-3-4-5-6-7-8/h2-6H2,1H3",SDAXRHHPNYTELL-UHFFFAOYSA-N,SDAXRHHPNYTELL,C7H13N,1,0,False,0,0,0,False,,True,False,grp_5dea7427c65d07c7,train,False,True,23,0
mol_582f643aeadf8be3,"InChI=1S/C6H5ClO/c7-5-1-3-6(8)4-2-5/h1-4,8H",4-chlorophenol,"[""WXNZTHHGJRFXKQ-UHFFFAOYSA-N""]",2025.09.6,Oc1ccc(Cl)cc1,"InChI=1S/C6H5ClO/c7-5-1-3-6(8)4-2-5/h1-4,8H",WXNZTHHGJRFXKQ-UHFFFAOYSA-N,WXNZTHHGJRFXKQ,C6H5ClO,1,0,False,0,0,0,False,,True,False,grp_5085cd785cc4c7f4,test,False,True,41,0
mol_583617cfddce87a5,"InChI=1S/C6H12/c1-3-5-6-4-2/h3H,1,4-6H2,2H3",hex-1-ene,"[""LIKMAJRDDDTEIG-UHFFFAOYSA-N""]",2025.09.6,C=CCCCC,"InChI=1S/C6H12/c1-3-5-6-4-2/h3H,1,4-6H2,2H3",LIKMAJRDDDTEIG-UHFFFAOYSA-N,LIKMAJRDDDTEIG,C6H12,1,0,False,0,0,0,False,,True,False,grp_5dea7427c65d07c7,train,False,False,11,0
mol_58541feb3e3ef432,"InChI=1S/C10H19N/c1-2-3-4-5-6-7-8-9-10-11/h2-9H2,1H3",1-decanenitrile,"[""HBZDPWBWBJMYRY-UHFFFAOYSA-N""]",2025.09.6,CCCCCCCCCC#N,"InChI=1S/C10H19N/c1-2-3-4-5-6-7-8-9-10-11/h2-9H2,1H3",HBZDPWBWBJMYRY-UHFFFAOYSA-N,HBZDPWBWBJMYRY,C10H19N,1,0,False,0,0,0,False,,True,False,grp_5dea7427c65d07c7,train,False,True,12,0
mol_58b895da863521d5,"InChI=1S/C8H6ClNO/c9-5-8-10-6-3-1-2-4-7(6)11-8/h1-4H,5H2","2-(chloromethyl)-1,3-benzoxazole","[""ANRDUCQCZKLSGF-UHFFFAOYSA-N""]",2025.09.6,ClCc1nc2ccccc2o1,"InChI=1S/C8H6ClNO/c9-5-8-10-6-3-1-2-4-7(6)11-8/h1-4H,5H2",ANRDUCQCZKLSGF-UHFFFAOYSA-N,ANRDUCQCZKLSGF,C8H6ClNO,1,0,False,0,0,0,False,,True,False,grp_5dea7427c65d07c7,train,False,True,23,0
mol_58c591d9024d1c78,"InChI=1S/C11H24/c1-3-5-7-9-11-10-8-6-4-2/h3-11H2,1-2H3",undecane,"[""RSJKGSCJYJTIGS-UHFFFAOYSA-N""]",2025.09.6,CCCCCCCCCCC,"InChI=1S/C11H24/c1-3-5-7-9-11-10-8-6-4-2/h3-11H2,1-2H3",RSJKGSCJYJTIGS-UHFFFAOYSA-N,RSJKGSCJYJTIGS,C11H24,1,0,False,0,0,0,False,,True,False,grp_5dea7427c65d07c7,train,True,False,1,0
mol_595c30aafafcc9d0,"InChI=1S/C10H13BrO/c1-8(2)7-12-10-5-3-4-9(11)6-10/h3-6,8H,7H2,1-2H3",1-bromo-3-isobutoxybenzene,"[""QTAHPJXZROQDCU-UHFFFAOYSA-N""]",2025.09.6,CC(C)COc1cccc(Br)c1,"InChI=1S/C10H13BrO/c1-8(2)7-12-10-5-3-4-9(11)6-10/h3-6,8H,7H2,1-2H3",QTAHPJXZROQDCU-UHFFFAOYSA-N,QTAHPJXZROQDCU,C10H13BrO,1,0,False,0,0,0,False,,True,False,grp_01b36fcba0323968,validation,False,True,14,0
mol_59bf6cf18de458e3,"InChI=1S/C10H18/c1-2-6-9(5-1)10-7-3-4-8-10/h9-10H,1-8H2","1,1'-bicyclopentyl","[""MAWOHFOSAIXURX-UHFFFAOYSA-N""]",2025.09.6,C1CCC(C2CCCC2)C1,"InChI=1S/C10H18/c1-2-6-9(5-1)10-7-3-4-8-10/h9-10H,1-8H2",MAWOHFOSAIXURX-UHFFFAOYSA-N,MAWOHFOSAIXURX,C10H18,1,0,False,0,0,0,False,,True,False,grp_59bf6cf18de458e3,test,False,False,8,0
mol_5a16c79c0cd15799,"InChI=1S/C11H20O4/c1-10(2,3)14-8(12)7-9(13)15-11(4,5)6/h7H2,1-6H3","bis(1,1-dimethylethyl) propanedioate","[""CLPHAYNBNTVRDI-UHFFFAOYSA-N""]",2025.09.6,CC(C)(C)OC(=O)CC(=O)OC(C)(C)C,"InChI=1S/C11H20O4/c1-10(2,3)14-8(12)7-9(13)15-11(4,5)6/h7H2,1-6H3",CLPHAYNBNTVRDI-UHFFFAOYSA-N,CLPHAYNBNTVRDI,C11H20O4,1,0,False,0,0,0,False,,True,False,grp_642c5927dec37b59,validation,False,True,21,0
mol_5a4aa50dd3cafc66,InChI=1S/C6H5Cl/c7-6-4-2-1-3-5-6/h1-5H,chlorobenzene,"[""MVPPADPHJFYWMZ-UHFFFAOYSA-N""]",2025.09.6,Clc1ccccc1,InChI=1S/C6H5Cl/c7-6-4-2-1-3-5-6/h1-5H,MVPPADPHJFYWMZ-UHFFFAOYSA-N,MVPPADPHJFYWMZ,C6H5Cl,1,0,False,0,0,0,False,,True,False,grp_5dea7427c65d07c7,train,True,True,14,0
mol_5acfd4736e755185,"InChI=1S/C7H14O2/c1-3-5-6-9-7(8)4-2/h3-6H2,1-2H3",butyl propanoate,"[""BTMVHUNTONAYDX-UHFFFAOYSA-N""]",2025.09.6,CCCCOC(=O)CC,"InChI=1S/C7H14O2/c1-3-5-6-9-7(8)4-2/h3-6H2,1-2H3",BTMVHUNTONAYDX-UHFFFAOYSA-N,BTMVHUNTONAYDX,C7H14O2,1,0,False,0,0,0,False,,True,False,grp_5dea7427c65d07c7,train,True,False,5,0
mol_5b654c20d8dff507,"InChI=1S/C10H12O/c1-3-4-9-5-7-10(11-2)8-6-9/h3,5-8H,1,4H2,2H3",1-allyl-4-methoxybenzene,"[""ZFMSMUAANRJZFM-UHFFFAOYSA-N""]",2025.09.6,C=CCc1ccc(OC)cc1,"InChI=1S/C10H12O/c1-3-4-9-5-7-10(11-2)8-6-9/h3,5-8H,1,4H2,2H3",ZFMSMUAANRJZFM-UHFFFAOYSA-N,ZFMSMUAANRJZFM,C10H12O,1,0,False,0,0,0,False,,True,False,grp_a2fcc12936d735c8,train,False,True,10,0
mol_5c8f28893ba20c7a,"InChI=1S/C5H8N2/c1-2-7-5-3-4-6-7/h3-5H,2H2,1H3",1-ethylpyrazole,"[""FLNMQGISZVYIIK-UHFFFAOYSA-N""]",2025.09.6,CCn1cccn1,"InChI=1S/C5H8N2/c1-2-7-5-3-4-6-7/h3-5H,2H2,1H3",FLNMQGISZVYIIK-UHFFFAOYSA-N,FLNMQGISZVYIIK,C5H8N2,1,0,False,0,0,0,False,,True,False,grp_5ed1239f1de5ca2c,validation,True,True,18,0
mol_5c9fb1beda5bb985,"InChI=1S/C6H10/c1-3-5-6-4-2/h3-4H2,1-2H3",3-hexyne,"[""DQQNMIPXXNPGCV-UHFFFAOYSA-N""]",2025.09.6,CCC#CCC,"InChI=1S/C6H10/c1-3-5-6-4-2/h3-4H2,1-2H3",DQQNMIPXXNPGCV-UHFFFAOYSA-N,DQQNMIPXXNPGCV,C6H10,1,0,False,0,0,0,False,,True,False,grp_5dea7427c65d07c7,train,False,True,6,0
mol_5d62b18b4ab74a9a,"InChI=1S/C8H7N/c1-7-4-2-3-5-8(7)6-9/h2-5H,1H3",2-methylbenzonitrile,"[""NWPNXBQSRGKSJB-UHFFFAOYSA-N""]",2025.09.6,Cc1ccccc1C#N,"InChI=1S/C8H7N/c1-7-4-2-3-5-8(7)6-9/h2-5H,1H3",NWPNXBQSRGKSJB-UHFFFAOYSA-N,NWPNXBQSRGKSJB,C8H7N,1,0,False,0,0,0,False,,True,False,grp_756fd67e09bf04a3,validation,False,True,18,0
mol_5d8d53a98b10e7f5,"InChI=1S/C8H20Si/c1-7(2,3)9-8(4,5)6/h9H2,1-6H3",di-tert-butylsilane,"[""ZLKSBZCITVUTSN-UHFFFAOYSA-N""]",2025.09.6,CC(C)(C)[SiH2]C(C)(C)C,"InChI=1S/C8H20Si/c1-7(2,3)9-8(4,5)6/h9H2,1-6H3",ZLKSBZCITVUTSN-UHFFFAOYSA-N,ZLKSBZCITVUTSN,C8H20Si,1,0,False,0,0,0,False,,True,False,grp_5d8d53a98b10e7f5,validation,False,True,40,0
mol_5dbb586fa38c6136,"InChI=1S/C5H9N/c1-2-3-4-5-6/h2-4H2,1H3",pentanenitrile,"[""RFFFKMOABOFIDF-UHFFFAOYSA-N""]",2025.09.6,CCCCC#N,"InChI=1S/C5H9N/c1-2-3-4-5-6/h2-4H2,1H3",RFFFKMOABOFIDF-UHFFFAOYSA-N,RFFFKMOABOFIDF,C5H9N,1,0,False,0,0,0,False,,True,False,grp_5dea7427c65d07c7,train,True,False,4,0
mol_5e0efb61904c3869,"InChI=1S/C7H16O/c1-5-7(3,4)8-6-2/h5-6H2,1-4H3","1,1-dimethylpropyl ethyl ether","[""KFRVYYGHSPLXSZ-UHFFFAOYSA-N""]",2025.09.6,CCOC(C)(C)CC,"InChI=1S/C7H16O/c1-5-7(3,4)8-6-2/h5-6H2,1-4H3",KFRVYYGHSPLXSZ-UHFFFAOYSA-N,KFRVYYGHSPLXSZ,C7H16O,1,0,False,0,0,0,False,,True,False,grp_5dea7427c65d07c7,train,True,False,14,0
mol_5e1a76b3fc001a63,"InChI=1S/C13H26O2/c1-3-4-5-6-7-8-9-10-11-12-13(14)15-2/h3-12H2,1-2H3",methyl dodecanoate,"[""UQDUPQYQJKYHQI-UHFFFAOYSA-N""]",2025.09.6,CCCCCCCCCCCC(=O)OC,"InChI=1S/C13H26O2/c1-3-4-5-6-7-8-9-10-11-12-13(14)15-2/h3-12H2,1-2H3",UQDUPQYQJKYHQI-UHFFFAOYSA-N,UQDUPQYQJKYHQI,C13H26O2,1,0,False,0,0,0,False,,True,False,grp_5dea7427c65d07c7,train,True,True,56,0
mol_5fa3d4f920d98423,"InChI=1S/C5H10O/c6-5-3-1-2-4-5/h5-6H,1-4H2",cyclopentanol,"[""XCIXKGXIYUWCLL-UHFFFAOYSA-N""]",2025.09.6,OC1CCCC1,"InChI=1S/C5H10O/c6-5-3-1-2-4-5/h5-6H,1-4H2",XCIXKGXIYUWCLL-UHFFFAOYSA-N,XCIXKGXIYUWCLL,C5H10O,1,0,False,0,0,0,False,,True,False,grp_5dea7427c65d07c7,train,True,True,13,0
mol_5fdb3f96e8ca0576,"InChI=1S/C6H3F11O/c7-2(8,1-18)3(9,10)4(11,12)5(13,14)6(15,16)17/h18H,1H2","2,2,3,3,4,4,5,5,6,6,6-undecafluorohexan-1-ol","[""QZFZPVVDBGXQTB-UHFFFAOYSA-N""]",2025.09.6,OCC(F)(F)C(F)(F)C(F)(F)C(F)(F)C(F)(F)F,"InChI=1S/C6H3F11O/c7-2(8,1-18)3(9,10)4(11,12)5(13,14)6(15,16)17/h18H,1H2",QZFZPVVDBGXQTB-UHFFFAOYSA-N,QZFZPVVDBGXQTB,C6H3F11O,1,0,False,0,0,0,False,,True,False,grp_9dc3cc34781e7516,train,False,True,11,0
mol_5feb1fde294beccb,"InChI=1S/C6H12O/c7-6-4-2-1-3-5-6/h6-7H,1-5H2",cyclohexanol,"[""HPXRVTGHNJAIIH-UHFFFAOYSA-N""]",2025.09.6,OC1CCCCC1,"InChI=1S/C6H12O/c7-6-4-2-1-3-5-6/h6-7H,1-5H2",HPXRVTGHNJAIIH-UHFFFAOYSA-N,HPXRVTGHNJAIIH,C6H12O,1,0,False,0,0,0,False,,True,False,grp_5dea7427c65d07c7,train,True,False,20,0
mol_60a1aefe4aec9d39,InChI=1S/C6H4Cl2/c7-5-3-1-2-4-6(5)8/h1-4H,"1,2-dichlorobenzene","[""RFFLAFLAYFXFSW-UHFFFAOYSA-N""]",2025.09.6,Clc1ccccc1Cl,InChI=1S/C6H4Cl2/c7-5-3-1-2-4-6(5)8/h1-4H,RFFLAFLAYFXFSW-UHFFFAOYSA-N,RFFLAFLAYFXFSW,C6H4Cl2,1,0,False,0,0,0,False,,True,False,grp_5dea7427c65d07c7,train,True,False,3,0
mol_6164d1ee39a4a3b0,"InChI=1S/C3H5NO/c4-2-1-3-5/h5H,1,3H2",3-hydroxypropanenitrile,"[""WSGYTJNNHPZFKR-UHFFFAOYSA-N""]",2025.09.6,N#CCCO,"InChI=1S/C3H5NO/c4-2-1-3-5/h5H,1,3H2",WSGYTJNNHPZFKR-UHFFFAOYSA-N,WSGYTJNNHPZFKR,C3H5NO,1,0,False,0,0,0,False,,True,False,grp_6164d1ee39a4a3b0,test,False,True,24,0
mol_6175878e18979484,"InChI=1S/C8H17N/c1-2-4-6-8-9-7-5-3-1/h9H,1-8H2",octamethylenimine,"[""NRHDCQLCSOWVTF-UHFFFAOYSA-N""]",2025.09.6,C1CCCCNCCC1,"InChI=1S/C8H17N/c1-2-4-6-8-9-7-5-3-1/h9H,1-8H2",NRHDCQLCSOWVTF-UHFFFAOYSA-N,NRHDCQLCSOWVTF,C8H17N,1,0,False,0,0,0,False,,True,False,grp_5dea7427c65d07c7,train,False,True,11,0
mol_61b46555e0b3cc39,"InChI=1S/C16H18/c1-16(2,3)15-11-7-10-14(12-15)13-8-5-4-6-9-13/h4-12H,1-3H3","3-(1,1-dimethylethyl)-1,1'-biphenyl","[""GBGBXUYACWXKPV-UHFFFAOYSA-N""]",2025.09.6,CC(C)(C)c1cccc(-c2ccccc2)c1,"InChI=1S/C16H18/c1-16(2,3)15-11-7-10-14(12-15)13-8-5-4-6-9-13/h4-12H,1-3H3",GBGBXUYACWXKPV-UHFFFAOYSA-N,GBGBXUYACWXKPV,C16H18,1,0,False,0,0,0,False,,True,False,grp_9a6e5ce866866615,validation,False,True,21,0
mol_61d64dd5b35cfdac,"InChI=1S/C10H22O/c1-7-11-10(5,6)8-9(2,3)4/h7-8H2,1-6H3","ethyl 1,1,3,3-tetramethylbutyl ether","[""JGPJRBWLBUGAQN-UHFFFAOYSA-N""]",2025.09.6,CCOC(C)(C)CC(C)(C)C,"InChI=1S/C10H22O/c1-7-11-10(5,6)8-9(2,3)4/h7-8H2,1-6H3",JGPJRBWLBUGAQN-UHFFFAOYSA-N,JGPJRBWLBUGAQN,C10H22O,1,0,False,0,0,0,False,,True,False,grp_5dea7427c65d07c7,train,False,False,10,0
mol_61fcafdd88a47b4b,InChI=1S/C6H16N2/c7-5-3-1-2-4-6-8/h1-8H2,"1,6-hexanediamine","[""NAQMVNRVTILPCV-UHFFFAOYSA-N""]",2025.09.6,NCCCCCCN,InChI=1S/C6H16N2/c7-5-3-1-2-4-6-8/h1-8H2,NAQMVNRVTILPCV-UHFFFAOYSA-N,NAQMVNRVTILPCV,C6H16N2,1,0,False,0,0,0,False,,True,False,grp_5dea7427c65d07c7,train,False,True,30,0
mol_62811f5ff2999e78,"InChI=1S/C6H8S/c1-2-6-4-3-5-7-6/h3-5H,2H2,1H3",2-ethylthiophene,"[""JCCCMAAJYSNBPR-UHFFFAOYSA-N""]",2025.09.6,CCc1cccs1,"InChI=1S/C6H8S/c1-2-6-4-3-5-7-6/h3-5H,2H2,1H3",JCCCMAAJYSNBPR-UHFFFAOYSA-N,JCCCMAAJYSNBPR,C6H8S,1,0,False,0,0,0,False,,True,False,grp_32a9c229f3f94fad,validation,True,True,17,0
mol_62b1e6f80fd72085,InChI=1S/C5H5N/c1-2-4-6-5-3-1/h1-5H,pyridine,"[""JUJWROOIHBZHMG-UHFFFAOYSA-N""]",2025.09.6,c1ccncc1,InChI=1S/C5H5N/c1-2-4-6-5-3-1/h1-5H,JUJWROOIHBZHMG-UHFFFAOYSA-N,JUJWROOIHBZHMG,C5H5N,1,0,False,0,0,0,False,,True,False,grp_5dea7427c65d07c7,train,True,False,19,0
mol_638d35e8475c0c14,"InChI=1S/C4H11NO/c1-6-4-2-3-5/h2-5H2,1H3",.gamma.-methoxypropylamine,"[""FAXDZWQIWUSWJH-UHFFFAOYSA-N""]",2025.09.6,COCCCN,"InChI=1S/C4H11NO/c1-6-4-2-3-5/h2-5H2,1H3",FAXDZWQIWUSWJH-UHFFFAOYSA-N,FAXDZWQIWUSWJH,C4H11NO,1,0,False,0,0,0,False,,True,False,grp_5dea7427c65d07c7,train,False,True,13,0
mol_63bef98299ee7018,"InChI=1S/C11H15BrO/c1-8(2)7-13-11-5-4-9(3)6-10(11)12/h4-6,8H,7H2,1-3H3",2-bromo-1-isobutoxy-4-methylbenzene,"[""YVHDBWCXOLXDDD-UHFFFAOYSA-N""]",2025.09.6,Cc1ccc(OCC(C)C)c(Br)c1,"InChI=1S/C11H15BrO/c1-8(2)7-13-11-5-4-9(3)6-10(11)12/h4-6,8H,7H2,1-3H3",YVHDBWCXOLXDDD-UHFFFAOYSA-N,YVHDBWCXOLXDDD,C11H15BrO,1,0,False,0,0,0,False,,True,False,grp_01b36fcba0323968,validation,False,False,23,0
mol_649ec05a23e0b398,"InChI=1S/C8H20O3Si/c1-5-9-12(8-4,10-6-2)11-7-3/h5-8H2,1-4H3",ethyltriethoxysilane,"[""DENFJSAFJTVPJR-UHFFFAOYSA-N""]",2025.09.6,CCO[Si](CC)(OCC)OCC,"InChI=1S/C8H20O3Si/c1-5-9-12(8-4,10-6-2)11-7-3/h5-8H2,1-4H3",DENFJSAFJTVPJR-UHFFFAOYSA-N,DENFJSAFJTVPJR,C8H20O3Si,1,0,False,0,0,0,False,,True,False,grp_649ec05a23e0b398,train,False,True,36,0
mol_64e5f8dfe16d9044,"InChI=1S/C10H22O3/c1-2-3-4-5-7-12-9-10-13-8-6-11/h11H,2-10H2,1H3",2-(2-hexyloxyethoxy)ethanol,"[""GZMAAYIALGURDQ-UHFFFAOYSA-N""]",2025.09.6,CCCCCCOCCOCCO,"InChI=1S/C10H22O3/c1-2-3-4-5-7-12-9-10-13-8-6-11/h11H,2-10H2,1H3",GZMAAYIALGURDQ-UHFFFAOYSA-N,GZMAAYIALGURDQ,C10H22O3,1,0,False,0,0,0,False,,True,False,grp_5dea7427c65d07c7,train,False,True,18,0
mol_653d9692caede90e,"InChI=1S/C4H9NO2/c1-4(2,3)5(6)7/h1-3H3",2-methyl-2-nitropropane,"[""AIMREYQYBFBEGQ-UHFFFAOYSA-N""]",2025.09.6,CC(C)(C)[N+](=O)[O-],"InChI=1S/C4H9NO2/c1-4(2,3)5(6)7/h1-3H3",AIMREYQYBFBEGQ-UHFFFAOYSA-N,AIMREYQYBFBEGQ,C4H9NO2,1,0,True,0,0,0,False,,True,False,grp_9c9b18c6b3311f2d,train,True,False,10,0
mol_6543f20ed164282a,"InChI=1S/C2H7O3P/c1-4-6(3)5-2/h6H,1-2H3",dimethyl phosphonate,"[""HZCDANOFLILNSA-UHFFFAOYSA-N""]",2025.09.6,CO[PH](=O)OC,"InChI=1S/C2H7O3P/c1-4-6(3)5-2/h6H,1-2H3",HZCDANOFLILNSA-UHFFFAOYSA-N,HZCDANOFLILNSA,C2H7O3P,1,0,False,0,0,0,False,,True,False,grp_3abf997ae3f38d6c,validation,False,True,14,0
mol_6558cfbdd9a3dcad,"InChI=1S/C15H16/c1-12(2)14-9-6-10-15(11-14)13-7-4-3-5-8-13/h3-12H,1-2H3","3-(1-Methylethyl)-1,1'-biphenyl","[""LIWRTHVZRZXVFX-UHFFFAOYSA-N""]",2025.09.6,CC(C)c1cccc(-c2ccccc2)c1,"InChI=1S/C15H16/c1-12(2)14-9-6-10-15(11-14)13-7-4-3-5-8-13/h3-12H,1-2H3",LIWRTHVZRZXVFX-UHFFFAOYSA-N,LIWRTHVZRZXVFX,C15H16,1,0,False,0,0,0,False,,True,False,grp_9a6e5ce866866615,validation,True,True,51,0
mol_65ae1b74f9e2ab1d,"InChI=1S/C6H4Cl2O/c7-4-1-2-6(9)5(8)3-4/h1-3,9H","2,4-dichlorophenol","[""HFZWRUODUSTPEG-UHFFFAOYSA-N""]",2025.09.6,Oc1ccc(Cl)cc1Cl,"InChI=1S/C6H4Cl2O/c7-4-1-2-6(9)5(8)3-4/h1-3,9H",HFZWRUODUSTPEG-UHFFFAOYSA-N,HFZWRUODUSTPEG,C6H4Cl2O,1,0,False,0,0,0,False,,True,False,grp_5085cd785cc4c7f4,test,False,False,10,0
mol_65b0a8e37b1d0b65,"InChI=1S/C16H18/c1-16(2,3)15-11-9-14(10-12-15)13-7-5-4-6-8-13/h4-12H,1-3H3","4-(1,1-dimethylethyl)-1,1'-biphenyl","[""CDOYZTOFTGTGBC-UHFFFAOYSA-N""]",2025.09.6,CC(C)(C)c1ccc(-c2ccccc2)cc1,"InChI=1S/C16H18/c1-16(2,3)15-11-9-14(10-12-15)13-7-5-4-6-8-13/h4-12H,1-3H3",CDOYZTOFTGTGBC-UHFFFAOYSA-N,CDOYZTOFTGTGBC,C16H18,1,0,False,0,0,0,False,,True,False,grp_9a6e5ce866866615,validation,True,True,34,0
mol_65b637e94cd66c7e,"InChI=1S/C10H18O2/c1-2-6-10(11)12-9-7-4-3-5-8-9/h9H,2-8H2,1H3",cyclohexyl butanoate,"[""VZHUBBUZNIULNM-UHFFFAOYSA-N""]",2025.09.6,CCCC(=O)OC1CCCCC1,"InChI=1S/C10H18O2/c1-2-6-10(11)12-9-7-4-3-5-8-9/h9H,2-8H2,1H3",VZHUBBUZNIULNM-UHFFFAOYSA-N,VZHUBBUZNIULNM,C10H18O2,1,0,False,0,0,0,False,,True,False,grp_69e3066d23c835df,test,True,True,29,0
mol_662ae51843e31097,"InChI=1S/C4H8O3/c1-3-7-4(5)6-2/h3H2,1-2H3",ethyl methyl carbonate,"[""JBTWLSYIZRCDFO-UHFFFAOYSA-N""]",2025.09.6,CCOC(=O)OC,"InChI=1S/C4H8O3/c1-3-7-4(5)6-2/h3H2,1-2H3",JBTWLSYIZRCDFO-UHFFFAOYSA-N,JBTWLSYIZRCDFO,C4H8O3,1,0,False,0,0,0,False,,True,False,grp_5dea7427c65d07c7,train,False,True,13,0
mol_670136e04246f1d5,"InChI=1S/C4H10O/c1-2-3-4-5/h5H,2-4H2,1H3",butan-1-ol,"[""LRHPLDYGYMQRHN-UHFFFAOYSA-N""]",2025.09.6,CCCCO,"InChI=1S/C4H10O/c1-2-3-4-5/h5H,2-4H2,1H3",LRHPLDYGYMQRHN-UHFFFAOYSA-N,LRHPLDYGYMQRHN,C4H10O,1,0,False,0,0,0,False,,True,False,grp_5dea7427c65d07c7,train,True,True,64,0
mol_67658075c3dea3a6,"InChI=1S/C3H9O3P/c1-5-7(3,4)6-2/h1-3H3",dimethyl methanephosphonate,"[""VONWDASPFIQPDY-UHFFFAOYSA-N""]",2025.09.6,COP(C)(=O)OC,"InChI=1S/C3H9O3P/c1-5-7(3,4)6-2/h1-3H3",VONWDASPFIQPDY-UHFFFAOYSA-N,VONWDASPFIQPDY,C3H9O3P,1,0,False,0,0,0,False,,True,False,grp_3abf997ae3f38d6c,validation,False,True,9,0
mol_680d2c2ef877ca4d,"InChI=1S/C7H9N/c1-8-7-5-3-2-4-6-7/h2-6,8H,1H3",N-methylaniline,"[""AFBPFSWMIHJQDM-UHFFFAOYSA-N""]",2025.09.6,CNc1ccccc1,"InChI=1S/C7H9N/c1-8-7-5-3-2-4-6-7/h2-6,8H,1H3",AFBPFSWMIHJQDM-UHFFFAOYSA-N,AFBPFSWMIHJQDM,C7H9N,1,0,False,0,0,0,False,,True,False,grp_5dea7427c65d07c7,train,True,False,3,0
mol_687236a9b155a7d6,"InChI=1S/C5H6S/c1-5-2-3-6-4-5/h2-4H,1H3",3-methylthiophene,"[""QENGPZGAWFQWCZ-UHFFFAOYSA-N""]",2025.09.6,Cc1ccsc1,"InChI=1S/C5H6S/c1-5-2-3-6-4-5/h2-4H,1H3",QENGPZGAWFQWCZ-UHFFFAOYSA-N,QENGPZGAWFQWCZ,C5H6S,1,0,False,0,0,0,False,,True,False,grp_687236a9b155a7d6,train,False,False,1,0
mol_69df6d03bf2d6749,InChI=1S/C2H2Cl4/c3-1(4)2(5)6/h1-2H,"1,1,2,2-tetrachloroethane","[""QPFMBZIOSGYJDE-UHFFFAOYSA-N""]",2025.09.6,ClC(Cl)C(Cl)Cl,InChI=1S/C2H2Cl4/c3-1(4)2(5)6/h1-2H,QPFMBZIOSGYJDE-UHFFFAOYSA-N,QPFMBZIOSGYJDE,C2H2Cl4,1,0,False,0,0,0,False,,True,False,grp_5dea7427c65d07c7,train,True,True,30,0
mol_6a1b88d7d4729d66,"InChI=1S/C8H18O/c1-3-5-7-9-8-6-4-2/h3-8H2,1-2H3",dibutyl ether,"[""DURPTKYDGMDSBL-UHFFFAOYSA-N""]",2025.09.6,CCCCOCCCC,"InChI=1S/C8H18O/c1-3-5-7-9-8-6-4-2/h3-8H2,1-2H3",DURPTKYDGMDSBL-UHFFFAOYSA-N,DURPTKYDGMDSBL,C8H18O,1,0,False,0,0,0,False,,True,False,grp_5dea7427c65d07c7,train,True,True,28,0
mol_6a2881146cb0a319,"InChI=1S/C9H16O3/c1-3-4-7-12-9(11)6-5-8(2)10/h3-7H2,1-2H3",butyl levulinate,"[""ISBWNEKJSSLXOD-UHFFFAOYSA-N""]",2025.09.6,CCCCOC(=O)CCC(C)=O,"InChI=1S/C9H16O3/c1-3-4-7-12-9(11)6-5-8(2)10/h3-7H2,1-2H3",ISBWNEKJSSLXOD-UHFFFAOYSA-N,ISBWNEKJSSLXOD,C9H16O3,1,0,False,0,0,0,False,,True,False,grp_5dea7427c65d07c7,train,False,True,11,0
mol_6af5d7e3ca0bc16f,"InChI=1S/C8H9NO2/c1-11-8(10)6-2-4-7(9)5-3-6/h2-5H,9H2,1H3",methyl 4-aminobenzoate,"[""LZXXNPOYQCLXRS-UHFFFAOYSA-N""]",2025.09.6,COC(=O)c1ccc(N)cc1,"InChI=1S/C8H9NO2/c1-11-8(10)6-2-4-7(9)5-3-6/h2-5H,9H2,1H3",LZXXNPOYQCLXRS-UHFFFAOYSA-N,LZXXNPOYQCLXRS,C8H9NO2,1,0,False,0,0,0,False,,True,False,grp_cd9f232caa190183,validation,False,True,35,0
mol_6b42837638374a14,"InChI=1S/C4H11NO2/c6-3-1-5-2-4-7/h5-7H,1-4H2",diethanolamine,"[""ZBCBWPMODOFKDW-UHFFFAOYSA-N""]",2025.09.6,OCCNCCO,"InChI=1S/C4H11NO2/c6-3-1-5-2-4-7/h5-7H,1-4H2",ZBCBWPMODOFKDW-UHFFFAOYSA-N,ZBCBWPMODOFKDW,C4H11NO2,1,0,False,0,0,0,False,,True,False,grp_5dea7427c65d07c7,train,False,False,6,0
mol_6b591adbd02d1012,"InChI=1S/C5H6OS/c1-6-5-2-3-7-4-5/h2-4H,1H3",3-methoxythiophene,"[""RFSKGCVUDQRZSD-UHFFFAOYSA-N""]",2025.09.6,COc1ccsc1,"InChI=1S/C5H6OS/c1-6-5-2-3-7-4-5/h2-4H,1H3",RFSKGCVUDQRZSD-UHFFFAOYSA-N,RFSKGCVUDQRZSD,C5H6OS,1,0,False,0,0,0,False,,True,False,grp_fe68aa4179fd65d6,test,False,True,17,0
mol_6cab4fbead32f0ef,"InChI=1S/C10H20O2/c1-3-5-6-7-8-9-10(11)12-4-2/h3-9H2,1-2H3",ethyl octanoate,"[""YYZUSRORWSJGET-UHFFFAOYSA-N""]",2025.09.6,CCCCCCCC(=O)OCC,"InChI=1S/C10H20O2/c1-3-5-6-7-8-9-10(11)12-4-2/h3-9H2,1-2H3",YYZUSRORWSJGET-UHFFFAOYSA-N,YYZUSRORWSJGET,C10H20O2,1,0,False,0,0,0,False,,True,False,grp_5dea7427c65d07c7,train,False,True,14,0
mol_6cae8d15871f8d0b,"InChI=1S/C6H6F8O/c1-15-2-4(9,10)6(13,14)5(11,12)3(7)8/h3H,2H2,1H3","1,1,2,2,3,3,4,4-octafluoro-5-methoxypentane","[""OHYJUFNURZXEOG-UHFFFAOYSA-N""]",2025.09.6,COCC(F)(F)C(F)(F)C(F)(F)C(F)F,"InChI=1S/C6H6F8O/c1-15-2-4(9,10)6(13,14)5(11,12)3(7)8/h3H,2H2,1H3",OHYJUFNURZXEOG-UHFFFAOYSA-N,OHYJUFNURZXEOG,C6H6F8O,1,0,False,0,0,0,False,,True,False,grp_f15a3705ac0c5610,validation,False,False,5,0
mol_6d0384966495a309,"InChI=1S/C10H18O4/c1-3-7-13-9(11)5-6-10(12)14-8-4-2/h3-8H2,1-2H3","butanedioic acid, dipropyl ester","[""SZHZCPHKDJWHNG-UHFFFAOYSA-N""]",2025.09.6,CCCOC(=O)CCC(=O)OCCC,"InChI=1S/C10H18O4/c1-3-7-13-9(11)5-6-10(12)14-8-4-2/h3-8H2,1-2H3",SZHZCPHKDJWHNG-UHFFFAOYSA-N,SZHZCPHKDJWHNG,C10H18O4,1,0,False,0,0,0,False,,True,False,grp_5dea7427c65d07c7,train,False,True,14,0
mol_6d0e5399ac339a30,"InChI=1S/C7H17N3/c1-9-4-6-10(3-2-8)7-5-9/h2-8H2,1H3",1-(2-aminoethyl)-4-methyl-piperazine,"[""GOWUDHPKGOIDIX-UHFFFAOYSA-N""]",2025.09.6,CN1CCN(CCN)CC1,"InChI=1S/C7H17N3/c1-9-4-6-10(3-2-8)7-5-9/h2-8H2,1H3",GOWUDHPKGOIDIX-UHFFFAOYSA-N,GOWUDHPKGOIDIX,C7H17N3,1,0,False,0,0,0,False,,True,False,grp_5dea7427c65d07c7,train,False,True,17,0
mol_6d4f973d7e18814a,InChI=1S/C6H4Br2/c7-5-2-1-3-6(8)4-5/h1-4H,"1,3-dibromobenzene","[""JSRLURSZEMLAFO-UHFFFAOYSA-N""]",2025.09.6,Brc1cccc(Br)c1,InChI=1S/C6H4Br2/c7-5-2-1-3-6(8)4-5/h1-4H,JSRLURSZEMLAFO-UHFFFAOYSA-N,JSRLURSZEMLAFO,C6H4Br2,1,0,False,0,0,0,False,,True,False,grp_fba476a25f980753,test,False,True,24,0
mol_6dc54388549b234e,"InChI=1S/CH4O/c1-2/h2H,1H3",methanol,"[""OKKJLVBELUTLKV-UHFFFAOYSA-N""]",2025.09.6,CO,"InChI=1S/CH4O/c1-2/h2H,1H3",OKKJLVBELUTLKV-UHFFFAOYSA-N,OKKJLVBELUTLKV,CH4O,1,0,False,0,0,0,False,,True,False,grp_5dea7427c65d07c7,train,True,False,13,0
mol_6e1072b3e8e99a61,"InChI=1S/C10H18O4/c1-13-9(11)7-5-3-4-6-8-10(12)14-2/h3-8H2,1-2H3",dimethyl octanedioate,"[""LNLCRJXCNQABMV-UHFFFAOYSA-N""]",2025.09.6,COC(=O)CCCCCCC(=O)OC,"InChI=1S/C10H18O4/c1-13-9(11)7-5-3-4-6-8-10(12)14-2/h3-8H2,1-2H3",LNLCRJXCNQABMV-UHFFFAOYSA-N,LNLCRJXCNQABMV,C10H18O4,1,0,False,0,0,0,False,,True,False,grp_5dea7427c65d07c7,train,False,True,12,0
mol_6ea740b63f4d7f2b,"InChI=1S/C4H9Br/c1-2-3-4-5/h2-4H2,1H3",1-bromobutane,"[""MPPPKRYCTPRNTB-UHFFFAOYSA-N""]",2025.09.6,CCCCBr,"InChI=1S/C4H9Br/c1-2-3-4-5/h2-4H2,1H3",MPPPKRYCTPRNTB-UHFFFAOYSA-N,MPPPKRYCTPRNTB,C4H9Br,1,0,False,0,0,0,False,,True,False,grp_5dea7427c65d07c7,train,True,True,20,0
mol_6eb44d0732fcdc70,"InChI=1S/C5H10O2/c1-3-5(6)7-4-2/h3-4H2,1-2H3",ethyl propanoate,"[""FKRCODPIKNYEAC-UHFFFAOYSA-N""]",2025.09.6,CCOC(=O)CC,"InChI=1S/C5H10O2/c1-3-5(6)7-4-2/h3-4H2,1-2H3",FKRCODPIKNYEAC-UHFFFAOYSA-N,FKRCODPIKNYEAC,C5H10O2,1,0,False,0,0,0,False,,True,False,grp_5dea7427c65d07c7,train,True,False,1,0
mol_6ecc96d11fb736d9,"InChI=1S/C8H7IO2/c1-11-8(10)6-2-4-7(9)5-3-6/h2-5H,1H3",methyl p-iodobenzoate,"[""DYUWQWMXZHDZOR-UHFFFAOYSA-N""]",2025.09.6,COC(=O)c1ccc(I)cc1,"InChI=1S/C8H7IO2/c1-11-8(10)6-2-4-7(9)5-3-6/h2-5H,1H3",DYUWQWMXZHDZOR-UHFFFAOYSA-N,DYUWQWMXZHDZOR,C8H7IO2,1,0,False,0,0,0,False,,True,False,grp_81ebf8339e108f8a,train,False,False,12,0
mol_6fb10df1545ca2d8,"InChI=1S/C23H48/c1-3-5-7-9-11-13-15-17-19-21-23-22-20-18-16-14-12-10-8-6-4-2/h3-23H2,1-2H3",tricosane,"[""FIGVVZUWCLSUEI-UHFFFAOYSA-N""]",2025.09.6,CCCCCCCCCCCCCCCCCCCCCCC,"InChI=1S/C23H48/c1-3-5-7-9-11-13-15-17-19-21-23-22-20-18-16-14-12-10-8-6-4-2/h3-23H2,1-2H3",FIGVVZUWCLSUEI-UHFFFAOYSA-N,FIGVVZUWCLSUEI,C23H48,1,0,False,0,0,0,False,,True,False,grp_5dea7427c65d07c7,train,False,False,7,0
mol_6fb93874f723608d,"InChI=1S/C14H26N2/c1-2-3-4-5-6-7-8-9-10-12-16-13-11-15-14-16/h11,13-14H,2-10,12H2,1H3",1-undecylimidazole,"[""PKCPMTJMGADWTA-UHFFFAOYSA-N""]",2025.09.6,CCCCCCCCCCCn1ccnc1,"InChI=1S/C14H26N2/c1-2-3-4-5-6-7-8-9-10-12-16-13-11-15-14-16/h11,13-14H,2-10,12H2,1H3",PKCPMTJMGADWTA-UHFFFAOYSA-N,PKCPMTJMGADWTA,C14H26N2,1,0,False,0,0,0,False,,True,False,grp_554ad3ddcfbe3579,test,False,True,18,0
mol_6fbb7c525fc1c495,"InChI=1S/C8H11N/c1-9(2)8-6-4-3-5-7-8/h3-7H,1-2H3","N,N-dimethylaniline","[""JLTDJTHDQAWBAV-UHFFFAOYSA-N""]",2025.09.6,CN(C)c1ccccc1,"InChI=1S/C8H11N/c1-9(2)8-6-4-3-5-7-8/h3-7H,1-2H3",JLTDJTHDQAWBAV-UHFFFAOYSA-N,JLTDJTHDQAWBAV,C8H11N,1,0,False,0,0,0,False,,True,False,grp_5dea7427c65d07c7,train,True,False,2,0
mol_6fe75c0be8cd2f8a,"InChI=1S/C5H11N/c1-2-4-6-5-3-1/h6H,1-5H2",piperidine,"[""NQRYJNQNLNOLGT-UHFFFAOYSA-N""]",2025.09.6,C1CCNCC1,"InChI=1S/C5H11N/c1-2-4-6-5-3-1/h6H,1-5H2",NQRYJNQNLNOLGT-UHFFFAOYSA-N,NQRYJNQNLNOLGT,C5H11N,1,0,False,0,0,0,False,,True,False,grp_5dea7427c65d07c7,train,False,False,12,0
mol_70db9ab512b40387,InChI=1S/C4H8Cl2S/c5-1-3-7-4-2-6/h1-4H2,bis(2-chloroethyl) sulfide,"[""QKSKPIVNLNLAAV-UHFFFAOYSA-N""]",2025.09.6,ClCCSCCCl,InChI=1S/C4H8Cl2S/c5-1-3-7-4-2-6/h1-4H2,QKSKPIVNLNLAAV-UHFFFAOYSA-N,QKSKPIVNLNLAAV,C4H8Cl2S,1,0,False,0,0,0,False,,True,False,grp_70db9ab512b40387,validation,False,False,2,0
mol_70e48880798be543,"InChI=1S/C7H14O/c1-3-4-5-6-7(2)8/h3-6H2,1-2H3",2-heptanone,"[""CATSNJVOTSVZJV-UHFFFAOYSA-N""]",2025.09.6,CCCCCC(C)=O,"InChI=1S/C7H14O/c1-3-4-5-6-7(2)8/h3-6H2,1-2H3",CATSNJVOTSVZJV-UHFFFAOYSA-N,CATSNJVOTSVZJV,C7H14O,1,0,False,0,0,0,False,,True,False,grp_5dea7427c65d07c7,train,True,False,5,0
mol_71ac04ebc05b85f5,"InChI=1S/C6H13Cl/c1-2-3-4-5-6-7/h2-6H2,1H3",1-chlorohexane,"[""MLRVZFYXUZQSRU-UHFFFAOYSA-N""]",2025.09.6,CCCCCCCl,"InChI=1S/C6H13Cl/c1-2-3-4-5-6-7/h2-6H2,1H3",MLRVZFYXUZQSRU-UHFFFAOYSA-N,MLRVZFYXUZQSRU,C6H13Cl,1,0,False,0,0,0,False,,True,False,grp_5dea7427c65d07c7,train,True,False,4,0
mol_71d239be146a61dd,"InChI=1S/C14H28O2/c1-3-4-5-6-7-8-9-10-11-12-13-14(15)16-2/h3-13H2,1-2H3",methyl tridecanoate,"[""JNDDPBOKWCBQSM-UHFFFAOYSA-N""]",2025.09.6,CCCCCCCCCCCCC(=O)OC,"InChI=1S/C14H28O2/c1-3-4-5-6-7-8-9-10-11-12-13-14(15)16-2/h3-13H2,1-2H3",JNDDPBOKWCBQSM-UHFFFAOYSA-N,JNDDPBOKWCBQSM,C14H28O2,1,0,False,0,0,0,False,,True,False,grp_5dea7427c65d07c7,train,True,True,18,0
mol_71d5b9a9d56bd487,"InChI=1S/C10H18/c1-7-4-5-8-6-9(7)10(8,2)3/h7-9H,4-6H2,1-3H3/t7-,8-,9-/m0/s1",(-)-trans-pinane,"[""XOKSLPVRUOBDEW-CIUDSAMLSA-N""]",2025.09.6,C[C@H]1CC[C@H]2C[C@@H]1C2(C)C,"InChI=1S/C10H18/c1-7-4-5-8-6-9(7)10(8,2)3/h7-9H,4-6H2,1-3H3/t7-,8-,9-/m0/s1",XOKSLPVRUOBDEW-CIUDSAMLSA-N,XOKSLPVRUOBDEW,C10H18,1,0,False,0,3,0,False,,True,False,grp_5dea7427c65d07c7,train,False,True,28,0
mol_72cc05bdc47c9de8,"InChI=1S/C12H26O3/c1-3-5-7-13-9-11-15-12-10-14-8-6-4-2/h3-12H2,1-2H3","5,8,11-trioxapentadecane","[""KZVBBTZJMSWGTK-UHFFFAOYSA-N""]",2025.09.6,CCCCOCCOCCOCCCC,"InChI=1S/C12H26O3/c1-3-5-7-13-9-11-15-12-10-14-8-6-4-2/h3-12H2,1-2H3",KZVBBTZJMSWGTK-UHFFFAOYSA-N,KZVBBTZJMSWGTK,C12H26O3,1,0,False,0,0,0,False,,True,False,grp_5dea7427c65d07c7,train,False,True,8,0
mol_741aa7c2f731c8a3,"InChI=1S/C5H6O2/c6-4-5-2-1-3-7-5/h1-3,6H,4H2",2-hydroxymethylfuran,"[""XPFVYQJUAUNWIW-UHFFFAOYSA-N""]",2025.09.6,OCc1ccco1,"InChI=1S/C5H6O2/c6-4-5-2-1-3-7-5/h1-3,6H,4H2",XPFVYQJUAUNWIW-UHFFFAOYSA-N,XPFVYQJUAUNWIW,C5H6O2,1,0,False,0,0,0,False,,True,False,grp_5dea7427c65d07c7,train,False,True,27,0
mol_752fe3dca8afa6dd,"InChI=1S/C12H23N/c1-3-7-11(8-4-1)13-12-9-5-2-6-10-12/h11-13H,1-10H2",N-cyclohexylcyclohexanamine,"[""XBPCUCUWBYBCDP-UHFFFAOYSA-N""]",2025.09.6,C1CCC(NC2CCCCC2)CC1,"InChI=1S/C12H23N/c1-3-7-11(8-4-1)13-12-9-5-2-6-10-12/h11-13H,1-10H2",XBPCUCUWBYBCDP-UHFFFAOYSA-N,XBPCUCUWBYBCDP,C12H23N,1,0,False,0,0,0,False,,True,False,grp_5dea7427c65d07c7,train,False,True,14,0
mol_754b018a16a84522,"InChI=1S/C6H12O2/c1-5(7)8-6(2,3)4/h1-4H3","1,1-dimethylethyl ethanoate","[""WMOVHXAZOJBABW-UHFFFAOYSA-N""]",2025.09.6,CC(=O)OC(C)(C)C,"InChI=1S/C6H12O2/c1-5(7)8-6(2,3)4/h1-4H3",WMOVHXAZOJBABW-UHFFFAOYSA-N,WMOVHXAZOJBABW,C6H12O2,1,0,False,0,0,0,False,,True,False,grp_5dea7427c65d07c7,train,True,False,6,0
mol_757f79c7ac5d216c,"InChI=1S/C10H18O4/c1-3-13-9(11)7-5-6-8-10(12)14-4-2/h3-8H2,1-2H3",diethyl hexanedioate,"[""VIZORQUEIQEFRT-UHFFFAOYSA-N""]",2025.09.6,CCOC(=O)CCCCC(=O)OCC,"InChI=1S/C10H18O4/c1-3-13-9(11)7-5-6-8-10(12)14-4-2/h3-8H2,1-2H3",VIZORQUEIQEFRT-UHFFFAOYSA-N,VIZORQUEIQEFRT,C10H18O4,1,0,False,0,0,0,False,,True,False,grp_5dea7427c65d07c7,train,False,True,15,0
mol_765dc30ffee1ee3b,"InChI=1S/C7H14O2/c1-7(2,3)5-6(8)9-4/h5H2,1-4H3","methyl 3,3-dimethylbutanoate","[""DXBOTVWRXLQVMG-UHFFFAOYSA-N""]",2025.09.6,COC(=O)CC(C)(C)C,"InChI=1S/C7H14O2/c1-7(2,3)5-6(8)9-4/h5H2,1-4H3",DXBOTVWRXLQVMG-UHFFFAOYSA-N,DXBOTVWRXLQVMG,C7H14O2,1,0,False,0,0,0,False,,True,False,grp_5dea7427c65d07c7,train,False,True,24,0
mol_7663493163cbdca1,InChI=1S/C3H6O2/c1-2-5-3-4-1/h1-3H2,"1,3-dioxolane","[""WNXJIVFYUVYPPR-UHFFFAOYSA-N""]",2025.09.6,C1COCO1,InChI=1S/C3H6O2/c1-2-5-3-4-1/h1-3H2,WNXJIVFYUVYPPR-UHFFFAOYSA-N,WNXJIVFYUVYPPR,C3H6O2,1,0,False,0,0,0,False,,True,False,grp_5dea7427c65d07c7,train,False,False,16,0
mol_766e4af517e1fbbc,InChI=1S/C6H4Br2/c7-5-3-1-2-4-6(5)8/h1-4H,"1,2-dibromobenzene","[""WQONPSCCEXUXTQ-UHFFFAOYSA-N""]",2025.09.6,Brc1ccccc1Br,InChI=1S/C6H4Br2/c7-5-3-1-2-4-6(5)8/h1-4H,WQONPSCCEXUXTQ-UHFFFAOYSA-N,WQONPSCCEXUXTQ,C6H4Br2,1,0,False,0,0,0,False,,True,False,grp_fba476a25f980753,test,False,True,17,0
mol_767144cefd9a01b7,"InChI=1S/C4H4F6O/c5-2(6)1-11-4(9,10)3(7)8/h2-3H,1H2","1,1,2,2-tetrafluoro-2-(2,2-difluoroethoxy)ethane","[""XYUTZEMBPIRNFA-UHFFFAOYSA-N""]",2025.09.6,FC(F)COC(F)(F)C(F)F,"InChI=1S/C4H4F6O/c5-2(6)1-11-4(9,10)3(7)8/h2-3H,1H2",XYUTZEMBPIRNFA-UHFFFAOYSA-N,XYUTZEMBPIRNFA,C4H4F6O,1,0,False,0,0,0,False,,True,False,grp_f15a3705ac0c5610,validation,False,False,1,0
mol_7732f9f65b01059d,"InChI=1S/C9H10N2/c1-2-11-7-10-8-5-3-4-6-9(8)11/h3-7H,2H2,1H3",1-ethyl-1H-benzimidazole,"[""WVNMLOGVAVGQIT-UHFFFAOYSA-N""]",2025.09.6,CCn1cnc2ccccc21,"InChI=1S/C9H10N2/c1-2-11-7-10-8-5-3-4-6-9(8)11/h3-7H,2H2,1H3",WVNMLOGVAVGQIT-UHFFFAOYSA-N,WVNMLOGVAVGQIT,C9H10N2,1,0,False,0,0,0,False,,True,False,grp_5ed1239f1de5ca2c,validation,False,True,19,0
mol_77691d2337bfc619,"InChI=1S/C12H26O/c1-7-8-9-13-12(5,6)10-11(2,3)4/h7-10H2,1-6H3","butyl 1,1,3,3-tetramethylbutyl ether","[""JVLYCQPURZKIPY-UHFFFAOYSA-N""]",2025.09.6,CCCCOC(C)(C)CC(C)(C)C,"InChI=1S/C12H26O/c1-7-8-9-13-12(5,6)10-11(2,3)4/h7-10H2,1-6H3",JVLYCQPURZKIPY-UHFFFAOYSA-N,JVLYCQPURZKIPY,C12H26O,1,0,False,0,0,0,False,,True,False,grp_5dea7427c65d07c7,train,False,True,13,0
mol_77bbf943053f2531,InChI=1S/C2H4Cl2/c3-1-2-4/h1-2H2,"1,2-dichloroethane","[""WSLDOOZREJYCGB-UHFFFAOYSA-N""]",2025.09.6,ClCCCl,InChI=1S/C2H4Cl2/c3-1-2-4/h1-2H2,WSLDOOZREJYCGB-UHFFFAOYSA-N,WSLDOOZREJYCGB,C2H4Cl2,1,0,False,0,0,0,False,,True,False,grp_5dea7427c65d07c7,train,True,False,22,0
mol_781dbd8b7d761d8d,"InChI=1S/C7H7NO2/c1-10-7(9)6-3-2-4-8-5-6/h2-5H,1H3",3-pyridinecarboxylic acid methyl ester,"[""YNBADRVTZLEFNH-UHFFFAOYSA-N""]",2025.09.6,COC(=O)c1cccnc1,"InChI=1S/C7H7NO2/c1-10-7(9)6-3-2-4-8-5-6/h2-5H,1H3",YNBADRVTZLEFNH-UHFFFAOYSA-N,YNBADRVTZLEFNH,C7H7NO2,1,0,False,0,0,0,False,,True,False,grp_eacde2a75ccb5ff9,train,False,False,26,0
mol_7823c605434c9115,"InChI=1S/C9H9N/c1-7-6-8-4-2-3-5-9(8)10-7/h2-6,10H,1H3",2-methylindole,"[""BHNHHSOHWZKFOX-UHFFFAOYSA-N""]",2025.09.6,Cc1cc2ccccc2[nH]1,"InChI=1S/C9H9N/c1-7-6-8-4-2-3-5-9(8)10-7/h2-6,10H,1H3",BHNHHSOHWZKFOX-UHFFFAOYSA-N,BHNHHSOHWZKFOX,C9H9N,1,0,False,0,0,0,False,,True,False,grp_7823c605434c9115,train,False,True,22,0
mol_784ee3742c50210b,"InChI=1S/C6H15N/c1-4-7(5-2)6-3/h4-6H2,1-3H3",triethylamine,"[""ZMANZCXQSJIPKH-UHFFFAOYSA-N""]",2025.09.6,CCN(CC)CC,"InChI=1S/C6H15N/c1-4-7(5-2)6-3/h4-6H2,1-3H3",ZMANZCXQSJIPKH-UHFFFAOYSA-N,ZMANZCXQSJIPKH,C6H15N,1,0,False,0,0,0,False,,True,False,grp_5dea7427c65d07c7,train,True,False,3,0
mol_792e292bef612372,"InChI=1S/C4H10OS/c1-3-6(5)4-2/h3-4H2,1-2H3",diethyl sulfoxide,"[""CCAFPWNGIUBUSD-UHFFFAOYSA-N""]",2025.09.6,CCS(=O)CC,"InChI=1S/C4H10OS/c1-3-6(5)4-2/h3-4H2,1-2H3",CCAFPWNGIUBUSD-UHFFFAOYSA-N,CCAFPWNGIUBUSD,C4H10OS,1,0,False,0,0,0,False,,True,False,grp_792e292bef612372,train,False,False,5,0
mol_7982e06cefd90b4f,"InChI=1S/C6H5Cl2OP/c7-10(8,9)6-4-2-1-3-5-6/h1-5H",phenylphosphonic dichloride,"[""IBDMRHDXAQZJAP-UHFFFAOYSA-N""]",2025.09.6,O=P(Cl)(Cl)c1ccccc1,"InChI=1S/C6H5Cl2OP/c7-10(8,9)6-4-2-1-3-5-6/h1-5H",IBDMRHDXAQZJAP-UHFFFAOYSA-N,IBDMRHDXAQZJAP,C6H5Cl2OP,1,0,False,0,0,0,False,,True,False,grp_d2426a225a128b74,train,False,True,20,0
mol_7a16410ce17aa41e,"InChI=1S/C5H3F9O/c6-2(7,1-15)3(8,9)4(10,11)5(12,13)14/h15H,1H2","2,2,3,3,4,4,5,5,5-nonafluoropentan-1-ol","[""PJRIQFXPYMVWOU-UHFFFAOYSA-N""]",2025.09.6,OCC(F)(F)C(F)(F)C(F)(F)C(F)(F)F,"InChI=1S/C5H3F9O/c6-2(7,1-15)3(8,9)4(10,11)5(12,13)14/h15H,1H2",PJRIQFXPYMVWOU-UHFFFAOYSA-N,PJRIQFXPYMVWOU,C5H3F9O,1,0,False,0,0,0,False,,True,False,grp_9dc3cc34781e7516,train,False,True,11,0
mol_7a1e2ea9b1feabd1,"InChI=1S/C10H10O3/c1-7(11)9-3-5-10(6-4-9)13-8(2)12/h3-6H,1-2H3",4-acetoxyacetophenone,"[""SMIOEQSLJNNKQF-UHFFFAOYSA-N""]",2025.09.6,CC(=O)Oc1ccc(C(C)=O)cc1,"InChI=1S/C10H10O3/c1-7(11)9-3-5-10(6-4-9)13-8(2)12/h3-6H,1-2H3",SMIOEQSLJNNKQF-UHFFFAOYSA-N,SMIOEQSLJNNKQF,C10H10O3,1,0,False,0,0,0,False,,True,False,grp_7a1e2ea9b1feabd1,test,False,True,26,0
mol_7a5b68b203cc6270,"InChI=1S/C4H9I/c1-4(2)3-5/h4H,3H2,1-2H3",1-iodo-2-methylpropane,"[""BTUGGGLMQBJCBN-UHFFFAOYSA-N""]",2025.09.6,CC(C)CI,"InChI=1S/C4H9I/c1-4(2)3-5/h4H,3H2,1-2H3",BTUGGGLMQBJCBN-UHFFFAOYSA-N,BTUGGGLMQBJCBN,C4H9I,1,0,False,0,0,0,False,,True,False,grp_5dea7427c65d07c7,train,True,True,23,0
mol_7a77950532c8e700,"InChI=1S/C12H26/c1-3-5-7-9-11-12-10-8-6-4-2/h3-12H2,1-2H3",dodecane,"[""SNRUBQQJIBEYMU-UHFFFAOYSA-N""]",2025.09.6,CCCCCCCCCCCC,"InChI=1S/C12H26/c1-3-5-7-9-11-12-10-8-6-4-2/h3-12H2,1-2H3",SNRUBQQJIBEYMU-UHFFFAOYSA-N,SNRUBQQJIBEYMU,C12H26,1,0,False,0,0,0,False,,True,False,grp_5dea7427c65d07c7,train,True,False,15,0
mol_7a83f5f0134a6504,"InChI=1S/C7H14O/c8-7-5-3-1-2-4-6-7/h7-8H,1-6H2",cycloheptanol,"[""QCRFMSUKWRQZEM-UHFFFAOYSA-N""]",2025.09.6,OC1CCCCCC1,"InChI=1S/C7H14O/c8-7-5-3-1-2-4-6-7/h7-8H,1-6H2",QCRFMSUKWRQZEM-UHFFFAOYSA-N,QCRFMSUKWRQZEM,C7H14O,1,0,False,0,0,0,False,,True,False,grp_5dea7427c65d07c7,train,False,True,17,0
mol_7ad27968482aa306,"InChI=1S/C6H15NS/c1-3-7(4-2)5-6-8/h8H,3-6H2,1-2H3",2-(diethylamino)ethane-1-thiol,"[""YBDSNEVSFQMCTL-UHFFFAOYSA-N""]",2025.09.6,CCN(CC)CCS,"InChI=1S/C6H15NS/c1-3-7(4-2)5-6-8/h8H,3-6H2,1-2H3",YBDSNEVSFQMCTL-UHFFFAOYSA-N,YBDSNEVSFQMCTL,C6H15NS,1,0,False,0,0,0,False,,True,False,grp_024642e109f578eb,train,False,False,3,0
mol_7adb2b6d969696ae,"InChI=1S/C18H36O2/c1-3-4-5-6-7-8-9-10-11-12-13-14-15-16-17-18(19)20-2/h3-17H2,1-2H3",methyl heptadecanoate,"[""HUEBIMLTDXKIPR-UHFFFAOYSA-N""]",2025.09.6,CCCCCCCCCCCCCCCCC(=O)OC,"InChI=1S/C18H36O2/c1-3-4-5-6-7-8-9-10-11-12-13-14-15-16-17-18(19)20-2/h3-17H2,1-2H3",HUEBIMLTDXKIPR-UHFFFAOYSA-N,HUEBIMLTDXKIPR,C18H36O2,1,0,False,0,0,0,False,,True,False,grp_5dea7427c65d07c7,train,False,True,22,0
mol_7bd3eb1878fd3045,"InChI=1S/C5H12O/c1-5(2)3-4-6/h5-6H,3-4H2,1-2H3",3-methylbutan-1-ol,"[""PHTQWCKDNZKARW-UHFFFAOYSA-N""]",2025.09.6,CC(C)CCO,"InChI=1S/C5H12O/c1-5(2)3-4-6/h5-6H,3-4H2,1-2H3",PHTQWCKDNZKARW-UHFFFAOYSA-N,PHTQWCKDNZKARW,C5H12O,1,0,False,0,0,0,False,,True,False,grp_5dea7427c65d07c7,train,True,False,19,0
mol_7d34fb354feeab2c,"InChI=1S/C6H18O3Si3/c1-10(2)7-11(3,4)9-12(5,6)8-10/h1-6H3",hexamethylcyclotrisiloxane,"[""HTDJPCNNEPUOOQ-UHFFFAOYSA-N""]",2025.09.6,C[Si]1(C)O[Si](C)(C)O[Si](C)(C)O1,"InChI=1S/C6H18O3Si3/c1-10(2)7-11(3,4)9-12(5,6)8-10/h1-6H3",HTDJPCNNEPUOOQ-UHFFFAOYSA-N,HTDJPCNNEPUOOQ,C6H18O3Si3,1,0,False,0,0,0,False,,True,False,grp_1832a9cc7ea0a691,test,False,False,4,0
mol_7d3c668ba3d76cd7,"InChI=1S/C7H16O/c1-3-5-7(8)6-4-2/h7-8H,3-6H2,1-2H3",4-heptanol,"[""YVBCULSIZWMTFY-UHFFFAOYSA-N""]",2025.09.6,CCCC(O)CCC,"InChI=1S/C7H16O/c1-3-5-7(8)6-4-2/h7-8H,3-6H2,1-2H3",YVBCULSIZWMTFY-UHFFFAOYSA-N,YVBCULSIZWMTFY,C7H16O,1,0,False,0,0,0,False,,True,False,grp_5dea7427c65d07c7,train,False,True,33,0
mol_7d567108b50dd650,"InChI=1S/C9H16N2/c1-3-4-5-7-11-8-6-10-9(11)2/h6,8H,3-5,7H2,1-2H3",2-methyl-1-pentyl-1H-imidazole,"[""WYGYPEMNIUDFBC-UHFFFAOYSA-N""]",2025.09.6,CCCCCn1ccnc1C,"InChI=1S/C9H16N2/c1-3-4-5-7-11-8-6-10-9(11)2/h6,8H,3-5,7H2,1-2H3",WYGYPEMNIUDFBC-UHFFFAOYSA-N,WYGYPEMNIUDFBC,C9H16N2,1,0,False,0,0,0,False,,True,False,grp_4099771604350c09,test,False,True,26,0
mol_7e0d1a628651aee9,"InChI=1S/C7H17N/c1-2-3-4-5-6-7-8/h2-8H2,1H3",1-heptanamine,"[""WJYIASZWHGOTOU-UHFFFAOYSA-N""]",2025.09.6,CCCCCCCN,"InChI=1S/C7H17N/c1-2-3-4-5-6-7-8/h2-8H2,1H3",WJYIASZWHGOTOU-UHFFFAOYSA-N,WJYIASZWHGOTOU,C7H17N,1,0,False,0,0,0,False,,True,False,grp_5dea7427c65d07c7,train,True,False,14,0
mol_7ea8ab72c1e55be3,"InChI=1S/C9H18O3/c1-3-5-7-11-9(10)12-8-6-4-2/h3-8H2,1-2H3",dibutyl carbonate,"[""QLVWOKQMDLQXNN-UHFFFAOYSA-N""]",2025.09.6,CCCCOC(=O)OCCCC,"InChI=1S/C9H18O3/c1-3-5-7-11-9(10)12-8-6-4-2/h3-8H2,1-2H3",QLVWOKQMDLQXNN-UHFFFAOYSA-N,QLVWOKQMDLQXNN,C9H18O3,1,0,False,0,0,0,False,,True,False,grp_5dea7427c65d07c7,train,False,True,25,0
mol_7eb75db0233cc0c1,"InChI=1S/C9H15NSi/c1-11(2,3)10-9-7-5-4-6-8-9/h4-8,10H,1-3H3",trimethyl(phenylamino)silane,"[""IPJPAQIHUIKFLV-UHFFFAOYSA-N""]",2025.09.6,C[Si](C)(C)Nc1ccccc1,"InChI=1S/C9H15NSi/c1-11(2,3)10-9-7-5-4-6-8-9/h4-8,10H,1-3H3",IPJPAQIHUIKFLV-UHFFFAOYSA-N,IPJPAQIHUIKFLV,C9H15NSi,1,0,False,0,0,0,False,,True,False,grp_27b44b5a9de26f9f,test,False,True,11,0
mol_7f16353bb5c6b431,"InChI=1S/C10H16/c1-2-9-7-4-5-8(6-7)10(9)3-1/h7-10H,1-6H2/t7-,8+,9-,10+",endo-tetrahydrodicyclopentadiene,"[""LPSXSORODABQKT-YNFQOJQRSA-N""]",2025.09.6,C1C[C@@H]2[C@@H]3CC[C@@H](C3)[C@@H]2C1,"InChI=1S/C10H16/c1-2-9-7-4-5-8(6-7)10(9)3-1/h7-10H,1-6H2/t7-,8+,9-,10+",LPSXSORODABQKT-YNFQOJQRSA-N,LPSXSORODABQKT,C10H16,1,0,False,0,4,0,False,,True,False,grp_5dea7427c65d07c7,train,False,False,6,0
mol_7f19e9b39a1de529,"InChI=1S/C3H7NO/c1-4(2)3-5/h3H,1-2H3",dimethylformamide,"[""ZMXDDKWLCZADIW-UHFFFAOYSA-N""]",2025.09.6,CN(C)C=O,"InChI=1S/C3H7NO/c1-4(2)3-5/h3H,1-2H3",ZMXDDKWLCZADIW-UHFFFAOYSA-N,ZMXDDKWLCZADIW,C3H7NO,1,0,False,0,0,0,False,,True,False,grp_bcf7dc086ea12992,test,False,True,51,0
mol_7f9b9c7a996206a7,"InChI=1S/C6H14N2/c1-7-3-5-8(2)6-4-7/h3-6H2,1-2H3","1,4-dimethylpiperazine","[""RXYPXQSKLGGKOL-UHFFFAOYSA-N""]",2025.09.6,CN1CCN(C)CC1,"InChI=1S/C6H14N2/c1-7-3-5-8(2)6-4-7/h3-6H2,1-2H3",RXYPXQSKLGGKOL-UHFFFAOYSA-N,RXYPXQSKLGGKOL,C6H14N2,1,0,False,0,0,0,False,,True,False,grp_5dea7427c65d07c7,train,False,True,32,0
mol_7ff2a8a99ea3e83d,"InChI=1S/C5H13NO2/c1-6(2-4-7)3-5-8/h7-8H,2-5H2,1H3",N-methyldiethanolamine,"[""CRVGTESFCCXCTH-UHFFFAOYSA-N""]",2025.09.6,CN(CCO)CCO,"InChI=1S/C5H13NO2/c1-6(2-4-7)3-5-8/h7-8H,2-5H2,1H3",CRVGTESFCCXCTH-UHFFFAOYSA-N,CRVGTESFCCXCTH,C5H13NO2,1,0,False,0,0,0,False,,True,False,grp_5dea7427c65d07c7,train,False,False,15,0
mol_803e9fa8b96cd755,"InChI=1S/C2H5NO2/c1-2-3(4)5/h2H2,1H3",nitroethane,"[""MCSAJNNLRCFZED-UHFFFAOYSA-N""]",2025.09.6,CC[N+](=O)[O-],"InChI=1S/C2H5NO2/c1-2-3(4)5/h2H2,1H3",MCSAJNNLRCFZED-UHFFFAOYSA-N,MCSAJNNLRCFZED,C2H5NO2,1,0,True,0,0,0,False,,True,False,grp_5dea7427c65d07c7,train,False,False,4,0
mol_804f26f30916a635,"InChI=1S/C14H26N2/c1-3-4-5-6-7-8-9-10-12-16-13-11-15-14(16)2/h11,13H,3-10,12H2,1-2H3",1-decyl-2-methyl-1H-imidazole,"[""BKFRZOZNMWIFLH-UHFFFAOYSA-N""]",2025.09.6,CCCCCCCCCCn1ccnc1C,"InChI=1S/C14H26N2/c1-3-4-5-6-7-8-9-10-12-16-13-11-15-14(16)2/h11,13H,3-10,12H2,1-2H3",BKFRZOZNMWIFLH-UHFFFAOYSA-N,BKFRZOZNMWIFLH,C14H26N2,1,0,False,0,0,0,False,,True,False,grp_4099771604350c09,test,False,True,15,0
mol_8058f2b63219b26a,InChI=1S/C6H5Cl2P/c7-9(8)6-4-2-1-3-5-6/h1-5H,dichlorophenylphosphine,"[""IMDXZWRLUZPMDH-UHFFFAOYSA-N""]",2025.09.6,ClP(Cl)c1ccccc1,InChI=1S/C6H5Cl2P/c7-9(8)6-4-2-1-3-5-6/h1-5H,IMDXZWRLUZPMDH-UHFFFAOYSA-N,IMDXZWRLUZPMDH,C6H5Cl2P,1,0,False,0,0,0,False,,True,False,grp_d2426a225a128b74,train,False,True,26,0
mol_8095247005666df6,"InChI=1S/C8H16O2/c1-3-4-5-6-7-10-8(2)9/h3-7H2,1-2H3",hexyl ethanoate,"[""AOGQPLXWSUTHQB-UHFFFAOYSA-N""]",2025.09.6,CCCCCCOC(C)=O,"InChI=1S/C8H16O2/c1-3-4-5-6-7-10-8(2)9/h3-7H2,1-2H3",AOGQPLXWSUTHQB-UHFFFAOYSA-N,AOGQPLXWSUTHQB,C8H16O2,1,0,False,0,0,0,False,,True,False,grp_5dea7427c65d07c7,train,False,True,13,0
mol_80a7457a3267a94e,"InChI=1S/C4H8O2/c1-4-5-2-3-6-4/h4H,2-3H2,1H3","2-methyl-1,3-dioxolane","[""HTWIZMNMTWYQRN-UHFFFAOYSA-N""]",2025.09.6,CC1OCCO1,"InChI=1S/C4H8O2/c1-4-5-2-3-6-4/h4H,2-3H2,1H3",HTWIZMNMTWYQRN-UHFFFAOYSA-N,HTWIZMNMTWYQRN,C4H8O2,1,0,False,0,0,0,False,,True,False,grp_80a7457a3267a94e,train,False,False,3,0
mol_80db9b4fc382b414,"InChI=1S/C7H7Br/c1-6-2-4-7(8)5-3-6/h2-5H,1H3",4-bromotoluene,"[""ZBTMRBYMKUEVEU-UHFFFAOYSA-N""]",2025.09.6,Cc1ccc(Br)cc1,"InChI=1S/C7H7Br/c1-6-2-4-7(8)5-3-6/h2-5H,1H3",ZBTMRBYMKUEVEU-UHFFFAOYSA-N,ZBTMRBYMKUEVEU,C7H7Br,1,0,False,0,0,0,False,,True,False,grp_5dea7427c65d07c7,train,False,True,17,0
mol_817b4cbdae424a61,InChI=1S/C5H8O2/c6-5-3-1-2-4-7-5/h1-4H2,1-oxacyclohexan-2-one,"[""OZJPLYNZGCXSJM-UHFFFAOYSA-N""]",2025.09.6,O=C1CCCCO1,InChI=1S/C5H8O2/c6-5-3-1-2-4-7-5/h1-4H2,OZJPLYNZGCXSJM-UHFFFAOYSA-N,OZJPLYNZGCXSJM,C5H8O2,1,0,False,0,0,0,False,,True,False,grp_5dea7427c65d07c7,train,False,True,51,0
mol_819a139398c7c5de,"InChI=1S/C10H10O4/c1-13-9(11)7-5-3-4-6-8(7)10(12)14-2/h3-6H,1-2H3","dimethyl 1,2-benzenedicarboxylate","[""NIQCNGHVCWTJSM-UHFFFAOYSA-N""]",2025.09.6,COC(=O)c1ccccc1C(=O)OC,"InChI=1S/C10H10O4/c1-13-9(11)7-5-3-4-6-8(7)10(12)14-2/h3-6H,1-2H3",NIQCNGHVCWTJSM-UHFFFAOYSA-N,NIQCNGHVCWTJSM,C10H10O4,1,0,False,0,0,0,False,,True,False,grp_cd9f232caa190183,validation,True,True,22,0
mol_8328a6e934e84481,"InChI=1S/C7H14O3/c1-3-5-9-7(8)10-6-4-2/h3-6H2,1-2H3",dipropyl carbonate,"[""VUPKGFBOKBGHFZ-UHFFFAOYSA-N""]",2025.09.6,CCCOC(=O)OCCC,"InChI=1S/C7H14O3/c1-3-5-9-7(8)10-6-4-2/h3-6H2,1-2H3",VUPKGFBOKBGHFZ-UHFFFAOYSA-N,VUPKGFBOKBGHFZ,C7H14O3,1,0,False,0,0,0,False,,True,False,grp_5dea7427c65d07c7,train,False,True,56,0
mol_8379af02d3d57cb3,"InChI=1S/C9H20O2/c1-3-5-7-10-9-11-8-6-4-2/h3-9H2,1-2H3",dibutoxymethane,"[""QLCJOAMJPCOIDI-UHFFFAOYSA-N""]",2025.09.6,CCCCOCOCCCC,"InChI=1S/C9H20O2/c1-3-5-7-10-9-11-8-6-4-2/h3-9H2,1-2H3",QLCJOAMJPCOIDI-UHFFFAOYSA-N,QLCJOAMJPCOIDI,C9H20O2,1,0,False,0,0,0,False,,True,False,grp_5dea7427c65d07c7,train,False,False,2,0
mol_83a135e5c50b66c1,"InChI=1S/C3H8O/c1-3(2)4/h3-4H,1-2H3",propan-2-ol,"[""KFZMGEQAYNKOFK-UHFFFAOYSA-N""]",2025.09.6,CC(C)O,"InChI=1S/C3H8O/c1-3(2)4/h3-4H,1-2H3",KFZMGEQAYNKOFK-UHFFFAOYSA-N,KFZMGEQAYNKOFK,C3H8O,1,0,False,0,0,0,False,,True,False,grp_5dea7427c65d07c7,train,True,False,49,0
mol_8411a1787a17bdb0,"InChI=1S/C4H9Cl/c1-4(2)3-5/h4H,3H2,1-2H3",1-chloro-2-methylpropane,"[""QTBFPMKWQKYFLR-UHFFFAOYSA-N""]",2025.09.6,CC(C)CCl,"InChI=1S/C4H9Cl/c1-4(2)3-5/h4H,3H2,1-2H3",QTBFPMKWQKYFLR-UHFFFAOYSA-N,QTBFPMKWQKYFLR,C4H9Cl,1,0,False,0,0,0,False,,True,False,grp_5dea7427c65d07c7,train,True,False,4,0
mol_8477b7b46a4f3d7e,"InChI=1S/C6H14O/c1-5-6(2,3)7-4/h5H2,1-4H3",2-methoxy-2-methylbutane,"[""HVZJRWJGKQPSFL-UHFFFAOYSA-N""]",2025.09.6,CCC(C)(C)OC,"InChI=1S/C6H14O/c1-5-6(2,3)7-4/h5H2,1-4H3",HVZJRWJGKQPSFL-UHFFFAOYSA-N,HVZJRWJGKQPSFL,C6H14O,1,0,False,0,0,0,False,,True,False,grp_5dea7427c65d07c7,train,True,True,15,0
mol_84afa114cb8b9453,"InChI=1S/C9H10/c1-2-5-9-7-3-6-8(9)4-1/h1-2,4-5H,3,6-7H2",indane,"[""PQNFLJBBNBOBRQ-UHFFFAOYSA-N""]",2025.09.6,c1ccc2c(c1)CCC2,"InChI=1S/C9H10/c1-2-5-9-7-3-6-8(9)4-1/h1-2,4-5H,3,6-7H2",PQNFLJBBNBOBRQ-UHFFFAOYSA-N,PQNFLJBBNBOBRQ,C9H10,1,0,False,0,0,0,False,,True,False,grp_5dea7427c65d07c7,train,True,True,9,0
mol_8505c595a856a598,"InChI=1S/C6H14O/c1-5-7-6(2,3)4/h5H2,1-4H3",2-ethoxy-2-methylpropane,"[""NUMQCACRALPSHD-UHFFFAOYSA-N""]",2025.09.6,CCOC(C)(C)C,"InChI=1S/C6H14O/c1-5-7-6(2,3)4/h5H2,1-4H3",NUMQCACRALPSHD-UHFFFAOYSA-N,NUMQCACRALPSHD,C6H14O,1,0,False,0,0,0,False,,True,False,grp_5dea7427c65d07c7,train,False,False,1,0
mol_85133c3fe71552de,"InChI=1S/C7H7I/c1-6-3-2-4-7(8)5-6/h2-5H,1H3",1-iodo-3-methylbenzene,"[""VLCPISYURGTGLP-UHFFFAOYSA-N""]",2025.09.6,Cc1cccc(I)c1,"InChI=1S/C7H7I/c1-6-3-2-4-7(8)5-6/h2-5H,1H3",VLCPISYURGTGLP-UHFFFAOYSA-N,VLCPISYURGTGLP,C7H7I,1,0,False,0,0,0,False,,True,False,grp_5dea7427c65d07c7,train,False,True,16,0
mol_853d5f3f7f788765,"InChI=1S/C10H18O4/c1-3-5-7-13-9(11)10(12)14-8-6-4-2/h3-8H2,1-2H3",di-n-butyl oxalate,"[""JKRZOJADNVOXPM-UHFFFAOYSA-N""]",2025.09.6,CCCCOC(=O)C(=O)OCCCC,"InChI=1S/C10H18O4/c1-3-5-7-13-9(11)10(12)14-8-6-4-2/h3-8H2,1-2H3",JKRZOJADNVOXPM-UHFFFAOYSA-N,JKRZOJADNVOXPM,C10H18O4,1,0,False,0,0,0,False,,True,False,grp_5dea7427c65d07c7,train,False,True,53,0
mol_8557db3d1a35156c,"InChI=1S/C10H16/c1-8(2)10-6-4-9(3)5-7-10/h4,10H,1,5-7H2,2-3H3/t10-/m1/s1",(S)-1-methyl-4-(1-methylethenyl)cyclohexene,"[""XMGQYMWWDOXHJM-SNVBAGLBSA-N""]",2025.09.6,C=C(C)[C@@H]1CC=C(C)CC1,"InChI=1S/C10H16/c1-8(2)10-6-4-9(3)5-7-10/h4,10H,1,5-7H2,2-3H3/t10-/m1/s1",XMGQYMWWDOXHJM-SNVBAGLBSA-N,XMGQYMWWDOXHJM,C10H16,1,0,False,0,1,0,False,,True,False,grp_5dea7427c65d07c7,train,True,True,21,0
mol_8568098f87e46d1f,"InChI=1S/C5H10O2/c1-3-4-5(6)7-2/h3-4H2,1-2H3",methyl butanoate,"[""UUIQMZJEGPQKFD-UHFFFAOYSA-N""]",2025.09.6,CCCC(=O)OC,"InChI=1S/C5H10O2/c1-3-4-5(6)7-2/h3-4H2,1-2H3",UUIQMZJEGPQKFD-UHFFFAOYSA-N,UUIQMZJEGPQKFD,C5H10O2,1,0,False,0,0,0,False,,True,False,grp_5dea7427c65d07c7,train,True,False,27,0
mol_8576484ee77b5757,"InChI=1S/C14H29NO/c1-4-6-8-10-12-15(14(3)16)13-11-9-7-5-2/h4-13H2,1-3H3","N,N-dihexylacetamide","[""JFUCOPIALLYRGN-UHFFFAOYSA-N""]",2025.09.6,CCCCCCN(CCCCCC)C(C)=O,"InChI=1S/C14H29NO/c1-4-6-8-10-12-15(14(3)16)13-11-9-7-5-2/h4-13H2,1-3H3",JFUCOPIALLYRGN-UHFFFAOYSA-N,JFUCOPIALLYRGN,C14H29NO,1,0,False,0,0,0,False,,True,False,grp_5dea7427c65d07c7,train,False,True,16,0
mol_85ab1c5001067375,InChI=1S/C6H4ClF/c7-5-2-1-3-6(8)4-5/h1-4H,1-chloro-3-fluorobenzene,"[""VZHJIJZEOCBKRA-UHFFFAOYSA-N""]",2025.09.6,Fc1cccc(Cl)c1,InChI=1S/C6H4ClF/c7-5-2-1-3-6(8)4-5/h1-4H,VZHJIJZEOCBKRA-UHFFFAOYSA-N,VZHJIJZEOCBKRA,C6H4ClF,1,0,False,0,0,0,False,,True,False,grp_468c9a97902f6f3f,test,False,True,15,0
mol_866fb9c9956bdce9,"InChI=1S/C25H52/c1-3-5-7-9-11-13-15-17-19-21-23-25-24-22-20-18-16-14-12-10-8-6-4-2/h3-25H2,1-2H3",pentacosane,"[""YKNWIILGEFFOPE-UHFFFAOYSA-N""]",2025.09.6,CCCCCCCCCCCCCCCCCCCCCCCCC,"InChI=1S/C25H52/c1-3-5-7-9-11-13-15-17-19-21-23-25-24-22-20-18-16-14-12-10-8-6-4-2/h3-25H2,1-2H3",YKNWIILGEFFOPE-UHFFFAOYSA-N,YKNWIILGEFFOPE,C25H52,1,0,False,0,0,0,False,,True,False,grp_5dea7427c65d07c7,train,False,False,12,0
mol_86789b7323092b84,"InChI=1S/C10H20O2/c1-3-4-5-6-7-8-9-12-10(2)11/h3-9H2,1-2H3",octyl ethanoate,"[""YLYBTZIQSIBWLI-UHFFFAOYSA-N""]",2025.09.6,CCCCCCCCOC(C)=O,"InChI=1S/C10H20O2/c1-3-4-5-6-7-8-9-12-10(2)11/h3-9H2,1-2H3",YLYBTZIQSIBWLI-UHFFFAOYSA-N,YLYBTZIQSIBWLI,C10H20O2,1,0,False,0,0,0,False,,True,False,grp_5dea7427c65d07c7,train,False,True,12,0
mol_87af88bbbdeef674,InChI=1S/C13H8O/c14-13-11-7-3-1-5-9(11)10-6-2-4-8-12(10)13/h1-8H,9(9H)-fluorenone,"[""YLQWCDOCJODRMT-UHFFFAOYSA-N""]",2025.09.6,O=C1c2ccccc2-c2ccccc21,InChI=1S/C13H8O/c14-13-11-7-3-1-5-9(11)10-6-2-4-8-12(10)13/h1-8H,YLQWCDOCJODRMT-UHFFFAOYSA-N,YLQWCDOCJODRMT,C13H8O,1,0,False,0,0,0,False,,True,False,grp_f74960087f7dfc07,validation,False,True,72,0
mol_87cb1e86dd100e73,"InChI=1S/C8H17N/c1-9(2)8-6-4-3-5-7-8/h8H,3-7H2,1-2H3","N,N-dimethylcyclohexylamine","[""SVYKKECYCPFKGB-UHFFFAOYSA-N""]",2025.09.6,CN(C)C1CCCCC1,"InChI=1S/C8H17N/c1-9(2)8-6-4-3-5-7-8/h8H,3-7H2,1-2H3",SVYKKECYCPFKGB-UHFFFAOYSA-N,SVYKKECYCPFKGB,C8H17N,1,0,False,0,0,0,False,,True,False,grp_5dea7427c65d07c7,train,False,True,16,0
mol_88d372137d7ecc53,"InChI=1S/C6H5Cl2PS/c7-9(8,10)6-4-2-1-3-5-6/h1-5H",benzene phosphorus thiodichloride,"[""SXIWNIQDOJKDGB-UHFFFAOYSA-N""]",2025.09.6,S=P(Cl)(Cl)c1ccccc1,"InChI=1S/C6H5Cl2PS/c7-9(8,10)6-4-2-1-3-5-6/h1-5H",SXIWNIQDOJKDGB-UHFFFAOYSA-N,SXIWNIQDOJKDGB,C6H5Cl2PS,1,0,False,0,0,0,False,,True,False,grp_88d372137d7ecc53,train,False,True,13,0
mol_896a74ad0b2a7fde,"InChI=1S/C5H12O/c1-5(2,3)6-4/h1-4H3",2-methoxy-2-methylpropane,"[""BZLVMXJERCGZMT-UHFFFAOYSA-N""]",2025.09.6,COC(C)(C)C,"InChI=1S/C5H12O/c1-5(2,3)6-4/h1-4H3",BZLVMXJERCGZMT-UHFFFAOYSA-N,BZLVMXJERCGZMT,C5H12O,1,0,False,0,0,0,False,,True,False,grp_5dea7427c65d07c7,train,True,False,14,0
mol_89b8d3deb9a49ab7,"InChI=1S/C10H16/c1-7-4-5-8-9(6-7)10(8,2)3/h4,8-9H,5-6H2,1-3H3/t8-,9+/m1/s1",(+)-3-carene,"[""BQOFWKZOCNGFEC-BDAKNGLRSA-N""]",2025.09.6,CC1=CC[C@@H]2[C@H](C1)C2(C)C,"InChI=1S/C10H16/c1-7-4-5-8-9(6-7)10(8,2)3/h4,8-9H,5-6H2,1-3H3/t8-,9+/m1/s1",BQOFWKZOCNGFEC-BDAKNGLRSA-N,BQOFWKZOCNGFEC,C10H16,1,0,False,0,2,0,False,,True,False,grp_5dea7427c65d07c7,train,False,True,51,0
mol_89cd7dc23b3db594,"InChI=1S/C14H18N2/c1-15(2)12-9-5-7-11-8-6-10-13(14(11)12)16(3)4/h5-10H,1-4H3","1,8-bis(dimethylamino)naphthalene","[""GJFNRSDCSTVPCJ-UHFFFAOYSA-N""]",2025.09.6,CN(C)c1cccc2cccc(N(C)C)c12,"InChI=1S/C14H18N2/c1-15(2)12-9-5-7-11-8-6-10-13(14(11)12)16(3)4/h5-10H,1-4H3",GJFNRSDCSTVPCJ-UHFFFAOYSA-N,GJFNRSDCSTVPCJ,C14H18N2,1,0,False,0,0,0,False,,True,False,grp_81cd87be3fde4550,test,False,True,29,0
mol_8a01cf41c2268836,"InChI=1S/C9F20/c10-1(11,2(12,13)4(16,17)6(20,21)8(24,25)26)3(14,15)5(18,19)7(22,23)9(27,28)29",eicosafluorononane,"[""UVWPNDVAQBNQBG-UHFFFAOYSA-N""]",2025.09.6,FC(F)(F)C(F)(F)C(F)(F)C(F)(F)C(F)(F)C(F)(F)C(F)(F)C(F)(F)C(F)(F)F,"InChI=1S/C9F20/c10-1(11,2(12,13)4(16,17)6(20,21)8(24,25)26)3(14,15)5(18,19)7(22,23)9(27,28)29",UVWPNDVAQBNQBG-UHFFFAOYSA-N,UVWPNDVAQBNQBG,C9F20,1,0,False,0,0,0,False,,True,False,grp_5dea7427c65d07c7,train,False,True,10,0
mol_8a4fcf68fe1439c2,"InChI=1S/C3H6O/c1-2-3-4/h2,4H,1,3H2",2-propenol,"[""XXROGKLTLUQVRX-UHFFFAOYSA-N""]",2025.09.6,C=CCO,"InChI=1S/C3H6O/c1-2-3-4/h2,4H,1,3H2",XXROGKLTLUQVRX-UHFFFAOYSA-N,XXROGKLTLUQVRX,C3H6O,1,0,False,0,0,0,False,,True,False,grp_5dea7427c65d07c7,train,False,False,5,0
mol_8af87cc50053180a,InChI=1S/C2H6S/c1-3-2/h1-2H3,2-thiapropane,"[""QMMFVYPAHWMCMS-UHFFFAOYSA-N""]",2025.09.6,CSC,InChI=1S/C2H6S/c1-3-2/h1-2H3,QMMFVYPAHWMCMS-UHFFFAOYSA-N,QMMFVYPAHWMCMS,C2H6S,1,0,False,0,0,0,False,,True,False,grp_5dea7427c65d07c7,train,True,False,2,0
mol_8b1506317bbf83e8,"InChI=1S/C4H8O3/c1-4(6)7-3-2-5/h5H,2-3H2,1H3",2-hydroxyethyl acetate,"[""HXDLWJWIAHWIKI-UHFFFAOYSA-N""]",2025.09.6,CC(=O)OCCO,"InChI=1S/C4H8O3/c1-4(6)7-3-2-5/h5H,2-3H2,1H3",HXDLWJWIAHWIKI-UHFFFAOYSA-N,HXDLWJWIAHWIKI,C4H8O3,1,0,False,0,0,0,False,,True,False,grp_5dea7427c65d07c7,train,False,False,6,0
mol_8b35c2231ef8d146,"InChI=1S/C16H32O2/c1-3-4-5-6-7-8-9-10-11-12-13-14-15-18-16(2)17/h3-15H2,1-2H3",tetradecyl ethanoate,"[""IOUUIFSIQMVYKP-UHFFFAOYSA-N""]",2025.09.6,CCCCCCCCCCCCCCOC(C)=O,"InChI=1S/C16H32O2/c1-3-4-5-6-7-8-9-10-11-12-13-14-15-18-16(2)17/h3-15H2,1-2H3",IOUUIFSIQMVYKP-UHFFFAOYSA-N,IOUUIFSIQMVYKP,C16H32O2,1,0,False,0,0,0,False,,True,False,grp_5dea7427c65d07c7,train,False,False,3,0
mol_8b55943f32f4ccc1,"InChI=1S/C6H18N4/c7-1-3-9-5-6-10-4-2-8/h9-10H,1-8H2","1,2-ethanediamine, N,N'-bis(2-aminoethyl)-","[""VILCJCGEZXAXTO-UHFFFAOYSA-N""]",2025.09.6,NCCNCCNCCN,"InChI=1S/C6H18N4/c7-1-3-9-5-6-10-4-2-8/h9-10H,1-8H2",VILCJCGEZXAXTO-UHFFFAOYSA-N,VILCJCGEZXAXTO,C6H18N4,1,0,False,0,0,0,False,,True,False,grp_5dea7427c65d07c7,train,False,True,27,0
mol_8b6a2383c538f690,"InChI=1S/C4H10O/c1-4(2)3-5/h4-5H,3H2,1-2H3",2-methyl-1-propanol,"[""ZXEKIIBDNHEJCQ-UHFFFAOYSA-N""]",2025.09.6,CC(C)CO,"InChI=1S/C4H10O/c1-4(2)3-5/h4-5H,3H2,1-2H3",ZXEKIIBDNHEJCQ-UHFFFAOYSA-N,ZXEKIIBDNHEJCQ,C4H10O,1,0,False,0,0,0,False,,True,False,grp_5dea7427c65d07c7,train,True,True,47,0
mol_8b8ce5ecf64b8081,"InChI=1S/C8H16O2/c1-3-5-6-7-8(9)10-4-2/h3-7H2,1-2H3",ethyl hexanoate,"[""SHZIWNPUGXLXDT-UHFFFAOYSA-N""]",2025.09.6,CCCCCC(=O)OCC,"InChI=1S/C8H16O2/c1-3-5-6-7-8(9)10-4-2/h3-7H2,1-2H3",SHZIWNPUGXLXDT-UHFFFAOYSA-N,SHZIWNPUGXLXDT,C8H16O2,1,0,False,0,0,0,False,,True,False,grp_5dea7427c65d07c7,train,True,True,15,0
mol_8ba34edb9356bbe8,"InChI=1S/C7H16O/c1-4-5-6-7(2,3)8/h8H,4-6H2,1-3H3",2-methyl-2-hexanol,"[""KRIMXCDMVRMCTC-UHFFFAOYSA-N""]",2025.09.6,CCCCC(C)(C)O,"InChI=1S/C7H16O/c1-4-5-6-7(2,3)8/h8H,4-6H2,1-3H3",KRIMXCDMVRMCTC-UHFFFAOYSA-N,KRIMXCDMVRMCTC,C7H16O,1,0,False,0,0,0,False,,True,False,grp_5dea7427c65d07c7,train,False,True,14,0
mol_8c26cc46761de673,InChI=1S/C5H8O/c6-5-3-1-2-4-5/h1-4H2,cyclopentanone,"[""BGTOWKSIORTVQH-UHFFFAOYSA-N""]",2025.09.6,O=C1CCCC1,InChI=1S/C5H8O/c6-5-3-1-2-4-5/h1-4H2,BGTOWKSIORTVQH-UHFFFAOYSA-N,BGTOWKSIORTVQH,C5H8O,1,0,False,0,0,0,False,,True,False,grp_5dea7427c65d07c7,train,True,False,20,0
mol_8c6d4251bbcdb100,InChI=1S/C6H5I/c7-6-4-2-1-3-5-6/h1-5H,iodobenzene,"[""SNHMUERNLJLMHN-UHFFFAOYSA-N""]",2025.09.6,Ic1ccccc1,InChI=1S/C6H5I/c7-6-4-2-1-3-5-6/h1-5H,SNHMUERNLJLMHN-UHFFFAOYSA-N,SNHMUERNLJLMHN,C6H5I,1,0,False,0,0,0,False,,True,False,grp_5dea7427c65d07c7,train,False,True,12,0
mol_8ced90bc6ccb8f46,"InChI=1S/C12H23NSi2/c1-14(2,3)13(15(4,5)6)12-10-8-7-9-11-12/h7-11H,1-6H3","N,N-bis(trimethylsilyl)aniline","[""UUBHRQZKROMHOC-UHFFFAOYSA-N""]",2025.09.6,C[Si](C)(C)N(c1ccccc1)[Si](C)(C)C,"InChI=1S/C12H23NSi2/c1-14(2,3)13(15(4,5)6)12-10-8-7-9-11-12/h7-11H,1-6H3",UUBHRQZKROMHOC-UHFFFAOYSA-N,UUBHRQZKROMHOC,C12H23NSi2,1,0,False,0,0,0,False,,True,False,grp_27b44b5a9de26f9f,test,False,True,24,0
mol_8d942921e2ad5a04,"InChI=1S/C6H5Cl2N/c7-4-1-5(8)3-6(9)2-4/h1-3H,9H2","3,5-dichloroaniline","[""UQRLKWGPEVNVHT-UHFFFAOYSA-N""]",2025.09.6,Nc1cc(Cl)cc(Cl)c1,"InChI=1S/C6H5Cl2N/c7-4-1-5(8)3-6(9)2-4/h1-3H,9H2",UQRLKWGPEVNVHT-UHFFFAOYSA-N,UQRLKWGPEVNVHT,C6H5Cl2N,1,0,False,0,0,0,False,,True,False,grp_8d942921e2ad5a04,test,False,False,8,0
mol_8e04cff78b5bee09,"InChI=1S/C14H28O2/c1-3-5-6-7-8-9-10-11-12-13-14(15)16-4-2/h3-13H2,1-2H3",ethyl dodecanoate,"[""MMXKVMNBHPAILY-UHFFFAOYSA-N""]",2025.09.6,CCCCCCCCCCCC(=O)OCC,"InChI=1S/C14H28O2/c1-3-5-6-7-8-9-10-11-12-13-14(15)16-4-2/h3-13H2,1-2H3",MMXKVMNBHPAILY-UHFFFAOYSA-N,MMXKVMNBHPAILY,C14H28O2,1,0,False,0,0,0,False,,True,False,grp_5dea7427c65d07c7,train,False,True,12,0
mol_8f32c24fded8ca18,"InChI=1S/C8H10O2/c1-2-10-8-6-4-3-5-7(8)9/h3-6,9H,2H2,1H3",2-ethoxyphenol,"[""MOEFFSWKSMRFRQ-UHFFFAOYSA-N""]",2025.09.6,CCOc1ccccc1O,"InChI=1S/C8H10O2/c1-2-10-8-6-4-3-5-7(8)9/h3-6,9H,2H2,1H3",MOEFFSWKSMRFRQ-UHFFFAOYSA-N,MOEFFSWKSMRFRQ,C8H10O2,1,0,False,0,0,0,False,,True,False,grp_8f32c24fded8ca18,validation,False,True,11,0
mol_8f8d88329a658c4a,"InChI=1S/C6H10O4/c1-9-5(7)3-4-6(8)10-2/h3-4H2,1-2H3","dimethyl 1,4-butanedioate","[""MUXOBHXGJLMRAB-UHFFFAOYSA-N""]",2025.09.6,COC(=O)CCC(=O)OC,"InChI=1S/C6H10O4/c1-9-5(7)3-4-6(8)10-2/h3-4H2,1-2H3",MUXOBHXGJLMRAB-UHFFFAOYSA-N,MUXOBHXGJLMRAB,C6H10O4,1,0,False,0,0,0,False,,True,False,grp_5dea7427c65d07c7,train,False,True,22,0
mol_900a0f38b179fea2,"InChI=1S/C7H7I/c1-6-2-4-7(8)5-3-6/h2-5H,1H3",4-iodotoluene,"[""UDHAWRUAECEBHC-UHFFFAOYSA-N""]",2025.09.6,Cc1ccc(I)cc1,"InChI=1S/C7H7I/c1-6-2-4-7(8)5-3-6/h2-5H,1H3",UDHAWRUAECEBHC-UHFFFAOYSA-N,UDHAWRUAECEBHC,C7H7I,1,0,False,0,0,0,False,,True,False,grp_5dea7427c65d07c7,train,False,False,7,0
mol_90b69659cd0ca4f3,"InChI=1S/C7H12O3/c1-3-10-7(9)5-4-6(2)8/h3-5H2,1-2H3",ethyl levulinate,"[""GMEONFUTDYJSNV-UHFFFAOYSA-N""]",2025.09.6,CCOC(=O)CCC(C)=O,"InChI=1S/C7H12O3/c1-3-10-7(9)5-4-6(2)8/h3-5H2,1-2H3",GMEONFUTDYJSNV-UHFFFAOYSA-N,GMEONFUTDYJSNV,C7H12O3,1,0,False,0,0,0,False,,True,False,grp_5dea7427c65d07c7,train,False,True,12,0
mol_913f04ec4de50c29,"InChI=1S/C8H18/c1-3-5-7-8-6-4-2/h3-8H2,1-2H3",octane,"[""TVMXDCGIABBOFY-UHFFFAOYSA-N""]",2025.09.6,CCCCCCCC,"InChI=1S/C8H18/c1-3-5-7-8-6-4-2/h3-8H2,1-2H3",TVMXDCGIABBOFY-UHFFFAOYSA-N,TVMXDCGIABBOFY,C8H18,1,0,False,0,0,0,False,,True,False,grp_5dea7427c65d07c7,train,True,False,3,0
mol_916b454c615e7792,"InChI=1S/C8H8O3/c1-11-8(10)6-2-4-7(9)5-3-6/h2-5,9H,1H3",methyl 4-hydroxybenzoate,"[""LXCFILQKKLGQFO-UHFFFAOYSA-N""]",2025.09.6,COC(=O)c1ccc(O)cc1,"InChI=1S/C8H8O3/c1-11-8(10)6-2-4-7(9)5-3-6/h2-5,9H,1H3",LXCFILQKKLGQFO-UHFFFAOYSA-N,LXCFILQKKLGQFO,C8H8O3,1,0,False,0,0,0,False,,True,False,grp_fd910654208f838e,validation,False,True,20,0
mol_917a799c2b100236,InChI=1S/C9H7FN2/c10-8-3-1-2-4-9(8)12-6-5-11-7-12/h1-7H,2-fluoro-phenyl-1H-imidazole,"[""GWEXXBVPLGNFOW-UHFFFAOYSA-N""]",2025.09.6,Fc1ccccc1-n1ccnc1,InChI=1S/C9H7FN2/c10-8-3-1-2-4-9(8)12-6-5-11-7-12/h1-7H,GWEXXBVPLGNFOW-UHFFFAOYSA-N,GWEXXBVPLGNFOW,C9H7FN2,1,0,False,0,0,0,False,,True,False,grp_5ed1239f1de5ca2c,validation,False,True,10,0
mol_919fb7158bc3ca7a,"InChI=1S/C17H28/c1-2-3-4-5-6-7-8-9-11-14-17-15-12-10-13-16-17/h10,12-13,15-16H,2-9,11,14H2,1H3",undecylbenzene,"[""XBEADGFTLHRJRB-UHFFFAOYSA-N""]",2025.09.6,CCCCCCCCCCCc1ccccc1,"InChI=1S/C17H28/c1-2-3-4-5-6-7-8-9-11-14-17-15-12-10-13-16-17/h10,12-13,15-16H,2-9,11,14H2,1H3",XBEADGFTLHRJRB-UHFFFAOYSA-N,XBEADGFTLHRJRB,C17H28,1,0,False,0,0,0,False,,True,False,grp_4cb2ec77bd45a869,test,False,True,9,0
mol_91aa5b5594ca491a,"InChI=1S/C5H10O3/c1-5(6)8-4-3-7-2/h3-4H2,1-2H3",2-methoxyethyl ethanoate,"[""XLLIQLLCWZCATF-UHFFFAOYSA-N""]",2025.09.6,COCCOC(C)=O,"InChI=1S/C5H10O3/c1-5(6)8-4-3-7-2/h3-4H2,1-2H3",XLLIQLLCWZCATF-UHFFFAOYSA-N,XLLIQLLCWZCATF,C5H10O3,1,0,False,0,0,0,False,,True,False,grp_5dea7427c65d07c7,train,True,False,4,0
mol_91ac98172fb47d8a,"InChI=1S/C8H14O4/c1-4-11-7(9)6(3)8(10)12-5-2/h6H,4-5H2,1-3H3",diethyl methylpropanedioate,"[""UPQZOUHVTJNGFK-UHFFFAOYSA-N""]",2025.09.6,CCOC(=O)C(C)C(=O)OCC,"InChI=1S/C8H14O4/c1-4-11-7(9)6(3)8(10)12-5-2/h6H,4-5H2,1-3H3",UPQZOUHVTJNGFK-UHFFFAOYSA-N,UPQZOUHVTJNGFK,C8H14O4,1,0,False,0,0,0,False,,True,False,grp_5dea7427c65d07c7,train,False,False,5,0
mol_91d56f798d34f28f,"InChI=1S/C6H14O4/c7-1-3-9-5-6-10-4-2-8/h7-8H,1-6H2",triethylene glycol,"[""ZIBGPFATKBEMQZ-UHFFFAOYSA-N""]",2025.09.6,OCCOCCOCCO,"InChI=1S/C6H14O4/c7-1-3-9-5-6-10-4-2-8/h7-8H,1-6H2",ZIBGPFATKBEMQZ-UHFFFAOYSA-N,ZIBGPFATKBEMQZ,C6H14O4,1,0,False,0,0,0,False,,True,False,grp_5dea7427c65d07c7,train,False,False,1,0
mol_924b90bf9563cf86,"InChI=1S/C8H2F16/c9-1(10)3(13,14)5(17,18)7(21,22)8(23,24)6(19,20)4(15,16)2(11)12/h1-2H","1,1,2,2,3,3,4,4,5,5,6,6,7,7,8,8-hexadecafluorooctane","[""JCRVQXKRULILSR-UHFFFAOYSA-N""]",2025.09.6,FC(F)C(F)(F)C(F)(F)C(F)(F)C(F)(F)C(F)(F)C(F)(F)C(F)F,"InChI=1S/C8H2F16/c9-1(10)3(13,14)5(17,18)7(21,22)8(23,24)6(19,20)4(15,16)2(11)12/h1-2H",JCRVQXKRULILSR-UHFFFAOYSA-N,JCRVQXKRULILSR,C8H2F16,1,0,False,0,0,0,False,,True,False,grp_5dea7427c65d07c7,train,False,True,10,0
mol_9250348909aba0f8,"InChI=1S/C7H7Cl/c1-6-4-2-3-5-7(6)8/h2-5H,1H3",2-chlorotoluene,"[""IBSQPLPBRSHTTG-UHFFFAOYSA-N""]",2025.09.6,Cc1ccccc1Cl,"InChI=1S/C7H7Cl/c1-6-4-2-3-5-7(6)8/h2-5H,1H3",IBSQPLPBRSHTTG-UHFFFAOYSA-N,IBSQPLPBRSHTTG,C7H7Cl,1,0,False,0,0,0,False,,True,False,grp_5dea7427c65d07c7,train,True,True,14,0
mol_9311eee845da4726,"InChI=1S/C10H18O4/c1-7(2)13-9(11)5-6-10(12)14-8(3)4/h7-8H,5-6H2,1-4H3",bis(1-methylethyl) butanedioate,"[""YPLYFEUBZLLLIY-UHFFFAOYSA-N""]",2025.09.6,CC(C)OC(=O)CCC(=O)OC(C)C,"InChI=1S/C10H18O4/c1-7(2)13-9(11)5-6-10(12)14-8(3)4/h7-8H,5-6H2,1-4H3",YPLYFEUBZLLLIY-UHFFFAOYSA-N,YPLYFEUBZLLLIY,C10H18O4,1,0,False,0,0,0,False,,True,False,grp_642c5927dec37b59,validation,False,False,12,0
mol_935376490ad66f6e,"InChI=1S/C9H18O2/c1-3-4-5-6-7-8-9(10)11-2/h3-8H2,1-2H3",methyl octanoate,"[""JGHZJRVDZXSNKQ-UHFFFAOYSA-N""]",2025.09.6,CCCCCCCC(=O)OC,"InChI=1S/C9H18O2/c1-3-4-5-6-7-8-9(10)11-2/h3-8H2,1-2H3",JGHZJRVDZXSNKQ-UHFFFAOYSA-N,JGHZJRVDZXSNKQ,C9H18O2,1,0,False,0,0,0,False,,True,False,grp_5dea7427c65d07c7,train,False,True,16,0
mol_936b68c0e81780ff,"InChI=1S/C13H26O2/c1-3-4-5-6-7-8-9-10-11-12-15-13(2)14/h3-12H2,1-2H3","1-undecanol, acetate","[""CKQGCFFDQIFZFA-UHFFFAOYSA-N""]",2025.09.6,CCCCCCCCCCCOC(C)=O,"InChI=1S/C13H26O2/c1-3-4-5-6-7-8-9-10-11-12-15-13(2)14/h3-12H2,1-2H3",CKQGCFFDQIFZFA-UHFFFAOYSA-N,CKQGCFFDQIFZFA,C13H26O2,1,0,False,0,0,0,False,,True,False,grp_5dea7427c65d07c7,train,False,False,9,0
mol_93cfd6245e3ad68f,"InChI=1S/C5H13NO/c1-6(2)4-3-5-7/h7H,3-5H2,1-2H3",3-dimethylamino-1-propanol,"[""PYSGFFTXMUWEOT-UHFFFAOYSA-N""]",2025.09.6,CN(C)CCCO,"InChI=1S/C5H13NO/c1-6(2)4-3-5-7/h7H,3-5H2,1-2H3",PYSGFFTXMUWEOT-UHFFFAOYSA-N,PYSGFFTXMUWEOT,C5H13NO,1,0,False,0,0,0,False,,True,False,grp_5dea7427c65d07c7,train,False,False,9,0
mol_942daac293e911e8,InChI=1S/C5H4O2/c6-4-5-2-1-3-7-5/h1-4H,2-furaldehyde,"[""HYBBIBNJHNGZAN-UHFFFAOYSA-N""]",2025.09.6,O=Cc1ccco1,InChI=1S/C5H4O2/c6-4-5-2-1-3-7-5/h1-4H,HYBBIBNJHNGZAN-UHFFFAOYSA-N,HYBBIBNJHNGZAN,C5H4O2,1,0,False,0,0,0,False,,True,False,grp_5dea7427c65d07c7,train,False,True,41,0
mol_9472915240012651,"InChI=1S/C14H22/c1-13(2,3)11-7-9-12(10-8-11)14(4,5)6/h7-10H,1-6H3","1,4-bis(1,1-dimethylethyl)benzene","[""OOWNNCMFKFBNOF-UHFFFAOYSA-N""]",2025.09.6,CC(C)(C)c1ccc(C(C)(C)C)cc1,"InChI=1S/C14H22/c1-13(2,3)11-7-9-12(10-8-11)14(4,5)6/h7-10H,1-6H3",OOWNNCMFKFBNOF-UHFFFAOYSA-N,OOWNNCMFKFBNOF,C14H22,1,0,False,0,0,0,False,,True,False,grp_8485db366cf61c1d,train,False,True,21,0
mol_94e6e3bf1a1fa03f,"InChI=1S/C6H10O3/c1-5(7)3-4-6(8)9-2/h3-4H2,1-2H3",methyl levulinate,"[""UAGJVSRUFNSIHR-UHFFFAOYSA-N""]",2025.09.6,COC(=O)CCC(C)=O,"InChI=1S/C6H10O3/c1-5(7)3-4-6(8)9-2/h3-4H2,1-2H3",UAGJVSRUFNSIHR-UHFFFAOYSA-N,UAGJVSRUFNSIHR,C6H10O3,1,0,False,0,0,0,False,,True,False,grp_5dea7427c65d07c7,train,False,True,30,0
mol_953db3858ca974a4,InChI=1S/C4H8O2/c1-2-6-4-3-5-1/h1-4H2,"1,4-dioxane","[""RYHBNJHYFVUHQT-UHFFFAOYSA-N""]",2025.09.6,C1COCCO1,InChI=1S/C4H8O2/c1-2-6-4-3-5-1/h1-4H2,RYHBNJHYFVUHQT-UHFFFAOYSA-N,RYHBNJHYFVUHQT,C4H8O2,1,0,False,0,0,0,False,,True,False,grp_5dea7427c65d07c7,train,True,False,27,0
mol_95868041bec1b2e7,"InChI=1S/C7H14O/c1-3-5-7(8)6-4-2/h3-6H2,1-2H3",4-heptanone,"[""HCFAJYNVAYBARA-UHFFFAOYSA-N""]",2025.09.6,CCCC(=O)CCC,"InChI=1S/C7H14O/c1-3-5-7(8)6-4-2/h3-6H2,1-2H3",HCFAJYNVAYBARA-UHFFFAOYSA-N,HCFAJYNVAYBARA,C7H14O,1,0,False,0,0,0,False,,True,False,grp_5dea7427c65d07c7,train,False,False,2,0
mol_969f34406f44f7e7,"InChI=1S/C4H11N/c1-2-3-4-5/h2-5H2,1H3",1-butanamine,"[""HQABUPZFAYXKJW-UHFFFAOYSA-N""]",2025.09.6,CCCCN,"InChI=1S/C4H11N/c1-2-3-4-5/h2-5H2,1H3",HQABUPZFAYXKJW-UHFFFAOYSA-N,HQABUPZFAYXKJW,C4H11N,1,0,False,0,0,0,False,,True,False,grp_5dea7427c65d07c7,train,True,False,1,0
mol_96c0a38e580307f0,"InChI=1S/C3H6O3/c1-6-3(5)2-4/h4H,2H2,1H3",methyl hydroxyethanoate,"[""GSJFXBNYJCXDGI-UHFFFAOYSA-N""]",2025.09.6,COC(=O)CO,"InChI=1S/C3H6O3/c1-6-3(5)2-4/h4H,2H2,1H3",GSJFXBNYJCXDGI-UHFFFAOYSA-N,GSJFXBNYJCXDGI,C3H6O3,1,0,False,0,0,0,False,,True,False,grp_96c0a38e580307f0,validation,False,False,7,0
mol_97895e747db97ae6,"InChI=1S/C4H9N/c1-2-4-5-3-1/h5H,1-4H2",pyrrolidine,"[""RWRDLPDLKQPQOW-UHFFFAOYSA-N""]",2025.09.6,C1CCNC1,"InChI=1S/C4H9N/c1-2-4-5-3-1/h5H,1-4H2",RWRDLPDLKQPQOW-UHFFFAOYSA-N,RWRDLPDLKQPQOW,C4H9N,1,0,False,0,0,0,False,,True,False,grp_5dea7427c65d07c7,train,True,True,10,0
mol_97b91a30f9b33b70,InChI=1S/C4H4O3/c5-3-1-2-4(6)7-3/h1-2H2,succinic anhydride,"[""RINCXYDBBGOEEQ-UHFFFAOYSA-N""]",2025.09.6,O=C1CCC(=O)O1,InChI=1S/C4H4O3/c5-3-1-2-4(6)7-3/h1-2H2,RINCXYDBBGOEEQ-UHFFFAOYSA-N,RINCXYDBBGOEEQ,C4H4O3,1,0,False,0,0,0,False,,True,False,grp_5dea7427c65d07c7,train,False,False,1,0
mol_98688aad6777a901,"InChI=1S/C9H18O2/c1-3-5-6-7-8-11-9(10)4-2/h3-8H2,1-2H3",hexyl propanoate,"[""GOKKOFHHJFGZHW-UHFFFAOYSA-N""]",2025.09.6,CCCCCCOC(=O)CC,"InChI=1S/C9H18O2/c1-3-5-6-7-8-11-9(10)4-2/h3-8H2,1-2H3",GOKKOFHHJFGZHW-UHFFFAOYSA-N,GOKKOFHHJFGZHW,C9H18O2,1,0,False,0,0,0,False,,True,False,grp_5dea7427c65d07c7,train,False,True,16,0
mol_988c5d9100ceeb54,"InChI=1S/C8H12N2O3/c1-3-9-6(11)5-7(12)10(4-2)8(9)13/h3-5H2,1-2H3","1,3-diethylbarbituric acid","[""XUCMDLYIYOXEBF-UHFFFAOYSA-N""]",2025.09.6,CCN1C(=O)CC(=O)N(CC)C1=O,"InChI=1S/C8H12N2O3/c1-3-9-6(11)5-7(12)10(4-2)8(9)13/h3-5H2,1-2H3",XUCMDLYIYOXEBF-UHFFFAOYSA-N,XUCMDLYIYOXEBF,C8H12N2O3,1,0,False,0,0,0,False,,True,False,grp_988c5d9100ceeb54,train,False,True,11,0
mol_992b64716911837c,"InChI=1S/C6H10/c1-3-5-6-4-2/h1H,4-6H2,2H3",1-hexyne,"[""CGHIBGNXEGJPQZ-UHFFFAOYSA-N""]",2025.09.6,C#CCCCC,"InChI=1S/C6H10/c1-3-5-6-4-2/h1H,4-6H2,2H3",CGHIBGNXEGJPQZ-UHFFFAOYSA-N,CGHIBGNXEGJPQZ,C6H10,1,0,False,0,0,0,False,,True,False,grp_5dea7427c65d07c7,train,False,False,5,0
mol_993dd610f8117c3b,"InChI=1S/C3H3F5/c4-2(5)1-3(6,7)8/h2H,1H2","1,1,1,3,3-pentafluoropropane","[""MSSNHSVIGIHOJA-UHFFFAOYSA-N""]",2025.09.6,FC(F)CC(F)(F)F,"InChI=1S/C3H3F5/c4-2(5)1-3(6,7)8/h2H,1H2",MSSNHSVIGIHOJA-UHFFFAOYSA-N,MSSNHSVIGIHOJA,C3H3F5,1,0,False,0,0,0,False,,True,False,grp_993dd610f8117c3b,test,False,False,4,0
mol_9b039da63aa3710c,"InChI=1S/C5H14N2/c1-7(2)5-3-4-6/h3-6H2,1-2H3","N,N-dimethyl-1,3-propanediamine","[""IUNMPGNGSSIWFP-UHFFFAOYSA-N""]",2025.09.6,CN(C)CCCN,"InChI=1S/C5H14N2/c1-7(2)5-3-4-6/h3-6H2,1-2H3",IUNMPGNGSSIWFP-UHFFFAOYSA-N,IUNMPGNGSSIWFP,C5H14N2,1,0,False,0,0,0,False,,True,False,grp_5dea7427c65d07c7,train,True,True,51,0
mol_9b5c2e3993415780,"InChI=1S/C4H10S/c1-3-5-4-2/h3-4H2,1-2H3",3-thiapentane,"[""LJSQFQKUNVCTIA-UHFFFAOYSA-N""]",2025.09.6,CCSCC,"InChI=1S/C4H10S/c1-3-5-4-2/h3-4H2,1-2H3",LJSQFQKUNVCTIA-UHFFFAOYSA-N,LJSQFQKUNVCTIA,C4H10S,1,0,False,0,0,0,False,,True,False,grp_5dea7427c65d07c7,train,True,False,6,0
mol_9b7afa095d460867,"InChI=1S/C14H12O/c15-9-14-12-7-3-1-5-10(12)11-6-2-4-8-13(11)14/h1-8,14-15H,9H2",9-fluorenemethanol,"[""XXSCONYSQQLHTH-UHFFFAOYSA-N""]",2025.09.6,OCC1c2ccccc2-c2ccccc21,"InChI=1S/C14H12O/c15-9-14-12-7-3-1-5-10(12)11-6-2-4-8-13(11)14/h1-8,14-15H,9H2",XXSCONYSQQLHTH-UHFFFAOYSA-N,XXSCONYSQQLHTH,C14H12O,1,0,False,0,0,0,False,,True,False,grp_9b7afa095d460867,validation,False,True,20,0
mol_9bae39b547067706,"InChI=1S/C7H7NO2/c1-6-3-2-4-7(5-6)8(9)10/h2-5H,1H3",3-nitrotoluene,"[""QZYHIOPPLUPUJF-UHFFFAOYSA-N""]",2025.09.6,Cc1cccc([N+](=O)[O-])c1,"InChI=1S/C7H7NO2/c1-6-3-2-4-7(5-6)8(9)10/h2-5H,1H3",QZYHIOPPLUPUJF-UHFFFAOYSA-N,QZYHIOPPLUPUJF,C7H7NO2,1,0,True,0,0,0,False,,True,False,grp_5dea7427c65d07c7,train,False,True,36,0
mol_9c277a73dd0d1066,"InChI=1S/C9H16O4/c1-3-12-8(10)6-5-7-9(11)13-4-2/h3-7H2,1-2H3",diethyl glutarate,"[""OUWSNHWQZPEFEX-UHFFFAOYSA-N""]",2025.09.6,CCOC(=O)CCCC(=O)OCC,"InChI=1S/C9H16O4/c1-3-12-8(10)6-5-7-9(11)13-4-2/h3-7H2,1-2H3",OUWSNHWQZPEFEX-UHFFFAOYSA-N,OUWSNHWQZPEFEX,C9H16O4,1,0,False,0,0,0,False,,True,False,grp_5dea7427c65d07c7,train,False,True,15,0
mol_9cc087861df9b063,"InChI=1S/C9H23N3/c1-10(2)6-8-12(5)9-7-11(3)4/h6-9H2,1-5H3","N,N,N',N'',N''-pentamethyldiethylenetriamine","[""UKODFQOELJFMII-UHFFFAOYSA-N""]",2025.09.6,CN(C)CCN(C)CCN(C)C,"InChI=1S/C9H23N3/c1-10(2)6-8-12(5)9-7-11(3)4/h6-9H2,1-5H3",UKODFQOELJFMII-UHFFFAOYSA-N,UKODFQOELJFMII,C9H23N3,1,0,False,0,0,0,False,,True,False,grp_5dea7427c65d07c7,train,False,True,13,0
mol_9d47f5f4c0b23422,"InChI=1S/C7H7NO2/c1-10-7(9)6-2-4-8-5-3-6/h2-5H,1H3",methyl 4-pyridinecarboxylate,"[""OLXYLDUSSBULGU-UHFFFAOYSA-N""]",2025.09.6,COC(=O)c1ccncc1,"InChI=1S/C7H7NO2/c1-10-7(9)6-2-4-8-5-3-6/h2-5H,1H3",OLXYLDUSSBULGU-UHFFFAOYSA-N,OLXYLDUSSBULGU,C7H7NO2,1,0,False,0,0,0,False,,True,False,grp_eacde2a75ccb5ff9,train,True,True,31,0
mol_9da490861744c9f8,"InChI=1S/C12H22O4/c1-15-11(13)9-7-5-3-4-6-8-10-12(14)16-2/h3-10H2,1-2H3",dimethyl sebacate,"[""ALOUNLDAKADEEB-UHFFFAOYSA-N""]",2025.09.6,COC(=O)CCCCCCCCC(=O)OC,"InChI=1S/C12H22O4/c1-15-11(13)9-7-5-3-4-6-8-10-12(14)16-2/h3-10H2,1-2H3",ALOUNLDAKADEEB-UHFFFAOYSA-N,ALOUNLDAKADEEB,C12H22O4,1,0,False,0,0,0,False,,True,False,grp_5dea7427c65d07c7,train,False,True,12,0
mol_9e960601c6c0fbaf,"InChI=1S/C13H10O/c14-13-11-7-3-1-5-9(11)10-6-2-4-8-12(10)13/h1-8,13-14H",9H-fluoren-9-ol,"[""AFMVESZOYKHDBJ-UHFFFAOYSA-N""]",2025.09.6,OC1c2ccccc2-c2ccccc21,"InChI=1S/C13H10O/c14-13-11-7-3-1-5-9(11)10-6-2-4-8-12(10)13/h1-8,13-14H",AFMVESZOYKHDBJ-UHFFFAOYSA-N,AFMVESZOYKHDBJ,C13H10O,1,0,False,0,0,0,False,,True,False,grp_f74960087f7dfc07,validation,False,True,20,0
mol_9ea52b961b4fd060,"InChI=1S/C7H16O/c1-4-7(8,5-2)6-3/h8H,4-6H2,1-3H3",3-ethyl-3-pentanol,"[""XKIRHOWVQWCYBT-UHFFFAOYSA-N""]",2025.09.6,CCC(O)(CC)CC,"InChI=1S/C7H16O/c1-4-7(8,5-2)6-3/h8H,4-6H2,1-3H3",XKIRHOWVQWCYBT-UHFFFAOYSA-N,XKIRHOWVQWCYBT,C7H16O,1,0,False,0,0,0,False,,True,False,grp_5dea7427c65d07c7,train,False,True,13,0
mol_9eafc8e78e05bf3c,"InChI=1S/C5H13NO/c1-5(2)6-3-4-7/h5-7H,3-4H2,1-2H3",2-isopropylaminoethanol,"[""RILLZYSZSDGYGV-UHFFFAOYSA-N""]",2025.09.6,CC(C)NCCO,"InChI=1S/C5H13NO/c1-5(2)6-3-4-7/h5-7H,3-4H2,1-2H3",RILLZYSZSDGYGV-UHFFFAOYSA-N,RILLZYSZSDGYGV,C5H13NO,1,0,False,0,0,0,False,,True,False,grp_5dea7427c65d07c7,train,False,True,32,0
mol_9edff65ca060e7d5,"InChI=1S/C15H29N/c1-2-3-4-5-6-7-8-9-10-11-12-13-14-15-16/h2-14H2,1H3",1-tetradecyl cyanide,"[""KRKQHNVYOWTEQO-UHFFFAOYSA-N""]",2025.09.6,CCCCCCCCCCCCCCC#N,"InChI=1S/C15H29N/c1-2-3-4-5-6-7-8-9-10-11-12-13-14-15-16/h2-14H2,1H3",KRKQHNVYOWTEQO-UHFFFAOYSA-N,KRKQHNVYOWTEQO,C15H29N,1,0,False,0,0,0,False,,True,False,grp_5dea7427c65d07c7,train,False,True,13,0
mol_9f070bda8683a3b6,"InChI=1S/C4H12N2O/c5-1-2-6-3-4-7/h6-7H,1-5H2",N-(2-aminoethyl)ethanolamine,"[""LHIJANUOQQMGNT-UHFFFAOYSA-N""]",2025.09.6,NCCNCCO,"InChI=1S/C4H12N2O/c5-1-2-6-3-4-7/h6-7H,1-5H2",LHIJANUOQQMGNT-UHFFFAOYSA-N,LHIJANUOQQMGNT,C4H12N2O,1,0,False,0,0,0,False,,True,False,grp_5dea7427c65d07c7,train,False,True,33,0
mol_a028f4db66891af2,"InChI=1S/C9H16O4/c1-3-5-12-8(10)7-9(11)13-6-4-2/h3-7H2,1-2H3","dipropyl 1,3-propanedioate","[""LWIWFCDNJNZEKB-UHFFFAOYSA-N""]",2025.09.6,CCCOC(=O)CC(=O)OCCC,"InChI=1S/C9H16O4/c1-3-5-12-8(10)7-9(11)13-6-4-2/h3-7H2,1-2H3",LWIWFCDNJNZEKB-UHFFFAOYSA-N,LWIWFCDNJNZEKB,C9H16O4,1,0,False,0,0,0,False,,True,False,grp_5dea7427c65d07c7,train,False,True,16,0
mol_a05de3c299ebdca6,"InChI=1S/C12H22O4/c1-3-5-9-15-11(13)7-8-12(14)16-10-6-4-2/h3-10H2,1-2H3","butanedioic acid, dibutyl ester","[""YUXIBTJKHLUKBD-UHFFFAOYSA-N""]",2025.09.6,CCCCOC(=O)CCC(=O)OCCCC,"InChI=1S/C12H22O4/c1-3-5-9-15-11(13)7-8-12(14)16-10-6-4-2/h3-10H2,1-2H3",YUXIBTJKHLUKBD-UHFFFAOYSA-N,YUXIBTJKHLUKBD,C12H22O4,1,0,False,0,0,0,False,,True,False,grp_5dea7427c65d07c7,train,False,True,18,0
mol_a0b5336cc69a9e2d,"InChI=1S/C6H12O/c1-2-3-4-5-6-7/h6H,2-5H2,1H3",hexanal,"[""JARKCYVAAOWBJS-UHFFFAOYSA-N""]",2025.09.6,CCCCCC=O,"InChI=1S/C6H12O/c1-2-3-4-5-6-7/h6H,2-5H2,1H3",JARKCYVAAOWBJS-UHFFFAOYSA-N,JARKCYVAAOWBJS,C6H12O,1,0,False,0,0,0,False,,True,False,grp_1c4cca4512424bc8,train,False,False,9,0
mol_a10b91d37db2843a,"InChI=1S/C13H24N2/c1-3-4-5-6-7-8-9-11-15-12-10-14-13(15)2/h10,12H,3-9,11H2,1-2H3",2-methyl-1-nonyl-1H-imidazole,"[""FKGMPZBNFPJVCH-UHFFFAOYSA-N""]",2025.09.6,CCCCCCCCCn1ccnc1C,"InChI=1S/C13H24N2/c1-3-4-5-6-7-8-9-11-15-12-10-14-13(15)2/h10,12H,3-9,11H2,1-2H3",FKGMPZBNFPJVCH-UHFFFAOYSA-N,FKGMPZBNFPJVCH,C13H24N2,1,0,False,0,0,0,False,,True,False,grp_4099771604350c09,test,False,True,38,0
mol_a10f5d63214e97e2,"InChI=1S/C2H5N/c1-2-3-1/h3H,1-2H2",azacyclopropane,"[""NOWKCMXCCJGMRR-UHFFFAOYSA-N""]",2025.09.6,C1CN1,"InChI=1S/C2H5N/c1-2-3-1/h3H,1-2H2",NOWKCMXCCJGMRR-UHFFFAOYSA-N,NOWKCMXCCJGMRR,C2H5N,1,0,False,0,0,0,False,,True,False,grp_5dea7427c65d07c7,train,False,False,6,0
mol_a1b2b411f2a80735,"InChI=1S/C6H9N/c1-5-3-6(2)7-4-5/h3-4,7H,1-2H3","2,4-dimethyl-1H-pyrrole","[""MFFMQGGZCLEMCI-UHFFFAOYSA-N""]",2025.09.6,Cc1c[nH]c(C)c1,"InChI=1S/C6H9N/c1-5-3-6(2)7-4-5/h3-4,7H,1-2H3",MFFMQGGZCLEMCI-UHFFFAOYSA-N,MFFMQGGZCLEMCI,C6H9N,1,0,False,0,0,0,False,,True,False,grp_b485db3c1ae1b944,test,False,True,9,0
mol_a39fe39f3d910b4e,"InChI=1S/C8H18O/c1-2-3-4-5-6-7-8-9/h9H,2-8H2,1H3",octan-1-ol,"[""KBPLFHHGFOOTCA-UHFFFAOYSA-N""]",2025.09.6,CCCCCCCCO,"InChI=1S/C8H18O/c1-2-3-4-5-6-7-8-9/h9H,2-8H2,1H3",KBPLFHHGFOOTCA-UHFFFAOYSA-N,KBPLFHHGFOOTCA,C8H18O,1,0,False,0,0,0,False,,True,False,grp_5dea7427c65d07c7,train,True,True,65,0
mol_a3ab0bd2d4d80422,"InChI=1S/C10H22/c1-3-5-7-9-10-8-6-4-2/h3-10H2,1-2H3",decane,"[""DIOQZVSQGTUSAI-UHFFFAOYSA-N""]",2025.09.6,CCCCCCCCCC,"InChI=1S/C10H22/c1-3-5-7-9-10-8-6-4-2/h3-10H2,1-2H3",DIOQZVSQGTUSAI-UHFFFAOYSA-N,DIOQZVSQGTUSAI,C10H22,1,0,False,0,0,0,False,,True,False,grp_5dea7427c65d07c7,train,True,True,79,0
mol_a3ec1070c8366fe2,"InChI=1S/C5H10O2/c1-4(2)7-5(3)6/h4H,1-3H3",1-methylethyl ethanoate,"[""JMMWKPVZQRWMSS-UHFFFAOYSA-N""]",2025.09.6,CC(=O)OC(C)C,"InChI=1S/C5H10O2/c1-4(2)7-5(3)6/h4H,1-3H3",JMMWKPVZQRWMSS-UHFFFAOYSA-N,JMMWKPVZQRWMSS,C5H10O2,1,0,False,0,0,0,False,,True,False,grp_5dea7427c65d07c7,train,True,False,7,0
mol_a41185fe88971a35,"InChI=1S/C10H10N2/c1-2-5-10(6-3-1)9-12-8-4-7-11-12/h1-8H,9H2",1-benzylpyrazole,"[""AKQAJYLKBCWJBV-UHFFFAOYSA-N""]",2025.09.6,c1ccc(Cn2cccn2)cc1,"InChI=1S/C10H10N2/c1-2-5-10(6-3-1)9-12-8-4-7-11-12/h1-8H,9H2",AKQAJYLKBCWJBV-UHFFFAOYSA-N,AKQAJYLKBCWJBV,C10H10N2,1,0,False,0,0,0,False,,True,False,grp_5ed1239f1de5ca2c,validation,True,True,15,0
mol_a4a15a5e8071fffe,"InChI=1S/C8H10O/c1-7-5-3-4-6-8(7)9-2/h3-6H,1-2H3",1-methoxy-2-methylbenzene,"[""DTFKRVXLBCAIOZ-UHFFFAOYSA-N""]",2025.09.6,COc1ccccc1C,"InChI=1S/C8H10O/c1-7-5-3-4-6-8(7)9-2/h3-6H,1-2H3",DTFKRVXLBCAIOZ-UHFFFAOYSA-N,DTFKRVXLBCAIOZ,C8H10O,1,0,False,0,0,0,False,,True,False,grp_2ccb72ac35a31331,train,False,True,16,0
mol_a52eb3ec1414bb0f,"InChI=1S/C8H16O2/c1-3-5-6-7-10-8(9)4-2/h3-7H2,1-2H3",pentyl propanoate,"[""TWSRVQVEYJNFKQ-UHFFFAOYSA-N""]",2025.09.6,CCCCCOC(=O)CC,"InChI=1S/C8H16O2/c1-3-5-6-7-10-8(9)4-2/h3-7H2,1-2H3",TWSRVQVEYJNFKQ-UHFFFAOYSA-N,TWSRVQVEYJNFKQ,C8H16O2,1,0,False,0,0,0,False,,True,False,grp_5dea7427c65d07c7,train,False,True,16,0
mol_a557d965b4ca95e1,"InChI=1S/C14H30O/c1-2-3-4-5-6-7-8-9-10-11-12-13-14-15/h15H,2-14H2,1H3",1-tetradecanol,"[""HLZKNKRTKFSKGZ-UHFFFAOYSA-N""]",2025.09.6,CCCCCCCCCCCCCCO,"InChI=1S/C14H30O/c1-2-3-4-5-6-7-8-9-10-11-12-13-14-15/h15H,2-14H2,1H3",HLZKNKRTKFSKGZ-UHFFFAOYSA-N,HLZKNKRTKFSKGZ,C14H30O,1,0,False,0,0,0,False,,True,False,grp_5dea7427c65d07c7,train,True,False,4,0
mol_a56be792ea5f2a9e,"InChI=1S/C5H9NO2/c7-5-6-1-3-8-4-2-6/h5H,1-4H2",N-formylmorpholine,"[""LCEDQNDDFOCWGG-UHFFFAOYSA-N""]",2025.09.6,O=CN1CCOCC1,"InChI=1S/C5H9NO2/c7-5-6-1-3-8-4-2-6/h5H,1-4H2",LCEDQNDDFOCWGG-UHFFFAOYSA-N,LCEDQNDDFOCWGG,C5H9NO2,1,0,False,0,0,0,False,,True,False,grp_a56be792ea5f2a9e,train,False,False,4,0
mol_a64b8a3e542d0885,"InChI=1S/C4H12N2/c1-6-4-2-3-5/h6H,2-5H2,1H3","N-methyl-1,3-diaminopropane","[""QHJABUZHRJTCAR-UHFFFAOYSA-N""]",2025.09.6,CNCCCN,"InChI=1S/C4H12N2/c1-6-4-2-3-5/h6H,2-5H2,1H3",QHJABUZHRJTCAR-UHFFFAOYSA-N,QHJABUZHRJTCAR,C4H12N2,1,0,False,0,0,0,False,,True,False,grp_5dea7427c65d07c7,train,False,True,44,0
mol_a69950d65071f1d9,"InChI=1S/C10H18N2/c1-2-3-4-5-6-8-12-9-7-11-10-12/h7,9-10H,2-6,8H2,1H3",1-heptylimidazole,"[""NQQMTFKCFYHSBJ-UHFFFAOYSA-N""]",2025.09.6,CCCCCCCn1ccnc1,"InChI=1S/C10H18N2/c1-2-3-4-5-6-8-12-9-7-11-10-12/h7,9-10H,2-6,8H2,1H3",NQQMTFKCFYHSBJ-UHFFFAOYSA-N,NQQMTFKCFYHSBJ,C10H18N2,1,0,False,0,0,0,False,,True,False,grp_554ad3ddcfbe3579,test,False,True,31,0
mol_a6a307268f5fcfab,"InChI=1S/C3H8Cl2OSi/c1-3-6-7(2,4)5/h3H2,1-2H3",dichloroethoxymethylsilane,"[""AXTPGQHJFRSSQJ-UHFFFAOYSA-N""]",2025.09.6,CCO[Si](C)(Cl)Cl,"InChI=1S/C3H8Cl2OSi/c1-3-6-7(2,4)5/h3H2,1-2H3",AXTPGQHJFRSSQJ-UHFFFAOYSA-N,AXTPGQHJFRSSQJ,C3H8Cl2OSi,1,0,False,0,0,0,False,,True,False,grp_a6a307268f5fcfab,validation,False,False,3,0
mol_a6bd173c68da330b,"InChI=1S/C10H16/c1-7-4-5-8-6-9(7)10(8,2)3/h8-9H,1,4-6H2,2-3H3/t8-,9-/m0/s1","(1S,5S)-6,6-dimethyl-2-methylenebicyclo[3.1.1]heptane","[""WTARULDDTDQWMU-IUCAKERBSA-N""]",2025.09.6,C=C1CC[C@H]2C[C@@H]1C2(C)C,"InChI=1S/C10H16/c1-7-4-5-8-6-9(7)10(8,2)3/h8-9H,1,4-6H2,2-3H3/t8-,9-/m0/s1",WTARULDDTDQWMU-IUCAKERBSA-N,WTARULDDTDQWMU,C10H16,1,0,False,0,2,0,False,,True,False,grp_ee24c20719261d11,validation,False,True,29,0
mol_a6ed1653bde80123,"InChI=1S/C6H14O/c1-3-5-6-7-4-2/h3-6H2,1-2H3",butyl ethyl ether,"[""PZHIWRCQKBBTOW-UHFFFAOYSA-N""]",2025.09.6,CCCCOCC,"InChI=1S/C6H14O/c1-3-5-6-7-4-2/h3-6H2,1-2H3",PZHIWRCQKBBTOW-UHFFFAOYSA-N,PZHIWRCQKBBTOW,C6H14O,1,0,False,0,0,0,False,,True,False,grp_5dea7427c65d07c7,train,True,False,3,0
mol_a78531f40bfa734a,"InChI=1S/C7H12O2/c8-6-9-7-4-2-1-3-5-7/h6-7H,1-5H2",cyclohexyl methanoate,"[""VUXKVKAHWOVIDN-UHFFFAOYSA-N""]",2025.09.6,O=COC1CCCCC1,"InChI=1S/C7H12O2/c8-6-9-7-4-2-1-3-5-7/h6-7H,1-5H2",VUXKVKAHWOVIDN-UHFFFAOYSA-N,VUXKVKAHWOVIDN,C7H12O2,1,0,False,0,0,0,False,,True,False,grp_69e3066d23c835df,test,True,False,13,0
mol_a82c5379fe350441,"InChI=1S/C11H15BrO3/c1-13-6-7-14-8-9-15-11-5-3-2-4-10(11)12/h2-5H,6-9H2,1H3",1-bromo-2-(2-(2-methoxyethoxy)ethoxy)benzene,"[""DRXYAKQXGFANKR-UHFFFAOYSA-N""]",2025.09.6,COCCOCCOc1ccccc1Br,"InChI=1S/C11H15BrO3/c1-13-6-7-14-8-9-15-11-5-3-2-4-10(11)12/h2-5H,6-9H2,1H3",DRXYAKQXGFANKR-UHFFFAOYSA-N,DRXYAKQXGFANKR,C11H15BrO3,1,0,False,0,0,0,False,,True,False,grp_95988f9c4708b4b0,test,False,True,22,0
mol_a88bcd30dca14fa1,"InChI=1S/C8H16O2/c1-5-7(9)10-8(3,4)6-2/h5-6H2,1-4H3","1,1-dimethylpropyl propanoate","[""RHSLWHLBYFOBAF-UHFFFAOYSA-N""]",2025.09.6,CCC(=O)OC(C)(C)CC,"InChI=1S/C8H16O2/c1-5-7(9)10-8(3,4)6-2/h5-6H2,1-4H3",RHSLWHLBYFOBAF-UHFFFAOYSA-N,RHSLWHLBYFOBAF,C8H16O2,1,0,False,0,0,0,False,,True,False,grp_5dea7427c65d07c7,train,False,True,15,0
mol_a93b39db6a02109e,"InChI=1S/C4H4F6O/c5-3(6,7)1-11-2-4(8,9)10/h1-2H2","1,1,1-trifluoro-2-(2,2,2-trifluoroethoxy)ethane","[""KGPPDNUWZNWPSI-UHFFFAOYSA-N""]",2025.09.6,FC(F)(F)COCC(F)(F)F,"InChI=1S/C4H4F6O/c5-3(6,7)1-11-2-4(8,9)10/h1-2H2",KGPPDNUWZNWPSI-UHFFFAOYSA-N,KGPPDNUWZNWPSI,C4H4F6O,1,0,False,0,0,0,False,,True,False,grp_f15a3705ac0c5610,validation,False,False,2,0
mol_a9c437c33ea28497,"InChI=1S/C6H10N2/c1-5-4-6(2)8(3)7-5/h4H,1-3H3","1,3,5-trimethylpyrazole","[""HNOQAFMOBRWDKQ-UHFFFAOYSA-N""]",2025.09.6,Cc1cc(C)n(C)n1,"InChI=1S/C6H10N2/c1-5-4-6(2)8(3)7-5/h4H,1-3H3",HNOQAFMOBRWDKQ-UHFFFAOYSA-N,HNOQAFMOBRWDKQ,C6H10N2,1,0,False,0,0,0,False,,True,False,grp_5ed1239f1de5ca2c,validation,False,True,13,0
mol_a9ed353a5ccfc1d9,"InChI=1S/C7H12O2/c1-6(8)9-7-4-2-3-5-7/h7H,2-5H2,1H3",cyclopentyl ethanoate,"[""YFPCLQKFNXUAAK-UHFFFAOYSA-N""]",2025.09.6,CC(=O)OC1CCCC1,"InChI=1S/C7H12O2/c1-6(8)9-7-4-2-3-5-7/h7H,2-5H2,1H3",YFPCLQKFNXUAAK-UHFFFAOYSA-N,YFPCLQKFNXUAAK,C7H12O2,1,0,False,0,0,0,False,,True,False,grp_69e3066d23c835df,test,False,True,13,0
mol_a9ed7bb16f2162a1,"InChI=1S/C6H14O3/c7-3-1-5-9-6-2-4-8/h7-8H,1-6H2","4-oxa-1,7-heptanediol","[""SZXQTJUDPRGNJN-UHFFFAOYSA-N""]",2025.09.6,OCCCOCCCO,"InChI=1S/C6H14O3/c7-3-1-5-9-6-2-4-8/h7-8H,1-6H2",SZXQTJUDPRGNJN-UHFFFAOYSA-N,SZXQTJUDPRGNJN,C6H14O3,1,0,False,0,0,0,False,,True,False,grp_a9ed7bb16f2162a1,validation,False,True,13,0
mol_aa0ace4207225373,"InChI=1S/C9H18O2/c1-2-3-4-5-6-7-8-11-9-10/h9H,2-8H2,1H3",octyl methanoate,"[""AVBRYQRTMPHARE-UHFFFAOYSA-N""]",2025.09.6,CCCCCCCCOC=O,"InChI=1S/C9H18O2/c1-2-3-4-5-6-7-8-11-9-10/h9H,2-8H2,1H3",AVBRYQRTMPHARE-UHFFFAOYSA-N,AVBRYQRTMPHARE,C9H18O2,1,0,False,0,0,0,False,,True,False,grp_5dea7427c65d07c7,train,False,True,17,0
mol_aa23a92cc343fbb6,"InChI=1S/C3H7N/c1-2-4-3-1/h4H,1-3H2",azacyclobutane,"[""HONIICLYMWZJFZ-UHFFFAOYSA-N""]",2025.09.6,C1CNC1,"InChI=1S/C3H7N/c1-2-4-3-1/h4H,1-3H2",HONIICLYMWZJFZ-UHFFFAOYSA-N,HONIICLYMWZJFZ,C3H7N,1,0,False,0,0,0,False,,True,False,grp_5dea7427c65d07c7,train,False,False,7,0
mol_aa2dceb5b51aad2b,"InChI=1S/C5H8O2/c1-3-5(6)7-4-2/h4H,2-3H2,1H3",vinyl propanoate,"[""UIWXSTHGICQLQT-UHFFFAOYSA-N""]",2025.09.6,C=COC(=O)CC,"InChI=1S/C5H8O2/c1-3-5(6)7-4-2/h4H,2-3H2,1H3",UIWXSTHGICQLQT-UHFFFAOYSA-N,UIWXSTHGICQLQT,C5H8O2,1,0,False,0,0,0,False,,True,False,grp_aa2dceb5b51aad2b,validation,False,False,1,0
mol_aa544f442b0ebc55,"InChI=1S/C5H3F9O/c6-2(7)4(10,11)15-1-3(8,9)5(12,13)14/h2H,1H2","1,1,1,2,2-pentafluoro-3-(1,1,2,2-tetrafluoroethoxy)propane","[""RPSFZSRVLPIAMN-UHFFFAOYSA-N""]",2025.09.6,FC(F)C(F)(F)OCC(F)(F)C(F)(F)F,"InChI=1S/C5H3F9O/c6-2(7)4(10,11)15-1-3(8,9)5(12,13)14/h2H,1H2",RPSFZSRVLPIAMN-UHFFFAOYSA-N,RPSFZSRVLPIAMN,C5H3F9O,1,0,False,0,0,0,False,,True,False,grp_f15a3705ac0c5610,validation,False,False,1,0
mol_aa83aa52ed979dca,"InChI=1S/C10H18/c1-7-4-5-8-6-9(7)10(8,2)3/h7-9H,4-6H2,1-3H3/t7-,8+,9+/m0/s1","(1RS,2SR,5RS)-2,6,6-trimethylbicyclo[3.1.1]heptane","[""XOKSLPVRUOBDEW-DJLDLDEBSA-N""]",2025.09.6,C[C@H]1CC[C@@H]2C[C@H]1C2(C)C,"InChI=1S/C10H18/c1-7-4-5-8-6-9(7)10(8,2)3/h7-9H,4-6H2,1-3H3/t7-,8+,9+/m0/s1",XOKSLPVRUOBDEW-DJLDLDEBSA-N,XOKSLPVRUOBDEW,C10H18,1,0,False,0,3,0,False,,True,False,grp_5dea7427c65d07c7,train,False,True,9,0
mol_aacb73f35743fb3d,"InChI=1S/C10H18O4/c1-9(2,3)13-7(11)8(12)14-10(4,5)6/h1-6H3",di-tert-butyl oxalate,"[""CIYGMWIAXRMHQS-UHFFFAOYSA-N""]",2025.09.6,CC(C)(C)OC(=O)C(=O)OC(C)(C)C,"InChI=1S/C10H18O4/c1-9(2,3)13-7(11)8(12)14-10(4,5)6/h1-6H3",CIYGMWIAXRMHQS-UHFFFAOYSA-N,CIYGMWIAXRMHQS,C10H18O4,1,0,False,0,0,0,False,,True,False,grp_642c5927dec37b59,validation,False,False,15,0
mol_ab9859ee8964d6a4,"InChI=1S/C2H6S2/c3-1-2-4/h3-4H,1-2H2","1,2-ethanedithiol","[""VYMPLPIFKRHAAC-UHFFFAOYSA-N""]",2025.09.6,SCCS,"InChI=1S/C2H6S2/c3-1-2-4/h3-4H,1-2H2",VYMPLPIFKRHAAC-UHFFFAOYSA-N,VYMPLPIFKRHAAC,C2H6S2,1,0,False,0,0,0,False,,True,False,grp_ab9859ee8964d6a4,test,False,False,2,0
mol_ab9c0dd96a4d0ed3,"InChI=1S/C13H20/c1-2-3-4-5-7-10-13-11-8-6-9-12-13/h6,8-9,11-12H,2-5,7,10H2,1H3",heptylbenzene,"[""LBNXAWYDQUGHGX-UHFFFAOYSA-N""]",2025.09.6,CCCCCCCc1ccccc1,"InChI=1S/C13H20/c1-2-3-4-5-7-10-13-11-8-6-9-12-13/h6,8-9,11-12H,2-5,7,10H2,1H3",LBNXAWYDQUGHGX-UHFFFAOYSA-N,LBNXAWYDQUGHGX,C13H20,1,0,False,0,0,0,False,,True,False,grp_4cb2ec77bd45a869,test,False,True,24,0
mol_abb2d836562cde77,"InChI=1S/C9H10O2/c1-2-11-9(10)8-6-4-3-5-7-8/h3-7H,2H2,1H3",ethyl benzoate,"[""MTZQAGJQAFMTAQ-UHFFFAOYSA-N""]",2025.09.6,CCOC(=O)c1ccccc1,"InChI=1S/C9H10O2/c1-2-11-9(10)8-6-4-3-5-7-8/h3-7H,2H2,1H3",MTZQAGJQAFMTAQ-UHFFFAOYSA-N,MTZQAGJQAFMTAQ,C9H10O2,1,0,False,0,0,0,False,,True,False,grp_5dea7427c65d07c7,train,False,True,20,0
mol_acef905809579ef0,"InChI=1S/C3H3F5O/c4-2(5,1-9)3(6,7)8/h9H,1H2","2,2,3,3,3-pentafluoropropanol","[""PSQZJKGXDGNDFP-UHFFFAOYSA-N""]",2025.09.6,OCC(F)(F)C(F)(F)F,"InChI=1S/C3H3F5O/c4-2(5,1-9)3(6,7)8/h9H,1H2",PSQZJKGXDGNDFP-UHFFFAOYSA-N,PSQZJKGXDGNDFP,C3H3F5O,1,0,False,0,0,0,False,,True,False,grp_9dc3cc34781e7516,train,False,False,5,0
mol_acf575de292611d9,"InChI=1S/C11H20N2/c1-3-4-5-6-7-9-13-10-8-12-11(13)2/h8,10H,3-7,9H2,1-2H3",1-heptyl-2-methyl-1H-imidazole,"[""MKUQCQQAMZMTHI-UHFFFAOYSA-N""]",2025.09.6,CCCCCCCn1ccnc1C,"InChI=1S/C11H20N2/c1-3-4-5-6-7-9-13-10-8-12-11(13)2/h8,10H,3-7,9H2,1-2H3",MKUQCQQAMZMTHI-UHFFFAOYSA-N,MKUQCQQAMZMTHI,C11H20N2,1,0,False,0,0,0,False,,True,False,grp_4099771604350c09,test,False,True,32,0
mol_ad64c2cfe3c93488,"InChI=1S/C8H14O2/c1-7(9)10-8-5-3-2-4-6-8/h8H,2-6H2,1H3",cyclohexyl ethanoate,"[""YYLLIJHXUHJATK-UHFFFAOYSA-N""]",2025.09.6,CC(=O)OC1CCCCC1,"InChI=1S/C8H14O2/c1-7(9)10-8-5-3-2-4-6-8/h8H,2-6H2,1H3",YYLLIJHXUHJATK-UHFFFAOYSA-N,YYLLIJHXUHJATK,C8H14O2,1,0,False,0,0,0,False,,True,False,grp_69e3066d23c835df,test,True,True,29,0
mol_ad9956d819d81c6a,"InChI=1S/C9H18O2/c1-5-7-8(10)11-9(3,4)6-2/h5-7H2,1-4H3","1,1-dimethylpropyl butanoate","[""VTZSXMMBJHMLEE-UHFFFAOYSA-N""]",2025.09.6,CCCC(=O)OC(C)(C)CC,"InChI=1S/C9H18O2/c1-5-7-8(10)11-9(3,4)6-2/h5-7H2,1-4H3",VTZSXMMBJHMLEE-UHFFFAOYSA-N,VTZSXMMBJHMLEE,C9H18O2,1,0,False,0,0,0,False,,True,False,grp_5dea7427c65d07c7,train,False,True,21,0
mol_ae779d08ee6209ad,"InChI=1S/C15H24/c1-11-8-12(14(2,3)4)10-13(9-11)15(5,6)7/h8-10H,1-7H3","3,5-di-tert-butyltoluene","[""WIXDSJRJFDWTNY-UHFFFAOYSA-N""]",2025.09.6,Cc1cc(C(C)(C)C)cc(C(C)(C)C)c1,"InChI=1S/C15H24/c1-11-8-12(14(2,3)4)10-13(9-11)15(5,6)7/h8-10H,1-7H3",WIXDSJRJFDWTNY-UHFFFAOYSA-N,WIXDSJRJFDWTNY,C15H24,1,0,False,0,0,0,False,,True,False,grp_8485db366cf61c1d,train,False,True,39,0
mol_af4829eb52c939fe,"InChI=1S/C8H10/c1-7-5-3-4-6-8(7)2/h3-6H,1-2H3","1,2-dimethylbenzene","[""CTQNGGLPUBDAKN-UHFFFAOYSA-N""]",2025.09.6,Cc1ccccc1C,"InChI=1S/C8H10/c1-7-5-3-4-6-8(7)2/h3-6H,1-2H3",CTQNGGLPUBDAKN-UHFFFAOYSA-N,CTQNGGLPUBDAKN,C8H10,1,0,False,0,0,0,False,,True,False,grp_5dea7427c65d07c7,train,True,False,30,0
mol_b03713094d2066c8,"InChI=1S/C3H2ClF3/c4-2-1-3(5,6)7/h1-2H/b2-1+","(E)-1-chloro-3,3,3-trifluoroprop-1-ene","[""LDTMPQQAWUMPKS-OWOJBTEDSA-N""]",2025.09.6,FC(F)(F)/C=C/Cl,"InChI=1S/C3H2ClF3/c4-2-1-3(5,6)7/h1-2H/b2-1+",LDTMPQQAWUMPKS-OWOJBTEDSA-N,LDTMPQQAWUMPKS,C3H2ClF3,1,0,False,0,1,0,False,,True,False,grp_b03713094d2066c8,train,False,False,2,0
mol_b04b0d4c9f611351,"InChI=1S/C11H16/c1-2-3-5-8-11-9-6-4-7-10-11/h4,6-7,9-10H,2-3,5,8H2,1H3",pentylbenzene,"[""PWATWSYOIIXYMA-UHFFFAOYSA-N""]",2025.09.6,CCCCCc1ccccc1,"InChI=1S/C11H16/c1-2-3-5-8-11-9-6-4-7-10-11/h4,6-7,9-10H,2-3,5,8H2,1H3",PWATWSYOIIXYMA-UHFFFAOYSA-N,PWATWSYOIIXYMA,C11H16,1,0,False,0,0,0,False,,True,False,grp_4cb2ec77bd45a869,test,False,True,15,0
mol_b069af3da31010e5,"InChI=1S/C9H18O6/c1-7(2)10-12-8(3,4)14-15-9(5,6)13-11-7/h1-6H3",TATP,"[""ZTLXICJMNFREPA-UHFFFAOYSA-N""]",2025.09.6,CC1(C)OOC(C)(C)OOC(C)(C)OO1,"InChI=1S/C9H18O6/c1-7(2)10-12-8(3,4)14-15-9(5,6)13-11-7/h1-6H3",ZTLXICJMNFREPA-UHFFFAOYSA-N,ZTLXICJMNFREPA,C9H18O6,1,0,False,0,0,0,False,,True,False,grp_b069af3da31010e5,validation,False,True,20,0
mol_b0a1a5dad12236fe,"InChI=1S/C5H13N/c1-5(2)6(3)4/h5H,1-4H3","N,N-dimethylisopropylamine","[""VMOWKUTXPNPTEN-UHFFFAOYSA-N""]",2025.09.6,CC(C)N(C)C,"InChI=1S/C5H13N/c1-5(2)6(3)4/h5H,1-4H3",VMOWKUTXPNPTEN-UHFFFAOYSA-N,VMOWKUTXPNPTEN,C5H13N,1,0,False,0,0,0,False,,True,False,grp_5dea7427c65d07c7,train,False,False,9,0
mol_b0b231c8f928cfec,"InChI=1S/C12H12S/c1-3-7-11-9(5-1)10-6-2-4-8-12(10)13-11/h1,3,5,7H,2,4,6,8H2","1,2,3,4-tetrahydrodibenzothiophene","[""JCLPOPNXITXHOR-UHFFFAOYSA-N""]",2025.09.6,c1ccc2c3c(sc2c1)CCCC3,"InChI=1S/C12H12S/c1-3-7-11-9(5-1)10-6-2-4-8-12(10)13-11/h1,3,5,7H,2,4,6,8H2",JCLPOPNXITXHOR-UHFFFAOYSA-N,JCLPOPNXITXHOR,C12H12S,1,0,False,0,0,0,False,,True,False,grp_b0b231c8f928cfec,test,False,True,16,0
mol_b0c6dc76ddc0873b,InChI=1S/C6H5F/c7-6-4-2-1-3-5-6/h1-5H,fluorobenzene,"[""PYLWMHQQBFSUBP-UHFFFAOYSA-N""]",2025.09.6,Fc1ccccc1,InChI=1S/C6H5F/c7-6-4-2-1-3-5-6/h1-5H,PYLWMHQQBFSUBP-UHFFFAOYSA-N,PYLWMHQQBFSUBP,C6H5F,1,0,False,0,0,0,False,,True,False,grp_5dea7427c65d07c7,train,True,False,7,0
mol_b1600e1cb04e0ffb,"InChI=1S/C5H10O3/c1-3-8-5(7)4(2)6/h4,6H,3H2,1-2H3/t4-/m0/s1",(S)-(-)-ethyl lactate,"[""LZCLXQDLBQLTDK-BYPYZUCNSA-N""]",2025.09.6,CCOC(=O)[C@H](C)O,"InChI=1S/C5H10O3/c1-3-8-5(7)4(2)6/h4,6H,3H2,1-2H3/t4-/m0/s1",LZCLXQDLBQLTDK-BYPYZUCNSA-N,LZCLXQDLBQLTDK,C5H10O3,1,0,False,0,1,0,False,,True,False,grp_5dea7427c65d07c7,train,False,False,2,0
mol_b1820f534fb61402,InChI=1S/C6H6/c1-2-4-6-5-3-1/h1-6H,benzene,"[""UHOVQNZJYSORNB-UHFFFAOYSA-N""]",2025.09.6,c1ccccc1,InChI=1S/C6H6/c1-2-4-6-5-3-1/h1-6H,UHOVQNZJYSORNB-UHFFFAOYSA-N,UHOVQNZJYSORNB,C6H6,1,0,False,0,0,0,False,,True,False,grp_5dea7427c65d07c7,train,True,False,15,0
mol_b1900020b9218f7f,"InChI=1S/C9H18O2/c1-3-4-5-6-7-8-11-9(2)10/h3-8H2,1-2H3",heptyl ethanoate,"[""ZCZSIDMEHXZRLG-UHFFFAOYSA-N""]",2025.09.6,CCCCCCCOC(C)=O,"InChI=1S/C9H18O2/c1-3-4-5-6-7-8-11-9(2)10/h3-8H2,1-2H3",ZCZSIDMEHXZRLG-UHFFFAOYSA-N,ZCZSIDMEHXZRLG,C9H18O2,1,0,False,0,0,0,False,,True,False,grp_5dea7427c65d07c7,train,False,True,12,0
mol_b27150fe8ceb156d,"InChI=1S/C7H7NO2/c1-6-4-2-3-5-7(6)8(9)10/h2-5H,1H3",2-nitrotoluene,"[""PLAZTCDQAHEYBI-UHFFFAOYSA-N""]",2025.09.6,Cc1ccccc1[N+](=O)[O-],"InChI=1S/C7H7NO2/c1-6-4-2-3-5-7(6)8(9)10/h2-5H,1H3",PLAZTCDQAHEYBI-UHFFFAOYSA-N,PLAZTCDQAHEYBI,C7H7NO2,1,0,True,0,0,0,False,,True,False,grp_5dea7427c65d07c7,train,False,True,23,0
mol_b2886aff41709db5,"InChI=1S/C9H12/c1-3-9-6-4-8(2)5-7-9/h4-7H,3H2,1-2H3",1-ethyl-4-methylbenzene,"[""JRLPEMVDPFPYPJ-UHFFFAOYSA-N""]",2025.09.6,CCc1ccc(C)cc1,"InChI=1S/C9H12/c1-3-9-6-4-8(2)5-7-9/h4-7H,3H2,1-2H3",JRLPEMVDPFPYPJ-UHFFFAOYSA-N,JRLPEMVDPFPYPJ,C9H12,1,0,False,0,0,0,False,,True,False,grp_5dea7427c65d07c7,train,False,False,1,0
mol_b29c79d05f29858b,"InChI=1S/C13H25N/c1-2-3-4-5-6-7-8-9-10-11-12-13-14/h2-12H2,1H3",dodecanecarbonitrile,"[""WKJHMKQSIBMURP-UHFFFAOYSA-N""]",2025.09.6,CCCCCCCCCCCCC#N,"InChI=1S/C13H25N/c1-2-3-4-5-6-7-8-9-10-11-12-13-14/h2-12H2,1H3",WKJHMKQSIBMURP-UHFFFAOYSA-N,WKJHMKQSIBMURP,C13H25N,1,0,False,0,0,0,False,,True,False,grp_5dea7427c65d07c7,train,False,True,15,0
mol_b2ea93772c7f152a,"InChI=1S/C7H12N2/c1-3-5-9-6-4-8-7(9)2/h4,6H,3,5H2,1-2H3",2-methyl-1-propyl-1H-imidazole,"[""SIQHSJOKAUDDLN-UHFFFAOYSA-N""]",2025.09.6,CCCn1ccnc1C,"InChI=1S/C7H12N2/c1-3-5-9-6-4-8-7(9)2/h4,6H,3,5H2,1-2H3",SIQHSJOKAUDDLN-UHFFFAOYSA-N,SIQHSJOKAUDDLN,C7H12N2,1,0,False,0,0,0,False,,True,False,grp_4099771604350c09,test,False,True,54,0
mol_b398bc78beea1472,"InChI=1S/C7F8/c8-2-1(7(13,14)15)3(9)5(11)6(12)4(2)10",octafluorotoluene,"[""USPWUOFNOTUBAD-UHFFFAOYSA-N""]",2025.09.6,Fc1c(F)c(F)c(C(F)(F)F)c(F)c1F,"InChI=1S/C7F8/c8-2-1(7(13,14)15)3(9)5(11)6(12)4(2)10",USPWUOFNOTUBAD-UHFFFAOYSA-N,USPWUOFNOTUBAD,C7F8,1,0,False,0,0,0,False,,True,False,grp_5dea7427c65d07c7,train,False,True,9,0
mol_b3ee2ab98d9cebaf,"InChI=1S/C8H18O/c1-4-5-6-7-8(2,3)9/h9H,4-7H2,1-3H3","2-heptanol, 2-methyl-","[""ACBMYYVZWKYLIP-UHFFFAOYSA-N""]",2025.09.6,CCCCCC(C)(C)O,"InChI=1S/C8H18O/c1-4-5-6-7-8(2,3)9/h9H,4-7H2,1-3H3",ACBMYYVZWKYLIP-UHFFFAOYSA-N,ACBMYYVZWKYLIP,C8H18O,1,0,False,0,0,0,False,,True,False,grp_5dea7427c65d07c7,train,False,True,14,0
mol_b44b37c017007981,"InChI=1S/C7H8/c1-7-5-3-2-4-6-7/h2-6H,1H3",toluene,"[""YXFVVABEGXRONW-UHFFFAOYSA-N""]",2025.09.6,Cc1ccccc1,"InChI=1S/C7H8/c1-7-5-3-2-4-6-7/h2-6H,1H3",YXFVVABEGXRONW-UHFFFAOYSA-N,YXFVVABEGXRONW,C7H8,1,0,False,0,0,0,False,,True,False,grp_5dea7427c65d07c7,train,True,True,111,0
mol_b481989aff76b7b5,"InChI=1S/C6H16N2/c1-7(2)5-6-8(3)4/h5-6H2,1-4H3","N,N,N',N'-tetramethyl-1,2-diaminoethane","[""KWYHDKDOAIKMQN-UHFFFAOYSA-N""]",2025.09.6,CN(C)CCN(C)C,"InChI=1S/C6H16N2/c1-7(2)5-6-8(3)4/h5-6H2,1-4H3",KWYHDKDOAIKMQN-UHFFFAOYSA-N,KWYHDKDOAIKMQN,C6H16N2,1,0,False,0,0,0,False,,True,False,grp_5dea7427c65d07c7,train,False,False,6,0
mol_b482dd7c4a655efd,"InChI=1S/C4H10O2/c1-2-6-4-3-5/h5H,2-4H2,1H3",2-ethoxyethan-1-ol,"[""ZNQVEEAIQZEUHB-UHFFFAOYSA-N""]",2025.09.6,CCOCCO,"InChI=1S/C4H10O2/c1-2-6-4-3-5/h5H,2-4H2,1H3",ZNQVEEAIQZEUHB-UHFFFAOYSA-N,ZNQVEEAIQZEUHB,C4H10O2,1,0,False,0,0,0,False,,True,False,grp_5dea7427c65d07c7,train,True,False,15,0
mol_b4b87befe28d84ce,"InChI=1S/C2H6O/c1-2-3/h3H,2H2,1H3",ethanol,"[""LFQSCWFLJHTTHZ-UHFFFAOYSA-N""]",2025.09.6,CCO,"InChI=1S/C2H6O/c1-2-3/h3H,2H2,1H3",LFQSCWFLJHTTHZ-UHFFFAOYSA-N,LFQSCWFLJHTTHZ,C2H6O,1,0,False,0,0,0,False,,True,False,grp_5dea7427c65d07c7,train,True,True,67,0
mol_b4ec50115958b3dd,"InChI=1S/C5H13N/c1-2-3-4-5-6/h2-6H2,1H3",1-pentanamine,"[""DPBLXKKOBLCELK-UHFFFAOYSA-N""]",2025.09.6,CCCCCN,"InChI=1S/C5H13N/c1-2-3-4-5-6/h2-6H2,1H3",DPBLXKKOBLCELK-UHFFFAOYSA-N,DPBLXKKOBLCELK,C5H13N,1,0,False,0,0,0,False,,True,False,grp_5dea7427c65d07c7,train,True,False,2,0
mol_b50c26b7ff7d996c,"InChI=1S/C10H18O/c1-9(2)5-4-6-10(3)7-8-11/h5,7,11H,4,6,8H2,1-3H3/b10-7+","(E)-3,7-dimethyl-2,6-octadien-1-ol","[""GLZPCOQZEFWAFX-JXMROGBWSA-N""]",2025.09.6,CC(C)=CCC/C(C)=C/CO,"InChI=1S/C10H18O/c1-9(2)5-4-6-10(3)7-8-11/h5,7,11H,4,6,8H2,1-3H3/b10-7+",GLZPCOQZEFWAFX-JXMROGBWSA-N,GLZPCOQZEFWAFX,C10H18O,1,0,False,0,1,0,False,,True,False,grp_c50732a0f7207397,train,False,True,53,0
mol_b5478d971ba26576,InChI=1S/C12H10/c1-3-7-11(8-4-1)12-9-5-2-6-10-12/h1-10H,biphenyl,"[""ZUOUZKKEUPVFJK-UHFFFAOYSA-N""]",2025.09.6,c1ccc(-c2ccccc2)cc1,InChI=1S/C12H10/c1-3-7-11(8-4-1)12-9-5-2-6-10-12/h1-10H,ZUOUZKKEUPVFJK-UHFFFAOYSA-N,ZUOUZKKEUPVFJK,C12H10,1,0,False,0,0,0,False,,True,False,grp_b5478d971ba26576,test,False,True,12,0
mol_b556abff79f787db,"InChI=1S/C9H19NO/c1-3-5-7-10(9-11)8-6-4-2/h9H,3-8H2,1-2H3","N,N-dibutylformamide","[""NZMAJUHVSZBJHL-UHFFFAOYSA-N""]",2025.09.6,CCCCN(C=O)CCCC,"InChI=1S/C9H19NO/c1-3-5-7-10(9-11)8-6-4-2/h9H,3-8H2,1-2H3",NZMAJUHVSZBJHL-UHFFFAOYSA-N,NZMAJUHVSZBJHL,C9H19NO,1,0,False,0,0,0,False,,True,False,grp_bcf7dc086ea12992,test,False,True,33,0
mol_b56bd443798b71a3,"InChI=1S/C4H12N2/c1-6(2)4-3-5/h3-5H2,1-2H3",2-dimethylamino-1-ethylamine,"[""DILRJUIACXKSQE-UHFFFAOYSA-N""]",2025.09.6,CN(C)CCN,"InChI=1S/C4H12N2/c1-6(2)4-3-5/h3-5H2,1-2H3",DILRJUIACXKSQE-UHFFFAOYSA-N,DILRJUIACXKSQE,C4H12N2,1,0,False,0,0,0,False,,True,False,grp_fd16eb96ed948225,validation,False,False,18,0
mol_b5b1e7ca3cf75bf3,"InChI=1S/C16H26/c1-2-3-4-5-6-7-8-10-13-16-14-11-9-12-15-16/h9,11-12,14-15H,2-8,10,13H2,1H3",1-phenyldecane,"[""UZILCZKGXMQEQR-UHFFFAOYSA-N""]",2025.09.6,CCCCCCCCCCc1ccccc1,"InChI=1S/C16H26/c1-2-3-4-5-6-7-8-10-13-16-14-11-9-12-15-16/h9,11-12,14-15H,2-8,10,13H2,1H3",UZILCZKGXMQEQR-UHFFFAOYSA-N,UZILCZKGXMQEQR,C16H26,1,0,False,0,0,0,False,,True,False,grp_4cb2ec77bd45a869,test,False,True,10,0
mol_b6168ead9ee43526,"InChI=1S/C8H8O/c1-7(9)8-5-3-2-4-6-8/h2-6H,1H3",acetophenone,"[""KWOLFJPFCHCOCG-UHFFFAOYSA-N""]",2025.09.6,CC(=O)c1ccccc1,"InChI=1S/C8H8O/c1-7(9)8-5-3-2-4-6-8/h2-6H,1H3",KWOLFJPFCHCOCG-UHFFFAOYSA-N,KWOLFJPFCHCOCG,C8H8O,1,0,False,0,0,0,False,,True,False,grp_5dea7427c65d07c7,train,False,False,2,0
mol_b633c02df2e0c63b,"InChI=1S/C6H13I/c1-2-3-4-5-6-7/h2-6H2,1H3",1-iodohexane,"[""ANOOTOPTCJRUPK-UHFFFAOYSA-N""]",2025.09.6,CCCCCCI,"InChI=1S/C6H13I/c1-2-3-4-5-6-7/h2-6H2,1H3",ANOOTOPTCJRUPK-UHFFFAOYSA-N,ANOOTOPTCJRUPK,C6H13I,1,0,False,0,0,0,False,,True,False,grp_5dea7427c65d07c7,train,True,True,23,0
mol_b6b13d8dfbd75423,"InChI=1S/C5H12O/c1-3-5(6)4-2/h5-6H,3-4H2,1-2H3",3-pentanol,"[""AQIXEPGDORPWBJ-UHFFFAOYSA-N""]",2025.09.6,CCC(O)CC,"InChI=1S/C5H12O/c1-3-5(6)4-2/h5-6H,3-4H2,1-2H3",AQIXEPGDORPWBJ-UHFFFAOYSA-N,AQIXEPGDORPWBJ,C5H12O,1,0,False,0,0,0,False,,True,False,grp_5dea7427c65d07c7,train,True,True,20,0
mol_b6f411c1ad8b6e05,"InChI=1S/C4H10O3/c5-1-3-7-4-2-6/h5-6H,1-4H2",diethylene glycol,"[""MTHSVFCYNBDYFN-UHFFFAOYSA-N""]",2025.09.6,OCCOCCO,"InChI=1S/C4H10O3/c5-1-3-7-4-2-6/h5-6H,1-4H2",MTHSVFCYNBDYFN-UHFFFAOYSA-N,MTHSVFCYNBDYFN,C4H10O3,1,0,False,0,0,0,False,,True,False,grp_5dea7427c65d07c7,train,False,False,3,0
mol_b6febdc80ab19a61,InChI=1S/C7H6O/c8-6-7-4-2-1-3-5-7/h1-6H,benzaldehyde,"[""HUMNYLRZRPPJDN-UHFFFAOYSA-N""]",2025.09.6,O=Cc1ccccc1,InChI=1S/C7H6O/c8-6-7-4-2-1-3-5-7/h1-6H,HUMNYLRZRPPJDN-UHFFFAOYSA-N,HUMNYLRZRPPJDN,C7H6O,1,0,False,0,0,0,False,,True,False,grp_5dea7427c65d07c7,train,False,True,11,0
mol_b738770f7cbefb6e,"InChI=1S/C10H10N2O/c1-13-10-4-2-9(3-5-10)12-7-6-11-8-12/h2-8H,1H3",4-methoxy-phenyl-1H-imidazole,"[""XNLOIFUGGCCEQX-UHFFFAOYSA-N""]",2025.09.6,COc1ccc(-n2ccnc2)cc1,"InChI=1S/C10H10N2O/c1-13-10-4-2-9(3-5-10)12-7-6-11-8-12/h2-8H,1H3",XNLOIFUGGCCEQX-UHFFFAOYSA-N,XNLOIFUGGCCEQX,C10H10N2O,1,0,False,0,0,0,False,,True,False,grp_5ed1239f1de5ca2c,validation,False,False,7,0
mol_b73eb28e83f057b0,"InChI=1S/C24H50/c1-3-5-7-9-11-13-15-17-19-21-23-24-22-20-18-16-14-12-10-8-6-4-2/h3-24H2,1-2H3",tetracosane,"[""POOSGDOYLQNASK-UHFFFAOYSA-N""]",2025.09.6,CCCCCCCCCCCCCCCCCCCCCCCC,"InChI=1S/C24H50/c1-3-5-7-9-11-13-15-17-19-21-23-24-22-20-18-16-14-12-10-8-6-4-2/h3-24H2,1-2H3",POOSGDOYLQNASK-UHFFFAOYSA-N,POOSGDOYLQNASK,C24H50,1,0,False,0,0,0,False,,True,False,grp_5dea7427c65d07c7,train,False,False,11,0
mol_b7d29ccd815de3fe,"InChI=1S/C10H18N2/c1-3-4-5-6-8-12-9-7-11-10(12)2/h7,9H,3-6,8H2,1-2H3",1-hexyl-2-methyl-1H-imidazole,"[""YFSQYUBYYKHCQV-UHFFFAOYSA-N""]",2025.09.6,CCCCCCn1ccnc1C,"InChI=1S/C10H18N2/c1-3-4-5-6-8-12-9-7-11-10(12)2/h7,9H,3-6,8H2,1-2H3",YFSQYUBYYKHCQV-UHFFFAOYSA-N,YFSQYUBYYKHCQV,C10H18N2,1,0,False,0,0,0,False,,True,False,grp_4099771604350c09,test,False,True,18,0
mol_b7f422847b230663,InChI=1S/C2H6OS/c1-4(2)3/h1-2H3,dimethyl sulfoxide,"[""IAZDPXIOMUYVGZ-UHFFFAOYSA-N""]",2025.09.6,CS(C)=O,InChI=1S/C2H6OS/c1-4(2)3/h1-2H3,IAZDPXIOMUYVGZ-UHFFFAOYSA-N,IAZDPXIOMUYVGZ,C2H6OS,1,0,False,0,0,0,False,,True,False,grp_5dea7427c65d07c7,train,False,False,30,0
mol_b8293313f61ea38f,"InChI=1S/C6H14O/c1-2-3-4-5-6-7/h7H,2-6H2,1H3",hexan-1-ol,"[""ZSIAUFGUXNUGDI-UHFFFAOYSA-N""]",2025.09.6,CCCCCCO,"InChI=1S/C6H14O/c1-2-3-4-5-6-7/h7H,2-6H2,1H3",ZSIAUFGUXNUGDI-UHFFFAOYSA-N,ZSIAUFGUXNUGDI,C6H14O,1,0,False,0,0,0,False,,True,False,grp_5dea7427c65d07c7,train,True,True,164,0
mol_b859097b55ec40b9,"InChI=1S/C21H44/c1-3-5-7-9-11-13-15-17-19-21-20-18-16-14-12-10-8-6-4-2/h3-21H2,1-2H3",heneicosane,"[""FNAZRRHPUDJQCJ-UHFFFAOYSA-N""]",2025.09.6,CCCCCCCCCCCCCCCCCCCCC,"InChI=1S/C21H44/c1-3-5-7-9-11-13-15-17-19-21-20-18-16-14-12-10-8-6-4-2/h3-21H2,1-2H3",FNAZRRHPUDJQCJ-UHFFFAOYSA-N,FNAZRRHPUDJQCJ,C21H44,1,0,False,0,0,0,False,,True,False,grp_5dea7427c65d07c7,train,False,True,9,0
mol_b8839fb18327bc8e,"InChI=1S/C7H7Cl/c1-6-3-2-4-7(8)5-6/h2-5H,1H3",3-chlorotoluene,"[""OSOUNOBYRMOXQQ-UHFFFAOYSA-N""]",2025.09.6,Cc1cccc(Cl)c1,"InChI=1S/C7H7Cl/c1-6-3-2-4-7(8)5-6/h2-5H,1H3",OSOUNOBYRMOXQQ-UHFFFAOYSA-N,OSOUNOBYRMOXQQ,C7H7Cl,1,0,False,0,0,0,False,,True,False,grp_5dea7427c65d07c7,train,False,True,14,0
mol_b89af8061b7557f6,"InChI=1S/C5H10O3/c1-3-8-5(7)4(2)6/h4,6H,3H2,1-2H3/t4-/m1/s1",ethyl D-lactate,"[""LZCLXQDLBQLTDK-SCSAIBSYSA-N""]",2025.09.6,CCOC(=O)[C@@H](C)O,"InChI=1S/C5H10O3/c1-3-8-5(7)4(2)6/h4,6H,3H2,1-2H3/t4-/m1/s1",LZCLXQDLBQLTDK-SCSAIBSYSA-N,LZCLXQDLBQLTDK,C5H10O3,1,0,False,0,1,0,False,,True,False,grp_5dea7427c65d07c7,train,False,True,29,0
mol_b94bab3d5b62c755,"InChI=1S/C8H10/c1-2-8-6-4-3-5-7-8/h3-7H,2H2,1H3",ethylbenzene,"[""YNQLUTRBYVCPMQ-UHFFFAOYSA-N""]",2025.09.6,CCc1ccccc1,"InChI=1S/C8H10/c1-2-8-6-4-3-5-7-8/h3-7H,2H2,1H3",YNQLUTRBYVCPMQ-UHFFFAOYSA-N,YNQLUTRBYVCPMQ,C8H10,1,0,False,0,0,0,False,,True,False,grp_5dea7427c65d07c7,train,True,True,31,0
mol_b9700272231de061,"InChI=1S/C5H11NO/c1-3-6(4-2)5-7/h5H,3-4H2,1-2H3","N,N-diethylformamide","[""SUAKHGWARZSWIH-UHFFFAOYSA-N""]",2025.09.6,CCN(C=O)CC,"InChI=1S/C5H11NO/c1-3-6(4-2)5-7/h5H,3-4H2,1-2H3",SUAKHGWARZSWIH-UHFFFAOYSA-N,SUAKHGWARZSWIH,C5H11NO,1,0,False,0,0,0,False,,True,False,grp_bcf7dc086ea12992,test,False,True,20,0
mol_b98e7da9bdc7faec,"InChI=1S/C7H6FNO/c8-6-3-1-5(2-4-6)7(9)10/h1-4H,(H2,9,10)",4-fluorobenzamide,"[""VNDHYTGVCGVETQ-UHFFFAOYSA-N""]",2025.09.6,NC(=O)c1ccc(F)cc1,"InChI=1S/C7H6FNO/c8-6-3-1-5(2-4-6)7(9)10/h1-4H,(H2,9,10)",VNDHYTGVCGVETQ-UHFFFAOYSA-N,VNDHYTGVCGVETQ,C7H6FNO,1,0,False,0,0,0,False,,True,False,grp_b98e7da9bdc7faec,validation,False,False,15,0
mol_b9cfbb8959e61e2d,"InChI=1S/C7H8O/c1-6-3-2-4-7(8)5-6/h2-5,8H,1H3",3-methylphenol,"[""RLSSMJSEOOYNOY-UHFFFAOYSA-N""]",2025.09.6,Cc1cccc(O)c1,"InChI=1S/C7H8O/c1-6-3-2-4-7(8)5-6/h2-5,8H,1H3",RLSSMJSEOOYNOY-UHFFFAOYSA-N,RLSSMJSEOOYNOY,C7H8O,1,0,False,0,0,0,False,,True,False,grp_5dea7427c65d07c7,train,True,False,4,0
mol_ba47d645467f5987,"InChI=1S/C3H8S/c1-3-4-2/h3H2,1-2H3",2-thiabutane,"[""WXEHBUMAEPOYKP-UHFFFAOYSA-N""]",2025.09.6,CCSC,"InChI=1S/C3H8S/c1-3-4-2/h3H2,1-2H3",WXEHBUMAEPOYKP-UHFFFAOYSA-N,WXEHBUMAEPOYKP,C3H8S,1,0,False,0,0,0,False,,True,False,grp_5dea7427c65d07c7,train,False,False,3,0
mol_ba5eddc45843cc00,"InChI=1S/C10H14N2/c1-12-7-3-5-10(12)9-4-2-6-11-8-9/h2,4,6,8,10H,3,5,7H2,1H3/t10-/m0/s1",(-)-3-(N-methylpyrrolidino)pyridine,"[""SNICXCGAKADSCV-JTQLQIEISA-N""]",2025.09.6,CN1CCC[C@H]1c1cccnc1,"InChI=1S/C10H14N2/c1-12-7-3-5-10(12)9-4-2-6-11-8-9/h2,4,6,8,10H,3,5,7H2,1H3/t10-/m0/s1",SNICXCGAKADSCV-JTQLQIEISA-N,SNICXCGAKADSCV,C10H14N2,1,0,False,0,1,0,False,,True,False,grp_ba5eddc45843cc00,train,False,True,23,0
mol_ba85122481895a9e,"InChI=1S/C6H14O2/c1-3-5-8-6-7-4-2/h3-6H2,1-2H3",1-(ethoxymethoxy)propane,"[""SWQFQRIECLCLQG-UHFFFAOYSA-N""]",2025.09.6,CCCOCOCC,"InChI=1S/C6H14O2/c1-3-5-8-6-7-4-2/h3-6H2,1-2H3",SWQFQRIECLCLQG-UHFFFAOYSA-N,SWQFQRIECLCLQG,C6H14O2,1,0,False,0,0,0,False,,True,False,grp_ba85122481895a9e,train,False,False,3,0
mol_baa3c342cb3d811f,"InChI=1S/C4H11NO/c1-4(2,5)3-6/h6H,3,5H2,1-2H3",2-amino-2-methylpropan-1-ol,"[""CBTVGIZVANVGBH-UHFFFAOYSA-N""]",2025.09.6,CC(C)(N)CO,"InChI=1S/C4H11NO/c1-4(2,5)3-6/h6H,3,5H2,1-2H3",CBTVGIZVANVGBH-UHFFFAOYSA-N,CBTVGIZVANVGBH,C4H11NO,1,0,False,0,0,0,False,,True,False,grp_5dea7427c65d07c7,train,False,True,22,0
mol_bace9c8b75de2210,"InChI=1S/C15H30O2/c1-3-4-5-6-7-8-9-10-11-12-13-14-15(16)17-2/h3-14H2,1-2H3",methyl tetradecanoate,"[""ZAZKJZBWRNNLDS-UHFFFAOYSA-N""]",2025.09.6,CCCCCCCCCCCCCC(=O)OC,"InChI=1S/C15H30O2/c1-3-4-5-6-7-8-9-10-11-12-13-14-15(16)17-2/h3-14H2,1-2H3",ZAZKJZBWRNNLDS-UHFFFAOYSA-N,ZAZKJZBWRNNLDS,C15H30O2,1,0,False,0,0,0,False,,True,False,grp_5dea7427c65d07c7,train,False,True,100,0
mol_bb3f5c184978bf9a,"InChI=1S/C6H6OS/c1-5(7)6-3-2-4-8-6/h2-4H,1H3",2-acetylthiophene,"[""WYJOVVXUZNRJQY-UHFFFAOYSA-N""]",2025.09.6,CC(=O)c1cccs1,"InChI=1S/C6H6OS/c1-5(7)6-3-2-4-8-6/h2-4H,1H3",WYJOVVXUZNRJQY-UHFFFAOYSA-N,WYJOVVXUZNRJQY,C6H6OS,1,0,False,0,0,0,False,,True,False,grp_bb3f5c184978bf9a,test,True,True,20,0
mol_bbb0421bb336b7e6,"InChI=1S/C19H38O2/c1-3-4-5-6-7-8-9-10-11-12-13-14-15-16-17-18-19(20)21-2/h3-18H2,1-2H3",methyl octadecanoate,"[""HPEUJPJOZXNMSJ-UHFFFAOYSA-N""]",2025.09.6,CCCCCCCCCCCCCCCCCC(=O)OC,"InChI=1S/C19H38O2/c1-3-4-5-6-7-8-9-10-11-12-13-14-15-16-17-18-19(20)21-2/h3-18H2,1-2H3",HPEUJPJOZXNMSJ-UHFFFAOYSA-N,HPEUJPJOZXNMSJ,C19H38O2,1,0,False,0,0,0,False,,True,False,grp_5dea7427c65d07c7,train,False,True,63,0
mol_bbdd71ed3a3275f5,"InChI=1S/C10H14O/c1-6-4-9(11)8-5-7(6)10(8,2)3/h4,7-8H,5H2,1-3H3/t7-,8+/m0/s1",(-)-verbenone,"[""DCSCXTJOXBUFGB-JGVFFNPUSA-N""]",2025.09.6,CC1=CC(=O)[C@H]2C[C@@H]1C2(C)C,"InChI=1S/C10H14O/c1-6-4-9(11)8-5-7(6)10(8,2)3/h4,7-8H,5H2,1-3H3/t7-,8+/m0/s1",DCSCXTJOXBUFGB-JGVFFNPUSA-N,DCSCXTJOXBUFGB,C10H14O,1,0,False,0,2,0,False,,True,False,grp_ee24c20719261d11,validation,True,True,23,0
mol_bc17724b498fbfe3,InChI=1S/C13H9N/c1-2-6-11-10(5-1)9-14-13-8-4-3-7-12(11)13/h1-9H,phenanthridine,"[""RDOWQLZANAYVLL-UHFFFAOYSA-N""]",2025.09.6,c1ccc2c(c1)cnc1ccccc12,InChI=1S/C13H9N/c1-2-6-11-10(5-1)9-14-13-8-4-3-7-12(11)13/h1-9H,RDOWQLZANAYVLL-UHFFFAOYSA-N,RDOWQLZANAYVLL,C13H9N,1,0,False,0,0,0,False,,True,False,grp_bc17724b498fbfe3,train,False,False,3,0
mol_bc8c379cd612f5ed,"InChI=1S/C8H7BrO2/c1-11-8(10)6-2-4-7(9)5-3-6/h2-5H,1H3",methyl 4-bromobenzoate,"[""CZNGTXVOZOWWKM-UHFFFAOYSA-N""]",2025.09.6,COC(=O)c1ccc(Br)cc1,"InChI=1S/C8H7BrO2/c1-11-8(10)6-2-4-7(9)5-3-6/h2-5H,1H3",CZNGTXVOZOWWKM-UHFFFAOYSA-N,CZNGTXVOZOWWKM,C8H7BrO2,1,0,False,0,0,0,False,,True,False,grp_81ebf8339e108f8a,train,False,False,13,0
mol_bcfe0436200b409a,"InChI=1S/C5H10O/c1-3-5(6)4-2/h3-4H2,1-2H3",pentan-3-one,"[""FDPIMTJIUBPUKL-UHFFFAOYSA-N""]",2025.09.6,CCC(=O)CC,"InChI=1S/C5H10O/c1-3-5(6)4-2/h3-4H2,1-2H3",FDPIMTJIUBPUKL-UHFFFAOYSA-N,FDPIMTJIUBPUKL,C5H10O,1,0,False,0,0,0,False,,True,False,grp_5dea7427c65d07c7,train,True,False,3,0
mol_bd2ed19f55eb1e21,"InChI=1S/C9H16O4/c1-12-8(10)6-4-3-5-7-9(11)13-2/h3-7H2,1-2H3","dimethyl 1,7-heptanedioate","[""SHWINQXIGSEZAP-UHFFFAOYSA-N""]",2025.09.6,COC(=O)CCCCCC(=O)OC,"InChI=1S/C9H16O4/c1-12-8(10)6-4-3-5-7-9(11)13-2/h3-7H2,1-2H3",SHWINQXIGSEZAP-UHFFFAOYSA-N,SHWINQXIGSEZAP,C9H16O4,1,0,False,0,0,0,False,,True,False,grp_5dea7427c65d07c7,train,False,True,14,0
mol_bd766895d345d764,"InChI=1S/C3H9NO/c1-4-2-3-5/h4-5H,2-3H2,1H3",2-(methylamino)ethanol,"[""OPKOKAMJFNKNAS-UHFFFAOYSA-N""]",2025.09.6,CNCCO,"InChI=1S/C3H9NO/c1-4-2-3-5/h4-5H,2-3H2,1H3",OPKOKAMJFNKNAS-UHFFFAOYSA-N,OPKOKAMJFNKNAS,C3H9NO,1,0,False,0,0,0,False,,True,False,grp_5dea7427c65d07c7,train,False,True,24,0
mol_bf39f6deed5d4b6a,"InChI=1S/C14H30/c1-3-5-7-9-11-13-14-12-10-8-6-4-2/h3-14H2,1-2H3",tetradecane,"[""BGHCVCJVXZWKCC-UHFFFAOYSA-N""]",2025.09.6,CCCCCCCCCCCCCC,"InChI=1S/C14H30/c1-3-5-7-9-11-13-14-12-10-8-6-4-2/h3-14H2,1-2H3",BGHCVCJVXZWKCC-UHFFFAOYSA-N,BGHCVCJVXZWKCC,C14H30,1,0,False,0,0,0,False,,True,False,grp_5dea7427c65d07c7,train,True,True,44,0
mol_bf3cc1ac0f518a48,"InChI=1S/C10H10N2/c1-9-2-4-10(5-3-9)12-7-6-11-8-12/h2-8H,1H3",4-methyl-phenyl-1H-imidazole,"[""IEAYECHBGTTWPZ-UHFFFAOYSA-N""]",2025.09.6,Cc1ccc(-n2ccnc2)cc1,"InChI=1S/C10H10N2/c1-9-2-4-10(5-3-9)12-7-6-11-8-12/h2-8H,1H3",IEAYECHBGTTWPZ-UHFFFAOYSA-N,IEAYECHBGTTWPZ,C10H10N2,1,0,False,0,0,0,False,,True,False,grp_5ed1239f1de5ca2c,validation,False,True,11,0
mol_c12442c83d78b47e,InChI=1S/CH2Br2/c2-1-3/h1H2,dibromomethane,"[""FJBFPHVGVWTDIP-UHFFFAOYSA-N""]",2025.09.6,BrCBr,InChI=1S/CH2Br2/c2-1-3/h1H2,FJBFPHVGVWTDIP-UHFFFAOYSA-N,FJBFPHVGVWTDIP,CH2Br2,1,0,False,0,0,0,False,,True,False,grp_5dea7427c65d07c7,train,True,False,2,0
mol_c187c0fbd800fefd,InChI=1S/CS2/c2-1-3,carbon disulfide,"[""QGJOPFRUJISHPQ-UHFFFAOYSA-N""]",2025.09.6,S=C=S,InChI=1S/CS2/c2-1-3,QGJOPFRUJISHPQ-UHFFFAOYSA-N,QGJOPFRUJISHPQ,CS2,1,0,False,0,0,0,False,,True,False,grp_5dea7427c65d07c7,train,True,False,2,0
mol_c1c12a449ac15fd2,"InChI=1S/C11H21N/c1-2-3-4-5-6-7-8-9-10-11-12/h2-10H2,1H3",1-decylcyanide,"[""SZKKNEOUHLFYNA-UHFFFAOYSA-N""]",2025.09.6,CCCCCCCCCCC#N,"InChI=1S/C11H21N/c1-2-3-4-5-6-7-8-9-10-11-12/h2-10H2,1H3",SZKKNEOUHLFYNA-UHFFFAOYSA-N,SZKKNEOUHLFYNA,C11H21N,1,0,False,0,0,0,False,,True,False,grp_5dea7427c65d07c7,train,True,True,21,0
mol_c24403b08adc6841,"InChI=1S/C8H16/c1-3-5-7-8-6-4-2/h3H,1,4-8H2,2H3",oct-1-ene,"[""KWKAKUADMBZCLK-UHFFFAOYSA-N""]",2025.09.6,C=CCCCCCC,"InChI=1S/C8H16/c1-3-5-7-8-6-4-2/h3H,1,4-8H2,2H3",KWKAKUADMBZCLK-UHFFFAOYSA-N,KWKAKUADMBZCLK,C8H16,1,0,False,0,0,0,False,,True,False,grp_5dea7427c65d07c7,train,True,False,1,0
mol_c26df780d586cbf1,"InChI=1S/C27H56/c1-3-5-7-9-11-13-15-17-19-21-23-25-27-26-24-22-20-18-16-14-12-10-8-6-4-2/h3-27H2,1-2H3",heptacosane,"[""BJQWYEJQWHSSCJ-UHFFFAOYSA-N""]",2025.09.6,CCCCCCCCCCCCCCCCCCCCCCCCCCC,"InChI=1S/C27H56/c1-3-5-7-9-11-13-15-17-19-21-23-25-27-26-24-22-20-18-16-14-12-10-8-6-4-2/h3-27H2,1-2H3",BJQWYEJQWHSSCJ-UHFFFAOYSA-N,BJQWYEJQWHSSCJ,C27H56,1,0,False,0,0,0,False,,True,False,grp_5dea7427c65d07c7,train,False,False,9,0
mol_c30b4ae49b848357,"InChI=1S/C4H10O/c1-4(2,3)5/h5H,1-3H3",2-methylpropan-2-ol,"[""DKGAVHZHDRPRBM-UHFFFAOYSA-N""]",2025.09.6,CC(C)(C)O,"InChI=1S/C4H10O/c1-4(2,3)5/h5H,1-3H3",DKGAVHZHDRPRBM-UHFFFAOYSA-N,DKGAVHZHDRPRBM,C4H10O,1,0,False,0,0,0,False,,True,False,grp_5dea7427c65d07c7,train,True,False,13,0
mol_c34973a2ea05dcee,"InChI=1S/C6H15N3/c7-1-4-9-5-2-8-3-6-9/h8H,1-7H2",N-(.beta.-aminoethyl)piperazine),"[""IMUDHTPIFIBORV-UHFFFAOYSA-N""]",2025.09.6,NCCN1CCNCC1,"InChI=1S/C6H15N3/c7-1-4-9-5-2-8-3-6-9/h8H,1-7H2",IMUDHTPIFIBORV-UHFFFAOYSA-N,IMUDHTPIFIBORV,C6H15N3,1,0,False,0,0,0,False,,True,False,grp_5dea7427c65d07c7,train,False,True,22,0
mol_c38e9861aa13f05a,InChI=1S/C12H10O/c1-3-7-11(8-4-1)13-12-9-5-2-6-10-12/h1-10H,diphenyl ether,"[""USIUVYZYUHIAEV-UHFFFAOYSA-N""]",2025.09.6,c1ccc(Oc2ccccc2)cc1,InChI=1S/C12H10O/c1-3-7-11(8-4-1)13-12-9-5-2-6-10-12/h1-10H,USIUVYZYUHIAEV-UHFFFAOYSA-N,USIUVYZYUHIAEV,C12H10O,1,0,False,0,0,0,False,,True,False,grp_8be27da50ef3b127,train,True,True,15,0
mol_c43b0ee134e86771,"InChI=1S/C8H11N/c9-7-6-8-4-2-1-3-5-8/h1-5H,6-7,9H2",2-phenylethylamine,"[""BHHGXPLMPWCGHP-UHFFFAOYSA-N""]",2025.09.6,NCCc1ccccc1,"InChI=1S/C8H11N/c9-7-6-8-4-2-1-3-5-8/h1-5H,6-7,9H2",BHHGXPLMPWCGHP-UHFFFAOYSA-N,BHHGXPLMPWCGHP,C8H11N,1,0,False,0,0,0,False,,True,False,grp_5dea7427c65d07c7,train,False,True,40,0
mol_c47bc461dbb285de,"InChI=1S/C7H15N/c1-6-4-3-5-7(2)8-6/h6-8H,3-5H2,1-2H3/t6-,7+","2,6-lupetidine, cis-","[""SDGKUVSVPIIUCF-KNVOCYPGSA-N""]",2025.09.6,C[C@@H]1CCC[C@H](C)N1,"InChI=1S/C7H15N/c1-6-4-3-5-7(2)8-6/h6-8H,3-5H2,1-2H3/t6-,7+",SDGKUVSVPIIUCF-KNVOCYPGSA-N,SDGKUVSVPIIUCF,C7H15N,1,0,False,0,2,0,False,,True,False,grp_5dea7427c65d07c7,train,False,False,6,0
mol_c4ca44c810d45377,"InChI=1S/C13H24O4/c1-12(2,3)16-10(14)8-7-9-11(15)17-13(4,5)6/h7-9H2,1-6H3",di-tert-butyl glutarate,"[""FXJKNCDSABKERB-UHFFFAOYSA-N""]",2025.09.6,CC(C)(C)OC(=O)CCCC(=O)OC(C)(C)C,"InChI=1S/C13H24O4/c1-12(2,3)16-10(14)8-7-9-11(15)17-13(4,5)6/h7-9H2,1-6H3",FXJKNCDSABKERB-UHFFFAOYSA-N,FXJKNCDSABKERB,C13H24O4,1,0,False,0,0,0,False,,True,False,grp_642c5927dec37b59,validation,False,True,16,0
mol_c4d2e3aa2bcb522b,InChI=1S/C3H4O3/c4-3-5-1-2-6-3/h1-2H2,ethylene carbonate,"[""KMTRUDSVKNLOMY-UHFFFAOYSA-N""]",2025.09.6,O=C1OCCO1,InChI=1S/C3H4O3/c4-3-5-1-2-6-3/h1-2H2,KMTRUDSVKNLOMY-UHFFFAOYSA-N,KMTRUDSVKNLOMY,C3H4O3,1,0,False,0,0,0,False,,True,False,grp_5dea7427c65d07c7,train,False,True,37,0
mol_c5207e620c9fcfd3,InChI=1S/C4H8Cl2/c5-3-1-2-4-6/h1-4H2,"1,4-dichlorobutane","[""KJDRSWPQXHESDQ-UHFFFAOYSA-N""]",2025.09.6,ClCCCCCl,InChI=1S/C4H8Cl2/c5-3-1-2-4-6/h1-4H2,KJDRSWPQXHESDQ-UHFFFAOYSA-N,KJDRSWPQXHESDQ,C4H8Cl2,1,0,False,0,0,0,False,,True,False,grp_5dea7427c65d07c7,train,True,False,8,0
mol_c54873ab8150496e,"InChI=1S/C5H11I/c1-5(2)3-4-6/h5H,3-4H2,1-2H3",1-iodo-3-methylbutane,"[""BUZZUHJODKQYTF-UHFFFAOYSA-N""]",2025.09.6,CC(C)CCI,"InChI=1S/C5H11I/c1-5(2)3-4-6/h5H,3-4H2,1-2H3",BUZZUHJODKQYTF-UHFFFAOYSA-N,BUZZUHJODKQYTF,C5H11I,1,0,False,0,0,0,False,,True,False,grp_5dea7427c65d07c7,train,False,True,28,0
mol_c555c47fe3d2bf7e,"InChI=1S/CCl4/c2-1(3,4)5",tetrachloromethane,"[""VZGDMQKNWNREIO-UHFFFAOYSA-N""]",2025.09.6,ClC(Cl)(Cl)Cl,"InChI=1S/CCl4/c2-1(3,4)5",VZGDMQKNWNREIO-UHFFFAOYSA-N,VZGDMQKNWNREIO,CCl4,1,0,False,0,0,0,False,,True,False,grp_5dea7427c65d07c7,train,True,False,6,0
mol_c5c000094b04a77b,"InChI=1S/C13H10O/c1-3-7-12-10(5-1)9-11-6-2-4-8-13(11)14-12/h1-8H,9H2",10H-9-oxaanthracene,"[""GJCOSYZMQJWQCA-UHFFFAOYSA-N""]",2025.09.6,c1ccc2c(c1)Cc1ccccc1O2,"InChI=1S/C13H10O/c1-3-7-12-10(5-1)9-11-6-2-4-8-13(11)14-12/h1-8H,9H2",GJCOSYZMQJWQCA-UHFFFAOYSA-N,GJCOSYZMQJWQCA,C13H10O,1,0,False,0,0,0,False,,True,False,grp_e6e15d938b8e7216,test,False,False,26,0
mol_c69bf2d8c5c184a7,"InChI=1S/C9H20O/c1-7(2)5-9(10)6-8(3)4/h7-10H,5-6H2,1-4H3","2,6-dimethyl-4-heptanol","[""HXQPUEQDBSPXTE-UHFFFAOYSA-N""]",2025.09.6,CC(C)CC(O)CC(C)C,"InChI=1S/C9H20O/c1-7(2)5-9(10)6-8(3)4/h7-10H,5-6H2,1-4H3",HXQPUEQDBSPXTE-UHFFFAOYSA-N,HXQPUEQDBSPXTE,C9H20O,1,0,False,0,0,0,False,,True,False,grp_5dea7427c65d07c7,train,False,True,13,0
mol_c6ba72cee89a72d7,"InChI=1S/C10H14O/c1-7(2)9-5-4-8(3)10(11)6-9/h4,9H,1,5-6H2,2-3H3/t9-/m0/s1",d-carvone,"[""ULDHMXUKGWMISQ-VIFPVBQESA-N""]",2025.09.6,C=C(C)[C@H]1CC=C(C)C(=O)C1,"InChI=1S/C10H14O/c1-7(2)9-5-4-8(3)10(11)6-9/h4,9H,1,5-6H2,2-3H3/t9-/m0/s1",ULDHMXUKGWMISQ-VIFPVBQESA-N,ULDHMXUKGWMISQ,C10H14O,1,0,False,0,1,0,False,,True,False,grp_a2fcc12936d735c8,train,False,True,22,0
mol_c6feabb4edc72193,InChI=1S/C5H4OS/c6-4-5-2-1-3-7-5/h1-4H,2-thiophenealdehyde,"[""CNUDBTRUORMMPA-UHFFFAOYSA-N""]",2025.09.6,O=Cc1cccs1,InChI=1S/C5H4OS/c6-4-5-2-1-3-7-5/h1-4H,CNUDBTRUORMMPA-UHFFFAOYSA-N,CNUDBTRUORMMPA,C5H4OS,1,0,False,0,0,0,False,,True,False,grp_4b1804fb3acb405a,validation,True,True,29,0
mol_c7243d1eeacc7b0e,"InChI=1S/C4H6N2/c1-4-2-3-5-6-4/h2-3H,1H3,(H,5,6)",3-methylpyrazole,"[""XKVUYEYANWFIJX-UHFFFAOYSA-N""]",2025.09.6,Cc1cc[nH]n1,"InChI=1S/C4H6N2/c1-4-2-3-5-6-4/h2-3H,1H3,(H,5,6)",XKVUYEYANWFIJX-UHFFFAOYSA-N,XKVUYEYANWFIJX,C4H6N2,1,0,False,0,0,0,False,,True,False,grp_5ed1239f1de5ca2c,validation,True,False,11,0
mol_c75fad41ddce441e,"InChI=1S/C7H8O2/c1-9-7-5-3-2-4-6(7)8/h2-5,8H,1H3",2-methoxyphenol,"[""LHGVFZTZFXWLCP-UHFFFAOYSA-N""]",2025.09.6,COc1ccccc1O,"InChI=1S/C7H8O2/c1-9-7-5-3-2-4-6(7)8/h2-5,8H,1H3",LHGVFZTZFXWLCP-UHFFFAOYSA-N,LHGVFZTZFXWLCP,C7H8O2,1,0,False,0,0,0,False,,True,False,grp_adfdafeead28201b,train,True,False,4,0
mol_c76ad85001d3e770,"InChI=1S/C13H12/c1-11-6-5-9-13(10-11)12-7-3-2-4-8-12/h2-10H,1H3",3-methylbiphenyl,"[""NPDIDUXTRAITDE-UHFFFAOYSA-N""]",2025.09.6,Cc1cccc(-c2ccccc2)c1,"InChI=1S/C13H12/c1-11-6-5-9-13(10-11)12-7-3-2-4-8-12/h2-10H,1H3",NPDIDUXTRAITDE-UHFFFAOYSA-N,NPDIDUXTRAITDE,C13H12,1,0,False,0,0,0,False,,True,False,grp_9a6e5ce866866615,validation,False,True,20,0
mol_c8b4e8db702910c7,"InChI=1S/C12H20O6/c1-5-12(6-16-9(2)13,7-17-10(3)14)8-18-11(4)15/h5-8H2,1-4H3","2-(acetoxymethyl)-2-ethylpropane-1,3-diyl diacetate","[""YTKGRNLQFINUJR-UHFFFAOYSA-N""]",2025.09.6,CCC(COC(C)=O)(COC(C)=O)COC(C)=O,"InChI=1S/C12H20O6/c1-5-12(6-16-9(2)13,7-17-10(3)14)8-18-11(4)15/h5-8H2,1-4H3",YTKGRNLQFINUJR-UHFFFAOYSA-N,YTKGRNLQFINUJR,C12H20O6,1,0,False,0,0,0,False,,True,False,grp_d7c19250fe9980b5,validation,False,False,11,0
mol_c8e0325536b00f47,"InChI=1S/C8H16O4/c1-3-10-4-5-11-6-7-12-8(2)9/h3-7H2,1-2H3",2-(2-ethoxyethoxy)ethyl acetate,"[""FPZWZCWUIYYYBU-UHFFFAOYSA-N""]",2025.09.6,CCOCCOCCOC(C)=O,"InChI=1S/C8H16O4/c1-3-10-4-5-11-6-7-12-8(2)9/h3-7H2,1-2H3",FPZWZCWUIYYYBU-UHFFFAOYSA-N,FPZWZCWUIYYYBU,C8H16O4,1,0,False,0,0,0,False,,True,False,grp_5dea7427c65d07c7,train,False,False,7,0
mol_c90c9223ac00ad0d,"InChI=1S/C7H8O/c1-6-2-4-7(8)5-3-6/h2-5,8H,1H3",4-methylphenol,"[""IWDCLRJOBJJRNH-UHFFFAOYSA-N""]",2025.09.6,Cc1ccc(O)cc1,"InChI=1S/C7H8O/c1-6-2-4-7(8)5-3-6/h2-5,8H,1H3",IWDCLRJOBJJRNH-UHFFFAOYSA-N,IWDCLRJOBJJRNH,C7H8O,1,0,False,0,0,0,False,,True,False,grp_5dea7427c65d07c7,train,False,False,1,0
mol_c9fe204405ee8e50,"InChI=1S/C5H8O2/c1-3-5(6)7-4-2/h3H,1,4H2,2H3",ethyl propenoate,"[""JIGUQPWFLRLWPJ-UHFFFAOYSA-N""]",2025.09.6,C=CC(=O)OCC,"InChI=1S/C5H8O2/c1-3-5(6)7-4-2/h3H,1,4H2,2H3",JIGUQPWFLRLWPJ-UHFFFAOYSA-N,JIGUQPWFLRLWPJ,C5H8O2,1,0,False,0,0,0,False,,True,False,grp_d765adb1eb55a46a,validation,False,True,10,0
mol_ca0440f5ec95bc5f,InChI=1S/C4H4S/c1-2-4-5-3-1/h1-4H,thiophene,"[""YTPLMLYBLZKORZ-UHFFFAOYSA-N""]",2025.09.6,c1ccsc1,InChI=1S/C4H4S/c1-2-4-5-3-1/h1-4H,YTPLMLYBLZKORZ-UHFFFAOYSA-N,YTPLMLYBLZKORZ,C4H4S,1,0,False,0,0,0,False,,True,False,grp_5dea7427c65d07c7,train,True,False,23,0
mol_ca3b44ec05c07486,"InChI=1S/C12H22S/c1-3-7-11(8-4-1)13-12-9-5-2-6-10-12/h11-12H,1-10H2",dicyclohexyl sulfide,"[""FTAORUVBXKFVDA-UHFFFAOYSA-N""]",2025.09.6,C1CCC(SC2CCCCC2)CC1,"InChI=1S/C12H22S/c1-3-7-11(8-4-1)13-12-9-5-2-6-10-12/h11-12H,1-10H2",FTAORUVBXKFVDA-UHFFFAOYSA-N,FTAORUVBXKFVDA,C12H22S,1,0,False,0,0,0,False,,True,False,grp_ca3b44ec05c07486,validation,False,True,12,0
mol_caae52dfde9f4474,"InChI=1S/C9H20O/c1-3-5-7-9(10)8-6-4-2/h9-10H,3-8H2,1-2H3",5-nonanol,"[""FCBBRODPXVPZAH-UHFFFAOYSA-N""]",2025.09.6,CCCCC(O)CCCC,"InChI=1S/C9H20O/c1-3-5-7-9(10)8-6-4-2/h9-10H,3-8H2,1-2H3",FCBBRODPXVPZAH-UHFFFAOYSA-N,FCBBRODPXVPZAH,C9H20O,1,0,False,0,0,0,False,,True,False,grp_5dea7427c65d07c7,train,False,True,14,0
mol_cad807bef9abf402,InChI=1S/C12H28N2/c13-11-9-7-5-3-1-2-4-6-8-10-12-14/h1-14H2,"1,12-dodecanediamine","[""QFTYSVGGYOXFRQ-UHFFFAOYSA-N""]",2025.09.6,NCCCCCCCCCCCCN,InChI=1S/C12H28N2/c13-11-9-7-5-3-1-2-4-6-8-10-12-14/h1-14H2,QFTYSVGGYOXFRQ-UHFFFAOYSA-N,QFTYSVGGYOXFRQ,C12H28N2,1,0,False,0,0,0,False,,True,False,grp_5dea7427c65d07c7,train,False,False,14,0
mol_cb21e768ef2b1f0d,"InChI=1S/C10H16O2Si/c1-4-13(11-2,12-3)10-8-6-5-7-9-10/h5-9H,4H2,1-3H3",ethylphenyldimethoxysilane,"[""OWFNNCHTAVHPBL-UHFFFAOYSA-N""]",2025.09.6,CC[Si](OC)(OC)c1ccccc1,"InChI=1S/C10H16O2Si/c1-4-13(11-2,12-3)10-8-6-5-7-9-10/h5-9H,4H2,1-3H3",OWFNNCHTAVHPBL-UHFFFAOYSA-N,OWFNNCHTAVHPBL,C10H16O2Si,1,0,False,0,0,0,False,,True,False,grp_1cc8174be4e57d56,validation,False,True,11,0
mol_cb4bc58b27da9048,"InChI=1S/C6H11Br/c7-6-4-2-1-3-5-6/h6H,1-5H2",bromocyclohexane,"[""AQNQQHJNRPDOQV-UHFFFAOYSA-N""]",2025.09.6,BrC1CCCCC1,"InChI=1S/C6H11Br/c7-6-4-2-1-3-5-6/h6H,1-5H2",AQNQQHJNRPDOQV-UHFFFAOYSA-N,AQNQQHJNRPDOQV,C6H11Br,1,0,False,0,0,0,False,,True,False,grp_cb4bc58b27da9048,validation,False,False,12,0
mol_cba4c6228a6938ca,"InChI=1S/C9H18O/c1-3-5-7-9(10)8-6-4-2/h3-8H2,1-2H3",5-nonanone,"[""WSGCRAOTEDLMFQ-UHFFFAOYSA-N""]",2025.09.6,CCCCC(=O)CCCC,"InChI=1S/C9H18O/c1-3-5-7-9(10)8-6-4-2/h3-8H2,1-2H3",WSGCRAOTEDLMFQ-UHFFFAOYSA-N,WSGCRAOTEDLMFQ,C9H18O,1,0,False,0,0,0,False,,True,False,grp_5dea7427c65d07c7,train,True,True,39,0
mol_cc2fc42bf1c5d229,"InChI=1S/C5H14N2/c1-6-4-5-7(2)3/h6H,4-5H2,1-3H3","N,N,N'-trimethylethylenediamine","[""HVOYZOQVDYHUPF-UHFFFAOYSA-N""]",2025.09.6,CNCCN(C)C,"InChI=1S/C5H14N2/c1-6-4-5-7(2)3/h6H,4-5H2,1-3H3",HVOYZOQVDYHUPF-UHFFFAOYSA-N,HVOYZOQVDYHUPF,C5H14N2,1,0,False,0,0,0,False,,True,False,grp_fd16eb96ed948225,validation,False,True,11,0
mol_cc7d31c3ab545846,"InChI=1S/C8H8N2/c1-10-6-9-7-4-2-3-5-8(7)10/h2-6H,1H3",1-methylbenzimidazole,"[""FGYADSCZTQOAFK-UHFFFAOYSA-N""]",2025.09.6,Cn1cnc2ccccc21,"InChI=1S/C8H8N2/c1-10-6-9-7-4-2-3-5-8(7)10/h2-6H,1H3",FGYADSCZTQOAFK-UHFFFAOYSA-N,FGYADSCZTQOAFK,C8H8N2,1,0,False,0,0,0,False,,True,False,grp_5ed1239f1de5ca2c,validation,False,True,62,0
mol_cd1e13547e8fe175,"InChI=1S/C5H6N2/c1-5-4-6-2-3-7-5/h2-4H,1H3",2-methylpyrazine,"[""CAWHJQAVHZEVTJ-UHFFFAOYSA-N""]",2025.09.6,Cc1cnccn1,"InChI=1S/C5H6N2/c1-5-4-6-2-3-7-5/h2-4H,1H3",CAWHJQAVHZEVTJ-UHFFFAOYSA-N,CAWHJQAVHZEVTJ,C5H6N2,1,0,False,0,0,0,False,,True,False,grp_5dea7427c65d07c7,train,False,True,10,0
mol_cd763b71083e146a,"InChI=1S/C13H28N2/c1-6-7-8-14-11-9-12(2,3)15-13(4,5)10-11/h11,14-15H,6-10H2,1-5H3","N-butyl-2,2,6,6-tetramethylpiperidin-4-amine","[""FDAKZQLBIFPGSV-UHFFFAOYSA-N""]",2025.09.6,CCCCNC1CC(C)(C)NC(C)(C)C1,"InChI=1S/C13H28N2/c1-6-7-8-14-11-9-12(2,3)15-13(4,5)10-11/h11,14-15H,6-10H2,1-5H3",FDAKZQLBIFPGSV-UHFFFAOYSA-N,FDAKZQLBIFPGSV,C13H28N2,1,0,False,0,0,0,False,,True,False,grp_cd763b71083e146a,test,False,False,5,0
mol_cdcd3722df880b7b,InChI=1S/C3H10N2/c4-2-1-3-5/h1-5H2,"1,3-propanediamine","[""XFNJVJPLKCPIBV-UHFFFAOYSA-N""]",2025.09.6,NCCCN,InChI=1S/C3H10N2/c4-2-1-3-5/h1-5H2,XFNJVJPLKCPIBV-UHFFFAOYSA-N,XFNJVJPLKCPIBV,C3H10N2,1,0,False,0,0,0,False,,True,False,grp_5dea7427c65d07c7,train,True,True,83,0
mol_cdd9b2a6aac67d70,"InChI=1S/C6H15NO2/c1-7(2)3-5-9-6-4-8/h8H,3-6H2,1-2H3",2-(2-dimethylaminoethoxy)ethanol,"[""YSAANLSYLSUVHB-UHFFFAOYSA-N""]",2025.09.6,CN(C)CCOCCO,"InChI=1S/C6H15NO2/c1-7(2)3-5-9-6-4-8/h8H,3-6H2,1-2H3",YSAANLSYLSUVHB-UHFFFAOYSA-N,YSAANLSYLSUVHB,C6H15NO2,1,0,False,0,0,0,False,,True,False,grp_5dea7427c65d07c7,train,False,True,41,0
mol_cdea8ee7666036ab,"InChI=1S/C6H15N/c1-3-5-7-6-4-2/h7H,3-6H2,1-2H3",dipropylamine,"[""WEHWNAOGRSTTBQ-UHFFFAOYSA-N""]",2025.09.6,CCCNCCC,"InChI=1S/C6H15N/c1-3-5-7-6-4-2/h7H,3-6H2,1-2H3",WEHWNAOGRSTTBQ-UHFFFAOYSA-N,WEHWNAOGRSTTBQ,C6H15N,1,0,False,0,0,0,False,,True,False,grp_5dea7427c65d07c7,train,True,False,6,0
mol_ce50f4cf8290e782,"InChI=1S/C2H4O2/c3-1-2-4/h1,4H,2H2",2-hydroxyacetaldehyde,"[""WGCNASOHLSPBMP-UHFFFAOYSA-N""]",2025.09.6,O=CCO,"InChI=1S/C2H4O2/c3-1-2-4/h1,4H,2H2",WGCNASOHLSPBMP-UHFFFAOYSA-N,WGCNASOHLSPBMP,C2H4O2,1,0,False,0,0,0,False,,True,False,grp_5dea7427c65d07c7,train,False,True,15,0
mol_ce86a4b54495b02c,InChI=1S/C5H10O/c1-2-4-6-5-3-1/h1-5H2,tetrahydropyran,"[""DHXVGJBLRPWPCS-UHFFFAOYSA-N""]",2025.09.6,C1CCOCC1,InChI=1S/C5H10O/c1-2-4-6-5-3-1/h1-5H2,DHXVGJBLRPWPCS-UHFFFAOYSA-N,DHXVGJBLRPWPCS,C5H10O,1,0,False,0,0,0,False,,True,False,grp_5dea7427c65d07c7,train,False,True,28,0
mol_cee7ca25fc127d19,"InChI=1S/C8H24O4Si4/c1-13(2)9-14(3,4)11-16(7,8)12-15(5,6)10-13/h1-8H3",octamethylcyclotetrasiloxane,"[""HMMGMWAXVFQUOA-UHFFFAOYSA-N""]",2025.09.6,C[Si]1(C)O[Si](C)(C)O[Si](C)(C)O[Si](C)(C)O1,"InChI=1S/C8H24O4Si4/c1-13(2)9-14(3,4)11-16(7,8)12-15(5,6)10-13/h1-8H3",HMMGMWAXVFQUOA-UHFFFAOYSA-N,HMMGMWAXVFQUOA,C8H24O4Si4,1,0,False,0,0,0,False,,True,False,grp_1832a9cc7ea0a691,test,True,True,19,0
mol_cf0b37e316ba5ed0,"InChI=1S/C7H12O2/c1-3-5-6-9-7(8)4-2/h4H,2-3,5-6H2,1H3",butyl 2-propenoate,"[""CQEYYJKEWSMYFG-UHFFFAOYSA-N""]",2025.09.6,C=CC(=O)OCCCC,"InChI=1S/C7H12O2/c1-3-5-6-9-7(8)4-2/h4H,2-3,5-6H2,1H3",CQEYYJKEWSMYFG-UHFFFAOYSA-N,CQEYYJKEWSMYFG,C7H12O2,1,0,False,0,0,0,False,,True,False,grp_d765adb1eb55a46a,validation,False,True,19,0
mol_cf369ca199c477af,"InChI=1S/C9H16N2/c1-2-3-4-5-7-11-8-6-10-9-11/h6,8-9H,2-5,7H2,1H3",1-hexylimidazole,"[""KGWVFQAPOGAVRF-UHFFFAOYSA-N""]",2025.09.6,CCCCCCn1ccnc1,"InChI=1S/C9H16N2/c1-2-3-4-5-7-11-8-6-10-9-11/h6,8-9H,2-5,7H2,1H3",KGWVFQAPOGAVRF-UHFFFAOYSA-N,KGWVFQAPOGAVRF,C9H16N2,1,0,False,0,0,0,False,,True,False,grp_554ad3ddcfbe3579,test,False,True,31,0
mol_cf8f354d990ebe29,"InChI=1S/C14H30O/c1-7-8-9-10-11-15-14(5,6)12-13(2,3)4/h7-12H2,1-6H3","pentane, 2-hexoxy-2,4,4-trimethyl-","[""IQAABZUKUXMNOI-UHFFFAOYSA-N""]",2025.09.6,CCCCCCOC(C)(C)CC(C)(C)C,"InChI=1S/C14H30O/c1-7-8-9-10-11-15-14(5,6)12-13(2,3)4/h7-12H2,1-6H3",IQAABZUKUXMNOI-UHFFFAOYSA-N,IQAABZUKUXMNOI,C14H30O,1,0,False,0,0,0,False,,True,False,grp_5dea7427c65d07c7,train,False,True,11,0
mol_cfce057605ba3a8f,"InChI=1S/C6H5ClO/c7-5-3-1-2-4-6(5)8/h1-4,8H",2-chlorophenol,"[""ISPYQTSUDJAMAB-UHFFFAOYSA-N""]",2025.09.6,Oc1ccccc1Cl,"InChI=1S/C6H5ClO/c7-5-3-1-2-4-6(5)8/h1-4,8H",ISPYQTSUDJAMAB-UHFFFAOYSA-N,ISPYQTSUDJAMAB,C6H5ClO,1,0,False,0,0,0,False,,True,False,grp_5085cd785cc4c7f4,test,False,True,12,0
mol_d0131e7bbb5402ea,"InChI=1S/C12H11N/c1-3-7-11(8-4-1)13-12-9-5-2-6-10-12/h1-10,13H",diphenylamine,"[""DMBHHRLKUKUOEG-UHFFFAOYSA-N""]",2025.09.6,c1ccc(Nc2ccccc2)cc1,"InChI=1S/C12H11N/c1-3-7-11(8-4-1)13-12-9-5-2-6-10-12/h1-10,13H",DMBHHRLKUKUOEG-UHFFFAOYSA-N,DMBHHRLKUKUOEG,C12H11N,1,0,False,0,0,0,False,,True,False,grp_d0131e7bbb5402ea,test,False,True,19,0
mol_d064518a6abf0367,"InChI=1S/C8H10O/c1-7-3-5-8(9-2)6-4-7/h3-6H,1-2H3",1-methoxy-4-methylbenzene,"[""CHLICZRVGGXEOD-UHFFFAOYSA-N""]",2025.09.6,COc1ccc(C)cc1,"InChI=1S/C8H10O/c1-7-3-5-8(9-2)6-4-7/h3-6H,1-2H3",CHLICZRVGGXEOD-UHFFFAOYSA-N,CHLICZRVGGXEOD,C8H10O,1,0,False,0,0,0,False,,True,False,grp_2ccb72ac35a31331,train,False,True,21,0
mol_d079a9561d9d2641,"InChI=1S/C12H24O2/c1-3-4-5-6-7-8-9-10-11-12(13)14-2/h3-11H2,1-2H3",methyl undecanoate,"[""XPQPWPZFBULGKT-UHFFFAOYSA-N""]",2025.09.6,CCCCCCCCCCC(=O)OC,"InChI=1S/C12H24O2/c1-3-4-5-6-7-8-9-10-11-12(13)14-2/h3-11H2,1-2H3",XPQPWPZFBULGKT-UHFFFAOYSA-N,XPQPWPZFBULGKT,C12H24O2,1,0,False,0,0,0,False,,True,False,grp_5dea7427c65d07c7,train,True,False,16,0
mol_d0ac62ff38c09f37,"InChI=1S/C12H20O2Si/c1-5-13-15(4,14-6-2)12-9-7-8-11(3)10-12/h7-10H,5-6H2,1-4H3",diethoxy(methyl)(m-tolyl)silane,"[""SYTYNUJGCDXZRX-UHFFFAOYSA-N""]",2025.09.6,CCO[Si](C)(OCC)c1cccc(C)c1,"InChI=1S/C12H20O2Si/c1-5-13-15(4,14-6-2)12-9-7-8-11(3)10-12/h7-10H,5-6H2,1-4H3",SYTYNUJGCDXZRX-UHFFFAOYSA-N,SYTYNUJGCDXZRX,C12H20O2Si,1,0,False,0,0,0,False,,True,False,grp_5dea7427c65d07c7,train,False,True,11,0
mol_d0ceddc379a4671f,"InChI=1S/C3H9NO/c1-5-3-2-4/h2-4H2,1H3",2-methoxyethylamine,"[""ASUDFOJKTJLAIK-UHFFFAOYSA-N""]",2025.09.6,COCCN,"InChI=1S/C3H9NO/c1-5-3-2-4/h2-4H2,1H3",ASUDFOJKTJLAIK-UHFFFAOYSA-N,ASUDFOJKTJLAIK,C3H9NO,1,0,False,0,0,0,False,,True,False,grp_5dea7427c65d07c7,train,False,True,11,0
mol_d1cff4074d63e826,InChI=1S/C6H4ClF/c7-5-3-1-2-4-6(5)8/h1-4H,1-chloro-2-fluorobenzene,"[""ZCJAYDKWZAWMPR-UHFFFAOYSA-N""]",2025.09.6,Fc1ccccc1Cl,InChI=1S/C6H4ClF/c7-5-3-1-2-4-6(5)8/h1-4H,ZCJAYDKWZAWMPR-UHFFFAOYSA-N,ZCJAYDKWZAWMPR,C6H4ClF,1,0,False,0,0,0,False,,True,False,grp_468c9a97902f6f3f,test,False,True,19,0
mol_d256cec7b59305ff,InChI=1S/C4H8O/c1-2-4-5-3-1/h1-4H2,tetrahydrofuran,"[""WYURNTSHIVDZCO-UHFFFAOYSA-N""]",2025.09.6,C1CCOC1,InChI=1S/C4H8O/c1-2-4-5-3-1/h1-4H2,WYURNTSHIVDZCO-UHFFFAOYSA-N,WYURNTSHIVDZCO,C4H8O,1,0,False,0,0,0,False,,True,False,grp_5dea7427c65d07c7,train,True,False,34,0
mol_d2d85289da26a082,"InChI=1S/C4H9Cl/c1-2-3-4-5/h2-4H2,1H3",1-chlorobutane,"[""VFWCMGCRMGJXDK-UHFFFAOYSA-N""]",2025.09.6,CCCCCl,"InChI=1S/C4H9Cl/c1-2-3-4-5/h2-4H2,1H3",VFWCMGCRMGJXDK-UHFFFAOYSA-N,VFWCMGCRMGJXDK,C4H9Cl,1,0,False,0,0,0,False,,True,False,grp_5dea7427c65d07c7,train,True,False,16,0
mol_d30fee621c3357b6,"InChI=1S/C8H18O/c1-7(2)5-9-6-8(3)4/h7-8H,5-6H2,1-4H3",diisobutyl ether,"[""SZNYYWIUQFZLLT-UHFFFAOYSA-N""]",2025.09.6,CC(C)COCC(C)C,"InChI=1S/C8H18O/c1-7(2)5-9-6-8(3)4/h7-8H,5-6H2,1-4H3",SZNYYWIUQFZLLT-UHFFFAOYSA-N,SZNYYWIUQFZLLT,C8H18O,1,0,False,0,0,0,False,,True,False,grp_d30fee621c3357b6,validation,False,False,3,0
mol_d3125f71fb8f9281,"InChI=1S/C4H10O2/c5-3-1-2-4-6/h5-6H,1-4H2","1,4-butanediol","[""WERYXYBDKMZEQL-UHFFFAOYSA-N""]",2025.09.6,OCCCCO,"InChI=1S/C4H10O2/c5-3-1-2-4-6/h5-6H,1-4H2",WERYXYBDKMZEQL-UHFFFAOYSA-N,WERYXYBDKMZEQL,C4H10O2,1,0,False,0,0,0,False,,True,False,grp_5dea7427c65d07c7,train,True,True,22,0
mol_d33c3680c5c0ca0a,"InChI=1S/C6H8N2/c1-5-3-2-4-8-6(5)7/h2-4H,1H3,(H2,7,8)",2-amino-3-methylpyridine,"[""RGDQRXPEZUNWHX-UHFFFAOYSA-N""]",2025.09.6,Cc1cccnc1N,"InChI=1S/C6H8N2/c1-5-3-2-4-8-6(5)7/h2-4H,1H3,(H2,7,8)",RGDQRXPEZUNWHX-UHFFFAOYSA-N,RGDQRXPEZUNWHX,C6H8N2,1,0,False,0,0,0,False,,True,False,grp_5dea7427c65d07c7,train,False,True,24,0
mol_d395bc83f11503fd,"InChI=1S/C8H18/c1-7(2)6-8(3,4)5/h7H,6H2,1-5H3","2,2,4-trimethylpentane","[""NHTMVDHEPJAVLT-UHFFFAOYSA-N""]",2025.09.6,CC(C)CC(C)(C)C,"InChI=1S/C8H18/c1-7(2)6-8(3,4)5/h7H,6H2,1-5H3",NHTMVDHEPJAVLT-UHFFFAOYSA-N,NHTMVDHEPJAVLT,C8H18,1,0,False,0,0,0,False,,True,False,grp_5dea7427c65d07c7,train,True,True,24,0
mol_d40206d67276aa8c,"InChI=1S/C8H10/c1-7-4-3-5-8(2)6-7/h3-6H,1-2H3","1,3-dimethylbenzene","[""IVSZLXZYQVIEFR-UHFFFAOYSA-N""]",2025.09.6,Cc1cccc(C)c1,"InChI=1S/C8H10/c1-7-4-3-5-8(2)6-7/h3-6H,1-2H3",IVSZLXZYQVIEFR-UHFFFAOYSA-N,IVSZLXZYQVIEFR,C8H10,1,0,False,0,0,0,False,,True,False,grp_5dea7427c65d07c7,train,True,True,39,0
mol_d42c92066d82e698,"InChI=1S/C9H10O3/c1-11-8-5-3-7(4-6-8)9(10)12-2/h3-6H,1-2H3",methyl 4-methoxybenzoate,"[""DDIZAANNODHTRB-UHFFFAOYSA-N""]",2025.09.6,COC(=O)c1ccc(OC)cc1,"InChI=1S/C9H10O3/c1-11-8-5-3-7(4-6-8)9(10)12-2/h3-6H,1-2H3",DDIZAANNODHTRB-UHFFFAOYSA-N,DDIZAANNODHTRB,C9H10O3,1,0,False,0,0,0,False,,True,False,grp_fd910654208f838e,validation,False,True,24,0
mol_d4445907461eb33b,"InChI=1S/C12H14O4/c1-3-15-11(13)9-7-5-6-8-10(9)12(14)16-4-2/h5-8H,3-4H2,1-2H3",diethyl phthalate,"[""FLKPEMZONWLCSK-UHFFFAOYSA-N""]",2025.09.6,CCOC(=O)c1ccccc1C(=O)OCC,"InChI=1S/C12H14O4/c1-3-15-11(13)9-7-5-6-8-10(9)12(14)16-4-2/h5-8H,3-4H2,1-2H3",FLKPEMZONWLCSK-UHFFFAOYSA-N,FLKPEMZONWLCSK,C12H14O4,1,0,False,0,0,0,False,,True,False,grp_5dea7427c65d07c7,train,False,True,58,0
mol_d4ef113b8d2f1614,"InChI=1S/C10H13BrO/c1-8(2)7-12-10-5-3-9(11)4-6-10/h3-6,8H,7H2,1-2H3",1-bromo-4-isobutoxybenzene,"[""FMAIALVMJJUXSB-UHFFFAOYSA-N""]",2025.09.6,CC(C)COc1ccc(Br)cc1,"InChI=1S/C10H13BrO/c1-8(2)7-12-10-5-3-9(11)4-6-10/h3-6,8H,7H2,1-2H3",FMAIALVMJJUXSB-UHFFFAOYSA-N,FMAIALVMJJUXSB,C10H13BrO,1,0,False,0,0,0,False,,True,False,grp_01b36fcba0323968,validation,False,True,16,0
mol_d5352051e8c4f61f,"InChI=1S/C9H11BrO2/c1-11-6-7-12-9-5-3-2-4-8(9)10/h2-5H,6-7H2,1H3",1-bromo-2-(2-methoxyethoxy)benzene,"[""YQNVKSQBACJWHD-UHFFFAOYSA-N""]",2025.09.6,COCCOc1ccccc1Br,"InChI=1S/C9H11BrO2/c1-11-6-7-12-9-5-3-2-4-8(9)10/h2-5H,6-7H2,1H3",YQNVKSQBACJWHD-UHFFFAOYSA-N,YQNVKSQBACJWHD,C9H11BrO2,1,0,False,0,0,0,False,,True,False,grp_95988f9c4708b4b0,test,False,True,22,0
mol_d55f9f8651b87aeb,"InChI=1S/C10H12O2/c1-3-4-8-5-6-9(11)10(7-8)12-2/h3-7,11H,1-2H3/b4-3+",2-methoxy-4-(1E)-1-propen-1-yl-phenol,"[""BJIOGJUNALELMI-ONEGZZNKSA-N""]",2025.09.6,C/C=C/c1ccc(O)c(OC)c1,"InChI=1S/C10H12O2/c1-3-4-8-5-6-9(11)10(7-8)12-2/h3-7,11H,1-2H3/b4-3+",BJIOGJUNALELMI-ONEGZZNKSA-N,BJIOGJUNALELMI,C10H12O2,1,0,False,0,1,0,False,,True,False,grp_a2fcc12936d735c8,train,False,True,20,0
mol_d57bff6112d57ec0,"InChI=1S/C12H20O2Si/c1-4-13-15(6-3,14-5-2)12-10-8-7-9-11-12/h7-11H,4-6H2,1-3H3",diethoxy(ethyl)(phenyl)silane,"[""UYJVWFZJQXTYLG-UHFFFAOYSA-N""]",2025.09.6,CCO[Si](CC)(OCC)c1ccccc1,"InChI=1S/C12H20O2Si/c1-4-13-15(6-3,14-5-2)12-10-8-7-9-11-12/h7-11H,4-6H2,1-3H3",UYJVWFZJQXTYLG-UHFFFAOYSA-N,UYJVWFZJQXTYLG,C12H20O2Si,1,0,False,0,0,0,False,,True,False,grp_1cc8174be4e57d56,validation,False,False,5,0
mol_d6ae19349f751551,"InChI=1S/C7H14O2/c1-2-3-4-5-6-9-7-8/h7H,2-6H2,1H3",hexyl methanoate,"[""OUGPMNMLWKSBRI-UHFFFAOYSA-N""]",2025.09.6,CCCCCCOC=O,"InChI=1S/C7H14O2/c1-2-3-4-5-6-9-7-8/h7H,2-6H2,1H3",OUGPMNMLWKSBRI-UHFFFAOYSA-N,OUGPMNMLWKSBRI,C7H14O2,1,0,False,0,0,0,False,,True,False,grp_5dea7427c65d07c7,train,False,True,14,0
mol_d6b8092c9c9b4a40,"InChI=1S/C9H10O2/c1-7-3-5-8(6-4-7)9(10)11-2/h3-6H,1-2H3",methyl 4-methylbenzoate,"[""QSSJZLPUHJDYKF-UHFFFAOYSA-N""]",2025.09.6,COC(=O)c1ccc(C)cc1,"InChI=1S/C9H10O2/c1-7-3-5-8(6-4-7)9(10)11-2/h3-6H,1-2H3",QSSJZLPUHJDYKF-UHFFFAOYSA-N,QSSJZLPUHJDYKF,C9H10O2,1,0,False,0,0,0,False,,True,False,grp_1ee21e819b209e57,test,False,True,29,0
mol_d8a68c6cf575f9d8,"InChI=1S/C15H28N2/c1-2-3-4-5-6-7-8-9-10-11-13-17-14-12-16-15-17/h12,14-15H,2-11,13H2,1H3",1-dodecyl-1H-imidazole,"[""JMTFLSQHQSFNTE-UHFFFAOYSA-N""]",2025.09.6,CCCCCCCCCCCCn1ccnc1,"InChI=1S/C15H28N2/c1-2-3-4-5-6-7-8-9-10-11-13-17-14-12-16-15-17/h12,14-15H,2-11,13H2,1H3",JMTFLSQHQSFNTE-UHFFFAOYSA-N,JMTFLSQHQSFNTE,C15H28N2,1,0,False,0,0,0,False,,True,False,grp_554ad3ddcfbe3579,test,False,False,15,0
mol_d8bef5f13d83d1a3,"InChI=1S/C7H7F9O/c8-4(9,2-1-3-17)5(10,11)6(12,13)7(14,15)16/h17H,1-3H2","4,4,5,5,6,6,7,7,7-nonafluoro-1-heptanol","[""OVBNEUIFHDEQHD-UHFFFAOYSA-N""]",2025.09.6,OCCCC(F)(F)C(F)(F)C(F)(F)C(F)(F)F,"InChI=1S/C7H7F9O/c8-4(9,2-1-3-17)5(10,11)6(12,13)7(14,15)16/h17H,1-3H2",OVBNEUIFHDEQHD-UHFFFAOYSA-N,OVBNEUIFHDEQHD,C7H7F9O,1,0,False,0,0,0,False,,True,False,grp_9d136d31b7e89f83,test,False,False,4,0
mol_d978c547652ea745,"InChI=1S/C4H11NO/c1-2-5-3-4-6/h5-6H,2-4H2,1H3",2-(ethylamino)ethanol,"[""MIJDSYMOBYNHOT-UHFFFAOYSA-N""]",2025.09.6,CCNCCO,"InChI=1S/C4H11NO/c1-2-5-3-4-6/h5-6H,2-4H2,1H3",MIJDSYMOBYNHOT-UHFFFAOYSA-N,MIJDSYMOBYNHOT,C4H11NO,1,0,False,0,0,0,False,,True,False,grp_5dea7427c65d07c7,train,False,True,38,0
mol_d9ec66217e35d939,"InChI=1S/C6H13N/c1-7-5-3-2-4-6-7/h2-6H2,1H3",N-methylpiperidine,"[""PAMIQIKDUOTOBW-UHFFFAOYSA-N""]",2025.09.6,CN1CCCCC1,"InChI=1S/C6H13N/c1-7-5-3-2-4-6-7/h2-6H2,1H3",PAMIQIKDUOTOBW-UHFFFAOYSA-N,PAMIQIKDUOTOBW,C6H13N,1,0,False,0,0,0,False,,True,False,grp_5dea7427c65d07c7,train,True,True,10,0
mol_da1f79aed535e48b,InChI=1S/C4H8S/c1-2-4-5-3-1/h1-4H2,tetrahydrothiophene,"[""RAOIDOHSFRTOEL-UHFFFAOYSA-N""]",2025.09.6,C1CCSC1,InChI=1S/C4H8S/c1-2-4-5-3-1/h1-4H2,RAOIDOHSFRTOEL-UHFFFAOYSA-N,RAOIDOHSFRTOEL,C4H8S,1,0,False,0,0,0,False,,True,False,grp_da1f79aed535e48b,validation,True,False,5,0
mol_da5be87f9b74e1ab,"InChI=1S/C8H7FO2/c1-11-8(10)6-2-4-7(9)5-3-6/h2-5H,1H3",methyl p-fluorobenzoate,"[""MSEBQGULDWDIRW-UHFFFAOYSA-N""]",2025.09.6,COC(=O)c1ccc(F)cc1,"InChI=1S/C8H7FO2/c1-11-8(10)6-2-4-7(9)5-3-6/h2-5H,1H3",MSEBQGULDWDIRW-UHFFFAOYSA-N,MSEBQGULDWDIRW,C8H7FO2,1,0,False,0,0,0,False,,True,False,grp_81ebf8339e108f8a,train,False,True,42,0
mol_da793f715fcaa89e,InChI=1S/C9H7BrN2/c10-8-3-1-2-4-9(8)12-6-5-11-7-12/h1-7H,2-bromo-phenyl-1H-imidazole,"[""HFPBSOYHRXOAMW-UHFFFAOYSA-N""]",2025.09.6,Brc1ccccc1-n1ccnc1,InChI=1S/C9H7BrN2/c10-8-3-1-2-4-9(8)12-6-5-11-7-12/h1-7H,HFPBSOYHRXOAMW-UHFFFAOYSA-N,HFPBSOYHRXOAMW,C9H7BrN2,1,0,False,0,0,0,False,,True,False,grp_5ed1239f1de5ca2c,validation,False,False,7,0
mol_da7d35d05fee4096,InChI=1S/C16H12/c1-2-6-13(7-3-1)16-11-10-14-8-4-5-9-15(14)12-16/h1-12H,2-phenylnaphthalene,"[""TURIHPLQSRVWHU-UHFFFAOYSA-N""]",2025.09.6,c1ccc(-c2ccc3ccccc3c2)cc1,InChI=1S/C16H12/c1-2-6-13(7-3-1)16-11-10-14-8-4-5-9-15(14)12-16/h1-12H,TURIHPLQSRVWHU-UHFFFAOYSA-N,TURIHPLQSRVWHU,C16H12,1,0,False,0,0,0,False,,True,False,grp_d957e784c854093b,train,False,False,1,0
mol_db67b94bf17f5f44,InChI=1S/C6H4FI/c7-5-2-1-3-6(8)4-5/h1-4H,"1,3-fluoroiodobenzene","[""VSKSBSORLCDRHS-UHFFFAOYSA-N""]",2025.09.6,Fc1cccc(I)c1,InChI=1S/C6H4FI/c7-5-2-1-3-6(8)4-5/h1-4H,VSKSBSORLCDRHS-UHFFFAOYSA-N,VSKSBSORLCDRHS,C6H4FI,1,0,False,0,0,0,False,,True,False,grp_468c9a97902f6f3f,test,False,True,31,0
mol_db8dd1519b1387fd,"InChI=1S/C6H9N/c1-5-3-4-6(2)7-5/h3-4,7H,1-2H3","2,5-dimethyl-1H-pyrrole","[""PAPNRQCYSFBWDI-UHFFFAOYSA-N""]",2025.09.6,Cc1ccc(C)[nH]1,"InChI=1S/C6H9N/c1-5-3-4-6(2)7-5/h3-4,7H,1-2H3",PAPNRQCYSFBWDI-UHFFFAOYSA-N,PAPNRQCYSFBWDI,C6H9N,1,0,False,0,0,0,False,,True,False,grp_b485db3c1ae1b944,test,False,True,8,0
mol_dba41eb70bb05922,"InChI=1S/C6H4Cl2O/c7-5-2-1-4(9)3-6(5)8/h1-3,9H","3,4-dichlorophenol","[""WDNBURPWRNALGP-UHFFFAOYSA-N""]",2025.09.6,Oc1ccc(Cl)c(Cl)c1,"InChI=1S/C6H4Cl2O/c7-5-2-1-4(9)3-6(5)8/h1-3,9H",WDNBURPWRNALGP-UHFFFAOYSA-N,WDNBURPWRNALGP,C6H4Cl2O,1,0,False,0,0,0,False,,True,False,grp_5085cd785cc4c7f4,test,False,False,10,0
mol_dbdb7860f8c41113,"InChI=1S/C13H10/c1-3-7-12-10(5-1)9-11-6-2-4-8-13(11)12/h1-8H,9H2",fluorene,"[""NIHNNTQXNPWCJQ-UHFFFAOYSA-N""]",2025.09.6,c1ccc2c(c1)Cc1ccccc1-2,"InChI=1S/C13H10/c1-3-7-12-10(5-1)9-11-6-2-4-8-13(11)12/h1-8H,9H2",NIHNNTQXNPWCJQ-UHFFFAOYSA-N,NIHNNTQXNPWCJQ,C13H10,1,0,False,0,0,0,False,,True,False,grp_dbdb7860f8c41113,test,False,False,10,0
mol_dbe771e1f1ced6a0,InChI=1S/C6H5N3/c1-3-9-4-2-8-6(9)5-7-1/h1-5H,"imidazo[1,2-a]pyrazine","[""MBVAHHOKMIRXLP-UHFFFAOYSA-N""]",2025.09.6,c1cn2ccnc2cn1,InChI=1S/C6H5N3/c1-3-9-4-2-8-6(9)5-7-1/h1-5H,MBVAHHOKMIRXLP-UHFFFAOYSA-N,MBVAHHOKMIRXLP,C6H5N3,1,0,False,0,0,0,False,,True,False,grp_dbe771e1f1ced6a0,validation,False,False,8,0
mol_dd3d6f8d9cdee4da,"InChI=1S/C10H3F17/c1-2-3(11,12)4(13,14)5(15,16)6(17,18)7(19,20)8(21,22)9(23,24)10(25,26)27/h2H,1H2","3,3,4,4,5,5,6,6,7,7,8,8,9,9,10,10,10-heptadecafluoro-1-decene","[""NKAMGQZDVMQEJL-UHFFFAOYSA-N""]",2025.09.6,C=CC(F)(F)C(F)(F)C(F)(F)C(F)(F)C(F)(F)C(F)(F)C(F)(F)C(F)(F)F,"InChI=1S/C10H3F17/c1-2-3(11,12)4(13,14)5(15,16)6(17,18)7(19,20)8(21,22)9(23,24)10(25,26)27/h2H,1H2",NKAMGQZDVMQEJL-UHFFFAOYSA-N,NKAMGQZDVMQEJL,C10H3F17,1,0,False,0,0,0,False,,True,False,grp_9d136d31b7e89f83,test,False,False,4,0
mol_dd7217c8aa001588,"InChI=1S/C5H10O2/c1-2-3-4-7-5-6/h5H,2-4H2,1H3",butyl methanoate,"[""NMJJFJNHVMGPGM-UHFFFAOYSA-N""]",2025.09.6,CCCCOC=O,"InChI=1S/C5H10O2/c1-2-3-4-7-5-6/h5H,2-4H2,1H3",NMJJFJNHVMGPGM-UHFFFAOYSA-N,NMJJFJNHVMGPGM,C5H10O2,1,0,False,0,0,0,False,,True,False,grp_5dea7427c65d07c7,train,True,False,6,0
mol_ddc649f61c120dd1,"InChI=1S/C10H13BrO/c1-8(2)7-12-10-6-4-3-5-9(10)11/h3-6,8H,7H2,1-2H3",1-bromo-2-isobutoxybenzene,"[""DCOQYOOGBVINTA-UHFFFAOYSA-N""]",2025.09.6,CC(C)COc1ccccc1Br,"InChI=1S/C10H13BrO/c1-8(2)7-12-10-6-4-3-5-9(10)11/h3-6,8H,7H2,1-2H3",DCOQYOOGBVINTA-UHFFFAOYSA-N,DCOQYOOGBVINTA,C10H13BrO,1,0,False,0,0,0,False,,True,False,grp_01b36fcba0323968,validation,False,False,13,0
mol_de3e3d42cdadcfe7,"InChI=1S/C8H7ClO2/c1-11-8(10)6-2-4-7(9)5-3-6/h2-5H,1H3",methyl 4-chlorobenzoate,"[""LXNFVVDCCWUUKC-UHFFFAOYSA-N""]",2025.09.6,COC(=O)c1ccc(Cl)cc1,"InChI=1S/C8H7ClO2/c1-11-8(10)6-2-4-7(9)5-3-6/h2-5H,1H3",LXNFVVDCCWUUKC-UHFFFAOYSA-N,LXNFVVDCCWUUKC,C8H7ClO2,1,0,False,0,0,0,False,,True,False,grp_81ebf8339e108f8a,train,False,True,27,0
mol_deac46acd3625ae3,"InChI=1S/C13H12/c1-11-7-9-13(10-8-11)12-5-3-2-4-6-12/h2-10H,1H3",4-methylbiphenyl,"[""ZZLCFHIKESPLTH-UHFFFAOYSA-N""]",2025.09.6,Cc1ccc(-c2ccccc2)cc1,"InChI=1S/C13H12/c1-11-7-9-13(10-8-11)12-5-3-2-4-6-12/h2-10H,1H3",ZZLCFHIKESPLTH-UHFFFAOYSA-N,ZZLCFHIKESPLTH,C13H12,1,0,False,0,0,0,False,,True,False,grp_9a6e5ce866866615,validation,True,True,14,0
mol_dee0d48887c32f73,"InChI=1S/C7H9N/c1-6-4-3-5-7(2)8-6/h3-5H,1-2H3","2,6-dimethylpyridine","[""OISVCGZHLKNMSJ-UHFFFAOYSA-N""]",2025.09.6,Cc1cccc(C)n1,"InChI=1S/C7H9N/c1-6-4-3-5-7(2)8-6/h3-5H,1-2H3",OISVCGZHLKNMSJ-UHFFFAOYSA-N,OISVCGZHLKNMSJ,C7H9N,1,0,False,0,0,0,False,,True,False,grp_5dea7427c65d07c7,train,True,True,20,0
mol_df36260e25a0f59a,"InChI=1S/C6H13N/c7-6-4-2-1-3-5-6/h6H,1-5,7H2",cyclohexylamine,"[""PAFZNILMFXTMIY-UHFFFAOYSA-N""]",2025.09.6,NC1CCCCC1,"InChI=1S/C6H13N/c7-6-4-2-1-3-5-6/h6H,1-5,7H2",PAFZNILMFXTMIY-UHFFFAOYSA-N,PAFZNILMFXTMIY,C6H13N,1,0,False,0,0,0,False,,True,False,grp_5dea7427c65d07c7,train,True,True,42,0
mol_df3844ce888daa74,InChI=1S/C13H10O/c14-13(11-7-3-1-4-8-11)12-9-5-2-6-10-12/h1-10H,benzophenone,"[""RWCCWEUUXYIKHB-UHFFFAOYSA-N""]",2025.09.6,O=C(c1ccccc1)c1ccccc1,InChI=1S/C13H10O/c14-13(11-7-3-1-4-8-11)12-9-5-2-6-10-12/h1-10H,RWCCWEUUXYIKHB-UHFFFAOYSA-N,RWCCWEUUXYIKHB,C13H10O,1,0,False,0,0,0,False,,True,False,grp_5dea7427c65d07c7,train,False,True,21,0
mol_df510fa609bec4ab,"InChI=1S/C8H5F13/c1-2-3(9,10)4(11,12)5(13,14)6(15,16)7(17,18)8(19,20)21/h2H2,1H3",perfluorohexylethane,"[""SKRWRXWNQFQGRU-UHFFFAOYSA-N""]",2025.09.6,CCC(F)(F)C(F)(F)C(F)(F)C(F)(F)C(F)(F)C(F)(F)F,"InChI=1S/C8H5F13/c1-2-3(9,10)4(11,12)5(13,14)6(15,16)7(17,18)8(19,20)21/h2H2,1H3",SKRWRXWNQFQGRU-UHFFFAOYSA-N,SKRWRXWNQFQGRU,C8H5F13,1,0,False,0,0,0,False,,True,False,grp_df510fa609bec4ab,validation,False,False,5,0
mol_e03ddfeaf65a0134,"InChI=1S/C10H30O5Si5/c1-16(2)11-17(3,4)13-19(7,8)15-20(9,10)14-18(5,6)12-16/h1-10H3",decamethylcyclopentasiloxane,"[""XMSXQFUHVRWGNA-UHFFFAOYSA-N""]",2025.09.6,C[Si]1(C)O[Si](C)(C)O[Si](C)(C)O[Si](C)(C)O[Si](C)(C)O1,"InChI=1S/C10H30O5Si5/c1-16(2)11-17(3,4)13-19(7,8)15-20(9,10)14-18(5,6)12-16/h1-10H3",XMSXQFUHVRWGNA-UHFFFAOYSA-N,XMSXQFUHVRWGNA,C10H30O5Si5,1,0,False,0,0,0,False,,True,False,grp_1832a9cc7ea0a691,test,True,True,16,0
mol_e1045e97e4815b23,"InChI=1S/C11H24O/c1-7-8-12-11(5,6)9-10(2,3)4/h7-9H2,1-6H3","pentane, 2-propoxy-2,4,4-trimethyl-","[""LAAOKLJBELVTBX-UHFFFAOYSA-N""]",2025.09.6,CCCOC(C)(C)CC(C)(C)C,"InChI=1S/C11H24O/c1-7-8-12-11(5,6)9-10(2,3)4/h7-9H2,1-6H3",LAAOKLJBELVTBX-UHFFFAOYSA-N,LAAOKLJBELVTBX,C11H24O,1,0,False,0,0,0,False,,True,False,grp_5dea7427c65d07c7,train,False,True,23,0
mol_e2b503b1d0ef1beb,"InChI=1S/C18H32O6/c1-8-18(9-22-15(19)12(2)3,10-23-16(20)13(4)5)11-24-17(21)14(6)7/h12-14H,8-11H2,1-7H3","2-ethyl-2-((isobutyryloxy)methyl)propane-1,3-diyl bis(2-methylpropanoate)","[""QZIYADTUCLUVIW-UHFFFAOYSA-N""]",2025.09.6,CCC(COC(=O)C(C)C)(COC(=O)C(C)C)COC(=O)C(C)C,"InChI=1S/C18H32O6/c1-8-18(9-22-15(19)12(2)3,10-23-16(20)13(4)5)11-24-17(21)14(6)7/h12-14H,8-11H2,1-7H3",QZIYADTUCLUVIW-UHFFFAOYSA-N,QZIYADTUCLUVIW,C18H32O6,1,0,False,0,0,0,False,,True,False,grp_d7c19250fe9980b5,validation,False,False,7,0
mol_e34c33a88a00d971,InChI=1S/C4H6O3/c1-3(5)4(6)7-2/h1-2H3,methyl 2-oxopropanoate,"[""CWKLZLBVOJRSOM-UHFFFAOYSA-N""]",2025.09.6,COC(=O)C(C)=O,InChI=1S/C4H6O3/c1-3(5)4(6)7-2/h1-2H3,CWKLZLBVOJRSOM-UHFFFAOYSA-N,CWKLZLBVOJRSOM,C4H6O3,1,0,False,0,0,0,False,,True,False,grp_e34c33a88a00d971,test,False,False,14,0
mol_e356f62a95258c32,"InChI=1S/C16H32O2/c1-3-5-6-7-8-9-10-11-12-13-14-15-16(17)18-4-2/h3-15H2,1-2H3",ethyl tetradecanoate,"[""MMKRHZKQPFCLLS-UHFFFAOYSA-N""]",2025.09.6,CCCCCCCCCCCCCC(=O)OCC,"InChI=1S/C16H32O2/c1-3-5-6-7-8-9-10-11-12-13-14-15-16(17)18-4-2/h3-15H2,1-2H3",MMKRHZKQPFCLLS-UHFFFAOYSA-N,MMKRHZKQPFCLLS,C16H32O2,1,0,False,0,0,0,False,,True,False,grp_5dea7427c65d07c7,train,False,True,34,0
mol_e36df2c2d963afd3,"InChI=1S/C4H8O/c1-3-4(2)5/h3H2,1-2H3",butanone,"[""ZWEHNKRNPOVVGH-UHFFFAOYSA-N""]",2025.09.6,CCC(C)=O,"InChI=1S/C4H8O/c1-3-4(2)5/h3H2,1-2H3",ZWEHNKRNPOVVGH-UHFFFAOYSA-N,ZWEHNKRNPOVVGH,C4H8O,1,0,False,0,0,0,False,,True,False,grp_5dea7427c65d07c7,train,True,False,6,0
mol_e386b69d862ccfe9,"InChI=1S/C8H14N2/c1-2-3-4-6-10-7-5-9-8-10/h5,7-8H,2-4,6H2,1H3",1-pentylimidazole,"[""UPYVYJSWGZMBOU-UHFFFAOYSA-N""]",2025.09.6,CCCCCn1ccnc1,"InChI=1S/C8H14N2/c1-2-3-4-6-10-7-5-9-8-10/h5,7-8H,2-4,6H2,1H3",UPYVYJSWGZMBOU-UHFFFAOYSA-N,UPYVYJSWGZMBOU,C8H14N2,1,0,False,0,0,0,False,,True,False,grp_554ad3ddcfbe3579,test,False,True,16,0
mol_e43335be86f26619,InChI=1S/C10H8/c1-2-6-10-8-4-3-7-9(10)5-1/h1-8H,naphthalene,"[""UFWIBTONFRDIAS-UHFFFAOYSA-N""]",2025.09.6,c1ccc2ccccc2c1,InChI=1S/C10H8/c1-2-6-10-8-4-3-7-9(10)5-1/h1-8H,UFWIBTONFRDIAS-UHFFFAOYSA-N,UFWIBTONFRDIAS,C10H8,1,0,False,0,0,0,False,,True,False,grp_5dea7427c65d07c7,train,True,True,27,0
mol_e43e3124216bdf57,"InChI=1S/C18H34O4/c1-3-5-15-21-17(19)13-11-9-7-8-10-12-14-18(20)22-16-6-4-2/h3-16H2,1-2H3",dibutyl decanedioate,"[""PYGXAGIECVVIOZ-UHFFFAOYSA-N""]",2025.09.6,CCCCOC(=O)CCCCCCCCC(=O)OCCCC,"InChI=1S/C18H34O4/c1-3-5-15-21-17(19)13-11-9-7-8-10-12-14-18(20)22-16-6-4-2/h3-16H2,1-2H3",PYGXAGIECVVIOZ-UHFFFAOYSA-N,PYGXAGIECVVIOZ,C18H34O4,1,0,False,0,0,0,False,,True,False,grp_5dea7427c65d07c7,train,False,False,7,0
mol_e4f2a51ba21b0d6f,"InChI=1S/C17H38N4/c1-16(2)13-15(14-17(3,4)20-16)19-11-7-9-18-10-8-12-21(5)6/h15,18-20H,7-14H2,1-6H3","N,N-dimethyl-dipropylene-diamino-triacetonediamine [EvA34]","[""YCCWCOKAIDIFBP-UHFFFAOYSA-N""]",2025.09.6,CN(C)CCCNCCCNC1CC(C)(C)NC(C)(C)C1,"InChI=1S/C17H38N4/c1-16(2)13-15(14-17(3,4)20-16)19-11-7-9-18-10-8-12-21(5)6/h15,18-20H,7-14H2,1-6H3",YCCWCOKAIDIFBP-UHFFFAOYSA-N,YCCWCOKAIDIFBP,C17H38N4,1,0,False,0,0,0,False,,True,False,grp_e4f2a51ba21b0d6f,train,False,False,4,0
mol_e53a559272965ffc,"InChI=1S/C9H7NO2/c1-12-9(11)8-4-2-7(6-10)3-5-8/h2-5H,1H3",methyl p-cyanobenzoate,"[""KKZMIDYKRKGJHG-UHFFFAOYSA-N""]",2025.09.6,COC(=O)c1ccc(C#N)cc1,"InChI=1S/C9H7NO2/c1-12-9(11)8-4-2-7(6-10)3-5-8/h2-5H,1H3",KKZMIDYKRKGJHG-UHFFFAOYSA-N,KKZMIDYKRKGJHG,C9H7NO2,1,0,False,0,0,0,False,,True,False,grp_e53a559272965ffc,train,False,True,19,0
mol_e55299b0f2600cdb,"InChI=1S/C4H8O2/c1-3-6-4(2)5/h3H2,1-2H3",ethyl acetate,"[""XEKOWRVHYACXOJ-UHFFFAOYSA-N""]",2025.09.6,CCOC(C)=O,"InChI=1S/C4H8O2/c1-3-6-4(2)5/h3H2,1-2H3",XEKOWRVHYACXOJ-UHFFFAOYSA-N,XEKOWRVHYACXOJ,C4H8O2,1,0,False,0,0,0,False,,True,False,grp_5dea7427c65d07c7,train,True,False,3,0
mol_e554601fff053edf,"InChI=1S/C2H7NO/c3-1-2-4/h4H,1-3H2",2-aminoethan-1-ol,"[""HZAXFHJVJLSVMW-UHFFFAOYSA-N""]",2025.09.6,NCCO,"InChI=1S/C2H7NO/c3-1-2-4/h4H,1-3H2",HZAXFHJVJLSVMW-UHFFFAOYSA-N,HZAXFHJVJLSVMW,C2H7NO,1,0,False,0,0,0,False,,True,False,grp_5dea7427c65d07c7,train,False,True,53,0
mol_e5ba696e954bd32c,"InChI=1S/C7H18N2/c1-8(2)6-5-7-9(3)4/h5-7H2,1-4H3","N,N,N',N'-tetramethyl-1,3-propanediamine","[""DMQSHEKGGUOYJS-UHFFFAOYSA-N""]",2025.09.6,CN(C)CCCN(C)C,"InChI=1S/C7H18N2/c1-8(2)6-5-7-9(3)4/h5-7H2,1-4H3",DMQSHEKGGUOYJS-UHFFFAOYSA-N,DMQSHEKGGUOYJS,C7H18N2,1,0,False,0,0,0,False,,True,False,grp_5dea7427c65d07c7,train,False,True,32,0
mol_e62082959f534889,"InChI=1S/C12H22N2/c1-3-4-5-6-7-8-10-14-11-9-13-12(14)2/h9,11H,3-8,10H2,1-2H3",2-methyl-1-octyl-1H-imidazole,"[""OWOSSTCHCATHMM-UHFFFAOYSA-N""]",2025.09.6,CCCCCCCCn1ccnc1C,"InChI=1S/C12H22N2/c1-3-4-5-6-7-8-10-14-11-9-13-12(14)2/h9,11H,3-8,10H2,1-2H3",OWOSSTCHCATHMM-UHFFFAOYSA-N,OWOSSTCHCATHMM,C12H22N2,1,0,False,0,0,0,False,,True,False,grp_4099771604350c09,test,False,True,20,0
mol_e687bcf74e76aad5,"InChI=1S/C7H16O/c1-2-3-4-5-6-7-8/h8H,2-7H2,1H3",heptan-1-ol,"[""BBMCTIGTTCKYKF-UHFFFAOYSA-N""]",2025.09.6,CCCCCCCO,"InChI=1S/C7H16O/c1-2-3-4-5-6-7-8/h8H,2-7H2,1H3",BBMCTIGTTCKYKF-UHFFFAOYSA-N,BBMCTIGTTCKYKF,C7H16O,1,0,False,0,0,0,False,,True,False,grp_5dea7427c65d07c7,train,True,True,51,0
mol_e6f5c08892930cf0,InChI=1S/C6H4ClF/c7-5-1-3-6(8)4-2-5/h1-4H,1-chloro-4-fluorobenzene,"[""RJCGZNCCVKIBHO-UHFFFAOYSA-N""]",2025.09.6,Fc1ccc(Cl)cc1,InChI=1S/C6H4ClF/c7-5-1-3-6(8)4-2-5/h1-4H,RJCGZNCCVKIBHO-UHFFFAOYSA-N,RJCGZNCCVKIBHO,C6H4ClF,1,0,False,0,0,0,False,,True,False,grp_468c9a97902f6f3f,test,False,True,17,0
mol_e6f8f97a2caa00b9,InChI=1S/C3H6Cl2/c4-2-1-3-5/h1-3H2,"1,3-dichloropropane","[""YHRUOJUYPBUZOS-UHFFFAOYSA-N""]",2025.09.6,ClCCCCl,InChI=1S/C3H6Cl2/c4-2-1-3-5/h1-3H2,YHRUOJUYPBUZOS-UHFFFAOYSA-N,YHRUOJUYPBUZOS,C3H6Cl2,1,0,False,0,0,0,False,,True,False,grp_5dea7427c65d07c7,train,True,False,4,0
mol_e7414bcb2677caf7,"InChI=1S/C6H4Cl2O/c7-4-1-2-5(8)6(9)3-4/h1-3,9H","2,5-dichlorophenol","[""RANCECPPZPIPNO-UHFFFAOYSA-N""]",2025.09.6,Oc1cc(Cl)ccc1Cl,"InChI=1S/C6H4Cl2O/c7-4-1-2-5(8)6(9)3-4/h1-3,9H",RANCECPPZPIPNO-UHFFFAOYSA-N,RANCECPPZPIPNO,C6H4Cl2O,1,0,False,0,0,0,False,,True,False,grp_5085cd785cc4c7f4,test,False,False,10,0
mol_e7c5258b801f1038,"InChI=1S/C10H12O2/c1-3-4-8-5-6-9(11)10(7-8)12-2/h3,5-7,11H,1,4H2,2H3",2-hydroxy-5-allylanisole,"[""RRAFCDWBNXTKKO-UHFFFAOYSA-N""]",2025.09.6,C=CCc1ccc(O)c(OC)c1,"InChI=1S/C10H12O2/c1-3-4-8-5-6-9(11)10(7-8)12-2/h3,5-7,11H,1,4H2,2H3",RRAFCDWBNXTKKO-UHFFFAOYSA-N,RRAFCDWBNXTKKO,C10H12O2,1,0,False,0,0,0,False,,True,False,grp_a2fcc12936d735c8,train,False,True,23,0
mol_e7d60690a0df8ab7,"InChI=1S/C6H19NSi2/c1-8(2,3)7-9(4,5)6/h7H,1-6H3","1,1,1,3,3,3-hexamethyldisilazane","[""FFUAGWLWBBFQJT-UHFFFAOYSA-N""]",2025.09.6,C[Si](C)(C)N[Si](C)(C)C,"InChI=1S/C6H19NSi2/c1-8(2,3)7-9(4,5)6/h7H,1-6H3",FFUAGWLWBBFQJT-UHFFFAOYSA-N,FFUAGWLWBBFQJT,C6H19NSi2,1,0,False,0,0,0,False,,True,False,grp_27b44b5a9de26f9f,test,False,True,15,0
mol_e82f68770fb0a3fb,"InChI=1S/C6H14O/c1-3-5-7-6-4-2/h3-6H2,1-2H3",dipropyl ether,"[""POLCUAVZOMRGSN-UHFFFAOYSA-N""]",2025.09.6,CCCOCCC,"InChI=1S/C6H14O/c1-3-5-7-6-4-2/h3-6H2,1-2H3",POLCUAVZOMRGSN-UHFFFAOYSA-N,POLCUAVZOMRGSN,C6H14O,1,0,False,0,0,0,False,,True,False,grp_5dea7427c65d07c7,train,True,False,6,0
mol_e840c319a89074e3,"InChI=1S/C4H10S2/c1-3-5-6-4-2/h3-4H2,1-2H3","3,4-dithiahexane","[""CETBSQOFQKLHHZ-UHFFFAOYSA-N""]",2025.09.6,CCSSCC,"InChI=1S/C4H10S2/c1-3-5-6-4-2/h3-4H2,1-2H3",CETBSQOFQKLHHZ-UHFFFAOYSA-N,CETBSQOFQKLHHZ,C4H10S2,1,0,False,0,0,0,False,,True,False,grp_5dea7427c65d07c7,train,True,False,1,0
mol_e8aebb5fa90accd4,"InChI=1S/C12H20O2/c1-8(13)14-10-7-9-5-6-12(10,4)11(9,2)3/h9-10H,5-7H2,1-4H3/t9-,10-,12+/m1/s1","rel-(1R,2R,4R)-1,7,7-trimethylbicyclo[2.2.1]heptan-2-yl acetate","[""KGEKLUUHTZCSIP-FOGDFJRCSA-N""]",2025.09.6,CC(=O)O[C@@H]1C[C@H]2CC[C@]1(C)C2(C)C,"InChI=1S/C12H20O2/c1-8(13)14-10-7-9-5-6-12(10,4)11(9,2)3/h9-10H,5-7H2,1-4H3/t9-,10-,12+/m1/s1",KGEKLUUHTZCSIP-FOGDFJRCSA-N,KGEKLUUHTZCSIP,C12H20O2,1,0,False,0,3,0,False,,True,False,grp_5dea7427c65d07c7,train,False,True,12,0
mol_e8dbf1b8cefa4caf,"InChI=1S/C7H8O/c1-6-4-2-3-5-7(6)8/h2-5,8H,1H3",2-methylphenol,"[""QWVGKYWNOKOFNN-UHFFFAOYSA-N""]",2025.09.6,Cc1ccccc1O,"InChI=1S/C7H8O/c1-6-4-2-3-5-7(6)8/h2-5,8H,1H3",QWVGKYWNOKOFNN-UHFFFAOYSA-N,QWVGKYWNOKOFNN,C7H8O,1,0,False,0,0,0,False,,True,False,grp_5dea7427c65d07c7,train,False,False,1,0
mol_e918295dc5dd314a,"InChI=1S/C8H18O/c1-5-7-9-8(3,4)6-2/h5-7H2,1-4H3","1,1-dimethylpropyl propyl ether","[""LFKBOUUQIPXNTJ-UHFFFAOYSA-N""]",2025.09.6,CCCOC(C)(C)CC,"InChI=1S/C8H18O/c1-5-7-9-8(3,4)6-2/h5-7H2,1-4H3",LFKBOUUQIPXNTJ-UHFFFAOYSA-N,LFKBOUUQIPXNTJ,C8H18O,1,0,False,0,0,0,False,,True,False,grp_5dea7427c65d07c7,train,False,False,13,0
mol_e983a25bd52a944d,InChI=1S/C6H12/c1-2-4-6-5-3-1/h1-6H2,cyclohexane,"[""XDTMQSROBMDMFD-UHFFFAOYSA-N""]",2025.09.6,C1CCCCC1,InChI=1S/C6H12/c1-2-4-6-5-3-1/h1-6H2,XDTMQSROBMDMFD-UHFFFAOYSA-N,XDTMQSROBMDMFD,C6H12,1,0,False,0,0,0,False,,True,False,grp_5dea7427c65d07c7,train,True,True,72,0
mol_e9bda82626d344ab,InChI=1S/C2H8N2/c3-1-2-4/h1-4H2,"ethane-1,2-diamine","[""PIICEJLVQHRZGT-UHFFFAOYSA-N""]",2025.09.6,NCCN,InChI=1S/C2H8N2/c3-1-2-4/h1-4H2,PIICEJLVQHRZGT-UHFFFAOYSA-N,PIICEJLVQHRZGT,C2H8N2,1,0,False,0,0,0,False,,True,False,grp_5dea7427c65d07c7,train,True,False,18,0
mol_e9e23b59358f5358,"InChI=1S/C28H58/c1-3-5-7-9-11-13-15-17-19-21-23-25-27-28-26-24-22-20-18-16-14-12-10-8-6-4-2/h3-28H2,1-2H3",octacosane,"[""ZYURHZPYMFLWSH-UHFFFAOYSA-N""]",2025.09.6,CCCCCCCCCCCCCCCCCCCCCCCCCCCC,"InChI=1S/C28H58/c1-3-5-7-9-11-13-15-17-19-21-23-25-27-28-26-24-22-20-18-16-14-12-10-8-6-4-2/h3-28H2,1-2H3",ZYURHZPYMFLWSH-UHFFFAOYSA-N,ZYURHZPYMFLWSH,C28H58,1,0,False,0,0,0,False,,True,False,grp_5dea7427c65d07c7,train,False,False,4,0
mol_ea2566e6eed8815a,"InChI=1S/C6H10N2/c1-2-4-8-5-3-7-6-8/h3,5-6H,2,4H2,1H3",1-propylimidazole,"[""IYVYLVCVXXCYRI-UHFFFAOYSA-N""]",2025.09.6,CCCn1ccnc1,"InChI=1S/C6H10N2/c1-2-4-8-5-3-7-6-8/h3,5-6H,2,4H2,1H3",IYVYLVCVXXCYRI-UHFFFAOYSA-N,IYVYLVCVXXCYRI,C6H10N2,1,0,False,0,0,0,False,,True,False,grp_554ad3ddcfbe3579,test,False,True,23,0
mol_ea37acee7bc3d9f6,"InChI=1S/C8H15N/c1-2-3-4-5-6-7-8-9/h2-7H2,1H3",octanenitrile,"[""YSIMAPNUZAVQER-UHFFFAOYSA-N""]",2025.09.6,CCCCCCCC#N,"InChI=1S/C8H15N/c1-2-3-4-5-6-7-8-9/h2-7H2,1H3",YSIMAPNUZAVQER-UHFFFAOYSA-N,YSIMAPNUZAVQER,C8H15N,1,0,False,0,0,0,False,,True,False,grp_5dea7427c65d07c7,train,True,True,24,0
mol_ea8ab19c57483e79,InChI=1S/C5H14N2/c6-4-2-1-3-5-7/h1-7H2,"1,5-diaminopentane","[""VHRGRCVQAFMJIZ-UHFFFAOYSA-N""]",2025.09.6,NCCCCCN,InChI=1S/C5H14N2/c6-4-2-1-3-5-7/h1-7H2,VHRGRCVQAFMJIZ-UHFFFAOYSA-N,VHRGRCVQAFMJIZ,C5H14N2,1,0,False,0,0,0,False,,True,False,grp_5dea7427c65d07c7,train,False,True,62,0
mol_eb0e7cd1593e34a5,"InChI=1S/C8H10/c1-7-3-5-8(2)6-4-7/h3-6H,1-2H3","1,4-dimethylbenzene","[""URLKBWYHVLBVBO-UHFFFAOYSA-N""]",2025.09.6,Cc1ccc(C)cc1,"InChI=1S/C8H10/c1-7-3-5-8(2)6-4-7/h3-6H,1-2H3",URLKBWYHVLBVBO-UHFFFAOYSA-N,URLKBWYHVLBVBO,C8H10,1,0,False,0,0,0,False,,True,False,grp_5dea7427c65d07c7,train,True,True,25,0
mol_eb45a79f852eb879,"InChI=1S/C6H5ClO/c7-5-2-1-3-6(8)4-5/h1-4,8H",3-chlorophenol,"[""HORNXRXVQWOLPJ-UHFFFAOYSA-N""]",2025.09.6,Oc1cccc(Cl)c1,"InChI=1S/C6H5ClO/c7-5-2-1-3-6(8)4-5/h1-4,8H",HORNXRXVQWOLPJ-UHFFFAOYSA-N,HORNXRXVQWOLPJ,C6H5ClO,1,0,False,0,0,0,False,,True,False,grp_5085cd785cc4c7f4,test,False,False,10,0
mol_eb7e3a4f6555939a,"InChI=1S/C11H11N/c1-8-3-6-11-10(7-8)5-4-9(2)12-11/h3-7H,1-2H3","2,6-dimethylquinoline","[""JJPSZKIOGBRMHK-UHFFFAOYSA-N""]",2025.09.6,Cc1ccc2nc(C)ccc2c1,"InChI=1S/C11H11N/c1-8-3-6-11-10(7-8)5-4-9(2)12-11/h3-7H,1-2H3",JJPSZKIOGBRMHK-UHFFFAOYSA-N,JJPSZKIOGBRMHK,C11H11N,1,0,False,0,0,0,False,,True,False,grp_eb7e3a4f6555939a,train,False,True,19,0
mol_ecea6633cd348403,"InChI=1S/C7H16O3/c1-4-8-7(9-5-2)10-6-3/h7H,4-6H2,1-3H3",ethyl orthomethanoate,"[""GKASDNZWUGIAMG-UHFFFAOYSA-N""]",2025.09.6,CCOC(OCC)OCC,"InChI=1S/C7H16O3/c1-4-8-7(9-5-2)10-6-3/h7H,4-6H2,1-3H3",GKASDNZWUGIAMG-UHFFFAOYSA-N,GKASDNZWUGIAMG,C7H16O3,1,0,False,0,0,0,False,,True,False,grp_5dea7427c65d07c7,train,True,False,7,0
mol_ed685a6001d3930a,InChI=1S/C9H8N2/c1-2-5-9(6-3-1)11-8-4-7-10-11/h1-8H,1-phenylpyrazole,"[""WITMXBRCQWOZPX-UHFFFAOYSA-N""]",2025.09.6,c1ccc(-n2cccn2)cc1,InChI=1S/C9H8N2/c1-2-5-9(6-3-1)11-8-4-7-10-11/h1-8H,WITMXBRCQWOZPX-UHFFFAOYSA-N,WITMXBRCQWOZPX,C9H8N2,1,0,False,0,0,0,False,,True,False,grp_5ed1239f1de5ca2c,validation,True,True,14,0
mol_edce7975f30639d1,"InChI=1S/C6H12Cl2O/c1-5(2,7)9-6(3,4)8/h1-4H3","propane, 2,2'-oxybis[2-chloro-","[""BULHJTXRZFEUDQ-UHFFFAOYSA-N""]",2025.09.6,CC(C)(Cl)OC(C)(C)Cl,"InChI=1S/C6H12Cl2O/c1-5(2,7)9-6(3,4)8/h1-4H3",BULHJTXRZFEUDQ-UHFFFAOYSA-N,BULHJTXRZFEUDQ,C6H12Cl2O,1,0,False,0,0,0,False,,True,False,grp_edce7975f30639d1,validation,False,True,11,0
mol_ef45e640776b6df4,"InChI=1S/C14H28O2/c1-3-4-5-6-7-8-9-10-11-12-13-16-14(2)15/h3-13H2,1-2H3",dodecyl ethanoate,"[""VZWGRQBCURJOMT-UHFFFAOYSA-N""]",2025.09.6,CCCCCCCCCCCCOC(C)=O,"InChI=1S/C14H28O2/c1-3-4-5-6-7-8-9-10-11-12-13-16-14(2)15/h3-13H2,1-2H3",VZWGRQBCURJOMT-UHFFFAOYSA-N,VZWGRQBCURJOMT,C14H28O2,1,0,False,0,0,0,False,,True,False,grp_5dea7427c65d07c7,train,False,False,7,0
mol_efa9f86fc8afad84,"InChI=1S/C13H19BrO4/c1-15-6-7-16-8-9-17-10-11-18-13-5-3-2-4-12(13)14/h2-5H,6-11H2,1H3",1-bromo-2-(2-(2-(2-methoxyethoxy)ethoxy)ethoxy)benzene,"[""HGMWUNYITCVXPW-UHFFFAOYSA-N""]",2025.09.6,COCCOCCOCCOc1ccccc1Br,"InChI=1S/C13H19BrO4/c1-15-6-7-16-8-9-17-10-11-18-13-5-3-2-4-12(13)14/h2-5H,6-11H2,1H3",HGMWUNYITCVXPW-UHFFFAOYSA-N,HGMWUNYITCVXPW,C13H19BrO4,1,0,False,0,0,0,False,,True,False,grp_95988f9c4708b4b0,test,False,False,2,0
mol_efba6971b29362ed,"InChI=1S/C8H10O/c1-6-4-3-5-7(2)8(6)9/h3-5,9H,1-2H3","2,6-dimethylphenol","[""NXXYKOUNUYWIHA-UHFFFAOYSA-N""]",2025.09.6,Cc1cccc(C)c1O,"InChI=1S/C8H10O/c1-6-4-3-5-7(2)8(6)9/h3-5,9H,1-2H3",NXXYKOUNUYWIHA-UHFFFAOYSA-N,NXXYKOUNUYWIHA,C8H10O,1,0,False,0,0,0,False,,True,False,grp_5dea7427c65d07c7,train,False,False,2,0
mol_efd9aec2c69162b7,"InChI=1S/C13H24O4/c1-3-5-10-16-12(14)8-7-9-13(15)17-11-6-4-2/h3-11H2,1-2H3",dibutyl pentanedioate,"[""ISXDVFNOXYQPIA-UHFFFAOYSA-N""]",2025.09.6,CCCCOC(=O)CCCC(=O)OCCCC,"InChI=1S/C13H24O4/c1-3-5-10-16-12(14)8-7-9-13(15)17-11-6-4-2/h3-11H2,1-2H3",ISXDVFNOXYQPIA-UHFFFAOYSA-N,ISXDVFNOXYQPIA,C13H24O4,1,0,False,0,0,0,False,,True,False,grp_5dea7427c65d07c7,train,False,True,26,0
mol_f032c9190b133ea0,"InChI=1S/C6H10N2/c1-3-8-5-4-7-6(8)2/h4-5H,3H2,1-2H3",1-ethyl-2-methyl-1H-imidazole,"[""NYYVCPHBKQYINK-UHFFFAOYSA-N""]",2025.09.6,CCn1ccnc1C,"InChI=1S/C6H10N2/c1-3-8-5-4-7-6(8)2/h4-5H,3H2,1-2H3",NYYVCPHBKQYINK-UHFFFAOYSA-N,NYYVCPHBKQYINK,C6H10N2,1,0,False,0,0,0,False,,True,False,grp_4099771604350c09,test,False,True,32,0
mol_f076737358086577,"InChI=1S/C6H4Cl2O/c7-4-2-1-3-5(9)6(4)8/h1-3,9H","2,3-dichlorophenol","[""UMPSXRYVXUPCOS-UHFFFAOYSA-N""]",2025.09.6,Oc1cccc(Cl)c1Cl,"InChI=1S/C6H4Cl2O/c7-4-2-1-3-5(9)6(4)8/h1-3,9H",UMPSXRYVXUPCOS-UHFFFAOYSA-N,UMPSXRYVXUPCOS,C6H4Cl2O,1,0,False,0,0,0,False,,True,False,grp_5085cd785cc4c7f4,test,False,False,10,0
mol_f184b9645fb1446a,"InChI=1S/C5H6OS/c6-4-5-2-1-3-7-5/h1-3,6H,4H2",2-thiophenemethanol,"[""ZPHGMBGIFODUMF-UHFFFAOYSA-N""]",2025.09.6,OCc1cccs1,"InChI=1S/C5H6OS/c6-4-5-2-1-3-7-5/h1-3,6H,4H2",ZPHGMBGIFODUMF-UHFFFAOYSA-N,ZPHGMBGIFODUMF,C5H6OS,1,0,False,0,0,0,False,,True,False,grp_4b1804fb3acb405a,validation,False,True,32,0
mol_f23ee274fe9afdfa,"InChI=1S/C12H23N/c1-2-3-4-5-6-7-8-9-10-11-12-13/h2-11H2,1H3",n-dodecanenitrile,"[""VXCUURYYWGCLIH-UHFFFAOYSA-N""]",2025.09.6,CCCCCCCCCCCC#N,"InChI=1S/C12H23N/c1-2-3-4-5-6-7-8-9-10-11-12-13/h2-11H2,1H3",VXCUURYYWGCLIH-UHFFFAOYSA-N,VXCUURYYWGCLIH,C12H23N,1,0,False,0,0,0,False,,True,False,grp_5dea7427c65d07c7,train,True,True,21,0
mol_f26eee6fe0d8e58a,"InChI=1S/C4H5F3O2/c1-2-9-3(8)4(5,6)7/h2H2,1H3",ethyl trifluoroacetate,"[""STSCVKRWJPWALQ-UHFFFAOYSA-N""]",2025.09.6,CCOC(=O)C(F)(F)F,"InChI=1S/C4H5F3O2/c1-2-9-3(8)4(5,6)7/h2H2,1H3",STSCVKRWJPWALQ-UHFFFAOYSA-N,STSCVKRWJPWALQ,C4H5F3O2,1,0,False,0,0,0,False,,True,False,grp_5dea7427c65d07c7,train,False,False,1,0
mol_f2882b3afe2d7bc5,"InChI=1S/C16H22O4/c1-11(2)9-19-15(17)13-7-5-6-8-14(13)16(18)20-10-12(3)4/h5-8,11-12H,9-10H2,1-4H3","diisobutyl 1,2-benzenedioate","[""MGWAVDBGNNKXQV-UHFFFAOYSA-N""]",2025.09.6,CC(C)COC(=O)c1ccccc1C(=O)OCC(C)C,"InChI=1S/C16H22O4/c1-11(2)9-19-15(17)13-7-5-6-8-14(13)16(18)20-10-12(3)4/h5-8,11-12H,9-10H2,1-4H3",MGWAVDBGNNKXQV-UHFFFAOYSA-N,MGWAVDBGNNKXQV,C16H22O4,1,0,False,0,0,0,False,,True,False,grp_cd9f232caa190183,validation,False,False,4,0
mol_f2aab7d7c225f1ac,"InChI=1S/C8H8/c1-2-8-6-4-3-5-7-8/h2-7H,1H2",styrene,"[""PPBRXRYQALVLMV-UHFFFAOYSA-N""]",2025.09.6,C=Cc1ccccc1,"InChI=1S/C8H8/c1-2-8-6-4-3-5-7-8/h2-7H,1H2",PPBRXRYQALVLMV-UHFFFAOYSA-N,PPBRXRYQALVLMV,C8H8,1,0,False,0,0,0,False,,True,False,grp_5dea7427c65d07c7,train,False,True,17,0
mol_f2fe25be2ade1ca5,"InChI=1S/C4H6O2/c1-3-4(5)6-2/h3H,1H2,2H3",methyl propenoate,"[""BAPJBEWLBFYGME-UHFFFAOYSA-N""]",2025.09.6,C=CC(=O)OC,"InChI=1S/C4H6O2/c1-3-4(5)6-2/h3H,1H2,2H3",BAPJBEWLBFYGME-UHFFFAOYSA-N,BAPJBEWLBFYGME,C4H6O2,1,0,False,0,0,0,False,,True,False,grp_d765adb1eb55a46a,validation,False,False,7,0
mol_f32efffa3cd8e3f1,"InChI=1S/C5H12O/c1-4-5(2,3)6/h6H,4H2,1-3H3",2-methylbutan-2-ol,"[""MSXVEPNJUHWQHW-UHFFFAOYSA-N""]",2025.09.6,CCC(C)(C)O,"InChI=1S/C5H12O/c1-4-5(2,3)6/h6H,4H2,1-3H3",MSXVEPNJUHWQHW-UHFFFAOYSA-N,MSXVEPNJUHWQHW,C5H12O,1,0,False,0,0,0,False,,True,False,grp_5dea7427c65d07c7,train,True,True,75,0
mol_f33d00ba50ef03c4,"InChI=1S/C9H13NO/c11-7-6-10-8-9-4-2-1-3-5-9/h1-5,10-11H,6-8H2",2-benzylaminoethanol,"[""XNIOWJUQPMKCIJ-UHFFFAOYSA-N""]",2025.09.6,OCCNCc1ccccc1,"InChI=1S/C9H13NO/c11-7-6-10-8-9-4-2-1-3-5-9/h1-5,10-11H,6-8H2",XNIOWJUQPMKCIJ-UHFFFAOYSA-N,XNIOWJUQPMKCIJ,C9H13NO,1,0,False,0,0,0,False,,True,False,grp_5dea7427c65d07c7,train,False,False,6,0
mol_f3ea48a487080019,"InChI=1S/C7H12O4/c1-10-6(8)4-3-5-7(9)11-2/h3-5H2,1-2H3",dimethyl pentanedioate,"[""XTDYIOOONNVFMA-UHFFFAOYSA-N""]",2025.09.6,COC(=O)CCCC(=O)OC,"InChI=1S/C7H12O4/c1-10-6(8)4-3-5-7(9)11-2/h3-5H2,1-2H3",XTDYIOOONNVFMA-UHFFFAOYSA-N,XTDYIOOONNVFMA,C7H12O4,1,0,False,0,0,0,False,,True,False,grp_5dea7427c65d07c7,train,False,True,58,0
mol_f4140df6fa2e15f2,"InChI=1S/C8H16O3/c1-3-4-5-10-6-7-11-8(2)9/h3-7H2,1-2H3",2-butoxyethyl acetate,"[""NQBXSWAWVZHKBZ-UHFFFAOYSA-N""]",2025.09.6,CCCCOCCOC(C)=O,"InChI=1S/C8H16O3/c1-3-4-5-10-6-7-11-8(2)9/h3-7H2,1-2H3",NQBXSWAWVZHKBZ-UHFFFAOYSA-N,NQBXSWAWVZHKBZ,C8H16O3,1,0,False,0,0,0,False,,True,False,grp_5dea7427c65d07c7,train,True,False,5,0
mol_f45d44d06aa6449e,"InChI=1S/C2H3Cl3/c1-2(3,4)5/h1H3","1,1,1-trichloroethane","[""UOCLXMDMGBRAIB-UHFFFAOYSA-N""]",2025.09.6,CC(Cl)(Cl)Cl,"InChI=1S/C2H3Cl3/c1-2(3,4)5/h1H3",UOCLXMDMGBRAIB-UHFFFAOYSA-N,UOCLXMDMGBRAIB,C2H3Cl3,1,0,False,0,0,0,False,,True,False,grp_5dea7427c65d07c7,train,True,False,2,0
mol_f46d941ea8c759da,InChI=1S/C22H16/c1-2-7-17(8-3-1)20-11-6-12-21(15-20)22-14-13-18-9-4-5-10-19(18)16-22/h1-16H,2-(biphen-3-yl)naphthalene,"[""CFFQABJAVCOJAH-UHFFFAOYSA-N""]",2025.09.6,c1ccc(-c2cccc(-c3ccc4ccccc4c3)c2)cc1,InChI=1S/C22H16/c1-2-7-17(8-3-1)20-11-6-12-21(15-20)22-14-13-18-9-4-5-10-19(18)16-22/h1-16H,CFFQABJAVCOJAH-UHFFFAOYSA-N,CFFQABJAVCOJAH,C22H16,1,0,False,0,0,0,False,,True,False,grp_d957e784c854093b,train,False,False,2,0
mol_f47a1833e8cb8ad4,"InChI=1S/C6H12O2/c1-5(2)4-8-6(3)7/h5H,4H2,1-3H3",2-methylpropyl ethanoate,"[""GJRQTCIYDGXPES-UHFFFAOYSA-N""]",2025.09.6,CC(=O)OCC(C)C,"InChI=1S/C6H12O2/c1-5(2)4-8-6(3)7/h5H,4H2,1-3H3",GJRQTCIYDGXPES-UHFFFAOYSA-N,GJRQTCIYDGXPES,C6H12O2,1,0,False,0,0,0,False,,True,False,grp_5dea7427c65d07c7,train,False,True,7,0
mol_f485c31dbb304f3b,InChI=1S/C2H3N/c1-2-3/h1H3,acetonitrile,"[""WEVYAHXRMPXWCK-UHFFFAOYSA-N""]",2025.09.6,CC#N,InChI=1S/C2H3N/c1-2-3/h1H3,WEVYAHXRMPXWCK-UHFFFAOYSA-N,WEVYAHXRMPXWCK,C2H3N,1,0,False,0,0,0,False,,True,False,grp_5dea7427c65d07c7,train,True,True,58,0
mol_f51711463f7a60d1,"InChI=1S/C7H7NO2/c1-10-7(9)6-4-2-3-5-8-6/h2-5H,1H3",methyl 2-pyridinecarboxylate,"[""NMMIHXMBOZYNET-UHFFFAOYSA-N""]",2025.09.6,COC(=O)c1ccccn1,"InChI=1S/C7H7NO2/c1-10-7(9)6-4-2-3-5-8-6/h2-5H,1H3",NMMIHXMBOZYNET-UHFFFAOYSA-N,NMMIHXMBOZYNET,C7H7NO2,1,0,False,0,0,0,False,,True,False,grp_eacde2a75ccb5ff9,train,True,True,23,0
mol_f51a4721c0180b07,"InChI=1S/C10H16/c1-2-9-7-4-5-8(6-7)10(9)3-1/h7-10H,1-6H2/t7-,8+,9+,10-",exo-tetrahydrodicyclopentadiene,"[""LPSXSORODABQKT-FIRGSJFUSA-N""]",2025.09.6,C1C[C@@H]2[C@H]3CC[C@H](C3)[C@@H]2C1,"InChI=1S/C10H16/c1-2-9-7-4-5-8(6-7)10(9)3-1/h7-10H,1-6H2/t7-,8+,9+,10-",LPSXSORODABQKT-FIRGSJFUSA-N,LPSXSORODABQKT,C10H16,1,0,False,0,4,0,False,,True,False,grp_5dea7427c65d07c7,train,False,False,9,0
mol_f599bee9d7f71e01,"InChI=1S/C6H13N/c1-2-4-6-7-5-3-1/h7H,1-6H2",azacycloheptane,"[""ZSIQJIWKELUFRJ-UHFFFAOYSA-N""]",2025.09.6,C1CCCNCC1,"InChI=1S/C6H13N/c1-2-4-6-7-5-3-1/h7H,1-6H2",ZSIQJIWKELUFRJ-UHFFFAOYSA-N,ZSIQJIWKELUFRJ,C6H13N,1,0,False,0,0,0,False,,True,False,grp_5dea7427c65d07c7,train,True,True,27,0
mol_f5b1d62bafd7f460,InChI=1S/C4H9NO/c1-4(6)5(2)3/h1-3H3,"N,N-dimethylethanamide","[""FXHOOIRPVKKKFG-UHFFFAOYSA-N""]",2025.09.6,CC(=O)N(C)C,InChI=1S/C4H9NO/c1-4(6)5(2)3/h1-3H3,FXHOOIRPVKKKFG-UHFFFAOYSA-N,FXHOOIRPVKKKFG,C4H9NO,1,0,False,0,0,0,False,,True,False,grp_5dea7427c65d07c7,train,False,True,100,0
mol_f612596591f38885,"InChI=1S/C7H9N/c8-6-7-4-2-1-3-5-7/h1-5H,6,8H2",benzylamine,"[""WGQKYBSKWIADBV-UHFFFAOYSA-N""]",2025.09.6,NCc1ccccc1,"InChI=1S/C7H9N/c8-6-7-4-2-1-3-5-7/h1-5H,6,8H2",WGQKYBSKWIADBV-UHFFFAOYSA-N,WGQKYBSKWIADBV,C7H9N,1,0,False,0,0,0,False,,True,False,grp_5dea7427c65d07c7,train,False,True,49,0
mol_f614151f22d755d7,"InChI=1S/C18H30/c1-16(2,3)13-10-14(17(4,5)6)12-15(11-13)18(7,8)9/h10-12H,1-9H3","1,3,5-tri-tert-butylbenzene","[""GUFMBISUSZUUCB-UHFFFAOYSA-N""]",2025.09.6,CC(C)(C)c1cc(C(C)(C)C)cc(C(C)(C)C)c1,"InChI=1S/C18H30/c1-16(2,3)13-10-14(17(4,5)6)12-15(11-13)18(7,8)9/h10-12H,1-9H3",GUFMBISUSZUUCB-UHFFFAOYSA-N,GUFMBISUSZUUCB,C18H30,1,0,False,0,0,0,False,,True,False,grp_8485db366cf61c1d,train,False,True,16,0
mol_f64a37f4f13cc997,"InChI=1S/C8H16O2/c1-6(2)5-10-8(9)7(3)4/h6-7H,5H2,1-4H3",2-methylpropyl 2-methylpropanoate,"[""RXGUIWHIADMCFC-UHFFFAOYSA-N""]",2025.09.6,CC(C)COC(=O)C(C)C,"InChI=1S/C8H16O2/c1-6(2)5-10-8(9)7(3)4/h6-7H,5H2,1-4H3",RXGUIWHIADMCFC-UHFFFAOYSA-N,RXGUIWHIADMCFC,C8H16O2,1,0,False,0,0,0,False,,True,False,grp_5dea7427c65d07c7,train,False,True,13,0
mol_f66338fbde75d97f,"InChI=1S/C8H7N/c1-7-2-4-8(6-9)5-3-7/h2-5H,1H3",4-cyanotoluene,"[""VCZNNAKNUVJVGX-UHFFFAOYSA-N""]",2025.09.6,Cc1ccc(C#N)cc1,"InChI=1S/C8H7N/c1-7-2-4-8(6-9)5-3-7/h2-5H,1H3",VCZNNAKNUVJVGX-UHFFFAOYSA-N,VCZNNAKNUVJVGX,C8H7N,1,0,False,0,0,0,False,,True,False,grp_756fd67e09bf04a3,validation,False,True,16,0
mol_f6e3f0beeca51529,"InChI=1S/C5H14O3Si/c1-5-9(6-2,7-3)8-4/h5H2,1-4H3",ethyltrimethoxysilane,"[""SBRXLTRZCJVAPH-UHFFFAOYSA-N""]",2025.09.6,CC[Si](OC)(OC)OC,"InChI=1S/C5H14O3Si/c1-5-9(6-2,7-3)8-4/h5H2,1-4H3",SBRXLTRZCJVAPH-UHFFFAOYSA-N,SBRXLTRZCJVAPH,C5H14O3Si,1,0,False,0,0,0,False,,True,False,grp_f6e3f0beeca51529,test,False,True,10,0
mol_f6fdbe222c4eecf8,"InChI=1S/C6H5FO/c7-5-1-3-6(8)4-2-5/h1-4,8H",4-fluorophenol,"[""RHMPLDJJXGPMEX-UHFFFAOYSA-N""]",2025.09.6,Oc1ccc(F)cc1,"InChI=1S/C6H5FO/c7-5-1-3-6(8)4-2-5/h1-4,8H",RHMPLDJJXGPMEX-UHFFFAOYSA-N,RHMPLDJJXGPMEX,C6H5FO,1,0,False,0,0,0,False,,True,False,grp_5085cd785cc4c7f4,test,False,True,27,0
mol_f764f99572350169,InChI=1S/C6H10O2/c7-6-4-2-1-3-5-8-6/h1-5H2,6-hexanolactone,"[""PAPBSGBWRJIAAV-UHFFFAOYSA-N""]",2025.09.6,O=C1CCCCCO1,InChI=1S/C6H10O2/c7-6-4-2-1-3-5-8-6/h1-5H2,PAPBSGBWRJIAAV-UHFFFAOYSA-N,PAPBSGBWRJIAAV,C6H10O2,1,0,False,0,0,0,False,,True,False,grp_5dea7427c65d07c7,train,False,False,7,0
mol_f7ad98ebbc8da43b,"InChI=1S/C7H15NO/c1-3-5-8(7-9)6-4-2/h7H,3-6H2,1-2H3","N,N-dipropylformamide","[""XFTIKWYXFSNCQF-UHFFFAOYSA-N""]",2025.09.6,CCCN(C=O)CCC,"InChI=1S/C7H15NO/c1-3-5-8(7-9)6-4-2/h7H,3-6H2,1-2H3",XFTIKWYXFSNCQF-UHFFFAOYSA-N,XFTIKWYXFSNCQF,C7H15NO,1,0,False,0,0,0,False,,True,False,grp_bcf7dc086ea12992,test,False,True,25,0
mol_f805442db4c4ce39,"InChI=1S/C9H18O2/c1-5-6-7-11-8(10)9(2,3)4/h5-7H2,1-4H3","butyl 2,2-dimethylpropanoate","[""FCDMDSDHBVPGGE-UHFFFAOYSA-N""]",2025.09.6,CCCCOC(=O)C(C)(C)C,"InChI=1S/C9H18O2/c1-5-6-7-11-8(10)9(2,3)4/h5-7H2,1-4H3",FCDMDSDHBVPGGE-UHFFFAOYSA-N,FCDMDSDHBVPGGE,C9H18O2,1,0,False,0,0,0,False,,True,False,grp_5dea7427c65d07c7,train,False,True,22,0
mol_f82ffb899fa12758,"InChI=1S/C7H9N/c1-6-4-2-3-5-7(6)8/h2-5H,8H2,1H3",2-methylaniline,"[""RNVCVTLRINQCPJ-UHFFFAOYSA-N""]",2025.09.6,Cc1ccccc1N,"InChI=1S/C7H9N/c1-6-4-2-3-5-7(6)8/h2-5H,8H2,1H3",RNVCVTLRINQCPJ-UHFFFAOYSA-N,RNVCVTLRINQCPJ,C7H9N,1,0,False,0,0,0,False,,True,False,grp_5dea7427c65d07c7,train,False,False,3,0
mol_f991f1ca93072465,"InChI=1S/C19H20O4/c1-2-3-13-22-18(20)16-11-7-8-12-17(16)19(21)23-14-15-9-5-4-6-10-15/h4-12H,2-3,13-14H2,1H3","benzyl butyl 1,2-benzenedioate","[""IRIAEXORFWYRCZ-UHFFFAOYSA-N""]",2025.09.6,CCCCOC(=O)c1ccccc1C(=O)OCc1ccccc1,"InChI=1S/C19H20O4/c1-2-3-13-22-18(20)16-11-7-8-12-17(16)19(21)23-14-15-9-5-4-6-10-15/h4-12H,2-3,13-14H2,1H3",IRIAEXORFWYRCZ-UHFFFAOYSA-N,IRIAEXORFWYRCZ,C19H20O4,1,0,False,0,0,0,False,,True,False,grp_cd9f232caa190183,validation,False,False,2,0
mol_fa6014b0e97e2afc,"InChI=1S/C6H6O2/c1-5(7)6-3-2-4-8-6/h2-4H,1H3",2-acetylfuran,"[""IEMMBWWQXVXBEU-UHFFFAOYSA-N""]",2025.09.6,CC(=O)c1ccco1,"InChI=1S/C6H6O2/c1-5(7)6-3-2-4-8-6/h2-4H,1H3",IEMMBWWQXVXBEU-UHFFFAOYSA-N,IEMMBWWQXVXBEU,C6H6O2,1,0,False,0,0,0,False,,True,False,grp_5dea7427c65d07c7,train,True,True,14,0
mol_fab901c0c3251313,"InChI=1S/C6H13NO/c1-2-7-3-5-8-6-4-7/h2-6H2,1H3",4-ethylmorpholine,"[""HVCNXQOWACZAFN-UHFFFAOYSA-N""]",2025.09.6,CCN1CCOCC1,"InChI=1S/C6H13NO/c1-2-7-3-5-8-6-4-7/h2-6H2,1H3",HVCNXQOWACZAFN-UHFFFAOYSA-N,HVCNXQOWACZAFN,C6H13NO,1,0,False,0,0,0,False,,True,False,grp_5dea7427c65d07c7,train,False,True,44,0
mol_fb084703233aa40a,"InChI=1S/C8H19NS/c1-7(2)9(5-6-10)8(3)4/h7-8,10H,5-6H2,1-4H3",2-(diisopropylamino)ethane-1-thiol,"[""IFZVKYXDCOHPOT-UHFFFAOYSA-N""]",2025.09.6,CC(C)N(CCS)C(C)C,"InChI=1S/C8H19NS/c1-7(2)9(5-6-10)8(3)4/h7-8,10H,5-6H2,1-4H3",IFZVKYXDCOHPOT-UHFFFAOYSA-N,IFZVKYXDCOHPOT,C8H19NS,1,0,False,0,0,0,False,,True,False,grp_024642e109f578eb,train,False,False,3,0
mol_fb304e4936922cdc,"InChI=1S/C14H26O4/c1-13(2,3)17-11(15)9-7-8-10-12(16)18-14(4,5)6/h7-10H2,1-6H3",di-tert-butyl adipate,"[""QSVAYRBPFFOQMK-UHFFFAOYSA-N""]",2025.09.6,CC(C)(C)OC(=O)CCCCC(=O)OC(C)(C)C,"InChI=1S/C14H26O4/c1-13(2,3)17-11(15)9-7-8-10-12(16)18-14(4,5)6/h7-10H2,1-6H3",QSVAYRBPFFOQMK-UHFFFAOYSA-N,QSVAYRBPFFOQMK,C14H26O4,1,0,False,0,0,0,False,,True,False,grp_642c5927dec37b59,validation,False,True,18,0
mol_fb76be87032d9098,"InChI=1S/C11H20O4/c1-8(2)14-10(12)6-5-7-11(13)15-9(3)4/h8-9H,5-7H2,1-4H3",bis(1-methylethyl) pentanedioate,"[""MSQKMFXJFBXZNQ-UHFFFAOYSA-N""]",2025.09.6,CC(C)OC(=O)CCCC(=O)OC(C)C,"InChI=1S/C11H20O4/c1-8(2)14-10(12)6-5-7-11(13)15-9(3)4/h8-9H,5-7H2,1-4H3",MSQKMFXJFBXZNQ-UHFFFAOYSA-N,MSQKMFXJFBXZNQ,C11H20O4,1,0,False,0,0,0,False,,True,False,grp_642c5927dec37b59,validation,False,True,12,0
mol_fb79232c4db917be,InChI=1S/C6F6/c7-1-2(8)4(10)6(12)5(11)3(1)9,hexafluorobenzene,"[""ZQBFAOFFOQMSGJ-UHFFFAOYSA-N""]",2025.09.6,Fc1c(F)c(F)c(F)c(F)c1F,InChI=1S/C6F6/c7-1-2(8)4(10)6(12)5(11)3(1)9,ZQBFAOFFOQMSGJ-UHFFFAOYSA-N,ZQBFAOFFOQMSGJ,C6F6,1,0,False,0,0,0,False,,True,False,grp_5dea7427c65d07c7,train,True,False,5,0
mol_fb8c516f3cf70b3f,"InChI=1S/C6H10/c1-2-4-6-5-3-1/h1-2H,3-6H2",cyclohexene,"[""HGCIXCUEYOPUTN-UHFFFAOYSA-N""]",2025.09.6,C1=CCCCC1,"InChI=1S/C6H10/c1-2-4-6-5-3-1/h1-2H,3-6H2",HGCIXCUEYOPUTN-UHFFFAOYSA-N,HGCIXCUEYOPUTN,C6H10,1,0,False,0,0,0,False,,True,False,grp_5dea7427c65d07c7,train,True,False,1,0
mol_fbd0f1e88c976a97,"InChI=1S/C7H7NO2/c1-6-2-4-7(5-3-6)8(9)10/h2-5H,1H3",1-methyl-4-nitrobenzene,"[""ZPTVNYMJQHSSEA-UHFFFAOYSA-N""]",2025.09.6,Cc1ccc([N+](=O)[O-])cc1,"InChI=1S/C7H7NO2/c1-6-2-4-7(5-3-6)8(9)10/h2-5H,1H3",ZPTVNYMJQHSSEA-UHFFFAOYSA-N,ZPTVNYMJQHSSEA,C7H7NO2,1,0,True,0,0,0,False,,True,False,grp_5dea7427c65d07c7,train,False,True,29,0
mol_fbfba0e871eef2de,"InChI=1S/C4H12N2/c1-5-3-4-6-2/h5-6H,3-4H2,1-2H3","N1,N2-dimethylethane-1,2-diamine","[""KVKFRMCSXWQSNT-UHFFFAOYSA-N""]",2025.09.6,CNCCNC,"InChI=1S/C4H12N2/c1-5-3-4-6-2/h5-6H,3-4H2,1-2H3",KVKFRMCSXWQSNT-UHFFFAOYSA-N,KVKFRMCSXWQSNT,C4H12N2,1,0,False,0,0,0,False,,True,False,grp_fd16eb96ed948225,validation,False,True,14,0
mol_fc1211201dbfeedf,"InChI=1S/C4H10O/c1-3-5-4-2/h3-4H2,1-2H3",diethyl ether,"[""RTZKZFJDLAIYFH-UHFFFAOYSA-N""]",2025.09.6,CCOCC,"InChI=1S/C4H10O/c1-3-5-4-2/h3-4H2,1-2H3",RTZKZFJDLAIYFH-UHFFFAOYSA-N,RTZKZFJDLAIYFH,C4H10O,1,0,False,0,0,0,False,,True,False,grp_5dea7427c65d07c7,train,True,False,5,0
mol_fc2d93121de8a8dd,"InChI=1S/C12H24O2/c1-3-5-6-7-8-9-10-11-12(13)14-4-2/h3-11H2,1-2H3",ethyl decanoate,"[""RGXWDWUGBIJHDO-UHFFFAOYSA-N""]",2025.09.6,CCCCCCCCCC(=O)OCC,"InChI=1S/C12H24O2/c1-3-5-6-7-8-9-10-11-12(13)14-4-2/h3-11H2,1-2H3",RGXWDWUGBIJHDO-UHFFFAOYSA-N,RGXWDWUGBIJHDO,C12H24O2,1,0,False,0,0,0,False,,True,False,grp_5dea7427c65d07c7,train,True,True,28,0
mol_fcedfc9cfdf2681b,"InChI=1S/C8H8O/c9-7-6-8-4-2-1-3-5-8/h1-5,7H,6H2",.alpha.-tolualdehyde,"[""DTUQWGWMVIHBKE-UHFFFAOYSA-N""]",2025.09.6,O=CCc1ccccc1,"InChI=1S/C8H8O/c9-7-6-8-4-2-1-3-5-8/h1-5,7H,6H2",DTUQWGWMVIHBKE-UHFFFAOYSA-N,DTUQWGWMVIHBKE,C8H8O,1,0,False,0,0,0,False,,True,False,grp_5dea7427c65d07c7,train,False,True,11,0
mol_fd8c11940511c457,"InChI=1S/C8H9I/c1-6-4-3-5-7(2)8(6)9/h3-5H,1-2H3","1-iodo-2,6-dimethylbenzene","[""QTUGGVBKWIYQSS-UHFFFAOYSA-N""]",2025.09.6,Cc1cccc(C)c1I,"InChI=1S/C8H9I/c1-6-4-3-5-7(2)8(6)9/h3-5H,1-2H3",QTUGGVBKWIYQSS-UHFFFAOYSA-N,QTUGGVBKWIYQSS,C8H9I,1,0,False,0,0,0,False,,True,False,grp_5dea7427c65d07c7,train,False,True,20,0
mol_fdf32f1c3d1f602f,"InChI=1S/C4H7NO2/c6-4-5-2-1-3-7-4/h1-3H2,(H,5,6)","tetrahydro-1,3-oxazin-2-one","[""OYELEBBISJGNHJ-UHFFFAOYSA-N""]",2025.09.6,OC1=NCCCO1,"InChI=1S/C4H7NO2/c6-4-5-2-1-3-7-4/h1-3H2,(H,5,6)",OYELEBBISJGNHJ-UHFFFAOYSA-N,OYELEBBISJGNHJ,C4H7NO2,1,0,False,0,0,0,False,,True,False,grp_fdf32f1c3d1f602f,test,False,False,10,0
mol_fe38c48a132d8ec5,"InChI=1S/C9H20O/c1-2-3-4-5-6-7-8-9-10/h10H,2-9H2,1H3",nonan-1-ol,"[""ZWRUINPWMLAQRD-UHFFFAOYSA-N""]",2025.09.6,CCCCCCCCCO,"InChI=1S/C9H20O/c1-2-3-4-5-6-7-8-9-10/h10H,2-9H2,1H3",ZWRUINPWMLAQRD-UHFFFAOYSA-N,ZWRUINPWMLAQRD,C9H20O,1,0,False,0,0,0,False,,True,False,grp_5dea7427c65d07c7,train,True,True,28,0
mol_ff54a8bf2e6632ae,"InChI=1S/C10H5F17O/c11-3(12,1-2-28)4(13,14)5(15,16)6(17,18)7(19,20)8(21,22)9(23,24)10(25,26)27/h28H,1-2H2","1-decanol, 3,3,4,4,5,5,6,6,7,7,8,8,9,9,-heptadecafluoro","[""JJUBFBTUBACDHW-UHFFFAOYSA-N""]",2025.09.6,OCCC(F)(F)C(F)(F)C(F)(F)C(F)(F)C(F)(F)C(F)(F)C(F)(F)C(F)(F)F,"InChI=1S/C10H5F17O/c11-3(12,1-2-28)4(13,14)5(15,16)6(17,18)7(19,20)8(21,22)9(23,24)10(25,26)27/h28H,1-2H2",JJUBFBTUBACDHW-UHFFFAOYSA-N,JJUBFBTUBACDHW,C10H5F17O,1,0,False,0,0,0,False,,True,False,grp_ff54a8bf2e6632ae,test,False,False,6,0
mol_ff573fbe94f755cf,"InChI=1S/C3H8O2/c1-3(5)2-4/h3-5H,2H2,1H3/t3-/m0/s1","(+)-(S)-1,2-propanediol","[""DNIAPMSPPWPWGF-VKHMYHEASA-N""]",2025.09.6,C[C@H](O)CO,"InChI=1S/C3H8O2/c1-3(5)2-4/h3-5H,2H2,1H3/t3-/m0/s1",DNIAPMSPPWPWGF-VKHMYHEASA-N,DNIAPMSPPWPWGF,C3H8O2,1,0,False,0,1,0,False,,True,False,grp_ff573fbe94f755cf,test,False,True,57,0
