record_id,series_id,archive_member,data_number,property_number,numvalues_index_1based,inchi,inchikey,name,formula,source_doi,source_year,property_name,property_phase,block_phases_json,method,original_property_value,original_property_value_metadata_json,state_origin,state_metadata_json,T_K,stable_liquid_gas,basic_chemistry_flags,H_kJ_mol,calorimetry_label
10.1016/j.fluid.2012.08.020#d1#p1#r1,10.1016/j.fluid.2012.08.020#d1#p1,10.1016/j.fluid.2012.08.020.json,1,1,1,"InChI=1S/C13H12/c1-11-7-5-6-10-13(11)12-8-3-2-4-9-12/h2-10H,1H3",ALLIZEAXNXSFGD-UHFFFAOYSA-N,2-methylbiphenyl,C13H12,10.1016/j.fluid.2012.08.020,2012,"Molar enthalpy of vaporization or sublimation, kJ/mol",Liquid,"[""Liquid"",""Gas""]",Derived by Second law,65.23,"{""nPropValue"":65.23,""CombinedUncertainty"":{""nCombUncertAssessNum"":1,""nCombExpandUncertValue"":1.28},""nPropDigits"":4,""nPropNumber"":1}",variable,"{""nVarNumber"":1,""nVarDigits"":5,""nVarValue"":298.15}",298.15,True,,65.23,False
10.1016/j.fluid.2012.08.020#d3#p1#r1,10.1016/j.fluid.2012.08.020#d3#p1,10.1016/j.fluid.2012.08.020.json,3,1,1,"InChI=1S/C13H12/c1-11-6-5-9-13(10-11)12-7-3-2-4-8-12/h2-10H,1H3",NPDIDUXTRAITDE-UHFFFAOYSA-N,3-methylbiphenyl,C13H12,10.1016/j.fluid.2012.08.020,2012,"Molar enthalpy of vaporization or sublimation, kJ/mol",Liquid,"[""Liquid"",""Gas""]",Derived by Second law,68.45,"{""nPropNumber"":1,""nPropDigits"":4,""nPropValue"":68.45,""CombinedUncertainty"":{""nCombExpandUncertValue"":1.33,""nCombUncertAssessNum"":1}}",variable,"{""nVarDigits"":5,""nVarNumber"":1,""nVarValue"":298.15}",298.15,True,,68.45,False
10.1016/j.fluid.2012.08.020#d5#p1#r1,10.1016/j.fluid.2012.08.020#d5#p1,10.1016/j.fluid.2012.08.020.json,5,1,1,"InChI=1S/C14H14/c1-11-3-7-13(8-4-11)14-9-5-12(2)6-10-14/h3-10H,1-2H3",RZTDESRVPFKCBH-UHFFFAOYSA-N,"4,4'-dimethylbiphenyl",C14H14,10.1016/j.fluid.2012.08.020,2012,"Molar enthalpy of vaporization or sublimation, kJ/mol",Crystal,"[""Crystal"",""Gas""]",Derived by Second law,95.17,"{""CombinedUncertainty"":{""nCombExpandUncertValue"":1.77,""nCombUncertAssessNum"":1},""nPropValue"":95.17,""nPropDigits"":4,""nPropNumber"":1}",variable,"{""nVarValue"":298.15,""nVarNumber"":1,""nVarDigits"":5}",298.15,False,,95.17,False
10.1016/j.fluid.2012.08.020#d8#p1#r1,10.1016/j.fluid.2012.08.020#d8#p1,10.1016/j.fluid.2012.08.020.json,8,1,1,"InChI=1S/C15H16/c1-12(2)14-9-6-10-15(11-14)13-7-4-3-5-8-13/h3-12H,1-2H3",LIWRTHVZRZXVFX-UHFFFAOYSA-N,"3-(1-Methylethyl)-1,1'-biphenyl",C15H16,10.1016/j.fluid.2012.08.020,2012,"Molar enthalpy of vaporization or sublimation, kJ/mol",Liquid,"[""Liquid"",""Gas""]",Derived by Second law,76.39,"{""CombinedUncertainty"":{""nCombUncertAssessNum"":1,""nCombExpandUncertValue"":2.08},""nPropValue"":76.39,""nPropNumber"":1,""nPropDigits"":4}",variable,"{""nVarValue"":298.15,""nVarDigits"":5,""nVarNumber"":1}",298.15,True,,76.39,False
10.1016/j.fluid.2012.08.020#d13#p1#r1,10.1016/j.fluid.2012.08.020#d13#p1,10.1016/j.fluid.2012.08.020.json,13,1,1,"InChI=1S/C16H18/c1-16(2,3)15-11-7-10-14(12-15)13-8-5-4-6-9-13/h4-12H,1-3H3",GBGBXUYACWXKPV-UHFFFAOYSA-N,"3-(1,1-dimethylethyl)-1,1'-biphenyl",C16H18,10.1016/j.fluid.2012.08.020,2012,"Molar enthalpy of vaporization or sublimation, kJ/mol",Liquid,"[""Liquid"",""Gas""]",Derived by Second law,77.12,"{""CombinedUncertainty"":{""nCombUncertAssessNum"":1,""nCombExpandUncertValue"":1.37},""nPropValue"":77.12,""nPropNumber"":1,""nPropDigits"":4}",variable,"{""nVarValue"":298.15,""nVarDigits"":5,""nVarNumber"":1}",298.15,True,,77.12,False
10.1016/j.fluid.2012.08.020#d16#p1#r1,10.1016/j.fluid.2012.08.020#d16#p1,10.1016/j.fluid.2012.08.020.json,16,1,1,"InChI=1S/C20H26/c1-19(2,3)17-11-7-15(8-12-17)16-9-13-18(14-10-16)20(4,5)6/h7-14H,1-6H3",CDKCEZNPAYWORX-UHFFFAOYSA-N,"4,4'-bis(1,1-dimethylethyl)-1,1'-biphenyl",C20H26,10.1016/j.fluid.2012.08.020,2012,"Molar enthalpy of vaporization or sublimation, kJ/mol",Liquid,"[""Liquid"",""Gas""]",Derived by Second law,108.63,"{""nPropDigits"":5,""nPropNumber"":1,""CombinedUncertainty"":{""nCombExpandUncertValue"":1.78,""nCombUncertAssessNum"":1},""nPropValue"":108.63}",variable,"{""nVarDigits"":5,""nVarNumber"":1,""nVarValue"":298.15}",298.15,True,,108.63,False
10.1016/j.fluid.2014.07.029#d2#p1#r1,10.1016/j.fluid.2014.07.029#d2#p1,10.1016/j.fluid.2014.07.029.json,2,1,1,InChI=1S/C6H5F/c7-6-4-2-1-3-5-6/h1-5H,PYLWMHQQBFSUBP-UHFFFAOYSA-N,fluorobenzene,C6H5F,10.1016/j.fluid.2014.07.029,2014,"Molar enthalpy of vaporization or sublimation, kJ/mol",Liquid,"[""Liquid"",""Gas""]",Derived by Second law,35.68,"{""nPropValue"":35.68,""CombinedUncertainty"":{""nCombExpandUncertValue"":1.36,""nCombUncertAssessNum"":1},""nPropNumber"":1,""nPropDigits"":4}",variable,"{""nVarValue"":274.2,""nVarDigits"":4,""nVarNumber"":1}",274.2,True,,35.68,False
10.1016/j.fluid.2014.07.029#d2#p1#r2,10.1016/j.fluid.2014.07.029#d2#p1,10.1016/j.fluid.2014.07.029.json,2,1,2,InChI=1S/C6H5F/c7-6-4-2-1-3-5-6/h1-5H,PYLWMHQQBFSUBP-UHFFFAOYSA-N,fluorobenzene,C6H5F,10.1016/j.fluid.2014.07.029,2014,"Molar enthalpy of vaporization or sublimation, kJ/mol",Liquid,"[""Liquid"",""Gas""]",Derived by Second law,35.49,"{""nPropValue"":35.49,""CombinedUncertainty"":{""nCombExpandUncertValue"":1.35,""nCombUncertAssessNum"":1},""nPropNumber"":1,""nPropDigits"":4}",variable,"{""nVarValue"":278.2,""nVarNumber"":1,""nVarDigits"":4}",278.2,True,,35.49,False
10.1016/j.fluid.2014.07.029#d2#p1#r3,10.1016/j.fluid.2014.07.029#d2#p1,10.1016/j.fluid.2014.07.029.json,2,1,3,InChI=1S/C6H5F/c7-6-4-2-1-3-5-6/h1-5H,PYLWMHQQBFSUBP-UHFFFAOYSA-N,fluorobenzene,C6H5F,10.1016/j.fluid.2014.07.029,2014,"Molar enthalpy of vaporization or sublimation, kJ/mol",Liquid,"[""Liquid"",""Gas""]",Derived by Second law,35.25,"{""CombinedUncertainty"":{""nCombUncertAssessNum"":1,""nCombExpandUncertValue"":1.35},""nPropValue"":35.25,""nPropDigits"":4,""nPropNumber"":1}",variable,"{""nVarDigits"":4,""nVarNumber"":1,""nVarValue"":283.2}",283.2,True,,35.25,False
10.1016/j.fluid.2014.07.029#d2#p1#r4,10.1016/j.fluid.2014.07.029#d2#p1,10.1016/j.fluid.2014.07.029.json,2,1,4,InChI=1S/C6H5F/c7-6-4-2-1-3-5-6/h1-5H,PYLWMHQQBFSUBP-UHFFFAOYSA-N,fluorobenzene,C6H5F,10.1016/j.fluid.2014.07.029,2014,"Molar enthalpy of vaporization or sublimation, kJ/mol",Liquid,"[""Liquid"",""Gas""]",Derived by Second law,35,"{""nPropValue"":35,""CombinedUncertainty"":{""nCombExpandUncertValue"":1.35,""nCombUncertAssessNum"":1},""nPropDigits"":4,""nPropNumber"":1}",variable,"{""nVarDigits"":4,""nVarNumber"":1,""nVarValue"":288.2}",288.2,True,,35,False
10.1016/j.fluid.2014.07.029#d2#p1#r5,10.1016/j.fluid.2014.07.029#d2#p1,10.1016/j.fluid.2014.07.029.json,2,1,5,InChI=1S/C6H5F/c7-6-4-2-1-3-5-6/h1-5H,PYLWMHQQBFSUBP-UHFFFAOYSA-N,fluorobenzene,C6H5F,10.1016/j.fluid.2014.07.029,2014,"Molar enthalpy of vaporization or sublimation, kJ/mol",Liquid,"[""Liquid"",""Gas""]",Derived by Second law,34.76,"{""nPropValue"":34.76,""CombinedUncertainty"":{""nCombUncertAssessNum"":1,""nCombExpandUncertValue"":1.35},""nPropDigits"":4,""nPropNumber"":1}",variable,"{""nVarDigits"":4,""nVarNumber"":1,""nVarValue"":293.2}",293.2,True,,34.76,False
10.1016/j.fluid.2014.07.029#d2#p1#r6,10.1016/j.fluid.2014.07.029#d2#p1,10.1016/j.fluid.2014.07.029.json,2,1,6,InChI=1S/C6H5F/c7-6-4-2-1-3-5-6/h1-5H,PYLWMHQQBFSUBP-UHFFFAOYSA-N,fluorobenzene,C6H5F,10.1016/j.fluid.2014.07.029,2014,"Molar enthalpy of vaporization or sublimation, kJ/mol",Liquid,"[""Liquid"",""Gas""]",Derived by Second law,34.52,"{""nPropValue"":34.52,""CombinedUncertainty"":{""nCombExpandUncertValue"":1.35,""nCombUncertAssessNum"":1},""nPropNumber"":1,""nPropDigits"":4}",variable,"{""nVarNumber"":1,""nVarDigits"":4,""nVarValue"":298.2}",298.2,True,,34.52,False
10.1016/j.fluid.2014.07.029#d2#p1#r7,10.1016/j.fluid.2014.07.029#d2#p1,10.1016/j.fluid.2014.07.029.json,2,1,7,InChI=1S/C6H5F/c7-6-4-2-1-3-5-6/h1-5H,PYLWMHQQBFSUBP-UHFFFAOYSA-N,fluorobenzene,C6H5F,10.1016/j.fluid.2014.07.029,2014,"Molar enthalpy of vaporization or sublimation, kJ/mol",Liquid,"[""Liquid"",""Gas""]",Derived by Second law,34.27,"{""CombinedUncertainty"":{""nCombUncertAssessNum"":1,""nCombExpandUncertValue"":1.34},""nPropValue"":34.27,""nPropDigits"":4,""nPropNumber"":1}",variable,"{""nVarNumber"":1,""nVarDigits"":4,""nVarValue"":303.2}",303.2,True,,34.27,False
10.1016/j.fluid.2014.07.029#d4#p1#r1,10.1016/j.fluid.2014.07.029#d4#p1,10.1016/j.fluid.2014.07.029.json,4,1,1,InChI=1S/C6H5Cl/c7-6-4-2-1-3-5-6/h1-5H,MVPPADPHJFYWMZ-UHFFFAOYSA-N,chlorobenzene,C6H5Cl,10.1016/j.fluid.2014.07.029,2014,"Molar enthalpy of vaporization or sublimation, kJ/mol",Liquid,"[""Liquid"",""Gas""]",Derived by Second law,42.42,"{""nPropDigits"":4,""nPropNumber"":1,""nPropValue"":42.42,""CombinedUncertainty"":{""nCombExpandUncertValue"":1.42,""nCombUncertAssessNum"":1}}",variable,"{""nVarDigits"":4,""nVarNumber"":1,""nVarValue"":274.5}",274.5,True,,42.42,False
10.1016/j.fluid.2014.07.029#d4#p1#r2,10.1016/j.fluid.2014.07.029#d4#p1,10.1016/j.fluid.2014.07.029.json,4,1,2,InChI=1S/C6H5Cl/c7-6-4-2-1-3-5-6/h1-5H,MVPPADPHJFYWMZ-UHFFFAOYSA-N,chlorobenzene,C6H5Cl,10.1016/j.fluid.2014.07.029,2014,"Molar enthalpy of vaporization or sublimation, kJ/mol",Liquid,"[""Liquid"",""Gas""]",Derived by Second law,42.28,"{""CombinedUncertainty"":{""nCombUncertAssessNum"":1,""nCombExpandUncertValue"":1.42},""nPropValue"":42.28,""nPropDigits"":4,""nPropNumber"":1}",variable,"{""nVarNumber"":1,""nVarDigits"":4,""nVarValue"":277.3}",277.3,True,,42.28,False
10.1016/j.fluid.2014.07.029#d4#p1#r3,10.1016/j.fluid.2014.07.029#d4#p1,10.1016/j.fluid.2014.07.029.json,4,1,3,InChI=1S/C6H5Cl/c7-6-4-2-1-3-5-6/h1-5H,MVPPADPHJFYWMZ-UHFFFAOYSA-N,chlorobenzene,C6H5Cl,10.1016/j.fluid.2014.07.029,2014,"Molar enthalpy of vaporization or sublimation, kJ/mol",Liquid,"[""Liquid"",""Gas""]",Derived by Second law,42.13,"{""nPropDigits"":4,""nPropNumber"":1,""CombinedUncertainty"":{""nCombExpandUncertValue"":1.42,""nCombUncertAssessNum"":1},""nPropValue"":42.13}",variable,"{""nVarDigits"":4,""nVarNumber"":1,""nVarValue"":280.3}",280.3,True,,42.13,False
10.1016/j.fluid.2014.07.029#d4#p1#r4,10.1016/j.fluid.2014.07.029#d4#p1,10.1016/j.fluid.2014.07.029.json,4,1,4,InChI=1S/C6H5Cl/c7-6-4-2-1-3-5-6/h1-5H,MVPPADPHJFYWMZ-UHFFFAOYSA-N,chlorobenzene,C6H5Cl,10.1016/j.fluid.2014.07.029,2014,"Molar enthalpy of vaporization or sublimation, kJ/mol",Liquid,"[""Liquid"",""Gas""]",Derived by Second law,41.97,"{""nPropNumber"":1,""nPropDigits"":4,""CombinedUncertainty"":{""nCombUncertAssessNum"":1,""nCombExpandUncertValue"":1.42},""nPropValue"":41.97}",variable,"{""nVarDigits"":4,""nVarNumber"":1,""nVarValue"":283.3}",283.3,True,,41.97,False
10.1016/j.fluid.2014.07.029#d4#p1#r5,10.1016/j.fluid.2014.07.029#d4#p1,10.1016/j.fluid.2014.07.029.json,4,1,5,InChI=1S/C6H5Cl/c7-6-4-2-1-3-5-6/h1-5H,MVPPADPHJFYWMZ-UHFFFAOYSA-N,chlorobenzene,C6H5Cl,10.1016/j.fluid.2014.07.029,2014,"Molar enthalpy of vaporization or sublimation, kJ/mol",Liquid,"[""Liquid"",""Gas""]",Derived by Second law,41.82,"{""nPropDigits"":4,""nPropNumber"":1,""nPropValue"":41.82,""CombinedUncertainty"":{""nCombUncertAssessNum"":1,""nCombExpandUncertValue"":1.42}}",variable,"{""nVarDigits"":4,""nVarNumber"":1,""nVarValue"":286.3}",286.3,True,,41.82,False
10.1016/j.fluid.2014.07.029#d4#p1#r6,10.1016/j.fluid.2014.07.029#d4#p1,10.1016/j.fluid.2014.07.029.json,4,1,6,InChI=1S/C6H5Cl/c7-6-4-2-1-3-5-6/h1-5H,MVPPADPHJFYWMZ-UHFFFAOYSA-N,chlorobenzene,C6H5Cl,10.1016/j.fluid.2014.07.029,2014,"Molar enthalpy of vaporization or sublimation, kJ/mol",Liquid,"[""Liquid"",""Gas""]",Derived by Second law,41.67,"{""nPropDigits"":4,""nPropNumber"":1,""CombinedUncertainty"":{""nCombUncertAssessNum"":1,""nCombExpandUncertValue"":1.42},""nPropValue"":41.67}",variable,"{""nVarValue"":289.3,""nVarDigits"":4,""nVarNumber"":1}",289.3,True,,41.67,False
10.1016/j.fluid.2014.07.029#d4#p1#r7,10.1016/j.fluid.2014.07.029#d4#p1,10.1016/j.fluid.2014.07.029.json,4,1,7,InChI=1S/C6H5Cl/c7-6-4-2-1-3-5-6/h1-5H,MVPPADPHJFYWMZ-UHFFFAOYSA-N,chlorobenzene,C6H5Cl,10.1016/j.fluid.2014.07.029,2014,"Molar enthalpy of vaporization or sublimation, kJ/mol",Liquid,"[""Liquid"",""Gas""]",Derived by Second law,41.52,"{""nPropDigits"":4,""nPropNumber"":1,""nPropValue"":41.52,""CombinedUncertainty"":{""nCombUncertAssessNum"":1,""nCombExpandUncertValue"":1.42}}",variable,"{""nVarValue"":292.2,""nVarNumber"":1,""nVarDigits"":4}",292.2,True,,41.52,False
10.1016/j.fluid.2014.07.029#d4#p1#r8,10.1016/j.fluid.2014.07.029#d4#p1,10.1016/j.fluid.2014.07.029.json,4,1,8,InChI=1S/C6H5Cl/c7-6-4-2-1-3-5-6/h1-5H,MVPPADPHJFYWMZ-UHFFFAOYSA-N,chlorobenzene,C6H5Cl,10.1016/j.fluid.2014.07.029,2014,"Molar enthalpy of vaporization or sublimation, kJ/mol",Liquid,"[""Liquid"",""Gas""]",Derived by Second law,41.37,"{""nPropDigits"":4,""nPropNumber"":1,""nPropValue"":41.37,""CombinedUncertainty"":{""nCombUncertAssessNum"":1,""nCombExpandUncertValue"":1.41}}",variable,"{""nVarNumber"":1,""nVarDigits"":4,""nVarValue"":295.2}",295.2,True,,41.37,False
10.1016/j.fluid.2014.07.029#d4#p1#r9,10.1016/j.fluid.2014.07.029#d4#p1,10.1016/j.fluid.2014.07.029.json,4,1,9,InChI=1S/C6H5Cl/c7-6-4-2-1-3-5-6/h1-5H,MVPPADPHJFYWMZ-UHFFFAOYSA-N,chlorobenzene,C6H5Cl,10.1016/j.fluid.2014.07.029,2014,"Molar enthalpy of vaporization or sublimation, kJ/mol",Liquid,"[""Liquid"",""Gas""]",Derived by Second law,41.22,"{""nPropValue"":41.22,""CombinedUncertainty"":{""nCombUncertAssessNum"":1,""nCombExpandUncertValue"":1.41},""nPropDigits"":4,""nPropNumber"":1}",variable,"{""nVarDigits"":4,""nVarNumber"":1,""nVarValue"":298.2}",298.2,True,,41.22,False
10.1016/j.fluid.2014.07.029#d4#p1#r10,10.1016/j.fluid.2014.07.029#d4#p1,10.1016/j.fluid.2014.07.029.json,4,1,10,InChI=1S/C6H5Cl/c7-6-4-2-1-3-5-6/h1-5H,MVPPADPHJFYWMZ-UHFFFAOYSA-N,chlorobenzene,C6H5Cl,10.1016/j.fluid.2014.07.029,2014,"Molar enthalpy of vaporization or sublimation, kJ/mol",Liquid,"[""Liquid"",""Gas""]",Derived by Second law,41.07,"{""nPropNumber"":1,""nPropDigits"":4,""CombinedUncertainty"":{""nCombExpandUncertValue"":1.41,""nCombUncertAssessNum"":1},""nPropValue"":41.07}",variable,"{""nVarValue"":301.2,""nVarNumber"":1,""nVarDigits"":4}",301.2,True,,41.07,False
10.1016/j.fluid.2014.07.029#d4#p1#r11,10.1016/j.fluid.2014.07.029#d4#p1,10.1016/j.fluid.2014.07.029.json,4,1,11,InChI=1S/C6H5Cl/c7-6-4-2-1-3-5-6/h1-5H,MVPPADPHJFYWMZ-UHFFFAOYSA-N,chlorobenzene,C6H5Cl,10.1016/j.fluid.2014.07.029,2014,"Molar enthalpy of vaporization or sublimation, kJ/mol",Liquid,"[""Liquid"",""Gas""]",Derived by Second law,40.92,"{""nPropValue"":40.92,""CombinedUncertainty"":{""nCombExpandUncertValue"":1.41,""nCombUncertAssessNum"":1},""nPropNumber"":1,""nPropDigits"":4}",variable,"{""nVarNumber"":1,""nVarDigits"":4,""nVarValue"":304.2}",304.2,True,,40.92,False
10.1016/j.fluid.2014.07.029#d4#p1#r12,10.1016/j.fluid.2014.07.029#d4#p1,10.1016/j.fluid.2014.07.029.json,4,1,12,InChI=1S/C6H5Cl/c7-6-4-2-1-3-5-6/h1-5H,MVPPADPHJFYWMZ-UHFFFAOYSA-N,chlorobenzene,C6H5Cl,10.1016/j.fluid.2014.07.029,2014,"Molar enthalpy of vaporization or sublimation, kJ/mol",Liquid,"[""Liquid"",""Gas""]",Derived by Second law,40.76,"{""nPropNumber"":1,""nPropDigits"":4,""nPropValue"":40.76,""CombinedUncertainty"":{""nCombUncertAssessNum"":1,""nCombExpandUncertValue"":1.41}}",variable,"{""nVarDigits"":4,""nVarNumber"":1,""nVarValue"":307.2}",307.2,True,,40.76,False
10.1016/j.fluid.2014.07.029#d6#p1#r1,10.1016/j.fluid.2014.07.029#d6#p1,10.1016/j.fluid.2014.07.029.json,6,1,1,"InChI=1S/C7H7Cl/c1-6-4-2-3-5-7(6)8/h2-5H,1H3",IBSQPLPBRSHTTG-UHFFFAOYSA-N,2-chlorotoluene,C7H7Cl,10.1016/j.fluid.2014.07.029,2014,"Molar enthalpy of vaporization or sublimation, kJ/mol",Liquid,"[""Liquid"",""Gas""]",Derived by Second law,47.81,"{""nPropValue"":47.81,""CombinedUncertainty"":{""nCombUncertAssessNum"":1,""nCombExpandUncertValue"":1.48},""nPropNumber"":1,""nPropDigits"":4}",variable,"{""nVarValue"":274.2,""nVarNumber"":1,""nVarDigits"":4}",274.2,True,,47.81,False
10.1016/j.fluid.2014.07.029#d6#p1#r2,10.1016/j.fluid.2014.07.029#d6#p1,10.1016/j.fluid.2014.07.029.json,6,1,2,"InChI=1S/C7H7Cl/c1-6-4-2-3-5-7(6)8/h2-5H,1H3",IBSQPLPBRSHTTG-UHFFFAOYSA-N,2-chlorotoluene,C7H7Cl,10.1016/j.fluid.2014.07.029,2014,"Molar enthalpy of vaporization or sublimation, kJ/mol",Liquid,"[""Liquid"",""Gas""]",Derived by Second law,47.64,"{""CombinedUncertainty"":{""nCombUncertAssessNum"":1,""nCombExpandUncertValue"":1.48},""nPropValue"":47.64,""nPropDigits"":4,""nPropNumber"":1}",variable,"{""nVarDigits"":4,""nVarNumber"":1,""nVarValue"":277.1}",277.1,True,,47.64,False
10.1016/j.fluid.2014.07.029#d6#p1#r3,10.1016/j.fluid.2014.07.029#d6#p1,10.1016/j.fluid.2014.07.029.json,6,1,3,"InChI=1S/C7H7Cl/c1-6-4-2-3-5-7(6)8/h2-5H,1H3",IBSQPLPBRSHTTG-UHFFFAOYSA-N,2-chlorotoluene,C7H7Cl,10.1016/j.fluid.2014.07.029,2014,"Molar enthalpy of vaporization or sublimation, kJ/mol",Liquid,"[""Liquid"",""Gas""]",Derived by Second law,47.46,"{""nPropValue"":47.46,""CombinedUncertainty"":{""nCombUncertAssessNum"":1,""nCombExpandUncertValue"":1.47},""nPropNumber"":1,""nPropDigits"":4}",variable,"{""nVarValue"":280.3,""nVarNumber"":1,""nVarDigits"":4}",280.3,True,,47.46,False
10.1016/j.fluid.2014.07.029#d6#p1#r4,10.1016/j.fluid.2014.07.029#d6#p1,10.1016/j.fluid.2014.07.029.json,6,1,4,"InChI=1S/C7H7Cl/c1-6-4-2-3-5-7(6)8/h2-5H,1H3",IBSQPLPBRSHTTG-UHFFFAOYSA-N,2-chlorotoluene,C7H7Cl,10.1016/j.fluid.2014.07.029,2014,"Molar enthalpy of vaporization or sublimation, kJ/mol",Liquid,"[""Liquid"",""Gas""]",Derived by Second law,47.3,"{""nPropValue"":47.3,""CombinedUncertainty"":{""nCombUncertAssessNum"":1,""nCombExpandUncertValue"":1.47},""nPropNumber"":1,""nPropDigits"":4}",variable,"{""nVarDigits"":4,""nVarNumber"":1,""nVarValue"":283.2}",283.2,True,,47.3,False
10.1016/j.fluid.2014.07.029#d6#p1#r5,10.1016/j.fluid.2014.07.029#d6#p1,10.1016/j.fluid.2014.07.029.json,6,1,5,"InChI=1S/C7H7Cl/c1-6-4-2-3-5-7(6)8/h2-5H,1H3",IBSQPLPBRSHTTG-UHFFFAOYSA-N,2-chlorotoluene,C7H7Cl,10.1016/j.fluid.2014.07.029,2014,"Molar enthalpy of vaporization or sublimation, kJ/mol",Liquid,"[""Liquid"",""Gas""]",Derived by Second law,47.13,"{""nPropValue"":47.13,""CombinedUncertainty"":{""nCombExpandUncertValue"":1.47,""nCombUncertAssessNum"":1},""nPropNumber"":1,""nPropDigits"":4}",variable,"{""nVarDigits"":4,""nVarNumber"":1,""nVarValue"":286.1}",286.1,True,,47.13,False
10.1016/j.fluid.2014.07.029#d6#p1#r6,10.1016/j.fluid.2014.07.029#d6#p1,10.1016/j.fluid.2014.07.029.json,6,1,6,"InChI=1S/C7H7Cl/c1-6-4-2-3-5-7(6)8/h2-5H,1H3",IBSQPLPBRSHTTG-UHFFFAOYSA-N,2-chlorotoluene,C7H7Cl,10.1016/j.fluid.2014.07.029,2014,"Molar enthalpy of vaporization or sublimation, kJ/mol",Liquid,"[""Liquid"",""Gas""]",Derived by Second law,47.01,"{""nPropDigits"":4,""nPropNumber"":1,""CombinedUncertainty"":{""nCombExpandUncertValue"":1.47,""nCombUncertAssessNum"":1},""nPropValue"":47.01}",variable,"{""nVarValue"":288.2,""nVarDigits"":4,""nVarNumber"":1}",288.2,True,,47.01,False
10.1016/j.fluid.2014.07.029#d6#p1#r7,10.1016/j.fluid.2014.07.029#d6#p1,10.1016/j.fluid.2014.07.029.json,6,1,7,"InChI=1S/C7H7Cl/c1-6-4-2-3-5-7(6)8/h2-5H,1H3",IBSQPLPBRSHTTG-UHFFFAOYSA-N,2-chlorotoluene,C7H7Cl,10.1016/j.fluid.2014.07.029,2014,"Molar enthalpy of vaporization or sublimation, kJ/mol",Liquid,"[""Liquid"",""Gas""]",Derived by Second law,46.84,"{""CombinedUncertainty"":{""nCombExpandUncertValue"":1.47,""nCombUncertAssessNum"":1},""nPropValue"":46.84,""nPropNumber"":1,""nPropDigits"":4}",variable,"{""nVarDigits"":4,""nVarNumber"":1,""nVarValue"":291.2}",291.2,True,,46.84,False
10.1016/j.fluid.2014.07.029#d6#p1#r8,10.1016/j.fluid.2014.07.029#d6#p1,10.1016/j.fluid.2014.07.029.json,6,1,8,"InChI=1S/C7H7Cl/c1-6-4-2-3-5-7(6)8/h2-5H,1H3",IBSQPLPBRSHTTG-UHFFFAOYSA-N,2-chlorotoluene,C7H7Cl,10.1016/j.fluid.2014.07.029,2014,"Molar enthalpy of vaporization or sublimation, kJ/mol",Liquid,"[""Liquid"",""Gas""]",Derived by Second law,46.68,"{""nPropDigits"":4,""nPropNumber"":1,""nPropValue"":46.68,""CombinedUncertainty"":{""nCombExpandUncertValue"":1.47,""nCombUncertAssessNum"":1}}",variable,"{""nVarValue"":294.1,""nVarNumber"":1,""nVarDigits"":4}",294.1,True,,46.68,False
10.1016/j.fluid.2014.07.029#d6#p1#r9,10.1016/j.fluid.2014.07.029#d6#p1,10.1016/j.fluid.2014.07.029.json,6,1,9,"InChI=1S/C7H7Cl/c1-6-4-2-3-5-7(6)8/h2-5H,1H3",IBSQPLPBRSHTTG-UHFFFAOYSA-N,2-chlorotoluene,C7H7Cl,10.1016/j.fluid.2014.07.029,2014,"Molar enthalpy of vaporization or sublimation, kJ/mol",Liquid,"[""Liquid"",""Gas""]",Derived by Second law,46.5,"{""nPropDigits"":4,""nPropNumber"":1,""nPropValue"":46.5,""CombinedUncertainty"":{""nCombExpandUncertValue"":1.47,""nCombUncertAssessNum"":1}}",variable,"{""nVarDigits"":4,""nVarNumber"":1,""nVarValue"":297.2}",297.2,True,,46.5,False
10.1016/j.fluid.2014.07.029#d6#p1#r10,10.1016/j.fluid.2014.07.029#d6#p1,10.1016/j.fluid.2014.07.029.json,6,1,10,"InChI=1S/C7H7Cl/c1-6-4-2-3-5-7(6)8/h2-5H,1H3",IBSQPLPBRSHTTG-UHFFFAOYSA-N,2-chlorotoluene,C7H7Cl,10.1016/j.fluid.2014.07.029,2014,"Molar enthalpy of vaporization or sublimation, kJ/mol",Liquid,"[""Liquid"",""Gas""]",Derived by Second law,46.5,"{""CombinedUncertainty"":{""nCombUncertAssessNum"":1,""nCombExpandUncertValue"":1.47},""nPropValue"":46.5,""nPropNumber"":1,""nPropDigits"":4}",variable,"{""nVarNumber"":1,""nVarDigits"":4,""nVarValue"":297.2}",297.2,True,,46.5,False
10.1016/j.fluid.2014.07.029#d6#p1#r11,10.1016/j.fluid.2014.07.029#d6#p1,10.1016/j.fluid.2014.07.029.json,6,1,11,"InChI=1S/C7H7Cl/c1-6-4-2-3-5-7(6)8/h2-5H,1H3",IBSQPLPBRSHTTG-UHFFFAOYSA-N,2-chlorotoluene,C7H7Cl,10.1016/j.fluid.2014.07.029,2014,"Molar enthalpy of vaporization or sublimation, kJ/mol",Liquid,"[""Liquid"",""Gas""]",Derived by Second law,46.5,"{""nPropNumber"":1,""nPropDigits"":4,""CombinedUncertainty"":{""nCombUncertAssessNum"":1,""nCombExpandUncertValue"":1.47},""nPropValue"":46.5}",variable,"{""nVarValue"":297.2,""nVarDigits"":4,""nVarNumber"":1}",297.2,True,,46.5,False
10.1016/j.fluid.2014.07.029#d6#p1#r12,10.1016/j.fluid.2014.07.029#d6#p1,10.1016/j.fluid.2014.07.029.json,6,1,12,"InChI=1S/C7H7Cl/c1-6-4-2-3-5-7(6)8/h2-5H,1H3",IBSQPLPBRSHTTG-UHFFFAOYSA-N,2-chlorotoluene,C7H7Cl,10.1016/j.fluid.2014.07.029,2014,"Molar enthalpy of vaporization or sublimation, kJ/mol",Liquid,"[""Liquid"",""Gas""]",Derived by Second law,46.33,"{""nPropNumber"":1,""nPropDigits"":4,""nPropValue"":46.33,""CombinedUncertainty"":{""nCombUncertAssessNum"":1,""nCombExpandUncertValue"":1.46}}",variable,"{""nVarValue"":300.2,""nVarDigits"":4,""nVarNumber"":1}",300.2,True,,46.33,False
10.1016/j.fluid.2014.07.029#d6#p1#r13,10.1016/j.fluid.2014.07.029#d6#p1,10.1016/j.fluid.2014.07.029.json,6,1,13,"InChI=1S/C7H7Cl/c1-6-4-2-3-5-7(6)8/h2-5H,1H3",IBSQPLPBRSHTTG-UHFFFAOYSA-N,2-chlorotoluene,C7H7Cl,10.1016/j.fluid.2014.07.029,2014,"Molar enthalpy of vaporization or sublimation, kJ/mol",Liquid,"[""Liquid"",""Gas""]",Derived by Second law,46.16,"{""nPropNumber"":1,""nPropDigits"":4,""CombinedUncertainty"":{""nCombExpandUncertValue"":1.46,""nCombUncertAssessNum"":1},""nPropValue"":46.16}",variable,"{""nVarValue"":303.2,""nVarNumber"":1,""nVarDigits"":4}",303.2,True,,46.16,False
10.1016/j.fluid.2014.07.029#d6#p1#r14,10.1016/j.fluid.2014.07.029#d6#p1,10.1016/j.fluid.2014.07.029.json,6,1,14,"InChI=1S/C7H7Cl/c1-6-4-2-3-5-7(6)8/h2-5H,1H3",IBSQPLPBRSHTTG-UHFFFAOYSA-N,2-chlorotoluene,C7H7Cl,10.1016/j.fluid.2014.07.029,2014,"Molar enthalpy of vaporization or sublimation, kJ/mol",Liquid,"[""Liquid"",""Gas""]",Derived by Second law,45.99,"{""nPropDigits"":4,""nPropNumber"":1,""CombinedUncertainty"":{""nCombUncertAssessNum"":1,""nCombExpandUncertValue"":1.46},""nPropValue"":45.99}",variable,"{""nVarValue"":306.2,""nVarDigits"":4,""nVarNumber"":1}",306.2,True,,45.99,False
10.1016/j.fluid.2014.07.029#d8#p1#r1,10.1016/j.fluid.2014.07.029#d8#p1,10.1016/j.fluid.2014.07.029.json,8,1,1,"InChI=1S/C7H7Cl/c1-6-3-2-4-7(8)5-6/h2-5H,1H3",OSOUNOBYRMOXQQ-UHFFFAOYSA-N,3-chlorotoluene,C7H7Cl,10.1016/j.fluid.2014.07.029,2014,"Molar enthalpy of vaporization or sublimation, kJ/mol",Liquid,"[""Liquid"",""Gas""]",Derived by Second law,48.26,"{""CombinedUncertainty"":{""nCombUncertAssessNum"":1,""nCombExpandUncertValue"":1.48},""nPropValue"":48.26,""nPropDigits"":4,""nPropNumber"":1}",variable,"{""nVarValue"":274.2,""nVarDigits"":4,""nVarNumber"":1}",274.2,True,,48.26,False
10.1016/j.fluid.2014.07.029#d8#p1#r2,10.1016/j.fluid.2014.07.029#d8#p1,10.1016/j.fluid.2014.07.029.json,8,1,2,"InChI=1S/C7H7Cl/c1-6-3-2-4-7(8)5-6/h2-5H,1H3",OSOUNOBYRMOXQQ-UHFFFAOYSA-N,3-chlorotoluene,C7H7Cl,10.1016/j.fluid.2014.07.029,2014,"Molar enthalpy of vaporization or sublimation, kJ/mol",Liquid,"[""Liquid"",""Gas""]",Derived by Second law,48.1,"{""nPropDigits"":4,""nPropNumber"":1,""nPropValue"":48.1,""CombinedUncertainty"":{""nCombExpandUncertValue"":1.48,""nCombUncertAssessNum"":1}}",variable,"{""nVarNumber"":1,""nVarDigits"":4,""nVarValue"":277.2}",277.2,True,,48.1,False
10.1016/j.fluid.2014.07.029#d8#p1#r3,10.1016/j.fluid.2014.07.029#d8#p1,10.1016/j.fluid.2014.07.029.json,8,1,3,"InChI=1S/C7H7Cl/c1-6-3-2-4-7(8)5-6/h2-5H,1H3",OSOUNOBYRMOXQQ-UHFFFAOYSA-N,3-chlorotoluene,C7H7Cl,10.1016/j.fluid.2014.07.029,2014,"Molar enthalpy of vaporization or sublimation, kJ/mol",Liquid,"[""Liquid"",""Gas""]",Derived by Second law,47.93,"{""nPropNumber"":1,""nPropDigits"":4,""CombinedUncertainty"":{""nCombUncertAssessNum"":1,""nCombExpandUncertValue"":1.48},""nPropValue"":47.93}",variable,"{""nVarValue"":280.2,""nVarDigits"":4,""nVarNumber"":1}",280.2,True,,47.93,False
10.1016/j.fluid.2014.07.029#d8#p1#r4,10.1016/j.fluid.2014.07.029#d8#p1,10.1016/j.fluid.2014.07.029.json,8,1,4,"InChI=1S/C7H7Cl/c1-6-3-2-4-7(8)5-6/h2-5H,1H3",OSOUNOBYRMOXQQ-UHFFFAOYSA-N,3-chlorotoluene,C7H7Cl,10.1016/j.fluid.2014.07.029,2014,"Molar enthalpy of vaporization or sublimation, kJ/mol",Liquid,"[""Liquid"",""Gas""]",Derived by Second law,47.77,"{""nPropDigits"":4,""nPropNumber"":1,""CombinedUncertainty"":{""nCombUncertAssessNum"":1,""nCombExpandUncertValue"":1.48},""nPropValue"":47.77}",variable,"{""nVarDigits"":4,""nVarNumber"":1,""nVarValue"":283.1}",283.1,True,,47.77,False
10.1016/j.fluid.2014.07.029#d8#p1#r5,10.1016/j.fluid.2014.07.029#d8#p1,10.1016/j.fluid.2014.07.029.json,8,1,5,"InChI=1S/C7H7Cl/c1-6-3-2-4-7(8)5-6/h2-5H,1H3",OSOUNOBYRMOXQQ-UHFFFAOYSA-N,3-chlorotoluene,C7H7Cl,10.1016/j.fluid.2014.07.029,2014,"Molar enthalpy of vaporization or sublimation, kJ/mol",Liquid,"[""Liquid"",""Gas""]",Derived by Second law,47.6,"{""CombinedUncertainty"":{""nCombExpandUncertValue"":1.48,""nCombUncertAssessNum"":1},""nPropValue"":47.6,""nPropDigits"":4,""nPropNumber"":1}",variable,"{""nVarNumber"":1,""nVarDigits"":4,""nVarValue"":286.2}",286.2,True,,47.6,False
10.1016/j.fluid.2014.07.029#d8#p1#r6,10.1016/j.fluid.2014.07.029#d8#p1,10.1016/j.fluid.2014.07.029.json,8,1,6,"InChI=1S/C7H7Cl/c1-6-3-2-4-7(8)5-6/h2-5H,1H3",OSOUNOBYRMOXQQ-UHFFFAOYSA-N,3-chlorotoluene,C7H7Cl,10.1016/j.fluid.2014.07.029,2014,"Molar enthalpy of vaporization or sublimation, kJ/mol",Liquid,"[""Liquid"",""Gas""]",Derived by Second law,47.49,"{""nPropValue"":47.49,""CombinedUncertainty"":{""nCombExpandUncertValue"":1.47,""nCombUncertAssessNum"":1},""nPropNumber"":1,""nPropDigits"":4}",variable,"{""nVarValue"":288.2,""nVarDigits"":4,""nVarNumber"":1}",288.2,True,,47.49,False
10.1016/j.fluid.2014.07.029#d8#p1#r7,10.1016/j.fluid.2014.07.029#d8#p1,10.1016/j.fluid.2014.07.029.json,8,1,7,"InChI=1S/C7H7Cl/c1-6-3-2-4-7(8)5-6/h2-5H,1H3",OSOUNOBYRMOXQQ-UHFFFAOYSA-N,3-chlorotoluene,C7H7Cl,10.1016/j.fluid.2014.07.029,2014,"Molar enthalpy of vaporization or sublimation, kJ/mol",Liquid,"[""Liquid"",""Gas""]",Derived by Second law,47.33,"{""nPropNumber"":1,""nPropDigits"":4,""nPropValue"":47.33,""CombinedUncertainty"":{""nCombUncertAssessNum"":1,""nCombExpandUncertValue"":1.47}}",variable,"{""nVarDigits"":4,""nVarNumber"":1,""nVarValue"":291.2}",291.2,True,,47.33,False
10.1016/j.fluid.2014.07.029#d8#p1#r8,10.1016/j.fluid.2014.07.029#d8#p1,10.1016/j.fluid.2014.07.029.json,8,1,8,"InChI=1S/C7H7Cl/c1-6-3-2-4-7(8)5-6/h2-5H,1H3",OSOUNOBYRMOXQQ-UHFFFAOYSA-N,3-chlorotoluene,C7H7Cl,10.1016/j.fluid.2014.07.029,2014,"Molar enthalpy of vaporization or sublimation, kJ/mol",Liquid,"[""Liquid"",""Gas""]",Derived by Second law,47.16,"{""CombinedUncertainty"":{""nCombUncertAssessNum"":1,""nCombExpandUncertValue"":1.47},""nPropValue"":47.16,""nPropDigits"":4,""nPropNumber"":1}",variable,"{""nVarNumber"":1,""nVarDigits"":4,""nVarValue"":294.2}",294.2,True,,47.16,False
10.1016/j.fluid.2014.07.029#d8#p1#r9,10.1016/j.fluid.2014.07.029#d8#p1,10.1016/j.fluid.2014.07.029.json,8,1,9,"InChI=1S/C7H7Cl/c1-6-3-2-4-7(8)5-6/h2-5H,1H3",OSOUNOBYRMOXQQ-UHFFFAOYSA-N,3-chlorotoluene,C7H7Cl,10.1016/j.fluid.2014.07.029,2014,"Molar enthalpy of vaporization or sublimation, kJ/mol",Liquid,"[""Liquid"",""Gas""]",Derived by Second law,47.16,"{""nPropDigits"":4,""nPropNumber"":1,""nPropValue"":47.16,""CombinedUncertainty"":{""nCombUncertAssessNum"":1,""nCombExpandUncertValue"":1.47}}",variable,"{""nVarDigits"":4,""nVarNumber"":1,""nVarValue"":294.2}",294.2,True,,47.16,False
10.1016/j.fluid.2014.07.029#d8#p1#r10,10.1016/j.fluid.2014.07.029#d8#p1,10.1016/j.fluid.2014.07.029.json,8,1,10,"InChI=1S/C7H7Cl/c1-6-3-2-4-7(8)5-6/h2-5H,1H3",OSOUNOBYRMOXQQ-UHFFFAOYSA-N,3-chlorotoluene,C7H7Cl,10.1016/j.fluid.2014.07.029,2014,"Molar enthalpy of vaporization or sublimation, kJ/mol",Liquid,"[""Liquid"",""Gas""]",Derived by Second law,46.99,"{""CombinedUncertainty"":{""nCombExpandUncertValue"":1.47,""nCombUncertAssessNum"":1},""nPropValue"":46.99,""nPropDigits"":4,""nPropNumber"":1}",variable,"{""nVarNumber"":1,""nVarDigits"":4,""nVarValue"":297.2}",297.2,True,,46.99,False
10.1016/j.fluid.2014.07.029#d8#p1#r11,10.1016/j.fluid.2014.07.029#d8#p1,10.1016/j.fluid.2014.07.029.json,8,1,11,"InChI=1S/C7H7Cl/c1-6-3-2-4-7(8)5-6/h2-5H,1H3",OSOUNOBYRMOXQQ-UHFFFAOYSA-N,3-chlorotoluene,C7H7Cl,10.1016/j.fluid.2014.07.029,2014,"Molar enthalpy of vaporization or sublimation, kJ/mol",Liquid,"[""Liquid"",""Gas""]",Derived by Second law,46.83,"{""nPropValue"":46.83,""CombinedUncertainty"":{""nCombExpandUncertValue"":1.47,""nCombUncertAssessNum"":1},""nPropNumber"":1,""nPropDigits"":4}",variable,"{""nVarDigits"":4,""nVarNumber"":1,""nVarValue"":300.2}",300.2,True,,46.83,False
10.1016/j.fluid.2014.07.029#d8#p1#r12,10.1016/j.fluid.2014.07.029#d8#p1,10.1016/j.fluid.2014.07.029.json,8,1,12,"InChI=1S/C7H7Cl/c1-6-3-2-4-7(8)5-6/h2-5H,1H3",OSOUNOBYRMOXQQ-UHFFFAOYSA-N,3-chlorotoluene,C7H7Cl,10.1016/j.fluid.2014.07.029,2014,"Molar enthalpy of vaporization or sublimation, kJ/mol",Liquid,"[""Liquid"",""Gas""]",Derived by Second law,46.66,"{""nPropNumber"":1,""nPropDigits"":4,""nPropValue"":46.66,""CombinedUncertainty"":{""nCombUncertAssessNum"":1,""nCombExpandUncertValue"":1.47}}",variable,"{""nVarDigits"":4,""nVarNumber"":1,""nVarValue"":303.2}",303.2,True,,46.66,False
10.1016/j.fluid.2014.07.029#d8#p1#r13,10.1016/j.fluid.2014.07.029#d8#p1,10.1016/j.fluid.2014.07.029.json,8,1,13,"InChI=1S/C7H7Cl/c1-6-3-2-4-7(8)5-6/h2-5H,1H3",OSOUNOBYRMOXQQ-UHFFFAOYSA-N,3-chlorotoluene,C7H7Cl,10.1016/j.fluid.2014.07.029,2014,"Molar enthalpy of vaporization or sublimation, kJ/mol",Liquid,"[""Liquid"",""Gas""]",Derived by Second law,46.49,"{""CombinedUncertainty"":{""nCombUncertAssessNum"":1,""nCombExpandUncertValue"":1.46},""nPropValue"":46.49,""nPropDigits"":4,""nPropNumber"":1}",variable,"{""nVarValue"":306.3,""nVarNumber"":1,""nVarDigits"":4}",306.3,True,,46.49,False
10.1016/j.fluid.2014.07.029#d8#p1#r14,10.1016/j.fluid.2014.07.029#d8#p1,10.1016/j.fluid.2014.07.029.json,8,1,14,"InChI=1S/C7H7Cl/c1-6-3-2-4-7(8)5-6/h2-5H,1H3",OSOUNOBYRMOXQQ-UHFFFAOYSA-N,3-chlorotoluene,C7H7Cl,10.1016/j.fluid.2014.07.029,2014,"Molar enthalpy of vaporization or sublimation, kJ/mol",Liquid,"[""Liquid"",""Gas""]",Derived by Second law,46.33,"{""nPropDigits"":4,""nPropNumber"":1,""CombinedUncertainty"":{""nCombExpandUncertValue"":1.46,""nCombUncertAssessNum"":1},""nPropValue"":46.33}",variable,"{""nVarDigits"":4,""nVarNumber"":1,""nVarValue"":309.2}",309.2,True,,46.33,False
10.1016/j.fluid.2014.07.029#d10#p1#r1,10.1016/j.fluid.2014.07.029#d10#p1,10.1016/j.fluid.2014.07.029.json,10,1,1,"InChI=1S/C7H7Cl/c1-6-2-4-7(8)5-3-6/h2-5H,1H3",NPDACUSDTOMAMK-UHFFFAOYSA-N,4-chlorotoluene,C7H7Cl,10.1016/j.fluid.2014.07.029,2014,"Molar enthalpy of vaporization or sublimation, kJ/mol",Liquid,"[""Liquid"",""Gas""]",Derived by Second law,47.85,"{""CombinedUncertainty"":{""nCombUncertAssessNum"":1,""nCombExpandUncertValue"":1.48},""nPropValue"":47.85,""nPropDigits"":4,""nPropNumber"":1}",variable,"{""nVarValue"":274.3,""nVarDigits"":4,""nVarNumber"":1}",274.3,True,,47.85,False
10.1016/j.fluid.2014.07.029#d10#p1#r2,10.1016/j.fluid.2014.07.029#d10#p1,10.1016/j.fluid.2014.07.029.json,10,1,2,"InChI=1S/C7H7Cl/c1-6-2-4-7(8)5-3-6/h2-5H,1H3",NPDACUSDTOMAMK-UHFFFAOYSA-N,4-chlorotoluene,C7H7Cl,10.1016/j.fluid.2014.07.029,2014,"Molar enthalpy of vaporization or sublimation, kJ/mol",Liquid,"[""Liquid"",""Gas""]",Derived by Second law,47.85,"{""nPropNumber"":1,""nPropDigits"":4,""CombinedUncertainty"":{""nCombUncertAssessNum"":1,""nCombExpandUncertValue"":1.48},""nPropValue"":47.85}",variable,"{""nVarNumber"":1,""nVarDigits"":4,""nVarValue"":274.3}",274.3,True,,47.85,False
10.1016/j.fluid.2014.07.029#d10#p1#r3,10.1016/j.fluid.2014.07.029#d10#p1,10.1016/j.fluid.2014.07.029.json,10,1,3,"InChI=1S/C7H7Cl/c1-6-2-4-7(8)5-3-6/h2-5H,1H3",NPDACUSDTOMAMK-UHFFFAOYSA-N,4-chlorotoluene,C7H7Cl,10.1016/j.fluid.2014.07.029,2014,"Molar enthalpy of vaporization or sublimation, kJ/mol",Liquid,"[""Liquid"",""Gas""]",Derived by Second law,47.74,"{""nPropValue"":47.74,""CombinedUncertainty"":{""nCombExpandUncertValue"":1.48,""nCombUncertAssessNum"":1},""nPropDigits"":4,""nPropNumber"":1}",variable,"{""nVarNumber"":1,""nVarDigits"":4,""nVarValue"":276.1}",276.1,True,,47.74,False
10.1016/j.fluid.2014.07.029#d10#p1#r4,10.1016/j.fluid.2014.07.029#d10#p1,10.1016/j.fluid.2014.07.029.json,10,1,4,"InChI=1S/C7H7Cl/c1-6-2-4-7(8)5-3-6/h2-5H,1H3",NPDACUSDTOMAMK-UHFFFAOYSA-N,4-chlorotoluene,C7H7Cl,10.1016/j.fluid.2014.07.029,2014,"Molar enthalpy of vaporization or sublimation, kJ/mol",Liquid,"[""Liquid"",""Gas""]",Derived by Second law,47.63,"{""CombinedUncertainty"":{""nCombUncertAssessNum"":1,""nCombExpandUncertValue"":1.48},""nPropValue"":47.63,""nPropNumber"":1,""nPropDigits"":4}",variable,"{""nVarDigits"":4,""nVarNumber"":1,""nVarValue"":278.2}",278.2,True,,47.63,False
10.1016/j.fluid.2014.07.029#d10#p1#r5,10.1016/j.fluid.2014.07.029#d10#p1,10.1016/j.fluid.2014.07.029.json,10,1,5,"InChI=1S/C7H7Cl/c1-6-2-4-7(8)5-3-6/h2-5H,1H3",NPDACUSDTOMAMK-UHFFFAOYSA-N,4-chlorotoluene,C7H7Cl,10.1016/j.fluid.2014.07.029,2014,"Molar enthalpy of vaporization or sublimation, kJ/mol",Liquid,"[""Liquid"",""Gas""]",Derived by Second law,47.51,"{""nPropNumber"":1,""nPropDigits"":4,""nPropValue"":47.51,""CombinedUncertainty"":{""nCombUncertAssessNum"":1,""nCombExpandUncertValue"":1.48}}",variable,"{""nVarValue"":280.2,""nVarDigits"":4,""nVarNumber"":1}",280.2,True,,47.51,False
10.1016/j.fluid.2014.07.029#d10#p1#r6,10.1016/j.fluid.2014.07.029#d10#p1,10.1016/j.fluid.2014.07.029.json,10,1,6,"InChI=1S/C7H7Cl/c1-6-2-4-7(8)5-3-6/h2-5H,1H3",NPDACUSDTOMAMK-UHFFFAOYSA-N,4-chlorotoluene,C7H7Cl,10.1016/j.fluid.2014.07.029,2014,"Molar enthalpy of vaporization or sublimation, kJ/mol",Liquid,"[""Liquid"",""Gas""]",Derived by Second law,47.4,"{""nPropNumber"":1,""nPropDigits"":4,""CombinedUncertainty"":{""nCombExpandUncertValue"":1.47,""nCombUncertAssessNum"":1},""nPropValue"":47.4}",variable,"{""nVarValue"":282.1,""nVarDigits"":4,""nVarNumber"":1}",282.1,True,,47.4,False
10.1016/j.fluid.2014.07.029#d10#p1#r7,10.1016/j.fluid.2014.07.029#d10#p1,10.1016/j.fluid.2014.07.029.json,10,1,7,"InChI=1S/C7H7Cl/c1-6-2-4-7(8)5-3-6/h2-5H,1H3",NPDACUSDTOMAMK-UHFFFAOYSA-N,4-chlorotoluene,C7H7Cl,10.1016/j.fluid.2014.07.029,2014,"Molar enthalpy of vaporization or sublimation, kJ/mol",Liquid,"[""Liquid"",""Gas""]",Derived by Second law,47.23,"{""CombinedUncertainty"":{""nCombUncertAssessNum"":1,""nCombExpandUncertValue"":1.47},""nPropValue"":47.23,""nPropDigits"":4,""nPropNumber"":1}",variable,"{""nVarValue"":285.2,""nVarNumber"":1,""nVarDigits"":4}",285.2,True,,47.23,False
10.1016/j.fluid.2014.07.029#d10#p1#r8,10.1016/j.fluid.2014.07.029#d10#p1,10.1016/j.fluid.2014.07.029.json,10,1,8,"InChI=1S/C7H7Cl/c1-6-2-4-7(8)5-3-6/h2-5H,1H3",NPDACUSDTOMAMK-UHFFFAOYSA-N,4-chlorotoluene,C7H7Cl,10.1016/j.fluid.2014.07.029,2014,"Molar enthalpy of vaporization or sublimation, kJ/mol",Liquid,"[""Liquid"",""Gas""]",Derived by Second law,47.06,"{""nPropDigits"":4,""nPropNumber"":1,""nPropValue"":47.06,""CombinedUncertainty"":{""nCombUncertAssessNum"":1,""nCombExpandUncertValue"":1.47}}",variable,"{""nVarValue"":288.2,""nVarNumber"":1,""nVarDigits"":4}",288.2,True,,47.06,False
10.1016/j.fluid.2014.07.029#d10#p1#r9,10.1016/j.fluid.2014.07.029#d10#p1,10.1016/j.fluid.2014.07.029.json,10,1,9,"InChI=1S/C7H7Cl/c1-6-2-4-7(8)5-3-6/h2-5H,1H3",NPDACUSDTOMAMK-UHFFFAOYSA-N,4-chlorotoluene,C7H7Cl,10.1016/j.fluid.2014.07.029,2014,"Molar enthalpy of vaporization or sublimation, kJ/mol",Liquid,"[""Liquid"",""Gas""]",Derived by Second law,47.06,"{""nPropNumber"":1,""nPropDigits"":4,""CombinedUncertainty"":{""nCombUncertAssessNum"":1,""nCombExpandUncertValue"":1.47},""nPropValue"":47.06}",variable,"{""nVarNumber"":1,""nVarDigits"":4,""nVarValue"":288.2}",288.2,True,,47.06,False
10.1016/j.fluid.2014.07.029#d10#p1#r10,10.1016/j.fluid.2014.07.029#d10#p1,10.1016/j.fluid.2014.07.029.json,10,1,10,"InChI=1S/C7H7Cl/c1-6-2-4-7(8)5-3-6/h2-5H,1H3",NPDACUSDTOMAMK-UHFFFAOYSA-N,4-chlorotoluene,C7H7Cl,10.1016/j.fluid.2014.07.029,2014,"Molar enthalpy of vaporization or sublimation, kJ/mol",Liquid,"[""Liquid"",""Gas""]",Derived by Second law,47.06,"{""nPropNumber"":1,""nPropDigits"":4,""CombinedUncertainty"":{""nCombExpandUncertValue"":1.47,""nCombUncertAssessNum"":1},""nPropValue"":47.06}",variable,"{""nVarValue"":288.2,""nVarDigits"":4,""nVarNumber"":1}",288.2,True,,47.06,False
10.1016/j.fluid.2014.07.029#d10#p1#r11,10.1016/j.fluid.2014.07.029#d10#p1,10.1016/j.fluid.2014.07.029.json,10,1,11,"InChI=1S/C7H7Cl/c1-6-2-4-7(8)5-3-6/h2-5H,1H3",NPDACUSDTOMAMK-UHFFFAOYSA-N,4-chlorotoluene,C7H7Cl,10.1016/j.fluid.2014.07.029,2014,"Molar enthalpy of vaporization or sublimation, kJ/mol",Liquid,"[""Liquid"",""Gas""]",Derived by Second law,46.88,"{""nPropNumber"":1,""nPropDigits"":4,""nPropValue"":46.88,""CombinedUncertainty"":{""nCombUncertAssessNum"":1,""nCombExpandUncertValue"":1.47}}",variable,"{""nVarValue"":291.3,""nVarNumber"":1,""nVarDigits"":4}",291.3,True,,46.88,False
10.1016/j.fluid.2014.07.029#d10#p1#r12,10.1016/j.fluid.2014.07.029#d10#p1,10.1016/j.fluid.2014.07.029.json,10,1,12,"InChI=1S/C7H7Cl/c1-6-2-4-7(8)5-3-6/h2-5H,1H3",NPDACUSDTOMAMK-UHFFFAOYSA-N,4-chlorotoluene,C7H7Cl,10.1016/j.fluid.2014.07.029,2014,"Molar enthalpy of vaporization or sublimation, kJ/mol",Liquid,"[""Liquid"",""Gas""]",Derived by Second law,46.72,"{""CombinedUncertainty"":{""nCombUncertAssessNum"":1,""nCombExpandUncertValue"":1.47},""nPropValue"":46.72,""nPropDigits"":4,""nPropNumber"":1}",variable,"{""nVarValue"":294.2,""nVarNumber"":1,""nVarDigits"":4}",294.2,True,,46.72,False
10.1016/j.fluid.2014.07.029#d10#p1#r13,10.1016/j.fluid.2014.07.029#d10#p1,10.1016/j.fluid.2014.07.029.json,10,1,13,"InChI=1S/C7H7Cl/c1-6-2-4-7(8)5-3-6/h2-5H,1H3",NPDACUSDTOMAMK-UHFFFAOYSA-N,4-chlorotoluene,C7H7Cl,10.1016/j.fluid.2014.07.029,2014,"Molar enthalpy of vaporization or sublimation, kJ/mol",Liquid,"[""Liquid"",""Gas""]",Derived by Second law,46.55,"{""nPropDigits"":4,""nPropNumber"":1,""nPropValue"":46.55,""CombinedUncertainty"":{""nCombExpandUncertValue"":1.47,""nCombUncertAssessNum"":1}}",variable,"{""nVarValue"":297.2,""nVarNumber"":1,""nVarDigits"":4}",297.2,True,,46.55,False
10.1016/j.fluid.2014.07.029#d10#p1#r14,10.1016/j.fluid.2014.07.029#d10#p1,10.1016/j.fluid.2014.07.029.json,10,1,14,"InChI=1S/C7H7Cl/c1-6-2-4-7(8)5-3-6/h2-5H,1H3",NPDACUSDTOMAMK-UHFFFAOYSA-N,4-chlorotoluene,C7H7Cl,10.1016/j.fluid.2014.07.029,2014,"Molar enthalpy of vaporization or sublimation, kJ/mol",Liquid,"[""Liquid"",""Gas""]",Derived by Second law,46.38,"{""CombinedUncertainty"":{""nCombExpandUncertValue"":1.46,""nCombUncertAssessNum"":1},""nPropValue"":46.38,""nPropNumber"":1,""nPropDigits"":4}",variable,"{""nVarValue"":300.3,""nVarDigits"":4,""nVarNumber"":1}",300.3,True,,46.38,False
10.1016/j.fluid.2014.07.029#d10#p1#r15,10.1016/j.fluid.2014.07.029#d10#p1,10.1016/j.fluid.2014.07.029.json,10,1,15,"InChI=1S/C7H7Cl/c1-6-2-4-7(8)5-3-6/h2-5H,1H3",NPDACUSDTOMAMK-UHFFFAOYSA-N,4-chlorotoluene,C7H7Cl,10.1016/j.fluid.2014.07.029,2014,"Molar enthalpy of vaporization or sublimation, kJ/mol",Liquid,"[""Liquid"",""Gas""]",Derived by Second law,46.21,"{""CombinedUncertainty"":{""nCombExpandUncertValue"":1.46,""nCombUncertAssessNum"":1},""nPropValue"":46.21,""nPropDigits"":4,""nPropNumber"":1}",variable,"{""nVarValue"":303.2,""nVarNumber"":1,""nVarDigits"":4}",303.2,True,,46.21,False
10.1016/j.fluid.2014.07.029#d10#p1#r16,10.1016/j.fluid.2014.07.029#d10#p1,10.1016/j.fluid.2014.07.029.json,10,1,16,"InChI=1S/C7H7Cl/c1-6-2-4-7(8)5-3-6/h2-5H,1H3",NPDACUSDTOMAMK-UHFFFAOYSA-N,4-chlorotoluene,C7H7Cl,10.1016/j.fluid.2014.07.029,2014,"Molar enthalpy of vaporization or sublimation, kJ/mol",Liquid,"[""Liquid"",""Gas""]",Derived by Second law,46.04,"{""CombinedUncertainty"":{""nCombUncertAssessNum"":1,""nCombExpandUncertValue"":1.46},""nPropValue"":46.04,""nPropNumber"":1,""nPropDigits"":4}",variable,"{""nVarDigits"":4,""nVarNumber"":1,""nVarValue"":306.3}",306.3,True,,46.04,False
10.1016/j.fluid.2014.07.029#d10#p1#r17,10.1016/j.fluid.2014.07.029#d10#p1,10.1016/j.fluid.2014.07.029.json,10,1,17,"InChI=1S/C7H7Cl/c1-6-2-4-7(8)5-3-6/h2-5H,1H3",NPDACUSDTOMAMK-UHFFFAOYSA-N,4-chlorotoluene,C7H7Cl,10.1016/j.fluid.2014.07.029,2014,"Molar enthalpy of vaporization or sublimation, kJ/mol",Liquid,"[""Liquid"",""Gas""]",Derived by Second law,45.87,"{""nPropDigits"":4,""nPropNumber"":1,""CombinedUncertainty"":{""nCombUncertAssessNum"":1,""nCombExpandUncertValue"":1.46},""nPropValue"":45.87}",variable,"{""nVarValue"":309.2,""nVarDigits"":4,""nVarNumber"":1}",309.2,True,,45.87,False
10.1016/j.fluid.2014.07.029#d12#p1#r1,10.1016/j.fluid.2014.07.029#d12#p1,10.1016/j.fluid.2014.07.029.json,12,1,1,"InChI=1S/C8H9Cl/c1-6-4-3-5-7(2)8(6)9/h3-5H,1-2H3",VDXLAYAQGYCQEO-UHFFFAOYSA-N,"2-chloro-1,3-dimethylbenzene",C8H9Cl,10.1016/j.fluid.2014.07.029,2014,"Molar enthalpy of vaporization or sublimation, kJ/mol",Liquid,"[""Liquid"",""Gas""]",Derived by Second law,51.34,"{""nPropNumber"":1,""nPropDigits"":4,""nPropValue"":51.34,""CombinedUncertainty"":{""nCombExpandUncertValue"":1.51,""nCombUncertAssessNum"":1}}",variable,"{""nVarDigits"":4,""nVarNumber"":1,""nVarValue"":274.5}",274.5,True,,51.34,False
10.1016/j.fluid.2014.07.029#d12#p1#r2,10.1016/j.fluid.2014.07.029#d12#p1,10.1016/j.fluid.2014.07.029.json,12,1,2,"InChI=1S/C8H9Cl/c1-6-4-3-5-7(2)8(6)9/h3-5H,1-2H3",VDXLAYAQGYCQEO-UHFFFAOYSA-N,"2-chloro-1,3-dimethylbenzene",C8H9Cl,10.1016/j.fluid.2014.07.029,2014,"Molar enthalpy of vaporization or sublimation, kJ/mol",Liquid,"[""Liquid"",""Gas""]",Derived by Second law,51.23,"{""nPropDigits"":4,""nPropNumber"":1,""nPropValue"":51.23,""CombinedUncertainty"":{""nCombExpandUncertValue"":1.51,""nCombUncertAssessNum"":1}}",variable,"{""nVarValue"":276.2,""nVarNumber"":1,""nVarDigits"":4}",276.2,True,,51.23,False
10.1016/j.fluid.2014.07.029#d12#p1#r3,10.1016/j.fluid.2014.07.029#d12#p1,10.1016/j.fluid.2014.07.029.json,12,1,3,"InChI=1S/C8H9Cl/c1-6-4-3-5-7(2)8(6)9/h3-5H,1-2H3",VDXLAYAQGYCQEO-UHFFFAOYSA-N,"2-chloro-1,3-dimethylbenzene",C8H9Cl,10.1016/j.fluid.2014.07.029,2014,"Molar enthalpy of vaporization or sublimation, kJ/mol",Liquid,"[""Liquid"",""Gas""]",Derived by Second law,51.03,"{""nPropNumber"":1,""nPropDigits"":4,""CombinedUncertainty"":{""nCombUncertAssessNum"":1,""nCombExpandUncertValue"":1.51},""nPropValue"":51.03}",variable,"{""nVarDigits"":4,""nVarNumber"":1,""nVarValue"":279.2}",279.2,True,,51.03,False
10.1016/j.fluid.2014.07.029#d12#p1#r4,10.1016/j.fluid.2014.07.029#d12#p1,10.1016/j.fluid.2014.07.029.json,12,1,4,"InChI=1S/C8H9Cl/c1-6-4-3-5-7(2)8(6)9/h3-5H,1-2H3",VDXLAYAQGYCQEO-UHFFFAOYSA-N,"2-chloro-1,3-dimethylbenzene",C8H9Cl,10.1016/j.fluid.2014.07.029,2014,"Molar enthalpy of vaporization or sublimation, kJ/mol",Liquid,"[""Liquid"",""Gas""]",Derived by Second law,50.83,"{""nPropValue"":50.83,""CombinedUncertainty"":{""nCombExpandUncertValue"":1.51,""nCombUncertAssessNum"":1},""nPropDigits"":4,""nPropNumber"":1}",variable,"{""nVarValue"":282.2,""nVarDigits"":4,""nVarNumber"":1}",282.2,True,,50.83,False
10.1016/j.fluid.2014.07.029#d12#p1#r5,10.1016/j.fluid.2014.07.029#d12#p1,10.1016/j.fluid.2014.07.029.json,12,1,5,"InChI=1S/C8H9Cl/c1-6-4-3-5-7(2)8(6)9/h3-5H,1-2H3",VDXLAYAQGYCQEO-UHFFFAOYSA-N,"2-chloro-1,3-dimethylbenzene",C8H9Cl,10.1016/j.fluid.2014.07.029,2014,"Molar enthalpy of vaporization or sublimation, kJ/mol",Liquid,"[""Liquid"",""Gas""]",Derived by Second law,50.71,"{""nPropValue"":50.71,""CombinedUncertainty"":{""nCombExpandUncertValue"":1.51,""nCombUncertAssessNum"":1},""nPropDigits"":4,""nPropNumber"":1}",variable,"{""nVarValue"":284.1,""nVarDigits"":4,""nVarNumber"":1}",284.1,True,,50.71,False
10.1016/j.fluid.2014.07.029#d12#p1#r6,10.1016/j.fluid.2014.07.029#d12#p1,10.1016/j.fluid.2014.07.029.json,12,1,6,"InChI=1S/C8H9Cl/c1-6-4-3-5-7(2)8(6)9/h3-5H,1-2H3",VDXLAYAQGYCQEO-UHFFFAOYSA-N,"2-chloro-1,3-dimethylbenzene",C8H9Cl,10.1016/j.fluid.2014.07.029,2014,"Molar enthalpy of vaporization or sublimation, kJ/mol",Liquid,"[""Liquid"",""Gas""]",Derived by Second law,50.51,"{""CombinedUncertainty"":{""nCombUncertAssessNum"":1,""nCombExpandUncertValue"":1.51},""nPropValue"":50.51,""nPropNumber"":1,""nPropDigits"":4}",variable,"{""nVarValue"":287.1,""nVarDigits"":4,""nVarNumber"":1}",287.1,True,,50.51,False
10.1016/j.fluid.2014.07.029#d12#p1#r7,10.1016/j.fluid.2014.07.029#d12#p1,10.1016/j.fluid.2014.07.029.json,12,1,7,"InChI=1S/C8H9Cl/c1-6-4-3-5-7(2)8(6)9/h3-5H,1-2H3",VDXLAYAQGYCQEO-UHFFFAOYSA-N,"2-chloro-1,3-dimethylbenzene",C8H9Cl,10.1016/j.fluid.2014.07.029,2014,"Molar enthalpy of vaporization or sublimation, kJ/mol",Liquid,"[""Liquid"",""Gas""]",Derived by Second law,50.5,"{""nPropValue"":50.5,""CombinedUncertainty"":{""nCombExpandUncertValue"":1.51,""nCombUncertAssessNum"":1},""nPropNumber"":1,""nPropDigits"":4}",variable,"{""nVarValue"":287.2,""nVarNumber"":1,""nVarDigits"":4}",287.2,True,,50.5,False
10.1016/j.fluid.2014.07.029#d12#p1#r8,10.1016/j.fluid.2014.07.029#d12#p1,10.1016/j.fluid.2014.07.029.json,12,1,8,"InChI=1S/C8H9Cl/c1-6-4-3-5-7(2)8(6)9/h3-5H,1-2H3",VDXLAYAQGYCQEO-UHFFFAOYSA-N,"2-chloro-1,3-dimethylbenzene",C8H9Cl,10.1016/j.fluid.2014.07.029,2014,"Molar enthalpy of vaporization or sublimation, kJ/mol",Liquid,"[""Liquid"",""Gas""]",Derived by Second law,50.31,"{""nPropDigits"":4,""nPropNumber"":1,""CombinedUncertainty"":{""nCombExpandUncertValue"":1.5,""nCombUncertAssessNum"":1},""nPropValue"":50.31}",variable,"{""nVarNumber"":1,""nVarDigits"":4,""nVarValue"":290.1}",290.1,True,,50.31,False
10.1016/j.fluid.2014.07.029#d12#p1#r9,10.1016/j.fluid.2014.07.029#d12#p1,10.1016/j.fluid.2014.07.029.json,12,1,9,"InChI=1S/C8H9Cl/c1-6-4-3-5-7(2)8(6)9/h3-5H,1-2H3",VDXLAYAQGYCQEO-UHFFFAOYSA-N,"2-chloro-1,3-dimethylbenzene",C8H9Cl,10.1016/j.fluid.2014.07.029,2014,"Molar enthalpy of vaporization or sublimation, kJ/mol",Liquid,"[""Liquid"",""Gas""]",Derived by Second law,50.1,"{""CombinedUncertainty"":{""nCombExpandUncertValue"":1.5,""nCombUncertAssessNum"":1},""nPropValue"":50.1,""nPropNumber"":1,""nPropDigits"":4}",variable,"{""nVarValue"":293.3,""nVarDigits"":4,""nVarNumber"":1}",293.3,True,,50.1,False
10.1016/j.fluid.2014.07.029#d12#p1#r10,10.1016/j.fluid.2014.07.029#d12#p1,10.1016/j.fluid.2014.07.029.json,12,1,10,"InChI=1S/C8H9Cl/c1-6-4-3-5-7(2)8(6)9/h3-5H,1-2H3",VDXLAYAQGYCQEO-UHFFFAOYSA-N,"2-chloro-1,3-dimethylbenzene",C8H9Cl,10.1016/j.fluid.2014.07.029,2014,"Molar enthalpy of vaporization or sublimation, kJ/mol",Liquid,"[""Liquid"",""Gas""]",Derived by Second law,49.9,"{""nPropValue"":49.9,""CombinedUncertainty"":{""nCombUncertAssessNum"":1,""nCombExpandUncertValue"":1.5},""nPropNumber"":1,""nPropDigits"":4}",variable,"{""nVarValue"":296.3,""nVarDigits"":4,""nVarNumber"":1}",296.3,True,,49.9,False
10.1016/j.fluid.2014.07.029#d12#p1#r11,10.1016/j.fluid.2014.07.029#d12#p1,10.1016/j.fluid.2014.07.029.json,12,1,11,"InChI=1S/C8H9Cl/c1-6-4-3-5-7(2)8(6)9/h3-5H,1-2H3",VDXLAYAQGYCQEO-UHFFFAOYSA-N,"2-chloro-1,3-dimethylbenzene",C8H9Cl,10.1016/j.fluid.2014.07.029,2014,"Molar enthalpy of vaporization or sublimation, kJ/mol",Liquid,"[""Liquid"",""Gas""]",Derived by Second law,49.78,"{""CombinedUncertainty"":{""nCombExpandUncertValue"":1.5,""nCombUncertAssessNum"":1},""nPropValue"":49.78,""nPropDigits"":4,""nPropNumber"":1}",variable,"{""nVarNumber"":1,""nVarDigits"":4,""nVarValue"":298.2}",298.2,True,,49.78,False
10.1016/j.fluid.2014.07.029#d12#p1#r12,10.1016/j.fluid.2014.07.029#d12#p1,10.1016/j.fluid.2014.07.029.json,12,1,12,"InChI=1S/C8H9Cl/c1-6-4-3-5-7(2)8(6)9/h3-5H,1-2H3",VDXLAYAQGYCQEO-UHFFFAOYSA-N,"2-chloro-1,3-dimethylbenzene",C8H9Cl,10.1016/j.fluid.2014.07.029,2014,"Molar enthalpy of vaporization or sublimation, kJ/mol",Liquid,"[""Liquid"",""Gas""]",Derived by Second law,49.77,"{""nPropNumber"":1,""nPropDigits"":4,""CombinedUncertainty"":{""nCombUncertAssessNum"":1,""nCombExpandUncertValue"":1.5},""nPropValue"":49.77}",variable,"{""nVarValue"":298.3,""nVarNumber"":1,""nVarDigits"":4}",298.3,True,,49.77,False
10.1016/j.fluid.2014.07.029#d12#p1#r13,10.1016/j.fluid.2014.07.029#d12#p1,10.1016/j.fluid.2014.07.029.json,12,1,13,"InChI=1S/C8H9Cl/c1-6-4-3-5-7(2)8(6)9/h3-5H,1-2H3",VDXLAYAQGYCQEO-UHFFFAOYSA-N,"2-chloro-1,3-dimethylbenzene",C8H9Cl,10.1016/j.fluid.2014.07.029,2014,"Molar enthalpy of vaporization or sublimation, kJ/mol",Liquid,"[""Liquid"",""Gas""]",Derived by Second law,49.77,"{""CombinedUncertainty"":{""nCombExpandUncertValue"":1.5,""nCombUncertAssessNum"":1},""nPropValue"":49.77,""nPropDigits"":4,""nPropNumber"":1}",variable,"{""nVarNumber"":1,""nVarDigits"":4,""nVarValue"":298.3}",298.3,True,,49.77,False
10.1016/j.fluid.2014.07.029#d12#p1#r14,10.1016/j.fluid.2014.07.029#d12#p1,10.1016/j.fluid.2014.07.029.json,12,1,14,"InChI=1S/C8H9Cl/c1-6-4-3-5-7(2)8(6)9/h3-5H,1-2H3",VDXLAYAQGYCQEO-UHFFFAOYSA-N,"2-chloro-1,3-dimethylbenzene",C8H9Cl,10.1016/j.fluid.2014.07.029,2014,"Molar enthalpy of vaporization or sublimation, kJ/mol",Liquid,"[""Liquid"",""Gas""]",Derived by Second law,49.64,"{""nPropValue"":49.64,""CombinedUncertainty"":{""nCombExpandUncertValue"":1.5,""nCombUncertAssessNum"":1},""nPropNumber"":1,""nPropDigits"":4}",variable,"{""nVarValue"":300.4,""nVarDigits"":4,""nVarNumber"":1}",300.4,True,,49.64,False
10.1016/j.fluid.2014.07.029#d12#p1#r15,10.1016/j.fluid.2014.07.029#d12#p1,10.1016/j.fluid.2014.07.029.json,12,1,15,"InChI=1S/C8H9Cl/c1-6-4-3-5-7(2)8(6)9/h3-5H,1-2H3",VDXLAYAQGYCQEO-UHFFFAOYSA-N,"2-chloro-1,3-dimethylbenzene",C8H9Cl,10.1016/j.fluid.2014.07.029,2014,"Molar enthalpy of vaporization or sublimation, kJ/mol",Liquid,"[""Liquid"",""Gas""]",Derived by Second law,49.31,"{""nPropNumber"":1,""nPropDigits"":4,""CombinedUncertainty"":{""nCombExpandUncertValue"":1.49,""nCombUncertAssessNum"":1},""nPropValue"":49.31}",variable,"{""nVarValue"":305.4,""nVarNumber"":1,""nVarDigits"":4}",305.4,True,,49.31,False
10.1016/j.fluid.2014.07.029#d14#p1#r1,10.1016/j.fluid.2014.07.029#d14#p1,10.1016/j.fluid.2014.07.029.json,14,1,1,"InChI=1S/C7H6Cl2/c1-5-6(8)3-2-4-7(5)9/h2-4H,1H3",DMEDNTFWIHCBRK-UHFFFAOYSA-N,"1,3-dichloro-2-methylbenzene",C7H6Cl2,10.1016/j.fluid.2014.07.029,2014,"Molar enthalpy of vaporization or sublimation, kJ/mol",Liquid,"[""Liquid"",""Gas""]",Derived by Second law,53.15,"{""nPropValue"":53.15,""CombinedUncertainty"":{""nCombExpandUncertValue"":1.53,""nCombUncertAssessNum"":1},""nPropNumber"":1,""nPropDigits"":4}",variable,"{""nVarDigits"":4,""nVarNumber"":1,""nVarValue"":274.2}",274.2,True,,53.15,False
10.1016/j.fluid.2014.07.029#d14#p1#r2,10.1016/j.fluid.2014.07.029#d14#p1,10.1016/j.fluid.2014.07.029.json,14,1,2,"InChI=1S/C7H6Cl2/c1-5-6(8)3-2-4-7(5)9/h2-4H,1H3",DMEDNTFWIHCBRK-UHFFFAOYSA-N,"1,3-dichloro-2-methylbenzene",C7H6Cl2,10.1016/j.fluid.2014.07.029,2014,"Molar enthalpy of vaporization or sublimation, kJ/mol",Liquid,"[""Liquid"",""Gas""]",Derived by Second law,53.02,"{""CombinedUncertainty"":{""nCombUncertAssessNum"":1,""nCombExpandUncertValue"":1.53},""nPropValue"":53.02,""nPropDigits"":4,""nPropNumber"":1}",variable,"{""nVarDigits"":4,""nVarNumber"":1,""nVarValue"":276.2}",276.2,True,,53.02,False
10.1016/j.fluid.2014.07.029#d14#p1#r3,10.1016/j.fluid.2014.07.029#d14#p1,10.1016/j.fluid.2014.07.029.json,14,1,3,"InChI=1S/C7H6Cl2/c1-5-6(8)3-2-4-7(5)9/h2-4H,1H3",DMEDNTFWIHCBRK-UHFFFAOYSA-N,"1,3-dichloro-2-methylbenzene",C7H6Cl2,10.1016/j.fluid.2014.07.029,2014,"Molar enthalpy of vaporization or sublimation, kJ/mol",Liquid,"[""Liquid"",""Gas""]",Derived by Second law,52.89,"{""nPropDigits"":4,""nPropNumber"":1,""nPropValue"":52.89,""CombinedUncertainty"":{""nCombUncertAssessNum"":1,""nCombExpandUncertValue"":1.53}}",variable,"{""nVarValue"":278.2,""nVarDigits"":4,""nVarNumber"":1}",278.2,True,,52.89,False
10.1016/j.fluid.2014.07.029#d14#p1#r4,10.1016/j.fluid.2014.07.029#d14#p1,10.1016/j.fluid.2014.07.029.json,14,1,4,"InChI=1S/C7H6Cl2/c1-5-6(8)3-2-4-7(5)9/h2-4H,1H3",DMEDNTFWIHCBRK-UHFFFAOYSA-N,"1,3-dichloro-2-methylbenzene",C7H6Cl2,10.1016/j.fluid.2014.07.029,2014,"Molar enthalpy of vaporization or sublimation, kJ/mol",Liquid,"[""Liquid"",""Gas""]",Derived by Second law,52.76,"{""nPropValue"":52.76,""CombinedUncertainty"":{""nCombExpandUncertValue"":1.53,""nCombUncertAssessNum"":1},""nPropNumber"":1,""nPropDigits"":4}",variable,"{""nVarNumber"":1,""nVarDigits"":4,""nVarValue"":280.2}",280.2,True,,52.76,False
10.1016/j.fluid.2014.07.029#d14#p1#r5,10.1016/j.fluid.2014.07.029#d14#p1,10.1016/j.fluid.2014.07.029.json,14,1,5,"InChI=1S/C7H6Cl2/c1-5-6(8)3-2-4-7(5)9/h2-4H,1H3",DMEDNTFWIHCBRK-UHFFFAOYSA-N,"1,3-dichloro-2-methylbenzene",C7H6Cl2,10.1016/j.fluid.2014.07.029,2014,"Molar enthalpy of vaporization or sublimation, kJ/mol",Liquid,"[""Liquid"",""Gas""]",Derived by Second law,52.63,"{""CombinedUncertainty"":{""nCombExpandUncertValue"":1.53,""nCombUncertAssessNum"":1},""nPropValue"":52.63,""nPropNumber"":1,""nPropDigits"":4}",variable,"{""nVarValue"":282.2,""nVarDigits"":4,""nVarNumber"":1}",282.2,True,,52.63,False
10.1016/j.fluid.2014.07.029#d14#p1#r6,10.1016/j.fluid.2014.07.029#d14#p1,10.1016/j.fluid.2014.07.029.json,14,1,6,"InChI=1S/C7H6Cl2/c1-5-6(8)3-2-4-7(5)9/h2-4H,1H3",DMEDNTFWIHCBRK-UHFFFAOYSA-N,"1,3-dichloro-2-methylbenzene",C7H6Cl2,10.1016/j.fluid.2014.07.029,2014,"Molar enthalpy of vaporization or sublimation, kJ/mol",Liquid,"[""Liquid"",""Gas""]",Derived by Second law,52.5,"{""nPropValue"":52.5,""CombinedUncertainty"":{""nCombUncertAssessNum"":1,""nCombExpandUncertValue"":1.53},""nPropNumber"":1,""nPropDigits"":4}",variable,"{""nVarValue"":284.2,""nVarDigits"":4,""nVarNumber"":1}",284.2,True,,52.5,False
10.1016/j.fluid.2014.07.029#d14#p1#r7,10.1016/j.fluid.2014.07.029#d14#p1,10.1016/j.fluid.2014.07.029.json,14,1,7,"InChI=1S/C7H6Cl2/c1-5-6(8)3-2-4-7(5)9/h2-4H,1H3",DMEDNTFWIHCBRK-UHFFFAOYSA-N,"1,3-dichloro-2-methylbenzene",C7H6Cl2,10.1016/j.fluid.2014.07.029,2014,"Molar enthalpy of vaporization or sublimation, kJ/mol",Liquid,"[""Liquid"",""Gas""]",Derived by Second law,52.25,"{""CombinedUncertainty"":{""nCombUncertAssessNum"":1,""nCombExpandUncertValue"":1.52},""nPropValue"":52.25,""nPropNumber"":1,""nPropDigits"":4}",variable,"{""nVarValue"":288.2,""nVarDigits"":4,""nVarNumber"":1}",288.2,True,,52.25,False
10.1016/j.fluid.2014.07.029#d14#p1#r8,10.1016/j.fluid.2014.07.029#d14#p1,10.1016/j.fluid.2014.07.029.json,14,1,8,"InChI=1S/C7H6Cl2/c1-5-6(8)3-2-4-7(5)9/h2-4H,1H3",DMEDNTFWIHCBRK-UHFFFAOYSA-N,"1,3-dichloro-2-methylbenzene",C7H6Cl2,10.1016/j.fluid.2014.07.029,2014,"Molar enthalpy of vaporization or sublimation, kJ/mol",Liquid,"[""Liquid"",""Gas""]",Derived by Second law,52.05,"{""CombinedUncertainty"":{""nCombUncertAssessNum"":1,""nCombExpandUncertValue"":1.52},""nPropValue"":52.05,""nPropDigits"":4,""nPropNumber"":1}",variable,"{""nVarNumber"":1,""nVarDigits"":4,""nVarValue"":291.2}",291.2,True,,52.05,False
10.1016/j.fluid.2014.07.029#d14#p1#r9,10.1016/j.fluid.2014.07.029#d14#p1,10.1016/j.fluid.2014.07.029.json,14,1,9,"InChI=1S/C7H6Cl2/c1-5-6(8)3-2-4-7(5)9/h2-4H,1H3",DMEDNTFWIHCBRK-UHFFFAOYSA-N,"1,3-dichloro-2-methylbenzene",C7H6Cl2,10.1016/j.fluid.2014.07.029,2014,"Molar enthalpy of vaporization or sublimation, kJ/mol",Liquid,"[""Liquid"",""Gas""]",Derived by Second law,51.92,"{""nPropDigits"":4,""nPropNumber"":1,""nPropValue"":51.92,""CombinedUncertainty"":{""nCombExpandUncertValue"":1.52,""nCombUncertAssessNum"":1}}",variable,"{""nVarValue"":293.2,""nVarDigits"":4,""nVarNumber"":1}",293.2,True,,51.92,False
10.1016/j.fluid.2014.07.029#d14#p1#r10,10.1016/j.fluid.2014.07.029#d14#p1,10.1016/j.fluid.2014.07.029.json,14,1,10,"InChI=1S/C7H6Cl2/c1-5-6(8)3-2-4-7(5)9/h2-4H,1H3",DMEDNTFWIHCBRK-UHFFFAOYSA-N,"1,3-dichloro-2-methylbenzene",C7H6Cl2,10.1016/j.fluid.2014.07.029,2014,"Molar enthalpy of vaporization or sublimation, kJ/mol",Liquid,"[""Liquid"",""Gas""]",Derived by Second law,51.73,"{""nPropDigits"":4,""nPropNumber"":1,""CombinedUncertainty"":{""nCombUncertAssessNum"":1,""nCombExpandUncertValue"":1.52},""nPropValue"":51.73}",variable,"{""nVarDigits"":4,""nVarNumber"":1,""nVarValue"":296.2}",296.2,True,,51.73,False
10.1016/j.fluid.2014.07.029#d14#p1#r11,10.1016/j.fluid.2014.07.029#d14#p1,10.1016/j.fluid.2014.07.029.json,14,1,11,"InChI=1S/C7H6Cl2/c1-5-6(8)3-2-4-7(5)9/h2-4H,1H3",DMEDNTFWIHCBRK-UHFFFAOYSA-N,"1,3-dichloro-2-methylbenzene",C7H6Cl2,10.1016/j.fluid.2014.07.029,2014,"Molar enthalpy of vaporization or sublimation, kJ/mol",Liquid,"[""Liquid"",""Gas""]",Derived by Second law,51.6,"{""nPropValue"":51.6,""CombinedUncertainty"":{""nCombUncertAssessNum"":1,""nCombExpandUncertValue"":1.52},""nPropDigits"":4,""nPropNumber"":1}",variable,"{""nVarDigits"":4,""nVarNumber"":1,""nVarValue"":298.2}",298.2,True,,51.6,False
10.1016/j.fluid.2014.07.029#d14#p1#r12,10.1016/j.fluid.2014.07.029#d14#p1,10.1016/j.fluid.2014.07.029.json,14,1,12,"InChI=1S/C7H6Cl2/c1-5-6(8)3-2-4-7(5)9/h2-4H,1H3",DMEDNTFWIHCBRK-UHFFFAOYSA-N,"1,3-dichloro-2-methylbenzene",C7H6Cl2,10.1016/j.fluid.2014.07.029,2014,"Molar enthalpy of vaporization or sublimation, kJ/mol",Liquid,"[""Liquid"",""Gas""]",Derived by Second law,51.4,"{""CombinedUncertainty"":{""nCombUncertAssessNum"":1,""nCombExpandUncertValue"":1.51},""nPropValue"":51.4,""nPropNumber"":1,""nPropDigits"":4}",variable,"{""nVarValue"":301.3,""nVarNumber"":1,""nVarDigits"":4}",301.3,True,,51.4,False
10.1016/j.fluid.2014.07.029#d14#p1#r13,10.1016/j.fluid.2014.07.029#d14#p1,10.1016/j.fluid.2014.07.029.json,14,1,13,"InChI=1S/C7H6Cl2/c1-5-6(8)3-2-4-7(5)9/h2-4H,1H3",DMEDNTFWIHCBRK-UHFFFAOYSA-N,"1,3-dichloro-2-methylbenzene",C7H6Cl2,10.1016/j.fluid.2014.07.029,2014,"Molar enthalpy of vaporization or sublimation, kJ/mol",Liquid,"[""Liquid"",""Gas""]",Derived by Second law,51.14,"{""CombinedUncertainty"":{""nCombUncertAssessNum"":1,""nCombExpandUncertValue"":1.51},""nPropValue"":51.14,""nPropNumber"":1,""nPropDigits"":4}",variable,"{""nVarValue"":305.3,""nVarNumber"":1,""nVarDigits"":4}",305.3,True,,51.14,False
10.1016/j.fluid.2014.12.023#d1#p1#r1,10.1016/j.fluid.2014.12.023#d1#p1,10.1016/j.fluid.2014.12.023.json,1,1,1,InChI=1S/C6H4ClF/c7-5-3-1-2-4-6(5)8/h1-4H,ZCJAYDKWZAWMPR-UHFFFAOYSA-N,1-chloro-2-fluorobenzene,C6H4ClF,10.1016/j.fluid.2014.12.023,2015,"Molar enthalpy of vaporization or sublimation, kJ/mol",Liquid,"[""Liquid"",""Gas""]",Derived by Second law,44,"{""nPropDigits"":3,""nPropNumber"":1,""CombinedUncertainty"":{""nCombExpandUncertValue"":1.2,""nCombUncertAssessNum"":1},""nPropValue"":44}",variable,"{""nVarNumber"":1,""nVarDigits"":5,""nVarValue"":298.15}",298.15,True,,44,False
10.1016/j.fluid.2014.12.023#d3#p1#r1,10.1016/j.fluid.2014.12.023#d3#p1,10.1016/j.fluid.2014.12.023.json,3,1,1,InChI=1S/C6H4ClF/c7-5-2-1-3-6(8)4-5/h1-4H,VZHJIJZEOCBKRA-UHFFFAOYSA-N,1-chloro-3-fluorobenzene,C6H4ClF,10.1016/j.fluid.2014.12.023,2015,"Molar enthalpy of vaporization or sublimation, kJ/mol",Liquid,"[""Liquid"",""Gas""]",Derived by Second law,43,"{""nPropNumber"":1,""nPropDigits"":3,""CombinedUncertainty"":{""nCombExpandUncertValue"":1.2,""nCombUncertAssessNum"":1},""nPropValue"":43}",variable,"{""nVarDigits"":5,""nVarNumber"":1,""nVarValue"":298.15}",298.15,True,,43,False
10.1016/j.fluid.2014.12.023#d5#p1#r1,10.1016/j.fluid.2014.12.023#d5#p1,10.1016/j.fluid.2014.12.023.json,5,1,1,InChI=1S/C6H4ClF/c7-5-1-3-6(8)4-2-5/h1-4H,RJCGZNCCVKIBHO-UHFFFAOYSA-N,1-chloro-4-fluorobenzene,C6H4ClF,10.1016/j.fluid.2014.12.023,2015,"Molar enthalpy of vaporization or sublimation, kJ/mol",Liquid,"[""Liquid"",""Gas""]",Derived by Second law,42.8,"{""nPropDigits"":3,""nPropNumber"":1,""nPropValue"":42.8,""CombinedUncertainty"":{""nCombUncertAssessNum"":1,""nCombExpandUncertValue"":1.2}}",variable,"{""nVarValue"":298.15,""nVarDigits"":5,""nVarNumber"":1}",298.15,True,,42.8,False
10.1016/j.fluid.2014.12.023#d7#p1#r1,10.1016/j.fluid.2014.12.023#d7#p1,10.1016/j.fluid.2014.12.023.json,7,1,1,InChI=1S/C6H4BrF/c7-5-3-1-2-4-6(5)8/h1-4H,IPWBFGUBXWMIPR-UHFFFAOYSA-N,1-bromo-2-fluorobenzene,C6H4BrF,10.1016/j.fluid.2014.12.023,2015,"Molar enthalpy of vaporization or sublimation, kJ/mol",Liquid,"[""Liquid"",""Gas""]",Derived by Second law,47,"{""nPropNumber"":1,""nPropDigits"":3,""CombinedUncertainty"":{""nCombUncertAssessNum"":1,""nCombExpandUncertValue"":1.2},""nPropValue"":47}",variable,"{""nVarDigits"":5,""nVarNumber"":1,""nVarValue"":298.15}",298.15,True,,47,False
10.1016/j.fluid.2014.12.023#d9#p1#r1,10.1016/j.fluid.2014.12.023#d9#p1,10.1016/j.fluid.2014.12.023.json,9,1,1,InChI=1S/C6H4BrF/c7-5-2-1-3-6(8)4-5/h1-4H,QDFKKJYEIFBEFC-UHFFFAOYSA-N,1-bromo-3-fluorobenzene,C6H4BrF,10.1016/j.fluid.2014.12.023,2015,"Molar enthalpy of vaporization or sublimation, kJ/mol",Liquid,"[""Liquid"",""Gas""]",Derived by Second law,44.3,"{""nPropValue"":44.3,""CombinedUncertainty"":{""nCombExpandUncertValue"":1.2,""nCombUncertAssessNum"":1},""nPropNumber"":1,""nPropDigits"":3}",variable,"{""nVarDigits"":5,""nVarNumber"":1,""nVarValue"":298.15}",298.15,True,,44.3,False
10.1016/j.fluid.2014.12.023#d11#p1#r1,10.1016/j.fluid.2014.12.023#d11#p1,10.1016/j.fluid.2014.12.023.json,11,1,1,InChI=1S/C6H4BrF/c7-5-1-3-6(8)4-2-5/h1-4H,AITNMTXHTIIIBB-UHFFFAOYSA-N,1-bromo-4-fluorobenzene,C6H4BrF,10.1016/j.fluid.2014.12.023,2015,"Molar enthalpy of vaporization or sublimation, kJ/mol",Liquid,"[""Liquid"",""Gas""]",Derived by Second law,44,"{""nPropDigits"":3,""nPropNumber"":1,""CombinedUncertainty"":{""nCombExpandUncertValue"":1.3,""nCombUncertAssessNum"":1},""nPropValue"":44}",variable,"{""nVarValue"":298.15,""nVarNumber"":1,""nVarDigits"":5}",298.15,True,,44,False
10.1016/j.fluid.2014.12.023#d13#p1#r1,10.1016/j.fluid.2014.12.023#d13#p1,10.1016/j.fluid.2014.12.023.json,13,1,1,InChI=1S/C6H4FI/c7-5-3-1-2-4-6(5)8/h1-4H,TYHUGKGZNOULKD-UHFFFAOYSA-N,"1,2-fluoroiodobenzene",C6H4FI,10.1016/j.fluid.2014.12.023,2015,"Molar enthalpy of vaporization or sublimation, kJ/mol",Liquid,"[""Liquid"",""Gas""]",Derived by Second law,51.5,"{""nPropValue"":51.5,""CombinedUncertainty"":{""nCombUncertAssessNum"":1,""nCombExpandUncertValue"":1.2},""nPropDigits"":3,""nPropNumber"":1}",variable,"{""nVarValue"":298.15,""nVarDigits"":5,""nVarNumber"":1}",298.15,True,,51.5,False
10.1016/j.fluid.2014.12.023#d15#p1#r1,10.1016/j.fluid.2014.12.023#d15#p1,10.1016/j.fluid.2014.12.023.json,15,1,1,InChI=1S/C6H4FI/c7-5-2-1-3-6(8)4-5/h1-4H,VSKSBSORLCDRHS-UHFFFAOYSA-N,"1,3-fluoroiodobenzene",C6H4FI,10.1016/j.fluid.2014.12.023,2015,"Molar enthalpy of vaporization or sublimation, kJ/mol",Liquid,"[""Liquid"",""Gas""]",Derived by Second law,48.6,"{""nPropValue"":48.6,""CombinedUncertainty"":{""nCombExpandUncertValue"":1.2,""nCombUncertAssessNum"":1},""nPropNumber"":1,""nPropDigits"":3}",variable,"{""nVarValue"":298.15,""nVarNumber"":1,""nVarDigits"":5}",298.15,True,,48.6,False
10.1016/j.fluid.2014.12.023#d17#p1#r1,10.1016/j.fluid.2014.12.023#d17#p1,10.1016/j.fluid.2014.12.023.json,17,1,1,InChI=1S/C6H4FI/c7-5-1-3-6(8)4-2-5/h1-4H,KGNQDBQYEBMPFZ-UHFFFAOYSA-N,"1,4-fluoroiodobenzene",C6H4FI,10.1016/j.fluid.2014.12.023,2015,"Molar enthalpy of vaporization or sublimation, kJ/mol",Liquid,"[""Liquid"",""Gas""]",Derived by Second law,49.5,"{""nPropValue"":49.5,""CombinedUncertainty"":{""nCombUncertAssessNum"":1,""nCombExpandUncertValue"":1.2},""nPropNumber"":1,""nPropDigits"":3}",variable,"{""nVarValue"":298.15,""nVarDigits"":5,""nVarNumber"":1}",298.15,True,,49.5,False
10.1016/j.fluid.2016.01.035#d3#p1#r1,10.1016/j.fluid.2016.01.035#d3#p1,10.1016/j.fluid.2016.01.035.json,3,1,1,"InChI=1S/C10H10O4/c1-14-9-6-7(2-4-8(9)11)3-5-10(12)13/h2-6,11H,1H3,(H,12,13)",KSEBMYQBYZTDHS-UHFFFAOYSA-N,4-hydroxy-3-methoxycinnamic acid,C10H10O4,10.1016/j.fluid.2016.01.035,2016,"Molar enthalpy of vaporization or sublimation, kJ/mol",Crystal,"[""Crystal"",""Gas""]",TGA,135.7,"{""nPropValue"":135.7,""CombinedUncertainty"":{""nCombExpandUncertValue"":2,""nCombUncertAssessNum"":1},""nPropDigits"":4,""nPropNumber"":1}",variable,"{""nVarValue"":298.15,""nVarNumber"":1,""nVarDigits"":5}",298.15,False,,135.7,False
10.1016/j.fluid.2016.01.035#d5#p1#r1,10.1016/j.fluid.2016.01.035#d5#p1,10.1016/j.fluid.2016.01.035.json,5,1,1,"InChI=1S/C11H12O4/c1-14-10-7-8(3-5-9(10)12)4-6-11(13)15-2/h3-7,12H,1-2H3",AUJXJFHANFIVKH-UHFFFAOYSA-N,methyl 3-(4-hydroxy-3-methoxyphenyl)-2-propenoate,C11H12O4,10.1016/j.fluid.2016.01.035,2016,"Molar enthalpy of vaporization or sublimation, kJ/mol",Crystal,"[""Crystal"",""Gas""]",Derived by Second law,123.3,"{""nPropDigits"":4,""nPropNumber"":1,""nPropValue"":123.3,""CombinedUncertainty"":{""nCombUncertAssessNum"":1,""nCombExpandUncertValue"":2.9}}",variable,"{""nVarValue"":298.15,""nVarDigits"":5,""nVarNumber"":1}",298.15,False,,123.3,False
10.1016/j.fluid.2016.06.011#d1#p1#r1,10.1016/j.fluid.2016.06.011#d1#p1,10.1016/j.fluid.2016.06.011.json,1,1,1,"InChI=1S/C3H3F5O/c4-2(5,1-9)3(6,7)8/h9H,1H2",PSQZJKGXDGNDFP-UHFFFAOYSA-N,"2,2,3,3,3-pentafluoropropanol",C3H3F5O,10.1016/j.fluid.2016.06.011,2016,"Molar enthalpy of vaporization or sublimation, kJ/mol",Liquid,"[""Liquid"",""Gas""]",Derived by Second law,45.1,"{""CombinedUncertainty"":{""nCombUncertAssessNum"":1,""nCombExpandUncertValue"":1.1},""nPropValue"":45.1,""nPropDigits"":3,""nPropNumber"":1}",variable,"{""nVarNumber"":1,""nVarDigits"":5,""nVarValue"":313.01}",313.01,True,,45.1,False
10.1016/j.fluid.2016.06.011#d4#p1#r1,10.1016/j.fluid.2016.06.011#d4#p1,10.1016/j.fluid.2016.06.011.json,4,1,1,"InChI=1S/C4H3F7O/c5-2(6,1-12)3(7,8)4(9,10)11/h12H,1H2",WXJFKAZDSQLPBX-UHFFFAOYSA-N,"2,2,3,3,4,4,4-heptafluorobutanol",C4H3F7O,10.1016/j.fluid.2016.06.011,2016,"Molar enthalpy of vaporization or sublimation, kJ/mol",Liquid,"[""Liquid"",""Gas""]",Derived by Second law,48.3,"{""nPropDigits"":3,""nPropNumber"":1,""CombinedUncertainty"":{""nCombUncertAssessNum"":1,""nCombExpandUncertValue"":1.2},""nPropValue"":48.3}",variable,"{""nVarValue"":303.05,""nVarDigits"":5,""nVarNumber"":1}",303.05,True,,48.3,False
10.1016/j.fluid.2016.06.011#d7#p1#r1,10.1016/j.fluid.2016.06.011#d7#p1,10.1016/j.fluid.2016.06.011.json,7,1,1,"InChI=1S/C5H3F9O/c6-2(7,1-15)3(8,9)4(10,11)5(12,13)14/h15H,1H2",PJRIQFXPYMVWOU-UHFFFAOYSA-N,"2,2,3,3,4,4,5,5,5-nonafluoropentan-1-ol",C5H3F9O,10.1016/j.fluid.2016.06.011,2016,"Molar enthalpy of vaporization or sublimation, kJ/mol",Liquid,"[""Liquid"",""Gas""]",Derived by Second law,53.5,"{""nPropNumber"":1,""nPropDigits"":3,""CombinedUncertainty"":{""nCombExpandUncertValue"":1.2,""nCombUncertAssessNum"":1},""nPropValue"":53.5}",variable,"{""nVarDigits"":5,""nVarNumber"":1,""nVarValue"":303.05}",303.05,True,,53.5,False
10.1016/j.fluid.2016.06.011#d10#p1#r1,10.1016/j.fluid.2016.06.011#d10#p1,10.1016/j.fluid.2016.06.011.json,10,1,1,"InChI=1S/C6H3F11O/c7-2(8,1-18)3(9,10)4(11,12)5(13,14)6(15,16)17/h18H,1H2",QZFZPVVDBGXQTB-UHFFFAOYSA-N,"2,2,3,3,4,4,5,5,6,6,6-undecafluorohexan-1-ol",C6H3F11O,10.1016/j.fluid.2016.06.011,2016,"Molar enthalpy of vaporization or sublimation, kJ/mol",Liquid,"[""Liquid"",""Gas""]",Derived by Second law,59.1,"{""nPropValue"":59.1,""CombinedUncertainty"":{""nCombUncertAssessNum"":1,""nCombExpandUncertValue"":1.2},""nPropDigits"":3,""nPropNumber"":1}",variable,"{""nVarValue"":303.05,""nVarDigits"":5,""nVarNumber"":1}",303.05,True,,59.1,False
10.1016/j.fluid.2018.05.004#d2#p1#r1,10.1016/j.fluid.2018.05.004#d2#p1,10.1016/j.fluid.2018.05.004.json,2,1,1,InChI=1S/2C5H5.Fe/c2*1-2-4-5-3-1;/h2*1-5H;,DFRHTHSZMBROSH-UHFFFAOYSA-N,ferrocene,C10H10Fe,10.1016/j.fluid.2018.05.004,2018,"Molar enthalpy of vaporization or sublimation, kJ/mol",Crystal,"[""Crystal"",""Gas""]",Derived by Second law,70,"{""nPropValue"":70,""CombinedUncertainty"":{""nCombUncertAssessNum"":1,""nCombExpandUncertValue"":1.4},""nPropNumber"":1,""nPropDigits"":3}",variable,"{""nVarValue"":394,""nVarDigits"":4,""nVarNumber"":1}",394,False,disconnected_formula;element_outside_scope,70,False
10.1016/j.fluid.2018.05.004#d2#p1#r2,10.1016/j.fluid.2018.05.004#d2#p1,10.1016/j.fluid.2018.05.004.json,2,1,2,InChI=1S/2C5H5.Fe/c2*1-2-4-5-3-1;/h2*1-5H;,DFRHTHSZMBROSH-UHFFFAOYSA-N,ferrocene,C10H10Fe,10.1016/j.fluid.2018.05.004,2018,"Molar enthalpy of vaporization or sublimation, kJ/mol",Crystal,"[""Crystal"",""Gas""]",Derived by Second law,71.2,"{""nPropDigits"":3,""nPropNumber"":1,""CombinedUncertainty"":{""nCombExpandUncertValue"":1.4,""nCombUncertAssessNum"":1},""nPropValue"":71.2}",variable,"{""nVarDigits"":4,""nVarNumber"":1,""nVarValue"":394.5}",394.5,False,disconnected_formula;element_outside_scope,71.2,False
10.1016/j.jct.2004.02.007#d1#p1#r1,10.1016/j.jct.2004.02.007#d1#p1,10.1016/j.jct.2004.02.007.json,1,1,1,"InChI=1S/C15H12OS/c16-14(12-7-3-1-4-8-12)11-15(17)13-9-5-2-6-10-13/h1-11,17H/b15-11-",BCISFAAIAMNOIC-PTNGSMBKSA-N,monothiodibenzoylmethane,C15H12OS,10.1016/j.jct.2004.02.007,2004,"Molar enthalpy of vaporization or sublimation, kJ/mol",Crystal,"[""Crystal"",""Gas""]",Static calorimetry,125.5,"{""CombinedUncertainty"":{""nCombExpandUncertValue"":4.9,""nCombUncertAssessNum"":1},""nPropValue"":125.5,""nPropNumber"":1,""nPropDigits"":4}",variable,"{""nVarValue"":298.15,""nVarNumber"":1,""nVarDigits"":5}",298.15,False,,125.5,True
10.1016/j.jct.2004.02.007#d4#p1#r1,10.1016/j.jct.2004.02.007#d4#p1,10.1016/j.jct.2004.02.007.json,4,1,1,"InChI=1S/C15H12O2/c16-14(12-7-3-1-4-8-12)11-15(17)13-9-5-2-6-10-13/h1-10H,11H2",NZZIMKJIVMHWJC-UHFFFAOYSA-N,"1,3-diphenyl-1,3-propanedione",C15H12O2,10.1016/j.jct.2004.02.007,2004,"Molar enthalpy of vaporization or sublimation, kJ/mol",Crystal,"[""Crystal"",""Gas""]",Static calorimetry,113.3,"{""nPropNumber"":1,""nPropDigits"":4,""nPropValue"":113.3,""CombinedUncertainty"":{""nCombUncertAssessNum"":1,""nCombExpandUncertValue"":4.8}}",variable,"{""nVarNumber"":1,""nVarDigits"":5,""nVarValue"":298.15}",298.15,False,,113.3,True
10.1016/j.jct.2004.03.002#d5#p1#r1,10.1016/j.jct.2004.03.002#d5#p1,10.1016/j.jct.2004.03.002.json,5,1,1,InChI=1S/C6H4O2/c7-5-1-2-6(8)4-3-5/h1-4H,AZQWKYJCGOJGHM-UHFFFAOYSA-N,"1,4-benzoquinone",C6H4O2,10.1016/j.jct.2004.03.002,2004,"Molar enthalpy of vaporization or sublimation, kJ/mol",Crystal,"[""Crystal"",""Gas""]",SECLAW:UFactor:2,62.41,"{""nPropValue"":62.41,""CombinedUncertainty"":{""nCombExpandUncertValue"":2.52,""nCombUncertAssessNum"":1},""nPropNumber"":1,""nPropDigits"":4}",variable,"{""nVarValue"":279.2,""nVarDigits"":4,""nVarNumber"":1}",279.2,False,,62.41,False
10.1016/j.jct.2004.03.002#d6#p1#r1,10.1016/j.jct.2004.03.002#d6#p1,10.1016/j.jct.2004.03.002.json,6,1,1,InChI=1S/C6H4O2/c7-5-1-2-6(8)4-3-5/h1-4H,AZQWKYJCGOJGHM-UHFFFAOYSA-N,"1,4-benzoquinone",C6H4O2,10.1016/j.jct.2004.03.002,2004,"Molar enthalpy of vaporization or sublimation, kJ/mol",Crystal,"[""Crystal"",""Gas""]",SECLAW:UFactor:2,64.55,"{""CombinedUncertainty"":{""nCombExpandUncertValue"":2.55,""nCombUncertAssessNum"":1},""nPropValue"":64.55,""nPropDigits"":4,""nPropNumber"":1}",variable,"{""nVarValue"":277.3,""nVarDigits"":4,""nVarNumber"":1}",277.3,False,,64.55,False
10.1016/j.jct.2004.03.002#d7#p1#r1,10.1016/j.jct.2004.03.002#d7#p1,10.1016/j.jct.2004.03.002.json,7,1,1,InChI=1S/C6H4O2/c7-5-1-2-6(8)4-3-5/h1-4H,AZQWKYJCGOJGHM-UHFFFAOYSA-N,"1,4-benzoquinone",C6H4O2,10.1016/j.jct.2004.03.002,2004,"Molar enthalpy of vaporization or sublimation, kJ/mol",Crystal,"[""Crystal"",""Gas""]",SECLAW:UFactor:2,63.36,"{""nPropValue"":63.36,""CombinedUncertainty"":{""nCombExpandUncertValue"":2.53,""nCombUncertAssessNum"":1},""nPropDigits"":4,""nPropNumber"":1}",variable,"{""nVarNumber"":1,""nVarDigits"":4,""nVarValue"":278.2}",278.2,False,,63.36,False
10.1016/j.jct.2004.03.002#d8#p1#r1,10.1016/j.jct.2004.03.002#d8#p1,10.1016/j.jct.2004.03.002.json,8,1,1,InChI=1S/C6H4O2/c7-5-1-2-6(8)4-3-5/h1-4H,AZQWKYJCGOJGHM-UHFFFAOYSA-N,"1,4-benzoquinone",C6H4O2,10.1016/j.jct.2004.03.002,2004,"Molar enthalpy of vaporization or sublimation, kJ/mol",Crystal,"[""Crystal"",""Gas""]",DSC:UFactor:2,66.68,"{""nPropDigits"":4,""nPropNumber"":1,""CombinedUncertainty"":{""nCombUncertAssessNum"":1,""nCombExpandUncertValue"":3.66},""nPropValue"":66.68}",variable,"{""nVarValue"":298.15,""nVarNumber"":1,""nVarDigits"":5}",298.15,False,,66.68,False
10.1016/j.jct.2004.03.002#d13#p1#r1,10.1016/j.jct.2004.03.002#d13#p1,10.1016/j.jct.2004.03.002.json,13,1,1,InChI=1S/C10H12O2/c1-5-6(2)10(12)8(4)7(3)9(5)11/h1-4H3,WAMKWBHYPYBEJY-UHFFFAOYSA-N,"1,4-benzoquinone, tetramethyl-",C10H12O2,10.1016/j.jct.2004.03.002,2004,"Molar enthalpy of vaporization or sublimation, kJ/mol",Crystal,"[""Crystal"",""Gas""]",DSC:UFactor:2,93.15,"{""nPropValue"":93.15,""CombinedUncertainty"":{""nCombUncertAssessNum"":1,""nCombExpandUncertValue"":4.44},""nPropNumber"":1,""nPropDigits"":4}",variable,"{""nVarNumber"":1,""nVarDigits"":5,""nVarValue"":298.15}",298.15,False,,93.15,False
10.1016/j.jct.2004.03.002#d14#p1#r1,10.1016/j.jct.2004.03.002#d14#p1,10.1016/j.jct.2004.03.002.json,14,1,1,InChI=1S/C10H12O2/c1-5-6(2)10(12)8(4)7(3)9(5)11/h1-4H3,WAMKWBHYPYBEJY-UHFFFAOYSA-N,"1,4-benzoquinone, tetramethyl-",C10H12O2,10.1016/j.jct.2004.03.002,2004,"Molar enthalpy of vaporization or sublimation, kJ/mol",Crystal,"[""Crystal"",""Gas""]",SECLAW:UFactor:2,93.32,"{""nPropNumber"":1,""nPropDigits"":4,""CombinedUncertainty"":{""nCombUncertAssessNum"":1,""nCombExpandUncertValue"":3.21},""nPropValue"":93.32}",variable,"{""nVarValue"":297.3,""nVarDigits"":4,""nVarNumber"":1}",297.3,False,,93.32,False
10.1016/j.jct.2004.03.002#d15#p1#r1,10.1016/j.jct.2004.03.002#d15#p1,10.1016/j.jct.2004.03.002.json,15,1,1,InChI=1S/C10H12O2/c1-5-6(2)10(12)8(4)7(3)9(5)11/h1-4H3,WAMKWBHYPYBEJY-UHFFFAOYSA-N,"1,4-benzoquinone, tetramethyl-",C10H12O2,10.1016/j.jct.2004.03.002,2004,"Molar enthalpy of vaporization or sublimation, kJ/mol",Crystal,"[""Crystal"",""Gas""]",SECLAW:UFactor:2,91.8,"{""CombinedUncertainty"":{""nCombUncertAssessNum"":1,""nCombExpandUncertValue"":3.19},""nPropValue"":91.8,""nPropDigits"":3,""nPropNumber"":1}",variable,"{""nVarValue"":297.4,""nVarNumber"":1,""nVarDigits"":4}",297.4,False,,91.8,False
10.1016/j.jct.2004.12.011#d7#p1#r1,10.1016/j.jct.2004.12.011#d7#p1,10.1016/j.jct.2004.12.011.json,7,1,1,"InChI=1S/C5H8O4/c6-4(7)2-1-3-5(8)9/h1-3H2,(H,6,7)(H,8,9)",JFCQEDHGNNZCLN-UHFFFAOYSA-N,"1,5-pentanedioic acid",C5H8O4,10.1016/j.jct.2004.12.011,2005,"Molar enthalpy of vaporization or sublimation, kJ/mol",Crystal 1,"[""Crystal 1"",""Gas""]",DSC,119.2,"{""nPropDigits"":4,""nPropNumber"":1,""nPropValue"":119.2,""CombinedUncertainty"":{""nCombUncertAssessNum"":1,""nCombExpandUncertValue"":6.4}}",variable,"{""nVarNumber"":1,""nVarDigits"":5,""nVarValue"":298.15}",298.15,False,,119.2,False
10.1016/j.jct.2004.12.011#d15#p1#r1,10.1016/j.jct.2004.12.011#d15#p1,10.1016/j.jct.2004.12.011.json,15,1,1,"InChI=1S/C7H12O4/c8-6(9)4-2-1-3-5-7(10)11/h1-5H2,(H,8,9)(H,10,11)",WLJVNTCWHIRURA-UHFFFAOYSA-N,"1,7-heptanedioic acid",C7H12O4,10.1016/j.jct.2004.12.011,2005,"Molar enthalpy of vaporization or sublimation, kJ/mol",Crystal 1,"[""Crystal 1"",""Gas""]",DSC,132.9,"{""nPropNumber"":1,""nPropDigits"":4,""CombinedUncertainty"":{""nCombExpandUncertValue"":7.1,""nCombUncertAssessNum"":1},""nPropValue"":132.9}",variable,"{""nVarValue"":298.15,""nVarNumber"":1,""nVarDigits"":5}",298.15,False,,132.9,False
10.1016/j.jct.2004.12.011#d22#p1#r1,10.1016/j.jct.2004.12.011#d22#p1,10.1016/j.jct.2004.12.011.json,22,1,1,"InChI=1S/C8H14O4/c9-7(10)5-3-1-2-4-6-8(11)12/h1-6H2,(H,9,10)(H,11,12)",TYFQFVWCELRYAO-UHFFFAOYSA-N,"1,8-octanedioic acid",C8H14O4,10.1016/j.jct.2004.12.011,2005,"Molar enthalpy of vaporization or sublimation, kJ/mol",Crystal 1,"[""Crystal 1"",""Gas""]",DSC,151.1,"{""CombinedUncertainty"":{""nCombExpandUncertValue"":8.1,""nCombUncertAssessNum"":1},""nPropValue"":151.1,""nPropNumber"":1,""nPropDigits"":4}",variable,"{""nVarNumber"":1,""nVarDigits"":5,""nVarValue"":298.15}",298.15,False,,151.1,False
10.1016/j.jct.2004.12.011#d29#p1#r1,10.1016/j.jct.2004.12.011#d29#p1,10.1016/j.jct.2004.12.011.json,29,1,1,"InChI=1S/C9H16O4/c10-8(11)6-4-2-1-3-5-7-9(12)13/h1-7H2,(H,10,11)(H,12,13)",BDJRBEYXGGNYIS-UHFFFAOYSA-N,"1,9-nonanedioic acid",C9H16O4,10.1016/j.jct.2004.12.011,2005,"Molar enthalpy of vaporization or sublimation, kJ/mol",Crystal 1,"[""Crystal 1"",""Gas""]",DSC,144.2,"{""nPropDigits"":4,""nPropNumber"":1,""nPropValue"":144.2,""CombinedUncertainty"":{""nCombExpandUncertValue"":7.7,""nCombUncertAssessNum"":1}}",variable,"{""nVarDigits"":5,""nVarNumber"":1,""nVarValue"":298.15}",298.15,False,,144.2,False
10.1016/j.jct.2004.12.011#d38#p1#r1,10.1016/j.jct.2004.12.011#d38#p1,10.1016/j.jct.2004.12.011.json,38,1,1,"InChI=1S/C11H20O4/c12-10(13)8-6-4-2-1-3-5-7-9-11(14)15/h1-9H2,(H,12,13)(H,14,15)",LWBHHRRTOZQPDM-UHFFFAOYSA-N,"1,11-undecanedioic acid",C11H20O4,10.1016/j.jct.2004.12.011,2005,"Molar enthalpy of vaporization or sublimation, kJ/mol",Crystal 1,"[""Crystal 1"",""Gas""]",DSC,163.7,"{""nPropDigits"":4,""nPropNumber"":1,""CombinedUncertainty"":{""nCombExpandUncertValue"":8.7,""nCombUncertAssessNum"":1},""nPropValue"":163.7}",variable,"{""nVarValue"":298.15,""nVarDigits"":5,""nVarNumber"":1}",298.15,False,,163.7,False
10.1016/j.jct.2004.12.011#d39#p1#r1,10.1016/j.jct.2004.12.011#d39#p1,10.1016/j.jct.2004.12.011.json,39,1,1,"InChI=1S/C11H20O4/c12-10(13)8-6-4-2-1-3-5-7-9-11(14)15/h1-9H2,(H,12,13)(H,14,15)",LWBHHRRTOZQPDM-UHFFFAOYSA-N,"1,11-undecanedioic acid",C11H20O4,10.1016/j.jct.2004.12.011,2005,"Molar enthalpy of vaporization or sublimation, kJ/mol",Crystal 1,"[""Crystal 1"",""Gas""]",DSC,164.6,"{""CombinedUncertainty"":{""nCombExpandUncertValue"":8.8,""nCombUncertAssessNum"":1},""nPropValue"":164.6,""nPropNumber"":1,""nPropDigits"":4}",variable,"{""nVarDigits"":5,""nVarNumber"":1,""nVarValue"":298.15}",298.15,False,,164.6,False
10.1016/j.jct.2004.12.011#d44#p1#r1,10.1016/j.jct.2004.12.011#d44#p1,10.1016/j.jct.2004.12.011.json,44,1,1,"InChI=1S/C14H26O4/c15-13(16)11-9-7-5-3-1-2-4-6-8-10-12-14(17)18/h1-12H2,(H,15,16)(H,17,18)",HQHCYKULIHKCEB-UHFFFAOYSA-N,"1,12-dodecanedicarboxylic acid",C14H26O4,10.1016/j.jct.2004.12.011,2005,"Molar enthalpy of vaporization or sublimation, kJ/mol",Crystal 1,"[""Crystal 1"",""Gas""]",DSC,174.9,"{""nPropNumber"":1,""nPropDigits"":4,""CombinedUncertainty"":{""nCombUncertAssessNum"":1,""nCombExpandUncertValue"":9.3},""nPropValue"":174.9}",variable,"{""nVarValue"":298.15,""nVarNumber"":1,""nVarDigits"":5}",298.15,False,,174.9,False
10.1016/j.jct.2004.12.011#d53#p1#r1,10.1016/j.jct.2004.12.011#d53#p1,10.1016/j.jct.2004.12.011.json,53,1,1,"InChI=1S/C12H22O4/c13-11(14)9-7-5-3-1-2-4-6-8-10-12(15)16/h1-10H2,(H,13,14)(H,15,16)",TVIDDXQYHWJXFK-UHFFFAOYSA-N,"1,12-dodecanedioic acid",C12H22O4,10.1016/j.jct.2004.12.011,2005,"Molar enthalpy of vaporization or sublimation, kJ/mol",Crystal 1,"[""Crystal 1"",""Gas""]",DSC,171.4,"{""nPropValue"":171.4,""CombinedUncertainty"":{""nCombExpandUncertValue"":9.1,""nCombUncertAssessNum"":1},""nPropDigits"":4,""nPropNumber"":1}",variable,"{""nVarValue"":298.15,""nVarDigits"":5,""nVarNumber"":1}",298.15,False,,171.4,False
10.1016/j.jct.2005.08.017#d1#p1#r1,10.1016/j.jct.2005.08.017#d1#p1,10.1016/j.jct.2005.08.017.json,1,1,1,InChI=1S/2C15H11O2.Cu/c2*16-14(12-7-3-1-4-8-12)11-15(17)13-9-5-2-6-10-13;/h2*1-11H;/q2*-1;+2,OSBMBYLALYGQAH-UHFFFAOYSA-N,"bis(1,3-diphenyl-1,3-propanedionato-O,O')copper",C30H22CuO4,10.1016/j.jct.2005.08.017,2006,"Molar enthalpy of vaporization or sublimation, kJ/mol",Crystal,"[""Crystal"",""Gas""]",drop calorimetry,230.7,"{""nPropValue"":230.7,""CombinedUncertainty"":{""nCombUncertAssessNum"":1,""nCombExpandUncertValue"":8.2},""nPropNumber"":1,""nPropDigits"":4}",variable,"{""nVarValue"":298.15,""nVarDigits"":5,""nVarNumber"":1}",298.15,False,disconnected_formula;charge_or_protonation_layer;element_outside_scope,230.7,True
10.1016/j.jct.2005.08.017#d2#p1#r1,10.1016/j.jct.2005.08.017#d2#p1,10.1016/j.jct.2005.08.017.json,2,1,1,"InChI=1S/2C8H4F3O2S.Cu/c2*9-8(10,11)7(13)4-5(12)6-2-1-3-14-6;/h2*1-4H;/q2*-1;+2",OYUNPHMAJUHQRU-UHFFFAOYSA-N,"bis[4,4,4-trifluoro-1-(2-thienyl)-1,3-butanedionato-O,O']copper",C16H8CuF6O4S2,10.1016/j.jct.2005.08.017,2006,"Molar enthalpy of vaporization or sublimation, kJ/mol",Crystal,"[""Crystal"",""Gas""]",drop calorimetry,167.9,"{""CombinedUncertainty"":{""nCombExpandUncertValue"":7.4,""nCombUncertAssessNum"":1},""nPropValue"":167.9,""nPropDigits"":4,""nPropNumber"":1}",variable,"{""nVarValue"":298.15,""nVarNumber"":1,""nVarDigits"":5}",298.15,False,disconnected_formula;charge_or_protonation_layer;element_outside_scope,167.9,True
10.1016/j.jct.2006.08.004#d1#p1#r1,10.1016/j.jct.2006.08.004#d1#p1,10.1016/j.jct.2006.08.004.json,1,1,1,"InChI=1S/2C8H4F3OS2.Ni/c2*9-8(10,11)7(12)4-5(13)6-2-1-3-14-6;/h2*1-4H;/q2*-1;+2",JQAWRJJTFNZNCP-UHFFFAOYSA-N,"bis(1,1,1-trifluoro-4-(2-thienyl)-4-thioxo-2-butanonato)nickel",C16H8F6NiO2S4,10.1016/j.jct.2006.08.004,2007,"Molar enthalpy of vaporization or sublimation, kJ/mol",Crystal,"[""Crystal"",""Gas""]",Calorimetric determination,161,"{""nPropDigits"":3,""nPropNumber"":1,""CombinedUncertainty"":{""nCombExpandUncertValue"":10,""nCombUncertAssessNum"":1},""nPropValue"":161}",variable,"{""nVarNumber"":1,""nVarDigits"":3,""nVarValue"":298}",298,False,disconnected_formula;charge_or_protonation_layer;element_outside_scope,161,True
10.1016/j.jct.2006.10.006#d3#p1#r1,10.1016/j.jct.2006.10.006#d3#p1,10.1016/j.jct.2006.10.006.json,3,1,1,"InChI=1S/C8H9NO2S2/c1-2-11-8(12)9-7(10)6-4-3-5-13-6/h3-5H,2H2,1H3,(H,9,10,12)",PVSICBZIDKWYHP-UHFFFAOYSA-N,"carbamothioic acid, N-(2-thienylcarbonyl)-, O-ethyl ester",C8H9NO2S2,10.1016/j.jct.2006.10.006,2007,"Molar enthalpy of vaporization or sublimation, kJ/mol",Crystal,"[""Crystal"",""Gas""]",Static calorimetry,143.2,"{""nPropDigits"":4,""nPropNumber"":1,""CombinedUncertainty"":{""nCombUncertAssessNum"":1,""nCombExpandUncertValue"":6},""nPropValue"":143.2}",variable,"{""nVarNumber"":1,""nVarDigits"":5,""nVarValue"":298.15}",298.15,False,,143.2,True
10.1016/j.jct.2006.10.006#d7#p1#r1,10.1016/j.jct.2006.10.006#d7#p1,10.1016/j.jct.2006.10.006.json,7,1,1,"InChI=1S/C9H11NO2S2/c1-2-5-12-9(13)10-8(11)7-4-3-6-14-7/h3-4,6H,2,5H2,1H3,(H,10,11,13)",QOBBVGHKAPKOBX-UHFFFAOYSA-N,"carbamothioic acid, N-(2-thienylcarbonyl)-, o-propyl ester",C9H11NO2S2,10.1016/j.jct.2006.10.006,2007,"Molar enthalpy of vaporization or sublimation, kJ/mol",Crystal,"[""Crystal"",""Gas""]",Static calorimetry,136.5,"{""nPropValue"":136.5,""CombinedUncertainty"":{""nCombUncertAssessNum"":1,""nCombExpandUncertValue"":3.4},""nPropDigits"":4,""nPropNumber"":1}",variable,"{""nVarNumber"":1,""nVarDigits"":5,""nVarValue"":298.15}",298.15,False,,136.5,True
10.1016/j.jct.2006.10.006#d11#p1#r1,10.1016/j.jct.2006.10.006#d11#p1,10.1016/j.jct.2006.10.006.json,11,1,1,"InChI=1S/C10H13NO2S2/c1-2-3-6-13-10(14)11-9(12)8-5-4-7-15-8/h4-5,7H,2-3,6H2,1H3,(H,11,12,14)",MYCSEZSSQQLWAS-UHFFFAOYSA-N,"carbamothioic acid, N-(2-thienylcarbonyl)-, o-butyl ester",C10H13NO2S2,10.1016/j.jct.2006.10.006,2007,"Molar enthalpy of vaporization or sublimation, kJ/mol",Crystal,"[""Crystal"",""Gas""]",Static calorimetry,147.5,"{""nPropNumber"":1,""nPropDigits"":4,""nPropValue"":147.5,""CombinedUncertainty"":{""nCombExpandUncertValue"":3.6,""nCombUncertAssessNum"":1}}",variable,"{""nVarDigits"":5,""nVarNumber"":1,""nVarValue"":298.15}",298.15,False,,147.5,True
10.1016/j.jct.2006.10.006#d15#p1#r1,10.1016/j.jct.2006.10.006#d15#p1,10.1016/j.jct.2006.10.006.json,15,1,1,"InChI=1S/C11H15NO2S2/c1-2-3-4-7-14-11(15)12-10(13)9-6-5-8-16-9/h5-6,8H,2-4,7H2,1H3,(H,12,13,15)",JGWHYGISBNHLFR-UHFFFAOYSA-N,"carbamothioic acid, N-(2-thienylcarbonyl)-, o-pentyl ester",C11H15NO2S2,10.1016/j.jct.2006.10.006,2007,"Molar enthalpy of vaporization or sublimation, kJ/mol",Crystal,"[""Crystal"",""Gas""]",Static calorimetry,165.6,"{""nPropNumber"":1,""nPropDigits"":4,""CombinedUncertainty"":{""nCombUncertAssessNum"":1,""nCombExpandUncertValue"":4},""nPropValue"":165.6}",variable,"{""nVarDigits"":5,""nVarNumber"":1,""nVarValue"":298.15}",298.15,False,,165.6,True
10.1016/j.jct.2006.10.006#d19#p1#r1,10.1016/j.jct.2006.10.006#d19#p1,10.1016/j.jct.2006.10.006.json,19,1,1,"InChI=1S/C12H17NO2S2/c1-2-3-4-5-8-15-12(16)13-11(14)10-7-6-9-17-10/h6-7,9H,2-5,8H2,1H3,(H,13,14,16)",RDGTYCKKLAYNDF-UHFFFAOYSA-N,"carbamothioic acid, N-(2-thienylcarbonyl)-, o-hexyl ester",C12H17NO2S2,10.1016/j.jct.2006.10.006,2007,"Molar enthalpy of vaporization or sublimation, kJ/mol",Crystal,"[""Crystal"",""Gas""]",Static calorimetry,180.1,"{""nPropDigits"":4,""nPropNumber"":1,""CombinedUncertainty"":{""nCombUncertAssessNum"":1,""nCombExpandUncertValue"":5.6},""nPropValue"":180.1}",variable,"{""nVarValue"":298.15,""nVarDigits"":5,""nVarNumber"":1}",298.15,False,,180.1,True
10.1016/j.jct.2007.03.002#d5#p1#r1,10.1016/j.jct.2007.03.002#d5#p1,10.1016/j.jct.2007.03.002.json,5,1,1,"InChI=1S/C13H12O/c14-10-12-8-4-5-9-13(12)11-6-2-1-3-7-11/h1-9,14H,10H2",VKTQADPEPIVMHK-UHFFFAOYSA-N,2-biphenylmethanol,C13H12O,10.1016/j.jct.2007.03.002,2007,"Molar enthalpy of vaporization or sublimation, kJ/mol",Crystal,"[""Crystal"",""Gas""]",Static calorimetry,107.1,"{""nPropNumber"":1,""nPropDigits"":4,""nPropValue"":107.1,""CombinedUncertainty"":{""nCombUncertAssessNum"":1,""nCombExpandUncertValue"":1.3}}",variable,"{""nVarValue"":298.15,""nVarDigits"":5,""nVarNumber"":1}",298.15,False,,107.1,True
10.1016/j.jct.2007.03.002#d9#p1#r1,10.1016/j.jct.2007.03.002#d9#p1,10.1016/j.jct.2007.03.002.json,9,1,1,"InChI=1S/C13H12O/c14-10-11-6-8-13(9-7-11)12-4-2-1-3-5-12/h1-9,14H,10H2",AXCHZLOJGKSWLV-UHFFFAOYSA-N,4-biphenylmethanol,C13H12O,10.1016/j.jct.2007.03.002,2007,"Molar enthalpy of vaporization or sublimation, kJ/mol",Crystal,"[""Crystal"",""Gas""]",Static calorimetry,107.3,"{""nPropNumber"":1,""nPropDigits"":4,""nPropValue"":107.3,""CombinedUncertainty"":{""nCombUncertAssessNum"":1,""nCombExpandUncertValue"":3.6}}",variable,"{""nVarNumber"":1,""nVarDigits"":5,""nVarValue"":298.15}",298.15,False,,107.3,True
10.1016/j.jct.2007.03.006#d1#p1#r1,10.1016/j.jct.2007.03.006#d1#p1,10.1016/j.jct.2007.03.006.json,1,1,1,"InChI=1S/C7H6O2/c8-5-6-3-1-2-4-7(6)9/h1-5,9H",SMQUZDBALVYZAC-UHFFFAOYSA-N,2-hydroxybenzaldehyde,C7H6O2,10.1016/j.jct.2007.03.006,2007,"Molar enthalpy of vaporization or sublimation, kJ/mol",Crystal,"[""Crystal"",""Gas""]",Static calorimetry,63.3,"{""nPropValue"":63.3,""CombinedUncertainty"":{""nCombExpandUncertValue"":0.4,""nCombUncertAssessNum"":1},""nPropDigits"":3,""nPropNumber"":1}",variable,"{""nVarValue"":298.15,""nVarNumber"":1,""nVarDigits"":5}",298.15,False,,63.3,True
10.1016/j.jct.2007.03.006#d3#p1#r1,10.1016/j.jct.2007.03.006#d3#p1,10.1016/j.jct.2007.03.006.json,3,1,1,"InChI=1S/C7H7NO2/c8-7(10)5-3-1-2-4-6(5)9/h1-4,9H,(H2,8,10)",SKZKKFZAGNVIMN-UHFFFAOYSA-N,2-hydroxybenzamide,C7H7NO2,10.1016/j.jct.2007.03.006,2007,"Molar enthalpy of vaporization or sublimation, kJ/mol",Crystal,"[""Crystal"",""Gas""]",Static calorimetry,113.7,"{""nPropDigits"":4,""nPropNumber"":1,""nPropValue"":113.7,""CombinedUncertainty"":{""nCombExpandUncertValue"":0.6,""nCombUncertAssessNum"":1}}",variable,"{""nVarValue"":298.15,""nVarNumber"":1,""nVarDigits"":5}",298.15,False,,113.7,True
10.1016/j.jct.2007.06.015#d1#p1#r1,10.1016/j.jct.2007.06.015#d1#p1,10.1016/j.jct.2007.06.015.json,1,1,1,"InChI=1S/C6H14N2/c7-5-1-2-6(8)4-3-5/h5-6H,1-4,7-8H2/t5-,6+",VKIRRGRTJUUZHS-OLQVQODUSA-N,"cis-1,4-cyclohexanediamine",C6H14N2,10.1016/j.jct.2007.06.015,2007,"Molar enthalpy of vaporization or sublimation, kJ/mol",Liquid,"[""Liquid"",""Gas""]",Static calorimetry,62.2,"{""nPropDigits"":3,""nPropNumber"":1,""CombinedUncertainty"":{""nCombUncertAssessNum"":1,""nCombExpandUncertValue"":1.9},""nPropValue"":62.2}",variable,"{""nVarNumber"":1,""nVarDigits"":5,""nVarValue"":298.15}",298.15,True,,62.2,True
10.1016/j.jct.2007.06.015#d4#p1#r1,10.1016/j.jct.2007.06.015#d4#p1,10.1016/j.jct.2007.06.015.json,4,1,1,"InChI=1S/C6H14N2/c7-5-1-2-6(8)4-3-5/h5-6H,1-4,7-8H2/t5-,6-",VKIRRGRTJUUZHS-IZLXSQMJSA-N,"trans-1,4-cyclohexanediamine",C6H14N2,10.1016/j.jct.2007.06.015,2007,"Molar enthalpy of vaporization or sublimation, kJ/mol",Crystal,"[""Crystal"",""Gas""]",Static calorimetry,105,"{""nPropNumber"":1,""nPropDigits"":3,""nPropValue"":105,""CombinedUncertainty"":{""nCombUncertAssessNum"":1,""nCombExpandUncertValue"":1.6}}",variable,"{""nVarValue"":298.15,""nVarNumber"":1,""nVarDigits"":5}",298.15,False,,105,True
10.1016/j.jct.2007.06.020#d1#p1#r1,10.1016/j.jct.2007.06.020#d1#p1,10.1016/j.jct.2007.06.020.json,1,1,1,"InChI=1S/C5H3NS/c6-3-5-1-2-7-4-5/h1-2,4H",GSXCEVHRIVLFJV-UHFFFAOYSA-N,3-thiophenecarbonitrile,C5H3NS,10.1016/j.jct.2007.06.020,2008,"Molar enthalpy of vaporization or sublimation, kJ/mol",Liquid,"[""Liquid"",""Gas""]",Calvet microcalorimetry,51.6,"{""nPropNumber"":1,""nPropDigits"":3,""CombinedUncertainty"":{""nCombUncertAssessNum"":1,""nCombExpandUncertValue"":3.8},""nPropValue"":51.6}",variable,"{""nVarValue"":298.15,""nVarDigits"":5,""nVarNumber"":1}",298.15,True,,51.6,True
10.1016/j.jct.2007.06.020#d2#p1#r1,10.1016/j.jct.2007.06.020#d2#p1,10.1016/j.jct.2007.06.020.json,2,1,1,"InChI=1S/C6H5NS/c7-4-3-6-2-1-5-8-6/h1-2,5H,3H2",CLSHQIDDCJTHAJ-UHFFFAOYSA-N,2-thiopheneacetonitrile,C6H5NS,10.1016/j.jct.2007.06.020,2008,"Molar enthalpy of vaporization or sublimation, kJ/mol",Liquid,"[""Liquid"",""Gas""]",Calvet microcalorimetry,60.5,"{""nPropNumber"":1,""nPropDigits"":3,""nPropValue"":60.5,""CombinedUncertainty"":{""nCombUncertAssessNum"":1,""nCombExpandUncertValue"":2.6}}",variable,"{""nVarNumber"":1,""nVarDigits"":5,""nVarValue"":298.15}",298.15,True,,60.5,True
10.1016/j.jct.2007.06.020#d3#p1#r1,10.1016/j.jct.2007.06.020#d3#p1,10.1016/j.jct.2007.06.020.json,3,1,1,"InChI=1S/C6H5NS/c7-3-1-6-2-4-8-5-6/h2,4-5H,1H2",GWZCLMWEJWPFFA-UHFFFAOYSA-N,3-thiopheneacetonitrile,C6H5NS,10.1016/j.jct.2007.06.020,2008,"Molar enthalpy of vaporization or sublimation, kJ/mol",Liquid,"[""Liquid"",""Gas""]",Calvet microcalorimetry,61.1,"{""nPropValue"":61.1,""CombinedUncertainty"":{""nCombExpandUncertValue"":2.6,""nCombUncertAssessNum"":1},""nPropNumber"":1,""nPropDigits"":3}",variable,"{""nVarValue"":298.15,""nVarNumber"":1,""nVarDigits"":5}",298.15,True,,61.1,True
10.1016/j.jct.2007.06.020#d4#p1#r1,10.1016/j.jct.2007.06.020#d4#p1,10.1016/j.jct.2007.06.020.json,4,1,1,"InChI=1S/C6H5NS/c1-5-2-3-8-6(5)4-7/h2-3H,1H3",ALZHYEITUZEZMT-UHFFFAOYSA-N,3-methylthiophene-2-carbonitrile,C6H5NS,10.1016/j.jct.2007.06.020,2008,"Molar enthalpy of vaporization or sublimation, kJ/mol",Liquid,"[""Liquid"",""Gas""]",Calvet microcalorimetry,54.4,"{""nPropNumber"":1,""nPropDigits"":3,""CombinedUncertainty"":{""nCombExpandUncertValue"":2.4,""nCombUncertAssessNum"":1},""nPropValue"":54.4}",variable,"{""nVarValue"":298.15,""nVarNumber"":1,""nVarDigits"":5}",298.15,True,,54.4,True
10.1016/j.jct.2007.06.020#d5#p1#r1,10.1016/j.jct.2007.06.020#d5#p1,10.1016/j.jct.2007.06.020.json,5,1,1,InChI=1S/C5H3NS/c6-4-5-2-1-3-7-5/h1-3H,CUPOOAWTRIURFT-UHFFFAOYSA-N,2-cyanothiophene,C5H3NS,10.1016/j.jct.2007.06.020,2008,"Molar enthalpy of vaporization or sublimation, kJ/mol",Liquid,"[""Liquid"",""Gas""]",Calvet microcalorimetry,49.5,"{""nPropValue"":49.5,""CombinedUncertainty"":{""nCombExpandUncertValue"":2.2,""nCombUncertAssessNum"":1},""nPropNumber"":1,""nPropDigits"":3}",variable,"{""nVarValue"":298.15,""nVarDigits"":5,""nVarNumber"":1}",298.15,True,,49.5,True
10.1016/j.jct.2007.10.001#d1#p1#r1,10.1016/j.jct.2007.10.001#d1#p1,10.1016/j.jct.2007.10.001.json,1,1,1,"InChI=1S/C7H7ClO/c1-9-7-5-3-2-4-6(7)8/h2-5H,1H3",QGRPVMLBTFGQDQ-UHFFFAOYSA-N,1-chloro-2-methoxybenzene,C7H7ClO,10.1016/j.jct.2007.10.001,2008,"Molar enthalpy of vaporization or sublimation, kJ/mol",Liquid,"[""Liquid"",""Gas""]",Calvet calorimetry with estimated adjustment using gas-phase Cp,55,"{""nPropDigits"":2,""nPropNumber"":1,""CombinedUncertainty"":{""nCombUncertAssessNum"":1,""nCombExpandUncertValue"":1.6},""nPropValue"":55}",variable,"{""nVarValue"":298.15,""nVarNumber"":1,""nVarDigits"":5}",298.15,True,,55,True
10.1016/j.jct.2007.10.001#d3#p1#r1,10.1016/j.jct.2007.10.001#d3#p1,10.1016/j.jct.2007.10.001.json,3,1,1,"InChI=1S/C7H7ClO/c1-9-7-4-2-3-6(8)5-7/h2-5H,1H3",YUKILTJWFRTXGB-UHFFFAOYSA-N,3-chloromethoxybenzene,C7H7ClO,10.1016/j.jct.2007.10.001,2008,"Molar enthalpy of vaporization or sublimation, kJ/mol",Liquid,"[""Liquid"",""Gas""]",Calvet calorimetry with estimated adjustment using gas-phase Cp,53.6,"{""nPropValue"":53.6,""CombinedUncertainty"":{""nCombUncertAssessNum"":1,""nCombExpandUncertValue"":1.6},""nPropDigits"":3,""nPropNumber"":1}",variable,"{""nVarValue"":298.15,""nVarNumber"":1,""nVarDigits"":5}",298.15,True,,53.6,True
10.1016/j.jct.2007.10.001#d5#p1#r1,10.1016/j.jct.2007.10.001#d5#p1,10.1016/j.jct.2007.10.001.json,5,1,1,"InChI=1S/C7H7ClO/c1-9-7-4-2-6(8)3-5-7/h2-5H,1H3",YRGAYAGBVIXNAQ-UHFFFAOYSA-N,4-chloromethoxybenzene,C7H7ClO,10.1016/j.jct.2007.10.001,2008,"Molar enthalpy of vaporization or sublimation, kJ/mol",Liquid,"[""Liquid"",""Gas""]",Calvet calorimetry with estimated adjustment using gas-phase Cp,54.8,"{""nPropValue"":54.8,""CombinedUncertainty"":{""nCombExpandUncertValue"":1.6,""nCombUncertAssessNum"":1},""nPropNumber"":1,""nPropDigits"":3}",variable,"{""nVarDigits"":5,""nVarNumber"":1,""nVarValue"":298.15}",298.15,True,,54.8,True
10.1016/j.jct.2007.11.006#d3#p1#r1,10.1016/j.jct.2007.11.006#d3#p1,10.1016/j.jct.2007.11.006.json,3,1,1,"InChI=1S/C9H12O4/c1-11-7-4-6(10)5-8(12-2)9(7)13-3/h4-5,10H,1-3H3",VTCDZPUMZAZMSB-UHFFFAOYSA-N,"3,4,5-trimethoxyphenol",C9H12O4,10.1016/j.jct.2007.11.006,2008,"Molar enthalpy of vaporization or sublimation, kJ/mol",Crystal,"[""Crystal"",""Gas""]",Drop sublimation at initial T = 411 K and adjusted to 298.15 K,125.3,"{""CombinedUncertainty"":{""nCombExpandUncertValue"":6.2,""nCombUncertAssessNum"":1},""nPropValue"":125.3,""nPropNumber"":1,""nPropDigits"":4}",variable,"{""nVarValue"":298.15,""nVarDigits"":5,""nVarNumber"":1}",298.15,False,,125.3,False
10.1016/j.jct.2007.11.008#d1#p1#r1,10.1016/j.jct.2007.11.008#d1#p1,10.1016/j.jct.2007.11.008.json,1,1,1,"InChI=1S/C14H22N2OS2/c1-3-5-9-16(10-6-4-2)14(18)15-13(17)12-8-7-11-19-12/h7-8,11H,3-6,9-10H2,1-2H3,(H,15,17,18)",RXBVDJIFHKGLAJ-UHFFFAOYSA-N,N-((dibutylamino)thioxomethyl)-2-thiophenecarboxamide,C14H22N2OS2,10.1016/j.jct.2007.11.008,2008,"Molar enthalpy of vaporization or sublimation, kJ/mol",Crystal,"[""Crystal"",""Gas""]",Static calorimetry,204.7,"{""CombinedUncertainty"":{""nCombExpandUncertValue"":1.1,""nCombUncertAssessNum"":1},""nPropValue"":204.7,""nPropDigits"":4,""nPropNumber"":1}",variable,"{""nVarValue"":298,""nVarNumber"":1,""nVarDigits"":3}",298,False,,204.7,True
10.1016/j.jct.2007.11.008#d2#p1#r1,10.1016/j.jct.2007.11.008#d2#p1,10.1016/j.jct.2007.11.008.json,2,1,1,"InChI=1S/C14H22N2OS2/c1-10(2)8-16(9-11(3)4)14(18)15-13(17)12-6-5-7-19-12/h5-7,10-11H,8-9H2,1-4H3,(H,15,17,18)",YRBBPMKCJVFYEP-UHFFFAOYSA-N,N-((bis(2-methylpropyl)amino)thioxomethyl)-2-thiophenecarboxamide,C14H22N2OS2,10.1016/j.jct.2007.11.008,2008,"Molar enthalpy of vaporization or sublimation, kJ/mol",Crystal,"[""Crystal"",""Gas""]",Static calorimetry,203.2,"{""CombinedUncertainty"":{""nCombUncertAssessNum"":1,""nCombExpandUncertValue"":1.1},""nPropValue"":203.2,""nPropDigits"":4,""nPropNumber"":1}",variable,"{""nVarValue"":298,""nVarNumber"":1,""nVarDigits"":3}",298,False,,203.2,True
10.1016/j.jct.2008.02.003#d3#p1#r1,10.1016/j.jct.2008.02.003#d3#p1,10.1016/j.jct.2008.02.003.json,3,1,1,"InChI=1S/C7H6Cl2O/c1-10-6-4-2-3-5(8)7(6)9/h2-4H,1H3",HFEASCCDHUVYKU-UHFFFAOYSA-N,"1,2-dichloro-3-methoxybenzene",C7H6Cl2O,10.1016/j.jct.2008.02.003,2008,"Molar enthalpy of vaporization or sublimation, kJ/mol",Crystal,"[""Crystal"",""Gas""]",Calvet microcalorimetry,83.6,"{""nPropNumber"":1,""nPropDigits"":3,""nPropValue"":83.6,""CombinedUncertainty"":{""nCombExpandUncertValue"":3,""nCombUncertAssessNum"":1}}",variable,"{""nVarDigits"":5,""nVarNumber"":1,""nVarValue"":298.15}",298.15,False,,83.6,True
10.1016/j.jct.2008.02.003#d5#p1#r1,10.1016/j.jct.2008.02.003#d5#p1,10.1016/j.jct.2008.02.003.json,5,1,1,"InChI=1S/C7H6Cl2O/c1-10-7-3-2-5(8)4-6(7)9/h2-4H,1H3",CICQUFBZCADHHX-UHFFFAOYSA-N,"2,4-dichloro-1-methoxybenzene",C7H6Cl2O,10.1016/j.jct.2008.02.003,2008,"Molar enthalpy of vaporization or sublimation, kJ/mol",Liquid,"[""Liquid"",""Gas""]",Calvet microcalorimetry,62.8,"{""CombinedUncertainty"":{""nCombExpandUncertValue"":1.4,""nCombUncertAssessNum"":1},""nPropValue"":62.8,""nPropNumber"":1,""nPropDigits"":3}",variable,"{""nVarValue"":298.15,""nVarDigits"":5,""nVarNumber"":1}",298.15,True,,62.8,True
10.1016/j.jct.2008.02.003#d7#p1#r1,10.1016/j.jct.2008.02.003#d7#p1,10.1016/j.jct.2008.02.003.json,7,1,1,"InChI=1S/C7H6Cl2O/c1-10-7-5(8)3-2-4-6(7)9/h2-4H,1H3",KZLMCDNAVVJKPX-UHFFFAOYSA-N,"2,6-dichloroanisole",C7H6Cl2O,10.1016/j.jct.2008.02.003,2008,"Molar enthalpy of vaporization or sublimation, kJ/mol",Liquid,"[""Liquid"",""Gas""]",Calvet microcalorimetry,56.1,"{""nPropNumber"":1,""nPropDigits"":3,""nPropValue"":56.1,""CombinedUncertainty"":{""nCombExpandUncertValue"":1.4,""nCombUncertAssessNum"":1}}",variable,"{""nVarValue"":298.15,""nVarNumber"":1,""nVarDigits"":5}",298.15,True,,56.1,True
10.1016/j.jct.2008.02.003#d11#p1#r1,10.1016/j.jct.2008.02.003#d11#p1,10.1016/j.jct.2008.02.003.json,11,1,1,"InChI=1S/C7H6Cl2O/c1-10-7-3-5(8)2-6(9)4-7/h2-4H,1H3",SSNXYMVLSOMJLU-UHFFFAOYSA-N,"3,5-dichloroanisole",C7H6Cl2O,10.1016/j.jct.2008.02.003,2008,"Molar enthalpy of vaporization or sublimation, kJ/mol",Crystal,"[""Crystal"",""Gas""]",Calvet microcalorimetry,79,"{""nPropValue"":79,""CombinedUncertainty"":{""nCombExpandUncertValue"":3,""nCombUncertAssessNum"":1},""nPropDigits"":2,""nPropNumber"":1}",variable,"{""nVarValue"":298.15,""nVarNumber"":1,""nVarDigits"":5}",298.15,False,,79,True
10.1016/j.jct.2008.02.004#d1#p1#r1,10.1016/j.jct.2008.02.004#d1#p1,10.1016/j.jct.2008.02.004.json,1,1,1,InChI=1S/C5H4OS/c6-4-5-2-1-3-7-5/h1-4H,CNUDBTRUORMMPA-UHFFFAOYSA-N,2-thiophenealdehyde,C5H4OS,10.1016/j.jct.2008.02.004,2008,"Molar enthalpy of vaporization or sublimation, kJ/mol",Liquid,"[""Liquid"",""Gas""]",calvet microcalorimetry,54.9,"{""nPropDigits"":3,""nPropNumber"":1,""CombinedUncertainty"":{""nCombUncertAssessNum"":1,""nCombExpandUncertValue"":2.2},""nPropValue"":54.9}",variable,"{""nVarDigits"":5,""nVarNumber"":1,""nVarValue"":298.15}",298.15,True,,54.9,True
10.1016/j.jct.2008.02.004#d3#p1#r1,10.1016/j.jct.2008.02.004#d3#p1,10.1016/j.jct.2008.02.004.json,3,1,1,InChI=1S/C5H4OS/c6-3-5-1-2-7-4-5/h1-4H,RBIGKSZIQCTIJF-UHFFFAOYSA-N,3-formylthiophene,C5H4OS,10.1016/j.jct.2008.02.004,2008,"Molar enthalpy of vaporization or sublimation, kJ/mol",Liquid,"[""Liquid"",""Gas""]",calvet microcalorimetry,52.6,"{""nPropDigits"":3,""nPropNumber"":1,""CombinedUncertainty"":{""nCombExpandUncertValue"":2.4,""nCombUncertAssessNum"":1},""nPropValue"":52.6}",variable,"{""nVarNumber"":1,""nVarDigits"":5,""nVarValue"":298.15}",298.15,True,,52.6,True
10.1016/j.jct.2008.02.004#d5#p1#r1,10.1016/j.jct.2008.02.004#d5#p1,10.1016/j.jct.2008.02.004.json,5,1,1,"InChI=1S/C6H6OS/c1-5-2-3-6(4-7)8-5/h2-4H,1H3",VAUMDUIUEPIGHM-UHFFFAOYSA-N,5-methyl-2-thiophenecarbaldehyde,C6H6OS,10.1016/j.jct.2008.02.004,2008,"Molar enthalpy of vaporization or sublimation, kJ/mol",Liquid,"[""Liquid"",""Gas""]",calvet microcalorimetry,56.2,"{""nPropNumber"":1,""nPropDigits"":3,""nPropValue"":56.2,""CombinedUncertainty"":{""nCombExpandUncertValue"":2.4,""nCombUncertAssessNum"":1}}",variable,"{""nVarValue"":298.15,""nVarDigits"":5,""nVarNumber"":1}",298.15,True,,56.2,True
10.1016/j.jct.2008.02.004#d7#p1#r1,10.1016/j.jct.2008.02.004#d7#p1,10.1016/j.jct.2008.02.004.json,7,1,1,"InChI=1S/C6H6OS/c1-5-2-3-8-6(5)4-7/h2-4H,1H3",BSQKBHXYEKVKMN-UHFFFAOYSA-N,3-methyl-2-thiophenecarboxaldehyde,C6H6OS,10.1016/j.jct.2008.02.004,2008,"Molar enthalpy of vaporization or sublimation, kJ/mol",Liquid,"[""Liquid"",""Gas""]",calvet microcalorimetry,57.7,"{""nPropDigits"":3,""nPropNumber"":1,""CombinedUncertainty"":{""nCombUncertAssessNum"":1,""nCombExpandUncertValue"":2.6},""nPropValue"":57.7}",variable,"{""nVarValue"":298.15,""nVarNumber"":1,""nVarDigits"":5}",298.15,True,,57.7,True
10.1016/j.jct.2008.02.004#d9#p1#r1,10.1016/j.jct.2008.02.004#d9#p1,10.1016/j.jct.2008.02.004.json,9,1,1,"InChI=1S/C7H8OS/c1-2-6-3-4-7(5-8)9-6/h3-5H,2H2,1H3",CLQXZICUPGZTPE-UHFFFAOYSA-N,"2-thiophenecarboxaldehyde, 5-ethyl-",C7H8OS,10.1016/j.jct.2008.02.004,2008,"Molar enthalpy of vaporization or sublimation, kJ/mol",Liquid,"[""Liquid"",""Gas""]",calvet microcalorimetry,62.2,"{""nPropDigits"":3,""nPropNumber"":1,""nPropValue"":62.2,""CombinedUncertainty"":{""nCombExpandUncertValue"":2.6,""nCombUncertAssessNum"":1}}",variable,"{""nVarDigits"":5,""nVarNumber"":1,""nVarValue"":298.15}",298.15,True,,62.2,True
10.1016/j.jct.2008.03.008#d1#p1#r1,10.1016/j.jct.2008.03.008#d1#p1,10.1016/j.jct.2008.03.008.json,1,1,1,"InChI=1S/C7H8OS/c1-5-3-4-9-7(5)6(2)8/h3-4H,1-2H3",YBJDKNXEWQSGEL-UHFFFAOYSA-N,2-acetyl-3-methylthiophene,C7H8OS,10.1016/j.jct.2008.03.008,2008,"Molar enthalpy of vaporization or sublimation, kJ/mol",Liquid,"[""Liquid"",""Gas""]",Vacuum sublimation drop method,57.1,"{""CombinedUncertainty"":{""nCombUncertAssessNum"":1,""nCombExpandUncertValue"":4.8},""nPropValue"":57.1,""nPropDigits"":3,""nPropNumber"":1}",variable,"{""nVarValue"":298.15,""nVarDigits"":5,""nVarNumber"":1}",298.15,True,,57.1,False
10.1016/j.jct.2008.03.008#d3#p1#r1,10.1016/j.jct.2008.03.008#d3#p1,10.1016/j.jct.2008.03.008.json,3,1,1,"InChI=1S/C7H8OS/c1-5-3-7(6(2)8)9-4-5/h3-4H,1-2H3",NFZNHUNPIJPRMP-UHFFFAOYSA-N,2-acetyl-4-methylthiophene,C7H8OS,10.1016/j.jct.2008.03.008,2008,"Molar enthalpy of vaporization or sublimation, kJ/mol",Liquid,"[""Liquid"",""Gas""]",Flow calorimetry,63,"{""nPropNumber"":1,""nPropDigits"":2,""CombinedUncertainty"":{""nCombExpandUncertValue"":5.2,""nCombUncertAssessNum"":1},""nPropValue"":63}",variable,"{""nVarValue"":298.15,""nVarDigits"":5,""nVarNumber"":1}",298.15,True,,63,True
10.1016/j.jct.2008.03.008#d5#p1#r1,10.1016/j.jct.2008.03.008#d5#p1,10.1016/j.jct.2008.03.008.json,5,1,1,"InChI=1S/C7H8OS/c1-5-3-4-7(9-5)6(2)8/h3-4H,1-2H3",YOSDTJYMDAEEAZ-UHFFFAOYSA-N,2-acetyl-5-methylthiophene,C7H8OS,10.1016/j.jct.2008.03.008,2008,"Molar enthalpy of vaporization or sublimation, kJ/mol",Liquid,"[""Liquid"",""Gas""]",Flow calorimetry,62,"{""CombinedUncertainty"":{""nCombExpandUncertValue"":5.2,""nCombUncertAssessNum"":1},""nPropValue"":62,""nPropDigits"":2,""nPropNumber"":1}",variable,"{""nVarValue"":298.15,""nVarNumber"":1,""nVarDigits"":5}",298.15,True,,62,True
10.1016/j.jct.2008.04.004#d2#p1#r1,10.1016/j.jct.2008.04.004#d2#p1,10.1016/j.jct.2008.04.004.json,2,1,1,"InChI=1S/C8H5NO2/c9-5-6-3-1-2-4-7(6)8(10)11/h1-4H,(H,10,11)",DTNSDCJFTHMDAK-UHFFFAOYSA-N,2-cyanobenzoic acid,C8H5NO2,10.1016/j.jct.2008.04.004,2008,"Molar enthalpy of vaporization or sublimation, kJ/mol",Crystal,"[""Crystal"",""Gas""]",Vacuum drop calorimetry,114.6,"{""nPropNumber"":1,""nPropDigits"":4,""nPropValue"":114.6,""CombinedUncertainty"":{""nCombExpandUncertValue"":3,""nCombUncertAssessNum"":1}}",variable,"{""nVarValue"":298.15,""nVarDigits"":5,""nVarNumber"":1}",298.15,False,,114.6,True
10.1016/j.jct.2008.04.004#d5#p1#r1,10.1016/j.jct.2008.04.004#d5#p1,10.1016/j.jct.2008.04.004.json,5,1,1,"InChI=1S/C8H5NO2/c9-5-6-2-1-3-7(4-6)8(10)11/h1-4H,(H,10,11)",GYLKKXHEIIFTJH-UHFFFAOYSA-N,3-cyanobenzoic acid,C8H5NO2,10.1016/j.jct.2008.04.004,2008,"Molar enthalpy of vaporization or sublimation, kJ/mol",Crystal,"[""Crystal"",""Gas""]",Vacuum drop calorimetry,116.6,"{""nPropNumber"":1,""nPropDigits"":4,""nPropValue"":116.6,""CombinedUncertainty"":{""nCombExpandUncertValue"":3,""nCombUncertAssessNum"":1}}",variable,"{""nVarDigits"":5,""nVarNumber"":1,""nVarValue"":298.15}",298.15,False,,116.6,True
10.1016/j.jct.2008.04.004#d7#p1#r1,10.1016/j.jct.2008.04.004#d7#p1,10.1016/j.jct.2008.04.004.json,7,1,1,"InChI=1S/C8H5NO2/c9-5-6-1-3-7(4-2-6)8(10)11/h1-4H,(H,10,11)",ADCUEPOHPCPMCE-UHFFFAOYSA-N,4-cyanobenzoic acid,C8H5NO2,10.1016/j.jct.2008.04.004,2008,"Molar enthalpy of vaporization or sublimation, kJ/mol",Crystal,"[""Crystal"",""Gas""]",Unpublished results by the authors,112.8,"{""nPropValue"":112.8,""CombinedUncertainty"":{""nCombExpandUncertValue"":2,""nCombUncertAssessNum"":1},""nPropDigits"":4,""nPropNumber"":1}",variable,"{""nVarValue"":298.15,""nVarDigits"":5,""nVarNumber"":1}",298.15,False,,112.8,False
10.1016/j.jct.2008.04.005#d1#p1#r1,10.1016/j.jct.2008.04.005#d1#p1,10.1016/j.jct.2008.04.005.json,1,1,1,"InChI=1S/C6H8S/c1-5-3-4-6(2)7-5/h3-4H,1-2H3",GWQOOADXMVQEFT-UHFFFAOYSA-N,"2,5-dimethylthiophene",C6H8S,10.1016/j.jct.2008.04.005,2008,"Molar enthalpy of vaporization or sublimation, kJ/mol",Liquid,"[""Liquid"",""Gas""]",Calvet microcalorimetry,40.2,"{""nPropValue"":40.2,""CombinedUncertainty"":{""nCombExpandUncertValue"":1.8,""nCombUncertAssessNum"":1},""nPropDigits"":3,""nPropNumber"":1}",variable,"{""nVarNumber"":1,""nVarDigits"":5,""nVarValue"":298.15}",298.15,True,,40.2,True
10.1016/j.jct.2008.04.005#d3#p1#r1,10.1016/j.jct.2008.04.005#d3#p1,10.1016/j.jct.2008.04.005.json,3,1,1,"InChI=1S/C8H10OS/c1-5-4-8(6(2)9)7(3)10-5/h4H,1-3H3",PUSJAEJRDNPYKM-UHFFFAOYSA-N,"3-acetyl-2,5-dimethylthiophene",C8H10OS,10.1016/j.jct.2008.04.005,2008,"Molar enthalpy of vaporization or sublimation, kJ/mol",Liquid,"[""Liquid"",""Gas""]",Vacuum drop calorimetry,61.3,"{""CombinedUncertainty"":{""nCombExpandUncertValue"":2.6,""nCombUncertAssessNum"":1},""nPropValue"":61.3,""nPropDigits"":3,""nPropNumber"":1}",variable,"{""nVarNumber"":1,""nVarDigits"":5,""nVarValue"":298.15}",298.15,True,,61.3,True
10.1016/j.jct.2008.04.010#d4#p1#r1,10.1016/j.jct.2008.04.010#d4#p1,10.1016/j.jct.2008.04.010.json,4,1,1,InChI=1S/C16H12/c1-2-7-13(8-3-1)16-12-6-10-14-9-4-5-11-15(14)16/h1-12H,IYDMICQAKLQHLA-UHFFFAOYSA-N,1-phenylnaphthalene,C16H12,10.1016/j.jct.2008.04.010,2008,"Molar enthalpy of vaporization or sublimation, kJ/mol",Liquid,"[""Liquid"",""Gas""]",Calvet microcalorimetry,81,"{""nPropNumber"":1,""nPropDigits"":2,""CombinedUncertainty"":{""nCombUncertAssessNum"":1,""nCombExpandUncertValue"":3.6},""nPropValue"":81}",variable,"{""nVarValue"":298.15,""nVarDigits"":5,""nVarNumber"":1}",298.15,True,,81,True
10.1016/j.jct.2008.06.019#d1#p1#r1,10.1016/j.jct.2008.06.019#d1#p1,10.1016/j.jct.2008.06.019.json,1,1,1,"InChI=1S/C10H10O/c11-10-6-5-8-3-1-2-4-9(8)7-10/h1-4H,5-7H2",KCKZIWSINLBROE-UHFFFAOYSA-N,.beta.-tetralone,C10H10O,10.1016/j.jct.2008.06.019,2008,"Molar enthalpy of vaporization or sublimation, kJ/mol",Liquid,"[""Liquid"",""Gas""]",Static calorimetry,73,"{""CombinedUncertainty"":{""nCombExpandUncertValue"":2.2,""nCombUncertAssessNum"":1},""nPropValue"":73,""nPropNumber"":1,""nPropDigits"":2}",variable,"{""nVarNumber"":1,""nVarDigits"":5,""nVarValue"":298.15}",298.15,True,,73,True
10.1016/j.jct.2008.07.012#d1#p1#r1,10.1016/j.jct.2008.07.012#d1#p1,10.1016/j.jct.2008.07.012.json,1,1,1,InChI=1S/C6H4ClNO2/c7-5-3-1-2-4-6(5)8(9)10/h1-4H,BFCFYVKQTRLZHA-UHFFFAOYSA-N,1-chloro-2-nitrobenzene,C6H4ClNO2,10.1016/j.jct.2008.07.012,2009,"Molar enthalpy of vaporization or sublimation, kJ/mol",Crystal,"[""Crystal"",""Gas""]",Calvet Calorimetry,80.9,"{""nPropNumber"":1,""nPropDigits"":3,""CombinedUncertainty"":{""nCombUncertAssessNum"":1,""nCombExpandUncertValue"":3},""nPropValue"":80.9}",variable,"{""nVarDigits"":5,""nVarNumber"":1,""nVarValue"":298.15}",298.15,False,,80.9,True
10.1016/j.jct.2008.07.012#d3#p1#r1,10.1016/j.jct.2008.07.012#d3#p1,10.1016/j.jct.2008.07.012.json,3,1,1,InChI=1S/C6H4ClNO2/c7-5-2-1-3-6(4-5)8(9)10/h1-4H,KMAQZIILEGKYQZ-UHFFFAOYSA-N,1-chloro-3-nitrobenzene,C6H4ClNO2,10.1016/j.jct.2008.07.012,2009,"Molar enthalpy of vaporization or sublimation, kJ/mol",Crystal,"[""Crystal"",""Gas""]",Calvet Calorimetry,82.5,"{""nPropValue"":82.5,""CombinedUncertainty"":{""nCombUncertAssessNum"":1,""nCombExpandUncertValue"":3},""nPropNumber"":1,""nPropDigits"":3}",variable,"{""nVarNumber"":1,""nVarDigits"":5,""nVarValue"":298.15}",298.15,False,,82.5,True
10.1016/j.jct.2008.07.012#d5#p1#r1,10.1016/j.jct.2008.07.012#d5#p1,10.1016/j.jct.2008.07.012.json,5,1,1,InChI=1S/C6H4ClNO2/c7-5-1-3-6(4-2-5)8(9)10/h1-4H,CZGCEKJOLUNIFY-UHFFFAOYSA-N,1-chloro-4-nitrobenzene,C6H4ClNO2,10.1016/j.jct.2008.07.012,2009,"Molar enthalpy of vaporization or sublimation, kJ/mol",Crystal,"[""Crystal"",""Gas""]",Calvet Calorimetry,76.2,"{""CombinedUncertainty"":{""nCombExpandUncertValue"":4.2,""nCombUncertAssessNum"":1},""nPropValue"":76.2,""nPropNumber"":1,""nPropDigits"":3}",variable,"{""nVarValue"":298.15,""nVarNumber"":1,""nVarDigits"":5}",298.15,False,,76.2,True
10.1016/j.jct.2008.07.016#d1#p1#r1,10.1016/j.jct.2008.07.016#d1#p1,10.1016/j.jct.2008.07.016.json,1,1,1,"InChI=1S/C8H6BrN/c9-7-1-2-8-6(5-7)3-4-10-8/h1-5,10H",VXWVFZFZYXOBTA-UHFFFAOYSA-N,"1H-indole, 5-bromo-",C8H6BrN,10.1016/j.jct.2008.07.016,2009,"Molar enthalpy of vaporization or sublimation, kJ/mol",Crystal,"[""Crystal"",""Gas""]",microcalorimetry,92.3,"{""CombinedUncertainty"":{""nCombExpandUncertValue"":4.6,""nCombUncertAssessNum"":1},""nPropValue"":92.3,""nPropNumber"":1,""nPropDigits"":3}",variable,"{""nVarValue"":298.15,""nVarNumber"":1,""nVarDigits"":5}",298.15,False,,92.3,True
10.1016/j.jct.2008.07.016#d3#p1#r1,10.1016/j.jct.2008.07.016#d3#p1,10.1016/j.jct.2008.07.016.json,3,1,1,"InChI=1S/C8H8BrN/c9-7-1-2-8-6(5-7)3-4-10-8/h1-2,5,10H,3-4H2",QEDCHCLHHGGYBT-UHFFFAOYSA-N,5-Bromoindoline,C8H8BrN,10.1016/j.jct.2008.07.016,2009,"Molar enthalpy of vaporization or sublimation, kJ/mol",Crystal,"[""Crystal"",""Gas""]",microcalorimetry,88,"{""nPropDigits"":2,""nPropNumber"":1,""CombinedUncertainty"":{""nCombUncertAssessNum"":1,""nCombExpandUncertValue"":3.8},""nPropValue"":88}",variable,"{""nVarValue"":298.15,""nVarDigits"":5,""nVarNumber"":1}",298.15,False,,88,True
10.1016/j.jct.2008.07.021#d1#p1#r1,10.1016/j.jct.2008.07.021#d1#p1,10.1016/j.jct.2008.07.021.json,1,1,1,"InChI=1S/C11H12O2/c1-13-11-7-3-4-8-9(11)5-2-6-10(8)12/h3-4,7H,2,5-6H2,1H3",BRCPWISABURVIH-UHFFFAOYSA-N,"3,4-dihydro-5-methoxy-1(2H)-naphthalenone",C11H12O2,10.1016/j.jct.2008.07.021,2009,"Molar enthalpy of vaporization or sublimation, kJ/mol",Crystal,"[""Crystal"",""Gas""]",Static calorimetry,97.9,"{""CombinedUncertainty"":{""nCombExpandUncertValue"":0.9,""nCombUncertAssessNum"":1},""nPropValue"":97.9,""nPropNumber"":1,""nPropDigits"":3}",variable,"{""nVarValue"":298.15,""nVarDigits"":5,""nVarNumber"":1}",298.15,False,,97.9,True
10.1016/j.jct.2008.07.021#d4#p1#r1,10.1016/j.jct.2008.07.021#d4#p1,10.1016/j.jct.2008.07.021.json,4,1,1,"InChI=1S/C11H12O2/c1-13-9-5-6-10-8(7-9)3-2-4-11(10)12/h5-7H,2-4H2,1H3",MNALUTYMBUBKNX-UHFFFAOYSA-N,"3,4-dihydro-6-methoxy-1(2H)naphthalenone",C11H12O2,10.1016/j.jct.2008.07.021,2009,"Molar enthalpy of vaporization or sublimation, kJ/mol",Crystal,"[""Crystal"",""Gas""]",Static calorimetry,104.7,"{""nPropValue"":104.7,""CombinedUncertainty"":{""nCombUncertAssessNum"":1,""nCombExpandUncertValue"":1.8},""nPropDigits"":4,""nPropNumber"":1}",variable,"{""nVarValue"":298.15,""nVarDigits"":5,""nVarNumber"":1}",298.15,False,,104.7,True
10.1016/j.jct.2008.07.021#d7#p1#r1,10.1016/j.jct.2008.07.021#d7#p1,10.1016/j.jct.2008.07.021.json,7,1,1,"InChI=1S/C11H12O2/c1-13-9-6-5-8-3-2-4-11(12)10(8)7-9/h5-7H,2-4H2,1H3",GABLTKRIYDNDIN-UHFFFAOYSA-N,7-methoxy-1-tetralone,C11H12O2,10.1016/j.jct.2008.07.021,2009,"Molar enthalpy of vaporization or sublimation, kJ/mol",Crystal,"[""Crystal"",""Gas""]",Static calorimetry,103.1,"{""nPropDigits"":4,""nPropNumber"":1,""CombinedUncertainty"":{""nCombUncertAssessNum"":1,""nCombExpandUncertValue"":1.8},""nPropValue"":103.1}",variable,"{""nVarDigits"":5,""nVarNumber"":1,""nVarValue"":298.15}",298.15,False,,103.1,True
10.1016/j.jct.2008.08.004#d1#p1#r1,10.1016/j.jct.2008.08.004#d1#p1,10.1016/j.jct.2008.08.004.json,1,1,1,InChI=1S/C5H3NO/c6-4-5-2-1-3-7-5/h1-3H,YXDXXGXWFJCXEB-UHFFFAOYSA-N,2-cyanofuran,C5H3NO,10.1016/j.jct.2008.08.004,2009,"Molar enthalpy of vaporization or sublimation, kJ/mol",Liquid,"[""Liquid"",""Gas""]",Static calorimetry,44.8,"{""CombinedUncertainty"":{""nCombExpandUncertValue"":0.8,""nCombUncertAssessNum"":1},""nPropValue"":44.8,""nPropNumber"":1,""nPropDigits"":3}",variable,"{""nVarNumber"":1,""nVarDigits"":5,""nVarValue"":298.15}",298.15,True,,44.8,True
10.1016/j.jct.2008.08.004#d3#p1#r1,10.1016/j.jct.2008.08.004#d3#p1,10.1016/j.jct.2008.08.004.json,3,1,1,"InChI=1S/C6H6O2/c1-5(7)6-3-2-4-8-6/h2-4H,1H3",IEMMBWWQXVXBEU-UHFFFAOYSA-N,2-acetylfuran,C6H6O2,10.1016/j.jct.2008.08.004,2009,"Molar enthalpy of vaporization or sublimation, kJ/mol",Liquid,"[""Liquid"",""Gas""]",Static calorimetry,53,"{""CombinedUncertainty"":{""nCombUncertAssessNum"":1,""nCombExpandUncertValue"":1.2},""nPropValue"":53,""nPropNumber"":1,""nPropDigits"":2}",variable,"{""nVarDigits"":5,""nVarNumber"":1,""nVarValue"":298.15}",298.15,True,,53,True
10.1016/j.jct.2008.08.004#d5#p1#r1,10.1016/j.jct.2008.08.004#d5#p1,10.1016/j.jct.2008.08.004.json,5,1,1,InChI=1S/C5H4O2/c6-3-5-1-2-7-4-5/h1-4H,AZVSIHIBYRHSLB-UHFFFAOYSA-N,3-furaldehyde,C5H4O2,10.1016/j.jct.2008.08.004,2009,"Molar enthalpy of vaporization or sublimation, kJ/mol",Liquid,"[""Liquid"",""Gas""]",Static calorimetry,48.1,"{""nPropValue"":48.1,""CombinedUncertainty"":{""nCombExpandUncertValue"":1,""nCombUncertAssessNum"":1},""nPropDigits"":3,""nPropNumber"":1}",variable,"{""nVarNumber"":1,""nVarDigits"":5,""nVarValue"":298.15}",298.15,True,,48.1,True
10.1016/j.jct.2008.08.012#d3#p1#r1,10.1016/j.jct.2008.08.012#d3#p1,10.1016/j.jct.2008.08.012.json,3,1,1,"InChI=1S/C9H8O2/c10-8-5-6-11-9-4-2-1-3-7(8)9/h1-4H,5-6H2",MSTDXOZUKAQDRL-UHFFFAOYSA-N,"2,3-dihydro-4H-1-benzopyran-4-one",C9H8O2,10.1016/j.jct.2008.08.012,2009,"Molar enthalpy of vaporization or sublimation, kJ/mol",Crystal,"[""Crystal"",""Gas""]",Derived by Second law,84.6,"{""nPropNumber"":1,""nPropDigits"":3,""CombinedUncertainty"":{""nCombUncertAssessNum"":1,""nCombExpandUncertValue"":2.9},""nPropValue"":84.6}",variable,"{""nVarValue"":298.15,""nVarDigits"":5,""nVarNumber"":1}",298.15,False,,84.6,False
10.1016/j.jct.2008.08.012#d5#p1#r1,10.1016/j.jct.2008.08.012#d5#p1,10.1016/j.jct.2008.08.012.json,5,1,1,"InChI=1S/C9H8O2/c10-9-6-5-7-3-1-2-4-8(7)11-9/h1-4H,5-6H2",VMUXSMXIQBNMGZ-UHFFFAOYSA-N,dihydrocoumarin,C9H8O2,10.1016/j.jct.2008.08.012,2009,"Molar enthalpy of vaporization or sublimation, kJ/mol",Crystal,"[""Crystal"",""Gas""]",Derived by Second law,69.9,"{""nPropValue"":69.9,""CombinedUncertainty"":{""nCombExpandUncertValue"":1.6,""nCombUncertAssessNum"":1},""nPropDigits"":3,""nPropNumber"":1}",variable,"{""nVarValue"":298.15,""nVarNumber"":1,""nVarDigits"":5}",298.15,False,,69.9,False
10.1016/j.jct.2008.08.012#d8#p1#r1,10.1016/j.jct.2008.08.012#d8#p1,10.1016/j.jct.2008.08.012.json,8,1,1,"InChI=1S/C9H8O2/c10-9-5-7-3-1-2-4-8(7)6-11-9/h1-4H,5-6H2",ILHLUZUMRJQEAH-UHFFFAOYSA-N,"1,4-dihydro-3H-2-benzopyran-3-one",C9H8O2,10.1016/j.jct.2008.08.012,2009,"Molar enthalpy of vaporization or sublimation, kJ/mol",Crystal,"[""Crystal"",""Gas""]",Derived by Second law,97.3,"{""nPropValue"":97.3,""CombinedUncertainty"":{""nCombUncertAssessNum"":1,""nCombExpandUncertValue"":3.1},""nPropNumber"":1,""nPropDigits"":3}",variable,"{""nVarNumber"":1,""nVarDigits"":5,""nVarValue"":298.15}",298.15,False,,97.3,False
10.1016/j.jct.2008.09.012#d1#p1#r1,10.1016/j.jct.2008.09.012#d1#p1,10.1016/j.jct.2008.09.012.json,1,1,1,"InChI=1S/C7H7FO/c1-9-7-4-2-3-6(8)5-7/h2-5H,1H3",MFJNOXOAIFNSBX-UHFFFAOYSA-N,3-fluoroanisole,C7H7FO,10.1016/j.jct.2008.09.012,2009,"Molar enthalpy of vaporization or sublimation, kJ/mol",Liquid,"[""Liquid"",""Gas""]",Calvet microcalorimetry,48.1,"{""nPropValue"":48.1,""CombinedUncertainty"":{""nCombExpandUncertValue"":2.2,""nCombUncertAssessNum"":1},""nPropDigits"":3,""nPropNumber"":1}",variable,"{""nVarDigits"":5,""nVarNumber"":1,""nVarValue"":298.15}",298.15,True,,48.1,True
10.1016/j.jct.2008.09.012#d3#p1#r1,10.1016/j.jct.2008.09.012#d3#p1,10.1016/j.jct.2008.09.012.json,3,1,1,"InChI=1S/C7H7FO/c1-9-7-5-3-2-4-6(7)8/h2-5H,1H3",JIXDOBAQOWOUPA-UHFFFAOYSA-N,2-fluoroanisole,C7H7FO,10.1016/j.jct.2008.09.012,2009,"Molar enthalpy of vaporization or sublimation, kJ/mol",Liquid,"[""Liquid"",""Gas""]",Calvet microcalorimetry,52.2,"{""nPropNumber"":1,""nPropDigits"":3,""CombinedUncertainty"":{""nCombUncertAssessNum"":1,""nCombExpandUncertValue"":2.2},""nPropValue"":52.2}",variable,"{""nVarNumber"":1,""nVarDigits"":5,""nVarValue"":298.15}",298.15,True,,52.2,True
10.1016/j.jct.2008.09.012#d5#p1#r1,10.1016/j.jct.2008.09.012#d5#p1,10.1016/j.jct.2008.09.012.json,5,1,1,"InChI=1S/C7H7FO/c1-9-7-4-2-6(8)3-5-7/h2-5H,1H3",VIPWUFMFHBIKQI-UHFFFAOYSA-N,1-fluoro-4-methoxybenzene,C7H7FO,10.1016/j.jct.2008.09.012,2009,"Molar enthalpy of vaporization or sublimation, kJ/mol",Liquid,"[""Liquid"",""Gas""]",Calvet microcalorimetry,48.7,"{""nPropNumber"":1,""nPropDigits"":3,""nPropValue"":48.7,""CombinedUncertainty"":{""nCombExpandUncertValue"":2.2,""nCombUncertAssessNum"":1}}",variable,"{""nVarNumber"":1,""nVarDigits"":5,""nVarValue"":298.15}",298.15,True,,48.7,True
10.1016/j.jct.2008.09.013#d1#p1#r1,10.1016/j.jct.2008.09.013#d1#p1,10.1016/j.jct.2008.09.013.json,1,1,1,"InChI=1S/C7H6O3/c8-7(9)4-3-6-2-1-5-10-6/h1-5H,(H,8,9)/b4-3+",ZCJLOOJRNPHKAV-ONEGZZNKSA-N,2-furanacrylic acid,C7H6O3,10.1016/j.jct.2008.09.013,2009,"Molar enthalpy of vaporization or sublimation, kJ/mol",Crystal,"[""Crystal"",""Gas""]",Calvet calorimetry,103,"{""nPropDigits"":3,""nPropNumber"":1,""CombinedUncertainty"":{""nCombUncertAssessNum"":1,""nCombExpandUncertValue"":1.3},""nPropValue"":103}",variable,"{""nVarValue"":298.15,""nVarDigits"":5,""nVarNumber"":1}",298.15,False,,103,True
10.1016/j.jct.2008.09.013#d4#p1#r1,10.1016/j.jct.2008.09.013#d4#p1,10.1016/j.jct.2008.09.013.json,4,1,1,"InChI=1S/C7H6O3/c8-7(9)2-1-6-3-4-10-5-6/h1-5H,(H,8,9)/b2-1+",JHAPZUDWRRBZHZ-OWOJBTEDSA-N,3-furanacrylic acid,C7H6O3,10.1016/j.jct.2008.09.013,2009,"Molar enthalpy of vaporization or sublimation, kJ/mol",Crystal,"[""Crystal"",""Gas""]",Calvet microcalorimetry,104.9,"{""nPropValue"":104.9,""CombinedUncertainty"":{""nCombExpandUncertValue"":2,""nCombUncertAssessNum"":1},""nPropDigits"":4,""nPropNumber"":1}",variable,"{""nVarValue"":298.15,""nVarDigits"":5,""nVarNumber"":1}",298.15,False,,104.9,True
10.1016/j.jct.2008.09.013#d7#p1#r1,10.1016/j.jct.2008.09.013#d7#p1,10.1016/j.jct.2008.09.013.json,7,1,1,InChI=1S/C7H6O2/c8-5-1-3-7-4-2-6-9-7/h1-6H,VZIRCHXYMBFNFD-UHFFFAOYSA-N,3-(2-furyl)-2-propenal,C7H6O2,10.1016/j.jct.2008.09.013,2009,"Molar enthalpy of vaporization or sublimation, kJ/mol",Crystal,"[""Crystal"",""Gas""]",Calvet microcalorimetry,82.3,"{""nPropValue"":82.3,""CombinedUncertainty"":{""nCombExpandUncertValue"":0.8,""nCombUncertAssessNum"":1},""nPropNumber"":1,""nPropDigits"":3}",variable,"{""nVarValue"":298.15,""nVarNumber"":1,""nVarDigits"":5}",298.15,False,,82.3,True
10.1016/j.jct.2008.09.013#d9#p1#r1,10.1016/j.jct.2008.09.013#d9#p1,10.1016/j.jct.2008.09.013.json,9,1,1,"InChI=1S/C7H5NO/c8-5-1-3-7-4-2-6-9-7/h1-4,6H/b3-1+",ZHKAQNFBQHPERX-HNQUOIGGSA-N,2-furanacrylonitrile,C7H5NO,10.1016/j.jct.2008.09.013,2009,"Molar enthalpy of vaporization or sublimation, kJ/mol",Liquid,"[""Liquid"",""Gas""]",Calvet microcalorimetry,65.2,"{""CombinedUncertainty"":{""nCombExpandUncertValue"":1.2,""nCombUncertAssessNum"":1},""nPropValue"":65.2,""nPropNumber"":1,""nPropDigits"":3}",variable,"{""nVarDigits"":5,""nVarNumber"":1,""nVarValue"":298.15}",298.15,True,,65.2,True
10.1016/j.jct.2008.11.008#d1#p1#r1,10.1016/j.jct.2008.11.008#d1#p1,10.1016/j.jct.2008.11.008.json,1,1,1,"InChI=1S/C7H7BrO/c1-9-7-5-3-2-4-6(7)8/h2-5H,1H3",HTDQSWDEWGSAMN-UHFFFAOYSA-N,1-bromo-2-methoxybenzene,C7H7BrO,10.1016/j.jct.2008.11.008,2009,"Molar enthalpy of vaporization or sublimation, kJ/mol",Liquid,"[""Liquid"",""Gas""]",Calvet microcalorimetry,61.8,"{""nPropDigits"":3,""nPropNumber"":1,""CombinedUncertainty"":{""nCombUncertAssessNum"":1,""nCombExpandUncertValue"":2.6},""nPropValue"":61.8}",variable,"{""nVarDigits"":5,""nVarNumber"":1,""nVarValue"":298.15}",298.15,True,,61.8,True
10.1016/j.jct.2008.11.008#d3#p1#r1,10.1016/j.jct.2008.11.008#d3#p1,10.1016/j.jct.2008.11.008.json,3,1,1,"InChI=1S/C7H7BrO/c1-9-7-4-2-3-6(8)5-7/h2-5H,1H3",PLDWAJLZAAHOGG-UHFFFAOYSA-N,1-bromo-3-methoxybenzene,C7H7BrO,10.1016/j.jct.2008.11.008,2009,"Molar enthalpy of vaporization or sublimation, kJ/mol",Liquid,"[""Liquid"",""Gas""]",Calvet microcalorimetry,58,"{""nPropDigits"":2,""nPropNumber"":1,""nPropValue"":58,""CombinedUncertainty"":{""nCombUncertAssessNum"":1,""nCombExpandUncertValue"":2.4}}",variable,"{""nVarDigits"":5,""nVarNumber"":1,""nVarValue"":298.15}",298.15,True,,58,True
10.1016/j.jct.2008.11.008#d5#p1#r1,10.1016/j.jct.2008.11.008#d5#p1,10.1016/j.jct.2008.11.008.json,5,1,1,"InChI=1S/C7H7BrO/c1-9-7-4-2-6(8)3-5-7/h2-5H,1H3",QJPJQTDYNZXKQF-UHFFFAOYSA-N,1-bromo-4-methoxybenzene,C7H7BrO,10.1016/j.jct.2008.11.008,2009,"Molar enthalpy of vaporization or sublimation, kJ/mol",Liquid,"[""Liquid"",""Gas""]",Calvet microcalorimetry,58.3,"{""nPropDigits"":3,""nPropNumber"":1,""nPropValue"":58.3,""CombinedUncertainty"":{""nCombExpandUncertValue"":2.4,""nCombUncertAssessNum"":1}}",variable,"{""nVarValue"":298.15,""nVarNumber"":1,""nVarDigits"":5}",298.15,True,,58.3,True
10.1016/j.jct.2008.12.015#d2#p1#r1,10.1016/j.jct.2008.12.015#d2#p1,10.1016/j.jct.2008.12.015.json,2,1,1,"InChI=1S/C20H26/c1-19(2,3)17-11-7-15(8-12-17)16-9-13-18(14-10-16)20(4,5)6/h7-14H,1-6H3",CDKCEZNPAYWORX-UHFFFAOYSA-N,"4,4'-bis(1,1-dimethylethyl)-1,1'-biphenyl",C20H26,10.1016/j.jct.2008.12.015,2009,"Molar enthalpy of vaporization or sublimation, kJ/mol",Crystal,"[""Crystal"",""Gas""]",Static calorimetry,99.68,"{""nPropValue"":99.68,""CombinedUncertainty"":{""nCombExpandUncertValue"":1.73,""nCombUncertAssessNum"":1},""nPropNumber"":1,""nPropDigits"":4}",variable,"{""nVarValue"":399.15,""nVarDigits"":5,""nVarNumber"":1}",399.15,False,,99.68,True
10.1016/j.jct.2008.12.015#d5#p1#r1,10.1016/j.jct.2008.12.015#d5#p1,10.1016/j.jct.2008.12.015.json,5,1,1,"InChI=1S/C16H18/c1-16(2,3)15-11-9-14(10-12-15)13-7-5-4-6-8-13/h4-12H,1-3H3",CDOYZTOFTGTGBC-UHFFFAOYSA-N,"4-(1,1-dimethylethyl)-1,1'-biphenyl",C16H18,10.1016/j.jct.2008.12.015,2009,"Molar enthalpy of vaporization or sublimation, kJ/mol",Crystal,"[""Crystal"",""Gas""]",Static calorimetry,97.34,"{""nPropDigits"":4,""nPropNumber"":1,""CombinedUncertainty"":{""nCombUncertAssessNum"":1,""nCombExpandUncertValue"":1.56},""nPropValue"":97.34}",variable,"{""nVarDigits"":5,""nVarNumber"":1,""nVarValue"":322.65}",322.65,False,,97.34,True
10.1016/j.jct.2008.12.015#d6#p1#r1,10.1016/j.jct.2008.12.015#d6#p1,10.1016/j.jct.2008.12.015.json,6,1,1,"InChI=1S/C16H18/c1-16(2,3)15-11-9-14(10-12-15)13-7-5-4-6-8-13/h4-12H,1-3H3",CDOYZTOFTGTGBC-UHFFFAOYSA-N,"4-(1,1-dimethylethyl)-1,1'-biphenyl",C16H18,10.1016/j.jct.2008.12.015,2009,"Molar enthalpy of vaporization or sublimation, kJ/mol",Liquid,"[""Liquid"",""Gas""]",Static calorimetry,76.97,"{""nPropDigits"":4,""nPropNumber"":1,""nPropValue"":76.97,""CombinedUncertainty"":{""nCombExpandUncertValue"":0.86,""nCombUncertAssessNum"":1}}",variable,"{""nVarValue"":334,""nVarNumber"":1,""nVarDigits"":3}",334,True,,76.97,True
10.1016/j.jct.2009.03.001#d1#p1#r1,10.1016/j.jct.2009.03.001#d1#p1,10.1016/j.jct.2009.03.001.json,1,1,1,InChI=1S/C6H3Cl2NO2/c7-4-1-2-6(9(10)11)5(8)3-4/h1-3H,QUIMTLZDMCNYGY-UHFFFAOYSA-N,"1,3-dichloro-4-nitrobenzene",C6H3Cl2NO2,10.1016/j.jct.2009.03.001,2009,"Molar enthalpy of vaporization or sublimation, kJ/mol",Crystal,"[""Crystal"",""Gas""]",drop microcalorimetry,87.8,"{""nPropDigits"":3,""nPropNumber"":1,""nPropValue"":87.8,""CombinedUncertainty"":{""nCombUncertAssessNum"":1,""nCombExpandUncertValue"":3.4}}",variable,"{""nVarValue"":298.15,""nVarNumber"":1,""nVarDigits"":5}",298.15,False,,87.8,True
10.1016/j.jct.2009.03.001#d3#p1#r1,10.1016/j.jct.2009.03.001#d3#p1,10.1016/j.jct.2009.03.001.json,3,1,1,InChI=1S/C6H3Cl2NO2/c7-4-1-2-5(8)6(3-4)9(10)11/h1-3H,RZKKOBGFCAHLCZ-UHFFFAOYSA-N,"1,4-dichloro-2-nitrobenzene",C6H3Cl2NO2,10.1016/j.jct.2009.03.001,2009,"Molar enthalpy of vaporization or sublimation, kJ/mol",Crystal,"[""Crystal"",""Gas""]",drop microcalorimetry,87.4,"{""nPropNumber"":1,""nPropDigits"":3,""CombinedUncertainty"":{""nCombUncertAssessNum"":1,""nCombExpandUncertValue"":5},""nPropValue"":87.4}",variable,"{""nVarNumber"":1,""nVarDigits"":5,""nVarValue"":298.15}",298.15,False,,87.4,True
10.1016/j.jct.2009.03.001#d5#p1#r1,10.1016/j.jct.2009.03.001#d5#p1,10.1016/j.jct.2009.03.001.json,5,1,1,InChI=1S/C6H3Cl2NO2/c7-5-2-1-4(9(10)11)3-6(5)8/h1-3H,NTBYINQTYWZXLH-UHFFFAOYSA-N,"3,4-dichloro-1-nitrobenzene",C6H3Cl2NO2,10.1016/j.jct.2009.03.001,2009,"Molar enthalpy of vaporization or sublimation, kJ/mol",Crystal,"[""Crystal"",""Gas""]",drop microcalorimetry,85.8,"{""CombinedUncertainty"":{""nCombExpandUncertValue"":5,""nCombUncertAssessNum"":1},""nPropValue"":85.8,""nPropDigits"":3,""nPropNumber"":1}",variable,"{""nVarDigits"":5,""nVarNumber"":1,""nVarValue"":298.15}",298.15,False,,85.8,True
10.1016/j.jct.2009.03.001#d7#p1#r1,10.1016/j.jct.2009.03.001#d7#p1,10.1016/j.jct.2009.03.001.json,7,1,1,InChI=1S/C6H3Cl2NO2/c7-4-1-5(8)3-6(2-4)9(10)11/h1-3H,RNABGKOKSBUFHW-UHFFFAOYSA-N,"1,3-dichloro-5-nitrobenzene",C6H3Cl2NO2,10.1016/j.jct.2009.03.001,2009,"Molar enthalpy of vaporization or sublimation, kJ/mol",Crystal,"[""Crystal"",""Gas""]",drop microcalorimetry,83.2,"{""nPropDigits"":3,""nPropNumber"":1,""nPropValue"":83.2,""CombinedUncertainty"":{""nCombExpandUncertValue"":3,""nCombUncertAssessNum"":1}}",variable,"{""nVarNumber"":1,""nVarDigits"":5,""nVarValue"":298.15}",298.15,False,,83.2,True
10.1016/j.jct.2009.03.010#d3#p1#r1,10.1016/j.jct.2009.03.010#d3#p1,10.1016/j.jct.2009.03.010.json,3,1,1,InChI=1S/C24H12/c1-2-14-5-6-16-9-11-18-12-10-17-8-7-15-4-3-13(1)19-20(14)22(16)24(18)23(17)21(15)19/h1-12H,VPUGDVKSAQVFFS-UHFFFAOYSA-N,coronene,C24H12,10.1016/j.jct.2009.03.010,2009,"Molar enthalpy of vaporization or sublimation, kJ/mol",Crystal,"[""Crystal"",""Gas""]",Derived by Second law,126.6,"{""nPropNumber"":1,""nPropDigits"":4,""CombinedUncertainty"":{""nCombExpandUncertValue"":3.8,""nCombUncertAssessNum"":1},""nPropValue"":126.6}",variable,"{""nVarNumber"":1,""nVarDigits"":4,""nVarValue"":478.2}",478.2,False,,126.6,False
10.1016/j.jct.2009.03.014#d1#p1#r1,10.1016/j.jct.2009.03.014#d1#p1,10.1016/j.jct.2009.03.014.json,1,1,1,InChI=1S/C6H2Cl3NO2/c7-3-1-4(8)6(10(11)12)5(9)2-3/h1-2H,AEBJDOTVYMITIA-UHFFFAOYSA-N,"1,3,5-trichloro-2-nitrobenzene",C6H2Cl3NO2,10.1016/j.jct.2009.03.014,2009,"Molar enthalpy of vaporization or sublimation, kJ/mol",Crystal,"[""Crystal"",""Gas""]",Drop-Microcalorimetry,84.3,"{""nPropDigits"":3,""nPropNumber"":1,""CombinedUncertainty"":{""nCombUncertAssessNum"":1,""nCombExpandUncertValue"":3.8},""nPropValue"":84.3}",variable,"{""nVarNumber"":1,""nVarDigits"":5,""nVarValue"":298.15}",298.15,False,,84.3,True
10.1016/j.jct.2009.03.014#d4#p1#r1,10.1016/j.jct.2009.03.014#d4#p1,10.1016/j.jct.2009.03.014.json,4,1,1,InChI=1S/C6HCl4NO2/c7-2-1-3(8)5(10)6(4(2)9)11(12)13/h1H,XQTLDIFVVHJORV-UHFFFAOYSA-N,"2,3,5,6-tetrachloronitrobenzene",C6HCl4NO2,10.1016/j.jct.2009.03.014,2009,"Molar enthalpy of vaporization or sublimation, kJ/mol",Crystal,"[""Crystal"",""Gas""]",Drop Microcalorimetry,91.3,"{""CombinedUncertainty"":{""nCombExpandUncertValue"":5,""nCombUncertAssessNum"":1},""nPropValue"":91.3,""nPropNumber"":1,""nPropDigits"":3}",variable,"{""nVarNumber"":1,""nVarDigits"":5,""nVarValue"":298.15}",298.15,False,,91.3,True
10.1016/j.jct.2009.03.014#d6#p1#r1,10.1016/j.jct.2009.03.014#d6#p1,10.1016/j.jct.2009.03.014.json,6,1,1,InChI=1S/C6Cl5NO2/c7-1-2(8)4(10)6(12(13)14)5(11)3(1)9,LKPLKUMXSAEKID-UHFFFAOYSA-N,pentachloronitrobenzene,C6Cl5NO2,10.1016/j.jct.2009.03.014,2009,"Molar enthalpy of vaporization or sublimation, kJ/mol",Crystal,"[""Crystal"",""Gas""]",Drop Microcalorimetry,96.3,"{""nPropDigits"":3,""nPropNumber"":1,""CombinedUncertainty"":{""nCombUncertAssessNum"":1,""nCombExpandUncertValue"":4.2},""nPropValue"":96.3}",variable,"{""nVarValue"":298.15,""nVarDigits"":5,""nVarNumber"":1}",298.15,False,,96.3,True
10.1016/j.jct.2009.04.017#d1#p1#r1,10.1016/j.jct.2009.04.017#d1#p1,10.1016/j.jct.2009.04.017.json,1,1,1,"InChI=1S/C6H5BrO/c7-5-3-1-2-4-6(5)8/h1-4,8H",VADKRMSMGWJZCF-UHFFFAOYSA-N,"phenol, 2-bromo-",C6H5BrO,10.1016/j.jct.2009.04.017,2009,"Molar enthalpy of vaporization or sublimation, kJ/mol",Liquid,"[""Liquid"",""Gas""]",Calvet microcalorimetry,55.5,"{""nPropNumber"":1,""nPropDigits"":3,""CombinedUncertainty"":{""nCombExpandUncertValue"":2.6,""nCombUncertAssessNum"":1},""nPropValue"":55.5}",variable,"{""nVarNumber"":1,""nVarDigits"":5,""nVarValue"":298.15}",298.15,True,,55.5,True
10.1016/j.jct.2009.04.017#d4#p1#r1,10.1016/j.jct.2009.04.017#d4#p1,10.1016/j.jct.2009.04.017.json,4,1,1,"InChI=1S/C6H5BrO/c7-5-1-3-6(8)4-2-5/h1-4,8H",GZFGOTFRPZRKDS-UHFFFAOYSA-N,4-bromophenol,C6H5BrO,10.1016/j.jct.2009.04.017,2009,"Molar enthalpy of vaporization or sublimation, kJ/mol",Crystal,"[""Crystal"",""Gas""]",Calvet microcalorimetry,83.1,"{""CombinedUncertainty"":{""nCombExpandUncertValue"":3.2,""nCombUncertAssessNum"":1},""nPropValue"":83.1,""nPropNumber"":1,""nPropDigits"":3}",variable,"{""nVarValue"":298.15,""nVarNumber"":1,""nVarDigits"":5}",298.15,False,,83.1,True
10.1016/j.jct.2009.06.018#d5#p1#r1,10.1016/j.jct.2009.06.018#d5#p1,10.1016/j.jct.2009.06.018.json,5,1,1,"InChI=1S/C8H12N2O3/c1-3-8(4-2)5(11)9-7(13)10-6(8)12/h3-4H2,1-2H3,(H2,9,10,11,12,13)",FTOAOBMCPZCFFF-UHFFFAOYSA-N,"barbituric acid, 5,5-diethyl-",C8H12N2O3,10.1016/j.jct.2009.06.018,2009,"Molar enthalpy of vaporization or sublimation, kJ/mol",Crystal 2,"[""Crystal 2"",""Gas""]",DSC,113.9,"{""CombinedUncertainty"":{""nCombUncertAssessNum"":1,""nCombExpandUncertValue"":2.6},""nPropValue"":113.9,""nPropNumber"":1,""nPropDigits"":4}",variable,"{""nVarValue"":366.15,""nVarDigits"":5,""nVarNumber"":1}",366.15,False,,113.9,False
10.1016/j.jct.2009.06.022#d3#p1#r1,10.1016/j.jct.2009.06.022#d3#p1,10.1016/j.jct.2009.06.022.json,3,1,1,InChI=1S/C15H10O2/c16-13-10-15(11-6-2-1-3-7-11)17-14-9-5-4-8-12(13)14/h1-10H,VHBFFQKBGNRLFZ-UHFFFAOYSA-N,flavone,C15H10O2,10.1016/j.jct.2009.06.022,2009,"Molar enthalpy of vaporization or sublimation, kJ/mol",Crystal,"[""Crystal"",""Gas""]",Static calorimetry,108.2,"{""nPropDigits"":4,""nPropNumber"":1,""nPropValue"":108.2,""CombinedUncertainty"":{""nCombExpandUncertValue"":3.4,""nCombUncertAssessNum"":1}}",variable,"{""nVarValue"":298.15,""nVarNumber"":1,""nVarDigits"":5}",298.15,False,,108.2,True
10.1016/j.jct.2009.06.022#d6#p1#r1,10.1016/j.jct.2009.06.022#d6#p1,10.1016/j.jct.2009.06.022.json,6,1,1,"InChI=1S/C15H12O2/c16-13-10-15(11-6-2-1-3-7-11)17-14-9-5-4-8-12(13)14/h1-9,15H,10H2",ZONYXWQDUYMKFB-UHFFFAOYSA-N,"2,3-dihydroflavone",C15H12O2,10.1016/j.jct.2009.06.022,2009,"Molar enthalpy of vaporization or sublimation, kJ/mol",Crystal,"[""Crystal"",""Gas""]",Static calorimetry,107.2,"{""CombinedUncertainty"":{""nCombUncertAssessNum"":1,""nCombExpandUncertValue"":4.6},""nPropValue"":107.2,""nPropDigits"":4,""nPropNumber"":1}",variable,"{""nVarValue"":298.15,""nVarDigits"":5,""nVarNumber"":1}",298.15,False,,107.2,True
10.1016/j.jct.2009.09.003#d1#p1#r1,10.1016/j.jct.2009.09.003#d1#p1,10.1016/j.jct.2009.09.003.json,1,1,1,"InChI=1S/C6H14N2/c1-7-3-5-8(2)6-4-7/h3-6H2,1-2H3",RXYPXQSKLGGKOL-UHFFFAOYSA-N,"1,4-dimethylpiperazine",C6H14N2,10.1016/j.jct.2009.09.003,2010,"Molar enthalpy of vaporization or sublimation, kJ/mol",Liquid,"[""Liquid"",""Gas""]",Derived from vapor pressure data,41.2,"{""nPropDigits"":3,""nPropNumber"":1,""nPropValue"":41.2,""CombinedUncertainty"":{""nCombUncertAssessNum"":1,""nCombExpandUncertValue"":0.8}}",variable,"{""nVarDigits"":5,""nVarNumber"":1,""nVarValue"":298.15}",298.15,True,,41.2,False
10.1016/j.jct.2009.09.003#d3#p1#r1,10.1016/j.jct.2009.09.003#d3#p1,10.1016/j.jct.2009.09.003.json,3,1,1,"InChI=1S/C6H15N3/c7-1-4-9-5-2-8-3-6-9/h8H,1-7H2",IMUDHTPIFIBORV-UHFFFAOYSA-N,N-(.beta.-aminoethyl)piperazine),C6H15N3,10.1016/j.jct.2009.09.003,2010,"Molar enthalpy of vaporization or sublimation, kJ/mol",Liquid,"[""Liquid"",""Gas""]",Derived from vapor pressure data,68.7,"{""nPropDigits"":3,""nPropNumber"":1,""CombinedUncertainty"":{""nCombUncertAssessNum"":1,""nCombExpandUncertValue"":0.6},""nPropValue"":68.7}",variable,"{""nVarValue"":298.15,""nVarNumber"":1,""nVarDigits"":5}",298.15,True,,68.7,False
10.1016/j.jct.2009.09.003#d5#p1#r1,10.1016/j.jct.2009.09.003#d5#p1,10.1016/j.jct.2009.09.003.json,5,1,1,"InChI=1S/C7H17N3/c1-9-4-6-10(3-2-8)7-5-9/h2-8H2,1H3",GOWUDHPKGOIDIX-UHFFFAOYSA-N,1-(2-aminoethyl)-4-methyl-piperazine,C7H17N3,10.1016/j.jct.2009.09.003,2010,"Molar enthalpy of vaporization or sublimation, kJ/mol",Liquid,"[""Liquid"",""Gas""]",Derived by Second law,64,"{""nPropNumber"":1,""nPropDigits"":2,""nPropValue"":64,""CombinedUncertainty"":{""nCombExpandUncertValue"":1.3,""nCombUncertAssessNum"":1}}",variable,"{""nVarValue"":298.15,""nVarDigits"":5,""nVarNumber"":1}",298.15,True,,64,False
10.1016/j.jct.2009.09.003#d7#p1#r1,10.1016/j.jct.2009.09.003#d7#p1,10.1016/j.jct.2009.09.003.json,7,1,1,"InChI=1S/C6H18N4/c7-1-3-9-5-6-10-4-2-8/h9-10H,1-8H2",VILCJCGEZXAXTO-UHFFFAOYSA-N,"1,2-ethanediamine, N,N'-bis(2-aminoethyl)-",C6H18N4,10.1016/j.jct.2009.09.003,2010,"Molar enthalpy of vaporization or sublimation, kJ/mol",Liquid,"[""Liquid"",""Gas""]",Derived by Second law,84.7,"{""nPropValue"":84.7,""CombinedUncertainty"":{""nCombUncertAssessNum"":1,""nCombExpandUncertValue"":1.4},""nPropDigits"":3,""nPropNumber"":1}",variable,"{""nVarValue"":298.15,""nVarDigits"":5,""nVarNumber"":1}",298.15,True,,84.7,False
10.1016/j.jct.2009.09.009#d1#p1#r1,10.1016/j.jct.2009.09.009#d1#p1,10.1016/j.jct.2009.09.009.json,1,1,1,"InChI=1S/C10H10N2/c11-9-5-1-3-7-8(9)4-2-6-10(7)12/h1-6H,11-12H2",KQSABULTKYLFEV-UHFFFAOYSA-N,"1,5-diaminonaphthalene",C10H10N2,10.1016/j.jct.2009.09.009,2010,"Molar enthalpy of vaporization or sublimation, kJ/mol",Crystal,"[""Crystal"",""Gas""]",Clausius-Clapeyron equation and measured Psat,118.5,"{""nPropNumber"":1,""nPropDigits"":4,""CombinedUncertainty"":{""nCombUncertAssessNum"":1,""nCombExpandUncertValue"":3},""nPropValue"":118.5}",variable,"{""nVarDigits"":5,""nVarNumber"":1,""nVarValue"":378.11}",378.11,False,,118.5,False
10.1016/j.jct.2009.09.009#d3#p1#r1,10.1016/j.jct.2009.09.009#d3#p1,10.1016/j.jct.2009.09.009.json,3,1,1,"InChI=1S/C10H10N2/c11-8-5-1-3-7-4-2-6-9(12)10(7)8/h1-6H,11-12H2",YFOOEYJGMMJJLS-UHFFFAOYSA-N,"1,8-diaminonaphthalene",C10H10N2,10.1016/j.jct.2009.09.009,2010,"Molar enthalpy of vaporization or sublimation, kJ/mol",Crystal,"[""Crystal"",""Gas""]",Clausius-Clapeyron equation and measured Psat,97.6,"{""nPropDigits"":3,""nPropNumber"":1,""CombinedUncertainty"":{""nCombUncertAssessNum"":1,""nCombExpandUncertValue"":1.4},""nPropValue"":97.6}",variable,"{""nVarDigits"":5,""nVarNumber"":1,""nVarValue"":326.09}",326.09,False,,97.6,False
10.1016/j.jct.2009.11.013#d2#p1#r1,10.1016/j.jct.2009.11.013#d2#p1,10.1016/j.jct.2009.11.013.json,2,1,1,"InChI=1S/C4H4O2/c5-4-2-1-3-6-4/h1-2H,3H2",VIHAEDVKXSOUAT-UHFFFAOYSA-N,(5H)-furan-2-one,C4H4O2,10.1016/j.jct.2009.11.013,2010,"Molar enthalpy of vaporization or sublimation, kJ/mol",Liquid,"[""Liquid"",""Gas""]",Calvet microcalorimetry,55.6,"{""nPropValue"":55.6,""CombinedUncertainty"":{""nCombUncertAssessNum"":1,""nCombExpandUncertValue"":2.6},""nPropNumber"":1,""nPropDigits"":3}",variable,"{""nVarValue"":298.15,""nVarDigits"":5,""nVarNumber"":1}",298.15,True,,55.6,True
10.1016/j.jct.2009.11.013#d5#p1#r1,10.1016/j.jct.2009.11.013#d5#p1,10.1016/j.jct.2009.11.013.json,5,1,1,"InChI=1S/C4H4OS/c5-4-2-1-3-6-4/h1-2H,3H2",NMSLUAZZTFUUFZ-UHFFFAOYSA-N,2(5H)-thiophenone,C4H4OS,10.1016/j.jct.2009.11.013,2010,"Molar enthalpy of vaporization or sublimation, kJ/mol",Liquid,"[""Liquid"",""Gas""]",Calvet microcalorimetry,56,"{""nPropValue"":56,""CombinedUncertainty"":{""nCombExpandUncertValue"":2.4,""nCombUncertAssessNum"":1},""nPropDigits"":2,""nPropNumber"":1}",variable,"{""nVarNumber"":1,""nVarDigits"":5,""nVarValue"":298.15}",298.15,True,,56,True
10.1016/j.jct.2010.03.021#d1#p1#r1,10.1016/j.jct.2010.03.021#d1#p1,10.1016/j.jct.2010.03.021.json,1,1,1,InChI=1S/C10H8N2O2/c13-12(14)10-6-2-1-5-9(10)11-7-3-4-8-11/h1-8H,UQNRTIQURQZGKL-UHFFFAOYSA-N,1-(2-nitrophenyl)pyrrole,C10H8N2O2,10.1016/j.jct.2010.03.021,2010,"Molar enthalpy of vaporization or sublimation, kJ/mol",Crystal,"[""Crystal"",""Gas""]",Clausius-Clapeyron Equation,101.3,"{""nPropDigits"":4,""nPropNumber"":1,""CombinedUncertainty"":{""nCombUncertAssessNum"":1,""nCombExpandUncertValue"":0.8},""nPropValue"":101.3}",variable,"{""nVarNumber"":1,""nVarDigits"":5,""nVarValue"":298.15}",298.15,False,,101.3,False
10.1016/j.jct.2010.03.021#d2#p1#r1,10.1016/j.jct.2010.03.021#d2#p1,10.1016/j.jct.2010.03.021.json,2,1,1,InChI=1S/C10H8N2O2/c13-12(14)10-6-2-1-5-9(10)11-7-3-4-8-11/h1-8H,UQNRTIQURQZGKL-UHFFFAOYSA-N,1-(2-nitrophenyl)pyrrole,C10H8N2O2,10.1016/j.jct.2010.03.021,2010,"Molar enthalpy of vaporization or sublimation, kJ/mol",Crystal,"[""Crystal"",""Gas""]",Clausius-Clapeyron Equation,100.4,"{""CombinedUncertainty"":{""nCombUncertAssessNum"":1,""nCombExpandUncertValue"":0.8},""nPropValue"":100.4,""nPropNumber"":1,""nPropDigits"":4}",variable,"{""nVarNumber"":1,""nVarDigits"":5,""nVarValue"":316.16}",316.16,False,,100.4,False
10.1016/j.jct.2010.03.021#d4#p1#r1,10.1016/j.jct.2010.03.021#d4#p1,10.1016/j.jct.2010.03.021.json,4,1,1,InChI=1S/C10H8N2O2/c13-12(14)10-5-3-9(4-6-10)11-7-1-2-8-11/h1-8H,PWCFKNYSCGRNRW-UHFFFAOYSA-N,1-(4-nitrophenyl)pyrrole,C10H8N2O2,10.1016/j.jct.2010.03.021,2010,"Molar enthalpy of vaporization or sublimation, kJ/mol",Crystal,"[""Crystal"",""Gas""]",Clausius-Clapeyron Equation,109.6,"{""nPropDigits"":4,""nPropNumber"":1,""CombinedUncertainty"":{""nCombExpandUncertValue"":0.8,""nCombUncertAssessNum"":1},""nPropValue"":109.6}",variable,"{""nVarValue"":355.13,""nVarNumber"":1,""nVarDigits"":5}",355.13,False,,109.6,False
10.1016/j.jct.2010.03.021#d5#p1#r1,10.1016/j.jct.2010.03.021#d5#p1,10.1016/j.jct.2010.03.021.json,5,1,1,InChI=1S/C10H8N2O2/c13-12(14)10-5-3-9(4-6-10)11-7-1-2-8-11/h1-8H,PWCFKNYSCGRNRW-UHFFFAOYSA-N,1-(4-nitrophenyl)pyrrole,C10H8N2O2,10.1016/j.jct.2010.03.021,2010,"Molar enthalpy of vaporization or sublimation, kJ/mol",Crystal,"[""Crystal"",""Gas""]",Ebulliometric method (Recirculating still),112.4,"{""CombinedUncertainty"":{""nCombExpandUncertValue"":0.9,""nCombUncertAssessNum"":1},""nPropValue"":112.4,""nPropDigits"":4,""nPropNumber"":1}",variable,"{""nVarValue"":298.15,""nVarNumber"":1,""nVarDigits"":5}",298.15,False,,112.4,False
10.1016/j.jct.2010.04.007#d1#p1#r1,10.1016/j.jct.2010.04.007#d1#p1,10.1016/j.jct.2010.04.007.json,1,1,1,"InChI=1S/C11H12O/c12-11-8-4-6-9-5-2-1-3-7-10(9)11/h1,3,5,7H,2,4,6,8H2",BGWYGFPEBUJQFM-UHFFFAOYSA-N,1-benzosuberone,C11H12O,10.1016/j.jct.2010.04.007,2010,"Molar enthalpy of vaporization or sublimation, kJ/mol",Liquid,"[""Liquid"",""Gas""]",Static calorimetry,69,"{""nPropNumber"":1,""nPropDigits"":2,""CombinedUncertainty"":{""nCombUncertAssessNum"":1,""nCombExpandUncertValue"":1.7},""nPropValue"":69}",variable,"{""nVarValue"":298.15,""nVarDigits"":5,""nVarNumber"":1}",298.15,True,,69,True
10.1016/j.jct.2010.04.027#d1#p1#r1,10.1016/j.jct.2010.04.027#d1#p1,10.1016/j.jct.2010.04.027.json,1,1,1,"InChI=1S/C14H10O/c15-14-12-7-3-1-5-10(12)9-11-6-2-4-8-13(11)14/h1-8H,9H2",RJGDLRCDCYRQOQ-UHFFFAOYSA-N,9(10H)-anthracenone,C14H10O,10.1016/j.jct.2010.04.027,2010,"Molar enthalpy of vaporization or sublimation, kJ/mol",Crystal,"[""Crystal"",""Gas""]",Static calorimetry,106.7,"{""nPropNumber"":1,""nPropDigits"":4,""nPropValue"":106.7,""CombinedUncertainty"":{""nCombUncertAssessNum"":1,""nCombExpandUncertValue"":3.6}}",variable,"{""nVarNumber"":1,""nVarDigits"":5,""nVarValue"":298.15}",298.15,False,,106.7,True
10.1016/j.jct.2010.04.027#d2#p1#r1,10.1016/j.jct.2010.04.027#d2#p1,10.1016/j.jct.2010.04.027.json,2,1,1,"InChI=1S/C13H10O/c1-3-7-12-10(5-1)9-11-6-2-4-8-13(11)14-12/h1-8H,9H2",GJCOSYZMQJWQCA-UHFFFAOYSA-N,10H-9-oxaanthracene,C13H10O,10.1016/j.jct.2010.04.027,2010,"Molar enthalpy of vaporization or sublimation, kJ/mol",Crystal,"[""Crystal"",""Gas""]",Static calorimetry,92,"{""nPropDigits"":2,""nPropNumber"":1,""CombinedUncertainty"":{""nCombUncertAssessNum"":1,""nCombExpandUncertValue"":2.2},""nPropValue"":92}",variable,"{""nVarNumber"":1,""nVarDigits"":5,""nVarValue"":298.15}",298.15,False,,92,True
10.1016/j.jct.2010.09.005#d1#p1#r1,10.1016/j.jct.2010.09.005#d1#p1,10.1016/j.jct.2010.09.005.json,1,1,1,"InChI=1S/C8H6Cl2O/c1-5(11)7-4-6(9)2-3-8(7)10/h2-4H,1H3",CYNFEPKQDJHIMV-UHFFFAOYSA-N,"2',5'-dichloroacetophenone",C8H6Cl2O,10.1016/j.jct.2010.09.005,2011,"Molar enthalpy of vaporization or sublimation, kJ/mol",Liquid,"[""Liquid"",""Gas""]",vacuum sublimation,66.3,"{""nPropValue"":66.3,""CombinedUncertainty"":{""nCombExpandUncertValue"":3,""nCombUncertAssessNum"":1},""nPropDigits"":3,""nPropNumber"":1}",variable,"{""nVarValue"":298.15,""nVarDigits"":5,""nVarNumber"":1}",298.15,True,,66.3,False
10.1016/j.jct.2010.09.005#d2#p1#r1,10.1016/j.jct.2010.09.005#d2#p1,10.1016/j.jct.2010.09.005.json,2,1,1,"InChI=1S/C8H6Cl2O/c1-5(11)7-3-2-6(9)4-8(7)10/h2-4H,1H3",XMCRWEBERCXJCH-UHFFFAOYSA-N,"2',4'-dichloroacetophenone",C8H6Cl2O,10.1016/j.jct.2010.09.005,2011,"Molar enthalpy of vaporization or sublimation, kJ/mol",Crystal,"[""Crystal"",""Gas""]",vacuum sublimation,63.6,"{""nPropDigits"":3,""nPropNumber"":1,""nPropValue"":63.6,""CombinedUncertainty"":{""nCombUncertAssessNum"":1,""nCombExpandUncertValue"":2.8}}",variable,"{""nVarValue"":298.15,""nVarNumber"":1,""nVarDigits"":5}",298.15,False,,63.6,False
10.1016/j.jct.2010.09.005#d3#p1#r1,10.1016/j.jct.2010.09.005#d3#p1,10.1016/j.jct.2010.09.005.json,3,1,1,"InChI=1S/C8H6Cl2O/c1-5(11)6-2-3-7(9)8(10)4-6/h2-4H,1H3",WBPAOUHWPONFEQ-UHFFFAOYSA-N,"3',4'-dichloroacetophenone",C8H6Cl2O,10.1016/j.jct.2010.09.005,2011,"Molar enthalpy of vaporization or sublimation, kJ/mol",Crystal,"[""Crystal"",""Gas""]",vacuum sublimation,90.8,"{""nPropValue"":90.8,""CombinedUncertainty"":{""nCombUncertAssessNum"":1,""nCombExpandUncertValue"":3.2},""nPropNumber"":1,""nPropDigits"":3}",variable,"{""nVarValue"":298.15,""nVarNumber"":1,""nVarDigits"":5}",298.15,False,,90.8,False
10.1016/j.jct.2010.11.005#d1#p1#r1,10.1016/j.jct.2010.11.005#d1#p1,10.1016/j.jct.2010.11.005.json,1,1,1,InChI=1S/C13H9NO3/c15-13(10-4-2-1-3-5-10)11-6-8-12(9-7-11)14(16)17/h1-9H,ZYMCBJWUWHHVRX-UHFFFAOYSA-N,4-nitrobenzophenone,C13H9NO3,10.1016/j.jct.2010.11.005,2011,"Molar enthalpy of vaporization or sublimation, kJ/mol",Crystal,"[""Crystal"",""Gas""]",Calvet microcalorimetry,122.3,"{""nPropValue"":122.3,""CombinedUncertainty"":{""nCombExpandUncertValue"":5.4,""nCombUncertAssessNum"":1},""nPropNumber"":1,""nPropDigits"":4}",variable,"{""nVarDigits"":5,""nVarNumber"":1,""nVarValue"":298.15}",298.15,False,,122.3,True
10.1016/j.jct.2010.11.005#d4#p1#r1,10.1016/j.jct.2010.11.005#d4#p1,10.1016/j.jct.2010.11.005.json,4,1,1,InChI=1S/C13H9NO3/c15-13(10-5-2-1-3-6-10)11-7-4-8-12(9-11)14(16)17/h1-9H,MFYLRNKOXORIPK-UHFFFAOYSA-N,3-nitrobenzophenone,C13H9NO3,10.1016/j.jct.2010.11.005,2011,"Molar enthalpy of vaporization or sublimation, kJ/mol",Crystal,"[""Crystal"",""Gas""]",Calvet microcalorimetry,123.3,"{""nPropValue"":123.3,""CombinedUncertainty"":{""nCombExpandUncertValue"":4.8,""nCombUncertAssessNum"":1},""nPropNumber"":1,""nPropDigits"":4}",variable,"{""nVarNumber"":1,""nVarDigits"":5,""nVarValue"":298.15}",298.15,False,,123.3,True
10.1016/j.jct.2010.11.005#d7#p1#r1,10.1016/j.jct.2010.11.005#d7#p1,10.1016/j.jct.2010.11.005.json,7,1,1,InChI=1S/C13H8N2O5/c16-13(9-3-1-5-11(7-9)14(17)18)10-4-2-6-12(8-10)15(19)20/h1-8H,BSDKBWGNIJMCID-UHFFFAOYSA-N,"3,3'-dinitrobenzophenone",C13H8N2O5,10.1016/j.jct.2010.11.005,2011,"Molar enthalpy of vaporization or sublimation, kJ/mol",Crystal,"[""Crystal"",""Gas""]",Calvet microcalorimetry,147.4,"{""CombinedUncertainty"":{""nCombExpandUncertValue"":7.8,""nCombUncertAssessNum"":1},""nPropValue"":147.4,""nPropDigits"":4,""nPropNumber"":1}",variable,"{""nVarValue"":298.15,""nVarNumber"":1,""nVarDigits"":5}",298.15,False,,147.4,True
10.1016/j.jct.2011.01.006#d1#p1#r1,10.1016/j.jct.2011.01.006#d1#p1,10.1016/j.jct.2011.01.006.json,1,1,1,"InChI=1S/C8H7NO3/c1-6(10)7-3-2-4-8(5-7)9(11)12/h2-5H,1H3",ARKIFHPFTHVKDT-UHFFFAOYSA-N,1-(3-nitrophenyl)ethanone,C8H7NO3,10.1016/j.jct.2011.01.006,2011,"Molar enthalpy of vaporization or sublimation, kJ/mol",Crystal,"[""Crystal"",""Gas""]",Ebulliometric method (Recirculating still),99.1,"{""nPropNumber"":1,""nPropDigits"":3,""nPropValue"":99.1,""CombinedUncertainty"":{""nCombExpandUncertValue"":0.9,""nCombUncertAssessNum"":1}}",variable,"{""nVarValue"":298.15,""nVarNumber"":1,""nVarDigits"":5}",298.15,False,,99.1,False
10.1016/j.jct.2011.01.006#d3#p1#r1,10.1016/j.jct.2011.01.006#d3#p1,10.1016/j.jct.2011.01.006.json,3,1,1,"InChI=1S/C8H7NO3/c1-6(10)7-2-4-8(5-3-7)9(11)12/h2-5H,1H3",YQYGPGKTNQNXMH-UHFFFAOYSA-N,1-(4-nitrophenyl)ethanone,C8H7NO3,10.1016/j.jct.2011.01.006,2011,"Molar enthalpy of vaporization or sublimation, kJ/mol",Crystal,"[""Crystal"",""Gas""]",Ebulliometric method (Recirculating still),97,"{""nPropDigits"":2,""nPropNumber"":1,""CombinedUncertainty"":{""nCombUncertAssessNum"":1,""nCombExpandUncertValue"":1.1},""nPropValue"":97}",variable,"{""nVarNumber"":1,""nVarDigits"":5,""nVarValue"":298.15}",298.15,False,,97,False
10.1016/j.jct.2011.02.011#d2#p1#r1,10.1016/j.jct.2011.02.011#d2#p1,10.1016/j.jct.2011.02.011.json,2,1,1,InChI=1S/C10H8N2O2/c13-11-7-3-1-5-9(11)10-6-2-4-8-12(10)14/h1-8H,FERMVCULDZOVOJ-UHFFFAOYSA-N,"2,2'-bipyridine-N,N'-dioxide",C10H8N2O2,10.1016/j.jct.2011.02.011,2011,"Molar enthalpy of vaporization or sublimation, kJ/mol",Crystal,"[""Crystal"",""Gas""]",Derived by Second law,120.47,"{""nPropNumber"":1,""nPropDigits"":5,""CombinedUncertainty"":{""nCombExpandUncertValue"":4.26,""nCombUncertAssessNum"":1},""nPropValue"":120.47}",variable,"{""nVarDigits"":4,""nVarNumber"":1,""nVarValue"":420.7}",420.7,False,,120.47,False
10.1016/j.jct.2011.02.011#d2#p1#r2,10.1016/j.jct.2011.02.011#d2#p1,10.1016/j.jct.2011.02.011.json,2,1,2,InChI=1S/C10H8N2O2/c13-11-7-3-1-5-9(11)10-6-2-4-8-12(10)14/h1-8H,FERMVCULDZOVOJ-UHFFFAOYSA-N,"2,2'-bipyridine-N,N'-dioxide",C10H8N2O2,10.1016/j.jct.2011.02.011,2011,"Molar enthalpy of vaporization or sublimation, kJ/mol",Crystal,"[""Crystal"",""Gas""]",Derived by Second law,120.53,"{""nPropDigits"":5,""nPropNumber"":1,""CombinedUncertainty"":{""nCombUncertAssessNum"":1,""nCombExpandUncertValue"":6.98},""nPropValue"":120.53}",variable,"{""nVarDigits"":4,""nVarNumber"":1,""nVarValue"":427.7}",427.7,False,,120.53,False
10.1016/j.jct.2011.02.011#d2#p1#r3,10.1016/j.jct.2011.02.011#d2#p1,10.1016/j.jct.2011.02.011.json,2,1,3,InChI=1S/C10H8N2O2/c13-11-7-3-1-5-9(11)10-6-2-4-8-12(10)14/h1-8H,FERMVCULDZOVOJ-UHFFFAOYSA-N,"2,2'-bipyridine-N,N'-dioxide",C10H8N2O2,10.1016/j.jct.2011.02.011,2011,"Molar enthalpy of vaporization or sublimation, kJ/mol",Crystal,"[""Crystal"",""Gas""]",Derived by Second law,118.53,"{""nPropNumber"":1,""nPropDigits"":5,""nPropValue"":118.53,""CombinedUncertainty"":{""nCombExpandUncertValue"":5.46,""nCombUncertAssessNum"":1}}",variable,"{""nVarValue"":420.2,""nVarNumber"":1,""nVarDigits"":4}",420.2,False,,118.53,False
10.1016/j.jct.2011.02.011#d2#p1#r4,10.1016/j.jct.2011.02.011#d2#p1,10.1016/j.jct.2011.02.011.json,2,1,4,InChI=1S/C10H8N2O2/c13-11-7-3-1-5-9(11)10-6-2-4-8-12(10)14/h1-8H,FERMVCULDZOVOJ-UHFFFAOYSA-N,"2,2'-bipyridine-N,N'-dioxide",C10H8N2O2,10.1016/j.jct.2011.02.011,2011,"Molar enthalpy of vaporization or sublimation, kJ/mol",Crystal,"[""Crystal"",""Gas""]",Derived by Second law,119.87,"{""CombinedUncertainty"":{""nCombUncertAssessNum"":1,""nCombExpandUncertValue"":9.06},""nPropValue"":119.87,""nPropDigits"":5,""nPropNumber"":1}",variable,"{""nVarDigits"":4,""nVarNumber"":1,""nVarValue"":441.2}",441.2,False,,119.87,False
10.1016/j.jct.2011.02.011#d2#p1#r5,10.1016/j.jct.2011.02.011#d2#p1,10.1016/j.jct.2011.02.011.json,2,1,5,InChI=1S/C10H8N2O2/c13-11-7-3-1-5-9(11)10-6-2-4-8-12(10)14/h1-8H,FERMVCULDZOVOJ-UHFFFAOYSA-N,"2,2'-bipyridine-N,N'-dioxide",C10H8N2O2,10.1016/j.jct.2011.02.011,2011,"Molar enthalpy of vaporization or sublimation, kJ/mol",Crystal,"[""Crystal"",""Gas""]",Derived by Second law,116.62,"{""nPropNumber"":1,""nPropDigits"":5,""CombinedUncertainty"":{""nCombUncertAssessNum"":1,""nCombExpandUncertValue"":4.45},""nPropValue"":116.62}",variable,"{""nVarValue"":441.7,""nVarDigits"":4,""nVarNumber"":1}",441.7,False,,116.62,False
10.1016/j.jct.2011.02.011#d2#p1#r6,10.1016/j.jct.2011.02.011#d2#p1,10.1016/j.jct.2011.02.011.json,2,1,6,InChI=1S/C10H8N2O2/c13-11-7-3-1-5-9(11)10-6-2-4-8-12(10)14/h1-8H,FERMVCULDZOVOJ-UHFFFAOYSA-N,"2,2'-bipyridine-N,N'-dioxide",C10H8N2O2,10.1016/j.jct.2011.02.011,2011,"Molar enthalpy of vaporization or sublimation, kJ/mol",Crystal,"[""Crystal"",""Gas""]",Derived by Second law,122.33,"{""nPropValue"":122.33,""CombinedUncertainty"":{""nCombExpandUncertValue"":4.22,""nCombUncertAssessNum"":1},""nPropNumber"":1,""nPropDigits"":5}",variable,"{""nVarNumber"":1,""nVarDigits"":4,""nVarValue"":433.2}",433.2,False,,122.33,False
10.1016/j.jct.2011.02.021#d1#p1#r1,10.1016/j.jct.2011.02.021#d1#p1,10.1016/j.jct.2011.02.021.json,1,1,1,"InChI=1S/C7H8O2/c1-5-3-7(8)4-6(2)9-5/h3-4H,1-2H3",VSYFZULSKMFUJJ-UHFFFAOYSA-N,"2,6-dimethyl-.gamma.-pyrone",C7H8O2,10.1016/j.jct.2011.02.021,2011,"Molar enthalpy of vaporization or sublimation, kJ/mol",Crystal,"[""Crystal"",""Gas""]",drop microcalorimetry,86.8,"{""CombinedUncertainty"":{""nCombUncertAssessNum"":1,""nCombExpandUncertValue"":3},""nPropValue"":86.8,""nPropNumber"":1,""nPropDigits"":3}",variable,"{""nVarDigits"":5,""nVarNumber"":1,""nVarValue"":298.15}",298.15,False,,86.8,True
10.1016/j.jct.2011.02.021#d2#p1#r1,10.1016/j.jct.2011.02.021#d2#p1,10.1016/j.jct.2011.02.021.json,2,1,1,"InChI=1S/C7H8O3/c1-2-6-7(9)5(8)3-4-10-6/h3-4,9H,2H2,1H3",YIKYNHJUKRTCJL-UHFFFAOYSA-N,2-ethyl-3-hydroxy-4H-pyran-4-one,C7H8O3,10.1016/j.jct.2011.02.021,2011,"Molar enthalpy of vaporization or sublimation, kJ/mol",Crystal,"[""Crystal"",""Gas""]",drop microcalorimetry,91.4,"{""nPropNumber"":1,""nPropDigits"":3,""CombinedUncertainty"":{""nCombExpandUncertValue"":4,""nCombUncertAssessNum"":1},""nPropValue"":91.4}",variable,"{""nVarValue"":298.15,""nVarNumber"":1,""nVarDigits"":5}",298.15,False,,91.4,True
10.1016/j.jct.2011.03.013#d1#p1#r1,10.1016/j.jct.2011.03.013#d1#p1,10.1016/j.jct.2011.03.013.json,1,1,1,InChI=1S/C11H7N/c12-8-10-6-3-5-9-4-1-2-7-11(9)10/h1-7H,YJMNOKOLADGBKA-UHFFFAOYSA-N,1-cyanonaphthalene,C11H7N,10.1016/j.jct.2011.03.013,2011,"Molar enthalpy of vaporization or sublimation, kJ/mol",Crystal,"[""Crystal"",""Gas""]",Derived by Second law,88.6,"{""nPropDigits"":3,""nPropNumber"":1,""nPropValue"":88.6,""CombinedUncertainty"":{""nCombExpandUncertValue"":1.7,""nCombUncertAssessNum"":1}}",variable,"{""nVarValue"":298.13,""nVarDigits"":5,""nVarNumber"":1}",298.13,False,,88.6,False
10.1016/j.jct.2011.03.013#d5#p1#r1,10.1016/j.jct.2011.03.013#d5#p1,10.1016/j.jct.2011.03.013.json,5,1,1,InChI=1S/C11H7N/c12-8-9-5-6-10-3-1-2-4-11(10)7-9/h1-7H,AZKDTTQQTKDXLH-UHFFFAOYSA-N,2-naphthalenecarbonitrile,C11H7N,10.1016/j.jct.2011.03.013,2011,"Molar enthalpy of vaporization or sublimation, kJ/mol",Crystal,"[""Crystal"",""Gas""]",Derived by Second law,91.8,"{""nPropNumber"":1,""nPropDigits"":3,""CombinedUncertainty"":{""nCombExpandUncertValue"":1.6,""nCombUncertAssessNum"":1},""nPropValue"":91.8}",variable,"{""nVarValue"":306.14,""nVarDigits"":5,""nVarNumber"":1}",306.14,False,,91.8,False
10.1016/j.jct.2011.04.015#d3#p1#r1,10.1016/j.jct.2011.04.015#d3#p1,10.1016/j.jct.2011.04.015.json,3,1,1,"InChI=1S/C9H6O3/c10-7-3-1-6-2-4-9(11)12-8(6)5-7/h1-5,10H",ORHBXUUXSCNDEV-UHFFFAOYSA-N,7-hydroxy-2H-chromen-2-one,C9H6O3,10.1016/j.jct.2011.04.015,2011,"Molar enthalpy of vaporization or sublimation, kJ/mol",Crystal,"[""Crystal"",""Gas""]",Static calorimetry,133.6,"{""CombinedUncertainty"":{""nCombExpandUncertValue"":3,""nCombUncertAssessNum"":1},""nPropValue"":133.6,""nPropNumber"":1,""nPropDigits"":4}",variable,"{""nVarValue"":298.15,""nVarDigits"":5,""nVarNumber"":1}",298.15,False,,133.6,True
10.1016/j.jct.2011.04.022#d1#p1#r1,10.1016/j.jct.2011.04.022#d1#p1,10.1016/j.jct.2011.04.022.json,1,1,1,"InChI=1S/C10H10N2/c11-9-5-1-2-6-10(9)12-7-3-4-8-12/h1-8H,11H2",GDMZHPUPLWQIBD-UHFFFAOYSA-N,1-(2-aminophenyl)pyrrole,C10H10N2,10.1016/j.jct.2011.04.022,2011,"Molar enthalpy of vaporization or sublimation, kJ/mol",Crystal,"[""Crystal"",""Gas""]",Second Law analysis of vapor pressure data,98.8,"{""nPropNumber"":1,""nPropDigits"":3,""nPropValue"":98.8,""CombinedUncertainty"":{""nCombUncertAssessNum"":1,""nCombExpandUncertValue"":0.8}}",variable,"{""nVarValue"":298.15,""nVarNumber"":1,""nVarDigits"":5}",298.15,False,,98.8,False
10.1016/j.jct.2011.05.028#d1#p1#r1,10.1016/j.jct.2011.05.028#d1#p1,10.1016/j.jct.2011.05.028.json,1,1,1,"InChI=1S/C4H9N3O/c1-2-8-4-3-6-7-5/h2-4H2,1H3",UFQQYZYHTUVNDA-UHFFFAOYSA-N,(azidoethoxy)ethane,C4H9N3O,10.1016/j.jct.2011.05.028,2011,"Molar enthalpy of vaporization or sublimation, kJ/mol",Liquid,"[""Liquid"",""Gas""]",derived form transpriration measurements,46.6,"{""nPropValue"":46.6,""CombinedUncertainty"":{""nCombExpandUncertValue"":3.2,""nCombUncertAssessNum"":1},""nPropDigits"":3,""nPropNumber"":1}",variable,"{""nVarDigits"":5,""nVarNumber"":1,""nVarValue"":298.15}",298.15,True,,46.6,False
10.1016/j.jct.2011.05.028#d3#p1#r1,10.1016/j.jct.2011.05.028#d3#p1,10.1016/j.jct.2011.05.028.json,3,1,1,"InChI=1S/C2H5N3O/c3-5-4-1-2-6/h6H,1-2H2",BSULWPSUVMOMAN-UHFFFAOYSA-N,2-azidoethanol,C2H5N3O,10.1016/j.jct.2011.05.028,2011,"Molar enthalpy of vaporization or sublimation, kJ/mol",Liquid,"[""Liquid"",""Gas""]",derived from transpriration measurements,62.2,"{""nPropValue"":62.2,""CombinedUncertainty"":{""nCombUncertAssessNum"":1,""nCombExpandUncertValue"":1.6},""nPropNumber"":1,""nPropDigits"":3}",variable,"{""nVarDigits"":5,""nVarNumber"":1,""nVarValue"":298.15}",298.15,True,,62.2,False
10.1016/j.jct.2011.05.028#d5#p1#r1,10.1016/j.jct.2011.05.028#d5#p1,10.1016/j.jct.2011.05.028.json,5,1,1,"InChI=1S/C4H7N3O2/c1-2-9-4(8)3-6-7-5/h2-3H2,1H3",HVJJYOAPXBPQQV-UHFFFAOYSA-N,ethyl azidoacetate,C4H7N3O2,10.1016/j.jct.2011.05.028,2011,"Molar enthalpy of vaporization or sublimation, kJ/mol",Liquid,"[""Liquid"",""Gas""]",derived from transpriration measurements,56.3,"{""nPropValue"":56.3,""CombinedUncertainty"":{""nCombUncertAssessNum"":1,""nCombExpandUncertValue"":2.8},""nPropNumber"":1,""nPropDigits"":3}",variable,"{""nVarValue"":298.15,""nVarDigits"":5,""nVarNumber"":1}",298.15,True,,56.3,False
10.1016/j.jct.2011.05.028#d7#p1#r1,10.1016/j.jct.2011.05.028#d7#p1,10.1016/j.jct.2011.05.028.json,7,1,1,InChI=1S/C2H2N4/c3-1-2-5-6-4/h2H2,SOUAUNWBTJIQRT-UHFFFAOYSA-N,2-azidoacetonitrile,C2H2N4,10.1016/j.jct.2011.05.028,2011,"Molar enthalpy of vaporization or sublimation, kJ/mol",Liquid,"[""Liquid"",""Gas""]",derived from transpriration measurements,52.6,"{""nPropNumber"":1,""nPropDigits"":3,""CombinedUncertainty"":{""nCombExpandUncertValue"":0.8,""nCombUncertAssessNum"":1},""nPropValue"":52.6}",variable,"{""nVarNumber"":1,""nVarDigits"":5,""nVarValue"":298.15}",298.15,True,,52.6,False
10.1016/j.jct.2011.05.028#d9#p1#r1,10.1016/j.jct.2011.05.028#d9#p1,10.1016/j.jct.2011.05.028.json,9,1,1,"InChI=1S/C7H7N3S/c8-10-9-6-11-7-4-2-1-3-5-7/h1-5H,6H2",KIQGRMGPIMCXSC-UHFFFAOYSA-N,azidomethyl phenyl sulfide,C7H7N3S,10.1016/j.jct.2011.05.028,2011,"Molar enthalpy of vaporization or sublimation, kJ/mol",Liquid,"[""Liquid"",""Gas""]",derived from tranpriration measurements,68.9,"{""nPropValue"":68.9,""CombinedUncertainty"":{""nCombUncertAssessNum"":1,""nCombExpandUncertValue"":1.3},""nPropNumber"":1,""nPropDigits"":3}",variable,"{""nVarValue"":298.15,""nVarDigits"":5,""nVarNumber"":1}",298.15,True,,68.9,False
10.1016/j.jct.2011.05.028#d11#p1#r1,10.1016/j.jct.2011.05.028#d11#p1,10.1016/j.jct.2011.05.028.json,11,1,1,"InChI=1S/C5H9N3/c6-8-7-5-3-1-2-4-5/h5H,1-4H2",SSJIACUDWJVGLB-UHFFFAOYSA-N,cyclopentyl azide,C5H9N3,10.1016/j.jct.2011.05.028,2011,"Molar enthalpy of vaporization or sublimation, kJ/mol",Liquid,"[""Liquid"",""Gas""]",derived from transpiration measurements,41.3,"{""nPropValue"":41.3,""CombinedUncertainty"":{""nCombUncertAssessNum"":1,""nCombExpandUncertValue"":1.5},""nPropNumber"":1,""nPropDigits"":3}",variable,"{""nVarValue"":298.15,""nVarDigits"":5,""nVarNumber"":1}",298.15,True,,41.3,False
10.1016/j.jct.2011.05.028#d13#p1#r1,10.1016/j.jct.2011.05.028#d13#p1,10.1016/j.jct.2011.05.028.json,13,1,1,"InChI=1S/C6H11N3/c7-9-8-6-4-2-1-3-5-6/h6H,1-5H2",ODSNIGPBQIINLA-UHFFFAOYSA-N,azidocyclohexane,C6H11N3,10.1016/j.jct.2011.05.028,2011,"Molar enthalpy of vaporization or sublimation, kJ/mol",Liquid,"[""Liquid"",""Gas""]",derived from transpiration measurements,49.2,"{""nPropValue"":49.2,""CombinedUncertainty"":{""nCombUncertAssessNum"":1,""nCombExpandUncertValue"":2.2},""nPropNumber"":1,""nPropDigits"":3}",variable,"{""nVarValue"":298.15,""nVarDigits"":5,""nVarNumber"":1}",298.15,True,,49.2,False
10.1016/j.jct.2011.05.028#d15#p1#r1,10.1016/j.jct.2011.05.028#d15#p1,10.1016/j.jct.2011.05.028.json,15,1,1,"InChI=1S/C7H12O2/c1-6(8)9-7-4-2-3-5-7/h7H,2-5H2,1H3",YFPCLQKFNXUAAK-UHFFFAOYSA-N,cyclopentyl ethanoate,C7H12O2,10.1016/j.jct.2011.05.028,2011,"Molar enthalpy of vaporization or sublimation, kJ/mol",Liquid,"[""Liquid"",""Gas""]",derived from tranpriration measurements,48.5,"{""nPropNumber"":1,""nPropDigits"":3,""nPropValue"":48.5,""CombinedUncertainty"":{""nCombUncertAssessNum"":1,""nCombExpandUncertValue"":1.1}}",variable,"{""nVarNumber"":1,""nVarDigits"":5,""nVarValue"":298.15}",298.15,True,,48.5,False
10.1016/j.jct.2011.06.001#d3#p1#r1,10.1016/j.jct.2011.06.001#d3#p1,10.1016/j.jct.2011.06.001.json,3,1,1,InChI=1S/2C5H5.Fe/c2*1-2-4-5-3-1;/h2*1-5H;,DFRHTHSZMBROSH-UHFFFAOYSA-N,ferrocene,C10H10Fe,10.1016/j.jct.2011.06.001,2011,"Molar enthalpy of vaporization or sublimation, kJ/mol",Crystal,"[""Crystal"",""Gas""]",DSC,72.2,"{""nPropValue"":72.2,""CombinedUncertainty"":{""nCombUncertAssessNum"":1,""nCombExpandUncertValue"":3},""nPropDigits"":3,""nPropNumber"":1}",variable,"{""nVarValue"":333.15,""nVarDigits"":5,""nVarNumber"":1}",333.15,False,disconnected_formula;element_outside_scope,72.2,False
10.1016/j.jct.2011.06.001#d4#p1#r1,10.1016/j.jct.2011.06.001#d4#p1,10.1016/j.jct.2011.06.001.json,4,1,1,InChI=1S/2C5H5.Fe/c2*1-2-4-5-3-1;/h2*1-5H;,DFRHTHSZMBROSH-UHFFFAOYSA-N,ferrocene,C10H10Fe,10.1016/j.jct.2011.06.001,2011,"Molar enthalpy of vaporization or sublimation, kJ/mol",Crystal,"[""Crystal"",""Gas""]",Static calorimetry,73.3,"{""nPropNumber"":1,""nPropDigits"":3,""nPropValue"":73.3,""CombinedUncertainty"":{""nCombExpandUncertValue"":2.4,""nCombUncertAssessNum"":1}}",variable,"{""nVarValue"":333.15,""nVarNumber"":1,""nVarDigits"":5}",333.15,False,disconnected_formula;element_outside_scope,73.3,True
10.1016/j.jct.2011.06.001#d9#p1#r1,10.1016/j.jct.2011.06.001#d9#p1,10.1016/j.jct.2011.06.001.json,9,1,1,InChI=1S/2C5H5.Ni/c2*1-2-4-5-3-1;/h2*1-5H;/q2*-1;+2,KZPXREABEBSAQM-UHFFFAOYSA-N,nickelocene,C10H10Ni,10.1016/j.jct.2011.06.001,2011,"Molar enthalpy of vaporization or sublimation, kJ/mol",Crystal,"[""Crystal"",""Gas""]",DSC,71.4,"{""CombinedUncertainty"":{""nCombExpandUncertValue"":3.1,""nCombUncertAssessNum"":1},""nPropValue"":71.4,""nPropNumber"":1,""nPropDigits"":3}",variable,"{""nVarValue"":333.15,""nVarDigits"":5,""nVarNumber"":1}",333.15,False,disconnected_formula;charge_or_protonation_layer;element_outside_scope,71.4,False
10.1016/j.jct.2011.06.001#d10#p1#r1,10.1016/j.jct.2011.06.001#d10#p1,10.1016/j.jct.2011.06.001.json,10,1,1,InChI=1S/2C5H5.Ni/c2*1-2-4-5-3-1;/h2*1-5H;/q2*-1;+2,KZPXREABEBSAQM-UHFFFAOYSA-N,nickelocene,C10H10Ni,10.1016/j.jct.2011.06.001,2011,"Molar enthalpy of vaporization or sublimation, kJ/mol",Crystal,"[""Crystal"",""Gas""]",Static calorimetry,72,"{""nPropNumber"":1,""nPropDigits"":2,""CombinedUncertainty"":{""nCombExpandUncertValue"":4.4,""nCombUncertAssessNum"":1},""nPropValue"":72}",variable,"{""nVarNumber"":1,""nVarDigits"":5,""nVarValue"":333.15}",333.15,False,disconnected_formula;charge_or_protonation_layer;element_outside_scope,72,True
10.1016/j.jct.2011.07.014#d1#p1#r1,10.1016/j.jct.2011.07.014#d1#p1,10.1016/j.jct.2011.07.014.json,1,1,1,"InChI=1S/C5H8O3/c1-4(6)2-3-5(7)8/h2-3H2,1H3,(H,7,8)",JOOXCMJARBKPKM-UHFFFAOYSA-N,4-oxopentanoic acid,C5H8O3,10.1016/j.jct.2011.07.014,2012,"Molar enthalpy of vaporization or sublimation, kJ/mol",Liquid,"[""Liquid"",""Gas""]",Derived by Second law,70.32,"{""nPropDigits"":4,""nPropNumber"":1,""CombinedUncertainty"":{""nCombUncertAssessNum"":1,""nCombExpandUncertValue"":1.82},""nPropValue"":70.32}",variable,"{""nVarValue"":298.15,""nVarNumber"":1,""nVarDigits"":5}",298.15,True,,70.32,False
10.1016/j.jct.2011.10.007#d1#p1#r1,10.1016/j.jct.2011.10.007#d1#p1,10.1016/j.jct.2011.10.007.json,1,1,1,"InChI=1S/C5H7N3O/c1-4-2-3-8(7-4)5(6)9/h2-3H,1H3,(H2,6,9)",PNZZQMXKKNDHNS-UHFFFAOYSA-N,3-methyl-1-pyrazolecarboxamide,C5H7N3O,10.1016/j.jct.2011.10.007,2012,"Molar enthalpy of vaporization or sublimation, kJ/mol",Crystal,"[""Crystal"",""Gas""]",Derived by Second law,93.5,"{""nPropNumber"":1,""nPropDigits"":3,""CombinedUncertainty"":{""nCombExpandUncertValue"":2.6,""nCombUncertAssessNum"":1},""nPropValue"":93.5}",variable,"{""nVarValue"":298.15,""nVarNumber"":1,""nVarDigits"":5}",298.15,False,,93.5,False
10.1016/j.jct.2011.10.007#d3#p1#r1,10.1016/j.jct.2011.10.007#d3#p1,10.1016/j.jct.2011.10.007.json,3,1,1,"InChI=1S/C4H6N2O/c1-3-2-4(7)6-5-3/h2H,1H3,(H2,5,6,7)",WGVHNCAJPFIFCR-UHFFFAOYSA-N,3-methyl-3-pyrazoline-5-one,C4H6N2O,10.1016/j.jct.2011.10.007,2012,"Molar enthalpy of vaporization or sublimation, kJ/mol",Crystal,"[""Crystal"",""Gas""]",Derived by Second law,111.41,"{""nPropValue"":111.41,""CombinedUncertainty"":{""nCombUncertAssessNum"":1,""nCombExpandUncertValue"":1.88},""nPropDigits"":5,""nPropNumber"":1}",variable,"{""nVarDigits"":5,""nVarNumber"":1,""nVarValue"":298.15}",298.15,False,,111.41,False
10.1016/j.jct.2011.10.007#d5#p1#r1,10.1016/j.jct.2011.10.007#d5#p1,10.1016/j.jct.2011.10.007.json,5,1,1,"InChI=1S/C4H6N2O/c1-3-2-5-6-4(3)7/h2-3H,1H3,(H,6,7)",GWYFIIHULJCWMO-UHFFFAOYSA-N,4-methyl-2-pyrazoline-5-one,C4H6N2O,10.1016/j.jct.2011.10.007,2012,"Molar enthalpy of vaporization or sublimation, kJ/mol",Crystal,"[""Crystal"",""Gas""]",Derived by Second law,111.8,"{""nPropValue"":111.8,""CombinedUncertainty"":{""nCombExpandUncertValue"":3.5,""nCombUncertAssessNum"":1},""nPropDigits"":4,""nPropNumber"":1}",variable,"{""nVarValue"":298.15,""nVarNumber"":1,""nVarDigits"":5}",298.15,False,,111.8,False
10.1016/j.jct.2011.11.004#d1#p1#r1,10.1016/j.jct.2011.11.004#d1#p1,10.1016/j.jct.2011.11.004.json,1,1,1,"InChI=1S/C4H12N2/c1-6-4-2-3-5/h6H,2-5H2,1H3",QHJABUZHRJTCAR-UHFFFAOYSA-N,"N-methyl-1,3-diaminopropane",C4H12N2,10.1016/j.jct.2011.11.004,2012,"Molar enthalpy of vaporization or sublimation, kJ/mol",Liquid,"[""Liquid"",""Gas""]",Derived by Second law,53.1,"{""nPropNumber"":1,""nPropDigits"":3,""CombinedUncertainty"":{""nCombUncertAssessNum"":1,""nCombExpandUncertValue"":1.3},""nPropValue"":53.1}",variable,"{""nVarNumber"":1,""nVarDigits"":5,""nVarValue"":298.15}",298.15,True,,53.1,False
10.1016/j.jct.2011.11.004#d3#p1#r1,10.1016/j.jct.2011.11.004#d3#p1,10.1016/j.jct.2011.11.004.json,3,1,1,"InChI=1S/C5H14N2/c1-7(2)5-3-4-6/h3-6H2,1-2H3",IUNMPGNGSSIWFP-UHFFFAOYSA-N,"N,N-dimethyl-1,3-propanediamine",C5H14N2,10.1016/j.jct.2011.11.004,2012,"Molar enthalpy of vaporization or sublimation, kJ/mol",Liquid,"[""Liquid"",""Gas""]",Derived by Second law,46,"{""nPropNumber"":1,""nPropDigits"":2,""nPropValue"":46,""CombinedUncertainty"":{""nCombExpandUncertValue"":1.1,""nCombUncertAssessNum"":1}}",variable,"{""nVarDigits"":5,""nVarNumber"":1,""nVarValue"":298.15}",298.15,True,,46,False
10.1016/j.jct.2011.11.004#d5#p1#r1,10.1016/j.jct.2011.11.004#d5#p1,10.1016/j.jct.2011.11.004.json,5,1,1,"InChI=1S/C7H18N2/c1-3-9(4-2)7-5-6-8/h3-8H2,1-2H3",QOHMWDJIBGVPIF-UHFFFAOYSA-N,"N,N-diethylpropane-1,3-diamine",C7H18N2,10.1016/j.jct.2011.11.004,2012,"Molar enthalpy of vaporization or sublimation, kJ/mol",Liquid,"[""Liquid"",""Gas""]",Derived by Second law,52.4,"{""nPropValue"":52.4,""CombinedUncertainty"":{""nCombUncertAssessNum"":1,""nCombExpandUncertValue"":1.5},""nPropNumber"":1,""nPropDigits"":3}",variable,"{""nVarValue"":298.15,""nVarDigits"":5,""nVarNumber"":1}",298.15,True,,52.4,False
10.1016/j.jct.2011.11.004#d7#p1#r1,10.1016/j.jct.2011.11.004#d7#p1,10.1016/j.jct.2011.11.004.json,7,1,1,"InChI=1S/C7H18N2/c1-8(2)6-5-7-9(3)4/h5-7H2,1-4H3",DMQSHEKGGUOYJS-UHFFFAOYSA-N,"N,N,N',N'-tetramethyl-1,3-propanediamine",C7H18N2,10.1016/j.jct.2011.11.004,2012,"Molar enthalpy of vaporization or sublimation, kJ/mol",Liquid,"[""Liquid"",""Gas""]",Derived by Second law,45.3,"{""CombinedUncertainty"":{""nCombUncertAssessNum"":1,""nCombExpandUncertValue"":1.1},""nPropValue"":45.3,""nPropNumber"":1,""nPropDigits"":3}",variable,"{""nVarValue"":298.15,""nVarDigits"":5,""nVarNumber"":1}",298.15,True,,45.3,False
10.1016/j.jct.2011.11.032#d1#p1#r1,10.1016/j.jct.2011.11.032#d1#p1,10.1016/j.jct.2011.11.032.json,1,1,1,"InChI=1S/C6H7NO/c1-8-6-4-2-3-5-7-6/h2-5H,1H3",IWTFOFMTUOBLHG-UHFFFAOYSA-N,2-methoxypyridine,C6H7NO,10.1016/j.jct.2011.11.032,2012,"Molar enthalpy of vaporization or sublimation, kJ/mol",Liquid,"[""Liquid"",""Gas""]",Static calorimetry,45.1,"{""nPropValue"":45.1,""CombinedUncertainty"":{""nCombExpandUncertValue"":1.3,""nCombUncertAssessNum"":1},""nPropNumber"":1,""nPropDigits"":3}",variable,"{""nVarDigits"":5,""nVarNumber"":1,""nVarValue"":298.15}",298.15,True,,45.1,True
10.1016/j.jct.2011.11.032#d3#p1#r1,10.1016/j.jct.2011.11.032#d3#p1,10.1016/j.jct.2011.11.032.json,3,1,1,"InChI=1S/C6H7NO/c1-8-6-2-4-7-5-3-6/h2-5H,1H3",XQABVLBGNWBWIV-UHFFFAOYSA-N,4-methoxypyridine,C6H7NO,10.1016/j.jct.2011.11.032,2012,"Molar enthalpy of vaporization or sublimation, kJ/mol",Liquid,"[""Liquid"",""Gas""]",Static calorimetry,57.4,"{""nPropValue"":57.4,""CombinedUncertainty"":{""nCombUncertAssessNum"":1,""nCombExpandUncertValue"":1.3},""nPropDigits"":3,""nPropNumber"":1}",variable,"{""nVarNumber"":1,""nVarDigits"":5,""nVarValue"":298.15}",298.15,True,,57.4,True
10.1016/j.jct.2011.11.032#d5#p1#r1,10.1016/j.jct.2011.11.032#d5#p1,10.1016/j.jct.2011.11.032.json,5,1,1,"InChI=1S/C7H9NO2/c1-9-6-4-3-5-7(8-6)10-2/h3-5H,1-2H3",IBTGEEMBZJBBSH-UHFFFAOYSA-N,"2,6-dimethoxypyridine",C7H9NO2,10.1016/j.jct.2011.11.032,2012,"Molar enthalpy of vaporization or sublimation, kJ/mol",Liquid,"[""Liquid"",""Gas""]",Static calorimetry,53.9,"{""nPropNumber"":1,""nPropDigits"":3,""nPropValue"":53.9,""CombinedUncertainty"":{""nCombUncertAssessNum"":1,""nCombExpandUncertValue"":1}}",variable,"{""nVarValue"":298.15,""nVarNumber"":1,""nVarDigits"":5}",298.15,True,,53.9,True
10.1016/j.jct.2011.12.001#d1#p1#r1,10.1016/j.jct.2011.12.001#d1#p1,10.1016/j.jct.2011.12.001.json,1,1,1,"InChI=1S/C7H7IO/c1-9-7-5-3-2-4-6(7)8/h2-5H,1H3",DVQWNQBEUKXONL-UHFFFAOYSA-N,1-iodo-2-methoxybenzene,C7H7IO,10.1016/j.jct.2011.12.001,2012,"Molar enthalpy of vaporization or sublimation, kJ/mol",Liquid,"[""Liquid"",""Gas""]",drop calorimetry,65.3,"{""nPropNumber"":1,""nPropDigits"":3,""CombinedUncertainty"":{""nCombUncertAssessNum"":1,""nCombExpandUncertValue"":2.8},""nPropValue"":65.3}",variable,"{""nVarDigits"":5,""nVarNumber"":1,""nVarValue"":298.15}",298.15,True,,65.3,True
10.1016/j.jct.2011.12.001#d3#p1#r1,10.1016/j.jct.2011.12.001#d3#p1,10.1016/j.jct.2011.12.001.json,3,1,1,"InChI=1S/C7H7IO/c1-9-7-4-2-3-6(8)5-7/h2-5H,1H3",RSHBAGGASAJQCH-UHFFFAOYSA-N,3-iodoanisole,C7H7IO,10.1016/j.jct.2011.12.001,2012,"Molar enthalpy of vaporization or sublimation, kJ/mol",Liquid,"[""Liquid"",""Gas""]",drop calorimetry,62.5,"{""nPropDigits"":3,""nPropNumber"":1,""CombinedUncertainty"":{""nCombUncertAssessNum"":1,""nCombExpandUncertValue"":2.6},""nPropValue"":62.5}",variable,"{""nVarValue"":298.15,""nVarNumber"":1,""nVarDigits"":5}",298.15,True,,62.5,True
10.1016/j.jct.2011.12.001#d5#p1#r1,10.1016/j.jct.2011.12.001#d5#p1,10.1016/j.jct.2011.12.001.json,5,1,1,"InChI=1S/C7H7IO/c1-9-7-4-2-6(8)3-5-7/h2-5H,1H3",SYSZENVIJHPFNL-UHFFFAOYSA-N,1-iodo-4-methoxybenzene,C7H7IO,10.1016/j.jct.2011.12.001,2012,"Molar enthalpy of vaporization or sublimation, kJ/mol",Crystal,"[""Crystal"",""Gas""]",Derived by Second law,83.4,"{""CombinedUncertainty"":{""nCombUncertAssessNum"":1,""nCombExpandUncertValue"":2.1},""nPropValue"":83.4,""nPropDigits"":3,""nPropNumber"":1}",variable,"{""nVarValue"":298.15,""nVarNumber"":1,""nVarDigits"":5}",298.15,False,,83.4,False
10.1016/j.jct.2011.12.001#d6#p1#r1,10.1016/j.jct.2011.12.001#d6#p1,10.1016/j.jct.2011.12.001.json,6,1,1,"InChI=1S/C7H7IO/c1-9-7-4-2-6(8)3-5-7/h2-5H,1H3",SYSZENVIJHPFNL-UHFFFAOYSA-N,1-iodo-4-methoxybenzene,C7H7IO,10.1016/j.jct.2011.12.001,2012,"Molar enthalpy of vaporization or sublimation, kJ/mol",Liquid,"[""Liquid"",""Gas""]",drop calorimetry,82.6,"{""nPropDigits"":3,""nPropNumber"":1,""CombinedUncertainty"":{""nCombUncertAssessNum"":1,""nCombExpandUncertValue"":3},""nPropValue"":82.6}",variable,"{""nVarValue"":298.15,""nVarNumber"":1,""nVarDigits"":5}",298.15,True,,82.6,True
10.1016/j.jct.2011.12.019#d1#p1#r1,10.1016/j.jct.2011.12.019#d1#p1,10.1016/j.jct.2011.12.019.json,1,1,1,"InChI=1S/C5H4N2/c6-4-5-2-1-3-7-5/h1-3,7H",BQMPGKPTOHKYHS-UHFFFAOYSA-N,2-cyanopyrrole;,C5H4N2,10.1016/j.jct.2011.12.019,2012,"Molar enthalpy of vaporization or sublimation, kJ/mol",Liquid,"[""Liquid"",""Gas""]",drop calorimetry,65.3,"{""nPropDigits"":3,""nPropNumber"":1,""CombinedUncertainty"":{""nCombUncertAssessNum"":1,""nCombExpandUncertValue"":2.8},""nPropValue"":65.3}",variable,"{""nVarValue"":298.15,""nVarNumber"":1,""nVarDigits"":5}",298.15,True,,65.3,True
10.1016/j.jct.2011.12.019#d3#p1#r1,10.1016/j.jct.2011.12.019#d3#p1,10.1016/j.jct.2011.12.019.json,3,1,1,"InChI=1S/C7H8N2/c1-6-3-4-7(5-8)9(6)2/h3-4H,1-2H3",DRXOPQFEWDRGKT-UHFFFAOYSA-N,"1,5-dimethyl-2-pyrrolecarbonitrile",C7H8N2,10.1016/j.jct.2011.12.019,2012,"Molar enthalpy of vaporization or sublimation, kJ/mol",Crystal,"[""Crystal"",""Gas""]",drop calorimetry,78.3,"{""nPropValue"":78.3,""CombinedUncertainty"":{""nCombExpandUncertValue"":3.2,""nCombUncertAssessNum"":1},""nPropNumber"":1,""nPropDigits"":3}",variable,"{""nVarNumber"":1,""nVarDigits"":5,""nVarValue"":298.15}",298.15,False,,78.3,True
10.1016/j.jct.2012.01.018#d2#p1#r1,10.1016/j.jct.2012.01.018#d2#p1,10.1016/j.jct.2012.01.018.json,2,1,1,InChI=1S/C6H3N3O2S/c10-9(11)5-3-1-2-4-6(5)8-12-7-4/h1-3H,IWQKAMJGVIHECB-UHFFFAOYSA-N,"4-nitro-2,1,3-benzothiadiazole",C6H3N3O2S,10.1016/j.jct.2012.01.018,2012,"Molar enthalpy of vaporization or sublimation, kJ/mol",Crystal,"[""Crystal"",""Gas""]",drop calorimetry,101.8,"{""nPropDigits"":4,""nPropNumber"":1,""CombinedUncertainty"":{""nCombUncertAssessNum"":1,""nCombExpandUncertValue"":8.6},""nPropValue"":101.8}",variable,"{""nVarDigits"":5,""nVarNumber"":1,""nVarValue"":298.15}",298.15,False,,101.8,True
10.1016/j.jct.2012.01.025#d3#p1#r1,10.1016/j.jct.2012.01.025#d3#p1,10.1016/j.jct.2012.01.025.json,3,1,1,InChI=1S/C16H10/c1-2-8-13-12(7-1)14-9-3-5-11-6-4-10-15(13)16(11)14/h1-10H,GVEPBJHOBDJJJI-UHFFFAOYSA-N,fluoranthene,C16H10,10.1016/j.jct.2012.01.025,2012,"Molar enthalpy of vaporization or sublimation, kJ/mol",Crystal,"[""Crystal"",""Gas""]",Drop calorimetry,96.3,"{""nPropNumber"":1,""nPropDigits"":3,""nPropValue"":96.3,""CombinedUncertainty"":{""nCombExpandUncertValue"":2.8,""nCombUncertAssessNum"":1}}",variable,"{""nVarNumber"":1,""nVarDigits"":5,""nVarValue"":298.15}",298.15,False,,96.3,True
10.1016/j.jct.2012.03.017#d2#p1#r1,10.1016/j.jct.2012.03.017#d2#p1,10.1016/j.jct.2012.03.017.json,2,1,1,"InChI=1S/C14H10O3/c15-14(16)13-9-5-1-3-7-11(9)17-12-8-4-2-6-10(12)13/h1-8,13H,(H,15,16)",VSBFNCXKYIEYIS-UHFFFAOYSA-N,9H-xanthene-9-carboxylic acid,C14H10O3,10.1016/j.jct.2012.03.017,2012,"Molar enthalpy of vaporization or sublimation, kJ/mol",Crystal,"[""Crystal"",""Gas""]",drop calorimetry,125.5,"{""CombinedUncertainty"":{""nCombExpandUncertValue"":3,""nCombUncertAssessNum"":1},""nPropValue"":125.5,""nPropDigits"":4,""nPropNumber"":1}",variable,"{""nVarValue"":298.15,""nVarNumber"":1,""nVarDigits"":5}",298.15,False,,125.5,True
10.1016/j.jct.2012.03.017#d4#p1#r1,10.1016/j.jct.2012.03.017#d4#p1,10.1016/j.jct.2012.03.017.json,4,1,1,"InChI=1S/C14H11NO2/c15-14(16)13-9-5-1-3-7-11(9)17-12-8-4-2-6-10(12)13/h1-8,13H,(H2,15,16)",WEDLKOCAEPRSPJ-UHFFFAOYSA-N,9H-xanthene-9-carboxamide,C14H11NO2,10.1016/j.jct.2012.03.017,2012,"Molar enthalpy of vaporization or sublimation, kJ/mol",Crystal,"[""Crystal"",""Gas""]",drop calorimetry,130,"{""nPropDigits"":2,""nPropNumber"":1,""nPropValue"":130,""CombinedUncertainty"":{""nCombUncertAssessNum"":1,""nCombExpandUncertValue"":4.2}}",variable,"{""nVarNumber"":1,""nVarDigits"":5,""nVarValue"":298.15}",298.15,False,,130,True
10.1016/j.jct.2012.05.013#d3#p1#r1,10.1016/j.jct.2012.05.013#d3#p1,10.1016/j.jct.2012.05.013.json,3,1,1,"InChI=1S/C14H18N2/c1-15(2)12-9-5-7-11-8-6-10-13(14(11)12)16(3)4/h5-10H,1-4H3",GJFNRSDCSTVPCJ-UHFFFAOYSA-N,"1,8-bis(dimethylamino)naphthalene",C14H18N2,10.1016/j.jct.2012.05.013,2012,"Molar enthalpy of vaporization or sublimation, kJ/mol",Crystal,"[""Crystal"",""Gas""]",Static calorimetry,93.9,"{""nPropNumber"":1,""nPropDigits"":3,""nPropValue"":93.9,""CombinedUncertainty"":{""nCombExpandUncertValue"":2.3,""nCombUncertAssessNum"":1}}",variable,"{""nVarNumber"":1,""nVarDigits"":5,""nVarValue"":298.15}",298.15,False,,93.9,True
10.1016/j.jct.2012.05.015#d1#p1#r1,10.1016/j.jct.2012.05.015#d1#p1,10.1016/j.jct.2012.05.015.json,1,1,1,"InChI=1S/C4H6N4/c5-3-1-2-7-4(6)8-3/h1-2H,(H4,5,6,7,8)",YAAWASYJIRZXSZ-UHFFFAOYSA-N,"2,4-pyrimidinediamine",C4H6N4,10.1016/j.jct.2012.05.015,2012,"Molar enthalpy of vaporization or sublimation, kJ/mol",Crystal,"[""Crystal"",""Gas""]",Derived by Second law,106.3,"{""nPropValue"":106.3,""CombinedUncertainty"":{""nCombExpandUncertValue"":2.2,""nCombUncertAssessNum"":1},""nPropNumber"":1,""nPropDigits"":4}",variable,"{""nVarValue"":298.15,""nVarDigits"":5,""nVarNumber"":1}",298.15,False,,106.3,False
10.1016/j.jct.2012.05.015#d3#p1#r1,10.1016/j.jct.2012.05.015#d3#p1,10.1016/j.jct.2012.05.015.json,3,1,1,"InChI=1S/C4H7N5/c5-2-1-3(6)9-4(7)8-2/h1H,(H6,5,6,7,8,9)",JTTIOYHBNXDJOD-UHFFFAOYSA-N,"2,4,6-pyrimidinetriamine",C4H7N5,10.1016/j.jct.2012.05.015,2012,"Molar enthalpy of vaporization or sublimation, kJ/mol",Crystal,"[""Crystal"",""Gas""]",Derived by Second law,125.4,"{""nPropValue"":125.4,""CombinedUncertainty"":{""nCombExpandUncertValue"":3.9,""nCombUncertAssessNum"":1},""nPropDigits"":4,""nPropNumber"":1}",variable,"{""nVarValue"":298.15,""nVarDigits"":5,""nVarNumber"":1}",298.15,False,,125.4,False
10.1016/j.jct.2012.05.029#d1#p1#r1,10.1016/j.jct.2012.05.029#d1#p1,10.1016/j.jct.2012.05.029.json,1,1,1,"InChI=1S/C8H15N2.C2F6NO4S2/c1-3-4-5-10-7-6-9(2)8-10;3-1(4,5)14(10,11)9-15(12,13)2(6,7)8/h6-8H,3-5H2,1-2H3;/q+1;-1",INDFXCHYORWHLQ-UHFFFAOYSA-N,1-butyl-3-methylimidazolium bis(trifluoromethylsulfonyl)imide,C10H15F6N3O4S2,10.1016/j.jct.2012.05.029,2012,"Molar enthalpy of vaporization or sublimation, kJ/mol",Liquid,"[""Liquid"",""Gas""]",Thermogravimetric Analysis,113.5,"{""nPropNumber"":1,""nPropDigits"":4,""nPropValue"":113.5,""CombinedUncertainty"":{""nCombExpandUncertValue"":3,""nCombUncertAssessNum"":1}}",variable,"{""nVarValue"":541.8,""nVarNumber"":1,""nVarDigits"":4}",541.8,True,disconnected_formula;charge_or_protonation_layer,113.5,False
10.1016/j.jct.2012.05.029#d2#p1#r1,10.1016/j.jct.2012.05.029#d2#p1,10.1016/j.jct.2012.05.029.json,2,1,1,"InChI=1S/C10H19N2.C2F6NO4S2/c1-3-4-5-6-7-12-9-8-11(2)10-12;3-1(4,5)14(10,11)9-15(12,13)2(6,7)8/h8-10H,3-7H2,1-2H3;/q+1;-1",RCNFOZUBFOFJKZ-UHFFFAOYSA-N,1-hexyl-3-methylimidazolium bis[(trifluoromethyl)sulfonyl]imide,C12H19F6N3O4S2,10.1016/j.jct.2012.05.029,2012,"Molar enthalpy of vaporization or sublimation, kJ/mol",Liquid,"[""Liquid"",""Gas""]",Thermogravimetric Analysis,118,"{""nPropDigits"":4,""nPropNumber"":1,""CombinedUncertainty"":{""nCombUncertAssessNum"":1,""nCombExpandUncertValue"":3},""nPropValue"":118}",variable,"{""nVarDigits"":4,""nVarNumber"":1,""nVarValue"":541.8}",541.8,True,disconnected_formula;charge_or_protonation_layer,118,False
10.1016/j.jct.2012.05.029#d3#p1#r1,10.1016/j.jct.2012.05.029#d3#p1,10.1016/j.jct.2012.05.029.json,3,1,1,"InChI=1S/C12H23N2.C2F6NO4S2/c1-3-4-5-6-7-8-9-14-11-10-13(2)12-14;3-1(4,5)14(10,11)9-15(12,13)2(6,7)8/h10-12H,3-9H2,1-2H3;/q+1;-1",LECQXINNQGHJBM-UHFFFAOYSA-N,1-octyl-3-methylimidazolium bis[(trifluoromethyl)sulfonyl]imide,C14H23F6N3O4S2,10.1016/j.jct.2012.05.029,2012,"Molar enthalpy of vaporization or sublimation, kJ/mol",Liquid,"[""Liquid"",""Gas""]",Thermogravimetric Analysis,122.6,"{""nPropValue"":122.6,""CombinedUncertainty"":{""nCombUncertAssessNum"":1,""nCombExpandUncertValue"":3},""nPropDigits"":4,""nPropNumber"":1}",variable,"{""nVarValue"":541.8,""nVarDigits"":4,""nVarNumber"":1}",541.8,True,disconnected_formula;charge_or_protonation_layer,122.6,False
10.1016/j.jct.2012.05.029#d4#p1#r1,10.1016/j.jct.2012.05.029#d4#p1,10.1016/j.jct.2012.05.029.json,4,1,1,"InChI=1S/C14H27N2.C2F6NO4S2/c1-3-4-5-6-7-8-9-10-11-16-13-12-15(2)14-16;3-1(4,5)14(10,11)9-15(12,13)2(6,7)8/h12-14H,3-11H2,1-2H3;/q+1;-1",ZYVGZWFCGPUVSH-UHFFFAOYSA-N,1-decyl-3-methylimidazolium bis(trifluoromethylsulfonyl)amide,C16H27F6N3O4S2,10.1016/j.jct.2012.05.029,2012,"Molar enthalpy of vaporization or sublimation, kJ/mol",Liquid,"[""Liquid"",""Gas""]",Thermogravimetric Analysis,125.2,"{""nPropValue"":125.2,""CombinedUncertainty"":{""nCombUncertAssessNum"":1,""nCombExpandUncertValue"":3},""nPropNumber"":1,""nPropDigits"":4}",variable,"{""nVarValue"":522,""nVarDigits"":3,""nVarNumber"":1}",522,True,disconnected_formula;charge_or_protonation_layer,125.2,False
10.1016/j.jct.2012.05.029#d5#p1#r1,10.1016/j.jct.2012.05.029#d5#p1,10.1016/j.jct.2012.05.029.json,5,1,1,"InChI=1S/C16H31N2.C2F6NO4S2/c1-3-4-5-6-7-8-9-10-11-12-13-18-15-14-17(2)16-18;3-1(4,5)14(10,11)9-15(12,13)2(6,7)8/h14-16H,3-13H2,1-2H3;/q+1;-1",RJCNRVFKCLDBEC-UHFFFAOYSA-N,1-dodecyl-3-methyl-1H-imidazolium bis(trifluoromethylsulfonyl)amide,C18H31F6N3O4S2,10.1016/j.jct.2012.05.029,2012,"Molar enthalpy of vaporization or sublimation, kJ/mol",Liquid,"[""Liquid"",""Gas""]",Thermogravimetric Analysis,126,"{""nPropDigits"":4,""nPropNumber"":1,""nPropValue"":126,""CombinedUncertainty"":{""nCombUncertAssessNum"":1,""nCombExpandUncertValue"":3}}",variable,"{""nVarDigits"":4,""nVarNumber"":1,""nVarValue"":533.5}",533.5,True,disconnected_formula;charge_or_protonation_layer,126,False
10.1016/j.jct.2012.05.029#d6#p1#r1,10.1016/j.jct.2012.05.029#d6#p1,10.1016/j.jct.2012.05.029.json,6,1,1,"InChI=1S/C18H35N2.C2F6NO4S2/c1-3-4-5-6-7-8-9-10-11-12-13-14-15-20-17-16-19(2)18-20;3-1(4,5)14(10,11)9-15(12,13)2(6,7)8/h16-18H,3-15H2,1-2H3;/q+1;-1",AEZLAQZYZLLTIV-UHFFFAOYSA-N,1-tetradecyl-3-methylimidazolium bis(trifluoromethylsulfonyl)imide,C20H35F6N3O4S2,10.1016/j.jct.2012.05.029,2012,"Molar enthalpy of vaporization or sublimation, kJ/mol",Liquid,"[""Liquid"",""Gas""]",Thermogravimetric Analysis,132.7,"{""nPropNumber"":1,""nPropDigits"":4,""nPropValue"":132.7,""CombinedUncertainty"":{""nCombExpandUncertValue"":3,""nCombUncertAssessNum"":1}}",variable,"{""nVarValue"":541.8,""nVarDigits"":4,""nVarNumber"":1}",541.8,True,disconnected_formula;charge_or_protonation_layer,132.7,False
10.1016/j.jct.2012.05.029#d7#p1#r1,10.1016/j.jct.2012.05.029#d7#p1,10.1016/j.jct.2012.05.029.json,7,1,1,"InChI=1S/C20H39N2.C2F6NO4S2/c1-3-4-5-6-7-8-9-10-11-12-13-14-15-16-17-22-19-18-21(2)20-22;3-1(4,5)14(10,11)9-15(12,13)2(6,7)8/h18-20H,3-17H2,1-2H3;/q+1;-1",IEKPEVWFUIKZFI-UHFFFAOYSA-N,3-hexadecyl-1-methyl-1H-imidazolium bis((trifluoromethyl)sulfonyl)amide,C22H39F6N3O4S2,10.1016/j.jct.2012.05.029,2012,"Molar enthalpy of vaporization or sublimation, kJ/mol",Liquid,"[""Liquid"",""Gas""]",Thermogravimetric Analysis,136.4,"{""CombinedUncertainty"":{""nCombExpandUncertValue"":3,""nCombUncertAssessNum"":1},""nPropValue"":136.4,""nPropDigits"":4,""nPropNumber"":1}",variable,"{""nVarValue"":541.8,""nVarNumber"":1,""nVarDigits"":4}",541.8,True,disconnected_formula;charge_or_protonation_layer,136.4,False
10.1016/j.jct.2012.05.029#d8#p1#r1,10.1016/j.jct.2012.05.029#d8#p1,10.1016/j.jct.2012.05.029.json,8,1,1,"InChI=1S/C22H43N2.C2F6NO4S2/c1-3-4-5-6-7-8-9-10-11-12-13-14-15-16-17-18-19-24-21-20-23(2)22-24;3-1(4,5)14(10,11)9-15(12,13)2(6,7)8/h20-22H,3-19H2,1-2H3;/q+1;-1",DMEDSJKEUMLSKF-UHFFFAOYSA-N,3-methyl-1-octadecyl-1H-imidazolium bis((trifluoromethyl)sulfonyl)amide,C24H43F6N3O4S2,10.1016/j.jct.2012.05.029,2012,"Molar enthalpy of vaporization or sublimation, kJ/mol",Liquid,"[""Liquid"",""Gas""]",Thermogravimetric Analysis,138.5,"{""CombinedUncertainty"":{""nCombUncertAssessNum"":1,""nCombExpandUncertValue"":3},""nPropValue"":138.5,""nPropDigits"":4,""nPropNumber"":1}",variable,"{""nVarValue"":582.5,""nVarNumber"":1,""nVarDigits"":4}",582.5,True,disconnected_formula;charge_or_protonation_layer,138.5,False
10.1016/j.jct.2012.07.008#d1#p1#r1,10.1016/j.jct.2012.07.008#d1#p1,10.1016/j.jct.2012.07.008.json,1,1,1,"InChI=1S/C8H8O2/c9-7-2-1-3-8-6(7)4-5-10-8/h4-5H,1-3H2",DXWQOYPYNPSVRL-UHFFFAOYSA-N,"6,7-dihydrobenzofuran-4(5H)-one",C8H8O2,10.1016/j.jct.2012.07.008,2013,"Molar enthalpy of vaporization or sublimation, kJ/mol",Liquid,"[""Liquid"",""Gas""]",drop calorimetry,69.4,"{""CombinedUncertainty"":{""nCombExpandUncertValue"":4.4,""nCombUncertAssessNum"":1},""nPropValue"":69.4,""nPropNumber"":1,""nPropDigits"":3}",variable,"{""nVarNumber"":1,""nVarDigits"":5,""nVarValue"":298.15}",298.15,True,,69.4,True
10.1016/j.jct.2012.08.018#d1#p1#r1,10.1016/j.jct.2012.08.018#d1#p1,10.1016/j.jct.2012.08.018.json,1,1,1,"InChI=1S/C2H5NO2/c1-5-2(3)4/h1H3,(H2,3,4)",GTCAXTIRRLKXRU-UHFFFAOYSA-N,"carbamic acid, methyl ester",C2H5NO2,10.1016/j.jct.2012.08.018,2013,"Molar enthalpy of vaporization or sublimation, kJ/mol",Crystal,"[""Crystal"",""Gas""]",Static calorimetry,73.6,"{""CombinedUncertainty"":{""nCombUncertAssessNum"":1,""nCombExpandUncertValue"":1.3},""nPropValue"":73.6,""nPropNumber"":1,""nPropDigits"":3}",variable,"{""nVarValue"":298.15,""nVarDigits"":5,""nVarNumber"":1}",298.15,False,,73.6,True
10.1016/j.jct.2012.08.018#d2#p1#r1,10.1016/j.jct.2012.08.018#d2#p1,10.1016/j.jct.2012.08.018.json,2,1,1,"InChI=1S/C3H7NO2/c1-2-6-3(4)5/h2H2,1H3,(H2,4,5)",JOYRKODLDBILNP-UHFFFAOYSA-N,ethyl carbamate,C3H7NO2,10.1016/j.jct.2012.08.018,2013,"Molar enthalpy of vaporization or sublimation, kJ/mol",Crystal,"[""Crystal"",""Gas""]",Static calorimetry,77.7,"{""nPropDigits"":3,""nPropNumber"":1,""CombinedUncertainty"":{""nCombExpandUncertValue"":1.4,""nCombUncertAssessNum"":1},""nPropValue"":77.7}",variable,"{""nVarValue"":298.15,""nVarDigits"":5,""nVarNumber"":1}",298.15,False,,77.7,True
10.1016/j.jct.2012.08.028#d1#p1#r1,10.1016/j.jct.2012.08.028#d1#p1,10.1016/j.jct.2012.08.028.json,1,1,1,InChI=1S/C7H5NO/c1-2-4-7-6(3-1)8-5-9-7/h1-5H,BCMCBBGGLRIHSE-UHFFFAOYSA-N,benzoxazole,C7H5NO,10.1016/j.jct.2012.08.028,2013,"Molar enthalpy of vaporization or sublimation, kJ/mol",Crystal,"[""Crystal"",""Gas""]",Static calorimetry,69.2,"{""nPropValue"":69.2,""CombinedUncertainty"":{""nCombUncertAssessNum"":1,""nCombExpandUncertValue"":1.6},""nPropDigits"":3,""nPropNumber"":1}",variable,"{""nVarValue"":298.15,""nVarNumber"":1,""nVarDigits"":5}",298.15,False,,69.2,True
10.1016/j.jct.2012.08.028#d2#p1#r1,10.1016/j.jct.2012.08.028#d2#p1,10.1016/j.jct.2012.08.028.json,2,1,1,"InChI=1S/C8H6ClNO/c1-5-10-7-4-6(9)2-3-8(7)11-5/h2-4H,1H3",HJCIGAUHTJBHBQ-UHFFFAOYSA-N,5-chloro-2-methylbenzoxazole,C8H6ClNO,10.1016/j.jct.2012.08.028,2013,"Molar enthalpy of vaporization or sublimation, kJ/mol",Crystal,"[""Crystal"",""Gas""]",Static calorimetry,82.4,"{""nPropValue"":82.4,""CombinedUncertainty"":{""nCombExpandUncertValue"":4.3,""nCombUncertAssessNum"":1},""nPropNumber"":1,""nPropDigits"":3}",variable,"{""nVarValue"":298.15,""nVarNumber"":1,""nVarDigits"":5}",298.15,False,,82.4,True
10.1016/j.jct.2012.08.028#d3#p1#r1,10.1016/j.jct.2012.08.028#d3#p1,10.1016/j.jct.2012.08.028.json,3,1,1,InChI=1S/C7H4ClNO/c8-7-9-5-3-1-2-4-6(5)10-7/h1-4H,BBVQDWDBTWSGHQ-UHFFFAOYSA-N,2-chlorobenzoxazole,C7H4ClNO,10.1016/j.jct.2012.08.028,2013,"Molar enthalpy of vaporization or sublimation, kJ/mol",Liquid,"[""Liquid"",""Gas""]",Static calorimetry,56.3,"{""nPropNumber"":1,""nPropDigits"":3,""CombinedUncertainty"":{""nCombExpandUncertValue"":3.1,""nCombUncertAssessNum"":1},""nPropValue"":56.3}",variable,"{""nVarValue"":298.15,""nVarDigits"":5,""nVarNumber"":1}",298.15,True,,56.3,True
10.1016/j.jct.2012.08.034#d1#p1#r1,10.1016/j.jct.2012.08.034#d1#p1,10.1016/j.jct.2012.08.034.json,1,1,1,"InChI=1S/C9H10O/c1-7-5-3-4-6-9(7)8(2)10/h3-6H,1-2H3",YXWWHNCQZBVZPV-UHFFFAOYSA-N,2-methylacetophenone,C9H10O,10.1016/j.jct.2012.08.034,2013,"Molar enthalpy of vaporization or sublimation, kJ/mol",Liquid,"[""Liquid"",""Gas""]",Static calorimetry,58.9,"{""nPropValue"":58.9,""CombinedUncertainty"":{""nCombExpandUncertValue"":1.8,""nCombUncertAssessNum"":1},""nPropNumber"":1,""nPropDigits"":3}",variable,"{""nVarValue"":298.15,""nVarNumber"":1,""nVarDigits"":5}",298.15,True,,58.9,True
10.1016/j.jct.2012.08.034#d2#p1#r1,10.1016/j.jct.2012.08.034#d2#p1,10.1016/j.jct.2012.08.034.json,2,1,1,"InChI=1S/C9H10O/c1-7-3-5-9(6-4-7)8(2)10/h3-6H,1-2H3",GNKZMNRKLCTJAY-UHFFFAOYSA-N,4'-methylacetophenone,C9H10O,10.1016/j.jct.2012.08.034,2013,"Molar enthalpy of vaporization or sublimation, kJ/mol",Liquid,"[""Liquid"",""Gas""]",Static calorimetry,60.7,"{""nPropDigits"":3,""nPropNumber"":1,""nPropValue"":60.7,""CombinedUncertainty"":{""nCombUncertAssessNum"":1,""nCombExpandUncertValue"":2}}",variable,"{""nVarValue"":298.15,""nVarDigits"":5,""nVarNumber"":1}",298.15,True,,60.7,True
10.1016/j.jct.2012.09.007#d1#p1#r1,10.1016/j.jct.2012.09.007#d1#p1,10.1016/j.jct.2012.09.007.json,1,1,1,"InChI=1S/C7H8O2S/c1-2-9-7(8)6-4-3-5-10-6/h3-5H,2H2,1H3",JZGZKRJVTIRPOK-UHFFFAOYSA-N,ethyl 2-thiophenecarboxylate,C7H8O2S,10.1016/j.jct.2012.09.007,2013,"Molar enthalpy of vaporization or sublimation, kJ/mol",Liquid,"[""Liquid"",""Gas""]",Static calorimetry,61.2,"{""nPropDigits"":3,""nPropNumber"":1,""CombinedUncertainty"":{""nCombUncertAssessNum"":1,""nCombExpandUncertValue"":2.8},""nPropValue"":61.2}",variable,"{""nVarDigits"":5,""nVarNumber"":1,""nVarValue"":298.15}",298.15,True,,61.2,True
10.1016/j.jct.2012.09.031#d1#p1#r1,10.1016/j.jct.2012.09.031#d1#p1,10.1016/j.jct.2012.09.031.json,1,1,1,InChI=1S/C6H4INO2/c7-5-3-1-2-4-6(5)8(9)10/h1-4H,JXMZUNPWVXQADG-UHFFFAOYSA-N,1-iodo-2-nitrobenzene,C6H4INO2,10.1016/j.jct.2012.09.031,2013,"Molar enthalpy of vaporization or sublimation, kJ/mol",Crystal,"[""Crystal"",""Gas""]",Static calorimetry,89.9,"{""nPropDigits"":3,""nPropNumber"":1,""CombinedUncertainty"":{""nCombExpandUncertValue"":3.2,""nCombUncertAssessNum"":1},""nPropValue"":89.9}",variable,"{""nVarValue"":298.15,""nVarNumber"":1,""nVarDigits"":5}",298.15,False,,89.9,True
10.1016/j.jct.2012.09.031#d3#p1#r1,10.1016/j.jct.2012.09.031#d3#p1,10.1016/j.jct.2012.09.031.json,3,1,1,InChI=1S/C6H4INO2/c7-5-2-1-3-6(4-5)8(9)10/h1-4H,CBYAZOKPJYBCHE-UHFFFAOYSA-N,1-iodo-3-nitrobenzene,C6H4INO2,10.1016/j.jct.2012.09.031,2013,"Molar enthalpy of vaporization or sublimation, kJ/mol",Crystal,"[""Crystal"",""Gas""]",Static calorimetry,89.4,"{""CombinedUncertainty"":{""nCombExpandUncertValue"":3,""nCombUncertAssessNum"":1},""nPropValue"":89.4,""nPropNumber"":1,""nPropDigits"":3}",variable,"{""nVarValue"":298.15,""nVarNumber"":1,""nVarDigits"":5}",298.15,False,,89.4,True
10.1016/j.jct.2012.09.031#d5#p1#r1,10.1016/j.jct.2012.09.031#d5#p1,10.1016/j.jct.2012.09.031.json,5,1,1,InChI=1S/C6H4INO2/c7-5-1-3-6(4-2-5)8(9)10/h1-4H,SCCCFNJTCDSLCY-UHFFFAOYSA-N,1-iodo-4-nitrobenzene,C6H4INO2,10.1016/j.jct.2012.09.031,2013,"Molar enthalpy of vaporization or sublimation, kJ/mol",Crystal,"[""Crystal"",""Gas""]",Static calorimetry,98.2,"{""CombinedUncertainty"":{""nCombExpandUncertValue"":3.4,""nCombUncertAssessNum"":1},""nPropValue"":98.2,""nPropNumber"":1,""nPropDigits"":3}",variable,"{""nVarValue"":298.15,""nVarNumber"":1,""nVarDigits"":5}",298.15,False,,98.2,True
10.1016/j.jct.2012.10.010#d3#p1#r1,10.1016/j.jct.2012.10.010#d3#p1,10.1016/j.jct.2012.10.010.json,3,1,1,"InChI=1S/C3H4N2O2/c6-2-1-4-3(7)5-2/h1H2,(H2,4,5,6,7)",WJRBRSLFGCUECM-UHFFFAOYSA-N,"2,4-imidazolidinedione",C3H4N2O2,10.1016/j.jct.2012.10.010,2013,"Molar enthalpy of vaporization or sublimation, kJ/mol",Crystal,"[""Crystal"",""Gas""]",Static calorimetry,113.3,"{""CombinedUncertainty"":{""nCombExpandUncertValue"":3.1,""nCombUncertAssessNum"":1},""nPropValue"":113.3,""nPropDigits"":4,""nPropNumber"":1}",variable,"{""nVarValue"":298.15,""nVarNumber"":1,""nVarDigits"":5}",298.15,False,,113.3,True
10.1016/j.jct.2012.10.010#d8#p1#r1,10.1016/j.jct.2012.10.010#d8#p1,10.1016/j.jct.2012.10.010.json,8,1,1,"InChI=1S/C3H4N2OS/c6-2-1-4-3(7)5-2/h1H2,(H2,4,5,6,7)",UGWULZWUXSCWPX-UHFFFAOYSA-N,2-thiohydantoin,C3H4N2OS,10.1016/j.jct.2012.10.010,2013,"Molar enthalpy of vaporization or sublimation, kJ/mol",Crystal,"[""Crystal"",""Gas""]",Static calorimetry,115,"{""nPropDigits"":4,""nPropNumber"":1,""nPropValue"":115,""CombinedUncertainty"":{""nCombUncertAssessNum"":1,""nCombExpandUncertValue"":2.1}}",variable,"{""nVarNumber"":1,""nVarDigits"":5,""nVarValue"":298.15}",298.15,False,,115,True
10.1016/j.jct.2012.10.011#d3#p1#r1,10.1016/j.jct.2012.10.011#d3#p1,10.1016/j.jct.2012.10.011.json,3,1,1,InChI=1S/C2H3NO/c1-3-2-4/h1H3,HAMGRBXTJNITHG-UHFFFAOYSA-N,methyl isocyanate,C2H3NO,10.1016/j.jct.2012.10.011,2013,"Molar enthalpy of vaporization or sublimation, kJ/mol",Liquid,"[""Liquid"",""Gas""]",Static calorimetry,28.748,"{""nPropDigits"":5,""nPropNumber"":1,""nPropValue"":28.748,""CombinedUncertainty"":{""nCombExpandUncertValue"":0.15,""nCombUncertAssessNum"":1}}",variable,"{""nVarValue"":298.15,""nVarNumber"":1,""nVarDigits"":5}",298.15,True,,28.748,True
10.1016/j.jct.2012.11.019#d1#p1#r1,10.1016/j.jct.2012.11.019#d1#p1,10.1016/j.jct.2012.11.019.json,1,1,1,"InChI=1S/C3H7NO2/c1-4-2-3(5)6/h4H,2H2,1H3,(H,5,6)",FSYKKLYZXJSNPZ-UHFFFAOYSA-N,sarcosine,C3H7NO2,10.1016/j.jct.2012.11.019,2013,"Molar enthalpy of vaporization or sublimation, kJ/mol",Crystal,"[""Crystal"",""Gas""]",Derived by Second law,129.2,"{""nPropValue"":129.2,""CombinedUncertainty"":{""nCombExpandUncertValue"":2.1,""nCombUncertAssessNum"":1},""nPropDigits"":4,""nPropNumber"":1}",variable,"{""nVarValue"":298.15,""nVarDigits"":5,""nVarNumber"":1}",298.15,False,,129.2,False
10.1016/j.jct.2012.11.019#d3#p1#r1,10.1016/j.jct.2012.11.019#d3#p1,10.1016/j.jct.2012.11.019.json,3,1,1,"InChI=1S/C6H10N2O2/c1-7-3-6(10)8(2)4-5(7)9/h3-4H2,1-2H3",PKDGRAULLDDTRN-UHFFFAOYSA-N,"1,4-dimethyl-2,5-piperazinedione",C6H10N2O2,10.1016/j.jct.2012.11.019,2013,"Molar enthalpy of vaporization or sublimation, kJ/mol",Crystal,"[""Crystal"",""Gas""]",Derived by Second law,103.6,"{""nPropNumber"":1,""nPropDigits"":4,""nPropValue"":103.6,""CombinedUncertainty"":{""nCombUncertAssessNum"":1,""nCombExpandUncertValue"":1.8}}",variable,"{""nVarValue"":298.15,""nVarNumber"":1,""nVarDigits"":5}",298.15,False,,103.6,False
10.1016/j.jct.2012.11.031#d1#p1#r1,10.1016/j.jct.2012.11.031#d1#p1,10.1016/j.jct.2012.11.031.json,1,1,1,"InChI=1S/C6H12O6/c7-1-2-3(8)4(9)5(10)6(11)12-2/h2-11H,1H2/t2-,3-,4+,5-,6+/m1/s1",WQZGKKKJIJFFOK-DVKNGEFBSA-N,.alpha.-D-glucose,C6H12O6,10.1016/j.jct.2012.11.031,2013,"Molar enthalpy of vaporization or sublimation, kJ/mol",Crystal,"[""Crystal"",""Gas""]",Derived by Second law,138.7,"{""nPropValue"":138.7,""CombinedUncertainty"":{""nCombExpandUncertValue"":69.4,""nCombUncertAssessNum"":1},""nPropDigits"":4,""nPropNumber"":1}",variable,"{""nVarValue"":391.5,""nVarDigits"":4,""nVarNumber"":1}",391.5,False,,138.7,False
10.1016/j.jct.2012.11.034#d1#p1#r1,10.1016/j.jct.2012.11.034#d1#p1,10.1016/j.jct.2012.11.034.json,1,1,1,InChI=1S/Ag,BQCADISMDOOEFD-UHFFFAOYSA-N,silver,Ag,10.1016/j.jct.2012.11.034,2013,"Molar enthalpy of vaporization or sublimation, kJ/mol",Liquid,"[""Liquid"",""Gas""]",Derived by Second law,265.1,"{""nPropValue"":265.1,""CombinedUncertainty"":{""nCombUncertAssessNum"":1,""nCombExpandUncertValue"":10.9},""nPropDigits"":4,""nPropNumber"":1}",variable,"{""nVarDigits"":4,""nVarNumber"":1,""nVarValue"":1367}",1367,True,no_carbon;element_outside_scope,265.1,False
10.1016/j.jct.2013.01.009#d9#p1#r1,10.1016/j.jct.2013.01.009#d9#p1,10.1016/j.jct.2013.01.009.json,9,1,1,"InChI=1S/C10H16O/c1-6-4-9(11)8-5-7(6)10(8,2)3/h4,7-9,11H,5H2,1-3H3/t7-,8+,9-/m0/s1",WONIGEXYPVIKFS-YIZRAAEISA-N,(-)-cis-verbenol,C10H16O,10.1016/j.jct.2013.01.009,2013,"Molar enthalpy of vaporization or sublimation, kJ/mol",Crystal,"[""Crystal"",""Gas""]",Static calorimetry,80,"{""nPropDigits"":3,""nPropNumber"":1,""nPropValue"":80,""CombinedUncertainty"":{""nCombUncertAssessNum"":1,""nCombExpandUncertValue"":1.3}}",variable,"{""nVarDigits"":5,""nVarNumber"":1,""nVarValue"":298.15}",298.15,False,,80,True
10.1016/j.jct.2013.01.009#d18#p1#r1,10.1016/j.jct.2013.01.009#d18#p1,10.1016/j.jct.2013.01.009.json,18,1,1,"InChI=1S/C10H14O/c1-6-4-9(11)8-5-7(6)10(8,2)3/h4,7-8H,5H2,1-3H3/t7-,8+/m0/s1",DCSCXTJOXBUFGB-JGVFFNPUSA-N,(-)-verbenone,C10H14O,10.1016/j.jct.2013.01.009,2013,"Molar enthalpy of vaporization or sublimation, kJ/mol",Liquid,"[""Liquid"",""Gas""]",Static calorimetry,58.9,"{""nPropNumber"":1,""nPropDigits"":3,""nPropValue"":58.9,""CombinedUncertainty"":{""nCombExpandUncertValue"":1.5,""nCombUncertAssessNum"":1}}",variable,"{""nVarValue"":298.15,""nVarNumber"":1,""nVarDigits"":5}",298.15,True,,58.9,True
10.1016/j.jct.2013.03.001#d3#p1#r1,10.1016/j.jct.2013.03.001#d3#p1,10.1016/j.jct.2013.03.001.json,3,1,1,"InChI=1S/C5H4ClNO/c6-4-1-5(8)3-7-2-4/h1-3,8H",TUIDQYRZDZRHPQ-UHFFFAOYSA-N,3-chloro-5-hydroxypyridine,C5H4ClNO,10.1016/j.jct.2013.03.001,2013,"Molar enthalpy of vaporization or sublimation, kJ/mol",Crystal,"[""Crystal"",""Gas""]",Static calorimetry,99.5,"{""nPropDigits"":3,""nPropNumber"":1,""nPropValue"":99.5,""CombinedUncertainty"":{""nCombUncertAssessNum"":1,""nCombExpandUncertValue"":2}}",variable,"{""nVarValue"":298.15,""nVarNumber"":1,""nVarDigits"":5}",298.15,False,,99.5,True
10.1016/j.jct.2013.03.001#d6#p1#r1,10.1016/j.jct.2013.03.001#d6#p1,10.1016/j.jct.2013.03.001.json,6,1,1,"InChI=1S/C5H4ClNO/c6-5-4(8)2-1-3-7-5/h1-3,8H",RSOPTYAZDFSMTN-UHFFFAOYSA-N,2-chloro-3-hydroxypyridine,C5H4ClNO,10.1016/j.jct.2013.03.001,2013,"Molar enthalpy of vaporization or sublimation, kJ/mol",Crystal,"[""Crystal"",""Gas""]",Static calorimetry,89.2,"{""nPropValue"":89.2,""CombinedUncertainty"":{""nCombUncertAssessNum"":1,""nCombExpandUncertValue"":1.8},""nPropDigits"":3,""nPropNumber"":1}",variable,"{""nVarValue"":298.15,""nVarDigits"":5,""nVarNumber"":1}",298.15,False,,89.2,True
10.1016/j.jct.2013.03.001#d9#p1#r1,10.1016/j.jct.2013.03.001#d9#p1,10.1016/j.jct.2013.03.001.json,9,1,1,"InChI=1S/C5H4ClNO/c6-4-2-1-3-5(8)7-4/h1-3H,(H,7,8)",CLNNBQDAAGDAHI-UHFFFAOYSA-N,"2(1H)-pyridinone, 6-chloro-",C5H4ClNO,10.1016/j.jct.2013.03.001,2013,"Molar enthalpy of vaporization or sublimation, kJ/mol",Crystal,"[""Crystal"",""Gas""]",Static calorimetry,91.7,"{""CombinedUncertainty"":{""nCombUncertAssessNum"":1,""nCombExpandUncertValue"":1.3},""nPropValue"":91.7,""nPropNumber"":1,""nPropDigits"":3}",variable,"{""nVarValue"":298.15,""nVarNumber"":1,""nVarDigits"":5}",298.15,False,,91.7,True
10.1016/j.jct.2013.03.005#d9#p1#r1,10.1016/j.jct.2013.03.005#d9#p1,10.1016/j.jct.2013.03.005.json,9,1,1,"InChI=1S/C14H10O2/c15-14(16)13-11-7-3-1-5-9(11)10-6-2-4-8-12(10)13/h1-8,13H,(H,15,16)",DNVJGJUGFFYUPT-UHFFFAOYSA-N,9H-fluorene-9-carboxylic acid,C14H10O2,10.1016/j.jct.2013.03.005,2013,"Molar enthalpy of vaporization or sublimation, kJ/mol",Crystal,"[""Crystal"",""Gas""]",Static calorimetry,127.2,"{""nPropDigits"":4,""nPropNumber"":1,""nPropValue"":127.2,""CombinedUncertainty"":{""nCombExpandUncertValue"":2.1,""nCombUncertAssessNum"":1}}",variable,"{""nVarNumber"":1,""nVarDigits"":5,""nVarValue"":298.15}",298.15,False,,127.2,True
10.1016/j.jct.2013.06.021#d1#p1#r1,10.1016/j.jct.2013.06.021#d1#p1,10.1016/j.jct.2013.06.021.json,1,1,1,InChI=1S/C7H5NS/c1-2-4-7-6(3-1)8-5-9-7/h1-5H,IOJUPLGTWVMSFF-UHFFFAOYSA-N,benzothiazole,C7H5NS,10.1016/j.jct.2013.06.021,2014,"Molar enthalpy of vaporization or sublimation, kJ/mol",Liquid,"[""Liquid"",""Gas""]",Static calorimetry,58.8,"{""nPropNumber"":1,""nPropDigits"":3,""nPropValue"":58.8,""CombinedUncertainty"":{""nCombUncertAssessNum"":1,""nCombExpandUncertValue"":1.3}}",variable,"{""nVarValue"":298.15,""nVarDigits"":5,""nVarNumber"":1}",298.15,True,,58.8,True
10.1016/j.jct.2013.06.021#d2#p1#r1,10.1016/j.jct.2013.06.021#d2#p1,10.1016/j.jct.2013.06.021.json,2,1,1,"InChI=1S/C8H7NS/c1-6-9-7-4-2-3-5-8(7)10-6/h2-5H,1H3",DXYYSGDWQCSKKO-UHFFFAOYSA-N,2-methylbenzothiazole,C8H7NS,10.1016/j.jct.2013.06.021,2014,"Molar enthalpy of vaporization or sublimation, kJ/mol",Liquid,"[""Liquid"",""Gas""]",Static calorimetry,61.7,"{""nPropValue"":61.7,""CombinedUncertainty"":{""nCombUncertAssessNum"":1,""nCombExpandUncertValue"":1.4},""nPropDigits"":3,""nPropNumber"":1}",variable,"{""nVarValue"":298.15,""nVarDigits"":5,""nVarNumber"":1}",298.15,True,,61.7,True
10.1016/j.jct.2013.06.021#d3#p1#r1,10.1016/j.jct.2013.06.021#d3#p1,10.1016/j.jct.2013.06.021.json,3,1,1,"InChI=1S/C9H9NS/c1-6-3-4-9-8(5-6)10-7(2)11-9/h3-5H,1-2H3",XHANCLXYCNTZMM-UHFFFAOYSA-N,"2,5-dimethylbenzothiazole",C9H9NS,10.1016/j.jct.2013.06.021,2014,"Molar enthalpy of vaporization or sublimation, kJ/mol",Crystal,"[""Crystal"",""Gas""]",Static calorimetry,84.9,"{""nPropValue"":84.9,""CombinedUncertainty"":{""nCombUncertAssessNum"":1,""nCombExpandUncertValue"":1.5},""nPropDigits"":3,""nPropNumber"":1}",variable,"{""nVarValue"":298.15,""nVarDigits"":5,""nVarNumber"":1}",298.15,False,,84.9,True
10.1016/j.jct.2013.07.026#d2#p1#r1,10.1016/j.jct.2013.07.026#d2#p1,10.1016/j.jct.2013.07.026.json,2,1,1,"InChI=1S/C8H7ClO/c9-6-8(10)7-4-2-1-3-5-7/h1-5H,6H2",IMACFCSSMIZSPP-UHFFFAOYSA-N,2-chloroacetophenone,C8H7ClO,10.1016/j.jct.2013.07.026,2014,"Molar enthalpy of vaporization or sublimation, kJ/mol",Crystal,"[""Crystal"",""Gas""]",Static calorimetry,87.7,"{""CombinedUncertainty"":{""nCombExpandUncertValue"":1.7,""nCombUncertAssessNum"":1},""nPropValue"":87.7,""nPropDigits"":3,""nPropNumber"":1}",variable,"{""nVarNumber"":1,""nVarDigits"":5,""nVarValue"":298.15}",298.15,False,,87.7,True
10.1016/j.jct.2013.08.004#d1#p1#r1,10.1016/j.jct.2013.08.004#d1#p1,10.1016/j.jct.2013.08.004.json,1,1,1,"InChI=1S/C7H9NO2/c1-8-5-3-4-6(8)7(9)10-2/h3-5H,1-2H3",APHVGKYWHWFAQV-UHFFFAOYSA-N,methyl 1-methyl-2-pyrrolecarboxylate,C7H9NO2,10.1016/j.jct.2013.08.004,2013,"Molar enthalpy of vaporization or sublimation, kJ/mol",Liquid,"[""Liquid"",""Gas""]",Static calorimetry,59.2,"{""nPropNumber"":1,""nPropDigits"":3,""CombinedUncertainty"":{""nCombUncertAssessNum"":1,""nCombExpandUncertValue"":1.2},""nPropValue"":59.2}",variable,"{""nVarValue"":298.15,""nVarNumber"":1,""nVarDigits"":5}",298.15,True,,59.2,True
10.1016/j.jct.2013.08.005#d1#p1#r1,10.1016/j.jct.2013.08.005#d1#p1,10.1016/j.jct.2013.08.005.json,1,1,1,"InChI=1S/C5H11N/c1-2-4-6-5-3-1/h6H,1-5H2",NQRYJNQNLNOLGT-UHFFFAOYSA-N,piperidine,C5H11N,10.1016/j.jct.2013.08.005,2014,"Molar enthalpy of vaporization or sublimation, kJ/mol",Liquid,"[""Liquid"",""Gas""]",Correlation gas chromatography,38.6,"{""nPropNumber"":1,""nPropDigits"":3,""nPropValue"":38.6,""CombinedUncertainty"":{""nCombUncertAssessNum"":1,""nCombExpandUncertValue"":4.3}}",variable,"{""nVarValue"":298.15,""nVarNumber"":1,""nVarDigits"":5}",298.15,True,,38.6,False
10.1016/j.jct.2013.08.005#d3#p1#r1,10.1016/j.jct.2013.08.005#d3#p1,10.1016/j.jct.2013.08.005.json,3,1,1,"InChI=1S/C7H15N/c1-6-4-3-5-7(2)8-6/h6-8H,3-5H2,1-2H3/t6-,7+",SDGKUVSVPIIUCF-KNVOCYPGSA-N,"2,6-lupetidine, cis-",C7H15N,10.1016/j.jct.2013.08.005,2014,"Molar enthalpy of vaporization or sublimation, kJ/mol",Liquid,"[""Liquid"",""Gas""]",Correlation gas chromatography,43.1,"{""nPropDigits"":3,""nPropNumber"":1,""CombinedUncertainty"":{""nCombExpandUncertValue"":4.5,""nCombUncertAssessNum"":1},""nPropValue"":43.1}",variable,"{""nVarValue"":298.15,""nVarNumber"":1,""nVarDigits"":5}",298.15,True,,43.1,False
10.1016/j.jct.2013.08.005#d5#p1#r1,10.1016/j.jct.2013.08.005#d5#p1,10.1016/j.jct.2013.08.005.json,5,1,1,"InChI=1S/C8H19N/c1-3-5-7-9-8-6-4-2/h9H,3-8H2,1-2H3",JQVDAXLFBXTEQA-UHFFFAOYSA-N,dibutylamine,C8H19N,10.1016/j.jct.2013.08.005,2014,"Molar enthalpy of vaporization or sublimation, kJ/mol",Liquid,"[""Liquid"",""Gas""]",Correlation gas chromatography,50.8,"{""nPropNumber"":1,""nPropDigits"":3,""CombinedUncertainty"":{""nCombUncertAssessNum"":1,""nCombExpandUncertValue"":8.3},""nPropValue"":50.8}",variable,"{""nVarDigits"":5,""nVarNumber"":1,""nVarValue"":298.15}",298.15,True,,50.8,False
10.1016/j.jct.2013.08.005#d7#p1#r1,10.1016/j.jct.2013.08.005#d7#p1,10.1016/j.jct.2013.08.005.json,7,1,1,"InChI=1S/C10H15N/c1-9(11-2)8-10-6-4-3-5-7-10/h3-7,9,11H,8H2,1-2H3/t9-/m0/s1",MYWUZJCMWCOHBA-VIFPVBQESA-N,(S)-N-methyl-1-phenylpropan-2-amine,C10H15N,10.1016/j.jct.2013.08.005,2014,"Molar enthalpy of vaporization or sublimation, kJ/mol",Liquid,"[""Liquid"",""Gas""]",Correlation gas chromatography,58.7,"{""nPropValue"":58.7,""CombinedUncertainty"":{""nCombUncertAssessNum"":1,""nCombExpandUncertValue"":8.7},""nPropDigits"":3,""nPropNumber"":1}",variable,"{""nVarValue"":298.15,""nVarNumber"":1,""nVarDigits"":5}",298.15,True,,58.7,False
10.1016/j.jct.2013.08.005#d9#p1#r1,10.1016/j.jct.2013.08.005#d9#p1,10.1016/j.jct.2013.08.005.json,9,1,1,"InChI=1S/C10H23N/c1-3-5-7-9-11-10-8-6-4-2/h11H,3-10H2,1-2H3",JACMPVXHEARCBO-UHFFFAOYSA-N,dipentylamine,C10H23N,10.1016/j.jct.2013.08.005,2014,"Molar enthalpy of vaporization or sublimation, kJ/mol",Liquid,"[""Liquid"",""Gas""]",Correlation gas chromatography,61.2,"{""CombinedUncertainty"":{""nCombUncertAssessNum"":1,""nCombExpandUncertValue"":5.4},""nPropValue"":61.2,""nPropDigits"":3,""nPropNumber"":1}",variable,"{""nVarDigits"":5,""nVarNumber"":1,""nVarValue"":298.15}",298.15,True,,61.2,False
10.1016/j.jct.2013.08.005#d11#p1#r1,10.1016/j.jct.2013.08.005#d11#p1,10.1016/j.jct.2013.08.005.json,11,1,1,"InChI=1S/C12H17N/c1-2-4-11(5-3-1)10-12-6-8-13-9-7-12/h1-5,12-13H,6-10H2",ABGXADJDTPFFSZ-UHFFFAOYSA-N,4-benzylpiperidine,C12H17N,10.1016/j.jct.2013.08.005,2014,"Molar enthalpy of vaporization or sublimation, kJ/mol",Liquid,"[""Liquid"",""Gas""]",Correlation gas chromatography,72.4,"{""nPropDigits"":3,""nPropNumber"":1,""CombinedUncertainty"":{""nCombUncertAssessNum"":1,""nCombExpandUncertValue"":13.5},""nPropValue"":72.4}",variable,"{""nVarNumber"":1,""nVarDigits"":5,""nVarValue"":298.15}",298.15,True,,72.4,False
10.1016/j.jct.2013.08.005#d13#p1#r1,10.1016/j.jct.2013.08.005#d13#p1,10.1016/j.jct.2013.08.005.json,13,1,1,"InChI=1S/C12H27N/c1-3-5-7-9-11-13-12-10-8-6-4-2/h13H,3-12H2,1-2H3",PXSXRABJBXYMFT-UHFFFAOYSA-N,dihexylamine,C12H27N,10.1016/j.jct.2013.08.005,2014,"Molar enthalpy of vaporization or sublimation, kJ/mol",Liquid,"[""Liquid"",""Gas""]",Correlation gas chromatography,70.8,"{""nPropDigits"":3,""nPropNumber"":1,""nPropValue"":70.8,""CombinedUncertainty"":{""nCombUncertAssessNum"":1,""nCombExpandUncertValue"":9.5}}",variable,"{""nVarNumber"":1,""nVarDigits"":5,""nVarValue"":298.15}",298.15,True,,70.8,False
10.1016/j.jct.2013.08.005#d15#p1#r1,10.1016/j.jct.2013.08.005#d15#p1,10.1016/j.jct.2013.08.005.json,15,1,1,"InChI=1S/C14H31N/c1-3-5-7-9-11-13-15-14-12-10-8-6-4-2/h15H,3-14H2,1-2H3",NJWMENBYMFZACG-UHFFFAOYSA-N,N-heptyl-1-heptanamine,C14H31N,10.1016/j.jct.2013.08.005,2014,"Molar enthalpy of vaporization or sublimation, kJ/mol",Liquid,"[""Liquid"",""Gas""]",Correlation gas chromatography,81.2,"{""nPropNumber"":1,""nPropDigits"":3,""CombinedUncertainty"":{""nCombExpandUncertValue"":14.3,""nCombUncertAssessNum"":1},""nPropValue"":81.2}",variable,"{""nVarValue"":298.15,""nVarNumber"":1,""nVarDigits"":5}",298.15,True,,81.2,False
10.1016/j.jct.2013.08.005#d17#p1#r1,10.1016/j.jct.2013.08.005#d17#p1,10.1016/j.jct.2013.08.005.json,17,1,1,"InChI=1S/C16H35N/c1-3-5-7-9-11-13-15-17-16-14-12-10-8-6-4-2/h17H,3-16H2,1-2H3",LAWOZCWGWDVVSG-UHFFFAOYSA-N,dioctylamine,C16H35N,10.1016/j.jct.2013.08.005,2014,"Molar enthalpy of vaporization or sublimation, kJ/mol",Liquid,"[""Liquid"",""Gas""]",Correlation gas chromatography,92.6,"{""nPropValue"":92.6,""CombinedUncertainty"":{""nCombExpandUncertValue"":15.3,""nCombUncertAssessNum"":1},""nPropDigits"":3,""nPropNumber"":1}",variable,"{""nVarNumber"":1,""nVarDigits"":5,""nVarValue"":298.15}",298.15,True,,92.6,False
10.1016/j.jct.2013.08.012#d1#p1#r1,10.1016/j.jct.2013.08.012#d1#p1,10.1016/j.jct.2013.08.012.json,1,1,1,"InChI=1S/C8H6O2/c9-8-5-6-3-1-2-4-7(6)10-8/h1-4H,5H2",ACZGCWSMSTYWDQ-UHFFFAOYSA-N,2-coumaranone,C8H6O2,10.1016/j.jct.2013.08.012,2013,"Molar enthalpy of vaporization or sublimation, kJ/mol",Crystal,"[""Crystal"",""Gas""]",Static calorimetry,78.7,"{""CombinedUncertainty"":{""nCombUncertAssessNum"":1,""nCombExpandUncertValue"":1.7},""nPropValue"":78.7,""nPropNumber"":1,""nPropDigits"":3}",variable,"{""nVarValue"":298.15,""nVarDigits"":5,""nVarNumber"":1}",298.15,False,,78.7,True
10.1016/j.jct.2013.08.012#d2#p1#r1,10.1016/j.jct.2013.08.012#d2#p1,10.1016/j.jct.2013.08.012.json,2,1,1,"InChI=1S/C8H6O2/c9-7-5-10-8-4-2-1-3-6(7)8/h1-4H,5H2",MGKPCLNUSDGXGT-UHFFFAOYSA-N,3-coumaranone,C8H6O2,10.1016/j.jct.2013.08.012,2013,"Molar enthalpy of vaporization or sublimation, kJ/mol",Crystal,"[""Crystal"",""Gas""]",Static calorimetry,85.8,"{""nPropDigits"":3,""nPropNumber"":1,""CombinedUncertainty"":{""nCombUncertAssessNum"":1,""nCombExpandUncertValue"":1.7},""nPropValue"":85.8}",variable,"{""nVarNumber"":1,""nVarDigits"":5,""nVarValue"":298.15}",298.15,False,,85.8,True
10.1016/j.jct.2013.09.004#d1#p1#r1,10.1016/j.jct.2013.09.004#d1#p1,10.1016/j.jct.2013.09.004.json,1,1,1,"InChI=1S/C8H8N4O3/c1-11(2)5-3-4-6(12(13)14)8-7(5)9-15-10-8/h3-4H,1-2H3",JKWNQFKDTSTWGL-UHFFFAOYSA-N,4-(dimethylamino)-7-nitrobenzofurazan,C8H8N4O3,10.1016/j.jct.2013.09.004,2014,"Molar enthalpy of vaporization or sublimation, kJ/mol",Crystal,"[""Crystal"",""Gas""]",Derived by Second law,127.56,"{""nPropDigits"":5,""nPropNumber"":1,""CombinedUncertainty"":{""nCombUncertAssessNum"":1,""nCombExpandUncertValue"":4.37},""nPropValue"":127.56}",variable,"{""nVarNumber"":1,""nVarDigits"":4,""nVarValue"":388.8}",388.8,False,,127.56,False
10.1016/j.jct.2013.09.004#d1#p1#r2,10.1016/j.jct.2013.09.004#d1#p1,10.1016/j.jct.2013.09.004.json,1,1,2,"InChI=1S/C8H8N4O3/c1-11(2)5-3-4-6(12(13)14)8-7(5)9-15-10-8/h3-4H,1-2H3",JKWNQFKDTSTWGL-UHFFFAOYSA-N,4-(dimethylamino)-7-nitrobenzofurazan,C8H8N4O3,10.1016/j.jct.2013.09.004,2014,"Molar enthalpy of vaporization or sublimation, kJ/mol",Crystal,"[""Crystal"",""Gas""]",Derived by Second law,126.48,"{""nPropNumber"":1,""nPropDigits"":5,""nPropValue"":126.48,""CombinedUncertainty"":{""nCombExpandUncertValue"":7.81,""nCombUncertAssessNum"":1}}",variable,"{""nVarDigits"":4,""nVarNumber"":1,""nVarValue"":388.8}",388.8,False,,126.48,False
10.1016/j.jct.2013.09.004#d1#p1#r3,10.1016/j.jct.2013.09.004#d1#p1,10.1016/j.jct.2013.09.004.json,1,1,3,"InChI=1S/C8H8N4O3/c1-11(2)5-3-4-6(12(13)14)8-7(5)9-15-10-8/h3-4H,1-2H3",JKWNQFKDTSTWGL-UHFFFAOYSA-N,4-(dimethylamino)-7-nitrobenzofurazan,C8H8N4O3,10.1016/j.jct.2013.09.004,2014,"Molar enthalpy of vaporization or sublimation, kJ/mol",Crystal,"[""Crystal"",""Gas""]",Derived by Second law,128.39,"{""nPropNumber"":1,""nPropDigits"":5,""nPropValue"":128.39,""CombinedUncertainty"":{""nCombUncertAssessNum"":1,""nCombExpandUncertValue"":2.89}}",variable,"{""nVarValue"":383.8,""nVarDigits"":4,""nVarNumber"":1}",383.8,False,,128.39,False
10.1016/j.jct.2013.09.004#d1#p1#r4,10.1016/j.jct.2013.09.004#d1#p1,10.1016/j.jct.2013.09.004.json,1,1,4,"InChI=1S/C8H8N4O3/c1-11(2)5-3-4-6(12(13)14)8-7(5)9-15-10-8/h3-4H,1-2H3",JKWNQFKDTSTWGL-UHFFFAOYSA-N,4-(dimethylamino)-7-nitrobenzofurazan,C8H8N4O3,10.1016/j.jct.2013.09.004,2014,"Molar enthalpy of vaporization or sublimation, kJ/mol",Crystal,"[""Crystal"",""Gas""]",Derived by Second law,129.81,"{""nPropValue"":129.81,""CombinedUncertainty"":{""nCombExpandUncertValue"":2.29,""nCombUncertAssessNum"":1},""nPropDigits"":5,""nPropNumber"":1}",variable,"{""nVarNumber"":1,""nVarDigits"":4,""nVarValue"":387.7}",387.7,False,,129.81,False
10.1016/j.jct.2013.09.004#d1#p1#r5,10.1016/j.jct.2013.09.004#d1#p1,10.1016/j.jct.2013.09.004.json,1,1,5,"InChI=1S/C8H8N4O3/c1-11(2)5-3-4-6(12(13)14)8-7(5)9-15-10-8/h3-4H,1-2H3",JKWNQFKDTSTWGL-UHFFFAOYSA-N,4-(dimethylamino)-7-nitrobenzofurazan,C8H8N4O3,10.1016/j.jct.2013.09.004,2014,"Molar enthalpy of vaporization or sublimation, kJ/mol",Crystal,"[""Crystal"",""Gas""]",Derived by Second law,135.83,"{""nPropValue"":135.83,""CombinedUncertainty"":{""nCombUncertAssessNum"":1,""nCombExpandUncertValue"":10.36},""nPropDigits"":5,""nPropNumber"":1}",variable,"{""nVarDigits"":4,""nVarNumber"":1,""nVarValue"":395.2}",395.2,False,,135.83,False
10.1016/j.jct.2013.09.004#d2#p1#r1,10.1016/j.jct.2013.09.004#d2#p1,10.1016/j.jct.2013.09.004.json,2,1,1,"InChI=1S/C10H12N4O3/c1-3-13(4-2)7-5-6-8(14(15)16)10-9(7)11-17-12-10/h5-6H,3-4H2,1-2H3",DNINAOMAGDOEKK-UHFFFAOYSA-N,7-(diethylamino)-4-nitrobenzofurazan,C10H12N4O3,10.1016/j.jct.2013.09.004,2014,"Molar enthalpy of vaporization or sublimation, kJ/mol",Crystal,"[""Crystal"",""Gas""]",Derived by Second law,136.18,"{""nPropDigits"":5,""nPropNumber"":1,""nPropValue"":136.18,""CombinedUncertainty"":{""nCombExpandUncertValue"":2.96,""nCombUncertAssessNum"":1}}",variable,"{""nVarValue"":367.7,""nVarDigits"":4,""nVarNumber"":1}",367.7,False,,136.18,False
10.1016/j.jct.2013.09.004#d2#p1#r2,10.1016/j.jct.2013.09.004#d2#p1,10.1016/j.jct.2013.09.004.json,2,1,2,"InChI=1S/C10H12N4O3/c1-3-13(4-2)7-5-6-8(14(15)16)10-9(7)11-17-12-10/h5-6H,3-4H2,1-2H3",DNINAOMAGDOEKK-UHFFFAOYSA-N,7-(diethylamino)-4-nitrobenzofurazan,C10H12N4O3,10.1016/j.jct.2013.09.004,2014,"Molar enthalpy of vaporization or sublimation, kJ/mol",Crystal,"[""Crystal"",""Gas""]",Derived by Second law,133.15,"{""nPropDigits"":5,""nPropNumber"":1,""CombinedUncertainty"":{""nCombExpandUncertValue"":2.93,""nCombUncertAssessNum"":1},""nPropValue"":133.15}",variable,"{""nVarValue"":367.7,""nVarDigits"":4,""nVarNumber"":1}",367.7,False,,133.15,False
10.1016/j.jct.2013.09.004#d2#p1#r3,10.1016/j.jct.2013.09.004#d2#p1,10.1016/j.jct.2013.09.004.json,2,1,3,"InChI=1S/C10H12N4O3/c1-3-13(4-2)7-5-6-8(14(15)16)10-9(7)11-17-12-10/h5-6H,3-4H2,1-2H3",DNINAOMAGDOEKK-UHFFFAOYSA-N,7-(diethylamino)-4-nitrobenzofurazan,C10H12N4O3,10.1016/j.jct.2013.09.004,2014,"Molar enthalpy of vaporization or sublimation, kJ/mol",Crystal,"[""Crystal"",""Gas""]",Derived by Second law,137.57,"{""CombinedUncertainty"":{""nCombExpandUncertValue"":3.11,""nCombUncertAssessNum"":1},""nPropValue"":137.57,""nPropDigits"":5,""nPropNumber"":1}",variable,"{""nVarValue"":370.2,""nVarDigits"":4,""nVarNumber"":1}",370.2,False,,137.57,False
10.1016/j.jct.2013.09.004#d2#p1#r4,10.1016/j.jct.2013.09.004#d2#p1,10.1016/j.jct.2013.09.004.json,2,1,4,"InChI=1S/C10H12N4O3/c1-3-13(4-2)7-5-6-8(14(15)16)10-9(7)11-17-12-10/h5-6H,3-4H2,1-2H3",DNINAOMAGDOEKK-UHFFFAOYSA-N,7-(diethylamino)-4-nitrobenzofurazan,C10H12N4O3,10.1016/j.jct.2013.09.004,2014,"Molar enthalpy of vaporization or sublimation, kJ/mol",Crystal,"[""Crystal"",""Gas""]",Derived by Second law,134.39,"{""nPropNumber"":1,""nPropDigits"":5,""nPropValue"":134.39,""CombinedUncertainty"":{""nCombExpandUncertValue"":3.57,""nCombUncertAssessNum"":1}}",variable,"{""nVarValue"":370.2,""nVarDigits"":4,""nVarNumber"":1}",370.2,False,,134.39,False
10.1016/j.jct.2013.09.004#d2#p1#r5,10.1016/j.jct.2013.09.004#d2#p1,10.1016/j.jct.2013.09.004.json,2,1,5,"InChI=1S/C10H12N4O3/c1-3-13(4-2)7-5-6-8(14(15)16)10-9(7)11-17-12-10/h5-6H,3-4H2,1-2H3",DNINAOMAGDOEKK-UHFFFAOYSA-N,7-(diethylamino)-4-nitrobenzofurazan,C10H12N4O3,10.1016/j.jct.2013.09.004,2014,"Molar enthalpy of vaporization or sublimation, kJ/mol",Crystal,"[""Crystal"",""Gas""]",Derived by Second law,136.72,"{""CombinedUncertainty"":{""nCombExpandUncertValue"":2.61,""nCombUncertAssessNum"":1},""nPropValue"":136.72,""nPropNumber"":1,""nPropDigits"":5}",variable,"{""nVarValue"":371.2,""nVarNumber"":1,""nVarDigits"":4}",371.2,False,,136.72,False
10.1016/j.jct.2013.10.032#d2#p1#r1,10.1016/j.jct.2013.10.032#d2#p1,10.1016/j.jct.2013.10.032.json,2,1,1,"InChI=1S/C6H6O2/c7-5-3-1-2-4-6(5)8/h1-4,7-8H",YCIMNLLNPGFGHC-UHFFFAOYSA-N,"1,2-benzenediol",C6H6O2,10.1016/j.jct.2013.10.032,2014,"Molar enthalpy of vaporization or sublimation, kJ/mol",Crystal,"[""Crystal"",""Gas""]",Static calorimetry,87.5,"{""nPropNumber"":1,""nPropDigits"":3,""CombinedUncertainty"":{""nCombExpandUncertValue"":0.5,""nCombUncertAssessNum"":1},""nPropValue"":87.5}",variable,"{""nVarValue"":332.2,""nVarDigits"":4,""nVarNumber"":1}",332.2,False,,87.5,True
10.1016/j.jct.2013.10.032#d6#p1#r1,10.1016/j.jct.2013.10.032#d6#p1,10.1016/j.jct.2013.10.032.json,6,1,1,"InChI=1S/C6H6O2/c7-5-2-1-3-6(8)4-5/h1-4,7-8H",GHMLBKRAJCXXBS-UHFFFAOYSA-N,"1,3-benzenediol",C6H6O2,10.1016/j.jct.2013.10.032,2014,"Molar enthalpy of vaporization or sublimation, kJ/mol",Crystal 2,"[""Crystal 2"",""Gas""]",Static calorimetry,99.3,"{""nPropDigits"":3,""nPropNumber"":1,""nPropValue"":99.3,""CombinedUncertainty"":{""nCombUncertAssessNum"":1,""nCombExpandUncertValue"":0.6}}",variable,"{""nVarValue"":327.8,""nVarDigits"":4,""nVarNumber"":1}",327.8,False,,99.3,True
10.1016/j.jct.2013.10.032#d8#p1#r1,10.1016/j.jct.2013.10.032#d8#p1,10.1016/j.jct.2013.10.032.json,8,1,1,"InChI=1S/C6H6O2/c7-5-1-2-6(8)4-3-5/h1-4,7-8H",QIGBRXMKCJKVMJ-UHFFFAOYSA-N,"1,4-benzenediol",C6H6O2,10.1016/j.jct.2013.10.032,2014,"Molar enthalpy of vaporization or sublimation, kJ/mol",Crystal,"[""Crystal"",""Gas""]",Static calorimetry,101.6,"{""nPropNumber"":1,""nPropDigits"":4,""nPropValue"":101.6,""CombinedUncertainty"":{""nCombUncertAssessNum"":1,""nCombExpandUncertValue"":1}}",variable,"{""nVarValue"":327.8,""nVarDigits"":4,""nVarNumber"":1}",327.8,False,,101.6,True
10.1016/j.jct.2013.11.004#d2#p1#r1,10.1016/j.jct.2013.11.004#d2#p1,10.1016/j.jct.2013.11.004.json,2,1,1,"InChI=1S/C6H11N2.C3H6O2/c1-3-8-5-4-7(2)6-8;1-2-3(4)5/h4-6H,3H2,1-2H3;2H2,1H3,(H,4,5)/q+1;/p-1",NLOJGASKFQVKGO-UHFFFAOYSA-M,1-ethyl-3-methylimidazolium propionate,C9H16N2O2,10.1016/j.jct.2013.11.004,2014,"Molar enthalpy of vaporization or sublimation, kJ/mol",Liquid,"[""Liquid"",""Gas""]",Derived by Second law,111.1,"{""nPropDigits"":4,""nPropNumber"":1,""CombinedUncertainty"":{""nCombUncertAssessNum"":1,""nCombExpandUncertValue"":5.1},""nPropValue"":111.1}",variable,"{""nVarNumber"":1,""nVarDigits"":5,""nVarValue"":438.15}",438.15,True,disconnected_formula;charge_or_protonation_layer,111.1,False
10.1016/j.jct.2013.11.004#d4#p1#r1,10.1016/j.jct.2013.11.004#d4#p1,10.1016/j.jct.2013.11.004.json,4,1,1,"InChI=1S/C7H13N2.C3H6O2/c1-3-4-9-6-5-8(2)7-9;1-2-3(4)5/h5-7H,3-4H2,1-2H3;2H2,1H3,(H,4,5)/q+1;/p-1",VPMVEUYBDAHAFY-UHFFFAOYSA-M,1-propyl-3-methylimidazolium propionate,C10H18N2O2,10.1016/j.jct.2013.11.004,2014,"Molar enthalpy of vaporization or sublimation, kJ/mol",Liquid,"[""Liquid"",""Gas""]",Derived by Second law,115.8,"{""nPropDigits"":4,""nPropNumber"":1,""CombinedUncertainty"":{""nCombExpandUncertValue"":5.1,""nCombUncertAssessNum"":1},""nPropValue"":115.8}",variable,"{""nVarValue"":443.15,""nVarDigits"":5,""nVarNumber"":1}",443.15,True,disconnected_formula;charge_or_protonation_layer,115.8,False
10.1016/j.jct.2013.11.008#d1#p1#r1,10.1016/j.jct.2013.11.008#d1#p1,10.1016/j.jct.2013.11.008.json,1,1,1,InChI=1S/C10H8/c1-2-5-9-7-4-8-10(9)6-3-1/h1-8H,CUFNKYGDVFVPHO-UHFFFAOYSA-N,"bicyclo[5.3.0]deca-2,4,6,8,10-pentaene",C10H8,10.1016/j.jct.2013.11.008,2014,"Molar enthalpy of vaporization or sublimation, kJ/mol",Crystal,"[""Crystal"",""Gas""]",Static calorimetry,81.1,"{""nPropDigits"":3,""nPropNumber"":1,""nPropValue"":81.1,""CombinedUncertainty"":{""nCombExpandUncertValue"":1.5,""nCombUncertAssessNum"":1}}",variable,"{""nVarValue"":298.15,""nVarNumber"":1,""nVarDigits"":5}",298.15,False,,81.1,True
10.1016/j.jct.2013.11.013#d3#p1#r1,10.1016/j.jct.2013.11.013#d3#p1,10.1016/j.jct.2013.11.013.json,3,1,1,"InChI=1S/C12H9NO/c1-3-7-11-9(5-1)13-10-6-2-4-8-12(10)14-11/h1-8,13H",TZMSYXZUNZXBOL-UHFFFAOYSA-N,phenoxazine,C12H9NO,10.1016/j.jct.2013.11.013,2014,"Molar enthalpy of vaporization or sublimation, kJ/mol",Crystal,"[""Crystal"",""Gas""]",Static calorimetry,101.5,"{""nPropValue"":101.5,""CombinedUncertainty"":{""nCombExpandUncertValue"":0.8,""nCombUncertAssessNum"":1},""nPropNumber"":1,""nPropDigits"":4}",variable,"{""nVarValue"":298.15,""nVarNumber"":1,""nVarDigits"":5}",298.15,False,,101.5,True
10.1016/j.jct.2013.11.013#d8#p1#r1,10.1016/j.jct.2013.11.013#d8#p1,10.1016/j.jct.2013.11.013.json,8,1,1,"InChI=1S/C12H9NS/c1-3-7-11-9(5-1)13-10-6-2-4-8-12(10)14-11/h1-8,13H",WJFKNYWRSNBZNX-UHFFFAOYSA-N,10H-phenothiazine,C12H9NS,10.1016/j.jct.2013.11.013,2014,"Molar enthalpy of vaporization or sublimation, kJ/mol",Crystal,"[""Crystal"",""Gas""]",Static calorimetry,103.3,"{""nPropValue"":103.3,""CombinedUncertainty"":{""nCombExpandUncertValue"":0.6,""nCombUncertAssessNum"":1},""nPropDigits"":4,""nPropNumber"":1}",variable,"{""nVarDigits"":5,""nVarNumber"":1,""nVarValue"":298.15}",298.15,False,,103.3,True
10.1016/j.jct.2013.11.032#d3#p1#r1,10.1016/j.jct.2013.11.032#d3#p1,10.1016/j.jct.2013.11.032.json,3,1,1,"InChI=1S/C14H20O2/c1-8-9(2)13-11(10(3)12(8)15)6-7-14(4,5)16-13/h15H,6-7H2,1-5H3",SEBPXHSZHLFWRL-UHFFFAOYSA-N,"2,2,5,7,8-pentamethylchroman-6-ol",C14H20O2,10.1016/j.jct.2013.11.032,2014,"Molar enthalpy of vaporization or sublimation, kJ/mol",Crystal,"[""Crystal"",""Gas""]",Static calorimetry,105.9,"{""CombinedUncertainty"":{""nCombUncertAssessNum"":1,""nCombExpandUncertValue"":1},""nPropValue"":105.9,""nPropNumber"":1,""nPropDigits"":4}",variable,"{""nVarValue"":341.45,""nVarNumber"":1,""nVarDigits"":5}",341.45,False,,105.9,True
10.1016/j.jct.2013.11.032#d8#p1#r1,10.1016/j.jct.2013.11.032#d8#p1,10.1016/j.jct.2013.11.032.json,8,1,1,"InChI=1S/C14H18O4/c1-7-8(2)12-10(9(3)11(7)15)5-6-14(4,18-12)13(16)17/h15H,5-6H2,1-4H3,(H,16,17)",GLEVLJDDWXEYCO-UHFFFAOYSA-N,"6-hydroxy-2,5,7,8-tetramethylchroman-2-carboxylic acid",C14H18O4,10.1016/j.jct.2013.11.032,2014,"Molar enthalpy of vaporization or sublimation, kJ/mol",Crystal,"[""Crystal"",""Gas""]",Static calorimetry,133.8,"{""CombinedUncertainty"":{""nCombExpandUncertValue"":2.6,""nCombUncertAssessNum"":1},""nPropValue"":133.8,""nPropDigits"":4,""nPropNumber"":1}",variable,"{""nVarDigits"":5,""nVarNumber"":1,""nVarValue"":398.41}",398.41,False,,133.8,True
10.1016/j.jct.2014.01.007#d1#p1#r1,10.1016/j.jct.2014.01.007#d1#p1,10.1016/j.jct.2014.01.007.json,1,1,1,"InChI=1S/C5H13N3/c1-7(2)5(6)8(3)4/h6H,1-4H3",KYVBNYUBXIEUFW-UHFFFAOYSA-N,"1,1,3,3-tetramethylguanidine",C5H13N3,10.1016/j.jct.2014.01.007,2014,"Molar enthalpy of vaporization or sublimation, kJ/mol",Liquid,"[""Liquid"",""Gas""]",Static calorimetry,49.946480031,"{""nPropDigits"":5,""nPropNumber"":1,""CombinedUncertainty"":{""nCombExpandUncertValue"":1.4500776746,""nCombUncertAssessNum"":1},""nPropValue"":49.946480031}",variable,"{""nVarValue"":298.15,""nVarNumber"":1,""nVarDigits"":5}",298.15,True,,49.946480031,True
10.1016/j.jct.2014.01.016#d1#p1#r1,10.1016/j.jct.2014.01.016#d1#p1,10.1016/j.jct.2014.01.016.json,1,1,1,"InChI=1S/C6H10O2/c1-2-5-3-4-6(7)8-5/h5H,2-4H2,1H3",JBFHTYHTHYHCDJ-UHFFFAOYSA-N,"2(3H)-furanone, 5-ethyldihydro-",C6H10O2,10.1016/j.jct.2014.01.016,2014,"Molar enthalpy of vaporization or sublimation, kJ/mol",Liquid,"[""Liquid"",""Gas""]",Correlation gas chromatography,57.4,"{""CombinedUncertainty"":{""nCombUncertAssessNum"":1,""nCombExpandUncertValue"":7.5},""nPropValue"":57.4,""nPropDigits"":3,""nPropNumber"":1}",variable,"{""nVarNumber"":1,""nVarDigits"":5,""nVarValue"":298.15}",298.15,True,,57.4,False
10.1016/j.jct.2014.01.016#d3#p1#r1,10.1016/j.jct.2014.01.016#d3#p1,10.1016/j.jct.2014.01.016.json,3,1,1,"InChI=1S/C8H14O2/c1-2-3-4-7-5-6-8(9)10-7/h7H,2-6H2,1H3",IPBFYZQJXZJBFQ-UHFFFAOYSA-N,.gamma.-octanolactone,C8H14O2,10.1016/j.jct.2014.01.016,2014,"Molar enthalpy of vaporization or sublimation, kJ/mol",Liquid,"[""Liquid"",""Gas""]",Correlation gas chromatography,66,"{""nPropNumber"":1,""nPropDigits"":3,""CombinedUncertainty"":{""nCombExpandUncertValue"":7.9,""nCombUncertAssessNum"":1},""nPropValue"":66}",variable,"{""nVarNumber"":1,""nVarDigits"":5,""nVarValue"":298.15}",298.15,True,,66,False
10.1016/j.jct.2014.01.016#d5#p1#r1,10.1016/j.jct.2014.01.016#d5#p1,10.1016/j.jct.2014.01.016.json,5,1,1,"InChI=1S/C8H14O2/c1-2-4-7-5-3-6-8(9)10-7/h7H,2-6H2,1H3",FYTRVXSHONWYNE-UHFFFAOYSA-N,"2H-pyran-2-one, tetrahydro-6-propyl-",C8H14O2,10.1016/j.jct.2014.01.016,2014,"Molar enthalpy of vaporization or sublimation, kJ/mol",Liquid,"[""Liquid"",""Gas""]",Correlation gas chromatography,66.6,"{""nPropDigits"":3,""nPropNumber"":1,""CombinedUncertainty"":{""nCombUncertAssessNum"":1,""nCombExpandUncertValue"":8.1},""nPropValue"":66.6}",variable,"{""nVarNumber"":1,""nVarDigits"":5,""nVarValue"":298.15}",298.15,True,,66.6,False
10.1016/j.jct.2014.01.016#d7#p1#r1,10.1016/j.jct.2014.01.016#d7#p1,10.1016/j.jct.2014.01.016.json,7,1,1,"InChI=1S/C9H16O2/c1-2-3-4-5-8-6-7-9(10)11-8/h8H,2-7H2,1H3",OALYTRUKMRCXNH-UHFFFAOYSA-N,"2(3H)-furanone, dihydro-5-pentyl-",C9H16O2,10.1016/j.jct.2014.01.016,2014,"Molar enthalpy of vaporization or sublimation, kJ/mol",Liquid,"[""Liquid"",""Gas""]",Correlation gas chromatography,70.5,"{""nPropDigits"":3,""nPropNumber"":1,""CombinedUncertainty"":{""nCombExpandUncertValue"":8.3,""nCombUncertAssessNum"":1},""nPropValue"":70.5}",variable,"{""nVarNumber"":1,""nVarDigits"":5,""nVarValue"":298.15}",298.15,True,,70.5,False
10.1016/j.jct.2014.01.016#d9#p1#r1,10.1016/j.jct.2014.01.016#d9#p1,10.1016/j.jct.2014.01.016.json,9,1,1,"InChI=1S/C9H16O2/c1-2-3-5-8-6-4-7-9(10)11-8/h8H,2-7H2,1H3",PXRBWNLUQYZAAX-UHFFFAOYSA-N,.delta.-nonanolactone,C9H16O2,10.1016/j.jct.2014.01.016,2014,"Molar enthalpy of vaporization or sublimation, kJ/mol",Liquid,"[""Liquid"",""Gas""]",Correlation gas chromatography,71.1,"{""nPropValue"":71.1,""CombinedUncertainty"":{""nCombExpandUncertValue"":8.3,""nCombUncertAssessNum"":1},""nPropDigits"":3,""nPropNumber"":1}",variable,"{""nVarValue"":298.15,""nVarNumber"":1,""nVarDigits"":5}",298.15,True,,71.1,False
10.1016/j.jct.2014.01.016#d11#p1#r1,10.1016/j.jct.2014.01.016#d11#p1,10.1016/j.jct.2014.01.016.json,11,1,1,"InChI=1S/C10H18O2/c1-2-3-4-5-6-9-7-8-10(11)12-9/h9H,2-8H2,1H3",IFYYFLINQYPWGJ-UHFFFAOYSA-N,.gamma.-decalactone,C10H18O2,10.1016/j.jct.2014.01.016,2014,"Molar enthalpy of vaporization or sublimation, kJ/mol",Liquid,"[""Liquid"",""Gas""]",Correlation gas chromatography,75,"{""nPropDigits"":3,""nPropNumber"":1,""CombinedUncertainty"":{""nCombExpandUncertValue"":8.7,""nCombUncertAssessNum"":1},""nPropValue"":75}",variable,"{""nVarDigits"":5,""nVarNumber"":1,""nVarValue"":298.15}",298.15,True,,75,False
10.1016/j.jct.2014.01.016#d13#p1#r1,10.1016/j.jct.2014.01.016#d13#p1,10.1016/j.jct.2014.01.016.json,13,1,1,"InChI=1S/C10H18O2/c1-2-3-4-6-9-7-5-8-10(11)12-9/h9H,2-8H2,1H3",GHBSPIPJMLAMEP-UHFFFAOYSA-N,"2H-pyran-2-one, tetrahydro-6-pentyl-",C10H18O2,10.1016/j.jct.2014.01.016,2014,"Molar enthalpy of vaporization or sublimation, kJ/mol",Liquid,"[""Liquid"",""Gas""]",Correlation gas chromatography,75.5,"{""CombinedUncertainty"":{""nCombExpandUncertValue"":8.7,""nCombUncertAssessNum"":1},""nPropValue"":75.5,""nPropDigits"":3,""nPropNumber"":1}",variable,"{""nVarValue"":298.15,""nVarDigits"":5,""nVarNumber"":1}",298.15,True,,75.5,False
10.1016/j.jct.2014.01.016#d15#p1#r1,10.1016/j.jct.2014.01.016#d15#p1,10.1016/j.jct.2014.01.016.json,15,1,1,"InChI=1S/C11H20O2/c1-2-3-4-5-6-7-10-8-9-11(12)13-10/h10H,2-9H2,1H3",PHXATPHONSXBIL-UHFFFAOYSA-N,.gamma.-undecanolactone,C11H20O2,10.1016/j.jct.2014.01.016,2014,"Molar enthalpy of vaporization or sublimation, kJ/mol",Liquid,"[""Liquid"",""Gas""]",Correlation gas chromatography,79.4,"{""nPropDigits"":3,""nPropNumber"":1,""CombinedUncertainty"":{""nCombExpandUncertValue"":8.9,""nCombUncertAssessNum"":1},""nPropValue"":79.4}",variable,"{""nVarNumber"":1,""nVarDigits"":5,""nVarValue"":298.15}",298.15,True,,79.4,False
10.1016/j.jct.2014.01.016#d17#p1#r1,10.1016/j.jct.2014.01.016#d17#p1,10.1016/j.jct.2014.01.016.json,17,1,1,"InChI=1S/C11H20O2/c1-2-3-4-5-7-10-8-6-9-11(12)13-10/h10H,2-9H2,1H3",YZRXRLLRSPQHDK-UHFFFAOYSA-N,.delta.-undecanolactone,C11H20O2,10.1016/j.jct.2014.01.016,2014,"Molar enthalpy of vaporization or sublimation, kJ/mol",Liquid,"[""Liquid"",""Gas""]",Correlation gas chromatography,80.1,"{""nPropNumber"":1,""nPropDigits"":3,""CombinedUncertainty"":{""nCombExpandUncertValue"":9.1,""nCombUncertAssessNum"":1},""nPropValue"":80.1}",variable,"{""nVarValue"":298.15,""nVarNumber"":1,""nVarDigits"":5}",298.15,True,,80.1,False
10.1016/j.jct.2014.01.016#d19#p1#r1,10.1016/j.jct.2014.01.016#d19#p1,10.1016/j.jct.2014.01.016.json,19,1,1,"InChI=1S/C12H22O2/c1-2-3-4-5-6-7-8-11-9-10-12(13)14-11/h11H,2-10H2,1H3",WGPCZPLRVAWXPW-UHFFFAOYSA-N,.gamma.-dodecanolactone,C12H22O2,10.1016/j.jct.2014.01.016,2014,"Molar enthalpy of vaporization or sublimation, kJ/mol",Liquid,"[""Liquid"",""Gas""]",Correlation gas chromatography,83.9,"{""nPropDigits"":3,""nPropNumber"":1,""nPropValue"":83.9,""CombinedUncertainty"":{""nCombUncertAssessNum"":1,""nCombExpandUncertValue"":9.4}}",variable,"{""nVarValue"":298.15,""nVarDigits"":5,""nVarNumber"":1}",298.15,True,,83.9,False
10.1016/j.jct.2014.01.016#d21#p1#r1,10.1016/j.jct.2014.01.016#d21#p1,10.1016/j.jct.2014.01.016.json,21,1,1,"InChI=1S/C12H22O2/c1-2-3-4-5-6-8-11-9-7-10-12(13)14-11/h11H,2-10H2,1H3",QRPLZGZHJABGRS-UHFFFAOYSA-N,.delta.-dodecanolactone,C12H22O2,10.1016/j.jct.2014.01.016,2014,"Molar enthalpy of vaporization or sublimation, kJ/mol",Liquid,"[""Liquid"",""Gas""]",Correlation gas chromatography,84.6,"{""CombinedUncertainty"":{""nCombExpandUncertValue"":9.6,""nCombUncertAssessNum"":1},""nPropValue"":84.6,""nPropNumber"":1,""nPropDigits"":3}",variable,"{""nVarDigits"":5,""nVarNumber"":1,""nVarValue"":298.15}",298.15,True,,84.6,False
10.1016/j.jct.2014.02.003#d1#p1#r1,10.1016/j.jct.2014.02.003#d1#p1,10.1016/j.jct.2014.02.003.json,1,1,1,"InChI=1S/C7H6O2/c8-7(9)6-4-2-1-3-5-6/h1-5H,(H,8,9)",WPYMKLBDIGXBTP-UHFFFAOYSA-N,benzoic acid,C7H6O2,10.1016/j.jct.2014.02.003,2014,"Molar enthalpy of vaporization or sublimation, kJ/mol",Crystal,"[""Crystal"",""Gas""]","Knudsen effusion method coupled with mass spectrometer, from logarithm of peak intensity",90.8,"{""CombinedUncertainty"":{""nCombUncertAssessNum"":1,""nCombExpandUncertValue"":1.9},""nPropValue"":90.8,""nPropDigits"":3,""nPropNumber"":1}",variable,"{""nVarValue"":308.21,""nVarDigits"":5,""nVarNumber"":1}",308.21,False,,90.8,False
10.1016/j.jct.2014.02.003#d2#p1#r1,10.1016/j.jct.2014.02.003#d2#p1,10.1016/j.jct.2014.02.003.json,2,1,1,"InChI=1S/C9H11NO2/c10-8(9(11)12)6-7-4-2-1-3-5-7/h1-5,8H,6,10H2,(H,11,12)/t8-/m0/s1",COLNVLDHVKWLRT-QMMMGPOBSA-N,L-phenylalanine,C9H11NO2,10.1016/j.jct.2014.02.003,2014,"Molar enthalpy of vaporization or sublimation, kJ/mol",Crystal,"[""Crystal"",""Gas""]","Knudsen effusion method coupled with mass spectrometer, from logarithm of peak intensity",158.3,"{""nPropValue"":158.3,""CombinedUncertainty"":{""nCombUncertAssessNum"":1,""nCombExpandUncertValue"":2},""nPropNumber"":1,""nPropDigits"":4}",variable,"{""nVarNumber"":1,""nVarDigits"":5,""nVarValue"":418.15}",418.15,False,,158.3,False
10.1016/j.jct.2014.02.003#d3#p1#r1,10.1016/j.jct.2014.02.003#d3#p1,10.1016/j.jct.2014.02.003.json,3,1,1,"InChI=1S/C9H11NO3/c10-8(9(12)13)5-6-1-3-7(11)4-2-6/h1-4,8,11H,5,10H2,(H,12,13)/t8-/m0/s1",OUYCCCASQSFEME-QMMMGPOBSA-N,3-(p-hydroxyphenyl)-L-alanine,C9H11NO3,10.1016/j.jct.2014.02.003,2014,"Molar enthalpy of vaporization or sublimation, kJ/mol",Crystal,"[""Crystal"",""Gas""]","Knudsen effusion method coupled with mass spectrometer, from logarithm of peak intensity",200,"{""nPropValue"":200,""CombinedUncertainty"":{""nCombExpandUncertValue"":1.8,""nCombUncertAssessNum"":1},""nPropDigits"":4,""nPropNumber"":1}",variable,"{""nVarNumber"":1,""nVarDigits"":5,""nVarValue"":471.15}",471.15,False,,200,False
10.1016/j.jct.2014.02.003#d4#p1#r1,10.1016/j.jct.2014.02.003#d4#p1,10.1016/j.jct.2014.02.003.json,4,1,1,"InChI=1S/C11H12N2O2/c12-9(11(14)15)5-7-6-13-10-4-2-1-3-8(7)10/h1-4,6,9,13H,5,12H2,(H,14,15)/t9-/m0/s1",QIVBCDIJIAJPQS-VIFPVBQESA-N,L-tryptophan,C11H12N2O2,10.1016/j.jct.2014.02.003,2014,"Molar enthalpy of vaporization or sublimation, kJ/mol",Crystal,"[""Crystal"",""Gas""]","Knudsen effusion method coupled with mass spectrometer, from logarithm of peak intensity",184.4,"{""CombinedUncertainty"":{""nCombExpandUncertValue"":2.3,""nCombUncertAssessNum"":1},""nPropValue"":184.4,""nPropNumber"":1,""nPropDigits"":4}",variable,"{""nVarValue"":450.15,""nVarDigits"":5,""nVarNumber"":1}",450.15,False,,184.4,False
10.1016/j.jct.2014.03.005#d3#p1#r1,10.1016/j.jct.2014.03.005#d3#p1,10.1016/j.jct.2014.03.005.json,3,1,1,"InChI=1S/C13H11N/c14-11-5-6-13-10(8-11)7-9-3-1-2-4-12(9)13/h1-6,8H,7,14H2",CFRFHWQYWJMEJN-UHFFFAOYSA-N,2-aminofluorene,C13H11N,10.1016/j.jct.2014.03.005,2014,"Molar enthalpy of vaporization or sublimation, kJ/mol",Crystal,"[""Crystal"",""Gas""]",Static calorimetry,110.4,"{""CombinedUncertainty"":{""nCombExpandUncertValue"":1.8,""nCombUncertAssessNum"":1},""nPropValue"":110.4,""nPropNumber"":1,""nPropDigits"":4}",variable,"{""nVarNumber"":1,""nVarDigits"":5,""nVarValue"":298.15}",298.15,False,,110.4,True
10.1016/j.jct.2014.03.005#d7#p1#r1,10.1016/j.jct.2014.03.005#d7#p1,10.1016/j.jct.2014.03.005.json,7,1,1,"InChI=1S/C13H9NO2/c15-14(16)11-5-6-13-10(8-11)7-9-3-1-2-4-12(9)13/h1-6,8H,7H2",XFOHWECQTFIEIX-UHFFFAOYSA-N,2-nitro-9H-fluorene,C13H9NO2,10.1016/j.jct.2014.03.005,2014,"Molar enthalpy of vaporization or sublimation, kJ/mol",Crystal,"[""Crystal"",""Gas""]",Static calorimetry,114.2,"{""nPropNumber"":1,""nPropDigits"":4,""nPropValue"":114.2,""CombinedUncertainty"":{""nCombUncertAssessNum"":1,""nCombExpandUncertValue"":2.5}}",variable,"{""nVarNumber"":1,""nVarDigits"":5,""nVarValue"":298.15}",298.15,False,,114.2,True
10.1016/j.jct.2014.03.027#d1#p1#r1,10.1016/j.jct.2014.03.027#d1#p1,10.1016/j.jct.2014.03.027.json,1,1,1,"InChI=1S/C9H10O2/c1-7(10)8-5-3-4-6-9(8)11-2/h3-6H,1-2H3",DWPLEOPKBWNPQV-UHFFFAOYSA-N,2'-methoxyacetophenone,C9H10O2,10.1016/j.jct.2014.03.027,2014,"Molar enthalpy of vaporization or sublimation, kJ/mol",Liquid,"[""Liquid"",""Gas""]",Static calorimetry,66.7,"{""nPropNumber"":1,""nPropDigits"":3,""nPropValue"":66.7,""CombinedUncertainty"":{""nCombUncertAssessNum"":1,""nCombExpandUncertValue"":1.2}}",variable,"{""nVarValue"":298.15,""nVarNumber"":1,""nVarDigits"":5}",298.15,True,,66.7,True
10.1016/j.jct.2014.03.027#d2#p1#r1,10.1016/j.jct.2014.03.027#d2#p1,10.1016/j.jct.2014.03.027.json,2,1,1,"InChI=1S/C9H10O2/c1-7(10)8-4-3-5-9(6-8)11-2/h3-6H,1-2H3",BAYUSCHCCGXLAY-UHFFFAOYSA-N,3'-methoxyacetophenone,C9H10O2,10.1016/j.jct.2014.03.027,2014,"Molar enthalpy of vaporization or sublimation, kJ/mol",Liquid,"[""Liquid"",""Gas""]",Static calorimetry,67.8,"{""nPropDigits"":3,""nPropNumber"":1,""nPropValue"":67.8,""CombinedUncertainty"":{""nCombUncertAssessNum"":1,""nCombExpandUncertValue"":1.2}}",variable,"{""nVarValue"":298.15,""nVarNumber"":1,""nVarDigits"":5}",298.15,True,,67.8,True
10.1016/j.jct.2014.03.027#d3#p1#r1,10.1016/j.jct.2014.03.027#d3#p1,10.1016/j.jct.2014.03.027.json,3,1,1,"InChI=1S/C9H10O2/c1-7(10)8-3-5-9(11-2)6-4-8/h3-6H,1-2H3",NTPLXRHDUXRPNE-UHFFFAOYSA-N,4'-methoxyacetophenone,C9H10O2,10.1016/j.jct.2014.03.027,2014,"Molar enthalpy of vaporization or sublimation, kJ/mol",Crystal,"[""Crystal"",""Gas""]",Static calorimetry,87.8,"{""nPropDigits"":3,""nPropNumber"":1,""nPropValue"":87.8,""CombinedUncertainty"":{""nCombExpandUncertValue"":1.4,""nCombUncertAssessNum"":1}}",variable,"{""nVarDigits"":5,""nVarNumber"":1,""nVarValue"":298.15}",298.15,False,,87.8,True
10.1016/j.jct.2014.04.001#d1#p1#r1,10.1016/j.jct.2014.04.001#d1#p1,10.1016/j.jct.2014.04.001.json,1,1,1,"InChI=1S/C3H4N2S/c4-3-5-1-2-6-3/h1-2H,(H2,4,5)",RAIPHJJURHTUIC-UHFFFAOYSA-N,2-aminothiazole,C3H4N2S,10.1016/j.jct.2014.04.001,2014,"Molar enthalpy of vaporization or sublimation, kJ/mol",Crystal,"[""Crystal"",""Gas""]",Static calorimetry,85.9,"{""CombinedUncertainty"":{""nCombExpandUncertValue"":1.1,""nCombUncertAssessNum"":1},""nPropValue"":85.9,""nPropNumber"":1,""nPropDigits"":3}",variable,"{""nVarDigits"":5,""nVarNumber"":1,""nVarValue"":298.15}",298.15,False,,85.9,True
10.1016/j.jct.2014.04.001#d3#p1#r1,10.1016/j.jct.2014.04.001#d3#p1,10.1016/j.jct.2014.04.001.json,3,1,1,"InChI=1S/C7H6N2S/c8-7-9-5-3-1-2-4-6(5)10-7/h1-4H,(H2,8,9)",UHGULLIUJBCTEF-UHFFFAOYSA-N,2-benzothiazolamine,C7H6N2S,10.1016/j.jct.2014.04.001,2014,"Molar enthalpy of vaporization or sublimation, kJ/mol",Crystal,"[""Crystal"",""Gas""]",Static calorimetry,102.1,"{""nPropDigits"":4,""nPropNumber"":1,""nPropValue"":102.1,""CombinedUncertainty"":{""nCombUncertAssessNum"":1,""nCombExpandUncertValue"":1.8}}",variable,"{""nVarValue"":298.15,""nVarDigits"":5,""nVarNumber"":1}",298.15,False,,102.1,True
10.1016/j.jct.2014.04.003#d1#p1#r1,10.1016/j.jct.2014.04.003#d1#p1,10.1016/j.jct.2014.04.003.json,1,1,1,"InChI=1S/C7H11N/c1-6-4-5-7(2)8(6)3/h4-5H,1-3H3",YRABRACUKBOTKB-UHFFFAOYSA-N,"1,2,5-trimethylpyrrole",C7H11N,10.1016/j.jct.2014.04.003,2014,"Molar enthalpy of vaporization or sublimation, kJ/mol",Liquid,"[""Liquid"",""Gas""]",Static calorimetry,50.7,"{""nPropDigits"":3,""nPropNumber"":1,""nPropValue"":50.7,""CombinedUncertainty"":{""nCombExpandUncertValue"":1.3,""nCombUncertAssessNum"":1}}",variable,"{""nVarValue"":298.15,""nVarDigits"":5,""nVarNumber"":1}",298.15,True,,50.7,True
10.1016/j.jct.2014.06.028#d1#p1#r1,10.1016/j.jct.2014.06.028#d1#p1,10.1016/j.jct.2014.06.028.json,1,1,1,"InChI=1S/C8H7BrO/c9-6-8(10)7-4-2-1-3-5-7/h1-5H,6H2",LIGACIXOYTUXAW-UHFFFAOYSA-N,.alpha.-bromoacetophenone,C8H7BrO,10.1016/j.jct.2014.06.028,2014,"Molar enthalpy of vaporization or sublimation, kJ/mol",Crystal,"[""Crystal"",""Gas""]",Static calorimetry,90.9,"{""nPropDigits"":3,""nPropNumber"":1,""nPropValue"":90.9,""CombinedUncertainty"":{""nCombExpandUncertValue"":1.2,""nCombUncertAssessNum"":1}}",variable,"{""nVarValue"":298.15,""nVarNumber"":1,""nVarDigits"":5}",298.15,False,,90.9,True
10.1016/j.jct.2014.06.028#d2#p1#r1,10.1016/j.jct.2014.06.028#d2#p1,10.1016/j.jct.2014.06.028.json,2,1,1,"InChI=1S/C8H7BrO/c1-6(10)7-3-2-4-8(9)5-7/h2-5H,1H3",JYAQYXOVOHJRCS-UHFFFAOYSA-N,1-acetyl-3-bromobenzene,C8H7BrO,10.1016/j.jct.2014.06.028,2014,"Molar enthalpy of vaporization or sublimation, kJ/mol",Liquid,"[""Liquid"",""Gas""]",Static calorimetry,66.6,"{""nPropDigits"":3,""nPropNumber"":1,""CombinedUncertainty"":{""nCombUncertAssessNum"":1,""nCombExpandUncertValue"":1},""nPropValue"":66.6}",variable,"{""nVarNumber"":1,""nVarDigits"":5,""nVarValue"":298.15}",298.15,True,,66.6,True
10.1016/j.jct.2014.06.028#d3#p1#r1,10.1016/j.jct.2014.06.028#d3#p1,10.1016/j.jct.2014.06.028.json,3,1,1,"InChI=1S/C8H7BrO/c1-6(10)7-4-2-3-5-8(7)9/h2-5H,1H3",PIMNFNXBTGPCIL-UHFFFAOYSA-N,2'-bromoacetophenone,C8H7BrO,10.1016/j.jct.2014.06.028,2014,"Molar enthalpy of vaporization or sublimation, kJ/mol",Liquid,"[""Liquid"",""Gas""]",Static calorimetry,64.9,"{""nPropValue"":64.9,""CombinedUncertainty"":{""nCombUncertAssessNum"":1,""nCombExpandUncertValue"":1.3},""nPropDigits"":3,""nPropNumber"":1}",variable,"{""nVarValue"":298.15,""nVarDigits"":5,""nVarNumber"":1}",298.15,True,,64.9,True
10.1016/j.jct.2014.06.028#d4#p1#r1,10.1016/j.jct.2014.06.028#d4#p1,10.1016/j.jct.2014.06.028.json,4,1,1,"InChI=1S/C8H7BrO/c1-6(10)7-2-4-8(9)5-3-7/h2-5H,1H3",WYECURVXVYPVAT-UHFFFAOYSA-N,4'-bromoacetophenone,C8H7BrO,10.1016/j.jct.2014.06.028,2014,"Molar enthalpy of vaporization or sublimation, kJ/mol",Crystal,"[""Crystal"",""Gas""]",Static calorimetry,84.5,"{""nPropValue"":84.5,""CombinedUncertainty"":{""nCombExpandUncertValue"":1.1,""nCombUncertAssessNum"":1},""nPropDigits"":3,""nPropNumber"":1}",variable,"{""nVarNumber"":1,""nVarDigits"":5,""nVarValue"":298.15}",298.15,False,,84.5,True
10.1016/j.jct.2014.08.020#d1#p1#r1,10.1016/j.jct.2014.08.020#d1#p1,10.1016/j.jct.2014.08.020.json,1,1,1,"InChI=1S/C5H8N2/c1-2-7-4-3-6-5-7/h3-5H,2H2,1H3",IWDFHWZHHOSSGR-UHFFFAOYSA-N,1-ethyl-1H-imidazole,C5H8N2,10.1016/j.jct.2014.08.020,2015,"Molar enthalpy of vaporization or sublimation, kJ/mol",Liquid,"[""Liquid"",""Gas""]",Static calorimetry,57.533142945,"{""nPropDigits"":5,""nPropNumber"":1,""nPropValue"":57.533142945,""CombinedUncertainty"":{""nCombUncertAssessNum"":1,""nCombExpandUncertValue"":0.98822154}}",variable,"{""nVarValue"":298.15,""nVarNumber"":1,""nVarDigits"":5}",298.15,True,,57.533142945,True
10.1016/j.jct.2014.08.020#d2#p1#r1,10.1016/j.jct.2014.08.020#d2#p1,10.1016/j.jct.2014.08.020.json,2,1,1,"InChI=1S/C7H12N2/c1-2-3-5-9-6-4-8-7-9/h4,6-7H,2-3,5H2,1H3",MCMFEZDRQOJKMN-UHFFFAOYSA-N,1-butylimidazole,C7H12N2,10.1016/j.jct.2014.08.020,2015,"Molar enthalpy of vaporization or sublimation, kJ/mol",Liquid,"[""Liquid"",""Gas""]",Static calorimetry,63.8850420504,"{""nPropValue"":63.8850420504,""CombinedUncertainty"":{""nCombExpandUncertValue"":0.6383040124,""nCombUncertAssessNum"":1},""nPropNumber"":1,""nPropDigits"":5}",variable,"{""nVarNumber"":1,""nVarDigits"":5,""nVarValue"":298.15}",298.15,True,,63.8850420504,True
10.1016/j.jct.2014.08.020#d3#p1#r1,10.1016/j.jct.2014.08.020#d3#p1,10.1016/j.jct.2014.08.020.json,3,1,1,"InChI=1S/C11H20N2/c1-2-3-4-5-6-7-9-13-10-8-12-11-13/h8,10-11H,2-7,9H2,1H3",KLMZKZJCMDOKFE-UHFFFAOYSA-N,1-octylimidazole,C11H20N2,10.1016/j.jct.2014.08.020,2015,"Molar enthalpy of vaporization or sublimation, kJ/mol",Liquid,"[""Liquid"",""Gas""]",Static calorimetry,81.0114996132,"{""CombinedUncertainty"":{""nCombExpandUncertValue"":1.4026560444,""nCombUncertAssessNum"":1},""nPropValue"":81.0114996132,""nPropNumber"":1,""nPropDigits"":5}",variable,"{""nVarNumber"":1,""nVarDigits"":5,""nVarValue"":298.15}",298.15,True,,81.0114996132,True
10.1016/j.jct.2015.02.015#d1#p1#r1,10.1016/j.jct.2015.02.015#d1#p1,10.1016/j.jct.2015.02.015.json,1,1,1,"InChI=1S/C7H12O2/c1-6(2)4-5-9-7(3)8/h4H,5H2,1-3H3",XXIKYCPRDXIMQM-UHFFFAOYSA-N,"2-buten-1-ol, 3-methyl-, acetate",C7H12O2,10.1016/j.jct.2015.02.015,2015,"Molar enthalpy of vaporization or sublimation, kJ/mol",Liquid,"[""Liquid"",""Gas""]",Correlation gas chromatography,47.8,"{""nPropNumber"":1,""nPropDigits"":3,""nPropValue"":47.8,""CombinedUncertainty"":{""nCombExpandUncertValue"":3,""nCombUncertAssessNum"":1}}",variable,"{""nVarNumber"":1,""nVarDigits"":5,""nVarValue"":298.15}",298.15,True,,47.8,False
10.1016/j.jct.2015.02.015#d4#p1#r1,10.1016/j.jct.2015.02.015#d4#p1,10.1016/j.jct.2015.02.015.json,4,1,1,"InChI=1S/C8H12O2/c1-3-4-5-6-7-10-8(2)9/h3-6H,7H2,1-2H3/b4-3+,6-5+",PXVKYPFROMBALG-VNKDHWASSA-N,"(2E,4E)-2,4-hexadien-1-yl acetate",C8H12O2,10.1016/j.jct.2015.02.015,2015,"Molar enthalpy of vaporization or sublimation, kJ/mol",Liquid,"[""Liquid"",""Gas""]",Correlation gas chromatography,54.7,"{""CombinedUncertainty"":{""nCombUncertAssessNum"":1,""nCombExpandUncertValue"":3.1},""nPropValue"":54.7,""nPropDigits"":3,""nPropNumber"":1}",variable,"{""nVarValue"":298.15,""nVarNumber"":1,""nVarDigits"":5}",298.15,True,,54.7,False
10.1016/j.jct.2015.02.015#d7#p1#r1,10.1016/j.jct.2015.02.015#d7#p1,10.1016/j.jct.2015.02.015.json,7,1,1,"InChI=1S/C8H16O2/c1-4-6-7(3)8(9)10-5-2/h7H,4-6H2,1-3H3",HZPKNSYIDSNZKW-UHFFFAOYSA-N,ethyl 2-methylpentanoate,C8H16O2,10.1016/j.jct.2015.02.015,2015,"Molar enthalpy of vaporization or sublimation, kJ/mol",Liquid,"[""Liquid"",""Gas""]",Correlation gas chromatography,48.4,"{""CombinedUncertainty"":{""nCombUncertAssessNum"":1,""nCombExpandUncertValue"":3.2},""nPropValue"":48.4,""nPropNumber"":1,""nPropDigits"":3}",variable,"{""nVarValue"":298.15,""nVarNumber"":1,""nVarDigits"":5}",298.15,True,,48.4,False
10.1016/j.jct.2015.02.015#d10#p1#r1,10.1016/j.jct.2015.02.015#d10#p1,10.1016/j.jct.2015.02.015.json,10,1,1,"InChI=1S/C9H16O2/c1-3-5-6-7-8-11-9(10)4-2/h5-6H,3-4,7-8H2,1-2H3/b6-5-",LGTLDEUQCOJGFP-WAYWQWQTSA-N,(Z)-3-hexenyl propionate,C9H16O2,10.1016/j.jct.2015.02.015,2015,"Molar enthalpy of vaporization or sublimation, kJ/mol",Liquid,"[""Liquid"",""Gas""]",Correlation gas chromatography,55.7,"{""CombinedUncertainty"":{""nCombUncertAssessNum"":1,""nCombExpandUncertValue"":2.4},""nPropValue"":55.7,""nPropNumber"":1,""nPropDigits"":3}",variable,"{""nVarValue"":298.15,""nVarNumber"":1,""nVarDigits"":5}",298.15,True,,55.7,False
10.1016/j.jct.2015.02.015#d13#p1#r1,10.1016/j.jct.2015.02.015#d13#p1,10.1016/j.jct.2015.02.015.json,13,1,1,"InChI=1S/C9H16O2/c1-3-5-6-7-9(10)11-8-4-2/h4H,2-3,5-8H2,1H3",RCSBILYQLVXLJG-UHFFFAOYSA-N,allyl hexanoate,C9H16O2,10.1016/j.jct.2015.02.015,2015,"Molar enthalpy of vaporization or sublimation, kJ/mol",Liquid,"[""Liquid"",""Gas""]",Correlation gas chromatography,55.2,"{""CombinedUncertainty"":{""nCombExpandUncertValue"":3.4,""nCombUncertAssessNum"":1},""nPropValue"":55.2,""nPropDigits"":3,""nPropNumber"":1}",variable,"{""nVarValue"":298.15,""nVarNumber"":1,""nVarDigits"":5}",298.15,True,,55.2,False
10.1016/j.jct.2015.02.015#d16#p1#r1,10.1016/j.jct.2015.02.015#d16#p1,10.1016/j.jct.2015.02.015.json,16,1,1,"InChI=1S/C9H18O2/c1-3-5-6-8-11-9(10)7-4-2/h3-8H2,1-2H3",CFNJLPHOBMVMNS-UHFFFAOYSA-N,pentyl butanoate,C9H18O2,10.1016/j.jct.2015.02.015,2015,"Molar enthalpy of vaporization or sublimation, kJ/mol",Liquid,"[""Liquid"",""Gas""]",Correlation gas chromatography,53.6,"{""nPropValue"":53.6,""CombinedUncertainty"":{""nCombExpandUncertValue"":1.7,""nCombUncertAssessNum"":1},""nPropDigits"":3,""nPropNumber"":1}",variable,"{""nVarValue"":298.15,""nVarDigits"":5,""nVarNumber"":1}",298.15,True,,53.6,False
10.1016/j.jct.2015.02.015#d19#p1#r1,10.1016/j.jct.2015.02.015#d19#p1,10.1016/j.jct.2015.02.015.json,19,1,1,"InChI=1S/C9H18O2/c1-7(2)5-6-11-9(10)8(3)4/h7-8H,5-6H2,1-4H3",VFTGLSWXJMRZNB-UHFFFAOYSA-N,3-methylbutyl 2-methylpropanoate,C9H18O2,10.1016/j.jct.2015.02.015,2015,"Molar enthalpy of vaporization or sublimation, kJ/mol",Liquid,"[""Liquid"",""Gas""]",Correlation gas chromatography,51.7,"{""nPropNumber"":1,""nPropDigits"":3,""nPropValue"":51.7,""CombinedUncertainty"":{""nCombExpandUncertValue"":3.4,""nCombUncertAssessNum"":1}}",variable,"{""nVarNumber"":1,""nVarDigits"":5,""nVarValue"":298.15}",298.15,True,,51.7,False
10.1016/j.jct.2015.02.015#d22#p1#r1,10.1016/j.jct.2015.02.015#d22#p1,10.1016/j.jct.2015.02.015.json,22,1,1,"InChI=1S/C10H12O2/c1-9(11)12-8-7-10-5-3-2-4-6-10/h2-6H,7-8H2,1H3",MDHYEMXUFSJLGV-UHFFFAOYSA-N,2-phenylethyl acetate,C10H12O2,10.1016/j.jct.2015.02.015,2015,"Molar enthalpy of vaporization or sublimation, kJ/mol",Liquid,"[""Liquid"",""Gas""]",Correlation gas chromatography,61.3,"{""nPropNumber"":1,""nPropDigits"":3,""CombinedUncertainty"":{""nCombUncertAssessNum"":1,""nCombExpandUncertValue"":2.9},""nPropValue"":61.3}",variable,"{""nVarNumber"":1,""nVarDigits"":5,""nVarValue"":298.15}",298.15,True,,61.3,False
10.1016/j.jct.2015.02.015#d25#p1#r1,10.1016/j.jct.2015.02.015#d25#p1,10.1016/j.jct.2015.02.015.json,25,1,1,"InChI=1S/C10H18O2/c1-3-5-6-7-9-12-10(11)8-4-2/h5-6H,3-4,7-9H2,1-2H3/b6-5-",ZCHOPXVYTWUHDS-WAYWQWQTSA-N,(Z)-3-hexen-1-yl butyrate,C10H18O2,10.1016/j.jct.2015.02.015,2015,"Molar enthalpy of vaporization or sublimation, kJ/mol",Liquid,"[""Liquid"",""Gas""]",Correlation gas chromatography,59.9,"{""nPropDigits"":3,""nPropNumber"":1,""CombinedUncertainty"":{""nCombUncertAssessNum"":1,""nCombExpandUncertValue"":3.7},""nPropValue"":59.9}",variable,"{""nVarDigits"":5,""nVarNumber"":1,""nVarValue"":298.15}",298.15,True,,59.9,False
10.1016/j.jct.2015.02.015#d28#p1#r1,10.1016/j.jct.2015.02.015#d28#p1,10.1016/j.jct.2015.02.015.json,28,1,1,"InChI=1S/C11H20O2/c1-4-6-7-8-9-13-11(12)10(3)5-2/h6-7,10H,4-5,8-9H2,1-3H3/b7-6-",JKKGTSUICJWEKB-SREVYHEPSA-N,(.+-.)-cis-3-hexenyl 2-methylbutyrate,C11H20O2,10.1016/j.jct.2015.02.015,2015,"Molar enthalpy of vaporization or sublimation, kJ/mol",Liquid,"[""Liquid"",""Gas""]",Correlation gas chromatography,61.5,"{""CombinedUncertainty"":{""nCombUncertAssessNum"":1,""nCombExpandUncertValue"":1.8},""nPropValue"":61.5,""nPropDigits"":3,""nPropNumber"":1}",variable,"{""nVarNumber"":1,""nVarDigits"":5,""nVarValue"":298.15}",298.15,True,,61.5,False
10.1016/j.jct.2015.02.015#d31#p1#r1,10.1016/j.jct.2015.02.015#d31#p1,10.1016/j.jct.2015.02.015.json,31,1,1,"InChI=1S/C11H12O2/c1-2-13-11(12)9-8-10-6-4-3-5-7-10/h3-9H,2H2,1H3/b9-8+",KBEBGUQPQBELIU-CMDGGOBGSA-N,ethyl trans-3-phenylpropenoate,C11H12O2,10.1016/j.jct.2015.02.015,2015,"Molar enthalpy of vaporization or sublimation, kJ/mol",Liquid,"[""Liquid"",""Gas""]",Correlation gas chromatography,70.4,"{""nPropValue"":70.4,""CombinedUncertainty"":{""nCombExpandUncertValue"":3.2,""nCombUncertAssessNum"":1},""nPropDigits"":3,""nPropNumber"":1}",variable,"{""nVarValue"":298.15,""nVarNumber"":1,""nVarDigits"":5}",298.15,True,,70.4,False
10.1016/j.jct.2015.02.015#d34#p1#r1,10.1016/j.jct.2015.02.015#d34#p1,10.1016/j.jct.2015.02.015.json,34,1,1,"InChI=1S/C11H14O2/c1-2-11(12)13-9-8-10-6-4-3-5-7-10/h3-7H,2,8-9H2,1H3",HVGZQCSMLUDISR-UHFFFAOYSA-N,2-phenylethyl propanoate,C11H14O2,10.1016/j.jct.2015.02.015,2015,"Molar enthalpy of vaporization or sublimation, kJ/mol",Liquid,"[""Liquid"",""Gas""]",Correlation gas chromatography,65.6,"{""nPropDigits"":3,""nPropNumber"":1,""CombinedUncertainty"":{""nCombUncertAssessNum"":1,""nCombExpandUncertValue"":3.5},""nPropValue"":65.6}",variable,"{""nVarValue"":298.15,""nVarDigits"":5,""nVarNumber"":1}",298.15,True,,65.6,False
10.1016/j.jct.2015.02.015#d37#p1#r1,10.1016/j.jct.2015.02.015#d37#p1,10.1016/j.jct.2015.02.015.json,37,1,1,"InChI=1S/C11H20O2/c1-3-5-6-7-8-9-10-13-11(12)4-2/h5-6H,3-4,7-10H2,1-2H3/b6-5-",LWYSNOFRZXMWJC-WAYWQWQTSA-N,(Z)-oct-5-en-1-yl propionate,C11H20O2,10.1016/j.jct.2015.02.015,2015,"Molar enthalpy of vaporization or sublimation, kJ/mol",Liquid,"[""Liquid"",""Gas""]",Correlation gas chromatography,65.3,"{""nPropNumber"":1,""nPropDigits"":3,""nPropValue"":65.3,""CombinedUncertainty"":{""nCombUncertAssessNum"":1,""nCombExpandUncertValue"":3.5}}",variable,"{""nVarNumber"":1,""nVarDigits"":5,""nVarValue"":298.15}",298.15,True,,65.3,False
10.1016/j.jct.2015.02.015#d40#p1#r1,10.1016/j.jct.2015.02.015#d40#p1,10.1016/j.jct.2015.02.015.json,40,1,1,"InChI=1S/C11H22O2/c1-3-5-6-7-8-10-13-11(12)9-4-2/h3-10H2,1-2H3",JPQHLIYIQARLQM-UHFFFAOYSA-N,heptyl butanoate,C11H22O2,10.1016/j.jct.2015.02.015,2015,"Molar enthalpy of vaporization or sublimation, kJ/mol",Liquid,"[""Liquid"",""Gas""]",Correlation gas chromatography,65.1,"{""CombinedUncertainty"":{""nCombUncertAssessNum"":1,""nCombExpandUncertValue"":2.6},""nPropValue"":65.1,""nPropNumber"":1,""nPropDigits"":3}",variable,"{""nVarNumber"":1,""nVarDigits"":5,""nVarValue"":298.15}",298.15,True,,65.1,False
10.1016/j.jct.2015.02.015#d43#p1#r1,10.1016/j.jct.2015.02.015#d43#p1,10.1016/j.jct.2015.02.015.json,43,1,1,"InChI=1S/C12H16O2/c1-2-6-12(13)14-10-9-11-7-4-3-5-8-11/h3-5,7-8H,2,6,9-10H2,1H3",WFNDDSQUKATKNX-UHFFFAOYSA-N,phenethyl butyrate,C12H16O2,10.1016/j.jct.2015.02.015,2015,"Molar enthalpy of vaporization or sublimation, kJ/mol",Liquid,"[""Liquid"",""Gas""]",Correlation gas chromatography,69.7,"{""nPropNumber"":1,""nPropDigits"":3,""nPropValue"":69.7,""CombinedUncertainty"":{""nCombUncertAssessNum"":1,""nCombExpandUncertValue"":3.2}}",variable,"{""nVarDigits"":5,""nVarNumber"":1,""nVarValue"":298.15}",298.15,True,,69.7,False
10.1016/j.jct.2015.02.015#d46#p1#r1,10.1016/j.jct.2015.02.015#d46#p1,10.1016/j.jct.2015.02.015.json,46,1,1,"InChI=1S/C12H20O2/c1-6-12(5,14-11(4)13)9-7-8-10(2)3/h6,8H,1,7,9H2,2-5H3",UWKAYLJWKGQEPM-UHFFFAOYSA-N,linalool acetate,C12H20O2,10.1016/j.jct.2015.02.015,2015,"Molar enthalpy of vaporization or sublimation, kJ/mol",Liquid,"[""Liquid"",""Gas""]",Correlation gas chromatography,62.5,"{""nPropDigits"":3,""nPropNumber"":1,""CombinedUncertainty"":{""nCombExpandUncertValue"":1.8,""nCombUncertAssessNum"":1},""nPropValue"":62.5}",variable,"{""nVarDigits"":5,""nVarNumber"":1,""nVarValue"":298.15}",298.15,True,,62.5,False
10.1016/j.jct.2015.02.015#d49#p1#r1,10.1016/j.jct.2015.02.015#d49#p1,10.1016/j.jct.2015.02.015.json,49,1,1,"InChI=1S/C12H22O2/c1-10(2)6-5-7-11(3)8-9-14-12(4)13/h6,11H,5,7-9H2,1-4H3",JOZKFWLRHCDGJA-UHFFFAOYSA-N,"3,7-dimethyl-6-octen-1-yl acetate",C12H22O2,10.1016/j.jct.2015.02.015,2015,"Molar enthalpy of vaporization or sublimation, kJ/mol",Liquid,"[""Liquid"",""Gas""]",Correlation gas chromatography,67.8,"{""nPropDigits"":3,""nPropNumber"":1,""CombinedUncertainty"":{""nCombExpandUncertValue"":3.9,""nCombUncertAssessNum"":1},""nPropValue"":67.8}",variable,"{""nVarValue"":298.15,""nVarDigits"":5,""nVarNumber"":1}",298.15,True,,67.8,False
10.1016/j.jct.2015.02.015#d52#p1#r1,10.1016/j.jct.2015.02.015#d52#p1,10.1016/j.jct.2015.02.015.json,52,1,1,"InChI=1S/C14H20O2/c1-2-3-5-10-14(15)16-12-11-13-8-6-4-7-9-13/h4,6-9H,2-3,5,10-12H2,1H3",BUYNWUMUDHPPDS-UHFFFAOYSA-N,phenethyl hexanoate,C14H20O2,10.1016/j.jct.2015.02.015,2015,"Molar enthalpy of vaporization or sublimation, kJ/mol",Liquid,"[""Liquid"",""Gas""]",Correlation gas chromatography,78.8,"{""nPropDigits"":3,""nPropNumber"":1,""nPropValue"":78.8,""CombinedUncertainty"":{""nCombUncertAssessNum"":1,""nCombExpandUncertValue"":3.4}}",variable,"{""nVarValue"":298.15,""nVarNumber"":1,""nVarDigits"":5}",298.15,True,,78.8,False
10.1016/j.jct.2015.06.002#d1#p1#r1,10.1016/j.jct.2015.06.002#d1#p1,10.1016/j.jct.2015.06.002.json,1,1,1,"InChI=1S/C12H22O/c1-2-3-4-5-6-7-8-9-10-11-12-13/h2-5,13H,6-12H2,1H3/b3-2+,5-4+",CSWBSLXBXRFNST-MQQKCMAXSA-N,"(E,E)-8,10-dodecadien-1-ol",C12H22O,10.1016/j.jct.2015.06.002,2015,"Molar enthalpy of vaporization or sublimation, kJ/mol",Liquid,"[""Liquid"",""Gas""]",Correlation gas chromatography,92.3,"{""nPropNumber"":1,""nPropDigits"":3,""CombinedUncertainty"":{""nCombExpandUncertValue"":5.5,""nCombUncertAssessNum"":1},""nPropValue"":92.3}",variable,"{""nVarValue"":298.15,""nVarDigits"":5,""nVarNumber"":1}",298.15,True,,92.3,False
10.1016/j.jct.2015.07.028#d3#p1#r1,10.1016/j.jct.2015.07.028#d3#p1,10.1016/j.jct.2015.07.028.json,3,1,1,"InChI=1S/C5H10O/c1-4-5(2,3)6/h4,6H,1H2,2-3H3",HNVRRHSXBLFLIG-UHFFFAOYSA-N,2-methyl-3-buten-2-ol,C5H10O,10.1016/j.jct.2015.07.028,2015,"Molar enthalpy of vaporization or sublimation, kJ/mol",Liquid,"[""Liquid"",""Gas""]",Static calorimetry,46.9,"{""nPropNumber"":1,""nPropDigits"":3,""nPropValue"":46.9,""CombinedUncertainty"":{""nCombExpandUncertValue"":1.6,""nCombUncertAssessNum"":1}}",variable,"{""nVarValue"":305.12,""nVarNumber"":1,""nVarDigits"":5}",305.12,True,,46.9,True
10.1016/j.jct.2015.08.008#d1#p1#r1,10.1016/j.jct.2015.08.008#d1#p1,10.1016/j.jct.2015.08.008.json,1,1,1,"InChI=1S/C9H7NO/c1-7(11)9-4-2-3-8(5-9)6-10/h2-5H,1H3",SBCFGFDAZCTSRH-UHFFFAOYSA-N,3-acetylbenzonitrile,C9H7NO,10.1016/j.jct.2015.08.008,2015,"Molar enthalpy of vaporization or sublimation, kJ/mol",Crystal,"[""Crystal"",""Gas""]",Static calorimetry,94.7,"{""CombinedUncertainty"":{""nCombExpandUncertValue"":1.5,""nCombUncertAssessNum"":1},""nPropValue"":94.7,""nPropNumber"":1,""nPropDigits"":3}",variable,"{""nVarValue"":298.15,""nVarNumber"":1,""nVarDigits"":5}",298.15,False,,94.7,True
10.1016/j.jct.2015.08.008#d2#p1#r1,10.1016/j.jct.2015.08.008#d2#p1,10.1016/j.jct.2015.08.008.json,2,1,1,"InChI=1S/C9H7NO/c10-7-6-9(11)8-4-2-1-3-5-8/h1-5H,6H2",ZJRCIQAMTAINCB-UHFFFAOYSA-N,3-oxo-3-phenylpropanenitrile,C9H7NO,10.1016/j.jct.2015.08.008,2015,"Molar enthalpy of vaporization or sublimation, kJ/mol",Crystal,"[""Crystal"",""Gas""]",Static calorimetry,98.5,"{""nPropDigits"":3,""nPropNumber"":1,""nPropValue"":98.5,""CombinedUncertainty"":{""nCombExpandUncertValue"":2.1,""nCombUncertAssessNum"":1}}",variable,"{""nVarValue"":298.15,""nVarNumber"":1,""nVarDigits"":5}",298.15,False,,98.5,True
10.1016/j.jct.2015.09.005#d1#p1#r1,10.1016/j.jct.2015.09.005#d1#p1,10.1016/j.jct.2015.09.005.json,1,1,1,"InChI=1S/C10H14O2/c1-6-3-4-8-7(2)5-12-10(11)9(6)8/h5-6,8-9H,3-4H2,1-2H3/t6-,8+,9-/m0/s1",ZDKZHVNKFOXMND-ZQARSLAVSA-N,"(4aS,7S,7aS)-4,7-dimethyl-5,6,7,7a-tetrahydrocyclopenta[c]pyran-1(4aH)-one",C10H14O2,10.1016/j.jct.2015.09.005,2016,"Molar enthalpy of vaporization or sublimation, kJ/mol",Liquid,"[""Liquid"",""Gas""]",Correlation gas chromatography,68,"{""nPropValue"":68,""CombinedUncertainty"":{""nCombUncertAssessNum"":1,""nCombExpandUncertValue"":4.1},""nPropNumber"":1,""nPropDigits"":3}",variable,"{""nVarDigits"":5,""nVarNumber"":1,""nVarValue"":298.15}",298.15,True,,68,False
10.1016/j.jct.2015.09.005#d3#p1#r1,10.1016/j.jct.2015.09.005#d3#p1,10.1016/j.jct.2015.09.005.json,3,1,1,"InChI=1S/C10H14O2/c1-6-3-4-8-7(2)5-12-10(11)9(6)8/h5-6,8-9H,3-4H2,1-2H3/t6-,8+,9+/m0/s1",ZDKZHVNKFOXMND-NBEYISGCSA-N,"(4aS,7S,7aR)-4,7-dimethyl-5,6,7,7a-tetrahydrocyclopenta[c]pyran-1(4aH)-one",C10H14O2,10.1016/j.jct.2015.09.005,2016,"Molar enthalpy of vaporization or sublimation, kJ/mol",Liquid,"[""Liquid"",""Gas""]",Correlation gas chromatography,69.4,"{""CombinedUncertainty"":{""nCombUncertAssessNum"":1,""nCombExpandUncertValue"":4.1},""nPropValue"":69.4,""nPropDigits"":3,""nPropNumber"":1}",variable,"{""nVarDigits"":5,""nVarNumber"":1,""nVarValue"":298.15}",298.15,True,,69.4,False
10.1016/j.jct.2015.09.033#d1#p1#r1,10.1016/j.jct.2015.09.033#d1#p1,10.1016/j.jct.2015.09.033.json,1,1,1,"InChI=1S/C7H13N2.C2F6NO4S2/c1-7(2)9-5-4-8(3)6-9;3-1(4,5)14(10,11)9-15(12,13)2(6,7)8/h4-7H,1-3H3;/q+1;-1",RVXJUYCYIAFDIB-UHFFFAOYSA-N,1-methyl-3-(1-methylethyl)imidazolium bis[(trifluoromethyl)sulfonyl]imide,C9H13F6N3O4S2,10.1016/j.jct.2015.09.033,2016,"Molar enthalpy of vaporization or sublimation, kJ/mol",Liquid,"[""Liquid"",""Gas""]",Derived by Second law,123.3,"{""nPropValue"":123.3,""CombinedUncertainty"":{""nCombExpandUncertValue"":1.9,""nCombUncertAssessNum"":1},""nPropDigits"":4,""nPropNumber"":1}",variable,"{""nVarNumber"":1,""nVarDigits"":4,""nVarValue"":366.3}",366.3,True,disconnected_formula;charge_or_protonation_layer,123.3,False
10.1016/j.jct.2015.09.033#d2#p1#r1,10.1016/j.jct.2015.09.033#d2#p1,10.1016/j.jct.2015.09.033.json,2,1,1,"InChI=1S/C8H15N2.C2F6NO4S2/c1-8(2)6-10-5-4-9(3)7-10;3-1(4,5)14(10,11)9-15(12,13)2(6,7)8/h4-5,7-8H,6H2,1-3H3;/q+1;-1",UCSCMJVSBWEERZ-UHFFFAOYSA-N,1-isobutyl-3-methylimidazolium bis[(trifluoromethyl)sulfonyl]amide,C10H15F6N3O4S2,10.1016/j.jct.2015.09.033,2016,"Molar enthalpy of vaporization or sublimation, kJ/mol",Liquid,"[""Liquid"",""Gas""]",Derived by Second law,126,"{""CombinedUncertainty"":{""nCombExpandUncertValue"":2,""nCombUncertAssessNum"":1},""nPropValue"":126,""nPropDigits"":4,""nPropNumber"":1}",variable,"{""nVarValue"":368.7,""nVarDigits"":4,""nVarNumber"":1}",368.7,True,disconnected_formula;charge_or_protonation_layer,126,False
10.1016/j.jct.2015.09.033#d3#p1#r1,10.1016/j.jct.2015.09.033#d3#p1,10.1016/j.jct.2015.09.033.json,3,1,1,"InChI=1S/C8H13N2.C2F6NO4S2/c1-9-4-5-10(7-9)6-8-2-3-8;3-1(4,5)14(10,11)9-15(12,13)2(6,7)8/h4-5,7-8H,2-3,6H2,1H3;/q+1;-1",YMOQKGOAWWCYJQ-UHFFFAOYSA-N,1-(cyclopropylmethyl)-3-methyl-1H-imidazolium bis((trifluoromethyl)sulfonyl)amide,C10H13F6N3O4S2,10.1016/j.jct.2015.09.033,2016,"Molar enthalpy of vaporization or sublimation, kJ/mol",Liquid,"[""Liquid"",""Gas""]",Derived by Second law,126.5,"{""nPropDigits"":4,""nPropNumber"":1,""nPropValue"":126.5,""CombinedUncertainty"":{""nCombExpandUncertValue"":2,""nCombUncertAssessNum"":1}}",variable,"{""nVarValue"":373.5,""nVarNumber"":1,""nVarDigits"":4}",373.5,True,disconnected_formula;charge_or_protonation_layer,126.5,False
10.1016/j.jct.2015.09.033#d4#p1#r1,10.1016/j.jct.2015.09.033#d4#p1,10.1016/j.jct.2015.09.033.json,4,1,1,"InChI=1S/C8H15N2.C2F6NO4S2/c1-4-8(2)10-6-5-9(3)7-10;3-1(4,5)14(10,11)9-15(12,13)2(6,7)8/h5-8H,4H2,1-3H3;/q+1;-1",BEBRLXUSBAFEDU-UHFFFAOYSA-N,1-methyl-3-(1-methylpropyl)imidazolium bis(trifluoromethylsulfonyl)imide,C10H15F6N3O4S2,10.1016/j.jct.2015.09.033,2016,"Molar enthalpy of vaporization or sublimation, kJ/mol",Liquid,"[""Liquid"",""Gas""]",Derived by Second law,123,"{""nPropValue"":123,""CombinedUncertainty"":{""nCombUncertAssessNum"":1,""nCombExpandUncertValue"":1.9},""nPropNumber"":1,""nPropDigits"":4}",variable,"{""nVarValue"":368.6,""nVarNumber"":1,""nVarDigits"":4}",368.6,True,disconnected_formula;charge_or_protonation_layer,123,False
10.1016/j.jct.2015.09.033#d5#p1#r1,10.1016/j.jct.2015.09.033#d5#p1,10.1016/j.jct.2015.09.033.json,5,1,1,"InChI=1S/C9H15N2.C2F6NO4S2/c1-10-6-7-11(8-10)9-4-2-3-5-9;3-1(4,5)14(10,11)9-15(12,13)2(6,7)8/h6-9H,2-5H2,1H3;/q+1;-1",SGSUJNRICDYOAC-UHFFFAOYSA-N,1-cyclopentyl-3-methylimidazolium bis(trifluoromethylsulfonyl)imide,C11H15F6N3O4S2,10.1016/j.jct.2015.09.033,2016,"Molar enthalpy of vaporization or sublimation, kJ/mol",Liquid,"[""Liquid"",""Gas""]",Derived by Second law,127.4,"{""nPropValue"":127.4,""CombinedUncertainty"":{""nCombExpandUncertValue"":2,""nCombUncertAssessNum"":1},""nPropDigits"":4,""nPropNumber"":1}",variable,"{""nVarValue"":373.7,""nVarNumber"":1,""nVarDigits"":4}",373.7,True,disconnected_formula;charge_or_protonation_layer,127.4,False
10.1016/j.jct.2015.09.033#d6#p1#r1,10.1016/j.jct.2015.09.033#d6#p1,10.1016/j.jct.2015.09.033.json,6,1,1,"InChI=1S/C11H19N2.C2F6NO4S2/c1-12-7-8-13(10-12)9-11-5-3-2-4-6-11;3-1(4,5)14(10,11)9-15(12,13)2(6,7)8/h7-8,10-11H,2-6,9H2,1H3;/q+1;-1",GBKJWOWBPPXXGB-UHFFFAOYSA-N,1-(cyclohexylmethyl)-3-methyl-1H-imidazol-3-ium bis((trifluoromethyl)sulfonyl)amide,C13H19F6N3O4S2,10.1016/j.jct.2015.09.033,2016,"Molar enthalpy of vaporization or sublimation, kJ/mol",Liquid,"[""Liquid"",""Gas""]",Derived by Second law,134.1,"{""nPropValue"":134.1,""CombinedUncertainty"":{""nCombUncertAssessNum"":1,""nCombExpandUncertValue"":2},""nPropDigits"":4,""nPropNumber"":1}",variable,"{""nVarValue"":383.6,""nVarDigits"":4,""nVarNumber"":1}",383.6,True,disconnected_formula;charge_or_protonation_layer,134.1,False
10.1016/j.jct.2015.10.013#d1#p1#r1,10.1016/j.jct.2015.10.013#d1#p1,10.1016/j.jct.2015.10.013.json,1,1,1,"InChI=1S/C13H11NS/c1-14-10-6-2-4-8-12(10)15-13-9-5-3-7-11(13)14/h2-9H,1H3",QXBUYALKJGBACG-UHFFFAOYSA-N,10-methylphenothiazine,C13H11NS,10.1016/j.jct.2015.10.013,2016,"Molar enthalpy of vaporization or sublimation, kJ/mol",Crystal,"[""Crystal"",""Gas""]",Static calorimetry,103.6,"{""nPropNumber"":1,""nPropDigits"":4,""nPropValue"":103.6,""CombinedUncertainty"":{""nCombExpandUncertValue"":2.3,""nCombUncertAssessNum"":1}}",variable,"{""nVarValue"":298.15,""nVarDigits"":5,""nVarNumber"":1}",298.15,False,,103.6,True
10.1016/j.jct.2015.11.010#d4#p1#r1,10.1016/j.jct.2015.11.010#d4#p1,10.1016/j.jct.2015.11.010.json,4,1,1,"InChI=1S/C3H4N2S/c6-3-4-1-2-5-3/h1-2H,(H2,4,5,6)",OXFSTTJBVAAALW-UHFFFAOYSA-N,2-mercaptoimidazole,C3H4N2S,10.1016/j.jct.2015.11.010,2016,"Molar enthalpy of vaporization or sublimation, kJ/mol",Crystal,"[""Crystal"",""Gas""]",Static calorimetry,114.4,"{""nPropValue"":114.4,""CombinedUncertainty"":{""nCombExpandUncertValue"":1.4,""nCombUncertAssessNum"":1},""nPropNumber"":1,""nPropDigits"":4}",variable,"{""nVarDigits"":5,""nVarNumber"":1,""nVarValue"":298.15}",298.15,False,,114.4,True
10.1016/j.jct.2015.12.018#d1#p1#r1,10.1016/j.jct.2015.12.018#d1#p1,10.1016/j.jct.2015.12.018.json,1,1,1,"InChI=1S/C8H6O2/c9-8-7-4-2-1-3-6(7)5-10-8/h1-4H,5H2",WNZQDUSMALZDQF-UHFFFAOYSA-N,1(3H)-isobenzofuranone,C8H6O2,10.1016/j.jct.2015.12.018,2016,"Molar enthalpy of vaporization or sublimation, kJ/mol",Crystal,"[""Crystal"",""Gas""]",Static calorimetry,88.4,"{""nPropDigits"":3,""nPropNumber"":1,""nPropValue"":88.4,""CombinedUncertainty"":{""nCombExpandUncertValue"":4.4,""nCombUncertAssessNum"":1}}",variable,"{""nVarValue"":298.15,""nVarDigits"":5,""nVarNumber"":1}",298.15,False,,88.4,True
10.1016/j.jct.2015.12.018#d3#p1#r1,10.1016/j.jct.2015.12.018#d3#p1,10.1016/j.jct.2015.12.018.json,3,1,1,InChI=1S/C8H4O3/c9-7-5-3-1-2-4-6(5)8(10)11-7/h1-4H,LGRFSURHDFAFJT-UHFFFAOYSA-N,"isobenzofuran-1,3-dione",C8H4O3,10.1016/j.jct.2015.12.018,2016,"Molar enthalpy of vaporization or sublimation, kJ/mol",Crystal,"[""Crystal"",""Gas""]",Static calorimetry,87.9,"{""nPropDigits"":3,""nPropNumber"":1,""CombinedUncertainty"":{""nCombUncertAssessNum"":1,""nCombExpandUncertValue"":4.7},""nPropValue"":87.9}",variable,"{""nVarNumber"":1,""nVarDigits"":5,""nVarValue"":298.15}",298.15,False,,87.9,True
10.1016/j.jct.2015.12.020#d1#p1#r1,10.1016/j.jct.2015.12.020#d1#p1,10.1016/j.jct.2015.12.020.json,1,1,1,"InChI=1S/C3H3N3O2/c7-2-1-4-6-3(8)5-2/h1H,(H2,5,6,7,8)",SSPYSWLZOPCOLO-UHFFFAOYSA-N,6-azauracil,C3H3N3O2,10.1016/j.jct.2015.12.020,2016,"Molar enthalpy of vaporization or sublimation, kJ/mol",Crystal,"[""Crystal"",""Gas""]",Static calorimetry,118.1,"{""nPropValue"":118.1,""CombinedUncertainty"":{""nCombUncertAssessNum"":1,""nCombExpandUncertValue"":2.1},""nPropDigits"":4,""nPropNumber"":1}",variable,"{""nVarNumber"":1,""nVarDigits"":5,""nVarValue"":298.15}",298.15,False,,118.1,True
10.1016/j.jct.2015.12.020#d4#p1#r1,10.1016/j.jct.2015.12.020#d4#p1,10.1016/j.jct.2015.12.020.json,4,1,1,"InChI=1S/C4H5N3O2/c1-2-3(8)5-4(9)7-6-2/h1H3,(H2,5,7,8,9)",XZWMZFQOHTWGQE-UHFFFAOYSA-N,6-azathymine,C4H5N3O2,10.1016/j.jct.2015.12.020,2016,"Molar enthalpy of vaporization or sublimation, kJ/mol",Crystal,"[""Crystal"",""Gas""]",Static calorimetry,109.1,"{""nPropNumber"":1,""nPropDigits"":4,""CombinedUncertainty"":{""nCombExpandUncertValue"":2.3,""nCombUncertAssessNum"":1},""nPropValue"":109.1}",variable,"{""nVarValue"":298.15,""nVarNumber"":1,""nVarDigits"":5}",298.15,False,,109.1,True
10.1016/j.jct.2015.12.020#d6#p1#r1,10.1016/j.jct.2015.12.020#d6#p1,10.1016/j.jct.2015.12.020.json,6,1,1,"InChI=1S/C4H5N3OS/c1-2-3(8)5-4(9)7-6-2/h1H3,(H2,5,7,8,9)",NKOPQOSBROLOFP-UHFFFAOYSA-N,6-aza-2-thiothymine,C4H5N3OS,10.1016/j.jct.2015.12.020,2016,"Molar enthalpy of vaporization or sublimation, kJ/mol",Crystal,"[""Crystal"",""Gas""]",Static calorimetry,120.1,"{""nPropNumber"":1,""nPropDigits"":4,""nPropValue"":120.1,""CombinedUncertainty"":{""nCombExpandUncertValue"":2.8,""nCombUncertAssessNum"":1}}",variable,"{""nVarNumber"":1,""nVarDigits"":5,""nVarValue"":298.15}",298.15,False,,120.1,True
10.1016/j.jct.2016.02.008#d5#p1#r1,10.1016/j.jct.2016.02.008#d5#p1,10.1016/j.jct.2016.02.008.json,5,1,1,"InChI=1S/C9H6O3/c10-9(11)8-5-6-3-1-2-4-7(6)12-8/h1-5H,(H,10,11)",OFFSPAZVIVZPHU-UHFFFAOYSA-N,benzofuran-2-carboxylic acid,C9H6O3,10.1016/j.jct.2016.02.008,2016,"Molar enthalpy of vaporization or sublimation, kJ/mol",Crystal,"[""Crystal"",""Gas""]",Derived by Second law,104.3,"{""CombinedUncertainty"":{""nCombExpandUncertValue"":1.6,""nCombUncertAssessNum"":1},""nPropValue"":104.3,""nPropNumber"":1,""nPropDigits"":4}",variable,"{""nVarValue"":457.5,""nVarNumber"":1,""nVarDigits"":4}",457.5,False,,104.3,False
10.1016/j.jct.2016.02.008#d9#p1#r1,10.1016/j.jct.2016.02.008#d9#p1,10.1016/j.jct.2016.02.008.json,9,1,1,"InChI=1S/C9H7NO2/c11-9(12)8-5-6-3-1-2-4-7(6)10-8/h1-5,10H,(H,11,12)",HCUARRIEZVDMPT-UHFFFAOYSA-N,indole-2-carboxylic acid,C9H7NO2,10.1016/j.jct.2016.02.008,2016,"Molar enthalpy of vaporization or sublimation, kJ/mol",Crystal,"[""Crystal"",""Gas""]",Derived by Second law,109.3,"{""nPropDigits"":4,""nPropNumber"":1,""CombinedUncertainty"":{""nCombUncertAssessNum"":1,""nCombExpandUncertValue"":1.6},""nPropValue"":109.3}",variable,"{""nVarNumber"":1,""nVarDigits"":4,""nVarValue"":457.5}",457.5,False,,109.3,False
10.1016/j.jct.2016.02.008#d14#p1#r1,10.1016/j.jct.2016.02.008#d14#p1,10.1016/j.jct.2016.02.008.json,14,1,1,"InChI=1S/C9H6O2S/c10-9(11)8-5-6-3-1-2-4-7(6)12-8/h1-5H,(H,10,11)",DYSJMQABFPKAQM-UHFFFAOYSA-N,benzo[b]thiophene-2-carboxylic acid,C9H6O2S,10.1016/j.jct.2016.02.008,2016,"Molar enthalpy of vaporization or sublimation, kJ/mol",Crystal,"[""Crystal"",""Gas""]",Derived by Second law,114.9,"{""CombinedUncertainty"":{""nCombUncertAssessNum"":1,""nCombExpandUncertValue"":1.9},""nPropValue"":114.9,""nPropNumber"":1,""nPropDigits"":4}",variable,"{""nVarNumber"":1,""nVarDigits"":4,""nVarValue"":457.5}",457.5,False,,114.9,False
10.1016/j.jct.2016.02.008#d18#p1#r1,10.1016/j.jct.2016.02.008#d18#p1,10.1016/j.jct.2016.02.008.json,18,1,1,"InChI=1S/C10H8O2/c1-7(11)10-6-8-4-2-3-5-9(8)12-10/h2-6H,1H3",YUTFQTAITWWGFH-UHFFFAOYSA-N,2-acetylbenzofuran,C10H8O2,10.1016/j.jct.2016.02.008,2016,"Molar enthalpy of vaporization or sublimation, kJ/mol",Liquid,"[""Liquid"",""Gas""]",Derived by Second law,62.2,"{""CombinedUncertainty"":{""nCombExpandUncertValue"":1.3,""nCombUncertAssessNum"":1},""nPropValue"":62.2,""nPropNumber"":1,""nPropDigits"":3}",variable,"{""nVarValue"":392.5,""nVarDigits"":4,""nVarNumber"":1}",392.5,True,,62.2,False
10.1016/j.jct.2016.02.021#d1#p1#r1,10.1016/j.jct.2016.02.021#d1#p1,10.1016/j.jct.2016.02.021.json,1,1,1,"InChI=1S/C3H7NO3/c4-2(1-5)3(6)7/h2,5H,1,4H2,(H,6,7)/t2-/m0/s1",MTCFGRXMJLQNBG-REOHCLBHSA-N,L-serine,C3H7NO3,10.1016/j.jct.2016.02.021,2016,"Molar enthalpy of vaporization or sublimation, kJ/mol",Crystal,"[""Crystal"",""Gas""]",Derived by Second law,141,"{""CombinedUncertainty"":{""nCombExpandUncertValue"":7,""nCombUncertAssessNum"":1},""nPropValue"":141,""nPropNumber"":1,""nPropDigits"":3}",variable,"{""nVarValue"":454,""nVarDigits"":3,""nVarNumber"":1}",454,False,,141,False
10.1016/j.jct.2016.02.021#d2#p1#r1,10.1016/j.jct.2016.02.021#d2#p1,10.1016/j.jct.2016.02.021.json,2,1,1,"InChI=1S/C4H9NO3/c1-2(6)3(5)4(7)8/h2-3,6H,5H2,1H3,(H,7,8)/t2-,3+/m1/s1",AYFVYJQAPQTCCC-GBXIJSLDSA-N,L-threonine,C4H9NO3,10.1016/j.jct.2016.02.021,2016,"Molar enthalpy of vaporization or sublimation, kJ/mol",Crystal,"[""Crystal"",""Gas""]",Derived by Second law,158,"{""nPropValue"":158,""CombinedUncertainty"":{""nCombExpandUncertValue"":4,""nCombUncertAssessNum"":1},""nPropNumber"":1,""nPropDigits"":3}",variable,"{""nVarDigits"":3,""nVarNumber"":1,""nVarValue"":439}",439,False,,158,False
10.1016/j.jct.2016.03.020#d1#p1#r1,10.1016/j.jct.2016.03.020#d1#p1,10.1016/j.jct.2016.03.020.json,1,1,1,"InChI=1S/C10H14O/c1-7-3-4-9-8(2)6-11-10(9)5-7/h6-7H,3-5H2,1-2H3/t7-/m1/s1",YGWKXXYGDYYFJU-SSDOTTSWSA-N,(R)-menthofuran,C10H14O,10.1016/j.jct.2016.03.020,2016,"Molar enthalpy of vaporization or sublimation, kJ/mol",Liquid,"[""Liquid"",""Gas""]",Correlation gas chromatography,56.5,"{""nPropDigits"":3,""nPropNumber"":1,""CombinedUncertainty"":{""nCombExpandUncertValue"":6.1,""nCombUncertAssessNum"":1},""nPropValue"":56.5}",variable,"{""nVarValue"":298.15,""nVarDigits"":5,""nVarNumber"":1}",298.15,True,,56.5,False
10.1016/j.jct.2016.03.043#d1#p1#r1,10.1016/j.jct.2016.03.043#d1#p1,10.1016/j.jct.2016.03.043.json,1,1,1,"InChI=1S/C7H13N2.C2F6NO4S2/c1-4-9-6-5-8(3)7(9)2;3-1(4,5)14(10,11)9-15(12,13)2(6,7)8/h5-6H,4H2,1-3H3;/q+1;-1",XDJYSDBSJWNTQT-UHFFFAOYSA-N,"1-ethyl-2,3-dimethylimidazolium bis[(trifluoromethyl)sulfonyl]imide",C9H13F6N3O4S2,10.1016/j.jct.2016.03.043,2016,"Molar enthalpy of vaporization or sublimation, kJ/mol",Liquid,"[""Liquid"",""Gas""]",Derived by Second law,126.7,"{""nPropDigits"":4,""nPropNumber"":1,""nPropValue"":126.7,""CombinedUncertainty"":{""nCombUncertAssessNum"":1,""nCombExpandUncertValue"":5.9}}",variable,"{""nVarValue"":595.65,""nVarDigits"":5,""nVarNumber"":1}",595.65,True,disconnected_formula;charge_or_protonation_layer,126.7,False
10.1016/j.jct.2016.03.043#d2#p1#r1,10.1016/j.jct.2016.03.043#d2#p1,10.1016/j.jct.2016.03.043.json,2,1,1,"InChI=1S/C9H17N2.C2F6NO4S2/c1-4-5-6-11-8-7-10(3)9(11)2;3-1(4,5)14(10,11)9-15(12,13)2(6,7)8/h7-8H,4-6H2,1-3H3;/q+1;-1",UCCKRVYTJPMHRO-UHFFFAOYSA-N,"1-butyl-2,3-dimethyl-1H-imidazolium bis(trifluoromethylsulfonyl)amide",C11H17F6N3O4S2,10.1016/j.jct.2016.03.043,2016,"Molar enthalpy of vaporization or sublimation, kJ/mol",Liquid,"[""Liquid"",""Gas""]",Derived by Second law,130.4,"{""nPropValue"":130.4,""CombinedUncertainty"":{""nCombUncertAssessNum"":1,""nCombExpandUncertValue"":3.7},""nPropNumber"":1,""nPropDigits"":4}",variable,"{""nVarValue"":598.775,""nVarNumber"":1,""nVarDigits"":6}",598.775,True,disconnected_formula;charge_or_protonation_layer,130.4,False
10.1016/j.jct.2016.04.011#d1#p1#r1,10.1016/j.jct.2016.04.011#d1#p1,10.1016/j.jct.2016.04.011.json,1,1,1,"InChI=1S/C5H4Cl2N2/c1-3-2-8-5(7)9-4(3)6/h2H,1H3",DQXNTSXKIUZJJS-UHFFFAOYSA-N,"2,4-dichloro-5-methylpyrimidine",C5H4Cl2N2,10.1016/j.jct.2016.04.011,2016,"Molar enthalpy of vaporization or sublimation, kJ/mol",Liquid,"[""Liquid"",""Gas""]",Static calorimetry,64,"{""nPropDigits"":3,""nPropNumber"":1,""nPropValue"":64,""CombinedUncertainty"":{""nCombUncertAssessNum"":1,""nCombExpandUncertValue"":3.8}}",variable,"{""nVarDigits"":5,""nVarNumber"":1,""nVarValue"":298.15}",298.15,True,,64,True
10.1016/j.jct.2016.04.011#d3#p1#r1,10.1016/j.jct.2016.04.011#d3#p1,10.1016/j.jct.2016.04.011.json,3,1,1,"InChI=1S/C5H4Cl2N2/c1-3-2-4(6)9-5(7)8-3/h2H,1H3",BTLKROSJMNFSQZ-UHFFFAOYSA-N,"2,4-dichloro-6-methylpyrimidine",C5H4Cl2N2,10.1016/j.jct.2016.04.011,2016,"Molar enthalpy of vaporization or sublimation, kJ/mol",Crystal,"[""Crystal"",""Gas""]",Static calorimetry,81.2,"{""nPropNumber"":1,""nPropDigits"":3,""nPropValue"":81.2,""CombinedUncertainty"":{""nCombExpandUncertValue"":2.5,""nCombUncertAssessNum"":1}}",variable,"{""nVarNumber"":1,""nVarDigits"":5,""nVarValue"":298.15}",298.15,False,,81.2,True
10.1016/j.jct.2016.04.011#d5#p1#r1,10.1016/j.jct.2016.04.011#d5#p1,10.1016/j.jct.2016.04.011.json,5,1,1,"InChI=1S/C5H4Cl2N2/c1-3-8-4(6)2-5(7)9-3/h2H,1H3",FIMUTBLUWQGTIJ-UHFFFAOYSA-N,"4,6-dichloro-2-methylpyrimidine",C5H4Cl2N2,10.1016/j.jct.2016.04.011,2016,"Molar enthalpy of vaporization or sublimation, kJ/mol",Crystal,"[""Crystal"",""Gas""]",Static calorimetry,74,"{""nPropDigits"":3,""nPropNumber"":1,""CombinedUncertainty"":{""nCombUncertAssessNum"":1,""nCombExpandUncertValue"":3},""nPropValue"":74}",variable,"{""nVarValue"":298.15,""nVarDigits"":5,""nVarNumber"":1}",298.15,False,,74,True
10.1016/j.jct.2016.04.011#d7#p1#r1,10.1016/j.jct.2016.04.011#d7#p1,10.1016/j.jct.2016.04.011.json,7,1,1,"InChI=1S/C5H4Cl2N2/c1-3-4(6)8-2-9-5(3)7/h2H,1H3",NUEYDUKUIXVKNB-UHFFFAOYSA-N,"4,6-dichloro-5-methylpyrimidine",C5H4Cl2N2,10.1016/j.jct.2016.04.011,2016,"Molar enthalpy of vaporization or sublimation, kJ/mol",Crystal,"[""Crystal"",""Gas""]",Static calorimetry,74.2,"{""nPropValue"":74.2,""CombinedUncertainty"":{""nCombExpandUncertValue"":2,""nCombUncertAssessNum"":1},""nPropDigits"":3,""nPropNumber"":1}",variable,"{""nVarValue"":298.15,""nVarDigits"":5,""nVarNumber"":1}",298.15,False,,74.2,True
10.1016/j.jct.2016.05.007#d5#p1#r1,10.1016/j.jct.2016.05.007#d5#p1,10.1016/j.jct.2016.05.007.json,5,1,1,"InChI=1S/C21H26/c1-20(2,3)16-7-9-18-14(12-16)11-15-13-17(21(4,5)6)8-10-19(15)18/h7-10,12-13H,11H2,1-6H3",DFZYPLLGAQIQTD-UHFFFAOYSA-N,"2,7-di-tert-butylfluorene",C21H26,10.1016/j.jct.2016.05.007,2016,"Molar enthalpy of vaporization or sublimation, kJ/mol",Crystal 2,"[""Crystal 2"",""Gas""]",Static calorimetry,119.9,"{""nPropValue"":119.9,""CombinedUncertainty"":{""nCombUncertAssessNum"":1,""nCombExpandUncertValue"":1},""nPropNumber"":1,""nPropDigits"":4}",variable,"{""nVarNumber"":1,""nVarDigits"":5,""nVarValue"":298.15}",298.15,False,,119.9,True
10.1016/j.jct.2016.07.037#d7#p1#r1,10.1016/j.jct.2016.07.037#d7#p1,10.1016/j.jct.2016.07.037.json,7,1,1,"InChI=1S/C12H3F23O/c13-2(14,1-36)3(15,16)4(17,18)5(19,20)6(21,22)7(23,24)8(25,26)9(27,28)10(29,30)11(31,32)12(33,34)35/h36H,1H2",SHTZQFTXUMCALC-UHFFFAOYSA-N,"1H,1H-perfluoro-1-dodecanol",C12H3F23O,10.1016/j.jct.2016.07.037,2016,"Molar enthalpy of vaporization or sublimation, kJ/mol",Crystal,"[""Crystal"",""Gas""]",Static calorimetry,110.4,"{""nPropValue"":110.4,""CombinedUncertainty"":{""nCombExpandUncertValue"":3.6,""nCombUncertAssessNum"":1},""nPropDigits"":4,""nPropNumber"":1}",variable,"{""nVarValue"":298.15,""nVarNumber"":1,""nVarDigits"":5}",298.15,False,,110.4,True
10.1016/j.jct.2016.07.037#d12#p1#r1,10.1016/j.jct.2016.07.037#d12#p1,10.1016/j.jct.2016.07.037.json,12,1,1,"InChI=1S/C14H3F27O/c15-2(16,1-42)3(17,18)4(19,20)5(21,22)6(23,24)7(25,26)8(27,28)9(29,30)10(31,32)11(33,34)12(35,36)13(37,38)14(39,40)41/h42H,1H2",WYCXYEWKMLSDBQ-UHFFFAOYSA-N,"2,2,3,3,4,4,5,5,6,6,7,7,8,8,9,9,10,10,11,11,12,12,13,13,14,14,14-heptacosafluorotetradecan-1-ol",C14H3F27O,10.1016/j.jct.2016.07.037,2016,"Molar enthalpy of vaporization or sublimation, kJ/mol",Crystal,"[""Crystal"",""Gas""]",Static calorimetry,126.2,"{""CombinedUncertainty"":{""nCombUncertAssessNum"":1,""nCombExpandUncertValue"":3.9},""nPropValue"":126.2,""nPropDigits"":4,""nPropNumber"":1}",variable,"{""nVarValue"":298.15,""nVarNumber"":1,""nVarDigits"":5}",298.15,False,,126.2,True
10.1016/j.jct.2016.07.038#d1#p1#r1,10.1016/j.jct.2016.07.038#d1#p1,10.1016/j.jct.2016.07.038.json,1,1,1,"InChI=1S/C3H5NO2/c5-3-4-1-2-6-3/h1-2H2,(H,4,5)",IZXIZTKNFFYFOF-UHFFFAOYSA-N,2-oxazolidone,C3H5NO2,10.1016/j.jct.2016.07.038,2016,"Molar enthalpy of vaporization or sublimation, kJ/mol",Crystal,"[""Crystal"",""Gas""]",Derived by Second law,83.18,"{""CombinedUncertainty"":{""nCombUncertAssessNum"":1,""nCombExpandUncertValue"":3.47},""nPropValue"":83.18,""nPropDigits"":4,""nPropNumber"":1}",variable,"{""nVarValue"":334.15,""nVarDigits"":5,""nVarNumber"":1}",334.15,False,,83.18,False
10.1016/j.jct.2016.07.038#d6#p1#r1,10.1016/j.jct.2016.07.038#d6#p1,10.1016/j.jct.2016.07.038.json,6,1,1,"InChI=1S/C5H7NO3/c1-4(7)6-2-3-9-5(6)8/h2-3H2,1H3",COCHMAAUXSQMED-UHFFFAOYSA-N,3-acetyl-2-oxazolidinone,C5H7NO3,10.1016/j.jct.2016.07.038,2016,"Molar enthalpy of vaporization or sublimation, kJ/mol",Crystal,"[""Crystal"",""Gas""]",Derived by Second law,81.9,"{""nPropNumber"":1,""nPropDigits"":4,""CombinedUncertainty"":{""nCombUncertAssessNum"":1,""nCombExpandUncertValue"":2.25},""nPropValue"":81.9}",variable,"{""nVarValue"":314.15,""nVarNumber"":1,""nVarDigits"":5}",314.15,False,,81.9,False
10.1016/j.jct.2016.09.026#d4#p1#r1,10.1016/j.jct.2016.09.026#d4#p1,10.1016/j.jct.2016.09.026.json,4,1,1,"InChI=1S/C9H10O2/c1-2-9(11)7-3-5-8(10)6-4-7/h3-6,10H,2H2,1H3",RARSHUDCJQSEFJ-UHFFFAOYSA-N,1-(4-hydroxyphenyl)-1-propanone,C9H10O2,10.1016/j.jct.2016.09.026,2017,"Molar enthalpy of vaporization or sublimation, kJ/mol",Crystal,"[""Crystal"",""Gas""]",Static calorimetry,112.44165513,"{""CombinedUncertainty"":{""nCombExpandUncertValue"":0.848485925,""nCombUncertAssessNum"":1},""nPropValue"":112.44165513,""nPropNumber"":1,""nPropDigits"":5}",variable,"{""nVarDigits"":5,""nVarNumber"":1,""nVarValue"":381.12}",381.12,False,,112.44165513,True
10.1016/j.jct.2016.09.026#d9#p1#r1,10.1016/j.jct.2016.09.026#d9#p1,10.1016/j.jct.2016.09.026.json,9,1,1,"InChI=1S/C10H12O2/c1-2-3-10(12)8-4-6-9(11)7-5-8/h4-7,11H,2-3H2,1H3",GFBLPULLSAPXDC-UHFFFAOYSA-N,1-(4-hydroxyphenyl)-1-butanone,C10H12O2,10.1016/j.jct.2016.09.026,2017,"Molar enthalpy of vaporization or sublimation, kJ/mol",Crystal,"[""Crystal"",""Gas""]",Static calorimetry,114.127960654,"{""nPropValue"":114.127960654,""CombinedUncertainty"":{""nCombUncertAssessNum"":1,""nCombExpandUncertValue"":1.6600729188},""nPropDigits"":5,""nPropNumber"":1}",variable,"{""nVarNumber"":1,""nVarDigits"":5,""nVarValue"":351.22}",351.22,False,,114.127960654,True
10.1016/j.jct.2016.09.026#d14#p1#r1,10.1016/j.jct.2016.09.026#d14#p1,10.1016/j.jct.2016.09.026.json,14,1,1,"InChI=1S/C11H14O2/c1-2-3-4-11(13)9-5-7-10(12)8-6-9/h5-8,12H,2-4H2,1H3",ZKCJJGOOPOIZTE-UHFFFAOYSA-N,1-(4-hydroxyphenyl)-1-pentanone,C11H14O2,10.1016/j.jct.2016.09.026,2017,"Molar enthalpy of vaporization or sublimation, kJ/mol",Liquid,"[""Liquid"",""Gas""]",Static calorimetry,96.073620123,"{""nPropValue"":96.073620123,""CombinedUncertainty"":{""nCombExpandUncertValue"":0.730733406,""nCombUncertAssessNum"":1},""nPropNumber"":1,""nPropDigits"":5}",variable,"{""nVarValue"":341.73,""nVarNumber"":1,""nVarDigits"":5}",341.73,True,,96.073620123,True
10.1016/j.jct.2016.09.026#d19#p1#r1,10.1016/j.jct.2016.09.026#d19#p1,10.1016/j.jct.2016.09.026.json,19,1,1,"InChI=1S/C13H18O2/c1-2-3-4-5-6-13(15)11-7-9-12(14)10-8-11/h7-10,14H,2-6H2,1H3",MAZPQHJYGKZQEA-UHFFFAOYSA-N,1-(4-hydroxyphenyl)-1-heptanone,C13H18O2,10.1016/j.jct.2016.09.026,2017,"Molar enthalpy of vaporization or sublimation, kJ/mol",Liquid,"[""Liquid"",""Gas""]",Static calorimetry,101.2818198118,"{""nPropNumber"":1,""nPropDigits"":5,""nPropValue"":101.2818198118,""CombinedUncertainty"":{""nCombExpandUncertValue"":1.9534793654,""nCombUncertAssessNum"":1}}",variable,"{""nVarValue"":381.12,""nVarDigits"":5,""nVarNumber"":1}",381.12,True,,101.2818198118,True
10.1016/j.jct.2016.10.026#d1#p1#r1,10.1016/j.jct.2016.10.026#d1#p1,10.1016/j.jct.2016.10.026.json,1,1,1,"InChI=1S/C3H3N3O2/c7-6(8)3-1-4-2-5-3/h1-2H,(H,4,5)",VYDWQPKRHOGLPA-UHFFFAOYSA-N,4-nitroimidazole,C3H3N3O2,10.1016/j.jct.2016.10.026,2017,"Molar enthalpy of vaporization or sublimation, kJ/mol",Crystal,"[""Crystal"",""Gas""]",Static calorimetry,122.9,"{""nPropValue"":122.9,""CombinedUncertainty"":{""nCombExpandUncertValue"":2.7,""nCombUncertAssessNum"":1},""nPropDigits"":4,""nPropNumber"":1}",variable,"{""nVarValue"":298.15,""nVarNumber"":1,""nVarDigits"":5}",298.15,False,,122.9,True
10.1016/j.jct.2016.11.020#d2#p1#r1,10.1016/j.jct.2016.11.020#d2#p1,10.1016/j.jct.2016.11.020.json,2,1,1,"InChI=1S/C15H14O/c1-15(2)11-7-3-5-9-13(11)16-14-10-6-4-8-12(14)15/h3-10H,1-2H3",MTVNAPYHLASOSX-UHFFFAOYSA-N,"9,9-dimethylxanthene",C15H14O,10.1016/j.jct.2016.11.020,2017,"Molar enthalpy of vaporization or sublimation, kJ/mol",Crystal,"[""Crystal"",""Gas""]",Static calorimetry,90,"{""nPropDigits"":3,""nPropNumber"":1,""nPropValue"":90,""CombinedUncertainty"":{""nCombUncertAssessNum"":1,""nCombExpandUncertValue"":2.4}}",variable,"{""nVarValue"":298.15,""nVarNumber"":1,""nVarDigits"":5}",298.15,False,,90,True
10.1016/j.jct.2016.11.020#d5#p1#r1,10.1016/j.jct.2016.11.020#d5#p1,10.1016/j.jct.2016.11.020.json,5,1,1,"InChI=1S/C23H30O/c1-21(2,3)15-9-11-19-17(13-15)23(7,8)18-14-16(22(4,5)6)10-12-20(18)24-19/h9-14H,1-8H3",COCYABCDIOEUAC-UHFFFAOYSA-N,"2,7-di-tert-butyl-9,9-dimethylxanthene",C23H30O,10.1016/j.jct.2016.11.020,2017,"Molar enthalpy of vaporization or sublimation, kJ/mol",Crystal,"[""Crystal"",""Gas""]",Static calorimetry,120.3,"{""nPropNumber"":1,""nPropDigits"":4,""nPropValue"":120.3,""CombinedUncertainty"":{""nCombExpandUncertValue"":3,""nCombUncertAssessNum"":1}}",variable,"{""nVarValue"":298.15,""nVarDigits"":5,""nVarNumber"":1}",298.15,False,,120.3,True
10.1016/j.jct.2016.11.027#d1#p1#r1,10.1016/j.jct.2016.11.027#d1#p1,10.1016/j.jct.2016.11.027.json,1,1,1,"InChI=1S/C10H20O/c1-7(2)9-5-4-8(3)6-10(9)11/h7-11H,4-6H2,1-3H3/t8-,9+,10-/m1/s1",NOOLISFMXDJSKH-KXUCPTDWSA-N,DL-menthol,C10H20O,10.1016/j.jct.2016.11.027,2017,"Molar enthalpy of vaporization or sublimation, kJ/mol",Liquid,"[""Liquid"",""Gas""]",Correlation gas chromatography,75,"{""nPropNumber"":1,""nPropDigits"":3,""CombinedUncertainty"":{""nCombExpandUncertValue"":4.5,""nCombUncertAssessNum"":1},""nPropValue"":75}",variable,"{""nVarNumber"":1,""nVarDigits"":3,""nVarValue"":298}",298,True,,75,False
10.1016/j.jct.2016.11.027#d3#p1#r1,10.1016/j.jct.2016.11.027#d3#p1,10.1016/j.jct.2016.11.027.json,3,1,1,"InChI=1S/C15H26O/c1-12(2)6-5-11-15(4,16)14-9-7-13(3)8-10-14/h6-7,14,16H,5,8-11H2,1-4H3/t14-,15+/m1/s1",RGZSQWQPBWRIAQ-CABCVRRESA-N,(-)-.alpha.-bisabolol,C15H26O,10.1016/j.jct.2016.11.027,2017,"Molar enthalpy of vaporization or sublimation, kJ/mol",Liquid,"[""Liquid"",""Gas""]",Correlation gas chromatography,96.6,"{""nPropValue"":96.6,""CombinedUncertainty"":{""nCombExpandUncertValue"":5.1,""nCombUncertAssessNum"":1},""nPropNumber"":1,""nPropDigits"":3}",variable,"{""nVarValue"":298,""nVarNumber"":1,""nVarDigits"":3}",298,True,,96.6,False
10.1016/j.jct.2016.12.015#d1#p1#r1,10.1016/j.jct.2016.12.015#d1#p1,10.1016/j.jct.2016.12.015.json,1,1,1,"InChI=1S/C22H30O5/c1-12-8-14-15-5-7-22(27,18(26)11-23)21(15,3)10-17(25)19(14)20(2)6-4-13(24)9-16(12)20/h4,6,9,12,14-15,17,19,23,25,27H,5,7-8,10-11H2,1-3H3/t12-,14-,15-,17-,19+,20-,21-,22-/m0/s1",VHRSUDSXCMQTMA-PJHHCJLFSA-N,Methylprednisolone,C22H30O5,10.1016/j.jct.2016.12.015,2017,"Molar enthalpy of vaporization or sublimation, kJ/mol",Crystal,"[""Crystal"",""Gas""]",Derived by Second law,192.2,"{""nPropValue"":192.2,""CombinedUncertainty"":{""nCombUncertAssessNum"":1,""nCombExpandUncertValue"":3},""nPropNumber"":1,""nPropDigits"":4}",variable,"{""nVarValue"":387.9,""nVarDigits"":4,""nVarNumber"":1}",387.9,False,,192.2,False
10.1016/j.jct.2017.01.015#d1#p1#r1,10.1016/j.jct.2017.01.015#d1#p1,10.1016/j.jct.2017.01.015.json,1,1,1,InChI=1S/Cu,RYGMFSIKBFXOCR-UHFFFAOYSA-N,copper,Cu,10.1016/j.jct.2017.01.015,2017,"Molar enthalpy of vaporization or sublimation, kJ/mol",Crystal,"[""Crystal"",""Gas""]",Derived by Second law,332.7,"{""nPropValue"":332.7,""CombinedUncertainty"":{""nCombExpandUncertValue"":11.8,""nCombUncertAssessNum"":1},""nPropNumber"":1,""nPropDigits"":4}",variable,"{""nVarNumber"":1,""nVarDigits"":3,""nVarValue"":298}",298,False,no_carbon;element_outside_scope,332.7,False
10.1016/j.jct.2017.01.015#d2#p1#r1,10.1016/j.jct.2017.01.015#d2#p1,10.1016/j.jct.2017.01.015.json,2,1,1,InChI=1S/Ni,PXHVJJICTQNCMI-UHFFFAOYSA-N,nickel,Ni,10.1016/j.jct.2017.01.015,2017,"Molar enthalpy of vaporization or sublimation, kJ/mol",Crystal,"[""Crystal"",""Gas""]",Derived by Second law,432.7,"{""nPropDigits"":4,""nPropNumber"":1,""nPropValue"":432.7,""CombinedUncertainty"":{""nCombUncertAssessNum"":1,""nCombExpandUncertValue"":12}}",variable,"{""nVarDigits"":3,""nVarNumber"":1,""nVarValue"":298}",298,False,no_carbon;element_outside_scope,432.7,False
10.1016/j.jct.2017.01.015#d3#p1#r1,10.1016/j.jct.2017.01.015#d3#p1,10.1016/j.jct.2017.01.015.json,3,1,1,InChI=1S/Cr,VYZAMTAEIAYCRO-UHFFFAOYSA-N,chromium,Cr,10.1016/j.jct.2017.01.015,2017,"Molar enthalpy of vaporization or sublimation, kJ/mol",Crystal,"[""Crystal"",""Gas""]",Derived by Second law,371.4,"{""CombinedUncertainty"":{""nCombUncertAssessNum"":1,""nCombExpandUncertValue"":7.1},""nPropValue"":371.4,""nPropDigits"":4,""nPropNumber"":1}",variable,"{""nVarDigits"":3,""nVarNumber"":1,""nVarValue"":298}",298,False,no_carbon;element_outside_scope,371.4,False
10.1016/j.jct.2017.01.015#d4#p1#r1,10.1016/j.jct.2017.01.015#d4#p1,10.1016/j.jct.2017.01.015.json,4,1,1,InChI=1S/Fe,XEEYBQQBJWHFJM-UHFFFAOYSA-N,iron,Fe,10.1016/j.jct.2017.01.015,2017,"Molar enthalpy of vaporization or sublimation, kJ/mol",Crystal,"[""Crystal"",""Gas""]",Derived by Second law,408.6,"{""nPropValue"":408.6,""CombinedUncertainty"":{""nCombUncertAssessNum"":1,""nCombExpandUncertValue"":12.3},""nPropDigits"":4,""nPropNumber"":1}",variable,"{""nVarValue"":298,""nVarNumber"":1,""nVarDigits"":3}",298,False,no_carbon;element_outside_scope,408.6,False
10.1016/j.jct.2017.02.010#d1#p1#r1,10.1016/j.jct.2017.02.010#d1#p1,10.1016/j.jct.2017.02.010.json,1,1,1,"InChI=1S/C9H16O2/c1-3-4-5-8-7(2)6-9(10)11-8/h7-8H,3-6H2,1-2H3/t7-,8-/m1/s1",WNVCMFHPRIBNCW-HTQZYQBOSA-N,cis-whiskey lactone,C9H16O2,10.1016/j.jct.2017.02.010,2017,"Molar enthalpy of vaporization or sublimation, kJ/mol",Liquid,"[""Liquid"",""Gas""]",Correlation gas chromatography,68.4,"{""nPropDigits"":3,""nPropNumber"":1,""nPropValue"":68.4,""CombinedUncertainty"":{""nCombUncertAssessNum"":1,""nCombExpandUncertValue"":3.7}}",variable,"{""nVarNumber"":1,""nVarDigits"":3,""nVarValue"":298}",298,True,,68.4,False
10.1016/j.jct.2017.02.010#d3#p1#r1,10.1016/j.jct.2017.02.010#d3#p1,10.1016/j.jct.2017.02.010.json,3,1,1,"InChI=1S/C9H16O2/c1-3-4-5-8-7(2)6-9(10)11-8/h7-8H,3-6H2,1-2H3/t7-,8+/m0/s1",WNVCMFHPRIBNCW-JGVFFNPUSA-N,trans-whiskey lactone,C9H16O2,10.1016/j.jct.2017.02.010,2017,"Molar enthalpy of vaporization or sublimation, kJ/mol",Liquid,"[""Liquid"",""Gas""]",Correlation gas chromatography,67.5,"{""CombinedUncertainty"":{""nCombExpandUncertValue"":3.7,""nCombUncertAssessNum"":1},""nPropValue"":67.5,""nPropNumber"":1,""nPropDigits"":3}",variable,"{""nVarValue"":298,""nVarDigits"":3,""nVarNumber"":1}",298,True,,67.5,False
10.1016/j.jct.2017.02.010#d5#p1#r1,10.1016/j.jct.2017.02.010#d5#p1,10.1016/j.jct.2017.02.010.json,5,1,1,"InChI=1S/C10H14O2/c1-6-3-4-8-7(2)10(11)12-9(8)5-6/h6,9H,3-5H2,1-2H3/t6-,9-/m1/s1",VUVQBYIJRDUVHT-HZGVNTEJSA-N,(-)-mintlactone,C10H14O2,10.1016/j.jct.2017.02.010,2017,"Molar enthalpy of vaporization or sublimation, kJ/mol",Liquid,"[""Liquid"",""Gas""]",Correlation gas chromatography,73.2,"{""nPropNumber"":1,""nPropDigits"":3,""nPropValue"":73.2,""CombinedUncertainty"":{""nCombExpandUncertValue"":3.9,""nCombUncertAssessNum"":1}}",variable,"{""nVarDigits"":3,""nVarNumber"":1,""nVarValue"":298}",298,True,,73.2,False
10.1016/j.jct.2017.02.010#d7#p1#r1,10.1016/j.jct.2017.02.010#d7#p1,10.1016/j.jct.2017.02.010.json,7,1,1,"InChI=1S/C10H14O2/c1-6-3-4-8-7(2)10(11)12-9(8)5-6/h6,9H,3-5H2,1-2H3/t6-,9+/m1/s1",VUVQBYIJRDUVHT-MUWHJKNJSA-N,(.+-.)-isomintlactone,C10H14O2,10.1016/j.jct.2017.02.010,2017,"Molar enthalpy of vaporization or sublimation, kJ/mol",Liquid,"[""Liquid"",""Gas""]",Correlation gas chromatography,74.2,"{""nPropDigits"":3,""nPropNumber"":1,""CombinedUncertainty"":{""nCombUncertAssessNum"":1,""nCombExpandUncertValue"":3.9},""nPropValue"":74.2}",variable,"{""nVarValue"":298,""nVarNumber"":1,""nVarDigits"":3}",298,True,,74.2,False
10.1016/j.jct.2017.05.015#d1#p1#r1,10.1016/j.jct.2017.05.015#d1#p1,10.1016/j.jct.2017.05.015.json,1,1,1,"InChI=1S/C6H11N2.C4H9NO3/c1-3-8-5-4-7(2)6-8;1-2(6)3(5)4(7)8/h4-6H,3H2,1-2H3;2-3,6H,5H2,1H3,(H,7,8)/q+1;/p-1/t;2-,3+/m.1/s1",MWRHCIMYGVNLMY-RCROYASPSA-M,3-ethyl-1-methyl-1H-imidazolium DL-threoninate,C10H19N3O3,10.1016/j.jct.2017.05.015,2017,"Molar enthalpy of vaporization or sublimation, kJ/mol",Liquid,"[""Liquid"",""Gas""]",Derived by Second law,112.3,"{""CombinedUncertainty"":{""nCombUncertAssessNum"":1,""nCombExpandUncertValue"":10.7},""nPropValue"":112.3,""nPropNumber"":1,""nPropDigits"":4}",variable,"{""nVarValue"":438.15,""nVarNumber"":1,""nVarDigits"":5}",438.15,True,disconnected_formula;charge_or_protonation_layer,112.3,False
10.1016/j.jct.2017.05.015#d2#p1#r1,10.1016/j.jct.2017.05.015#d2#p1,10.1016/j.jct.2017.05.015.json,2,1,1,"InChI=1S/C8H15N2.C4H9NO3/c1-3-4-5-10-7-6-9(2)8-10;1-2(6)3(5)4(7)8/h6-8H,3-5H2,1-2H3;2-3,6H,5H2,1H3,(H,7,8)/q+1;/p-1/t;2-,3+/m.1/s1",GQXKFOZATIOMBA-RCROYASPSA-M,3-butyl-1-methyl-1H-imidazolium DL-threoninate,C12H23N3O3,10.1016/j.jct.2017.05.015,2017,"Molar enthalpy of vaporization or sublimation, kJ/mol",Liquid,"[""Liquid"",""Gas""]",Derived by Second law,120.2,"{""nPropValue"":120.2,""CombinedUncertainty"":{""nCombExpandUncertValue"":4.5,""nCombUncertAssessNum"":1},""nPropDigits"":4,""nPropNumber"":1}",variable,"{""nVarNumber"":1,""nVarDigits"":5,""nVarValue"":438.15}",438.15,True,disconnected_formula;charge_or_protonation_layer,120.2,False
10.1016/j.jct.2017.07.018#d1#p1#r1,10.1016/j.jct.2017.07.018#d1#p1,10.1016/j.jct.2017.07.018.json,1,1,1,"InChI=1S/C10H16O/c11-10-4-7-1-8(5-10)3-9(2-7)6-10/h7-9,11H,1-6H2",VLLNJDMHDJRNFK-UHFFFAOYSA-N,1-adamantanol,C10H16O,10.1016/j.jct.2017.07.018,2017,"Molar enthalpy of vaporization or sublimation, kJ/mol",Liquid,"[""Liquid"",""Gas""]",Correlation gas chromatography,74.8,"{""nPropDigits"":3,""nPropNumber"":1,""nPropValue"":74.8,""CombinedUncertainty"":{""nCombUncertAssessNum"":1,""nCombExpandUncertValue"":6}}",variable,"{""nVarValue"":298,""nVarDigits"":3,""nVarNumber"":1}",298,True,,74.8,False
10.1016/j.jct.2017.07.018#d4#p1#r1,10.1016/j.jct.2017.07.018#d4#p1,10.1016/j.jct.2017.07.018.json,4,1,1,"InChI=1S/C15H26O/c1-10-5-6-11-13(2,3)12-9-15(10,11)8-7-14(12,4)16/h10-12,16H,5-9H2,1-4H3/t10-,11+,12-,14-,15+/m1/s1",SVURIXNDRWRAFU-OGMFBOKVSA-N,(+)-cedrol,C15H26O,10.1016/j.jct.2017.07.018,2017,"Molar enthalpy of vaporization or sublimation, kJ/mol",Liquid,"[""Liquid"",""Gas""]",Correlation gas chromatography,88.3,"{""nPropNumber"":1,""nPropDigits"":3,""CombinedUncertainty"":{""nCombExpandUncertValue"":3.5,""nCombUncertAssessNum"":1},""nPropValue"":88.3}",variable,"{""nVarValue"":298,""nVarDigits"":3,""nVarNumber"":1}",298,True,,88.3,False
10.1016/j.jct.2017.07.018#d6#p1#r1,10.1016/j.jct.2017.07.018#d6#p1,10.1016/j.jct.2017.07.018.json,6,1,1,"InChI=1S/C15H26O/c1-6-15(5,16)12-8-11-14(4)10-7-9-13(2)3/h6,9,11,16H,1,7-8,10,12H2,2-5H3/b14-11+",FQTLCLSUCSAZDY-SDNWHVSQSA-N,"(E)-3,7,11-trimethyldodeca-1,6,10-trien-3-ol",C15H26O,10.1016/j.jct.2017.07.018,2017,"Molar enthalpy of vaporization or sublimation, kJ/mol",Liquid,"[""Liquid"",""Gas""]",Correlation gas chromatography,92.7,"{""nPropNumber"":1,""nPropDigits"":3,""nPropValue"":92.7,""CombinedUncertainty"":{""nCombUncertAssessNum"":1,""nCombExpandUncertValue"":3.7}}",variable,"{""nVarValue"":298,""nVarDigits"":3,""nVarNumber"":1}",298,True,,92.7,False
10.1016/j.jct.2017.07.018#d8#p1#r1,10.1016/j.jct.2017.07.018#d8#p1,10.1016/j.jct.2017.07.018.json,8,1,1,"InChI=1S/C15H26O/c1-6-15(5,16)12-8-11-14(4)10-7-9-13(2)3/h6,9,11,16H,1,7-8,10,12H2,2-5H3/b14-11-",FQTLCLSUCSAZDY-KAMYIIQDSA-N,"(Z)-3,7,11-trimethyldodeca-1,6,10-trien-3-ol",C15H26O,10.1016/j.jct.2017.07.018,2017,"Molar enthalpy of vaporization or sublimation, kJ/mol",Liquid,"[""Liquid"",""Gas""]",Correlation gas chromatography,91.4,"{""nPropDigits"":3,""nPropNumber"":1,""CombinedUncertainty"":{""nCombExpandUncertValue"":3.7,""nCombUncertAssessNum"":1},""nPropValue"":91.4}",variable,"{""nVarNumber"":1,""nVarDigits"":3,""nVarValue"":298}",298,True,,91.4,False
10.1016/j.jct.2017.08.017#d1#p1#r1,10.1016/j.jct.2017.08.017#d1#p1,10.1016/j.jct.2017.08.017.json,1,1,1,InChI=1S/C13H9NO/c1-2-6-10(7-3-1)13-14-11-8-4-5-9-12(11)15-13/h1-9H,FIISKTXZUZBTRC-UHFFFAOYSA-N,2-phenylbenzoxazole,C13H9NO,10.1016/j.jct.2017.08.017,2018,"Molar enthalpy of vaporization or sublimation, kJ/mol",Crystal,"[""Crystal"",""Gas""]",Static calorimetry,90.9,"{""CombinedUncertainty"":{""nCombExpandUncertValue"":2,""nCombUncertAssessNum"":1},""nPropValue"":90.9,""nPropDigits"":3,""nPropNumber"":1}",variable,"{""nVarDigits"":5,""nVarNumber"":1,""nVarValue"":298.15}",298.15,False,,90.9,True
10.1016/j.jct.2017.08.017#d3#p1#r1,10.1016/j.jct.2017.08.017#d3#p1,10.1016/j.jct.2017.08.017.json,3,1,1,InChI=1S/C13H9NS/c1-2-6-10(7-3-1)13-14-11-8-4-5-9-12(11)15-13/h1-9H,XBHOUXSGHYZCNH-UHFFFAOYSA-N,2-phenylbenzothiazole,C13H9NS,10.1016/j.jct.2017.08.017,2018,"Molar enthalpy of vaporization or sublimation, kJ/mol",Crystal,"[""Crystal"",""Gas""]",Static calorimetry,99.3,"{""nPropDigits"":3,""nPropNumber"":1,""CombinedUncertainty"":{""nCombExpandUncertValue"":1.7,""nCombUncertAssessNum"":1},""nPropValue"":99.3}",variable,"{""nVarValue"":298.15,""nVarDigits"":5,""nVarNumber"":1}",298.15,False,,99.3,True
10.1016/j.jct.2017.08.017#d5#p1#r1,10.1016/j.jct.2017.08.017#d5#p1,10.1016/j.jct.2017.08.017.json,5,1,1,"InChI=1S/C13H9NO2/c15-11-7-3-1-5-9(11)13-14-10-6-2-4-8-12(10)16-13/h1-8,15H",GHGZVWOTJDLREY-UHFFFAOYSA-N,2-(2-hydroxyphenyl)benzoxazole,C13H9NO2,10.1016/j.jct.2017.08.017,2018,"Molar enthalpy of vaporization or sublimation, kJ/mol",Crystal,"[""Crystal"",""Gas""]",Static calorimetry,100.5,"{""CombinedUncertainty"":{""nCombUncertAssessNum"":1,""nCombExpandUncertValue"":1.8},""nPropValue"":100.5,""nPropNumber"":1,""nPropDigits"":4}",variable,"{""nVarValue"":298.15,""nVarNumber"":1,""nVarDigits"":5}",298.15,False,,100.5,True
10.1016/j.jct.2017.08.017#d8#p1#r1,10.1016/j.jct.2017.08.017#d8#p1,10.1016/j.jct.2017.08.017.json,8,1,1,"InChI=1S/C13H9NOS/c15-11-7-3-1-5-9(11)13-14-10-6-2-4-8-12(10)16-13/h1-8,15H",MVVGSPCXHRFDDR-UHFFFAOYSA-N,"2-(2-hydroxyphenyl)-1,3-benzothiazole",C13H9NOS,10.1016/j.jct.2017.08.017,2018,"Molar enthalpy of vaporization or sublimation, kJ/mol",Crystal,"[""Crystal"",""Gas""]",Static calorimetry,105,"{""CombinedUncertainty"":{""nCombExpandUncertValue"":2.2,""nCombUncertAssessNum"":1},""nPropValue"":105,""nPropNumber"":1,""nPropDigits"":4}",variable,"{""nVarDigits"":5,""nVarNumber"":1,""nVarValue"":298.15}",298.15,False,,105,True
10.1016/j.jct.2017.08.028#d4#p1#r1,10.1016/j.jct.2017.08.028#d4#p1,10.1016/j.jct.2017.08.028.json,4,1,1,"InChI=1S/C6H12O6/c7-1-2(8)4(10)6(12)5(11)3(1)9/h1-12H/t1-,2-,3-,4+,5-,6-",CDAISMWEOUEBRE-GPIVLXJGSA-N,"cis-1,2,3,5-trans-4,6-cyclohexanehexol",C6H12O6,10.1016/j.jct.2017.08.028,2018,"Molar enthalpy of vaporization or sublimation, kJ/mol",Crystal,"[""Crystal"",""Gas""]",Derived by Second law,172.8,"{""CombinedUncertainty"":{""nCombExpandUncertValue"":4.1,""nCombUncertAssessNum"":1},""nPropValue"":172.8,""nPropNumber"":1,""nPropDigits"":4}",variable,"{""nVarDigits"":4,""nVarNumber"":1,""nVarValue"":376.8}",376.8,False,,172.8,False
10.1016/j.jct.2017.09.007#d1#p1#r1,10.1016/j.jct.2017.09.007#d1#p1,10.1016/j.jct.2017.09.007.json,1,1,1,"InChI=1S/C9H10O3/c1-2-12-9(11)7-5-3-4-6-8(7)10/h3-6,10H,2H2,1H3",GYCKQBWUSACYIF-UHFFFAOYSA-N,ethyl 2-hydroxybenzoate,C9H10O3,10.1016/j.jct.2017.09.007,2018,"Molar enthalpy of vaporization or sublimation, kJ/mol",Liquid,"[""Liquid"",""Gas""]",Derived by Second law,65.3,"{""CombinedUncertainty"":{""nCombUncertAssessNum"":1,""nCombExpandUncertValue"":1.3},""nPropValue"":65.3,""nPropNumber"":1,""nPropDigits"":3}",variable,"{""nVarNumber"":1,""nVarDigits"":4,""nVarValue"":310}",310,True,,65.3,False
10.1016/j.jct.2017.09.007#d5#p1#r1,10.1016/j.jct.2017.09.007#d5#p1,10.1016/j.jct.2017.09.007.json,5,1,1,"InChI=1S/C9H10O3/c1-2-12-9(11)7-4-3-5-8(10)6-7/h3-6,10H,2H2,1H3",MWSMNBYIEBRXAL-UHFFFAOYSA-N,ethyl 3-hydroxybenzoate,C9H10O3,10.1016/j.jct.2017.09.007,2018,"Molar enthalpy of vaporization or sublimation, kJ/mol",Liquid,"[""Liquid"",""Gas""]",Derived by Second law,78.4,"{""CombinedUncertainty"":{""nCombExpandUncertValue"":1.6,""nCombUncertAssessNum"":1},""nPropValue"":78.4,""nPropNumber"":1,""nPropDigits"":3}",variable,"{""nVarValue"":360,""nVarDigits"":4,""nVarNumber"":1}",360,True,,78.4,False
10.1016/j.jct.2017.09.007#d9#p1#r1,10.1016/j.jct.2017.09.007#d9#p1,10.1016/j.jct.2017.09.007.json,9,1,1,"InChI=1S/C9H10O3/c1-2-12-9(11)7-3-5-8(10)6-4-7/h3-6,10H,2H2,1H3",NUVBSKCKDOMJSU-UHFFFAOYSA-N,ethyl 4-hydroxybenzoate,C9H10O3,10.1016/j.jct.2017.09.007,2018,"Molar enthalpy of vaporization or sublimation, kJ/mol",Liquid,"[""Liquid"",""Gas""]",Derived by Second law,72.7,"{""CombinedUncertainty"":{""nCombUncertAssessNum"":1,""nCombExpandUncertValue"":1.3},""nPropValue"":72.7,""nPropDigits"":3,""nPropNumber"":1}",variable,"{""nVarValue"":400,""nVarDigits"":4,""nVarNumber"":1}",400,True,,72.7,False
10.1016/j.jct.2017.11.002#d1#p1#r1,10.1016/j.jct.2017.11.002#d1#p1,10.1016/j.jct.2017.11.002.json,1,1,1,"InChI=1S/C13H9NO/c15-13-9-5-1-3-7-11(9)14-12-8-4-2-6-10(12)13/h1-8H,(H,14,15)",FZEYVTFCMJSGMP-UHFFFAOYSA-N,9(10H)-acridinone,C13H9NO,10.1016/j.jct.2017.11.002,2018,"Molar enthalpy of vaporization or sublimation, kJ/mol",Crystal,"[""Crystal"",""Gas""]",Static calorimetry,133.4,"{""nPropNumber"":1,""nPropDigits"":4,""CombinedUncertainty"":{""nCombUncertAssessNum"":1,""nCombExpandUncertValue"":4.2},""nPropValue"":133.4}",variable,"{""nVarValue"":298.15,""nVarDigits"":5,""nVarNumber"":1}",298.15,False,,133.4,True
10.1016/j.jct.2017.11.002#d2#p1#r1,10.1016/j.jct.2017.11.002#d2#p1,10.1016/j.jct.2017.11.002.json,2,1,1,"InChI=1S/C14H11NO/c1-15-12-8-4-2-6-10(12)14(16)11-7-3-5-9-13(11)15/h2-9H,1H3",XUVKSPPGPPFPQN-UHFFFAOYSA-N,N-methylacridone,C14H11NO,10.1016/j.jct.2017.11.002,2018,"Molar enthalpy of vaporization or sublimation, kJ/mol",Crystal,"[""Crystal"",""Gas""]",Static calorimetry,123.8,"{""nPropDigits"":4,""nPropNumber"":1,""nPropValue"":123.8,""CombinedUncertainty"":{""nCombExpandUncertValue"":2.9,""nCombUncertAssessNum"":1}}",variable,"{""nVarNumber"":1,""nVarDigits"":5,""nVarValue"":298.15}",298.15,False,,123.8,True
10.1016/j.jct.2017.11.004#d1#p1#r1,10.1016/j.jct.2017.11.004#d1#p1,10.1016/j.jct.2017.11.004.json,1,1,1,InChI=1S/Ne,GKAOGPIIYCISHV-UHFFFAOYSA-N,neon,Ne,10.1016/j.jct.2017.11.004,2018,"Molar enthalpy of vaporization or sublimation, kJ/mol",Crystal,"[""Crystal"",""Gas""]",Derived by Second law,1.9,"{""CombinedUncertainty"":{""nCombUncertAssessNum"":1,""nCombExpandUncertValue"":0.92},""nPropValue"":1.9,""nPropDigits"":3,""nPropNumber"":1}",variable,"{""nVarValue"":8.88,""nVarNumber"":1,""nVarDigits"":3}",8.88,False,no_carbon;element_outside_scope,1.9,False
10.1016/j.jct.2017.11.004#d3#p1#r1,10.1016/j.jct.2017.11.004#d3#p1,10.1016/j.jct.2017.11.004.json,3,1,1,InChI=1S/N2/c1-2,IJGRMHOSHXDMSA-UHFFFAOYSA-N,nitrogen,N2,10.1016/j.jct.2017.11.004,2018,"Molar enthalpy of vaporization or sublimation, kJ/mol",Crystal,"[""Crystal"",""Gas""]",Derived by Second law,7.34,"{""CombinedUncertainty"":{""nCombExpandUncertValue"":1.22,""nCombUncertAssessNum"":1},""nPropValue"":7.34,""nPropDigits"":3,""nPropNumber"":1}",variable,"{""nVarValue"":25.25,""nVarDigits"":4,""nVarNumber"":1}",25.25,False,no_carbon,7.34,False
10.1016/j.jct.2017.11.004#d5#p1#r1,10.1016/j.jct.2017.11.004#d5#p1,10.1016/j.jct.2017.11.004.json,5,1,1,InChI=1S/Ar,XKRFYHLGVUSROY-UHFFFAOYSA-N,argon,Ar,10.1016/j.jct.2017.11.004,2018,"Molar enthalpy of vaporization or sublimation, kJ/mol",Crystal,"[""Crystal"",""Gas""]",Derived by Second law,7.79,"{""nPropDigits"":3,""nPropNumber"":1,""CombinedUncertainty"":{""nCombExpandUncertValue"":0.9,""nCombUncertAssessNum"":1},""nPropValue"":7.79}",variable,"{""nVarDigits"":3,""nVarNumber"":1,""nVarValue"":29.3}",29.3,False,no_carbon;element_outside_scope,7.79,False
10.1016/j.jct.2017.11.004#d7#p1#r1,10.1016/j.jct.2017.11.004#d7#p1,10.1016/j.jct.2017.11.004.json,7,1,1,InChI=1S/O2/c1-2,MYMOFIZGZYHOMD-UHFFFAOYSA-N,oxygen,O2,10.1016/j.jct.2017.11.004,2018,"Molar enthalpy of vaporization or sublimation, kJ/mol",Crystal,"[""Crystal"",""Gas""]",Derived by Second law,9.26,"{""nPropNumber"":1,""nPropDigits"":3,""nPropValue"":9.26,""CombinedUncertainty"":{""nCombUncertAssessNum"":1,""nCombExpandUncertValue"":1.14}}",variable,"{""nVarValue"":30.5,""nVarDigits"":3,""nVarNumber"":1}",30.5,False,no_carbon,9.26,False
10.1016/j.jct.2017.11.004#d9#p1#r1,10.1016/j.jct.2017.11.004#d9#p1,10.1016/j.jct.2017.11.004.json,9,1,1,InChI=1S/Kr,DNNSSWSSYDEUBZ-UHFFFAOYSA-N,krypton,Kr,10.1016/j.jct.2017.11.004,2018,"Molar enthalpy of vaporization or sublimation, kJ/mol",Crystal,"[""Crystal"",""Gas""]",Derived by Second law,11.54,"{""nPropValue"":11.54,""CombinedUncertainty"":{""nCombExpandUncertValue"":1.12,""nCombUncertAssessNum"":1},""nPropNumber"":1,""nPropDigits"":4}",variable,"{""nVarDigits"":3,""nVarNumber"":1,""nVarValue"":40.5}",40.5,False,no_carbon;element_outside_scope,11.54,False
10.1016/j.jct.2017.11.004#d11#p1#r1,10.1016/j.jct.2017.11.004#d11#p1,10.1016/j.jct.2017.11.004.json,11,1,1,InChI=1S/Xe,FHNFHKCVQCLJFQ-UHFFFAOYSA-N,xenon,Xe,10.1016/j.jct.2017.11.004,2018,"Molar enthalpy of vaporization or sublimation, kJ/mol",Crystal,"[""Crystal"",""Gas""]",Derived by Second law,15.79,"{""nPropDigits"":4,""nPropNumber"":1,""CombinedUncertainty"":{""nCombExpandUncertValue"":1,""nCombUncertAssessNum"":1},""nPropValue"":15.79}",variable,"{""nVarDigits"":3,""nVarNumber"":1,""nVarValue"":53.5}",53.5,False,no_carbon;element_outside_scope,15.79,False
10.1016/j.jct.2017.11.004#d13#p1#r1,10.1016/j.jct.2017.11.004#d13#p1,10.1016/j.jct.2017.11.004.json,13,1,1,InChI=1S/CO2/c2-1-3,CURLTUGMZLYLDI-UHFFFAOYSA-N,carbon dioxide,CO2,10.1016/j.jct.2017.11.004,2018,"Molar enthalpy of vaporization or sublimation, kJ/mol",Crystal,"[""Crystal"",""Gas""]",Derived by Second law,28.84,"{""CombinedUncertainty"":{""nCombUncertAssessNum"":1,""nCombExpandUncertValue"":2.29},""nPropValue"":28.84,""nPropNumber"":1,""nPropDigits"":4}",variable,"{""nVarValue"":82.3,""nVarNumber"":1,""nVarDigits"":3}",82.3,False,,28.84,False
10.1016/j.jct.2017.11.004#d15#p1#r1,10.1016/j.jct.2017.11.004#d15#p1,10.1016/j.jct.2017.11.004.json,15,1,1,InChI=1S/H2O/h1H2,XLYOFNOQVPJJNP-UHFFFAOYSA-N,water,H2O,10.1016/j.jct.2017.11.004,2018,"Molar enthalpy of vaporization or sublimation, kJ/mol",Crystal,"[""Crystal"",""Gas""]",Derived by Second law,54.46,"{""nPropDigits"":4,""nPropNumber"":1,""nPropValue"":54.46,""CombinedUncertainty"":{""nCombExpandUncertValue"":10.62,""nCombUncertAssessNum"":1}}",variable,"{""nVarDigits"":4,""nVarNumber"":1,""nVarValue"":157.8}",157.8,False,no_carbon,54.46,False
10.1016/j.jct.2018.01.022#d1#p1#r1,10.1016/j.jct.2018.01.022#d1#p1,10.1016/j.jct.2018.01.022.json,1,1,1,"InChI=1S/C8H6FNO/c1-5-10-7-4-6(9)2-3-8(7)11-5/h2-4H,1H3",GYRZYFSJULFMCS-UHFFFAOYSA-N,5-fluoro-2-methylbenzoxazole,C8H6FNO,10.1016/j.jct.2018.01.022,2018,"Molar enthalpy of vaporization or sublimation, kJ/mol",Liquid,"[""Liquid"",""Gas""]",Static calorimetry,57.2,"{""nPropDigits"":3,""nPropNumber"":1,""nPropValue"":57.2,""CombinedUncertainty"":{""nCombExpandUncertValue"":1,""nCombUncertAssessNum"":1}}",variable,"{""nVarDigits"":5,""nVarNumber"":1,""nVarValue"":298.15}",298.15,True,,57.2,True
10.1016/j.jct.2018.01.022#d3#p1#r1,10.1016/j.jct.2018.01.022#d3#p1,10.1016/j.jct.2018.01.022.json,3,1,1,"InChI=1S/C8H6FNS/c1-5-10-7-4-6(9)2-3-8(7)11-5/h2-4H,1H3",LDBFGRGBYVULTJ-UHFFFAOYSA-N,5-fluoro-2-methylbenzothiazole,C8H6FNS,10.1016/j.jct.2018.01.022,2018,"Molar enthalpy of vaporization or sublimation, kJ/mol",Liquid,"[""Liquid"",""Gas""]",Static calorimetry,63.8,"{""nPropNumber"":1,""nPropDigits"":3,""CombinedUncertainty"":{""nCombUncertAssessNum"":1,""nCombExpandUncertValue"":1.1},""nPropValue"":63.8}",variable,"{""nVarNumber"":1,""nVarDigits"":5,""nVarValue"":298.15}",298.15,True,,63.8,True
10.1016/j.jct.2018.02.016#d1#p1#r1,10.1016/j.jct.2018.02.016#d1#p1,10.1016/j.jct.2018.02.016.json,1,1,1,"InChI=1S/C10H16/c1-7-2-9-4-8(1)5-10(3-7)6-9/h7-10H,1-6H2",ORILYTVJVMAKLC-UHFFFAOYSA-N,adamantane,C10H16,10.1016/j.jct.2018.02.016,2018,"Molar enthalpy of vaporization or sublimation, kJ/mol",Liquid,"[""Liquid"",""Gas""]",Correlation gas chromatography,48.5,"{""CombinedUncertainty"":{""nCombUncertAssessNum"":1,""nCombExpandUncertValue"":7.7},""nPropValue"":48.5,""nPropNumber"":1,""nPropDigits"":3}",variable,"{""nVarNumber"":1,""nVarDigits"":5,""nVarValue"":298.15}",298.15,True,,48.5,False
10.1016/j.jct.2018.02.016#d3#p1#r1,10.1016/j.jct.2018.02.016#d3#p1,10.1016/j.jct.2018.02.016.json,3,1,1,"InChI=1S/C14H20/c1-7-2-12-10-4-8-5-11(9(1)10)13(3-7)14(12)6-8/h7-14H,1-6H2",ZICQBHNGXDOVJF-UHFFFAOYSA-N,"pentacyclo[7.3.1.1(4,12).0(2,7).0(6,11)]tetradecane",C14H20,10.1016/j.jct.2018.02.016,2018,"Molar enthalpy of vaporization or sublimation, kJ/mol",Liquid,"[""Liquid"",""Gas""]",Correlation gas chromatography,65,"{""nPropValue"":65,""CombinedUncertainty"":{""nCombUncertAssessNum"":1,""nCombExpandUncertValue"":8.9},""nPropNumber"":1,""nPropDigits"":3}",variable,"{""nVarDigits"":5,""nVarNumber"":1,""nVarValue"":298.15}",298.15,True,,65,False
10.1016/j.jct.2018.02.016#d5#p1#r1,10.1016/j.jct.2018.02.016#d5#p1,10.1016/j.jct.2018.02.016.json,5,1,1,"InChI=1S/C15H24/c1-10-7-8-15-9-12(10)14(3,4)13(15)6-5-11(15)2/h7,11-13H,5-6,8-9H2,1-4H3/t11-,12+,13+,15+/m1/s1",IRAQOCYXUMOFCW-OSFYFWSMSA-N,alpha-cedrene,C15H24,10.1016/j.jct.2018.02.016,2018,"Molar enthalpy of vaporization or sublimation, kJ/mol",Liquid,"[""Liquid"",""Gas""]",Correlation gas chromatography,65,"{""nPropValue"":65,""CombinedUncertainty"":{""nCombExpandUncertValue"":4.1,""nCombUncertAssessNum"":1},""nPropNumber"":1,""nPropDigits"":3}",variable,"{""nVarValue"":298.15,""nVarNumber"":1,""nVarDigits"":5}",298.15,True,,65,False
10.1016/j.jct.2018.02.016#d7#p1#r1,10.1016/j.jct.2018.02.016#d7#p1,10.1016/j.jct.2018.02.016.json,7,1,1,"InChI=1S/C15H24/c1-10-7-8-15-9-12(10)14(3,4)13(15)6-5-11(15)2/h11-13H,1,5-9H2,2-4H3/t11-,12+,13+,15+/m1/s1",DYLPEFGBWGEFBB-OSFYFWSMSA-N,beta-cedrene,C15H24,10.1016/j.jct.2018.02.016,2018,"Molar enthalpy of vaporization or sublimation, kJ/mol",Liquid,"[""Liquid"",""Gas""]",Correlation gas chromatography,64.9,"{""CombinedUncertainty"":{""nCombExpandUncertValue"":4.1,""nCombUncertAssessNum"":1},""nPropValue"":64.9,""nPropDigits"":3,""nPropNumber"":1}",variable,"{""nVarDigits"":5,""nVarNumber"":1,""nVarValue"":298.15}",298.15,True,,64.9,False
10.1016/j.jct.2018.03.001#d1#p1#r1,10.1016/j.jct.2018.03.001#d1#p1,10.1016/j.jct.2018.03.001.json,1,1,1,InChI=1S/C6H14N2O/c7-1-2-8-3-5-9-6-4-8/h1-7H2,RWIVICVCHVMHMU-UHFFFAOYSA-N,4-morpholineethanamine,C6H14N2O,10.1016/j.jct.2018.03.001,2018,"Molar enthalpy of vaporization or sublimation, kJ/mol",Liquid,"[""Liquid"",""Gas""]",Static calorimetry,64,"{""CombinedUncertainty"":{""nCombExpandUncertValue"":3.9,""nCombUncertAssessNum"":1},""nPropValue"":64,""nPropNumber"":1,""nPropDigits"":3}",variable,"{""nVarDigits"":5,""nVarNumber"":1,""nVarValue"":298.15}",298.15,True,,64,True
10.1016/j.jct.2018.03.001#d2#p1#r1,10.1016/j.jct.2018.03.001#d2#p1,10.1016/j.jct.2018.03.001.json,2,1,1,InChI=1S/C7H16N2O/c8-2-1-3-9-4-6-10-7-5-9/h1-8H2,UIKUBYKUYUSRSM-UHFFFAOYSA-N,N-(3-aminopropyl)morpholine,C7H16N2O,10.1016/j.jct.2018.03.001,2018,"Molar enthalpy of vaporization or sublimation, kJ/mol",Liquid,"[""Liquid"",""Gas""]",Static calorimetry,61.8,"{""nPropValue"":61.8,""CombinedUncertainty"":{""nCombExpandUncertValue"":3.6,""nCombUncertAssessNum"":1},""nPropNumber"":1,""nPropDigits"":3}",variable,"{""nVarValue"":298.15,""nVarNumber"":1,""nVarDigits"":5}",298.15,True,,61.8,True
10.1016/j.jct.2018.03.002#d4#p1#r1,10.1016/j.jct.2018.03.002#d4#p1,10.1016/j.jct.2018.03.002.json,4,1,1,"InChI=1S/C4H6N2S/c1-6-3-2-5-4(6)7/h2-3H,1H3,(H,5,7)",PMRYVIKBURPHAH-UHFFFAOYSA-N,"imidazole-2-thiol, 1-methyl-",C4H6N2S,10.1016/j.jct.2018.03.002,2018,"Molar enthalpy of vaporization or sublimation, kJ/mol",Crystal,"[""Crystal"",""Gas""]",Static calorimetry,111,"{""nPropNumber"":1,""nPropDigits"":4,""CombinedUncertainty"":{""nCombExpandUncertValue"":2,""nCombUncertAssessNum"":1},""nPropValue"":111}",variable,"{""nVarValue"":298.15,""nVarNumber"":1,""nVarDigits"":5}",298.15,False,,111,True
10.1016/j.jct.2018.03.002#d6#p1#r1,10.1016/j.jct.2018.03.002#d6#p1,10.1016/j.jct.2018.03.002.json,6,1,1,"InChI=1S/C7H7N3S/c8-4-1-2-5-6(3-4)10-7(11)9-5/h1-3H,8H2,(H2,9,10,11)",BXDMTLVCACMNJO-UHFFFAOYSA-N,5-amino-2-mercaptobenzimidazole,C7H7N3S,10.1016/j.jct.2018.03.002,2018,"Molar enthalpy of vaporization or sublimation, kJ/mol",Crystal,"[""Crystal"",""Gas""]",Static calorimetry,152.5,"{""nPropValue"":152.5,""CombinedUncertainty"":{""nCombExpandUncertValue"":3.4,""nCombUncertAssessNum"":1},""nPropNumber"":1,""nPropDigits"":4}",variable,"{""nVarValue"":298.15,""nVarNumber"":1,""nVarDigits"":5}",298.15,False,,152.5,True
10.1016/j.jct.2018.03.002#d8#p1#r1,10.1016/j.jct.2018.03.002#d8#p1,10.1016/j.jct.2018.03.002.json,8,1,1,"InChI=1S/C8H8N2OS/c1-11-5-2-3-6-7(4-5)10-8(12)9-6/h2-4H,1H3,(H2,9,10,12)",KOFBRZWVWJCLGM-UHFFFAOYSA-N,"1,3-dihydro-5-methoxy-2H-benzimidazole-2-thione",C8H8N2OS,10.1016/j.jct.2018.03.002,2018,"Molar enthalpy of vaporization or sublimation, kJ/mol",Crystal,"[""Crystal"",""Gas""]",Static calorimetry,144.6,"{""nPropValue"":144.6,""CombinedUncertainty"":{""nCombExpandUncertValue"":2.3,""nCombUncertAssessNum"":1},""nPropDigits"":4,""nPropNumber"":1}",variable,"{""nVarDigits"":5,""nVarNumber"":1,""nVarValue"":298.15}",298.15,False,,144.6,True
10.1016/j.jct.2018.04.011#d3#p1#r1,10.1016/j.jct.2018.04.011#d3#p1,10.1016/j.jct.2018.04.011.json,3,1,1,"InChI=1S/C8H8O3/c1-11-8(10)6-4-2-3-5-7(6)9/h2-5,9H,1H3",OSWPMRLSEDHDFF-UHFFFAOYSA-N,methyl 2-hydroxybenzoate,C8H8O3,10.1016/j.jct.2018.04.011,2018,"Molar enthalpy of vaporization or sublimation, kJ/mol",Liquid,"[""Liquid"",""Gas""]",Derived by Second law,64.4,"{""nPropValue"":64.4,""CombinedUncertainty"":{""nCombExpandUncertValue"":1.8,""nCombUncertAssessNum"":1},""nPropDigits"":3,""nPropNumber"":1}",variable,"{""nVarValue"":306,""nVarDigits"":4,""nVarNumber"":1}",306,True,,64.4,False
10.1016/j.jct.2018.04.011#d7#p1#r1,10.1016/j.jct.2018.04.011#d7#p1,10.1016/j.jct.2018.04.011.json,7,1,1,"InChI=1S/C8H8O3/c1-11-8(10)6-3-2-4-7(9)5-6/h2-5,9H,1H3",YKUCHDXIBAQWSF-UHFFFAOYSA-N,methyl 3-hydroxybenzoate,C8H8O3,10.1016/j.jct.2018.04.011,2018,"Molar enthalpy of vaporization or sublimation, kJ/mol",Liquid,"[""Liquid"",""Gas""]",Derived by Second law,78.1,"{""nPropValue"":78.1,""CombinedUncertainty"":{""nCombExpandUncertValue"":1.9,""nCombUncertAssessNum"":1},""nPropNumber"":1,""nPropDigits"":3}",variable,"{""nVarDigits"":4,""nVarNumber"":1,""nVarValue"":358}",358,True,,78.1,False
10.1016/j.jct.2018.04.011#d12#p1#r1,10.1016/j.jct.2018.04.011#d12#p1,10.1016/j.jct.2018.04.011.json,12,1,1,"InChI=1S/C8H8O3/c1-11-8(10)6-2-4-7(9)5-3-6/h2-5,9H,1H3",LXCFILQKKLGQFO-UHFFFAOYSA-N,methyl 4-hydroxybenzoate,C8H8O3,10.1016/j.jct.2018.04.011,2018,"Molar enthalpy of vaporization or sublimation, kJ/mol",Liquid,"[""Liquid"",""Gas""]",Derived by Second law,78.2,"{""CombinedUncertainty"":{""nCombUncertAssessNum"":1,""nCombExpandUncertValue"":1.9},""nPropValue"":78.2,""nPropNumber"":1,""nPropDigits"":3}",variable,"{""nVarNumber"":1,""nVarDigits"":4,""nVarValue"":418}",418,True,,78.2,False
10.1016/j.jct.2018.06.017#d1#p1#r1,10.1016/j.jct.2018.06.017#d1#p1,10.1016/j.jct.2018.06.017.json,1,1,1,"InChI=1S/C15H24/c1-11-6-5-7-12(2)13-10-15(3,4)14(13)9-8-11/h6,13-14H,2,5,7-10H2,1,3-4H3/b11-6+/t13-,14-/m1/s1",NPNUFJAVOOONJE-GFUGXAQUSA-N,"[1R-(1R*,4E,9S*)]-4,11,11-trimethyl-8-methylene-bicyclo[7.2.0]-4-undecene",C15H24,10.1016/j.jct.2018.06.017,2018,"Molar enthalpy of vaporization or sublimation, kJ/mol",Liquid,"[""Liquid"",""Gas""]",Correlation gas chromatography,65.9,"{""nPropValue"":65.9,""CombinedUncertainty"":{""nCombExpandUncertValue"":4.4,""nCombUncertAssessNum"":1},""nPropNumber"":1,""nPropDigits"":3}",variable,"{""nVarValue"":298.15,""nVarDigits"":5,""nVarNumber"":1}",298.15,True,,65.9,False
10.1016/j.jct.2018.06.017#d3#p1#r1,10.1016/j.jct.2018.06.017#d3#p1,10.1016/j.jct.2018.06.017.json,3,1,1,"InChI=1S/C15H24/c1-11(2)6-5-9-15(4)13-8-7-12(3)14(15)10-13/h6-7,13-14H,5,8-10H2,1-4H3/t13-,14-,15+/m0/s1",YMBFCQPIMVLNIU-SOUVJXGZSA-N,(-)-exo-.alpha.-bergamotene,C15H24,10.1016/j.jct.2018.06.017,2018,"Molar enthalpy of vaporization or sublimation, kJ/mol",Liquid,"[""Liquid"",""Gas""]",Correlation gas chromatography,69.5,"{""nPropNumber"":1,""nPropDigits"":3,""nPropValue"":69.5,""CombinedUncertainty"":{""nCombUncertAssessNum"":1,""nCombExpandUncertValue"":4.3}}",variable,"{""nVarNumber"":1,""nVarDigits"":5,""nVarValue"":298.15}",298.15,True,,69.5,False
10.1016/j.jct.2018.06.017#d5#p1#r1,10.1016/j.jct.2018.06.017#d5#p1,10.1016/j.jct.2018.06.017.json,5,1,1,"InChI=1S/C15H24/c1-13-7-5-8-14(2)10-12-15(3,4)11-6-9-13/h6-7,10-11H,5,8-9,12H2,1-4H3/b11-6+,13-7+,14-10+",FAMPSKZZVDUYOS-HRGUGZIWSA-N,"(E,E,E)-2,6,6,9-tetramethyl-1,4,8-cycloundecatriene",C15H24,10.1016/j.jct.2018.06.017,2018,"Molar enthalpy of vaporization or sublimation, kJ/mol",Liquid,"[""Liquid"",""Gas""]",Correlation gas chromatography,67.5,"{""nPropDigits"":3,""nPropNumber"":1,""nPropValue"":67.5,""CombinedUncertainty"":{""nCombExpandUncertValue"":4.4,""nCombUncertAssessNum"":1}}",variable,"{""nVarValue"":298.15,""nVarDigits"":5,""nVarNumber"":1}",298.15,True,,67.5,False
10.1016/j.jct.2018.06.017#d7#p1#r1,10.1016/j.jct.2018.06.017#d7#p1,10.1016/j.jct.2018.06.017.json,7,1,1,"InChI=1S/C15H24/c1-11-6-5-7-12(2)13-10-15(3,4)14(13)9-8-11/h6,13-14H,2,5,7-10H2,1,3-4H3/b11-6-/t13-,14-/m1/s1",NPNUFJAVOOONJE-FLFDDASRSA-N,(Z)-caryophyllene,C15H24,10.1016/j.jct.2018.06.017,2018,"Molar enthalpy of vaporization or sublimation, kJ/mol",Liquid,"[""Liquid"",""Gas""]",Correlation gas chromatography,66,"{""nPropDigits"":3,""nPropNumber"":1,""CombinedUncertainty"":{""nCombExpandUncertValue"":4.2,""nCombUncertAssessNum"":1},""nPropValue"":66}",variable,"{""nVarValue"":298.15,""nVarDigits"":5,""nVarNumber"":1}",298.15,True,,66,False
10.1016/j.jct.2018.07.008#d1#p1#r1,10.1016/j.jct.2018.07.008#d1#p1,10.1016/j.jct.2018.07.008.json,1,1,1,"InChI=1S/C12H9NO/c1-8-13-12-10-5-3-2-4-9(10)6-7-11(12)14-8/h2-7H,1H3",JCTNVNANPZAULC-UHFFFAOYSA-N,"2-methylnaphtho[1,2-d]oxazole",C12H9NO,10.1016/j.jct.2018.07.008,2018,"Molar enthalpy of vaporization or sublimation, kJ/mol",Liquid,"[""Liquid"",""Gas""]",Static calorimetry,74,"{""CombinedUncertainty"":{""nCombExpandUncertValue"":1.3,""nCombUncertAssessNum"":1},""nPropValue"":74,""nPropDigits"":3,""nPropNumber"":1}",variable,"{""nVarDigits"":5,""nVarNumber"":1,""nVarValue"":298.15}",298.15,True,,74,True
10.1016/j.jct.2018.07.008#d4#p1#r1,10.1016/j.jct.2018.07.008#d4#p1,10.1016/j.jct.2018.07.008.json,4,1,1,"InChI=1S/C12H9NO/c1-8-13-11-6-9-4-2-3-5-10(9)7-12(11)14-8/h2-7H,1H3",WMIHEWJRNFUVNR-UHFFFAOYSA-N,"2-methylnaphtho[2,3-d]oxazole",C12H9NO,10.1016/j.jct.2018.07.008,2018,"Molar enthalpy of vaporization or sublimation, kJ/mol",Crystal,"[""Crystal"",""Gas""]",Static calorimetry,93.4,"{""nPropNumber"":1,""nPropDigits"":3,""CombinedUncertainty"":{""nCombExpandUncertValue"":1.5,""nCombUncertAssessNum"":1},""nPropValue"":93.4}",variable,"{""nVarNumber"":1,""nVarDigits"":5,""nVarValue"":298.15}",298.15,False,,93.4,True
10.1016/j.jct.2018.07.008#d8#p1#r1,10.1016/j.jct.2018.07.008#d8#p1,10.1016/j.jct.2018.07.008.json,8,1,1,"InChI=1S/C12H9NS/c1-8-13-12-10-5-3-2-4-9(10)6-7-11(12)14-8/h2-7H,1H3",OUXMJRMYZCEVKO-UHFFFAOYSA-N,"2-methylnaphtho[1,2-d]thiazole",C12H9NS,10.1016/j.jct.2018.07.008,2018,"Molar enthalpy of vaporization or sublimation, kJ/mol",Crystal,"[""Crystal"",""Gas""]",Static calorimetry,97,"{""nPropValue"":97,""CombinedUncertainty"":{""nCombUncertAssessNum"":1,""nCombExpandUncertValue"":2.2},""nPropNumber"":1,""nPropDigits"":3}",variable,"{""nVarValue"":298.15,""nVarDigits"":5,""nVarNumber"":1}",298.15,False,,97,True
10.1016/j.jct.2018.07.023#d3#p1#r1,10.1016/j.jct.2018.07.023#d3#p1,10.1016/j.jct.2018.07.023.json,3,1,1,"InChI=1S/C8H8O3/c1-11-8-4-6(5-9)2-3-7(8)10/h2-5,10H,1H3",MWOOGOJBHIARFG-UHFFFAOYSA-N,vanillin,C8H8O3,10.1016/j.jct.2018.07.023,2019,"Molar enthalpy of vaporization or sublimation, kJ/mol",Crystal,"[""Crystal"",""Gas""]",Static calorimetry,99.7,"{""nPropNumber"":1,""nPropDigits"":3,""CombinedUncertainty"":{""nCombExpandUncertValue"":2.7,""nCombUncertAssessNum"":1},""nPropValue"":99.7}",variable,"{""nVarNumber"":1,""nVarDigits"":5,""nVarValue"":298.15}",298.15,False,,99.7,True
10.1016/j.jct.2018.07.023#d4#p1#r1,10.1016/j.jct.2018.07.023#d4#p1,10.1016/j.jct.2018.07.023.json,4,1,1,"InChI=1S/C8H8O3/c1-11-8-4-6(5-9)2-3-7(8)10/h2-5,10H,1H3",MWOOGOJBHIARFG-UHFFFAOYSA-N,vanillin,C8H8O3,10.1016/j.jct.2018.07.023,2019,"Molar enthalpy of vaporization or sublimation, kJ/mol",Liquid,"[""Liquid"",""Gas""]",Static calorimetry,74.92,"{""nPropNumber"":1,""nPropDigits"":4,""nPropValue"":74.92,""CombinedUncertainty"":{""nCombExpandUncertValue"":2.42,""nCombUncertAssessNum"":1}}",variable,"{""nVarNumber"":1,""nVarDigits"":5,""nVarValue"":375.81}",375.81,True,,74.92,True
10.1016/j.jct.2018.07.026#d3#p1#r1,10.1016/j.jct.2018.07.026#d3#p1,10.1016/j.jct.2018.07.026.json,3,1,1,"InChI=1S/C8H5NO6/c10-7(11)4-2-1-3-5(9(14)15)6(4)8(12)13/h1-3H,(H,10,11)(H,12,13)",KFIRODWJCYBBHY-UHFFFAOYSA-N,"3-nitro-1,2-benzenedicarboxylic acid",C8H5NO6,10.1016/j.jct.2018.07.026,2018,"Molar enthalpy of vaporization or sublimation, kJ/mol",Crystal,"[""Crystal"",""Gas""]",Derived by Second law,126.9,"{""nPropNumber"":1,""nPropDigits"":4,""nPropValue"":126.9,""CombinedUncertainty"":{""nCombUncertAssessNum"":1,""nCombExpandUncertValue"":3.4}}",variable,"{""nVarValue"":474.5,""nVarNumber"":1,""nVarDigits"":4}",474.5,False,,126.9,False
10.1016/j.jct.2018.07.026#d8#p1#r1,10.1016/j.jct.2018.07.026#d8#p1,10.1016/j.jct.2018.07.026.json,8,1,1,"InChI=1S/C8H5NO6/c10-7(11)5-2-1-4(9(14)15)3-6(5)8(12)13/h1-3H,(H,10,11)(H,12,13)",SLBQXWXKPNIVSQ-UHFFFAOYSA-N,4-nitrophthalic acid,C8H5NO6,10.1016/j.jct.2018.07.026,2018,"Molar enthalpy of vaporization or sublimation, kJ/mol",Crystal,"[""Crystal"",""Gas""]",Derived by Second law,114.1,"{""nPropNumber"":1,""nPropDigits"":4,""nPropValue"":114.1,""CombinedUncertainty"":{""nCombExpandUncertValue"":3,""nCombUncertAssessNum"":1}}",variable,"{""nVarNumber"":1,""nVarDigits"":4,""nVarValue"":422}",422,False,,114.1,False
10.1016/j.jct.2018.09.012#d1#p1#r1,10.1016/j.jct.2018.09.012#d1#p1,10.1016/j.jct.2018.09.012.json,1,1,1,InChI=1S/C12H8O/c1-3-7-11-9(5-1)10-6-2-4-8-12(10)13-11/h1-8H,TXCDCPKCNAJMEE-UHFFFAOYSA-N,dibenzo[bd]furan,C12H8O,10.1016/j.jct.2018.09.012,2019,"Molar enthalpy of vaporization or sublimation, kJ/mol",Metastable liquid,"[""Metastable liquid"",""Gas""]",Correlation gas chromatography,68.7,"{""nPropDigits"":3,""nPropNumber"":1,""CombinedUncertainty"":{""nCombExpandUncertValue"":2.8,""nCombUncertAssessNum"":1},""nPropValue"":68.7}",variable,"{""nVarNumber"":1,""nVarDigits"":5,""nVarValue"":298.15}",298.15,False,,68.7,False
10.1016/j.jct.2018.09.012#d6#p1#r1,10.1016/j.jct.2018.09.012#d6#p1,10.1016/j.jct.2018.09.012.json,6,1,1,"InChI=1S/C16H28O/c1-14(2)8-5-9-15(3)12(14)6-10-16(4)13(15)7-11-17-16/h12-13H,5-11H2,1-4H3/t12-,13+,15-,16+/m0/s1",YPZUZOLGGMJZJO-LQKXBSAESA-N,(-)-Ambroxide,C16H28O,10.1016/j.jct.2018.09.012,2019,"Molar enthalpy of vaporization or sublimation, kJ/mol",Metastable liquid,"[""Metastable liquid"",""Gas""]",Correlation gas chromatography,78.3,"{""nPropValue"":78.3,""CombinedUncertainty"":{""nCombUncertAssessNum"":1,""nCombExpandUncertValue"":2.3},""nPropDigits"":3,""nPropNumber"":1}",variable,"{""nVarNumber"":1,""nVarDigits"":5,""nVarValue"":298.15}",298.15,False,,78.3,False
10.1016/j.jct.2018.09.012#d8#p1#r1,10.1016/j.jct.2018.09.012#d8#p1,10.1016/j.jct.2018.09.012.json,8,1,1,"InChI=1S/C18H26O/c1-11-9-19-10-13-7-15-16(8-14(11)13)18(5,6)12(2)17(15,3)4/h7-8,11-12H,9-10H2,1-6H3",ONKNPOPIGWHAQC-UHFFFAOYSA-N,Galaxolide,C18H26O,10.1016/j.jct.2018.09.012,2019,"Molar enthalpy of vaporization or sublimation, kJ/mol",Metastable liquid,"[""Metastable liquid"",""Gas""]",Correlation gas chromatography,86.7,"{""nPropDigits"":3,""nPropNumber"":1,""nPropValue"":86.7,""CombinedUncertainty"":{""nCombExpandUncertValue"":2.5,""nCombUncertAssessNum"":1}}",variable,"{""nVarValue"":298.15,""nVarNumber"":1,""nVarDigits"":5}",298.15,False,,86.7,False
10.1016/j.jct.2018.10.007#d1#p1#r1,10.1016/j.jct.2018.10.007#d1#p1,10.1016/j.jct.2018.10.007.json,1,1,1,"InChI=1S/C26H56P.C2F6NO4S2/c1-5-9-13-14-15-16-17-18-19-20-21-22-26-27(23-10-6-2,24-11-7-3)25-12-8-4;3-1(4,5)14(10,11)9-15(12,13)2(6,7)8/h5-26H2,1-4H3;/q+1;-1",NYJDFGBMGPOULY-UHFFFAOYSA-N,tri-n-butyltetradecylphosphonium bis(trifluoromethanesulfonyl)imide,C28H56F6NO4PS2,10.1016/j.jct.2018.10.007,2019,"Molar enthalpy of vaporization or sublimation, kJ/mol",Liquid,"[""Liquid"",""Gas""]",Derived by Second law,167.1,"{""nPropNumber"":1,""nPropDigits"":4,""CombinedUncertainty"":{""nCombUncertAssessNum"":1,""nCombExpandUncertValue"":2.1},""nPropValue"":167.1}",variable,"{""nVarDigits"":4,""nVarNumber"":1,""nVarValue"":416.4}",416.4,True,disconnected_formula;charge_or_protonation_layer,167.1,False
10.1016/j.jct.2018.10.007#d3#p1#r1,10.1016/j.jct.2018.10.007#d3#p1,10.1016/j.jct.2018.10.007.json,3,1,1,"InChI=1S/C28H60P.C2F6NO4S2/c1-5-9-13-14-15-16-17-18-19-20-21-22-23-24-28-29(25-10-6-2,26-11-7-3)27-12-8-4;3-1(4,5)14(10,11)9-15(12,13)2(6,7)8/h5-28H2,1-4H3;/q+1;-1",UYVZFLHQAALWSG-UHFFFAOYSA-N,tributylhexadecylphosphonium bis(trifluoromethanesulfonyl)imide,C30H60F6NO4PS2,10.1016/j.jct.2018.10.007,2019,"Molar enthalpy of vaporization or sublimation, kJ/mol",Liquid,"[""Liquid"",""Gas""]",Derived by Second law,135.5,"{""CombinedUncertainty"":{""nCombUncertAssessNum"":1,""nCombExpandUncertValue"":10.1},""nPropValue"":135.5,""nPropNumber"":1,""nPropDigits"":4}",variable,"{""nVarNumber"":1,""nVarDigits"":4,""nVarValue"":578.7}",578.7,True,disconnected_formula;charge_or_protonation_layer,135.5,False
10.1016/j.jct.2018.10.007#d4#p1#r1,10.1016/j.jct.2018.10.007#d4#p1,10.1016/j.jct.2018.10.007.json,4,1,1,"InChI=1S/C32H68P.C2F6NO4S2/c1-5-9-13-17-18-19-20-21-22-23-24-28-32-33(29-25-14-10-6-2,30-26-15-11-7-3)31-27-16-12-8-4;3-1(4,5)14(10,11)9-15(12,13)2(6,7)8/h5-32H2,1-4H3;/q+1;-1",HYNYWFRJHNNLJA-UHFFFAOYSA-N,trihexyl(tetradecyl)phosphonium bis[(trifluoromethyl)sulfonyl]imide,C34H68F6NO4PS2,10.1016/j.jct.2018.10.007,2019,"Molar enthalpy of vaporization or sublimation, kJ/mol",Liquid,"[""Liquid"",""Gas""]",Derived by Second law,181.6,"{""nPropNumber"":1,""nPropDigits"":4,""nPropValue"":181.6,""CombinedUncertainty"":{""nCombExpandUncertValue"":2.2,""nCombUncertAssessNum"":1}}",variable,"{""nVarValue"":429.8,""nVarDigits"":4,""nVarNumber"":1}",429.8,True,disconnected_formula;charge_or_protonation_layer,181.6,False
10.1016/j.jct.2018.10.007#d6#p1#r1,10.1016/j.jct.2018.10.007#d6#p1,10.1016/j.jct.2018.10.007.json,6,1,1,"InChI=1S/C32H68P.ClH/c1-5-9-13-17-21-25-29-33(30-26-22-18-14-10-6-2,31-27-23-19-15-11-7-3)32-28-24-20-16-12-8-4;/h5-32H2,1-4H3;1H/q+1;/p-1",AXTXARBFPWQUQA-UHFFFAOYSA-M,tetraoctylphosphonium chloride,C32H68ClP,10.1016/j.jct.2018.10.007,2019,"Molar enthalpy of vaporization or sublimation, kJ/mol",Liquid,"[""Liquid"",""Gas""]",Derived by Second law,185.3,"{""nPropValue"":185.3,""CombinedUncertainty"":{""nCombUncertAssessNum"":1,""nCombExpandUncertValue"":2.4},""nPropNumber"":1,""nPropDigits"":4}",variable,"{""nVarNumber"":1,""nVarDigits"":4,""nVarValue"":432.8}",432.8,True,disconnected_formula;charge_or_protonation_layer,185.3,False
10.1016/j.jct.2018.10.007#d8#p1#r1,10.1016/j.jct.2018.10.007#d8#p1,10.1016/j.jct.2018.10.007.json,8,1,1,"InChI=1S/C24H52P.BrH/c1-5-9-13-17-21-25(22-18-14-10-6-2,23-19-15-11-7-3)24-20-16-12-8-4;/h5-24H2,1-4H3;1H/q+1;/p-1",ZDPBCYYDJHTNKC-UHFFFAOYSA-M,tetrahexylphosphonium bromide,C24H52BrP,10.1016/j.jct.2018.10.007,2019,"Molar enthalpy of vaporization or sublimation, kJ/mol",Liquid,"[""Liquid"",""Gas""]",Derived by Second law,165,"{""nPropNumber"":1,""nPropDigits"":4,""CombinedUncertainty"":{""nCombUncertAssessNum"":1,""nCombExpandUncertValue"":2.1},""nPropValue"":165}",variable,"{""nVarValue"":425.8,""nVarDigits"":4,""nVarNumber"":1}",425.8,True,disconnected_formula;charge_or_protonation_layer,165,False
10.1016/j.jct.2018.10.007#d10#p1#r1,10.1016/j.jct.2018.10.007#d10#p1,10.1016/j.jct.2018.10.007.json,10,1,1,"InChI=1S/C23H50P.F6P/c1-5-9-13-17-21-24(20-16-12-8-4,22-18-14-10-6-2)23-19-15-11-7-3;1-7(2,3,4,5)6/h5-23H2,1-4H3;/q+1;-1",NLAQSJDWYQLILD-UHFFFAOYSA-N,trihexylpentylphosphonium hexafluorophosphate,C23H50F6P2,10.1016/j.jct.2018.10.007,2019,"Molar enthalpy of vaporization or sublimation, kJ/mol",Liquid,"[""Liquid"",""Gas""]",Derived by Second law,163.6,"{""nPropValue"":163.6,""CombinedUncertainty"":{""nCombUncertAssessNum"":1,""nCombExpandUncertValue"":2.1},""nPropNumber"":1,""nPropDigits"":4}",variable,"{""nVarNumber"":1,""nVarDigits"":4,""nVarValue"":426.5}",426.5,True,disconnected_formula;charge_or_protonation_layer,163.6,False
10.1016/j.jct.2018.10.007#d12#p1#r1,10.1016/j.jct.2018.10.007#d12#p1,10.1016/j.jct.2018.10.007.json,12,1,1,"InChI=1S/C24H52P.F6P/c1-5-9-13-17-21-25(22-18-14-10-6-2,23-19-15-11-7-3)24-20-16-12-8-4;1-7(2,3,4,5)6/h5-24H2,1-4H3;/q+1;-1",BCXRMAKDYDNZHG-UHFFFAOYSA-N,tetrahexylphosphonium hexafluorophosphate,C24H52F6P2,10.1016/j.jct.2018.10.007,2019,"Molar enthalpy of vaporization or sublimation, kJ/mol",Liquid,"[""Liquid"",""Gas""]",Derived by Second law,169.8,"{""nPropNumber"":1,""nPropDigits"":4,""CombinedUncertainty"":{""nCombExpandUncertValue"":2.2,""nCombUncertAssessNum"":1},""nPropValue"":169.8}",variable,"{""nVarValue"":426.3,""nVarDigits"":4,""nVarNumber"":1}",426.3,True,disconnected_formula;charge_or_protonation_layer,169.8,False
10.1016/j.jct.2018.10.007#d13#p1#r1,10.1016/j.jct.2018.10.007#d13#p1,10.1016/j.jct.2018.10.007.json,13,1,1,"InChI=1S/C24H52P.F6P/c1-5-9-13-17-21-25(22-18-14-10-6-2,23-19-15-11-7-3)24-20-16-12-8-4;1-7(2,3,4,5)6/h5-24H2,1-4H3;/q+1;-1",BCXRMAKDYDNZHG-UHFFFAOYSA-N,tetrahexylphosphonium hexafluorophosphate,C24H52F6P2,10.1016/j.jct.2018.10.007,2019,"Molar enthalpy of vaporization or sublimation, kJ/mol",Liquid,"[""Liquid"",""Gas""]",Derived by Second law,136.9,"{""nPropValue"":136.9,""CombinedUncertainty"":{""nCombUncertAssessNum"":1,""nCombExpandUncertValue"":10.1},""nPropDigits"":4,""nPropNumber"":1}",variable,"{""nVarNumber"":1,""nVarDigits"":4,""nVarValue"":562.4}",562.4,True,disconnected_formula;charge_or_protonation_layer,136.9,False
10.1016/j.jct.2018.10.007#d15#p1#r1,10.1016/j.jct.2018.10.007#d15#p1,10.1016/j.jct.2018.10.007.json,15,1,1,"InChI=1S/C25H54P.F6P/c1-5-9-13-17-21-25-26(22-18-14-10-6-2,23-19-15-11-7-3)24-20-16-12-8-4;1-7(2,3,4,5)6/h5-25H2,1-4H3;/q+1;-1",XPKRTVFFOQAGAS-UHFFFAOYSA-N,trihexylheptylphosphonium hexafluorophosphate,C25H54F6P2,10.1016/j.jct.2018.10.007,2019,"Molar enthalpy of vaporization or sublimation, kJ/mol",Liquid,"[""Liquid"",""Gas""]",Derived by Second law,168.8,"{""nPropNumber"":1,""nPropDigits"":4,""nPropValue"":168.8,""CombinedUncertainty"":{""nCombExpandUncertValue"":2.2,""nCombUncertAssessNum"":1}}",variable,"{""nVarValue"":429,""nVarNumber"":1,""nVarDigits"":4}",429,True,disconnected_formula;charge_or_protonation_layer,168.8,False
10.1016/j.jct.2018.10.007#d17#p1#r1,10.1016/j.jct.2018.10.007#d17#p1,10.1016/j.jct.2018.10.007.json,17,1,1,"InChI=1S/C26H56P.F6P/c1-5-9-13-17-18-22-26-27(23-19-14-10-6-2,24-20-15-11-7-3)25-21-16-12-8-4;1-7(2,3,4,5)6/h5-26H2,1-4H3;/q+1;-1",HCWQAQCHTZFFAV-UHFFFAOYSA-N,trihexyloctylphosphonium hexafluorophosphate,C26H56F6P2,10.1016/j.jct.2018.10.007,2019,"Molar enthalpy of vaporization or sublimation, kJ/mol",Liquid,"[""Liquid"",""Gas""]",Derived by Second law,171.2,"{""CombinedUncertainty"":{""nCombUncertAssessNum"":1,""nCombExpandUncertValue"":2.2},""nPropValue"":171.2,""nPropDigits"":4,""nPropNumber"":1}",variable,"{""nVarNumber"":1,""nVarDigits"":4,""nVarValue"":432}",432,True,disconnected_formula;charge_or_protonation_layer,171.2,False
10.1016/j.jct.2018.10.007#d19#p1#r1,10.1016/j.jct.2018.10.007#d19#p1,10.1016/j.jct.2018.10.007.json,19,1,1,"InChI=1S/C25H54P.C2F6NO4S2/c1-5-9-13-17-21-25-26(22-18-14-10-6-2,23-19-15-11-7-3)24-20-16-12-8-4;3-1(4,5)14(10,11)9-15(12,13)2(6,7)8/h5-25H2,1-4H3;/q+1;-1",QGFKEJNZCFQRPM-UHFFFAOYSA-N,trihexylheptylphosphonium bis(trifluoromethanesulfonyl)imide,C27H54F6NO4PS2,10.1016/j.jct.2018.10.007,2019,"Molar enthalpy of vaporization or sublimation, kJ/mol",Liquid,"[""Liquid"",""Gas""]",Derived by Second law,171,"{""CombinedUncertainty"":{""nCombUncertAssessNum"":1,""nCombExpandUncertValue"":2.2},""nPropValue"":171,""nPropNumber"":1,""nPropDigits"":4}",variable,"{""nVarValue"":431.7,""nVarNumber"":1,""nVarDigits"":4}",431.7,True,disconnected_formula;charge_or_protonation_layer,171,False
10.1016/j.jct.2018.10.033#d1#p1#r1,10.1016/j.jct.2018.10.033#d1#p1,10.1016/j.jct.2018.10.033.json,1,1,1,"InChI=1S/4C5HF6O2.K.La/c4*6-4(7,8)2(12)1-3(13)5(9,10)11;;/h4*1H;;/q4*-1;+1;+3",NDGMOVPHLSCYLW-UHFFFAOYSA-N,"potassium tetrakis(1,1,1,5,5,5-hexafluoro-2,4-pentanedionato)lanthanate(III)",C20H4F24KLaO8,10.1016/j.jct.2018.10.033,2019,"Molar enthalpy of vaporization or sublimation, kJ/mol",Crystal,"[""Crystal"",""Gas""]",Derived by Second law,170.6,"{""nPropDigits"":4,""nPropNumber"":1,""CombinedUncertainty"":{""nCombUncertAssessNum"":1,""nCombExpandUncertValue"":2.8},""nPropValue"":170.6}",variable,"{""nVarValue"":443,""nVarNumber"":1,""nVarDigits"":3}",443,False,disconnected_formula;charge_or_protonation_layer;element_outside_scope,170.6,False
10.1016/j.jct.2018.10.033#d2#p1#r1,10.1016/j.jct.2018.10.033#d2#p1,10.1016/j.jct.2018.10.033.json,2,1,1,"InChI=1S/4C5HF6O2.Gd.K/c4*6-4(7,8)2(12)1-3(13)5(9,10)11;;/h4*1H;;/q4*-1;+3;+1",UVWWBOOLQOFFFI-UHFFFAOYSA-N,"potassium tetrakis(1,1,1,5,5,5-hexafluoro-2,4-pentanedionato)gadolinate(III)",C20H4F24GdKO8,10.1016/j.jct.2018.10.033,2019,"Molar enthalpy of vaporization or sublimation, kJ/mol",Crystal,"[""Crystal"",""Gas""]",Derived by Second law,166.4,"{""nPropDigits"":4,""nPropNumber"":1,""CombinedUncertainty"":{""nCombUncertAssessNum"":1,""nCombExpandUncertValue"":4.1},""nPropValue"":166.4}",variable,"{""nVarValue"":427,""nVarDigits"":3,""nVarNumber"":1}",427,False,disconnected_formula;charge_or_protonation_layer;element_outside_scope,166.4,False
10.1016/j.jct.2018.10.033#d3#p1#r1,10.1016/j.jct.2018.10.033#d3#p1,10.1016/j.jct.2018.10.033.json,3,1,1,"InChI=1S/4C5HF6O2.K.Lu/c4*6-4(7,8)2(12)1-3(13)5(9,10)11;;/h4*1H;;/q4*-1;+1;+3",GSCDEAAJQOQRHY-UHFFFAOYSA-N,"potassium tetrakis(1,1,1,5,5,5-hexafluoro-2,4-pentanedionato)lutetate(III)",C20H4F24KLuO8,10.1016/j.jct.2018.10.033,2019,"Molar enthalpy of vaporization or sublimation, kJ/mol",Crystal,"[""Crystal"",""Gas""]",Derived by Second law,161.8,"{""nPropNumber"":1,""nPropDigits"":4,""nPropValue"":161.8,""CombinedUncertainty"":{""nCombUncertAssessNum"":1,""nCombExpandUncertValue"":3}}",variable,"{""nVarValue"":420,""nVarNumber"":1,""nVarDigits"":2}",420,False,disconnected_formula;charge_or_protonation_layer;element_outside_scope,161.8,False
10.1016/j.jct.2018.12.006#d1#p1#r1,10.1016/j.jct.2018.12.006#d1#p1,10.1016/j.jct.2018.12.006.json,1,1,1,"InChI=1S/C7H15NO3/c1-8(2,3)5-6(9)4-7(10)11/h6,9H,4-5H2,1-3H3/t6-/m1/s1",PHIQHXFUZVPYII-ZCFIWIBFSA-N,(R)-3-hydroxy-4-(trimethylammonio)butanoate,C7H15NO3,10.1016/j.jct.2018.12.006,2019,"Molar enthalpy of vaporization or sublimation, kJ/mol",Crystal,"[""Crystal"",""Gas""]",Derived by Second law,156,"{""nPropNumber"":1,""nPropDigits"":3,""nPropValue"":156,""CombinedUncertainty"":{""nCombExpandUncertValue"":31,""nCombUncertAssessNum"":1}}",variable,"{""nVarNumber"":1,""nVarDigits"":3,""nVarValue"":419}",419,False,,156,False
10.1016/j.jct.2018.12.013#d1#p1#r1,10.1016/j.jct.2018.12.013#d1#p1,10.1016/j.jct.2018.12.013.json,1,1,1,"InChI=1S/C10H16/c1-5-10(4)8-6-7-9(2)3/h5,7H,1,4,6,8H2,2-3H3",UAHWPYUMFXYFJY-UHFFFAOYSA-N,"2-methyl-6-methylene-2,7-octadiene",C10H16,10.1016/j.jct.2018.12.013,2019,"Molar enthalpy of vaporization or sublimation, kJ/mol",Liquid,"[""Liquid"",""Gas""]",Correlation gas chromatography,49.9,"{""nPropDigits"":3,""nPropNumber"":1,""nPropValue"":49.9,""CombinedUncertainty"":{""nCombUncertAssessNum"":1,""nCombExpandUncertValue"":7.1}}",variable,"{""nVarValue"":298.15,""nVarDigits"":5,""nVarNumber"":1}",298.15,True,,49.9,False
10.1016/j.jct.2018.12.013#d3#p1#r1,10.1016/j.jct.2018.12.013#d3#p1,10.1016/j.jct.2018.12.013.json,3,1,1,"InChI=1S/C15H24/c1-10-11-6-7-12-13(11)14(2,3)8-5-9-15(10,12)4/h11-13H,1,5-9H2,2-4H3/t11-,12-,13+,15+/m0/s1",PDSNLYSELAIEBU-RMRHIDDWSA-N,(+)-longifolene,C15H24,10.1016/j.jct.2018.12.013,2019,"Molar enthalpy of vaporization or sublimation, kJ/mol",Liquid,"[""Liquid"",""Gas""]",Correlation gas chromatography,64.3,"{""CombinedUncertainty"":{""nCombUncertAssessNum"":1,""nCombExpandUncertValue"":5.2},""nPropValue"":64.3,""nPropNumber"":1,""nPropDigits"":3}",variable,"{""nVarNumber"":1,""nVarDigits"":5,""nVarValue"":298.15}",298.15,True,,64.3,False
10.1016/j.jct.2018.12.013#d5#p1#r1,10.1016/j.jct.2018.12.013#d5#p1,10.1016/j.jct.2018.12.013.json,5,1,1,"InChI=1S/C15H24/c1-13(2)8-5-6-12-14(3,4)11-7-9-15(12,13)10-11/h6,11H,5,7-10H2,1-4H3/t11-,15-/m0/s1",CQUAYTJDLQBXCQ-NHYWBVRUSA-N,(-)-isolongifolene,C15H24,10.1016/j.jct.2018.12.013,2019,"Molar enthalpy of vaporization or sublimation, kJ/mol",Liquid,"[""Liquid"",""Gas""]",Correlation gas chromatography,62.6,"{""nPropValue"":62.6,""CombinedUncertainty"":{""nCombExpandUncertValue"":8.3,""nCombUncertAssessNum"":1},""nPropNumber"":1,""nPropDigits"":3}",variable,"{""nVarValue"":298.15,""nVarNumber"":1,""nVarDigits"":5}",298.15,True,,62.6,False
10.1016/j.jct.2018.12.032#d1#p1#r1,10.1016/j.jct.2018.12.032#d1#p1,10.1016/j.jct.2018.12.032.json,1,1,1,InChI=1S/C18H13N/c1-2-8-14(9-3-1)19-17-12-6-4-10-15(17)16-11-5-7-13-18(16)19/h1-13H,VIJYEGDOKCKUOL-UHFFFAOYSA-N,N-phenylcarbazole,C18H13N,10.1016/j.jct.2018.12.032,2019,"Molar enthalpy of vaporization or sublimation, kJ/mol",Liquid,"[""Liquid"",""Gas""]",Correlation gas chromatography,100.2,"{""CombinedUncertainty"":{""nCombExpandUncertValue"":2.4,""nCombUncertAssessNum"":1},""nPropValue"":100.2,""nPropDigits"":4,""nPropNumber"":1}",variable,"{""nVarNumber"":1,""nVarDigits"":5,""nVarValue"":298.15}",298.15,True,,100.2,False
10.1016/j.jct.2018.12.032#d2#p1#r1,10.1016/j.jct.2018.12.032#d2#p1,10.1016/j.jct.2018.12.032.json,2,1,1,InChI=1S/C18H13N/c1-2-8-14(9-3-1)19-17-12-6-4-10-15(17)16-11-5-7-13-18(16)19/h1-13H,VIJYEGDOKCKUOL-UHFFFAOYSA-N,N-phenylcarbazole,C18H13N,10.1016/j.jct.2018.12.032,2019,"Molar enthalpy of vaporization or sublimation, kJ/mol",Liquid,"[""Liquid"",""Gas""]",Correlation gas chromatography,99.1,"{""nPropValue"":99.1,""CombinedUncertainty"":{""nCombUncertAssessNum"":1,""nCombExpandUncertValue"":2.1},""nPropNumber"":1,""nPropDigits"":3}",variable,"{""nVarValue"":298.15,""nVarNumber"":1,""nVarDigits"":5}",298.15,True,,99.1,False
10.1016/j.jct.2018.12.032#d3#p1#r1,10.1016/j.jct.2018.12.032#d3#p1,10.1016/j.jct.2018.12.032.json,3,1,1,InChI=1S/C18H13N/c1-2-8-14(9-3-1)19-17-12-6-4-10-15(17)16-11-5-7-13-18(16)19/h1-13H,VIJYEGDOKCKUOL-UHFFFAOYSA-N,N-phenylcarbazole,C18H13N,10.1016/j.jct.2018.12.032,2019,"Molar enthalpy of vaporization or sublimation, kJ/mol",Liquid,"[""Liquid"",""Gas""]",Correlation gas chromatography,100,"{""nPropNumber"":1,""nPropDigits"":4,""nPropValue"":100,""CombinedUncertainty"":{""nCombExpandUncertValue"":2.2,""nCombUncertAssessNum"":1}}",variable,"{""nVarNumber"":1,""nVarDigits"":5,""nVarValue"":298.15}",298.15,True,,100,False
10.1016/j.jct.2019.01.012#d1#p1#r1,10.1016/j.jct.2019.01.012#d1#p1,10.1016/j.jct.2019.01.012.json,1,1,1,"InChI=1S/C5H6O/c6-5-3-1-2-4-5/h1,3H,2,4H2",BZKFMUIJRXWWQK-UHFFFAOYSA-N,2-cyclopenten-1-one,C5H6O,10.1016/j.jct.2019.01.012,2019,"Molar enthalpy of vaporization or sublimation, kJ/mol",Liquid,"[""Liquid"",""Gas""]",Static calorimetry,52.4,"{""nPropValue"":52.4,""CombinedUncertainty"":{""nCombUncertAssessNum"":1,""nCombExpandUncertValue"":1.5},""nPropDigits"":3,""nPropNumber"":1}",variable,"{""nVarNumber"":1,""nVarDigits"":5,""nVarValue"":298.15}",298.15,True,,52.4,True
10.1016/j.jct.2019.01.012#d3#p1#r1,10.1016/j.jct.2019.01.012#d3#p1,10.1016/j.jct.2019.01.012.json,3,1,1,"InChI=1S/C6H8O/c1-5-2-3-6(7)4-5/h4H,2-3H2,1H3",CHCCBPDEADMNCI-UHFFFAOYSA-N,3-methyl-2-cyclopenten-1-one,C6H8O,10.1016/j.jct.2019.01.012,2019,"Molar enthalpy of vaporization or sublimation, kJ/mol",Liquid,"[""Liquid"",""Gas""]",Static calorimetry,52.4,"{""nPropValue"":52.4,""CombinedUncertainty"":{""nCombUncertAssessNum"":1,""nCombExpandUncertValue"":1.4},""nPropDigits"":3,""nPropNumber"":1}",variable,"{""nVarDigits"":5,""nVarNumber"":1,""nVarValue"":298.15}",298.15,True,,52.4,True
10.1016/j.jct.2019.01.014#d1#p1#r1,10.1016/j.jct.2019.01.014#d1#p1,10.1016/j.jct.2019.01.014.json,1,1,1,"InChI=1S/C6H11NO/c8-6-4-2-1-3-5-7-6/h1-5H2,(H,7,8)",JBKVHLHDHHXQEQ-UHFFFAOYSA-N,1-aza-2-cycloheptanone,C6H11NO,10.1016/j.jct.2019.01.014,2019,"Molar enthalpy of vaporization or sublimation, kJ/mol",Crystal,"[""Crystal"",""Gas""]",Static calorimetry,87.6,"{""nPropValue"":87.6,""CombinedUncertainty"":{""nCombExpandUncertValue"":4.9,""nCombUncertAssessNum"":1},""nPropDigits"":3,""nPropNumber"":1}",variable,"{""nVarNumber"":1,""nVarDigits"":5,""nVarValue"":350.03}",350.03,False,,87.6,True
10.1016/j.jct.2019.01.014#d3#p1#r1,10.1016/j.jct.2019.01.014#d3#p1,10.1016/j.jct.2019.01.014.json,3,1,1,"InChI=1S/C6H11NS/c8-6-4-2-1-3-5-7-6/h1-5H2,(H,7,8)",APLHDUWNMGJBFD-UHFFFAOYSA-N,azepane-2-thione,C6H11NS,10.1016/j.jct.2019.01.014,2019,"Molar enthalpy of vaporization or sublimation, kJ/mol",Crystal,"[""Crystal"",""Gas""]",Static calorimetry,98.2,"{""nPropDigits"":3,""nPropNumber"":1,""CombinedUncertainty"":{""nCombExpandUncertValue"":5.4,""nCombUncertAssessNum"":1},""nPropValue"":98.2}",variable,"{""nVarValue"":386.11,""nVarDigits"":5,""nVarNumber"":1}",386.11,False,,98.2,True
10.1016/j.jct.2019.01.016#d3#p1#r1,10.1016/j.jct.2019.01.016#d3#p1,10.1016/j.jct.2019.01.016.json,3,1,1,InChI=1S/CH3.3O.Re/h1H3;;;;,PQTLALPZRPFYIT-UHFFFAOYSA-N,methyltrioxorhenium,CH3O3Re,10.1016/j.jct.2019.01.016,2019,"Molar enthalpy of vaporization or sublimation, kJ/mol",Crystal,"[""Crystal"",""Gas""]",Static calorimetry,70.24,"{""nPropValue"":70.24,""CombinedUncertainty"":{""nCombUncertAssessNum"":1,""nCombExpandUncertValue"":0.52},""nPropNumber"":1,""nPropDigits"":4}",variable,"{""nVarValue"":298,""nVarNumber"":1,""nVarDigits"":4}",298,False,disconnected_formula;element_outside_scope,70.24,True
10.1016/j.jct.2019.01.016#d9#p1#r1,10.1016/j.jct.2019.01.016#d9#p1,10.1016/j.jct.2019.01.016.json,9,1,1,InChI=1S/10CO.2Re/c10*1-2;;,ZIZHEHXAMPQGEK-UHFFFAOYSA-N,decacarbonyldirhenium,C10O10Re2,10.1016/j.jct.2019.01.016,2019,"Molar enthalpy of vaporization or sublimation, kJ/mol",Crystal 2,"[""Crystal 2"",""Gas""]",Static calorimetry,96.05,"{""nPropDigits"":4,""nPropNumber"":1,""CombinedUncertainty"":{""nCombUncertAssessNum"":1,""nCombExpandUncertValue"":0.98},""nPropValue"":96.05}",variable,"{""nVarValue"":332.8,""nVarNumber"":1,""nVarDigits"":4}",332.8,False,disconnected_formula;element_outside_scope,96.05,True
10.1016/j.jct.2019.02.001#d1#p1#r1,10.1016/j.jct.2019.02.001#d1#p1,10.1016/j.jct.2019.02.001.json,1,1,1,"InChI=1S/C9H11NO2/c1-2-12-9(11)7-5-3-4-6-8(7)10/h3-6H,2,10H2,1H3",TWLLPUMZVVGILS-UHFFFAOYSA-N,ethyl 2-aminobenzoate,C9H11NO2,10.1016/j.jct.2019.02.001,2019,"Molar enthalpy of vaporization or sublimation, kJ/mol",Liquid,"[""Liquid"",""Gas""]",Static calorimetry,70.95,"{""CombinedUncertainty"":{""nCombExpandUncertValue"":1.33,""nCombUncertAssessNum"":1},""nPropValue"":70.95,""nPropDigits"":4,""nPropNumber"":1}",variable,"{""nVarValue"":298.15,""nVarDigits"":5,""nVarNumber"":1}",298.15,True,,70.95,True
10.1016/j.jct.2019.02.001#d3#p1#r1,10.1016/j.jct.2019.02.001#d3#p1,10.1016/j.jct.2019.02.001.json,3,1,1,"InChI=1S/C9H11NO2/c1-2-12-9(11)7-4-3-5-8(10)6-7/h3-6H,2,10H2,1H3",ZMCBYSBVJIMENC-UHFFFAOYSA-N,ethyl 3-aminobenzoate,C9H11NO2,10.1016/j.jct.2019.02.001,2019,"Molar enthalpy of vaporization or sublimation, kJ/mol",Liquid,"[""Liquid"",""Gas""]",Static calorimetry,83.18,"{""CombinedUncertainty"":{""nCombExpandUncertValue"":2.22,""nCombUncertAssessNum"":1},""nPropValue"":83.18,""nPropNumber"":1,""nPropDigits"":4}",variable,"{""nVarNumber"":1,""nVarDigits"":5,""nVarValue"":298.15}",298.15,True,,83.18,True
10.1016/j.jct.2019.02.001#d5#p1#r1,10.1016/j.jct.2019.02.001#d5#p1,10.1016/j.jct.2019.02.001.json,5,1,1,"InChI=1S/C10H22/c1-3-5-7-9-10-8-6-4-2/h3-10H2,1-2H3",DIOQZVSQGTUSAI-UHFFFAOYSA-N,decane,C10H22,10.1016/j.jct.2019.02.001,2019,"Molar enthalpy of vaporization or sublimation, kJ/mol",Liquid,"[""Liquid"",""Gas""]",Static calorimetry,49.89,"{""nPropDigits"":4,""nPropNumber"":1,""CombinedUncertainty"":{""nCombUncertAssessNum"":1,""nCombExpandUncertValue"":2.2},""nPropValue"":49.89}",variable,"{""nVarValue"":298.15,""nVarNumber"":1,""nVarDigits"":5}",298.15,True,,49.89,True
10.1016/j.jct.2019.02.001#d6#p1#r1,10.1016/j.jct.2019.02.001#d6#p1,10.1016/j.jct.2019.02.001.json,6,1,1,"InChI=1S/C10H22/c1-3-5-7-9-10-8-6-4-2/h3-10H2,1-2H3",DIOQZVSQGTUSAI-UHFFFAOYSA-N,decane,C10H22,10.1016/j.jct.2019.02.001,2019,"Molar enthalpy of vaporization or sublimation, kJ/mol",Liquid,"[""Liquid"",""Gas""]",Static calorimetry,52.24,"{""nPropNumber"":1,""nPropDigits"":4,""CombinedUncertainty"":{""nCombExpandUncertValue"":1.42,""nCombUncertAssessNum"":1},""nPropValue"":52.24}",variable,"{""nVarValue"":298.15,""nVarDigits"":5,""nVarNumber"":1}",298.15,True,,52.24,True
10.1016/j.jct.2019.03.032#d1#p1#r1,10.1016/j.jct.2019.03.032#d1#p1,10.1016/j.jct.2019.03.032.json,1,1,1,"InChI=1S/C30H50/c1-25(2)15-11-19-29(7)23-13-21-27(5)17-9-10-18-28(6)22-14-24-30(8)20-12-16-26(3)4/h15-18,23-24H,9-14,19-22H2,1-8H3/b27-17+,28-18+,29-23+,30-24+",YYGNTYWPHWGJRM-AAJYLUCBSA-N,"2,6,10,14,18,22-tetracosahexaene, 2,6,10,15,19,23-hexamethyl-, (all-E)-",C30H50,10.1016/j.jct.2019.03.032,2019,"Molar enthalpy of vaporization or sublimation, kJ/mol",Liquid,"[""Liquid"",""Gas""]",Correlation gas chromatography,139.8,"{""CombinedUncertainty"":{""nCombExpandUncertValue"":5.4,""nCombUncertAssessNum"":1},""nPropValue"":139.8,""nPropDigits"":4,""nPropNumber"":1}",variable,"{""nVarValue"":298.15,""nVarNumber"":1,""nVarDigits"":5}",298.15,True,,139.8,False
10.1016/j.jct.2019.03.032#d3#p1#r1,10.1016/j.jct.2019.03.032#d3#p1,10.1016/j.jct.2019.03.032.json,3,1,1,"InChI=1S/C30H62/c1-25(2)15-11-19-29(7)23-13-21-27(5)17-9-10-18-28(6)22-14-24-30(8)20-12-16-26(3)4/h25-30H,9-24H2,1-8H3",PRAKJMSDJKAYCZ-UHFFFAOYSA-N,"2,6,10,15,19,23-hexamethyltetracosane",C30H62,10.1016/j.jct.2019.03.032,2019,"Molar enthalpy of vaporization or sublimation, kJ/mol",Liquid,"[""Liquid"",""Gas""]",Correlation gas chromatography,134.4,"{""nPropDigits"":4,""nPropNumber"":1,""CombinedUncertainty"":{""nCombExpandUncertValue"":5.4,""nCombUncertAssessNum"":1},""nPropValue"":134.4}",variable,"{""nVarNumber"":1,""nVarDigits"":5,""nVarValue"":298.15}",298.15,True,,134.4,False
10.1016/j.jct.2019.04.006#d1#p1#r1,10.1016/j.jct.2019.04.006#d1#p1,10.1016/j.jct.2019.04.006.json,1,1,1,"InChI=1S/C5H11NO2S/c1-9-3-2-4(6)5(7)8/h4H,2-3,6H2,1H3,(H,7,8)/t4-/m0/s1",FFEARJCKVFRZRR-BYPYZUCNSA-N,L-methionine,C5H11NO2S,10.1016/j.jct.2019.04.006,2019,"Molar enthalpy of vaporization or sublimation, kJ/mol",Crystal,"[""Crystal"",""Gas""]",Derived by Second law,139,"{""nPropNumber"":1,""nPropDigits"":3,""CombinedUncertainty"":{""nCombUncertAssessNum"":1,""nCombExpandUncertValue"":4},""nPropValue"":139}",variable,"{""nVarNumber"":1,""nVarDigits"":3,""nVarValue"":437}",437,False,,139,False
10.1016/j.jct.2019.04.006#d2#p1#r1,10.1016/j.jct.2019.04.006#d2#p1,10.1016/j.jct.2019.04.006.json,2,1,1,"InChI=1S/C5H11NO2S/c1-9-3-2-4(6)5(7)8/h4H,2-3,6H2,1H3,(H,7,8)",FFEARJCKVFRZRR-UHFFFAOYSA-N,DL-2-amino-4-(methylthio)butanoic acid,C5H11NO2S,10.1016/j.jct.2019.04.006,2019,"Molar enthalpy of vaporization or sublimation, kJ/mol",Crystal,"[""Crystal"",""Gas""]",Derived by Second law,134,"{""nPropValue"":134,""CombinedUncertainty"":{""nCombUncertAssessNum"":1,""nCombExpandUncertValue"":3},""nPropDigits"":3,""nPropNumber"":1}",variable,"{""nVarNumber"":1,""nVarDigits"":3,""nVarValue"":423}",423,False,,134,False
10.1016/j.jct.2019.06.011#d1#p1#r1,10.1016/j.jct.2019.06.011#d1#p1,10.1016/j.jct.2019.06.011.json,1,1,1,"InChI=1S/C15H24/c1-12(2)6-5-7-14(4)15-10-8-13(3)9-11-15/h6,8-10,14-15H,5,7,11H2,1-4H3/t14-,15+/m0/s1",KKOXKGNSUHTUBV-LSDHHAIUSA-N,zingiberene,C15H24,10.1016/j.jct.2019.06.011,2019,"Molar enthalpy of vaporization or sublimation, kJ/mol",Liquid,"[""Liquid"",""Gas""]",Correlation gas chromatography,73.3,"{""nPropNumber"":1,""nPropDigits"":3,""nPropValue"":73.3,""CombinedUncertainty"":{""nCombUncertAssessNum"":1,""nCombExpandUncertValue"":5.8}}",variable,"{""nVarValue"":298.15,""nVarNumber"":1,""nVarDigits"":5}",298.15,True,,73.3,False
10.1016/j.jct.2019.06.011#d3#p1#r1,10.1016/j.jct.2019.06.011#d3#p1,10.1016/j.jct.2019.06.011.json,3,1,1,"InChI=1S/C15H22/c1-12(2)6-5-7-14(4)15-10-8-13(3)9-11-15/h6,8-11,14H,5,7H2,1-4H3/t14-/m1/s1",VMYXUZSZMNBRCN-CQSZACIVSA-N,(-)-.alpha.-curcumene,C15H22,10.1016/j.jct.2019.06.011,2019,"Molar enthalpy of vaporization or sublimation, kJ/mol",Liquid,"[""Liquid"",""Gas""]",Correlation gas chromatography,72.4,"{""nPropDigits"":3,""nPropNumber"":1,""CombinedUncertainty"":{""nCombUncertAssessNum"":1,""nCombExpandUncertValue"":6},""nPropValue"":72.4}",variable,"{""nVarNumber"":1,""nVarDigits"":5,""nVarValue"":298.15}",298.15,True,,72.4,False
10.1016/j.jct.2019.06.011#d5#p1#r1,10.1016/j.jct.2019.06.011#d5#p1,10.1016/j.jct.2019.06.011.json,5,1,1,"InChI=1S/C15H24/c1-12(2)6-5-7-14(4)15-10-8-13(3)9-11-15/h6,8,10,14-15H,3,5,7,9,11H2,1-2,4H3/t14-,15+/m0/s1",PHWISBHSBNDZDX-LSDHHAIUSA-N,.beta.-sesquiphellandrene,C15H24,10.1016/j.jct.2019.06.011,2019,"Molar enthalpy of vaporization or sublimation, kJ/mol",Liquid,"[""Liquid"",""Gas""]",Correlation gas chromatography,74,"{""nPropNumber"":1,""nPropDigits"":3,""CombinedUncertainty"":{""nCombExpandUncertValue"":5.8,""nCombUncertAssessNum"":1},""nPropValue"":74}",variable,"{""nVarValue"":298.15,""nVarDigits"":5,""nVarNumber"":1}",298.15,True,,74,False
10.1016/j.tca.2005.03.021#d1#p1#r1,10.1016/j.tca.2005.03.021#d1#p1,10.1016/j.tca.2005.03.021.json,1,1,1,"InChI=1S/C4H8O2/c1-3(5)4(2)6/h3,5H,1-2H3",ROWKJAVDOGWPAT-UHFFFAOYSA-N,"2,3-butanolone",C4H8O2,10.1016/j.tca.2005.03.021,2005,"Molar enthalpy of vaporization or sublimation, kJ/mol",Liquid,"[""Liquid"",""Gas""]",GC correlation,48.7,"{""CombinedUncertainty"":{""nCombUncertAssessNum"":1,""nCombExpandUncertValue"":1.2},""nPropValue"":48.7,""nPropNumber"":1,""nPropDigits"":3}",variable,"{""nVarValue"":298.15,""nVarDigits"":5,""nVarNumber"":1}",298.15,True,,48.7,False
10.1016/j.tca.2005.03.021#d3#p1#r1,10.1016/j.tca.2005.03.021#d3#p1,10.1016/j.tca.2005.03.021.json,3,1,1,"InChI=1S/C6H12O3/c1-3-9-6(8)4-5(2)7/h5,7H,3-4H2,1-2H3",OMSUIQOIVADKIM-UHFFFAOYSA-N,ethyl 3-hydroxybutanoate,C6H12O3,10.1016/j.tca.2005.03.021,2005,"Molar enthalpy of vaporization or sublimation, kJ/mol",Liquid,"[""Liquid"",""Gas""]",GC correlation,55.9,"{""nPropNumber"":1,""nPropDigits"":3,""nPropValue"":55.9,""CombinedUncertainty"":{""nCombExpandUncertValue"":1.2,""nCombUncertAssessNum"":1}}",variable,"{""nVarValue"":298.15,""nVarDigits"":5,""nVarNumber"":1}",298.15,True,,55.9,False
10.1016/j.tca.2005.03.021#d5#p1#r1,10.1016/j.tca.2005.03.021#d5#p1,10.1016/j.tca.2005.03.021.json,5,1,1,"InChI=1S/C8H16O3/c1-3-5-7(9)6-8(10)11-4-2/h7,9H,3-6H2,1-2H3",LYRIITRHDCNUHV-UHFFFAOYSA-N,ethyl 3-hydroxyhexanoate,C8H16O3,10.1016/j.tca.2005.03.021,2005,"Molar enthalpy of vaporization or sublimation, kJ/mol",Liquid,"[""Liquid"",""Gas""]",GC correlation,61.8,"{""nPropNumber"":1,""nPropDigits"":3,""nPropValue"":61.8,""CombinedUncertainty"":{""nCombUncertAssessNum"":1,""nCombExpandUncertValue"":1.2}}",variable,"{""nVarDigits"":5,""nVarNumber"":1,""nVarValue"":298.15}",298.15,True,,61.8,False
10.1016/j.tca.2005.06.043#d1#p1#r1,10.1016/j.tca.2005.06.043#d1#p1,10.1016/j.tca.2005.06.043.json,1,1,1,"InChI=1S/C10H15Br/c11-10-4-7-1-8(5-10)3-9(2-7)6-10/h7-9H,1-6H2",VQHPRVYDKRESCL-UHFFFAOYSA-N,"1-bromotricyclo[3.3.1.1(3,7)]decane",C10H15Br,10.1016/j.tca.2005.06.043,2005,"Molar enthalpy of vaporization or sublimation, kJ/mol",Crystal 2,"[""Crystal 2"",""Gas""]",Static calorimetry,71.77,"{""CombinedUncertainty"":{""nCombUncertAssessNum"":1,""nCombExpandUncertValue"":0.63},""nPropValue"":71.77,""nPropNumber"":1,""nPropDigits"":4}",variable,"{""nVarDigits"":3,""nVarNumber"":1,""nVarValue"":303}",303,False,,71.77,True
10.1016/j.tca.2006.08.018#d5#p1#r1,10.1016/j.tca.2006.08.018#d5#p1,10.1016/j.tca.2006.08.018.json,5,1,1,"InChI=1S/C10H14O/c11-10-8-2-6-1-7(4-8)5-9(10)3-6/h6-9H,1-5H2",IYKFYARMMIESOX-UHFFFAOYSA-N,2-adamantanone,C10H14O,10.1016/j.tca.2006.08.018,2006,"Molar enthalpy of vaporization or sublimation, kJ/mol",Crystal 1,"[""Crystal 1"",""Gas""]",Flow calorimetry,65.8,"{""nPropNumber"":1,""nPropDigits"":3,""CombinedUncertainty"":{""nCombExpandUncertValue"":0.24,""nCombUncertAssessNum"":1},""nPropValue"":65.8}",variable,"{""nVarValue"":313.7,""nVarNumber"":1,""nVarDigits"":4}",313.7,False,,65.8,True
10.1016/j.tca.2006.11.008#d1#p1#r1,10.1016/j.tca.2006.11.008#d1#p1,10.1016/j.tca.2006.11.008.json,1,1,1,"InChI=1S/C6H12N2O/c7-6(9)8-4-2-1-3-5-8/h1-5H2,(H2,7,9)",JSPCTNUQYWIIOT-UHFFFAOYSA-N,1-piperidinecarboxamide,C6H12N2O,10.1016/j.tca.2006.11.008,2007,"Molar enthalpy of vaporization or sublimation, kJ/mol",Crystal,"[""Crystal"",""Gas""]",Static calorimetry,100.2,"{""nPropValue"":100.2,""CombinedUncertainty"":{""nCombExpandUncertValue"":1.3,""nCombUncertAssessNum"":1},""nPropDigits"":4,""nPropNumber"":1}",variable,"{""nVarValue"":386,""nVarNumber"":1,""nVarDigits"":3}",386,False,,100.2,True
10.1016/j.tca.2006.11.008#d2#p1#r1,10.1016/j.tca.2006.11.008#d2#p1,10.1016/j.tca.2006.11.008.json,2,1,1,"InChI=1S/C6H12N2O/c7-6(9)5-2-1-3-8-4-5/h5,8H,1-4H2,(H2,7,9)",BVOCPVIXARZNQN-UHFFFAOYSA-N,3-piperidinecarboxamide,C6H12N2O,10.1016/j.tca.2006.11.008,2007,"Molar enthalpy of vaporization or sublimation, kJ/mol",Crystal,"[""Crystal"",""Gas""]",Static calorimetry,112.5,"{""nPropNumber"":1,""nPropDigits"":4,""CombinedUncertainty"":{""nCombUncertAssessNum"":1,""nCombExpandUncertValue"":1.3},""nPropValue"":112.5}",variable,"{""nVarDigits"":3,""nVarNumber"":1,""nVarValue"":386}",386,False,,112.5,True
10.1016/j.tca.2006.11.008#d3#p1#r1,10.1016/j.tca.2006.11.008#d3#p1,10.1016/j.tca.2006.11.008.json,3,1,1,"InChI=1S/C6H12N2O/c7-6(9)5-1-3-8-4-2-5/h5,8H,1-4H2,(H2,7,9)",DPBWFNDFMCCGGJ-UHFFFAOYSA-N,4-piperidinecarboxamide,C6H12N2O,10.1016/j.tca.2006.11.008,2007,"Molar enthalpy of vaporization or sublimation, kJ/mol",Crystal,"[""Crystal"",""Gas""]",Static calorimetry,123.6,"{""nPropNumber"":1,""nPropDigits"":4,""CombinedUncertainty"":{""nCombUncertAssessNum"":1,""nCombExpandUncertValue"":1.3},""nPropValue"":123.6}",variable,"{""nVarValue"":426.8,""nVarNumber"":1,""nVarDigits"":4}",426.8,False,,123.6,True
10.1016/j.tca.2007.02.008#d1#p1#r1,10.1016/j.tca.2007.02.008#d1#p1,10.1016/j.tca.2007.02.008.json,1,1,1,"InChI=1S/C13H26O2/c1-3-4-5-6-7-8-9-10-11-12-13(14)15-2/h3-12H2,1-2H3",UQDUPQYQJKYHQI-UHFFFAOYSA-N,methyl dodecanoate,C13H26O2,10.1016/j.tca.2007.02.008,2007,"Molar enthalpy of vaporization or sublimation, kJ/mol",Liquid,"[""Liquid"",""Gas""]",Correlation Gas Chromatography,75.8,"{""nPropDigits"":3,""nPropNumber"":1,""CombinedUncertainty"":{""nCombUncertAssessNum"":1,""nCombExpandUncertValue"":0.5},""nPropValue"":75.8}",variable,"{""nVarDigits"":5,""nVarNumber"":1,""nVarValue"":298.15}",298.15,True,,75.8,False
10.1016/j.tca.2007.02.008#d2#p1#r1,10.1016/j.tca.2007.02.008#d2#p1,10.1016/j.tca.2007.02.008.json,2,1,1,"InChI=1S/C14H28O2/c1-3-4-5-6-7-8-9-10-11-12-13-14(15)16-2/h3-13H2,1-2H3",JNDDPBOKWCBQSM-UHFFFAOYSA-N,methyl tridecanoate,C14H28O2,10.1016/j.tca.2007.02.008,2007,"Molar enthalpy of vaporization or sublimation, kJ/mol",Liquid,"[""Liquid"",""Gas""]",Correlation Gas Chromatography,80.7,"{""CombinedUncertainty"":{""nCombExpandUncertValue"":0.5,""nCombUncertAssessNum"":1},""nPropValue"":80.7,""nPropNumber"":1,""nPropDigits"":3}",variable,"{""nVarValue"":298.15,""nVarNumber"":1,""nVarDigits"":5}",298.15,True,,80.7,False
10.1016/j.tca.2007.02.008#d3#p1#r1,10.1016/j.tca.2007.02.008#d3#p1,10.1016/j.tca.2007.02.008.json,3,1,1,"InChI=1S/C15H30O2/c1-3-4-5-6-7-8-9-10-11-12-13-14-15(16)17-2/h3-14H2,1-2H3",ZAZKJZBWRNNLDS-UHFFFAOYSA-N,methyl tetradecanoate,C15H30O2,10.1016/j.tca.2007.02.008,2007,"Molar enthalpy of vaporization or sublimation, kJ/mol",Liquid,"[""Liquid"",""Gas""]",Correlation Gas Chromatography,86.1,"{""nPropDigits"":3,""nPropNumber"":1,""nPropValue"":86.1,""CombinedUncertainty"":{""nCombUncertAssessNum"":1,""nCombExpandUncertValue"":1.7}}",variable,"{""nVarValue"":298.15,""nVarDigits"":5,""nVarNumber"":1}",298.15,True,,86.1,False
10.1016/j.tca.2007.02.008#d4#p1#r1,10.1016/j.tca.2007.02.008#d4#p1,10.1016/j.tca.2007.02.008.json,4,1,1,"InChI=1S/C15H28O2/c1-3-4-5-6-7-8-9-10-11-12-13-14-15(16)17-2/h6-7H,3-5,8-14H2,1-2H3/b7-6-",RWIPSJUSVXDVPB-SREVYHEPSA-N,"cis-9-tetradecenoic acid, methyl ester",C15H28O2,10.1016/j.tca.2007.02.008,2007,"Molar enthalpy of vaporization or sublimation, kJ/mol",Liquid,"[""Liquid"",""Gas""]",Correlation Gas Chromatography,87.1,"{""nPropNumber"":1,""nPropDigits"":3,""CombinedUncertainty"":{""nCombUncertAssessNum"":1,""nCombExpandUncertValue"":1.5},""nPropValue"":87.1}",variable,"{""nVarValue"":298.15,""nVarNumber"":1,""nVarDigits"":5}",298.15,True,,87.1,False
10.1016/j.tca.2007.02.008#d6#p1#r1,10.1016/j.tca.2007.02.008#d6#p1,10.1016/j.tca.2007.02.008.json,6,1,1,"InChI=1S/C16H32O2/c1-3-4-5-6-7-8-9-10-11-12-13-14-15-16(17)18-2/h3-15H2,1-2H3",XIUXKAZJZFLLDQ-UHFFFAOYSA-N,methyl pentadecanoate,C16H32O2,10.1016/j.tca.2007.02.008,2007,"Molar enthalpy of vaporization or sublimation, kJ/mol",Liquid,"[""Liquid"",""Gas""]",Correlation Gas Chromatography,90.7,"{""nPropDigits"":3,""nPropNumber"":1,""CombinedUncertainty"":{""nCombUncertAssessNum"":1,""nCombExpandUncertValue"":0.5},""nPropValue"":90.7}",variable,"{""nVarNumber"":1,""nVarDigits"":5,""nVarValue"":298.15}",298.15,True,,90.7,False
10.1016/j.tca.2007.02.008#d7#p1#r1,10.1016/j.tca.2007.02.008#d7#p1,10.1016/j.tca.2007.02.008.json,7,1,1,"InChI=1S/C16H30O2/c1-3-4-5-6-7-8-9-10-11-12-13-14-15-16(17)18-2/h6-7H,3-5,8-15H2,1-2H3/b7-6-",JEDIPLFNJDRCFD-SREVYHEPSA-N,methyl cis 10-pentadecenoate,C16H30O2,10.1016/j.tca.2007.02.008,2007,"Molar enthalpy of vaporization or sublimation, kJ/mol",Liquid,"[""Liquid"",""Gas""]",Correlation Gas Chromatography,91.7,"{""CombinedUncertainty"":{""nCombExpandUncertValue"":0.5,""nCombUncertAssessNum"":1},""nPropValue"":91.7,""nPropDigits"":3,""nPropNumber"":1}",variable,"{""nVarValue"":298.15,""nVarNumber"":1,""nVarDigits"":5}",298.15,True,,91.7,False
10.1016/j.tca.2007.02.008#d9#p1#r1,10.1016/j.tca.2007.02.008#d9#p1,10.1016/j.tca.2007.02.008.json,9,1,1,"InChI=1S/C17H34O2/c1-3-4-5-6-7-8-9-10-11-12-13-14-15-16-17(18)19-2/h3-16H2,1-2H3",FLIACVVOZYBSBS-UHFFFAOYSA-N,methyl hexadecanoate,C17H34O2,10.1016/j.tca.2007.02.008,2007,"Molar enthalpy of vaporization or sublimation, kJ/mol",Liquid,"[""Liquid"",""Gas""]",Correlation Gas Chromatography,96.2,"{""nPropNumber"":1,""nPropDigits"":3,""CombinedUncertainty"":{""nCombExpandUncertValue"":1.1,""nCombUncertAssessNum"":1},""nPropValue"":96.2}",variable,"{""nVarDigits"":5,""nVarNumber"":1,""nVarValue"":298.15}",298.15,True,,96.2,False
10.1016/j.tca.2007.02.008#d10#p1#r1,10.1016/j.tca.2007.02.008#d10#p1,10.1016/j.tca.2007.02.008.json,10,1,1,"InChI=1S/C17H32O2/c1-3-4-5-6-7-8-9-10-11-12-13-14-15-16-17(18)19-2/h8-9H,3-7,10-16H2,1-2H3/b9-8-",IZFGRAGOVZCUFB-HJWRWDBZSA-N,methyl (Z)-9-hexadecenoate,C17H32O2,10.1016/j.tca.2007.02.008,2007,"Molar enthalpy of vaporization or sublimation, kJ/mol",Liquid,"[""Liquid"",""Gas""]",Correlation Gas Chromatography,96.4,"{""CombinedUncertainty"":{""nCombExpandUncertValue"":1.5,""nCombUncertAssessNum"":1},""nPropValue"":96.4,""nPropDigits"":3,""nPropNumber"":1}",variable,"{""nVarValue"":298.15,""nVarNumber"":1,""nVarDigits"":5}",298.15,True,,96.4,False
10.1016/j.tca.2007.02.008#d12#p1#r1,10.1016/j.tca.2007.02.008#d12#p1,10.1016/j.tca.2007.02.008.json,12,1,1,"InChI=1S/C18H36O2/c1-3-4-5-6-7-8-9-10-11-12-13-14-15-16-17-18(19)20-2/h3-17H2,1-2H3",HUEBIMLTDXKIPR-UHFFFAOYSA-N,methyl heptadecanoate,C18H36O2,10.1016/j.tca.2007.02.008,2007,"Molar enthalpy of vaporization or sublimation, kJ/mol",Liquid,"[""Liquid"",""Gas""]",Correlation Gas Chromatography,100.8,"{""nPropNumber"":1,""nPropDigits"":4,""CombinedUncertainty"":{""nCombExpandUncertValue"":0.5,""nCombUncertAssessNum"":1},""nPropValue"":100.8}",variable,"{""nVarNumber"":1,""nVarDigits"":5,""nVarValue"":298.15}",298.15,True,,100.8,False
10.1016/j.tca.2007.02.008#d13#p1#r1,10.1016/j.tca.2007.02.008#d13#p1,10.1016/j.tca.2007.02.008.json,13,1,1,"InChI=1S/C18H34O2/c1-3-4-5-6-7-8-9-10-11-12-13-14-15-16-17-18(19)20-2/h8-9H,3-7,10-17H2,1-2H3/b9-8-",JNSUZRHLHDQGPN-HJWRWDBZSA-N,methyl cis-10-heptadecenoate,C18H34O2,10.1016/j.tca.2007.02.008,2007,"Molar enthalpy of vaporization or sublimation, kJ/mol",Liquid,"[""Liquid"",""Gas""]",Correlation Gas Chromatography,100.8,"{""nPropDigits"":4,""nPropNumber"":1,""nPropValue"":100.8,""CombinedUncertainty"":{""nCombUncertAssessNum"":1,""nCombExpandUncertValue"":0.5}}",variable,"{""nVarValue"":298.15,""nVarDigits"":5,""nVarNumber"":1}",298.15,True,,100.8,False
10.1016/j.tca.2007.02.008#d15#p1#r1,10.1016/j.tca.2007.02.008#d15#p1,10.1016/j.tca.2007.02.008.json,15,1,1,"InChI=1S/C19H38O2/c1-3-4-5-6-7-8-9-10-11-12-13-14-15-16-17-18-19(20)21-2/h3-18H2,1-2H3",HPEUJPJOZXNMSJ-UHFFFAOYSA-N,methyl octadecanoate,C19H38O2,10.1016/j.tca.2007.02.008,2007,"Molar enthalpy of vaporization or sublimation, kJ/mol",Liquid,"[""Liquid"",""Gas""]",Correlation Gas Chromatography,106.1,"{""nPropValue"":106.1,""CombinedUncertainty"":{""nCombUncertAssessNum"":1,""nCombExpandUncertValue"":1.1},""nPropDigits"":4,""nPropNumber"":1}",variable,"{""nVarNumber"":1,""nVarDigits"":5,""nVarValue"":298.15}",298.15,True,,106.1,False
10.1016/j.tca.2007.02.008#d16#p1#r1,10.1016/j.tca.2007.02.008#d16#p1,10.1016/j.tca.2007.02.008.json,16,1,1,"InChI=1S/C19H36O2/c1-3-4-5-6-7-8-9-10-11-12-13-14-15-16-17-18-19(20)21-2/h10-11H,3-9,12-18H2,1-2H3/b11-10-",QYDYPVFESGNLHU-KHPPLWFESA-N,methyl cis-9-octadecenoate,C19H36O2,10.1016/j.tca.2007.02.008,2007,"Molar enthalpy of vaporization or sublimation, kJ/mol",Liquid,"[""Liquid"",""Gas""]",Correlation Gas Chromatography,106.2,"{""nPropValue"":106.2,""CombinedUncertainty"":{""nCombExpandUncertValue"":1.5,""nCombUncertAssessNum"":1},""nPropNumber"":1,""nPropDigits"":4}",variable,"{""nVarDigits"":5,""nVarNumber"":1,""nVarValue"":298.15}",298.15,True,,106.2,False
10.1016/j.tca.2007.02.008#d18#p1#r1,10.1016/j.tca.2007.02.008#d18#p1,10.1016/j.tca.2007.02.008.json,18,1,1,"InChI=1S/C19H34O2/c1-3-4-5-6-7-8-9-10-11-12-13-14-15-16-17-18-19(20)21-2/h7-8,10-11H,3-6,9,12-18H2,1-2H3/b8-7-,11-10-",WTTJVINHCBCLGX-NQLNTKRDSA-N,"methyl (Z,Z)-9,12-octadecadienate",C19H34O2,10.1016/j.tca.2007.02.008,2007,"Molar enthalpy of vaporization or sublimation, kJ/mol",Liquid,"[""Liquid"",""Gas""]",Correlation Gas Chromatography,107.8,"{""nPropNumber"":1,""nPropDigits"":4,""CombinedUncertainty"":{""nCombUncertAssessNum"":1,""nCombExpandUncertValue"":1.3},""nPropValue"":107.8}",variable,"{""nVarValue"":298.15,""nVarNumber"":1,""nVarDigits"":5}",298.15,True,,107.8,False
10.1016/j.tca.2007.02.008#d20#p1#r1,10.1016/j.tca.2007.02.008#d20#p1,10.1016/j.tca.2007.02.008.json,20,1,1,"InChI=1S/C19H32O2/c1-3-4-5-6-7-8-9-10-11-12-13-14-15-16-17-18-19(20)21-2/h4-5,7-8,10-11H,3,6,9,12-18H2,1-2H3/b5-4-,8-7-,11-10-",DVWSXZIHSUZZKJ-YSTUJMKBSA-N,"methyl (Z,Z,Z)-9,12,15-octadecatrienoate",C19H32O2,10.1016/j.tca.2007.02.008,2007,"Molar enthalpy of vaporization or sublimation, kJ/mol",Liquid,"[""Liquid"",""Gas""]",Correlation Gas Chromatography,110.5,"{""CombinedUncertainty"":{""nCombUncertAssessNum"":1,""nCombExpandUncertValue"":1.1},""nPropValue"":110.5,""nPropDigits"":4,""nPropNumber"":1}",variable,"{""nVarNumber"":1,""nVarDigits"":5,""nVarValue"":298.15}",298.15,True,,110.5,False
10.1016/j.tca.2007.02.008#d22#p1#r1,10.1016/j.tca.2007.02.008#d22#p1,10.1016/j.tca.2007.02.008.json,22,1,1,"InChI=1S/C21H42O2/c1-3-4-5-6-7-8-9-10-11-12-13-14-15-16-17-18-19-20-21(22)23-2/h3-20H2,1-2H3",QGBRLVONZXHAKJ-UHFFFAOYSA-N,methyl eicosanoate,C21H42O2,10.1016/j.tca.2007.02.008,2007,"Molar enthalpy of vaporization or sublimation, kJ/mol",Liquid,"[""Liquid"",""Gas""]",Correlation Gas Chromatography,116,"{""nPropDigits"":3,""nPropNumber"":1,""nPropValue"":116,""CombinedUncertainty"":{""nCombExpandUncertValue"":1.3,""nCombUncertAssessNum"":1}}",variable,"{""nVarValue"":298.15,""nVarDigits"":5,""nVarNumber"":1}",298.15,True,,116,False
10.1016/j.tca.2007.02.008#d23#p1#r1,10.1016/j.tca.2007.02.008#d23#p1,10.1016/j.tca.2007.02.008.json,23,1,1,"InChI=1S/C21H40O2/c1-3-4-5-6-7-8-9-10-11-12-13-14-15-16-17-18-19-20-21(22)23-2/h10-11H,3-9,12-20H2,1-2H3/b11-10-",RBKMRGOHCLRTLZ-KHPPLWFESA-N,methyl cis-11-eicosenoate,C21H40O2,10.1016/j.tca.2007.02.008,2007,"Molar enthalpy of vaporization or sublimation, kJ/mol",Liquid,"[""Liquid"",""Gas""]",Correlation Gas Chromatography,115.8,"{""nPropDigits"":4,""nPropNumber"":1,""CombinedUncertainty"":{""nCombUncertAssessNum"":1,""nCombExpandUncertValue"":1.5},""nPropValue"":115.8}",variable,"{""nVarDigits"":5,""nVarNumber"":1,""nVarValue"":298.15}",298.15,True,,115.8,False
10.1016/j.tca.2007.02.008#d25#p1#r1,10.1016/j.tca.2007.02.008#d25#p1,10.1016/j.tca.2007.02.008.json,25,1,1,"InChI=1S/C21H38O2/c1-3-4-5-6-7-8-9-10-11-12-13-14-15-16-17-18-19-20-21(22)23-2/h7-8,10-11H,3-6,9,12-20H2,1-2H3/b8-7-,11-10-",GWJCFAOQCNNFAM-NQLNTKRDSA-N,"methyl Z,Z 11,14-eicosadienoate",C21H38O2,10.1016/j.tca.2007.02.008,2007,"Molar enthalpy of vaporization or sublimation, kJ/mol",Liquid,"[""Liquid"",""Gas""]",Correlation Gas Chromatography,117.5,"{""nPropNumber"":1,""nPropDigits"":4,""nPropValue"":117.5,""CombinedUncertainty"":{""nCombExpandUncertValue"":1.1,""nCombUncertAssessNum"":1}}",variable,"{""nVarValue"":298.15,""nVarNumber"":1,""nVarDigits"":5}",298.15,True,,117.5,False
10.1016/j.tca.2007.02.008#d27#p1#r1,10.1016/j.tca.2007.02.008#d27#p1,10.1016/j.tca.2007.02.008.json,27,1,1,"InChI=1S/C21H34O2/c1-3-4-5-6-7-8-9-10-11-12-13-14-15-16-17-18-19-20-21(22)23-2/h7-8,10-11,13-14,16-17H,3-6,9,12,15,18-20H2,1-2H3/b8-7-,11-10-,14-13-,17-16-",OFIDNKMQBYGNIW-ZKWNWVNESA-N,"5,8,11,14-eicosatetraenoic acid, methyl ester, (all-Z)-",C21H34O2,10.1016/j.tca.2007.02.008,2007,"Molar enthalpy of vaporization or sublimation, kJ/mol",Liquid,"[""Liquid"",""Gas""]",Correlation Gas Chromatography,118.3,"{""nPropNumber"":1,""nPropDigits"":4,""CombinedUncertainty"":{""nCombUncertAssessNum"":1,""nCombExpandUncertValue"":0.5},""nPropValue"":118.3}",variable,"{""nVarDigits"":5,""nVarNumber"":1,""nVarValue"":298.15}",298.15,True,,118.3,False
10.1016/j.tca.2007.02.008#d29#p1#r1,10.1016/j.tca.2007.02.008#d29#p1,10.1016/j.tca.2007.02.008.json,29,1,1,"InChI=1S/C21H36O2/c1-3-4-5-6-7-8-9-10-11-12-13-14-15-16-17-18-19-20-21(22)23-2/h4-5,7-8,10-11H,3,6,9,12-20H2,1-2H3/b5-4-,8-7-,11-10-",XQAVRBUXEPJVRC-YSTUJMKBSA-N,"methyl Z,Z,Z 11,14,17-eicosatrieneoate",C21H36O2,10.1016/j.tca.2007.02.008,2007,"Molar enthalpy of vaporization or sublimation, kJ/mol",Liquid,"[""Liquid"",""Gas""]",Correlation Gas Chromatography,122.6,"{""nPropDigits"":4,""nPropNumber"":1,""nPropValue"":122.6,""CombinedUncertainty"":{""nCombUncertAssessNum"":1,""nCombExpandUncertValue"":3.2}}",variable,"{""nVarNumber"":1,""nVarDigits"":5,""nVarValue"":298.15}",298.15,True,,122.6,False
10.1016/j.tca.2007.02.008#d31#p1#r1,10.1016/j.tca.2007.02.008#d31#p1,10.1016/j.tca.2007.02.008.json,31,1,1,"InChI=1S/C23H46O2/c1-3-4-5-6-7-8-9-10-11-12-13-14-15-16-17-18-19-20-21-22-23(24)25-2/h3-22H2,1-2H3",QSQLTHHMFHEFIY-UHFFFAOYSA-N,methyl docosanoate,C23H46O2,10.1016/j.tca.2007.02.008,2007,"Molar enthalpy of vaporization or sublimation, kJ/mol",Liquid,"[""Liquid"",""Gas""]",Correlation Gas Chromatography,127.5,"{""CombinedUncertainty"":{""nCombExpandUncertValue"":3.8,""nCombUncertAssessNum"":1},""nPropValue"":127.5,""nPropDigits"":4,""nPropNumber"":1}",variable,"{""nVarValue"":298.15,""nVarNumber"":1,""nVarDigits"":5}",298.15,True,,127.5,False
10.1016/j.tca.2007.02.008#d32#p1#r1,10.1016/j.tca.2007.02.008#d32#p1,10.1016/j.tca.2007.02.008.json,32,1,1,"InChI=1S/C21H32O2/c1-3-4-5-6-7-8-9-10-11-12-13-14-15-16-17-18-19-20-21(22)23-2/h4-5,7-8,10-11,13-14,16-17H,3,6,9,12,15,18-20H2,1-2H3/b5-4-,8-7-,11-10-,14-13-,17-16-",QWDCYFDDFPWISL-JEBPEJKESA-N,"methyl Z,Z,Z,Z,Z 5,8,11,14,17-eicosapentaeneoate",C21H32O2,10.1016/j.tca.2007.02.008,2007,"Molar enthalpy of vaporization or sublimation, kJ/mol",Liquid,"[""Liquid"",""Gas""]",Correlation Gas Chromatography,121,"{""nPropValue"":121,""CombinedUncertainty"":{""nCombUncertAssessNum"":1,""nCombExpandUncertValue"":0.8},""nPropDigits"":3,""nPropNumber"":1}",variable,"{""nVarDigits"":5,""nVarNumber"":1,""nVarValue"":298.15}",298.15,True,,121,False
10.1016/j.tca.2007.02.008#d34#p1#r1,10.1016/j.tca.2007.02.008#d34#p1,10.1016/j.tca.2007.02.008.json,34,1,1,"InChI=1S/C23H44O2/c1-3-4-5-6-7-8-9-10-11-12-13-14-15-16-17-18-19-20-21-22-23(24)25-2/h10-11H,3-9,12-22H2,1-2H3/b11-10-",ZYNDJIBBPLNPOW-KHPPLWFESA-N,methyl (Z)-13-docosenoate,C23H44O2,10.1016/j.tca.2007.02.008,2007,"Molar enthalpy of vaporization or sublimation, kJ/mol",Liquid,"[""Liquid"",""Gas""]",Correlation Gas Chromatography,125.6,"{""nPropValue"":125.6,""CombinedUncertainty"":{""nCombExpandUncertValue"":2.5,""nCombUncertAssessNum"":1},""nPropNumber"":1,""nPropDigits"":4}",variable,"{""nVarValue"":298.15,""nVarNumber"":1,""nVarDigits"":5}",298.15,True,,125.6,False
10.1016/j.tca.2007.02.008#d36#p1#r1,10.1016/j.tca.2007.02.008#d36#p1,10.1016/j.tca.2007.02.008.json,36,1,1,"InChI=1S/C23H42O2/c1-3-4-5-6-7-8-9-10-11-12-13-14-15-16-17-18-19-20-21-22-23(24)25-2/h7-8,10-11H,3-6,9,12-22H2,1-2H3/b8-7-,11-10-",UPIRHFZFPVEDCF-NQLNTKRDSA-N,"methyl Z,Z 13,16-docosadienoate",C23H42O2,10.1016/j.tca.2007.02.008,2007,"Molar enthalpy of vaporization or sublimation, kJ/mol",Liquid,"[""Liquid"",""Gas""]",Correlation Gas Chromatography,127.9,"{""nPropNumber"":1,""nPropDigits"":4,""nPropValue"":127.9,""CombinedUncertainty"":{""nCombExpandUncertValue"":0.5,""nCombUncertAssessNum"":1}}",variable,"{""nVarValue"":298.15,""nVarNumber"":1,""nVarDigits"":5}",298.15,True,,127.9,False
10.1016/j.tca.2007.02.008#d38#p1#r1,10.1016/j.tca.2007.02.008#d38#p1,10.1016/j.tca.2007.02.008.json,38,1,1,"InChI=1S/C25H50O2/c1-3-4-5-6-7-8-9-10-11-12-13-14-15-16-17-18-19-20-21-22-23-24-25(26)27-2/h3-24H2,1-2H3",XUDJZDNUVZHSKZ-UHFFFAOYSA-N,methyl tetracosanoate,C25H50O2,10.1016/j.tca.2007.02.008,2007,"Molar enthalpy of vaporization or sublimation, kJ/mol",Liquid,"[""Liquid"",""Gas""]",Correlation Gas Chromatography,135.7,"{""nPropNumber"":1,""nPropDigits"":4,""nPropValue"":135.7,""CombinedUncertainty"":{""nCombExpandUncertValue"":2.1,""nCombUncertAssessNum"":1}}",variable,"{""nVarValue"":298.15,""nVarDigits"":5,""nVarNumber"":1}",298.15,True,,135.7,False
10.1016/j.tca.2007.02.008#d39#p1#r1,10.1016/j.tca.2007.02.008#d39#p1,10.1016/j.tca.2007.02.008.json,39,1,1,"InChI=1S/C25H48O2/c1-3-4-5-6-7-8-9-10-11-12-13-14-15-16-17-18-19-20-21-22-23-24-25(26)27-2/h10-11H,3-9,12-24H2,1-2H3/b11-10-",AINIZSBLAFHZCP-KHPPLWFESA-N,(Z)-methyl 15-tetracosenate,C25H48O2,10.1016/j.tca.2007.02.008,2007,"Molar enthalpy of vaporization or sublimation, kJ/mol",Liquid,"[""Liquid"",""Gas""]",Correlation Gas Chromatography,135.3,"{""CombinedUncertainty"":{""nCombUncertAssessNum"":1,""nCombExpandUncertValue"":2.3},""nPropValue"":135.3,""nPropNumber"":1,""nPropDigits"":4}",variable,"{""nVarDigits"":5,""nVarNumber"":1,""nVarValue"":298.15}",298.15,True,,135.3,False
10.1016/j.tca.2007.02.008#d41#p1#r1,10.1016/j.tca.2007.02.008#d41#p1,10.1016/j.tca.2007.02.008.json,41,1,1,"InChI=1S/C23H34O2/c1-3-4-5-6-7-8-9-10-11-12-13-14-15-16-17-18-19-20-21-22-23(24)25-2/h4-5,7-8,10-11,13-14,16-17,19-20H,3,6,9,12,15,18,21-22H2,1-2H3/b5-4-,8-7-,11-10-,14-13-,17-16-,20-19-",VCDLWFYODNTQOT-JDPCYWKWSA-N,"methyl Z,Z,Z,Z,Z,Z 4,7,10,13,16,19-docosahexaeneoate",C23H34O2,10.1016/j.tca.2007.02.008,2007,"Molar enthalpy of vaporization or sublimation, kJ/mol",Liquid,"[""Liquid"",""Gas""]",Correlation Gas Chromatography,131.8,"{""nPropValue"":131.8,""CombinedUncertainty"":{""nCombExpandUncertValue"":0.6,""nCombUncertAssessNum"":1},""nPropDigits"":4,""nPropNumber"":1}",variable,"{""nVarValue"":298.15,""nVarNumber"":1,""nVarDigits"":5}",298.15,True,,131.8,False
10.1016/j.tca.2007.10.007#d1#p1#r1,10.1016/j.tca.2007.10.007#d1#p1,10.1016/j.tca.2007.10.007.json,1,1,1,"InChI=1S/C12H27O4P/c1-4-7-10-14-17(13,15-11-8-5-2)16-12-9-6-3/h4-12H2,1-3H3",STCOOQWBFONSKY-UHFFFAOYSA-N,tributyl phosphate,C12H27O4P,10.1016/j.tca.2007.10.007,2007,"Molar enthalpy of vaporization or sublimation, kJ/mol",Liquid,"[""Liquid"",""Gas""]",Correlation gas chromatography,81.29,"{""CombinedUncertainty"":{""nCombExpandUncertValue"":2.33,""nCombUncertAssessNum"":1},""nPropValue"":81.29,""nPropDigits"":4,""nPropNumber"":1}",variable,"{""nVarValue"":298.15,""nVarNumber"":1,""nVarDigits"":5}",298.15,True,,81.29,False
10.1016/j.tca.2007.10.007#d2#p1#r1,10.1016/j.tca.2007.10.007#d2#p1,10.1016/j.tca.2007.10.007.json,2,1,1,"InChI=1S/C12H27O4P/c1-10(2)7-14-17(13,15-8-11(3)4)16-9-12(5)6/h10-12H,7-9H2,1-6H3",HRKAMJBPFPHCSD-UHFFFAOYSA-N,triisobutyl phosphate,C12H27O4P,10.1016/j.tca.2007.10.007,2007,"Molar enthalpy of vaporization or sublimation, kJ/mol",Liquid,"[""Liquid"",""Gas""]",Correlation gas chromatography,72.97,"{""nPropNumber"":1,""nPropDigits"":4,""CombinedUncertainty"":{""nCombExpandUncertValue"":2.16,""nCombUncertAssessNum"":1},""nPropValue"":72.97}",variable,"{""nVarValue"":298.15,""nVarDigits"":5,""nVarNumber"":1}",298.15,True,,72.97,False
10.1016/j.tca.2007.10.007#d3#p1#r1,10.1016/j.tca.2007.10.007#d3#p1,10.1016/j.tca.2007.10.007.json,3,1,1,"InChI=1S/C12H27O4P/c1-7-10(4)14-17(13,15-11(5)8-2)16-12(6)9-3/h10-12H,7-9H2,1-6H3",ZUOKGVSVSVEDQU-UHFFFAOYSA-N,tri-sec-butyl phosphate,C12H27O4P,10.1016/j.tca.2007.10.007,2007,"Molar enthalpy of vaporization or sublimation, kJ/mol",Liquid,"[""Liquid"",""Gas""]",Correlation gas chromatography,69.55,"{""CombinedUncertainty"":{""nCombUncertAssessNum"":1,""nCombExpandUncertValue"":2.09},""nPropValue"":69.55,""nPropNumber"":1,""nPropDigits"":4}",variable,"{""nVarNumber"":1,""nVarDigits"":5,""nVarValue"":298.15}",298.15,True,,69.55,False
10.1016/j.tca.2007.10.007#d4#p1#r1,10.1016/j.tca.2007.10.007#d4#p1,10.1016/j.tca.2007.10.007.json,4,1,1,"InChI=1S/C15H33O4P/c1-4-7-10-13-17-20(16,18-14-11-8-5-2)19-15-12-9-6-3/h4-15H2,1-3H3",QJAVUVZBMMXBRO-UHFFFAOYSA-N,tripentyl phosphate,C15H33O4P,10.1016/j.tca.2007.10.007,2007,"Molar enthalpy of vaporization or sublimation, kJ/mol",Liquid,"[""Liquid"",""Gas""]",Correlation gas chromatography,92.3,"{""nPropValue"":92.3,""CombinedUncertainty"":{""nCombUncertAssessNum"":1,""nCombExpandUncertValue"":2.55},""nPropNumber"":1,""nPropDigits"":4}",variable,"{""nVarValue"":298.15,""nVarDigits"":5,""nVarNumber"":1}",298.15,True,,92.3,False
10.1016/j.tca.2007.10.007#d5#p1#r1,10.1016/j.tca.2007.10.007#d5#p1,10.1016/j.tca.2007.10.007.json,5,1,1,"InChI=1S/C15H33O4P/c1-13(2)7-10-17-20(16,18-11-8-14(3)4)19-12-9-15(5)6/h13-15H,7-12H2,1-6H3",YQLIHRFKJJQBAF-UHFFFAOYSA-N,triisopentyl phosphate,C15H33O4P,10.1016/j.tca.2007.10.007,2007,"Molar enthalpy of vaporization or sublimation, kJ/mol",Liquid,"[""Liquid"",""Gas""]",Correlation gas chromatography,86.6,"{""CombinedUncertainty"":{""nCombExpandUncertValue"":2.43,""nCombUncertAssessNum"":1},""nPropValue"":86.6,""nPropNumber"":1,""nPropDigits"":4}",variable,"{""nVarValue"":298.15,""nVarNumber"":1,""nVarDigits"":5}",298.15,True,,86.6,False
10.1016/j.tca.2007.10.007#d6#p1#r1,10.1016/j.tca.2007.10.007#d6#p1,10.1016/j.tca.2007.10.007.json,6,1,1,"InChI=1S/C15H33O4P/c1-7-13(4)10-17-20(16,18-11-14(5)8-2)19-12-15(6)9-3/h13-15H,7-12H2,1-6H3",MVHXVVAQXIBWBU-UHFFFAOYSA-N,tri-2-methylbutyl phosphate,C15H33O4P,10.1016/j.tca.2007.10.007,2007,"Molar enthalpy of vaporization or sublimation, kJ/mol",Liquid,"[""Liquid"",""Gas""]",Correlation gas chromatography,86.72,"{""nPropNumber"":1,""nPropDigits"":4,""CombinedUncertainty"":{""nCombUncertAssessNum"":1,""nCombExpandUncertValue"":2.43},""nPropValue"":86.72}",variable,"{""nVarValue"":298.15,""nVarNumber"":1,""nVarDigits"":5}",298.15,True,,86.72,False
10.1016/j.tca.2007.10.007#d7#p1#r1,10.1016/j.tca.2007.10.007#d7#p1,10.1016/j.tca.2007.10.007.json,7,1,1,"InChI=1S/C15H33O4P/c1-7-10-13(4)17-20(16,18-14(5)11-8-2)19-15(6)12-9-3/h13-15H,7-12H2,1-6H3",BCIFMBSWFCXFAS-UHFFFAOYSA-N,tri-sec-amyl phosphate,C15H33O4P,10.1016/j.tca.2007.10.007,2007,"Molar enthalpy of vaporization or sublimation, kJ/mol",Liquid,"[""Liquid"",""Gas""]",Correlation gas chromatography,81.53,"{""nPropValue"":81.53,""CombinedUncertainty"":{""nCombExpandUncertValue"":2.33,""nCombUncertAssessNum"":1},""nPropNumber"":1,""nPropDigits"":4}",variable,"{""nVarNumber"":1,""nVarDigits"":5,""nVarValue"":298.15}",298.15,True,,81.53,False
10.1016/j.tca.2007.10.007#d8#p1#r1,10.1016/j.tca.2007.10.007#d8#p1,10.1016/j.tca.2007.10.007.json,8,1,1,"InChI=1S/C18H39O4P/c1-4-7-10-13-16-20-23(19,21-17-14-11-8-5-2)22-18-15-12-9-6-3/h4-18H2,1-3H3",SFENPMLASUEABX-UHFFFAOYSA-N,trihexyl phosphate,C18H39O4P,10.1016/j.tca.2007.10.007,2007,"Molar enthalpy of vaporization or sublimation, kJ/mol",Liquid,"[""Liquid"",""Gas""]",Correlation gas chromatography,104.91,"{""nPropDigits"":5,""nPropNumber"":1,""CombinedUncertainty"":{""nCombExpandUncertValue"":2.8,""nCombUncertAssessNum"":1},""nPropValue"":104.91}",variable,"{""nVarValue"":298.15,""nVarDigits"":5,""nVarNumber"":1}",298.15,True,,104.91,False
10.1016/j.tca.2007.10.007#d9#p1#r1,10.1016/j.tca.2007.10.007#d9#p1,10.1016/j.tca.2007.10.007.json,9,1,1,"InChI=1S/C3H9O4P/c1-5-8(4,6-2)7-3/h1-3H3",WVLBCYQITXONBZ-UHFFFAOYSA-N,trimethyl orthophosphate,C3H9O4P,10.1016/j.tca.2007.10.007,2007,"Molar enthalpy of vaporization or sublimation, kJ/mol",Liquid,"[""Liquid"",""Gas""]",Correlation gas chromatography,47.5,"{""nPropNumber"":1,""nPropDigits"":4,""nPropValue"":47.5,""CombinedUncertainty"":{""nCombExpandUncertValue"":1.33,""nCombUncertAssessNum"":1}}",variable,"{""nVarValue"":298.15,""nVarDigits"":5,""nVarNumber"":1}",298.15,True,,47.5,False
10.1016/j.tca.2007.10.007#d10#p1#r1,10.1016/j.tca.2007.10.007#d10#p1,10.1016/j.tca.2007.10.007.json,10,1,1,"InChI=1S/C6H15O4P/c1-4-8-11(7,9-5-2)10-6-3/h4-6H2,1-3H3",DQWPFSLDHJDLRL-UHFFFAOYSA-N,ethyl phosphate,C6H15O4P,10.1016/j.tca.2007.10.007,2007,"Molar enthalpy of vaporization or sublimation, kJ/mol",Liquid,"[""Liquid"",""Gas""]",Correlation gas chromatography,55.73,"{""nPropDigits"":4,""nPropNumber"":1,""CombinedUncertainty"":{""nCombUncertAssessNum"":1,""nCombExpandUncertValue"":1.53},""nPropValue"":55.73}",variable,"{""nVarValue"":298.15,""nVarDigits"":5,""nVarNumber"":1}",298.15,True,,55.73,False
10.1016/j.tca.2008.12.032#d1#p1#r1,10.1016/j.tca.2008.12.032#d1#p1,10.1016/j.tca.2008.12.032.json,1,1,1,"InChI=1S/3C5H7O2.Al/c3*1-4(6)3-5(2)7;/h3*3H,1-2H3;/q3*-1;+3",QWKOJPUROFIHOB-UHFFFAOYSA-N,aluminum triacetylacetonate,C15H21AlO6,10.1016/j.tca.2008.12.032,2009,"Molar enthalpy of vaporization or sublimation, kJ/mol",Crystal,"[""Crystal"",""Gas""]",DSC,107.1,"{""nPropValue"":107.1,""CombinedUncertainty"":{""nCombExpandUncertValue"":3.2,""nCombUncertAssessNum"":1},""nPropNumber"":1,""nPropDigits"":4}",variable,"{""nVarValue"":466.1,""nVarNumber"":1,""nVarDigits"":4}",466.1,False,disconnected_formula;charge_or_protonation_layer;element_outside_scope,107.1,False
10.1016/j.tca.2008.12.032#d2#p1#r1,10.1016/j.tca.2008.12.032#d2#p1,10.1016/j.tca.2008.12.032.json,2,1,1,"InChI=1S/3C5H7O2.Cr/c3*1-4(6)3-5(2)7;/h3*3H,1-2H3;/q3*-1;+3",GMJCSPGGZSWVKI-UHFFFAOYSA-N,"tris(2,4-pentanedionato)chromium",C15H21CrO6,10.1016/j.tca.2008.12.032,2009,"Molar enthalpy of vaporization or sublimation, kJ/mol",Crystal,"[""Crystal"",""Gas""]",DSC,120.8,"{""nPropNumber"":1,""nPropDigits"":4,""CombinedUncertainty"":{""nCombUncertAssessNum"":1,""nCombExpandUncertValue"":3.5},""nPropValue"":120.8}",variable,"{""nVarValue"":486.1,""nVarNumber"":1,""nVarDigits"":4}",486.1,False,disconnected_formula;charge_or_protonation_layer;element_outside_scope,120.8,False
10.1016/j.tca.2012.03.018#d1#p1#r1,10.1016/j.tca.2012.03.018#d1#p1,10.1016/j.tca.2012.03.018.json,1,1,1,"InChI=1S/C16H34/c1-3-5-7-9-11-13-15-16-14-12-10-8-6-4-2/h3-16H2,1-2H3",DCAYPVUWAIABOU-UHFFFAOYSA-N,hexadecane,C16H34,10.1016/j.tca.2012.03.018,2012,"Molar enthalpy of vaporization or sublimation, kJ/mol",Liquid,"[""Liquid"",""Gas""]",DTG,74.5,"{""CombinedUncertainty"":{""nCombUncertAssessNum"":1,""nCombExpandUncertValue"":1.6},""nPropValue"":74.5,""nPropNumber"":1,""nPropDigits"":3}",variable,"{""nVarValue"":353,""nVarDigits"":3,""nVarNumber"":1}",353,True,,74.5,False
10.1016/j.tca.2012.03.018#d2#p1#r1,10.1016/j.tca.2012.03.018#d2#p1,10.1016/j.tca.2012.03.018.json,2,1,1,"InChI=1S/C16H34/c1-3-5-7-9-11-13-15-16-14-12-10-8-6-4-2/h3-16H2,1-2H3",DCAYPVUWAIABOU-UHFFFAOYSA-N,hexadecane,C16H34,10.1016/j.tca.2012.03.018,2012,"Molar enthalpy of vaporization or sublimation, kJ/mol",Liquid,"[""Liquid"",""Gas""]",Transpiration,74.9,"{""nPropValue"":74.9,""CombinedUncertainty"":{""nCombExpandUncertValue"":0.8,""nCombUncertAssessNum"":1},""nPropNumber"":1,""nPropDigits"":3}",variable,"{""nVarValue"":333.5,""nVarNumber"":1,""nVarDigits"":4}",333.5,True,,74.9,False
10.1016/j.tca.2012.03.018#d3#p1#r1,10.1016/j.tca.2012.03.018#d3#p1,10.1016/j.tca.2012.03.018.json,3,1,1,"InChI=1S/C16H22O4/c1-3-5-11-19-15(17)13-9-7-8-10-14(13)16(18)20-12-6-4-2/h7-10H,3-6,11-12H2,1-2H3",DOIRQSBPFJWKBE-UHFFFAOYSA-N,dibutyl phthalate,C16H22O4,10.1016/j.tca.2012.03.018,2012,"Molar enthalpy of vaporization or sublimation, kJ/mol",Liquid,"[""Liquid"",""Gas""]",DTG,84,"{""nPropValue"":84,""CombinedUncertainty"":{""nCombExpandUncertValue"":1.6,""nCombUncertAssessNum"":1},""nPropDigits"":2,""nPropNumber"":1}",variable,"{""nVarValue"":393,""nVarNumber"":1,""nVarDigits"":3}",393,True,,84,False
10.1016/j.tca.2012.03.018#d4#p1#r1,10.1016/j.tca.2012.03.018#d4#p1,10.1016/j.tca.2012.03.018.json,4,1,1,"InChI=1S/C19H38O2/c1-3-4-5-6-7-8-9-10-11-12-13-14-15-16-17-18-19(20)21-2/h3-18H2,1-2H3",HPEUJPJOZXNMSJ-UHFFFAOYSA-N,methyl octadecanoate,C19H38O2,10.1016/j.tca.2012.03.018,2012,"Molar enthalpy of vaporization or sublimation, kJ/mol",Liquid,"[""Liquid"",""Gas""]",DTG,90.2,"{""nPropValue"":90.2,""CombinedUncertainty"":{""nCombExpandUncertValue"":1,""nCombUncertAssessNum"":1},""nPropNumber"":1,""nPropDigits"":3}",variable,"{""nVarValue"":353,""nVarDigits"":3,""nVarNumber"":1}",353,True,,90.2,False
10.1016/j.tca.2012.03.018#d5#p1#r1,10.1016/j.tca.2012.03.018#d5#p1,10.1016/j.tca.2012.03.018.json,5,1,1,"InChI=1S/C6H11N2.C2F6NO4S2/c1-3-8-5-4-7(2)6-8;3-1(4,5)14(10,11)9-15(12,13)2(6,7)8/h4-6H,3H2,1-2H3;/q+1;-1",LRESCJAINPKJTO-UHFFFAOYSA-N,1-ethyl-3-methylimidazolium bis((trifluoromethyl)sulfonyl)imide,C8H11F6N3O4S2,10.1016/j.tca.2012.03.018,2012,"Molar enthalpy of vaporization or sublimation, kJ/mol",Liquid,"[""Liquid"",""Gas""]",DTG,110.5,"{""nPropValue"":110.5,""CombinedUncertainty"":{""nCombExpandUncertValue"":3,""nCombUncertAssessNum"":1},""nPropNumber"":1,""nPropDigits"":4}",variable,"{""nVarValue"":525,""nVarNumber"":1,""nVarDigits"":3}",525,True,disconnected_formula;charge_or_protonation_layer,110.5,False
10.1016/j.tca.2012.03.018#d6#p1#r1,10.1016/j.tca.2012.03.018#d6#p1,10.1016/j.tca.2012.03.018.json,6,1,1,"InChI=1S/C20H40O2/c1-3-5-6-7-8-9-10-11-12-13-14-15-16-17-18-19-20(21)22-4-2/h3-19H2,1-2H3",MVLVMROFTAUDAG-UHFFFAOYSA-N,ethyl octadecanoate,C20H40O2,10.1016/j.tca.2012.03.018,2012,"Molar enthalpy of vaporization or sublimation, kJ/mol",Liquid,"[""Liquid"",""Gas""]",DTG,92.2,"{""nPropValue"":92.2,""CombinedUncertainty"":{""nCombUncertAssessNum"":1,""nCombExpandUncertValue"":1.4},""nPropNumber"":1,""nPropDigits"":3}",variable,"{""nVarValue"":373,""nVarDigits"":3,""nVarNumber"":1}",373,True,,92.2,False
10.1016/j.tca.2012.03.018#d7#p1#r1,10.1016/j.tca.2012.03.018#d7#p1,10.1016/j.tca.2012.03.018.json,7,1,1,"InChI=1S/C20H40O2/c1-3-5-6-7-8-9-10-11-12-13-14-15-16-17-18-19-20(21)22-4-2/h3-19H2,1-2H3",MVLVMROFTAUDAG-UHFFFAOYSA-N,ethyl octadecanoate,C20H40O2,10.1016/j.tca.2012.03.018,2012,"Molar enthalpy of vaporization or sublimation, kJ/mol",Liquid,"[""Liquid"",""Gas""]",Transpiration,93.5,"{""nPropDigits"":3,""nPropNumber"":1,""nPropValue"":93.5,""CombinedUncertainty"":{""nCombUncertAssessNum"":1,""nCombExpandUncertValue"":1.4}}",variable,"{""nVarValue"":383.5,""nVarNumber"":1,""nVarDigits"":4}",383.5,True,,93.5,False
10.1016/j.tca.2013.04.003#d1#p1#r1,10.1016/j.tca.2013.04.003#d1#p1,10.1016/j.tca.2013.04.003.json,1,1,1,"InChI=1S/C6H11N2.ClH/c1-3-8-5-4-7(2)6-8;/h4-6H,3H2,1-2H3;1H/q+1;/p-1",BMQZYMYBQZGEEY-UHFFFAOYSA-M,1-ethyl-3-methylimidazolium chloride,C6H11ClN2,10.1016/j.tca.2013.04.003,2013,"Molar enthalpy of vaporization or sublimation, kJ/mol",Liquid,"[""Liquid"",""Gas""]",TGA,126.9,"{""nPropNumber"":1,""nPropDigits"":4,""nPropValue"":126.9,""CombinedUncertainty"":{""nCombExpandUncertValue"":3,""nCombUncertAssessNum"":1}}",variable,"{""nVarValue"":432.1,""nVarDigits"":4,""nVarNumber"":1}",432.1,True,disconnected_formula;charge_or_protonation_layer,126.9,False
10.1016/j.tca.2013.04.003#d2#p1#r1,10.1016/j.tca.2013.04.003#d2#p1,10.1016/j.tca.2013.04.003.json,2,1,1,"InChI=1S/C10H19N2.ClH/c1-3-4-5-6-7-12-9-8-11(2)10-12;/h8-10H,3-7H2,1-2H3;1H/q+1;/p-1",NKRASMXHSQKLHA-UHFFFAOYSA-M,1-hexyl-3-methylimidazolium chloride,C10H19ClN2,10.1016/j.tca.2013.04.003,2013,"Molar enthalpy of vaporization or sublimation, kJ/mol",Liquid,"[""Liquid"",""Gas""]",TGA,143.9,"{""CombinedUncertainty"":{""nCombUncertAssessNum"":1,""nCombExpandUncertValue"":3},""nPropValue"":143.9,""nPropNumber"":1,""nPropDigits"":4}",variable,"{""nVarDigits"":4,""nVarNumber"":1,""nVarValue"":432.4}",432.4,True,disconnected_formula;charge_or_protonation_layer,143.9,False
10.1016/j.tca.2014.05.033#d1#p1#r1,10.1016/j.tca.2014.05.033#d1#p1,10.1016/j.tca.2014.05.033.json,1,1,1,InChI=1S/C10H8/c1-2-5-9-7-4-8-10(9)6-3-1/h1-8H,CUFNKYGDVFVPHO-UHFFFAOYSA-N,"bicyclo[5.3.0]deca-2,4,6,8,10-pentaene",C10H8,10.1016/j.tca.2014.05.033,2014,"Molar enthalpy of vaporization or sublimation, kJ/mol",Crystal,"[""Crystal"",""Gas""]",DSC,73.3,"{""CombinedUncertainty"":{""nCombExpandUncertValue"":2.3,""nCombUncertAssessNum"":1},""nPropValue"":73.3,""nPropDigits"":3,""nPropNumber"":1}",variable,"{""nVarDigits"":5,""nVarNumber"":1,""nVarValue"":298.15}",298.15,False,,73.3,False
10.1016/j.tca.2014.05.033#d2#p1#r1,10.1016/j.tca.2014.05.033#d2#p1,10.1016/j.tca.2014.05.033.json,2,1,1,InChI=1S/C14H10/c1-3-7-13(8-4-1)11-12-14-9-5-2-6-10-14/h1-10H,JRXXLCKWQFKACW-UHFFFAOYSA-N,"1,2-diphenylethyne",C14H10,10.1016/j.tca.2014.05.033,2014,"Molar enthalpy of vaporization or sublimation, kJ/mol",Crystal,"[""Crystal"",""Gas""]",DSC,92.2,"{""CombinedUncertainty"":{""nCombExpandUncertValue"":4.5,""nCombUncertAssessNum"":1},""nPropValue"":92.2,""nPropNumber"":1,""nPropDigits"":3}",variable,"{""nVarValue"":298.15,""nVarDigits"":5,""nVarNumber"":1}",298.15,False,,92.2,False
10.1016/j.tca.2014.05.033#d3#p1#r1,10.1016/j.tca.2014.05.033#d3#p1,10.1016/j.tca.2014.05.033.json,3,1,1,InChI=1S/C14H10/c1-3-7-13-11(5-1)9-10-12-6-2-4-8-14(12)13/h1-10H,YNPNZTXNASCQKK-UHFFFAOYSA-N,phenanthrene,C14H10,10.1016/j.tca.2014.05.033,2014,"Molar enthalpy of vaporization or sublimation, kJ/mol",Crystal 2,"[""Crystal 2"",""Gas""]",DSC,92.3,"{""nPropNumber"":1,""nPropDigits"":3,""CombinedUncertainty"":{""nCombExpandUncertValue"":3,""nCombUncertAssessNum"":1},""nPropValue"":92.3}",variable,"{""nVarValue"":298.15,""nVarDigits"":5,""nVarNumber"":1}",298.15,False,,92.3,False
10.1016/j.tca.2014.05.033#d6#p1#r1,10.1016/j.tca.2014.05.033#d6#p1,10.1016/j.tca.2014.05.033.json,6,1,1,InChI=1S/C14H12/c1-3-7-13(8-4-1)11-12-14-9-5-2-6-10-14/h1-12H/b12-11+,PJANXHGTPQOBST-VAWYXSNFSA-N,"(E)-1,2-diphenylethene",C14H12,10.1016/j.tca.2014.05.033,2014,"Molar enthalpy of vaporization or sublimation, kJ/mol",Crystal,"[""Crystal"",""Gas""]",DSC,102.8,"{""nPropNumber"":1,""nPropDigits"":4,""nPropValue"":102.8,""CombinedUncertainty"":{""nCombUncertAssessNum"":1,""nCombExpandUncertValue"":2.8}}",variable,"{""nVarNumber"":1,""nVarDigits"":5,""nVarValue"":298.15}",298.15,False,,102.8,False
10.1016/j.tca.2014.05.033#d7#p1#r1,10.1016/j.tca.2014.05.033#d7#p1,10.1016/j.tca.2014.05.033.json,7,1,1,InChI=1S/C16H12/c1-2-7-13(8-3-1)16-12-6-10-14-9-4-5-11-15(14)16/h1-12H,IYDMICQAKLQHLA-UHFFFAOYSA-N,1-phenylnaphthalene,C16H12,10.1016/j.tca.2014.05.033,2014,"Molar enthalpy of vaporization or sublimation, kJ/mol",Liquid,"[""Liquid"",""Gas""]",DSC,82.7,"{""nPropDigits"":3,""nPropNumber"":1,""nPropValue"":82.7,""CombinedUncertainty"":{""nCombUncertAssessNum"":1,""nCombExpandUncertValue"":2.6}}",variable,"{""nVarValue"":298.15,""nVarNumber"":1,""nVarDigits"":5}",298.15,True,,82.7,False
10.1016/j.tca.2014.05.033#d9#p1#r1,10.1016/j.tca.2014.05.033#d9#p1,10.1016/j.tca.2014.05.033.json,9,1,1,InChI=1S/C16H10/c1-3-11-7-9-13-5-2-6-14-10-8-12(4-1)15(11)16(13)14/h1-10H,BBEAQIROQSPTKN-UHFFFAOYSA-N,pyrene,C16H10,10.1016/j.tca.2014.05.033,2014,"Molar enthalpy of vaporization or sublimation, kJ/mol",Crystal,"[""Crystal"",""Gas""]",DSC,105.6,"{""nPropValue"":105.6,""CombinedUncertainty"":{""nCombUncertAssessNum"":1,""nCombExpandUncertValue"":3.3},""nPropDigits"":4,""nPropNumber"":1}",variable,"{""nVarValue"":298.15,""nVarDigits"":5,""nVarNumber"":1}",298.15,False,,105.6,False
10.1016/j.tca.2014.05.033#d10#p1#r1,10.1016/j.tca.2014.05.033#d10#p1,10.1016/j.tca.2014.05.033.json,10,1,1,InChI=1S/C18H14/c1-3-9-15(10-4-1)17-13-7-8-14-18(17)16-11-5-2-6-12-16/h1-14H,OIAQMFOKAXHPNH-UHFFFAOYSA-N,o-terphenyl,C18H14,10.1016/j.tca.2014.05.033,2014,"Molar enthalpy of vaporization or sublimation, kJ/mol",Crystal,"[""Crystal"",""Gas""]",DSC,105.7,"{""nPropDigits"":4,""nPropNumber"":1,""CombinedUncertainty"":{""nCombExpandUncertValue"":3.1,""nCombUncertAssessNum"":1},""nPropValue"":105.7}",variable,"{""nVarValue"":298.15,""nVarDigits"":5,""nVarNumber"":1}",298.15,False,,105.7,False
10.1016/j.tca.2014.05.033#d12#p1#r1,10.1016/j.tca.2014.05.033#d12#p1,10.1016/j.tca.2014.05.033.json,12,1,1,InChI=1S/C18H14/c1-3-8-15(9-4-1)17-12-7-13-18(14-17)16-10-5-2-6-11-16/h1-14H,YJTKZCDBKVTVBY-UHFFFAOYSA-N,m-terphenyl,C18H14,10.1016/j.tca.2014.05.033,2014,"Molar enthalpy of vaporization or sublimation, kJ/mol",Crystal,"[""Crystal"",""Gas""]",DSC,115.4,"{""CombinedUncertainty"":{""nCombExpandUncertValue"":2.6,""nCombUncertAssessNum"":1},""nPropValue"":115.4,""nPropNumber"":1,""nPropDigits"":4}",variable,"{""nVarValue"":298.15,""nVarNumber"":1,""nVarDigits"":5}",298.15,False,,115.4,False
10.1016/j.tca.2014.05.033#d13#p1#r1,10.1016/j.tca.2014.05.033#d13#p1,10.1016/j.tca.2014.05.033.json,13,1,1,InChI=1S/C18H14/c1-3-7-15(8-4-1)17-11-13-18(14-12-17)16-9-5-2-6-10-16/h1-14H,XJKSTNDFUHDPQJ-UHFFFAOYSA-N,p-terphenyl,C18H14,10.1016/j.tca.2014.05.033,2014,"Molar enthalpy of vaporization or sublimation, kJ/mol",Crystal,"[""Crystal"",""Gas""]",DSC,121.3,"{""nPropNumber"":1,""nPropDigits"":4,""nPropValue"":121.3,""CombinedUncertainty"":{""nCombUncertAssessNum"":1,""nCombExpandUncertValue"":4.2}}",variable,"{""nVarValue"":298.15,""nVarNumber"":1,""nVarDigits"":5}",298.15,False,,121.3,False
10.1016/j.tca.2014.05.033#d14#p1#r1,10.1016/j.tca.2014.05.033#d14#p1,10.1016/j.tca.2014.05.033.json,14,1,1,InChI=1S/C18H12/c1-2-7-15-12-18-16(11-14(15)6-1)10-9-13-5-3-4-8-17(13)18/h1-12H,DXBHBZVCASKNBY-UHFFFAOYSA-N,benz[a]anthracene,C18H12,10.1016/j.tca.2014.05.033,2014,"Molar enthalpy of vaporization or sublimation, kJ/mol",Crystal,"[""Crystal"",""Gas""]",DSC,116.2,"{""CombinedUncertainty"":{""nCombExpandUncertValue"":3.1,""nCombUncertAssessNum"":1},""nPropValue"":116.2,""nPropNumber"":1,""nPropDigits"":4}",variable,"{""nVarValue"":298.15,""nVarDigits"":5,""nVarNumber"":1}",298.15,False,,116.2,False
10.1016/j.tca.2014.05.033#d15#p1#r1,10.1016/j.tca.2014.05.033#d15#p1,10.1016/j.tca.2014.05.033.json,15,1,1,InChI=1S/C20H14/c1-2-8-15(9-3-1)20-18-12-6-4-10-16(18)14-17-11-5-7-13-19(17)20/h1-14H,LUBXLGUQZVKOFP-UHFFFAOYSA-N,9-phenylanthracene,C20H14,10.1016/j.tca.2014.05.033,2014,"Molar enthalpy of vaporization or sublimation, kJ/mol",Crystal,"[""Crystal"",""Gas""]",DSC,125.5,"{""nPropNumber"":1,""nPropDigits"":4,""CombinedUncertainty"":{""nCombExpandUncertValue"":3.2,""nCombUncertAssessNum"":1},""nPropValue"":125.5}",variable,"{""nVarValue"":298.15,""nVarNumber"":1,""nVarDigits"":5}",298.15,False,,125.5,False
10.1016/j.tca.2014.05.033#d16#p1#r1,10.1016/j.tca.2014.05.033#d16#p1,10.1016/j.tca.2014.05.033.json,16,1,1,InChI=1S/C24H18/c1-4-11-19(12-5-1)22-17-10-18-23(20-13-6-2-7-14-20)24(22)21-15-8-3-9-16-21/h1-18H,CHBDXRNMDNRJJC-UHFFFAOYSA-N,"1,2,3-triphenylbenzene",C24H18,10.1016/j.tca.2014.05.033,2014,"Molar enthalpy of vaporization or sublimation, kJ/mol",Crystal,"[""Crystal"",""Gas""]",DSC,138.5,"{""nPropValue"":138.5,""CombinedUncertainty"":{""nCombExpandUncertValue"":4.2,""nCombUncertAssessNum"":1},""nPropNumber"":1,""nPropDigits"":4}",variable,"{""nVarValue"":298.15,""nVarDigits"":5,""nVarNumber"":1}",298.15,False,,138.5,False
10.1016/j.tca.2014.05.033#d17#p1#r1,10.1016/j.tca.2014.05.033#d17#p1,10.1016/j.tca.2014.05.033.json,17,1,1,InChI=1S/C22H14/c1-3-7-19-15(5-1)9-11-17-14-22-18(13-21(17)19)12-10-16-6-2-4-8-20(16)22/h1-14H,LHRCREOYAASXPZ-UHFFFAOYSA-N,"dibenz[a,h]anthracene",C22H14,10.1016/j.tca.2014.05.033,2014,"Molar enthalpy of vaporization or sublimation, kJ/mol",Crystal,"[""Crystal"",""Gas""]",DSC,148.3,"{""nPropNumber"":1,""nPropDigits"":4,""CombinedUncertainty"":{""nCombExpandUncertValue"":4.7,""nCombUncertAssessNum"":1},""nPropValue"":148.3}",variable,"{""nVarValue"":298.15,""nVarDigits"":5,""nVarNumber"":1}",298.15,False,,148.3,False
10.1016/j.tca.2014.05.033#d18#p1#r1,10.1016/j.tca.2014.05.033#d18#p1,10.1016/j.tca.2014.05.033.json,18,1,1,InChI=1S/C26H18/c1-3-11-19(12-4-1)25-21-15-7-9-17-23(21)26(20-13-5-2-6-14-20)24-18-10-8-16-22(24)25/h1-18H,FCNCGHJSNVOIKE-UHFFFAOYSA-N,"9,10-diphenylanthracene",C26H18,10.1016/j.tca.2014.05.033,2014,"Molar enthalpy of vaporization or sublimation, kJ/mol",Crystal,"[""Crystal"",""Gas""]",DSC,152.9,"{""nPropDigits"":4,""nPropNumber"":1,""CombinedUncertainty"":{""nCombExpandUncertValue"":5.3,""nCombUncertAssessNum"":1},""nPropValue"":152.9}",variable,"{""nVarDigits"":5,""nVarNumber"":1,""nVarValue"":298.15}",298.15,False,,152.9,False
10.1016/j.tca.2014.05.033#d19#p1#r1,10.1016/j.tca.2014.05.033#d19#p1,10.1016/j.tca.2014.05.033.json,19,1,1,InChI=1S/C34H24/c1-5-15-25(16-6-1)31-29-23-13-14-24-30(29)32(26-17-7-2-8-18-26)34(28-21-11-4-12-22-28)33(31)27-19-9-3-10-20-27/h1-24H,UCTTYTFENYGAPP-UHFFFAOYSA-N,"1,2,3,4-tetraphenylnaphthalene",C34H24,10.1016/j.tca.2014.05.033,2014,"Molar enthalpy of vaporization or sublimation, kJ/mol",Crystal,"[""Crystal"",""Gas""]",DSC,165,"{""nPropNumber"":1,""nPropDigits"":4,""CombinedUncertainty"":{""nCombUncertAssessNum"":1,""nCombExpandUncertValue"":6.2},""nPropValue"":165}",variable,"{""nVarNumber"":1,""nVarDigits"":5,""nVarValue"":298.15}",298.15,False,,165,False
10.1016/j.tca.2014.05.033#d20#p1#r1,10.1016/j.tca.2014.05.033#d20#p1,10.1016/j.tca.2014.05.033.json,20,1,1,InChI=1S/C42H30/c1-7-19-31(20-8-1)37-38(32-21-9-2-10-22-32)40(34-25-13-4-14-26-34)42(36-29-17-6-18-30-36)41(35-27-15-5-16-28-35)39(37)33-23-11-3-12-24-33/h1-30H,QBHWPVJPWQGYDS-UHFFFAOYSA-N,hexaphenylbenzene,C42H30,10.1016/j.tca.2014.05.033,2014,"Molar enthalpy of vaporization or sublimation, kJ/mol",Crystal,"[""Crystal"",""Gas""]",DSC,195.9,"{""CombinedUncertainty"":{""nCombExpandUncertValue"":5.9,""nCombUncertAssessNum"":1},""nPropValue"":195.9,""nPropNumber"":1,""nPropDigits"":4}",variable,"{""nVarDigits"":5,""nVarNumber"":1,""nVarValue"":298.15}",298.15,False,,195.9,False
10.1016/j.tca.2014.05.033#d21#p1#r1,10.1016/j.tca.2014.05.033#d21#p1,10.1016/j.tca.2014.05.033.json,21,1,1,InChI=1S/C42H28/c1-5-17-29(18-6-1)37-33-25-13-14-26-34(33)39(31-21-9-3-10-22-31)42-40(32-23-11-4-12-24-32)36-28-16-15-27-35(36)38(41(37)42)30-19-7-2-8-20-30/h1-28H,YYMBJDOZVAITBP-UHFFFAOYSA-N,"5,6,11,12-tetraphenylnaphthacene",C42H28,10.1016/j.tca.2014.05.033,2014,"Molar enthalpy of vaporization or sublimation, kJ/mol",Crystal,"[""Crystal"",""Gas""]",DSC,213.2,"{""nPropDigits"":4,""nPropNumber"":1,""nPropValue"":213.2,""CombinedUncertainty"":{""nCombExpandUncertValue"":5.5,""nCombUncertAssessNum"":1}}",variable,"{""nVarDigits"":5,""nVarNumber"":1,""nVarValue"":298.15}",298.15,False,,213.2,False
10.1016/j.tca.2014.05.033#d22#p1#r1,10.1016/j.tca.2014.05.033#d22#p1,10.1016/j.tca.2014.05.033.json,22,1,1,InChI=1S/C16H10/c1-2-8-13-12(7-1)14-9-3-5-11-6-4-10-15(13)16(11)14/h1-10H,GVEPBJHOBDJJJI-UHFFFAOYSA-N,fluoranthene,C16H10,10.1016/j.tca.2014.05.033,2014,"Molar enthalpy of vaporization or sublimation, kJ/mol",Crystal,"[""Crystal"",""Gas""]",DSC,101,"{""nPropValue"":101,""CombinedUncertainty"":{""nCombExpandUncertValue"":2.8,""nCombUncertAssessNum"":1},""nPropNumber"":1,""nPropDigits"":4}",variable,"{""nVarNumber"":1,""nVarDigits"":5,""nVarValue"":298.15}",298.15,False,,101,False
10.1016/j.tca.2015.03.026#d6#p1#r1,10.1016/j.tca.2015.03.026#d6#p1,10.1016/j.tca.2015.03.026.json,6,1,1,"InChI=1S/C8H8O2/c1-6-2-4-7(5-3-6)8(9)10/h2-5H,1H3,(H,9,10)",LPNBBFKOUUSUDB-UHFFFAOYSA-N,4-methylbenzoic acid,C8H8O2,10.1016/j.tca.2015.03.026,2015,"Molar enthalpy of vaporization or sublimation, kJ/mol",Crystal,"[""Crystal"",""Gas""]",Derived by Second law,94.1,"{""nPropValue"":94.1,""CombinedUncertainty"":{""nCombUncertAssessNum"":1,""nCombExpandUncertValue"":2.6},""nPropDigits"":3,""nPropNumber"":1}",variable,"{""nVarNumber"":1,""nVarDigits"":3,""nVarValue"":377}",377,False,,94.1,False
10.1016/j.tca.2015.04.021#d1#p1#r1,10.1016/j.tca.2015.04.021#d1#p1,10.1016/j.tca.2015.04.021.json,1,1,1,"InChI=1S/C8H10F5N2.C2F6NO4S2/c1-14-4-5-15(6-14)3-2-7(9,10)8(11,12)13;3-1(4,5)14(10,11)9-15(12,13)2(6,7)8/h4-6H,2-3H2,1H3;/q+1;-1",CLVBQUCHWCPFND-UHFFFAOYSA-N,"1-methyl-3-(3,3,4,4,4-pentafluorobutyl)-1H-imidazolium bis((trifluoromethyl)sulfonyl)imide",C10H10F11N3O4S2,10.1016/j.tca.2015.04.021,2015,"Molar enthalpy of vaporization or sublimation, kJ/mol",Liquid,"[""Liquid"",""Gas""]",Derived by Second law,130,"{""nPropValue"":130,""CombinedUncertainty"":{""nCombExpandUncertValue"":2.6,""nCombUncertAssessNum"":1},""nPropDigits"":4,""nPropNumber"":1}",variable,"{""nVarValue"":370.1,""nVarNumber"":1,""nVarDigits"":4}",370.1,True,disconnected_formula;charge_or_protonation_layer,130,False
10.1016/j.tca.2015.04.021#d2#p1#r1,10.1016/j.tca.2015.04.021#d2#p1,10.1016/j.tca.2015.04.021.json,2,1,1,"InChI=1S/C8H10F5N2.C2F6NO4S2/c1-14-4-5-15(6-14)3-2-7(9,10)8(11,12)13;3-1(4,5)14(10,11)9-15(12,13)2(6,7)8/h4-6H,2-3H2,1H3;/q+1;-1",CLVBQUCHWCPFND-UHFFFAOYSA-N,"1-methyl-3-(3,3,4,4,4-pentafluorobutyl)-1H-imidazolium bis((trifluoromethyl)sulfonyl)imide",C10H10F11N3O4S2,10.1016/j.tca.2015.04.021,2015,"Molar enthalpy of vaporization or sublimation, kJ/mol",Liquid,"[""Liquid"",""Gas""]",TGA,113.8,"{""nPropDigits"":4,""nPropNumber"":1,""nPropValue"":113.8,""CombinedUncertainty"":{""nCombUncertAssessNum"":1,""nCombExpandUncertValue"":2.6}}",variable,"{""nVarNumber"":1,""nVarDigits"":4,""nVarValue"":527.7}",527.7,True,disconnected_formula;charge_or_protonation_layer,113.8,False
10.1016/j.tca.2015.04.021#d3#p1#r1,10.1016/j.tca.2015.04.021#d3#p1,10.1016/j.tca.2015.04.021.json,3,1,1,"InChI=1S/C10H11F9N2.C2F6NO4S2/c1-20-4-5-21(6-20)3-2-7(11,12)8(13,14)9(15,16)10(17,18)19;3-1(4,5)14(10,11)9-15(12,13)2(6,7)8/h4-5H,2-3,6H2,1H3;/q;-1/p+1",IVQODHSYCBTSSC-UHFFFAOYSA-O,"1-methyl-3-(3,3,4,4,5,5,6,6,6-nonafluorohexyl)-1H-imidazolium 1,1,1-trifluoro-N-[(trifluoromethyl)sulfonyl]methanesulfonamide",C12H12F15N3O4S2,10.1016/j.tca.2015.04.021,2015,"Molar enthalpy of vaporization or sublimation, kJ/mol",Liquid,"[""Liquid"",""Gas""]",Derived by Second law,137.6,"{""nPropNumber"":1,""nPropDigits"":4,""CombinedUncertainty"":{""nCombUncertAssessNum"":1,""nCombExpandUncertValue"":2.6},""nPropValue"":137.6}",variable,"{""nVarValue"":371.1,""nVarDigits"":4,""nVarNumber"":1}",371.1,True,disconnected_formula;charge_or_protonation_layer,137.6,False
10.1016/j.tca.2015.04.021#d4#p1#r1,10.1016/j.tca.2015.04.021#d4#p1,10.1016/j.tca.2015.04.021.json,4,1,1,"InChI=1S/C10H11F9N2.C2F6NO4S2/c1-20-4-5-21(6-20)3-2-7(11,12)8(13,14)9(15,16)10(17,18)19;3-1(4,5)14(10,11)9-15(12,13)2(6,7)8/h4-5H,2-3,6H2,1H3;/q;-1/p+1",IVQODHSYCBTSSC-UHFFFAOYSA-O,"1-methyl-3-(3,3,4,4,5,5,6,6,6-nonafluorohexyl)-1H-imidazolium 1,1,1-trifluoro-N-[(trifluoromethyl)sulfonyl]methanesulfonamide",C12H12F15N3O4S2,10.1016/j.tca.2015.04.021,2015,"Molar enthalpy of vaporization or sublimation, kJ/mol",Liquid,"[""Liquid"",""Gas""]",TGA,116.1,"{""CombinedUncertainty"":{""nCombExpandUncertValue"":3,""nCombUncertAssessNum"":1},""nPropValue"":116.1,""nPropNumber"":1,""nPropDigits"":4}",variable,"{""nVarValue"":532.48,""nVarNumber"":1,""nVarDigits"":5}",532.48,True,disconnected_formula;charge_or_protonation_layer,116.1,False
10.1016/j.tca.2015.04.021#d5#p1#r1,10.1016/j.tca.2015.04.021#d5#p1,10.1016/j.tca.2015.04.021.json,5,1,1,"InChI=1S/C12H10F13N2.C2F6NO4S2/c1-26-4-5-27(6-26)3-2-7(13,14)8(15,16)9(17,18)10(19,20)11(21,22)12(23,24)25;3-1(4,5)14(10,11)9-15(12,13)2(6,7)8/h4-6H,2-3H2,1H3;/q+1;-1",FOBHPPDDGZSJIJ-UHFFFAOYSA-N,"1-methyl-3-(3,3,4,4,5,5,6,6,7,7,8,8,8-tridecafluorooctyl)imidazolium bis(trifluoromethylsulfonyl)imide",C14H10F19N3O4S2,10.1016/j.tca.2015.04.021,2015,"Molar enthalpy of vaporization or sublimation, kJ/mol",Liquid,"[""Liquid"",""Gas""]",Derived by Second law,142.5,"{""nPropNumber"":1,""nPropDigits"":4,""CombinedUncertainty"":{""nCombUncertAssessNum"":1,""nCombExpandUncertValue"":2.6},""nPropValue"":142.5}",variable,"{""nVarValue"":376.2,""nVarDigits"":4,""nVarNumber"":1}",376.2,True,disconnected_formula;charge_or_protonation_layer,142.5,False
10.1016/j.tca.2015.04.021#d6#p1#r1,10.1016/j.tca.2015.04.021#d6#p1,10.1016/j.tca.2015.04.021.json,6,1,1,"InChI=1S/C12H10F13N2.C2F6NO4S2/c1-26-4-5-27(6-26)3-2-7(13,14)8(15,16)9(17,18)10(19,20)11(21,22)12(23,24)25;3-1(4,5)14(10,11)9-15(12,13)2(6,7)8/h4-6H,2-3H2,1H3;/q+1;-1",FOBHPPDDGZSJIJ-UHFFFAOYSA-N,"1-methyl-3-(3,3,4,4,5,5,6,6,7,7,8,8,8-tridecafluorooctyl)imidazolium bis(trifluoromethylsulfonyl)imide",C14H10F19N3O4S2,10.1016/j.tca.2015.04.021,2015,"Molar enthalpy of vaporization or sublimation, kJ/mol",Liquid,"[""Liquid"",""Gas""]",TGA,125.9,"{""nPropValue"":125.9,""CombinedUncertainty"":{""nCombUncertAssessNum"":1,""nCombExpandUncertValue"":2.8},""nPropNumber"":1,""nPropDigits"":4}",variable,"{""nVarValue"":532.3,""nVarDigits"":4,""nVarNumber"":1}",532.3,True,disconnected_formula;charge_or_protonation_layer,125.9,False
10.1016/j.tca.2015.04.021#d7#p1#r1,10.1016/j.tca.2015.04.021#d7#p1,10.1016/j.tca.2015.04.021.json,7,1,1,"InChI=1S/C14H10F17N2.C2F6NO4S2/c1-32-4-5-33(6-32)3-2-7(15,16)8(17,18)9(19,20)10(21,22)11(23,24)12(25,26)13(27,28)14(29,30)31;3-1(4,5)14(10,11)9-15(12,13)2(6,7)8/h4-6H,2-3H2,1H3;/q+1;-1",FFHLPTQPGYXNIA-UHFFFAOYSA-N,"3-(3,3,4,4,5,5,6,6,7,7,8,8,9,9,10,10,10-heptadecafluorodecyl)-1-methyl-1H-imidazolium bis((trifluoromethyl)sulfonyl)imide",C16H10F23N3O4S2,10.1016/j.tca.2015.04.021,2015,"Molar enthalpy of vaporization or sublimation, kJ/mol",Liquid,"[""Liquid"",""Gas""]",Derived by Second law,148.1,"{""nPropNumber"":1,""nPropDigits"":4,""CombinedUncertainty"":{""nCombUncertAssessNum"":1,""nCombExpandUncertValue"":2.7},""nPropValue"":148.1}",variable,"{""nVarNumber"":1,""nVarDigits"":4,""nVarValue"":381.4}",381.4,True,disconnected_formula;charge_or_protonation_layer,148.1,False
10.1016/j.tca.2015.04.021#d8#p1#r1,10.1016/j.tca.2015.04.021#d8#p1,10.1016/j.tca.2015.04.021.json,8,1,1,"InChI=1S/C14H10F17N2.C2F6NO4S2/c1-32-4-5-33(6-32)3-2-7(15,16)8(17,18)9(19,20)10(21,22)11(23,24)12(25,26)13(27,28)14(29,30)31;3-1(4,5)14(10,11)9-15(12,13)2(6,7)8/h4-6H,2-3H2,1H3;/q+1;-1",FFHLPTQPGYXNIA-UHFFFAOYSA-N,"3-(3,3,4,4,5,5,6,6,7,7,8,8,9,9,10,10,10-heptadecafluorodecyl)-1-methyl-1H-imidazolium bis((trifluoromethyl)sulfonyl)imide",C16H10F23N3O4S2,10.1016/j.tca.2015.04.021,2015,"Molar enthalpy of vaporization or sublimation, kJ/mol",Liquid,"[""Liquid"",""Gas""]",TGA,127.7,"{""CombinedUncertainty"":{""nCombUncertAssessNum"":1,""nCombExpandUncertValue"":2.8},""nPropValue"":127.7,""nPropDigits"":4,""nPropNumber"":1}",variable,"{""nVarValue"":531.8,""nVarNumber"":1,""nVarDigits"":4}",531.8,True,disconnected_formula;charge_or_protonation_layer,127.7,False
10.1016/j.tca.2015.08.021#d1#p1#r1,10.1016/j.tca.2015.08.021#d1#p1,10.1016/j.tca.2015.08.021.json,1,1,1,InChI=1S/BH6N/c1-2/h1-2H3,PJYXJGDRFASJSB-UHFFFAOYSA-N,ammonia borane,BH6N,10.1016/j.tca.2015.08.021,2015,"Molar enthalpy of vaporization or sublimation, kJ/mol",Crystal,"[""Crystal"",""Gas""]",Static calorimetry,76.3,"{""nPropDigits"":3,""nPropNumber"":1,""nPropValue"":76.3,""CombinedUncertainty"":{""nCombExpandUncertValue"":3,""nCombUncertAssessNum"":1}}",variable,"{""nVarDigits"":3,""nVarNumber"":1,""nVarValue"":357}",357,False,no_carbon,76.3,True
10.1016/j.tca.2015.08.021#d2#p1#r1,10.1016/j.tca.2015.08.021#d2#p1,10.1016/j.tca.2015.08.021.json,2,1,1,"InChI=1S/C7H6O2/c8-7(9)6-4-2-1-3-5-6/h1-5H,(H,8,9)",WPYMKLBDIGXBTP-UHFFFAOYSA-N,benzoic acid,C7H6O2,10.1016/j.tca.2015.08.021,2015,"Molar enthalpy of vaporization or sublimation, kJ/mol",Crystal,"[""Crystal"",""Gas""]",Static calorimetry,87.3,"{""nPropDigits"":3,""nPropNumber"":1,""CombinedUncertainty"":{""nCombUncertAssessNum"":1,""nCombExpandUncertValue"":2.8},""nPropValue"":87.3}",variable,"{""nVarValue"":357,""nVarNumber"":1,""nVarDigits"":3}",357,False,,87.3,True
10.1016/j.tca.2015.09.001#d1#p1#r1,10.1016/j.tca.2015.09.001#d1#p1,10.1016/j.tca.2015.09.001.json,1,1,1,InChI=1S/C60/c1-2-5-6-3(1)8-12-10-4(1)9-11-7(2)17-21-13(5)23-24-14(6)22-18(8)28-20(12)30-26-16(10)15(9)25-29-19(11)27(17)37-41-31(21)33(23)43-44-34(24)32(22)42-38(28)48-40(30)46-36(26)35(25)45-39(29)47(37)55-49(41)51(43)57-52(44)50(42)56(48)59-54(46)53(45)58(55)60(57)59,XMWRBQBLMFGWIX-UHFFFAOYSA-N,buckminsterfullerene,C60,10.1016/j.tca.2015.09.001,2015,"Molar enthalpy of vaporization or sublimation, kJ/mol",Crystal,"[""Crystal"",""Gas""]",Derived by Second law,175,"{""nPropDigits"":4,""nPropNumber"":1,""nPropValue"":175,""CombinedUncertainty"":{""nCombUncertAssessNum"":1,""nCombExpandUncertValue"":2.1}}",variable,"{""nVarNumber"":1,""nVarDigits"":3,""nVarValue"":945}",945,False,,175,False
10.1016/j.tca.2015.09.001#d3#p1#r1,10.1016/j.tca.2015.09.001#d3#p1,10.1016/j.tca.2015.09.001.json,3,1,1,InChI=1S/C70/c1-2-22-5-6-24-13-14-26-11-9-23-4-3(21(1)51-52(22)54(24)55(26)53(23)51)33-31(1)61-35-7-8-27-15-16-29-19-20-30-18-17-28-12-10(25(7)56-57(27)59(29)60(30)58(28)56)37(35)63(33)65-36(4)40(9)67(44(17)42(12)65)69-46(11)47(14)70(50(20)49(18)69)68-43(13)39(6)66(45(16)48(19)68)64-34(5)32(2)62(61)38(8)41(15)64,ATLMFJTZZPOKLC-UHFFFAOYSA-N,fullerene carbon 70,C70,10.1016/j.tca.2015.09.001,2015,"Molar enthalpy of vaporization or sublimation, kJ/mol",Crystal,"[""Crystal"",""Gas""]",Derived by Second law,182.7,"{""nPropDigits"":4,""nPropNumber"":1,""CombinedUncertainty"":{""nCombUncertAssessNum"":1,""nCombExpandUncertValue"":2.4},""nPropValue"":182.7}",variable,"{""nVarNumber"":1,""nVarDigits"":3,""nVarValue"":945}",945,False,,182.7,False
10.1016/j.tca.2015.09.001#d5#p1#r1,10.1016/j.tca.2015.09.001#d5#p1,10.1016/j.tca.2015.09.001.json,5,1,1,InChI=1S/C76/c1-5-17-37-25-9(1)33-30-14-2-6-18-39-26-10(2)34-29(13(1)14)41-21(5)49-45(17)46-19-7-3-11-27-38(19)62(49)74-56(27)72-60-36(11)32-16-4-8-20-40-28-12(4)35-31(15(3)16)43-23(7)50(46)61(37)73-53(25)69-57(33)66-42(30)22(6)51(63(40)75(66)55(28)71(69)59(35)67(43)73)47(18)48(20)52-24(8)44(32)68(60)76(64(39)52)54(26)70(72)58(34)65(41)74,DEJYFPHYOINFQD-UHFFFAOYSA-N,fullerene-C76,C76,10.1016/j.tca.2015.09.001,2015,"Molar enthalpy of vaporization or sublimation, kJ/mol",Crystal,"[""Crystal"",""Gas""]",Derived by Second law,190.4,"{""nPropValue"":190.4,""CombinedUncertainty"":{""nCombUncertAssessNum"":1,""nCombExpandUncertValue"":6.5},""nPropDigits"":4,""nPropNumber"":1}",variable,"{""nVarValue"":978,""nVarNumber"":1,""nVarDigits"":3}",978,False,,190.4,False
10.1016/j.tca.2015.10.009#d8#p1#r1,10.1016/j.tca.2015.10.009#d8#p1,10.1016/j.tca.2015.10.009.json,8,1,1,"InChI=1S/C7H6O2/c8-7(9)6-4-2-1-3-5-6/h1-5H,(H,8,9)",WPYMKLBDIGXBTP-UHFFFAOYSA-N,benzoic acid,C7H6O2,10.1016/j.tca.2015.10.009,2015,"Molar enthalpy of vaporization or sublimation, kJ/mol",Crystal,"[""Crystal"",""Gas""]",Derived by Second law,90.5,"{""nPropDigits"":3,""nPropNumber"":1,""nPropValue"":90.5,""CombinedUncertainty"":{""nCombUncertAssessNum"":1,""nCombExpandUncertValue"":1.5}}",variable,"{""nVarValue"":331,""nVarNumber"":1,""nVarDigits"":3}",331,False,,90.5,False
10.1016/j.tca.2015.12.007#d1#p1#r1,10.1016/j.tca.2015.12.007#d1#p1,10.1016/j.tca.2015.12.007.json,1,1,1,"InChI=1S/C7H10N2O3/c1-3(2)4-5(10)8-7(12)9-6(4)11/h3-4H,1-2H3,(H2,8,9,10,11,12)",GFPIGNBQTXNNAG-UHFFFAOYSA-N,5-isopropylbarbituric acid,C7H10N2O3,10.1016/j.tca.2015.12.007,2016,"Molar enthalpy of vaporization or sublimation, kJ/mol",Crystal,"[""Crystal"",""Gas""]",Static calorimetry,125,"{""CombinedUncertainty"":{""nCombExpandUncertValue"":3.8,""nCombUncertAssessNum"":1},""nPropValue"":125,""nPropDigits"":4,""nPropNumber"":1}",variable,"{""nVarDigits"":5,""nVarNumber"":1,""nVarValue"":298.15}",298.15,False,,125,True
10.1016/j.tca.2017.06.024#d1#p1#r1,10.1016/j.tca.2017.06.024#d1#p1,10.1016/j.tca.2017.06.024.json,1,1,1,InChI=1S/C14H10/c1-3-7-13-11(5-1)9-10-12-6-2-4-8-14(12)13/h1-10H,YNPNZTXNASCQKK-UHFFFAOYSA-N,phenanthrene,C14H10,10.1016/j.tca.2017.06.024,2017,"Molar enthalpy of vaporization or sublimation, kJ/mol",Liquid,"[""Liquid"",""Gas""]",Derived by Second law,71.2,"{""nPropDigits"":3,""nPropNumber"":1,""CombinedUncertainty"":{""nCombExpandUncertValue"":2.3,""nCombUncertAssessNum"":1},""nPropValue"":71.2}",variable,"{""nVarDigits"":4,""nVarNumber"":1,""nVarValue"":386}",386,True,,71.2,False
10.1016/j.tca.2017.06.024#d4#p1#r1,10.1016/j.tca.2017.06.024#d4#p1,10.1016/j.tca.2017.06.024.json,4,1,1,InChI=1S/C16H10/c1-3-11-7-9-13-5-2-6-14-10-8-12(4-1)15(11)16(13)14/h1-10H,BBEAQIROQSPTKN-UHFFFAOYSA-N,pyrene,C16H10,10.1016/j.tca.2017.06.024,2017,"Molar enthalpy of vaporization or sublimation, kJ/mol",Liquid,"[""Liquid"",""Gas""]",Derived by Second law,81.5,"{""nPropValue"":81.5,""CombinedUncertainty"":{""nCombUncertAssessNum"":1,""nCombExpandUncertValue"":2.1},""nPropNumber"":1,""nPropDigits"":3}",variable,"{""nVarNumber"":1,""nVarDigits"":4,""nVarValue"":435}",435,True,,81.5,False
10.1016/j.tca.2017.06.024#d7#p1#r1,10.1016/j.tca.2017.06.024#d7#p1,10.1016/j.tca.2017.06.024.json,7,1,1,InChI=1S/C14H10/c1-2-6-12-10-14-8-4-3-7-13(14)9-11(12)5-1/h1-10H,MWPLVEDNUUSJAV-UHFFFAOYSA-N,anthracene,C14H10,10.1016/j.tca.2017.06.024,2017,"Molar enthalpy of vaporization or sublimation, kJ/mol",Crystal,"[""Crystal"",""Gas""]",Derived by Second law,98.8,"{""nPropDigits"":3,""nPropNumber"":1,""CombinedUncertainty"":{""nCombUncertAssessNum"":1,""nCombExpandUncertValue"":2.8},""nPropValue"":98.8}",variable,"{""nVarValue"":390,""nVarDigits"":4,""nVarNumber"":1}",390,False,,98.8,False
10.1016/j.tca.2017.06.024#d10#p1#r1,10.1016/j.tca.2017.06.024#d10#p1,10.1016/j.tca.2017.06.024.json,10,1,1,"InChI=1S/C7H6O2/c8-7(9)6-4-2-1-3-5-6/h1-5H,(H,8,9)",WPYMKLBDIGXBTP-UHFFFAOYSA-N,benzoic acid,C7H6O2,10.1016/j.tca.2017.06.024,2017,"Molar enthalpy of vaporization or sublimation, kJ/mol",Crystal,"[""Crystal"",""Gas""]",Derived by Second law,90.2,"{""nPropDigits"":3,""nPropNumber"":1,""CombinedUncertainty"":{""nCombUncertAssessNum"":1,""nCombExpandUncertValue"":4},""nPropValue"":90.2}",variable,"{""nVarValue"":348,""nVarNumber"":1,""nVarDigits"":4}",348,False,,90.2,False
10.1016/j.tca.2017.06.024#d13#p1#r1,10.1016/j.tca.2017.06.024#d13#p1,10.1016/j.tca.2017.06.024.json,13,1,1,InChI=1S/2C5H5.Fe/c2*1-2-4-5-3-1;/h2*1-5H;,DFRHTHSZMBROSH-UHFFFAOYSA-N,ferrocene,C10H10Fe,10.1016/j.tca.2017.06.024,2017,"Molar enthalpy of vaporization or sublimation, kJ/mol",Crystal,"[""Crystal"",""Gas""]",Derived by Second law,73.4,"{""nPropNumber"":1,""nPropDigits"":3,""CombinedUncertainty"":{""nCombUncertAssessNum"":1,""nCombExpandUncertValue"":1.4},""nPropValue"":73.4}",variable,"{""nVarDigits"":4,""nVarNumber"":1,""nVarValue"":340}",340,False,disconnected_formula;element_outside_scope,73.4,False
10.1016/j.tca.2017.06.024#d17#p1#r1,10.1016/j.tca.2017.06.024#d17#p1,10.1016/j.tca.2017.06.024.json,17,1,1,"InChI=1S/C5H4O3/c6-5(7)4-2-1-3-8-4/h1-3H,(H,6,7)",SMNDYUVBFMFKNZ-UHFFFAOYSA-N,2-furancarboxylic acid,C5H4O3,10.1016/j.tca.2017.06.024,2017,"Molar enthalpy of vaporization or sublimation, kJ/mol",Crystal,"[""Crystal"",""Gas""]",Derived by Second law,87.1,"{""nPropNumber"":1,""nPropDigits"":3,""CombinedUncertainty"":{""nCombExpandUncertValue"":1.5,""nCombUncertAssessNum"":1},""nPropValue"":87.1}",variable,"{""nVarNumber"":1,""nVarDigits"":4,""nVarValue"":370}",370,False,,87.1,False
10.1016/j.tca.2017.06.024#d21#p1#r1,10.1016/j.tca.2017.06.024#d21#p1,10.1016/j.tca.2017.06.024.json,21,1,1,"InChI=1S/C5H4O2S/c6-5(7)4-2-1-3-8-4/h1-3H,(H,6,7)",QERYCTSHXKAMIS-UHFFFAOYSA-N,2-thiophenecarboxylic acid,C5H4O2S,10.1016/j.tca.2017.06.024,2017,"Molar enthalpy of vaporization or sublimation, kJ/mol",Crystal,"[""Crystal"",""Gas""]",Derived by Second law,88,"{""CombinedUncertainty"":{""nCombExpandUncertValue"":1.6,""nCombUncertAssessNum"":1},""nPropValue"":88,""nPropNumber"":1,""nPropDigits"":3}",variable,"{""nVarValue"":370,""nVarNumber"":1,""nVarDigits"":4}",370,False,,88,False
10.1016/j.tca.2017.06.024#d25#p1#r1,10.1016/j.tca.2017.06.024#d25#p1,10.1016/j.tca.2017.06.024.json,25,1,1,"InChI=1S/C8H8O3/c1-11-8(10)6-2-4-7(9)5-3-6/h2-5,9H,1H3",LXCFILQKKLGQFO-UHFFFAOYSA-N,methyl 4-hydroxybenzoate,C8H8O3,10.1016/j.tca.2017.06.024,2017,"Molar enthalpy of vaporization or sublimation, kJ/mol",Crystal,"[""Crystal"",""Gas""]",Derived by Second law,107.4,"{""nPropValue"":107.4,""CombinedUncertainty"":{""nCombUncertAssessNum"":1,""nCombExpandUncertValue"":4.3},""nPropDigits"":4,""nPropNumber"":1}",variable,"{""nVarValue"":362,""nVarDigits"":4,""nVarNumber"":1}",362,False,,107.4,False
10.1016/j.tca.2017.06.024#d29#p1#r1,10.1016/j.tca.2017.06.024#d29#p1,10.1016/j.tca.2017.06.024.json,29,1,1,"InChI=1S/C3H4N2O2/c6-2-1-4-3(7)5-2/h1H2,(H2,4,5,6,7)",WJRBRSLFGCUECM-UHFFFAOYSA-N,"2,4-imidazolidinedione",C3H4N2O2,10.1016/j.tca.2017.06.024,2017,"Molar enthalpy of vaporization or sublimation, kJ/mol",Crystal,"[""Crystal"",""Gas""]",Derived by Second law,111.4,"{""nPropValue"":111.4,""CombinedUncertainty"":{""nCombUncertAssessNum"":1,""nCombExpandUncertValue"":1.8},""nPropNumber"":1,""nPropDigits"":4}",variable,"{""nVarValue"":450,""nVarNumber"":1,""nVarDigits"":4}",450,False,,111.4,False
10.1016/j.tca.2017.06.024#d33#p1#r1,10.1016/j.tca.2017.06.024#d33#p1,10.1016/j.tca.2017.06.024.json,33,1,1,"InChI=1S/C3H4N2OS/c6-2-1-4-3(7)5-2/h1H2,(H2,4,5,6,7)",UGWULZWUXSCWPX-UHFFFAOYSA-N,2-thiohydantoin,C3H4N2OS,10.1016/j.tca.2017.06.024,2017,"Molar enthalpy of vaporization or sublimation, kJ/mol",Crystal,"[""Crystal"",""Gas""]",Derived by Second law,114.6,"{""nPropValue"":114.6,""CombinedUncertainty"":{""nCombUncertAssessNum"":1,""nCombExpandUncertValue"":1.7},""nPropNumber"":1,""nPropDigits"":4}",variable,"{""nVarDigits"":4,""nVarNumber"":1,""nVarValue"":470}",470,False,,114.6,False
10.1016/j.tca.2017.06.024#d37#p1#r1,10.1016/j.tca.2017.06.024#d37#p1,10.1016/j.tca.2017.06.024.json,37,1,1,"InChI=1S/C4H6N2O2/c1-6-2-3(7)5-4(6)8/h2H2,1H3,(H,5,7,8)",RHYBFKMFHLPQPH-UHFFFAOYSA-N,1-methylhydantoin,C4H6N2O2,10.1016/j.tca.2017.06.024,2017,"Molar enthalpy of vaporization or sublimation, kJ/mol",Crystal,"[""Crystal"",""Gas""]",Derived by Second law,92.9,"{""CombinedUncertainty"":{""nCombUncertAssessNum"":1,""nCombExpandUncertValue"":3.5},""nPropValue"":92.9,""nPropDigits"":3,""nPropNumber"":1}",variable,"{""nVarValue"":400,""nVarNumber"":1,""nVarDigits"":4}",400,False,,92.9,False
10.1016/j.tca.2017.06.024#d41#p1#r1,10.1016/j.tca.2017.06.024#d41#p1,10.1016/j.tca.2017.06.024.json,41,1,1,"InChI=1S/C4H6N2O2/c1-2-3(7)6-4(8)5-2/h2H,1H3,(H2,5,6,7,8)",VMAQYKGITHDWKL-UHFFFAOYSA-N,"5-methyl-2,4-imidazolidinedione",C4H6N2O2,10.1016/j.tca.2017.06.024,2017,"Molar enthalpy of vaporization or sublimation, kJ/mol",Crystal,"[""Crystal"",""Gas""]",Derived by Second law,92.1,"{""nPropDigits"":3,""nPropNumber"":1,""CombinedUncertainty"":{""nCombExpandUncertValue"":4.8,""nCombUncertAssessNum"":1},""nPropValue"":92.1}",variable,"{""nVarValue"":400,""nVarNumber"":1,""nVarDigits"":4}",400,False,,92.1,False
10.1016/j.tca.2017.06.024#d44#p1#r1,10.1016/j.tca.2017.06.024#d44#p1,10.1016/j.tca.2017.06.024.json,44,1,1,"InChI=1S/C10H10N2O2/c1-10(7-5-3-2-4-6-7)8(13)11-9(14)12-10/h2-6H,1H3,(H2,11,12,13,14)",JNGWGQUYLVSFND-UHFFFAOYSA-N,"5-methyl-5-phenylimidazolidine-2,4-dione",C10H10N2O2,10.1016/j.tca.2017.06.024,2017,"Molar enthalpy of vaporization or sublimation, kJ/mol",Crystal,"[""Crystal"",""Gas""]",Derived by Second law,125.7,"{""CombinedUncertainty"":{""nCombUncertAssessNum"":1,""nCombExpandUncertValue"":5.1},""nPropValue"":125.7,""nPropDigits"":4,""nPropNumber"":1}",variable,"{""nVarDigits"":4,""nVarNumber"":1,""nVarValue"":440}",440,False,,125.7,False
10.1016/j.tca.2017.06.024#d47#p1#r1,10.1016/j.tca.2017.06.024#d47#p1,10.1016/j.tca.2017.06.024.json,47,1,1,"InChI=1S/C15H12N2O2/c18-13-15(17-14(19)16-13,11-7-3-1-4-8-11)12-9-5-2-6-10-12/h1-10H,(H2,16,17,18,19)",CXOFVDLJLONNDW-UHFFFAOYSA-N,"5,5-diphenylimidazolidine-2,4-dione",C15H12N2O2,10.1016/j.tca.2017.06.024,2017,"Molar enthalpy of vaporization or sublimation, kJ/mol",Crystal,"[""Crystal"",""Gas""]",Derived by Second law,140,"{""CombinedUncertainty"":{""nCombUncertAssessNum"":1,""nCombExpandUncertValue"":1.9},""nPropValue"":140,""nPropDigits"":4,""nPropNumber"":1}",variable,"{""nVarDigits"":4,""nVarNumber"":1,""nVarValue"":520}",520,False,,140,False
10.1016/j.tca.2018.05.017#d2#p1#r1,10.1016/j.tca.2018.05.017#d2#p1,10.1016/j.tca.2018.05.017.json,2,1,1,"InChI=1S/C24H51N/c1-4-7-10-13-16-19-22-25(23-20-17-14-11-8-5-2)24-21-18-15-12-9-6-3/h4-24H2,1-3H3",XTAZYLNFDRKIHJ-UHFFFAOYSA-N,trioctylamine,C24H51N,10.1016/j.tca.2018.05.017,2018,"Molar enthalpy of vaporization or sublimation, kJ/mol",Liquid,"[""Liquid"",""Gas""]",Derived by Second law,71.85,"{""CombinedUncertainty"":{""nCombUncertAssessNum"":1,""nCombExpandUncertValue"":7.29},""nPropValue"":71.85,""nPropNumber"":1,""nPropDigits"":4}",variable,"{""nVarValue"":505,""nVarDigits"":3,""nVarNumber"":1}",505,True,,71.85,False
10.1016/j.tca.2019.01.021#d1#p1#r1,10.1016/j.tca.2019.01.021#d1#p1,10.1016/j.tca.2019.01.021.json,1,1,1,"InChI=1S/C10H11NO/c12-6-5-8-7-11-10-4-2-1-3-9(8)10/h1-4,7,11-12H,5-6H2",MBBOMCVGYCRMEA-UHFFFAOYSA-N,2-(1H-indol-3-yl)ethanol,C10H11NO,10.1016/j.tca.2019.01.021,2019,"Molar enthalpy of vaporization or sublimation, kJ/mol",Crystal,"[""Crystal"",""Gas""]",Static calorimetry,119.8,"{""nPropValue"":119.8,""CombinedUncertainty"":{""nCombExpandUncertValue"":2.5,""nCombUncertAssessNum"":1},""nPropNumber"":1,""nPropDigits"":4}",variable,"{""nVarNumber"":1,""nVarDigits"":5,""nVarValue"":298.15}",298.15,False,,119.8,True
10.1021/acs.jced.5b00444#d1#p1#r1,10.1021/acs.jced.5b00444#d1#p1,10.1021/acs.jced.5b00444.json,1,1,1,"InChI=1S/C10H10O4/c1-13-9(11)7-5-3-4-6-8(7)10(12)14-2/h3-6H,1-2H3",NIQCNGHVCWTJSM-UHFFFAOYSA-N,"dimethyl 1,2-benzenedicarboxylate",C10H10O4,10.1021/acs.jced.5b00444,2015,"Molar enthalpy of vaporization or sublimation, kJ/mol",Liquid,"[""Liquid"",""Gas""]",Chromatographic retention time,84.2,"{""nPropDigits"":3,""nPropNumber"":1,""nPropValue"":84.2,""CombinedUncertainty"":{""nCombExpandUncertValue"":0.1,""nCombUncertAssessNum"":1}}",variable,"{""nVarDigits"":3,""nVarNumber"":1,""nVarValue"":298}",298,True,,84.2,False
10.1021/acs.jced.5b00444#d2#p1#r1,10.1021/acs.jced.5b00444#d2#p1,10.1021/acs.jced.5b00444.json,2,1,1,"InChI=1S/C10H10O4/c1-13-9(11)7-5-3-4-6-8(7)10(12)14-2/h3-6H,1-2H3",NIQCNGHVCWTJSM-UHFFFAOYSA-N,"dimethyl 1,2-benzenedicarboxylate",C10H10O4,10.1021/acs.jced.5b00444,2015,"Molar enthalpy of vaporization or sublimation, kJ/mol",Liquid,"[""Liquid"",""Gas""]",Correlation-gas chromatography,66.4,"{""nPropDigits"":3,""nPropNumber"":1,""nPropValue"":66.4,""CombinedUncertainty"":{""nCombUncertAssessNum"":1,""nCombExpandUncertValue"":0.1}}",variable,"{""nVarValue"":298,""nVarDigits"":3,""nVarNumber"":1}",298,True,,66.4,False
10.1021/acs.jced.5b00444#d3#p1#r1,10.1021/acs.jced.5b00444#d3#p1,10.1021/acs.jced.5b00444.json,3,1,1,"InChI=1S/C12H14O4/c1-3-15-11(13)9-7-5-6-8-10(9)12(14)16-4-2/h5-8H,3-4H2,1-2H3",FLKPEMZONWLCSK-UHFFFAOYSA-N,diethyl phthalate,C12H14O4,10.1021/acs.jced.5b00444,2015,"Molar enthalpy of vaporization or sublimation, kJ/mol",Liquid,"[""Liquid"",""Gas""]",Chromatographic retention time,88.6,"{""nPropValue"":88.6,""CombinedUncertainty"":{""nCombExpandUncertValue"":0.1,""nCombUncertAssessNum"":1},""nPropDigits"":3,""nPropNumber"":1}",variable,"{""nVarNumber"":1,""nVarDigits"":3,""nVarValue"":298}",298,True,,88.6,False
10.1021/acs.jced.5b00444#d4#p1#r1,10.1021/acs.jced.5b00444#d4#p1,10.1021/acs.jced.5b00444.json,4,1,1,"InChI=1S/C12H14O4/c1-3-15-11(13)9-7-5-6-8-10(9)12(14)16-4-2/h5-8H,3-4H2,1-2H3",FLKPEMZONWLCSK-UHFFFAOYSA-N,diethyl phthalate,C12H14O4,10.1021/acs.jced.5b00444,2015,"Molar enthalpy of vaporization or sublimation, kJ/mol",Liquid,"[""Liquid"",""Gas""]",Correlation-gas chromatography,73.9,"{""nPropNumber"":1,""nPropDigits"":3,""CombinedUncertainty"":{""nCombExpandUncertValue"":0.1,""nCombUncertAssessNum"":1},""nPropValue"":73.9}",variable,"{""nVarValue"":298,""nVarNumber"":1,""nVarDigits"":3}",298,True,,73.9,False
10.1021/acs.jced.5b00444#d5#p1#r1,10.1021/acs.jced.5b00444#d5#p1,10.1021/acs.jced.5b00444.json,5,1,1,"InChI=1S/C16H22O4/c1-3-5-11-19-15(17)13-9-7-8-10-14(13)16(18)20-12-6-4-2/h7-10H,3-6,11-12H2,1-2H3",DOIRQSBPFJWKBE-UHFFFAOYSA-N,dibutyl phthalate,C16H22O4,10.1021/acs.jced.5b00444,2015,"Molar enthalpy of vaporization or sublimation, kJ/mol",Liquid,"[""Liquid"",""Gas""]",Chromatographic retention time,99.3,"{""nPropDigits"":3,""nPropNumber"":1,""CombinedUncertainty"":{""nCombExpandUncertValue"":0.1,""nCombUncertAssessNum"":1},""nPropValue"":99.3}",variable,"{""nVarValue"":298,""nVarDigits"":3,""nVarNumber"":1}",298,True,,99.3,False
10.1021/acs.jced.5b00444#d6#p1#r1,10.1021/acs.jced.5b00444#d6#p1,10.1021/acs.jced.5b00444.json,6,1,1,"InChI=1S/C16H22O4/c1-3-5-11-19-15(17)13-9-7-8-10-14(13)16(18)20-12-6-4-2/h7-10H,3-6,11-12H2,1-2H3",DOIRQSBPFJWKBE-UHFFFAOYSA-N,dibutyl phthalate,C16H22O4,10.1021/acs.jced.5b00444,2015,"Molar enthalpy of vaporization or sublimation, kJ/mol",Liquid,"[""Liquid"",""Gas""]",Correlation-gas chromatography,92.4,"{""CombinedUncertainty"":{""nCombExpandUncertValue"":0.1,""nCombUncertAssessNum"":1},""nPropValue"":92.4,""nPropDigits"":3,""nPropNumber"":1}",variable,"{""nVarValue"":298,""nVarDigits"":3,""nVarNumber"":1}",298,True,,92.4,False
10.1021/acs.jced.5b00444#d7#p1#r1,10.1021/acs.jced.5b00444#d7#p1,10.1021/acs.jced.5b00444.json,7,1,1,"InChI=1S/C17H34O2/c1-3-4-5-6-7-8-9-10-11-12-13-14-15-16-17(18)19-2/h3-16H2,1-2H3",FLIACVVOZYBSBS-UHFFFAOYSA-N,methyl hexadecanoate,C17H34O2,10.1021/acs.jced.5b00444,2015,"Molar enthalpy of vaporization or sublimation, kJ/mol",Liquid,"[""Liquid"",""Gas""]",Chromatographic retention time,101.8,"{""nPropDigits"":4,""nPropNumber"":1,""CombinedUncertainty"":{""nCombExpandUncertValue"":0.1,""nCombUncertAssessNum"":1},""nPropValue"":101.8}",variable,"{""nVarValue"":298,""nVarNumber"":1,""nVarDigits"":3}",298,True,,101.8,False
10.1021/acs.jced.5b00444#d8#p1#r1,10.1021/acs.jced.5b00444#d8#p1,10.1021/acs.jced.5b00444.json,8,1,1,"InChI=1S/C17H34O2/c1-3-4-5-6-7-8-9-10-11-12-13-14-15-16-17(18)19-2/h3-16H2,1-2H3",FLIACVVOZYBSBS-UHFFFAOYSA-N,methyl hexadecanoate,C17H34O2,10.1021/acs.jced.5b00444,2015,"Molar enthalpy of vaporization or sublimation, kJ/mol",Liquid,"[""Liquid"",""Gas""]",Correlation-gas chromatography,95.3,"{""nPropNumber"":1,""nPropDigits"":3,""CombinedUncertainty"":{""nCombUncertAssessNum"":1,""nCombExpandUncertValue"":0.1},""nPropValue"":95.3}",variable,"{""nVarDigits"":3,""nVarNumber"":1,""nVarValue"":298}",298,True,,95.3,False
10.1021/acs.jced.5b00444#d9#p1#r1,10.1021/acs.jced.5b00444#d9#p1,10.1021/acs.jced.5b00444.json,9,1,1,"InChI=1S/C19H20O4/c1-2-3-13-22-18(20)16-11-7-8-12-17(16)19(21)23-14-15-9-5-4-6-10-15/h4-12H,2-3,13-14H2,1H3",IRIAEXORFWYRCZ-UHFFFAOYSA-N,"benzyl butyl 1,2-benzenedioate",C19H20O4,10.1021/acs.jced.5b00444,2015,"Molar enthalpy of vaporization or sublimation, kJ/mol",Liquid,"[""Liquid"",""Gas""]",Chromatographic retention time,109.8,"{""CombinedUncertainty"":{""nCombUncertAssessNum"":1,""nCombExpandUncertValue"":0.2},""nPropValue"":109.8,""nPropDigits"":4,""nPropNumber"":1}",variable,"{""nVarDigits"":3,""nVarNumber"":1,""nVarValue"":298}",298,True,,109.8,False
10.1021/acs.jced.5b00444#d10#p1#r1,10.1021/acs.jced.5b00444#d10#p1,10.1021/acs.jced.5b00444.json,10,1,1,"InChI=1S/C19H20O4/c1-2-3-13-22-18(20)16-11-7-8-12-17(16)19(21)23-14-15-9-5-4-6-10-15/h4-12H,2-3,13-14H2,1H3",IRIAEXORFWYRCZ-UHFFFAOYSA-N,"benzyl butyl 1,2-benzenedioate",C19H20O4,10.1021/acs.jced.5b00444,2015,"Molar enthalpy of vaporization or sublimation, kJ/mol",Liquid,"[""Liquid"",""Gas""]",Correlation-gas chromatography,107.9,"{""nPropNumber"":1,""nPropDigits"":4,""CombinedUncertainty"":{""nCombUncertAssessNum"":1,""nCombExpandUncertValue"":0.2},""nPropValue"":107.9}",variable,"{""nVarDigits"":3,""nVarNumber"":1,""nVarValue"":298}",298,True,,107.9,False
10.1021/acs.jced.5b00444#d11#p1#r1,10.1021/acs.jced.5b00444#d11#p1,10.1021/acs.jced.5b00444.json,11,1,1,"InChI=1S/C19H38O2/c1-3-4-5-6-7-8-9-10-11-12-13-14-15-16-17-18-19(20)21-2/h3-18H2,1-2H3",HPEUJPJOZXNMSJ-UHFFFAOYSA-N,methyl octadecanoate,C19H38O2,10.1021/acs.jced.5b00444,2015,"Molar enthalpy of vaporization or sublimation, kJ/mol",Liquid,"[""Liquid"",""Gas""]",Chromatographic retention time,107.9,"{""nPropValue"":107.9,""CombinedUncertainty"":{""nCombUncertAssessNum"":1,""nCombExpandUncertValue"":0.1},""nPropNumber"":1,""nPropDigits"":4}",variable,"{""nVarValue"":298,""nVarNumber"":1,""nVarDigits"":3}",298,True,,107.9,False
10.1021/acs.jced.5b00444#d12#p1#r1,10.1021/acs.jced.5b00444#d12#p1,10.1021/acs.jced.5b00444.json,12,1,1,"InChI=1S/C20H40O2/c1-3-5-6-7-8-9-10-11-12-13-14-15-16-17-18-19-20(21)22-4-2/h3-19H2,1-2H3",MVLVMROFTAUDAG-UHFFFAOYSA-N,ethyl octadecanoate,C20H40O2,10.1021/acs.jced.5b00444,2015,"Molar enthalpy of vaporization or sublimation, kJ/mol",Liquid,"[""Liquid"",""Gas""]",Chromatographic retention time,109.3,"{""nPropDigits"":4,""nPropNumber"":1,""nPropValue"":109.3,""CombinedUncertainty"":{""nCombUncertAssessNum"":1,""nCombExpandUncertValue"":0.5}}",variable,"{""nVarValue"":298,""nVarDigits"":3,""nVarNumber"":1}",298,True,,109.3,False
10.1021/acs.jced.5b00444#d13#p1#r1,10.1021/acs.jced.5b00444#d13#p1,10.1021/acs.jced.5b00444.json,13,1,1,"InChI=1S/C20H40O2/c1-3-5-6-7-8-9-10-11-12-13-14-15-16-17-18-19-20(21)22-4-2/h3-19H2,1-2H3",MVLVMROFTAUDAG-UHFFFAOYSA-N,ethyl octadecanoate,C20H40O2,10.1021/acs.jced.5b00444,2015,"Molar enthalpy of vaporization or sublimation, kJ/mol",Liquid,"[""Liquid"",""Gas""]",Correlation-gas chromatography,109.7,"{""nPropNumber"":1,""nPropDigits"":4,""nPropValue"":109.7,""CombinedUncertainty"":{""nCombUncertAssessNum"":1,""nCombExpandUncertValue"":0.5}}",variable,"{""nVarDigits"":3,""nVarNumber"":1,""nVarValue"":298}",298,True,,109.7,False
10.1021/acs.jced.5b00444#d14#p1#r1,10.1021/acs.jced.5b00444#d14#p1,10.1021/acs.jced.5b00444.json,14,1,1,"InChI=1S/C20H42/c1-3-5-7-9-11-13-15-17-19-20-18-16-14-12-10-8-6-4-2/h3-20H2,1-2H3",CBFCDTFDPHXCNY-UHFFFAOYSA-N,eicosane,C20H42,10.1021/acs.jced.5b00444,2015,"Molar enthalpy of vaporization or sublimation, kJ/mol",Liquid,"[""Liquid"",""Gas""]",Chromatographic retention time,103.9,"{""nPropValue"":103.9,""CombinedUncertainty"":{""nCombUncertAssessNum"":1,""nCombExpandUncertValue"":0.1},""nPropNumber"":1,""nPropDigits"":4}",variable,"{""nVarNumber"":1,""nVarDigits"":3,""nVarValue"":298}",298,True,,103.9,False
10.1021/acs.jced.5b00444#d15#p1#r1,10.1021/acs.jced.5b00444#d15#p1,10.1021/acs.jced.5b00444.json,15,1,1,"InChI=1S/C20H42/c1-3-5-7-9-11-13-15-17-19-20-18-16-14-12-10-8-6-4-2/h3-20H2,1-2H3",CBFCDTFDPHXCNY-UHFFFAOYSA-N,eicosane,C20H42,10.1021/acs.jced.5b00444,2015,"Molar enthalpy of vaporization or sublimation, kJ/mol",Liquid,"[""Liquid"",""Gas""]",Correlation-gas chromatography,100.4,"{""CombinedUncertainty"":{""nCombUncertAssessNum"":1,""nCombExpandUncertValue"":0.1},""nPropValue"":100.4,""nPropNumber"":1,""nPropDigits"":4}",variable,"{""nVarValue"":298,""nVarDigits"":3,""nVarNumber"":1}",298,True,,100.4,False
10.1021/acs.jced.5b00444#d16#p1#r1,10.1021/acs.jced.5b00444#d16#p1,10.1021/acs.jced.5b00444.json,16,1,1,"InChI=1S/C21H42O2/c1-3-4-5-6-7-8-9-10-11-12-13-14-15-16-17-18-19-20-21(22)23-2/h3-20H2,1-2H3",QGBRLVONZXHAKJ-UHFFFAOYSA-N,methyl eicosanoate,C21H42O2,10.1021/acs.jced.5b00444,2015,"Molar enthalpy of vaporization or sublimation, kJ/mol",Liquid,"[""Liquid"",""Gas""]",Chromatographic retention time,111.1,"{""nPropDigits"":4,""nPropNumber"":1,""CombinedUncertainty"":{""nCombExpandUncertValue"":0.1,""nCombUncertAssessNum"":1},""nPropValue"":111.1}",variable,"{""nVarValue"":298,""nVarDigits"":3,""nVarNumber"":1}",298,True,,111.1,False
10.1021/acs.jced.5b00444#d17#p1#r1,10.1021/acs.jced.5b00444#d17#p1,10.1021/acs.jced.5b00444.json,17,1,1,"InChI=1S/C22H44O2/c1-3-4-5-6-7-8-9-10-11-12-13-14-15-16-17-18-19-20-21-22(23)24-2/h3-21H2,1-2H3",AJRICDSAJQHDSD-UHFFFAOYSA-N,methyl heneicosanoate,C22H44O2,10.1021/acs.jced.5b00444,2015,"Molar enthalpy of vaporization or sublimation, kJ/mol",Liquid,"[""Liquid"",""Gas""]",Chromatographic retention time,116.3,"{""nPropNumber"":1,""nPropDigits"":4,""CombinedUncertainty"":{""nCombUncertAssessNum"":1,""nCombExpandUncertValue"":0.1},""nPropValue"":116.3}",variable,"{""nVarValue"":298,""nVarNumber"":1,""nVarDigits"":3}",298,True,,116.3,False
10.1021/acs.jced.5b00444#d18#p1#r1,10.1021/acs.jced.5b00444#d18#p1,10.1021/acs.jced.5b00444.json,18,1,1,"InChI=1S/C22H44O2/c1-3-4-5-6-7-8-9-10-11-12-13-14-15-16-17-18-19-20-21-22(23)24-2/h3-21H2,1-2H3",AJRICDSAJQHDSD-UHFFFAOYSA-N,methyl heneicosanoate,C22H44O2,10.1021/acs.jced.5b00444,2015,"Molar enthalpy of vaporization or sublimation, kJ/mol",Liquid,"[""Liquid"",""Gas""]",Correlation-gas chromatography,121.7,"{""nPropDigits"":4,""nPropNumber"":1,""nPropValue"":121.7,""CombinedUncertainty"":{""nCombUncertAssessNum"":1,""nCombExpandUncertValue"":0.1}}",variable,"{""nVarDigits"":3,""nVarNumber"":1,""nVarValue"":298}",298,True,,121.7,False
10.1021/acs.jced.5b00444#d19#p1#r1,10.1021/acs.jced.5b00444#d19#p1,10.1021/acs.jced.5b00444.json,19,1,1,"InChI=1S/C22H46/c1-3-5-7-9-11-13-15-17-19-21-22-20-18-16-14-12-10-8-6-4-2/h3-22H2,1-2H3",HOWGUJZVBDQJKV-UHFFFAOYSA-N,docosane,C22H46,10.1021/acs.jced.5b00444,2015,"Molar enthalpy of vaporization or sublimation, kJ/mol",Liquid,"[""Liquid"",""Gas""]",Chromatographic retention time,110,"{""nPropDigits"":2,""nPropNumber"":1,""CombinedUncertainty"":{""nCombExpandUncertValue"":1,""nCombUncertAssessNum"":1},""nPropValue"":110}",variable,"{""nVarValue"":298,""nVarNumber"":1,""nVarDigits"":3}",298,True,,110,False
10.1021/acs.jced.5b00444#d20#p1#r1,10.1021/acs.jced.5b00444#d20#p1,10.1021/acs.jced.5b00444.json,20,1,1,"InChI=1S/C22H46/c1-3-5-7-9-11-13-15-17-19-21-22-20-18-16-14-12-10-8-6-4-2/h3-22H2,1-2H3",HOWGUJZVBDQJKV-UHFFFAOYSA-N,docosane,C22H46,10.1021/acs.jced.5b00444,2015,"Molar enthalpy of vaporization or sublimation, kJ/mol",Liquid,"[""Liquid"",""Gas""]",Correlation-gas chromatography,111,"{""nPropValue"":111,""CombinedUncertainty"":{""nCombUncertAssessNum"":1,""nCombExpandUncertValue"":1},""nPropNumber"":1,""nPropDigits"":3}",variable,"{""nVarNumber"":1,""nVarDigits"":3,""nVarValue"":298}",298,True,,111,False
10.1021/acs.jced.5b00444#d21#p1#r1,10.1021/acs.jced.5b00444#d21#p1,10.1021/acs.jced.5b00444.json,21,1,1,"InChI=1S/C24H38O4/c1-5-9-13-19(7-3)17-27-23(25)21-15-11-12-16-22(21)24(26)28-18-20(8-4)14-10-6-2/h11-12,15-16,19-20H,5-10,13-14,17-18H2,1-4H3",BJQHLKABXJIVAM-UHFFFAOYSA-N,"bis(2-ethylhexyl) 1,2-benzenedicarboxylate",C24H38O4,10.1021/acs.jced.5b00444,2015,"Molar enthalpy of vaporization or sublimation, kJ/mol",Liquid,"[""Liquid"",""Gas""]",Chromatographic retention time,116.9,"{""CombinedUncertainty"":{""nCombUncertAssessNum"":1,""nCombExpandUncertValue"":0.1},""nPropValue"":116.9,""nPropDigits"":4,""nPropNumber"":1}",variable,"{""nVarValue"":298,""nVarDigits"":3,""nVarNumber"":1}",298,True,,116.9,False
10.1021/acs.jced.5b00444#d22#p1#r1,10.1021/acs.jced.5b00444#d22#p1,10.1021/acs.jced.5b00444.json,22,1,1,"InChI=1S/C24H38O4/c1-5-9-13-19(7-3)17-27-23(25)21-15-11-12-16-22(21)24(26)28-18-20(8-4)14-10-6-2/h11-12,15-16,19-20H,5-10,13-14,17-18H2,1-4H3",BJQHLKABXJIVAM-UHFFFAOYSA-N,"bis(2-ethylhexyl) 1,2-benzenedicarboxylate",C24H38O4,10.1021/acs.jced.5b00444,2015,"Molar enthalpy of vaporization or sublimation, kJ/mol",Liquid,"[""Liquid"",""Gas""]",Correlation-gas chromatography,122.8,"{""nPropNumber"":1,""nPropDigits"":4,""nPropValue"":122.8,""CombinedUncertainty"":{""nCombUncertAssessNum"":1,""nCombExpandUncertValue"":0.1}}",variable,"{""nVarValue"":298,""nVarNumber"":1,""nVarDigits"":3}",298,True,,122.8,False
10.1021/acs.jced.5b00444#d23#p1#r1,10.1021/acs.jced.5b00444#d23#p1,10.1021/acs.jced.5b00444.json,23,1,1,"InChI=1S/C24H38O4/c1-3-5-7-9-11-15-19-27-23(25)21-17-13-14-18-22(21)24(26)28-20-16-12-10-8-6-4-2/h13-14,17-18H,3-12,15-16,19-20H2,1-2H3",MQIUGAXCHLFZKX-UHFFFAOYSA-N,"dioctyl 1,2-benzenedicarboxylate",C24H38O4,10.1021/acs.jced.5b00444,2015,"Molar enthalpy of vaporization or sublimation, kJ/mol",Liquid,"[""Liquid"",""Gas""]",Chromatographic retention time,122.7,"{""nPropValue"":122.7,""CombinedUncertainty"":{""nCombExpandUncertValue"":0.2,""nCombUncertAssessNum"":1},""nPropNumber"":1,""nPropDigits"":4}",variable,"{""nVarNumber"":1,""nVarDigits"":3,""nVarValue"":298}",298,True,,122.7,False
10.1021/acs.jced.5b00444#d24#p1#r1,10.1021/acs.jced.5b00444#d24#p1,10.1021/acs.jced.5b00444.json,24,1,1,"InChI=1S/C24H38O4/c1-3-5-7-9-11-15-19-27-23(25)21-17-13-14-18-22(21)24(26)28-20-16-12-10-8-6-4-2/h13-14,17-18H,3-12,15-16,19-20H2,1-2H3",MQIUGAXCHLFZKX-UHFFFAOYSA-N,"dioctyl 1,2-benzenedicarboxylate",C24H38O4,10.1021/acs.jced.5b00444,2015,"Molar enthalpy of vaporization or sublimation, kJ/mol",Liquid,"[""Liquid"",""Gas""]",Correlation-gas chromatography,131.6,"{""CombinedUncertainty"":{""nCombExpandUncertValue"":0.2,""nCombUncertAssessNum"":1},""nPropValue"":131.6,""nPropNumber"":1,""nPropDigits"":4}",variable,"{""nVarNumber"":1,""nVarDigits"":3,""nVarValue"":298}",298,True,,131.6,False
10.1021/acs.jced.5b00444#d25#p1#r1,10.1021/acs.jced.5b00444#d25#p1,10.1021/acs.jced.5b00444.json,25,1,1,"InChI=1S/C24H50/c1-3-5-7-9-11-13-15-17-19-21-23-24-22-20-18-16-14-12-10-8-6-4-2/h3-24H2,1-2H3",POOSGDOYLQNASK-UHFFFAOYSA-N,tetracosane,C24H50,10.1021/acs.jced.5b00444,2015,"Molar enthalpy of vaporization or sublimation, kJ/mol",Liquid,"[""Liquid"",""Gas""]",Chromatographic retention time,116.1,"{""nPropNumber"":1,""nPropDigits"":4,""CombinedUncertainty"":{""nCombUncertAssessNum"":1,""nCombExpandUncertValue"":0.1},""nPropValue"":116.1}",variable,"{""nVarNumber"":1,""nVarDigits"":3,""nVarValue"":298}",298,True,,116.1,False
10.1021/acs.jced.5b00444#d26#p1#r1,10.1021/acs.jced.5b00444#d26#p1,10.1021/acs.jced.5b00444.json,26,1,1,"InChI=1S/C24H50/c1-3-5-7-9-11-13-15-17-19-21-23-24-22-20-18-16-14-12-10-8-6-4-2/h3-24H2,1-2H3",POOSGDOYLQNASK-UHFFFAOYSA-N,tetracosane,C24H50,10.1021/acs.jced.5b00444,2015,"Molar enthalpy of vaporization or sublimation, kJ/mol",Liquid,"[""Liquid"",""Gas""]",Correlation-gas chromatography,121.5,"{""nPropNumber"":1,""nPropDigits"":4,""nPropValue"":121.5,""CombinedUncertainty"":{""nCombExpandUncertValue"":0.1,""nCombUncertAssessNum"":1}}",variable,"{""nVarValue"":298,""nVarDigits"":3,""nVarNumber"":1}",298,True,,121.5,False
10.1021/acs.jced.5b00444#d27#p1#r1,10.1021/acs.jced.5b00444#d27#p1,10.1021/acs.jced.5b00444.json,27,1,1,"InChI=1S/C25H52/c1-3-5-7-9-11-13-15-17-19-21-23-25-24-22-20-18-16-14-12-10-8-6-4-2/h3-25H2,1-2H3",YKNWIILGEFFOPE-UHFFFAOYSA-N,pentacosane,C25H52,10.1021/acs.jced.5b00444,2015,"Molar enthalpy of vaporization or sublimation, kJ/mol",Liquid,"[""Liquid"",""Gas""]",Chromatographic retention time,119.1,"{""nPropDigits"":4,""nPropNumber"":1,""CombinedUncertainty"":{""nCombUncertAssessNum"":1,""nCombExpandUncertValue"":0.1},""nPropValue"":119.1}",variable,"{""nVarValue"":298,""nVarNumber"":1,""nVarDigits"":3}",298,True,,119.1,False
10.1021/acs.jced.5b00444#d28#p1#r1,10.1021/acs.jced.5b00444#d28#p1,10.1021/acs.jced.5b00444.json,28,1,1,"InChI=1S/C25H52/c1-3-5-7-9-11-13-15-17-19-21-23-25-24-22-20-18-16-14-12-10-8-6-4-2/h3-25H2,1-2H3",YKNWIILGEFFOPE-UHFFFAOYSA-N,pentacosane,C25H52,10.1021/acs.jced.5b00444,2015,"Molar enthalpy of vaporization or sublimation, kJ/mol",Liquid,"[""Liquid"",""Gas""]",Correlation-gas chromatography,126.7,"{""nPropDigits"":4,""nPropNumber"":1,""nPropValue"":126.7,""CombinedUncertainty"":{""nCombUncertAssessNum"":1,""nCombExpandUncertValue"":0.1}}",variable,"{""nVarDigits"":3,""nVarNumber"":1,""nVarValue"":298}",298,True,,126.7,False
10.1021/acs.jced.5b00444#d29#p1#r1,10.1021/acs.jced.5b00444#d29#p1,10.1021/acs.jced.5b00444.json,29,1,1,"InChI=1S/C26H54/c1-3-5-7-9-11-13-15-17-19-21-23-25-26-24-22-20-18-16-14-12-10-8-6-4-2/h3-26H2,1-2H3",HMSWAIKSFDFLKN-UHFFFAOYSA-N,hexacosane,C26H54,10.1021/acs.jced.5b00444,2015,"Molar enthalpy of vaporization or sublimation, kJ/mol",Liquid,"[""Liquid"",""Gas""]",Chromatographic retention time,122,"{""nPropDigits"":3,""nPropNumber"":1,""nPropValue"":122,""CombinedUncertainty"":{""nCombUncertAssessNum"":1,""nCombExpandUncertValue"":1}}",variable,"{""nVarDigits"":3,""nVarNumber"":1,""nVarValue"":298}",298,True,,122,False
10.1021/acs.jced.5b00444#d30#p1#r1,10.1021/acs.jced.5b00444#d30#p1,10.1021/acs.jced.5b00444.json,30,1,1,"InChI=1S/C26H54/c1-3-5-7-9-11-13-15-17-19-21-23-25-26-24-22-20-18-16-14-12-10-8-6-4-2/h3-26H2,1-2H3",HMSWAIKSFDFLKN-UHFFFAOYSA-N,hexacosane,C26H54,10.1021/acs.jced.5b00444,2015,"Molar enthalpy of vaporization or sublimation, kJ/mol",Liquid,"[""Liquid"",""Gas""]",Correlation-gas chromatography,131.8,"{""CombinedUncertainty"":{""nCombExpandUncertValue"":0.1,""nCombUncertAssessNum"":1},""nPropValue"":131.8,""nPropDigits"":4,""nPropNumber"":1}",variable,"{""nVarNumber"":1,""nVarDigits"":3,""nVarValue"":298}",298,True,,131.8,False
10.1021/acs.jced.5b00444#d31#p1#r1,10.1021/acs.jced.5b00444#d31#p1,10.1021/acs.jced.5b00444.json,31,1,1,"InChI=1S/C28H58/c1-3-5-7-9-11-13-15-17-19-21-23-25-27-28-26-24-22-20-18-16-14-12-10-8-6-4-2/h3-28H2,1-2H3",ZYURHZPYMFLWSH-UHFFFAOYSA-N,octacosane,C28H58,10.1021/acs.jced.5b00444,2015,"Molar enthalpy of vaporization or sublimation, kJ/mol",Liquid,"[""Liquid"",""Gas""]",Chromatographic retention time,128.6,"{""nPropValue"":128.6,""CombinedUncertainty"":{""nCombUncertAssessNum"":1,""nCombExpandUncertValue"":0.5},""nPropDigits"":4,""nPropNumber"":1}",variable,"{""nVarNumber"":1,""nVarDigits"":3,""nVarValue"":298}",298,True,,128.6,False
10.1021/acs.jced.5b00444#d32#p1#r1,10.1021/acs.jced.5b00444#d32#p1,10.1021/acs.jced.5b00444.json,32,1,1,"InChI=1S/C28H58/c1-3-5-7-9-11-13-15-17-19-21-23-25-27-28-26-24-22-20-18-16-14-12-10-8-6-4-2/h3-28H2,1-2H3",ZYURHZPYMFLWSH-UHFFFAOYSA-N,octacosane,C28H58,10.1021/acs.jced.5b00444,2015,"Molar enthalpy of vaporization or sublimation, kJ/mol",Liquid,"[""Liquid"",""Gas""]",Correlation-gas chromatography,142.3,"{""nPropValue"":142.3,""CombinedUncertainty"":{""nCombUncertAssessNum"":1,""nCombExpandUncertValue"":0.5},""nPropNumber"":1,""nPropDigits"":4}",variable,"{""nVarValue"":298,""nVarDigits"":3,""nVarNumber"":1}",298,True,,142.3,False
10.1021/acs.jced.5b00606#d1#p1#r1,10.1021/acs.jced.5b00606#d1#p1,10.1021/acs.jced.5b00606.json,1,1,1,InChI=1S/C6H5N3/c1-3-9-4-2-8-6(9)5-7-1/h1-5H,MBVAHHOKMIRXLP-UHFFFAOYSA-N,"imidazo[1,2-a]pyrazine",C6H5N3,10.1021/acs.jced.5b00606,2016,"Molar enthalpy of vaporization or sublimation, kJ/mol",Liquid,"[""Liquid"",""Gas""]",Correlation gas chromatography,62,"{""nPropValue"":62,""CombinedUncertainty"":{""nCombUncertAssessNum"":1,""nCombExpandUncertValue"":5.4},""nPropNumber"":1,""nPropDigits"":3}",variable,"{""nVarValue"":298.15,""nVarNumber"":1,""nVarDigits"":5}",298.15,True,,62,False
10.1021/acs.jced.5b00606#d5#p1#r1,10.1021/acs.jced.5b00606#d5#p1,10.1021/acs.jced.5b00606.json,5,1,1,InChI=1S/C6H5N3/c1-3-9-4-2-8-6(9)5-7-1/h1-5H,MBVAHHOKMIRXLP-UHFFFAOYSA-N,"imidazo[1,2-a]pyrazine",C6H5N3,10.1021/acs.jced.5b00606,2016,"Molar enthalpy of vaporization or sublimation, kJ/mol",Liquid,"[""Liquid"",""Gas""]",Correlation gas chromatography,67.9,"{""nPropDigits"":3,""nPropNumber"":1,""nPropValue"":67.9,""CombinedUncertainty"":{""nCombExpandUncertValue"":3.2,""nCombUncertAssessNum"":1}}",variable,"{""nVarValue"":298.15,""nVarDigits"":5,""nVarNumber"":1}",298.15,True,,67.9,False
10.1021/acs.jced.5b00606#d6#p1#r1,10.1021/acs.jced.5b00606#d6#p1,10.1021/acs.jced.5b00606.json,6,1,1,"InChI=1S/C5H6N2/c1-5-3-2-4-6-7-5/h2-4H,1H3",MXDRPNGTQDRKQM-UHFFFAOYSA-N,3-methylpyridazine,C5H6N2,10.1021/acs.jced.5b00606,2016,"Molar enthalpy of vaporization or sublimation, kJ/mol",Liquid,"[""Liquid"",""Gas""]",Correlation gas chromatography,58,"{""nPropNumber"":1,""nPropDigits"":3,""CombinedUncertainty"":{""nCombUncertAssessNum"":1,""nCombExpandUncertValue"":2.9},""nPropValue"":58}",variable,"{""nVarNumber"":1,""nVarDigits"":5,""nVarValue"":298.15}",298.15,True,,58,False
10.1021/acs.jced.5b00737#d1#p1#r1,10.1021/acs.jced.5b00737#d1#p1,10.1021/acs.jced.5b00737.json,1,1,1,"InChI=1S/C17H25N/c1-4-10-16(11-5-1)17(12-6-2-7-13-17)18-14-8-3-9-15-18/h1,4-5,10-11H,2-3,6-9,12-15H2",JTJMJGYZQZDUJJ-UHFFFAOYSA-N,1-(1-phenylcyclohexyl)piperidine,C17H25N,10.1021/acs.jced.5b00737,2016,"Molar enthalpy of vaporization or sublimation, kJ/mol",Liquid,"[""Liquid"",""Gas""]",Correlation gas chromatography,77.6,"{""nPropNumber"":1,""nPropDigits"":3,""nPropValue"":77.6,""CombinedUncertainty"":{""nCombExpandUncertValue"":4.5,""nCombUncertAssessNum"":1}}",variable,"{""nVarValue"":298,""nVarNumber"":1,""nVarDigits"":3}",298,True,,77.6,False
10.1021/acs.jced.5b00737#d3#p1#r1,10.1021/acs.jced.5b00737#d3#p1,10.1021/acs.jced.5b00737.json,3,1,1,"InChI=1S/C19H31N/c1-16(15-20-12-6-5-7-13-20)14-17-8-10-18(11-9-17)19(2,3)4/h8-11,16H,5-7,12-15H2,1-4H3",MGNFYQILYYYUBS-UHFFFAOYSA-N,1-(3-(4-(tert-butyl)phenyl)-2-methylpropyl)piperidine,C19H31N,10.1021/acs.jced.5b00737,2016,"Molar enthalpy of vaporization or sublimation, kJ/mol",Liquid,"[""Liquid"",""Gas""]",Correlation gas chromatography,80.9,"{""nPropValue"":80.9,""CombinedUncertainty"":{""nCombExpandUncertValue"":3.6,""nCombUncertAssessNum"":1},""nPropDigits"":3,""nPropNumber"":1}",variable,"{""nVarValue"":298,""nVarNumber"":1,""nVarDigits"":3}",298,True,,80.9,False
10.1021/acs.jced.5b00892#d1#p1#r1,10.1021/acs.jced.5b00892#d1#p1,10.1021/acs.jced.5b00892.json,1,1,1,"InChI=1S/C14H26O2/c1-3-4-5-6-7-8-9-10-11-12-13-16-14(2)15/h5-6H,3-4,7-13H2,1-2H3/b6-5-",SUCYDSJQVVGOIW-WAYWQWQTSA-N,(Z)-dodec-8-enyl acetate,C14H26O2,10.1021/acs.jced.5b00892,2016,"Molar enthalpy of vaporization or sublimation, kJ/mol",Liquid,"[""Liquid"",""Gas""]",Correlation gas chromatography,79.3,"{""nPropNumber"":1,""nPropDigits"":3,""nPropValue"":79.3,""CombinedUncertainty"":{""nCombUncertAssessNum"":1,""nCombExpandUncertValue"":10.9}}",variable,"{""nVarDigits"":5,""nVarNumber"":1,""nVarValue"":298.15}",298.15,True,,79.3,False
10.1021/acs.jced.5b00892#d3#p1#r1,10.1021/acs.jced.5b00892#d3#p1,10.1021/acs.jced.5b00892.json,3,1,1,"InChI=1S/C15H28O2/c1-3-4-5-6-7-8-9-10-11-12-13-14-17-15(2)16/h10-11H,3-9,12-14H2,1-2H3/b11-10-",DUCVQKMNGSZPAV-KHPPLWFESA-N,(Z)-tridec-4-enyl acetate,C15H28O2,10.1021/acs.jced.5b00892,2016,"Molar enthalpy of vaporization or sublimation, kJ/mol",Liquid,"[""Liquid"",""Gas""]",Correlation gas chromatography,82.7,"{""nPropNumber"":1,""nPropDigits"":3,""CombinedUncertainty"":{""nCombExpandUncertValue"":11.1,""nCombUncertAssessNum"":1},""nPropValue"":82.7}",variable,"{""nVarValue"":298.15,""nVarNumber"":1,""nVarDigits"":5}",298.15,True,,82.7,False
10.1021/acs.jced.5b00892#d5#p1#r1,10.1021/acs.jced.5b00892#d5#p1,10.1021/acs.jced.5b00892.json,5,1,1,"InChI=1S/C16H30O2/c1-3-4-5-6-7-8-9-10-11-12-13-14-15-18-16(2)17/h4-5H,3,6-15H2,1-2H3/b5-4+",YJINQJFQLQIYHX-SNAWJCMRSA-N,(E)-tetradec-11-enyl acetate,C16H30O2,10.1021/acs.jced.5b00892,2016,"Molar enthalpy of vaporization or sublimation, kJ/mol",Liquid,"[""Liquid"",""Gas""]",Correlation gas chromatography,89.6,"{""nPropDigits"":3,""nPropNumber"":1,""CombinedUncertainty"":{""nCombExpandUncertValue"":7.2,""nCombUncertAssessNum"":1},""nPropValue"":89.6}",variable,"{""nVarDigits"":5,""nVarNumber"":1,""nVarValue"":298.15}",298.15,True,,89.6,False
10.1021/acs.jced.5b00892#d7#p1#r1,10.1021/acs.jced.5b00892#d7#p1,10.1021/acs.jced.5b00892.json,7,1,1,"InChI=1S/C16H28O2/c1-3-4-5-6-7-8-9-10-11-12-13-14-15-18-16(2)17/h4-7H,3,8-15H2,1-2H3/b5-4+,7-6+",RFEQLTBBKNKGGJ-YTXTXJHMSA-N,"(9E,11E)-tetradeca-9,11-dienyl acetate",C16H28O2,10.1021/acs.jced.5b00892,2016,"Molar enthalpy of vaporization or sublimation, kJ/mol",Liquid,"[""Liquid"",""Gas""]",Correlation gas chromatography,92.3,"{""nPropNumber"":1,""nPropDigits"":3,""CombinedUncertainty"":{""nCombUncertAssessNum"":1,""nCombExpandUncertValue"":7.4},""nPropValue"":92.3}",variable,"{""nVarDigits"":5,""nVarNumber"":1,""nVarValue"":298.15}",298.15,True,,92.3,False
10.1021/acs.jced.5b00892#d9#p1#r1,10.1021/acs.jced.5b00892#d9#p1,10.1021/acs.jced.5b00892.json,9,1,1,"InChI=1S/C17H30O2/c1-6-19-17(18)13-16(5)12-8-11-15(4)10-7-9-14(2)3/h8,12-15H,6-7,9-11H2,1-5H3/b12-8+,16-13+/t15-/m0/s1",FYQGBXGJFWXIPP-OJROSNHMSA-N,"ethyl (S,2E,4E)-3,7,11-trimethyldodeca-2,4-dienoate",C17H30O2,10.1021/acs.jced.5b00892,2016,"Molar enthalpy of vaporization or sublimation, kJ/mol",Liquid,"[""Liquid"",""Gas""]",Correlation gas chromatography,92.4,"{""CombinedUncertainty"":{""nCombExpandUncertValue"":7.4,""nCombUncertAssessNum"":1},""nPropValue"":92.4,""nPropNumber"":1,""nPropDigits"":3}",variable,"{""nVarValue"":298.15,""nVarDigits"":5,""nVarNumber"":1}",298.15,True,,92.4,False
10.1021/acs.jced.5b00892#d11#p1#r1,10.1021/acs.jced.5b00892#d11#p1,10.1021/acs.jced.5b00892.json,11,1,1,"InChI=1S/C18H28O2/c1-6-13-20-18(19)14-17(5)12-8-11-16(4)10-7-9-15(2)3/h1,8,12,14-16H,7,9-11,13H2,2-5H3/b12-8+,17-14+",FZRBKIRIBLNOAM-WHVZTFIZSA-N,"prop-2-ynyl (2E,4E)-3,7,11-trimethyldodeca-2,4-dienoate",C18H28O2,10.1021/acs.jced.5b00892,2016,"Molar enthalpy of vaporization or sublimation, kJ/mol",Liquid,"[""Liquid"",""Gas""]",Correlation gas chromatography,98.1,"{""nPropDigits"":3,""nPropNumber"":1,""CombinedUncertainty"":{""nCombUncertAssessNum"":1,""nCombExpandUncertValue"":7.6},""nPropValue"":98.1}",variable,"{""nVarDigits"":5,""nVarNumber"":1,""nVarValue"":298.15}",298.15,True,,98.1,False
10.1021/acs.jced.5b00892#d13#p1#r1,10.1021/acs.jced.5b00892#d13#p1,10.1021/acs.jced.5b00892.json,13,1,1,"InChI=1S/C20H38O2/c1-3-4-5-6-7-8-9-10-11-12-13-14-15-16-17-18-19-22-20(2)21/h6-7H,3-5,8-19H2,1-2H3/b7-6-",PPNRRQMJESAXGJ-SREVYHEPSA-N,(Z)-octadec-13-en-1-yl acetate,C20H38O2,10.1021/acs.jced.5b00892,2016,"Molar enthalpy of vaporization or sublimation, kJ/mol",Liquid,"[""Liquid"",""Gas""]",Correlation gas chromatography,108.8,"{""nPropValue"":108.8,""CombinedUncertainty"":{""nCombExpandUncertValue"":8.1,""nCombUncertAssessNum"":1},""nPropNumber"":1,""nPropDigits"":4}",variable,"{""nVarValue"":298.15,""nVarNumber"":1,""nVarDigits"":5}",298.15,True,,108.8,False
10.1021/acs.jced.6b00483#d5#p1#r1,10.1021/acs.jced.6b00483#d5#p1,10.1021/acs.jced.6b00483.json,5,1,1,InChI=1S/C2H4N4O4/c3-1(4)2(5(7)8)6(9)10/h3-4H2,FUHQFAMVYDIUKL-UHFFFAOYSA-N,"1,1-diamino-2,2-dinitroethene",C2H4N4O4,10.1021/acs.jced.6b00483,2017,"Molar enthalpy of vaporization or sublimation, kJ/mol",Crystal 3,"[""Crystal 3"",""Gas""]",Derived by Second law,112.1,"{""CombinedUncertainty"":{""nCombExpandUncertValue"":3.9,""nCombUncertAssessNum"":1},""nPropValue"":112.1,""nPropNumber"":1,""nPropDigits"":4}",variable,"{""nVarNumber"":1,""nVarDigits"":3,""nVarValue"":457.15}",457.15,False,,112.1,False
10.1021/acs.jced.6b00483#d7#p1#r1,10.1021/acs.jced.6b00483#d7#p1,10.1021/acs.jced.6b00483.json,7,1,1,"InChI=1S/C7H5N3O6/c1-4-6(9(13)14)2-5(8(11)12)3-7(4)10(15)16/h2-3H,1H3",SPSSULHKWOKEEL-UHFFFAOYSA-N,"2,4,6-trinitrotoluene",C7H5N3O6,10.1021/acs.jced.6b00483,2017,"Molar enthalpy of vaporization or sublimation, kJ/mol",Crystal,"[""Crystal"",""Gas""]",Derived by Second law,113.7,"{""CombinedUncertainty"":{""nCombExpandUncertValue"":3.6,""nCombUncertAssessNum"":1},""nPropValue"":113.7,""nPropDigits"":4,""nPropNumber"":1}",variable,"{""nVarDigits"":1,""nVarNumber"":1,""nVarValue"":343.15}",343.15,False,,113.7,False
10.1021/acs.jced.6b00483#d8#p1#r1,10.1021/acs.jced.6b00483#d8#p1,10.1021/acs.jced.6b00483.json,8,1,1,InChI=1S/C14H10/c1-2-6-12-10-14-8-4-3-7-13(14)9-11(12)5-1/h1-10H,MWPLVEDNUUSJAV-UHFFFAOYSA-N,anthracene,C14H10,10.1021/acs.jced.6b00483,2017,"Molar enthalpy of vaporization or sublimation, kJ/mol",Crystal,"[""Crystal"",""Gas""]",Derived by Second law,95.1,"{""nPropNumber"":1,""nPropDigits"":3,""CombinedUncertainty"":{""nCombUncertAssessNum"":1,""nCombExpandUncertValue"":3.2},""nPropValue"":95.1}",variable,"{""nVarDigits"":2,""nVarNumber"":1,""nVarValue"":453.15}",453.15,False,,95.1,False
10.1021/acs.jced.6b00483#d9#p1#r1,10.1021/acs.jced.6b00483#d9#p1,10.1021/acs.jced.6b00483.json,9,1,1,InChI=1S/C10H8/c1-2-6-10-8-4-3-7-9(10)5-1/h1-8H,UFWIBTONFRDIAS-UHFFFAOYSA-N,naphthalene,C10H8,10.1021/acs.jced.6b00483,2017,"Molar enthalpy of vaporization or sublimation, kJ/mol",Crystal,"[""Crystal"",""Gas""]",Derived by Second law,71,"{""nPropNumber"":1,""nPropDigits"":3,""nPropValue"":71,""CombinedUncertainty"":{""nCombExpandUncertValue"":1.9,""nCombUncertAssessNum"":1}}",variable,"{""nVarValue"":339.15,""nVarDigits"":2,""nVarNumber"":1}",339.15,False,,71,False
10.1021/acs.jced.6b00984#d1#p1#r1,10.1021/acs.jced.6b00984#d1#p1,10.1021/acs.jced.6b00984.json,1,1,1,InChI=1S/C2H6/c1-2/h1-2H3,OTMSDBZUPAUEDD-UHFFFAOYSA-N,ethane,C2H6,10.1021/acs.jced.6b00984,2017,"Molar enthalpy of vaporization or sublimation, kJ/mol",Liquid,"[""Liquid"",""Gas""]",DSC,13.89189648,"{""nPropValue"":13.89189648,""CombinedUncertainty"":{""nCombUncertAssessNum"":1,""nCombExpandUncertValue"":0.99227832},""nPropNumber"":1,""nPropDigits"":3}",variable,"{""nVarValue"":208.94,""nVarNumber"":1,""nVarDigits"":5}",208.94,True,,13.89189648,False
10.1021/acs.jced.6b00984#d1#p1#r2,10.1021/acs.jced.6b00984#d1#p1,10.1021/acs.jced.6b00984.json,1,1,2,InChI=1S/C2H6/c1-2/h1-2H3,OTMSDBZUPAUEDD-UHFFFAOYSA-N,ethane,C2H6,10.1021/acs.jced.6b00984,2017,"Molar enthalpy of vaporization or sublimation, kJ/mol",Liquid,"[""Liquid"",""Gas""]",DSC,13.26044664,"{""nPropDigits"":3,""nPropNumber"":1,""nPropValue"":13.26044664,""CombinedUncertainty"":{""nCombUncertAssessNum"":1,""nCombExpandUncertValue"":0.99227832}}",variable,"{""nVarValue"":213.47,""nVarNumber"":1,""nVarDigits"":5}",213.47,True,,13.26044664,False
10.1021/acs.jced.6b00984#d1#p1#r3,10.1021/acs.jced.6b00984#d1#p1,10.1021/acs.jced.6b00984.json,1,1,3,InChI=1S/C2H6/c1-2/h1-2H3,OTMSDBZUPAUEDD-UHFFFAOYSA-N,ethane,C2H6,10.1021/acs.jced.6b00984,2017,"Molar enthalpy of vaporization or sublimation, kJ/mol",Liquid,"[""Liquid"",""Gas""]",DSC,14.49327728,"{""CombinedUncertainty"":{""nCombUncertAssessNum"":1,""nCombExpandUncertValue"":1.02234736},""nPropValue"":14.49327728,""nPropDigits"":3,""nPropNumber"":1}",variable,"{""nVarValue"":191.67,""nVarNumber"":1,""nVarDigits"":5}",191.67,True,,14.49327728,False
10.1021/acs.jced.6b00984#d2#p1#r1,10.1021/acs.jced.6b00984#d2#p1,10.1021/acs.jced.6b00984.json,2,1,1,InChI=1S/CH4/h1H4,VNWKTOKETHGBQD-UHFFFAOYSA-N,methane,CH4,10.1021/acs.jced.6b00984,2017,"Molar enthalpy of vaporization or sublimation, kJ/mol",Liquid,"[""Liquid"",""Gas""]",DSC,7.71642326,"{""nPropValue"":7.71642326,""CombinedUncertainty"":{""nCombExpandUncertValue"":0.89837776,""nCombUncertAssessNum"":1},""nPropNumber"":1,""nPropDigits"":3}",variable,"{""nVarValue"":127.96,""nVarNumber"":1,""nVarDigits"":5}",127.96,True,,7.71642326,False
10.1021/acs.jced.6b00984#d2#p1#r2,10.1021/acs.jced.6b00984#d2#p1,10.1021/acs.jced.6b00984.json,2,1,2,InChI=1S/CH4/h1H4,VNWKTOKETHGBQD-UHFFFAOYSA-N,methane,CH4,10.1021/acs.jced.6b00984,2017,"Molar enthalpy of vaporization or sublimation, kJ/mol",Liquid,"[""Liquid"",""Gas""]",DSC,8.05331492,"{""CombinedUncertainty"":{""nCombUncertAssessNum"":1,""nCombExpandUncertValue"":0.89837776},""nPropValue"":8.05331492,""nPropDigits"":3,""nPropNumber"":1}",variable,"{""nVarNumber"":1,""nVarDigits"":5,""nVarValue"":118.04}",118.04,True,,8.05331492,False
10.1021/acs.jced.6b00984#d2#p1#r3,10.1021/acs.jced.6b00984#d2#p1,10.1021/acs.jced.6b00984.json,2,1,3,InChI=1S/CH4/h1H4,VNWKTOKETHGBQD-UHFFFAOYSA-N,methane,CH4,10.1021/acs.jced.6b00984,2017,"Molar enthalpy of vaporization or sublimation, kJ/mol",Liquid,"[""Liquid"",""Gas""]",DSC,7.6201685,"{""nPropNumber"":1,""nPropDigits"":3,""CombinedUncertainty"":{""nCombUncertAssessNum"":1,""nCombExpandUncertValue"":0.89837776},""nPropValue"":7.6201685}",variable,"{""nVarValue"":133.15,""nVarDigits"":5,""nVarNumber"":1}",133.15,True,,7.6201685,False
10.1021/acs.jced.6b00984#d2#p1#r4,10.1021/acs.jced.6b00984#d2#p1,10.1021/acs.jced.6b00984.json,2,1,4,InChI=1S/CH4/h1H4,VNWKTOKETHGBQD-UHFFFAOYSA-N,methane,CH4,10.1021/acs.jced.6b00984,2017,"Molar enthalpy of vaporization or sublimation, kJ/mol",Liquid,"[""Liquid"",""Gas""]",DSC,7.90893278,"{""nPropValue"":7.90893278,""CombinedUncertainty"":{""nCombExpandUncertValue"":0.89837776,""nCombUncertAssessNum"":1},""nPropDigits"":3,""nPropNumber"":1}",variable,"{""nVarValue"":123.15,""nVarDigits"":5,""nVarNumber"":1}",123.15,True,,7.90893278,False
10.1021/acs.jced.6b00984#d2#p1#r5,10.1021/acs.jced.6b00984#d2#p1,10.1021/acs.jced.6b00984.json,2,1,5,InChI=1S/CH4/h1H4,VNWKTOKETHGBQD-UHFFFAOYSA-N,methane,CH4,10.1021/acs.jced.6b00984,2017,"Molar enthalpy of vaporization or sublimation, kJ/mol",Liquid,"[""Liquid"",""Gas""]",DSC,7.65225342,"{""CombinedUncertainty"":{""nCombUncertAssessNum"":1,""nCombExpandUncertValue"":0.89837776},""nPropValue"":7.65225342,""nPropNumber"":1,""nPropDigits"":3}",variable,"{""nVarNumber"":1,""nVarDigits"":5,""nVarValue"":108.15}",108.15,True,,7.65225342,False
10.1021/acs.jced.6b00984#d3#p1#r1,10.1021/acs.jced.6b00984#d3#p1,10.1021/acs.jced.6b00984.json,3,1,1,InChI=1S/CH4/h1H4,VNWKTOKETHGBQD-UHFFFAOYSA-N,methane,CH4,10.1021/acs.jced.6b00984,2017,"Molar enthalpy of vaporization or sublimation, kJ/mol",Liquid,"[""Liquid"",""Gas""]",DSC,7.65225342,"{""CombinedUncertainty"":{""nCombUncertAssessNum"":1,""nCombExpandUncertValue"":0.89837776},""nPropValue"":7.65225342,""nPropNumber"":1,""nPropDigits"":3}",variable,"{""nVarDigits"":5,""nVarNumber"":1,""nVarValue"":108.15}",108.15,True,,7.65225342,False
10.1021/acs.jced.7b00083#d1#p1#r1,10.1021/acs.jced.7b00083#d1#p1,10.1021/acs.jced.7b00083.json,1,1,1,"InChI=1S/C3H6N2S/c6-3-4-1-2-5-3/h1-2H2,(H2,4,5,6)",PDQAZBWRQCGBEV-UHFFFAOYSA-N,imidazolidine-2-thione,C3H6N2S,10.1021/acs.jced.7b00083,2017,"Molar enthalpy of vaporization or sublimation, kJ/mol",Crystal,"[""Crystal"",""Gas""]",Static calorimetry,107.4,"{""nPropValue"":107.4,""CombinedUncertainty"":{""nCombUncertAssessNum"":1,""nCombExpandUncertValue"":1.5},""nPropNumber"":1,""nPropDigits"":4}",variable,"{""nVarDigits"":5,""nVarNumber"":1,""nVarValue"":298.15}",298.15,False,,107.4,True
10.1021/acs.jced.7b00085#d1#p1#r1,10.1021/acs.jced.7b00085#d1#p1,10.1021/acs.jced.7b00085.json,1,1,1,"InChI=1S/C5H4N4O2/c10-4-2-3(7-1-6-2)8-5(11)9-4/h1H,(H3,6,7,8,9,10,11)",LRFVTYWOQMYALW-UHFFFAOYSA-N,"3,7-dihydropurine-2,6-dione",C5H4N4O2,10.1021/acs.jced.7b00085,2017,"Molar enthalpy of vaporization or sublimation, kJ/mol",Crystal,"[""Crystal"",""Gas""]",Derived by Second law,172.4,"{""nPropDigits"":4,""nPropNumber"":1,""nPropValue"":172.4,""CombinedUncertainty"":{""nCombUncertAssessNum"":1,""nCombExpandUncertValue"":2.8}}",variable,"{""nVarValue"":421,""nVarDigits"":3,""nVarNumber"":1}",421,False,,172.4,False
10.1021/acs.jced.7b00085#d2#p1#r1,10.1021/acs.jced.7b00085#d2#p1,10.1021/acs.jced.7b00085.json,2,1,1,"InChI=1S/C5H4N4O/c10-5-3-4(7-1-6-3)8-2-9-5/h1-2H,(H2,6,7,8,9,10)",FDGQSTZJBFJUBT-UHFFFAOYSA-N,"1,7-dihydro-6H-purin-6-one",C5H4N4O,10.1021/acs.jced.7b00085,2017,"Molar enthalpy of vaporization or sublimation, kJ/mol",Crystal,"[""Crystal"",""Gas""]",Derived by Second law,160.3,"{""CombinedUncertainty"":{""nCombUncertAssessNum"":1,""nCombExpandUncertValue"":2.4},""nPropValue"":160.3,""nPropNumber"":1,""nPropDigits"":4}",variable,"{""nVarNumber"":1,""nVarDigits"":3,""nVarValue"":411}",411,False,,160.3,False
10.1021/acs.jced.7b01034#d4#p1#r1,10.1021/acs.jced.7b01034#d4#p1,10.1021/acs.jced.7b01034.json,4,1,1,InChI=1S/C16H10/c1-3-11-7-9-13-5-2-6-14-10-8-12(4-1)15(11)16(13)14/h1-10H,BBEAQIROQSPTKN-UHFFFAOYSA-N,pyrene,C16H10,10.1021/acs.jced.7b01034,2018,"Molar enthalpy of vaporization or sublimation, kJ/mol",Crystal,"[""Crystal"",""Gas""]",Derived by Second law,98,"{""nPropDigits"":3,""nPropNumber"":1,""nPropValue"":98,""CombinedUncertainty"":{""nCombUncertAssessNum"":1,""nCombExpandUncertValue"":2}}",variable,"{""nVarValue"":388.15,""nVarNumber"":1,""nVarDigits"":5}",388.15,False,,98,False
10.1021/acs.jced.7b01034#d8#p1#r1,10.1021/acs.jced.7b01034#d8#p1,10.1021/acs.jced.7b01034.json,8,1,1,InChI=1S/C14H10/c1-2-6-12-10-14-8-4-3-7-13(14)9-11(12)5-1/h1-10H,MWPLVEDNUUSJAV-UHFFFAOYSA-N,anthracene,C14H10,10.1021/acs.jced.7b01034,2018,"Molar enthalpy of vaporization or sublimation, kJ/mol",Crystal,"[""Crystal"",""Gas""]",Derived by Second law,99,"{""nPropValue"":99,""CombinedUncertainty"":{""nCombExpandUncertValue"":2.3,""nCombUncertAssessNum"":1},""nPropDigits"":3,""nPropNumber"":1}",variable,"{""nVarNumber"":1,""nVarDigits"":5,""nVarValue"":408.15}",408.15,False,,99,False
10.1021/acs.jced.7b01034#d12#p1#r1,10.1021/acs.jced.7b01034#d12#p1,10.1021/acs.jced.7b01034.json,12,1,1,"InChI=1S/C7H6O2/c8-7(9)6-4-2-1-3-5-6/h1-5H,(H,8,9)",WPYMKLBDIGXBTP-UHFFFAOYSA-N,benzoic acid,C7H6O2,10.1021/acs.jced.7b01034,2018,"Molar enthalpy of vaporization or sublimation, kJ/mol",Crystal,"[""Crystal"",""Gas""]",Derived by Second law,88.3,"{""nPropValue"":88.3,""CombinedUncertainty"":{""nCombExpandUncertValue"":2.4,""nCombUncertAssessNum"":1},""nPropNumber"":1,""nPropDigits"":3}",variable,"{""nVarDigits"":5,""nVarNumber"":1,""nVarValue"":381.15}",381.15,False,,88.3,False
10.1021/acs.jced.7b01034#d16#p1#r1,10.1021/acs.jced.7b01034#d16#p1,10.1021/acs.jced.7b01034.json,16,1,1,"InChI=1S/C15H10O3/c16-13-11-8-4-5-9-12(11)18-15(14(13)17)10-6-2-1-3-7-10/h1-9,17H",HVQAJTFOCKOKIN-UHFFFAOYSA-N,3-hydroxyflavone,C15H10O3,10.1021/acs.jced.7b01034,2018,"Molar enthalpy of vaporization or sublimation, kJ/mol",Crystal,"[""Crystal"",""Gas""]",Derived by Second law,116.3,"{""nPropValue"":116.3,""CombinedUncertainty"":{""nCombExpandUncertValue"":2.1,""nCombUncertAssessNum"":1},""nPropNumber"":1,""nPropDigits"":4}",variable,"{""nVarValue"":413.15,""nVarDigits"":5,""nVarNumber"":1}",413.15,False,,116.3,False
10.1021/acs.jced.7b01034#d20#p1#r1,10.1021/acs.jced.7b01034#d20#p1,10.1021/acs.jced.7b01034.json,20,1,1,"InChI=1S/C15H10O3/c16-11-7-4-8-13-15(11)12(17)9-14(18-13)10-5-2-1-3-6-10/h1-9,16H",IYBLVRRCNVHZQJ-UHFFFAOYSA-N,5-hydroxyflavone,C15H10O3,10.1021/acs.jced.7b01034,2018,"Molar enthalpy of vaporization or sublimation, kJ/mol",Crystal,"[""Crystal"",""Gas""]",Derived by Second law,113,"{""nPropDigits"":4,""nPropNumber"":1,""nPropValue"":113,""CombinedUncertainty"":{""nCombExpandUncertValue"":2.7,""nCombUncertAssessNum"":1}}",variable,"{""nVarValue"":403.15,""nVarNumber"":1,""nVarDigits"":5}",403.15,False,,113,False
10.1021/acs.jced.7b01034#d24#p1#r1,10.1021/acs.jced.7b01034#d24#p1,10.1021/acs.jced.7b01034.json,24,1,1,"InChI=1S/C15H10O3/c16-11-6-7-14-12(8-11)13(17)9-15(18-14)10-4-2-1-3-5-10/h1-9,16H",GPZYYYGYCRFPBU-UHFFFAOYSA-N,6-hydroxyflavone,C15H10O3,10.1021/acs.jced.7b01034,2018,"Molar enthalpy of vaporization or sublimation, kJ/mol",Crystal,"[""Crystal"",""Gas""]",Derived by Second law,148.1,"{""CombinedUncertainty"":{""nCombExpandUncertValue"":2,""nCombUncertAssessNum"":1},""nPropValue"":148.1,""nPropNumber"":1,""nPropDigits"":4}",variable,"{""nVarValue"":478.15,""nVarNumber"":1,""nVarDigits"":5}",478.15,False,,148.1,False
10.1021/acs.jced.7b01034#d28#p1#r1,10.1021/acs.jced.7b01034#d28#p1,10.1021/acs.jced.7b01034.json,28,1,1,"InChI=1S/C15H10O3/c16-11-6-7-12-13(17)9-14(18-15(12)8-11)10-4-2-1-3-5-10/h1-9,16H",MQGPSCMMNJKMHQ-UHFFFAOYSA-N,7-hydroxyflavone,C15H10O3,10.1021/acs.jced.7b01034,2018,"Molar enthalpy of vaporization or sublimation, kJ/mol",Crystal,"[""Crystal"",""Gas""]",Derived by Second law,154.6,"{""nPropDigits"":4,""nPropNumber"":1,""CombinedUncertainty"":{""nCombExpandUncertValue"":2.5,""nCombUncertAssessNum"":1},""nPropValue"":154.6}",variable,"{""nVarValue"":473.15,""nVarNumber"":1,""nVarDigits"":5}",473.15,False,,154.6,False
10.1021/acs.jced.7b01034#d32#p1#r1,10.1021/acs.jced.7b01034#d32#p1,10.1021/acs.jced.7b01034.json,32,1,1,"InChI=1S/C15H11NO2/c16-11-6-7-14-12(8-11)13(17)9-15(18-14)10-4-2-1-3-5-10/h1-9H,16H2",YWHKBWPNCFDUPQ-UHFFFAOYSA-N,6-aminoflavone,C15H11NO2,10.1021/acs.jced.7b01034,2018,"Molar enthalpy of vaporization or sublimation, kJ/mol",Crystal,"[""Crystal"",""Gas""]",Derived by Second law,143.3,"{""nPropValue"":143.3,""CombinedUncertainty"":{""nCombExpandUncertValue"":1.9,""nCombUncertAssessNum"":1},""nPropNumber"":1,""nPropDigits"":4}",variable,"{""nVarValue"":452.15,""nVarNumber"":1,""nVarDigits"":5}",452.15,False,,143.3,False
10.1021/acs.jced.7b01037#d1#p1#r1,10.1021/acs.jced.7b01037#d1#p1,10.1021/acs.jced.7b01037.json,1,1,1,"InChI=1S/C16H34/c1-3-5-7-9-11-13-15-16-14-12-10-8-6-4-2/h3-16H2,1-2H3",DCAYPVUWAIABOU-UHFFFAOYSA-N,hexadecane,C16H34,10.1021/acs.jced.7b01037,2018,"Molar enthalpy of vaporization or sublimation, kJ/mol",Liquid,"[""Liquid"",""Gas""]",Derived by Second law,72.9,"{""nPropNumber"":1,""nPropDigits"":3,""nPropValue"":72.9,""CombinedUncertainty"":{""nCombExpandUncertValue"":1.7,""nCombUncertAssessNum"":1}}",variable,"{""nVarValue"":349.8,""nVarDigits"":5,""nVarNumber"":1}",349.8,True,,72.9,False
10.1021/acs.jced.7b01037#d2#p1#r1,10.1021/acs.jced.7b01037#d2#p1,10.1021/acs.jced.7b01037.json,2,1,1,"InChI=1S/C16H22O4/c1-3-5-11-19-15(17)13-9-7-8-10-14(13)16(18)20-12-6-4-2/h7-10H,3-6,11-12H2,1-2H3",DOIRQSBPFJWKBE-UHFFFAOYSA-N,dibutyl phthalate,C16H22O4,10.1021/acs.jced.7b01037,2018,"Molar enthalpy of vaporization or sublimation, kJ/mol",Liquid,"[""Liquid"",""Gas""]",Derived by Second law,84.1,"{""CombinedUncertainty"":{""nCombUncertAssessNum"":1,""nCombExpandUncertValue"":1.8},""nPropValue"":84.1,""nPropNumber"":1,""nPropDigits"":3}",variable,"{""nVarValue"":385.63,""nVarNumber"":1,""nVarDigits"":5}",385.63,True,,84.1,False
10.1021/acs.jced.8b00978#d3#p1#r1,10.1021/acs.jced.8b00978#d3#p1,10.1021/acs.jced.8b00978.json,3,1,1,"InChI=1S/C9H10O3/c1-11-8-5-3-7(4-6-8)9(10)12-2/h3-6H,1-2H3",DDIZAANNODHTRB-UHFFFAOYSA-N,methyl 4-methoxybenzoate,C9H10O3,10.1021/acs.jced.8b00978,2019,"Molar enthalpy of vaporization or sublimation, kJ/mol",Liquid,"[""Liquid"",""Gas""]",Derived by Second law,66.4,"{""CombinedUncertainty"":{""nCombExpandUncertValue"":1.4,""nCombUncertAssessNum"":1},""nPropValue"":66.4,""nPropNumber"":1,""nPropDigits"":3}",variable,"{""nVarNumber"":1,""nVarDigits"":4,""nVarValue"":370}",370,True,,66.4,False
10.1021/acs.jced.8b00978#d6#p1#r1,10.1021/acs.jced.8b00978#d6#p1,10.1021/acs.jced.8b00978.json,6,1,1,"InChI=1S/C9H10O3/c1-11-8-6-4-3-5-7(8)9(10)12-2/h3-6H,1-2H3",PFYHAAAQPNMZHO-UHFFFAOYSA-N,methyl 2-methoxybenzoate,C9H10O3,10.1021/acs.jced.8b00978,2019,"Molar enthalpy of vaporization or sublimation, kJ/mol",Liquid,"[""Liquid"",""Gas""]",Derived by Second law,61.8,"{""nPropNumber"":1,""nPropDigits"":3,""nPropValue"":61.8,""CombinedUncertainty"":{""nCombUncertAssessNum"":1,""nCombExpandUncertValue"":2.3}}",variable,"{""nVarDigits"":4,""nVarNumber"":1,""nVarValue"":350}",350,True,,61.8,False
10.1021/je020189p#d1#p1#r1,10.1021/je020189p#d1#p1,10.1021/je020189p.json,1,1,1,InChI=1S/3ClH.Gd/h3*1H;/q;;;+3/p-3,MEANOSLIBWSCIT-UHFFFAOYSA-K,gadolinium(III) chloride,Cl3Gd,10.1021/je020189p,2003,"Molar enthalpy of vaporization or sublimation, kJ/mol",Liquid,"[""Liquid"",""Gas""]",Derived by Second law,251,"{""nPropValue"":251,""CombinedUncertainty"":{""nCombUncertAssessNum"":1,""nCombExpandUncertValue"":7},""nPropNumber"":1,""nPropDigits"":3}",variable,"{""nVarNumber"":1,""nVarDigits"":4,""nVarValue"":1071}",1071,True,disconnected_formula;charge_or_protonation_layer;no_carbon;element_outside_scope,251,False
10.1021/je020189p#d3#p1#r1,10.1021/je020189p#d3#p1,10.1021/je020189p.json,3,1,1,InChI=1S/3BrH.Gd/h3*1H;/q;;;+3/p-3,KGOKDPWKDBWITQ-UHFFFAOYSA-K,gadolinium bromide (GdBr3),Br3Gd,10.1021/je020189p,2003,"Molar enthalpy of vaporization or sublimation, kJ/mol",Liquid,"[""Liquid"",""Gas""]",Derived by Second law,242,"{""CombinedUncertainty"":{""nCombExpandUncertValue"":9,""nCombUncertAssessNum"":1},""nPropValue"":242,""nPropNumber"":1,""nPropDigits"":3}",variable,"{""nVarValue"":1119,""nVarNumber"":1,""nVarDigits"":4}",1119,True,disconnected_formula;charge_or_protonation_layer;no_carbon;element_outside_scope,242,False
10.1021/je020189p#d4#p1#r1,10.1021/je020189p#d4#p1,10.1021/je020189p.json,4,1,1,InChI=1S/3BrH.Gd/h3*1H;/q;;;+3/p-3,KGOKDPWKDBWITQ-UHFFFAOYSA-K,gadolinium bromide (GdBr3),Br3Gd,10.1021/je020189p,2003,"Molar enthalpy of vaporization or sublimation, kJ/mol",Crystal,"[""Crystal"",""Gas""]",Derived by Second law,275,"{""CombinedUncertainty"":{""nCombUncertAssessNum"":1,""nCombExpandUncertValue"":6},""nPropValue"":275,""nPropNumber"":1,""nPropDigits"":3}",variable,"{""nVarDigits"":3,""nVarNumber"":1,""nVarValue"":976}",976,False,disconnected_formula;charge_or_protonation_layer;no_carbon;element_outside_scope,275,False
10.1021/je020189p#d7#p1#r1,10.1021/je020189p#d7#p1,10.1021/je020189p.json,7,1,1,InChI=1S/Gd.3HI/h;3*1H/q+3;;;/p-3,IZZTUGMCLUGNPM-UHFFFAOYSA-K,gadolinium triiodide,GdI3,10.1021/je020189p,2003,"Molar enthalpy of vaporization or sublimation, kJ/mol",Crystal,"[""Crystal"",""Gas""]",Derived by Second law,261,"{""CombinedUncertainty"":{""nCombExpandUncertValue"":6,""nCombUncertAssessNum"":1},""nPropValue"":261,""nPropDigits"":3,""nPropNumber"":1}",variable,"{""nVarValue"":951,""nVarDigits"":3,""nVarNumber"":1}",951,False,disconnected_formula;charge_or_protonation_layer;no_carbon;element_outside_scope,261,False
10.1021/je020189p#d9#p1#r1,10.1021/je020189p#d9#p1,10.1021/je020189p.json,9,1,1,InChI=1S/3ClH.Tb/h3*1H;/q;;;+3/p-3,GFISHBQNVWAVFU-UHFFFAOYSA-K,terbium trichloride,Cl3Tb,10.1021/je020189p,2003,"Molar enthalpy of vaporization or sublimation, kJ/mol",Liquid,"[""Liquid"",""Gas""]",Derived by Second law,234,"{""CombinedUncertainty"":{""nCombUncertAssessNum"":1,""nCombExpandUncertValue"":6},""nPropValue"":234,""nPropDigits"":3,""nPropNumber"":1}",variable,"{""nVarValue"":1019,""nVarDigits"":4,""nVarNumber"":1}",1019,True,disconnected_formula;charge_or_protonation_layer;no_carbon;element_outside_scope,234,False
10.1021/je020189p#d11#p1#r1,10.1021/je020189p#d11#p1,10.1021/je020189p.json,11,1,1,InChI=1S/3BrH.Tb/h3*1H;/q;;;+3/p-3,AZNZWHYYEIQIOC-UHFFFAOYSA-K,terbium tribromide,Br3Tb,10.1021/je020189p,2003,"Molar enthalpy of vaporization or sublimation, kJ/mol",Crystal,"[""Crystal"",""Gas""]",Derived by Second law,268,"{""nPropDigits"":3,""nPropNumber"":1,""CombinedUncertainty"":{""nCombExpandUncertValue"":6,""nCombUncertAssessNum"":1},""nPropValue"":268}",variable,"{""nVarNumber"":1,""nVarDigits"":4,""nVarValue"":1006}",1006,False,disconnected_formula;charge_or_protonation_layer;no_carbon;element_outside_scope,268,False
10.1021/je020189p#d13#p1#r1,10.1021/je020189p#d13#p1,10.1021/je020189p.json,13,1,1,InChI=1S/3HI.Tb/h3*1H;/q;;;+3/p-3,OJXRJPFRTRETRN-UHFFFAOYSA-K,terbium triiodide,I3Tb,10.1021/je020189p,2003,"Molar enthalpy of vaporization or sublimation, kJ/mol",Crystal,"[""Crystal"",""Gas""]",Derived by Second law,265,"{""CombinedUncertainty"":{""nCombUncertAssessNum"":1,""nCombExpandUncertValue"":6},""nPropValue"":265,""nPropNumber"":1,""nPropDigits"":3}",variable,"{""nVarValue"":970,""nVarNumber"":1,""nVarDigits"":2}",970,False,disconnected_formula;charge_or_protonation_layer;no_carbon;element_outside_scope,265,False
10.1021/je020204q#d2#p1#r1,10.1021/je020204q#d2#p1,10.1021/je020204q.json,2,1,1,"InChI=1S/C10H10Cl6/c11-2-6-4-1-5(8(14)7(4)13)10(6,3-12)9(15)16/h2,4-5,7-9H,1,3H2/b6-2+/t4-,5-,7-,8-,10?/m0/s1",RKZDFGCWYYCUHL-WUYYKUGESA-N,"5-exo,6-endo-dichloro-2-endo-chloromethyl-3-(E)-chloromethylene-2-dichloromethyl-8,9,10-trinorbornane",C10H10Cl6,10.1021/je020204q,2003,"Molar enthalpy of vaporization or sublimation, kJ/mol",Liquid,"[""Liquid"",""Gas""]",correlation GC,78,"{""CombinedUncertainty"":{""nCombExpandUncertValue"":5.6,""nCombUncertAssessNum"":1},""nPropValue"":78,""nPropDigits"":3,""nPropNumber"":1}",variable,"{""nVarNumber"":1,""nVarDigits"":5,""nVarValue"":298.15}",298.15,True,,78,False
10.1021/je020204q#d4#p1#r1,10.1021/je020204q#d4#p1,10.1021/je020204q.json,4,1,1,"InChI=1S/C10H12Cl6/c11-2-9(3-12)5-1-6(14)10(9,4-13)8(16)7(5)15/h5-8H,1-4H2/t5-,6+,7+,8-,10+/m1/s1",FFKWIAYHUUWFCB-UTABRTIASA-N,"2-exo,3-endo,6-exo,8,9,10-hexachlorobornane",C10H12Cl6,10.1021/je020204q,2003,"Molar enthalpy of vaporization or sublimation, kJ/mol",Liquid,"[""Liquid"",""Gas""]",correlation GC,77.7,"{""nPropNumber"":1,""nPropDigits"":3,""nPropValue"":77.7,""CombinedUncertainty"":{""nCombUncertAssessNum"":1,""nCombExpandUncertValue"":5.6}}",variable,"{""nVarNumber"":1,""nVarDigits"":5,""nVarValue"":298.15}",298.15,True,,77.7,False
10.1021/je020204q#d6#p1#r1,10.1021/je020204q#d6#p1,10.1021/je020204q.json,6,1,1,"InChI=1S/C10H9Cl7/c11-2-6-4-1-5(7(13)10(4,16)17)9(6,3-12)8(14)15/h2,4-5,7-8H,1,3H2/b6-2+/t4-,5-,7+,9-/m1/s1",AVTXMUPUFATHLW-ATOYGERMSA-N,"2,2,3-exo-trichloro-5-endo-chloromethyl-6-(E)-chloromethylene-5-dichloromethyl-8,9,10-trinorbornane",C10H9Cl7,10.1021/je020204q,2003,"Molar enthalpy of vaporization or sublimation, kJ/mol",Liquid,"[""Liquid"",""Gas""]",correlation GC,82.6,"{""nPropDigits"":3,""nPropNumber"":1,""CombinedUncertainty"":{""nCombExpandUncertValue"":5.8,""nCombUncertAssessNum"":1},""nPropValue"":82.6}",variable,"{""nVarNumber"":1,""nVarDigits"":5,""nVarValue"":298.15}",298.15,True,,82.6,False
10.1021/je020204q#d8#p1#r1,10.1021/je020204q#d8#p1,10.1021/je020204q.json,8,1,1,"InChI=1S/C10H10Cl8/c1-9(7(15)16)2-3(11)5(13)10(9,8(17)18)6(14)4(2)12/h2-8H,1H3/t2?,3-,4-,5+,6+,9+,10?/m1/s1",FCZHUROLVAKWCN-DVEWFSKLSA-N,"2-endo,3-exo,5-endo,6-exo,8,8,10,10-octachlorobornane",C10H10Cl8,10.1021/je020204q,2003,"Molar enthalpy of vaporization or sublimation, kJ/mol",Liquid,"[""Liquid"",""Gas""]",correlation GC,81.5,"{""nPropNumber"":1,""nPropDigits"":3,""nPropValue"":81.5,""CombinedUncertainty"":{""nCombExpandUncertValue"":5.8,""nCombUncertAssessNum"":1}}",variable,"{""nVarNumber"":1,""nVarDigits"":5,""nVarValue"":298.15}",298.15,True,,81.5,False
10.1021/je020204q#d10#p1#r1,10.1021/je020204q#d10#p1,10.1021/je020204q.json,10,1,1,"InChI=1S/C10H11Cl7/c11-2-8(3-12)5-1-10(16,17)9(8,4-13)7(15)6(5)14/h5-7H,1-4H2/t5-,6+,7-,9+/m0/s1",IPVMCZLCKVSKGC-VOQBNFLRSA-N,"2,2,5-endo,6-exo,8,9,10-heptachlorobornane",C10H11Cl7,10.1021/je020204q,2003,"Molar enthalpy of vaporization or sublimation, kJ/mol",Liquid,"[""Liquid"",""Gas""]",correlation GC,81.1,"{""nPropDigits"":3,""nPropNumber"":1,""nPropValue"":81.1,""CombinedUncertainty"":{""nCombUncertAssessNum"":1,""nCombExpandUncertValue"":5.8}}",variable,"{""nVarDigits"":5,""nVarNumber"":1,""nVarValue"":298.15}",298.15,True,,81.1,False
10.1021/je020204q#d12#p1#r1,10.1021/je020204q#d12#p1,10.1021/je020204q.json,12,1,1,"InChI=1S/C10H8Cl8/c11-2-5-3-1-4(6(12)10(3,17)18)9(5,7(13)14)8(15)16/h2-4,6-8H,1H2/b5-2+/t3-,4-,6+/m1/s1",HIUJWLIHFYIYJC-AFUMEGATSA-N,"2,2,3-exo-trichloro-6-(E)-chloromethylene-5,5-bis(dichloromethyl)-8,9,10-trinorbornane",C10H8Cl8,10.1021/je020204q,2003,"Molar enthalpy of vaporization or sublimation, kJ/mol",Liquid,"[""Liquid"",""Gas""]",correlation GC,82.8,"{""nPropDigits"":3,""nPropNumber"":1,""nPropValue"":82.8,""CombinedUncertainty"":{""nCombUncertAssessNum"":1,""nCombExpandUncertValue"":6}}",variable,"{""nVarValue"":298.15,""nVarNumber"":1,""nVarDigits"":5}",298.15,True,,82.8,False
10.1021/je020204q#d14#p1#r1,10.1021/je020204q#d14#p1,10.1021/je020204q.json,14,1,1,"InChI=1S/C10H10Cl8/c11-1-8(2-12)4-5(14)7(16)9(8,3-13)10(17,18)6(4)15/h4-7H,1-3H2/t4-,5-,6-,7+,9-/m1/s1",DHFLJTWYZQDYFD-QULHBXTKSA-N,"2,2,3-exo,5-endo,6-exo,8,9,10-octachlorobornane",C10H10Cl8,10.1021/je020204q,2003,"Molar enthalpy of vaporization or sublimation, kJ/mol",Liquid,"[""Liquid"",""Gas""]",correlation GC,83.5,"{""nPropValue"":83.5,""CombinedUncertainty"":{""nCombExpandUncertValue"":6,""nCombUncertAssessNum"":1},""nPropDigits"":3,""nPropNumber"":1}",variable,"{""nVarValue"":298.15,""nVarDigits"":5,""nVarNumber"":1}",298.15,True,,83.5,False
10.1021/je020204q#d16#p1#r1,10.1021/je020204q#d16#p1,10.1021/je020204q.json,16,1,1,"InChI=1S/C10H10Cl8/c11-2-8(7(15)16)4-1-10(17,18)9(8,3-12)6(14)5(4)13/h4-7H,1-3H2/t4-,5+,6-,8-,9+/m0/s1",YNEKMCSWRMRXIR-BAVWZNGNSA-N,"2,2,5-endo,6-exo,8,8,9,10-octachlorobornane",C10H10Cl8,10.1021/je020204q,2003,"Molar enthalpy of vaporization or sublimation, kJ/mol",Liquid,"[""Liquid"",""Gas""]",correlation GC,83.9,"{""nPropNumber"":1,""nPropDigits"":3,""nPropValue"":83.9,""CombinedUncertainty"":{""nCombExpandUncertValue"":6,""nCombUncertAssessNum"":1}}",variable,"{""nVarValue"":298.15,""nVarDigits"":5,""nVarNumber"":1}",298.15,True,,83.9,False
10.1021/je020204q#d18#p1#r1,10.1021/je020204q#d18#p1,10.1021/je020204q.json,18,1,1,"InChI=1S/C10H10Cl8/c11-2-8(7(15)16)4-1-10(17,18)9(8,3-12)6(14)5(4)13/h4-7H,1-3H2/t4-,5+,6-,8+,9+/m0/s1",YNEKMCSWRMRXIR-OXYKIKQESA-N,"2,2,5-endo,6-exo,8,9,9,10-octachlorobornane",C10H10Cl8,10.1021/je020204q,2003,"Molar enthalpy of vaporization or sublimation, kJ/mol",Liquid,"[""Liquid"",""Gas""]",correlation GC,83.9,"{""nPropDigits"":3,""nPropNumber"":1,""CombinedUncertainty"":{""nCombExpandUncertValue"":6,""nCombUncertAssessNum"":1},""nPropValue"":83.9}",variable,"{""nVarNumber"":1,""nVarDigits"":5,""nVarValue"":298.15}",298.15,True,,83.9,False
10.1021/je020204q#d20#p1#r1,10.1021/je020204q#d20#p1,10.1021/je020204q.json,20,1,1,"InChI=1S/C10H10Cl8/c11-1-9(2-12)3-4(13)6(15)10(9,8(17)18)7(16)5(3)14/h3-8H,1-2H2/t3?,4-,5-,6+,7+,10?/m1/s1",JSAXRODSTJFHRO-RHXRHCQNSA-N,"2-endo,3-exo,5-endo,6-exo,8,9,10,10-octachlorobornane",C10H10Cl8,10.1021/je020204q,2003,"Molar enthalpy of vaporization or sublimation, kJ/mol",Liquid,"[""Liquid"",""Gas""]",correlation GC,84,"{""CombinedUncertainty"":{""nCombExpandUncertValue"":6,""nCombUncertAssessNum"":1},""nPropValue"":84,""nPropNumber"":1,""nPropDigits"":3}",variable,"{""nVarValue"":298.15,""nVarDigits"":5,""nVarNumber"":1}",298.15,True,,84,False
10.1021/je020204q#d22#p1#r1,10.1021/je020204q#d22#p1,10.1021/je020204q.json,22,1,1,"InChI=1S/C10H9Cl9/c11-1-9(7(16)17)2-3(12)5(14)10(9,8(18)19)6(15)4(2)13/h2-8H,1H2/t2?,3-,4-,5+,6+,9+,10?/m1/s1",ICTWAJXDCVGTJO-DVEWFSKLSA-N,"2-endo,3-exo,5-endo,6-exo,8,8,9,10,10-nonachlorobornane",C10H9Cl9,10.1021/je020204q,2003,"Molar enthalpy of vaporization or sublimation, kJ/mol",Liquid,"[""Liquid"",""Gas""]",correlation GC,86.7,"{""nPropDigits"":3,""nPropNumber"":1,""nPropValue"":86.7,""CombinedUncertainty"":{""nCombExpandUncertValue"":6.2,""nCombUncertAssessNum"":1}}",variable,"{""nVarDigits"":5,""nVarNumber"":1,""nVarValue"":298.15}",298.15,True,,86.7,False
10.1021/je020204q#d24#p1#r1,10.1021/je020204q#d24#p1,10.1021/je020204q.json,24,1,1,"InChI=1S/C10H9Cl9/c11-1-9(7(16)17)2-3(12)5(14)10(9,8(18)19)6(15)4(2)13/h2-8H,1H2/t2?,3-,4-,5-,6+,9-,10?/m1/s1",ICTWAJXDCVGTJO-QCCKQLIESA-N,"2-exo,3-endo,5-exo,6-exo,8,8,9,10,10-nonachlorobornane",C10H9Cl9,10.1021/je020204q,2003,"Molar enthalpy of vaporization or sublimation, kJ/mol",Liquid,"[""Liquid"",""Gas""]",correlation GC,88.6,"{""nPropValue"":88.6,""CombinedUncertainty"":{""nCombUncertAssessNum"":1,""nCombExpandUncertValue"":6.4},""nPropDigits"":3,""nPropNumber"":1}",variable,"{""nVarDigits"":5,""nVarNumber"":1,""nVarValue"":298.15}",298.15,True,,88.6,False
10.1021/je020204q#d26#p1#r1,10.1021/je020204q#d26#p1,10.1021/je020204q.json,26,1,1,"InChI=1S/C10H8Cl10/c11-2-7(5(13)14)3-1-8(17,18)9(7,6(15)16)4(12)10(3,19)20/h3-6H,1-2H2/t3-,4-,7-,9+/m0/s1",DGYUTICLLXPLLK-MOXNOQEZSA-N,"2,2,5,5,6-exo,8,9,9,10,10-decachlorobornane",C10H8Cl10,10.1021/je020204q,2003,"Molar enthalpy of vaporization or sublimation, kJ/mol",Liquid,"[""Liquid"",""Gas""]",correlation GC,91.8,"{""nPropValue"":91.8,""CombinedUncertainty"":{""nCombUncertAssessNum"":1,""nCombExpandUncertValue"":6.6},""nPropDigits"":3,""nPropNumber"":1}",variable,"{""nVarValue"":298.15,""nVarNumber"":1,""nVarDigits"":5}",298.15,True,,91.8,False
10.1021/je020204q#d28#p1#r1,10.1021/je020204q#d28#p1,10.1021/je020204q.json,28,1,1,"InChI=1S/C10H11Cl7/c1-8(6(12)13)4-2-5(11)9(8,7(14)15)3-10(4,16)17/h4-7H,2-3H2,1H3/t4-,5-,8-,9+/m0/s1",USYSOCSEKWJRTO-YSPBZLIWSA-N,"2-exo,5,5,9,9,10,10-heptachlorobornane",C10H11Cl7,10.1021/je020204q,2003,"Molar enthalpy of vaporization or sublimation, kJ/mol",Liquid,"[""Liquid"",""Gas""]",correlation GC,77.6,"{""nPropDigits"":3,""nPropNumber"":1,""CombinedUncertainty"":{""nCombUncertAssessNum"":1,""nCombExpandUncertValue"":5.6},""nPropValue"":77.6}",variable,"{""nVarValue"":298.15,""nVarNumber"":1,""nVarDigits"":5}",298.15,True,,77.6,False
10.1021/je020204q#d30#p1#r1,10.1021/je020204q#d30#p1,10.1021/je020204q.json,30,1,1,"InChI=1S/C10H11Cl7/c1-7(4-11)5-2-10(16,17)8(7,6(12)13)3-9(5,14)15/h5-6H,2-4H2,1H3/t5-,7+,8+/m1/s1",JTMNGMQLCUWCSC-DTLFHODZSA-N,"2,2,5,5,9,10,10-heptachlorobornane",C10H11Cl7,10.1021/je020204q,2003,"Molar enthalpy of vaporization or sublimation, kJ/mol",Liquid,"[""Liquid"",""Gas""]",correlation GC,78.2,"{""nPropValue"":78.2,""CombinedUncertainty"":{""nCombUncertAssessNum"":1,""nCombExpandUncertValue"":5.8},""nPropNumber"":1,""nPropDigits"":3}",variable,"{""nVarDigits"":5,""nVarNumber"":1,""nVarValue"":298.15}",298.15,True,,78.2,False
10.1021/je020204q#d32#p1#r1,10.1021/je020204q#d32#p1,10.1021/je020204q.json,32,1,1,"InChI=1S/C10H11Cl7/c11-1-9(2-12)4-5(14)7(16)10(9,3-13)8(17)6(4)15/h4-8H,1-3H2/t4?,5-,6-,7+,8+,10?/m1/s1",LQZCWWYZXXZBKE-CXVBPKENSA-N,"2-endo,3-exo,5-endo,6-exo,8,9,10-heptachlorobornane",C10H11Cl7,10.1021/je020204q,2003,"Molar enthalpy of vaporization or sublimation, kJ/mol",Liquid,"[""Liquid"",""Gas""]",correlation GC,79.9,"{""nPropNumber"":1,""nPropDigits"":3,""nPropValue"":79.9,""CombinedUncertainty"":{""nCombExpandUncertValue"":5.6,""nCombUncertAssessNum"":1}}",variable,"{""nVarValue"":298.15,""nVarNumber"":1,""nVarDigits"":5}",298.15,True,,79.9,False
10.1021/je020204q#d34#p1#r1,10.1021/je020204q#d34#p1,10.1021/je020204q.json,34,1,1,"InChI=1S/C10H10Cl8/c11-1-9(8(17)18)3-4(13)6(15)10(9,2-12)7(16)5(3)14/h3-8H,1-2H2/t3?,4-,5-,6+,7+,9+,10?/m1/s1",CZGCDQWSQLGBHB-GTSIUVGQSA-N,"2-endo,3-exo,5-endo,6-exo,8,8,9,10-octachlorobornane",C10H10Cl8,10.1021/je020204q,2003,"Molar enthalpy of vaporization or sublimation, kJ/mol",Liquid,"[""Liquid"",""Gas""]",correlation GC,81.6,"{""nPropNumber"":1,""nPropDigits"":3,""CombinedUncertainty"":{""nCombUncertAssessNum"":1,""nCombExpandUncertValue"":5.8},""nPropValue"":81.6}",variable,"{""nVarValue"":298.15,""nVarNumber"":1,""nVarDigits"":5}",298.15,True,,81.6,False
10.1021/je020204q#d36#p1#r1,10.1021/je020204q#d36#p1,10.1021/je020204q.json,36,1,1,"InChI=1S/C10H11Cl7/c11-2-9(3-12)4-1-5(13)10(9,8(16)17)7(15)6(4)14/h4-8H,1-3H2/t4-,5-,6+,7-,10+/m1/s1",ZFVOVNAGVYSEOF-UTAYWCBXSA-N,"2-exo,3-endo,6-endo,8,9,10,10-heptachlorobornane",C10H11Cl7,10.1021/je020204q,2003,"Molar enthalpy of vaporization or sublimation, kJ/mol",Liquid,"[""Liquid"",""Gas""]",correlation GC,81.9,"{""nPropDigits"":3,""nPropNumber"":1,""nPropValue"":81.9,""CombinedUncertainty"":{""nCombExpandUncertValue"":5.8,""nCombUncertAssessNum"":1}}",variable,"{""nVarDigits"":5,""nVarNumber"":1,""nVarValue"":298.15}",298.15,True,,81.9,False
10.1021/je020204q#d38#p1#r1,10.1021/je020204q#d38#p1,10.1021/je020204q.json,38,1,1,"InChI=1S/C10H10Cl8/c11-3-9(7(15)16)4-1-5(12)8(9,6(13)14)2-10(4,17)18/h4-7H,1-3H2/t4-,5-,8+,9-/m0/s1",SYSSXCFLKMJCJO-LGSITQASSA-N,"2-exo,5,5,8,9,9,10,10-octachlorobornane",C10H10Cl8,10.1021/je020204q,2003,"Molar enthalpy of vaporization or sublimation, kJ/mol",Liquid,"[""Liquid"",""Gas""]",correlation GC,84,"{""nPropDigits"":3,""nPropNumber"":1,""CombinedUncertainty"":{""nCombUncertAssessNum"":1,""nCombExpandUncertValue"":6},""nPropValue"":84}",variable,"{""nVarDigits"":5,""nVarNumber"":1,""nVarValue"":298.15}",298.15,True,,84,False
10.1021/je020204q#d40#p1#r1,10.1021/je020204q#d40#p1,10.1021/je020204q.json,40,1,1,"InChI=1S/C10H9Cl9/c1-7(5(12)13)3-4(11)10(18,19)8(7,6(14)15)2-9(3,16)17/h3-6H,2H2,1H3/t3-,4-,7-,8+/m1/s1",LBUSJPXCAPUSQB-MUBRXSNZSA-N,"2,2,3-exo,5,5,9,9,10,10-nonachlorobornane",C10H9Cl9,10.1021/je020204q,2003,"Molar enthalpy of vaporization or sublimation, kJ/mol",Liquid,"[""Liquid"",""Gas""]",correlation GC,85.2,"{""nPropValue"":85.2,""CombinedUncertainty"":{""nCombExpandUncertValue"":6,""nCombUncertAssessNum"":1},""nPropDigits"":3,""nPropNumber"":1}",variable,"{""nVarValue"":298.15,""nVarNumber"":1,""nVarDigits"":5}",298.15,True,,85.2,False
10.1021/je020204q#d42#p1#r1,10.1021/je020204q#d42#p1,10.1021/je020204q.json,42,1,1,"InChI=1S/C10H9Cl9/c11-3-7(5(12)13)4-1-10(18,19)8(7,6(14)15)2-9(4,16)17/h4-6H,1-3H2/t4-,7-,8+/m1/s1",QBYUXOGVJMFMHR-VXFFBNABSA-N,"2,2,5,5,8,9,9,10,10-nonachlorobornane",C10H9Cl9,10.1021/je020204q,2003,"Molar enthalpy of vaporization or sublimation, kJ/mol",Liquid,"[""Liquid"",""Gas""]",correlation GC,87.4,"{""CombinedUncertainty"":{""nCombExpandUncertValue"":6.2,""nCombUncertAssessNum"":1},""nPropValue"":87.4,""nPropDigits"":3,""nPropNumber"":1}",variable,"{""nVarNumber"":1,""nVarDigits"":5,""nVarValue"":298.15}",298.15,True,,87.4,False
10.1021/je025634v#d1#p1#r1,10.1021/je025634v#d1#p1,10.1021/je025634v.json,1,1,1,"InChI=1S/C8H14O2/c1-7(9)10-8-5-3-2-4-6-8/h8H,2-6H2,1H3",YYLLIJHXUHJATK-UHFFFAOYSA-N,cyclohexyl ethanoate,C8H14O2,10.1021/je025634v,2003,"Molar enthalpy of vaporization or sublimation, kJ/mol",Liquid,"[""Liquid"",""Gas""]",Static calorimetry,52.16,"{""nPropDigits"":4,""nPropNumber"":1,""CombinedUncertainty"":{""nCombUncertAssessNum"":1,""nCombExpandUncertValue"":0.36},""nPropValue"":52.16}",variable,"{""nVarValue"":300.11,""nVarNumber"":1,""nVarDigits"":5}",300.11,True,,52.16,True
10.1021/je025634v#d4#p1#r1,10.1021/je025634v#d4#p1,10.1021/je025634v.json,4,1,1,"InChI=1S/C7H12O2/c8-6-9-7-4-2-1-3-5-7/h6-7H,1-5H2",VUXKVKAHWOVIDN-UHFFFAOYSA-N,cyclohexyl methanoate,C7H12O2,10.1021/je025634v,2003,"Molar enthalpy of vaporization or sublimation, kJ/mol",Liquid,"[""Liquid"",""Gas""]",Static calorimetry,48.82,"{""nPropDigits"":4,""nPropNumber"":1,""nPropValue"":48.82,""CombinedUncertainty"":{""nCombUncertAssessNum"":1,""nCombExpandUncertValue"":0.46}}",variable,"{""nVarDigits"":5,""nVarNumber"":1,""nVarValue"":303.52}",303.52,True,,48.82,True
10.1021/je025634v#d6#p1#r1,10.1021/je025634v#d6#p1,10.1021/je025634v.json,6,1,1,"InChI=1S/C9H16O2/c1-2-9(10)11-8-6-4-3-5-7-8/h8H,2-7H2,1H3",MAMMVUWCKMOLSG-UHFFFAOYSA-N,cyclohexyl propanoate,C9H16O2,10.1021/je025634v,2003,"Molar enthalpy of vaporization or sublimation, kJ/mol",Liquid,"[""Liquid"",""Gas""]",Static calorimetry,55.73,"{""CombinedUncertainty"":{""nCombExpandUncertValue"":0.27,""nCombUncertAssessNum"":1},""nPropValue"":55.73,""nPropNumber"":1,""nPropDigits"":4}",variable,"{""nVarNumber"":1,""nVarDigits"":5,""nVarValue"":300.55}",300.55,True,,55.73,True
10.1021/je025634v#d9#p1#r1,10.1021/je025634v#d9#p1,10.1021/je025634v.json,9,1,1,"InChI=1S/C10H18O2/c1-2-6-10(11)12-9-7-4-3-5-8-9/h9H,2-8H2,1H3",VZHUBBUZNIULNM-UHFFFAOYSA-N,cyclohexyl butanoate,C10H18O2,10.1021/je025634v,2003,"Molar enthalpy of vaporization or sublimation, kJ/mol",Liquid,"[""Liquid"",""Gas""]",Static calorimetry,58.72,"{""nPropDigits"":4,""nPropNumber"":1,""nPropValue"":58.72,""CombinedUncertainty"":{""nCombUncertAssessNum"":1,""nCombExpandUncertValue"":0.46}}",variable,"{""nVarNumber"":1,""nVarDigits"":5,""nVarValue"":315.57}",315.57,True,,58.72,True
10.1021/je025634v#d12#p1#r1,10.1021/je025634v#d12#p1,10.1021/je025634v.json,12,1,1,"InChI=1S/C11H20O2/c1-2-3-9-11(12)13-10-7-5-4-6-8-10/h10H,2-9H2,1H3",YLCHTSSXNSNXSW-UHFFFAOYSA-N,"pentanoic acid, cyclohexyl ester",C11H20O2,10.1021/je025634v,2003,"Molar enthalpy of vaporization or sublimation, kJ/mol",Liquid,"[""Liquid"",""Gas""]",Static calorimetry,63.6,"{""CombinedUncertainty"":{""nCombUncertAssessNum"":1,""nCombExpandUncertValue"":0.33},""nPropValue"":63.6,""nPropNumber"":1,""nPropDigits"":3}",variable,"{""nVarValue"":299.54,""nVarDigits"":5,""nVarNumber"":1}",299.54,True,,63.6,True
10.1021/je025641j#d1#p1#r1,10.1021/je025641j#d1#p1,10.1021/je025641j.json,1,1,1,"InChI=1S/C7H8O2/c1-9-7-5-3-2-4-6(7)8/h2-5,8H,1H3",LHGVFZTZFXWLCP-UHFFFAOYSA-N,2-methoxyphenol,C7H8O2,10.1021/je025641j,2003,"Molar enthalpy of vaporization or sublimation, kJ/mol",Liquid,"[""Liquid"",""Gas""]",Static calorimetry,62.6,"{""nPropValue"":62.6,""CombinedUncertainty"":{""nCombUncertAssessNum"":1,""nCombExpandUncertValue"":1.1},""nPropDigits"":3,""nPropNumber"":1}",variable,"{""nVarValue"":298.15,""nVarDigits"":5,""nVarNumber"":1}",298.15,True,,62.6,True
10.1021/je025641j#d3#p1#r1,10.1021/je025641j#d3#p1,10.1021/je025641j.json,3,1,1,"InChI=1S/C7H8O2/c1-9-7-4-2-3-6(8)5-7/h2-5,8H,1H3",ASHGTJPOSUFTGB-UHFFFAOYSA-N,3-methoxyphenol,C7H8O2,10.1021/je025641j,2003,"Molar enthalpy of vaporization or sublimation, kJ/mol",Liquid,"[""Liquid"",""Gas""]",Static calorimetry,75.9,"{""nPropNumber"":1,""nPropDigits"":3,""nPropValue"":75.9,""CombinedUncertainty"":{""nCombUncertAssessNum"":1,""nCombExpandUncertValue"":1.8}}",variable,"{""nVarDigits"":5,""nVarNumber"":1,""nVarValue"":298.15}",298.15,True,,75.9,True
10.1021/je025641j#d5#p1#r1,10.1021/je025641j#d5#p1,10.1021/je025641j.json,5,1,1,"InChI=1S/C7H8O2/c1-9-7-4-2-6(8)3-5-7/h2-5,8H,1H3",NWVVVBRKAWDGAB-UHFFFAOYSA-N,4-methoxyphenol,C7H8O2,10.1021/je025641j,2003,"Molar enthalpy of vaporization or sublimation, kJ/mol",Crystal,"[""Crystal"",""Gas""]",Static calorimetry,94.4,"{""nPropValue"":94.4,""CombinedUncertainty"":{""nCombExpandUncertValue"":1.8,""nCombUncertAssessNum"":1},""nPropDigits"":3,""nPropNumber"":1}",variable,"{""nVarDigits"":5,""nVarNumber"":1,""nVarValue"":298.15}",298.15,False,,94.4,True
10.1021/je025641j#d7#p1#r1,10.1021/je025641j#d7#p1,10.1021/je025641j.json,7,1,1,"InChI=1S/C8H10O3/c1-10-7-5-3-4-6(9)8(7)11-2/h3-5,9H,1-2H3",QSZCGGBDNYTQHH-UHFFFAOYSA-N,"2,3-dimethoxyphenol",C8H10O3,10.1021/je025641j,2003,"Molar enthalpy of vaporization or sublimation, kJ/mol",Liquid,"[""Liquid"",""Gas""]",Static calorimetry,76.5,"{""CombinedUncertainty"":{""nCombUncertAssessNum"":1,""nCombExpandUncertValue"":1.7},""nPropValue"":76.5,""nPropNumber"":1,""nPropDigits"":3}",variable,"{""nVarValue"":298.15,""nVarDigits"":5,""nVarNumber"":1}",298.15,True,,76.5,True
10.1021/je025641j#d9#p1#r1,10.1021/je025641j#d9#p1,10.1021/je025641j.json,9,1,1,"InChI=1S/C8H10O3/c1-10-6-4-3-5-7(11-2)8(6)9/h3-5,9H,1-2H3",KLIDCXVFHGNTTM-UHFFFAOYSA-N,"1,3-dimethoxy-2-hydroxybenzene",C8H10O3,10.1021/je025641j,2003,"Molar enthalpy of vaporization or sublimation, kJ/mol",Crystal,"[""Crystal"",""Gas""]",Static calorimetry,98.4,"{""nPropDigits"":3,""nPropNumber"":1,""nPropValue"":98.4,""CombinedUncertainty"":{""nCombExpandUncertValue"":1.8,""nCombUncertAssessNum"":1}}",variable,"{""nVarValue"":298.15,""nVarDigits"":5,""nVarNumber"":1}",298.15,False,,98.4,True
10.1021/je025641j#d11#p1#r1,10.1021/je025641j#d11#p1,10.1021/je025641j.json,11,1,1,"InChI=1S/C8H10O3/c1-10-7-3-6(9)4-8(5-7)11-2/h3-5,9H,1-2H3",XQDNFAMOIPNVES-UHFFFAOYSA-N,"3,5-dimethoxyphenol",C8H10O3,10.1021/je025641j,2003,"Molar enthalpy of vaporization or sublimation, kJ/mol",Crystal,"[""Crystal"",""Gas""]",Static calorimetry,101.1,"{""nPropValue"":101.1,""CombinedUncertainty"":{""nCombExpandUncertValue"":3,""nCombUncertAssessNum"":1},""nPropNumber"":1,""nPropDigits"":4}",variable,"{""nVarValue"":298.15,""nVarNumber"":1,""nVarDigits"":5}",298.15,False,,101.1,True
10.1021/je0301747#d1#p1#r1,10.1021/je0301747#d1#p1,10.1021/je0301747.json,1,1,1,"InChI=1S/C22H46/c1-3-5-7-9-11-13-15-17-19-21-22-20-18-16-14-12-10-8-6-4-2/h3-22H2,1-2H3",HOWGUJZVBDQJKV-UHFFFAOYSA-N,docosane,C22H46,10.1021/je0301747,2004,"Molar enthalpy of vaporization or sublimation, kJ/mol",Liquid,"[""Liquid"",""Gas""]",OTHER,111.9,"{""nPropDigits"":4,""nPropNumber"":1,""CombinedUncertainty"":{""nCombExpandUncertValue"":7.9,""nCombUncertAssessNum"":1},""nPropValue"":111.9}",variable,"{""nVarNumber"":1,""nVarDigits"":5,""nVarValue"":298.15}",298.15,True,,111.9,False
10.1021/je0301747#d3#p1#r1,10.1021/je0301747#d3#p1,10.1021/je0301747.json,3,1,1,"InChI=1S/C23H48/c1-3-5-7-9-11-13-15-17-19-21-23-22-20-18-16-14-12-10-8-6-4-2/h3-23H2,1-2H3",FIGVVZUWCLSUEI-UHFFFAOYSA-N,tricosane,C23H48,10.1021/je0301747,2004,"Molar enthalpy of vaporization or sublimation, kJ/mol",Liquid,"[""Liquid"",""Gas""]",OTHER,117,"{""nPropNumber"":1,""nPropDigits"":3,""CombinedUncertainty"":{""nCombExpandUncertValue"":8.2,""nCombUncertAssessNum"":1},""nPropValue"":117}",variable,"{""nVarValue"":298.15,""nVarDigits"":5,""nVarNumber"":1}",298.15,True,,117,False
10.1021/je0301747#d5#p1#r1,10.1021/je0301747#d5#p1,10.1021/je0301747.json,5,1,1,"InChI=1S/C24H50/c1-3-5-7-9-11-13-15-17-19-21-23-24-22-20-18-16-14-12-10-8-6-4-2/h3-24H2,1-2H3",POOSGDOYLQNASK-UHFFFAOYSA-N,tetracosane,C24H50,10.1021/je0301747,2004,"Molar enthalpy of vaporization or sublimation, kJ/mol",Liquid,"[""Liquid"",""Gas""]",OTHER,121.9,"{""CombinedUncertainty"":{""nCombUncertAssessNum"":1,""nCombExpandUncertValue"":8.2},""nPropValue"":121.9,""nPropDigits"":4,""nPropNumber"":1}",variable,"{""nVarValue"":298.15,""nVarDigits"":5,""nVarNumber"":1}",298.15,True,,121.9,False
10.1021/je0301747#d7#p1#r1,10.1021/je0301747#d7#p1,10.1021/je0301747.json,7,1,1,"InChI=1S/C25H52/c1-3-5-7-9-11-13-15-17-19-21-23-25-24-22-20-18-16-14-12-10-8-6-4-2/h3-25H2,1-2H3",YKNWIILGEFFOPE-UHFFFAOYSA-N,pentacosane,C25H52,10.1021/je0301747,2004,"Molar enthalpy of vaporization or sublimation, kJ/mol",Liquid,"[""Liquid"",""Gas""]",OTHER,126.8,"{""nPropDigits"":4,""nPropNumber"":1,""CombinedUncertainty"":{""nCombUncertAssessNum"":1,""nCombExpandUncertValue"":8.5},""nPropValue"":126.8}",variable,"{""nVarDigits"":5,""nVarNumber"":1,""nVarValue"":298.15}",298.15,True,,126.8,False
10.1021/je0301747#d9#p1#r1,10.1021/je0301747#d9#p1,10.1021/je0301747.json,9,1,1,"InChI=1S/C26H54/c1-3-5-7-9-11-13-15-17-19-21-23-25-26-24-22-20-18-16-14-12-10-8-6-4-2/h3-26H2,1-2H3",HMSWAIKSFDFLKN-UHFFFAOYSA-N,hexacosane,C26H54,10.1021/je0301747,2004,"Molar enthalpy of vaporization or sublimation, kJ/mol",Liquid,"[""Liquid"",""Gas""]",OTHER,131.7,"{""CombinedUncertainty"":{""nCombUncertAssessNum"":1,""nCombExpandUncertValue"":9.3},""nPropValue"":131.7,""nPropDigits"":4,""nPropNumber"":1}",variable,"{""nVarValue"":298.15,""nVarDigits"":5,""nVarNumber"":1}",298.15,True,,131.7,False
10.1021/je0301747#d11#p1#r1,10.1021/je0301747#d11#p1,10.1021/je0301747.json,11,1,1,"InChI=1S/C27H56/c1-3-5-7-9-11-13-15-17-19-21-23-25-27-26-24-22-20-18-16-14-12-10-8-6-4-2/h3-27H2,1-2H3",BJQWYEJQWHSSCJ-UHFFFAOYSA-N,heptacosane,C27H56,10.1021/je0301747,2004,"Molar enthalpy of vaporization or sublimation, kJ/mol",Liquid,"[""Liquid"",""Gas""]",OTHER,135.6,"{""nPropValue"":135.6,""CombinedUncertainty"":{""nCombUncertAssessNum"":1,""nCombExpandUncertValue"":9.6},""nPropNumber"":1,""nPropDigits"":4}",variable,"{""nVarValue"":298.15,""nVarNumber"":1,""nVarDigits"":5}",298.15,True,,135.6,False
10.1021/je0301747#d13#p1#r1,10.1021/je0301747#d13#p1,10.1021/je0301747.json,13,1,1,"InChI=1S/C28H58/c1-3-5-7-9-11-13-15-17-19-21-23-25-27-28-26-24-22-20-18-16-14-12-10-8-6-4-2/h3-28H2,1-2H3",ZYURHZPYMFLWSH-UHFFFAOYSA-N,octacosane,C28H58,10.1021/je0301747,2004,"Molar enthalpy of vaporization or sublimation, kJ/mol",Liquid,"[""Liquid"",""Gas""]",OTHER,141.9,"{""nPropDigits"":4,""nPropNumber"":1,""nPropValue"":141.9,""CombinedUncertainty"":{""nCombUncertAssessNum"":1,""nCombExpandUncertValue"":14.3}}",variable,"{""nVarValue"":298.15,""nVarDigits"":5,""nVarNumber"":1}",298.15,True,,141.9,False
10.1021/je0301747#d15#p1#r1,10.1021/je0301747#d15#p1,10.1021/je0301747.json,15,1,1,"InChI=1S/C29H60/c1-3-5-7-9-11-13-15-17-19-21-23-25-27-29-28-26-24-22-20-18-16-14-12-10-8-6-4-2/h3-29H2,1-2H3",IGGUPRCHHJZPBS-UHFFFAOYSA-N,nonacosane,C29H60,10.1021/je0301747,2004,"Molar enthalpy of vaporization or sublimation, kJ/mol",Liquid,"[""Liquid"",""Gas""]",OTHER,147.1,"{""nPropDigits"":4,""nPropNumber"":1,""nPropValue"":147.1,""CombinedUncertainty"":{""nCombUncertAssessNum"":1,""nCombExpandUncertValue"":14.9}}",variable,"{""nVarNumber"":1,""nVarDigits"":5,""nVarValue"":298.15}",298.15,True,,147.1,False
10.1021/je0301747#d17#p1#r1,10.1021/je0301747#d17#p1,10.1021/je0301747.json,17,1,1,"InChI=1S/C30H62/c1-3-5-7-9-11-13-15-17-19-21-23-25-27-29-30-28-26-24-22-20-18-16-14-12-10-8-6-4-2/h3-30H2,1-2H3",JXTPJDDICSTXJX-UHFFFAOYSA-N,triacontane,C30H62,10.1021/je0301747,2004,"Molar enthalpy of vaporization or sublimation, kJ/mol",Liquid,"[""Liquid"",""Gas""]",OTHER,152.3,"{""CombinedUncertainty"":{""nCombUncertAssessNum"":1,""nCombExpandUncertValue"":15.5},""nPropValue"":152.3,""nPropNumber"":1,""nPropDigits"":4}",variable,"{""nVarDigits"":5,""nVarNumber"":1,""nVarValue"":298.15}",298.15,True,,152.3,False
10.1021/je0301747#d19#p1#r1,10.1021/je0301747#d19#p1,10.1021/je0301747.json,19,1,1,"InChI=1S/C21H44/c1-3-5-7-9-11-13-15-17-19-21-20-18-16-14-12-10-8-6-4-2/h3-21H2,1-2H3",FNAZRRHPUDJQCJ-UHFFFAOYSA-N,heneicosane,C21H44,10.1021/je0301747,2004,"Molar enthalpy of vaporization or sublimation, kJ/mol",Liquid,"[""Liquid"",""Gas""]",OTHER,106.8,"{""nPropValue"":106.8,""CombinedUncertainty"":{""nCombUncertAssessNum"":1,""nCombExpandUncertValue"":7.3},""nPropNumber"":1,""nPropDigits"":4}",variable,"{""nVarValue"":298.15,""nVarDigits"":5,""nVarNumber"":1}",298.15,True,,106.8,False
10.1021/je030236t#d1#p1#r1,10.1021/je030236t#d1#p1,10.1021/je030236t.json,1,1,1,"InChI=1S/C31H64/c1-3-5-7-9-11-13-15-17-19-21-23-25-27-29-31-30-28-26-24-22-20-18-16-14-12-10-8-6-4-2/h3-31H2,1-2H3",IUJAMGNYPWYUPM-UHFFFAOYSA-N,hentriacontane,C31H64,10.1021/je030236t,2004,"Molar enthalpy of vaporization or sublimation, kJ/mol",Liquid,"[""Liquid"",""Gas""]",OTHER,157.3,"{""CombinedUncertainty"":{""nCombUncertAssessNum"":1,""nCombExpandUncertValue"":8.2},""nPropValue"":157.3,""nPropNumber"":1,""nPropDigits"":4}",variable,"{""nVarValue"":298.15,""nVarDigits"":5,""nVarNumber"":1}",298.15,True,,157.3,False
10.1021/je030236t#d3#p1#r1,10.1021/je030236t#d3#p1,10.1021/je030236t.json,3,1,1,"InChI=1S/C32H66/c1-3-5-7-9-11-13-15-17-19-21-23-25-27-29-31-32-30-28-26-24-22-20-18-16-14-12-10-8-6-4-2/h3-32H2,1-2H3",QHMGJGNTMQDRQA-UHFFFAOYSA-N,dotriacontane,C32H66,10.1021/je030236t,2004,"Molar enthalpy of vaporization or sublimation, kJ/mol",Liquid,"[""Liquid"",""Gas""]",OTHER,162.5,"{""nPropNumber"":1,""nPropDigits"":4,""CombinedUncertainty"":{""nCombExpandUncertValue"":8.4,""nCombUncertAssessNum"":1},""nPropValue"":162.5}",variable,"{""nVarValue"":298.15,""nVarNumber"":1,""nVarDigits"":5}",298.15,True,,162.5,False
10.1021/je030236t#d5#p1#r1,10.1021/je030236t#d5#p1,10.1021/je030236t.json,5,1,1,"InChI=1S/C33H68/c1-3-5-7-9-11-13-15-17-19-21-23-25-27-29-31-33-32-30-28-26-24-22-20-18-16-14-12-10-8-6-4-2/h3-33H2,1-2H3",SUJUOAZFECLBOA-UHFFFAOYSA-N,tritriacontane,C33H68,10.1021/je030236t,2004,"Molar enthalpy of vaporization or sublimation, kJ/mol",Liquid,"[""Liquid"",""Gas""]",OTHER,167.6,"{""nPropValue"":167.6,""CombinedUncertainty"":{""nCombExpandUncertValue"":8.6,""nCombUncertAssessNum"":1},""nPropDigits"":4,""nPropNumber"":1}",variable,"{""nVarValue"":298.15,""nVarDigits"":5,""nVarNumber"":1}",298.15,True,,167.6,False
10.1021/je030236t#d7#p1#r1,10.1021/je030236t#d7#p1,10.1021/je030236t.json,7,1,1,"InChI=1S/C34H70/c1-3-5-7-9-11-13-15-17-19-21-23-25-27-29-31-33-34-32-30-28-26-24-22-20-18-16-14-12-10-8-6-4-2/h3-34H2,1-2H3",GWVDBZWVFGFBCN-UHFFFAOYSA-N,tetratriacontane,C34H70,10.1021/je030236t,2004,"Molar enthalpy of vaporization or sublimation, kJ/mol",Liquid,"[""Liquid"",""Gas""]",OTHER,172.7,"{""nPropDigits"":4,""nPropNumber"":1,""nPropValue"":172.7,""CombinedUncertainty"":{""nCombUncertAssessNum"":1,""nCombExpandUncertValue"":8.8}}",variable,"{""nVarValue"":298.15,""nVarDigits"":5,""nVarNumber"":1}",298.15,True,,172.7,False
10.1021/je030236t#d9#p1#r1,10.1021/je030236t#d9#p1,10.1021/je030236t.json,9,1,1,"InChI=1S/C35H72/c1-3-5-7-9-11-13-15-17-19-21-23-25-27-29-31-33-35-34-32-30-28-26-24-22-20-18-16-14-12-10-8-6-4-2/h3-35H2,1-2H3",VHQQPFLOGSTQPC-UHFFFAOYSA-N,pentatriacontane,C35H72,10.1021/je030236t,2004,"Molar enthalpy of vaporization or sublimation, kJ/mol",Liquid,"[""Liquid"",""Gas""]",OTHER,178,"{""nPropNumber"":1,""nPropDigits"":3,""nPropValue"":178,""CombinedUncertainty"":{""nCombUncertAssessNum"":1,""nCombExpandUncertValue"":9.2}}",variable,"{""nVarDigits"":5,""nVarNumber"":1,""nVarValue"":298.15}",298.15,True,,178,False
10.1021/je030236t#d11#p1#r1,10.1021/je030236t#d11#p1,10.1021/je030236t.json,11,1,1,"InChI=1S/C36H74/c1-3-5-7-9-11-13-15-17-19-21-23-25-27-29-31-33-35-36-34-32-30-28-26-24-22-20-18-16-14-12-10-8-6-4-2/h3-36H2,1-2H3",YDLYQMBWCWFRAI-UHFFFAOYSA-N,hexatriacontane,C36H74,10.1021/je030236t,2004,"Molar enthalpy of vaporization or sublimation, kJ/mol",Liquid,"[""Liquid"",""Gas""]",OTHER,182.8,"{""nPropNumber"":1,""nPropDigits"":4,""CombinedUncertainty"":{""nCombUncertAssessNum"":1,""nCombExpandUncertValue"":9.4},""nPropValue"":182.8}",variable,"{""nVarValue"":298.15,""nVarNumber"":1,""nVarDigits"":5}",298.15,True,,182.8,False
10.1021/je030236t#d13#p1#r1,10.1021/je030236t#d13#p1,10.1021/je030236t.json,13,1,1,"InChI=1S/C37H76/c1-3-5-7-9-11-13-15-17-19-21-23-25-27-29-31-33-35-37-36-34-32-30-28-26-24-22-20-18-16-14-12-10-8-6-4-2/h3-37H2,1-2H3",PXEZIKSRSYGOED-UHFFFAOYSA-N,heptatriacontane,C37H76,10.1021/je030236t,2004,"Molar enthalpy of vaporization or sublimation, kJ/mol",Liquid,"[""Liquid"",""Gas""]",OTHER,187.5,"{""nPropDigits"":4,""nPropNumber"":1,""CombinedUncertainty"":{""nCombExpandUncertValue"":9.6,""nCombUncertAssessNum"":1},""nPropValue"":187.5}",variable,"{""nVarNumber"":1,""nVarDigits"":5,""nVarValue"":298.15}",298.15,True,,187.5,False
10.1021/je030236t#d15#p1#r1,10.1021/je030236t#d15#p1,10.1021/je030236t.json,15,1,1,"InChI=1S/C38H78/c1-3-5-7-9-11-13-15-17-19-21-23-25-27-29-31-33-35-37-38-36-34-32-30-28-26-24-22-20-18-16-14-12-10-8-6-4-2/h3-38H2,1-2H3",BVKCQBBZBGYNOP-UHFFFAOYSA-N,octatriacontane,C38H78,10.1021/je030236t,2004,"Molar enthalpy of vaporization or sublimation, kJ/mol",Liquid,"[""Liquid"",""Gas""]",OTHER,192.6,"{""nPropValue"":192.6,""CombinedUncertainty"":{""nCombUncertAssessNum"":1,""nCombExpandUncertValue"":9.8},""nPropDigits"":4,""nPropNumber"":1}",variable,"{""nVarDigits"":5,""nVarNumber"":1,""nVarValue"":298.15}",298.15,True,,192.6,False
10.1021/je0495785#d4#p1#r1,10.1021/je0495785#d4#p1,10.1021/je0495785.json,4,1,1,"InChI=1S/C21H21N/c1-16-4-10-19(11-5-16)22(20-12-6-17(2)7-13-20)21-14-8-18(3)9-15-21/h4-15H,1-3H3",YXYUIABODWXVIK-UHFFFAOYSA-N,tri-tolylamine,C21H21N,10.1021/je0495785,2005,"Molar enthalpy of vaporization or sublimation, kJ/mol",Liquid,"[""Liquid"",""Gas""]",DSC,72.56804045,"{""nPropDigits"":4,""nPropNumber"":1,""CombinedUncertainty"":{""nCombExpandUncertValue"":15.720680446,""nCombUncertAssessNum"":1},""nPropValue"":72.56804045}",variable,"{""nVarValue"":574.04,""nVarDigits"":5,""nVarNumber"":1}",574.04,True,,72.56804045,False
10.1021/je0495785#d8#p1#r1,10.1021/je0495785#d8#p1,10.1021/je0495785.json,8,1,1,"InChI=1S/C21H21N/c1-16-7-11-19(12-8-16)22(20-13-9-17(2)10-14-20)21-6-4-5-18(3)15-21/h4-15H,1-3H3",KWGLQTAUQVZWCE-UHFFFAOYSA-N,"3-methyl-N,N-bis(4-methylphenyl)benzenamine",C21H21N,10.1021/je0495785,2005,"Molar enthalpy of vaporization or sublimation, kJ/mol",Liquid,"[""Liquid"",""Gas""]",DSC,75.930599156,"{""nPropValue"":75.930599156,""CombinedUncertainty"":{""nCombExpandUncertValue"":16.439175896,""nCombUncertAssessNum"":1},""nPropDigits"":4,""nPropNumber"":1}",variable,"{""nVarDigits"":5,""nVarNumber"":1,""nVarValue"":589.09}",589.09,True,,75.930599156,False
10.1021/je0495785#d14#p1#r1,10.1021/je0495785#d14#p1,10.1021/je0495785.json,14,1,1,"InChI=1S/C21H21N/c1-16-10-12-19(13-11-16)22(20-8-4-6-17(2)14-20)21-9-5-7-18(3)15-21/h4-15H,1-3H3",ANXTWUZEYYACQX-UHFFFAOYSA-N,3-methyl-N-(3-methylphenyl)-N-(4-methylphenyl)benzenamine,C21H21N,10.1021/je0495785,2005,"Molar enthalpy of vaporization or sublimation, kJ/mol",Liquid,"[""Liquid"",""Gas""]",DSC,69.291701198,"{""nPropDigits"":4,""nPropNumber"":1,""CombinedUncertainty"":{""nCombExpandUncertValue"":15.002184996,""nCombUncertAssessNum"":1},""nPropValue"":69.291701198}",variable,"{""nVarValue"":547.3,""nVarNumber"":1,""nVarDigits"":5}",547.3,True,,69.291701198,False
10.1021/je0495785#d20#p1#r1,10.1021/je0495785#d20#p1,10.1021/je0495785.json,20,1,1,"InChI=1S/C21H21N/c1-16-7-4-10-19(13-16)22(20-11-5-8-17(2)14-20)21-12-6-9-18(3)15-21/h4-15H,1-3H3",PMOOWLLUDONVHK-UHFFFAOYSA-N,"3-methyl-N,N-bis(3-methylphenyl)benzenamine",C21H21N,10.1021/je0495785,2005,"Molar enthalpy of vaporization or sublimation, kJ/mol",Liquid,"[""Liquid"",""Gas""]",DSC,37.591681944,"{""CombinedUncertainty"":{""nCombExpandUncertValue"":3.966094884,""nCombUncertAssessNum"":1},""nPropValue"":37.591681944,""nPropDigits"":4,""nPropNumber"":1}",variable,"{""nVarValue"":567.99,""nVarDigits"":5,""nVarNumber"":1}",567.99,True,,37.591681944,False
10.1021/je049586l#d1#p1#r1,10.1021/je049586l#d1#p1,10.1021/je049586l.json,1,1,1,"InChI=1S/C9H9NO4/c1-13-8(11)6-4-3-5-7(10-6)9(12)14-2/h3-5H,1-2H3",SNQQJEJPJMXYTR-UHFFFAOYSA-N,"2,6-pyridinedicarboxylic acid, dimethyl ester",C9H9NO4,10.1021/je049586l,2005,"Molar enthalpy of vaporization or sublimation, kJ/mol",Crystal,"[""Crystal"",""Gas""]",Static calorimetry,130,"{""nPropDigits"":2,""nPropNumber"":1,""nPropValue"":130,""CombinedUncertainty"":{""nCombExpandUncertValue"":7.6,""nCombUncertAssessNum"":1}}",variable,"{""nVarValue"":385,""nVarDigits"":3,""nVarNumber"":1}",385,False,,130,True
10.1021/je049586l#d2#p1#r1,10.1021/je049586l#d2#p1,10.1021/je049586l.json,2,1,1,"InChI=1S/C7H5NO4/c9-6(10)4-1-2-5(7(11)12)8-3-4/h1-3H,(H,9,10)(H,11,12)",LVPMIMZXDYBCDF-UHFFFAOYSA-N,"2,5-pyridinedicarboxylic acid",C7H5NO4,10.1021/je049586l,2005,"Molar enthalpy of vaporization or sublimation, kJ/mol",Crystal,"[""Crystal"",""Gas""]",Static calorimetry,194.4,"{""CombinedUncertainty"":{""nCombExpandUncertValue"":5.4,""nCombUncertAssessNum"":1},""nPropValue"":194.4,""nPropDigits"":4,""nPropNumber"":1}",variable,"{""nVarDigits"":3,""nVarNumber"":1,""nVarValue"":492}",492,False,,194.4,True
10.1021/je049586l#d3#p1#r1,10.1021/je049586l#d3#p1,10.1021/je049586l.json,3,1,1,"InChI=1S/C7H5NO4/c9-6(10)4-2-1-3-5(8-4)7(11)12/h1-3H,(H,9,10)(H,11,12)",WJJMNDUMQPNECX-UHFFFAOYSA-N,"pyridine-2,6-dicarboxylic acid",C7H5NO4,10.1021/je049586l,2005,"Molar enthalpy of vaporization or sublimation, kJ/mol",Crystal,"[""Crystal"",""Gas""]",Static calorimetry,168.2,"{""CombinedUncertainty"":{""nCombUncertAssessNum"":1,""nCombExpandUncertValue"":11.4},""nPropValue"":168.2,""nPropDigits"":4,""nPropNumber"":1}",variable,"{""nVarNumber"":1,""nVarDigits"":3,""nVarValue"":494}",494,False,,168.2,True
10.1021/je049626l#d2#p1#r1,10.1021/je049626l#d2#p1,10.1021/je049626l.json,2,1,1,"InChI=1S/C8H6Cl2O3/c9-5-1-2-7(6(10)3-5)13-4-8(11)12/h1-3H,4H2,(H,11,12)",OVSKIKFHRZPJSS-UHFFFAOYSA-N,"2,4-dichlorophenoxyethanoic acid",C8H6Cl2O3,10.1021/je049626l,2005,"Molar enthalpy of vaporization or sublimation, kJ/mol",Liquid,"[""Liquid"",""Gas""]",DSC,76,"{""nPropNumber"":1,""nPropDigits"":2,""CombinedUncertainty"":{""nCombExpandUncertValue"":4,""nCombUncertAssessNum"":1},""nPropValue"":76}",variable,"{""nVarValue"":479.1,""nVarDigits"":4,""nVarNumber"":1}",479.1,True,,76,False
10.1021/je049626l#d3#p1#r1,10.1021/je049626l#d3#p1,10.1021/je049626l.json,3,1,1,"InChI=1S/C8H6Cl2O3/c9-5-1-2-7(6(10)3-5)13-4-8(11)12/h1-3H,4H2,(H,11,12)",OVSKIKFHRZPJSS-UHFFFAOYSA-N,"2,4-dichlorophenoxyethanoic acid",C8H6Cl2O3,10.1021/je049626l,2005,"Molar enthalpy of vaporization or sublimation, kJ/mol",Liquid,"[""Liquid"",""Gas""]",DSC,76,"{""CombinedUncertainty"":{""nCombUncertAssessNum"":1,""nCombExpandUncertValue"":6},""nPropValue"":76,""nPropNumber"":1,""nPropDigits"":2}",variable,"{""nVarNumber"":1,""nVarDigits"":4,""nVarValue"":489.5}",489.5,True,,76,False
10.1021/je049626l#d4#p1#r1,10.1021/je049626l#d4#p1,10.1021/je049626l.json,4,1,1,"InChI=1S/C8H6Cl2O3/c9-5-1-2-7(6(10)3-5)13-4-8(11)12/h1-3H,4H2,(H,11,12)",OVSKIKFHRZPJSS-UHFFFAOYSA-N,"2,4-dichlorophenoxyethanoic acid",C8H6Cl2O3,10.1021/je049626l,2005,"Molar enthalpy of vaporization or sublimation, kJ/mol",Liquid,"[""Liquid"",""Gas""]",DSC,77,"{""nPropNumber"":1,""nPropDigits"":2,""nPropValue"":77,""CombinedUncertainty"":{""nCombExpandUncertValue"":5,""nCombUncertAssessNum"":1}}",variable,"{""nVarDigits"":4,""nVarNumber"":1,""nVarValue"":503.3}",503.3,True,,77,False
10.1021/je049626l#d7#p1#r1,10.1021/je049626l#d7#p1,10.1021/je049626l.json,7,1,1,"InChI=1S/C9H8Cl2O3/c1-5(9(12)13)14-8-3-2-6(10)4-7(8)11/h2-5H,1H3,(H,12,13)",MZHCENGPTKEIGP-UHFFFAOYSA-N,"2-(2,4-dichlorophenoxy)propanoic acid",C9H8Cl2O3,10.1021/je049626l,2005,"Molar enthalpy of vaporization or sublimation, kJ/mol",Liquid,"[""Liquid"",""Gas""]",DSC,76,"{""nPropNumber"":1,""nPropDigits"":2,""nPropValue"":76,""CombinedUncertainty"":{""nCombExpandUncertValue"":6,""nCombUncertAssessNum"":1}}",variable,"{""nVarDigits"":4,""nVarNumber"":1,""nVarValue"":466.7}",466.7,True,,76,False
10.1021/je049626l#d8#p1#r1,10.1021/je049626l#d8#p1,10.1021/je049626l.json,8,1,1,"InChI=1S/C9H8Cl2O3/c1-5(9(12)13)14-8-3-2-6(10)4-7(8)11/h2-5H,1H3,(H,12,13)",MZHCENGPTKEIGP-UHFFFAOYSA-N,"2-(2,4-dichlorophenoxy)propanoic acid",C9H8Cl2O3,10.1021/je049626l,2005,"Molar enthalpy of vaporization or sublimation, kJ/mol",Liquid,"[""Liquid"",""Gas""]",DSC,76,"{""nPropValue"":76,""CombinedUncertainty"":{""nCombExpandUncertValue"":6,""nCombUncertAssessNum"":1},""nPropNumber"":1,""nPropDigits"":2}",variable,"{""nVarValue"":474,""nVarNumber"":1,""nVarDigits"":3}",474,True,,76,False
10.1021/je049626l#d9#p1#r1,10.1021/je049626l#d9#p1,10.1021/je049626l.json,9,1,1,"InChI=1S/C9H8Cl2O3/c1-5(9(12)13)14-8-3-2-6(10)4-7(8)11/h2-5H,1H3,(H,12,13)",MZHCENGPTKEIGP-UHFFFAOYSA-N,"2-(2,4-dichlorophenoxy)propanoic acid",C9H8Cl2O3,10.1021/je049626l,2005,"Molar enthalpy of vaporization or sublimation, kJ/mol",Liquid,"[""Liquid"",""Gas""]",DSC,76,"{""nPropValue"":76,""CombinedUncertainty"":{""nCombUncertAssessNum"":1,""nCombExpandUncertValue"":5},""nPropNumber"":1,""nPropDigits"":2}",variable,"{""nVarValue"":477.9,""nVarNumber"":1,""nVarDigits"":4}",477.9,True,,76,False
10.1021/je049626l#d12#p1#r1,10.1021/je049626l#d12#p1,10.1021/je049626l.json,12,1,1,"InChI=1S/C10H10Cl2O3/c11-7-3-4-9(8(12)6-7)15-5-1-2-10(13)14/h3-4,6H,1-2,5H2,(H,13,14)",YIVXMZJTEQBPQO-UHFFFAOYSA-N,"4-(2,4-dichlorophenoxy)butanoic acid",C10H10Cl2O3,10.1021/je049626l,2005,"Molar enthalpy of vaporization or sublimation, kJ/mol",Liquid,"[""Liquid"",""Gas""]",DSC,81,"{""nPropValue"":81,""CombinedUncertainty"":{""nCombUncertAssessNum"":1,""nCombExpandUncertValue"":9},""nPropDigits"":2,""nPropNumber"":1}",variable,"{""nVarValue"":485.7,""nVarDigits"":4,""nVarNumber"":1}",485.7,True,,81,False
10.1021/je049626l#d13#p1#r1,10.1021/je049626l#d13#p1,10.1021/je049626l.json,13,1,1,"InChI=1S/C10H10Cl2O3/c11-7-3-4-9(8(12)6-7)15-5-1-2-10(13)14/h3-4,6H,1-2,5H2,(H,13,14)",YIVXMZJTEQBPQO-UHFFFAOYSA-N,"4-(2,4-dichlorophenoxy)butanoic acid",C10H10Cl2O3,10.1021/je049626l,2005,"Molar enthalpy of vaporization or sublimation, kJ/mol",Liquid,"[""Liquid"",""Gas""]",DSC,81,"{""nPropValue"":81,""CombinedUncertainty"":{""nCombUncertAssessNum"":1,""nCombExpandUncertValue"":10},""nPropNumber"":1,""nPropDigits"":2}",variable,"{""nVarValue"":495,""nVarDigits"":3,""nVarNumber"":1}",495,True,,81,False
10.1021/je049626l#d14#p1#r1,10.1021/je049626l#d14#p1,10.1021/je049626l.json,14,1,1,"InChI=1S/C10H10Cl2O3/c11-7-3-4-9(8(12)6-7)15-5-1-2-10(13)14/h3-4,6H,1-2,5H2,(H,13,14)",YIVXMZJTEQBPQO-UHFFFAOYSA-N,"4-(2,4-dichlorophenoxy)butanoic acid",C10H10Cl2O3,10.1021/je049626l,2005,"Molar enthalpy of vaporization or sublimation, kJ/mol",Liquid,"[""Liquid"",""Gas""]",DSC,81,"{""CombinedUncertainty"":{""nCombUncertAssessNum"":1,""nCombExpandUncertValue"":9},""nPropValue"":81,""nPropDigits"":2,""nPropNumber"":1}",variable,"{""nVarValue"":501.1,""nVarDigits"":4,""nVarNumber"":1}",501.1,True,,81,False
10.1021/je049626l#d17#p1#r1,10.1021/je049626l#d17#p1,10.1021/je049626l.json,17,1,1,"InChI=1S/C9H8Cl2O3/c1-13-9(12)5-14-8-3-2-6(10)4-7(8)11/h2-4H,5H2,1H3",HWIGZMADSFQMOI-UHFFFAOYSA-N,"methyl 2,4-dichlorophenoxyethanoate",C9H8Cl2O3,10.1021/je049626l,2005,"Molar enthalpy of vaporization or sublimation, kJ/mol",Liquid,"[""Liquid"",""Gas""]",DSC,59,"{""CombinedUncertainty"":{""nCombUncertAssessNum"":1,""nCombExpandUncertValue"":3},""nPropValue"":59,""nPropNumber"":1,""nPropDigits"":2}",variable,"{""nVarValue"":415.2,""nVarDigits"":4,""nVarNumber"":1}",415.2,True,,59,False
10.1021/je049626l#d18#p1#r1,10.1021/je049626l#d18#p1,10.1021/je049626l.json,18,1,1,"InChI=1S/C9H8Cl2O3/c1-13-9(12)5-14-8-3-2-6(10)4-7(8)11/h2-4H,5H2,1H3",HWIGZMADSFQMOI-UHFFFAOYSA-N,"methyl 2,4-dichlorophenoxyethanoate",C9H8Cl2O3,10.1021/je049626l,2005,"Molar enthalpy of vaporization or sublimation, kJ/mol",Liquid,"[""Liquid"",""Gas""]",DSC,60,"{""nPropNumber"":1,""nPropDigits"":1,""nPropValue"":60,""CombinedUncertainty"":{""nCombUncertAssessNum"":1,""nCombExpandUncertValue"":3}}",variable,"{""nVarValue"":424.4,""nVarNumber"":1,""nVarDigits"":4}",424.4,True,,60,False
10.1021/je049626l#d19#p1#r1,10.1021/je049626l#d19#p1,10.1021/je049626l.json,19,1,1,"InChI=1S/C9H8Cl2O3/c1-13-9(12)5-14-8-3-2-6(10)4-7(8)11/h2-4H,5H2,1H3",HWIGZMADSFQMOI-UHFFFAOYSA-N,"methyl 2,4-dichlorophenoxyethanoate",C9H8Cl2O3,10.1021/je049626l,2005,"Molar enthalpy of vaporization or sublimation, kJ/mol",Liquid,"[""Liquid"",""Gas""]",DSC,60,"{""nPropDigits"":1,""nPropNumber"":1,""CombinedUncertainty"":{""nCombExpandUncertValue"":3,""nCombUncertAssessNum"":1},""nPropValue"":60}",variable,"{""nVarNumber"":1,""nVarDigits"":4,""nVarValue"":430.4}",430.4,True,,60,False
10.1021/je049626l#d21#p1#r1,10.1021/je049626l#d21#p1,10.1021/je049626l.json,21,1,1,"InChI=1S/C11H12Cl2O3/c1-15-11(14)3-2-6-16-10-5-4-8(12)7-9(10)13/h4-5,7H,2-3,6H2,1H3",NKXSNMCGZZWMMW-UHFFFAOYSA-N,"butanoic acid, 4-(2,4-dichlorophenoxy)-, methyl ester",C11H12Cl2O3,10.1021/je049626l,2005,"Molar enthalpy of vaporization or sublimation, kJ/mol",Liquid,"[""Liquid"",""Gas""]",DSC,66,"{""nPropNumber"":1,""nPropDigits"":2,""nPropValue"":66,""CombinedUncertainty"":{""nCombUncertAssessNum"":1,""nCombExpandUncertValue"":6}}",variable,"{""nVarValue"":456,""nVarDigits"":3,""nVarNumber"":1}",456,True,,66,False
10.1021/je049626l#d22#p1#r1,10.1021/je049626l#d22#p1,10.1021/je049626l.json,22,1,1,"InChI=1S/C11H12Cl2O3/c1-15-11(14)3-2-6-16-10-5-4-8(12)7-9(10)13/h4-5,7H,2-3,6H2,1H3",NKXSNMCGZZWMMW-UHFFFAOYSA-N,"butanoic acid, 4-(2,4-dichlorophenoxy)-, methyl ester",C11H12Cl2O3,10.1021/je049626l,2005,"Molar enthalpy of vaporization or sublimation, kJ/mol",Liquid,"[""Liquid"",""Gas""]",DSC,68,"{""nPropDigits"":2,""nPropNumber"":1,""nPropValue"":68,""CombinedUncertainty"":{""nCombUncertAssessNum"":1,""nCombExpandUncertValue"":7}}",variable,"{""nVarDigits"":4,""nVarNumber"":1,""nVarValue"":463.4}",463.4,True,,68,False
10.1021/je049626l#d23#p1#r1,10.1021/je049626l#d23#p1,10.1021/je049626l.json,23,1,1,"InChI=1S/C11H12Cl2O3/c1-15-11(14)3-2-6-16-10-5-4-8(12)7-9(10)13/h4-5,7H,2-3,6H2,1H3",NKXSNMCGZZWMMW-UHFFFAOYSA-N,"butanoic acid, 4-(2,4-dichlorophenoxy)-, methyl ester",C11H12Cl2O3,10.1021/je049626l,2005,"Molar enthalpy of vaporization or sublimation, kJ/mol",Liquid,"[""Liquid"",""Gas""]",DSC,68,"{""nPropDigits"":2,""nPropNumber"":1,""nPropValue"":68,""CombinedUncertainty"":{""nCombUncertAssessNum"":1,""nCombExpandUncertValue"":6}}",variable,"{""nVarDigits"":4,""nVarNumber"":1,""nVarValue"":469.8}",469.8,True,,68,False
10.1021/je050179z#d1#p1#r1,10.1021/je050179z#d1#p1,10.1021/je050179z.json,1,1,1,"InChI=1S/C6H10O3/c1-3-9-6(8)4-5(2)7/h3-4H2,1-2H3",XYIBRDXRRQCHLP-UHFFFAOYSA-N,ethyl 3-oxobutanoate,C6H10O3,10.1021/je050179z,2005,"Molar enthalpy of vaporization or sublimation, kJ/mol",Liquid,"[""Liquid"",""Gas""]",Correlation gas chromatography,61.6,"{""nPropNumber"":1,""nPropDigits"":3,""CombinedUncertainty"":{""nCombExpandUncertValue"":4.6,""nCombUncertAssessNum"":1},""nPropValue"":61.6}",variable,"{""nVarDigits"":5,""nVarNumber"":1,""nVarValue"":298.15}",298.15,True,,61.6,False
10.1021/je050179z#d2#p1#r1,10.1021/je050179z#d2#p1,10.1021/je050179z.json,2,1,1,"InChI=1S/C6H10O3/c1-3-9-6(8)4-5(2)7/h4,7H,3H2,1-2H3/b5-4-",ROBJRQHNPKJRFH-PLNGDYQASA-N,ethyl (Z)-3-hydroxybut-2-enoate,C6H10O3,10.1021/je050179z,2005,"Molar enthalpy of vaporization or sublimation, kJ/mol",Liquid,"[""Liquid"",""Gas""]",Correlation gas chromatography,54.7,"{""nPropDigits"":3,""nPropNumber"":1,""CombinedUncertainty"":{""nCombUncertAssessNum"":1,""nCombExpandUncertValue"":2.9},""nPropValue"":54.7}",variable,"{""nVarValue"":298.15,""nVarDigits"":5,""nVarNumber"":1}",298.15,True,,54.7,False
10.1021/je0602768#d1#p1#r1,10.1021/je0602768#d1#p1,10.1021/je0602768.json,1,1,1,"InChI=1S/C12H20O2/c13-11-7-3-2-6-10(11)12(14)8-4-1-5-9-12/h10,14H,1-9H2",AERVJOBGBMEFDV-UHFFFAOYSA-N,"1'-hydroxy-[1,1'-bicyclohexyl]-2-one",C12H20O2,10.1021/je0602768,2006,"Molar enthalpy of vaporization or sublimation, kJ/mol",Crystal,"[""Crystal"",""Gas""]",Static calorimetry,87.74,"{""CombinedUncertainty"":{""nCombExpandUncertValue"":0.49,""nCombUncertAssessNum"":1},""nPropValue"":87.74,""nPropDigits"":4,""nPropNumber"":1}",variable,"{""nVarValue"":303.11,""nVarDigits"":5,""nVarNumber"":1}",303.11,False,,87.74,True
10.1021/je0602768#d2#p1#r1,10.1021/je0602768#d2#p1,10.1021/je0602768.json,2,1,1,"InChI=1S/C12H20O2/c13-11-7-3-2-6-10(11)12(14)8-4-1-5-9-12/h10,14H,1-9H2",AERVJOBGBMEFDV-UHFFFAOYSA-N,"1'-hydroxy-[1,1'-bicyclohexyl]-2-one",C12H20O2,10.1021/je0602768,2006,"Molar enthalpy of vaporization or sublimation, kJ/mol",Crystal,"[""Crystal"",""Gas""]",Static calorimetry,87.94,"{""CombinedUncertainty"":{""nCombUncertAssessNum"":1,""nCombExpandUncertValue"":0.49},""nPropValue"":87.94,""nPropNumber"":1,""nPropDigits"":4}",variable,"{""nVarValue"":303.14,""nVarNumber"":1,""nVarDigits"":5}",303.14,False,,87.94,True
10.1021/je060333x#d1#p1#r1,10.1021/je060333x#d1#p1,10.1021/je060333x.json,1,1,1,"InChI=1S/C5H12O2/c6-4-2-1-3-5-7/h6-7H,1-5H2",ALQSHHUCVQOPAS-UHFFFAOYSA-N,"1,5-pentanediol",C5H12O2,10.1021/je060333x,2006,"Molar enthalpy of vaporization or sublimation, kJ/mol",Liquid,"[""Liquid"",""Gas""]",correlation gas chromatography,83,"{""nPropDigits"":2,""nPropNumber"":1,""nPropValue"":83,""CombinedUncertainty"":{""nCombUncertAssessNum"":1,""nCombExpandUncertValue"":4}}",variable,"{""nVarNumber"":1,""nVarDigits"":5,""nVarValue"":298.15}",298.15,True,,83,False
10.1021/je060333x#d2#p1#r1,10.1021/je060333x#d2#p1,10.1021/je060333x.json,2,1,1,"InChI=1S/C6H14O2/c7-5-3-1-2-4-6-8/h7-8H,1-6H2",XXMIOPMDWAUFGU-UHFFFAOYSA-N,"1,6-hexanediol",C6H14O2,10.1021/je060333x,2006,"Molar enthalpy of vaporization or sublimation, kJ/mol",Liquid,"[""Liquid"",""Gas""]",correlation gas chromatography,90.2,"{""nPropValue"":90.2,""CombinedUncertainty"":{""nCombExpandUncertValue"":4.5,""nCombUncertAssessNum"":1},""nPropNumber"":1,""nPropDigits"":3}",variable,"{""nVarNumber"":1,""nVarDigits"":5,""nVarValue"":298.15}",298.15,True,,90.2,False
10.1021/je060333x#d3#p1#r1,10.1021/je060333x#d3#p1,10.1021/je060333x.json,3,1,1,"InChI=1S/C7H16O2/c8-6-4-2-1-3-5-7-9/h8-9H,1-7H2",SXCBDZAEHILGLM-UHFFFAOYSA-N,"1,7-heptanediol",C7H16O2,10.1021/je060333x,2006,"Molar enthalpy of vaporization or sublimation, kJ/mol",Liquid,"[""Liquid"",""Gas""]",correlation gas chromatography,97.9,"{""nPropValue"":97.9,""CombinedUncertainty"":{""nCombExpandUncertValue"":4.9,""nCombUncertAssessNum"":1},""nPropDigits"":3,""nPropNumber"":1}",variable,"{""nVarDigits"":5,""nVarNumber"":1,""nVarValue"":298.15}",298.15,True,,97.9,False
10.1021/je060333x#d4#p1#r1,10.1021/je060333x#d4#p1,10.1021/je060333x.json,4,1,1,"InChI=1S/C8H18O2/c9-7-5-3-1-2-4-6-8-10/h9-10H,1-8H2",OEIJHBUUFURJLI-UHFFFAOYSA-N,"1,8-octanediol",C8H18O2,10.1021/je060333x,2006,"Molar enthalpy of vaporization or sublimation, kJ/mol",Liquid,"[""Liquid"",""Gas""]",correlation gas chromatography,104.9,"{""nPropNumber"":1,""nPropDigits"":4,""CombinedUncertainty"":{""nCombUncertAssessNum"":1,""nCombExpandUncertValue"":5.2},""nPropValue"":104.9}",variable,"{""nVarNumber"":1,""nVarDigits"":5,""nVarValue"":298.15}",298.15,True,,104.9,False
10.1021/je060333x#d5#p1#r1,10.1021/je060333x#d5#p1,10.1021/je060333x.json,5,1,1,"InChI=1S/C9H20O2/c10-8-6-4-2-1-3-5-7-9-11/h10-11H,1-9H2",ALVZNPYWJMLXKV-UHFFFAOYSA-N,"1,9-nonanediol",C9H20O2,10.1021/je060333x,2006,"Molar enthalpy of vaporization or sublimation, kJ/mol",Liquid,"[""Liquid"",""Gas""]",correlation gas chromatography,112.5,"{""nPropNumber"":1,""nPropDigits"":4,""CombinedUncertainty"":{""nCombExpandUncertValue"":5.6,""nCombUncertAssessNum"":1},""nPropValue"":112.5}",variable,"{""nVarValue"":298.15,""nVarDigits"":5,""nVarNumber"":1}",298.15,True,,112.5,False
10.1021/je060333x#d6#p1#r1,10.1021/je060333x#d6#p1,10.1021/je060333x.json,6,1,1,"InChI=1S/C10H22O2/c11-9-7-5-3-1-2-4-6-8-10-12/h11-12H,1-10H2",FOTKYAAJKYLFFN-UHFFFAOYSA-N,"1,10-decanediol",C10H22O2,10.1021/je060333x,2006,"Molar enthalpy of vaporization or sublimation, kJ/mol",Liquid,"[""Liquid"",""Gas""]",correlation gas chromatography,120,"{""nPropNumber"":1,""nPropDigits"":2,""nPropValue"":120,""CombinedUncertainty"":{""nCombUncertAssessNum"":1,""nCombExpandUncertValue"":6}}",variable,"{""nVarDigits"":5,""nVarNumber"":1,""nVarValue"":298.15}",298.15,True,,120,False
10.1021/je060333x#d7#p1#r1,10.1021/je060333x#d7#p1,10.1021/je060333x.json,7,1,1,"InChI=1S/C12H26O2/c13-11-9-7-5-3-1-2-4-6-8-10-12-14/h13-14H,1-12H2",GHLKSLMMWAKNBM-UHFFFAOYSA-N,"1,12-dihydroxydodecane",C12H26O2,10.1021/je060333x,2006,"Molar enthalpy of vaporization or sublimation, kJ/mol",Liquid,"[""Liquid"",""Gas""]",correlation gas chromatography,135,"{""nPropDigits"":3,""nPropNumber"":1,""nPropValue"":135,""CombinedUncertainty"":{""nCombExpandUncertValue"":7,""nCombUncertAssessNum"":1}}",variable,"{""nVarValue"":298.15,""nVarDigits"":5,""nVarNumber"":1}",298.15,True,,135,False
10.1021/je060333x#d8#p1#r1,10.1021/je060333x#d8#p1,10.1021/je060333x.json,8,1,1,"InChI=1S/C12H26O2/c13-11-9-7-5-3-1-2-4-6-8-10-12-14/h13-14H,1-12H2",GHLKSLMMWAKNBM-UHFFFAOYSA-N,"1,12-dihydroxydodecane",C12H26O2,10.1021/je060333x,2006,"Molar enthalpy of vaporization or sublimation, kJ/mol",Crystal,"[""Crystal"",""Gas""]",DSC,51.2,"{""nPropValue"":51.2,""CombinedUncertainty"":{""nCombUncertAssessNum"":1,""nCombExpandUncertValue"":1.9},""nPropDigits"":3,""nPropNumber"":1}",variable,"{""nVarValue"":352,""nVarNumber"":1,""nVarDigits"":3}",352,False,,51.2,False
10.1021/je060333x#d9#p1#r1,10.1021/je060333x#d9#p1,10.1021/je060333x.json,9,1,1,"InChI=1S/C14H30O2/c15-13-11-9-7-5-3-1-2-4-6-8-10-12-14-16/h15-16H,1-14H2",XLKZJJVNBQCVIX-UHFFFAOYSA-N,"1,14-tetradecanediol",C14H30O2,10.1021/je060333x,2006,"Molar enthalpy of vaporization or sublimation, kJ/mol",Liquid,"[""Liquid"",""Gas""]",correlation gas chromatography,149.7,"{""nPropValue"":149.7,""CombinedUncertainty"":{""nCombUncertAssessNum"":1,""nCombExpandUncertValue"":7.5},""nPropNumber"":1,""nPropDigits"":4}",variable,"{""nVarValue"":298.15,""nVarDigits"":5,""nVarNumber"":1}",298.15,True,,149.7,False
10.1021/je060333x#d10#p1#r1,10.1021/je060333x#d10#p1,10.1021/je060333x.json,10,1,1,"InChI=1S/C16H34O2/c17-15-13-11-9-7-5-3-1-2-4-6-8-10-12-14-16-18/h17-18H,1-16H2",GJBXIPOYHVMPQJ-UHFFFAOYSA-N,"1,16-dihydroxyhexadecane",C16H34O2,10.1021/je060333x,2006,"Molar enthalpy of vaporization or sublimation, kJ/mol",Liquid,"[""Liquid"",""Gas""]",correlation gas chromatography,163.3,"{""nPropNumber"":1,""nPropDigits"":4,""nPropValue"":163.3,""CombinedUncertainty"":{""nCombUncertAssessNum"":1,""nCombExpandUncertValue"":8.2}}",variable,"{""nVarNumber"":1,""nVarDigits"":5,""nVarValue"":298.15}",298.15,True,,163.3,False
10.1021/je060333x#d11#p1#r1,10.1021/je060333x#d11#p1,10.1021/je060333x.json,11,1,1,"InChI=1S/C4H6O2/c5-3-1-2-4-6/h5-6H,3-4H2",DLDJFQGPPSQZKI-UHFFFAOYSA-N,"2-butyn-1,4-diol",C4H6O2,10.1021/je060333x,2006,"Molar enthalpy of vaporization or sublimation, kJ/mol",Liquid,"[""Liquid"",""Gas""]",correlation gas chromatography,81.5,"{""CombinedUncertainty"":{""nCombExpandUncertValue"":4.1,""nCombUncertAssessNum"":1},""nPropValue"":81.5,""nPropNumber"":1,""nPropDigits"":3}",variable,"{""nVarDigits"":5,""nVarNumber"":1,""nVarValue"":298.15}",298.15,True,,81.5,False
10.1021/je060333x#d12#p1#r1,10.1021/je060333x#d12#p1,10.1021/je060333x.json,12,1,1,"InChI=1S/C8H14O2/c1-7(2,9)5-6-8(3,4)10/h9-10H,1-4H3",IHJUECRFYCQBMW-UHFFFAOYSA-N,"2,5-dimethyl-3-hexyne-2,5-diol",C8H14O2,10.1021/je060333x,2006,"Molar enthalpy of vaporization or sublimation, kJ/mol",Liquid,"[""Liquid"",""Gas""]",correlation gas chromatography,82.8,"{""nPropValue"":82.8,""CombinedUncertainty"":{""nCombExpandUncertValue"":4.1,""nCombUncertAssessNum"":1},""nPropNumber"":1,""nPropDigits"":3}",variable,"{""nVarDigits"":5,""nVarNumber"":1,""nVarValue"":298.15}",298.15,True,,82.8,False
10.1021/je060333x#d13#p1#r1,10.1021/je060333x#d13#p1,10.1021/je060333x.json,13,1,1,"InChI=1S/C8H18O2/c1-7(2,9)5-6-8(3,4)10/h9-10H,5-6H2,1-4H3",ZWNMRZQYWRLGMM-UHFFFAOYSA-N,"2,5-dimethyl-2,5-hexanediol",C8H18O2,10.1021/je060333x,2006,"Molar enthalpy of vaporization or sublimation, kJ/mol",Liquid,"[""Liquid"",""Gas""]",correlation gas chromatography,85.2,"{""nPropDigits"":3,""nPropNumber"":1,""nPropValue"":85.2,""CombinedUncertainty"":{""nCombUncertAssessNum"":1,""nCombExpandUncertValue"":4.3}}",variable,"{""nVarNumber"":1,""nVarDigits"":5,""nVarValue"":298.15}",298.15,True,,85.2,False
10.1021/je060333x#d14#p1#r1,10.1021/je060333x#d14#p1,10.1021/je060333x.json,14,1,1,"InChI=1S/C2H6O2/c3-1-2-4/h3-4H,1-2H2",LYCAIKOWRPUZTN-UHFFFAOYSA-N,"1,2-ethanediol",C2H6O2,10.1021/je060333x,2006,"Molar enthalpy of vaporization or sublimation, kJ/mol",Liquid,"[""Liquid"",""Gas""]",correlation gas chromatography,63.9,"{""CombinedUncertainty"":{""nCombExpandUncertValue"":3.2,""nCombUncertAssessNum"":1},""nPropValue"":63.9,""nPropNumber"":1,""nPropDigits"":3}",variable,"{""nVarDigits"":5,""nVarNumber"":1,""nVarValue"":298.15}",298.15,True,,63.9,False
10.1021/je060333x#d15#p1#r1,10.1021/je060333x#d15#p1,10.1021/je060333x.json,15,1,1,"InChI=1S/C3H8O2/c4-2-1-3-5/h4-5H,1-3H2",YPFDHNVEDLHUCE-UHFFFAOYSA-N,"propan-1,3-diol",C3H8O2,10.1021/je060333x,2006,"Molar enthalpy of vaporization or sublimation, kJ/mol",Liquid,"[""Liquid"",""Gas""]",correlation gas chromatography,69.8,"{""nPropValue"":69.8,""CombinedUncertainty"":{""nCombExpandUncertValue"":3.5,""nCombUncertAssessNum"":1},""nPropDigits"":3,""nPropNumber"":1}",variable,"{""nVarValue"":298.15,""nVarDigits"":5,""nVarNumber"":1}",298.15,True,,69.8,False
10.1021/je060333x#d16#p1#r1,10.1021/je060333x#d16#p1,10.1021/je060333x.json,16,1,1,"InChI=1S/C4H10O2/c5-3-1-2-4-6/h5-6H,1-4H2",WERYXYBDKMZEQL-UHFFFAOYSA-N,"1,4-butanediol",C4H10O2,10.1021/je060333x,2006,"Molar enthalpy of vaporization or sublimation, kJ/mol",Liquid,"[""Liquid"",""Gas""]",correlation gas chromatography,77.1,"{""nPropValue"":77.1,""CombinedUncertainty"":{""nCombExpandUncertValue"":3.9,""nCombUncertAssessNum"":1},""nPropNumber"":1,""nPropDigits"":3}",variable,"{""nVarValue"":298.15,""nVarDigits"":5,""nVarNumber"":1}",298.15,True,,77.1,False
10.1021/je101124p#d3#p1#r1,10.1021/je101124p#d3#p1,10.1021/je101124p.json,3,1,1,"InChI=1S/C10H8O4/c11-7(12)9-1-2-4(9)6-5(9)3(1)10(2,6)8(13)14/h1-6H,(H,11,12)(H,13,14)",JFKXMJUMOJJTCQ-UHFFFAOYSA-N,"pentacyclo[4.2.0.02,5.03,8.04,7]octane-1,4-dicarboxylic acid",C10H8O4,10.1021/je101124p,2011,"Molar enthalpy of vaporization or sublimation, kJ/mol",Liquid,"[""Liquid"",""Gas""]",Correlation gas chromatography,122.5,"{""nPropValue"":122.5,""CombinedUncertainty"":{""nCombUncertAssessNum"":1,""nCombExpandUncertValue"":16.2},""nPropDigits"":4,""nPropNumber"":1}",variable,"{""nVarDigits"":3,""nVarNumber"":1,""nVarValue"":298}",298,True,,122.5,False
10.1021/je101124p#d6#p1#r1,10.1021/je101124p#d6#p1,10.1021/je101124p.json,6,1,1,"InChI=1S/C11H16O2/c12-10(13)11-4-7-1-8(5-11)3-9(2-7)6-11/h7-9H,1-6H2,(H,12,13)",JIMXXGFJRDUSRO-UHFFFAOYSA-N,"tricyclo[3.3.1.1(3,7)]decane-1-carboxylic acid",C11H16O2,10.1021/je101124p,2011,"Molar enthalpy of vaporization or sublimation, kJ/mol",Liquid,"[""Liquid"",""Gas""]",Correlation gas chromatography,91.1,"{""nPropNumber"":1,""nPropDigits"":3,""nPropValue"":91.1,""CombinedUncertainty"":{""nCombUncertAssessNum"":1,""nCombExpandUncertValue"":7.6}}",variable,"{""nVarDigits"":3,""nVarNumber"":1,""nVarValue"":298}",298,True,,91.1,False
10.1021/je200833s#d1#p1#r1,10.1021/je200833s#d1#p1,10.1021/je200833s.json,1,1,1,"InChI=1S/C6H5IO/c7-5-3-1-2-4-6(5)8/h1-4,8H",KQDJTBPASNJQFQ-UHFFFAOYSA-N,2-iodophenol,C6H5IO,10.1021/je200833s,2011,"Molar enthalpy of vaporization or sublimation, kJ/mol",Crystal,"[""Crystal"",""Gas""]",Calvet,76.1,"{""nPropDigits"":3,""nPropNumber"":1,""CombinedUncertainty"":{""nCombExpandUncertValue"":2.8,""nCombUncertAssessNum"":1},""nPropValue"":76.1}",variable,"{""nVarNumber"":1,""nVarDigits"":5,""nVarValue"":298.15}",298.15,False,,76.1,False
10.1021/je200833s#d3#p1#r1,10.1021/je200833s#d3#p1,10.1021/je200833s.json,3,1,1,"InChI=1S/C6H5IO/c7-5-2-1-3-6(8)4-5/h1-4,8H",FXTKWBZFNQHAAO-UHFFFAOYSA-N,m-iodophenol,C6H5IO,10.1021/je200833s,2011,"Molar enthalpy of vaporization or sublimation, kJ/mol",Crystal,"[""Crystal"",""Gas""]",Calvet,88.4,"{""nPropDigits"":3,""nPropNumber"":1,""nPropValue"":88.4,""CombinedUncertainty"":{""nCombUncertAssessNum"":1,""nCombExpandUncertValue"":3.2}}",variable,"{""nVarNumber"":1,""nVarDigits"":5,""nVarValue"":298.15}",298.15,False,,88.4,False
10.1021/je200833s#d5#p1#r1,10.1021/je200833s#d5#p1,10.1021/je200833s.json,5,1,1,"InChI=1S/C6H5IO/c7-5-1-3-6(8)4-2-5/h1-4,8H",VSMDINRNYYEDRN-UHFFFAOYSA-N,4-iodophenol,C6H5IO,10.1021/je200833s,2011,"Molar enthalpy of vaporization or sublimation, kJ/mol",Crystal,"[""Crystal"",""Gas""]",Calvet,88.7,"{""nPropValue"":88.7,""CombinedUncertainty"":{""nCombUncertAssessNum"":1,""nCombExpandUncertValue"":3},""nPropNumber"":1,""nPropDigits"":3}",variable,"{""nVarValue"":298.15,""nVarDigits"":5,""nVarNumber"":1}",298.15,False,,88.7,False
10.1021/je300152t#d3#p1#r1,10.1021/je300152t#d3#p1,10.1021/je300152t.json,3,1,1,"InChI=1S/C8H9NO/c1-7(10)9-8-5-3-2-4-6-8/h2-6H,1H3,(H,9,10)",FZERHIULMFGESH-UHFFFAOYSA-N,N-phenylethanamide,C8H9NO,10.1021/je300152t,2012,"Molar enthalpy of vaporization or sublimation, kJ/mol",Liquid,"[""Liquid"",""Gas""]",Correlation gas chromatography,82.1,"{""CombinedUncertainty"":{""nCombUncertAssessNum"":1,""nCombExpandUncertValue"":6.2},""nPropValue"":82.1,""nPropNumber"":1,""nPropDigits"":3}",variable,"{""nVarDigits"":5,""nVarNumber"":1,""nVarValue"":298.15}",298.15,True,,82.1,False
10.1021/je300152t#d6#p1#r1,10.1021/je300152t#d6#p1,10.1021/je300152t.json,6,1,1,"InChI=1S/C9H11NO/c1-7-3-5-9(6-4-7)10-8(2)11/h3-6H,1-2H3,(H,10,11)",YICAMJWHIUMFDI-UHFFFAOYSA-N,1-acetamido-4-methylbenzene,C9H11NO,10.1021/je300152t,2012,"Molar enthalpy of vaporization or sublimation, kJ/mol",Liquid,"[""Liquid"",""Gas""]",Correlation gas chromatography,86.2,"{""nPropValue"":86.2,""CombinedUncertainty"":{""nCombExpandUncertValue"":6.6,""nCombUncertAssessNum"":1},""nPropNumber"":1,""nPropDigits"":3}",variable,"{""nVarDigits"":5,""nVarNumber"":1,""nVarValue"":298.15}",298.15,True,,86.2,False
10.1021/je300152t#d9#p1#r1,10.1021/je300152t#d9#p1,10.1021/je300152t.json,9,1,1,"InChI=1S/C9H11NO2/c1-7(11)10-8-3-5-9(12-2)6-4-8/h3-6H,1-2H3,(H,10,11)",XVAIDCNLVLTVFM-UHFFFAOYSA-N,N-(4-methoxyphenyl)ethanamide,C9H11NO2,10.1021/je300152t,2012,"Molar enthalpy of vaporization or sublimation, kJ/mol",Liquid,"[""Liquid"",""Gas""]",Correlation gas chromatography,92,"{""nPropNumber"":1,""nPropDigits"":2,""CombinedUncertainty"":{""nCombUncertAssessNum"":1,""nCombExpandUncertValue"":7},""nPropValue"":92}",variable,"{""nVarNumber"":1,""nVarDigits"":5,""nVarValue"":298.15}",298.15,True,,92,False
10.1021/je300152t#d12#p1#r1,10.1021/je300152t#d12#p1,10.1021/je300152t.json,12,1,1,"InChI=1S/C10H13NO2/c1-3-13-10-6-4-5-9(7-10)11-8(2)12/h4-7H,3H2,1-2H3,(H,11,12)",YVTBOWVWYXJHLD-UHFFFAOYSA-N,N-(3-ethoxyphenyl)acetamide,C10H13NO2,10.1021/je300152t,2012,"Molar enthalpy of vaporization or sublimation, kJ/mol",Liquid,"[""Liquid"",""Gas""]",Correlation gas chromatography,94.1,"{""nPropDigits"":3,""nPropNumber"":1,""nPropValue"":94.1,""CombinedUncertainty"":{""nCombUncertAssessNum"":1,""nCombExpandUncertValue"":7.2}}",variable,"{""nVarValue"":298.15,""nVarDigits"":5,""nVarNumber"":1}",298.15,True,,94.1,False
10.1021/je300152t#d15#p1#r1,10.1021/je300152t#d15#p1,10.1021/je300152t.json,15,1,1,"InChI=1S/C10H13NO2/c1-3-13-10-6-4-9(5-7-10)11-8(2)12/h4-7H,3H2,1-2H3,(H,11,12)",CPJSUEIXXCENMM-UHFFFAOYSA-N,N-(4-ethoxyphenyl)ethanamide,C10H13NO2,10.1021/je300152t,2012,"Molar enthalpy of vaporization or sublimation, kJ/mol",Liquid,"[""Liquid"",""Gas""]",Correlation gas chromatography,94.8,"{""CombinedUncertainty"":{""nCombUncertAssessNum"":1,""nCombExpandUncertValue"":7.2},""nPropValue"":94.8,""nPropNumber"":1,""nPropDigits"":3}",variable,"{""nVarNumber"":1,""nVarDigits"":5,""nVarValue"":298.15}",298.15,True,,94.8,False
10.1021/je300504f#d17#p1#r1,10.1021/je300504f#d17#p1,10.1021/je300504f.json,17,1,1,"InChI=1S/C16F34/c17-1(18,3(21,22)5(25,26)7(29,30)9(33,34)11(37,38)13(41,42)15(45,46)47)2(19,20)4(23,24)6(27,28)8(31,32)10(35,36)12(39,40)14(43,44)16(48,49)50",AQPUCGPFMVEJGS-UHFFFAOYSA-N,tetratriacontafluorohexadecane,C16F34,10.1021/je300504f,2012,"Molar enthalpy of vaporization or sublimation, kJ/mol",Liquid,"[""Liquid"",""Gas""]",Correlation gas chromatography,117.6,"{""nPropDigits"":4,""nPropNumber"":1,""nPropValue"":117.6,""CombinedUncertainty"":{""nCombExpandUncertValue"":10,""nCombUncertAssessNum"":1}}",variable,"{""nVarDigits"":3,""nVarNumber"":1,""nVarValue"":298}",298,True,,117.6,False
10.1021/je300504f#d20#p1#r1,10.1021/je300504f#d20#p1,10.1021/je300504f.json,20,1,1,"InChI=1S/C20F42/c21-1(22,3(25,26)5(29,30)7(33,34)9(37,38)11(41,42)13(45,46)15(49,50)17(53,54)19(57,58)59)2(23,24)4(27,28)6(31,32)8(35,36)10(39,40)12(43,44)14(47,48)16(51,52)18(55,56)20(60,61)62",WSXNCJNDCDTRSA-UHFFFAOYSA-N,dotetracontafluoroeicosane,C20F42,10.1021/je300504f,2012,"Molar enthalpy of vaporization or sublimation, kJ/mol",Liquid,"[""Liquid"",""Gas""]",Correlation gas chromatography,148,"{""CombinedUncertainty"":{""nCombExpandUncertValue"":18,""nCombUncertAssessNum"":1},""nPropValue"":148,""nPropNumber"":1,""nPropDigits"":3}",variable,"{""nVarValue"":298,""nVarNumber"":1,""nVarDigits"":3}",298,True,,148,False
10.1021/je300504f#d23#p1#r1,10.1021/je300504f#d23#p1,10.1021/je300504f.json,23,1,1,"InChI=1S/C24F50/c25-1(26,3(29,30)5(33,34)7(37,38)9(41,42)11(45,46)13(49,50)15(53,54)17(57,58)19(61,62)21(65,66)23(69,70)71)2(27,28)4(31,32)6(35,36)8(39,40)10(43,44)12(47,48)14(51,52)16(55,56)18(59,60)20(63,64)22(67,68)24(72,73)74",AXFFGMPNSZVEDX-UHFFFAOYSA-N,perfluorotetracosane,C24F50,10.1021/je300504f,2012,"Molar enthalpy of vaporization or sublimation, kJ/mol",Liquid,"[""Liquid"",""Gas""]",Correlation gas chromatography,168.3,"{""nPropNumber"":1,""nPropDigits"":4,""CombinedUncertainty"":{""nCombUncertAssessNum"":1,""nCombExpandUncertValue"":22.4},""nPropValue"":168.3}",variable,"{""nVarValue"":298,""nVarDigits"":3,""nVarNumber"":1}",298,True,,168.3,False
10.1021/je300902c#d1#p1#r1,10.1021/je300902c#d1#p1,10.1021/je300902c.json,1,1,1,"InChI=1S/C14H28O2/c1-2-3-4-5-6-7-8-9-10-11-12-13-14(15)16/h2-13H2,1H3,(H,15,16)",TUNFSRHWOTWDNC-UHFFFAOYSA-N,tetradecanoic acid,C14H28O2,10.1021/je300902c,2013,"Molar enthalpy of vaporization or sublimation, kJ/mol",Liquid,"[""Liquid"",""Gas""]",Correlation gas chromatography,111.2,"{""CombinedUncertainty"":{""nCombExpandUncertValue"":17.7,""nCombUncertAssessNum"":1},""nPropValue"":111.2,""nPropNumber"":1,""nPropDigits"":4}",variable,"{""nVarValue"":298,""nVarNumber"":1,""nVarDigits"":3}",298,True,,111.2,False
10.1021/je300902c#d3#p1#r1,10.1021/je300902c#d3#p1,10.1021/je300902c.json,3,1,1,"InChI=1S/C15H30O2/c1-2-3-4-5-6-7-8-9-10-11-12-13-14-15(16)17/h2-14H2,1H3,(H,16,17)",WQEPLUUGTLDZJY-UHFFFAOYSA-N,pentadecanoic acid,C15H30O2,10.1021/je300902c,2013,"Molar enthalpy of vaporization or sublimation, kJ/mol",Liquid,"[""Liquid"",""Gas""]",Correlation gas chromatography,116.6,"{""nPropValue"":116.6,""CombinedUncertainty"":{""nCombExpandUncertValue"":18.5,""nCombUncertAssessNum"":1},""nPropNumber"":1,""nPropDigits"":4}",variable,"{""nVarValue"":298,""nVarDigits"":3,""nVarNumber"":1}",298,True,,116.6,False
10.1021/je300902c#d5#p1#r1,10.1021/je300902c#d5#p1,10.1021/je300902c.json,5,1,1,"InChI=1S/C16H32O2/c1-2-3-4-5-6-7-8-9-10-11-12-13-14-15-16(17)18/h2-15H2,1H3,(H,17,18)",IPCSVZSSVZVIGE-UHFFFAOYSA-N,hexadecanoic acid,C16H32O2,10.1021/je300902c,2013,"Molar enthalpy of vaporization or sublimation, kJ/mol",Liquid,"[""Liquid"",""Gas""]",Correlation gas chromatography,121.6,"{""nPropDigits"":4,""nPropNumber"":1,""CombinedUncertainty"":{""nCombUncertAssessNum"":1,""nCombExpandUncertValue"":16.2},""nPropValue"":121.6}",variable,"{""nVarValue"":298,""nVarDigits"":3,""nVarNumber"":1}",298,True,,121.6,False
10.1021/je300902c#d7#p1#r1,10.1021/je300902c#d7#p1,10.1021/je300902c.json,7,1,1,"InChI=1S/C17H34O2/c1-2-3-4-5-6-7-8-9-10-11-12-13-14-15-16-17(18)19/h2-16H2,1H3,(H,18,19)",KEMQGTRYUADPNZ-UHFFFAOYSA-N,heptadecanoic acid,C17H34O2,10.1021/je300902c,2013,"Molar enthalpy of vaporization or sublimation, kJ/mol",Liquid,"[""Liquid"",""Gas""]",Correlation gas chromatography,127.3,"{""nPropValue"":127.3,""CombinedUncertainty"":{""nCombUncertAssessNum"":1,""nCombExpandUncertValue"":19.9},""nPropNumber"":1,""nPropDigits"":4}",variable,"{""nVarNumber"":1,""nVarDigits"":3,""nVarValue"":298}",298,True,,127.3,False
10.1021/je300902c#d9#p1#r1,10.1021/je300902c#d9#p1,10.1021/je300902c.json,9,1,1,"InChI=1S/C18H30O2/c1-2-3-4-5-6-7-8-9-10-11-12-13-14-15-16-17-18(19)20/h6-7,9-10,12-13H,2-5,8,11,14-17H2,1H3,(H,19,20)/b7-6-,10-9-,13-12-",VZCCETWTMQHEPK-QNEBEIHSSA-N,"(Z,Z,Z)-6,9,12-octatrienoic acid",C18H30O2,10.1021/je300902c,2013,"Molar enthalpy of vaporization or sublimation, kJ/mol",Liquid,"[""Liquid"",""Gas""]",Correlation gas chromatography,135.9,"{""nPropDigits"":4,""nPropNumber"":1,""nPropValue"":135.9,""CombinedUncertainty"":{""nCombExpandUncertValue"":13.8,""nCombUncertAssessNum"":1}}",variable,"{""nVarDigits"":3,""nVarNumber"":1,""nVarValue"":298}",298,True,,135.9,False
10.1021/je300902c#d11#p1#r1,10.1021/je300902c#d11#p1,10.1021/je300902c.json,11,1,1,"InChI=1S/C18H30O2/c1-2-3-4-5-6-7-8-9-10-11-12-13-14-15-16-17-18(19)20/h3-4,6-7,9-10H,2,5,8,11-17H2,1H3,(H,19,20)/b4-3-,7-6-,10-9-",DTOSIQBPPRVQHS-PDBXOOCHSA-N,"all-cis-9,12,15-octadecatrienoic acid",C18H30O2,10.1021/je300902c,2013,"Molar enthalpy of vaporization or sublimation, kJ/mol",Liquid,"[""Liquid"",""Gas""]",Correlation gas chromatography,136.9,"{""nPropDigits"":4,""nPropNumber"":1,""CombinedUncertainty"":{""nCombUncertAssessNum"":1,""nCombExpandUncertValue"":20.9},""nPropValue"":136.9}",variable,"{""nVarDigits"":3,""nVarNumber"":1,""nVarValue"":298}",298,True,,136.9,False
10.1021/je300902c#d13#p1#r1,10.1021/je300902c#d13#p1,10.1021/je300902c.json,13,1,1,"InChI=1S/C18H32O2/c1-2-3-4-5-6-7-8-9-10-11-12-13-14-15-16-17-18(19)20/h6-7,9-10H,2-5,8,11-17H2,1H3,(H,19,20)/b7-6-,10-9-",OYHQOLUKZRVURQ-HZJYTTRNSA-N,"(Z,Z)-9,12-octadecadienoic acid",C18H32O2,10.1021/je300902c,2013,"Molar enthalpy of vaporization or sublimation, kJ/mol",Liquid,"[""Liquid"",""Gas""]",Correlation gas chromatography,134.1,"{""nPropNumber"":1,""nPropDigits"":4,""CombinedUncertainty"":{""nCombExpandUncertValue"":20.7,""nCombUncertAssessNum"":1},""nPropValue"":134.1}",variable,"{""nVarNumber"":1,""nVarDigits"":3,""nVarValue"":298}",298,True,,134.1,False
10.1021/je300902c#d15#p1#r1,10.1021/je300902c#d15#p1,10.1021/je300902c.json,15,1,1,"InChI=1S/C18H34O2/c1-2-3-4-5-6-7-8-9-10-11-12-13-14-15-16-17-18(19)20/h9-10H,2-8,11-17H2,1H3,(H,19,20)/b10-9+",ZQPPMHVWECSIRJ-MDZDMXLPSA-N,(E)-9-octadecenoic acid,C18H34O2,10.1021/je300902c,2013,"Molar enthalpy of vaporization or sublimation, kJ/mol",Liquid,"[""Liquid"",""Gas""]",Correlation gas chromatography,133,"{""CombinedUncertainty"":{""nCombExpandUncertValue"":20.7,""nCombUncertAssessNum"":1},""nPropValue"":133,""nPropNumber"":1,""nPropDigits"":4}",variable,"{""nVarValue"":298,""nVarNumber"":1,""nVarDigits"":3}",298,True,,133,False
10.1021/je300902c#d17#p1#r1,10.1021/je300902c#d17#p1,10.1021/je300902c.json,17,1,1,"InChI=1S/C18H36O2/c1-2-3-4-5-6-7-8-9-10-11-12-13-14-15-16-17-18(19)20/h2-17H2,1H3,(H,19,20)",QIQXTHQIDYTFRH-UHFFFAOYSA-N,octadecanoic acid,C18H36O2,10.1021/je300902c,2013,"Molar enthalpy of vaporization or sublimation, kJ/mol",Liquid,"[""Liquid"",""Gas""]",Correlation gas chromatography,132.6,"{""nPropValue"":132.6,""CombinedUncertainty"":{""nCombExpandUncertValue"":17.4,""nCombUncertAssessNum"":1},""nPropDigits"":4,""nPropNumber"":1}",variable,"{""nVarNumber"":1,""nVarDigits"":3,""nVarValue"":298}",298,True,,132.6,False
10.1021/je300902c#d19#p1#r1,10.1021/je300902c#d19#p1,10.1021/je300902c.json,19,1,1,"InChI=1S/C19H38O2/c1-2-3-4-5-6-7-8-9-10-11-12-13-14-15-16-17-18-19(20)21/h2-18H2,1H3,(H,20,21)",ISYWECDDZWTKFF-UHFFFAOYSA-N,nonadecanoic acid,C19H38O2,10.1021/je300902c,2013,"Molar enthalpy of vaporization or sublimation, kJ/mol",Liquid,"[""Liquid"",""Gas""]",Correlation gas chromatography,138,"{""nPropValue"":138,""CombinedUncertainty"":{""nCombUncertAssessNum"":1,""nCombExpandUncertValue"":13.8},""nPropNumber"":1,""nPropDigits"":4}",variable,"{""nVarDigits"":3,""nVarNumber"":1,""nVarValue"":298}",298,True,,138,False
10.1021/je300902c#d21#p1#r1,10.1021/je300902c#d21#p1,10.1021/je300902c.json,21,1,1,"InChI=1S/C20H40O2/c1-2-3-4-5-6-7-8-9-10-11-12-13-14-15-16-17-18-19-20(21)22/h2-19H2,1H3,(H,21,22)",VKOBVWXKNCXXDE-UHFFFAOYSA-N,eicosanoic acid,C20H40O2,10.1021/je300902c,2013,"Molar enthalpy of vaporization or sublimation, kJ/mol",Liquid,"[""Liquid"",""Gas""]",Correlation gas chromatography,143.7,"{""CombinedUncertainty"":{""nCombExpandUncertValue"":16.2,""nCombUncertAssessNum"":1},""nPropValue"":143.7,""nPropDigits"":4,""nPropNumber"":1}",variable,"{""nVarNumber"":1,""nVarDigits"":3,""nVarValue"":298}",298,True,,143.7,False
10.1021/je300902c#d23#p1#r1,10.1021/je300902c#d23#p1,10.1021/je300902c.json,23,1,1,"InChI=1S/C21H42O2/c1-2-3-4-5-6-7-8-9-10-11-12-13-14-15-16-17-18-19-20-21(22)23/h2-20H2,1H3,(H,22,23)",CKDDRHZIAZRDBW-UHFFFAOYSA-N,heneicosanoic acid,C21H42O2,10.1021/je300902c,2013,"Molar enthalpy of vaporization or sublimation, kJ/mol",Liquid,"[""Liquid"",""Gas""]",Correlation gas chromatography,149.2,"{""nPropValue"":149.2,""CombinedUncertainty"":{""nCombExpandUncertValue"":14.4,""nCombUncertAssessNum"":1},""nPropNumber"":1,""nPropDigits"":4}",variable,"{""nVarNumber"":1,""nVarDigits"":3,""nVarValue"":298}",298,True,,149.2,False
10.1021/je300902c#d25#p1#r1,10.1021/je300902c#d25#p1,10.1021/je300902c.json,25,1,1,"InChI=1S/C22H42O2/c1-2-3-4-5-6-7-8-9-10-11-12-13-14-15-16-17-18-19-20-21-22(23)24/h9-10H,2-8,11-21H2,1H3,(H,23,24)/b10-9-",DPUOLQHDNGRHBS-KTKRTIGZSA-N,13-docosenoic acid (Z),C22H42O2,10.1021/je300902c,2013,"Molar enthalpy of vaporization or sublimation, kJ/mol",Liquid,"[""Liquid"",""Gas""]",Correlation gas chromatography,154.5,"{""CombinedUncertainty"":{""nCombUncertAssessNum"":1,""nCombExpandUncertValue"":14.8},""nPropValue"":154.5,""nPropNumber"":1,""nPropDigits"":4}",variable,"{""nVarDigits"":3,""nVarNumber"":1,""nVarValue"":298}",298,True,,154.5,False
10.1021/je300902c#d31#p1#r1,10.1021/je300902c#d31#p1,10.1021/je300902c.json,31,1,1,"InChI=1S/C22H44O2/c1-2-3-4-5-6-7-8-9-10-11-12-13-14-15-16-17-18-19-20-21-22(23)24/h2-21H2,1H3,(H,23,24)",UKMSUNONTOPOIO-UHFFFAOYSA-N,docosanoic acid,C22H44O2,10.1021/je300902c,2013,"Molar enthalpy of vaporization or sublimation, kJ/mol",Liquid,"[""Liquid"",""Gas""]",DSC,154.7,"{""CombinedUncertainty"":{""nCombExpandUncertValue"":14.9,""nCombUncertAssessNum"":1},""nPropValue"":154.7,""nPropDigits"":4,""nPropNumber"":1}",variable,"{""nVarValue"":298,""nVarNumber"":1,""nVarDigits"":3}",298,True,,154.7,False
10.1021/je400212t#d2#p1#r1,10.1021/je400212t#d2#p1,10.1021/je400212t.json,2,1,1,"InChI=1S/C9H13N/c1-8(10)7-9-5-3-2-4-6-9/h2-6,8H,7,10H2,1H3/t8-/m0/s1",KWTSXDURSIMDCE-QMMMGPOBSA-N,(S)-1-phenylpropan-2-amine,C9H13N,10.1021/je400212t,2013,"Molar enthalpy of vaporization or sublimation, kJ/mol",Liquid,"[""Liquid"",""Gas""]",Correlation gas chromatography,58.2,"{""nPropDigits"":3,""nPropNumber"":1,""nPropValue"":58.2,""CombinedUncertainty"":{""nCombExpandUncertValue"":5.6,""nCombUncertAssessNum"":1}}",variable,"{""nVarValue"":298.15,""nVarDigits"":5,""nVarNumber"":1}",298.15,True,,58.2,False
10.1021/je4008052#d1#p1#r1,10.1021/je4008052#d1#p1,10.1021/je4008052.json,1,1,1,"InChI=1S/C23H46/c1-3-5-7-9-11-13-15-17-19-21-23-22-20-18-16-14-12-10-8-6-4-2/h17,19H,3-16,18,20-23H2,1-2H3/b19-17-",IGOWHGRNPLFNDJ-ZPHPHTNESA-N,(Z)-tricos-9-ene,C23H46,10.1021/je4008052,2013,"Molar enthalpy of vaporization or sublimation, kJ/mol",Liquid,"[""Liquid"",""Gas""]",Correlation gas chromatography,114.4,"{""nPropDigits"":4,""nPropNumber"":1,""CombinedUncertainty"":{""nCombUncertAssessNum"":1,""nCombExpandUncertValue"":2.9},""nPropValue"":114.4}",variable,"{""nVarValue"":298.15,""nVarNumber"":1,""nVarDigits"":5}",298.15,True,,114.4,False
10.1021/je4008052#d3#p1#r1,10.1021/je4008052#d3#p1,10.1021/je4008052.json,3,1,1,"InChI=1S/C23H46/c1-3-5-7-9-11-13-15-17-19-21-23-22-20-18-16-14-12-10-8-6-4-2/h17,19H,3-16,18,20-23H2,1-2H3/b19-17+",IGOWHGRNPLFNDJ-HTXNQAPBSA-N,(E)-9-tricosene,C23H46,10.1021/je4008052,2013,"Molar enthalpy of vaporization or sublimation, kJ/mol",Liquid,"[""Liquid"",""Gas""]",Correlation gas chromatography,114.5,"{""CombinedUncertainty"":{""nCombUncertAssessNum"":1,""nCombExpandUncertValue"":2.9},""nPropValue"":114.5,""nPropDigits"":4,""nPropNumber"":1}",variable,"{""nVarValue"":298.15,""nVarDigits"":5,""nVarNumber"":1}",298.15,True,,114.5,False
10.1021/je401026a#d2#p1#r1,10.1021/je401026a#d2#p1,10.1021/je401026a.json,2,1,1,"InChI=1S/C6H12Cl3O4P/c7-1-4-11-14(10,12-5-2-8)13-6-3-9/h1-6H2",HQUQLFOMPYWACS-UHFFFAOYSA-N,tris(2-chloroethyl) phosphate,C6H12Cl3O4P,10.1021/je401026a,2014,"Molar enthalpy of vaporization or sublimation, kJ/mol",Liquid,"[""Liquid"",""Gas""]",Correlation gas chromatography,82,"{""nPropDigits"":3,""nPropNumber"":1,""CombinedUncertainty"":{""nCombExpandUncertValue"":20.6,""nCombUncertAssessNum"":1},""nPropValue"":82}",variable,"{""nVarNumber"":1,""nVarDigits"":3,""nVarValue"":348}",348,True,,82,False
10.1021/je401026a#d4#p1#r1,10.1021/je401026a#d4#p1,10.1021/je401026a.json,4,1,1,"InChI=1S/C9H18Cl3O4P/c1-7(4-10)14-17(13,15-8(2)5-11)16-9(3)6-12/h7-9H,4-6H2,1-3H3",KVMPUXDNESXNOH-UHFFFAOYSA-N,tris(1-chloro-2-propyl) phosphate,C9H18Cl3O4P,10.1021/je401026a,2014,"Molar enthalpy of vaporization or sublimation, kJ/mol",Liquid,"[""Liquid"",""Gas""]",Correlation gas chromatography,85.2,"{""CombinedUncertainty"":{""nCombUncertAssessNum"":1,""nCombExpandUncertValue"":21.4},""nPropValue"":85.2,""nPropDigits"":3,""nPropNumber"":1}",variable,"{""nVarNumber"":1,""nVarDigits"":3,""nVarValue"":348}",348,True,,85.2,False
10.1021/je401026a#d6#p1#r1,10.1021/je401026a#d6#p1,10.1021/je401026a.json,6,1,1,"InChI=1S/C9H15Cl6O4P/c10-1-7(2-11)17-20(16,18-8(3-12)4-13)19-9(5-14)6-15/h7-9H,1-6H2",ASLWPAWFJZFCKF-UHFFFAOYSA-N,"tris(1,3-dichloro-2-propanol) phosphate",C9H15Cl6O4P,10.1021/je401026a,2014,"Molar enthalpy of vaporization or sublimation, kJ/mol",Liquid,"[""Liquid"",""Gas""]",Correlation gas chromatography,91.3,"{""CombinedUncertainty"":{""nCombExpandUncertValue"":7.1,""nCombUncertAssessNum"":1},""nPropValue"":91.3,""nPropDigits"":3,""nPropNumber"":1}",variable,"{""nVarDigits"":3,""nVarNumber"":1,""nVarValue"":398}",398,True,,91.3,False
10.1021/je401026a#d8#p1#r1,10.1021/je401026a#d8#p1,10.1021/je401026a.json,8,1,1,"InChI=1S/C18H39O7P/c1-4-7-10-20-13-16-23-26(19,24-17-14-21-11-8-5-2)25-18-15-22-12-9-6-3/h4-18H2,1-3H3",WTLBZVNBAKMVDP-UHFFFAOYSA-N,tris(2-butoxyethyl) phosphate,C18H39O7P,10.1021/je401026a,2014,"Molar enthalpy of vaporization or sublimation, kJ/mol",Liquid,"[""Liquid"",""Gas""]",Correlation gas chromatography,102.6,"{""nPropValue"":102.6,""CombinedUncertainty"":{""nCombExpandUncertValue"":8,""nCombUncertAssessNum"":1},""nPropNumber"":1,""nPropDigits"":4}",variable,"{""nVarValue"":398,""nVarNumber"":1,""nVarDigits"":3}",398,True,,102.6,False
10.1021/je401026a#d10#p1#r1,10.1021/je401026a#d10#p1,10.1021/je401026a.json,10,1,1,"InChI=1S/C24H51O4P/c1-7-13-16-22(10-4)19-26-29(25,27-20-23(11-5)17-14-8-2)28-21-24(12-6)18-15-9-3/h22-24H,7-21H2,1-6H3",GTVWRXDRKAHEAD-UHFFFAOYSA-N,tris(2-ethylhexyl) phosphate,C24H51O4P,10.1021/je401026a,2014,"Molar enthalpy of vaporization or sublimation, kJ/mol",Liquid,"[""Liquid"",""Gas""]",Correlation gas chromatography,106,"{""CombinedUncertainty"":{""nCombExpandUncertValue"":8.2,""nCombUncertAssessNum"":1},""nPropValue"":106,""nPropNumber"":1,""nPropDigits"":4}",variable,"{""nVarValue"":398,""nVarNumber"":1,""nVarDigits"":3}",398,True,,106,False
10.1021/je401026a#d12#p1#r1,10.1021/je401026a#d12#p1,10.1021/je401026a.json,12,1,1,"InChI=1S/C18H15O4P/c19-23(20-16-10-4-1-5-11-16,21-17-12-6-2-7-13-17)22-18-14-8-3-9-15-18/h1-15H",XZZNDPSIHUTMOC-UHFFFAOYSA-N,triphenyl phosphate,C18H15O4P,10.1021/je401026a,2014,"Molar enthalpy of vaporization or sublimation, kJ/mol",Liquid,"[""Liquid"",""Gas""]",Correlation gas chromatography,92.8,"{""nPropDigits"":3,""nPropNumber"":1,""nPropValue"":92.8,""CombinedUncertainty"":{""nCombUncertAssessNum"":1,""nCombExpandUncertValue"":7.2}}",variable,"{""nVarValue"":398,""nVarNumber"":1,""nVarDigits"":3}",398,True,,92.8,False
10.1021/je401026a#d14#p1#r1,10.1021/je401026a#d14#p1,10.1021/je401026a.json,14,1,1,"InChI=1S/C20H27O4P/c1-3-5-12-18(4-2)17-22-25(21,23-19-13-8-6-9-14-19)24-20-15-10-7-11-16-20/h6-11,13-16,18H,3-5,12,17H2,1-2H3",CGSLYBDCEGBZCG-UHFFFAOYSA-N,2-ethylhexyl diphenyl phosphate,C20H27O4P,10.1021/je401026a,2014,"Molar enthalpy of vaporization or sublimation, kJ/mol",Liquid,"[""Liquid"",""Gas""]",Correlation gas chromatography,99.9,"{""nPropNumber"":1,""nPropDigits"":3,""nPropValue"":99.9,""CombinedUncertainty"":{""nCombExpandUncertValue"":7.8,""nCombUncertAssessNum"":1}}",variable,"{""nVarDigits"":3,""nVarNumber"":1,""nVarValue"":398}",398,True,,99.9,False
10.1021/je401026a#d16#p1#r1,10.1021/je401026a#d16#p1,10.1021/je401026a.json,16,1,1,"InChI=1S/C27H33O4P/c1-19(2)22-13-7-10-16-25(22)29-32(28,30-26-17-11-8-14-23(26)20(3)4)31-27-18-12-9-15-24(27)21(5)6/h7-21H,1-6H3",LIPMRGQQBZJCTM-UHFFFAOYSA-N,tris(2-(1-methylethyl)-phenol) phosphate,C27H33O4P,10.1021/je401026a,2014,"Molar enthalpy of vaporization or sublimation, kJ/mol",Liquid,"[""Liquid"",""Gas""]",Correlation gas chromatography,108.5,"{""nPropDigits"":4,""nPropNumber"":1,""nPropValue"":108.5,""CombinedUncertainty"":{""nCombExpandUncertValue"":8.5,""nCombUncertAssessNum"":1}}",variable,"{""nVarDigits"":3,""nVarNumber"":1,""nVarValue"":398}",398,True,,108.5,False
10.1021/je401026a#d18#p1#r1,10.1021/je401026a#d18#p1,10.1021/je401026a.json,18,1,1,"InChI=1S/C21H21O4P/c1-16-10-4-7-13-19(16)23-26(22,24-20-14-8-5-11-17(20)2)25-21-15-9-6-12-18(21)3/h4-15H,1-3H3",YSMRWXYRXBRSND-UHFFFAOYSA-N,tri-2-tolyl phosphate,C21H21O4P,10.1021/je401026a,2014,"Molar enthalpy of vaporization or sublimation, kJ/mol",Liquid,"[""Liquid"",""Gas""]",Correlation gas chromatography,99.3,"{""CombinedUncertainty"":{""nCombExpandUncertValue"":7.8,""nCombUncertAssessNum"":1},""nPropValue"":99.3,""nPropNumber"":1,""nPropDigits"":3}",variable,"{""nVarDigits"":3,""nVarNumber"":1,""nVarValue"":398}",398,True,,99.3,False
10.1021/je401026a#d20#p1#r1,10.1021/je401026a#d20#p1,10.1021/je401026a.json,20,1,1,"InChI=1S/C21H21O4P/c1-16-7-4-10-19(13-16)23-26(22,24-20-11-5-8-17(2)14-20)25-21-12-6-9-18(3)15-21/h4-15H,1-3H3",RMLPZKRPSQVRAB-UHFFFAOYSA-N,tri-m-tolyl phosphate,C21H21O4P,10.1021/je401026a,2014,"Molar enthalpy of vaporization or sublimation, kJ/mol",Liquid,"[""Liquid"",""Gas""]",Correlation gas chromatography,103.7,"{""nPropValue"":103.7,""CombinedUncertainty"":{""nCombExpandUncertValue"":8,""nCombUncertAssessNum"":1},""nPropNumber"":1,""nPropDigits"":4}",variable,"{""nVarNumber"":1,""nVarDigits"":3,""nVarValue"":398}",398,True,,103.7,False
10.1021/je401026a#d22#p1#r1,10.1021/je401026a#d22#p1,10.1021/je401026a.json,22,1,1,"InChI=1S/C21H21O4P/c1-16-4-10-19(11-5-16)23-26(22,24-20-12-6-17(2)7-13-20)25-21-14-8-18(3)9-15-21/h4-15H,1-3H3",BOSMZFBHAYFUBJ-UHFFFAOYSA-N,"phosphoric acid, tri-p-cresyl ester",C21H21O4P,10.1021/je401026a,2014,"Molar enthalpy of vaporization or sublimation, kJ/mol",Liquid,"[""Liquid"",""Gas""]",Correlation gas chromatography,105.7,"{""nPropDigits"":4,""nPropNumber"":1,""nPropValue"":105.7,""CombinedUncertainty"":{""nCombUncertAssessNum"":1,""nCombExpandUncertValue"":8.2}}",variable,"{""nVarValue"":398,""nVarNumber"":1,""nVarDigits"":3}",398,True,,105.7,False
10.1021/je500110d#d2#p1#r1,10.1021/je500110d#d2#p1,10.1021/je500110d.json,2,1,1,"InChI=1S/C16H22O4/c1-3-5-11-19-15(17)13-9-7-8-10-14(13)16(18)20-12-6-4-2/h7-10H,3-6,11-12H2,1-2H3",DOIRQSBPFJWKBE-UHFFFAOYSA-N,dibutyl phthalate,C16H22O4,10.1021/je500110d,2014,"Molar enthalpy of vaporization or sublimation, kJ/mol",Liquid,"[""Liquid"",""Gas""]",Correlation gas chromatography,95,"{""CombinedUncertainty"":{""nCombUncertAssessNum"":1,""nCombExpandUncertValue"":3.9},""nPropValue"":95,""nPropNumber"":1,""nPropDigits"":3}",variable,"{""nVarDigits"":5,""nVarNumber"":1,""nVarValue"":298.15}",298.15,True,,95,False
10.1021/je500110d#d4#p1#r1,10.1021/je500110d#d4#p1,10.1021/je500110d.json,4,1,1,"InChI=1S/C19H20O4/c1-2-3-13-22-18(20)16-11-7-8-12-17(16)19(21)23-14-15-9-5-4-6-10-15/h4-12H,2-3,13-14H2,1H3",IRIAEXORFWYRCZ-UHFFFAOYSA-N,"benzyl butyl 1,2-benzenedioate",C19H20O4,10.1021/je500110d,2014,"Molar enthalpy of vaporization or sublimation, kJ/mol",Liquid,"[""Liquid"",""Gas""]",Correlation gas chromatography,106.2,"{""nPropNumber"":1,""nPropDigits"":4,""nPropValue"":106.2,""CombinedUncertainty"":{""nCombExpandUncertValue"":5.2,""nCombUncertAssessNum"":1}}",variable,"{""nVarDigits"":5,""nVarNumber"":1,""nVarValue"":298.15}",298.15,True,,106.2,False
10.1021/je500110d#d8#p1#r1,10.1021/je500110d#d8#p1,10.1021/je500110d.json,8,1,1,"InChI=1S/C20H26O4/c21-19(23-15-9-3-1-4-10-15)17-13-7-8-14-18(17)20(22)24-16-11-5-2-6-12-16/h7-8,13-16H,1-6,9-12H2",VOWAEIGWURALJQ-UHFFFAOYSA-N,dicyclohexyl phthalate,C20H26O4,10.1021/je500110d,2014,"Molar enthalpy of vaporization or sublimation, kJ/mol",Metastable liquid,"[""Metastable liquid"",""Gas""]",Correlation gas chromatography,109.9,"{""nPropNumber"":1,""nPropDigits"":4,""CombinedUncertainty"":{""nCombUncertAssessNum"":1,""nCombExpandUncertValue"":2.9},""nPropValue"":109.9}",variable,"{""nVarValue"":298.15,""nVarNumber"":1,""nVarDigits"":5}",298.15,False,,109.9,False
10.1021/je500110d#d10#p1#r1,10.1021/je500110d#d10#p1,10.1021/je500110d.json,10,1,1,"InChI=1S/C24H38O4/c1-5-9-11-19(7-3)17-27-23(25)21-13-15-22(16-14-21)24(26)28-18-20(8-4)12-10-6-2/h13-16,19-20H,5-12,17-18H2,1-4H3",RWPICVVBGZBXNA-UHFFFAOYSA-N,bis(2-ethylhexyl) terephthalate,C24H38O4,10.1021/je500110d,2014,"Molar enthalpy of vaporization or sublimation, kJ/mol",Liquid,"[""Liquid"",""Gas""]",Correlation gas chromatography,123.3,"{""nPropValue"":123.3,""CombinedUncertainty"":{""nCombUncertAssessNum"":1,""nCombExpandUncertValue"":3.5},""nPropDigits"":4,""nPropNumber"":1}",variable,"{""nVarNumber"":1,""nVarDigits"":5,""nVarValue"":298.15}",298.15,True,,123.3,False
10.1021/je500110d#d12#p1#r1,10.1021/je500110d#d12#p1,10.1021/je500110d.json,12,1,1,"InChI=1S/C24H38O4/c1-3-5-7-9-11-15-19-27-23(25)21-17-13-14-18-22(21)24(26)28-20-16-12-10-8-6-4-2/h13-14,17-18H,3-12,15-16,19-20H2,1-2H3",MQIUGAXCHLFZKX-UHFFFAOYSA-N,"dioctyl 1,2-benzenedicarboxylate",C24H38O4,10.1021/je500110d,2014,"Molar enthalpy of vaporization or sublimation, kJ/mol",Liquid,"[""Liquid"",""Gas""]",Correlation gas chromatography,122.6,"{""CombinedUncertainty"":{""nCombExpandUncertValue"":3.6,""nCombUncertAssessNum"":1},""nPropValue"":122.6,""nPropDigits"":4,""nPropNumber"":1}",variable,"{""nVarValue"":298.15,""nVarNumber"":1,""nVarDigits"":5}",298.15,True,,122.6,False
10.1021/je500358r#d2#p1#r1,10.1021/je500358r#d2#p1,10.1021/je500358r.json,2,1,1,"InChI=1S/C12H27N/c1-10(2)7-13(8-11(3)4)9-12(5)6/h10-12H,7-9H2,1-6H3",IIFFFBSAXDNJHX-UHFFFAOYSA-N,triisobutylamine,C12H27N,10.1021/je500358r,2014,"Molar enthalpy of vaporization or sublimation, kJ/mol",Liquid,"[""Liquid"",""Gas""]",DSC,52.3,"{""nPropDigits"":3,""nPropNumber"":1,""CombinedUncertainty"":{""nCombExpandUncertValue"":4.6,""nCombUncertAssessNum"":1},""nPropValue"":52.3}",variable,"{""nVarDigits"":3,""nVarNumber"":1,""nVarValue"":298}",298,True,,52.3,False
10.1021/je500358r#d4#p1#r1,10.1021/je500358r#d4#p1,10.1021/je500358r.json,4,1,1,"InChI=1S/C12H27N/c1-4-7-10-13(11-8-5-2)12-9-6-3/h4-12H2,1-3H3",IMFACGCPASFAPR-UHFFFAOYSA-N,tributylamine,C12H27N,10.1021/je500358r,2014,"Molar enthalpy of vaporization or sublimation, kJ/mol",Liquid,"[""Liquid"",""Gas""]",DSC,58,"{""nPropValue"":58,""CombinedUncertainty"":{""nCombUncertAssessNum"":1,""nCombExpandUncertValue"":4.1},""nPropDigits"":3,""nPropNumber"":1}",variable,"{""nVarDigits"":3,""nVarNumber"":1,""nVarValue"":298}",298,True,,58,False
10.1021/je500358r#d6#p1#r1,10.1021/je500358r#d6#p1,10.1021/je500358r.json,6,1,1,"InChI=1S/C13H17N/c1-4-10-14(3)12(2)11-13-8-6-5-7-9-13/h1,5-9,12H,10-11H2,2-3H3/t12-/m1/s1",MEZLKOACVSPNER-GFCCVEGCSA-N,(R)-N-methyl-N-(1-phenylpropan-2-yl)prop-2-yn-1-amine,C13H17N,10.1021/je500358r,2014,"Molar enthalpy of vaporization or sublimation, kJ/mol",Liquid,"[""Liquid"",""Gas""]",DSC,64.3,"{""nPropDigits"":3,""nPropNumber"":1,""CombinedUncertainty"":{""nCombUncertAssessNum"":1,""nCombExpandUncertValue"":4.7},""nPropValue"":64.3}",variable,"{""nVarNumber"":1,""nVarDigits"":3,""nVarValue"":298}",298,True,,64.3,False
10.1021/je500358r#d8#p1#r1,10.1021/je500358r#d8#p1,10.1021/je500358r.json,8,1,1,"InChI=1S/C16H35N/c1-4-5-6-7-8-9-10-11-12-13-14-15-16-17(2)3/h4-16H2,1-3H3",SFBHPFQSSDCYSL-UHFFFAOYSA-N,"1-tetradecanamine, N,N-dimethyl-",C16H35N,10.1021/je500358r,2014,"Molar enthalpy of vaporization or sublimation, kJ/mol",Liquid,"[""Liquid"",""Gas""]",DSC,77.3,"{""nPropNumber"":1,""nPropDigits"":3,""nPropValue"":77.3,""CombinedUncertainty"":{""nCombExpandUncertValue"":4.2,""nCombUncertAssessNum"":1}}",variable,"{""nVarNumber"":1,""nVarDigits"":3,""nVarValue"":298}",298,True,,77.3,False
10.1021/je500358r#d10#p1#r1,10.1021/je500358r#d10#p1,10.1021/je500358r.json,10,1,1,"InChI=1S/C17H21N/c1-15(13-16-9-5-3-6-10-16)18(2)14-17-11-7-4-8-12-17/h3-12,15H,13-14H2,1-2H3/t15-/m0/s1",YXKTVDFXDRQTKV-HNNXBMFYSA-N,(S)-N-benzyl-N-methyl-1-phenylpropan-2-amine,C17H21N,10.1021/je500358r,2014,"Molar enthalpy of vaporization or sublimation, kJ/mol",Liquid,"[""Liquid"",""Gas""]",DSC,77.2,"{""nPropNumber"":1,""nPropDigits"":3,""nPropValue"":77.2,""CombinedUncertainty"":{""nCombExpandUncertValue"":2.3,""nCombUncertAssessNum"":1}}",variable,"{""nVarValue"":298,""nVarNumber"":1,""nVarDigits"":3}",298,True,,77.2,False
10.1021/je500358r#d12#p1#r1,10.1021/je500358r#d12#p1,10.1021/je500358r.json,12,1,1,"InChI=1S/C18H39N/c1-4-5-6-7-8-9-10-11-12-13-14-15-16-17-18-19(2)3/h4-18H2,1-3H3",NHLUVTZJQOJKCC-UHFFFAOYSA-N,"1-hexadecanamine, N,N-dimethyl-",C18H39N,10.1021/je500358r,2014,"Molar enthalpy of vaporization or sublimation, kJ/mol",Liquid,"[""Liquid"",""Gas""]",DSC,84.8,"{""CombinedUncertainty"":{""nCombUncertAssessNum"":1,""nCombExpandUncertValue"":12.2},""nPropValue"":84.8,""nPropDigits"":3,""nPropNumber"":1}",variable,"{""nVarValue"":298,""nVarDigits"":3,""nVarNumber"":1}",298,True,,84.8,False
10.1021/je500358r#d14#p1#r1,10.1021/je500358r#d14#p1,10.1021/je500358r.json,14,1,1,"InChI=1S/C20H27N/c1-2-21(17-9-15-19-11-5-3-6-12-19)18-10-16-20-13-7-4-8-14-20/h3-8,11-14H,2,9-10,15-18H2,1H3",ZPFXAOWNKLFJDN-UHFFFAOYSA-N,N-ethyl-3-phenyl-N-(3-phenylpropyl)propan-1-amine,C20H27N,10.1021/je500358r,2014,"Molar enthalpy of vaporization or sublimation, kJ/mol",Liquid,"[""Liquid"",""Gas""]",DSC,89.3,"{""nPropNumber"":1,""nPropDigits"":3,""CombinedUncertainty"":{""nCombExpandUncertValue"":2.8,""nCombUncertAssessNum"":1},""nPropValue"":89.3}",variable,"{""nVarNumber"":1,""nVarDigits"":3,""nVarValue"":298}",298,True,,89.3,False
10.1021/je500358r#d16#p1#r1,10.1021/je500358r#d16#p1,10.1021/je500358r.json,16,1,1,"InChI=1S/C21H21N/c1-4-10-19(11-5-1)16-22(17-20-12-6-2-7-13-20)18-21-14-8-3-9-15-21/h1-15H,16-18H2",MXHTZQSKTCCMFG-UHFFFAOYSA-N,"benzenemethanamine, N,N-bis(phenylmethyl)-",C21H21N,10.1021/je500358r,2014,"Molar enthalpy of vaporization or sublimation, kJ/mol",Liquid,"[""Liquid"",""Gas""]",DSC,92.4,"{""nPropDigits"":3,""nPropNumber"":1,""nPropValue"":92.4,""CombinedUncertainty"":{""nCombUncertAssessNum"":1,""nCombExpandUncertValue"":3.5}}",variable,"{""nVarNumber"":1,""nVarDigits"":3,""nVarValue"":298}",298,True,,92.4,False
10.1021/je500358r#d22#p1#r1,10.1021/je500358r#d22#p1,10.1021/je500358r.json,22,1,1,"InChI=1S/C24H51N/c1-4-7-10-13-16-19-22-25(23-20-17-14-11-8-5-2)24-21-18-15-12-9-6-3/h4-24H2,1-3H3",XTAZYLNFDRKIHJ-UHFFFAOYSA-N,trioctylamine,C24H51N,10.1021/je500358r,2014,"Molar enthalpy of vaporization or sublimation, kJ/mol",Liquid,"[""Liquid"",""Gas""]",DSC,100.1,"{""nPropNumber"":1,""nPropDigits"":4,""CombinedUncertainty"":{""nCombUncertAssessNum"":1,""nCombExpandUncertValue"":3.5},""nPropValue"":100.1}",variable,"{""nVarValue"":298,""nVarDigits"":3,""nVarNumber"":1}",298,True,,100.1,False
10.1021/je5008795#d1#p1#r1,10.1021/je5008795#d1#p1,10.1021/je5008795.json,1,1,1,InChI=1S/C6H4Cl2/c7-5-2-1-3-6(8)4-5/h1-4H,ZPQOPVIELGIULI-UHFFFAOYSA-N,"1,3-dichlorobenzene",C6H4Cl2,10.1021/je5008795,2015,"Molar enthalpy of vaporization or sublimation, kJ/mol",Liquid,"[""Liquid"",""Gas""]",derived,47.3,"{""nPropValue"":47.3,""CombinedUncertainty"":{""nCombExpandUncertValue"":0.4,""nCombUncertAssessNum"":1},""nPropDigits"":3,""nPropNumber"":1}",variable,"{""nVarValue"":298.15,""nVarNumber"":1,""nVarDigits"":5}",298.15,True,,47.3,False
10.1021/je5008795#d2#p1#r1,10.1021/je5008795#d2#p1,10.1021/je5008795.json,2,1,1,InChI=1S/C6H4BrCl/c7-5-1-3-6(8)4-2-5/h1-4H,NHDODQWIKUYWMW-UHFFFAOYSA-N,1-bromo-4-chlorobenzene,C6H4BrCl,10.1021/je5008795,2015,"Molar enthalpy of vaporization or sublimation, kJ/mol",Crystal,"[""Crystal"",""Gas""]",derived,67.3,"{""nPropDigits"":3,""nPropNumber"":1,""nPropValue"":67.3,""CombinedUncertainty"":{""nCombUncertAssessNum"":1,""nCombExpandUncertValue"":0.2}}",variable,"{""nVarDigits"":5,""nVarNumber"":1,""nVarValue"":298.15}",298.15,False,,67.3,False
10.1021/je5008795#d3#p1#r1,10.1021/je5008795#d3#p1,10.1021/je5008795.json,3,1,1,InChI=1S/C6H4Br2/c7-5-2-1-3-6(8)4-5/h1-4H,JSRLURSZEMLAFO-UHFFFAOYSA-N,"1,3-dibromobenzene",C6H4Br2,10.1021/je5008795,2015,"Molar enthalpy of vaporization or sublimation, kJ/mol",Liquid,"[""Liquid"",""Gas""]",derived,55,"{""nPropValue"":55,""CombinedUncertainty"":{""nCombExpandUncertValue"":0.3,""nCombUncertAssessNum"":1},""nPropNumber"":1,""nPropDigits"":3}",variable,"{""nVarValue"":298.15,""nVarNumber"":1,""nVarDigits"":5}",298.15,True,,55,False
10.1021/je5008795#d5#p1#r1,10.1021/je5008795#d5#p1,10.1021/je5008795.json,5,1,1,InChI=1S/C6H4Br2/c7-5-1-2-6(8)4-3-5/h1-4H,SWJPEBQEEAHIGZ-UHFFFAOYSA-N,"1,4-dibromobenzene",C6H4Br2,10.1021/je5008795,2015,"Molar enthalpy of vaporization or sublimation, kJ/mol",Crystal,"[""Crystal"",""Gas""]",derived,73.3,"{""CombinedUncertainty"":{""nCombUncertAssessNum"":1,""nCombExpandUncertValue"":0.5},""nPropValue"":73.3,""nPropDigits"":3,""nPropNumber"":1}",variable,"{""nVarDigits"":5,""nVarNumber"":1,""nVarValue"":298.15}",298.15,False,,73.3,False
10.1021/je5008795#d7#p1#r1,10.1021/je5008795#d7#p1,10.1021/je5008795.json,7,1,1,InChI=1S/C6H2Cl4/c7-3-1-4(8)6(10)2-5(3)9/h1-2H,JHBKHLUZVFWLAG-UHFFFAOYSA-N,"1,2,4,5-tetrachlorobenzene",C6H2Cl4,10.1021/je5008795,2015,"Molar enthalpy of vaporization or sublimation, kJ/mol",Crystal,"[""Crystal"",""Gas""]",derived,80.9,"{""nPropValue"":80.9,""CombinedUncertainty"":{""nCombUncertAssessNum"":1,""nCombExpandUncertValue"":1},""nPropNumber"":1,""nPropDigits"":3}",variable,"{""nVarValue"":298.15,""nVarDigits"":5,""nVarNumber"":1}",298.15,False,,80.9,False
10.1021/je5008795#d8#p1#r1,10.1021/je5008795#d8#p1,10.1021/je5008795.json,8,1,1,InChI=1S/C6Cl6/c7-1-2(8)4(10)6(12)5(11)3(1)9,CKAPSXZOOQJIBF-UHFFFAOYSA-N,hexachlorobenzene,C6Cl6,10.1021/je5008795,2015,"Molar enthalpy of vaporization or sublimation, kJ/mol",Crystal,"[""Crystal"",""Gas""]",derived,94.3,"{""nPropNumber"":1,""nPropDigits"":3,""nPropValue"":94.3,""CombinedUncertainty"":{""nCombUncertAssessNum"":1,""nCombExpandUncertValue"":0.6}}",variable,"{""nVarValue"":298.15,""nVarNumber"":1,""nVarDigits"":5}",298.15,False,,94.3,False
10.1021/je5008795#d9#p1#r1,10.1021/je5008795#d9#p1,10.1021/je5008795.json,9,1,1,InChI=1S/C10H7Br/c11-10-7-3-5-8-4-1-2-6-9(8)10/h1-7H,DLKQHBOKULLWDQ-UHFFFAOYSA-N,1-bromonaphthalene,C10H7Br,10.1021/je5008795,2015,"Molar enthalpy of vaporization or sublimation, kJ/mol",Liquid,"[""Liquid"",""Gas""]",derived,64,"{""CombinedUncertainty"":{""nCombUncertAssessNum"":1,""nCombExpandUncertValue"":0.4},""nPropValue"":64,""nPropDigits"":3,""nPropNumber"":1}",variable,"{""nVarValue"":298.15,""nVarDigits"":5,""nVarNumber"":1}",298.15,True,,64,False
10.1021/je5008795#d10#p1#r1,10.1021/je5008795#d10#p1,10.1021/je5008795.json,10,1,1,InChI=1S/C10H7I/c11-10-7-3-5-8-4-1-2-6-9(8)10/h1-7H,NHPPIJMARIVBGU-UHFFFAOYSA-N,1-iodonaphthalene,C10H7I,10.1021/je5008795,2015,"Molar enthalpy of vaporization or sublimation, kJ/mol",Liquid,"[""Liquid"",""Gas""]",derived,70.1,"{""nPropNumber"":1,""nPropDigits"":3,""nPropValue"":70.1,""CombinedUncertainty"":{""nCombExpandUncertValue"":0.4,""nCombUncertAssessNum"":1}}",variable,"{""nVarValue"":298.15,""nVarNumber"":1,""nVarDigits"":5}",298.15,True,,70.1,False
10.1021/je5008795#d13#p1#r1,10.1021/je5008795#d13#p1,10.1021/je5008795.json,13,1,1,InChI=1S/C10H6Br2/c11-9-5-6-10(12)8-4-2-1-3-7(8)9/h1-6H,IBGUDZMIAZLJNY-UHFFFAOYSA-N,"1,4-dibromonaphthalene",C10H6Br2,10.1021/je5008795,2015,"Molar enthalpy of vaporization or sublimation, kJ/mol",Crystal,"[""Crystal"",""Gas""]",derived,94.4,"{""nPropDigits"":3,""nPropNumber"":1,""CombinedUncertainty"":{""nCombUncertAssessNum"":1,""nCombExpandUncertValue"":0.9},""nPropValue"":94.4}",variable,"{""nVarNumber"":1,""nVarDigits"":5,""nVarValue"":298.15}",298.15,False,,94.4,False
10.1021/je5008795#d16#p1#r1,10.1021/je5008795#d16#p1,10.1021/je5008795.json,16,1,1,InChI=1S/C12H9Br/c13-12-8-6-11(7-9-12)10-4-2-1-3-5-10/h1-9H,PKJBWOWQJHHAHG-UHFFFAOYSA-N,"4-bromo-1,1'-biphenyl",C12H9Br,10.1021/je5008795,2015,"Molar enthalpy of vaporization or sublimation, kJ/mol",Crystal,"[""Crystal"",""Gas""]",derived,93.7,"{""nPropDigits"":3,""nPropNumber"":1,""nPropValue"":93.7,""CombinedUncertainty"":{""nCombUncertAssessNum"":1,""nCombExpandUncertValue"":0.8}}",variable,"{""nVarNumber"":1,""nVarDigits"":5,""nVarValue"":298.15}",298.15,False,,93.7,False
10.1021/je5008795#d18#p1#r1,10.1021/je5008795#d18#p1,10.1021/je5008795.json,18,1,1,InChI=1S/C12H8Br2/c13-11-5-1-9(2-6-11)10-3-7-12(14)8-4-10/h1-8H,HQJQYILBCQPYBI-UHFFFAOYSA-N,"4,4'-dibromo-1,1'-biphenyl",C12H8Br2,10.1021/je5008795,2015,"Molar enthalpy of vaporization or sublimation, kJ/mol",Crystal,"[""Crystal"",""Gas""]",derived,106.2,"{""CombinedUncertainty"":{""nCombExpandUncertValue"":1.1,""nCombUncertAssessNum"":1},""nPropValue"":106.2,""nPropDigits"":4,""nPropNumber"":1}",variable,"{""nVarValue"":298.15,""nVarDigits"":5,""nVarNumber"":1}",298.15,False,,106.2,False
10.1021/je5008795#d22#p1#r1,10.1021/je5008795#d22#p1,10.1021/je5008795.json,22,1,1,InChI=1S/C14H9Cl/c15-14-12-7-3-1-5-10(12)9-11-6-2-4-8-13(11)14/h1-9H,KULLJOPUZUWTMF-UHFFFAOYSA-N,9-chloroanthracene,C14H9Cl,10.1021/je5008795,2015,"Molar enthalpy of vaporization or sublimation, kJ/mol",Crystal,"[""Crystal"",""Gas""]",derived,103.3,"{""nPropValue"":103.3,""CombinedUncertainty"":{""nCombExpandUncertValue"":0.9,""nCombUncertAssessNum"":1},""nPropNumber"":1,""nPropDigits"":4}",variable,"{""nVarDigits"":5,""nVarNumber"":1,""nVarValue"":298.15}",298.15,False,,103.3,False
10.1021/je5008795#d23#p1#r1,10.1021/je5008795#d23#p1,10.1021/je5008795.json,23,1,1,InChI=1S/C14H9Br/c15-14-12-7-3-1-5-10(12)9-11-6-2-4-8-13(11)14/h1-9H,ZIRVQSRSPDUEOJ-UHFFFAOYSA-N,9-bromoanthracene,C14H9Br,10.1021/je5008795,2015,"Molar enthalpy of vaporization or sublimation, kJ/mol",Crystal,"[""Crystal"",""Gas""]",derived,105.9,"{""nPropValue"":105.9,""CombinedUncertainty"":{""nCombExpandUncertValue"":0.9,""nCombUncertAssessNum"":1},""nPropDigits"":4,""nPropNumber"":1}",variable,"{""nVarNumber"":1,""nVarDigits"":5,""nVarValue"":298.15}",298.15,False,,105.9,False
10.1021/je5008795#d26#p1#r1,10.1021/je5008795#d26#p1,10.1021/je5008795.json,26,1,1,InChI=1S/C14H8Cl2/c15-13-9-5-1-2-6-10(9)14(16)12-8-4-3-7-11(12)13/h1-8H,FKDIWXZNKAZCBY-UHFFFAOYSA-N,"9,10-dichloroanthracene",C14H8Cl2,10.1021/je5008795,2015,"Molar enthalpy of vaporization or sublimation, kJ/mol",Crystal,"[""Crystal"",""Gas""]",derived,114.7,"{""nPropDigits"":4,""nPropNumber"":1,""nPropValue"":114.7,""CombinedUncertainty"":{""nCombExpandUncertValue"":1.3,""nCombUncertAssessNum"":1}}",variable,"{""nVarNumber"":1,""nVarDigits"":5,""nVarValue"":298.15}",298.15,False,,114.7,False
10.1021/je5008795#d29#p1#r1,10.1021/je5008795#d29#p1,10.1021/je5008795.json,29,1,1,InChI=1S/C14H8Br2/c15-13-9-5-1-2-6-10(9)14(16)12-8-4-3-7-11(12)13/h1-8H,BRUOAURMAFDGLP-UHFFFAOYSA-N,"9,10-dibromoanthracene",C14H8Br2,10.1021/je5008795,2015,"Molar enthalpy of vaporization or sublimation, kJ/mol",Crystal,"[""Crystal"",""Gas""]",derived,118.2,"{""nPropNumber"":1,""nPropDigits"":4,""nPropValue"":118.2,""CombinedUncertainty"":{""nCombExpandUncertValue"":1.3,""nCombUncertAssessNum"":1}}",variable,"{""nVarDigits"":5,""nVarNumber"":1,""nVarValue"":298.15}",298.15,False,,118.2,False
10.1021/je5008795#d32#p1#r1,10.1021/je5008795#d32#p1,10.1021/je5008795.json,32,1,1,InChI=1S/C6H4Br2/c7-5-3-1-2-4-6(5)8/h1-4H,WQONPSCCEXUXTQ-UHFFFAOYSA-N,"1,2-dibromobenzene",C6H4Br2,10.1021/je5008795,2015,"Molar enthalpy of vaporization or sublimation, kJ/mol",Liquid,"[""Liquid"",""Gas""]",derived,53.1,"{""nPropDigits"":3,""nPropNumber"":1,""CombinedUncertainty"":{""nCombUncertAssessNum"":1,""nCombExpandUncertValue"":0.2},""nPropValue"":53.1}",variable,"{""nVarDigits"":5,""nVarNumber"":1,""nVarValue"":298.15}",298.15,True,,53.1,False
10.1021/je5009729#d1#p1#r1,10.1021/je5009729#d1#p1,10.1021/je5009729.json,1,1,1,"InChI=1S/C16H30O2/c1-2-3-4-5-6-7-8-9-10-11-12-13-14-15-16(17)18/h7-8H,2-6,9-15H2,1H3,(H,17,18)/b8-7-",SECPZKHBENQXJG-FPLPWBNLSA-N,cis-9-hexadecenoic acid,C16H30O2,10.1021/je5009729,2015,"Molar enthalpy of vaporization or sublimation, kJ/mol",Liquid,"[""Liquid"",""Gas""]",Correlation gas chromatography,123,"{""nPropNumber"":1,""nPropDigits"":4,""CombinedUncertainty"":{""nCombUncertAssessNum"":1,""nCombExpandUncertValue"":13},""nPropValue"":123}",variable,"{""nVarValue"":298.15,""nVarNumber"":1,""nVarDigits"":5}",298.15,True,,123,False
10.1021/je5009729#d3#p1#r1,10.1021/je5009729#d3#p1,10.1021/je5009729.json,3,1,1,"InChI=1S/C18H34O2/c1-2-3-4-5-6-7-8-9-10-11-12-13-14-15-16-17-18(19)20/h12-13H,2-11,14-17H2,1H3,(H,19,20)/b13-12-",CNVZJPUDSLNTQU-SEYXRHQNSA-N,(Z)-6-octadecenoic acid,C18H34O2,10.1021/je5009729,2015,"Molar enthalpy of vaporization or sublimation, kJ/mol",Liquid,"[""Liquid"",""Gas""]",Correlation gas chromatography,131.2,"{""CombinedUncertainty"":{""nCombExpandUncertValue"":4.8,""nCombUncertAssessNum"":1},""nPropValue"":131.2,""nPropDigits"":4,""nPropNumber"":1}",variable,"{""nVarValue"":298.15,""nVarDigits"":5,""nVarNumber"":1}",298.15,True,,131.2,False
10.1021/je5009729#d5#p1#r1,10.1021/je5009729#d5#p1,10.1021/je5009729.json,5,1,1,"InChI=1S/C18H34O2/c1-2-3-4-5-6-7-8-9-10-11-12-13-14-15-16-17-18(19)20/h9-10H,2-8,11-17H2,1H3,(H,19,20)/b10-9-",ZQPPMHVWECSIRJ-KTKRTIGZSA-N,(Z)-9-octadecenoic acid,C18H34O2,10.1021/je5009729,2015,"Molar enthalpy of vaporization or sublimation, kJ/mol",Liquid,"[""Liquid"",""Gas""]",Correlation gas chromatography,132.6,"{""nPropNumber"":1,""nPropDigits"":4,""CombinedUncertainty"":{""nCombExpandUncertValue"":13.4,""nCombUncertAssessNum"":1},""nPropValue"":132.6}",variable,"{""nVarNumber"":1,""nVarDigits"":5,""nVarValue"":298.15}",298.15,True,,132.6,False
10.1021/je5009729#d7#p1#r1,10.1021/je5009729#d7#p1,10.1021/je5009729.json,7,1,1,"InChI=1S/C20H32O2/c1-2-3-4-5-6-7-8-9-10-11-12-13-14-15-16-17-18-19-20(21)22/h6-7,9-10,12-13,15-16H,2-5,8,11,14,17-19H2,1H3,(H,21,22)",YZXBAPSDXZZRGB-UHFFFAOYSA-N,"5,8,11,14-eicosatetraenoic acid",C20H32O2,10.1021/je5009729,2015,"Molar enthalpy of vaporization or sublimation, kJ/mol",Liquid,"[""Liquid"",""Gas""]",Correlation gas chromatography,145.3,"{""nPropNumber"":1,""nPropDigits"":4,""CombinedUncertainty"":{""nCombExpandUncertValue"":13.8,""nCombUncertAssessNum"":1},""nPropValue"":145.3}",variable,"{""nVarNumber"":1,""nVarDigits"":5,""nVarValue"":298.15}",298.15,True,,145.3,False
10.1021/je5009729#d9#p1#r1,10.1021/je5009729#d9#p1,10.1021/je5009729.json,9,1,1,"InChI=1S/C20H38O2/c1-2-3-4-5-6-7-8-9-10-11-12-13-14-15-16-17-18-19-20(21)22/h9-10H,2-8,11-19H2,1H3,(H,21,22)/b10-9-",BITHHVVYSMSWAG-KTKRTIGZSA-N,(11Z)-eicosenoic acid,C20H38O2,10.1021/je5009729,2015,"Molar enthalpy of vaporization or sublimation, kJ/mol",Liquid,"[""Liquid"",""Gas""]",Correlation gas chromatography,143.5,"{""nPropDigits"":4,""nPropNumber"":1,""CombinedUncertainty"":{""nCombExpandUncertValue"":5.1,""nCombUncertAssessNum"":1},""nPropValue"":143.5}",variable,"{""nVarValue"":298.15,""nVarNumber"":1,""nVarDigits"":5}",298.15,True,,143.5,False
10.1021/je5009729#d11#p1#r1,10.1021/je5009729#d11#p1,10.1021/je5009729.json,11,1,1,"InChI=1S/C22H32O2/c1-2-3-4-5-6-7-8-9-10-11-12-13-14-15-16-17-18-19-20-21-22(23)24/h3-4,6-7,9-10,12-13,15-16,18-19H,2,5,8,11,14,17,20-21H2,1H3,(H,23,24)/b4-3-,7-6-,10-9-,13-12-,16-15-,19-18-",MBMBGCFOFBJSGT-KUBAVDMBSA-N,"cis-4,7,10,13,16,19-docosahexaenoic acid",C22H32O2,10.1021/je5009729,2015,"Molar enthalpy of vaporization or sublimation, kJ/mol",Liquid,"[""Liquid"",""Gas""]",Correlation gas chromatography,162.9,"{""nPropDigits"":4,""nPropNumber"":1,""CombinedUncertainty"":{""nCombUncertAssessNum"":1,""nCombExpandUncertValue"":5.4},""nPropValue"":162.9}",variable,"{""nVarValue"":298.15,""nVarDigits"":5,""nVarNumber"":1}",298.15,True,,162.9,False
10.1021/je5009729#d13#p1#r1,10.1021/je5009729#d13#p1,10.1021/je5009729.json,13,1,1,"InChI=1S/C24H46O2/c1-2-3-4-5-6-7-8-9-10-11-12-13-14-15-16-17-18-19-20-21-22-23-24(25)26/h9-10H,2-8,11-23H2,1H3,(H,25,26)/b10-9-",GWHCXVQVJPWHRF-KTKRTIGZSA-N,(Z)-tetracos-15-enoic acid,C24H46O2,10.1021/je5009729,2015,"Molar enthalpy of vaporization or sublimation, kJ/mol",Liquid,"[""Liquid"",""Gas""]",Correlation gas chromatography,170.6,"{""CombinedUncertainty"":{""nCombUncertAssessNum"":1,""nCombExpandUncertValue"":5.4},""nPropValue"":170.6,""nPropDigits"":4,""nPropNumber"":1}",variable,"{""nVarValue"":298.15,""nVarDigits"":5,""nVarNumber"":1}",298.15,True,,170.6,False
10.1021/je5009729#d17#p1#r1,10.1021/je5009729#d17#p1,10.1021/je5009729.json,17,1,1,"InChI=1S/C24H46O2/c1-2-3-4-5-6-7-8-9-10-11-12-13-14-15-16-17-18-19-20-21-22-23-24(25)26/h9-10H,2-8,11-23H2,1H3,(H,25,26)/b10-9-",GWHCXVQVJPWHRF-KTKRTIGZSA-N,(Z)-tetracos-15-enoic acid,C24H46O2,10.1021/je5009729,2015,"Molar enthalpy of vaporization or sublimation, kJ/mol",Crystal,"[""Crystal"",""Gas""]",Correlation gas chromatography,228.9,"{""nPropNumber"":1,""nPropDigits"":4,""CombinedUncertainty"":{""nCombExpandUncertValue"":6.1,""nCombUncertAssessNum"":1},""nPropValue"":228.9}",variable,"{""nVarDigits"":5,""nVarNumber"":1,""nVarValue"":298.15}",298.15,False,,228.9,False
10.1021/je5009729#d19#p1#r1,10.1021/je5009729#d19#p1,10.1021/je5009729.json,19,1,1,"InChI=1S/C24H48O2/c1-2-3-4-5-6-7-8-9-10-11-12-13-14-15-16-17-18-19-20-21-22-23-24(25)26/h2-23H2,1H3,(H,25,26)",QZZGJDVWLFXDLK-UHFFFAOYSA-N,lignoceric acid,C24H48O2,10.1021/je5009729,2015,"Molar enthalpy of vaporization or sublimation, kJ/mol",Liquid,"[""Liquid"",""Gas""]",Correlation gas chromatography,170.7,"{""nPropValue"":170.7,""CombinedUncertainty"":{""nCombUncertAssessNum"":1,""nCombExpandUncertValue"":5.4},""nPropDigits"":4,""nPropNumber"":1}",variable,"{""nVarValue"":298.15,""nVarDigits"":5,""nVarNumber"":1}",298.15,True,,170.7,False
10.1021/je5009729#d23#p1#r1,10.1021/je5009729#d23#p1,10.1021/je5009729.json,23,1,1,"InChI=1S/C24H48O2/c1-2-3-4-5-6-7-8-9-10-11-12-13-14-15-16-17-18-19-20-21-22-23-24(25)26/h2-23H2,1H3,(H,25,26)",QZZGJDVWLFXDLK-UHFFFAOYSA-N,lignoceric acid,C24H48O2,10.1021/je5009729,2015,"Molar enthalpy of vaporization or sublimation, kJ/mol",Crystal,"[""Crystal"",""Gas""]",Correlation gas chromatography,253,"{""nPropValue"":253,""CombinedUncertainty"":{""nCombUncertAssessNum"":1,""nCombExpandUncertValue"":8},""nPropNumber"":1,""nPropDigits"":3}",variable,"{""nVarNumber"":1,""nVarDigits"":5,""nVarValue"":298.15}",298.15,False,,253,False
10.1021/je5009729#d28#p1#r1,10.1021/je5009729#d28#p1,10.1021/je5009729.json,28,1,1,"InChI=1S/C26H52O2/c1-2-3-4-5-6-7-8-9-10-11-12-13-14-15-16-17-18-19-20-21-22-23-24-25-26(27)28/h2-25H2,1H3,(H,27,28)",XMHIUKTWLZUKEX-UHFFFAOYSA-N,hexacosanoic acid,C26H52O2,10.1021/je5009729,2015,"Molar enthalpy of vaporization or sublimation, kJ/mol",Liquid,"[""Liquid"",""Gas""]",Correlation gas chromatography,177.2,"{""nPropDigits"":4,""nPropNumber"":1,""nPropValue"":177.2,""CombinedUncertainty"":{""nCombExpandUncertValue"":5.7,""nCombUncertAssessNum"":1}}",variable,"{""nVarNumber"":1,""nVarDigits"":5,""nVarValue"":298.15}",298.15,True,,177.2,False
10.1021/je5009729#d32#p1#r1,10.1021/je5009729#d32#p1,10.1021/je5009729.json,32,1,1,"InChI=1S/C26H52O2/c1-2-3-4-5-6-7-8-9-10-11-12-13-14-15-16-17-18-19-20-21-22-23-24-25-26(27)28/h2-25H2,1H3,(H,27,28)",XMHIUKTWLZUKEX-UHFFFAOYSA-N,hexacosanoic acid,C26H52O2,10.1021/je5009729,2015,"Molar enthalpy of vaporization or sublimation, kJ/mol",Crystal,"[""Crystal"",""Gas""]",Correlation gas chromatography,257.8,"{""CombinedUncertainty"":{""nCombExpandUncertValue"":8.1,""nCombUncertAssessNum"":1},""nPropValue"":257.8,""nPropDigits"":4,""nPropNumber"":1}",variable,"{""nVarValue"":298.15,""nVarNumber"":1,""nVarDigits"":5}",298.15,False,,257.8,False
10.1021/je600580r#d3#p1#r1,10.1021/je600580r#d3#p1,10.1021/je600580r.json,3,1,1,"InChI=1S/C8H15N5S/c1-4-9-6-11-7(10-5-2)13-8(12-6)14-3/h4-5H2,1-3H3,(H2,9,10,11,12,13)",MGLWZSOBALDPEK-UHFFFAOYSA-N,"2-methylthio-4,6-bis(ethylamino)-1,3,5-triazine",C8H15N5S,10.1021/je600580r,2007,"Molar enthalpy of vaporization or sublimation, kJ/mol",Liquid,"[""Liquid"",""Gas""]",DSC,88,"{""CombinedUncertainty"":{""nCombExpandUncertValue"":8,""nCombUncertAssessNum"":1},""nPropValue"":88,""nPropDigits"":2,""nPropNumber"":1}",variable,"{""nVarValue"":461,""nVarNumber"":1,""nVarDigits"":3}",461,True,,88,False
10.1021/je600580r#d4#p1#r1,10.1021/je600580r#d4#p1,10.1021/je600580r.json,4,1,1,"InChI=1S/C8H15N5S/c1-4-9-6-11-7(10-5-2)13-8(12-6)14-3/h4-5H2,1-3H3,(H2,9,10,11,12,13)",MGLWZSOBALDPEK-UHFFFAOYSA-N,"2-methylthio-4,6-bis(ethylamino)-1,3,5-triazine",C8H15N5S,10.1021/je600580r,2007,"Molar enthalpy of vaporization or sublimation, kJ/mol",Liquid,"[""Liquid"",""Gas""]",Derived by Second law,86.6,"{""CombinedUncertainty"":{""nCombExpandUncertValue"":2.9,""nCombUncertAssessNum"":1},""nPropValue"":86.6,""nPropNumber"":1,""nPropDigits"":3}",variable,"{""nVarValue"":423.7,""nVarNumber"":1,""nVarDigits"":4}",423.7,True,,86.6,False
10.1021/je600580r#d5#p1#r1,10.1021/je600580r#d5#p1,10.1021/je600580r.json,5,1,1,"InChI=1S/C8H15N5S/c1-4-9-6-11-7(10-5-2)13-8(12-6)14-3/h4-5H2,1-3H3,(H2,9,10,11,12,13)",MGLWZSOBALDPEK-UHFFFAOYSA-N,"2-methylthio-4,6-bis(ethylamino)-1,3,5-triazine",C8H15N5S,10.1021/je600580r,2007,"Molar enthalpy of vaporization or sublimation, kJ/mol",Liquid,"[""Liquid"",""Gas""]",Derived by Second law,83.7,"{""nPropValue"":83.7,""CombinedUncertainty"":{""nCombExpandUncertValue"":2.9,""nCombUncertAssessNum"":1},""nPropDigits"":3,""nPropNumber"":1}",variable,"{""nVarDigits"":3,""nVarNumber"":1,""nVarValue"":453}",453,True,,83.7,False
10.1021/je600580r#d8#p1#r1,10.1021/je600580r#d8#p1,10.1021/je600580r.json,8,1,1,"InChI=1S/C9H17N5S/c1-5-10-7-12-8(11-6(2)3)14-9(13-7)15-4/h6H,5H2,1-4H3,(H2,10,11,12,13,14)",RQVYBGPQFYCBGX-UHFFFAOYSA-N,"2-methylthio-4-ethylamino-6-isopropylamino-1,3,5-triazine",C9H17N5S,10.1021/je600580r,2007,"Molar enthalpy of vaporization or sublimation, kJ/mol",Liquid,"[""Liquid"",""Gas""]",DSC,91,"{""nPropValue"":91,""CombinedUncertainty"":{""nCombUncertAssessNum"":1,""nCombExpandUncertValue"":8},""nPropNumber"":1,""nPropDigits"":2}",variable,"{""nVarValue"":466,""nVarDigits"":3,""nVarNumber"":1}",466,True,,91,False
10.1021/je600580r#d9#p1#r1,10.1021/je600580r#d9#p1,10.1021/je600580r.json,9,1,1,"InChI=1S/C9H17N5S/c1-5-10-7-12-8(11-6(2)3)14-9(13-7)15-4/h6H,5H2,1-4H3,(H2,10,11,12,13,14)",RQVYBGPQFYCBGX-UHFFFAOYSA-N,"2-methylthio-4-ethylamino-6-isopropylamino-1,3,5-triazine",C9H17N5S,10.1021/je600580r,2007,"Molar enthalpy of vaporization or sublimation, kJ/mol",Liquid,"[""Liquid"",""Gas""]",Derived by Second law,87,"{""nPropDigits"":2,""nPropNumber"":1,""CombinedUncertainty"":{""nCombUncertAssessNum"":1,""nCombExpandUncertValue"":3.5},""nPropValue"":87}",variable,"{""nVarDigits"":4,""nVarNumber"":1,""nVarValue"":435.4}",435.4,True,,87,False
10.1021/je600580r#d10#p1#r1,10.1021/je600580r#d10#p1,10.1021/je600580r.json,10,1,1,"InChI=1S/C9H17N5S/c1-5-10-7-12-8(11-6(2)3)14-9(13-7)15-4/h6H,5H2,1-4H3,(H2,10,11,12,13,14)",RQVYBGPQFYCBGX-UHFFFAOYSA-N,"2-methylthio-4-ethylamino-6-isopropylamino-1,3,5-triazine",C9H17N5S,10.1021/je600580r,2007,"Molar enthalpy of vaporization or sublimation, kJ/mol",Liquid,"[""Liquid"",""Gas""]",Derived by Second law,84.9,"{""nPropValue"":84.9,""CombinedUncertainty"":{""nCombExpandUncertValue"":2.9,""nCombUncertAssessNum"":1},""nPropNumber"":1,""nPropDigits"":3}",variable,"{""nVarNumber"":1,""nVarDigits"":3,""nVarValue"":453}",453,True,,84.9,False
10.1021/je600580r#d13#p1#r1,10.1021/je600580r#d13#p1,10.1021/je600580r.json,13,1,1,"InChI=1S/C10H19N5S/c1-6-11-7-12-8(15-10(2,3)4)14-9(13-7)16-5/h6H2,1-5H3,(H2,11,12,13,14,15)",IROINLKCQGIITA-UHFFFAOYSA-N,"N-(1,1-dimethylethyl)-N'-ethyl-6-(methylthio)-1,3,5-triazine-2,4-diamine",C10H19N5S,10.1021/je600580r,2007,"Molar enthalpy of vaporization or sublimation, kJ/mol",Liquid,"[""Liquid"",""Gas""]",Derived by Second law,83.2,"{""CombinedUncertainty"":{""nCombExpandUncertValue"":2.4,""nCombUncertAssessNum"":1},""nPropValue"":83.2,""nPropNumber"":1,""nPropDigits"":3}",variable,"{""nVarNumber"":1,""nVarDigits"":4,""nVarValue"":451.9}",451.9,True,,83.2,False
10.1021/je600580r#d14#p1#r1,10.1021/je600580r#d14#p1,10.1021/je600580r.json,14,1,1,"InChI=1S/C10H19N5S/c1-6-11-7-12-8(15-10(2,3)4)14-9(13-7)16-5/h6H2,1-5H3,(H2,11,12,13,14,15)",IROINLKCQGIITA-UHFFFAOYSA-N,"N-(1,1-dimethylethyl)-N'-ethyl-6-(methylthio)-1,3,5-triazine-2,4-diamine",C10H19N5S,10.1021/je600580r,2007,"Molar enthalpy of vaporization or sublimation, kJ/mol",Liquid,"[""Liquid"",""Gas""]",Derived by Second law,83,"{""CombinedUncertainty"":{""nCombUncertAssessNum"":1,""nCombExpandUncertValue"":3.3},""nPropValue"":83,""nPropNumber"":1,""nPropDigits"":2}",variable,"{""nVarDigits"":4,""nVarNumber"":1,""nVarValue"":433.6}",433.6,True,,83,False
10.1021/je600580r#d15#p1#r1,10.1021/je600580r#d15#p1,10.1021/je600580r.json,15,1,1,"InChI=1S/C10H19N5S/c1-6-11-7-12-8(15-10(2,3)4)14-9(13-7)16-5/h6H2,1-5H3,(H2,11,12,13,14,15)",IROINLKCQGIITA-UHFFFAOYSA-N,"N-(1,1-dimethylethyl)-N'-ethyl-6-(methylthio)-1,3,5-triazine-2,4-diamine",C10H19N5S,10.1021/je600580r,2007,"Molar enthalpy of vaporization or sublimation, kJ/mol",Liquid,"[""Liquid"",""Gas""]",DSC,87,"{""nPropDigits"":2,""nPropNumber"":1,""nPropValue"":87,""CombinedUncertainty"":{""nCombUncertAssessNum"":1,""nCombExpandUncertValue"":10}}",variable,"{""nVarDigits"":3,""nVarNumber"":1,""nVarValue"":467}",467,True,,87,False
10.1021/je700035m#d3#p1#r1,10.1021/je700035m#d3#p1,10.1021/je700035m.json,3,1,1,"InChI=1S/C9H8O3/c1-6(10)7-2-3-8-9(4-7)12-5-11-8/h2-4H,5H2,1H3",BMHMKWXYXFBWMI-UHFFFAOYSA-N,"5-oxoethyl-1,3-benzodioxole",C9H8O3,10.1021/je700035m,2007,"Molar enthalpy of vaporization or sublimation, kJ/mol",Crystal,"[""Crystal"",""Gas""]",vacuum sublimation/vaporization calorimetry,104.4,"{""nPropValue"":104.4,""CombinedUncertainty"":{""nCombExpandUncertValue"":4.3,""nCombUncertAssessNum"":1},""nPropNumber"":1,""nPropDigits"":4}",variable,"{""nVarNumber"":1,""nVarDigits"":5,""nVarValue"":298.15}",298.15,False,,104.4,True
10.1021/je700035m#d6#p1#r1,10.1021/je700035m#d6#p1,10.1021/je700035m.json,6,1,1,"InChI=1S/C8H5NO2/c9-4-6-1-2-7-8(3-6)11-5-10-7/h1-3H,5H2",PKRWWZCDLJSJIF-UHFFFAOYSA-N,"3,4-methylenedioxybenzonitrile",C8H5NO2,10.1021/je700035m,2007,"Molar enthalpy of vaporization or sublimation, kJ/mol",Crystal,"[""Crystal"",""Gas""]",vacuum sublimation/vaporization calorimetry,90.9,"{""nPropValue"":90.9,""CombinedUncertainty"":{""nCombUncertAssessNum"":1,""nCombExpandUncertValue"":1.8},""nPropNumber"":1,""nPropDigits"":3}",variable,"{""nVarDigits"":5,""nVarNumber"":1,""nVarValue"":298.15}",298.15,False,,90.9,True
10.1021/je700035m#d9#p1#r1,10.1021/je700035m#d9#p1,10.1021/je700035m.json,9,1,1,"InChI=1S/C7H5NO4/c9-8(10)5-1-2-6-7(3-5)12-4-11-6/h1-3H,4H2",SNWQAKNKGGOVMO-UHFFFAOYSA-N,"1,2-(methylenedioxy)-4-nitrobenzene",C7H5NO4,10.1021/je700035m,2007,"Molar enthalpy of vaporization or sublimation, kJ/mol",Crystal,"[""Crystal"",""Gas""]",vacuum sublimation/vaporization calorimetry,97.4,"{""nPropNumber"":1,""nPropDigits"":3,""nPropValue"":97.4,""CombinedUncertainty"":{""nCombUncertAssessNum"":1,""nCombExpandUncertValue"":4.3}}",variable,"{""nVarValue"":298.15,""nVarNumber"":1,""nVarDigits"":5}",298.15,False,,97.4,True
10.1021/je700035m#d10#p1#r1,10.1021/je700035m#d10#p1,10.1021/je700035m.json,10,1,1,"InChI=1S/C8H8O2/c1-6-2-3-7-8(4-6)10-5-9-7/h2-4H,5H2,1H3",GHPODDMCSOYWNE-UHFFFAOYSA-N,"5-methyl-1,3-benzodioxole",C8H8O2,10.1021/je700035m,2007,"Molar enthalpy of vaporization or sublimation, kJ/mol",Liquid,"[""Liquid"",""Gas""]",vacuum sublimation/vaporization calorimetry,54.9,"{""CombinedUncertainty"":{""nCombExpandUncertValue"":2.3,""nCombUncertAssessNum"":1},""nPropValue"":54.9,""nPropDigits"":3,""nPropNumber"":1}",variable,"{""nVarDigits"":5,""nVarNumber"":1,""nVarValue"":298.15}",298.15,True,,54.9,True
10.1021/je7005852#d1#p1#r1,10.1021/je7005852#d1#p1,10.1021/je7005852.json,1,1,1,"InChI=1S/C68H138/c1-3-5-7-9-11-13-15-17-19-21-23-25-27-29-31-33-35-37-39-41-43-45-47-49-51-53-55-57-59-61-63-65-67-68-66-64-62-60-58-56-54-52-50-48-46-44-42-40-38-36-34-32-30-28-26-24-22-20-18-16-14-12-10-8-6-4-2/h3-68H2,1-2H3",HCBIHDWNPNBONW-UHFFFAOYSA-N,octahexacontane,C68H138,10.1021/je7005852,2008,"Molar enthalpy of vaporization or sublimation, kJ/mol",Liquid,"[""Liquid"",""Gas""]",Correlation gas chromatography,331.9,"{""CombinedUncertainty"":{""nCombUncertAssessNum"":1,""nCombExpandUncertValue"":5.7},""nPropValue"":331.9,""nPropNumber"":1,""nPropDigits"":4}",variable,"{""nVarValue"":298.15,""nVarDigits"":5,""nVarNumber"":1}",298.15,True,,331.9,False
10.1021/je7005852#d3#p1#r1,10.1021/je7005852#d3#p1,10.1021/je7005852.json,3,1,1,"InChI=1S/C70H142/c1-3-5-7-9-11-13-15-17-19-21-23-25-27-29-31-33-35-37-39-41-43-45-47-49-51-53-55-57-59-61-63-65-67-69-70-68-66-64-62-60-58-56-54-52-50-48-46-44-42-40-38-36-34-32-30-28-26-24-22-20-18-16-14-12-10-8-6-4-2/h3-70H2,1-2H3",IPMNAGMOJQBRJL-UHFFFAOYSA-N,heptacontane,C70H142,10.1021/je7005852,2008,"Molar enthalpy of vaporization or sublimation, kJ/mol",Liquid,"[""Liquid"",""Gas""]",Correlation gas chromatography,340.3,"{""nPropNumber"":1,""nPropDigits"":4,""CombinedUncertainty"":{""nCombExpandUncertValue"":5.8,""nCombUncertAssessNum"":1},""nPropValue"":340.3}",variable,"{""nVarValue"":298.15,""nVarDigits"":5,""nVarNumber"":1}",298.15,True,,340.3,False
10.1021/je7005852#d5#p1#r1,10.1021/je7005852#d5#p1,10.1021/je7005852.json,5,1,1,"InChI=1S/C72H146/c1-3-5-7-9-11-13-15-17-19-21-23-25-27-29-31-33-35-37-39-41-43-45-47-49-51-53-55-57-59-61-63-65-67-69-71-72-70-68-66-64-62-60-58-56-54-52-50-48-46-44-42-40-38-36-34-32-30-28-26-24-22-20-18-16-14-12-10-8-6-4-2/h3-72H2,1-2H3",QWCRBVNZXFDJFP-UHFFFAOYSA-N,doheptacontane,C72H146,10.1021/je7005852,2008,"Molar enthalpy of vaporization or sublimation, kJ/mol",Liquid,"[""Liquid"",""Gas""]",Correlation gas chromatography,348.4,"{""nPropValue"":348.4,""CombinedUncertainty"":{""nCombUncertAssessNum"":1,""nCombExpandUncertValue"":5.9},""nPropDigits"":4,""nPropNumber"":1}",variable,"{""nVarValue"":298.15,""nVarNumber"":1,""nVarDigits"":5}",298.15,True,,348.4,False
10.1021/je7005852#d7#p1#r1,10.1021/je7005852#d7#p1,10.1021/je7005852.json,7,1,1,"InChI=1S/C74H150/c1-3-5-7-9-11-13-15-17-19-21-23-25-27-29-31-33-35-37-39-41-43-45-47-49-51-53-55-57-59-61-63-65-67-69-71-73-74-72-70-68-66-64-62-60-58-56-54-52-50-48-46-44-42-40-38-36-34-32-30-28-26-24-22-20-18-16-14-12-10-8-6-4-2/h3-74H2,1-2H3",WMCYNAKIWHRLNK-UHFFFAOYSA-N,tetraheptacontane,C74H150,10.1021/je7005852,2008,"Molar enthalpy of vaporization or sublimation, kJ/mol",Liquid,"[""Liquid"",""Gas""]",Correlation gas chromatography,356.2,"{""nPropNumber"":1,""nPropDigits"":4,""nPropValue"":356.2,""CombinedUncertainty"":{""nCombExpandUncertValue"":6.1,""nCombUncertAssessNum"":1}}",variable,"{""nVarValue"":298.15,""nVarNumber"":1,""nVarDigits"":5}",298.15,True,,356.2,False
10.1021/je7005852#d9#p1#r1,10.1021/je7005852#d9#p1,10.1021/je7005852.json,9,1,1,"InChI=1S/C76H154/c1-3-5-7-9-11-13-15-17-19-21-23-25-27-29-31-33-35-37-39-41-43-45-47-49-51-53-55-57-59-61-63-65-67-69-71-73-75-76-74-72-70-68-66-64-62-60-58-56-54-52-50-48-46-44-42-40-38-36-34-32-30-28-26-24-22-20-18-16-14-12-10-8-6-4-2/h3-76H2,1-2H3",DBVGLRSVSJBHBO-UHFFFAOYSA-N,hexaheptacontane,C76H154,10.1021/je7005852,2008,"Molar enthalpy of vaporization or sublimation, kJ/mol",Liquid,"[""Liquid"",""Gas""]",Correlation gas chromatography,364.3,"{""nPropDigits"":4,""nPropNumber"":1,""CombinedUncertainty"":{""nCombExpandUncertValue"":6.2,""nCombUncertAssessNum"":1},""nPropValue"":364.3}",variable,"{""nVarNumber"":1,""nVarDigits"":5,""nVarValue"":298.15}",298.15,True,,364.3,False
10.1021/je7005852#d11#p1#r1,10.1021/je7005852#d11#p1,10.1021/je7005852.json,11,1,1,"InChI=1S/C40H82/c1-3-5-7-9-11-13-15-17-19-21-23-25-27-29-31-33-35-37-39-40-38-36-34-32-30-28-26-24-22-20-18-16-14-12-10-8-6-4-2/h3-40H2,1-2H3",KUPLEGDPSCCPJI-UHFFFAOYSA-N,tetracontane,C40H82,10.1021/je7005852,2008,"Molar enthalpy of vaporization or sublimation, kJ/mol",Liquid,"[""Liquid"",""Gas""]",Correlation gas chromatography,203.5,"{""nPropValue"":203.5,""CombinedUncertainty"":{""nCombExpandUncertValue"":3.7,""nCombUncertAssessNum"":1},""nPropDigits"":4,""nPropNumber"":1}",variable,"{""nVarValue"":298.15,""nVarNumber"":1,""nVarDigits"":5}",298.15,True,,203.5,False
10.1021/je7005852#d13#p1#r1,10.1021/je7005852#d13#p1,10.1021/je7005852.json,13,1,1,"InChI=1S/C42H86/c1-3-5-7-9-11-13-15-17-19-21-23-25-27-29-31-33-35-37-39-41-42-40-38-36-34-32-30-28-26-24-22-20-18-16-14-12-10-8-6-4-2/h3-42H2,1-2H3",FTJPDYTXORWVLU-UHFFFAOYSA-N,dotetracontane,C42H86,10.1021/je7005852,2008,"Molar enthalpy of vaporization or sublimation, kJ/mol",Liquid,"[""Liquid"",""Gas""]",Correlation gas chromatography,213.5,"{""nPropValue"":213.5,""CombinedUncertainty"":{""nCombExpandUncertValue"":5,""nCombUncertAssessNum"":1},""nPropNumber"":1,""nPropDigits"":4}",variable,"{""nVarDigits"":5,""nVarNumber"":1,""nVarValue"":298.15}",298.15,True,,213.5,False
10.1021/je7005852#d15#p1#r1,10.1021/je7005852#d15#p1,10.1021/je7005852.json,15,1,1,"InChI=1S/C44H90/c1-3-5-7-9-11-13-15-17-19-21-23-25-27-29-31-33-35-37-39-41-43-44-42-40-38-36-34-32-30-28-26-24-22-20-18-16-14-12-10-8-6-4-2/h3-44H2,1-2H3",KMXFZRSJMDYPPG-UHFFFAOYSA-N,tetratetracontane,C44H90,10.1021/je7005852,2008,"Molar enthalpy of vaporization or sublimation, kJ/mol",Liquid,"[""Liquid"",""Gas""]",Correlation gas chromatography,223.7,"{""nPropValue"":223.7,""CombinedUncertainty"":{""nCombExpandUncertValue"":4.1,""nCombUncertAssessNum"":1},""nPropDigits"":4,""nPropNumber"":1}",variable,"{""nVarDigits"":5,""nVarNumber"":1,""nVarValue"":298.15}",298.15,True,,223.7,False
10.1021/je7005852#d17#p1#r1,10.1021/je7005852#d17#p1,10.1021/je7005852.json,17,1,1,"InChI=1S/C46H94/c1-3-5-7-9-11-13-15-17-19-21-23-25-27-29-31-33-35-37-39-41-43-45-46-44-42-40-38-36-34-32-30-28-26-24-22-20-18-16-14-12-10-8-6-4-2/h3-46H2,1-2H3",PVQAQPUODMPGGG-UHFFFAOYSA-N,hexatetracontane,C46H94,10.1021/je7005852,2008,"Molar enthalpy of vaporization or sublimation, kJ/mol",Liquid,"[""Liquid"",""Gas""]",Correlation gas chromatography,233.3,"{""nPropValue"":233.3,""CombinedUncertainty"":{""nCombUncertAssessNum"":1,""nCombExpandUncertValue"":5.4},""nPropDigits"":4,""nPropNumber"":1}",variable,"{""nVarValue"":298.15,""nVarNumber"":1,""nVarDigits"":5}",298.15,True,,233.3,False
10.1021/je7005852#d19#p1#r1,10.1021/je7005852#d19#p1,10.1021/je7005852.json,19,1,1,"InChI=1S/C48H98/c1-3-5-7-9-11-13-15-17-19-21-23-25-27-29-31-33-35-37-39-41-43-45-47-48-46-44-42-40-38-36-34-32-30-28-26-24-22-20-18-16-14-12-10-8-6-4-2/h3-48H2,1-2H3",CFBPOLLJQOANPF-UHFFFAOYSA-N,octatetracontane,C48H98,10.1021/je7005852,2008,"Molar enthalpy of vaporization or sublimation, kJ/mol",Liquid,"[""Liquid"",""Gas""]",Correlation gas chromatography,243,"{""nPropValue"":243,""CombinedUncertainty"":{""nCombUncertAssessNum"":1,""nCombExpandUncertValue"":4.3},""nPropNumber"":1,""nPropDigits"":3}",variable,"{""nVarDigits"":5,""nVarNumber"":1,""nVarValue"":298.15}",298.15,True,,243,False
10.1021/je7005852#d21#p1#r1,10.1021/je7005852#d21#p1,10.1021/je7005852.json,21,1,1,"InChI=1S/C50H102/c1-3-5-7-9-11-13-15-17-19-21-23-25-27-29-31-33-35-37-39-41-43-45-47-49-50-48-46-44-42-40-38-36-34-32-30-28-26-24-22-20-18-16-14-12-10-8-6-4-2/h3-50H2,1-2H3",PFLUOWJPZLHUEA-UHFFFAOYSA-N,pentacontane,C50H102,10.1021/je7005852,2008,"Molar enthalpy of vaporization or sublimation, kJ/mol",Liquid,"[""Liquid"",""Gas""]",Correlation gas chromatography,252.5,"{""nPropNumber"":1,""nPropDigits"":4,""CombinedUncertainty"":{""nCombExpandUncertValue"":4.5,""nCombUncertAssessNum"":1},""nPropValue"":252.5}",variable,"{""nVarNumber"":1,""nVarDigits"":5,""nVarValue"":298.15}",298.15,True,,252.5,False
10.1021/je7005852#d23#p1#r1,10.1021/je7005852#d23#p1,10.1021/je7005852.json,23,1,1,"InChI=1S/C52H106/c1-3-5-7-9-11-13-15-17-19-21-23-25-27-29-31-33-35-37-39-41-43-45-47-49-51-52-50-48-46-44-42-40-38-36-34-32-30-28-26-24-22-20-18-16-14-12-10-8-6-4-2/h3-52H2,1-2H3",HAIPLQZWDQVPPR-UHFFFAOYSA-N,dopentacontane,C52H106,10.1021/je7005852,2008,"Molar enthalpy of vaporization or sublimation, kJ/mol",Liquid,"[""Liquid"",""Gas""]",Correlation gas chromatography,261.8,"{""nPropDigits"":4,""nPropNumber"":1,""nPropValue"":261.8,""CombinedUncertainty"":{""nCombUncertAssessNum"":1,""nCombExpandUncertValue"":5.2}}",variable,"{""nVarValue"":298.15,""nVarNumber"":1,""nVarDigits"":5}",298.15,True,,261.8,False
10.1021/je7005852#d25#p1#r1,10.1021/je7005852#d25#p1,10.1021/je7005852.json,25,1,1,"InChI=1S/C54H110/c1-3-5-7-9-11-13-15-17-19-21-23-25-27-29-31-33-35-37-39-41-43-45-47-49-51-53-54-52-50-48-46-44-42-40-38-36-34-32-30-28-26-24-22-20-18-16-14-12-10-8-6-4-2/h3-54H2,1-2H3",OPRWEYHEIDHWGM-UHFFFAOYSA-N,tetrapentacontane,C54H110,10.1021/je7005852,2008,"Molar enthalpy of vaporization or sublimation, kJ/mol",Liquid,"[""Liquid"",""Gas""]",Correlation gas chromatography,271,"{""CombinedUncertainty"":{""nCombUncertAssessNum"":1,""nCombExpandUncertValue"":5.5},""nPropValue"":271,""nPropNumber"":1,""nPropDigits"":3}",variable,"{""nVarDigits"":5,""nVarNumber"":1,""nVarValue"":298.15}",298.15,True,,271,False
10.1021/je7005852#d27#p1#r1,10.1021/je7005852#d27#p1,10.1021/je7005852.json,27,1,1,"InChI=1S/C56H114/c1-3-5-7-9-11-13-15-17-19-21-23-25-27-29-31-33-35-37-39-41-43-45-47-49-51-53-55-56-54-52-50-48-46-44-42-40-38-36-34-32-30-28-26-24-22-20-18-16-14-12-10-8-6-4-2/h3-56H2,1-2H3",FIUOBKZPFQPHFG-UHFFFAOYSA-N,hexapentacontane,C56H114,10.1021/je7005852,2008,"Molar enthalpy of vaporization or sublimation, kJ/mol",Liquid,"[""Liquid"",""Gas""]",Correlation gas chromatography,279.7,"{""CombinedUncertainty"":{""nCombExpandUncertValue"":5.4,""nCombUncertAssessNum"":1},""nPropValue"":279.7,""nPropNumber"":1,""nPropDigits"":4}",variable,"{""nVarDigits"":5,""nVarNumber"":1,""nVarValue"":298.15}",298.15,True,,279.7,False
10.1021/je7005852#d29#p1#r1,10.1021/je7005852#d29#p1,10.1021/je7005852.json,29,1,1,"InChI=1S/C58H118/c1-3-5-7-9-11-13-15-17-19-21-23-25-27-29-31-33-35-37-39-41-43-45-47-49-51-53-55-57-58-56-54-52-50-48-46-44-42-40-38-36-34-32-30-28-26-24-22-20-18-16-14-12-10-8-6-4-2/h3-58H2,1-2H3",HDKSWQPFGWHOIA-UHFFFAOYSA-N,octapentacontane,C58H118,10.1021/je7005852,2008,"Molar enthalpy of vaporization or sublimation, kJ/mol",Liquid,"[""Liquid"",""Gas""]",Correlation gas chromatography,288.5,"{""nPropNumber"":1,""nPropDigits"":4,""CombinedUncertainty"":{""nCombExpandUncertValue"":5.8,""nCombUncertAssessNum"":1},""nPropValue"":288.5}",variable,"{""nVarValue"":298.15,""nVarDigits"":5,""nVarNumber"":1}",298.15,True,,288.5,False
10.1021/je7005852#d31#p1#r1,10.1021/je7005852#d31#p1,10.1021/je7005852.json,31,1,1,"InChI=1S/C60H122/c1-3-5-7-9-11-13-15-17-19-21-23-25-27-29-31-33-35-37-39-41-43-45-47-49-51-53-55-57-59-60-58-56-54-52-50-48-46-44-42-40-38-36-34-32-30-28-26-24-22-20-18-16-14-12-10-8-6-4-2/h3-60H2,1-2H3",OCWUCHKZAHTZAB-UHFFFAOYSA-N,hexacontane,C60H122,10.1021/je7005852,2008,"Molar enthalpy of vaporization or sublimation, kJ/mol",Liquid,"[""Liquid"",""Gas""]",Correlation gas chromatography,299.9,"{""nPropDigits"":4,""nPropNumber"":1,""CombinedUncertainty"":{""nCombExpandUncertValue"":6.2,""nCombUncertAssessNum"":1},""nPropValue"":299.9}",variable,"{""nVarValue"":298.15,""nVarDigits"":5,""nVarNumber"":1}",298.15,True,,299.9,False
10.1021/je7005852#d33#p1#r1,10.1021/je7005852#d33#p1,10.1021/je7005852.json,33,1,1,"InChI=1S/C62H126/c1-3-5-7-9-11-13-15-17-19-21-23-25-27-29-31-33-35-37-39-41-43-45-47-49-51-53-55-57-59-61-62-60-58-56-54-52-50-48-46-44-42-40-38-36-34-32-30-28-26-24-22-20-18-16-14-12-10-8-6-4-2/h3-62H2,1-2H3",NHAQDJWMCPLLCY-UHFFFAOYSA-N,dohexacontane,C62H126,10.1021/je7005852,2008,"Molar enthalpy of vaporization or sublimation, kJ/mol",Liquid,"[""Liquid"",""Gas""]",Correlation gas chromatography,306.8,"{""nPropValue"":306.8,""CombinedUncertainty"":{""nCombUncertAssessNum"":1,""nCombExpandUncertValue"":5.3},""nPropNumber"":1,""nPropDigits"":4}",variable,"{""nVarValue"":298.15,""nVarNumber"":1,""nVarDigits"":5}",298.15,True,,306.8,False
10.1021/je7005852#d35#p1#r1,10.1021/je7005852#d35#p1,10.1021/je7005852.json,35,1,1,"InChI=1S/C64H130/c1-3-5-7-9-11-13-15-17-19-21-23-25-27-29-31-33-35-37-39-41-43-45-47-49-51-53-55-57-59-61-63-64-62-60-58-56-54-52-50-48-46-44-42-40-38-36-34-32-30-28-26-24-22-20-18-16-14-12-10-8-6-4-2/h3-64H2,1-2H3",QEQOTIFAPIDGFL-UHFFFAOYSA-N,tetrahexacontane,C64H130,10.1021/je7005852,2008,"Molar enthalpy of vaporization or sublimation, kJ/mol",Liquid,"[""Liquid"",""Gas""]",Correlation gas chromatography,315.4,"{""nPropDigits"":4,""nPropNumber"":1,""CombinedUncertainty"":{""nCombExpandUncertValue"":5.4,""nCombUncertAssessNum"":1},""nPropValue"":315.4}",variable,"{""nVarValue"":298.15,""nVarDigits"":5,""nVarNumber"":1}",298.15,True,,315.4,False
10.1021/je7005852#d37#p1#r1,10.1021/je7005852#d37#p1,10.1021/je7005852.json,37,1,1,"InChI=1S/C66H134/c1-3-5-7-9-11-13-15-17-19-21-23-25-27-29-31-33-35-37-39-41-43-45-47-49-51-53-55-57-59-61-63-65-66-64-62-60-58-56-54-52-50-48-46-44-42-40-38-36-34-32-30-28-26-24-22-20-18-16-14-12-10-8-6-4-2/h3-66H2,1-2H3",GCGLVJDTQORHQD-UHFFFAOYSA-N,hexahexacontane,C66H134,10.1021/je7005852,2008,"Molar enthalpy of vaporization or sublimation, kJ/mol",Liquid,"[""Liquid"",""Gas""]",Correlation gas chromatography,324,"{""CombinedUncertainty"":{""nCombUncertAssessNum"":1,""nCombExpandUncertValue"":5.6},""nPropValue"":324,""nPropDigits"":3,""nPropNumber"":1}",variable,"{""nVarDigits"":5,""nVarNumber"":1,""nVarValue"":298.15}",298.15,True,,324,False
10.1021/je800091s#d1#p1#r1,10.1021/je800091s#d1#p1,10.1021/je800091s.json,1,1,1,"InChI=1S/C7H16/c1-3-5-7-6-4-2/h3-7H2,1-2H3/i1D3,2D3,3D2,4D2,5D2,6D2,7D2",IMNFDUFMRHMDMM-NEBSKJCTSA-N,heptane-d16,C7D16,10.1021/je800091s,2008,"Molar enthalpy of vaporization or sublimation, kJ/mol",Liquid,"[""Liquid"",""Gas""]",Correlation gas chromatography,35.8,"{""CombinedUncertainty"":{""nCombUncertAssessNum"":1,""nCombExpandUncertValue"":2.1},""nPropValue"":35.8,""nPropDigits"":3,""nPropNumber"":1}",variable,"{""nVarValue"":298,""nVarNumber"":1,""nVarDigits"":3}",298,True,isotope_layer,35.8,False
10.1021/je800091s#d2#p1#r1,10.1021/je800091s#d2#p1,10.1021/je800091s.json,2,1,1,"InChI=1S/C7H16/c1-3-5-7-6-4-2/h3-7H2,1-2H3/i1D3,2D3,3D2,4D2,5D2,6D2,7D2",IMNFDUFMRHMDMM-NEBSKJCTSA-N,heptane-d16,C7D16,10.1021/je800091s,2008,"Molar enthalpy of vaporization or sublimation, kJ/mol",Liquid,"[""Liquid"",""Gas""]",Correlation gas chromatography,36.4,"{""nPropDigits"":3,""nPropNumber"":1,""CombinedUncertainty"":{""nCombExpandUncertValue"":2.1,""nCombUncertAssessNum"":1},""nPropValue"":36.4}",variable,"{""nVarValue"":298,""nVarDigits"":3,""nVarNumber"":1}",298,True,isotope_layer,36.4,False
10.1021/je800091s#d4#p1#r1,10.1021/je800091s#d4#p1,10.1021/je800091s.json,4,1,1,"InChI=1S/C7H16/c1-3-5-7-6-4-2/h3-7H2,1-2H3",IMNFDUFMRHMDMM-UHFFFAOYSA-N,heptane,C7H16,10.1021/je800091s,2008,"Molar enthalpy of vaporization or sublimation, kJ/mol",Liquid,"[""Liquid"",""Gas""]",Correlation gas chromatography,36.72,"{""nPropValue"":36.72,""CombinedUncertainty"":{""nCombUncertAssessNum"":1,""nCombExpandUncertValue"":2.1},""nPropNumber"":1,""nPropDigits"":4}",variable,"{""nVarNumber"":1,""nVarDigits"":3,""nVarValue"":298}",298,True,,36.72,False
10.1021/je800091s#d5#p1#r1,10.1021/je800091s#d5#p1,10.1021/je800091s.json,5,1,1,"InChI=1S/C7H16/c1-3-5-7-6-4-2/h3-7H2,1-2H3",IMNFDUFMRHMDMM-UHFFFAOYSA-N,heptane,C7H16,10.1021/je800091s,2008,"Molar enthalpy of vaporization or sublimation, kJ/mol",Liquid,"[""Liquid"",""Gas""]",Correlation gas chromatography,36.41,"{""nPropNumber"":1,""nPropDigits"":4,""CombinedUncertainty"":{""nCombExpandUncertValue"":2.08,""nCombUncertAssessNum"":1},""nPropValue"":36.41}",variable,"{""nVarNumber"":1,""nVarDigits"":3,""nVarValue"":298}",298,True,,36.41,False
10.1021/je800091s#d6#p1#r1,10.1021/je800091s#d6#p1,10.1021/je800091s.json,6,1,1,"InChI=1S/C7H8/c1-7-5-3-2-4-6-7/h2-6H,1H3/i1D3,2D,3D,4D,5D,6D",YXFVVABEGXRONW-JGUCLWPXSA-N,toluene-d8,C7D8,10.1021/je800091s,2008,"Molar enthalpy of vaporization or sublimation, kJ/mol",Liquid,"[""Liquid"",""Gas""]",Correlation gas chromatography,37.95,"{""nPropNumber"":1,""nPropDigits"":4,""nPropValue"":37.95,""CombinedUncertainty"":{""nCombUncertAssessNum"":1,""nCombExpandUncertValue"":2.16}}",variable,"{""nVarDigits"":3,""nVarNumber"":1,""nVarValue"":298}",298,True,isotope_layer,37.95,False
10.1021/je800091s#d7#p1#r1,10.1021/je800091s#d7#p1,10.1021/je800091s.json,7,1,1,"InChI=1S/C7H8/c1-7-5-3-2-4-6-7/h2-6H,1H3/i1D3,2D,3D,4D,5D,6D",YXFVVABEGXRONW-JGUCLWPXSA-N,toluene-d8,C7D8,10.1021/je800091s,2008,"Molar enthalpy of vaporization or sublimation, kJ/mol",Liquid,"[""Liquid"",""Gas""]",Correlation gas chromatography,37.58,"{""nPropDigits"":4,""nPropNumber"":1,""CombinedUncertainty"":{""nCombExpandUncertValue"":2.14,""nCombUncertAssessNum"":1},""nPropValue"":37.58}",variable,"{""nVarValue"":298,""nVarDigits"":3,""nVarNumber"":1}",298,True,isotope_layer,37.58,False
10.1021/je800091s#d9#p1#r1,10.1021/je800091s#d9#p1,10.1021/je800091s.json,9,1,1,"InChI=1S/C7H8/c1-7-5-3-2-4-6-7/h2-6H,1H3",YXFVVABEGXRONW-UHFFFAOYSA-N,toluene,C7H8,10.1021/je800091s,2008,"Molar enthalpy of vaporization or sublimation, kJ/mol",Liquid,"[""Liquid"",""Gas""]",Correlation gas chromatography,38.02,"{""nPropDigits"":4,""nPropNumber"":1,""nPropValue"":38.02,""CombinedUncertainty"":{""nCombExpandUncertValue"":2.16,""nCombUncertAssessNum"":1}}",variable,"{""nVarNumber"":1,""nVarDigits"":3,""nVarValue"":298}",298,True,,38.02,False
10.1021/je800091s#d10#p1#r1,10.1021/je800091s#d10#p1,10.1021/je800091s.json,10,1,1,"InChI=1S/C7H8/c1-7-5-3-2-4-6-7/h2-6H,1H3",YXFVVABEGXRONW-UHFFFAOYSA-N,toluene,C7H8,10.1021/je800091s,2008,"Molar enthalpy of vaporization or sublimation, kJ/mol",Liquid,"[""Liquid"",""Gas""]",Correlation gas chromatography,38.24,"{""nPropNumber"":1,""nPropDigits"":4,""nPropValue"":38.24,""CombinedUncertainty"":{""nCombUncertAssessNum"":1,""nCombExpandUncertValue"":2.17}}",variable,"{""nVarValue"":298,""nVarDigits"":3,""nVarNumber"":1}",298,True,,38.24,False
10.1021/je800091s#d11#p1#r1,10.1021/je800091s#d11#p1,10.1021/je800091s.json,11,1,1,"InChI=1S/C8H18/c1-3-5-7-8-6-4-2/h3-8H2,1-2H3/i1D3,2D3,3D2,4D2,5D2,6D2,7D2,8D2",TVMXDCGIABBOFY-VAZJTQEUSA-N,octane-d18,C8D18,10.1021/je800091s,2008,"Molar enthalpy of vaporization or sublimation, kJ/mol",Liquid,"[""Liquid"",""Gas""]",Correlation gas chromatography,41.35,"{""nPropNumber"":1,""nPropDigits"":4,""CombinedUncertainty"":{""nCombUncertAssessNum"":1,""nCombExpandUncertValue"":2.33},""nPropValue"":41.35}",variable,"{""nVarNumber"":1,""nVarDigits"":3,""nVarValue"":298}",298,True,isotope_layer,41.35,False
10.1021/je800091s#d13#p1#r1,10.1021/je800091s#d13#p1,10.1021/je800091s.json,13,1,1,"InChI=1S/C8H18/c1-3-5-7-8-6-4-2/h3-8H2,1-2H3",TVMXDCGIABBOFY-UHFFFAOYSA-N,octane,C8H18,10.1021/je800091s,2008,"Molar enthalpy of vaporization or sublimation, kJ/mol",Liquid,"[""Liquid"",""Gas""]",Correlation gas chromatography,41.75,"{""nPropDigits"":4,""nPropNumber"":1,""CombinedUncertainty"":{""nCombExpandUncertValue"":2.35,""nCombUncertAssessNum"":1},""nPropValue"":41.75}",variable,"{""nVarNumber"":1,""nVarDigits"":3,""nVarValue"":298}",298,True,,41.75,False
10.1021/je800091s#d14#p1#r1,10.1021/je800091s#d14#p1,10.1021/je800091s.json,14,1,1,"InChI=1S/C8H10/c1-7-3-5-8(2)6-4-7/h3-6H,1-2H3/i1D3,2D3,3D,4D,5D,6D",URLKBWYHVLBVBO-ZGYYUIRESA-N,p-xylene-d10,C8D10,10.1021/je800091s,2008,"Molar enthalpy of vaporization or sublimation, kJ/mol",Liquid,"[""Liquid"",""Gas""]",Correlation gas chromatography,42.43,"{""nPropNumber"":1,""nPropDigits"":4,""nPropValue"":42.43,""CombinedUncertainty"":{""nCombUncertAssessNum"":1,""nCombExpandUncertValue"":2.39}}",variable,"{""nVarValue"":298,""nVarDigits"":3,""nVarNumber"":1}",298,True,isotope_layer,42.43,False
10.1021/je800091s#d16#p1#r1,10.1021/je800091s#d16#p1,10.1021/je800091s.json,16,1,1,"InChI=1S/C8H10/c1-7-3-5-8(2)6-4-7/h3-6H,1-2H3",URLKBWYHVLBVBO-UHFFFAOYSA-N,"1,4-dimethylbenzene",C8H10,10.1021/je800091s,2008,"Molar enthalpy of vaporization or sublimation, kJ/mol",Liquid,"[""Liquid"",""Gas""]",Correlation gas chromatography,42.57,"{""nPropNumber"":1,""nPropDigits"":4,""nPropValue"":42.57,""CombinedUncertainty"":{""nCombExpandUncertValue"":2.39,""nCombUncertAssessNum"":1}}",variable,"{""nVarNumber"":1,""nVarDigits"":3,""nVarValue"":298}",298,True,,42.57,False
10.1021/je800091s#d17#p1#r1,10.1021/je800091s#d17#p1,10.1021/je800091s.json,17,1,1,"InChI=1S/C8H10/c1-7-5-3-4-6-8(7)2/h3-6H,1-2H3",CTQNGGLPUBDAKN-UHFFFAOYSA-N,"1,2-dimethylbenzene",C8H10,10.1021/je800091s,2008,"Molar enthalpy of vaporization or sublimation, kJ/mol",Liquid,"[""Liquid"",""Gas""]",Correlation gas chromatography,43.07,"{""nPropNumber"":1,""nPropDigits"":4,""CombinedUncertainty"":{""nCombUncertAssessNum"":1,""nCombExpandUncertValue"":2.42},""nPropValue"":43.07}",variable,"{""nVarDigits"":3,""nVarNumber"":1,""nVarValue"":298}",298,True,,43.07,False
10.1021/je800091s#d18#p1#r1,10.1021/je800091s#d18#p1,10.1021/je800091s.json,18,1,1,"InChI=1S/C10H22/c1-3-5-7-9-10-8-6-4-2/h3-10H2,1-2H3",DIOQZVSQGTUSAI-UHFFFAOYSA-N,decane,C10H22,10.1021/je800091s,2008,"Molar enthalpy of vaporization or sublimation, kJ/mol",Liquid,"[""Liquid"",""Gas""]",Correlation gas chromatography,52.09,"{""CombinedUncertainty"":{""nCombUncertAssessNum"":1,""nCombExpandUncertValue"":2.88},""nPropValue"":52.09,""nPropDigits"":4,""nPropNumber"":1}",variable,"{""nVarValue"":298,""nVarDigits"":3,""nVarNumber"":1}",298,True,,52.09,False
10.1021/je800091s#d19#p1#r1,10.1021/je800091s#d19#p1,10.1021/je800091s.json,19,1,1,"InChI=1S/C10H22/c1-3-5-7-9-10-8-6-4-2/h3-10H2,1-2H3/i1D3,2D3,3D2,4D2,5D2,6D2,7D2,8D2,9D2,10D2",DIOQZVSQGTUSAI-DNYWURFXSA-N,decane-d22,C10D22,10.1021/je800091s,2008,"Molar enthalpy of vaporization or sublimation, kJ/mol",Liquid,"[""Liquid"",""Gas""]",Correlation gas chromatography,51.77,"{""nPropNumber"":1,""nPropDigits"":4,""CombinedUncertainty"":{""nCombUncertAssessNum"":1,""nCombExpandUncertValue"":2.86},""nPropValue"":51.77}",variable,"{""nVarNumber"":1,""nVarDigits"":3,""nVarValue"":298}",298,True,isotope_layer,51.77,False
10.1021/je800091s#d21#p1#r1,10.1021/je800091s#d21#p1,10.1021/je800091s.json,21,1,1,"InChI=1S/C10H8/c1-2-6-10-8-4-3-7-9(10)5-1/h1-8H/i1D,2D,3D,4D,5D,6D,7D,8D",UFWIBTONFRDIAS-PGRXLJNUSA-N,naphthalene-d8,C10D8,10.1021/je800091s,2008,"Molar enthalpy of vaporization or sublimation, kJ/mol",Liquid,"[""Liquid"",""Gas""]",Correlation gas chromatography,54.65,"{""nPropValue"":54.65,""CombinedUncertainty"":{""nCombUncertAssessNum"":1,""nCombExpandUncertValue"":3.01},""nPropNumber"":1,""nPropDigits"":4}",variable,"{""nVarNumber"":1,""nVarDigits"":3,""nVarValue"":298}",298,True,isotope_layer,54.65,False
10.1021/je800091s#d23#p1#r1,10.1021/je800091s#d23#p1,10.1021/je800091s.json,23,1,1,InChI=1S/C10H8/c1-2-6-10-8-4-3-7-9(10)5-1/h1-8H,UFWIBTONFRDIAS-UHFFFAOYSA-N,naphthalene,C10H8,10.1021/je800091s,2008,"Molar enthalpy of vaporization or sublimation, kJ/mol",Liquid,"[""Liquid"",""Gas""]",Correlation gas chromatography,54.64,"{""nPropNumber"":1,""nPropDigits"":4,""CombinedUncertainty"":{""nCombUncertAssessNum"":1,""nCombExpandUncertValue"":3.01},""nPropValue"":54.64}",variable,"{""nVarValue"":298,""nVarDigits"":3,""nVarNumber"":1}",298,True,,54.64,False
10.1021/je800091s#d24#p1#r1,10.1021/je800091s#d24#p1,10.1021/je800091s.json,24,1,1,"InChI=1S/C12H10/c1-3-7-11(8-4-1)12-9-5-2-6-10-12/h1-10H/i1D,2D,3D,4D,5D,6D,7D,8D,9D,10D",ZUOUZKKEUPVFJK-LHNTUAQVSA-N,"1,1'-biphenyl-d10",C12D10,10.1021/je800091s,2008,"Molar enthalpy of vaporization or sublimation, kJ/mol",Liquid,"[""Liquid"",""Gas""]",Correlation gas chromatography,64.89,"{""nPropValue"":64.89,""CombinedUncertainty"":{""nCombUncertAssessNum"":1,""nCombExpandUncertValue"":3.54},""nPropDigits"":4,""nPropNumber"":1}",variable,"{""nVarValue"":298,""nVarNumber"":1,""nVarDigits"":3}",298,True,isotope_layer,64.89,False
10.1021/je800091s#d26#p1#r1,10.1021/je800091s#d26#p1,10.1021/je800091s.json,26,1,1,InChI=1S/C12H10/c1-3-7-11(8-4-1)12-9-5-2-6-10-12/h1-10H,ZUOUZKKEUPVFJK-UHFFFAOYSA-N,biphenyl,C12H10,10.1021/je800091s,2008,"Molar enthalpy of vaporization or sublimation, kJ/mol",Liquid,"[""Liquid"",""Gas""]",Correlation gas chromatography,64.95,"{""CombinedUncertainty"":{""nCombUncertAssessNum"":1,""nCombExpandUncertValue"":3.54},""nPropValue"":64.95,""nPropNumber"":1,""nPropDigits"":4}",variable,"{""nVarValue"":298,""nVarNumber"":1,""nVarDigits"":3}",298,True,,64.95,False
10.1021/je800091s#d27#p1#r1,10.1021/je800091s#d27#p1,10.1021/je800091s.json,27,1,1,"InChI=1S/C12H18/c1-7-8(2)10(4)12(6)11(5)9(7)3/h1-6H3/i1D3,2D3,3D3,4D3,5D3,6D3",YUWFEBAXEOLKSG-NBDUPMGQSA-N,hexamethylbenzene-d18,C12D18,10.1021/je800091s,2008,"Molar enthalpy of vaporization or sublimation, kJ/mol",Liquid,"[""Liquid"",""Gas""]",Correlation gas chromatography,68.23,"{""CombinedUncertainty"":{""nCombExpandUncertValue"":3.71,""nCombUncertAssessNum"":1},""nPropValue"":68.23,""nPropDigits"":4,""nPropNumber"":1}",variable,"{""nVarDigits"":3,""nVarNumber"":1,""nVarValue"":298}",298,True,isotope_layer,68.23,False
10.1021/je800091s#d29#p1#r1,10.1021/je800091s#d29#p1,10.1021/je800091s.json,29,1,1,InChI=1S/C12H18/c1-7-8(2)10(4)12(6)11(5)9(7)3/h1-6H3,YUWFEBAXEOLKSG-UHFFFAOYSA-N,hexamethylbenzene,C12H18,10.1021/je800091s,2008,"Molar enthalpy of vaporization or sublimation, kJ/mol",Liquid,"[""Liquid"",""Gas""]",Correlation gas chromatography,68.56,"{""CombinedUncertainty"":{""nCombUncertAssessNum"":1,""nCombExpandUncertValue"":3.73},""nPropValue"":68.56,""nPropDigits"":4,""nPropNumber"":1}",variable,"{""nVarValue"":298,""nVarNumber"":1,""nVarDigits"":3}",298,True,,68.56,False
10.1021/je800091s#d31#p1#r1,10.1021/je800091s#d31#p1,10.1021/je800091s.json,31,1,1,"InChI=1S/C14H10/c1-3-7-13-11(5-1)9-10-12-6-2-4-8-14(12)13/h1-10H/i1D,2D,3D,4D,5D,6D,7D,8D,9D,10D",YNPNZTXNASCQKK-LHNTUAQVSA-N,phenanthrene-d10,C14D10,10.1021/je800091s,2008,"Molar enthalpy of vaporization or sublimation, kJ/mol",Liquid,"[""Liquid"",""Gas""]",Correlation gas chromatography,78.62,"{""CombinedUncertainty"":{""nCombExpandUncertValue"":4.25,""nCombUncertAssessNum"":1},""nPropValue"":78.62,""nPropNumber"":1,""nPropDigits"":4}",variable,"{""nVarValue"":298,""nVarNumber"":1,""nVarDigits"":3}",298,True,isotope_layer,78.62,False
10.1021/je800091s#d33#p1#r1,10.1021/je800091s#d33#p1,10.1021/je800091s.json,33,1,1,InChI=1S/C14H10/c1-3-7-13-11(5-1)9-10-12-6-2-4-8-14(12)13/h1-10H,YNPNZTXNASCQKK-UHFFFAOYSA-N,phenanthrene,C14H10,10.1021/je800091s,2008,"Molar enthalpy of vaporization or sublimation, kJ/mol",Liquid,"[""Liquid"",""Gas""]",Correlation gas chromatography,78.65,"{""nPropValue"":78.65,""CombinedUncertainty"":{""nCombUncertAssessNum"":1,""nCombExpandUncertValue"":4.25},""nPropDigits"":4,""nPropNumber"":1}",variable,"{""nVarValue"":298,""nVarNumber"":1,""nVarDigits"":3}",298,True,,78.65,False
10.1021/je800091s#d34#p1#r1,10.1021/je800091s#d34#p1,10.1021/je800091s.json,34,1,1,"InChI=1S/C14H10/c1-2-6-12-10-14-8-4-3-7-13(14)9-11(12)5-1/h1-10H/i1D,2D,3D,4D,5D,6D,7D,8D,9D,10D",MWPLVEDNUUSJAV-LHNTUAQVSA-N,anthracene-d10,C14D10,10.1021/je800091s,2008,"Molar enthalpy of vaporization or sublimation, kJ/mol",Liquid,"[""Liquid"",""Gas""]",Correlation gas chromatography,78.4,"{""CombinedUncertainty"":{""nCombExpandUncertValue"":4.2,""nCombUncertAssessNum"":1},""nPropValue"":78.4,""nPropNumber"":1,""nPropDigits"":3}",variable,"{""nVarNumber"":1,""nVarDigits"":3,""nVarValue"":298}",298,True,isotope_layer,78.4,False
10.1021/je800091s#d36#p1#r1,10.1021/je800091s#d36#p1,10.1021/je800091s.json,36,1,1,InChI=1S/C14H10/c1-2-6-12-10-14-8-4-3-7-13(14)9-11(12)5-1/h1-10H,MWPLVEDNUUSJAV-UHFFFAOYSA-N,anthracene,C14H10,10.1021/je800091s,2008,"Molar enthalpy of vaporization or sublimation, kJ/mol",Liquid,"[""Liquid"",""Gas""]",Correlation gas chromatography,78.49,"{""nPropDigits"":4,""nPropNumber"":1,""nPropValue"":78.49,""CombinedUncertainty"":{""nCombUncertAssessNum"":1,""nCombExpandUncertValue"":4.24}}",variable,"{""nVarValue"":298,""nVarDigits"":3,""nVarNumber"":1}",298,True,,78.49,False
10.1021/je800091s#d38#p1#r1,10.1021/je800091s#d38#p1,10.1021/je800091s.json,38,1,1,"InChI=1S/C12H10/c1-3-9-4-2-6-11-8-7-10(5-1)12(9)11/h1-6H,7-8H2",CWRYPZZKDGJXCA-UHFFFAOYSA-N,acenaphthene,C12H10,10.1021/je800091s,2008,"Molar enthalpy of vaporization or sublimation, kJ/mol",Liquid,"[""Liquid"",""Gas""]",Correlation gas chromatography,67.98,"{""nPropValue"":67.98,""CombinedUncertainty"":{""nCombExpandUncertValue"":3.7,""nCombUncertAssessNum"":1},""nPropDigits"":4,""nPropNumber"":1}",variable,"{""nVarValue"":298,""nVarNumber"":1,""nVarDigits"":3}",298,True,,67.98,False
10.1021/je800091s#d39#p1#r1,10.1021/je800091s#d39#p1,10.1021/je800091s.json,39,1,1,"InChI=1S/C12H10/c1-3-9-4-2-6-11-8-7-10(5-1)12(9)11/h1-6H,7-8H2/i1D,2D,3D,4D,5D,6D,7D2,8D2",CWRYPZZKDGJXCA-WHUVPORUSA-N,acenaphthene-d10,C12D10,10.1021/je800091s,2008,"Molar enthalpy of vaporization or sublimation, kJ/mol",Liquid,"[""Liquid"",""Gas""]",Correlation gas chromatography,67.21,"{""nPropNumber"":1,""nPropDigits"":4,""nPropValue"":67.21,""CombinedUncertainty"":{""nCombUncertAssessNum"":1,""nCombExpandUncertValue"":3.66}}",variable,"{""nVarValue"":298,""nVarDigits"":3,""nVarNumber"":1}",298,True,isotope_layer,67.21,False
10.1021/je800091s#d41#p1#r1,10.1021/je800091s#d41#p1,10.1021/je800091s.json,41,1,1,InChI=1S/C18H14/c1-3-7-15(8-4-1)17-11-13-18(14-12-17)16-9-5-2-6-10-16/h1-14H,XJKSTNDFUHDPQJ-UHFFFAOYSA-N,p-terphenyl,C18H14,10.1021/je800091s,2008,"Molar enthalpy of vaporization or sublimation, kJ/mol",Liquid,"[""Liquid"",""Gas""]",Correlation gas chromatography,101.7,"{""nPropValue"":101.7,""CombinedUncertainty"":{""nCombExpandUncertValue"":5.4,""nCombUncertAssessNum"":1},""nPropDigits"":4,""nPropNumber"":1}",variable,"{""nVarNumber"":1,""nVarDigits"":3,""nVarValue"":298}",298,True,,101.7,False
10.1021/je800091s#d43#p1#r1,10.1021/je800091s#d43#p1,10.1021/je800091s.json,43,1,1,"InChI=1S/C18H14/c1-3-7-15(8-4-1)17-11-13-18(14-12-17)16-9-5-2-6-10-16/h1-14H/i1D,2D,3D,4D,5D,6D,7D,8D,9D,10D,11D,12D,13D,14D",XJKSTNDFUHDPQJ-WZAAGXFHSA-N,"1,1':4',1''-terphenyl-d14",C18D14,10.1021/je800091s,2008,"Molar enthalpy of vaporization or sublimation, kJ/mol",Liquid,"[""Liquid"",""Gas""]",Correlation gas chromatography,101.57,"{""CombinedUncertainty"":{""nCombUncertAssessNum"":1,""nCombExpandUncertValue"":5.43},""nPropValue"":101.57,""nPropNumber"":1,""nPropDigits"":5}",variable,"{""nVarNumber"":1,""nVarDigits"":3,""nVarValue"":298}",298,True,isotope_layer,101.57,False
10.1021/je800091s#d45#p1#r1,10.1021/je800091s#d45#p1,10.1021/je800091s.json,45,1,1,InChI=1S/C18H12/c1-3-7-15-13(5-1)9-11-18-16-8-4-2-6-14(16)10-12-17(15)18/h1-12H,WDECIBYCCFPHNR-UHFFFAOYSA-N,chrysene,C18H12,10.1021/je800091s,2008,"Molar enthalpy of vaporization or sublimation, kJ/mol",Liquid,"[""Liquid"",""Gas""]",Correlation gas chromatography,106.18,"{""nPropDigits"":5,""nPropNumber"":1,""CombinedUncertainty"":{""nCombExpandUncertValue"":5.67,""nCombUncertAssessNum"":1},""nPropValue"":106.18}",variable,"{""nVarValue"":298,""nVarDigits"":3,""nVarNumber"":1}",298,True,,106.18,False
10.1021/je800091s#d47#p1#r1,10.1021/je800091s#d47#p1,10.1021/je800091s.json,47,1,1,"InChI=1S/C18H12/c1-3-7-15-13(5-1)9-11-18-16-8-4-2-6-14(16)10-12-17(15)18/h1-12H/i1D,2D,3D,4D,5D,6D,7D,8D,9D,10D,11D,12D",WDECIBYCCFPHNR-AQZSQYOVSA-N,chrysene-d12,C18D12,10.1021/je800091s,2008,"Molar enthalpy of vaporization or sublimation, kJ/mol",Liquid,"[""Liquid"",""Gas""]",Correlation gas chromatography,106.04,"{""nPropDigits"":5,""nPropNumber"":1,""CombinedUncertainty"":{""nCombUncertAssessNum"":1,""nCombExpandUncertValue"":5.66},""nPropValue"":106.04}",variable,"{""nVarNumber"":1,""nVarDigits"":3,""nVarValue"":298}",298,True,isotope_layer,106.04,False
10.1021/je800091s#d49#p1#r1,10.1021/je800091s#d49#p1,10.1021/je800091s.json,49,1,1,InChI=1S/C20H12/c1-5-13-6-2-11-17-18-12-4-8-14-7-3-10-16(20(14)18)15(9-1)19(13)17/h1-12H,CSHWQDPOILHKBI-UHFFFAOYSA-N,perylene,C20H12,10.1021/je800091s,2008,"Molar enthalpy of vaporization or sublimation, kJ/mol",Liquid,"[""Liquid"",""Gas""]",Correlation gas chromatography,119.52,"{""CombinedUncertainty"":{""nCombExpandUncertValue"":6.36,""nCombUncertAssessNum"":1},""nPropValue"":119.52,""nPropDigits"":5,""nPropNumber"":1}",variable,"{""nVarDigits"":3,""nVarNumber"":1,""nVarValue"":298}",298,True,,119.52,False
10.1021/je800091s#d51#p1#r1,10.1021/je800091s#d51#p1,10.1021/je800091s.json,51,1,1,"InChI=1S/C20H12/c1-5-13-6-2-11-17-18-12-4-8-14-7-3-10-16(20(14)18)15(9-1)19(13)17/h1-12H/i1D,2D,3D,4D,5D,6D,7D,8D,9D,10D,11D,12D",CSHWQDPOILHKBI-AQZSQYOVSA-N,perylene-d12,C20D12,10.1021/je800091s,2008,"Molar enthalpy of vaporization or sublimation, kJ/mol",Liquid,"[""Liquid"",""Gas""]",Correlation gas chromatography,119.51,"{""CombinedUncertainty"":{""nCombUncertAssessNum"":1,""nCombExpandUncertValue"":6.36},""nPropValue"":119.51,""nPropDigits"":5,""nPropNumber"":1}",variable,"{""nVarNumber"":1,""nVarDigits"":3,""nVarValue"":298}",298,True,isotope_layer,119.51,False
10.1021/je800091s#d53#p1#r1,10.1021/je800091s#d53#p1,10.1021/je800091s.json,53,1,1,"InChI=1S/C6H14/c1-3-5-6-4-2/h3-6H2,1-2H3",VLKZOEOYAKHREP-UHFFFAOYSA-N,hexane,C6H14,10.1021/je800091s,2008,"Molar enthalpy of vaporization or sublimation, kJ/mol",Liquid,"[""Liquid"",""Gas""]",Correlation gas chromatography,31.88,"{""nPropDigits"":4,""nPropNumber"":1,""nPropValue"":31.88,""CombinedUncertainty"":{""nCombUncertAssessNum"":1,""nCombExpandUncertValue"":1.85}}",variable,"{""nVarDigits"":3,""nVarNumber"":1,""nVarValue"":298}",298,True,,31.88,False
10.1021/je800091s#d54#p1#r1,10.1021/je800091s#d54#p1,10.1021/je800091s.json,54,1,1,"InChI=1S/C6H14/c1-3-5-6-4-2/h3-6H2,1-2H3/i1D3,2D3,3D2,4D2,5D2,6D2",VLKZOEOYAKHREP-ZLKPZJALSA-N,hexane-d14,C6D14,10.1021/je800091s,2008,"Molar enthalpy of vaporization or sublimation, kJ/mol",Liquid,"[""Liquid"",""Gas""]",Correlation gas chromatography,31.59,"{""nPropDigits"":4,""nPropNumber"":1,""nPropValue"":31.59,""CombinedUncertainty"":{""nCombExpandUncertValue"":1.84,""nCombUncertAssessNum"":1}}",variable,"{""nVarValue"":298,""nVarNumber"":1,""nVarDigits"":3}",298,True,isotope_layer,31.59,False
10.1021/je800091s#d56#p1#r1,10.1021/je800091s#d56#p1,10.1021/je800091s.json,56,1,1,"InChI=1S/C6H12/c1-2-4-6-5-3-1/h1-6H2/i1D2,2D2,3D2,4D2,5D2,6D2",XDTMQSROBMDMFD-LBTWDOQPSA-N,cyclohexane-d12,C6D12,10.1021/je800091s,2008,"Molar enthalpy of vaporization or sublimation, kJ/mol",Liquid,"[""Liquid"",""Gas""]",Correlation gas chromatography,32.58,"{""nPropValue"":32.58,""CombinedUncertainty"":{""nCombUncertAssessNum"":1,""nCombExpandUncertValue"":1.89},""nPropNumber"":1,""nPropDigits"":4}",variable,"{""nVarNumber"":1,""nVarDigits"":3,""nVarValue"":298}",298,True,isotope_layer,32.58,False
10.1021/je800091s#d58#p1#r1,10.1021/je800091s#d58#p1,10.1021/je800091s.json,58,1,1,InChI=1S/C6H12/c1-2-4-6-5-3-1/h1-6H2,XDTMQSROBMDMFD-UHFFFAOYSA-N,cyclohexane,C6H12,10.1021/je800091s,2008,"Molar enthalpy of vaporization or sublimation, kJ/mol",Liquid,"[""Liquid"",""Gas""]",Correlation gas chromatography,32.83,"{""CombinedUncertainty"":{""nCombExpandUncertValue"":1.9,""nCombUncertAssessNum"":1},""nPropValue"":32.83,""nPropDigits"":4,""nPropNumber"":1}",variable,"{""nVarNumber"":1,""nVarDigits"":3,""nVarValue"":298}",298,True,,32.83,False
10.1021/je800091s#d59#p1#r1,10.1021/je800091s#d59#p1,10.1021/je800091s.json,59,1,1,"InChI=1S/C6H6/c1-2-4-6-5-3-1/h1-6H/i1D,2D,3D,4D,5D,6D",UHOVQNZJYSORNB-MZWXYZOWSA-N,benzene-d6,C6D6,10.1021/je800091s,2008,"Molar enthalpy of vaporization or sublimation, kJ/mol",Liquid,"[""Liquid"",""Gas""]",Correlation gas chromatography,33.25,"{""nPropNumber"":1,""nPropDigits"":4,""CombinedUncertainty"":{""nCombExpandUncertValue"":1.92,""nCombUncertAssessNum"":1},""nPropValue"":33.25}",variable,"{""nVarValue"":298,""nVarNumber"":1,""nVarDigits"":3}",298,True,isotope_layer,33.25,False
10.1021/je800091s#d61#p1#r1,10.1021/je800091s#d61#p1,10.1021/je800091s.json,61,1,1,InChI=1S/C6H6/c1-2-4-6-5-3-1/h1-6H,UHOVQNZJYSORNB-UHFFFAOYSA-N,benzene,C6H6,10.1021/je800091s,2008,"Molar enthalpy of vaporization or sublimation, kJ/mol",Liquid,"[""Liquid"",""Gas""]",Correlation gas chromatography,33.25,"{""nPropNumber"":1,""nPropDigits"":4,""CombinedUncertainty"":{""nCombExpandUncertValue"":1.92,""nCombUncertAssessNum"":1},""nPropValue"":33.25}",variable,"{""nVarValue"":298,""nVarNumber"":1,""nVarDigits"":3}",298,True,,33.25,False
10.1021/je800091s#d62#p1#r1,10.1021/je800091s#d62#p1,10.1021/je800091s.json,62,1,1,"InChI=1S/C8H10/c1-7-5-3-4-6-8(7)2/h3-6H,1-2H3/i1D3,2D3,3D,4D,5D,6D",CTQNGGLPUBDAKN-ZGYYUIRESA-N,o-xylene-d10,C8D10,10.1021/je800091s,2008,"Molar enthalpy of vaporization or sublimation, kJ/mol",Liquid,"[""Liquid"",""Gas""]",Correlation gas chromatography,43,"{""nPropValue"":43,""CombinedUncertainty"":{""nCombUncertAssessNum"":1,""nCombExpandUncertValue"":2},""nPropDigits"":2,""nPropNumber"":1}",variable,"{""nVarDigits"":3,""nVarNumber"":1,""nVarValue"":298}",298,True,isotope_layer,43,False
10.1021/je800155q#d1#p1#r1,10.1021/je800155q#d1#p1,10.1021/je800155q.json,1,1,1,"InChI=1S/C9H13N/c1-9(2,3)8-4-6-10-7-5-8/h4-7H,1-3H3",YSHMQTRICHYLGF-UHFFFAOYSA-N,"4-(1,1-dimethylethyl)pyridine",C9H13N,10.1021/je800155q,2008,"Molar enthalpy of vaporization or sublimation, kJ/mol",Liquid,"[""Liquid"",""Gas""]",Calvet Microcalorimeter,54.4,"{""nPropValue"":54.4,""CombinedUncertainty"":{""nCombUncertAssessNum"":1,""nCombExpandUncertValue"":2.6},""nPropNumber"":1,""nPropDigits"":3}",variable,"{""nVarNumber"":1,""nVarDigits"":5,""nVarValue"":298.15}",298.15,True,,54.4,True
10.1021/je800155q#d3#p1#r1,10.1021/je800155q#d3#p1,10.1021/je800155q.json,3,1,1,"InChI=1S/C13H21N/c1-12(2,3)10-8-7-9-11(14-10)13(4,5)6/h7-9H,1-6H3",UWKQJZCTQGMHKD-UHFFFAOYSA-N,"2,6-di-tert-butylpyridine",C13H21N,10.1021/je800155q,2008,"Molar enthalpy of vaporization or sublimation, kJ/mol",Liquid,"[""Liquid"",""Gas""]",Calvet Microcalorimeter,56.6,"{""nPropValue"":56.6,""CombinedUncertainty"":{""nCombExpandUncertValue"":2.4,""nCombUncertAssessNum"":1},""nPropDigits"":3,""nPropNumber"":1}",variable,"{""nVarValue"":298.15,""nVarNumber"":1,""nVarDigits"":5}",298.15,True,,56.6,True
10.1021/je800155q#d6#p1#r1,10.1021/je800155q#d6#p1,10.1021/je800155q.json,6,1,1,"InChI=1S/C17H29N/c1-15(2,3)12-10-13(16(4,5)6)18-14(11-12)17(7,8)9/h10-11H,1-9H3",IDOFMGSESVXXQI-UHFFFAOYSA-N,"pyridine, 2,4,6-tris(1,1-dimethylethyl)-",C17H29N,10.1021/je800155q,2008,"Molar enthalpy of vaporization or sublimation, kJ/mol",Crystal,"[""Crystal"",""Gas""]",Calvet Microcalorimeter,78.3,"{""nPropDigits"":3,""nPropNumber"":1,""nPropValue"":78.3,""CombinedUncertainty"":{""nCombUncertAssessNum"":1,""nCombExpandUncertValue"":3.4}}",variable,"{""nVarDigits"":5,""nVarNumber"":1,""nVarValue"":298.15}",298.15,False,,78.3,True
10.1021/je8004408#d3#p1#r1,10.1021/je8004408#d3#p1,10.1021/je8004408.json,3,1,1,"InChI=1S/C10H10O2/c11-9-5-1-3-7-8(9)4-2-6-10(7)12/h1,3,5,11H,2,4,6H2",YPPZCRZRQHFRBH-UHFFFAOYSA-N,5-hydroxy-1-tetralone,C10H10O2,10.1021/je8004408,2009,"Molar enthalpy of vaporization or sublimation, kJ/mol",Crystal,"[""Crystal"",""Gas""]",Drop Microcalorimetry,118.5,"{""nPropDigits"":4,""nPropNumber"":1,""nPropValue"":118.5,""CombinedUncertainty"":{""nCombUncertAssessNum"":1,""nCombExpandUncertValue"":3}}",variable,"{""nVarDigits"":5,""nVarNumber"":1,""nVarValue"":298.15}",298.15,False,,118.5,True
10.1021/je8004408#d8#p1#r1,10.1021/je8004408#d8#p1,10.1021/je8004408.json,8,1,1,"InChI=1S/C10H10O2/c11-8-4-5-9-7(6-8)2-1-3-10(9)12/h4-6,11H,1-3H2",FNSQPQKPPGALFA-UHFFFAOYSA-N,6-hydroxy-1-tetralone,C10H10O2,10.1021/je8004408,2009,"Molar enthalpy of vaporization or sublimation, kJ/mol",Crystal 2,"[""Crystal 2"",""Gas""]",Drop Microcalorimetry,117.5,"{""nPropValue"":117.5,""CombinedUncertainty"":{""nCombUncertAssessNum"":1,""nCombExpandUncertValue"":2.8},""nPropNumber"":1,""nPropDigits"":4}",variable,"{""nVarNumber"":1,""nVarDigits"":5,""nVarValue"":298.15}",298.15,False,,117.5,True
10.1021/je900034d#d1#p1#r1,10.1021/je900034d#d1#p1,10.1021/je900034d.json,1,1,1,"InChI=1S/C12H27N/c1-4-7-10-13(11-8-5-2)12-9-6-3/h4-12H2,1-3H3",IMFACGCPASFAPR-UHFFFAOYSA-N,tributylamine,C12H27N,10.1021/je900034d,2009,"Molar enthalpy of vaporization or sublimation, kJ/mol",Liquid,"[""Liquid"",""Gas""]",Correlation gas chromatography,62.7,"{""nPropDigits"":3,""nPropNumber"":1,""nPropValue"":62.7,""CombinedUncertainty"":{""nCombUncertAssessNum"":1,""nCombExpandUncertValue"":1.9}}",variable,"{""nVarValue"":298,""nVarNumber"":1,""nVarDigits"":3}",298,True,,62.7,False
10.1021/je900034d#d3#p1#r1,10.1021/je900034d#d3#p1,10.1021/je900034d.json,3,1,1,InChI=1S/C11H9N/c1-2-6-10(7-3-1)11-8-4-5-9-12-11/h1-9H,VQGHOUODWALEFC-UHFFFAOYSA-N,2-phenylpyridine,C11H9N,10.1021/je900034d,2009,"Molar enthalpy of vaporization or sublimation, kJ/mol",Liquid,"[""Liquid"",""Gas""]",Correlation gas chromatography,68.4,"{""CombinedUncertainty"":{""nCombExpandUncertValue"":2.4,""nCombUncertAssessNum"":1},""nPropValue"":68.4,""nPropDigits"":3,""nPropNumber"":1}",variable,"{""nVarDigits"":3,""nVarNumber"":1,""nVarValue"":298}",298,True,,68.4,False
10.1021/je900034d#d5#p1#r1,10.1021/je900034d#d5#p1,10.1021/je900034d.json,5,1,1,InChI=1S/C11H9N/c1-2-5-10(6-3-1)11-7-4-8-12-9-11/h1-9H,HJKGBRPNSJADMB-UHFFFAOYSA-N,3-phenylpyridine,C11H9N,10.1021/je900034d,2009,"Molar enthalpy of vaporization or sublimation, kJ/mol",Liquid,"[""Liquid"",""Gas""]",Correlation gas chromatography,68.4,"{""nPropDigits"":3,""nPropNumber"":1,""nPropValue"":68.4,""CombinedUncertainty"":{""nCombUncertAssessNum"":1,""nCombExpandUncertValue"":2.2}}",variable,"{""nVarDigits"":3,""nVarNumber"":1,""nVarValue"":298}",298,True,,68.4,False
10.1021/je900034d#d7#p1#r1,10.1021/je900034d#d7#p1,10.1021/je900034d.json,7,1,1,InChI=1S/C8H6N2/c1-2-4-8-7(3-1)5-9-6-10-8/h1-6H,JWVCLYRUEFBMGU-UHFFFAOYSA-N,"1,3-benzodiazine",C8H6N2,10.1021/je900034d,2009,"Molar enthalpy of vaporization or sublimation, kJ/mol",Liquid,"[""Liquid"",""Gas""]",Correlation gas chromatography,58.9,"{""CombinedUncertainty"":{""nCombExpandUncertValue"":2.4,""nCombUncertAssessNum"":1},""nPropValue"":58.9,""nPropDigits"":3,""nPropNumber"":1}",variable,"{""nVarValue"":298,""nVarNumber"":1,""nVarDigits"":3}",298,True,,58.9,False
10.1021/je900034d#d9#p1#r1,10.1021/je900034d#d9#p1,10.1021/je900034d.json,9,1,1,"InChI=1S/C10H14N2/c1-12-7-3-5-10(12)9-4-2-6-11-8-9/h2,4,6,8,10H,3,5,7H2,1H3/t10-/m0/s1",SNICXCGAKADSCV-JTQLQIEISA-N,(-)-3-(N-methylpyrrolidino)pyridine,C10H14N2,10.1021/je900034d,2009,"Molar enthalpy of vaporization or sublimation, kJ/mol",Liquid,"[""Liquid"",""Gas""]",Correlation gas chromatography,63.9,"{""nPropDigits"":3,""nPropNumber"":1,""CombinedUncertainty"":{""nCombExpandUncertValue"":2.5,""nCombUncertAssessNum"":1},""nPropValue"":63.9}",variable,"{""nVarNumber"":1,""nVarDigits"":3,""nVarValue"":298}",298,True,,63.9,False
10.1021/je900034d#d13#p1#r1,10.1021/je900034d#d13#p1,10.1021/je900034d.json,13,1,1,InChI=1S/C10H8N2/c1-2-4-9(5-3-1)10-6-7-11-8-12-10/h1-8H,MKLQPIYLZMLAER-UHFFFAOYSA-N,4-phenylpyrimidine,C10H8N2,10.1021/je900034d,2009,"Molar enthalpy of vaporization or sublimation, kJ/mol",Liquid,"[""Liquid"",""Gas""]",Correlation gas chromatography,68.8,"{""nPropNumber"":1,""nPropDigits"":3,""nPropValue"":68.8,""CombinedUncertainty"":{""nCombExpandUncertValue"":2.9,""nCombUncertAssessNum"":1}}",variable,"{""nVarNumber"":1,""nVarDigits"":3,""nVarValue"":298}",298,True,,68.8,False
10.1021/je900034d#d17#p1#r1,10.1021/je900034d#d17#p1,10.1021/je900034d.json,17,1,1,InChI=1S/C10H8N2/c1-5-11-6-2-9(1)10-3-7-12-8-4-10/h1-8H,MWVTWFVJZLCBMC-UHFFFAOYSA-N,".gamma.,.gamma.'-bipyridyl",C10H8N2,10.1021/je900034d,2009,"Molar enthalpy of vaporization or sublimation, kJ/mol",Liquid,"[""Liquid"",""Gas""]",Correlation gas chromatography,71.1,"{""CombinedUncertainty"":{""nCombUncertAssessNum"":1,""nCombExpandUncertValue"":3},""nPropValue"":71.1,""nPropDigits"":3,""nPropNumber"":1}",variable,"{""nVarNumber"":1,""nVarDigits"":3,""nVarValue"":298}",298,True,,71.1,False
10.1021/je900034d#d19#p1#r1,10.1021/je900034d#d19#p1,10.1021/je900034d.json,19,1,1,"InChI=1S/C12H11N/c1-2-6-11(7-3-1)10-12-8-4-5-9-13-12/h1-9H,10H2",PCFUWBOSXMKGIP-UHFFFAOYSA-N,2-benzylpyridine,C12H11N,10.1021/je900034d,2009,"Molar enthalpy of vaporization or sublimation, kJ/mol",Liquid,"[""Liquid"",""Gas""]",Correlation gas chromatography,69.8,"{""nPropDigits"":3,""nPropNumber"":1,""CombinedUncertainty"":{""nCombUncertAssessNum"":1,""nCombExpandUncertValue"":3.2},""nPropValue"":69.8}",variable,"{""nVarNumber"":1,""nVarDigits"":3,""nVarValue"":298}",298,True,,69.8,False
10.1021/je900034d#d23#p1#r1,10.1021/je900034d#d23#p1,10.1021/je900034d.json,23,1,1,InChI=1S/C10H8N2/c1-2-6-12-10(3-1)9-4-7-11-8-5-9/h1-8H,RMHQDKYZXJVCME-UHFFFAOYSA-N,"2,4'-bipyridine",C10H8N2,10.1021/je900034d,2009,"Molar enthalpy of vaporization or sublimation, kJ/mol",Liquid,"[""Liquid"",""Gas""]",Correlation gas chromatography,70.9,"{""nPropDigits"":3,""nPropNumber"":1,""CombinedUncertainty"":{""nCombUncertAssessNum"":1,""nCombExpandUncertValue"":2.2},""nPropValue"":70.9}",variable,"{""nVarDigits"":3,""nVarNumber"":1,""nVarValue"":298}",298,True,,70.9,False
10.1021/je900034d#d25#p1#r1,10.1021/je900034d#d25#p1,10.1021/je900034d.json,25,1,1,InChI=1S/C10H8N2/c1-3-7-11-9(5-1)10-6-2-4-8-12-10/h1-8H,ROFVEXUMMXZLPA-UHFFFAOYSA-N,"2,2'-bipyridine",C10H8N2,10.1021/je900034d,2009,"Molar enthalpy of vaporization or sublimation, kJ/mol",Liquid,"[""Liquid"",""Gas""]",Correlation gas chromatography,67,"{""nPropDigits"":2,""nPropNumber"":1,""nPropValue"":67,""CombinedUncertainty"":{""nCombUncertAssessNum"":1,""nCombExpandUncertValue"":2.7}}",variable,"{""nVarValue"":298,""nVarDigits"":3,""nVarNumber"":1}",298,True,,67,False
10.1021/je900034d#d27#p1#r1,10.1021/je900034d#d27#p1,10.1021/je900034d.json,27,1,1,"InChI=1S/C13H11N/c1-14-12-8-4-2-6-10(12)11-7-3-5-9-13(11)14/h2-9H,1H3",SDFLTYHTFPTIGX-UHFFFAOYSA-N,9-methyl-9H-carbazole,C13H11N,10.1021/je900034d,2009,"Molar enthalpy of vaporization or sublimation, kJ/mol",Liquid,"[""Liquid"",""Gas""]",Correlation gas chromatography,79.4,"{""CombinedUncertainty"":{""nCombUncertAssessNum"":1,""nCombExpandUncertValue"":3.6},""nPropValue"":79.4,""nPropNumber"":1,""nPropDigits"":3}",variable,"{""nVarNumber"":1,""nVarDigits"":3,""nVarValue"":298}",298,True,,79.4,False
10.1021/je900034d#d31#p1#r1,10.1021/je900034d#d31#p1,10.1021/je900034d.json,31,1,1,InChI=1S/C12H8N2/c1-3-9-5-6-11-10(4-2-7-13-11)12(9)14-8-1/h1-8H,OZKOMUDCMCEDTM-UHFFFAOYSA-N,"1,5-diazaphenanthrene",C12H8N2,10.1021/je900034d,2009,"Molar enthalpy of vaporization or sublimation, kJ/mol",Liquid,"[""Liquid"",""Gas""]",Correlation gas chromatography,79.4,"{""nPropNumber"":1,""nPropDigits"":3,""nPropValue"":79.4,""CombinedUncertainty"":{""nCombUncertAssessNum"":1,""nCombExpandUncertValue"":5}}",variable,"{""nVarNumber"":1,""nVarDigits"":3,""nVarValue"":298}",298,True,,79.4,False
10.1021/je900034d#d35#p1#r1,10.1021/je900034d#d35#p1,10.1021/je900034d.json,35,1,1,InChI=1S/C12H8N2/c1-3-9-10-4-2-8-14-12(10)6-5-11(9)13-7-1/h1-8H,DATYUTWESAKQQM-UHFFFAOYSA-N,"4,7-phenanthroline",C12H8N2,10.1021/je900034d,2009,"Molar enthalpy of vaporization or sublimation, kJ/mol",Liquid,"[""Liquid"",""Gas""]",Correlation gas chromatography,80.8,"{""nPropDigits"":3,""nPropNumber"":1,""CombinedUncertainty"":{""nCombExpandUncertValue"":5.1,""nCombUncertAssessNum"":1},""nPropValue"":80.8}",variable,"{""nVarValue"":298,""nVarNumber"":1,""nVarDigits"":3}",298,True,,80.8,False
10.1021/je9000872#d1#p1#r1,10.1021/je9000872#d1#p1,10.1021/je9000872.json,1,1,1,"InChI=1S/C6H5FO/c7-5-3-1-2-4-6(5)8/h1-4,8H",HFHFGHLXUCOHLN-UHFFFAOYSA-N,2-fluorophenol,C6H5FO,10.1021/je9000872,2009,"Molar enthalpy of vaporization or sublimation, kJ/mol",Liquid,"[""Liquid"",""Gas""]",Calvet microcalorimetry,52.3,"{""nPropNumber"":1,""nPropDigits"":3,""nPropValue"":52.3,""CombinedUncertainty"":{""nCombExpandUncertValue"":1.6,""nCombUncertAssessNum"":1}}",variable,"{""nVarNumber"":1,""nVarDigits"":5,""nVarValue"":298.15}",298.15,True,,52.3,True
10.1021/je9000872#d2#p1#r1,10.1021/je9000872#d2#p1,10.1021/je9000872.json,2,1,1,"InChI=1S/C6H5FO/c7-5-2-1-3-6(8)4-5/h1-4,8H",SJTBRFHBXDZMPS-UHFFFAOYSA-N,3-fluorophenol,C6H5FO,10.1021/je9000872,2009,"Molar enthalpy of vaporization or sublimation, kJ/mol",Liquid,"[""Liquid"",""Gas""]",Calvet microcalorimetry,60.1,"{""nPropValue"":60.1,""CombinedUncertainty"":{""nCombExpandUncertValue"":1.8,""nCombUncertAssessNum"":1},""nPropNumber"":1,""nPropDigits"":3}",variable,"{""nVarDigits"":5,""nVarNumber"":1,""nVarValue"":298.15}",298.15,True,,60.1,True
10.1021/je9000872#d3#p1#r1,10.1021/je9000872#d3#p1,10.1021/je9000872.json,3,1,1,"InChI=1S/C6H5FO/c7-5-1-3-6(8)4-2-5/h1-4,8H",RHMPLDJJXGPMEX-UHFFFAOYSA-N,4-fluorophenol,C6H5FO,10.1021/je9000872,2009,"Molar enthalpy of vaporization or sublimation, kJ/mol",Crystal,"[""Crystal"",""Gas""]",Calvet microcalorimetry,73.9,"{""nPropDigits"":3,""nPropNumber"":1,""nPropValue"":73.9,""CombinedUncertainty"":{""nCombExpandUncertValue"":2.8,""nCombUncertAssessNum"":1}}",variable,"{""nVarNumber"":1,""nVarDigits"":5,""nVarValue"":298.15}",298.15,False,,73.9,True
10.1021/je900093h#d3#p1#r1,10.1021/je900093h#d3#p1,10.1021/je900093h.json,3,1,1,"InChI=1S/C12H24O2/c1-3-5-6-7-8-9-10-11-12(13)14-4-2/h3-11H2,1-2H3",RGXWDWUGBIJHDO-UHFFFAOYSA-N,ethyl decanoate,C12H24O2,10.1021/je900093h,2009,"Molar enthalpy of vaporization or sublimation, kJ/mol",Liquid,"[""Liquid"",""Gas""]",Static calorimetry,69.9,"{""nPropNumber"":1,""nPropDigits"":3,""CombinedUncertainty"":{""nCombUncertAssessNum"":1,""nCombExpandUncertValue"":1.4},""nPropValue"":69.9}",variable,"{""nVarValue"":304.79,""nVarNumber"":1,""nVarDigits"":5}",304.79,True,,69.9,True
10.1021/je900702t#d1#p1#r1,10.1021/je900702t#d1#p1,10.1021/je900702t.json,1,1,1,InChI=1S/C8H6N2/c1-2-4-8-7(3-1)9-5-6-10-8/h1-6H,XSCHRSMBECNVNS-UHFFFAOYSA-N,"1,4-benzodiazine",C8H6N2,10.1021/je900702t,2010,"Molar enthalpy of vaporization or sublimation, kJ/mol",Liquid,"[""Liquid"",""Gas""]",Correlation gas chromatography,58.7,"{""nPropValue"":58.7,""CombinedUncertainty"":{""nCombUncertAssessNum"":1,""nCombExpandUncertValue"":3.1},""nPropDigits"":3,""nPropNumber"":1}",variable,"{""nVarNumber"":1,""nVarDigits"":3,""nVarValue"":298}",298,True,,58.7,False
10.1021/je900702t#d3#p1#r1,10.1021/je900702t#d3#p1,10.1021/je900702t.json,3,1,1,InChI=1S/C8H6N2/c1-2-4-8-7(3-1)5-9-6-10-8/h1-6H,JWVCLYRUEFBMGU-UHFFFAOYSA-N,"1,3-benzodiazine",C8H6N2,10.1021/je900702t,2010,"Molar enthalpy of vaporization or sublimation, kJ/mol",Liquid,"[""Liquid"",""Gas""]",Correlation gas chromatography,59.6,"{""nPropNumber"":1,""nPropDigits"":3,""CombinedUncertainty"":{""nCombUncertAssessNum"":1,""nCombExpandUncertValue"":3.1},""nPropValue"":59.6}",variable,"{""nVarNumber"":1,""nVarDigits"":3,""nVarValue"":298}",298,True,,59.6,False
10.1021/je900702t#d5#p1#r1,10.1021/je900702t#d5#p1,10.1021/je900702t.json,5,1,1,InChI=1S/C12H8N2/c1-2-6-10-9(5-1)13-11-7-3-4-8-12(11)14-10/h1-8H,PCNDJXKNXGMECE-UHFFFAOYSA-N,phenazine,C12H8N2,10.1021/je900702t,2010,"Molar enthalpy of vaporization or sublimation, kJ/mol",Liquid,"[""Liquid"",""Gas""]",Correlation gas chromatography,76.7,"{""nPropValue"":76.7,""CombinedUncertainty"":{""nCombUncertAssessNum"":1,""nCombExpandUncertValue"":2.1},""nPropDigits"":3,""nPropNumber"":1}",variable,"{""nVarValue"":298,""nVarNumber"":1,""nVarDigits"":3}",298,True,,76.7,False
10.1021/je900702t#d7#p1#r1,10.1021/je900702t#d7#p1,10.1021/je900702t.json,7,1,1,InChI=1S/C18H15N/c1-4-10-16(11-5-1)19(17-12-6-2-7-13-17)18-14-8-3-9-15-18/h1-15H,ODHXBMXNKOYIBV-UHFFFAOYSA-N,triphenylamine,C18H15N,10.1021/je900702t,2010,"Molar enthalpy of vaporization or sublimation, kJ/mol",Liquid,"[""Liquid"",""Gas""]",Correlation gas chromatography,90.2,"{""CombinedUncertainty"":{""nCombExpandUncertValue"":2.4,""nCombUncertAssessNum"":1},""nPropValue"":90.2,""nPropNumber"":1,""nPropDigits"":3}",variable,"{""nVarNumber"":1,""nVarDigits"":3,""nVarValue"":298}",298,True,,90.2,False
10.1021/je900702t#d9#p1#r1,10.1021/je900702t#d9#p1,10.1021/je900702t.json,9,1,1,InChI=1S/C12H8N2/c1-3-9-5-6-10-4-2-8-14-12(10)11(9)13-7-1/h1-8H,DGEZNRSVGBDHLK-UHFFFAOYSA-N,"1,10-phenanthroline",C12H8N2,10.1021/je900702t,2010,"Molar enthalpy of vaporization or sublimation, kJ/mol",Liquid,"[""Liquid"",""Gas""]",Correlation gas chromatography,86.1,"{""nPropDigits"":3,""nPropNumber"":1,""CombinedUncertainty"":{""nCombUncertAssessNum"":1,""nCombExpandUncertValue"":2.3},""nPropValue"":86.1}",variable,"{""nVarNumber"":1,""nVarDigits"":3,""nVarValue"":298}",298,True,,86.1,False
