record_id,series_id,archive_member,data_number,property_number,numvalues_index_1based,inchi,inchikey,name,formula,source_doi,source_year,property_name,property_phase,block_phases_json,method,original_property_value,original_property_value_metadata_json,state_origin,state_metadata_json,T_K,stable_liquid_gas,basic_chemistry_flags,p_Pa,measurement_method_screen,in_numeric_domain,primary_candidate
10.1016/j.fluid.2006.01.024#d2#p1#r1,10.1016/j.fluid.2006.01.024#d2#p1,10.1016/j.fluid.2006.01.024.json,2,1,1,"InChI=1S/C2H6O/c1-2-3/h3H,2H2,1H3",LFQSCWFLJHTTHZ-UHFFFAOYSA-N,ethanol,C2H6O,10.1016/j.fluid.2006.01.024,2006,"Boiling temperature at pressure P, K",Liquid,"[""Liquid"",""Gas""]",DISTILL:UFactor:4,351.15,"{""nPropNumber"":1,""nPropDigits"":5,""nPropValue"":351.15,""CombinedUncertainty"":{""nCombExpandUncertValue"":0.4,""nCombUncertAssessNum"":1}}",variable,"{""nVarValue"":101.325,""nVarNumber"":1,""nVarDigits"":6}",351.15,True,,101325.0,False,False,False
10.1016/j.fluid.2006.01.024#d5#p1#r1,10.1016/j.fluid.2006.01.024#d5#p1,10.1016/j.fluid.2006.01.024.json,5,1,1,"InChI=1S/C10H18/c1-2-6-10-8-4-3-7-9(10)5-1/h9-10H,1-8H2/t9-,10-",NNBZCPXTIHJBJL-MGCOHNPYSA-N,trans-decahydronaphthalene,C10H18,10.1016/j.fluid.2006.01.024,2006,"Boiling temperature at pressure P, K",Liquid,"[""Liquid"",""Gas""]",DISTILL:UFactor:4,460.35,"{""nPropValue"":460.35,""CombinedUncertainty"":{""nCombExpandUncertValue"":0.4,""nCombUncertAssessNum"":1},""nPropNumber"":1,""nPropDigits"":5}",variable,"{""nVarValue"":101.325,""nVarNumber"":1,""nVarDigits"":6}",460.35,True,,101325.0,False,False,False
10.1016/j.fluid.2006.07.011#d2#p1#r1,10.1016/j.fluid.2006.07.011#d2#p1,10.1016/j.fluid.2006.07.011.json,2,1,1,"InChI=1S/CH2O2/c2-1-3/h1H,(H,2,3)",BDAGIHXWWSANSR-UHFFFAOYSA-N,formic acid,CH2O2,10.1016/j.fluid.2006.07.011,2006,"Boiling temperature at pressure P, K",Liquid,"[""Liquid"",""Gas""]",Distillation,383.05,"{""nPropValue"":383.05,""CombinedUncertainty"":{""nCombUncertAssessNum"":1,""nCombExpandUncertValue"":2},""nPropDigits"":5,""nPropNumber"":1}",variable,"{""nVarNumber"":1,""nVarDigits"":6,""nVarValue"":101.325}",383.05,True,,101325.0,False,False,False
10.1016/j.fluid.2006.07.011#d5#p1#r1,10.1016/j.fluid.2006.07.011#d5#p1,10.1016/j.fluid.2006.07.011.json,5,1,1,"InChI=1S/C2H4O2/c1-2(3)4/h1H3,(H,3,4)",QTBSBXVTEAMEQO-UHFFFAOYSA-N,acetic acid,C2H4O2,10.1016/j.fluid.2006.07.011,2006,"Boiling temperature at pressure P, K",Liquid,"[""Liquid"",""Gas""]",Distillation,390.85,"{""nPropNumber"":1,""nPropDigits"":5,""nPropValue"":390.85,""CombinedUncertainty"":{""nCombUncertAssessNum"":1,""nCombExpandUncertValue"":0.5}}",variable,"{""nVarValue"":101.325,""nVarDigits"":6,""nVarNumber"":1}",390.85,True,,101325.0,False,False,False
10.1016/j.fluid.2006.07.011#d8#p1#r1,10.1016/j.fluid.2006.07.011#d8#p1,10.1016/j.fluid.2006.07.011.json,8,1,1,"InChI=1S/C3H6O2/c1-2-3(4)5/h2H2,1H3,(H,4,5)",XBDQKXXYIPTUBI-UHFFFAOYSA-N,propanoic acid,C3H6O2,10.1016/j.fluid.2006.07.011,2006,"Boiling temperature at pressure P, K",Liquid,"[""Liquid"",""Gas""]",Distillation,414.15,"{""nPropValue"":414.15,""CombinedUncertainty"":{""nCombUncertAssessNum"":1,""nCombExpandUncertValue"":0.5},""nPropDigits"":5,""nPropNumber"":1}",variable,"{""nVarValue"":101.325,""nVarNumber"":1,""nVarDigits"":6}",414.15,True,,101325.0,False,False,False
10.1016/j.fluid.2006.07.011#d11#p1#r1,10.1016/j.fluid.2006.07.011#d11#p1,10.1016/j.fluid.2006.07.011.json,11,1,1,"InChI=1S/C9H12/c1-8(2)9-6-4-3-5-7-9/h3-8H,1-2H3",RWGFKTVRMDUZSP-UHFFFAOYSA-N,isopropylbenzene,C9H12,10.1016/j.fluid.2006.07.011,2006,"Boiling temperature at pressure P, K",Liquid,"[""Liquid"",""Gas""]",Distillation,425.54,"{""nPropValue"":425.54,""CombinedUncertainty"":{""nCombUncertAssessNum"":1,""nCombExpandUncertValue"":0.5},""nPropDigits"":5,""nPropNumber"":1}",variable,"{""nVarDigits"":6,""nVarNumber"":1,""nVarValue"":101.325}",425.54,True,,101325.0,False,False,False
10.1016/j.fluid.2006.10.005#d2#p1#r1,10.1016/j.fluid.2006.10.005#d2#p1,10.1016/j.fluid.2006.10.005.json,2,1,1,"InChI=1S/C3H6O2/c1-2-3(4)5/h2H2,1H3,(H,4,5)",XBDQKXXYIPTUBI-UHFFFAOYSA-N,propanoic acid,C3H6O2,10.1016/j.fluid.2006.10.005,2006,"Boiling temperature at pressure P, K",Liquid,"[""Liquid"",""Gas""]",Distillation,414.2,"{""nPropDigits"":4,""nPropNumber"":1,""CombinedUncertainty"":{""nCombExpandUncertValue"":0.21,""nCombUncertAssessNum"":1},""nPropValue"":414.2}",variable,"{""nVarNumber"":1,""nVarDigits"":6,""nVarValue"":101.325}",414.2,True,,101325.0,False,False,False
10.1016/j.fluid.2006.10.005#d5#p1#r1,10.1016/j.fluid.2006.10.005#d5#p1,10.1016/j.fluid.2006.10.005.json,5,1,1,"InChI=1S/C18H36O/c1-2-3-4-5-6-7-8-9-10-11-12-13-14-15-16-17-18-19/h9-10,19H,2-8,11-18H2,1H3/b10-9-",ALSTYHKOOCGGFT-KTKRTIGZSA-N,(Z)-9-octadecen-1-ol,C18H36O,10.1016/j.fluid.2006.10.005,2006,"Boiling temperature at pressure P, K",Liquid,"[""Liquid"",""Gas""]",Distillation,480.05,"{""nPropNumber"":1,""nPropDigits"":5,""CombinedUncertainty"":{""nCombExpandUncertValue"":3,""nCombUncertAssessNum"":1},""nPropValue"":480.05}",variable,"{""nVarValue"":2,""nVarDigits"":1,""nVarNumber"":1}",480.05,True,,2000,False,True,False
10.1016/j.fluid.2007.10.017#d1#p1#r1,10.1016/j.fluid.2007.10.017#d1#p1,10.1016/j.fluid.2007.10.017.json,1,1,1,InChI=1S/C2H6OS/c1-4(2)3/h1-2H3,IAZDPXIOMUYVGZ-UHFFFAOYSA-N,dimethyl sulfoxide,C2H6OS,10.1016/j.fluid.2007.10.017,2008,"Boiling temperature at pressure P, K",Liquid,"[""Liquid"",""Gas""]",Ebulliometric method (Recirculating still),462.19,"{""nPropDigits"":5,""nPropNumber"":1,""nPropValue"":462.19,""CombinedUncertainty"":{""nCombExpandUncertValue"":0.41,""nCombUncertAssessNum"":1}}",variable,"{""nVarDigits"":3,""nVarNumber"":1,""nVarValue"":95.3}",462.19,True,,95300.0,True,False,False
10.1016/j.fluid.2007.10.017#d3#p1#r1,10.1016/j.fluid.2007.10.017#d3#p1,10.1016/j.fluid.2007.10.017.json,3,1,1,"InChI=1S/C7H8/c1-7-5-3-2-4-6-7/h2-6H,1H3",YXFVVABEGXRONW-UHFFFAOYSA-N,toluene,C7H8,10.1016/j.fluid.2007.10.017,2008,"Boiling temperature at pressure P, K",Liquid,"[""Liquid"",""Gas""]",Ebulliometric method (Recirculating still),383.05,"{""nPropNumber"":1,""nPropDigits"":5,""CombinedUncertainty"":{""nCombExpandUncertValue"":0.41,""nCombUncertAssessNum"":1},""nPropValue"":383.05}",variable,"{""nVarDigits"":3,""nVarNumber"":1,""nVarValue"":95.3}",383.05,True,,95300.0,True,False,False
10.1016/j.fluid.2007.10.017#d5#p1#r1,10.1016/j.fluid.2007.10.017#d5#p1,10.1016/j.fluid.2007.10.017.json,5,1,1,"InChI=1S/C8H10/c1-2-8-6-4-3-5-7-8/h3-7H,2H2,1H3",YNQLUTRBYVCPMQ-UHFFFAOYSA-N,ethylbenzene,C8H10,10.1016/j.fluid.2007.10.017,2008,"Boiling temperature at pressure P, K",Liquid,"[""Liquid"",""Gas""]",Ebulliometric method (Recirculating still),408.75,"{""nPropValue"":408.75,""CombinedUncertainty"":{""nCombExpandUncertValue"":0.41,""nCombUncertAssessNum"":1},""nPropDigits"":5,""nPropNumber"":1}",variable,"{""nVarValue"":95.3,""nVarDigits"":3,""nVarNumber"":1}",408.75,True,,95300.0,True,False,False
10.1016/j.fluid.2007.10.017#d7#p1#r1,10.1016/j.fluid.2007.10.017#d7#p1,10.1016/j.fluid.2007.10.017.json,7,1,1,InChI=1S/C6H5Cl/c7-6-4-2-1-3-5-6/h1-5H,MVPPADPHJFYWMZ-UHFFFAOYSA-N,chlorobenzene,C6H5Cl,10.1016/j.fluid.2007.10.017,2008,"Boiling temperature at pressure P, K",Liquid,"[""Liquid"",""Gas""]",Ebulliometric method (Recirculating still),404.35,"{""CombinedUncertainty"":{""nCombExpandUncertValue"":0.41,""nCombUncertAssessNum"":1},""nPropValue"":404.35,""nPropDigits"":5,""nPropNumber"":1}",variable,"{""nVarValue"":95.3,""nVarNumber"":1,""nVarDigits"":3}",404.35,True,,95300.0,True,False,False
10.1016/j.fluid.2007.10.017#d9#p1#r1,10.1016/j.fluid.2007.10.017#d9#p1,10.1016/j.fluid.2007.10.017.json,9,1,1,InChI=1S/C6H5Br/c7-6-4-2-1-3-5-6/h1-5H,QARVLSVVCXYDNA-UHFFFAOYSA-N,bromobenzene,C6H5Br,10.1016/j.fluid.2007.10.017,2008,"Boiling temperature at pressure P, K",Liquid,"[""Liquid"",""Gas""]",Ebulliometric method (Recirculating still),427.85,"{""nPropValue"":427.85,""CombinedUncertainty"":{""nCombUncertAssessNum"":1,""nCombExpandUncertValue"":0.41},""nPropNumber"":1,""nPropDigits"":5}",variable,"{""nVarDigits"":3,""nVarNumber"":1,""nVarValue"":95.3}",427.85,True,,95300.0,True,False,False
10.1016/j.fluid.2007.10.017#d11#p1#r1,10.1016/j.fluid.2007.10.017#d11#p1,10.1016/j.fluid.2007.10.017.json,11,1,1,InChI=1S/C6H5NO2/c8-7(9)6-4-2-1-3-5-6/h1-5H,LQNUZADURLCDLV-UHFFFAOYSA-N,nitrobenzene,C6H5NO2,10.1016/j.fluid.2007.10.017,2008,"Boiling temperature at pressure P, K",Liquid,"[""Liquid"",""Gas""]",Ebulliometric method (Recirculating still),483.05,"{""nPropDigits"":5,""nPropNumber"":1,""CombinedUncertainty"":{""nCombExpandUncertValue"":0.41,""nCombUncertAssessNum"":1},""nPropValue"":483.05}",variable,"{""nVarValue"":95.3,""nVarNumber"":1,""nVarDigits"":3}",483.05,True,,95300.0,True,False,False
10.1016/j.fluid.2009.04.017#d2#p1#r1,10.1016/j.fluid.2009.04.017#d2#p1,10.1016/j.fluid.2009.04.017.json,2,1,1,"InChI=1S/C5H8O3/c1-4(6)2-3-5(7)8/h2-3H2,1H3,(H,7,8)",JOOXCMJARBKPKM-UHFFFAOYSA-N,4-oxopentanoic acid,C5H8O3,10.1016/j.fluid.2009.04.017,2009,"Boiling temperature at pressure P, K",Liquid,"[""Liquid"",""Gas""]",Manometric method,518.2,"{""nPropDigits"":4,""nPropNumber"":1,""CombinedUncertainty"":{""nCombExpandUncertValue"":0.2,""nCombUncertAssessNum"":1},""nPropValue"":518.2}",variable,"{""nVarDigits"":6,""nVarNumber"":1,""nVarValue"":101.325}",518.2,True,,101325.0,True,False,False
10.1016/j.fluid.2009.04.017#d5#p1#r1,10.1016/j.fluid.2009.04.017#d5#p1,10.1016/j.fluid.2009.04.017.json,5,1,1,"InChI=1S/C6H10O4/c1-9-5(7)3-4-6(8)10-2/h3-4H2,1-2H3",MUXOBHXGJLMRAB-UHFFFAOYSA-N,"dimethyl 1,4-butanedioate",C6H10O4,10.1016/j.fluid.2009.04.017,2009,"Boiling temperature at pressure P, K",Liquid,"[""Liquid"",""Gas""]",Manometric method,469.2,"{""nPropDigits"":4,""nPropNumber"":1,""CombinedUncertainty"":{""nCombExpandUncertValue"":0.2,""nCombUncertAssessNum"":1},""nPropValue"":469.2}",variable,"{""nVarNumber"":1,""nVarDigits"":6,""nVarValue"":101.325}",469.2,True,,101325.0,True,False,False
10.1016/j.fluid.2009.04.017#d8#p1#r1,10.1016/j.fluid.2009.04.017#d8#p1,10.1016/j.fluid.2009.04.017.json,8,1,1,"InChI=1S/C7H12O4/c1-10-6(8)4-3-5-7(9)11-2/h3-5H2,1-2H3",XTDYIOOONNVFMA-UHFFFAOYSA-N,dimethyl pentanedioate,C7H12O4,10.1016/j.fluid.2009.04.017,2009,"Boiling temperature at pressure P, K",Liquid,"[""Liquid"",""Gas""]",Manometric method,487.3,"{""nPropNumber"":1,""nPropDigits"":4,""nPropValue"":487.3,""CombinedUncertainty"":{""nCombUncertAssessNum"":1,""nCombExpandUncertValue"":0.2}}",variable,"{""nVarNumber"":1,""nVarDigits"":6,""nVarValue"":101.325}",487.3,True,,101325.0,True,False,False
10.1016/j.fluid.2009.04.017#d11#p1#r1,10.1016/j.fluid.2009.04.017#d11#p1,10.1016/j.fluid.2009.04.017.json,11,1,1,"InChI=1S/C8H14O4/c1-11-7(9)5-3-4-6-8(10)12-2/h3-6H2,1-2H3",UDSFAEKRVUSQDD-UHFFFAOYSA-N,"dimethyl 1,6-hexanedioate",C8H14O4,10.1016/j.fluid.2009.04.017,2009,"Boiling temperature at pressure P, K",Liquid,"[""Liquid"",""Gas""]",Manometric method,388,"{""nPropValue"":388,""CombinedUncertainty"":{""nCombExpandUncertValue"":0.9,""nCombUncertAssessNum"":1},""nPropNumber"":1,""nPropDigits"":3}",variable,"{""nVarNumber"":1,""nVarDigits"":4,""nVarValue"":1.733}",388,True,,1733.0,True,True,False
10.1016/j.fluid.2009.04.017#d14#p1#r1,10.1016/j.fluid.2009.04.017#d14#p1,10.1016/j.fluid.2009.04.017.json,14,1,1,InChI=1S/H2O/h1H2,XLYOFNOQVPJJNP-UHFFFAOYSA-N,water,H2O,10.1016/j.fluid.2009.04.017,2009,"Boiling temperature at pressure P, K",Liquid,"[""Liquid"",""Gas""]",Manometric method,373.2,"{""CombinedUncertainty"":{""nCombExpandUncertValue"":0.2,""nCombUncertAssessNum"":1},""nPropValue"":373.2,""nPropNumber"":1,""nPropDigits"":4}",variable,"{""nVarValue"":101.325,""nVarDigits"":6,""nVarNumber"":1}",373.2,True,no_carbon,101325.0,True,False,False
10.1016/j.fluid.2011.12.007#d2#p1#r1,10.1016/j.fluid.2011.12.007#d2#p1,10.1016/j.fluid.2011.12.007.json,2,1,1,"InChI=1S/C6H14/c1-3-5-6-4-2/h3-6H2,1-2H3",VLKZOEOYAKHREP-UHFFFAOYSA-N,hexane,C6H14,10.1016/j.fluid.2011.12.007,2012,"Boiling temperature at pressure P, K",Liquid,"[""Liquid"",""Gas""]",Ebulliometric method (Recirculating still),341.94,"{""CombinedUncertainty"":{""nCombUncertAssessNum"":1,""nCombExpandUncertValue"":0.04},""nPropValue"":341.94,""nPropNumber"":1,""nPropDigits"":5}",variable,"{""nVarDigits"":5,""nVarNumber"":1,""nVarValue"":101.33}",341.94,True,,101330.0,True,False,False
10.1016/j.fluid.2011.12.007#d5#p1#r1,10.1016/j.fluid.2011.12.007#d5#p1,10.1016/j.fluid.2011.12.007.json,5,1,1,InChI=1S/C5H10O/c1-2-4-6-5-3-1/h1-5H2,DHXVGJBLRPWPCS-UHFFFAOYSA-N,tetrahydropyran,C5H10O,10.1016/j.fluid.2011.12.007,2012,"Boiling temperature at pressure P, K",Liquid,"[""Liquid"",""Gas""]",Ebulliometric method (Recirculating still),361.36,"{""nPropValue"":361.36,""CombinedUncertainty"":{""nCombUncertAssessNum"":1,""nCombExpandUncertValue"":0.04},""nPropDigits"":5,""nPropNumber"":1}",variable,"{""nVarValue"":101.33,""nVarDigits"":5,""nVarNumber"":1}",361.36,True,,101330.0,True,False,False
10.1016/j.fluid.2013.02.003#d3#p1#r1,10.1016/j.fluid.2013.02.003#d3#p1,10.1016/j.fluid.2013.02.003.json,3,1,1,"InChI=1S/C4H10O/c1-4(2)3-5/h4-5H,3H2,1-2H3",ZXEKIIBDNHEJCQ-UHFFFAOYSA-N,2-methyl-1-propanol,C4H10O,10.1016/j.fluid.2013.02.003,2013,"Boiling temperature at pressure P, K",Liquid,"[""Liquid"",""Gas""]",Closed cell (Static) method,380.78,"{""nPropNumber"":1,""nPropDigits"":5,""CombinedUncertainty"":{""nCombExpandUncertValue"":0.04,""nCombUncertAssessNum"":1},""nPropValue"":380.78}",variable,"{""nVarNumber"":1,""nVarDigits"":1,""nVarValue"":101}",380.78,True,,101000,True,False,False
10.1016/j.fluid.2013.02.003#d6#p1#r1,10.1016/j.fluid.2013.02.003#d6#p1,10.1016/j.fluid.2013.02.003.json,6,1,1,"InChI=1S/C4H10O/c1-4(2,3)5/h5H,1-3H3",DKGAVHZHDRPRBM-UHFFFAOYSA-N,2-methylpropan-2-ol,C4H10O,10.1016/j.fluid.2013.02.003,2013,"Boiling temperature at pressure P, K",Liquid,"[""Liquid"",""Gas""]",Closed cell (Static) method,355.34,"{""CombinedUncertainty"":{""nCombUncertAssessNum"":1,""nCombExpandUncertValue"":0.04},""nPropValue"":355.34,""nPropDigits"":5,""nPropNumber"":1}",variable,"{""nVarNumber"":1,""nVarDigits"":1,""nVarValue"":101}",355.34,True,,101000,True,False,False
10.1016/j.fluid.2013.02.005#d3#p1#r1,10.1016/j.fluid.2013.02.005#d3#p1,10.1016/j.fluid.2013.02.005.json,3,1,1,"InChI=1S/C6H8O/c1-5-3-4-6(2)7-5/h3-4H,1-2H3",GSNUFIFRDBKVIE-UHFFFAOYSA-N,"2,5-dimethylfuran",C6H8O,10.1016/j.fluid.2013.02.005,2013,"Boiling temperature at pressure P, K",Liquid,"[""Liquid"",""Gas""]",Ebulliometric method (Recirculating still),366.83,"{""nPropNumber"":1,""nPropDigits"":5,""nPropValue"":366.83,""CombinedUncertainty"":{""nCombExpandUncertValue"":0.02,""nCombUncertAssessNum"":1}}",variable,"{""nVarValue"":101.33,""nVarDigits"":5,""nVarNumber"":1}",366.83,True,,101330.0,True,False,False
10.1016/j.fluid.2013.02.005#d8#p1#r1,10.1016/j.fluid.2013.02.005#d8#p1,10.1016/j.fluid.2013.02.005.json,8,1,1,"InChI=1S/C6H14O/c1-5(2)7-6(3)4/h5-6H,1-4H3",ZAFNJMIOTHYJRJ-UHFFFAOYSA-N,diisopropyl ether,C6H14O,10.1016/j.fluid.2013.02.005,2013,"Boiling temperature at pressure P, K",Liquid,"[""Liquid"",""Gas""]",Ebulliometric method (Recirculating still),341.67,"{""nPropValue"":341.67,""CombinedUncertainty"":{""nCombExpandUncertValue"":0.02,""nCombUncertAssessNum"":1},""nPropNumber"":1,""nPropDigits"":5}",variable,"{""nVarNumber"":1,""nVarDigits"":5,""nVarValue"":101.33}",341.67,True,,101330.0,True,False,False
10.1016/j.fluid.2013.05.019#d1#p1#r1,10.1016/j.fluid.2013.05.019#d1#p1,10.1016/j.fluid.2013.05.019.json,1,1,1,InChI=1S/C4H4S/c1-2-4-5-3-1/h1-4H,YTPLMLYBLZKORZ-UHFFFAOYSA-N,thiophene,C4H4S,10.1016/j.fluid.2013.05.019,2013,"Boiling temperature at pressure P, K",Liquid,"[""Liquid"",""Gas""]",Ebulliometric method (Recirculating still),357.42,"{""nPropDigits"":5,""nPropNumber"":1,""nPropValue"":357.42,""CombinedUncertainty"":{""nCombExpandUncertValue"":0.04,""nCombUncertAssessNum"":1}}",variable,"{""nVarValue"":101,""nVarDigits"":3,""nVarNumber"":1}",357.42,True,,101000,True,False,False
10.1016/j.fluid.2013.05.019#d2#p1#r1,10.1016/j.fluid.2013.05.019#d2#p1,10.1016/j.fluid.2013.05.019.json,2,1,1,"InChI=1S/C5H6S/c1-5-2-3-6-4-5/h2-4H,1H3",QENGPZGAWFQWCZ-UHFFFAOYSA-N,3-methylthiophene,C5H6S,10.1016/j.fluid.2013.05.019,2013,"Boiling temperature at pressure P, K",Liquid,"[""Liquid"",""Gas""]",Ebulliometric method (Recirculating still),388.35,"{""nPropValue"":388.35,""CombinedUncertainty"":{""nCombUncertAssessNum"":1,""nCombExpandUncertValue"":0.04},""nPropDigits"":5,""nPropNumber"":1}",variable,"{""nVarValue"":101,""nVarNumber"":1,""nVarDigits"":3}",388.35,True,,101000,True,False,False
10.1016/j.fluid.2013.05.019#d3#p1#r1,10.1016/j.fluid.2013.05.019#d3#p1,10.1016/j.fluid.2013.05.019.json,3,1,1,"InChI=1S/C6H12/c1-5(2)6(3)4/h6H,1H2,2-4H3",OWWIWYDDISJUMY-UHFFFAOYSA-N,"2,3-dimethyl-1-butene",C6H12,10.1016/j.fluid.2013.05.019,2013,"Boiling temperature at pressure P, K",Liquid,"[""Liquid"",""Gas""]",Ebulliometric method (Recirculating still),328.88,"{""nPropDigits"":5,""nPropNumber"":1,""nPropValue"":328.88,""CombinedUncertainty"":{""nCombUncertAssessNum"":1,""nCombExpandUncertValue"":0.04}}",variable,"{""nVarValue"":101,""nVarNumber"":1,""nVarDigits"":3}",328.88,True,,101000,True,False,False
10.1016/j.fluid.2013.05.019#d4#p1#r1,10.1016/j.fluid.2013.05.019#d4#p1,10.1016/j.fluid.2013.05.019.json,4,1,1,InChI=1S/C6H12/c1-5(2)6(3)4/h1-4H3,WGLLSSPDPJPLOR-UHFFFAOYSA-N,"2,3-dimethyl-2-butene",C6H12,10.1016/j.fluid.2013.05.019,2013,"Boiling temperature at pressure P, K",Liquid,"[""Liquid"",""Gas""]",Ebulliometric method (Recirculating still),346.15,"{""CombinedUncertainty"":{""nCombUncertAssessNum"":1,""nCombExpandUncertValue"":0.04},""nPropValue"":346.15,""nPropNumber"":1,""nPropDigits"":5}",variable,"{""nVarValue"":101,""nVarNumber"":1,""nVarDigits"":3}",346.15,True,,101000,True,False,False
10.1016/j.fluid.2013.05.019#d5#p1#r1,10.1016/j.fluid.2013.05.019#d5#p1,10.1016/j.fluid.2013.05.019.json,5,1,1,"InChI=1S/C7H16/c1-3-5-7-6-4-2/h3-7H2,1-2H3",IMNFDUFMRHMDMM-UHFFFAOYSA-N,heptane,C7H16,10.1016/j.fluid.2013.05.019,2013,"Boiling temperature at pressure P, K",Liquid,"[""Liquid"",""Gas""]",Ebulliometric method (Recirculating still),371.64,"{""nPropNumber"":1,""nPropDigits"":5,""CombinedUncertainty"":{""nCombExpandUncertValue"":0.04,""nCombUncertAssessNum"":1},""nPropValue"":371.64}",variable,"{""nVarNumber"":1,""nVarDigits"":3,""nVarValue"":101}",371.64,True,,101000,True,False,False
10.1016/j.fluid.2013.07.024#d1#p1#r1,10.1016/j.fluid.2013.07.024#d1#p1,10.1016/j.fluid.2013.07.024.json,1,1,1,"InChI=1S/C3H6O2/c1-2-3(4)5/h2H2,1H3,(H,4,5)",XBDQKXXYIPTUBI-UHFFFAOYSA-N,propanoic acid,C3H6O2,10.1016/j.fluid.2013.07.024,2013,"Boiling temperature at pressure P, K",Liquid,"[""Liquid"",""Gas""]",Ebulliometric method (Recirculating still),368.83,"{""CombinedUncertainty"":{""nCombExpandUncertValue"":0.04,""nCombUncertAssessNum"":1},""nPropValue"":368.83,""nPropDigits"":5,""nPropNumber"":1}",variable,"{""nVarNumber"":1,""nVarDigits"":4,""nVarValue"":20}",368.83,True,,20000,True,True,False
10.1016/j.fluid.2013.07.024#d1#p1#r2,10.1016/j.fluid.2013.07.024#d1#p1,10.1016/j.fluid.2013.07.024.json,1,1,2,"InChI=1S/C3H6O2/c1-2-3(4)5/h2H2,1H3,(H,4,5)",XBDQKXXYIPTUBI-UHFFFAOYSA-N,propanoic acid,C3H6O2,10.1016/j.fluid.2013.07.024,2013,"Boiling temperature at pressure P, K",Liquid,"[""Liquid"",""Gas""]",Ebulliometric method (Recirculating still),378.94,"{""nPropDigits"":5,""nPropNumber"":1,""nPropValue"":378.94,""CombinedUncertainty"":{""nCombExpandUncertValue"":0.04,""nCombUncertAssessNum"":1}}",variable,"{""nVarDigits"":4,""nVarNumber"":1,""nVarValue"":30}",378.94,True,,30000,True,False,False
10.1016/j.fluid.2013.07.024#d1#p1#r3,10.1016/j.fluid.2013.07.024#d1#p1,10.1016/j.fluid.2013.07.024.json,1,1,3,"InChI=1S/C3H6O2/c1-2-3(4)5/h2H2,1H3,(H,4,5)",XBDQKXXYIPTUBI-UHFFFAOYSA-N,propanoic acid,C3H6O2,10.1016/j.fluid.2013.07.024,2013,"Boiling temperature at pressure P, K",Liquid,"[""Liquid"",""Gas""]",Ebulliometric method (Recirculating still),386.59,"{""nPropNumber"":1,""nPropDigits"":5,""CombinedUncertainty"":{""nCombExpandUncertValue"":0.03,""nCombUncertAssessNum"":1},""nPropValue"":386.59}",variable,"{""nVarValue"":40,""nVarNumber"":1,""nVarDigits"":4}",386.59,True,,40000,True,False,False
10.1016/j.fluid.2013.07.024#d1#p1#r4,10.1016/j.fluid.2013.07.024#d1#p1,10.1016/j.fluid.2013.07.024.json,1,1,4,"InChI=1S/C3H6O2/c1-2-3(4)5/h2H2,1H3,(H,4,5)",XBDQKXXYIPTUBI-UHFFFAOYSA-N,propanoic acid,C3H6O2,10.1016/j.fluid.2013.07.024,2013,"Boiling temperature at pressure P, K",Liquid,"[""Liquid"",""Gas""]",Ebulliometric method (Recirculating still),392.77,"{""CombinedUncertainty"":{""nCombExpandUncertValue"":0.03,""nCombUncertAssessNum"":1},""nPropValue"":392.77,""nPropNumber"":1,""nPropDigits"":5}",variable,"{""nVarNumber"":1,""nVarDigits"":4,""nVarValue"":50}",392.77,True,,50000,True,False,False
10.1016/j.fluid.2013.07.024#d1#p1#r5,10.1016/j.fluid.2013.07.024#d1#p1,10.1016/j.fluid.2013.07.024.json,1,1,5,"InChI=1S/C3H6O2/c1-2-3(4)5/h2H2,1H3,(H,4,5)",XBDQKXXYIPTUBI-UHFFFAOYSA-N,propanoic acid,C3H6O2,10.1016/j.fluid.2013.07.024,2013,"Boiling temperature at pressure P, K",Liquid,"[""Liquid"",""Gas""]",Ebulliometric method (Recirculating still),397.99,"{""nPropNumber"":1,""nPropDigits"":5,""CombinedUncertainty"":{""nCombExpandUncertValue"":0.03,""nCombUncertAssessNum"":1},""nPropValue"":397.99}",variable,"{""nVarDigits"":4,""nVarNumber"":1,""nVarValue"":60}",397.99,True,,60000,True,False,False
10.1016/j.fluid.2013.07.024#d1#p1#r6,10.1016/j.fluid.2013.07.024#d1#p1,10.1016/j.fluid.2013.07.024.json,1,1,6,"InChI=1S/C3H6O2/c1-2-3(4)5/h2H2,1H3,(H,4,5)",XBDQKXXYIPTUBI-UHFFFAOYSA-N,propanoic acid,C3H6O2,10.1016/j.fluid.2013.07.024,2013,"Boiling temperature at pressure P, K",Liquid,"[""Liquid"",""Gas""]",Ebulliometric method (Recirculating still),402.56,"{""nPropDigits"":5,""nPropNumber"":1,""nPropValue"":402.56,""CombinedUncertainty"":{""nCombUncertAssessNum"":1,""nCombExpandUncertValue"":0.03}}",variable,"{""nVarDigits"":4,""nVarNumber"":1,""nVarValue"":70}",402.56,True,,70000,True,False,False
10.1016/j.fluid.2013.07.024#d1#p1#r7,10.1016/j.fluid.2013.07.024#d1#p1,10.1016/j.fluid.2013.07.024.json,1,1,7,"InChI=1S/C3H6O2/c1-2-3(4)5/h2H2,1H3,(H,4,5)",XBDQKXXYIPTUBI-UHFFFAOYSA-N,propanoic acid,C3H6O2,10.1016/j.fluid.2013.07.024,2013,"Boiling temperature at pressure P, K",Liquid,"[""Liquid"",""Gas""]",Ebulliometric method (Recirculating still),406.6,"{""nPropValue"":406.6,""CombinedUncertainty"":{""nCombExpandUncertValue"":0.03,""nCombUncertAssessNum"":1},""nPropNumber"":1,""nPropDigits"":5}",variable,"{""nVarValue"":80,""nVarDigits"":4,""nVarNumber"":1}",406.6,True,,80000,True,False,False
10.1016/j.fluid.2013.07.024#d1#p1#r8,10.1016/j.fluid.2013.07.024#d1#p1,10.1016/j.fluid.2013.07.024.json,1,1,8,"InChI=1S/C3H6O2/c1-2-3(4)5/h2H2,1H3,(H,4,5)",XBDQKXXYIPTUBI-UHFFFAOYSA-N,propanoic acid,C3H6O2,10.1016/j.fluid.2013.07.024,2013,"Boiling temperature at pressure P, K",Liquid,"[""Liquid"",""Gas""]",Ebulliometric method (Recirculating still),410.26,"{""nPropDigits"":5,""nPropNumber"":1,""nPropValue"":410.26,""CombinedUncertainty"":{""nCombUncertAssessNum"":1,""nCombExpandUncertValue"":0.03}}",variable,"{""nVarValue"":90,""nVarDigits"":4,""nVarNumber"":1}",410.26,True,,90000,True,False,False
10.1016/j.fluid.2013.07.024#d1#p1#r9,10.1016/j.fluid.2013.07.024#d1#p1,10.1016/j.fluid.2013.07.024.json,1,1,9,"InChI=1S/C3H6O2/c1-2-3(4)5/h2H2,1H3,(H,4,5)",XBDQKXXYIPTUBI-UHFFFAOYSA-N,propanoic acid,C3H6O2,10.1016/j.fluid.2013.07.024,2013,"Boiling temperature at pressure P, K",Liquid,"[""Liquid"",""Gas""]",Ebulliometric method (Recirculating still),414.01,"{""CombinedUncertainty"":{""nCombUncertAssessNum"":1,""nCombExpandUncertValue"":0.03},""nPropValue"":414.01,""nPropNumber"":1,""nPropDigits"":5}",variable,"{""nVarDigits"":5,""nVarNumber"":1,""nVarValue"":101.33}",414.01,True,,101330.0,True,False,False
10.1016/j.fluid.2013.07.024#d1#p1#r10,10.1016/j.fluid.2013.07.024#d1#p1,10.1016/j.fluid.2013.07.024.json,1,1,10,"InChI=1S/C3H6O2/c1-2-3(4)5/h2H2,1H3,(H,4,5)",XBDQKXXYIPTUBI-UHFFFAOYSA-N,propanoic acid,C3H6O2,10.1016/j.fluid.2013.07.024,2013,"Boiling temperature at pressure P, K",Liquid,"[""Liquid"",""Gas""]",Ebulliometric method (Recirculating still),416.68,"{""nPropDigits"":5,""nPropNumber"":1,""nPropValue"":416.68,""CombinedUncertainty"":{""nCombUncertAssessNum"":1,""nCombExpandUncertValue"":0.03}}",variable,"{""nVarValue"":110,""nVarDigits"":5,""nVarNumber"":1}",416.68,True,,110000,True,False,False
10.1016/j.fluid.2013.07.024#d1#p1#r11,10.1016/j.fluid.2013.07.024#d1#p1,10.1016/j.fluid.2013.07.024.json,1,1,11,"InChI=1S/C3H6O2/c1-2-3(4)5/h2H2,1H3,(H,4,5)",XBDQKXXYIPTUBI-UHFFFAOYSA-N,propanoic acid,C3H6O2,10.1016/j.fluid.2013.07.024,2013,"Boiling temperature at pressure P, K",Liquid,"[""Liquid"",""Gas""]",Ebulliometric method (Recirculating still),419.53,"{""nPropValue"":419.53,""CombinedUncertainty"":{""nCombUncertAssessNum"":1,""nCombExpandUncertValue"":0.03},""nPropNumber"":1,""nPropDigits"":5}",variable,"{""nVarNumber"":1,""nVarDigits"":5,""nVarValue"":120}",419.53,True,,120000,True,False,False
10.1016/j.fluid.2013.07.024#d1#p1#r12,10.1016/j.fluid.2013.07.024#d1#p1,10.1016/j.fluid.2013.07.024.json,1,1,12,"InChI=1S/C3H6O2/c1-2-3(4)5/h2H2,1H3,(H,4,5)",XBDQKXXYIPTUBI-UHFFFAOYSA-N,propanoic acid,C3H6O2,10.1016/j.fluid.2013.07.024,2013,"Boiling temperature at pressure P, K",Liquid,"[""Liquid"",""Gas""]",Ebulliometric method (Recirculating still),422.18,"{""nPropNumber"":1,""nPropDigits"":5,""nPropValue"":422.18,""CombinedUncertainty"":{""nCombUncertAssessNum"":1,""nCombExpandUncertValue"":0.03}}",variable,"{""nVarValue"":130,""nVarDigits"":5,""nVarNumber"":1}",422.18,True,,130000,True,False,False
10.1016/j.fluid.2013.07.024#d1#p1#r13,10.1016/j.fluid.2013.07.024#d1#p1,10.1016/j.fluid.2013.07.024.json,1,1,13,"InChI=1S/C3H6O2/c1-2-3(4)5/h2H2,1H3,(H,4,5)",XBDQKXXYIPTUBI-UHFFFAOYSA-N,propanoic acid,C3H6O2,10.1016/j.fluid.2013.07.024,2013,"Boiling temperature at pressure P, K",Liquid,"[""Liquid"",""Gas""]",Ebulliometric method (Recirculating still),424.67,"{""CombinedUncertainty"":{""nCombUncertAssessNum"":1,""nCombExpandUncertValue"":0.03},""nPropValue"":424.67,""nPropNumber"":1,""nPropDigits"":5}",variable,"{""nVarValue"":140,""nVarNumber"":1,""nVarDigits"":5}",424.67,True,,140000,True,False,False
10.1016/j.fluid.2013.07.024#d1#p1#r14,10.1016/j.fluid.2013.07.024#d1#p1,10.1016/j.fluid.2013.07.024.json,1,1,14,"InChI=1S/C3H6O2/c1-2-3(4)5/h2H2,1H3,(H,4,5)",XBDQKXXYIPTUBI-UHFFFAOYSA-N,propanoic acid,C3H6O2,10.1016/j.fluid.2013.07.024,2013,"Boiling temperature at pressure P, K",Liquid,"[""Liquid"",""Gas""]",Ebulliometric method (Recirculating still),427.01,"{""nPropDigits"":5,""nPropNumber"":1,""nPropValue"":427.01,""CombinedUncertainty"":{""nCombUncertAssessNum"":1,""nCombExpandUncertValue"":0.03}}",variable,"{""nVarDigits"":5,""nVarNumber"":1,""nVarValue"":150}",427.01,True,,150000,True,False,False
10.1016/j.fluid.2013.07.024#d1#p1#r15,10.1016/j.fluid.2013.07.024#d1#p1,10.1016/j.fluid.2013.07.024.json,1,1,15,"InChI=1S/C3H6O2/c1-2-3(4)5/h2H2,1H3,(H,4,5)",XBDQKXXYIPTUBI-UHFFFAOYSA-N,propanoic acid,C3H6O2,10.1016/j.fluid.2013.07.024,2013,"Boiling temperature at pressure P, K",Liquid,"[""Liquid"",""Gas""]",Ebulliometric method (Recirculating still),429.23,"{""nPropDigits"":5,""nPropNumber"":1,""nPropValue"":429.23,""CombinedUncertainty"":{""nCombExpandUncertValue"":0.03,""nCombUncertAssessNum"":1}}",variable,"{""nVarValue"":160,""nVarDigits"":5,""nVarNumber"":1}",429.23,True,,160000,True,False,False
10.1016/j.fluid.2013.07.024#d1#p1#r16,10.1016/j.fluid.2013.07.024#d1#p1,10.1016/j.fluid.2013.07.024.json,1,1,16,"InChI=1S/C3H6O2/c1-2-3(4)5/h2H2,1H3,(H,4,5)",XBDQKXXYIPTUBI-UHFFFAOYSA-N,propanoic acid,C3H6O2,10.1016/j.fluid.2013.07.024,2013,"Boiling temperature at pressure P, K",Liquid,"[""Liquid"",""Gas""]",Ebulliometric method (Recirculating still),431.36,"{""nPropDigits"":5,""nPropNumber"":1,""CombinedUncertainty"":{""nCombUncertAssessNum"":1,""nCombExpandUncertValue"":0.03},""nPropValue"":431.36}",variable,"{""nVarValue"":170,""nVarDigits"":5,""nVarNumber"":1}",431.36,True,,170000,True,False,False
10.1016/j.fluid.2013.07.024#d1#p1#r17,10.1016/j.fluid.2013.07.024#d1#p1,10.1016/j.fluid.2013.07.024.json,1,1,17,"InChI=1S/C3H6O2/c1-2-3(4)5/h2H2,1H3,(H,4,5)",XBDQKXXYIPTUBI-UHFFFAOYSA-N,propanoic acid,C3H6O2,10.1016/j.fluid.2013.07.024,2013,"Boiling temperature at pressure P, K",Liquid,"[""Liquid"",""Gas""]",Ebulliometric method (Recirculating still),433.37,"{""nPropValue"":433.37,""CombinedUncertainty"":{""nCombExpandUncertValue"":0.03,""nCombUncertAssessNum"":1},""nPropNumber"":1,""nPropDigits"":5}",variable,"{""nVarValue"":180,""nVarNumber"":1,""nVarDigits"":5}",433.37,True,,180000,True,False,False
10.1016/j.fluid.2013.07.024#d1#p1#r18,10.1016/j.fluid.2013.07.024#d1#p1,10.1016/j.fluid.2013.07.024.json,1,1,18,"InChI=1S/C3H6O2/c1-2-3(4)5/h2H2,1H3,(H,4,5)",XBDQKXXYIPTUBI-UHFFFAOYSA-N,propanoic acid,C3H6O2,10.1016/j.fluid.2013.07.024,2013,"Boiling temperature at pressure P, K",Liquid,"[""Liquid"",""Gas""]",Ebulliometric method (Recirculating still),435.31,"{""nPropDigits"":5,""nPropNumber"":1,""CombinedUncertainty"":{""nCombExpandUncertValue"":0.03,""nCombUncertAssessNum"":1},""nPropValue"":435.31}",variable,"{""nVarValue"":190,""nVarDigits"":5,""nVarNumber"":1}",435.31,True,,190000,True,False,False
10.1016/j.fluid.2013.07.024#d1#p1#r19,10.1016/j.fluid.2013.07.024#d1#p1,10.1016/j.fluid.2013.07.024.json,1,1,19,"InChI=1S/C3H6O2/c1-2-3(4)5/h2H2,1H3,(H,4,5)",XBDQKXXYIPTUBI-UHFFFAOYSA-N,propanoic acid,C3H6O2,10.1016/j.fluid.2013.07.024,2013,"Boiling temperature at pressure P, K",Liquid,"[""Liquid"",""Gas""]",Ebulliometric method (Recirculating still),437.16,"{""nPropDigits"":5,""nPropNumber"":1,""nPropValue"":437.16,""CombinedUncertainty"":{""nCombExpandUncertValue"":0.03,""nCombUncertAssessNum"":1}}",variable,"{""nVarValue"":200,""nVarNumber"":1,""nVarDigits"":5}",437.16,True,,200000,True,False,False
10.1016/j.fluid.2013.07.024#d2#p1#r1,10.1016/j.fluid.2013.07.024#d2#p1,10.1016/j.fluid.2013.07.024.json,2,1,1,"InChI=1S/C8H16O2/c1-4-8(9)10-6-5-7(2)3/h7H,4-6H2,1-3H3",XAOGXQMKWQFZEM-UHFFFAOYSA-N,3-methylbutyl propanoate,C8H16O2,10.1016/j.fluid.2013.07.024,2013,"Boiling temperature at pressure P, K",Liquid,"[""Liquid"",""Gas""]",Ebulliometric method (Recirculating still),381.77,"{""CombinedUncertainty"":{""nCombUncertAssessNum"":1,""nCombExpandUncertValue"":0.18},""nPropValue"":381.77,""nPropNumber"":1,""nPropDigits"":5}",variable,"{""nVarNumber"":1,""nVarDigits"":4,""nVarValue"":20}",381.77,True,,20000,True,True,False
10.1016/j.fluid.2013.07.024#d2#p1#r2,10.1016/j.fluid.2013.07.024#d2#p1,10.1016/j.fluid.2013.07.024.json,2,1,2,"InChI=1S/C8H16O2/c1-4-8(9)10-6-5-7(2)3/h7H,4-6H2,1-3H3",XAOGXQMKWQFZEM-UHFFFAOYSA-N,3-methylbutyl propanoate,C8H16O2,10.1016/j.fluid.2013.07.024,2013,"Boiling temperature at pressure P, K",Liquid,"[""Liquid"",""Gas""]",Ebulliometric method (Recirculating still),393.43,"{""nPropDigits"":5,""nPropNumber"":1,""nPropValue"":393.43,""CombinedUncertainty"":{""nCombUncertAssessNum"":1,""nCombExpandUncertValue"":0.19}}",variable,"{""nVarValue"":30,""nVarNumber"":1,""nVarDigits"":4}",393.43,True,,30000,True,False,False
10.1016/j.fluid.2013.07.024#d2#p1#r3,10.1016/j.fluid.2013.07.024#d2#p1,10.1016/j.fluid.2013.07.024.json,2,1,3,"InChI=1S/C8H16O2/c1-4-8(9)10-6-5-7(2)3/h7H,4-6H2,1-3H3",XAOGXQMKWQFZEM-UHFFFAOYSA-N,3-methylbutyl propanoate,C8H16O2,10.1016/j.fluid.2013.07.024,2013,"Boiling temperature at pressure P, K",Liquid,"[""Liquid"",""Gas""]",Ebulliometric method (Recirculating still),402.13,"{""nPropValue"":402.13,""CombinedUncertainty"":{""nCombUncertAssessNum"":1,""nCombExpandUncertValue"":0.18},""nPropDigits"":5,""nPropNumber"":1}",variable,"{""nVarValue"":40,""nVarNumber"":1,""nVarDigits"":4}",402.13,True,,40000,True,False,False
10.1016/j.fluid.2013.07.024#d2#p1#r4,10.1016/j.fluid.2013.07.024#d2#p1,10.1016/j.fluid.2013.07.024.json,2,1,4,"InChI=1S/C8H16O2/c1-4-8(9)10-6-5-7(2)3/h7H,4-6H2,1-3H3",XAOGXQMKWQFZEM-UHFFFAOYSA-N,3-methylbutyl propanoate,C8H16O2,10.1016/j.fluid.2013.07.024,2013,"Boiling temperature at pressure P, K",Liquid,"[""Liquid"",""Gas""]",Ebulliometric method (Recirculating still),409.26,"{""CombinedUncertainty"":{""nCombUncertAssessNum"":1,""nCombExpandUncertValue"":0.18},""nPropValue"":409.26,""nPropDigits"":5,""nPropNumber"":1}",variable,"{""nVarValue"":50,""nVarDigits"":4,""nVarNumber"":1}",409.26,True,,50000,True,False,False
10.1016/j.fluid.2013.07.024#d2#p1#r5,10.1016/j.fluid.2013.07.024#d2#p1,10.1016/j.fluid.2013.07.024.json,2,1,5,"InChI=1S/C8H16O2/c1-4-8(9)10-6-5-7(2)3/h7H,4-6H2,1-3H3",XAOGXQMKWQFZEM-UHFFFAOYSA-N,3-methylbutyl propanoate,C8H16O2,10.1016/j.fluid.2013.07.024,2013,"Boiling temperature at pressure P, K",Liquid,"[""Liquid"",""Gas""]",Ebulliometric method (Recirculating still),415.18,"{""CombinedUncertainty"":{""nCombExpandUncertValue"":0.18,""nCombUncertAssessNum"":1},""nPropValue"":415.18,""nPropNumber"":1,""nPropDigits"":5}",variable,"{""nVarValue"":60,""nVarDigits"":4,""nVarNumber"":1}",415.18,True,,60000,True,False,False
10.1016/j.fluid.2013.07.024#d2#p1#r6,10.1016/j.fluid.2013.07.024#d2#p1,10.1016/j.fluid.2013.07.024.json,2,1,6,"InChI=1S/C8H16O2/c1-4-8(9)10-6-5-7(2)3/h7H,4-6H2,1-3H3",XAOGXQMKWQFZEM-UHFFFAOYSA-N,3-methylbutyl propanoate,C8H16O2,10.1016/j.fluid.2013.07.024,2013,"Boiling temperature at pressure P, K",Liquid,"[""Liquid"",""Gas""]",Ebulliometric method (Recirculating still),420.42,"{""CombinedUncertainty"":{""nCombExpandUncertValue"":0.18,""nCombUncertAssessNum"":1},""nPropValue"":420.42,""nPropNumber"":1,""nPropDigits"":5}",variable,"{""nVarValue"":70,""nVarDigits"":4,""nVarNumber"":1}",420.42,True,,70000,True,False,False
10.1016/j.fluid.2013.07.024#d2#p1#r7,10.1016/j.fluid.2013.07.024#d2#p1,10.1016/j.fluid.2013.07.024.json,2,1,7,"InChI=1S/C8H16O2/c1-4-8(9)10-6-5-7(2)3/h7H,4-6H2,1-3H3",XAOGXQMKWQFZEM-UHFFFAOYSA-N,3-methylbutyl propanoate,C8H16O2,10.1016/j.fluid.2013.07.024,2013,"Boiling temperature at pressure P, K",Liquid,"[""Liquid"",""Gas""]",Ebulliometric method (Recirculating still),425.06,"{""nPropDigits"":5,""nPropNumber"":1,""nPropValue"":425.06,""CombinedUncertainty"":{""nCombExpandUncertValue"":0.18,""nCombUncertAssessNum"":1}}",variable,"{""nVarDigits"":4,""nVarNumber"":1,""nVarValue"":80}",425.06,True,,80000,True,False,False
10.1016/j.fluid.2013.07.024#d2#p1#r8,10.1016/j.fluid.2013.07.024#d2#p1,10.1016/j.fluid.2013.07.024.json,2,1,8,"InChI=1S/C8H16O2/c1-4-8(9)10-6-5-7(2)3/h7H,4-6H2,1-3H3",XAOGXQMKWQFZEM-UHFFFAOYSA-N,3-methylbutyl propanoate,C8H16O2,10.1016/j.fluid.2013.07.024,2013,"Boiling temperature at pressure P, K",Liquid,"[""Liquid"",""Gas""]",Ebulliometric method (Recirculating still),429.43,"{""nPropNumber"":1,""nPropDigits"":5,""CombinedUncertainty"":{""nCombExpandUncertValue"":0.18,""nCombUncertAssessNum"":1},""nPropValue"":429.43}",variable,"{""nVarValue"":90,""nVarDigits"":4,""nVarNumber"":1}",429.43,True,,90000,True,False,False
10.1016/j.fluid.2013.07.024#d2#p1#r9,10.1016/j.fluid.2013.07.024#d2#p1,10.1016/j.fluid.2013.07.024.json,2,1,9,"InChI=1S/C8H16O2/c1-4-8(9)10-6-5-7(2)3/h7H,4-6H2,1-3H3",XAOGXQMKWQFZEM-UHFFFAOYSA-N,3-methylbutyl propanoate,C8H16O2,10.1016/j.fluid.2013.07.024,2013,"Boiling temperature at pressure P, K",Liquid,"[""Liquid"",""Gas""]",Ebulliometric method (Recirculating still),433.87,"{""nPropValue"":433.87,""CombinedUncertainty"":{""nCombExpandUncertValue"":0.18,""nCombUncertAssessNum"":1},""nPropDigits"":5,""nPropNumber"":1}",variable,"{""nVarValue"":101.33,""nVarDigits"":5,""nVarNumber"":1}",433.87,True,,101330.0,True,False,False
10.1016/j.fluid.2013.07.024#d2#p1#r10,10.1016/j.fluid.2013.07.024#d2#p1,10.1016/j.fluid.2013.07.024.json,2,1,10,"InChI=1S/C8H16O2/c1-4-8(9)10-6-5-7(2)3/h7H,4-6H2,1-3H3",XAOGXQMKWQFZEM-UHFFFAOYSA-N,3-methylbutyl propanoate,C8H16O2,10.1016/j.fluid.2013.07.024,2013,"Boiling temperature at pressure P, K",Liquid,"[""Liquid"",""Gas""]",Ebulliometric method (Recirculating still),437.07,"{""CombinedUncertainty"":{""nCombExpandUncertValue"":0.18,""nCombUncertAssessNum"":1},""nPropValue"":437.07,""nPropNumber"":1,""nPropDigits"":5}",variable,"{""nVarValue"":110,""nVarDigits"":5,""nVarNumber"":1}",437.07,True,,110000,True,False,False
10.1016/j.fluid.2013.07.024#d2#p1#r11,10.1016/j.fluid.2013.07.024#d2#p1,10.1016/j.fluid.2013.07.024.json,2,1,11,"InChI=1S/C8H16O2/c1-4-8(9)10-6-5-7(2)3/h7H,4-6H2,1-3H3",XAOGXQMKWQFZEM-UHFFFAOYSA-N,3-methylbutyl propanoate,C8H16O2,10.1016/j.fluid.2013.07.024,2013,"Boiling temperature at pressure P, K",Liquid,"[""Liquid"",""Gas""]",Ebulliometric method (Recirculating still),440.36,"{""CombinedUncertainty"":{""nCombUncertAssessNum"":1,""nCombExpandUncertValue"":0.18},""nPropValue"":440.36,""nPropNumber"":1,""nPropDigits"":5}",variable,"{""nVarNumber"":1,""nVarDigits"":5,""nVarValue"":120}",440.36,True,,120000,True,False,False
10.1016/j.fluid.2013.07.024#d2#p1#r12,10.1016/j.fluid.2013.07.024#d2#p1,10.1016/j.fluid.2013.07.024.json,2,1,12,"InChI=1S/C8H16O2/c1-4-8(9)10-6-5-7(2)3/h7H,4-6H2,1-3H3",XAOGXQMKWQFZEM-UHFFFAOYSA-N,3-methylbutyl propanoate,C8H16O2,10.1016/j.fluid.2013.07.024,2013,"Boiling temperature at pressure P, K",Liquid,"[""Liquid"",""Gas""]",Ebulliometric method (Recirculating still),443.47,"{""CombinedUncertainty"":{""nCombUncertAssessNum"":1,""nCombExpandUncertValue"":0.18},""nPropValue"":443.47,""nPropNumber"":1,""nPropDigits"":5}",variable,"{""nVarDigits"":5,""nVarNumber"":1,""nVarValue"":130}",443.47,True,,130000,True,False,False
10.1016/j.fluid.2013.07.024#d2#p1#r13,10.1016/j.fluid.2013.07.024#d2#p1,10.1016/j.fluid.2013.07.024.json,2,1,13,"InChI=1S/C8H16O2/c1-4-8(9)10-6-5-7(2)3/h7H,4-6H2,1-3H3",XAOGXQMKWQFZEM-UHFFFAOYSA-N,3-methylbutyl propanoate,C8H16O2,10.1016/j.fluid.2013.07.024,2013,"Boiling temperature at pressure P, K",Liquid,"[""Liquid"",""Gas""]",Ebulliometric method (Recirculating still),446.39,"{""nPropNumber"":1,""nPropDigits"":5,""CombinedUncertainty"":{""nCombExpandUncertValue"":0.18,""nCombUncertAssessNum"":1},""nPropValue"":446.39}",variable,"{""nVarDigits"":5,""nVarNumber"":1,""nVarValue"":140}",446.39,True,,140000,True,False,False
10.1016/j.fluid.2013.07.024#d2#p1#r14,10.1016/j.fluid.2013.07.024#d2#p1,10.1016/j.fluid.2013.07.024.json,2,1,14,"InChI=1S/C8H16O2/c1-4-8(9)10-6-5-7(2)3/h7H,4-6H2,1-3H3",XAOGXQMKWQFZEM-UHFFFAOYSA-N,3-methylbutyl propanoate,C8H16O2,10.1016/j.fluid.2013.07.024,2013,"Boiling temperature at pressure P, K",Liquid,"[""Liquid"",""Gas""]",Ebulliometric method (Recirculating still),449.17,"{""nPropDigits"":5,""nPropNumber"":1,""nPropValue"":449.17,""CombinedUncertainty"":{""nCombExpandUncertValue"":0.18,""nCombUncertAssessNum"":1}}",variable,"{""nVarValue"":150,""nVarDigits"":5,""nVarNumber"":1}",449.17,True,,150000,True,False,False
10.1016/j.fluid.2013.07.024#d2#p1#r15,10.1016/j.fluid.2013.07.024#d2#p1,10.1016/j.fluid.2013.07.024.json,2,1,15,"InChI=1S/C8H16O2/c1-4-8(9)10-6-5-7(2)3/h7H,4-6H2,1-3H3",XAOGXQMKWQFZEM-UHFFFAOYSA-N,3-methylbutyl propanoate,C8H16O2,10.1016/j.fluid.2013.07.024,2013,"Boiling temperature at pressure P, K",Liquid,"[""Liquid"",""Gas""]",Ebulliometric method (Recirculating still),451.76,"{""nPropNumber"":1,""nPropDigits"":5,""nPropValue"":451.76,""CombinedUncertainty"":{""nCombExpandUncertValue"":0.19,""nCombUncertAssessNum"":1}}",variable,"{""nVarNumber"":1,""nVarDigits"":5,""nVarValue"":160}",451.76,True,,160000,True,False,False
10.1016/j.fluid.2013.07.024#d2#p1#r16,10.1016/j.fluid.2013.07.024#d2#p1,10.1016/j.fluid.2013.07.024.json,2,1,16,"InChI=1S/C8H16O2/c1-4-8(9)10-6-5-7(2)3/h7H,4-6H2,1-3H3",XAOGXQMKWQFZEM-UHFFFAOYSA-N,3-methylbutyl propanoate,C8H16O2,10.1016/j.fluid.2013.07.024,2013,"Boiling temperature at pressure P, K",Liquid,"[""Liquid"",""Gas""]",Ebulliometric method (Recirculating still),454.42,"{""nPropValue"":454.42,""CombinedUncertainty"":{""nCombUncertAssessNum"":1,""nCombExpandUncertValue"":0.19},""nPropDigits"":5,""nPropNumber"":1}",variable,"{""nVarValue"":170,""nVarDigits"":5,""nVarNumber"":1}",454.42,True,,170000,True,False,False
10.1016/j.fluid.2013.07.024#d2#p1#r17,10.1016/j.fluid.2013.07.024#d2#p1,10.1016/j.fluid.2013.07.024.json,2,1,17,"InChI=1S/C8H16O2/c1-4-8(9)10-6-5-7(2)3/h7H,4-6H2,1-3H3",XAOGXQMKWQFZEM-UHFFFAOYSA-N,3-methylbutyl propanoate,C8H16O2,10.1016/j.fluid.2013.07.024,2013,"Boiling temperature at pressure P, K",Liquid,"[""Liquid"",""Gas""]",Ebulliometric method (Recirculating still),456.84,"{""CombinedUncertainty"":{""nCombExpandUncertValue"":0.19,""nCombUncertAssessNum"":1},""nPropValue"":456.84,""nPropNumber"":1,""nPropDigits"":5}",variable,"{""nVarValue"":180,""nVarDigits"":5,""nVarNumber"":1}",456.84,True,,180000,True,False,False
10.1016/j.fluid.2013.07.024#d2#p1#r18,10.1016/j.fluid.2013.07.024#d2#p1,10.1016/j.fluid.2013.07.024.json,2,1,18,"InChI=1S/C8H16O2/c1-4-8(9)10-6-5-7(2)3/h7H,4-6H2,1-3H3",XAOGXQMKWQFZEM-UHFFFAOYSA-N,3-methylbutyl propanoate,C8H16O2,10.1016/j.fluid.2013.07.024,2013,"Boiling temperature at pressure P, K",Liquid,"[""Liquid"",""Gas""]",Ebulliometric method (Recirculating still),459.15,"{""nPropDigits"":5,""nPropNumber"":1,""CombinedUncertainty"":{""nCombUncertAssessNum"":1,""nCombExpandUncertValue"":0.19},""nPropValue"":459.15}",variable,"{""nVarDigits"":5,""nVarNumber"":1,""nVarValue"":190}",459.15,True,,190000,True,False,False
10.1016/j.fluid.2013.07.024#d2#p1#r19,10.1016/j.fluid.2013.07.024#d2#p1,10.1016/j.fluid.2013.07.024.json,2,1,19,"InChI=1S/C8H16O2/c1-4-8(9)10-6-5-7(2)3/h7H,4-6H2,1-3H3",XAOGXQMKWQFZEM-UHFFFAOYSA-N,3-methylbutyl propanoate,C8H16O2,10.1016/j.fluid.2013.07.024,2013,"Boiling temperature at pressure P, K",Liquid,"[""Liquid"",""Gas""]",Ebulliometric method (Recirculating still),461.35,"{""nPropValue"":461.35,""CombinedUncertainty"":{""nCombExpandUncertValue"":0.19,""nCombUncertAssessNum"":1},""nPropDigits"":5,""nPropNumber"":1}",variable,"{""nVarDigits"":5,""nVarNumber"":1,""nVarValue"":200}",461.35,True,,200000,True,False,False
10.1016/j.fluid.2013.07.044#d1#p1#r1,10.1016/j.fluid.2013.07.044#d1#p1,10.1016/j.fluid.2013.07.044.json,1,1,1,InChI=1S/C6H12/c1-2-4-6-5-3-1/h1-6H2,XDTMQSROBMDMFD-UHFFFAOYSA-N,cyclohexane,C6H12,10.1016/j.fluid.2013.07.044,2013,"Boiling temperature at pressure P, K",Liquid,"[""Liquid"",""Gas""]",Ebulliometric method (Recirculating still),312.78,"{""nPropDigits"":5,""nPropNumber"":1,""nPropValue"":312.78,""CombinedUncertainty"":{""nCombUncertAssessNum"":1,""nCombExpandUncertValue"":0.29}}",variable,"{""nVarValue"":24.08,""nVarDigits"":4,""nVarNumber"":1}",312.78,True,,24080.0,True,False,False
10.1016/j.fluid.2013.07.044#d1#p1#r2,10.1016/j.fluid.2013.07.044#d1#p1,10.1016/j.fluid.2013.07.044.json,1,1,2,InChI=1S/C6H12/c1-2-4-6-5-3-1/h1-6H2,XDTMQSROBMDMFD-UHFFFAOYSA-N,cyclohexane,C6H12,10.1016/j.fluid.2013.07.044,2013,"Boiling temperature at pressure P, K",Liquid,"[""Liquid"",""Gas""]",Ebulliometric method (Recirculating still),318.96,"{""nPropDigits"":5,""nPropNumber"":1,""CombinedUncertainty"":{""nCombExpandUncertValue"":0.27,""nCombUncertAssessNum"":1},""nPropValue"":318.96}",variable,"{""nVarNumber"":1,""nVarDigits"":4,""nVarValue"":30.7}",318.96,True,,30700.0,True,False,False
10.1016/j.fluid.2013.07.044#d1#p1#r3,10.1016/j.fluid.2013.07.044#d1#p1,10.1016/j.fluid.2013.07.044.json,1,1,3,InChI=1S/C6H12/c1-2-4-6-5-3-1/h1-6H2,XDTMQSROBMDMFD-UHFFFAOYSA-N,cyclohexane,C6H12,10.1016/j.fluid.2013.07.044,2013,"Boiling temperature at pressure P, K",Liquid,"[""Liquid"",""Gas""]",Ebulliometric method (Recirculating still),325.07,"{""nPropDigits"":5,""nPropNumber"":1,""nPropValue"":325.07,""CombinedUncertainty"":{""nCombUncertAssessNum"":1,""nCombExpandUncertValue"":0.24}}",variable,"{""nVarValue"":38.72,""nVarNumber"":1,""nVarDigits"":4}",325.07,True,,38720.0,True,False,False
10.1016/j.fluid.2013.07.044#d1#p1#r4,10.1016/j.fluid.2013.07.044#d1#p1,10.1016/j.fluid.2013.07.044.json,1,1,4,InChI=1S/C6H12/c1-2-4-6-5-3-1/h1-6H2,XDTMQSROBMDMFD-UHFFFAOYSA-N,cyclohexane,C6H12,10.1016/j.fluid.2013.07.044,2013,"Boiling temperature at pressure P, K",Liquid,"[""Liquid"",""Gas""]",Ebulliometric method (Recirculating still),330.32,"{""CombinedUncertainty"":{""nCombExpandUncertValue"":0.22,""nCombUncertAssessNum"":1},""nPropValue"":330.32,""nPropNumber"":1,""nPropDigits"":5}",variable,"{""nVarValue"":46.85,""nVarNumber"":1,""nVarDigits"":4}",330.32,True,,46850.0,True,False,False
10.1016/j.fluid.2013.07.044#d1#p1#r5,10.1016/j.fluid.2013.07.044#d1#p1,10.1016/j.fluid.2013.07.044.json,1,1,5,InChI=1S/C6H12/c1-2-4-6-5-3-1/h1-6H2,XDTMQSROBMDMFD-UHFFFAOYSA-N,cyclohexane,C6H12,10.1016/j.fluid.2013.07.044,2013,"Boiling temperature at pressure P, K",Liquid,"[""Liquid"",""Gas""]",Ebulliometric method (Recirculating still),335.01,"{""nPropValue"":335.01,""CombinedUncertainty"":{""nCombExpandUncertValue"":0.21,""nCombUncertAssessNum"":1},""nPropDigits"":5,""nPropNumber"":1}",variable,"{""nVarDigits"":4,""nVarNumber"":1,""nVarValue"":55.2}",335.01,True,,55200.0,True,False,False
10.1016/j.fluid.2013.07.044#d1#p1#r6,10.1016/j.fluid.2013.07.044#d1#p1,10.1016/j.fluid.2013.07.044.json,1,1,6,InChI=1S/C6H12/c1-2-4-6-5-3-1/h1-6H2,XDTMQSROBMDMFD-UHFFFAOYSA-N,cyclohexane,C6H12,10.1016/j.fluid.2013.07.044,2013,"Boiling temperature at pressure P, K",Liquid,"[""Liquid"",""Gas""]",Ebulliometric method (Recirculating still),338.21,"{""nPropValue"":338.21,""CombinedUncertainty"":{""nCombExpandUncertValue"":0.2,""nCombUncertAssessNum"":1},""nPropNumber"":1,""nPropDigits"":5}",variable,"{""nVarDigits"":4,""nVarNumber"":1,""nVarValue"":61.52}",338.21,True,,61520.0,True,False,False
10.1016/j.fluid.2013.07.044#d1#p1#r7,10.1016/j.fluid.2013.07.044#d1#p1,10.1016/j.fluid.2013.07.044.json,1,1,7,InChI=1S/C6H12/c1-2-4-6-5-3-1/h1-6H2,XDTMQSROBMDMFD-UHFFFAOYSA-N,cyclohexane,C6H12,10.1016/j.fluid.2013.07.044,2013,"Boiling temperature at pressure P, K",Liquid,"[""Liquid"",""Gas""]",Ebulliometric method (Recirculating still),341.67,"{""nPropNumber"":1,""nPropDigits"":5,""CombinedUncertainty"":{""nCombExpandUncertValue"":0.2,""nCombUncertAssessNum"":1},""nPropValue"":341.67}",variable,"{""nVarDigits"":4,""nVarNumber"":1,""nVarValue"":69.06}",341.67,True,,69060.0,True,False,False
10.1016/j.fluid.2013.07.044#d1#p1#r8,10.1016/j.fluid.2013.07.044#d1#p1,10.1016/j.fluid.2013.07.044.json,1,1,8,InChI=1S/C6H12/c1-2-4-6-5-3-1/h1-6H2,XDTMQSROBMDMFD-UHFFFAOYSA-N,cyclohexane,C6H12,10.1016/j.fluid.2013.07.044,2013,"Boiling temperature at pressure P, K",Liquid,"[""Liquid"",""Gas""]",Ebulliometric method (Recirculating still),345.37,"{""nPropDigits"":5,""nPropNumber"":1,""nPropValue"":345.37,""CombinedUncertainty"":{""nCombExpandUncertValue"":0.19,""nCombUncertAssessNum"":1}}",variable,"{""nVarNumber"":1,""nVarDigits"":4,""nVarValue"":77.87}",345.37,True,,77870.0,True,False,False
10.1016/j.fluid.2013.07.044#d1#p1#r9,10.1016/j.fluid.2013.07.044#d1#p1,10.1016/j.fluid.2013.07.044.json,1,1,9,InChI=1S/C6H12/c1-2-4-6-5-3-1/h1-6H2,XDTMQSROBMDMFD-UHFFFAOYSA-N,cyclohexane,C6H12,10.1016/j.fluid.2013.07.044,2013,"Boiling temperature at pressure P, K",Liquid,"[""Liquid"",""Gas""]",Ebulliometric method (Recirculating still),348.28,"{""nPropDigits"":5,""nPropNumber"":1,""nPropValue"":348.28,""CombinedUncertainty"":{""nCombUncertAssessNum"":1,""nCombExpandUncertValue"":0.19}}",variable,"{""nVarDigits"":4,""nVarNumber"":1,""nVarValue"":85.44}",348.28,True,,85440.0,True,False,False
10.1016/j.fluid.2013.07.044#d1#p1#r10,10.1016/j.fluid.2013.07.044#d1#p1,10.1016/j.fluid.2013.07.044.json,1,1,10,InChI=1S/C6H12/c1-2-4-6-5-3-1/h1-6H2,XDTMQSROBMDMFD-UHFFFAOYSA-N,cyclohexane,C6H12,10.1016/j.fluid.2013.07.044,2013,"Boiling temperature at pressure P, K",Liquid,"[""Liquid"",""Gas""]",Ebulliometric method (Recirculating still),350.53,"{""nPropDigits"":5,""nPropNumber"":1,""nPropValue"":350.53,""CombinedUncertainty"":{""nCombExpandUncertValue"":0.18,""nCombUncertAssessNum"":1}}",variable,"{""nVarValue"":91.68,""nVarNumber"":1,""nVarDigits"":4}",350.53,True,,91680.0,True,False,False
10.1016/j.fluid.2013.07.044#d1#p1#r11,10.1016/j.fluid.2013.07.044#d1#p1,10.1016/j.fluid.2013.07.044.json,1,1,11,InChI=1S/C6H12/c1-2-4-6-5-3-1/h1-6H2,XDTMQSROBMDMFD-UHFFFAOYSA-N,cyclohexane,C6H12,10.1016/j.fluid.2013.07.044,2013,"Boiling temperature at pressure P, K",Liquid,"[""Liquid"",""Gas""]",Ebulliometric method (Recirculating still),353.78,"{""nPropValue"":353.78,""CombinedUncertainty"":{""nCombUncertAssessNum"":1,""nCombExpandUncertValue"":0.18},""nPropDigits"":5,""nPropNumber"":1}",variable,"{""nVarNumber"":1,""nVarDigits"":5,""nVarValue"":101.32}",353.78,True,,101320.0,True,False,False
10.1016/j.fluid.2013.07.044#d2#p1#r1,10.1016/j.fluid.2013.07.044#d2#p1,10.1016/j.fluid.2013.07.044.json,2,1,1,"InChI=1S/C7H16/c1-3-5-7-6-4-2/h3-7H2,1-2H3",IMNFDUFMRHMDMM-UHFFFAOYSA-N,heptane,C7H16,10.1016/j.fluid.2013.07.044,2013,"Boiling temperature at pressure P, K",Liquid,"[""Liquid"",""Gas""]",Ebulliometric method (Recirculating still),308.91,"{""nPropValue"":308.91,""CombinedUncertainty"":{""nCombUncertAssessNum"":1,""nCombExpandUncertValue"":0.47},""nPropDigits"":5,""nPropNumber"":1}",variable,"{""nVarValue"":10.23,""nVarDigits"":4,""nVarNumber"":1}",308.91,True,,10230.0,True,True,False
10.1016/j.fluid.2013.07.044#d2#p1#r2,10.1016/j.fluid.2013.07.044#d2#p1,10.1016/j.fluid.2013.07.044.json,2,1,2,"InChI=1S/C7H16/c1-3-5-7-6-4-2/h3-7H2,1-2H3",IMNFDUFMRHMDMM-UHFFFAOYSA-N,heptane,C7H16,10.1016/j.fluid.2013.07.044,2013,"Boiling temperature at pressure P, K",Liquid,"[""Liquid"",""Gas""]",Ebulliometric method (Recirculating still),320.43,"{""nPropNumber"":1,""nPropDigits"":5,""nPropValue"":320.43,""CombinedUncertainty"":{""nCombExpandUncertValue"":0.41,""nCombUncertAssessNum"":1}}",variable,"{""nVarDigits"":4,""nVarNumber"":1,""nVarValue"":16.91}",320.43,True,,16910.0,True,True,False
10.1016/j.fluid.2013.07.044#d2#p1#r3,10.1016/j.fluid.2013.07.044#d2#p1,10.1016/j.fluid.2013.07.044.json,2,1,3,"InChI=1S/C7H16/c1-3-5-7-6-4-2/h3-7H2,1-2H3",IMNFDUFMRHMDMM-UHFFFAOYSA-N,heptane,C7H16,10.1016/j.fluid.2013.07.044,2013,"Boiling temperature at pressure P, K",Liquid,"[""Liquid"",""Gas""]",Ebulliometric method (Recirculating still),328.58,"{""nPropNumber"":1,""nPropDigits"":5,""CombinedUncertainty"":{""nCombExpandUncertValue"":0.3,""nCombUncertAssessNum"":1},""nPropValue"":328.58}",variable,"{""nVarNumber"":1,""nVarDigits"":4,""nVarValue"":23.5}",328.58,True,,23500.0,True,False,False
10.1016/j.fluid.2013.07.044#d2#p1#r4,10.1016/j.fluid.2013.07.044#d2#p1,10.1016/j.fluid.2013.07.044.json,2,1,4,"InChI=1S/C7H16/c1-3-5-7-6-4-2/h3-7H2,1-2H3",IMNFDUFMRHMDMM-UHFFFAOYSA-N,heptane,C7H16,10.1016/j.fluid.2013.07.044,2013,"Boiling temperature at pressure P, K",Liquid,"[""Liquid"",""Gas""]",Ebulliometric method (Recirculating still),339.42,"{""nPropDigits"":5,""nPropNumber"":1,""CombinedUncertainty"":{""nCombExpandUncertValue"":0.24,""nCombUncertAssessNum"":1},""nPropValue"":339.42}",variable,"{""nVarNumber"":1,""nVarDigits"":4,""nVarValue"":35.39}",339.42,True,,35390.0,True,False,False
10.1016/j.fluid.2013.07.044#d2#p1#r5,10.1016/j.fluid.2013.07.044#d2#p1,10.1016/j.fluid.2013.07.044.json,2,1,5,"InChI=1S/C7H16/c1-3-5-7-6-4-2/h3-7H2,1-2H3",IMNFDUFMRHMDMM-UHFFFAOYSA-N,heptane,C7H16,10.1016/j.fluid.2013.07.044,2013,"Boiling temperature at pressure P, K",Liquid,"[""Liquid"",""Gas""]",Ebulliometric method (Recirculating still),352.66,"{""nPropNumber"":1,""nPropDigits"":5,""CombinedUncertainty"":{""nCombExpandUncertValue"":0.22,""nCombUncertAssessNum"":1},""nPropValue"":352.66}",variable,"{""nVarNumber"":1,""nVarDigits"":4,""nVarValue"":56.16}",352.66,True,,56160.0,True,False,False
10.1016/j.fluid.2013.07.044#d2#p1#r6,10.1016/j.fluid.2013.07.044#d2#p1,10.1016/j.fluid.2013.07.044.json,2,1,6,"InChI=1S/C7H16/c1-3-5-7-6-4-2/h3-7H2,1-2H3",IMNFDUFMRHMDMM-UHFFFAOYSA-N,heptane,C7H16,10.1016/j.fluid.2013.07.044,2013,"Boiling temperature at pressure P, K",Liquid,"[""Liquid"",""Gas""]",Ebulliometric method (Recirculating still),358.24,"{""nPropNumber"":1,""nPropDigits"":5,""nPropValue"":358.24,""CombinedUncertainty"":{""nCombUncertAssessNum"":1,""nCombExpandUncertValue"":0.2}}",variable,"{""nVarNumber"":1,""nVarDigits"":4,""nVarValue"":67.57}",358.24,True,,67570.0,True,False,False
10.1016/j.fluid.2013.07.044#d2#p1#r7,10.1016/j.fluid.2013.07.044#d2#p1,10.1016/j.fluid.2013.07.044.json,2,1,7,"InChI=1S/C7H16/c1-3-5-7-6-4-2/h3-7H2,1-2H3",IMNFDUFMRHMDMM-UHFFFAOYSA-N,heptane,C7H16,10.1016/j.fluid.2013.07.044,2013,"Boiling temperature at pressure P, K",Liquid,"[""Liquid"",""Gas""]",Ebulliometric method (Recirculating still),361.37,"{""nPropDigits"":5,""nPropNumber"":1,""CombinedUncertainty"":{""nCombExpandUncertValue"":0.2,""nCombUncertAssessNum"":1},""nPropValue"":361.37}",variable,"{""nVarDigits"":4,""nVarNumber"":1,""nVarValue"":74.44}",361.37,True,,74440.0,True,False,False
10.1016/j.fluid.2013.07.044#d2#p1#r8,10.1016/j.fluid.2013.07.044#d2#p1,10.1016/j.fluid.2013.07.044.json,2,1,8,"InChI=1S/C7H16/c1-3-5-7-6-4-2/h3-7H2,1-2H3",IMNFDUFMRHMDMM-UHFFFAOYSA-N,heptane,C7H16,10.1016/j.fluid.2013.07.044,2013,"Boiling temperature at pressure P, K",Liquid,"[""Liquid"",""Gas""]",Ebulliometric method (Recirculating still),363.45,"{""nPropValue"":363.45,""CombinedUncertainty"":{""nCombExpandUncertValue"":0.19,""nCombUncertAssessNum"":1},""nPropNumber"":1,""nPropDigits"":5}",variable,"{""nVarValue"":79.37,""nVarDigits"":4,""nVarNumber"":1}",363.45,True,,79370.0,True,False,False
10.1016/j.fluid.2013.07.044#d2#p1#r9,10.1016/j.fluid.2013.07.044#d2#p1,10.1016/j.fluid.2013.07.044.json,2,1,9,"InChI=1S/C7H16/c1-3-5-7-6-4-2/h3-7H2,1-2H3",IMNFDUFMRHMDMM-UHFFFAOYSA-N,heptane,C7H16,10.1016/j.fluid.2013.07.044,2013,"Boiling temperature at pressure P, K",Liquid,"[""Liquid"",""Gas""]",Ebulliometric method (Recirculating still),366.31,"{""nPropDigits"":5,""nPropNumber"":1,""nPropValue"":366.31,""CombinedUncertainty"":{""nCombUncertAssessNum"":1,""nCombExpandUncertValue"":0.19}}",variable,"{""nVarValue"":86.51,""nVarNumber"":1,""nVarDigits"":4}",366.31,True,,86510.0,True,False,False
10.1016/j.fluid.2013.07.044#d2#p1#r10,10.1016/j.fluid.2013.07.044#d2#p1,10.1016/j.fluid.2013.07.044.json,2,1,10,"InChI=1S/C7H16/c1-3-5-7-6-4-2/h3-7H2,1-2H3",IMNFDUFMRHMDMM-UHFFFAOYSA-N,heptane,C7H16,10.1016/j.fluid.2013.07.044,2013,"Boiling temperature at pressure P, K",Liquid,"[""Liquid"",""Gas""]",Ebulliometric method (Recirculating still),371.21,"{""nPropNumber"":1,""nPropDigits"":5,""nPropValue"":371.21,""CombinedUncertainty"":{""nCombUncertAssessNum"":1,""nCombExpandUncertValue"":0.18}}",variable,"{""nVarValue"":100.11,""nVarNumber"":1,""nVarDigits"":5}",371.21,True,,100110.0,True,False,False
10.1016/j.fluid.2013.07.044#d3#p1#r1,10.1016/j.fluid.2013.07.044#d3#p1,10.1016/j.fluid.2013.07.044.json,3,1,1,"InChI=1S/C8H18/c1-3-5-7-8-6-4-2/h3-8H2,1-2H3",TVMXDCGIABBOFY-UHFFFAOYSA-N,octane,C8H18,10.1016/j.fluid.2013.07.044,2013,"Boiling temperature at pressure P, K",Liquid,"[""Liquid"",""Gas""]",Ebulliometric method (Recirculating still),352.83,"{""nPropValue"":352.83,""CombinedUncertainty"":{""nCombExpandUncertValue"":0.31,""nCombUncertAssessNum"":1},""nPropNumber"":1,""nPropDigits"":5}",variable,"{""nVarValue"":22.95,""nVarNumber"":1,""nVarDigits"":4}",352.83,True,,22950.0,True,False,False
10.1016/j.fluid.2013.07.044#d3#p1#r2,10.1016/j.fluid.2013.07.044#d3#p1,10.1016/j.fluid.2013.07.044.json,3,1,2,"InChI=1S/C8H18/c1-3-5-7-8-6-4-2/h3-8H2,1-2H3",TVMXDCGIABBOFY-UHFFFAOYSA-N,octane,C8H18,10.1016/j.fluid.2013.07.044,2013,"Boiling temperature at pressure P, K",Liquid,"[""Liquid"",""Gas""]",Ebulliometric method (Recirculating still),360.22,"{""CombinedUncertainty"":{""nCombExpandUncertValue"":0.29,""nCombUncertAssessNum"":1},""nPropValue"":360.22,""nPropDigits"":5,""nPropNumber"":1}",variable,"{""nVarNumber"":1,""nVarDigits"":4,""nVarValue"":29.98}",360.22,True,,29980.0,True,False,False
10.1016/j.fluid.2013.07.044#d3#p1#r3,10.1016/j.fluid.2013.07.044#d3#p1,10.1016/j.fluid.2013.07.044.json,3,1,3,"InChI=1S/C8H18/c1-3-5-7-8-6-4-2/h3-8H2,1-2H3",TVMXDCGIABBOFY-UHFFFAOYSA-N,octane,C8H18,10.1016/j.fluid.2013.07.044,2013,"Boiling temperature at pressure P, K",Liquid,"[""Liquid"",""Gas""]",Ebulliometric method (Recirculating still),366.89,"{""nPropDigits"":5,""nPropNumber"":1,""nPropValue"":366.89,""CombinedUncertainty"":{""nCombExpandUncertValue"":0.26,""nCombUncertAssessNum"":1}}",variable,"{""nVarValue"":37.87,""nVarNumber"":1,""nVarDigits"":4}",366.89,True,,37870.0,True,False,False
10.1016/j.fluid.2013.07.044#d3#p1#r4,10.1016/j.fluid.2013.07.044#d3#p1,10.1016/j.fluid.2013.07.044.json,3,1,4,"InChI=1S/C8H18/c1-3-5-7-8-6-4-2/h3-8H2,1-2H3",TVMXDCGIABBOFY-UHFFFAOYSA-N,octane,C8H18,10.1016/j.fluid.2013.07.044,2013,"Boiling temperature at pressure P, K",Liquid,"[""Liquid"",""Gas""]",Ebulliometric method (Recirculating still),371.89,"{""nPropNumber"":1,""nPropDigits"":5,""CombinedUncertainty"":{""nCombUncertAssessNum"":1,""nCombExpandUncertValue"":0.23},""nPropValue"":371.89}",variable,"{""nVarNumber"":1,""nVarDigits"":4,""nVarValue"":44.82}",371.89,True,,44820.0,True,False,False
10.1016/j.fluid.2013.07.044#d3#p1#r5,10.1016/j.fluid.2013.07.044#d3#p1,10.1016/j.fluid.2013.07.044.json,3,1,5,"InChI=1S/C8H18/c1-3-5-7-8-6-4-2/h3-8H2,1-2H3",TVMXDCGIABBOFY-UHFFFAOYSA-N,octane,C8H18,10.1016/j.fluid.2013.07.044,2013,"Boiling temperature at pressure P, K",Liquid,"[""Liquid"",""Gas""]",Ebulliometric method (Recirculating still),376.93,"{""nPropNumber"":1,""nPropDigits"":5,""nPropValue"":376.93,""CombinedUncertainty"":{""nCombExpandUncertValue"":0.22,""nCombUncertAssessNum"":1}}",variable,"{""nVarDigits"":4,""nVarNumber"":1,""nVarValue"":52.81}",376.93,True,,52810.0,True,False,False
10.1016/j.fluid.2013.07.044#d3#p1#r6,10.1016/j.fluid.2013.07.044#d3#p1,10.1016/j.fluid.2013.07.044.json,3,1,6,"InChI=1S/C8H18/c1-3-5-7-8-6-4-2/h3-8H2,1-2H3",TVMXDCGIABBOFY-UHFFFAOYSA-N,octane,C8H18,10.1016/j.fluid.2013.07.044,2013,"Boiling temperature at pressure P, K",Liquid,"[""Liquid"",""Gas""]",Ebulliometric method (Recirculating still),380.87,"{""nPropNumber"":1,""nPropDigits"":5,""CombinedUncertainty"":{""nCombExpandUncertValue"":0.21,""nCombUncertAssessNum"":1},""nPropValue"":380.87}",variable,"{""nVarNumber"":1,""nVarDigits"":4,""nVarValue"":59.85}",380.87,True,,59850.0,True,False,False
10.1016/j.fluid.2013.07.044#d3#p1#r7,10.1016/j.fluid.2013.07.044#d3#p1,10.1016/j.fluid.2013.07.044.json,3,1,7,"InChI=1S/C8H18/c1-3-5-7-8-6-4-2/h3-8H2,1-2H3",TVMXDCGIABBOFY-UHFFFAOYSA-N,octane,C8H18,10.1016/j.fluid.2013.07.044,2013,"Boiling temperature at pressure P, K",Liquid,"[""Liquid"",""Gas""]",Ebulliometric method (Recirculating still),384.36,"{""nPropNumber"":1,""nPropDigits"":5,""nPropValue"":384.36,""CombinedUncertainty"":{""nCombExpandUncertValue"":0.2,""nCombUncertAssessNum"":1}}",variable,"{""nVarValue"":66.66,""nVarDigits"":4,""nVarNumber"":1}",384.36,True,,66660.0,True,False,False
10.1016/j.fluid.2013.07.044#d3#p1#r8,10.1016/j.fluid.2013.07.044#d3#p1,10.1016/j.fluid.2013.07.044.json,3,1,8,"InChI=1S/C8H18/c1-3-5-7-8-6-4-2/h3-8H2,1-2H3",TVMXDCGIABBOFY-UHFFFAOYSA-N,octane,C8H18,10.1016/j.fluid.2013.07.044,2013,"Boiling temperature at pressure P, K",Liquid,"[""Liquid"",""Gas""]",Ebulliometric method (Recirculating still),388.38,"{""nPropValue"":388.38,""CombinedUncertainty"":{""nCombUncertAssessNum"":1,""nCombExpandUncertValue"":0.2},""nPropNumber"":1,""nPropDigits"":5}",variable,"{""nVarDigits"":4,""nVarNumber"":1,""nVarValue"":75.23}",388.38,True,,75230.0,True,False,False
10.1016/j.fluid.2013.07.044#d3#p1#r9,10.1016/j.fluid.2013.07.044#d3#p1,10.1016/j.fluid.2013.07.044.json,3,1,9,"InChI=1S/C8H18/c1-3-5-7-8-6-4-2/h3-8H2,1-2H3",TVMXDCGIABBOFY-UHFFFAOYSA-N,octane,C8H18,10.1016/j.fluid.2013.07.044,2013,"Boiling temperature at pressure P, K",Liquid,"[""Liquid"",""Gas""]",Ebulliometric method (Recirculating still),391.59,"{""nPropDigits"":5,""nPropNumber"":1,""CombinedUncertainty"":{""nCombExpandUncertValue"":0.19,""nCombUncertAssessNum"":1},""nPropValue"":391.59}",variable,"{""nVarDigits"":4,""nVarNumber"":1,""nVarValue"":82.72}",391.59,True,,82720.0,True,False,False
10.1016/j.fluid.2013.07.044#d3#p1#r10,10.1016/j.fluid.2013.07.044#d3#p1,10.1016/j.fluid.2013.07.044.json,3,1,10,"InChI=1S/C8H18/c1-3-5-7-8-6-4-2/h3-8H2,1-2H3",TVMXDCGIABBOFY-UHFFFAOYSA-N,octane,C8H18,10.1016/j.fluid.2013.07.044,2013,"Boiling temperature at pressure P, K",Liquid,"[""Liquid"",""Gas""]",Ebulliometric method (Recirculating still),394.32,"{""nPropDigits"":5,""nPropNumber"":1,""nPropValue"":394.32,""CombinedUncertainty"":{""nCombUncertAssessNum"":1,""nCombExpandUncertValue"":0.19}}",variable,"{""nVarNumber"":1,""nVarDigits"":4,""nVarValue"":89.51}",394.32,True,,89510.0,True,False,False
10.1016/j.fluid.2013.07.044#d3#p1#r11,10.1016/j.fluid.2013.07.044#d3#p1,10.1016/j.fluid.2013.07.044.json,3,1,11,"InChI=1S/C8H18/c1-3-5-7-8-6-4-2/h3-8H2,1-2H3",TVMXDCGIABBOFY-UHFFFAOYSA-N,octane,C8H18,10.1016/j.fluid.2013.07.044,2013,"Boiling temperature at pressure P, K",Liquid,"[""Liquid"",""Gas""]",Ebulliometric method (Recirculating still),397.87,"{""nPropNumber"":1,""nPropDigits"":5,""nPropValue"":397.87,""CombinedUncertainty"":{""nCombUncertAssessNum"":1,""nCombExpandUncertValue"":0.19}}",variable,"{""nVarValue"":99.01,""nVarDigits"":4,""nVarNumber"":1}",397.87,True,,99010.0,True,False,False
10.1016/j.fluid.2013.07.044#d4#p1#r1,10.1016/j.fluid.2013.07.044#d4#p1,10.1016/j.fluid.2013.07.044.json,4,1,1,"InChI=1S/C2H6O/c1-2-3/h3H,2H2,1H3",LFQSCWFLJHTTHZ-UHFFFAOYSA-N,ethanol,C2H6O,10.1016/j.fluid.2013.07.044,2013,"Boiling temperature at pressure P, K",Liquid,"[""Liquid"",""Gas""]",Ebulliometric method (Recirculating still),315.61,"{""nPropNumber"":1,""nPropDigits"":5,""CombinedUncertainty"":{""nCombExpandUncertValue"":0.26,""nCombUncertAssessNum"":1},""nPropValue"":315.61}",variable,"{""nVarDigits"":4,""nVarNumber"":1,""nVarValue"":20.14}",315.61,True,,20140.0,True,False,False
10.1016/j.fluid.2013.07.044#d4#p1#r2,10.1016/j.fluid.2013.07.044#d4#p1,10.1016/j.fluid.2013.07.044.json,4,1,2,"InChI=1S/C2H6O/c1-2-3/h3H,2H2,1H3",LFQSCWFLJHTTHZ-UHFFFAOYSA-N,ethanol,C2H6O,10.1016/j.fluid.2013.07.044,2013,"Boiling temperature at pressure P, K",Liquid,"[""Liquid"",""Gas""]",Ebulliometric method (Recirculating still),323.82,"{""nPropValue"":323.82,""CombinedUncertainty"":{""nCombExpandUncertValue"":0.24,""nCombUncertAssessNum"":1},""nPropDigits"":5,""nPropNumber"":1}",variable,"{""nVarValue"":30.24,""nVarNumber"":1,""nVarDigits"":4}",323.82,True,,30240.0,True,False,False
10.1016/j.fluid.2013.07.044#d4#p1#r3,10.1016/j.fluid.2013.07.044#d4#p1,10.1016/j.fluid.2013.07.044.json,4,1,3,"InChI=1S/C2H6O/c1-2-3/h3H,2H2,1H3",LFQSCWFLJHTTHZ-UHFFFAOYSA-N,ethanol,C2H6O,10.1016/j.fluid.2013.07.044,2013,"Boiling temperature at pressure P, K",Liquid,"[""Liquid"",""Gas""]",Ebulliometric method (Recirculating still),329.92,"{""nPropDigits"":5,""nPropNumber"":1,""CombinedUncertainty"":{""nCombExpandUncertValue"":0.21,""nCombUncertAssessNum"":1},""nPropValue"":329.92}",variable,"{""nVarValue"":40.31,""nVarDigits"":4,""nVarNumber"":1}",329.92,True,,40310.0,True,False,False
10.1016/j.fluid.2013.07.044#d4#p1#r4,10.1016/j.fluid.2013.07.044#d4#p1,10.1016/j.fluid.2013.07.044.json,4,1,4,"InChI=1S/C2H6O/c1-2-3/h3H,2H2,1H3",LFQSCWFLJHTTHZ-UHFFFAOYSA-N,ethanol,C2H6O,10.1016/j.fluid.2013.07.044,2013,"Boiling temperature at pressure P, K",Liquid,"[""Liquid"",""Gas""]",Ebulliometric method (Recirculating still),334.84,"{""nPropValue"":334.84,""CombinedUncertainty"":{""nCombExpandUncertValue"":0.19,""nCombUncertAssessNum"":1},""nPropNumber"":1,""nPropDigits"":5}",variable,"{""nVarDigits"":4,""nVarNumber"":1,""nVarValue"":50.39}",334.84,True,,50390.0,True,False,False
10.1016/j.fluid.2013.07.044#d4#p1#r5,10.1016/j.fluid.2013.07.044#d4#p1,10.1016/j.fluid.2013.07.044.json,4,1,5,"InChI=1S/C2H6O/c1-2-3/h3H,2H2,1H3",LFQSCWFLJHTTHZ-UHFFFAOYSA-N,ethanol,C2H6O,10.1016/j.fluid.2013.07.044,2013,"Boiling temperature at pressure P, K",Liquid,"[""Liquid"",""Gas""]",Ebulliometric method (Recirculating still),342.49,"{""nPropDigits"":5,""nPropNumber"":1,""nPropValue"":342.49,""CombinedUncertainty"":{""nCombExpandUncertValue"":0.19,""nCombUncertAssessNum"":1}}",variable,"{""nVarNumber"":1,""nVarDigits"":4,""nVarValue"":70.33}",342.49,True,,70330.0,True,False,False
10.1016/j.fluid.2013.07.044#d4#p1#r6,10.1016/j.fluid.2013.07.044#d4#p1,10.1016/j.fluid.2013.07.044.json,4,1,6,"InChI=1S/C2H6O/c1-2-3/h3H,2H2,1H3",LFQSCWFLJHTTHZ-UHFFFAOYSA-N,ethanol,C2H6O,10.1016/j.fluid.2013.07.044,2013,"Boiling temperature at pressure P, K",Liquid,"[""Liquid"",""Gas""]",Ebulliometric method (Recirculating still),345.77,"{""CombinedUncertainty"":{""nCombUncertAssessNum"":1,""nCombExpandUncertValue"":0.18},""nPropValue"":345.77,""nPropNumber"":1,""nPropDigits"":5}",variable,"{""nVarDigits"":4,""nVarNumber"":1,""nVarValue"":80.63}",345.77,True,,80630.0,True,False,False
10.1016/j.fluid.2013.07.044#d4#p1#r7,10.1016/j.fluid.2013.07.044#d4#p1,10.1016/j.fluid.2013.07.044.json,4,1,7,"InChI=1S/C2H6O/c1-2-3/h3H,2H2,1H3",LFQSCWFLJHTTHZ-UHFFFAOYSA-N,ethanol,C2H6O,10.1016/j.fluid.2013.07.044,2013,"Boiling temperature at pressure P, K",Liquid,"[""Liquid"",""Gas""]",Ebulliometric method (Recirculating still),347.26,"{""nPropNumber"":1,""nPropDigits"":5,""CombinedUncertainty"":{""nCombExpandUncertValue"":0.17,""nCombUncertAssessNum"":1},""nPropValue"":347.26}",variable,"{""nVarDigits"":4,""nVarNumber"":1,""nVarValue"":85.67}",347.26,True,,85670.0,True,False,False
10.1016/j.fluid.2013.07.044#d4#p1#r8,10.1016/j.fluid.2013.07.044#d4#p1,10.1016/j.fluid.2013.07.044.json,4,1,8,"InChI=1S/C2H6O/c1-2-3/h3H,2H2,1H3",LFQSCWFLJHTTHZ-UHFFFAOYSA-N,ethanol,C2H6O,10.1016/j.fluid.2013.07.044,2013,"Boiling temperature at pressure P, K",Liquid,"[""Liquid"",""Gas""]",Ebulliometric method (Recirculating still),350.68,"{""nPropDigits"":5,""nPropNumber"":1,""CombinedUncertainty"":{""nCombExpandUncertValue"":0.17,""nCombUncertAssessNum"":1},""nPropValue"":350.68}",variable,"{""nVarValue"":98.45,""nVarDigits"":4,""nVarNumber"":1}",350.68,True,,98450.0,True,False,False
10.1016/j.fluid.2013.07.044#d4#p1#r9,10.1016/j.fluid.2013.07.044#d4#p1,10.1016/j.fluid.2013.07.044.json,4,1,9,"InChI=1S/C2H6O/c1-2-3/h3H,2H2,1H3",LFQSCWFLJHTTHZ-UHFFFAOYSA-N,ethanol,C2H6O,10.1016/j.fluid.2013.07.044,2013,"Boiling temperature at pressure P, K",Liquid,"[""Liquid"",""Gas""]",Ebulliometric method (Recirculating still),351.28,"{""nPropDigits"":5,""nPropNumber"":1,""CombinedUncertainty"":{""nCombExpandUncertValue"":0.17,""nCombUncertAssessNum"":1},""nPropValue"":351.28}",variable,"{""nVarValue"":100.79,""nVarNumber"":1,""nVarDigits"":5}",351.28,True,,100790.0,True,False,False
10.1016/j.fluid.2013.07.044#d4#p1#r10,10.1016/j.fluid.2013.07.044#d4#p1,10.1016/j.fluid.2013.07.044.json,4,1,10,"InChI=1S/C2H6O/c1-2-3/h3H,2H2,1H3",LFQSCWFLJHTTHZ-UHFFFAOYSA-N,ethanol,C2H6O,10.1016/j.fluid.2013.07.044,2013,"Boiling temperature at pressure P, K",Liquid,"[""Liquid"",""Gas""]",Ebulliometric method (Recirculating still),353.68,"{""CombinedUncertainty"":{""nCombUncertAssessNum"":1,""nCombExpandUncertValue"":0.17},""nPropValue"":353.68,""nPropDigits"":5,""nPropNumber"":1}",variable,"{""nVarValue"":110.86,""nVarDigits"":5,""nVarNumber"":1}",353.68,True,,110860.0,True,False,False
10.1016/j.fluid.2013.07.044#d4#p1#r11,10.1016/j.fluid.2013.07.044#d4#p1,10.1016/j.fluid.2013.07.044.json,4,1,11,"InChI=1S/C2H6O/c1-2-3/h3H,2H2,1H3",LFQSCWFLJHTTHZ-UHFFFAOYSA-N,ethanol,C2H6O,10.1016/j.fluid.2013.07.044,2013,"Boiling temperature at pressure P, K",Liquid,"[""Liquid"",""Gas""]",Ebulliometric method (Recirculating still),355.92,"{""nPropNumber"":1,""nPropDigits"":5,""nPropValue"":355.92,""CombinedUncertainty"":{""nCombUncertAssessNum"":1,""nCombExpandUncertValue"":0.17}}",variable,"{""nVarValue"":120.93,""nVarNumber"":1,""nVarDigits"":5}",355.92,True,,120930.0,True,False,False
10.1016/j.fluid.2013.07.044#d4#p1#r12,10.1016/j.fluid.2013.07.044#d4#p1,10.1016/j.fluid.2013.07.044.json,4,1,12,"InChI=1S/C2H6O/c1-2-3/h3H,2H2,1H3",LFQSCWFLJHTTHZ-UHFFFAOYSA-N,ethanol,C2H6O,10.1016/j.fluid.2013.07.044,2013,"Boiling temperature at pressure P, K",Liquid,"[""Liquid"",""Gas""]",Ebulliometric method (Recirculating still),357.99,"{""nPropNumber"":1,""nPropDigits"":5,""nPropValue"":357.99,""CombinedUncertainty"":{""nCombUncertAssessNum"":1,""nCombExpandUncertValue"":0.17}}",variable,"{""nVarDigits"":5,""nVarNumber"":1,""nVarValue"":131.02}",357.99,True,,131020.00000000001,True,False,False
10.1016/j.fluid.2013.07.044#d4#p1#r13,10.1016/j.fluid.2013.07.044#d4#p1,10.1016/j.fluid.2013.07.044.json,4,1,13,"InChI=1S/C2H6O/c1-2-3/h3H,2H2,1H3",LFQSCWFLJHTTHZ-UHFFFAOYSA-N,ethanol,C2H6O,10.1016/j.fluid.2013.07.044,2013,"Boiling temperature at pressure P, K",Liquid,"[""Liquid"",""Gas""]",Ebulliometric method (Recirculating still),359.94,"{""nPropDigits"":5,""nPropNumber"":1,""CombinedUncertainty"":{""nCombExpandUncertValue"":0.17,""nCombUncertAssessNum"":1},""nPropValue"":359.94}",variable,"{""nVarValue"":141.1,""nVarNumber"":1,""nVarDigits"":5}",359.94,True,,141100.0,True,False,False
10.1016/j.fluid.2013.07.044#d4#p1#r14,10.1016/j.fluid.2013.07.044#d4#p1,10.1016/j.fluid.2013.07.044.json,4,1,14,"InChI=1S/C2H6O/c1-2-3/h3H,2H2,1H3",LFQSCWFLJHTTHZ-UHFFFAOYSA-N,ethanol,C2H6O,10.1016/j.fluid.2013.07.044,2013,"Boiling temperature at pressure P, K",Liquid,"[""Liquid"",""Gas""]",Ebulliometric method (Recirculating still),361.77,"{""nPropValue"":361.77,""CombinedUncertainty"":{""nCombUncertAssessNum"":1,""nCombExpandUncertValue"":0.27},""nPropDigits"":5,""nPropNumber"":1}",variable,"{""nVarNumber"":1,""nVarDigits"":4,""nVarValue"":151.1}",361.77,True,,151100.0,True,False,False
10.1016/j.fluid.2013.07.044#d4#p1#r15,10.1016/j.fluid.2013.07.044#d4#p1,10.1016/j.fluid.2013.07.044.json,4,1,15,"InChI=1S/C2H6O/c1-2-3/h3H,2H2,1H3",LFQSCWFLJHTTHZ-UHFFFAOYSA-N,ethanol,C2H6O,10.1016/j.fluid.2013.07.044,2013,"Boiling temperature at pressure P, K",Liquid,"[""Liquid"",""Gas""]",Ebulliometric method (Recirculating still),363.56,"{""nPropValue"":363.56,""CombinedUncertainty"":{""nCombUncertAssessNum"":1,""nCombExpandUncertValue"":0.26},""nPropNumber"":1,""nPropDigits"":5}",variable,"{""nVarValue"":160,""nVarDigits"":4,""nVarNumber"":1}",363.56,True,,160000,True,False,False
10.1016/j.fluid.2013.07.044#d4#p1#r16,10.1016/j.fluid.2013.07.044#d4#p1,10.1016/j.fluid.2013.07.044.json,4,1,16,"InChI=1S/C2H6O/c1-2-3/h3H,2H2,1H3",LFQSCWFLJHTTHZ-UHFFFAOYSA-N,ethanol,C2H6O,10.1016/j.fluid.2013.07.044,2013,"Boiling temperature at pressure P, K",Liquid,"[""Liquid"",""Gas""]",Ebulliometric method (Recirculating still),365.24,"{""nPropValue"":365.24,""CombinedUncertainty"":{""nCombExpandUncertValue"":0.24,""nCombUncertAssessNum"":1},""nPropDigits"":5,""nPropNumber"":1}",variable,"{""nVarValue"":170,""nVarNumber"":1,""nVarDigits"":4}",365.24,True,,170000,True,False,False
10.1016/j.fluid.2013.07.044#d4#p1#r17,10.1016/j.fluid.2013.07.044#d4#p1,10.1016/j.fluid.2013.07.044.json,4,1,17,"InChI=1S/C2H6O/c1-2-3/h3H,2H2,1H3",LFQSCWFLJHTTHZ-UHFFFAOYSA-N,ethanol,C2H6O,10.1016/j.fluid.2013.07.044,2013,"Boiling temperature at pressure P, K",Liquid,"[""Liquid"",""Gas""]",Ebulliometric method (Recirculating still),366.77,"{""nPropNumber"":1,""nPropDigits"":5,""CombinedUncertainty"":{""nCombExpandUncertValue"":0.24,""nCombUncertAssessNum"":1},""nPropValue"":366.77}",variable,"{""nVarDigits"":4,""nVarNumber"":1,""nVarValue"":180}",366.77,True,,180000,True,False,False
10.1016/j.fluid.2013.07.044#d4#p1#r18,10.1016/j.fluid.2013.07.044#d4#p1,10.1016/j.fluid.2013.07.044.json,4,1,18,"InChI=1S/C2H6O/c1-2-3/h3H,2H2,1H3",LFQSCWFLJHTTHZ-UHFFFAOYSA-N,ethanol,C2H6O,10.1016/j.fluid.2013.07.044,2013,"Boiling temperature at pressure P, K",Liquid,"[""Liquid"",""Gas""]",Ebulliometric method (Recirculating still),368.31,"{""nPropValue"":368.31,""CombinedUncertainty"":{""nCombExpandUncertValue"":0.23,""nCombUncertAssessNum"":1},""nPropNumber"":1,""nPropDigits"":5}",variable,"{""nVarValue"":190,""nVarDigits"":4,""nVarNumber"":1}",368.31,True,,190000,True,False,False
10.1016/j.fluid.2013.07.044#d4#p1#r19,10.1016/j.fluid.2013.07.044#d4#p1,10.1016/j.fluid.2013.07.044.json,4,1,19,"InChI=1S/C2H6O/c1-2-3/h3H,2H2,1H3",LFQSCWFLJHTTHZ-UHFFFAOYSA-N,ethanol,C2H6O,10.1016/j.fluid.2013.07.044,2013,"Boiling temperature at pressure P, K",Liquid,"[""Liquid"",""Gas""]",Ebulliometric method (Recirculating still),369.75,"{""nPropNumber"":1,""nPropDigits"":5,""CombinedUncertainty"":{""nCombExpandUncertValue"":0.23,""nCombUncertAssessNum"":1},""nPropValue"":369.75}",variable,"{""nVarValue"":200,""nVarDigits"":4,""nVarNumber"":1}",369.75,True,,200000,True,False,False
10.1016/j.fluid.2013.07.044#d5#p1#r1,10.1016/j.fluid.2013.07.044#d5#p1,10.1016/j.fluid.2013.07.044.json,5,1,1,"InChI=1S/C3H8O/c1-2-3-4/h4H,2-3H2,1H3",BDERNNFJNOPAEC-UHFFFAOYSA-N,propan-1-ol,C3H8O,10.1016/j.fluid.2013.07.044,2013,"Boiling temperature at pressure P, K",Liquid,"[""Liquid"",""Gas""]",Ebulliometric method (Recirculating still),360.86,"{""CombinedUncertainty"":{""nCombUncertAssessNum"":1,""nCombExpandUncertValue"":0.18},""nPropValue"":360.86,""nPropDigits"":5,""nPropNumber"":1}",variable,"{""nVarNumber"":1,""nVarDigits"":4,""nVarValue"":69.79}",360.86,True,,69790.0,True,False,False
10.1016/j.fluid.2013.07.044#d5#p1#r2,10.1016/j.fluid.2013.07.044#d5#p1,10.1016/j.fluid.2013.07.044.json,5,1,2,"InChI=1S/C3H8O/c1-2-3-4/h4H,2-3H2,1H3",BDERNNFJNOPAEC-UHFFFAOYSA-N,propan-1-ol,C3H8O,10.1016/j.fluid.2013.07.044,2013,"Boiling temperature at pressure P, K",Liquid,"[""Liquid"",""Gas""]",Ebulliometric method (Recirculating still),362.6,"{""nPropNumber"":1,""nPropDigits"":5,""CombinedUncertainty"":{""nCombExpandUncertValue"":0.18,""nCombUncertAssessNum"":1},""nPropValue"":362.6}",variable,"{""nVarValue"":74.92,""nVarNumber"":1,""nVarDigits"":4}",362.6,True,,74920.0,True,False,False
10.1016/j.fluid.2013.07.044#d5#p1#r3,10.1016/j.fluid.2013.07.044#d5#p1,10.1016/j.fluid.2013.07.044.json,5,1,3,"InChI=1S/C3H8O/c1-2-3-4/h4H,2-3H2,1H3",BDERNNFJNOPAEC-UHFFFAOYSA-N,propan-1-ol,C3H8O,10.1016/j.fluid.2013.07.044,2013,"Boiling temperature at pressure P, K",Liquid,"[""Liquid"",""Gas""]",Ebulliometric method (Recirculating still),364.11,"{""nPropValue"":364.11,""CombinedUncertainty"":{""nCombExpandUncertValue"":0.18,""nCombUncertAssessNum"":1},""nPropDigits"":5,""nPropNumber"":1}",variable,"{""nVarNumber"":1,""nVarDigits"":4,""nVarValue"":79.6}",364.11,True,,79600.0,True,False,False
10.1016/j.fluid.2013.07.044#d5#p1#r4,10.1016/j.fluid.2013.07.044#d5#p1,10.1016/j.fluid.2013.07.044.json,5,1,4,"InChI=1S/C3H8O/c1-2-3-4/h4H,2-3H2,1H3",BDERNNFJNOPAEC-UHFFFAOYSA-N,propan-1-ol,C3H8O,10.1016/j.fluid.2013.07.044,2013,"Boiling temperature at pressure P, K",Liquid,"[""Liquid"",""Gas""]",Ebulliometric method (Recirculating still),365.7,"{""nPropDigits"":5,""nPropNumber"":1,""nPropValue"":365.7,""CombinedUncertainty"":{""nCombExpandUncertValue"":0.18,""nCombUncertAssessNum"":1}}",variable,"{""nVarNumber"":1,""nVarDigits"":4,""nVarValue"":84.8}",365.7,True,,84800.0,True,False,False
10.1016/j.fluid.2013.07.044#d5#p1#r5,10.1016/j.fluid.2013.07.044#d5#p1,10.1016/j.fluid.2013.07.044.json,5,1,5,"InChI=1S/C3H8O/c1-2-3-4/h4H,2-3H2,1H3",BDERNNFJNOPAEC-UHFFFAOYSA-N,propan-1-ol,C3H8O,10.1016/j.fluid.2013.07.044,2013,"Boiling temperature at pressure P, K",Liquid,"[""Liquid"",""Gas""]",Ebulliometric method (Recirculating still),367.14,"{""nPropNumber"":1,""nPropDigits"":5,""nPropValue"":367.14,""CombinedUncertainty"":{""nCombExpandUncertValue"":0.18,""nCombUncertAssessNum"":1}}",variable,"{""nVarDigits"":4,""nVarNumber"":1,""nVarValue"":89.78}",367.14,True,,89780.0,True,False,False
10.1016/j.fluid.2013.07.044#d5#p1#r6,10.1016/j.fluid.2013.07.044#d5#p1,10.1016/j.fluid.2013.07.044.json,5,1,6,"InChI=1S/C3H8O/c1-2-3-4/h4H,2-3H2,1H3",BDERNNFJNOPAEC-UHFFFAOYSA-N,propan-1-ol,C3H8O,10.1016/j.fluid.2013.07.044,2013,"Boiling temperature at pressure P, K",Liquid,"[""Liquid"",""Gas""]",Ebulliometric method (Recirculating still),368.52,"{""nPropNumber"":1,""nPropDigits"":5,""CombinedUncertainty"":{""nCombExpandUncertValue"":0.17,""nCombUncertAssessNum"":1},""nPropValue"":368.52}",variable,"{""nVarNumber"":1,""nVarDigits"":4,""nVarValue"":94.77}",368.52,True,,94770.0,True,False,False
10.1016/j.fluid.2013.07.044#d5#p1#r7,10.1016/j.fluid.2013.07.044#d5#p1,10.1016/j.fluid.2013.07.044.json,5,1,7,"InChI=1S/C3H8O/c1-2-3-4/h4H,2-3H2,1H3",BDERNNFJNOPAEC-UHFFFAOYSA-N,propan-1-ol,C3H8O,10.1016/j.fluid.2013.07.044,2013,"Boiling temperature at pressure P, K",Liquid,"[""Liquid"",""Gas""]",Ebulliometric method (Recirculating still),369.82,"{""nPropValue"":369.82,""CombinedUncertainty"":{""nCombUncertAssessNum"":1,""nCombExpandUncertValue"":0.17},""nPropDigits"":5,""nPropNumber"":1}",variable,"{""nVarValue"":99.7,""nVarNumber"":1,""nVarDigits"":4}",369.82,True,,99700.0,True,False,False
10.1016/j.fluid.2013.07.044#d5#p1#r8,10.1016/j.fluid.2013.07.044#d5#p1,10.1016/j.fluid.2013.07.044.json,5,1,8,"InChI=1S/C3H8O/c1-2-3-4/h4H,2-3H2,1H3",BDERNNFJNOPAEC-UHFFFAOYSA-N,propan-1-ol,C3H8O,10.1016/j.fluid.2013.07.044,2013,"Boiling temperature at pressure P, K",Liquid,"[""Liquid"",""Gas""]",Ebulliometric method (Recirculating still),371.3,"{""CombinedUncertainty"":{""nCombExpandUncertValue"":0.17,""nCombUncertAssessNum"":1},""nPropValue"":371.3,""nPropNumber"":1,""nPropDigits"":5}",variable,"{""nVarDigits"":5,""nVarNumber"":1,""nVarValue"":105.14}",371.3,True,,105140.0,True,False,False
10.1016/j.fluid.2013.07.044#d5#p1#r9,10.1016/j.fluid.2013.07.044#d5#p1,10.1016/j.fluid.2013.07.044.json,5,1,9,"InChI=1S/C3H8O/c1-2-3-4/h4H,2-3H2,1H3",BDERNNFJNOPAEC-UHFFFAOYSA-N,propan-1-ol,C3H8O,10.1016/j.fluid.2013.07.044,2013,"Boiling temperature at pressure P, K",Liquid,"[""Liquid"",""Gas""]",Ebulliometric method (Recirculating still),372.42,"{""CombinedUncertainty"":{""nCombExpandUncertValue"":0.17,""nCombUncertAssessNum"":1},""nPropValue"":372.42,""nPropDigits"":5,""nPropNumber"":1}",variable,"{""nVarDigits"":5,""nVarNumber"":1,""nVarValue"":110.1}",372.42,True,,110100.0,True,False,False
10.1016/j.fluid.2013.07.044#d5#p1#r10,10.1016/j.fluid.2013.07.044#d5#p1,10.1016/j.fluid.2013.07.044.json,5,1,10,"InChI=1S/C3H8O/c1-2-3-4/h4H,2-3H2,1H3",BDERNNFJNOPAEC-UHFFFAOYSA-N,propan-1-ol,C3H8O,10.1016/j.fluid.2013.07.044,2013,"Boiling temperature at pressure P, K",Liquid,"[""Liquid"",""Gas""]",Ebulliometric method (Recirculating still),374.88,"{""CombinedUncertainty"":{""nCombExpandUncertValue"":0.17,""nCombUncertAssessNum"":1},""nPropValue"":374.88,""nPropNumber"":1,""nPropDigits"":5}",variable,"{""nVarValue"":120.75,""nVarDigits"":5,""nVarNumber"":1}",374.88,True,,120750.0,True,False,False
10.1016/j.fluid.2013.07.044#d5#p1#r11,10.1016/j.fluid.2013.07.044#d5#p1,10.1016/j.fluid.2013.07.044.json,5,1,11,"InChI=1S/C3H8O/c1-2-3-4/h4H,2-3H2,1H3",BDERNNFJNOPAEC-UHFFFAOYSA-N,propan-1-ol,C3H8O,10.1016/j.fluid.2013.07.044,2013,"Boiling temperature at pressure P, K",Liquid,"[""Liquid"",""Gas""]",Ebulliometric method (Recirculating still),373.15,"{""nPropValue"":373.15,""CombinedUncertainty"":{""nCombUncertAssessNum"":1,""nCombExpandUncertValue"":0.17},""nPropNumber"":1,""nPropDigits"":5}",variable,"{""nVarValue"":113.19,""nVarDigits"":5,""nVarNumber"":1}",373.15,True,,113190.0,True,False,False
10.1016/j.fluid.2013.07.044#d5#p1#r12,10.1016/j.fluid.2013.07.044#d5#p1,10.1016/j.fluid.2013.07.044.json,5,1,12,"InChI=1S/C3H8O/c1-2-3-4/h4H,2-3H2,1H3",BDERNNFJNOPAEC-UHFFFAOYSA-N,propan-1-ol,C3H8O,10.1016/j.fluid.2013.07.044,2013,"Boiling temperature at pressure P, K",Liquid,"[""Liquid"",""Gas""]",Ebulliometric method (Recirculating still),376.91,"{""nPropNumber"":1,""nPropDigits"":5,""CombinedUncertainty"":{""nCombExpandUncertValue"":0.17,""nCombUncertAssessNum"":1},""nPropValue"":376.91}",variable,"{""nVarDigits"":5,""nVarNumber"":1,""nVarValue"":130.1}",376.91,True,,130100.0,True,False,False
10.1016/j.fluid.2013.07.044#d5#p1#r13,10.1016/j.fluid.2013.07.044#d5#p1,10.1016/j.fluid.2013.07.044.json,5,1,13,"InChI=1S/C3H8O/c1-2-3-4/h4H,2-3H2,1H3",BDERNNFJNOPAEC-UHFFFAOYSA-N,propan-1-ol,C3H8O,10.1016/j.fluid.2013.07.044,2013,"Boiling temperature at pressure P, K",Liquid,"[""Liquid"",""Gas""]",Ebulliometric method (Recirculating still),384.57,"{""nPropNumber"":1,""nPropDigits"":5,""CombinedUncertainty"":{""nCombUncertAssessNum"":1,""nCombExpandUncertValue"":0.26},""nPropValue"":384.57}",variable,"{""nVarNumber"":1,""nVarDigits"":4,""nVarValue"":171}",384.57,True,,171000,True,False,False
10.1016/j.fluid.2013.07.044#d5#p1#r14,10.1016/j.fluid.2013.07.044#d5#p1,10.1016/j.fluid.2013.07.044.json,5,1,14,"InChI=1S/C3H8O/c1-2-3-4/h4H,2-3H2,1H3",BDERNNFJNOPAEC-UHFFFAOYSA-N,propan-1-ol,C3H8O,10.1016/j.fluid.2013.07.044,2013,"Boiling temperature at pressure P, K",Liquid,"[""Liquid"",""Gas""]",Ebulliometric method (Recirculating still),389.14,"{""nPropNumber"":1,""nPropDigits"":5,""CombinedUncertainty"":{""nCombExpandUncertValue"":0.23,""nCombUncertAssessNum"":1},""nPropValue"":389.14}",variable,"{""nVarValue"":199.9,""nVarDigits"":4,""nVarNumber"":1}",389.14,True,,199900.0,True,False,False
10.1016/j.fluid.2013.07.044#d5#p1#r15,10.1016/j.fluid.2013.07.044#d5#p1,10.1016/j.fluid.2013.07.044.json,5,1,15,"InChI=1S/C3H8O/c1-2-3-4/h4H,2-3H2,1H3",BDERNNFJNOPAEC-UHFFFAOYSA-N,propan-1-ol,C3H8O,10.1016/j.fluid.2013.07.044,2013,"Boiling temperature at pressure P, K",Liquid,"[""Liquid"",""Gas""]",Ebulliometric method (Recirculating still),393.15,"{""CombinedUncertainty"":{""nCombExpandUncertValue"":0.23,""nCombUncertAssessNum"":1},""nPropValue"":393.15,""nPropDigits"":5,""nPropNumber"":1}",variable,"{""nVarNumber"":1,""nVarDigits"":4,""nVarValue"":228.5}",393.15,True,,228500.0,True,False,False
10.1016/j.fluid.2013.07.044#d5#p1#r16,10.1016/j.fluid.2013.07.044#d5#p1,10.1016/j.fluid.2013.07.044.json,5,1,16,"InChI=1S/C3H8O/c1-2-3-4/h4H,2-3H2,1H3",BDERNNFJNOPAEC-UHFFFAOYSA-N,propan-1-ol,C3H8O,10.1016/j.fluid.2013.07.044,2013,"Boiling temperature at pressure P, K",Liquid,"[""Liquid"",""Gas""]",Ebulliometric method (Recirculating still),393.35,"{""nPropValue"":393.35,""CombinedUncertainty"":{""nCombExpandUncertValue"":0.23,""nCombUncertAssessNum"":1},""nPropNumber"":1,""nPropDigits"":5}",variable,"{""nVarNumber"":1,""nVarDigits"":4,""nVarValue"":229.9}",393.35,True,,229900.0,True,False,False
10.1016/j.fluid.2013.07.044#d5#p1#r17,10.1016/j.fluid.2013.07.044#d5#p1,10.1016/j.fluid.2013.07.044.json,5,1,17,"InChI=1S/C3H8O/c1-2-3-4/h4H,2-3H2,1H3",BDERNNFJNOPAEC-UHFFFAOYSA-N,propan-1-ol,C3H8O,10.1016/j.fluid.2013.07.044,2013,"Boiling temperature at pressure P, K",Liquid,"[""Liquid"",""Gas""]",Ebulliometric method (Recirculating still),397.13,"{""CombinedUncertainty"":{""nCombExpandUncertValue"":0.21,""nCombUncertAssessNum"":1},""nPropValue"":397.13,""nPropDigits"":5,""nPropNumber"":1}",variable,"{""nVarValue"":260,""nVarNumber"":1,""nVarDigits"":4}",397.13,True,,260000,True,False,False
10.1016/j.fluid.2013.07.044#d5#p1#r18,10.1016/j.fluid.2013.07.044#d5#p1,10.1016/j.fluid.2013.07.044.json,5,1,18,"InChI=1S/C3H8O/c1-2-3-4/h4H,2-3H2,1H3",BDERNNFJNOPAEC-UHFFFAOYSA-N,propan-1-ol,C3H8O,10.1016/j.fluid.2013.07.044,2013,"Boiling temperature at pressure P, K",Liquid,"[""Liquid"",""Gas""]",Ebulliometric method (Recirculating still),400.57,"{""CombinedUncertainty"":{""nCombExpandUncertValue"":0.2,""nCombUncertAssessNum"":1},""nPropValue"":400.57,""nPropNumber"":1,""nPropDigits"":5}",variable,"{""nVarNumber"":1,""nVarDigits"":4,""nVarValue"":290}",400.57,True,,290000,True,False,False
10.1016/j.fluid.2013.07.044#d5#p1#r19,10.1016/j.fluid.2013.07.044#d5#p1,10.1016/j.fluid.2013.07.044.json,5,1,19,"InChI=1S/C3H8O/c1-2-3-4/h4H,2-3H2,1H3",BDERNNFJNOPAEC-UHFFFAOYSA-N,propan-1-ol,C3H8O,10.1016/j.fluid.2013.07.044,2013,"Boiling temperature at pressure P, K",Liquid,"[""Liquid"",""Gas""]",Ebulliometric method (Recirculating still),402.71,"{""nPropNumber"":1,""nPropDigits"":5,""CombinedUncertainty"":{""nCombExpandUncertValue"":0.2,""nCombUncertAssessNum"":1},""nPropValue"":402.71}",variable,"{""nVarValue"":310,""nVarNumber"":1,""nVarDigits"":4}",402.71,True,,310000,True,False,False
10.1016/j.fluid.2013.07.044#d5#p1#r20,10.1016/j.fluid.2013.07.044#d5#p1,10.1016/j.fluid.2013.07.044.json,5,1,20,"InChI=1S/C3H8O/c1-2-3-4/h4H,2-3H2,1H3",BDERNNFJNOPAEC-UHFFFAOYSA-N,propan-1-ol,C3H8O,10.1016/j.fluid.2013.07.044,2013,"Boiling temperature at pressure P, K",Liquid,"[""Liquid"",""Gas""]",Ebulliometric method (Recirculating still),404.74,"{""nPropDigits"":5,""nPropNumber"":1,""CombinedUncertainty"":{""nCombExpandUncertValue"":0.2,""nCombUncertAssessNum"":1},""nPropValue"":404.74}",variable,"{""nVarDigits"":4,""nVarNumber"":1,""nVarValue"":330}",404.74,True,,330000,True,False,False
10.1016/j.fluid.2013.07.044#d5#p1#r21,10.1016/j.fluid.2013.07.044#d5#p1,10.1016/j.fluid.2013.07.044.json,5,1,21,"InChI=1S/C3H8O/c1-2-3-4/h4H,2-3H2,1H3",BDERNNFJNOPAEC-UHFFFAOYSA-N,propan-1-ol,C3H8O,10.1016/j.fluid.2013.07.044,2013,"Boiling temperature at pressure P, K",Liquid,"[""Liquid"",""Gas""]",Ebulliometric method (Recirculating still),406.69,"{""CombinedUncertainty"":{""nCombUncertAssessNum"":1,""nCombExpandUncertValue"":0.19},""nPropValue"":406.69,""nPropDigits"":5,""nPropNumber"":1}",variable,"{""nVarNumber"":1,""nVarDigits"":4,""nVarValue"":350}",406.69,True,,350000,True,False,False
10.1016/j.fluid.2013.07.044#d5#p1#r22,10.1016/j.fluid.2013.07.044#d5#p1,10.1016/j.fluid.2013.07.044.json,5,1,22,"InChI=1S/C3H8O/c1-2-3-4/h4H,2-3H2,1H3",BDERNNFJNOPAEC-UHFFFAOYSA-N,propan-1-ol,C3H8O,10.1016/j.fluid.2013.07.044,2013,"Boiling temperature at pressure P, K",Liquid,"[""Liquid"",""Gas""]",Ebulliometric method (Recirculating still),409.43,"{""CombinedUncertainty"":{""nCombExpandUncertValue"":0.19,""nCombUncertAssessNum"":1},""nPropValue"":409.43,""nPropDigits"":5,""nPropNumber"":1}",variable,"{""nVarValue"":380,""nVarNumber"":1,""nVarDigits"":4}",409.43,True,,380000,True,False,False
10.1016/j.fluid.2013.07.044#d5#p1#r23,10.1016/j.fluid.2013.07.044#d5#p1,10.1016/j.fluid.2013.07.044.json,5,1,23,"InChI=1S/C3H8O/c1-2-3-4/h4H,2-3H2,1H3",BDERNNFJNOPAEC-UHFFFAOYSA-N,propan-1-ol,C3H8O,10.1016/j.fluid.2013.07.044,2013,"Boiling temperature at pressure P, K",Liquid,"[""Liquid"",""Gas""]",Ebulliometric method (Recirculating still),411.18,"{""nPropNumber"":1,""nPropDigits"":5,""nPropValue"":411.18,""CombinedUncertainty"":{""nCombExpandUncertValue"":0.19,""nCombUncertAssessNum"":1}}",variable,"{""nVarNumber"":1,""nVarDigits"":4,""nVarValue"":400}",411.18,True,,400000,True,False,False
10.1016/j.fluid.2013.07.044#d5#p1#r24,10.1016/j.fluid.2013.07.044#d5#p1,10.1016/j.fluid.2013.07.044.json,5,1,24,"InChI=1S/C3H8O/c1-2-3-4/h4H,2-3H2,1H3",BDERNNFJNOPAEC-UHFFFAOYSA-N,propan-1-ol,C3H8O,10.1016/j.fluid.2013.07.044,2013,"Boiling temperature at pressure P, K",Liquid,"[""Liquid"",""Gas""]",Ebulliometric method (Recirculating still),412.84,"{""CombinedUncertainty"":{""nCombExpandUncertValue"":0.18,""nCombUncertAssessNum"":1},""nPropValue"":412.84,""nPropDigits"":5,""nPropNumber"":1}",variable,"{""nVarValue"":420,""nVarDigits"":4,""nVarNumber"":1}",412.84,True,,420000,True,False,False
10.1016/j.fluid.2013.07.044#d5#p1#r25,10.1016/j.fluid.2013.07.044#d5#p1,10.1016/j.fluid.2013.07.044.json,5,1,25,"InChI=1S/C3H8O/c1-2-3-4/h4H,2-3H2,1H3",BDERNNFJNOPAEC-UHFFFAOYSA-N,propan-1-ol,C3H8O,10.1016/j.fluid.2013.07.044,2013,"Boiling temperature at pressure P, K",Liquid,"[""Liquid"",""Gas""]",Ebulliometric method (Recirculating still),415.23,"{""CombinedUncertainty"":{""nCombUncertAssessNum"":1,""nCombExpandUncertValue"":0.18},""nPropValue"":415.23,""nPropDigits"":5,""nPropNumber"":1}",variable,"{""nVarDigits"":4,""nVarNumber"":1,""nVarValue"":450}",415.23,True,,450000,True,False,False
10.1016/j.fluid.2013.07.044#d5#p1#r26,10.1016/j.fluid.2013.07.044#d5#p1,10.1016/j.fluid.2013.07.044.json,5,1,26,"InChI=1S/C3H8O/c1-2-3-4/h4H,2-3H2,1H3",BDERNNFJNOPAEC-UHFFFAOYSA-N,propan-1-ol,C3H8O,10.1016/j.fluid.2013.07.044,2013,"Boiling temperature at pressure P, K",Liquid,"[""Liquid"",""Gas""]",Ebulliometric method (Recirculating still),417.52,"{""nPropNumber"":1,""nPropDigits"":5,""CombinedUncertainty"":{""nCombUncertAssessNum"":1,""nCombExpandUncertValue"":0.18},""nPropValue"":417.52}",variable,"{""nVarNumber"":1,""nVarDigits"":4,""nVarValue"":480}",417.52,True,,480000,True,False,False
10.1016/j.fluid.2013.07.044#d5#p1#r27,10.1016/j.fluid.2013.07.044#d5#p1,10.1016/j.fluid.2013.07.044.json,5,1,27,"InChI=1S/C3H8O/c1-2-3-4/h4H,2-3H2,1H3",BDERNNFJNOPAEC-UHFFFAOYSA-N,propan-1-ol,C3H8O,10.1016/j.fluid.2013.07.044,2013,"Boiling temperature at pressure P, K",Liquid,"[""Liquid"",""Gas""]",Ebulliometric method (Recirculating still),418.96,"{""nPropNumber"":1,""nPropDigits"":5,""CombinedUncertainty"":{""nCombUncertAssessNum"":1,""nCombExpandUncertValue"":0.18},""nPropValue"":418.96}",variable,"{""nVarNumber"":1,""nVarDigits"":4,""nVarValue"":500}",418.96,True,,500000,True,False,False
10.1016/j.fluid.2013.07.044#d5#p1#r28,10.1016/j.fluid.2013.07.044#d5#p1,10.1016/j.fluid.2013.07.044.json,5,1,28,"InChI=1S/C3H8O/c1-2-3-4/h4H,2-3H2,1H3",BDERNNFJNOPAEC-UHFFFAOYSA-N,propan-1-ol,C3H8O,10.1016/j.fluid.2013.07.044,2013,"Boiling temperature at pressure P, K",Liquid,"[""Liquid"",""Gas""]",Ebulliometric method (Recirculating still),420.37,"{""nPropNumber"":1,""nPropDigits"":5,""nPropValue"":420.37,""CombinedUncertainty"":{""nCombExpandUncertValue"":0.18,""nCombUncertAssessNum"":1}}",variable,"{""nVarDigits"":4,""nVarNumber"":1,""nVarValue"":520}",420.37,True,,520000,True,False,False
10.1016/j.fluid.2013.07.044#d5#p1#r29,10.1016/j.fluid.2013.07.044#d5#p1,10.1016/j.fluid.2013.07.044.json,5,1,29,"InChI=1S/C3H8O/c1-2-3-4/h4H,2-3H2,1H3",BDERNNFJNOPAEC-UHFFFAOYSA-N,propan-1-ol,C3H8O,10.1016/j.fluid.2013.07.044,2013,"Boiling temperature at pressure P, K",Liquid,"[""Liquid"",""Gas""]",Ebulliometric method (Recirculating still),421.06,"{""nPropDigits"":5,""nPropNumber"":1,""CombinedUncertainty"":{""nCombExpandUncertValue"":0.18,""nCombUncertAssessNum"":1},""nPropValue"":421.06}",variable,"{""nVarValue"":530,""nVarDigits"":4,""nVarNumber"":1}",421.06,True,,530000,True,False,False
10.1016/j.fluid.2013.07.044#d5#p1#r30,10.1016/j.fluid.2013.07.044#d5#p1,10.1016/j.fluid.2013.07.044.json,5,1,30,"InChI=1S/C3H8O/c1-2-3-4/h4H,2-3H2,1H3",BDERNNFJNOPAEC-UHFFFAOYSA-N,propan-1-ol,C3H8O,10.1016/j.fluid.2013.07.044,2013,"Boiling temperature at pressure P, K",Liquid,"[""Liquid"",""Gas""]",Ebulliometric method (Recirculating still),422.41,"{""nPropDigits"":5,""nPropNumber"":1,""nPropValue"":422.41,""CombinedUncertainty"":{""nCombUncertAssessNum"":1,""nCombExpandUncertValue"":0.18}}",variable,"{""nVarValue"":550,""nVarDigits"":4,""nVarNumber"":1}",422.41,True,,550000,True,False,False
10.1016/j.fluid.2013.07.044#d5#p1#r31,10.1016/j.fluid.2013.07.044#d5#p1,10.1016/j.fluid.2013.07.044.json,5,1,31,"InChI=1S/C3H8O/c1-2-3-4/h4H,2-3H2,1H3",BDERNNFJNOPAEC-UHFFFAOYSA-N,propan-1-ol,C3H8O,10.1016/j.fluid.2013.07.044,2013,"Boiling temperature at pressure P, K",Liquid,"[""Liquid"",""Gas""]",Ebulliometric method (Recirculating still),423.16,"{""nPropNumber"":1,""nPropDigits"":5,""nPropValue"":423.16,""CombinedUncertainty"":{""nCombUncertAssessNum"":1,""nCombExpandUncertValue"":0.18}}",variable,"{""nVarDigits"":4,""nVarNumber"":1,""nVarValue"":561.5}",423.16,True,,561500.0,True,False,False
10.1016/j.fluid.2013.09.030#d9#p1#r1,10.1016/j.fluid.2013.09.030#d9#p1,10.1016/j.fluid.2013.09.030.json,9,1,1,"InChI=1S/C8H8O3/c1-10-8(9)11-7-5-3-2-4-6-7/h2-6H,1H3",XTBFPVLHGVYOQH-UHFFFAOYSA-N,methyl phenyl carbonate,C8H8O3,10.1016/j.fluid.2013.09.030,2013,"Boiling temperature at pressure P, K",Liquid,"[""Liquid"",""Gas""]",Ebulliometric method (Recirculating still),378.81,"{""nPropNumber"":1,""nPropDigits"":5,""CombinedUncertainty"":{""nCombUncertAssessNum"":1,""nCombExpandUncertValue"":1.75},""nPropValue"":378.81}",variable,"{""nVarNumber"":1,""nVarDigits"":2,""nVarValue"":3}",378.81,True,,3000,True,True,False
10.1016/j.fluid.2013.09.030#d9#p1#r2,10.1016/j.fluid.2013.09.030#d9#p1,10.1016/j.fluid.2013.09.030.json,9,1,2,"InChI=1S/C8H8O3/c1-10-8(9)11-7-5-3-2-4-6-7/h2-6H,1H3",XTBFPVLHGVYOQH-UHFFFAOYSA-N,methyl phenyl carbonate,C8H8O3,10.1016/j.fluid.2013.09.030,2013,"Boiling temperature at pressure P, K",Liquid,"[""Liquid"",""Gas""]",Ebulliometric method (Recirculating still),391.17,"{""nPropDigits"":5,""nPropNumber"":1,""CombinedUncertainty"":{""nCombExpandUncertValue"":1.22,""nCombUncertAssessNum"":1},""nPropValue"":391.17}",variable,"{""nVarNumber"":1,""nVarDigits"":2,""nVarValue"":5}",391.17,True,,5000,True,True,False
10.1016/j.fluid.2013.09.030#d9#p1#r3,10.1016/j.fluid.2013.09.030#d9#p1,10.1016/j.fluid.2013.09.030.json,9,1,3,"InChI=1S/C8H8O3/c1-10-8(9)11-7-5-3-2-4-6-7/h2-6H,1H3",XTBFPVLHGVYOQH-UHFFFAOYSA-N,methyl phenyl carbonate,C8H8O3,10.1016/j.fluid.2013.09.030,2013,"Boiling temperature at pressure P, K",Liquid,"[""Liquid"",""Gas""]",Ebulliometric method (Recirculating still),409.87,"{""CombinedUncertainty"":{""nCombUncertAssessNum"":1,""nCombExpandUncertValue"":0.86},""nPropValue"":409.87,""nPropNumber"":1,""nPropDigits"":5}",variable,"{""nVarValue"":10,""nVarDigits"":3,""nVarNumber"":1}",409.87,True,,10000,True,True,False
10.1016/j.fluid.2013.09.030#d9#p1#r4,10.1016/j.fluid.2013.09.030#d9#p1,10.1016/j.fluid.2013.09.030.json,9,1,4,"InChI=1S/C8H8O3/c1-10-8(9)11-7-5-3-2-4-6-7/h2-6H,1H3",XTBFPVLHGVYOQH-UHFFFAOYSA-N,methyl phenyl carbonate,C8H8O3,10.1016/j.fluid.2013.09.030,2013,"Boiling temperature at pressure P, K",Liquid,"[""Liquid"",""Gas""]",Ebulliometric method (Recirculating still),421.56,"{""nPropNumber"":1,""nPropDigits"":5,""nPropValue"":421.56,""CombinedUncertainty"":{""nCombUncertAssessNum"":1,""nCombExpandUncertValue"":0.58}}",variable,"{""nVarDigits"":3,""nVarNumber"":1,""nVarValue"":15}",421.56,True,,15000,True,True,False
10.1016/j.fluid.2013.09.030#d9#p1#r5,10.1016/j.fluid.2013.09.030#d9#p1,10.1016/j.fluid.2013.09.030.json,9,1,5,"InChI=1S/C8H8O3/c1-10-8(9)11-7-5-3-2-4-6-7/h2-6H,1H3",XTBFPVLHGVYOQH-UHFFFAOYSA-N,methyl phenyl carbonate,C8H8O3,10.1016/j.fluid.2013.09.030,2013,"Boiling temperature at pressure P, K",Liquid,"[""Liquid"",""Gas""]",Ebulliometric method (Recirculating still),430.23,"{""CombinedUncertainty"":{""nCombUncertAssessNum"":1,""nCombExpandUncertValue"":0.45},""nPropValue"":430.23,""nPropNumber"":1,""nPropDigits"":5}",variable,"{""nVarNumber"":1,""nVarDigits"":3,""nVarValue"":20}",430.23,True,,20000,True,True,False
10.1016/j.fluid.2013.09.030#d9#p1#r6,10.1016/j.fluid.2013.09.030#d9#p1,10.1016/j.fluid.2013.09.030.json,9,1,6,"InChI=1S/C8H8O3/c1-10-8(9)11-7-5-3-2-4-6-7/h2-6H,1H3",XTBFPVLHGVYOQH-UHFFFAOYSA-N,methyl phenyl carbonate,C8H8O3,10.1016/j.fluid.2013.09.030,2013,"Boiling temperature at pressure P, K",Liquid,"[""Liquid"",""Gas""]",Ebulliometric method (Recirculating still),437.25,"{""nPropDigits"":5,""nPropNumber"":1,""nPropValue"":437.25,""CombinedUncertainty"":{""nCombExpandUncertValue"":0.37,""nCombUncertAssessNum"":1}}",variable,"{""nVarValue"":25,""nVarDigits"":3,""nVarNumber"":1}",437.25,True,,25000,True,False,False
10.1016/j.fluid.2013.09.030#d9#p1#r7,10.1016/j.fluid.2013.09.030#d9#p1,10.1016/j.fluid.2013.09.030.json,9,1,7,"InChI=1S/C8H8O3/c1-10-8(9)11-7-5-3-2-4-6-7/h2-6H,1H3",XTBFPVLHGVYOQH-UHFFFAOYSA-N,methyl phenyl carbonate,C8H8O3,10.1016/j.fluid.2013.09.030,2013,"Boiling temperature at pressure P, K",Liquid,"[""Liquid"",""Gas""]",Ebulliometric method (Recirculating still),443.16,"{""nPropNumber"":1,""nPropDigits"":5,""CombinedUncertainty"":{""nCombUncertAssessNum"":1,""nCombExpandUncertValue"":0.31},""nPropValue"":443.16}",variable,"{""nVarDigits"":3,""nVarNumber"":1,""nVarValue"":30}",443.16,True,,30000,True,False,False
10.1016/j.fluid.2013.09.030#d9#p1#r8,10.1016/j.fluid.2013.09.030#d9#p1,10.1016/j.fluid.2013.09.030.json,9,1,8,"InChI=1S/C8H8O3/c1-10-8(9)11-7-5-3-2-4-6-7/h2-6H,1H3",XTBFPVLHGVYOQH-UHFFFAOYSA-N,methyl phenyl carbonate,C8H8O3,10.1016/j.fluid.2013.09.030,2013,"Boiling temperature at pressure P, K",Liquid,"[""Liquid"",""Gas""]",Ebulliometric method (Recirculating still),448.12,"{""CombinedUncertainty"":{""nCombExpandUncertValue"":0.27,""nCombUncertAssessNum"":1},""nPropValue"":448.12,""nPropDigits"":5,""nPropNumber"":1}",variable,"{""nVarDigits"":3,""nVarNumber"":1,""nVarValue"":35}",448.12,True,,35000,True,False,False
10.1016/j.fluid.2013.09.030#d9#p1#r9,10.1016/j.fluid.2013.09.030#d9#p1,10.1016/j.fluid.2013.09.030.json,9,1,9,"InChI=1S/C8H8O3/c1-10-8(9)11-7-5-3-2-4-6-7/h2-6H,1H3",XTBFPVLHGVYOQH-UHFFFAOYSA-N,methyl phenyl carbonate,C8H8O3,10.1016/j.fluid.2013.09.030,2013,"Boiling temperature at pressure P, K",Liquid,"[""Liquid"",""Gas""]",Ebulliometric method (Recirculating still),452.73,"{""nPropNumber"":1,""nPropDigits"":5,""CombinedUncertainty"":{""nCombUncertAssessNum"":1,""nCombExpandUncertValue"":0.25},""nPropValue"":452.73}",variable,"{""nVarValue"":40,""nVarDigits"":3,""nVarNumber"":1}",452.73,True,,40000,True,False,False
10.1016/j.fluid.2013.09.030#d9#p1#r10,10.1016/j.fluid.2013.09.030#d9#p1,10.1016/j.fluid.2013.09.030.json,9,1,10,"InChI=1S/C8H8O3/c1-10-8(9)11-7-5-3-2-4-6-7/h2-6H,1H3",XTBFPVLHGVYOQH-UHFFFAOYSA-N,methyl phenyl carbonate,C8H8O3,10.1016/j.fluid.2013.09.030,2013,"Boiling temperature at pressure P, K",Liquid,"[""Liquid"",""Gas""]",Ebulliometric method (Recirculating still),456.91,"{""nPropValue"":456.91,""CombinedUncertainty"":{""nCombExpandUncertValue"":0.23,""nCombUncertAssessNum"":1},""nPropNumber"":1,""nPropDigits"":5}",variable,"{""nVarValue"":45,""nVarNumber"":1,""nVarDigits"":3}",456.91,True,,45000,True,False,False
10.1016/j.fluid.2013.09.030#d9#p1#r11,10.1016/j.fluid.2013.09.030#d9#p1,10.1016/j.fluid.2013.09.030.json,9,1,11,"InChI=1S/C8H8O3/c1-10-8(9)11-7-5-3-2-4-6-7/h2-6H,1H3",XTBFPVLHGVYOQH-UHFFFAOYSA-N,methyl phenyl carbonate,C8H8O3,10.1016/j.fluid.2013.09.030,2013,"Boiling temperature at pressure P, K",Liquid,"[""Liquid"",""Gas""]",Ebulliometric method (Recirculating still),460.67,"{""nPropValue"":460.67,""CombinedUncertainty"":{""nCombUncertAssessNum"":1,""nCombExpandUncertValue"":0.21},""nPropDigits"":5,""nPropNumber"":1}",variable,"{""nVarValue"":50,""nVarNumber"":1,""nVarDigits"":3}",460.67,True,,50000,True,False,False
10.1016/j.fluid.2013.09.030#d9#p1#r12,10.1016/j.fluid.2013.09.030#d9#p1,10.1016/j.fluid.2013.09.030.json,9,1,12,"InChI=1S/C8H8O3/c1-10-8(9)11-7-5-3-2-4-6-7/h2-6H,1H3",XTBFPVLHGVYOQH-UHFFFAOYSA-N,methyl phenyl carbonate,C8H8O3,10.1016/j.fluid.2013.09.030,2013,"Boiling temperature at pressure P, K",Liquid,"[""Liquid"",""Gas""]",Ebulliometric method (Recirculating still),464.09,"{""nPropValue"":464.09,""CombinedUncertainty"":{""nCombExpandUncertValue"":0.19,""nCombUncertAssessNum"":1},""nPropNumber"":1,""nPropDigits"":5}",variable,"{""nVarValue"":55,""nVarNumber"":1,""nVarDigits"":3}",464.09,True,,55000,True,False,False
10.1016/j.fluid.2013.09.030#d9#p1#r13,10.1016/j.fluid.2013.09.030#d9#p1,10.1016/j.fluid.2013.09.030.json,9,1,13,"InChI=1S/C8H8O3/c1-10-8(9)11-7-5-3-2-4-6-7/h2-6H,1H3",XTBFPVLHGVYOQH-UHFFFAOYSA-N,methyl phenyl carbonate,C8H8O3,10.1016/j.fluid.2013.09.030,2013,"Boiling temperature at pressure P, K",Liquid,"[""Liquid"",""Gas""]",Ebulliometric method (Recirculating still),467.21,"{""nPropNumber"":1,""nPropDigits"":5,""nPropValue"":467.21,""CombinedUncertainty"":{""nCombUncertAssessNum"":1,""nCombExpandUncertValue"":0.18}}",variable,"{""nVarDigits"":3,""nVarNumber"":1,""nVarValue"":60}",467.21,True,,60000,True,False,False
10.1016/j.fluid.2013.09.030#d9#p1#r14,10.1016/j.fluid.2013.09.030#d9#p1,10.1016/j.fluid.2013.09.030.json,9,1,14,"InChI=1S/C8H8O3/c1-10-8(9)11-7-5-3-2-4-6-7/h2-6H,1H3",XTBFPVLHGVYOQH-UHFFFAOYSA-N,methyl phenyl carbonate,C8H8O3,10.1016/j.fluid.2013.09.030,2013,"Boiling temperature at pressure P, K",Liquid,"[""Liquid"",""Gas""]",Ebulliometric method (Recirculating still),470.26,"{""nPropNumber"":1,""nPropDigits"":5,""CombinedUncertainty"":{""nCombExpandUncertValue"":0.17,""nCombUncertAssessNum"":1},""nPropValue"":470.26}",variable,"{""nVarNumber"":1,""nVarDigits"":3,""nVarValue"":65}",470.26,True,,65000,True,False,False
10.1016/j.fluid.2013.09.030#d9#p1#r15,10.1016/j.fluid.2013.09.030#d9#p1,10.1016/j.fluid.2013.09.030.json,9,1,15,"InChI=1S/C8H8O3/c1-10-8(9)11-7-5-3-2-4-6-7/h2-6H,1H3",XTBFPVLHGVYOQH-UHFFFAOYSA-N,methyl phenyl carbonate,C8H8O3,10.1016/j.fluid.2013.09.030,2013,"Boiling temperature at pressure P, K",Liquid,"[""Liquid"",""Gas""]",Ebulliometric method (Recirculating still),473.02,"{""CombinedUncertainty"":{""nCombUncertAssessNum"":1,""nCombExpandUncertValue"":0.15},""nPropValue"":473.02,""nPropDigits"":5,""nPropNumber"":1}",variable,"{""nVarNumber"":1,""nVarDigits"":3,""nVarValue"":70}",473.02,True,,70000,True,False,False
10.1016/j.fluid.2013.09.030#d9#p1#r16,10.1016/j.fluid.2013.09.030#d9#p1,10.1016/j.fluid.2013.09.030.json,9,1,16,"InChI=1S/C8H8O3/c1-10-8(9)11-7-5-3-2-4-6-7/h2-6H,1H3",XTBFPVLHGVYOQH-UHFFFAOYSA-N,methyl phenyl carbonate,C8H8O3,10.1016/j.fluid.2013.09.030,2013,"Boiling temperature at pressure P, K",Liquid,"[""Liquid"",""Gas""]",Ebulliometric method (Recirculating still),475.46,"{""nPropDigits"":5,""nPropNumber"":1,""nPropValue"":475.46,""CombinedUncertainty"":{""nCombUncertAssessNum"":1,""nCombExpandUncertValue"":0.15}}",variable,"{""nVarValue"":75,""nVarDigits"":3,""nVarNumber"":1}",475.46,True,,75000,True,False,False
10.1016/j.fluid.2013.09.030#d9#p1#r17,10.1016/j.fluid.2013.09.030#d9#p1,10.1016/j.fluid.2013.09.030.json,9,1,17,"InChI=1S/C8H8O3/c1-10-8(9)11-7-5-3-2-4-6-7/h2-6H,1H3",XTBFPVLHGVYOQH-UHFFFAOYSA-N,methyl phenyl carbonate,C8H8O3,10.1016/j.fluid.2013.09.030,2013,"Boiling temperature at pressure P, K",Liquid,"[""Liquid"",""Gas""]",Ebulliometric method (Recirculating still),477.91,"{""CombinedUncertainty"":{""nCombUncertAssessNum"":1,""nCombExpandUncertValue"":0.15},""nPropValue"":477.91,""nPropNumber"":1,""nPropDigits"":5}",variable,"{""nVarNumber"":1,""nVarDigits"":3,""nVarValue"":80}",477.91,True,,80000,True,False,False
10.1016/j.fluid.2013.09.030#d9#p1#r18,10.1016/j.fluid.2013.09.030#d9#p1,10.1016/j.fluid.2013.09.030.json,9,1,18,"InChI=1S/C8H8O3/c1-10-8(9)11-7-5-3-2-4-6-7/h2-6H,1H3",XTBFPVLHGVYOQH-UHFFFAOYSA-N,methyl phenyl carbonate,C8H8O3,10.1016/j.fluid.2013.09.030,2013,"Boiling temperature at pressure P, K",Liquid,"[""Liquid"",""Gas""]",Ebulliometric method (Recirculating still),480.35,"{""nPropDigits"":5,""nPropNumber"":1,""nPropValue"":480.35,""CombinedUncertainty"":{""nCombExpandUncertValue"":0.14,""nCombUncertAssessNum"":1}}",variable,"{""nVarValue"":85,""nVarNumber"":1,""nVarDigits"":3}",480.35,True,,85000,True,False,False
10.1016/j.fluid.2013.09.030#d9#p1#r19,10.1016/j.fluid.2013.09.030#d9#p1,10.1016/j.fluid.2013.09.030.json,9,1,19,"InChI=1S/C8H8O3/c1-10-8(9)11-7-5-3-2-4-6-7/h2-6H,1H3",XTBFPVLHGVYOQH-UHFFFAOYSA-N,methyl phenyl carbonate,C8H8O3,10.1016/j.fluid.2013.09.030,2013,"Boiling temperature at pressure P, K",Liquid,"[""Liquid"",""Gas""]",Ebulliometric method (Recirculating still),482.69,"{""CombinedUncertainty"":{""nCombExpandUncertValue"":0.14,""nCombUncertAssessNum"":1},""nPropValue"":482.69,""nPropDigits"":5,""nPropNumber"":1}",variable,"{""nVarNumber"":1,""nVarDigits"":3,""nVarValue"":90}",482.69,True,,90000,True,False,False
10.1016/j.fluid.2013.09.030#d9#p1#r20,10.1016/j.fluid.2013.09.030#d9#p1,10.1016/j.fluid.2013.09.030.json,9,1,20,"InChI=1S/C8H8O3/c1-10-8(9)11-7-5-3-2-4-6-7/h2-6H,1H3",XTBFPVLHGVYOQH-UHFFFAOYSA-N,methyl phenyl carbonate,C8H8O3,10.1016/j.fluid.2013.09.030,2013,"Boiling temperature at pressure P, K",Liquid,"[""Liquid"",""Gas""]",Ebulliometric method (Recirculating still),484.85,"{""CombinedUncertainty"":{""nCombExpandUncertValue"":0.12,""nCombUncertAssessNum"":1},""nPropValue"":484.85,""nPropDigits"":5,""nPropNumber"":1}",variable,"{""nVarValue"":95,""nVarDigits"":3,""nVarNumber"":1}",484.85,True,,95000,True,False,False
10.1016/j.fluid.2013.09.030#d9#p1#r21,10.1016/j.fluid.2013.09.030#d9#p1,10.1016/j.fluid.2013.09.030.json,9,1,21,"InChI=1S/C8H8O3/c1-10-8(9)11-7-5-3-2-4-6-7/h2-6H,1H3",XTBFPVLHGVYOQH-UHFFFAOYSA-N,methyl phenyl carbonate,C8H8O3,10.1016/j.fluid.2013.09.030,2013,"Boiling temperature at pressure P, K",Liquid,"[""Liquid"",""Gas""]",Ebulliometric method (Recirculating still),486.71,"{""nPropNumber"":1,""nPropDigits"":5,""CombinedUncertainty"":{""nCombExpandUncertValue"":0.12,""nCombUncertAssessNum"":1},""nPropValue"":486.71}",variable,"{""nVarNumber"":1,""nVarDigits"":4,""nVarValue"":100}",486.71,True,,100000,True,False,False
10.1016/j.fluid.2013.09.030#d9#p1#r22,10.1016/j.fluid.2013.09.030#d9#p1,10.1016/j.fluid.2013.09.030.json,9,1,22,"InChI=1S/C8H8O3/c1-10-8(9)11-7-5-3-2-4-6-7/h2-6H,1H3",XTBFPVLHGVYOQH-UHFFFAOYSA-N,methyl phenyl carbonate,C8H8O3,10.1016/j.fluid.2013.09.030,2013,"Boiling temperature at pressure P, K",Liquid,"[""Liquid"",""Gas""]",Ebulliometric method (Recirculating still),487.48,"{""nPropNumber"":1,""nPropDigits"":5,""nPropValue"":487.48,""CombinedUncertainty"":{""nCombExpandUncertValue"":0.14,""nCombUncertAssessNum"":1}}",variable,"{""nVarDigits"":4,""nVarNumber"":1,""nVarValue"":101.3}",487.48,True,,101300.0,True,False,False
10.1016/j.fluid.2013.09.030#d9#p1#r23,10.1016/j.fluid.2013.09.030#d9#p1,10.1016/j.fluid.2013.09.030.json,9,1,23,"InChI=1S/C8H8O3/c1-10-8(9)11-7-5-3-2-4-6-7/h2-6H,1H3",XTBFPVLHGVYOQH-UHFFFAOYSA-N,methyl phenyl carbonate,C8H8O3,10.1016/j.fluid.2013.09.030,2013,"Boiling temperature at pressure P, K",Liquid,"[""Liquid"",""Gas""]",Ebulliometric method (Recirculating still),487.66,"{""nPropNumber"":1,""nPropDigits"":5,""nPropValue"":487.66,""CombinedUncertainty"":{""nCombUncertAssessNum"":1,""nCombExpandUncertValue"":0.08}}",variable,"{""nVarValue"":102.1,""nVarNumber"":1,""nVarDigits"":4}",487.66,True,,102100.0,True,False,False
10.1016/j.fluid.2013.10.060#d3#p1#r1,10.1016/j.fluid.2013.10.060#d3#p1,10.1016/j.fluid.2013.10.060.json,3,1,1,"InChI=1S/C2H6O/c1-2-3/h3H,2H2,1H3",LFQSCWFLJHTTHZ-UHFFFAOYSA-N,ethanol,C2H6O,10.1016/j.fluid.2013.10.060,2014,"Boiling temperature at pressure P, K",Liquid,"[""Liquid"",""Gas""]",Ebulliometric method (Recirculating still),351.45,"{""nPropValue"":351.45,""CombinedUncertainty"":{""nCombUncertAssessNum"":1,""nCombExpandUncertValue"":0.02},""nPropNumber"":1,""nPropDigits"":5}",variable,"{""nVarDigits"":5,""nVarNumber"":1,""nVarValue"":101.33}",351.45,True,,101330.0,True,False,False
10.1016/j.fluid.2013.10.060#d7#p1#r1,10.1016/j.fluid.2013.10.060#d7#p1,10.1016/j.fluid.2013.10.060.json,7,1,1,"InChI=1S/C6H14/c1-3-5-6-4-2/h3-6H2,1-2H3",VLKZOEOYAKHREP-UHFFFAOYSA-N,hexane,C6H14,10.1016/j.fluid.2013.10.060,2014,"Boiling temperature at pressure P, K",Liquid,"[""Liquid"",""Gas""]",Ebulliometric method (Recirculating still),341.94,"{""nPropNumber"":1,""nPropDigits"":5,""CombinedUncertainty"":{""nCombExpandUncertValue"":0.02,""nCombUncertAssessNum"":1},""nPropValue"":341.94}",variable,"{""nVarDigits"":5,""nVarNumber"":1,""nVarValue"":101.33}",341.94,True,,101330.0,True,False,False
10.1016/j.fluid.2013.10.060#d11#p1#r1,10.1016/j.fluid.2013.10.060#d11#p1,10.1016/j.fluid.2013.10.060.json,11,1,1,InChI=1S/C5H10O/c1-2-4-6-5-3-1/h1-5H2,DHXVGJBLRPWPCS-UHFFFAOYSA-N,tetrahydropyran,C5H10O,10.1016/j.fluid.2013.10.060,2014,"Boiling temperature at pressure P, K",Liquid,"[""Liquid"",""Gas""]",Ebulliometric method (Recirculating still),361.36,"{""nPropNumber"":1,""nPropDigits"":5,""CombinedUncertainty"":{""nCombUncertAssessNum"":1,""nCombExpandUncertValue"":0.02},""nPropValue"":361.36}",variable,"{""nVarDigits"":5,""nVarNumber"":1,""nVarValue"":101.33}",361.36,True,,101330.0,True,False,False
10.1016/j.fluid.2014.01.034#d4#p1#r1,10.1016/j.fluid.2014.01.034#d4#p1,10.1016/j.fluid.2014.01.034.json,4,1,1,InChI=1S/C6H3Cl2NO2/c7-5-2-1-4(9(10)11)3-6(5)8/h1-3H,NTBYINQTYWZXLH-UHFFFAOYSA-N,"3,4-dichloro-1-nitrobenzene",C6H3Cl2NO2,10.1016/j.fluid.2014.01.034,2014,"Boiling temperature at pressure P, K",Liquid,"[""Liquid"",""Gas""]",Ebulliometric method (Recirculating still),416.74,"{""nPropNumber"":1,""nPropDigits"":5,""CombinedUncertainty"":{""nCombExpandUncertValue"":0.39,""nCombUncertAssessNum"":1},""nPropValue"":416.74}",variable,"{""nVarValue"":3.01,""nVarNumber"":1,""nVarDigits"":3}",416.74,True,,3010.0,True,True,False
10.1016/j.fluid.2014.01.034#d4#p1#r2,10.1016/j.fluid.2014.01.034#d4#p1,10.1016/j.fluid.2014.01.034.json,4,1,2,InChI=1S/C6H3Cl2NO2/c7-5-2-1-4(9(10)11)3-6(5)8/h1-3H,NTBYINQTYWZXLH-UHFFFAOYSA-N,"3,4-dichloro-1-nitrobenzene",C6H3Cl2NO2,10.1016/j.fluid.2014.01.034,2014,"Boiling temperature at pressure P, K",Liquid,"[""Liquid"",""Gas""]",Ebulliometric method (Recirculating still),425.02,"{""nPropValue"":425.02,""CombinedUncertainty"":{""nCombExpandUncertValue"":0.37,""nCombUncertAssessNum"":1},""nPropNumber"":1,""nPropDigits"":5}",variable,"{""nVarDigits"":3,""nVarNumber"":1,""nVarValue"":4.22}",425.02,True,,4220.0,True,True,False
10.1016/j.fluid.2014.01.034#d4#p1#r3,10.1016/j.fluid.2014.01.034#d4#p1,10.1016/j.fluid.2014.01.034.json,4,1,3,InChI=1S/C6H3Cl2NO2/c7-5-2-1-4(9(10)11)3-6(5)8/h1-3H,NTBYINQTYWZXLH-UHFFFAOYSA-N,"3,4-dichloro-1-nitrobenzene",C6H3Cl2NO2,10.1016/j.fluid.2014.01.034,2014,"Boiling temperature at pressure P, K",Liquid,"[""Liquid"",""Gas""]",Ebulliometric method (Recirculating still),429.25,"{""nPropDigits"":5,""nPropNumber"":1,""nPropValue"":429.25,""CombinedUncertainty"":{""nCombExpandUncertValue"":0.3,""nCombUncertAssessNum"":1}}",variable,"{""nVarDigits"":3,""nVarNumber"":1,""nVarValue"":4.98}",429.25,True,,4980.0,True,True,False
10.1016/j.fluid.2014.01.034#d4#p1#r4,10.1016/j.fluid.2014.01.034#d4#p1,10.1016/j.fluid.2014.01.034.json,4,1,4,InChI=1S/C6H3Cl2NO2/c7-5-2-1-4(9(10)11)3-6(5)8/h1-3H,NTBYINQTYWZXLH-UHFFFAOYSA-N,"3,4-dichloro-1-nitrobenzene",C6H3Cl2NO2,10.1016/j.fluid.2014.01.034,2014,"Boiling temperature at pressure P, K",Liquid,"[""Liquid"",""Gas""]",Ebulliometric method (Recirculating still),433.24,"{""nPropValue"":433.24,""CombinedUncertainty"":{""nCombExpandUncertValue"":0.26,""nCombUncertAssessNum"":1},""nPropNumber"":1,""nPropDigits"":5}",variable,"{""nVarValue"":5.82,""nVarNumber"":1,""nVarDigits"":3}",433.24,True,,5820.0,True,True,False
10.1016/j.fluid.2014.01.034#d4#p1#r5,10.1016/j.fluid.2014.01.034#d4#p1,10.1016/j.fluid.2014.01.034.json,4,1,5,InChI=1S/C6H3Cl2NO2/c7-5-2-1-4(9(10)11)3-6(5)8/h1-3H,NTBYINQTYWZXLH-UHFFFAOYSA-N,"3,4-dichloro-1-nitrobenzene",C6H3Cl2NO2,10.1016/j.fluid.2014.01.034,2014,"Boiling temperature at pressure P, K",Liquid,"[""Liquid"",""Gas""]",Ebulliometric method (Recirculating still),438.05,"{""nPropDigits"":5,""nPropNumber"":1,""nPropValue"":438.05,""CombinedUncertainty"":{""nCombExpandUncertValue"":0.24,""nCombUncertAssessNum"":1}}",variable,"{""nVarDigits"":3,""nVarNumber"":1,""nVarValue"":6.97}",438.05,True,,6970.0,True,True,False
10.1016/j.fluid.2014.01.034#d4#p1#r6,10.1016/j.fluid.2014.01.034#d4#p1,10.1016/j.fluid.2014.01.034.json,4,1,6,InChI=1S/C6H3Cl2NO2/c7-5-2-1-4(9(10)11)3-6(5)8/h1-3H,NTBYINQTYWZXLH-UHFFFAOYSA-N,"3,4-dichloro-1-nitrobenzene",C6H3Cl2NO2,10.1016/j.fluid.2014.01.034,2014,"Boiling temperature at pressure P, K",Liquid,"[""Liquid"",""Gas""]",Ebulliometric method (Recirculating still),439.69,"{""CombinedUncertainty"":{""nCombExpandUncertValue"":0.2,""nCombUncertAssessNum"":1},""nPropValue"":439.69,""nPropNumber"":1,""nPropDigits"":5}",variable,"{""nVarDigits"":3,""nVarNumber"":1,""nVarValue"":7.4}",439.69,True,,7400.0,True,True,False
10.1016/j.fluid.2014.01.034#d4#p1#r7,10.1016/j.fluid.2014.01.034#d4#p1,10.1016/j.fluid.2014.01.034.json,4,1,7,InChI=1S/C6H3Cl2NO2/c7-5-2-1-4(9(10)11)3-6(5)8/h1-3H,NTBYINQTYWZXLH-UHFFFAOYSA-N,"3,4-dichloro-1-nitrobenzene",C6H3Cl2NO2,10.1016/j.fluid.2014.01.034,2014,"Boiling temperature at pressure P, K",Liquid,"[""Liquid"",""Gas""]",Ebulliometric method (Recirculating still),445.43,"{""nPropDigits"":5,""nPropNumber"":1,""nPropValue"":445.43,""CombinedUncertainty"":{""nCombUncertAssessNum"":1,""nCombExpandUncertValue"":0.19}}",variable,"{""nVarNumber"":1,""nVarDigits"":3,""nVarValue"":9.08}",445.43,True,,9080.0,True,True,False
10.1016/j.fluid.2014.01.034#d4#p1#r8,10.1016/j.fluid.2014.01.034#d4#p1,10.1016/j.fluid.2014.01.034.json,4,1,8,InChI=1S/C6H3Cl2NO2/c7-5-2-1-4(9(10)11)3-6(5)8/h1-3H,NTBYINQTYWZXLH-UHFFFAOYSA-N,"3,4-dichloro-1-nitrobenzene",C6H3Cl2NO2,10.1016/j.fluid.2014.01.034,2014,"Boiling temperature at pressure P, K",Liquid,"[""Liquid"",""Gas""]",Ebulliometric method (Recirculating still),447.44,"{""CombinedUncertainty"":{""nCombUncertAssessNum"":1,""nCombExpandUncertValue"":0.16},""nPropValue"":447.44,""nPropNumber"":1,""nPropDigits"":5}",variable,"{""nVarNumber"":1,""nVarDigits"":3,""nVarValue"":9.77}",447.44,True,,9770.0,True,True,False
10.1016/j.fluid.2014.01.034#d4#p1#r9,10.1016/j.fluid.2014.01.034#d4#p1,10.1016/j.fluid.2014.01.034.json,4,1,9,InChI=1S/C6H3Cl2NO2/c7-5-2-1-4(9(10)11)3-6(5)8/h1-3H,NTBYINQTYWZXLH-UHFFFAOYSA-N,"3,4-dichloro-1-nitrobenzene",C6H3Cl2NO2,10.1016/j.fluid.2014.01.034,2014,"Boiling temperature at pressure P, K",Liquid,"[""Liquid"",""Gas""]",Ebulliometric method (Recirculating still),452.09,"{""nPropValue"":452.09,""CombinedUncertainty"":{""nCombExpandUncertValue"":0.16,""nCombUncertAssessNum"":1},""nPropNumber"":1,""nPropDigits"":5}",variable,"{""nVarDigits"":4,""nVarNumber"":1,""nVarValue"":11.5}",452.09,True,,11500.0,True,True,False
10.1016/j.fluid.2014.01.034#d4#p1#r10,10.1016/j.fluid.2014.01.034#d4#p1,10.1016/j.fluid.2014.01.034.json,4,1,10,InChI=1S/C6H3Cl2NO2/c7-5-2-1-4(9(10)11)3-6(5)8/h1-3H,NTBYINQTYWZXLH-UHFFFAOYSA-N,"3,4-dichloro-1-nitrobenzene",C6H3Cl2NO2,10.1016/j.fluid.2014.01.034,2014,"Boiling temperature at pressure P, K",Liquid,"[""Liquid"",""Gas""]",Ebulliometric method (Recirculating still),453.81,"{""CombinedUncertainty"":{""nCombExpandUncertValue"":0.14,""nCombUncertAssessNum"":1},""nPropValue"":453.81,""nPropDigits"":5,""nPropNumber"":1}",variable,"{""nVarValue"":12.15,""nVarNumber"":1,""nVarDigits"":4}",453.81,True,,12150.0,True,True,False
10.1016/j.fluid.2014.01.034#d4#p1#r11,10.1016/j.fluid.2014.01.034#d4#p1,10.1016/j.fluid.2014.01.034.json,4,1,11,InChI=1S/C6H3Cl2NO2/c7-5-2-1-4(9(10)11)3-6(5)8/h1-3H,NTBYINQTYWZXLH-UHFFFAOYSA-N,"3,4-dichloro-1-nitrobenzene",C6H3Cl2NO2,10.1016/j.fluid.2014.01.034,2014,"Boiling temperature at pressure P, K",Liquid,"[""Liquid"",""Gas""]",Ebulliometric method (Recirculating still),456.61,"{""CombinedUncertainty"":{""nCombExpandUncertValue"":0.13,""nCombUncertAssessNum"":1},""nPropValue"":456.61,""nPropDigits"":5,""nPropNumber"":1}",variable,"{""nVarNumber"":1,""nVarDigits"":4,""nVarValue"":13.41}",456.61,True,,13410.0,True,True,False
10.1016/j.fluid.2014.01.034#d4#p1#r12,10.1016/j.fluid.2014.01.034#d4#p1,10.1016/j.fluid.2014.01.034.json,4,1,12,InChI=1S/C6H3Cl2NO2/c7-5-2-1-4(9(10)11)3-6(5)8/h1-3H,NTBYINQTYWZXLH-UHFFFAOYSA-N,"3,4-dichloro-1-nitrobenzene",C6H3Cl2NO2,10.1016/j.fluid.2014.01.034,2014,"Boiling temperature at pressure P, K",Liquid,"[""Liquid"",""Gas""]",Ebulliometric method (Recirculating still),460.13,"{""nPropValue"":460.13,""CombinedUncertainty"":{""nCombExpandUncertValue"":0.13,""nCombUncertAssessNum"":1},""nPropDigits"":5,""nPropNumber"":1}",variable,"{""nVarValue"":15.01,""nVarNumber"":1,""nVarDigits"":4}",460.13,True,,15010.0,True,True,False
10.1016/j.fluid.2014.01.034#d4#p1#r13,10.1016/j.fluid.2014.01.034#d4#p1,10.1016/j.fluid.2014.01.034.json,4,1,13,InChI=1S/C6H3Cl2NO2/c7-5-2-1-4(9(10)11)3-6(5)8/h1-3H,NTBYINQTYWZXLH-UHFFFAOYSA-N,"3,4-dichloro-1-nitrobenzene",C6H3Cl2NO2,10.1016/j.fluid.2014.01.034,2014,"Boiling temperature at pressure P, K",Liquid,"[""Liquid"",""Gas""]",Ebulliometric method (Recirculating still),462.43,"{""nPropDigits"":5,""nPropNumber"":1,""nPropValue"":462.43,""CombinedUncertainty"":{""nCombUncertAssessNum"":1,""nCombExpandUncertValue"":0.12}}",variable,"{""nVarValue"":16.24,""nVarNumber"":1,""nVarDigits"":4}",462.43,True,,16239.999999999998,True,True,False
10.1016/j.fluid.2014.01.034#d4#p1#r14,10.1016/j.fluid.2014.01.034#d4#p1,10.1016/j.fluid.2014.01.034.json,4,1,14,InChI=1S/C6H3Cl2NO2/c7-5-2-1-4(9(10)11)3-6(5)8/h1-3H,NTBYINQTYWZXLH-UHFFFAOYSA-N,"3,4-dichloro-1-nitrobenzene",C6H3Cl2NO2,10.1016/j.fluid.2014.01.034,2014,"Boiling temperature at pressure P, K",Liquid,"[""Liquid"",""Gas""]",Ebulliometric method (Recirculating still),464.81,"{""nPropValue"":464.81,""CombinedUncertainty"":{""nCombExpandUncertValue"":0.11,""nCombUncertAssessNum"":1},""nPropNumber"":1,""nPropDigits"":5}",variable,"{""nVarValue"":17.48,""nVarDigits"":4,""nVarNumber"":1}",464.81,True,,17480.0,True,True,False
10.1016/j.fluid.2014.01.034#d4#p1#r15,10.1016/j.fluid.2014.01.034#d4#p1,10.1016/j.fluid.2014.01.034.json,4,1,15,InChI=1S/C6H3Cl2NO2/c7-5-2-1-4(9(10)11)3-6(5)8/h1-3H,NTBYINQTYWZXLH-UHFFFAOYSA-N,"3,4-dichloro-1-nitrobenzene",C6H3Cl2NO2,10.1016/j.fluid.2014.01.034,2014,"Boiling temperature at pressure P, K",Liquid,"[""Liquid"",""Gas""]",Ebulliometric method (Recirculating still),468.52,"{""CombinedUncertainty"":{""nCombUncertAssessNum"":1,""nCombExpandUncertValue"":0.1},""nPropValue"":468.52,""nPropNumber"":1,""nPropDigits"":5}",variable,"{""nVarValue"":19.68,""nVarDigits"":4,""nVarNumber"":1}",468.52,True,,19680.0,True,True,False
10.1016/j.fluid.2014.01.034#d4#p1#r16,10.1016/j.fluid.2014.01.034#d4#p1,10.1016/j.fluid.2014.01.034.json,4,1,16,InChI=1S/C6H3Cl2NO2/c7-5-2-1-4(9(10)11)3-6(5)8/h1-3H,NTBYINQTYWZXLH-UHFFFAOYSA-N,"3,4-dichloro-1-nitrobenzene",C6H3Cl2NO2,10.1016/j.fluid.2014.01.034,2014,"Boiling temperature at pressure P, K",Liquid,"[""Liquid"",""Gas""]",Ebulliometric method (Recirculating still),470.68,"{""nPropValue"":470.68,""CombinedUncertainty"":{""nCombUncertAssessNum"":1,""nCombExpandUncertValue"":0.1},""nPropNumber"":1,""nPropDigits"":5}",variable,"{""nVarValue"":21.06,""nVarDigits"":4,""nVarNumber"":1}",470.68,True,,21060.0,True,False,False
10.1016/j.fluid.2014.01.034#d4#p1#r17,10.1016/j.fluid.2014.01.034#d4#p1,10.1016/j.fluid.2014.01.034.json,4,1,17,InChI=1S/C6H3Cl2NO2/c7-5-2-1-4(9(10)11)3-6(5)8/h1-3H,NTBYINQTYWZXLH-UHFFFAOYSA-N,"3,4-dichloro-1-nitrobenzene",C6H3Cl2NO2,10.1016/j.fluid.2014.01.034,2014,"Boiling temperature at pressure P, K",Liquid,"[""Liquid"",""Gas""]",Ebulliometric method (Recirculating still),475.43,"{""CombinedUncertainty"":{""nCombExpandUncertValue"":0.09,""nCombUncertAssessNum"":1},""nPropValue"":475.43,""nPropNumber"":1,""nPropDigits"":5}",variable,"{""nVarValue"":24.35,""nVarDigits"":4,""nVarNumber"":1}",475.43,True,,24350.0,True,False,False
10.1016/j.fluid.2014.01.034#d4#p1#r18,10.1016/j.fluid.2014.01.034#d4#p1,10.1016/j.fluid.2014.01.034.json,4,1,18,InChI=1S/C6H3Cl2NO2/c7-5-2-1-4(9(10)11)3-6(5)8/h1-3H,NTBYINQTYWZXLH-UHFFFAOYSA-N,"3,4-dichloro-1-nitrobenzene",C6H3Cl2NO2,10.1016/j.fluid.2014.01.034,2014,"Boiling temperature at pressure P, K",Liquid,"[""Liquid"",""Gas""]",Ebulliometric method (Recirculating still),476.93,"{""nPropValue"":476.93,""CombinedUncertainty"":{""nCombExpandUncertValue"":0.09,""nCombUncertAssessNum"":1},""nPropDigits"":5,""nPropNumber"":1}",variable,"{""nVarValue"":25.56,""nVarNumber"":1,""nVarDigits"":4}",476.93,True,,25560.0,True,False,False
10.1016/j.fluid.2014.01.034#d4#p1#r19,10.1016/j.fluid.2014.01.034#d4#p1,10.1016/j.fluid.2014.01.034.json,4,1,19,InChI=1S/C6H3Cl2NO2/c7-5-2-1-4(9(10)11)3-6(5)8/h1-3H,NTBYINQTYWZXLH-UHFFFAOYSA-N,"3,4-dichloro-1-nitrobenzene",C6H3Cl2NO2,10.1016/j.fluid.2014.01.034,2014,"Boiling temperature at pressure P, K",Liquid,"[""Liquid"",""Gas""]",Ebulliometric method (Recirculating still),478.47,"{""nPropValue"":478.47,""CombinedUncertainty"":{""nCombUncertAssessNum"":1,""nCombExpandUncertValue"":0.08},""nPropNumber"":1,""nPropDigits"":5}",variable,"{""nVarValue"":26.76,""nVarNumber"":1,""nVarDigits"":4}",478.47,True,,26760.0,True,False,False
10.1016/j.fluid.2014.01.034#d4#p1#r20,10.1016/j.fluid.2014.01.034#d4#p1,10.1016/j.fluid.2014.01.034.json,4,1,20,InChI=1S/C6H3Cl2NO2/c7-5-2-1-4(9(10)11)3-6(5)8/h1-3H,NTBYINQTYWZXLH-UHFFFAOYSA-N,"3,4-dichloro-1-nitrobenzene",C6H3Cl2NO2,10.1016/j.fluid.2014.01.034,2014,"Boiling temperature at pressure P, K",Liquid,"[""Liquid"",""Gas""]",Ebulliometric method (Recirculating still),483.94,"{""nPropValue"":483.94,""CombinedUncertainty"":{""nCombExpandUncertValue"":0.08,""nCombUncertAssessNum"":1},""nPropNumber"":1,""nPropDigits"":5}",variable,"{""nVarDigits"":4,""nVarNumber"":1,""nVarValue"":31.46}",483.94,True,,31460.0,True,False,False
10.1016/j.fluid.2014.01.034#d4#p1#r21,10.1016/j.fluid.2014.01.034#d4#p1,10.1016/j.fluid.2014.01.034.json,4,1,21,InChI=1S/C6H3Cl2NO2/c7-5-2-1-4(9(10)11)3-6(5)8/h1-3H,NTBYINQTYWZXLH-UHFFFAOYSA-N,"3,4-dichloro-1-nitrobenzene",C6H3Cl2NO2,10.1016/j.fluid.2014.01.034,2014,"Boiling temperature at pressure P, K",Liquid,"[""Liquid"",""Gas""]",Ebulliometric method (Recirculating still),486.9,"{""nPropNumber"":1,""nPropDigits"":5,""nPropValue"":486.9,""CombinedUncertainty"":{""nCombUncertAssessNum"":1,""nCombExpandUncertValue"":0.08}}",variable,"{""nVarValue"":34.27,""nVarDigits"":4,""nVarNumber"":1}",486.9,True,,34270.0,True,False,False
10.1016/j.fluid.2014.01.034#d4#p1#r22,10.1016/j.fluid.2014.01.034#d4#p1,10.1016/j.fluid.2014.01.034.json,4,1,22,InChI=1S/C6H3Cl2NO2/c7-5-2-1-4(9(10)11)3-6(5)8/h1-3H,NTBYINQTYWZXLH-UHFFFAOYSA-N,"3,4-dichloro-1-nitrobenzene",C6H3Cl2NO2,10.1016/j.fluid.2014.01.034,2014,"Boiling temperature at pressure P, K",Liquid,"[""Liquid"",""Gas""]",Ebulliometric method (Recirculating still),489.48,"{""CombinedUncertainty"":{""nCombExpandUncertValue"":0.07,""nCombUncertAssessNum"":1},""nPropValue"":489.48,""nPropDigits"":5,""nPropNumber"":1}",variable,"{""nVarValue"":36.87,""nVarNumber"":1,""nVarDigits"":4}",489.48,True,,36870.0,True,False,False
10.1016/j.fluid.2014.01.034#d4#p1#r23,10.1016/j.fluid.2014.01.034#d4#p1,10.1016/j.fluid.2014.01.034.json,4,1,23,InChI=1S/C6H3Cl2NO2/c7-5-2-1-4(9(10)11)3-6(5)8/h1-3H,NTBYINQTYWZXLH-UHFFFAOYSA-N,"3,4-dichloro-1-nitrobenzene",C6H3Cl2NO2,10.1016/j.fluid.2014.01.034,2014,"Boiling temperature at pressure P, K",Liquid,"[""Liquid"",""Gas""]",Ebulliometric method (Recirculating still),493.9,"{""nPropNumber"":1,""nPropDigits"":5,""CombinedUncertainty"":{""nCombUncertAssessNum"":1,""nCombExpandUncertValue"":0.07},""nPropValue"":493.9}",variable,"{""nVarDigits"":4,""nVarNumber"":1,""nVarValue"":41.72}",493.9,True,,41720.0,True,False,False
10.1016/j.fluid.2014.01.034#d4#p1#r24,10.1016/j.fluid.2014.01.034#d4#p1,10.1016/j.fluid.2014.01.034.json,4,1,24,InChI=1S/C6H3Cl2NO2/c7-5-2-1-4(9(10)11)3-6(5)8/h1-3H,NTBYINQTYWZXLH-UHFFFAOYSA-N,"3,4-dichloro-1-nitrobenzene",C6H3Cl2NO2,10.1016/j.fluid.2014.01.034,2014,"Boiling temperature at pressure P, K",Liquid,"[""Liquid"",""Gas""]",Ebulliometric method (Recirculating still),497.47,"{""CombinedUncertainty"":{""nCombExpandUncertValue"":0.07,""nCombUncertAssessNum"":1},""nPropValue"":497.47,""nPropNumber"":1,""nPropDigits"":5}",variable,"{""nVarDigits"":4,""nVarNumber"":1,""nVarValue"":45.99}",497.47,True,,45990.0,True,False,False
10.1016/j.fluid.2014.01.034#d4#p1#r25,10.1016/j.fluid.2014.01.034#d4#p1,10.1016/j.fluid.2014.01.034.json,4,1,25,InChI=1S/C6H3Cl2NO2/c7-5-2-1-4(9(10)11)3-6(5)8/h1-3H,NTBYINQTYWZXLH-UHFFFAOYSA-N,"3,4-dichloro-1-nitrobenzene",C6H3Cl2NO2,10.1016/j.fluid.2014.01.034,2014,"Boiling temperature at pressure P, K",Liquid,"[""Liquid"",""Gas""]",Ebulliometric method (Recirculating still),501.67,"{""nPropNumber"":1,""nPropDigits"":5,""nPropValue"":501.67,""CombinedUncertainty"":{""nCombUncertAssessNum"":1,""nCombExpandUncertValue"":0.06}}",variable,"{""nVarNumber"":1,""nVarDigits"":4,""nVarValue"":51.49}",501.67,True,,51490.0,True,False,False
10.1016/j.fluid.2014.01.034#d4#p1#r26,10.1016/j.fluid.2014.01.034#d4#p1,10.1016/j.fluid.2014.01.034.json,4,1,26,InChI=1S/C6H3Cl2NO2/c7-5-2-1-4(9(10)11)3-6(5)8/h1-3H,NTBYINQTYWZXLH-UHFFFAOYSA-N,"3,4-dichloro-1-nitrobenzene",C6H3Cl2NO2,10.1016/j.fluid.2014.01.034,2014,"Boiling temperature at pressure P, K",Liquid,"[""Liquid"",""Gas""]",Ebulliometric method (Recirculating still),504.38,"{""nPropValue"":504.38,""CombinedUncertainty"":{""nCombUncertAssessNum"":1,""nCombExpandUncertValue"":0.06},""nPropNumber"":1,""nPropDigits"":5}",variable,"{""nVarValue"":55.34,""nVarNumber"":1,""nVarDigits"":4}",504.38,True,,55340.0,True,False,False
10.1016/j.fluid.2014.01.034#d4#p1#r27,10.1016/j.fluid.2014.01.034#d4#p1,10.1016/j.fluid.2014.01.034.json,4,1,27,InChI=1S/C6H3Cl2NO2/c7-5-2-1-4(9(10)11)3-6(5)8/h1-3H,NTBYINQTYWZXLH-UHFFFAOYSA-N,"3,4-dichloro-1-nitrobenzene",C6H3Cl2NO2,10.1016/j.fluid.2014.01.034,2014,"Boiling temperature at pressure P, K",Liquid,"[""Liquid"",""Gas""]",Ebulliometric method (Recirculating still),508.52,"{""nPropValue"":508.52,""CombinedUncertainty"":{""nCombUncertAssessNum"":1,""nCombExpandUncertValue"":0.06},""nPropDigits"":5,""nPropNumber"":1}",variable,"{""nVarValue"":61.61,""nVarNumber"":1,""nVarDigits"":4}",508.52,True,,61610.0,True,False,False
10.1016/j.fluid.2014.01.034#d4#p1#r28,10.1016/j.fluid.2014.01.034#d4#p1,10.1016/j.fluid.2014.01.034.json,4,1,28,InChI=1S/C6H3Cl2NO2/c7-5-2-1-4(9(10)11)3-6(5)8/h1-3H,NTBYINQTYWZXLH-UHFFFAOYSA-N,"3,4-dichloro-1-nitrobenzene",C6H3Cl2NO2,10.1016/j.fluid.2014.01.034,2014,"Boiling temperature at pressure P, K",Liquid,"[""Liquid"",""Gas""]",Ebulliometric method (Recirculating still),510.73,"{""CombinedUncertainty"":{""nCombUncertAssessNum"":1,""nCombExpandUncertValue"":0.06},""nPropValue"":510.73,""nPropDigits"":5,""nPropNumber"":1}",variable,"{""nVarDigits"":4,""nVarNumber"":1,""nVarValue"":65.28}",510.73,True,,65280.0,True,False,False
10.1016/j.fluid.2014.01.034#d4#p1#r29,10.1016/j.fluid.2014.01.034#d4#p1,10.1016/j.fluid.2014.01.034.json,4,1,29,InChI=1S/C6H3Cl2NO2/c7-5-2-1-4(9(10)11)3-6(5)8/h1-3H,NTBYINQTYWZXLH-UHFFFAOYSA-N,"3,4-dichloro-1-nitrobenzene",C6H3Cl2NO2,10.1016/j.fluid.2014.01.034,2014,"Boiling temperature at pressure P, K",Liquid,"[""Liquid"",""Gas""]",Ebulliometric method (Recirculating still),513.66,"{""nPropDigits"":5,""nPropNumber"":1,""CombinedUncertainty"":{""nCombExpandUncertValue"":0.06,""nCombUncertAssessNum"":1},""nPropValue"":513.66}",variable,"{""nVarValue"":70.2,""nVarDigits"":4,""nVarNumber"":1}",513.66,True,,70200.0,True,False,False
10.1016/j.fluid.2014.01.034#d4#p1#r30,10.1016/j.fluid.2014.01.034#d4#p1,10.1016/j.fluid.2014.01.034.json,4,1,30,InChI=1S/C6H3Cl2NO2/c7-5-2-1-4(9(10)11)3-6(5)8/h1-3H,NTBYINQTYWZXLH-UHFFFAOYSA-N,"3,4-dichloro-1-nitrobenzene",C6H3Cl2NO2,10.1016/j.fluid.2014.01.034,2014,"Boiling temperature at pressure P, K",Liquid,"[""Liquid"",""Gas""]",Ebulliometric method (Recirculating still),515.85,"{""nPropNumber"":1,""nPropDigits"":5,""CombinedUncertainty"":{""nCombExpandUncertValue"":0.06,""nCombUncertAssessNum"":1},""nPropValue"":515.85}",variable,"{""nVarDigits"":4,""nVarNumber"":1,""nVarValue"":74.34}",515.85,True,,74340.0,True,False,False
10.1016/j.fluid.2014.01.034#d4#p1#r31,10.1016/j.fluid.2014.01.034#d4#p1,10.1016/j.fluid.2014.01.034.json,4,1,31,InChI=1S/C6H3Cl2NO2/c7-5-2-1-4(9(10)11)3-6(5)8/h1-3H,NTBYINQTYWZXLH-UHFFFAOYSA-N,"3,4-dichloro-1-nitrobenzene",C6H3Cl2NO2,10.1016/j.fluid.2014.01.034,2014,"Boiling temperature at pressure P, K",Liquid,"[""Liquid"",""Gas""]",Ebulliometric method (Recirculating still),518.65,"{""nPropDigits"":5,""nPropNumber"":1,""nPropValue"":518.65,""CombinedUncertainty"":{""nCombUncertAssessNum"":1,""nCombExpandUncertValue"":0.06}}",variable,"{""nVarValue"":79.67,""nVarNumber"":1,""nVarDigits"":4}",518.65,True,,79670.0,True,False,False
10.1016/j.fluid.2014.01.034#d4#p1#r32,10.1016/j.fluid.2014.01.034#d4#p1,10.1016/j.fluid.2014.01.034.json,4,1,32,InChI=1S/C6H3Cl2NO2/c7-5-2-1-4(9(10)11)3-6(5)8/h1-3H,NTBYINQTYWZXLH-UHFFFAOYSA-N,"3,4-dichloro-1-nitrobenzene",C6H3Cl2NO2,10.1016/j.fluid.2014.01.034,2014,"Boiling temperature at pressure P, K",Liquid,"[""Liquid"",""Gas""]",Ebulliometric method (Recirculating still),520.79,"{""nPropValue"":520.79,""CombinedUncertainty"":{""nCombUncertAssessNum"":1,""nCombExpandUncertValue"":0.06},""nPropDigits"":5,""nPropNumber"":1}",variable,"{""nVarValue"":83.95,""nVarNumber"":1,""nVarDigits"":4}",520.79,True,,83950.0,True,False,False
10.1016/j.fluid.2014.01.034#d4#p1#r33,10.1016/j.fluid.2014.01.034#d4#p1,10.1016/j.fluid.2014.01.034.json,4,1,33,InChI=1S/C6H3Cl2NO2/c7-5-2-1-4(9(10)11)3-6(5)8/h1-3H,NTBYINQTYWZXLH-UHFFFAOYSA-N,"3,4-dichloro-1-nitrobenzene",C6H3Cl2NO2,10.1016/j.fluid.2014.01.034,2014,"Boiling temperature at pressure P, K",Liquid,"[""Liquid"",""Gas""]",Ebulliometric method (Recirculating still),523.52,"{""CombinedUncertainty"":{""nCombExpandUncertValue"":0.06,""nCombUncertAssessNum"":1},""nPropValue"":523.52,""nPropDigits"":5,""nPropNumber"":1}",variable,"{""nVarNumber"":1,""nVarDigits"":4,""nVarValue"":89.76}",523.52,True,,89760.0,True,False,False
10.1016/j.fluid.2014.01.034#d4#p1#r34,10.1016/j.fluid.2014.01.034#d4#p1,10.1016/j.fluid.2014.01.034.json,4,1,34,InChI=1S/C6H3Cl2NO2/c7-5-2-1-4(9(10)11)3-6(5)8/h1-3H,NTBYINQTYWZXLH-UHFFFAOYSA-N,"3,4-dichloro-1-nitrobenzene",C6H3Cl2NO2,10.1016/j.fluid.2014.01.034,2014,"Boiling temperature at pressure P, K",Liquid,"[""Liquid"",""Gas""]",Ebulliometric method (Recirculating still),525.76,"{""nPropValue"":525.76,""CombinedUncertainty"":{""nCombExpandUncertValue"":0.06,""nCombUncertAssessNum"":1},""nPropDigits"":5,""nPropNumber"":1}",variable,"{""nVarDigits"":4,""nVarNumber"":1,""nVarValue"":94.77}",525.76,True,,94770.0,True,False,False
10.1016/j.fluid.2014.01.034#d4#p1#r35,10.1016/j.fluid.2014.01.034#d4#p1,10.1016/j.fluid.2014.01.034.json,4,1,35,InChI=1S/C6H3Cl2NO2/c7-5-2-1-4(9(10)11)3-6(5)8/h1-3H,NTBYINQTYWZXLH-UHFFFAOYSA-N,"3,4-dichloro-1-nitrobenzene",C6H3Cl2NO2,10.1016/j.fluid.2014.01.034,2014,"Boiling temperature at pressure P, K",Liquid,"[""Liquid"",""Gas""]",Ebulliometric method (Recirculating still),527.23,"{""nPropDigits"":5,""nPropNumber"":1,""CombinedUncertainty"":{""nCombUncertAssessNum"":1,""nCombExpandUncertValue"":0.06},""nPropValue"":527.23}",variable,"{""nVarValue"":98.14,""nVarNumber"":1,""nVarDigits"":4}",527.23,True,,98140.0,True,False,False
10.1016/j.fluid.2014.01.034#d4#p1#r36,10.1016/j.fluid.2014.01.034#d4#p1,10.1016/j.fluid.2014.01.034.json,4,1,36,InChI=1S/C6H3Cl2NO2/c7-5-2-1-4(9(10)11)3-6(5)8/h1-3H,NTBYINQTYWZXLH-UHFFFAOYSA-N,"3,4-dichloro-1-nitrobenzene",C6H3Cl2NO2,10.1016/j.fluid.2014.01.034,2014,"Boiling temperature at pressure P, K",Liquid,"[""Liquid"",""Gas""]",Ebulliometric method (Recirculating still),528.59,"{""nPropDigits"":5,""nPropNumber"":1,""CombinedUncertainty"":{""nCombExpandUncertValue"":0.06,""nCombUncertAssessNum"":1},""nPropValue"":528.59}",variable,"{""nVarDigits"":5,""nVarNumber"":1,""nVarValue"":101.3}",528.59,True,,101300.0,True,False,False
10.1016/j.fluid.2014.01.034#d8#p1#r1,10.1016/j.fluid.2014.01.034#d8#p1,10.1016/j.fluid.2014.01.034.json,8,1,1,InChI=1S/C6H3Cl2NO2/c7-4-2-1-3-5(6(4)8)9(10)11/h1-3H,CMVQZRLQEOAYSW-UHFFFAOYSA-N,"1,2-dichloro-3-nitrobenzene",C6H3Cl2NO2,10.1016/j.fluid.2014.01.034,2014,"Boiling temperature at pressure P, K",Liquid,"[""Liquid"",""Gas""]",Ebulliometric method (Recirculating still),421.76,"{""nPropDigits"":5,""nPropNumber"":1,""CombinedUncertainty"":{""nCombExpandUncertValue"":0.39,""nCombUncertAssessNum"":1},""nPropValue"":421.76}",variable,"{""nVarValue"":3.26,""nVarDigits"":3,""nVarNumber"":1}",421.76,True,,3260.0,True,True,False
10.1016/j.fluid.2014.01.034#d8#p1#r2,10.1016/j.fluid.2014.01.034#d8#p1,10.1016/j.fluid.2014.01.034.json,8,1,2,InChI=1S/C6H3Cl2NO2/c7-4-2-1-3-5(6(4)8)9(10)11/h1-3H,CMVQZRLQEOAYSW-UHFFFAOYSA-N,"1,2-dichloro-3-nitrobenzene",C6H3Cl2NO2,10.1016/j.fluid.2014.01.034,2014,"Boiling temperature at pressure P, K",Liquid,"[""Liquid"",""Gas""]",Ebulliometric method (Recirculating still),424.88,"{""nPropDigits"":5,""nPropNumber"":1,""CombinedUncertainty"":{""nCombExpandUncertValue"":0.37,""nCombUncertAssessNum"":1},""nPropValue"":424.88}",variable,"{""nVarDigits"":3,""nVarNumber"":1,""nVarValue"":3.72}",424.88,True,,3720.0,True,True,False
10.1016/j.fluid.2014.01.034#d8#p1#r3,10.1016/j.fluid.2014.01.034#d8#p1,10.1016/j.fluid.2014.01.034.json,8,1,3,InChI=1S/C6H3Cl2NO2/c7-4-2-1-3-5(6(4)8)9(10)11/h1-3H,CMVQZRLQEOAYSW-UHFFFAOYSA-N,"1,2-dichloro-3-nitrobenzene",C6H3Cl2NO2,10.1016/j.fluid.2014.01.034,2014,"Boiling temperature at pressure P, K",Liquid,"[""Liquid"",""Gas""]",Ebulliometric method (Recirculating still),427.04,"{""nPropDigits"":5,""nPropNumber"":1,""nPropValue"":427.04,""CombinedUncertainty"":{""nCombUncertAssessNum"":1,""nCombExpandUncertValue"":0.35}}",variable,"{""nVarDigits"":3,""nVarNumber"":1,""nVarValue"":4.07}",427.04,True,,4070.0000000000005,True,True,False
10.1016/j.fluid.2014.01.034#d8#p1#r4,10.1016/j.fluid.2014.01.034#d8#p1,10.1016/j.fluid.2014.01.034.json,8,1,4,InChI=1S/C6H3Cl2NO2/c7-4-2-1-3-5(6(4)8)9(10)11/h1-3H,CMVQZRLQEOAYSW-UHFFFAOYSA-N,"1,2-dichloro-3-nitrobenzene",C6H3Cl2NO2,10.1016/j.fluid.2014.01.034,2014,"Boiling temperature at pressure P, K",Liquid,"[""Liquid"",""Gas""]",Ebulliometric method (Recirculating still),434.41,"{""nPropValue"":434.41,""CombinedUncertainty"":{""nCombUncertAssessNum"":1,""nCombExpandUncertValue"":0.29},""nPropDigits"":5,""nPropNumber"":1}",variable,"{""nVarDigits"":3,""nVarNumber"":1,""nVarValue"":5.48}",434.41,True,,5480.0,True,True,False
10.1016/j.fluid.2014.01.034#d8#p1#r5,10.1016/j.fluid.2014.01.034#d8#p1,10.1016/j.fluid.2014.01.034.json,8,1,5,InChI=1S/C6H3Cl2NO2/c7-4-2-1-3-5(6(4)8)9(10)11/h1-3H,CMVQZRLQEOAYSW-UHFFFAOYSA-N,"1,2-dichloro-3-nitrobenzene",C6H3Cl2NO2,10.1016/j.fluid.2014.01.034,2014,"Boiling temperature at pressure P, K",Liquid,"[""Liquid"",""Gas""]",Ebulliometric method (Recirculating still),437.31,"{""nPropValue"":437.31,""CombinedUncertainty"":{""nCombExpandUncertValue"":0.24,""nCombUncertAssessNum"":1},""nPropNumber"":1,""nPropDigits"":5}",variable,"{""nVarDigits"":3,""nVarNumber"":1,""nVarValue"":6.14}",437.31,True,,6140.0,True,True,False
10.1016/j.fluid.2014.01.034#d8#p1#r6,10.1016/j.fluid.2014.01.034#d8#p1,10.1016/j.fluid.2014.01.034.json,8,1,6,InChI=1S/C6H3Cl2NO2/c7-4-2-1-3-5(6(4)8)9(10)11/h1-3H,CMVQZRLQEOAYSW-UHFFFAOYSA-N,"1,2-dichloro-3-nitrobenzene",C6H3Cl2NO2,10.1016/j.fluid.2014.01.034,2014,"Boiling temperature at pressure P, K",Liquid,"[""Liquid"",""Gas""]",Ebulliometric method (Recirculating still),441.37,"{""nPropDigits"":5,""nPropNumber"":1,""nPropValue"":441.37,""CombinedUncertainty"":{""nCombExpandUncertValue"":0.21,""nCombUncertAssessNum"":1}}",variable,"{""nVarNumber"":1,""nVarDigits"":3,""nVarValue"":7.17}",441.37,True,,7170.0,True,True,False
10.1016/j.fluid.2014.01.034#d8#p1#r7,10.1016/j.fluid.2014.01.034#d8#p1,10.1016/j.fluid.2014.01.034.json,8,1,7,InChI=1S/C6H3Cl2NO2/c7-4-2-1-3-5(6(4)8)9(10)11/h1-3H,CMVQZRLQEOAYSW-UHFFFAOYSA-N,"1,2-dichloro-3-nitrobenzene",C6H3Cl2NO2,10.1016/j.fluid.2014.01.034,2014,"Boiling temperature at pressure P, K",Liquid,"[""Liquid"",""Gas""]",Ebulliometric method (Recirculating still),447,"{""CombinedUncertainty"":{""nCombExpandUncertValue"":0.19,""nCombUncertAssessNum"":1},""nPropValue"":447,""nPropDigits"":5,""nPropNumber"":1}",variable,"{""nVarValue"":8.84,""nVarNumber"":1,""nVarDigits"":3}",447,True,,8840.0,True,True,False
10.1016/j.fluid.2014.01.034#d8#p1#r8,10.1016/j.fluid.2014.01.034#d8#p1,10.1016/j.fluid.2014.01.034.json,8,1,8,InChI=1S/C6H3Cl2NO2/c7-4-2-1-3-5(6(4)8)9(10)11/h1-3H,CMVQZRLQEOAYSW-UHFFFAOYSA-N,"1,2-dichloro-3-nitrobenzene",C6H3Cl2NO2,10.1016/j.fluid.2014.01.034,2014,"Boiling temperature at pressure P, K",Liquid,"[""Liquid"",""Gas""]",Ebulliometric method (Recirculating still),450.46,"{""nPropDigits"":5,""nPropNumber"":1,""nPropValue"":450.46,""CombinedUncertainty"":{""nCombUncertAssessNum"":1,""nCombExpandUncertValue"":0.16}}",variable,"{""nVarDigits"":4,""nVarNumber"":1,""nVarValue"":10.02}",450.46,True,,10020.0,True,True,False
10.1016/j.fluid.2014.01.034#d8#p1#r9,10.1016/j.fluid.2014.01.034#d8#p1,10.1016/j.fluid.2014.01.034.json,8,1,9,InChI=1S/C6H3Cl2NO2/c7-4-2-1-3-5(6(4)8)9(10)11/h1-3H,CMVQZRLQEOAYSW-UHFFFAOYSA-N,"1,2-dichloro-3-nitrobenzene",C6H3Cl2NO2,10.1016/j.fluid.2014.01.034,2014,"Boiling temperature at pressure P, K",Liquid,"[""Liquid"",""Gas""]",Ebulliometric method (Recirculating still),454.13,"{""nPropDigits"":5,""nPropNumber"":1,""CombinedUncertainty"":{""nCombUncertAssessNum"":1,""nCombExpandUncertValue"":0.15},""nPropValue"":454.13}",variable,"{""nVarDigits"":4,""nVarNumber"":1,""nVarValue"":11.41}",454.13,True,,11410.0,True,True,False
10.1016/j.fluid.2014.01.034#d8#p1#r10,10.1016/j.fluid.2014.01.034#d8#p1,10.1016/j.fluid.2014.01.034.json,8,1,10,InChI=1S/C6H3Cl2NO2/c7-4-2-1-3-5(6(4)8)9(10)11/h1-3H,CMVQZRLQEOAYSW-UHFFFAOYSA-N,"1,2-dichloro-3-nitrobenzene",C6H3Cl2NO2,10.1016/j.fluid.2014.01.034,2014,"Boiling temperature at pressure P, K",Liquid,"[""Liquid"",""Gas""]",Ebulliometric method (Recirculating still),457.01,"{""CombinedUncertainty"":{""nCombUncertAssessNum"":1,""nCombExpandUncertValue"":0.14},""nPropValue"":457.01,""nPropDigits"":5,""nPropNumber"":1}",variable,"{""nVarNumber"":1,""nVarDigits"":4,""nVarValue"":12.61}",457.01,True,,12610.0,True,True,False
10.1016/j.fluid.2014.01.034#d8#p1#r11,10.1016/j.fluid.2014.01.034#d8#p1,10.1016/j.fluid.2014.01.034.json,8,1,11,InChI=1S/C6H3Cl2NO2/c7-4-2-1-3-5(6(4)8)9(10)11/h1-3H,CMVQZRLQEOAYSW-UHFFFAOYSA-N,"1,2-dichloro-3-nitrobenzene",C6H3Cl2NO2,10.1016/j.fluid.2014.01.034,2014,"Boiling temperature at pressure P, K",Liquid,"[""Liquid"",""Gas""]",Ebulliometric method (Recirculating still),459.45,"{""nPropNumber"":1,""nPropDigits"":5,""nPropValue"":459.45,""CombinedUncertainty"":{""nCombExpandUncertValue"":0.13,""nCombUncertAssessNum"":1}}",variable,"{""nVarValue"":13.71,""nVarDigits"":4,""nVarNumber"":1}",459.45,True,,13710.0,True,True,False
10.1016/j.fluid.2014.01.034#d8#p1#r12,10.1016/j.fluid.2014.01.034#d8#p1,10.1016/j.fluid.2014.01.034.json,8,1,12,InChI=1S/C6H3Cl2NO2/c7-4-2-1-3-5(6(4)8)9(10)11/h1-3H,CMVQZRLQEOAYSW-UHFFFAOYSA-N,"1,2-dichloro-3-nitrobenzene",C6H3Cl2NO2,10.1016/j.fluid.2014.01.034,2014,"Boiling temperature at pressure P, K",Liquid,"[""Liquid"",""Gas""]",Ebulliometric method (Recirculating still),463.2,"{""nPropDigits"":5,""nPropNumber"":1,""nPropValue"":463.2,""CombinedUncertainty"":{""nCombExpandUncertValue"":0.12,""nCombUncertAssessNum"":1}}",variable,"{""nVarValue"":15.55,""nVarNumber"":1,""nVarDigits"":4}",463.2,True,,15550.0,True,True,False
10.1016/j.fluid.2014.01.034#d8#p1#r13,10.1016/j.fluid.2014.01.034#d8#p1,10.1016/j.fluid.2014.01.034.json,8,1,13,InChI=1S/C6H3Cl2NO2/c7-4-2-1-3-5(6(4)8)9(10)11/h1-3H,CMVQZRLQEOAYSW-UHFFFAOYSA-N,"1,2-dichloro-3-nitrobenzene",C6H3Cl2NO2,10.1016/j.fluid.2014.01.034,2014,"Boiling temperature at pressure P, K",Liquid,"[""Liquid"",""Gas""]",Ebulliometric method (Recirculating still),465.03,"{""nPropValue"":465.03,""CombinedUncertainty"":{""nCombExpandUncertValue"":0.11,""nCombUncertAssessNum"":1},""nPropNumber"":1,""nPropDigits"":5}",variable,"{""nVarDigits"":4,""nVarNumber"":1,""nVarValue"":16.52}",465.03,True,,16520.0,True,True,False
10.1016/j.fluid.2014.01.034#d8#p1#r14,10.1016/j.fluid.2014.01.034#d8#p1,10.1016/j.fluid.2014.01.034.json,8,1,14,InChI=1S/C6H3Cl2NO2/c7-4-2-1-3-5(6(4)8)9(10)11/h1-3H,CMVQZRLQEOAYSW-UHFFFAOYSA-N,"1,2-dichloro-3-nitrobenzene",C6H3Cl2NO2,10.1016/j.fluid.2014.01.034,2014,"Boiling temperature at pressure P, K",Liquid,"[""Liquid"",""Gas""]",Ebulliometric method (Recirculating still),468.31,"{""CombinedUncertainty"":{""nCombUncertAssessNum"":1,""nCombExpandUncertValue"":0.11},""nPropValue"":468.31,""nPropDigits"":5,""nPropNumber"":1}",variable,"{""nVarValue"":18.33,""nVarNumber"":1,""nVarDigits"":4}",468.31,True,,18330.0,True,True,False
10.1016/j.fluid.2014.01.034#d8#p1#r15,10.1016/j.fluid.2014.01.034#d8#p1,10.1016/j.fluid.2014.01.034.json,8,1,15,InChI=1S/C6H3Cl2NO2/c7-4-2-1-3-5(6(4)8)9(10)11/h1-3H,CMVQZRLQEOAYSW-UHFFFAOYSA-N,"1,2-dichloro-3-nitrobenzene",C6H3Cl2NO2,10.1016/j.fluid.2014.01.034,2014,"Boiling temperature at pressure P, K",Liquid,"[""Liquid"",""Gas""]",Ebulliometric method (Recirculating still),471.84,"{""nPropDigits"":5,""nPropNumber"":1,""nPropValue"":471.84,""CombinedUncertainty"":{""nCombUncertAssessNum"":1,""nCombExpandUncertValue"":0.1}}",variable,"{""nVarNumber"":1,""nVarDigits"":4,""nVarValue"":20.52}",471.84,True,,20520.0,True,False,False
10.1016/j.fluid.2014.01.034#d8#p1#r16,10.1016/j.fluid.2014.01.034#d8#p1,10.1016/j.fluid.2014.01.034.json,8,1,16,InChI=1S/C6H3Cl2NO2/c7-4-2-1-3-5(6(4)8)9(10)11/h1-3H,CMVQZRLQEOAYSW-UHFFFAOYSA-N,"1,2-dichloro-3-nitrobenzene",C6H3Cl2NO2,10.1016/j.fluid.2014.01.034,2014,"Boiling temperature at pressure P, K",Liquid,"[""Liquid"",""Gas""]",Ebulliometric method (Recirculating still),473.45,"{""nPropNumber"":1,""nPropDigits"":5,""nPropValue"":473.45,""CombinedUncertainty"":{""nCombUncertAssessNum"":1,""nCombExpandUncertValue"":0.09}}",variable,"{""nVarNumber"":1,""nVarDigits"":4,""nVarValue"":21.66}",473.45,True,,21660.0,True,False,False
10.1016/j.fluid.2014.01.034#d8#p1#r17,10.1016/j.fluid.2014.01.034#d8#p1,10.1016/j.fluid.2014.01.034.json,8,1,17,InChI=1S/C6H3Cl2NO2/c7-4-2-1-3-5(6(4)8)9(10)11/h1-3H,CMVQZRLQEOAYSW-UHFFFAOYSA-N,"1,2-dichloro-3-nitrobenzene",C6H3Cl2NO2,10.1016/j.fluid.2014.01.034,2014,"Boiling temperature at pressure P, K",Liquid,"[""Liquid"",""Gas""]",Ebulliometric method (Recirculating still),475.04,"{""nPropValue"":475.04,""CombinedUncertainty"":{""nCombExpandUncertValue"":0.09,""nCombUncertAssessNum"":1},""nPropDigits"":5,""nPropNumber"":1}",variable,"{""nVarNumber"":1,""nVarDigits"":4,""nVarValue"":22.76}",475.04,True,,22760.0,True,False,False
10.1016/j.fluid.2014.01.034#d8#p1#r18,10.1016/j.fluid.2014.01.034#d8#p1,10.1016/j.fluid.2014.01.034.json,8,1,18,InChI=1S/C6H3Cl2NO2/c7-4-2-1-3-5(6(4)8)9(10)11/h1-3H,CMVQZRLQEOAYSW-UHFFFAOYSA-N,"1,2-dichloro-3-nitrobenzene",C6H3Cl2NO2,10.1016/j.fluid.2014.01.034,2014,"Boiling temperature at pressure P, K",Liquid,"[""Liquid"",""Gas""]",Ebulliometric method (Recirculating still),478.21,"{""CombinedUncertainty"":{""nCombUncertAssessNum"":1,""nCombExpandUncertValue"":0.09},""nPropValue"":478.21,""nPropNumber"":1,""nPropDigits"":5}",variable,"{""nVarValue"":25.1,""nVarDigits"":4,""nVarNumber"":1}",478.21,True,,25100.0,True,False,False
10.1016/j.fluid.2014.01.034#d8#p1#r19,10.1016/j.fluid.2014.01.034#d8#p1,10.1016/j.fluid.2014.01.034.json,8,1,19,InChI=1S/C6H3Cl2NO2/c7-4-2-1-3-5(6(4)8)9(10)11/h1-3H,CMVQZRLQEOAYSW-UHFFFAOYSA-N,"1,2-dichloro-3-nitrobenzene",C6H3Cl2NO2,10.1016/j.fluid.2014.01.034,2014,"Boiling temperature at pressure P, K",Liquid,"[""Liquid"",""Gas""]",Ebulliometric method (Recirculating still),481.32,"{""CombinedUncertainty"":{""nCombExpandUncertValue"":0.08,""nCombUncertAssessNum"":1},""nPropValue"":481.32,""nPropDigits"":5,""nPropNumber"":1}",variable,"{""nVarValue"":27.58,""nVarNumber"":1,""nVarDigits"":4}",481.32,True,,27580.0,True,False,False
10.1016/j.fluid.2014.01.034#d8#p1#r20,10.1016/j.fluid.2014.01.034#d8#p1,10.1016/j.fluid.2014.01.034.json,8,1,20,InChI=1S/C6H3Cl2NO2/c7-4-2-1-3-5(6(4)8)9(10)11/h1-3H,CMVQZRLQEOAYSW-UHFFFAOYSA-N,"1,2-dichloro-3-nitrobenzene",C6H3Cl2NO2,10.1016/j.fluid.2014.01.034,2014,"Boiling temperature at pressure P, K",Liquid,"[""Liquid"",""Gas""]",Ebulliometric method (Recirculating still),484.84,"{""nPropValue"":484.84,""CombinedUncertainty"":{""nCombUncertAssessNum"":1,""nCombExpandUncertValue"":0.08},""nPropNumber"":1,""nPropDigits"":5}",variable,"{""nVarValue"":30.63,""nVarNumber"":1,""nVarDigits"":4}",484.84,True,,30630.0,True,False,False
10.1016/j.fluid.2014.01.034#d8#p1#r21,10.1016/j.fluid.2014.01.034#d8#p1,10.1016/j.fluid.2014.01.034.json,8,1,21,InChI=1S/C6H3Cl2NO2/c7-4-2-1-3-5(6(4)8)9(10)11/h1-3H,CMVQZRLQEOAYSW-UHFFFAOYSA-N,"1,2-dichloro-3-nitrobenzene",C6H3Cl2NO2,10.1016/j.fluid.2014.01.034,2014,"Boiling temperature at pressure P, K",Liquid,"[""Liquid"",""Gas""]",Ebulliometric method (Recirculating still),489.53,"{""nPropNumber"":1,""nPropDigits"":5,""CombinedUncertainty"":{""nCombExpandUncertValue"":0.07,""nCombUncertAssessNum"":1},""nPropValue"":489.53}",variable,"{""nVarDigits"":4,""nVarNumber"":1,""nVarValue"":35.11}",489.53,True,,35110.0,True,False,False
10.1016/j.fluid.2014.01.034#d8#p1#r22,10.1016/j.fluid.2014.01.034#d8#p1,10.1016/j.fluid.2014.01.034.json,8,1,22,InChI=1S/C6H3Cl2NO2/c7-4-2-1-3-5(6(4)8)9(10)11/h1-3H,CMVQZRLQEOAYSW-UHFFFAOYSA-N,"1,2-dichloro-3-nitrobenzene",C6H3Cl2NO2,10.1016/j.fluid.2014.01.034,2014,"Boiling temperature at pressure P, K",Liquid,"[""Liquid"",""Gas""]",Ebulliometric method (Recirculating still),494.91,"{""nPropNumber"":1,""nPropDigits"":5,""nPropValue"":494.91,""CombinedUncertainty"":{""nCombUncertAssessNum"":1,""nCombExpandUncertValue"":0.07}}",variable,"{""nVarValue"":40.91,""nVarDigits"":4,""nVarNumber"":1}",494.91,True,,40910.0,True,False,False
10.1016/j.fluid.2014.01.034#d8#p1#r23,10.1016/j.fluid.2014.01.034#d8#p1,10.1016/j.fluid.2014.01.034.json,8,1,23,InChI=1S/C6H3Cl2NO2/c7-4-2-1-3-5(6(4)8)9(10)11/h1-3H,CMVQZRLQEOAYSW-UHFFFAOYSA-N,"1,2-dichloro-3-nitrobenzene",C6H3Cl2NO2,10.1016/j.fluid.2014.01.034,2014,"Boiling temperature at pressure P, K",Liquid,"[""Liquid"",""Gas""]",Ebulliometric method (Recirculating still),499.92,"{""nPropDigits"":5,""nPropNumber"":1,""CombinedUncertainty"":{""nCombUncertAssessNum"":1,""nCombExpandUncertValue"":0.06},""nPropValue"":499.92}",variable,"{""nVarValue"":46.97,""nVarDigits"":4,""nVarNumber"":1}",499.92,True,,46970.0,True,False,False
10.1016/j.fluid.2014.01.034#d8#p1#r24,10.1016/j.fluid.2014.01.034#d8#p1,10.1016/j.fluid.2014.01.034.json,8,1,24,InChI=1S/C6H3Cl2NO2/c7-4-2-1-3-5(6(4)8)9(10)11/h1-3H,CMVQZRLQEOAYSW-UHFFFAOYSA-N,"1,2-dichloro-3-nitrobenzene",C6H3Cl2NO2,10.1016/j.fluid.2014.01.034,2014,"Boiling temperature at pressure P, K",Liquid,"[""Liquid"",""Gas""]",Ebulliometric method (Recirculating still),502.86,"{""CombinedUncertainty"":{""nCombUncertAssessNum"":1,""nCombExpandUncertValue"":0.06},""nPropValue"":502.86,""nPropNumber"":1,""nPropDigits"":5}",variable,"{""nVarNumber"":1,""nVarDigits"":4,""nVarValue"":50.86}",502.86,True,,50860.0,True,False,False
10.1016/j.fluid.2014.01.034#d8#p1#r25,10.1016/j.fluid.2014.01.034#d8#p1,10.1016/j.fluid.2014.01.034.json,8,1,25,InChI=1S/C6H3Cl2NO2/c7-4-2-1-3-5(6(4)8)9(10)11/h1-3H,CMVQZRLQEOAYSW-UHFFFAOYSA-N,"1,2-dichloro-3-nitrobenzene",C6H3Cl2NO2,10.1016/j.fluid.2014.01.034,2014,"Boiling temperature at pressure P, K",Liquid,"[""Liquid"",""Gas""]",Ebulliometric method (Recirculating still),505.69,"{""CombinedUncertainty"":{""nCombExpandUncertValue"":0.06,""nCombUncertAssessNum"":1},""nPropValue"":505.69,""nPropDigits"":5,""nPropNumber"":1}",variable,"{""nVarValue"":54.85,""nVarNumber"":1,""nVarDigits"":4}",505.69,True,,54850.0,True,False,False
10.1016/j.fluid.2014.01.034#d8#p1#r26,10.1016/j.fluid.2014.01.034#d8#p1,10.1016/j.fluid.2014.01.034.json,8,1,26,InChI=1S/C6H3Cl2NO2/c7-4-2-1-3-5(6(4)8)9(10)11/h1-3H,CMVQZRLQEOAYSW-UHFFFAOYSA-N,"1,2-dichloro-3-nitrobenzene",C6H3Cl2NO2,10.1016/j.fluid.2014.01.034,2014,"Boiling temperature at pressure P, K",Liquid,"[""Liquid"",""Gas""]",Ebulliometric method (Recirculating still),507.79,"{""nPropValue"":507.79,""CombinedUncertainty"":{""nCombExpandUncertValue"":0.06,""nCombUncertAssessNum"":1},""nPropDigits"":5,""nPropNumber"":1}",variable,"{""nVarValue"":57.81,""nVarNumber"":1,""nVarDigits"":4}",507.79,True,,57810.0,True,False,False
10.1016/j.fluid.2014.01.034#d8#p1#r27,10.1016/j.fluid.2014.01.034#d8#p1,10.1016/j.fluid.2014.01.034.json,8,1,27,InChI=1S/C6H3Cl2NO2/c7-4-2-1-3-5(6(4)8)9(10)11/h1-3H,CMVQZRLQEOAYSW-UHFFFAOYSA-N,"1,2-dichloro-3-nitrobenzene",C6H3Cl2NO2,10.1016/j.fluid.2014.01.034,2014,"Boiling temperature at pressure P, K",Liquid,"[""Liquid"",""Gas""]",Ebulliometric method (Recirculating still),509.92,"{""nPropValue"":509.92,""CombinedUncertainty"":{""nCombUncertAssessNum"":1,""nCombExpandUncertValue"":0.06},""nPropDigits"":5,""nPropNumber"":1}",variable,"{""nVarNumber"":1,""nVarDigits"":4,""nVarValue"":61.11}",509.92,True,,61110.0,True,False,False
10.1016/j.fluid.2014.01.034#d8#p1#r28,10.1016/j.fluid.2014.01.034#d8#p1,10.1016/j.fluid.2014.01.034.json,8,1,28,InChI=1S/C6H3Cl2NO2/c7-4-2-1-3-5(6(4)8)9(10)11/h1-3H,CMVQZRLQEOAYSW-UHFFFAOYSA-N,"1,2-dichloro-3-nitrobenzene",C6H3Cl2NO2,10.1016/j.fluid.2014.01.034,2014,"Boiling temperature at pressure P, K",Liquid,"[""Liquid"",""Gas""]",Ebulliometric method (Recirculating still),511.26,"{""nPropValue"":511.26,""CombinedUncertainty"":{""nCombExpandUncertValue"":0.05,""nCombUncertAssessNum"":1},""nPropDigits"":5,""nPropNumber"":1}",variable,"{""nVarValue"":63.43,""nVarDigits"":4,""nVarNumber"":1}",511.26,True,,63430.0,True,False,False
10.1016/j.fluid.2014.01.034#d8#p1#r29,10.1016/j.fluid.2014.01.034#d8#p1,10.1016/j.fluid.2014.01.034.json,8,1,29,InChI=1S/C6H3Cl2NO2/c7-4-2-1-3-5(6(4)8)9(10)11/h1-3H,CMVQZRLQEOAYSW-UHFFFAOYSA-N,"1,2-dichloro-3-nitrobenzene",C6H3Cl2NO2,10.1016/j.fluid.2014.01.034,2014,"Boiling temperature at pressure P, K",Liquid,"[""Liquid"",""Gas""]",Ebulliometric method (Recirculating still),512.37,"{""CombinedUncertainty"":{""nCombUncertAssessNum"":1,""nCombExpandUncertValue"":0.05},""nPropValue"":512.37,""nPropDigits"":5,""nPropNumber"":1}",variable,"{""nVarDigits"":4,""nVarNumber"":1,""nVarValue"":65.25}",512.37,True,,65250.0,True,False,False
10.1016/j.fluid.2014.01.034#d8#p1#r30,10.1016/j.fluid.2014.01.034#d8#p1,10.1016/j.fluid.2014.01.034.json,8,1,30,InChI=1S/C6H3Cl2NO2/c7-4-2-1-3-5(6(4)8)9(10)11/h1-3H,CMVQZRLQEOAYSW-UHFFFAOYSA-N,"1,2-dichloro-3-nitrobenzene",C6H3Cl2NO2,10.1016/j.fluid.2014.01.034,2014,"Boiling temperature at pressure P, K",Liquid,"[""Liquid"",""Gas""]",Ebulliometric method (Recirculating still),515.68,"{""CombinedUncertainty"":{""nCombExpandUncertValue"":0.05,""nCombUncertAssessNum"":1},""nPropValue"":515.68,""nPropNumber"":1,""nPropDigits"":5}",variable,"{""nVarNumber"":1,""nVarDigits"":4,""nVarValue"":70.98}",515.68,True,,70980.0,True,False,False
10.1016/j.fluid.2014.01.034#d8#p1#r31,10.1016/j.fluid.2014.01.034#d8#p1,10.1016/j.fluid.2014.01.034.json,8,1,31,InChI=1S/C6H3Cl2NO2/c7-4-2-1-3-5(6(4)8)9(10)11/h1-3H,CMVQZRLQEOAYSW-UHFFFAOYSA-N,"1,2-dichloro-3-nitrobenzene",C6H3Cl2NO2,10.1016/j.fluid.2014.01.034,2014,"Boiling temperature at pressure P, K",Liquid,"[""Liquid"",""Gas""]",Ebulliometric method (Recirculating still),518.9,"{""CombinedUncertainty"":{""nCombExpandUncertValue"":0.05,""nCombUncertAssessNum"":1},""nPropValue"":518.9,""nPropNumber"":1,""nPropDigits"":5}",variable,"{""nVarValue"":76.92,""nVarDigits"":4,""nVarNumber"":1}",518.9,True,,76920.0,True,False,False
10.1016/j.fluid.2014.01.034#d8#p1#r32,10.1016/j.fluid.2014.01.034#d8#p1,10.1016/j.fluid.2014.01.034.json,8,1,32,InChI=1S/C6H3Cl2NO2/c7-4-2-1-3-5(6(4)8)9(10)11/h1-3H,CMVQZRLQEOAYSW-UHFFFAOYSA-N,"1,2-dichloro-3-nitrobenzene",C6H3Cl2NO2,10.1016/j.fluid.2014.01.034,2014,"Boiling temperature at pressure P, K",Liquid,"[""Liquid"",""Gas""]",Ebulliometric method (Recirculating still),520.81,"{""CombinedUncertainty"":{""nCombUncertAssessNum"":1,""nCombExpandUncertValue"":0.05},""nPropValue"":520.81,""nPropDigits"":5,""nPropNumber"":1}",variable,"{""nVarValue"":80.62,""nVarNumber"":1,""nVarDigits"":4}",520.81,True,,80620.0,True,False,False
10.1016/j.fluid.2014.01.034#d8#p1#r33,10.1016/j.fluid.2014.01.034#d8#p1,10.1016/j.fluid.2014.01.034.json,8,1,33,InChI=1S/C6H3Cl2NO2/c7-4-2-1-3-5(6(4)8)9(10)11/h1-3H,CMVQZRLQEOAYSW-UHFFFAOYSA-N,"1,2-dichloro-3-nitrobenzene",C6H3Cl2NO2,10.1016/j.fluid.2014.01.034,2014,"Boiling temperature at pressure P, K",Liquid,"[""Liquid"",""Gas""]",Ebulliometric method (Recirculating still),523.34,"{""nPropDigits"":5,""nPropNumber"":1,""nPropValue"":523.34,""CombinedUncertainty"":{""nCombUncertAssessNum"":1,""nCombExpandUncertValue"":0.05}}",variable,"{""nVarValue"":85.76,""nVarDigits"":4,""nVarNumber"":1}",523.34,True,,85760.0,True,False,False
10.1016/j.fluid.2014.01.034#d8#p1#r34,10.1016/j.fluid.2014.01.034#d8#p1,10.1016/j.fluid.2014.01.034.json,8,1,34,InChI=1S/C6H3Cl2NO2/c7-4-2-1-3-5(6(4)8)9(10)11/h1-3H,CMVQZRLQEOAYSW-UHFFFAOYSA-N,"1,2-dichloro-3-nitrobenzene",C6H3Cl2NO2,10.1016/j.fluid.2014.01.034,2014,"Boiling temperature at pressure P, K",Liquid,"[""Liquid"",""Gas""]",Ebulliometric method (Recirculating still),525.94,"{""nPropDigits"":5,""nPropNumber"":1,""nPropValue"":525.94,""CombinedUncertainty"":{""nCombExpandUncertValue"":0.05,""nCombUncertAssessNum"":1}}",variable,"{""nVarValue"":91.3,""nVarNumber"":1,""nVarDigits"":4}",525.94,True,,91300.0,True,False,False
10.1016/j.fluid.2014.01.034#d8#p1#r35,10.1016/j.fluid.2014.01.034#d8#p1,10.1016/j.fluid.2014.01.034.json,8,1,35,InChI=1S/C6H3Cl2NO2/c7-4-2-1-3-5(6(4)8)9(10)11/h1-3H,CMVQZRLQEOAYSW-UHFFFAOYSA-N,"1,2-dichloro-3-nitrobenzene",C6H3Cl2NO2,10.1016/j.fluid.2014.01.034,2014,"Boiling temperature at pressure P, K",Liquid,"[""Liquid"",""Gas""]",Ebulliometric method (Recirculating still),528.09,"{""CombinedUncertainty"":{""nCombExpandUncertValue"":0.05,""nCombUncertAssessNum"":1},""nPropValue"":528.09,""nPropNumber"":1,""nPropDigits"":5}",variable,"{""nVarNumber"":1,""nVarDigits"":4,""nVarValue"":96.08}",528.09,True,,96080.0,True,False,False
10.1016/j.fluid.2014.01.034#d8#p1#r36,10.1016/j.fluid.2014.01.034#d8#p1,10.1016/j.fluid.2014.01.034.json,8,1,36,InChI=1S/C6H3Cl2NO2/c7-4-2-1-3-5(6(4)8)9(10)11/h1-3H,CMVQZRLQEOAYSW-UHFFFAOYSA-N,"1,2-dichloro-3-nitrobenzene",C6H3Cl2NO2,10.1016/j.fluid.2014.01.034,2014,"Boiling temperature at pressure P, K",Liquid,"[""Liquid"",""Gas""]",Ebulliometric method (Recirculating still),530.33,"{""CombinedUncertainty"":{""nCombUncertAssessNum"":1,""nCombExpandUncertValue"":0.05},""nPropValue"":530.33,""nPropNumber"":1,""nPropDigits"":5}",variable,"{""nVarValue"":101.3,""nVarDigits"":5,""nVarNumber"":1}",530.33,True,,101300.0,True,False,False
10.1016/j.fluid.2014.02.025#d1#p1#r1,10.1016/j.fluid.2014.02.025#d1#p1,10.1016/j.fluid.2014.02.025.json,1,1,1,"InChI=1S/C7H8/c1-7-5-3-2-4-6-7/h2-6H,1H3",YXFVVABEGXRONW-UHFFFAOYSA-N,toluene,C7H8,10.1016/j.fluid.2014.02.025,2014,"Boiling temperature at pressure P, K",Liquid,"[""Liquid"",""Gas""]",Ebulliometric method (Recirculating still),383.39,"{""CombinedUncertainty"":{""nCombExpandUncertValue"":0.04,""nCombUncertAssessNum"":1},""nPropValue"":383.39,""nPropNumber"":1,""nPropDigits"":5}",variable,"{""nVarValue"":101.33,""nVarNumber"":1,""nVarDigits"":5}",383.39,True,,101330.0,True,False,False
10.1016/j.fluid.2014.02.025#d2#p1#r1,10.1016/j.fluid.2014.02.025#d2#p1,10.1016/j.fluid.2014.02.025.json,2,1,1,"InChI=1S/C10H14/c1-2-3-7-10-8-5-4-6-9-10/h4-6,8-9H,2-3,7H2,1H3",OCKPCBLVNKHBMX-UHFFFAOYSA-N,butylbenzene,C10H14,10.1016/j.fluid.2014.02.025,2014,"Boiling temperature at pressure P, K",Liquid,"[""Liquid"",""Gas""]",Ebulliometric method (Recirculating still),456.38,"{""nPropDigits"":5,""nPropNumber"":1,""CombinedUncertainty"":{""nCombUncertAssessNum"":1,""nCombExpandUncertValue"":0.05},""nPropValue"":456.38}",variable,"{""nVarDigits"":5,""nVarNumber"":1,""nVarValue"":101.33}",456.38,True,,101330.0,True,False,False
10.1016/j.fluid.2014.02.025#d3#p1#r1,10.1016/j.fluid.2014.02.025#d3#p1,10.1016/j.fluid.2014.02.025.json,3,1,1,"InChI=1S/C7H8O2/c1-9-7-5-3-2-4-6(7)8/h2-5,8H,1H3",LHGVFZTZFXWLCP-UHFFFAOYSA-N,2-methoxyphenol,C7H8O2,10.1016/j.fluid.2014.02.025,2014,"Boiling temperature at pressure P, K",Liquid,"[""Liquid"",""Gas""]",Ebulliometric method (Recirculating still),478.1,"{""nPropDigits"":5,""nPropNumber"":1,""nPropValue"":478.1,""CombinedUncertainty"":{""nCombUncertAssessNum"":1,""nCombExpandUncertValue"":0.05}}",variable,"{""nVarValue"":101.33,""nVarNumber"":1,""nVarDigits"":5}",478.1,True,,101330.0,True,False,False
10.1016/j.fluid.2014.02.025#d4#p1#r1,10.1016/j.fluid.2014.02.025#d4#p1,10.1016/j.fluid.2014.02.025.json,4,1,1,"InChI=1S/C7H8O/c1-8-7-5-3-2-4-6-7/h2-6H,1H3",RDOXTESZEPMUJZ-UHFFFAOYSA-N,anisole,C7H8O,10.1016/j.fluid.2014.02.025,2014,"Boiling temperature at pressure P, K",Liquid,"[""Liquid"",""Gas""]",Ebulliometric method (Recirculating still),426.56,"{""CombinedUncertainty"":{""nCombUncertAssessNum"":1,""nCombExpandUncertValue"":0.05},""nPropValue"":426.56,""nPropNumber"":1,""nPropDigits"":5}",variable,"{""nVarNumber"":1,""nVarDigits"":5,""nVarValue"":101.33}",426.56,True,,101330.0,True,False,False
10.1016/j.fluid.2014.03.002#d3#p1#r1,10.1016/j.fluid.2014.03.002#d3#p1,10.1016/j.fluid.2014.03.002.json,3,1,1,"InChI=1S/CH2O2/c2-1-3/h1H,(H,2,3)",BDAGIHXWWSANSR-UHFFFAOYSA-N,formic acid,CH2O2,10.1016/j.fluid.2014.03.002,2014,"Boiling temperature at pressure P, K",Liquid,"[""Liquid"",""Gas""]",Distillation,374.4,"{""nPropValue"":374.4,""CombinedUncertainty"":{""nCombUncertAssessNum"":1,""nCombExpandUncertValue"":0.3},""nPropNumber"":1,""nPropDigits"":4}",variable,"{""nVarValue"":101.325,""nVarNumber"":1,""nVarDigits"":6}",374.4,True,,101325.0,False,False,False
10.1016/j.fluid.2014.03.002#d6#p1#r1,10.1016/j.fluid.2014.03.002#d6#p1,10.1016/j.fluid.2014.03.002.json,6,1,1,"InChI=1S/C2H4O2/c1-2(3)4/h1H3,(H,3,4)",QTBSBXVTEAMEQO-UHFFFAOYSA-N,acetic acid,C2H4O2,10.1016/j.fluid.2014.03.002,2014,"Boiling temperature at pressure P, K",Liquid,"[""Liquid"",""Gas""]",Distillation,391.2,"{""nPropValue"":391.2,""CombinedUncertainty"":{""nCombUncertAssessNum"":1,""nCombExpandUncertValue"":0.3},""nPropNumber"":1,""nPropDigits"":4}",variable,"{""nVarValue"":101.325,""nVarNumber"":1,""nVarDigits"":6}",391.2,True,,101325.0,False,False,False
10.1016/j.fluid.2014.03.002#d9#p1#r1,10.1016/j.fluid.2014.03.002#d9#p1,10.1016/j.fluid.2014.03.002.json,9,1,1,"InChI=1S/C3H6O2/c1-2-3(4)5/h2H2,1H3,(H,4,5)",XBDQKXXYIPTUBI-UHFFFAOYSA-N,propanoic acid,C3H6O2,10.1016/j.fluid.2014.03.002,2014,"Boiling temperature at pressure P, K",Liquid,"[""Liquid"",""Gas""]",Distillation,414.5,"{""nPropDigits"":4,""nPropNumber"":1,""CombinedUncertainty"":{""nCombUncertAssessNum"":1,""nCombExpandUncertValue"":0.3},""nPropValue"":414.5}",variable,"{""nVarNumber"":1,""nVarDigits"":6,""nVarValue"":101.325}",414.5,True,,101325.0,False,False,False
10.1016/j.fluid.2014.03.002#d12#p1#r1,10.1016/j.fluid.2014.03.002#d12#p1,10.1016/j.fluid.2014.03.002.json,12,1,1,InChI=1S/H2O/h1H2,XLYOFNOQVPJJNP-UHFFFAOYSA-N,water,H2O,10.1016/j.fluid.2014.03.002,2014,"Boiling temperature at pressure P, K",Liquid,"[""Liquid"",""Gas""]",Distillation,373.2,"{""nPropNumber"":1,""nPropDigits"":4,""nPropValue"":373.2,""CombinedUncertainty"":{""nCombUncertAssessNum"":1,""nCombExpandUncertValue"":0.3}}",variable,"{""nVarNumber"":1,""nVarDigits"":6,""nVarValue"":101.325}",373.2,True,no_carbon,101325.0,False,False,False
10.1016/j.fluid.2014.06.019#d1#p1#r1,10.1016/j.fluid.2014.06.019#d1#p1,10.1016/j.fluid.2014.06.019.json,1,1,1,"InChI=1S/C4H10O/c1-2-3-4-5/h5H,2-4H2,1H3",LRHPLDYGYMQRHN-UHFFFAOYSA-N,butan-1-ol,C4H10O,10.1016/j.fluid.2014.06.019,2014,"Boiling temperature at pressure P, K",Liquid,"[""Liquid"",""Gas""]",Distillation,390.82,"{""nPropDigits"":5,""nPropNumber"":1,""CombinedUncertainty"":{""nCombUncertAssessNum"":1,""nCombExpandUncertValue"":0.21},""nPropValue"":390.82}",variable,"{""nVarDigits"":4,""nVarNumber"":1,""nVarValue"":101.3}",390.82,True,,101300.0,False,False,False
10.1016/j.fluid.2014.06.019#d5#p1#r1,10.1016/j.fluid.2014.06.019#d5#p1,10.1016/j.fluid.2014.06.019.json,5,1,1,"InChI=1S/C4H10O3/c1-5-3-7-4-6-2/h3-4H2,1-2H3",NSPJNIDYTSSIIY-UHFFFAOYSA-N,"2,4,6-trioxaheptane",C4H10O3,10.1016/j.fluid.2014.06.019,2014,"Boiling temperature at pressure P, K",Liquid,"[""Liquid"",""Gas""]",Distillation,377.95,"{""nPropValue"":377.95,""CombinedUncertainty"":{""nCombUncertAssessNum"":1,""nCombExpandUncertValue"":0.21},""nPropNumber"":1,""nPropDigits"":5}",variable,"{""nVarDigits"":4,""nVarNumber"":1,""nVarValue"":101.3}",377.95,True,,101300.0,False,False,False
10.1016/j.fluid.2014.06.019#d8#p1#r1,10.1016/j.fluid.2014.06.019#d8#p1,10.1016/j.fluid.2014.06.019.json,8,1,1,"InChI=1S/C5H12O4/c1-6-3-8-5-9-4-7-2/h3-5H2,1-2H3",NYENPQBYHWPGNG-UHFFFAOYSA-N,"2,4,6,8-tetraoxanonane",C5H12O4,10.1016/j.fluid.2014.06.019,2014,"Boiling temperature at pressure P, K",Liquid,"[""Liquid"",""Gas""]",Distillation,428.87,"{""nPropValue"":428.87,""CombinedUncertainty"":{""nCombExpandUncertValue"":0.21,""nCombUncertAssessNum"":1},""nPropNumber"":1,""nPropDigits"":5}",variable,"{""nVarDigits"":4,""nVarNumber"":1,""nVarValue"":101.3}",428.87,True,,101300.0,False,False,False
10.1016/j.fluid.2014.07.011#d1#p1#r1,10.1016/j.fluid.2014.07.011#d1#p1,10.1016/j.fluid.2014.07.011.json,1,1,1,"InChI=1S/C5H10O/c6-5-3-1-2-4-5/h5-6H,1-4H2",XCIXKGXIYUWCLL-UHFFFAOYSA-N,cyclopentanol,C5H10O,10.1016/j.fluid.2014.07.011,2014,"Boiling temperature at pressure P, K",Liquid,"[""Liquid"",""Gas""]",Ebulliometric method (Recirculating still),412.5,"{""nPropDigits"":4,""nPropNumber"":1,""CombinedUncertainty"":{""nCombExpandUncertValue"":1.6,""nCombUncertAssessNum"":1},""nPropValue"":412.5}",variable,"{""nVarValue"":101,""nVarNumber"":1,""nVarDigits"":1}",412.5,True,,101000,True,False,False
10.1016/j.fluid.2014.07.011#d2#p1#r1,10.1016/j.fluid.2014.07.011#d2#p1,10.1016/j.fluid.2014.07.011.json,2,1,1,InChI=1S/C5H4O2/c6-4-5-2-1-3-7-5/h1-4H,HYBBIBNJHNGZAN-UHFFFAOYSA-N,2-furaldehyde,C5H4O2,10.1016/j.fluid.2014.07.011,2014,"Boiling temperature at pressure P, K",Liquid,"[""Liquid"",""Gas""]",Ebulliometric method (Recirculating still),435,"{""nPropValue"":435,""CombinedUncertainty"":{""nCombUncertAssessNum"":1,""nCombExpandUncertValue"":1.6},""nPropDigits"":4,""nPropNumber"":1}",variable,"{""nVarDigits"":1,""nVarNumber"":1,""nVarValue"":101}",435,True,,101000,True,False,False
10.1016/j.fluid.2014.07.011#d3#p1#r1,10.1016/j.fluid.2014.07.011#d3#p1,10.1016/j.fluid.2014.07.011.json,3,1,1,"InChI=1S/C4H10O/c1-2-3-4-5/h5H,2-4H2,1H3",LRHPLDYGYMQRHN-UHFFFAOYSA-N,butan-1-ol,C4H10O,10.1016/j.fluid.2014.07.011,2014,"Boiling temperature at pressure P, K",Liquid,"[""Liquid"",""Gas""]",Ebulliometric method (Recirculating still),390.8,"{""nPropNumber"":1,""nPropDigits"":4,""CombinedUncertainty"":{""nCombExpandUncertValue"":1.6,""nCombUncertAssessNum"":1},""nPropValue"":390.8}",variable,"{""nVarNumber"":1,""nVarDigits"":1,""nVarValue"":101}",390.8,True,,101000,True,False,False
10.1016/j.fluid.2014.07.011#d4#p1#r1,10.1016/j.fluid.2014.07.011#d4#p1,10.1016/j.fluid.2014.07.011.json,4,1,1,"InChI=1S/C6H12O/c1-5(2)4-6(3)7/h5H,4H2,1-3H3",NTIZESTWPVYFNL-UHFFFAOYSA-N,4-methylpentan-2-one,C6H12O,10.1016/j.fluid.2014.07.011,2014,"Boiling temperature at pressure P, K",Liquid,"[""Liquid"",""Gas""]",Ebulliometric method (Recirculating still),390.5,"{""nPropValue"":390.5,""CombinedUncertainty"":{""nCombUncertAssessNum"":1,""nCombExpandUncertValue"":1.6},""nPropDigits"":4,""nPropNumber"":1}",variable,"{""nVarDigits"":1,""nVarNumber"":1,""nVarValue"":101}",390.5,True,,101000,True,False,False
10.1016/j.fluid.2014.07.011#d5#p1#r1,10.1016/j.fluid.2014.07.011#d5#p1,10.1016/j.fluid.2014.07.011.json,5,1,1,"InChI=1S/C4H8O2/c1-3-6-4(2)5/h3H2,1-2H3",XEKOWRVHYACXOJ-UHFFFAOYSA-N,ethyl acetate,C4H8O2,10.1016/j.fluid.2014.07.011,2014,"Boiling temperature at pressure P, K",Liquid,"[""Liquid"",""Gas""]",Ebulliometric method (Recirculating still),350.2,"{""nPropValue"":350.2,""CombinedUncertainty"":{""nCombUncertAssessNum"":1,""nCombExpandUncertValue"":1.6},""nPropDigits"":4,""nPropNumber"":1}",variable,"{""nVarValue"":101,""nVarNumber"":1,""nVarDigits"":1}",350.2,True,,101000,True,False,False
10.1016/j.fluid.2014.07.041#d1#p1#r1,10.1016/j.fluid.2014.07.041#d1#p1,10.1016/j.fluid.2014.07.041.json,1,1,1,"InChI=1S/C3H8O2/c1-5-3-2-4/h4H,2-3H2,1H3",XNWFRZJHXBZDAG-UHFFFAOYSA-N,2-methoxyethan-1-ol,C3H8O2,10.1016/j.fluid.2014.07.041,2014,"Boiling temperature at pressure P, K",Liquid,"[""Liquid"",""Gas""]",Ebulliometric method (Recirculating still),397.67,"{""nPropDigits"":5,""nPropNumber"":1,""nPropValue"":397.67,""CombinedUncertainty"":{""nCombUncertAssessNum"":1,""nCombExpandUncertValue"":0.1}}",variable,"{""nVarValue"":101.33,""nVarDigits"":5,""nVarNumber"":1}",397.67,True,,101330.0,True,False,False
10.1016/j.fluid.2014.07.041#d3#p1#r1,10.1016/j.fluid.2014.07.041#d3#p1,10.1016/j.fluid.2014.07.041.json,3,1,1,"InChI=1S/C4H10O2/c1-2-6-4-3-5/h5H,2-4H2,1H3",ZNQVEEAIQZEUHB-UHFFFAOYSA-N,2-ethoxyethan-1-ol,C4H10O2,10.1016/j.fluid.2014.07.041,2014,"Boiling temperature at pressure P, K",Liquid,"[""Liquid"",""Gas""]",Ebulliometric method (Recirculating still),408.62,"{""nPropValue"":408.62,""CombinedUncertainty"":{""nCombUncertAssessNum"":1,""nCombExpandUncertValue"":0.1},""nPropNumber"":1,""nPropDigits"":5}",variable,"{""nVarDigits"":5,""nVarNumber"":1,""nVarValue"":101.33}",408.62,True,,101330.0,True,False,False
10.1016/j.fluid.2014.07.041#d5#p1#r1,10.1016/j.fluid.2014.07.041#d5#p1,10.1016/j.fluid.2014.07.041.json,5,1,1,"InChI=1S/C7H14/c1-7-5-3-2-4-6-7/h7H,2-6H2,1H3",UAEPNZWRGJTJPN-UHFFFAOYSA-N,methylcyclohexane,C7H14,10.1016/j.fluid.2014.07.041,2014,"Boiling temperature at pressure P, K",Liquid,"[""Liquid"",""Gas""]",Ebulliometric method (Recirculating still),373.88,"{""nPropNumber"":1,""nPropDigits"":5,""CombinedUncertainty"":{""nCombUncertAssessNum"":1,""nCombExpandUncertValue"":0.1},""nPropValue"":373.88}",variable,"{""nVarNumber"":1,""nVarDigits"":5,""nVarValue"":101.33}",373.88,True,,101330.0,True,False,False
10.1016/j.fluid.2014.09.014#d3#p1#r1,10.1016/j.fluid.2014.09.014#d3#p1,10.1016/j.fluid.2014.09.014.json,3,1,1,"InChI=1S/CH4O/c1-2/h2H,1H3",OKKJLVBELUTLKV-UHFFFAOYSA-N,methanol,CH4O,10.1016/j.fluid.2014.09.014,2014,"Boiling temperature at pressure P, K",Liquid,"[""Liquid"",""Gas""]",Ebulliometric method (Recirculating still),306.91,"{""nPropNumber"":1,""nPropDigits"":5,""nPropValue"":306.91,""CombinedUncertainty"":{""nCombExpandUncertValue"":0.29,""nCombUncertAssessNum"":1}}",variable,"{""nVarNumber"":1,""nVarDigits"":4,""nVarValue"":26.55}",306.91,True,,26550.0,True,False,False
10.1016/j.fluid.2014.09.014#d3#p1#r2,10.1016/j.fluid.2014.09.014#d3#p1,10.1016/j.fluid.2014.09.014.json,3,1,2,"InChI=1S/CH4O/c1-2/h2H,1H3",OKKJLVBELUTLKV-UHFFFAOYSA-N,methanol,CH4O,10.1016/j.fluid.2014.09.014,2014,"Boiling temperature at pressure P, K",Liquid,"[""Liquid"",""Gas""]",Ebulliometric method (Recirculating still),309.1,"{""nPropValue"":309.1,""CombinedUncertainty"":{""nCombUncertAssessNum"":1,""nCombExpandUncertValue"":0.31},""nPropNumber"":1,""nPropDigits"":5}",variable,"{""nVarNumber"":1,""nVarDigits"":4,""nVarValue"":29.52}",309.1,True,,29520.0,True,False,False
10.1016/j.fluid.2014.09.014#d3#p1#r3,10.1016/j.fluid.2014.09.014#d3#p1,10.1016/j.fluid.2014.09.014.json,3,1,3,"InChI=1S/CH4O/c1-2/h2H,1H3",OKKJLVBELUTLKV-UHFFFAOYSA-N,methanol,CH4O,10.1016/j.fluid.2014.09.014,2014,"Boiling temperature at pressure P, K",Liquid,"[""Liquid"",""Gas""]",Ebulliometric method (Recirculating still),311.09,"{""nPropValue"":311.09,""CombinedUncertainty"":{""nCombExpandUncertValue"":0.31,""nCombUncertAssessNum"":1},""nPropNumber"":1,""nPropDigits"":5}",variable,"{""nVarDigits"":4,""nVarNumber"":1,""nVarValue"":32.46}",311.09,True,,32460.0,True,False,False
10.1016/j.fluid.2014.09.014#d3#p1#r4,10.1016/j.fluid.2014.09.014#d3#p1,10.1016/j.fluid.2014.09.014.json,3,1,4,"InChI=1S/CH4O/c1-2/h2H,1H3",OKKJLVBELUTLKV-UHFFFAOYSA-N,methanol,CH4O,10.1016/j.fluid.2014.09.014,2014,"Boiling temperature at pressure P, K",Liquid,"[""Liquid"",""Gas""]",Ebulliometric method (Recirculating still),313.08,"{""nPropNumber"":1,""nPropDigits"":5,""nPropValue"":313.08,""CombinedUncertainty"":{""nCombExpandUncertValue"":0.32,""nCombUncertAssessNum"":1}}",variable,"{""nVarValue"":35.65,""nVarDigits"":4,""nVarNumber"":1}",313.08,True,,35650.0,True,False,False
10.1016/j.fluid.2014.09.014#d3#p1#r5,10.1016/j.fluid.2014.09.014#d3#p1,10.1016/j.fluid.2014.09.014.json,3,1,5,"InChI=1S/CH4O/c1-2/h2H,1H3",OKKJLVBELUTLKV-UHFFFAOYSA-N,methanol,CH4O,10.1016/j.fluid.2014.09.014,2014,"Boiling temperature at pressure P, K",Liquid,"[""Liquid"",""Gas""]",Ebulliometric method (Recirculating still),314.34,"{""nPropDigits"":5,""nPropNumber"":1,""CombinedUncertainty"":{""nCombUncertAssessNum"":1,""nCombExpandUncertValue"":0.32},""nPropValue"":314.34}",variable,"{""nVarDigits"":4,""nVarNumber"":1,""nVarValue"":37.8}",314.34,True,,37800.0,True,False,False
10.1016/j.fluid.2014.09.014#d3#p1#r6,10.1016/j.fluid.2014.09.014#d3#p1,10.1016/j.fluid.2014.09.014.json,3,1,6,"InChI=1S/CH4O/c1-2/h2H,1H3",OKKJLVBELUTLKV-UHFFFAOYSA-N,methanol,CH4O,10.1016/j.fluid.2014.09.014,2014,"Boiling temperature at pressure P, K",Liquid,"[""Liquid"",""Gas""]",Ebulliometric method (Recirculating still),315.91,"{""nPropNumber"":1,""nPropDigits"":5,""nPropValue"":315.91,""CombinedUncertainty"":{""nCombExpandUncertValue"":0.33,""nCombUncertAssessNum"":1}}",variable,"{""nVarNumber"":1,""nVarDigits"":4,""nVarValue"":40.63}",315.91,True,,40630.0,True,False,False
10.1016/j.fluid.2014.09.014#d3#p1#r7,10.1016/j.fluid.2014.09.014#d3#p1,10.1016/j.fluid.2014.09.014.json,3,1,7,"InChI=1S/CH4O/c1-2/h2H,1H3",OKKJLVBELUTLKV-UHFFFAOYSA-N,methanol,CH4O,10.1016/j.fluid.2014.09.014,2014,"Boiling temperature at pressure P, K",Liquid,"[""Liquid"",""Gas""]",Ebulliometric method (Recirculating still),317.27,"{""nPropNumber"":1,""nPropDigits"":5,""nPropValue"":317.27,""CombinedUncertainty"":{""nCombUncertAssessNum"":1,""nCombExpandUncertValue"":0.33}}",variable,"{""nVarValue"":43.23,""nVarNumber"":1,""nVarDigits"":4}",317.27,True,,43230.0,True,False,False
10.1016/j.fluid.2014.09.014#d3#p1#r8,10.1016/j.fluid.2014.09.014#d3#p1,10.1016/j.fluid.2014.09.014.json,3,1,8,"InChI=1S/CH4O/c1-2/h2H,1H3",OKKJLVBELUTLKV-UHFFFAOYSA-N,methanol,CH4O,10.1016/j.fluid.2014.09.014,2014,"Boiling temperature at pressure P, K",Liquid,"[""Liquid"",""Gas""]",Ebulliometric method (Recirculating still),317.98,"{""CombinedUncertainty"":{""nCombExpandUncertValue"":0.32,""nCombUncertAssessNum"":1},""nPropValue"":317.98,""nPropNumber"":1,""nPropDigits"":5}",variable,"{""nVarNumber"":1,""nVarDigits"":4,""nVarValue"":44.63}",317.98,True,,44630.0,True,False,False
10.1016/j.fluid.2014.09.014#d3#p1#r9,10.1016/j.fluid.2014.09.014#d3#p1,10.1016/j.fluid.2014.09.014.json,3,1,9,"InChI=1S/CH4O/c1-2/h2H,1H3",OKKJLVBELUTLKV-UHFFFAOYSA-N,methanol,CH4O,10.1016/j.fluid.2014.09.014,2014,"Boiling temperature at pressure P, K",Liquid,"[""Liquid"",""Gas""]",Ebulliometric method (Recirculating still),319.77,"{""nPropValue"":319.77,""CombinedUncertainty"":{""nCombExpandUncertValue"":0.34,""nCombUncertAssessNum"":1},""nPropDigits"":5,""nPropNumber"":1}",variable,"{""nVarValue"":48.35,""nVarDigits"":4,""nVarNumber"":1}",319.77,True,,48350.0,True,False,False
10.1016/j.fluid.2014.09.014#d3#p1#r10,10.1016/j.fluid.2014.09.014#d3#p1,10.1016/j.fluid.2014.09.014.json,3,1,10,"InChI=1S/CH4O/c1-2/h2H,1H3",OKKJLVBELUTLKV-UHFFFAOYSA-N,methanol,CH4O,10.1016/j.fluid.2014.09.014,2014,"Boiling temperature at pressure P, K",Liquid,"[""Liquid"",""Gas""]",Ebulliometric method (Recirculating still),321.15,"{""nPropDigits"":5,""nPropNumber"":1,""nPropValue"":321.15,""CombinedUncertainty"":{""nCombExpandUncertValue"":0.34,""nCombUncertAssessNum"":1}}",variable,"{""nVarDigits"":4,""nVarNumber"":1,""nVarValue"":51.4}",321.15,True,,51400.0,True,False,False
10.1016/j.fluid.2014.09.014#d3#p1#r11,10.1016/j.fluid.2014.09.014#d3#p1,10.1016/j.fluid.2014.09.014.json,3,1,11,"InChI=1S/CH4O/c1-2/h2H,1H3",OKKJLVBELUTLKV-UHFFFAOYSA-N,methanol,CH4O,10.1016/j.fluid.2014.09.014,2014,"Boiling temperature at pressure P, K",Liquid,"[""Liquid"",""Gas""]",Ebulliometric method (Recirculating still),322.26,"{""CombinedUncertainty"":{""nCombUncertAssessNum"":1,""nCombExpandUncertValue"":0.34},""nPropValue"":322.26,""nPropNumber"":1,""nPropDigits"":5}",variable,"{""nVarNumber"":1,""nVarDigits"":4,""nVarValue"":53.97}",322.26,True,,53970.0,True,False,False
10.1016/j.fluid.2014.09.014#d3#p1#r12,10.1016/j.fluid.2014.09.014#d3#p1,10.1016/j.fluid.2014.09.014.json,3,1,12,"InChI=1S/CH4O/c1-2/h2H,1H3",OKKJLVBELUTLKV-UHFFFAOYSA-N,methanol,CH4O,10.1016/j.fluid.2014.09.014,2014,"Boiling temperature at pressure P, K",Liquid,"[""Liquid"",""Gas""]",Ebulliometric method (Recirculating still),323.47,"{""nPropValue"":323.47,""CombinedUncertainty"":{""nCombUncertAssessNum"":1,""nCombExpandUncertValue"":0.34},""nPropNumber"":1,""nPropDigits"":5}",variable,"{""nVarNumber"":1,""nVarDigits"":4,""nVarValue"":56.89}",323.47,True,,56890.0,True,False,False
10.1016/j.fluid.2014.09.014#d3#p1#r13,10.1016/j.fluid.2014.09.014#d3#p1,10.1016/j.fluid.2014.09.014.json,3,1,13,"InChI=1S/CH4O/c1-2/h2H,1H3",OKKJLVBELUTLKV-UHFFFAOYSA-N,methanol,CH4O,10.1016/j.fluid.2014.09.014,2014,"Boiling temperature at pressure P, K",Liquid,"[""Liquid"",""Gas""]",Ebulliometric method (Recirculating still),324.53,"{""nPropDigits"":5,""nPropNumber"":1,""nPropValue"":324.53,""CombinedUncertainty"":{""nCombUncertAssessNum"":1,""nCombExpandUncertValue"":0.34}}",variable,"{""nVarDigits"":4,""nVarNumber"":1,""nVarValue"":59.55}",324.53,True,,59550.0,True,False,False
10.1016/j.fluid.2014.09.014#d3#p1#r14,10.1016/j.fluid.2014.09.014#d3#p1,10.1016/j.fluid.2014.09.014.json,3,1,14,"InChI=1S/CH4O/c1-2/h2H,1H3",OKKJLVBELUTLKV-UHFFFAOYSA-N,methanol,CH4O,10.1016/j.fluid.2014.09.014,2014,"Boiling temperature at pressure P, K",Liquid,"[""Liquid"",""Gas""]",Ebulliometric method (Recirculating still),325.56,"{""CombinedUncertainty"":{""nCombUncertAssessNum"":1,""nCombExpandUncertValue"":0.35},""nPropValue"":325.56,""nPropNumber"":1,""nPropDigits"":5}",variable,"{""nVarValue"":62.25,""nVarDigits"":4,""nVarNumber"":1}",325.56,True,,62250.0,True,False,False
10.1016/j.fluid.2014.09.014#d3#p1#r15,10.1016/j.fluid.2014.09.014#d3#p1,10.1016/j.fluid.2014.09.014.json,3,1,15,"InChI=1S/CH4O/c1-2/h2H,1H3",OKKJLVBELUTLKV-UHFFFAOYSA-N,methanol,CH4O,10.1016/j.fluid.2014.09.014,2014,"Boiling temperature at pressure P, K",Liquid,"[""Liquid"",""Gas""]",Ebulliometric method (Recirculating still),326.54,"{""nPropDigits"":5,""nPropNumber"":1,""nPropValue"":326.54,""CombinedUncertainty"":{""nCombExpandUncertValue"":0.35,""nCombUncertAssessNum"":1}}",variable,"{""nVarValue"":64.9,""nVarDigits"":4,""nVarNumber"":1}",326.54,True,,64900.00000000001,True,False,False
10.1016/j.fluid.2014.09.014#d3#p1#r16,10.1016/j.fluid.2014.09.014#d3#p1,10.1016/j.fluid.2014.09.014.json,3,1,16,"InChI=1S/CH4O/c1-2/h2H,1H3",OKKJLVBELUTLKV-UHFFFAOYSA-N,methanol,CH4O,10.1016/j.fluid.2014.09.014,2014,"Boiling temperature at pressure P, K",Liquid,"[""Liquid"",""Gas""]",Ebulliometric method (Recirculating still),327.47,"{""nPropNumber"":1,""nPropDigits"":5,""nPropValue"":327.47,""CombinedUncertainty"":{""nCombUncertAssessNum"":1,""nCombExpandUncertValue"":0.35}}",variable,"{""nVarValue"":67.5,""nVarDigits"":4,""nVarNumber"":1}",327.47,True,,67500.0,True,False,False
10.1016/j.fluid.2014.09.014#d3#p1#r17,10.1016/j.fluid.2014.09.014#d3#p1,10.1016/j.fluid.2014.09.014.json,3,1,17,"InChI=1S/CH4O/c1-2/h2H,1H3",OKKJLVBELUTLKV-UHFFFAOYSA-N,methanol,CH4O,10.1016/j.fluid.2014.09.014,2014,"Boiling temperature at pressure P, K",Liquid,"[""Liquid"",""Gas""]",Ebulliometric method (Recirculating still),328.36,"{""nPropValue"":328.36,""CombinedUncertainty"":{""nCombExpandUncertValue"":0.35,""nCombUncertAssessNum"":1},""nPropDigits"":5,""nPropNumber"":1}",variable,"{""nVarValue"":70.07,""nVarNumber"":1,""nVarDigits"":4}",328.36,True,,70070.0,True,False,False
10.1016/j.fluid.2014.09.014#d3#p1#r18,10.1016/j.fluid.2014.09.014#d3#p1,10.1016/j.fluid.2014.09.014.json,3,1,18,"InChI=1S/CH4O/c1-2/h2H,1H3",OKKJLVBELUTLKV-UHFFFAOYSA-N,methanol,CH4O,10.1016/j.fluid.2014.09.014,2014,"Boiling temperature at pressure P, K",Liquid,"[""Liquid"",""Gas""]",Ebulliometric method (Recirculating still),329.32,"{""CombinedUncertainty"":{""nCombUncertAssessNum"":1,""nCombExpandUncertValue"":0.35},""nPropValue"":329.32,""nPropNumber"":1,""nPropDigits"":5}",variable,"{""nVarValue"":72.95,""nVarNumber"":1,""nVarDigits"":4}",329.32,True,,72950.0,True,False,False
10.1016/j.fluid.2014.09.014#d3#p1#r19,10.1016/j.fluid.2014.09.014#d3#p1,10.1016/j.fluid.2014.09.014.json,3,1,19,"InChI=1S/CH4O/c1-2/h2H,1H3",OKKJLVBELUTLKV-UHFFFAOYSA-N,methanol,CH4O,10.1016/j.fluid.2014.09.014,2014,"Boiling temperature at pressure P, K",Liquid,"[""Liquid"",""Gas""]",Ebulliometric method (Recirculating still),330.2,"{""CombinedUncertainty"":{""nCombUncertAssessNum"":1,""nCombExpandUncertValue"":0.36},""nPropValue"":330.2,""nPropDigits"":5,""nPropNumber"":1}",variable,"{""nVarValue"":75.66,""nVarNumber"":1,""nVarDigits"":4}",330.2,True,,75660.0,True,False,False
10.1016/j.fluid.2014.09.014#d3#p1#r20,10.1016/j.fluid.2014.09.014#d3#p1,10.1016/j.fluid.2014.09.014.json,3,1,20,"InChI=1S/CH4O/c1-2/h2H,1H3",OKKJLVBELUTLKV-UHFFFAOYSA-N,methanol,CH4O,10.1016/j.fluid.2014.09.014,2014,"Boiling temperature at pressure P, K",Liquid,"[""Liquid"",""Gas""]",Ebulliometric method (Recirculating still),331.05,"{""nPropDigits"":5,""nPropNumber"":1,""CombinedUncertainty"":{""nCombExpandUncertValue"":0.36,""nCombUncertAssessNum"":1},""nPropValue"":331.05}",variable,"{""nVarDigits"":4,""nVarNumber"":1,""nVarValue"":78.35}",331.05,True,,78350.0,True,False,False
10.1016/j.fluid.2014.09.014#d3#p1#r21,10.1016/j.fluid.2014.09.014#d3#p1,10.1016/j.fluid.2014.09.014.json,3,1,21,"InChI=1S/CH4O/c1-2/h2H,1H3",OKKJLVBELUTLKV-UHFFFAOYSA-N,methanol,CH4O,10.1016/j.fluid.2014.09.014,2014,"Boiling temperature at pressure P, K",Liquid,"[""Liquid"",""Gas""]",Ebulliometric method (Recirculating still),331.87,"{""nPropNumber"":1,""nPropDigits"":5,""nPropValue"":331.87,""CombinedUncertainty"":{""nCombExpandUncertValue"":0.36,""nCombUncertAssessNum"":1}}",variable,"{""nVarValue"":81.05,""nVarDigits"":4,""nVarNumber"":1}",331.87,True,,81050.0,True,False,False
10.1016/j.fluid.2014.09.014#d3#p1#r22,10.1016/j.fluid.2014.09.014#d3#p1,10.1016/j.fluid.2014.09.014.json,3,1,22,"InChI=1S/CH4O/c1-2/h2H,1H3",OKKJLVBELUTLKV-UHFFFAOYSA-N,methanol,CH4O,10.1016/j.fluid.2014.09.014,2014,"Boiling temperature at pressure P, K",Liquid,"[""Liquid"",""Gas""]",Ebulliometric method (Recirculating still),332.67,"{""nPropValue"":332.67,""CombinedUncertainty"":{""nCombExpandUncertValue"":0.36,""nCombUncertAssessNum"":1},""nPropDigits"":5,""nPropNumber"":1}",variable,"{""nVarValue"":83.76,""nVarDigits"":4,""nVarNumber"":1}",332.67,True,,83760.0,True,False,False
10.1016/j.fluid.2014.09.014#d3#p1#r23,10.1016/j.fluid.2014.09.014#d3#p1,10.1016/j.fluid.2014.09.014.json,3,1,23,"InChI=1S/CH4O/c1-2/h2H,1H3",OKKJLVBELUTLKV-UHFFFAOYSA-N,methanol,CH4O,10.1016/j.fluid.2014.09.014,2014,"Boiling temperature at pressure P, K",Liquid,"[""Liquid"",""Gas""]",Ebulliometric method (Recirculating still),333.45,"{""nPropDigits"":5,""nPropNumber"":1,""nPropValue"":333.45,""CombinedUncertainty"":{""nCombExpandUncertValue"":0.35,""nCombUncertAssessNum"":1}}",variable,"{""nVarValue"":86.46,""nVarDigits"":4,""nVarNumber"":1}",333.45,True,,86460.0,True,False,False
10.1016/j.fluid.2014.09.014#d3#p1#r24,10.1016/j.fluid.2014.09.014#d3#p1,10.1016/j.fluid.2014.09.014.json,3,1,24,"InChI=1S/CH4O/c1-2/h2H,1H3",OKKJLVBELUTLKV-UHFFFAOYSA-N,methanol,CH4O,10.1016/j.fluid.2014.09.014,2014,"Boiling temperature at pressure P, K",Liquid,"[""Liquid"",""Gas""]",Ebulliometric method (Recirculating still),336.15,"{""nPropValue"":336.15,""CombinedUncertainty"":{""nCombExpandUncertValue"":0.39,""nCombUncertAssessNum"":1},""nPropDigits"":5,""nPropNumber"":1}",variable,"{""nVarValue"":96.35,""nVarDigits"":4,""nVarNumber"":1}",336.15,True,,96350.0,True,False,False
10.1016/j.fluid.2014.09.014#d8#p1#r1,10.1016/j.fluid.2014.09.014#d8#p1,10.1016/j.fluid.2014.09.014.json,8,1,1,"InChI=1S/C3H8O/c1-3(2)4/h3-4H,1-2H3",KFZMGEQAYNKOFK-UHFFFAOYSA-N,propan-2-ol,C3H8O,10.1016/j.fluid.2014.09.014,2014,"Boiling temperature at pressure P, K",Liquid,"[""Liquid"",""Gas""]",Ebulliometric method (Recirculating still),312.63,"{""nPropNumber"":1,""nPropDigits"":5,""nPropValue"":312.63,""CombinedUncertainty"":{""nCombUncertAssessNum"":1,""nCombExpandUncertValue"":0.27}}",variable,"{""nVarNumber"":1,""nVarDigits"":4,""nVarValue"":14.02}",312.63,True,,14020.0,True,True,False
10.1016/j.fluid.2014.09.014#d8#p1#r2,10.1016/j.fluid.2014.09.014#d8#p1,10.1016/j.fluid.2014.09.014.json,8,1,2,"InChI=1S/C3H8O/c1-3(2)4/h3-4H,1-2H3",KFZMGEQAYNKOFK-UHFFFAOYSA-N,propan-2-ol,C3H8O,10.1016/j.fluid.2014.09.014,2014,"Boiling temperature at pressure P, K",Liquid,"[""Liquid"",""Gas""]",Ebulliometric method (Recirculating still),315.22,"{""nPropNumber"":1,""nPropDigits"":5,""nPropValue"":315.22,""CombinedUncertainty"":{""nCombExpandUncertValue"":0.28,""nCombUncertAssessNum"":1}}",variable,"{""nVarValue"":16.09,""nVarNumber"":1,""nVarDigits"":4}",315.22,True,,16090.0,True,True,False
10.1016/j.fluid.2014.09.014#d8#p1#r3,10.1016/j.fluid.2014.09.014#d8#p1,10.1016/j.fluid.2014.09.014.json,8,1,3,"InChI=1S/C3H8O/c1-3(2)4/h3-4H,1-2H3",KFZMGEQAYNKOFK-UHFFFAOYSA-N,propan-2-ol,C3H8O,10.1016/j.fluid.2014.09.014,2014,"Boiling temperature at pressure P, K",Liquid,"[""Liquid"",""Gas""]",Ebulliometric method (Recirculating still),318.35,"{""CombinedUncertainty"":{""nCombExpandUncertValue"":0.29,""nCombUncertAssessNum"":1},""nPropValue"":318.35,""nPropNumber"":1,""nPropDigits"":5}",variable,"{""nVarNumber"":1,""nVarDigits"":4,""nVarValue"":18.94}",318.35,True,,18940.0,True,True,False
10.1016/j.fluid.2014.09.014#d8#p1#r4,10.1016/j.fluid.2014.09.014#d8#p1,10.1016/j.fluid.2014.09.014.json,8,1,4,"InChI=1S/C3H8O/c1-3(2)4/h3-4H,1-2H3",KFZMGEQAYNKOFK-UHFFFAOYSA-N,propan-2-ol,C3H8O,10.1016/j.fluid.2014.09.014,2014,"Boiling temperature at pressure P, K",Liquid,"[""Liquid"",""Gas""]",Ebulliometric method (Recirculating still),320.97,"{""nPropDigits"":5,""nPropNumber"":1,""nPropValue"":320.97,""CombinedUncertainty"":{""nCombExpandUncertValue"":0.3,""nCombUncertAssessNum"":1}}",variable,"{""nVarValue"":21.65,""nVarDigits"":4,""nVarNumber"":1}",320.97,True,,21650.0,True,False,False
10.1016/j.fluid.2014.09.014#d8#p1#r5,10.1016/j.fluid.2014.09.014#d8#p1,10.1016/j.fluid.2014.09.014.json,8,1,5,"InChI=1S/C3H8O/c1-3(2)4/h3-4H,1-2H3",KFZMGEQAYNKOFK-UHFFFAOYSA-N,propan-2-ol,C3H8O,10.1016/j.fluid.2014.09.014,2014,"Boiling temperature at pressure P, K",Liquid,"[""Liquid"",""Gas""]",Ebulliometric method (Recirculating still),323.46,"{""nPropValue"":323.46,""CombinedUncertainty"":{""nCombExpandUncertValue"":0.3,""nCombUncertAssessNum"":1},""nPropDigits"":5,""nPropNumber"":1}",variable,"{""nVarDigits"":4,""nVarNumber"":1,""nVarValue"":24.56}",323.46,True,,24560.0,True,False,False
10.1016/j.fluid.2014.09.014#d8#p1#r6,10.1016/j.fluid.2014.09.014#d8#p1,10.1016/j.fluid.2014.09.014.json,8,1,6,"InChI=1S/C3H8O/c1-3(2)4/h3-4H,1-2H3",KFZMGEQAYNKOFK-UHFFFAOYSA-N,propan-2-ol,C3H8O,10.1016/j.fluid.2014.09.014,2014,"Boiling temperature at pressure P, K",Liquid,"[""Liquid"",""Gas""]",Ebulliometric method (Recirculating still),325.36,"{""nPropValue"":325.36,""CombinedUncertainty"":{""nCombUncertAssessNum"":1,""nCombExpandUncertValue"":0.3},""nPropDigits"":5,""nPropNumber"":1}",variable,"{""nVarValue"":26.99,""nVarNumber"":1,""nVarDigits"":4}",325.36,True,,26990.0,True,False,False
10.1016/j.fluid.2014.09.014#d8#p1#r7,10.1016/j.fluid.2014.09.014#d8#p1,10.1016/j.fluid.2014.09.014.json,8,1,7,"InChI=1S/C3H8O/c1-3(2)4/h3-4H,1-2H3",KFZMGEQAYNKOFK-UHFFFAOYSA-N,propan-2-ol,C3H8O,10.1016/j.fluid.2014.09.014,2014,"Boiling temperature at pressure P, K",Liquid,"[""Liquid"",""Gas""]",Ebulliometric method (Recirculating still),327.3,"{""nPropNumber"":1,""nPropDigits"":5,""CombinedUncertainty"":{""nCombUncertAssessNum"":1,""nCombExpandUncertValue"":0.31},""nPropValue"":327.3}",variable,"{""nVarDigits"":4,""nVarNumber"":1,""nVarValue"":29.69}",327.3,True,,29690.0,True,False,False
10.1016/j.fluid.2014.09.014#d8#p1#r8,10.1016/j.fluid.2014.09.014#d8#p1,10.1016/j.fluid.2014.09.014.json,8,1,8,"InChI=1S/C3H8O/c1-3(2)4/h3-4H,1-2H3",KFZMGEQAYNKOFK-UHFFFAOYSA-N,propan-2-ol,C3H8O,10.1016/j.fluid.2014.09.014,2014,"Boiling temperature at pressure P, K",Liquid,"[""Liquid"",""Gas""]",Ebulliometric method (Recirculating still),329.19,"{""nPropNumber"":1,""nPropDigits"":5,""CombinedUncertainty"":{""nCombUncertAssessNum"":1,""nCombExpandUncertValue"":0.31},""nPropValue"":329.19}",variable,"{""nVarValue"":32.53,""nVarDigits"":4,""nVarNumber"":1}",329.19,True,,32530.0,True,False,False
10.1016/j.fluid.2014.09.014#d8#p1#r9,10.1016/j.fluid.2014.09.014#d8#p1,10.1016/j.fluid.2014.09.014.json,8,1,9,"InChI=1S/C3H8O/c1-3(2)4/h3-4H,1-2H3",KFZMGEQAYNKOFK-UHFFFAOYSA-N,propan-2-ol,C3H8O,10.1016/j.fluid.2014.09.014,2014,"Boiling temperature at pressure P, K",Liquid,"[""Liquid"",""Gas""]",Ebulliometric method (Recirculating still),331.35,"{""nPropNumber"":1,""nPropDigits"":5,""nPropValue"":331.35,""CombinedUncertainty"":{""nCombUncertAssessNum"":1,""nCombExpandUncertValue"":0.32}}",variable,"{""nVarNumber"":1,""nVarDigits"":4,""nVarValue"":36.08}",331.35,True,,36080.0,True,False,False
10.1016/j.fluid.2014.09.014#d8#p1#r10,10.1016/j.fluid.2014.09.014#d8#p1,10.1016/j.fluid.2014.09.014.json,8,1,10,"InChI=1S/C3H8O/c1-3(2)4/h3-4H,1-2H3",KFZMGEQAYNKOFK-UHFFFAOYSA-N,propan-2-ol,C3H8O,10.1016/j.fluid.2014.09.014,2014,"Boiling temperature at pressure P, K",Liquid,"[""Liquid"",""Gas""]",Ebulliometric method (Recirculating still),332.6,"{""nPropNumber"":1,""nPropDigits"":5,""nPropValue"":332.6,""CombinedUncertainty"":{""nCombExpandUncertValue"":0.32,""nCombUncertAssessNum"":1}}",variable,"{""nVarDigits"":4,""nVarNumber"":1,""nVarValue"":38.28}",332.6,True,,38280.0,True,False,False
10.1016/j.fluid.2014.09.014#d8#p1#r11,10.1016/j.fluid.2014.09.014#d8#p1,10.1016/j.fluid.2014.09.014.json,8,1,11,"InChI=1S/C3H8O/c1-3(2)4/h3-4H,1-2H3",KFZMGEQAYNKOFK-UHFFFAOYSA-N,propan-2-ol,C3H8O,10.1016/j.fluid.2014.09.014,2014,"Boiling temperature at pressure P, K",Liquid,"[""Liquid"",""Gas""]",Ebulliometric method (Recirculating still),333.8,"{""CombinedUncertainty"":{""nCombExpandUncertValue"":0.32,""nCombUncertAssessNum"":1},""nPropValue"":333.8,""nPropNumber"":1,""nPropDigits"":5}",variable,"{""nVarDigits"":4,""nVarNumber"":1,""nVarValue"":40.49}",333.8,True,,40490.0,True,False,False
10.1016/j.fluid.2014.09.014#d8#p1#r12,10.1016/j.fluid.2014.09.014#d8#p1,10.1016/j.fluid.2014.09.014.json,8,1,12,"InChI=1S/C3H8O/c1-3(2)4/h3-4H,1-2H3",KFZMGEQAYNKOFK-UHFFFAOYSA-N,propan-2-ol,C3H8O,10.1016/j.fluid.2014.09.014,2014,"Boiling temperature at pressure P, K",Liquid,"[""Liquid"",""Gas""]",Ebulliometric method (Recirculating still),335.42,"{""nPropDigits"":5,""nPropNumber"":1,""CombinedUncertainty"":{""nCombUncertAssessNum"":1,""nCombExpandUncertValue"":0.33},""nPropValue"":335.42}",variable,"{""nVarDigits"":4,""nVarNumber"":1,""nVarValue"":43.63}",335.42,True,,43630.0,True,False,False
10.1016/j.fluid.2014.09.014#d8#p1#r13,10.1016/j.fluid.2014.09.014#d8#p1,10.1016/j.fluid.2014.09.014.json,8,1,13,"InChI=1S/C3H8O/c1-3(2)4/h3-4H,1-2H3",KFZMGEQAYNKOFK-UHFFFAOYSA-N,propan-2-ol,C3H8O,10.1016/j.fluid.2014.09.014,2014,"Boiling temperature at pressure P, K",Liquid,"[""Liquid"",""Gas""]",Ebulliometric method (Recirculating still),336.52,"{""CombinedUncertainty"":{""nCombExpandUncertValue"":0.32,""nCombUncertAssessNum"":1},""nPropValue"":336.52,""nPropNumber"":1,""nPropDigits"":5}",variable,"{""nVarValue"":45.88,""nVarNumber"":1,""nVarDigits"":4}",336.52,True,,45880.0,True,False,False
10.1016/j.fluid.2014.09.014#d8#p1#r14,10.1016/j.fluid.2014.09.014#d8#p1,10.1016/j.fluid.2014.09.014.json,8,1,14,"InChI=1S/C3H8O/c1-3(2)4/h3-4H,1-2H3",KFZMGEQAYNKOFK-UHFFFAOYSA-N,propan-2-ol,C3H8O,10.1016/j.fluid.2014.09.014,2014,"Boiling temperature at pressure P, K",Liquid,"[""Liquid"",""Gas""]",Ebulliometric method (Recirculating still),337.86,"{""nPropDigits"":5,""nPropNumber"":1,""nPropValue"":337.86,""CombinedUncertainty"":{""nCombUncertAssessNum"":1,""nCombExpandUncertValue"":0.33}}",variable,"{""nVarValue"":48.77,""nVarNumber"":1,""nVarDigits"":4}",337.86,True,,48770.0,True,False,False
10.1016/j.fluid.2014.09.014#d8#p1#r15,10.1016/j.fluid.2014.09.014#d8#p1,10.1016/j.fluid.2014.09.014.json,8,1,15,"InChI=1S/C3H8O/c1-3(2)4/h3-4H,1-2H3",KFZMGEQAYNKOFK-UHFFFAOYSA-N,propan-2-ol,C3H8O,10.1016/j.fluid.2014.09.014,2014,"Boiling temperature at pressure P, K",Liquid,"[""Liquid"",""Gas""]",Ebulliometric method (Recirculating still),339.06,"{""nPropNumber"":1,""nPropDigits"":5,""CombinedUncertainty"":{""nCombExpandUncertValue"":0.33,""nCombUncertAssessNum"":1},""nPropValue"":339.06}",variable,"{""nVarNumber"":1,""nVarDigits"":4,""nVarValue"":51.47}",339.06,True,,51470.0,True,False,False
10.1016/j.fluid.2014.09.014#d8#p1#r16,10.1016/j.fluid.2014.09.014#d8#p1,10.1016/j.fluid.2014.09.014.json,8,1,16,"InChI=1S/C3H8O/c1-3(2)4/h3-4H,1-2H3",KFZMGEQAYNKOFK-UHFFFAOYSA-N,propan-2-ol,C3H8O,10.1016/j.fluid.2014.09.014,2014,"Boiling temperature at pressure P, K",Liquid,"[""Liquid"",""Gas""]",Ebulliometric method (Recirculating still),340.23,"{""nPropNumber"":1,""nPropDigits"":5,""nPropValue"":340.23,""CombinedUncertainty"":{""nCombExpandUncertValue"":0.33,""nCombUncertAssessNum"":1}}",variable,"{""nVarDigits"":4,""nVarNumber"":1,""nVarValue"":54.24}",340.23,True,,54240.0,True,False,False
10.1016/j.fluid.2014.09.014#d8#p1#r17,10.1016/j.fluid.2014.09.014#d8#p1,10.1016/j.fluid.2014.09.014.json,8,1,17,"InChI=1S/C3H8O/c1-3(2)4/h3-4H,1-2H3",KFZMGEQAYNKOFK-UHFFFAOYSA-N,propan-2-ol,C3H8O,10.1016/j.fluid.2014.09.014,2014,"Boiling temperature at pressure P, K",Liquid,"[""Liquid"",""Gas""]",Ebulliometric method (Recirculating still),341.27,"{""nPropDigits"":5,""nPropNumber"":1,""CombinedUncertainty"":{""nCombExpandUncertValue"":0.33,""nCombUncertAssessNum"":1},""nPropValue"":341.27}",variable,"{""nVarValue"":56.82,""nVarNumber"":1,""nVarDigits"":4}",341.27,True,,56820.0,True,False,False
10.1016/j.fluid.2014.09.014#d8#p1#r18,10.1016/j.fluid.2014.09.014#d8#p1,10.1016/j.fluid.2014.09.014.json,8,1,18,"InChI=1S/C3H8O/c1-3(2)4/h3-4H,1-2H3",KFZMGEQAYNKOFK-UHFFFAOYSA-N,propan-2-ol,C3H8O,10.1016/j.fluid.2014.09.014,2014,"Boiling temperature at pressure P, K",Liquid,"[""Liquid"",""Gas""]",Ebulliometric method (Recirculating still),342.35,"{""CombinedUncertainty"":{""nCombUncertAssessNum"":1,""nCombExpandUncertValue"":0.34},""nPropValue"":342.35,""nPropDigits"":5,""nPropNumber"":1}",variable,"{""nVarNumber"":1,""nVarDigits"":4,""nVarValue"":59.59}",342.35,True,,59590.0,True,False,False
10.1016/j.fluid.2014.09.014#d8#p1#r19,10.1016/j.fluid.2014.09.014#d8#p1,10.1016/j.fluid.2014.09.014.json,8,1,19,"InChI=1S/C3H8O/c1-3(2)4/h3-4H,1-2H3",KFZMGEQAYNKOFK-UHFFFAOYSA-N,propan-2-ol,C3H8O,10.1016/j.fluid.2014.09.014,2014,"Boiling temperature at pressure P, K",Liquid,"[""Liquid"",""Gas""]",Ebulliometric method (Recirculating still),343.3,"{""CombinedUncertainty"":{""nCombUncertAssessNum"":1,""nCombExpandUncertValue"":0.34},""nPropValue"":343.3,""nPropDigits"":5,""nPropNumber"":1}",variable,"{""nVarValue"":62.14,""nVarDigits"":4,""nVarNumber"":1}",343.3,True,,62140.0,True,False,False
10.1016/j.fluid.2014.09.014#d8#p1#r20,10.1016/j.fluid.2014.09.014#d8#p1,10.1016/j.fluid.2014.09.014.json,8,1,20,"InChI=1S/C3H8O/c1-3(2)4/h3-4H,1-2H3",KFZMGEQAYNKOFK-UHFFFAOYSA-N,propan-2-ol,C3H8O,10.1016/j.fluid.2014.09.014,2014,"Boiling temperature at pressure P, K",Liquid,"[""Liquid"",""Gas""]",Ebulliometric method (Recirculating still),344.58,"{""nPropDigits"":5,""nPropNumber"":1,""nPropValue"":344.58,""CombinedUncertainty"":{""nCombExpandUncertValue"":0.35,""nCombUncertAssessNum"":1}}",variable,"{""nVarDigits"":4,""nVarNumber"":1,""nVarValue"":65.69}",344.58,True,,65690.0,True,False,False
10.1016/j.fluid.2014.09.014#d8#p1#r21,10.1016/j.fluid.2014.09.014#d8#p1,10.1016/j.fluid.2014.09.014.json,8,1,21,"InChI=1S/C3H8O/c1-3(2)4/h3-4H,1-2H3",KFZMGEQAYNKOFK-UHFFFAOYSA-N,propan-2-ol,C3H8O,10.1016/j.fluid.2014.09.014,2014,"Boiling temperature at pressure P, K",Liquid,"[""Liquid"",""Gas""]",Ebulliometric method (Recirculating still),345.24,"{""nPropDigits"":5,""nPropNumber"":1,""CombinedUncertainty"":{""nCombUncertAssessNum"":1,""nCombExpandUncertValue"":0.34},""nPropValue"":345.24}",variable,"{""nVarNumber"":1,""nVarDigits"":4,""nVarValue"":67.6}",345.24,True,,67600.0,True,False,False
10.1016/j.fluid.2014.09.014#d8#p1#r22,10.1016/j.fluid.2014.09.014#d8#p1,10.1016/j.fluid.2014.09.014.json,8,1,22,"InChI=1S/C3H8O/c1-3(2)4/h3-4H,1-2H3",KFZMGEQAYNKOFK-UHFFFAOYSA-N,propan-2-ol,C3H8O,10.1016/j.fluid.2014.09.014,2014,"Boiling temperature at pressure P, K",Liquid,"[""Liquid"",""Gas""]",Ebulliometric method (Recirculating still),346.13,"{""CombinedUncertainty"":{""nCombUncertAssessNum"":1,""nCombExpandUncertValue"":0.34},""nPropValue"":346.13,""nPropDigits"":5,""nPropNumber"":1}",variable,"{""nVarValue"":70.27,""nVarDigits"":4,""nVarNumber"":1}",346.13,True,,70270.0,True,False,False
10.1016/j.fluid.2014.09.014#d8#p1#r23,10.1016/j.fluid.2014.09.014#d8#p1,10.1016/j.fluid.2014.09.014.json,8,1,23,"InChI=1S/C3H8O/c1-3(2)4/h3-4H,1-2H3",KFZMGEQAYNKOFK-UHFFFAOYSA-N,propan-2-ol,C3H8O,10.1016/j.fluid.2014.09.014,2014,"Boiling temperature at pressure P, K",Liquid,"[""Liquid"",""Gas""]",Ebulliometric method (Recirculating still),347.08,"{""nPropValue"":347.08,""CombinedUncertainty"":{""nCombExpandUncertValue"":0.35,""nCombUncertAssessNum"":1},""nPropDigits"":5,""nPropNumber"":1}",variable,"{""nVarDigits"":4,""nVarNumber"":1,""nVarValue"":73.16}",347.08,True,,73160.0,True,False,False
10.1016/j.fluid.2014.09.014#d8#p1#r24,10.1016/j.fluid.2014.09.014#d8#p1,10.1016/j.fluid.2014.09.014.json,8,1,24,"InChI=1S/C3H8O/c1-3(2)4/h3-4H,1-2H3",KFZMGEQAYNKOFK-UHFFFAOYSA-N,propan-2-ol,C3H8O,10.1016/j.fluid.2014.09.014,2014,"Boiling temperature at pressure P, K",Liquid,"[""Liquid"",""Gas""]",Ebulliometric method (Recirculating still),347.87,"{""nPropDigits"":5,""nPropNumber"":1,""nPropValue"":347.87,""CombinedUncertainty"":{""nCombUncertAssessNum"":1,""nCombExpandUncertValue"":0.35}}",variable,"{""nVarValue"":75.65,""nVarNumber"":1,""nVarDigits"":4}",347.87,True,,75650.0,True,False,False
10.1016/j.fluid.2014.09.014#d8#p1#r25,10.1016/j.fluid.2014.09.014#d8#p1,10.1016/j.fluid.2014.09.014.json,8,1,25,"InChI=1S/C3H8O/c1-3(2)4/h3-4H,1-2H3",KFZMGEQAYNKOFK-UHFFFAOYSA-N,propan-2-ol,C3H8O,10.1016/j.fluid.2014.09.014,2014,"Boiling temperature at pressure P, K",Liquid,"[""Liquid"",""Gas""]",Ebulliometric method (Recirculating still),348.7,"{""nPropDigits"":5,""nPropNumber"":1,""nPropValue"":348.7,""CombinedUncertainty"":{""nCombUncertAssessNum"":1,""nCombExpandUncertValue"":0.35}}",variable,"{""nVarNumber"":1,""nVarDigits"":4,""nVarValue"":78.35}",348.7,True,,78350.0,True,False,False
10.1016/j.fluid.2014.09.014#d8#p1#r26,10.1016/j.fluid.2014.09.014#d8#p1,10.1016/j.fluid.2014.09.014.json,8,1,26,"InChI=1S/C3H8O/c1-3(2)4/h3-4H,1-2H3",KFZMGEQAYNKOFK-UHFFFAOYSA-N,propan-2-ol,C3H8O,10.1016/j.fluid.2014.09.014,2014,"Boiling temperature at pressure P, K",Liquid,"[""Liquid"",""Gas""]",Ebulliometric method (Recirculating still),349.51,"{""nPropDigits"":5,""nPropNumber"":1,""nPropValue"":349.51,""CombinedUncertainty"":{""nCombExpandUncertValue"":0.35,""nCombUncertAssessNum"":1}}",variable,"{""nVarValue"":81.05,""nVarNumber"":1,""nVarDigits"":4}",349.51,True,,81050.0,True,False,False
10.1016/j.fluid.2014.09.014#d8#p1#r27,10.1016/j.fluid.2014.09.014#d8#p1,10.1016/j.fluid.2014.09.014.json,8,1,27,"InChI=1S/C3H8O/c1-3(2)4/h3-4H,1-2H3",KFZMGEQAYNKOFK-UHFFFAOYSA-N,propan-2-ol,C3H8O,10.1016/j.fluid.2014.09.014,2014,"Boiling temperature at pressure P, K",Liquid,"[""Liquid"",""Gas""]",Ebulliometric method (Recirculating still),350.31,"{""nPropNumber"":1,""nPropDigits"":5,""nPropValue"":350.31,""CombinedUncertainty"":{""nCombUncertAssessNum"":1,""nCombExpandUncertValue"":0.36}}",variable,"{""nVarValue"":83.8,""nVarNumber"":1,""nVarDigits"":4}",350.31,True,,83800.0,True,False,False
10.1016/j.fluid.2014.09.014#d8#p1#r28,10.1016/j.fluid.2014.09.014#d8#p1,10.1016/j.fluid.2014.09.014.json,8,1,28,"InChI=1S/C3H8O/c1-3(2)4/h3-4H,1-2H3",KFZMGEQAYNKOFK-UHFFFAOYSA-N,propan-2-ol,C3H8O,10.1016/j.fluid.2014.09.014,2014,"Boiling temperature at pressure P, K",Liquid,"[""Liquid"",""Gas""]",Ebulliometric method (Recirculating still),351.05,"{""nPropValue"":351.05,""CombinedUncertainty"":{""nCombUncertAssessNum"":1,""nCombExpandUncertValue"":0.34},""nPropNumber"":1,""nPropDigits"":5}",variable,"{""nVarNumber"":1,""nVarDigits"":4,""nVarValue"":86.4}",351.05,True,,86400.0,True,False,False
10.1016/j.fluid.2014.09.014#d8#p1#r29,10.1016/j.fluid.2014.09.014#d8#p1,10.1016/j.fluid.2014.09.014.json,8,1,29,"InChI=1S/C3H8O/c1-3(2)4/h3-4H,1-2H3",KFZMGEQAYNKOFK-UHFFFAOYSA-N,propan-2-ol,C3H8O,10.1016/j.fluid.2014.09.014,2014,"Boiling temperature at pressure P, K",Liquid,"[""Liquid"",""Gas""]",Ebulliometric method (Recirculating still),353.69,"{""CombinedUncertainty"":{""nCombExpandUncertValue"":0.38,""nCombUncertAssessNum"":1},""nPropValue"":353.69,""nPropNumber"":1,""nPropDigits"":5}",variable,"{""nVarDigits"":4,""nVarNumber"":1,""nVarValue"":96.28}",353.69,True,,96280.0,True,False,False
10.1016/j.fluid.2014.10.035#d2#p1#r1,10.1016/j.fluid.2014.10.035#d2#p1,10.1016/j.fluid.2014.10.035.json,2,1,1,"InChI=1S/C4H10O/c1-2-3-4-5/h5H,2-4H2,1H3",LRHPLDYGYMQRHN-UHFFFAOYSA-N,butan-1-ol,C4H10O,10.1016/j.fluid.2014.10.035,2015,"Boiling temperature at pressure P, K",Liquid,"[""Liquid"",""Gas""]",Ebulliometric method (Recirculating still),323.05,"{""nPropDigits"":5,""nPropNumber"":1,""nPropValue"":323.05,""CombinedUncertainty"":{""nCombExpandUncertValue"":6.74,""nCombUncertAssessNum"":1}}",variable,"{""nVarNumber"":1,""nVarDigits"":1,""nVarValue"":4}",323.05,True,,4000,True,True,False
10.1016/j.fluid.2014.10.035#d2#p1#r2,10.1016/j.fluid.2014.10.035#d2#p1,10.1016/j.fluid.2014.10.035.json,2,1,2,"InChI=1S/C4H10O/c1-2-3-4-5/h5H,2-4H2,1H3",LRHPLDYGYMQRHN-UHFFFAOYSA-N,butan-1-ol,C4H10O,10.1016/j.fluid.2014.10.035,2015,"Boiling temperature at pressure P, K",Liquid,"[""Liquid"",""Gas""]",Ebulliometric method (Recirculating still),328.14,"{""nPropNumber"":1,""nPropDigits"":5,""CombinedUncertainty"":{""nCombExpandUncertValue"":6.71,""nCombUncertAssessNum"":1},""nPropValue"":328.14}",variable,"{""nVarNumber"":1,""nVarDigits"":1,""nVarValue"":6}",328.14,True,,6000,True,True,False
10.1016/j.fluid.2014.10.035#d2#p1#r3,10.1016/j.fluid.2014.10.035#d2#p1,10.1016/j.fluid.2014.10.035.json,2,1,3,"InChI=1S/C4H10O/c1-2-3-4-5/h5H,2-4H2,1H3",LRHPLDYGYMQRHN-UHFFFAOYSA-N,butan-1-ol,C4H10O,10.1016/j.fluid.2014.10.035,2015,"Boiling temperature at pressure P, K",Liquid,"[""Liquid"",""Gas""]",Ebulliometric method (Recirculating still),337.35,"{""CombinedUncertainty"":{""nCombUncertAssessNum"":1,""nCombExpandUncertValue"":5.68},""nPropValue"":337.35,""nPropNumber"":1,""nPropDigits"":5}",variable,"{""nVarValue"":10,""nVarNumber"":1,""nVarDigits"":1}",337.35,True,,10000,True,True,False
10.1016/j.fluid.2014.10.035#d2#p1#r4,10.1016/j.fluid.2014.10.035#d2#p1,10.1016/j.fluid.2014.10.035.json,2,1,4,"InChI=1S/C4H10O/c1-2-3-4-5/h5H,2-4H2,1H3",LRHPLDYGYMQRHN-UHFFFAOYSA-N,butan-1-ol,C4H10O,10.1016/j.fluid.2014.10.035,2015,"Boiling temperature at pressure P, K",Liquid,"[""Liquid"",""Gas""]",Ebulliometric method (Recirculating still),342.38,"{""nPropDigits"":5,""nPropNumber"":1,""nPropValue"":342.38,""CombinedUncertainty"":{""nCombExpandUncertValue"":5.05,""nCombUncertAssessNum"":1}}",variable,"{""nVarValue"":12,""nVarDigits"":2,""nVarNumber"":1}",342.38,True,,12000,True,True,False
10.1016/j.fluid.2014.10.035#d2#p1#r5,10.1016/j.fluid.2014.10.035#d2#p1,10.1016/j.fluid.2014.10.035.json,2,1,5,"InChI=1S/C4H10O/c1-2-3-4-5/h5H,2-4H2,1H3",LRHPLDYGYMQRHN-UHFFFAOYSA-N,butan-1-ol,C4H10O,10.1016/j.fluid.2014.10.035,2015,"Boiling temperature at pressure P, K",Liquid,"[""Liquid"",""Gas""]",Ebulliometric method (Recirculating still),347.15,"{""nPropValue"":347.15,""CombinedUncertainty"":{""nCombExpandUncertValue"":4.39,""nCombUncertAssessNum"":1},""nPropNumber"":1,""nPropDigits"":5}",variable,"{""nVarDigits"":2,""nVarNumber"":1,""nVarValue"":16}",347.15,True,,16000,True,True,False
10.1016/j.fluid.2014.10.035#d2#p1#r6,10.1016/j.fluid.2014.10.035#d2#p1,10.1016/j.fluid.2014.10.035.json,2,1,6,"InChI=1S/C4H10O/c1-2-3-4-5/h5H,2-4H2,1H3",LRHPLDYGYMQRHN-UHFFFAOYSA-N,butan-1-ol,C4H10O,10.1016/j.fluid.2014.10.035,2015,"Boiling temperature at pressure P, K",Liquid,"[""Liquid"",""Gas""]",Ebulliometric method (Recirculating still),349.58,"{""nPropNumber"":1,""nPropDigits"":5,""nPropValue"":349.58,""CombinedUncertainty"":{""nCombUncertAssessNum"":1,""nCombExpandUncertValue"":3.14}}",variable,"{""nVarDigits"":2,""nVarNumber"":1,""nVarValue"":18}",349.58,True,,18000,True,True,False
10.1016/j.fluid.2014.10.035#d2#p1#r7,10.1016/j.fluid.2014.10.035#d2#p1,10.1016/j.fluid.2014.10.035.json,2,1,7,"InChI=1S/C4H10O/c1-2-3-4-5/h5H,2-4H2,1H3",LRHPLDYGYMQRHN-UHFFFAOYSA-N,butan-1-ol,C4H10O,10.1016/j.fluid.2014.10.035,2015,"Boiling temperature at pressure P, K",Liquid,"[""Liquid"",""Gas""]",Ebulliometric method (Recirculating still),352.8,"{""nPropNumber"":1,""nPropDigits"":5,""CombinedUncertainty"":{""nCombExpandUncertValue"":3.03,""nCombUncertAssessNum"":1},""nPropValue"":352.8}",variable,"{""nVarValue"":20,""nVarDigits"":1,""nVarNumber"":1}",352.8,True,,20000,True,True,False
10.1016/j.fluid.2014.10.035#d2#p1#r8,10.1016/j.fluid.2014.10.035#d2#p1,10.1016/j.fluid.2014.10.035.json,2,1,8,"InChI=1S/C4H10O/c1-2-3-4-5/h5H,2-4H2,1H3",LRHPLDYGYMQRHN-UHFFFAOYSA-N,butan-1-ol,C4H10O,10.1016/j.fluid.2014.10.035,2015,"Boiling temperature at pressure P, K",Liquid,"[""Liquid"",""Gas""]",Ebulliometric method (Recirculating still),355.72,"{""nPropNumber"":1,""nPropDigits"":5,""nPropValue"":355.72,""CombinedUncertainty"":{""nCombExpandUncertValue"":2.73,""nCombUncertAssessNum"":1}}",variable,"{""nVarValue"":24,""nVarNumber"":1,""nVarDigits"":2}",355.72,True,,24000,True,False,False
10.1016/j.fluid.2014.10.035#d2#p1#r9,10.1016/j.fluid.2014.10.035#d2#p1,10.1016/j.fluid.2014.10.035.json,2,1,9,"InChI=1S/C4H10O/c1-2-3-4-5/h5H,2-4H2,1H3",LRHPLDYGYMQRHN-UHFFFAOYSA-N,butan-1-ol,C4H10O,10.1016/j.fluid.2014.10.035,2015,"Boiling temperature at pressure P, K",Liquid,"[""Liquid"",""Gas""]",Ebulliometric method (Recirculating still),359.18,"{""nPropNumber"":1,""nPropDigits"":5,""CombinedUncertainty"":{""nCombUncertAssessNum"":1,""nCombExpandUncertValue"":2.24},""nPropValue"":359.18}",variable,"{""nVarValue"":28,""nVarDigits"":2,""nVarNumber"":1}",359.18,True,,28000,True,False,False
10.1016/j.fluid.2014.10.035#d2#p1#r10,10.1016/j.fluid.2014.10.035#d2#p1,10.1016/j.fluid.2014.10.035.json,2,1,10,"InChI=1S/C4H10O/c1-2-3-4-5/h5H,2-4H2,1H3",LRHPLDYGYMQRHN-UHFFFAOYSA-N,butan-1-ol,C4H10O,10.1016/j.fluid.2014.10.035,2015,"Boiling temperature at pressure P, K",Liquid,"[""Liquid"",""Gas""]",Ebulliometric method (Recirculating still),361.16,"{""CombinedUncertainty"":{""nCombUncertAssessNum"":1,""nCombExpandUncertValue"":2.27},""nPropValue"":361.16,""nPropDigits"":5,""nPropNumber"":1}",variable,"{""nVarValue"":30,""nVarDigits"":1,""nVarNumber"":1}",361.16,True,,30000,True,False,False
10.1016/j.fluid.2014.10.035#d2#p1#r11,10.1016/j.fluid.2014.10.035#d2#p1,10.1016/j.fluid.2014.10.035.json,2,1,11,"InChI=1S/C4H10O/c1-2-3-4-5/h5H,2-4H2,1H3",LRHPLDYGYMQRHN-UHFFFAOYSA-N,butan-1-ol,C4H10O,10.1016/j.fluid.2014.10.035,2015,"Boiling temperature at pressure P, K",Liquid,"[""Liquid"",""Gas""]",Ebulliometric method (Recirculating still),363.68,"{""nPropValue"":363.68,""CombinedUncertainty"":{""nCombExpandUncertValue"":1.88,""nCombUncertAssessNum"":1},""nPropNumber"":1,""nPropDigits"":5}",variable,"{""nVarNumber"":1,""nVarDigits"":2,""nVarValue"":34}",363.68,True,,34000,True,False,False
10.1016/j.fluid.2014.10.035#d2#p1#r12,10.1016/j.fluid.2014.10.035#d2#p1,10.1016/j.fluid.2014.10.035.json,2,1,12,"InChI=1S/C4H10O/c1-2-3-4-5/h5H,2-4H2,1H3",LRHPLDYGYMQRHN-UHFFFAOYSA-N,butan-1-ol,C4H10O,10.1016/j.fluid.2014.10.035,2015,"Boiling temperature at pressure P, K",Liquid,"[""Liquid"",""Gas""]",Ebulliometric method (Recirculating still),365.36,"{""nPropNumber"":1,""nPropDigits"":5,""CombinedUncertainty"":{""nCombExpandUncertValue"":1.73,""nCombUncertAssessNum"":1},""nPropValue"":365.36}",variable,"{""nVarValue"":36,""nVarDigits"":2,""nVarNumber"":1}",365.36,True,,36000,True,False,False
10.1016/j.fluid.2014.10.035#d2#p1#r13,10.1016/j.fluid.2014.10.035#d2#p1,10.1016/j.fluid.2014.10.035.json,2,1,13,"InChI=1S/C4H10O/c1-2-3-4-5/h5H,2-4H2,1H3",LRHPLDYGYMQRHN-UHFFFAOYSA-N,butan-1-ol,C4H10O,10.1016/j.fluid.2014.10.035,2015,"Boiling temperature at pressure P, K",Liquid,"[""Liquid"",""Gas""]",Ebulliometric method (Recirculating still),367.86,"{""nPropNumber"":1,""nPropDigits"":5,""nPropValue"":367.86,""CombinedUncertainty"":{""nCombExpandUncertValue"":1.67,""nCombUncertAssessNum"":1}}",variable,"{""nVarValue"":41,""nVarDigits"":2,""nVarNumber"":1}",367.86,True,,41000,True,False,False
10.1016/j.fluid.2014.10.035#d2#p1#r14,10.1016/j.fluid.2014.10.035#d2#p1,10.1016/j.fluid.2014.10.035.json,2,1,14,"InChI=1S/C4H10O/c1-2-3-4-5/h5H,2-4H2,1H3",LRHPLDYGYMQRHN-UHFFFAOYSA-N,butan-1-ol,C4H10O,10.1016/j.fluid.2014.10.035,2015,"Boiling temperature at pressure P, K",Liquid,"[""Liquid"",""Gas""]",Ebulliometric method (Recirculating still),369.61,"{""CombinedUncertainty"":{""nCombExpandUncertValue"":1.45,""nCombUncertAssessNum"":1},""nPropValue"":369.61,""nPropDigits"":5,""nPropNumber"":1}",variable,"{""nVarDigits"":2,""nVarNumber"":1,""nVarValue"":44}",369.61,True,,44000,True,False,False
10.1016/j.fluid.2014.10.035#d2#p1#r15,10.1016/j.fluid.2014.10.035#d2#p1,10.1016/j.fluid.2014.10.035.json,2,1,15,"InChI=1S/C4H10O/c1-2-3-4-5/h5H,2-4H2,1H3",LRHPLDYGYMQRHN-UHFFFAOYSA-N,butan-1-ol,C4H10O,10.1016/j.fluid.2014.10.035,2015,"Boiling temperature at pressure P, K",Liquid,"[""Liquid"",""Gas""]",Ebulliometric method (Recirculating still),371.26,"{""nPropDigits"":5,""nPropNumber"":1,""CombinedUncertainty"":{""nCombUncertAssessNum"":1,""nCombExpandUncertValue"":1.46},""nPropValue"":371.26}",variable,"{""nVarValue"":46,""nVarDigits"":2,""nVarNumber"":1}",371.26,True,,46000,True,False,False
10.1016/j.fluid.2014.10.035#d2#p1#r16,10.1016/j.fluid.2014.10.035#d2#p1,10.1016/j.fluid.2014.10.035.json,2,1,16,"InChI=1S/C4H10O/c1-2-3-4-5/h5H,2-4H2,1H3",LRHPLDYGYMQRHN-UHFFFAOYSA-N,butan-1-ol,C4H10O,10.1016/j.fluid.2014.10.035,2015,"Boiling temperature at pressure P, K",Liquid,"[""Liquid"",""Gas""]",Ebulliometric method (Recirculating still),373.58,"{""CombinedUncertainty"":{""nCombExpandUncertValue"":1.27,""nCombUncertAssessNum"":1},""nPropValue"":373.58,""nPropNumber"":1,""nPropDigits"":5}",variable,"{""nVarValue"":52,""nVarNumber"":1,""nVarDigits"":2}",373.58,True,,52000,True,False,False
10.1016/j.fluid.2014.10.035#d2#p1#r17,10.1016/j.fluid.2014.10.035#d2#p1,10.1016/j.fluid.2014.10.035.json,2,1,17,"InChI=1S/C4H10O/c1-2-3-4-5/h5H,2-4H2,1H3",LRHPLDYGYMQRHN-UHFFFAOYSA-N,butan-1-ol,C4H10O,10.1016/j.fluid.2014.10.035,2015,"Boiling temperature at pressure P, K",Liquid,"[""Liquid"",""Gas""]",Ebulliometric method (Recirculating still),375.03,"{""CombinedUncertainty"":{""nCombExpandUncertValue"":1.36,""nCombUncertAssessNum"":1},""nPropValue"":375.03,""nPropDigits"":5,""nPropNumber"":1}",variable,"{""nVarDigits"":2,""nVarNumber"":1,""nVarValue"":54}",375.03,True,,54000,True,False,False
10.1016/j.fluid.2014.10.035#d2#p1#r18,10.1016/j.fluid.2014.10.035#d2#p1,10.1016/j.fluid.2014.10.035.json,2,1,18,"InChI=1S/C4H10O/c1-2-3-4-5/h5H,2-4H2,1H3",LRHPLDYGYMQRHN-UHFFFAOYSA-N,butan-1-ol,C4H10O,10.1016/j.fluid.2014.10.035,2015,"Boiling temperature at pressure P, K",Liquid,"[""Liquid"",""Gas""]",Ebulliometric method (Recirculating still),376.65,"{""nPropNumber"":1,""nPropDigits"":5,""CombinedUncertainty"":{""nCombExpandUncertValue"":1.39,""nCombUncertAssessNum"":1},""nPropValue"":376.65}",variable,"{""nVarValue"":58,""nVarDigits"":2,""nVarNumber"":1}",376.65,True,,58000,True,False,False
10.1016/j.fluid.2014.10.035#d2#p1#r19,10.1016/j.fluid.2014.10.035#d2#p1,10.1016/j.fluid.2014.10.035.json,2,1,19,"InChI=1S/C4H10O/c1-2-3-4-5/h5H,2-4H2,1H3",LRHPLDYGYMQRHN-UHFFFAOYSA-N,butan-1-ol,C4H10O,10.1016/j.fluid.2014.10.035,2015,"Boiling temperature at pressure P, K",Liquid,"[""Liquid"",""Gas""]",Ebulliometric method (Recirculating still),377.98,"{""nPropNumber"":1,""nPropDigits"":5,""CombinedUncertainty"":{""nCombExpandUncertValue"":1.27,""nCombUncertAssessNum"":1},""nPropValue"":377.98}",variable,"{""nVarDigits"":1,""nVarNumber"":1,""nVarValue"":60}",377.98,True,,60000,True,False,False
10.1016/j.fluid.2014.10.035#d2#p1#r20,10.1016/j.fluid.2014.10.035#d2#p1,10.1016/j.fluid.2014.10.035.json,2,1,20,"InChI=1S/C4H10O/c1-2-3-4-5/h5H,2-4H2,1H3",LRHPLDYGYMQRHN-UHFFFAOYSA-N,butan-1-ol,C4H10O,10.1016/j.fluid.2014.10.035,2015,"Boiling temperature at pressure P, K",Liquid,"[""Liquid"",""Gas""]",Ebulliometric method (Recirculating still),379.46,"{""nPropNumber"":1,""nPropDigits"":5,""nPropValue"":379.46,""CombinedUncertainty"":{""nCombUncertAssessNum"":1,""nCombExpandUncertValue"":1.13}}",variable,"{""nVarNumber"":1,""nVarDigits"":2,""nVarValue"":64}",379.46,True,,64000,True,False,False
10.1016/j.fluid.2014.10.035#d2#p1#r21,10.1016/j.fluid.2014.10.035#d2#p1,10.1016/j.fluid.2014.10.035.json,2,1,21,"InChI=1S/C4H10O/c1-2-3-4-5/h5H,2-4H2,1H3",LRHPLDYGYMQRHN-UHFFFAOYSA-N,butan-1-ol,C4H10O,10.1016/j.fluid.2014.10.035,2015,"Boiling temperature at pressure P, K",Liquid,"[""Liquid"",""Gas""]",Ebulliometric method (Recirculating still),381.45,"{""CombinedUncertainty"":{""nCombUncertAssessNum"":1,""nCombExpandUncertValue"":1.04},""nPropValue"":381.45,""nPropNumber"":1,""nPropDigits"":5}",variable,"{""nVarValue"":70,""nVarDigits"":1,""nVarNumber"":1}",381.45,True,,70000,True,False,False
10.1016/j.fluid.2014.10.035#d2#p1#r22,10.1016/j.fluid.2014.10.035#d2#p1,10.1016/j.fluid.2014.10.035.json,2,1,22,"InChI=1S/C4H10O/c1-2-3-4-5/h5H,2-4H2,1H3",LRHPLDYGYMQRHN-UHFFFAOYSA-N,butan-1-ol,C4H10O,10.1016/j.fluid.2014.10.035,2015,"Boiling temperature at pressure P, K",Liquid,"[""Liquid"",""Gas""]",Ebulliometric method (Recirculating still),382.23,"{""nPropValue"":382.23,""CombinedUncertainty"":{""nCombExpandUncertValue"":1,""nCombUncertAssessNum"":1},""nPropNumber"":1,""nPropDigits"":5}",variable,"{""nVarValue"":72,""nVarDigits"":2,""nVarNumber"":1}",382.23,True,,72000,True,False,False
10.1016/j.fluid.2014.10.035#d2#p1#r23,10.1016/j.fluid.2014.10.035#d2#p1,10.1016/j.fluid.2014.10.035.json,2,1,23,"InChI=1S/C4H10O/c1-2-3-4-5/h5H,2-4H2,1H3",LRHPLDYGYMQRHN-UHFFFAOYSA-N,butan-1-ol,C4H10O,10.1016/j.fluid.2014.10.035,2015,"Boiling temperature at pressure P, K",Liquid,"[""Liquid"",""Gas""]",Ebulliometric method (Recirculating still),383.16,"{""CombinedUncertainty"":{""nCombExpandUncertValue"":1.06,""nCombUncertAssessNum"":1},""nPropValue"":383.16,""nPropDigits"":5,""nPropNumber"":1}",variable,"{""nVarDigits"":2,""nVarNumber"":1,""nVarValue"":74}",383.16,True,,74000,True,False,False
10.1016/j.fluid.2014.10.035#d2#p1#r24,10.1016/j.fluid.2014.10.035#d2#p1,10.1016/j.fluid.2014.10.035.json,2,1,24,"InChI=1S/C4H10O/c1-2-3-4-5/h5H,2-4H2,1H3",LRHPLDYGYMQRHN-UHFFFAOYSA-N,butan-1-ol,C4H10O,10.1016/j.fluid.2014.10.035,2015,"Boiling temperature at pressure P, K",Liquid,"[""Liquid"",""Gas""]",Ebulliometric method (Recirculating still),384.43,"{""nPropNumber"":1,""nPropDigits"":5,""nPropValue"":384.43,""CombinedUncertainty"":{""nCombUncertAssessNum"":1,""nCombExpandUncertValue"":1.02}}",variable,"{""nVarValue"":78,""nVarNumber"":1,""nVarDigits"":2}",384.43,True,,78000,True,False,False
10.1016/j.fluid.2014.10.035#d2#p1#r25,10.1016/j.fluid.2014.10.035#d2#p1,10.1016/j.fluid.2014.10.035.json,2,1,25,"InChI=1S/C4H10O/c1-2-3-4-5/h5H,2-4H2,1H3",LRHPLDYGYMQRHN-UHFFFAOYSA-N,butan-1-ol,C4H10O,10.1016/j.fluid.2014.10.035,2015,"Boiling temperature at pressure P, K",Liquid,"[""Liquid"",""Gas""]",Ebulliometric method (Recirculating still),385.82,"{""CombinedUncertainty"":{""nCombUncertAssessNum"":1,""nCombExpandUncertValue"":0.96},""nPropValue"":385.82,""nPropDigits"":5,""nPropNumber"":1}",variable,"{""nVarValue"":82,""nVarNumber"":1,""nVarDigits"":2}",385.82,True,,82000,True,False,False
10.1016/j.fluid.2014.10.035#d2#p1#r26,10.1016/j.fluid.2014.10.035#d2#p1,10.1016/j.fluid.2014.10.035.json,2,1,26,"InChI=1S/C4H10O/c1-2-3-4-5/h5H,2-4H2,1H3",LRHPLDYGYMQRHN-UHFFFAOYSA-N,butan-1-ol,C4H10O,10.1016/j.fluid.2014.10.035,2015,"Boiling temperature at pressure P, K",Liquid,"[""Liquid"",""Gas""]",Ebulliometric method (Recirculating still),387.13,"{""CombinedUncertainty"":{""nCombUncertAssessNum"":1,""nCombExpandUncertValue"":0.97},""nPropValue"":387.13,""nPropNumber"":1,""nPropDigits"":5}",variable,"{""nVarValue"":86,""nVarDigits"":2,""nVarNumber"":1}",387.13,True,,86000,True,False,False
10.1016/j.fluid.2014.10.035#d2#p1#r27,10.1016/j.fluid.2014.10.035#d2#p1,10.1016/j.fluid.2014.10.035.json,2,1,27,"InChI=1S/C4H10O/c1-2-3-4-5/h5H,2-4H2,1H3",LRHPLDYGYMQRHN-UHFFFAOYSA-N,butan-1-ol,C4H10O,10.1016/j.fluid.2014.10.035,2015,"Boiling temperature at pressure P, K",Liquid,"[""Liquid"",""Gas""]",Ebulliometric method (Recirculating still),388.27,"{""CombinedUncertainty"":{""nCombExpandUncertValue"":1.06,""nCombUncertAssessNum"":1},""nPropValue"":388.27,""nPropDigits"":5,""nPropNumber"":1}",variable,"{""nVarValue"":90,""nVarNumber"":1,""nVarDigits"":1}",388.27,True,,90000,True,False,False
10.1016/j.fluid.2014.10.035#d2#p1#r28,10.1016/j.fluid.2014.10.035#d2#p1,10.1016/j.fluid.2014.10.035.json,2,1,28,"InChI=1S/C4H10O/c1-2-3-4-5/h5H,2-4H2,1H3",LRHPLDYGYMQRHN-UHFFFAOYSA-N,butan-1-ol,C4H10O,10.1016/j.fluid.2014.10.035,2015,"Boiling temperature at pressure P, K",Liquid,"[""Liquid"",""Gas""]",Ebulliometric method (Recirculating still),389.22,"{""nPropValue"":389.22,""CombinedUncertainty"":{""nCombExpandUncertValue"":0.86,""nCombUncertAssessNum"":1},""nPropNumber"":1,""nPropDigits"":5}",variable,"{""nVarNumber"":1,""nVarDigits"":2,""nVarValue"":92}",389.22,True,,92000,True,False,False
10.1016/j.fluid.2014.10.035#d2#p1#r29,10.1016/j.fluid.2014.10.035#d2#p1,10.1016/j.fluid.2014.10.035.json,2,1,29,"InChI=1S/C4H10O/c1-2-3-4-5/h5H,2-4H2,1H3",LRHPLDYGYMQRHN-UHFFFAOYSA-N,butan-1-ol,C4H10O,10.1016/j.fluid.2014.10.035,2015,"Boiling temperature at pressure P, K",Liquid,"[""Liquid"",""Gas""]",Ebulliometric method (Recirculating still),390.13,"{""nPropValue"":390.13,""CombinedUncertainty"":{""nCombExpandUncertValue"":0.89,""nCombUncertAssessNum"":1},""nPropDigits"":5,""nPropNumber"":1}",variable,"{""nVarDigits"":2,""nVarNumber"":1,""nVarValue"":94}",390.13,True,,94000,True,False,False
10.1016/j.fluid.2014.10.035#d2#p1#r30,10.1016/j.fluid.2014.10.035#d2#p1,10.1016/j.fluid.2014.10.035.json,2,1,30,"InChI=1S/C4H10O/c1-2-3-4-5/h5H,2-4H2,1H3",LRHPLDYGYMQRHN-UHFFFAOYSA-N,butan-1-ol,C4H10O,10.1016/j.fluid.2014.10.035,2015,"Boiling temperature at pressure P, K",Liquid,"[""Liquid"",""Gas""]",Ebulliometric method (Recirculating still),390.78,"{""nPropDigits"":5,""nPropNumber"":1,""CombinedUncertainty"":{""nCombExpandUncertValue"":0.66,""nCombUncertAssessNum"":1},""nPropValue"":390.78}",variable,"{""nVarDigits"":2,""nVarNumber"":1,""nVarValue"":98}",390.78,True,,98000,True,False,False
10.1016/j.fluid.2014.10.035#d2#p1#r31,10.1016/j.fluid.2014.10.035#d2#p1,10.1016/j.fluid.2014.10.035.json,2,1,31,"InChI=1S/C4H10O/c1-2-3-4-5/h5H,2-4H2,1H3",LRHPLDYGYMQRHN-UHFFFAOYSA-N,butan-1-ol,C4H10O,10.1016/j.fluid.2014.10.035,2015,"Boiling temperature at pressure P, K",Liquid,"[""Liquid"",""Gas""]",Ebulliometric method (Recirculating still),393.93,"{""nPropNumber"":1,""nPropDigits"":5,""nPropValue"":393.93,""CombinedUncertainty"":{""nCombUncertAssessNum"":1,""nCombExpandUncertValue"":0.66}}",variable,"{""nVarValue"":112,""nVarDigits"":3,""nVarNumber"":1}",393.93,True,,112000,True,False,False
10.1016/j.fluid.2014.10.035#d2#p1#r32,10.1016/j.fluid.2014.10.035#d2#p1,10.1016/j.fluid.2014.10.035.json,2,1,32,"InChI=1S/C4H10O/c1-2-3-4-5/h5H,2-4H2,1H3",LRHPLDYGYMQRHN-UHFFFAOYSA-N,butan-1-ol,C4H10O,10.1016/j.fluid.2014.10.035,2015,"Boiling temperature at pressure P, K",Liquid,"[""Liquid"",""Gas""]",Ebulliometric method (Recirculating still),397.53,"{""nPropNumber"":1,""nPropDigits"":5,""CombinedUncertainty"":{""nCombUncertAssessNum"":1,""nCombExpandUncertValue"":0.63},""nPropValue"":397.53}",variable,"{""nVarValue"":127,""nVarDigits"":3,""nVarNumber"":1}",397.53,True,,127000,True,False,False
10.1016/j.fluid.2014.10.035#d2#p1#r33,10.1016/j.fluid.2014.10.035#d2#p1,10.1016/j.fluid.2014.10.035.json,2,1,33,"InChI=1S/C4H10O/c1-2-3-4-5/h5H,2-4H2,1H3",LRHPLDYGYMQRHN-UHFFFAOYSA-N,butan-1-ol,C4H10O,10.1016/j.fluid.2014.10.035,2015,"Boiling temperature at pressure P, K",Liquid,"[""Liquid"",""Gas""]",Ebulliometric method (Recirculating still),405.13,"{""CombinedUncertainty"":{""nCombExpandUncertValue"":0.53,""nCombUncertAssessNum"":1},""nPropValue"":405.13,""nPropNumber"":1,""nPropDigits"":5}",variable,"{""nVarValue"":162,""nVarDigits"":3,""nVarNumber"":1}",405.13,True,,162000,True,False,False
10.1016/j.fluid.2014.10.035#d2#p1#r34,10.1016/j.fluid.2014.10.035#d2#p1,10.1016/j.fluid.2014.10.035.json,2,1,34,"InChI=1S/C4H10O/c1-2-3-4-5/h5H,2-4H2,1H3",LRHPLDYGYMQRHN-UHFFFAOYSA-N,butan-1-ol,C4H10O,10.1016/j.fluid.2014.10.035,2015,"Boiling temperature at pressure P, K",Liquid,"[""Liquid"",""Gas""]",Ebulliometric method (Recirculating still),415.37,"{""nPropNumber"":1,""nPropDigits"":5,""nPropValue"":415.37,""CombinedUncertainty"":{""nCombExpandUncertValue"":0.46,""nCombUncertAssessNum"":1}}",variable,"{""nVarNumber"":1,""nVarDigits"":3,""nVarValue"":222}",415.37,True,,222000,True,False,False
10.1016/j.fluid.2014.10.035#d2#p1#r35,10.1016/j.fluid.2014.10.035#d2#p1,10.1016/j.fluid.2014.10.035.json,2,1,35,"InChI=1S/C4H10O/c1-2-3-4-5/h5H,2-4H2,1H3",LRHPLDYGYMQRHN-UHFFFAOYSA-N,butan-1-ol,C4H10O,10.1016/j.fluid.2014.10.035,2015,"Boiling temperature at pressure P, K",Liquid,"[""Liquid"",""Gas""]",Ebulliometric method (Recirculating still),420.41,"{""nPropDigits"":5,""nPropNumber"":1,""CombinedUncertainty"":{""nCombUncertAssessNum"":1,""nCombExpandUncertValue"":0.37},""nPropValue"":420.41}",variable,"{""nVarNumber"":1,""nVarDigits"":3,""nVarValue"":257}",420.41,True,,257000,True,False,False
10.1016/j.fluid.2014.10.035#d2#p1#r36,10.1016/j.fluid.2014.10.035#d2#p1,10.1016/j.fluid.2014.10.035.json,2,1,36,"InChI=1S/C4H10O/c1-2-3-4-5/h5H,2-4H2,1H3",LRHPLDYGYMQRHN-UHFFFAOYSA-N,butan-1-ol,C4H10O,10.1016/j.fluid.2014.10.035,2015,"Boiling temperature at pressure P, K",Liquid,"[""Liquid"",""Gas""]",Ebulliometric method (Recirculating still),425.15,"{""nPropNumber"":1,""nPropDigits"":5,""CombinedUncertainty"":{""nCombUncertAssessNum"":1,""nCombExpandUncertValue"":0.33},""nPropValue"":425.15}",variable,"{""nVarValue"":297,""nVarDigits"":3,""nVarNumber"":1}",425.15,True,,297000,True,False,False
10.1016/j.fluid.2014.10.035#d2#p1#r37,10.1016/j.fluid.2014.10.035#d2#p1,10.1016/j.fluid.2014.10.035.json,2,1,37,"InChI=1S/C4H10O/c1-2-3-4-5/h5H,2-4H2,1H3",LRHPLDYGYMQRHN-UHFFFAOYSA-N,butan-1-ol,C4H10O,10.1016/j.fluid.2014.10.035,2015,"Boiling temperature at pressure P, K",Liquid,"[""Liquid"",""Gas""]",Ebulliometric method (Recirculating still),427.37,"{""nPropNumber"":1,""nPropDigits"":5,""CombinedUncertainty"":{""nCombUncertAssessNum"":1,""nCombExpandUncertValue"":0.31},""nPropValue"":427.37}",variable,"{""nVarNumber"":1,""nVarDigits"":3,""nVarValue"":317}",427.37,True,,317000,True,False,False
10.1016/j.fluid.2014.10.035#d2#p1#r38,10.1016/j.fluid.2014.10.035#d2#p1,10.1016/j.fluid.2014.10.035.json,2,1,38,"InChI=1S/C4H10O/c1-2-3-4-5/h5H,2-4H2,1H3",LRHPLDYGYMQRHN-UHFFFAOYSA-N,butan-1-ol,C4H10O,10.1016/j.fluid.2014.10.035,2015,"Boiling temperature at pressure P, K",Liquid,"[""Liquid"",""Gas""]",Ebulliometric method (Recirculating still),431.38,"{""nPropDigits"":5,""nPropNumber"":1,""nPropValue"":431.38,""CombinedUncertainty"":{""nCombExpandUncertValue"":0.31,""nCombUncertAssessNum"":1}}",variable,"{""nVarValue"":355,""nVarNumber"":1,""nVarDigits"":3}",431.38,True,,355000,True,False,False
10.1016/j.fluid.2014.10.035#d2#p1#r39,10.1016/j.fluid.2014.10.035#d2#p1,10.1016/j.fluid.2014.10.035.json,2,1,39,"InChI=1S/C4H10O/c1-2-3-4-5/h5H,2-4H2,1H3",LRHPLDYGYMQRHN-UHFFFAOYSA-N,butan-1-ol,C4H10O,10.1016/j.fluid.2014.10.035,2015,"Boiling temperature at pressure P, K",Liquid,"[""Liquid"",""Gas""]",Ebulliometric method (Recirculating still),434.92,"{""nPropNumber"":1,""nPropDigits"":5,""CombinedUncertainty"":{""nCombExpandUncertValue"":0.29,""nCombUncertAssessNum"":1},""nPropValue"":434.92}",variable,"{""nVarNumber"":1,""nVarDigits"":3,""nVarValue"":387}",434.92,True,,387000,True,False,False
10.1016/j.fluid.2014.10.035#d2#p1#r40,10.1016/j.fluid.2014.10.035#d2#p1,10.1016/j.fluid.2014.10.035.json,2,1,40,"InChI=1S/C4H10O/c1-2-3-4-5/h5H,2-4H2,1H3",LRHPLDYGYMQRHN-UHFFFAOYSA-N,butan-1-ol,C4H10O,10.1016/j.fluid.2014.10.035,2015,"Boiling temperature at pressure P, K",Liquid,"[""Liquid"",""Gas""]",Ebulliometric method (Recirculating still),437.66,"{""nPropNumber"":1,""nPropDigits"":5,""nPropValue"":437.66,""CombinedUncertainty"":{""nCombExpandUncertValue"":0.26,""nCombUncertAssessNum"":1}}",variable,"{""nVarValue"":417,""nVarDigits"":3,""nVarNumber"":1}",437.66,True,,417000,True,False,False
10.1016/j.fluid.2014.10.035#d2#p1#r41,10.1016/j.fluid.2014.10.035#d2#p1,10.1016/j.fluid.2014.10.035.json,2,1,41,"InChI=1S/C4H10O/c1-2-3-4-5/h5H,2-4H2,1H3",LRHPLDYGYMQRHN-UHFFFAOYSA-N,butan-1-ol,C4H10O,10.1016/j.fluid.2014.10.035,2015,"Boiling temperature at pressure P, K",Liquid,"[""Liquid"",""Gas""]",Ebulliometric method (Recirculating still),440.13,"{""nPropValue"":440.13,""CombinedUncertainty"":{""nCombExpandUncertValue"":0.24,""nCombUncertAssessNum"":1},""nPropDigits"":5,""nPropNumber"":1}",variable,"{""nVarValue"":445,""nVarDigits"":3,""nVarNumber"":1}",440.13,True,,445000,True,False,False
10.1016/j.fluid.2014.10.035#d2#p1#r42,10.1016/j.fluid.2014.10.035#d2#p1,10.1016/j.fluid.2014.10.035.json,2,1,42,"InChI=1S/C4H10O/c1-2-3-4-5/h5H,2-4H2,1H3",LRHPLDYGYMQRHN-UHFFFAOYSA-N,butan-1-ol,C4H10O,10.1016/j.fluid.2014.10.035,2015,"Boiling temperature at pressure P, K",Liquid,"[""Liquid"",""Gas""]",Ebulliometric method (Recirculating still),444.27,"{""nPropDigits"":5,""nPropNumber"":1,""nPropValue"":444.27,""CombinedUncertainty"":{""nCombUncertAssessNum"":1,""nCombExpandUncertValue"":0.23}}",variable,"{""nVarDigits"":3,""nVarNumber"":1,""nVarValue"":497}",444.27,True,,497000,True,False,False
10.1016/j.fluid.2014.10.035#d2#p1#r43,10.1016/j.fluid.2014.10.035#d2#p1,10.1016/j.fluid.2014.10.035.json,2,1,43,"InChI=1S/C4H10O/c1-2-3-4-5/h5H,2-4H2,1H3",LRHPLDYGYMQRHN-UHFFFAOYSA-N,butan-1-ol,C4H10O,10.1016/j.fluid.2014.10.035,2015,"Boiling temperature at pressure P, K",Liquid,"[""Liquid"",""Gas""]",Ebulliometric method (Recirculating still),446.12,"{""nPropValue"":446.12,""CombinedUncertainty"":{""nCombExpandUncertValue"":0.22,""nCombUncertAssessNum"":1},""nPropDigits"":5,""nPropNumber"":1}",variable,"{""nVarValue"":522,""nVarDigits"":3,""nVarNumber"":1}",446.12,True,,522000,True,False,False
10.1016/j.fluid.2014.10.035#d2#p1#r44,10.1016/j.fluid.2014.10.035#d2#p1,10.1016/j.fluid.2014.10.035.json,2,1,44,"InChI=1S/C4H10O/c1-2-3-4-5/h5H,2-4H2,1H3",LRHPLDYGYMQRHN-UHFFFAOYSA-N,butan-1-ol,C4H10O,10.1016/j.fluid.2014.10.035,2015,"Boiling temperature at pressure P, K",Liquid,"[""Liquid"",""Gas""]",Ebulliometric method (Recirculating still),451.06,"{""CombinedUncertainty"":{""nCombUncertAssessNum"":1,""nCombExpandUncertValue"":0.21},""nPropValue"":451.06,""nPropNumber"":1,""nPropDigits"":5}",variable,"{""nVarNumber"":1,""nVarDigits"":3,""nVarValue"":587}",451.06,True,,587000,True,False,False
10.1016/j.fluid.2014.10.035#d2#p1#r45,10.1016/j.fluid.2014.10.035#d2#p1,10.1016/j.fluid.2014.10.035.json,2,1,45,"InChI=1S/C4H10O/c1-2-3-4-5/h5H,2-4H2,1H3",LRHPLDYGYMQRHN-UHFFFAOYSA-N,butan-1-ol,C4H10O,10.1016/j.fluid.2014.10.035,2015,"Boiling temperature at pressure P, K",Liquid,"[""Liquid"",""Gas""]",Ebulliometric method (Recirculating still),453.47,"{""CombinedUncertainty"":{""nCombExpandUncertValue"":0.2,""nCombUncertAssessNum"":1},""nPropValue"":453.47,""nPropDigits"":5,""nPropNumber"":1}",variable,"{""nVarValue"":625,""nVarNumber"":1,""nVarDigits"":3}",453.47,True,,625000,True,False,False
10.1016/j.fluid.2014.10.035#d2#p1#r46,10.1016/j.fluid.2014.10.035#d2#p1,10.1016/j.fluid.2014.10.035.json,2,1,46,"InChI=1S/C4H10O/c1-2-3-4-5/h5H,2-4H2,1H3",LRHPLDYGYMQRHN-UHFFFAOYSA-N,butan-1-ol,C4H10O,10.1016/j.fluid.2014.10.035,2015,"Boiling temperature at pressure P, K",Liquid,"[""Liquid"",""Gas""]",Ebulliometric method (Recirculating still),456.72,"{""nPropDigits"":5,""nPropNumber"":1,""CombinedUncertainty"":{""nCombUncertAssessNum"":1,""nCombExpandUncertValue"":0.19},""nPropValue"":456.72}",variable,"{""nVarValue"":672,""nVarNumber"":1,""nVarDigits"":3}",456.72,True,,672000,True,False,False
10.1016/j.fluid.2014.10.035#d2#p1#r47,10.1016/j.fluid.2014.10.035#d2#p1,10.1016/j.fluid.2014.10.035.json,2,1,47,"InChI=1S/C4H10O/c1-2-3-4-5/h5H,2-4H2,1H3",LRHPLDYGYMQRHN-UHFFFAOYSA-N,butan-1-ol,C4H10O,10.1016/j.fluid.2014.10.035,2015,"Boiling temperature at pressure P, K",Liquid,"[""Liquid"",""Gas""]",Ebulliometric method (Recirculating still),458.5,"{""CombinedUncertainty"":{""nCombExpandUncertValue"":0.18,""nCombUncertAssessNum"":1},""nPropValue"":458.5,""nPropNumber"":1,""nPropDigits"":5}",variable,"{""nVarNumber"":1,""nVarDigits"":3,""nVarValue"":705}",458.5,True,,705000,True,False,False
10.1016/j.fluid.2014.10.035#d2#p1#r48,10.1016/j.fluid.2014.10.035#d2#p1,10.1016/j.fluid.2014.10.035.json,2,1,48,"InChI=1S/C4H10O/c1-2-3-4-5/h5H,2-4H2,1H3",LRHPLDYGYMQRHN-UHFFFAOYSA-N,butan-1-ol,C4H10O,10.1016/j.fluid.2014.10.035,2015,"Boiling temperature at pressure P, K",Liquid,"[""Liquid"",""Gas""]",Ebulliometric method (Recirculating still),460.52,"{""nPropDigits"":5,""nPropNumber"":1,""nPropValue"":460.52,""CombinedUncertainty"":{""nCombUncertAssessNum"":1,""nCombExpandUncertValue"":0.17}}",variable,"{""nVarValue"":735,""nVarDigits"":3,""nVarNumber"":1}",460.52,True,,735000,True,False,False
10.1016/j.fluid.2014.10.035#d2#p1#r49,10.1016/j.fluid.2014.10.035#d2#p1,10.1016/j.fluid.2014.10.035.json,2,1,49,"InChI=1S/C4H10O/c1-2-3-4-5/h5H,2-4H2,1H3",LRHPLDYGYMQRHN-UHFFFAOYSA-N,butan-1-ol,C4H10O,10.1016/j.fluid.2014.10.035,2015,"Boiling temperature at pressure P, K",Liquid,"[""Liquid"",""Gas""]",Ebulliometric method (Recirculating still),463.16,"{""nPropValue"":463.16,""CombinedUncertainty"":{""nCombExpandUncertValue"":0.16,""nCombUncertAssessNum"":1},""nPropNumber"":1,""nPropDigits"":5}",variable,"{""nVarDigits"":3,""nVarNumber"":1,""nVarValue"":785}",463.16,True,,785000,True,False,False
10.1016/j.fluid.2014.10.035#d2#p1#r50,10.1016/j.fluid.2014.10.035#d2#p1,10.1016/j.fluid.2014.10.035.json,2,1,50,"InChI=1S/C4H10O/c1-2-3-4-5/h5H,2-4H2,1H3",LRHPLDYGYMQRHN-UHFFFAOYSA-N,butan-1-ol,C4H10O,10.1016/j.fluid.2014.10.035,2015,"Boiling temperature at pressure P, K",Liquid,"[""Liquid"",""Gas""]",Ebulliometric method (Recirculating still),464.65,"{""nPropDigits"":5,""nPropNumber"":1,""CombinedUncertainty"":{""nCombUncertAssessNum"":1,""nCombExpandUncertValue"":0.17},""nPropValue"":464.65}",variable,"{""nVarDigits"":3,""nVarNumber"":1,""nVarValue"":812}",464.65,True,,812000,True,False,False
10.1016/j.fluid.2014.10.035#d2#p1#r51,10.1016/j.fluid.2014.10.035#d2#p1,10.1016/j.fluid.2014.10.035.json,2,1,51,"InChI=1S/C4H10O/c1-2-3-4-5/h5H,2-4H2,1H3",LRHPLDYGYMQRHN-UHFFFAOYSA-N,butan-1-ol,C4H10O,10.1016/j.fluid.2014.10.035,2015,"Boiling temperature at pressure P, K",Liquid,"[""Liquid"",""Gas""]",Ebulliometric method (Recirculating still),468.23,"{""nPropDigits"":5,""nPropNumber"":1,""CombinedUncertainty"":{""nCombExpandUncertValue"":0.16,""nCombUncertAssessNum"":1},""nPropValue"":468.23}",variable,"{""nVarValue"":877,""nVarNumber"":1,""nVarDigits"":3}",468.23,True,,877000,True,False,False
10.1016/j.fluid.2014.10.035#d2#p1#r52,10.1016/j.fluid.2014.10.035#d2#p1,10.1016/j.fluid.2014.10.035.json,2,1,52,"InChI=1S/C4H10O/c1-2-3-4-5/h5H,2-4H2,1H3",LRHPLDYGYMQRHN-UHFFFAOYSA-N,butan-1-ol,C4H10O,10.1016/j.fluid.2014.10.035,2015,"Boiling temperature at pressure P, K",Liquid,"[""Liquid"",""Gas""]",Ebulliometric method (Recirculating still),469.76,"{""nPropValue"":469.76,""CombinedUncertainty"":{""nCombExpandUncertValue"":0.15,""nCombUncertAssessNum"":1},""nPropDigits"":5,""nPropNumber"":1}",variable,"{""nVarNumber"":1,""nVarDigits"":3,""nVarValue"":907}",469.76,True,,907000,True,False,False
10.1016/j.fluid.2014.10.035#d2#p1#r53,10.1016/j.fluid.2014.10.035#d2#p1,10.1016/j.fluid.2014.10.035.json,2,1,53,"InChI=1S/C4H10O/c1-2-3-4-5/h5H,2-4H2,1H3",LRHPLDYGYMQRHN-UHFFFAOYSA-N,butan-1-ol,C4H10O,10.1016/j.fluid.2014.10.035,2015,"Boiling temperature at pressure P, K",Liquid,"[""Liquid"",""Gas""]",Ebulliometric method (Recirculating still),471.75,"{""nPropValue"":471.75,""CombinedUncertainty"":{""nCombUncertAssessNum"":1,""nCombExpandUncertValue"":0.15},""nPropDigits"":5,""nPropNumber"":1}",variable,"{""nVarValue"":947,""nVarNumber"":1,""nVarDigits"":3}",471.75,True,,947000,True,False,False
10.1016/j.fluid.2014.10.035#d2#p1#r54,10.1016/j.fluid.2014.10.035#d2#p1,10.1016/j.fluid.2014.10.035.json,2,1,54,"InChI=1S/C4H10O/c1-2-3-4-5/h5H,2-4H2,1H3",LRHPLDYGYMQRHN-UHFFFAOYSA-N,butan-1-ol,C4H10O,10.1016/j.fluid.2014.10.035,2015,"Boiling temperature at pressure P, K",Liquid,"[""Liquid"",""Gas""]",Ebulliometric method (Recirculating still),474.05,"{""nPropDigits"":5,""nPropNumber"":1,""nPropValue"":474.05,""CombinedUncertainty"":{""nCombUncertAssessNum"":1,""nCombExpandUncertValue"":0.14}}",variable,"{""nVarValue"":997,""nVarDigits"":3,""nVarNumber"":1}",474.05,True,,997000,True,False,False
10.1016/j.fluid.2014.10.035#d2#p1#r55,10.1016/j.fluid.2014.10.035#d2#p1,10.1016/j.fluid.2014.10.035.json,2,1,55,"InChI=1S/C4H10O/c1-2-3-4-5/h5H,2-4H2,1H3",LRHPLDYGYMQRHN-UHFFFAOYSA-N,butan-1-ol,C4H10O,10.1016/j.fluid.2014.10.035,2015,"Boiling temperature at pressure P, K",Liquid,"[""Liquid"",""Gas""]",Ebulliometric method (Recirculating still),475.25,"{""CombinedUncertainty"":{""nCombUncertAssessNum"":1,""nCombExpandUncertValue"":0.14},""nPropValue"":475.25,""nPropDigits"":5,""nPropNumber"":1}",variable,"{""nVarDigits"":4,""nVarNumber"":1,""nVarValue"":1025}",475.25,True,,1025000,True,False,False
10.1016/j.fluid.2014.10.035#d2#p1#r56,10.1016/j.fluid.2014.10.035#d2#p1,10.1016/j.fluid.2014.10.035.json,2,1,56,"InChI=1S/C4H10O/c1-2-3-4-5/h5H,2-4H2,1H3",LRHPLDYGYMQRHN-UHFFFAOYSA-N,butan-1-ol,C4H10O,10.1016/j.fluid.2014.10.035,2015,"Boiling temperature at pressure P, K",Liquid,"[""Liquid"",""Gas""]",Ebulliometric method (Recirculating still),477.65,"{""nPropValue"":477.65,""CombinedUncertainty"":{""nCombExpandUncertValue"":0.15,""nCombUncertAssessNum"":1},""nPropNumber"":1,""nPropDigits"":5}",variable,"{""nVarValue"":1077,""nVarNumber"":1,""nVarDigits"":4}",477.65,True,,1077000,True,False,False
10.1016/j.fluid.2014.10.035#d2#p1#r57,10.1016/j.fluid.2014.10.035#d2#p1,10.1016/j.fluid.2014.10.035.json,2,1,57,"InChI=1S/C4H10O/c1-2-3-4-5/h5H,2-4H2,1H3",LRHPLDYGYMQRHN-UHFFFAOYSA-N,butan-1-ol,C4H10O,10.1016/j.fluid.2014.10.035,2015,"Boiling temperature at pressure P, K",Liquid,"[""Liquid"",""Gas""]",Ebulliometric method (Recirculating still),478.65,"{""nPropDigits"":5,""nPropNumber"":1,""CombinedUncertainty"":{""nCombUncertAssessNum"":1,""nCombExpandUncertValue"":0.14},""nPropValue"":478.65}",variable,"{""nVarNumber"":1,""nVarDigits"":4,""nVarValue"":1097}",478.65,True,,1097000,True,False,False
10.1016/j.fluid.2014.10.035#d2#p1#r58,10.1016/j.fluid.2014.10.035#d2#p1,10.1016/j.fluid.2014.10.035.json,2,1,58,"InChI=1S/C4H10O/c1-2-3-4-5/h5H,2-4H2,1H3",LRHPLDYGYMQRHN-UHFFFAOYSA-N,butan-1-ol,C4H10O,10.1016/j.fluid.2014.10.035,2015,"Boiling temperature at pressure P, K",Liquid,"[""Liquid"",""Gas""]",Ebulliometric method (Recirculating still),479.65,"{""nPropDigits"":5,""nPropNumber"":1,""CombinedUncertainty"":{""nCombUncertAssessNum"":1,""nCombExpandUncertValue"":0.13},""nPropValue"":479.65}",variable,"{""nVarNumber"":1,""nVarDigits"":4,""nVarValue"":1122}",479.65,True,,1122000,True,False,False
10.1016/j.fluid.2014.10.035#d2#p1#r59,10.1016/j.fluid.2014.10.035#d2#p1,10.1016/j.fluid.2014.10.035.json,2,1,59,"InChI=1S/C4H10O/c1-2-3-4-5/h5H,2-4H2,1H3",LRHPLDYGYMQRHN-UHFFFAOYSA-N,butan-1-ol,C4H10O,10.1016/j.fluid.2014.10.035,2015,"Boiling temperature at pressure P, K",Liquid,"[""Liquid"",""Gas""]",Ebulliometric method (Recirculating still),481.05,"{""nPropValue"":481.05,""CombinedUncertainty"":{""nCombExpandUncertValue"":0.13,""nCombUncertAssessNum"":1},""nPropNumber"":1,""nPropDigits"":5}",variable,"{""nVarValue"":1155,""nVarDigits"":4,""nVarNumber"":1}",481.05,True,,1155000,True,False,False
10.1016/j.fluid.2014.10.035#d2#p1#r60,10.1016/j.fluid.2014.10.035#d2#p1,10.1016/j.fluid.2014.10.035.json,2,1,60,"InChI=1S/C4H10O/c1-2-3-4-5/h5H,2-4H2,1H3",LRHPLDYGYMQRHN-UHFFFAOYSA-N,butan-1-ol,C4H10O,10.1016/j.fluid.2014.10.035,2015,"Boiling temperature at pressure P, K",Liquid,"[""Liquid"",""Gas""]",Ebulliometric method (Recirculating still),482.55,"{""CombinedUncertainty"":{""nCombUncertAssessNum"":1,""nCombExpandUncertValue"":0.13},""nPropValue"":482.55,""nPropNumber"":1,""nPropDigits"":5}",variable,"{""nVarDigits"":4,""nVarNumber"":1,""nVarValue"":1192}",482.55,True,,1192000,True,False,False
10.1016/j.fluid.2014.10.035#d2#p1#r61,10.1016/j.fluid.2014.10.035#d2#p1,10.1016/j.fluid.2014.10.035.json,2,1,61,"InChI=1S/C4H10O/c1-2-3-4-5/h5H,2-4H2,1H3",LRHPLDYGYMQRHN-UHFFFAOYSA-N,butan-1-ol,C4H10O,10.1016/j.fluid.2014.10.035,2015,"Boiling temperature at pressure P, K",Liquid,"[""Liquid"",""Gas""]",Ebulliometric method (Recirculating still),484.65,"{""CombinedUncertainty"":{""nCombUncertAssessNum"":1,""nCombExpandUncertValue"":0.13},""nPropValue"":484.65,""nPropDigits"":5,""nPropNumber"":1}",variable,"{""nVarDigits"":4,""nVarNumber"":1,""nVarValue"":1245}",484.65,True,,1245000,True,False,False
10.1016/j.fluid.2014.10.035#d2#p1#r62,10.1016/j.fluid.2014.10.035#d2#p1,10.1016/j.fluid.2014.10.035.json,2,1,62,"InChI=1S/C4H10O/c1-2-3-4-5/h5H,2-4H2,1H3",LRHPLDYGYMQRHN-UHFFFAOYSA-N,butan-1-ol,C4H10O,10.1016/j.fluid.2014.10.035,2015,"Boiling temperature at pressure P, K",Liquid,"[""Liquid"",""Gas""]",Ebulliometric method (Recirculating still),485.55,"{""nPropValue"":485.55,""CombinedUncertainty"":{""nCombExpandUncertValue"":0.13,""nCombUncertAssessNum"":1},""nPropDigits"":5,""nPropNumber"":1}",variable,"{""nVarValue"":1267,""nVarDigits"":4,""nVarNumber"":1}",485.55,True,,1267000,True,False,False
10.1016/j.fluid.2014.10.035#d2#p1#r63,10.1016/j.fluid.2014.10.035#d2#p1,10.1016/j.fluid.2014.10.035.json,2,1,63,"InChI=1S/C4H10O/c1-2-3-4-5/h5H,2-4H2,1H3",LRHPLDYGYMQRHN-UHFFFAOYSA-N,butan-1-ol,C4H10O,10.1016/j.fluid.2014.10.035,2015,"Boiling temperature at pressure P, K",Liquid,"[""Liquid"",""Gas""]",Ebulliometric method (Recirculating still),487.15,"{""nPropDigits"":5,""nPropNumber"":1,""CombinedUncertainty"":{""nCombExpandUncertValue"":0.12,""nCombUncertAssessNum"":1},""nPropValue"":487.15}",variable,"{""nVarValue"":1307,""nVarNumber"":1,""nVarDigits"":4}",487.15,True,,1307000,True,False,False
10.1016/j.fluid.2014.10.035#d2#p1#r64,10.1016/j.fluid.2014.10.035#d2#p1,10.1016/j.fluid.2014.10.035.json,2,1,64,"InChI=1S/C4H10O/c1-2-3-4-5/h5H,2-4H2,1H3",LRHPLDYGYMQRHN-UHFFFAOYSA-N,butan-1-ol,C4H10O,10.1016/j.fluid.2014.10.035,2015,"Boiling temperature at pressure P, K",Liquid,"[""Liquid"",""Gas""]",Ebulliometric method (Recirculating still),489.75,"{""nPropNumber"":1,""nPropDigits"":5,""CombinedUncertainty"":{""nCombExpandUncertValue"":0.12,""nCombUncertAssessNum"":1},""nPropValue"":489.75}",variable,"{""nVarValue"":1377,""nVarNumber"":1,""nVarDigits"":4}",489.75,True,,1377000,True,False,False
10.1016/j.fluid.2014.10.035#d2#p1#r65,10.1016/j.fluid.2014.10.035#d2#p1,10.1016/j.fluid.2014.10.035.json,2,1,65,"InChI=1S/C4H10O/c1-2-3-4-5/h5H,2-4H2,1H3",LRHPLDYGYMQRHN-UHFFFAOYSA-N,butan-1-ol,C4H10O,10.1016/j.fluid.2014.10.035,2015,"Boiling temperature at pressure P, K",Liquid,"[""Liquid"",""Gas""]",Ebulliometric method (Recirculating still),490.95,"{""nPropDigits"":5,""nPropNumber"":1,""CombinedUncertainty"":{""nCombUncertAssessNum"":1,""nCombExpandUncertValue"":0.12},""nPropValue"":490.95}",variable,"{""nVarValue"":1412,""nVarNumber"":1,""nVarDigits"":4}",490.95,True,,1412000,True,False,False
10.1016/j.fluid.2014.10.035#d2#p1#r66,10.1016/j.fluid.2014.10.035#d2#p1,10.1016/j.fluid.2014.10.035.json,2,1,66,"InChI=1S/C4H10O/c1-2-3-4-5/h5H,2-4H2,1H3",LRHPLDYGYMQRHN-UHFFFAOYSA-N,butan-1-ol,C4H10O,10.1016/j.fluid.2014.10.035,2015,"Boiling temperature at pressure P, K",Liquid,"[""Liquid"",""Gas""]",Ebulliometric method (Recirculating still),492.05,"{""nPropValue"":492.05,""CombinedUncertainty"":{""nCombUncertAssessNum"":1,""nCombExpandUncertValue"":0.12},""nPropNumber"":1,""nPropDigits"":5}",variable,"{""nVarDigits"":4,""nVarNumber"":1,""nVarValue"":1442}",492.05,True,,1442000,True,False,False
10.1016/j.fluid.2014.10.035#d2#p1#r67,10.1016/j.fluid.2014.10.035#d2#p1,10.1016/j.fluid.2014.10.035.json,2,1,67,"InChI=1S/C4H10O/c1-2-3-4-5/h5H,2-4H2,1H3",LRHPLDYGYMQRHN-UHFFFAOYSA-N,butan-1-ol,C4H10O,10.1016/j.fluid.2014.10.035,2015,"Boiling temperature at pressure P, K",Liquid,"[""Liquid"",""Gas""]",Ebulliometric method (Recirculating still),493.75,"{""nPropValue"":493.75,""CombinedUncertainty"":{""nCombUncertAssessNum"":1,""nCombExpandUncertValue"":0.12},""nPropNumber"":1,""nPropDigits"":5}",variable,"{""nVarValue"":1487,""nVarDigits"":4,""nVarNumber"":1}",493.75,True,,1487000,True,False,False
10.1016/j.fluid.2014.10.035#d2#p1#r68,10.1016/j.fluid.2014.10.035#d2#p1,10.1016/j.fluid.2014.10.035.json,2,1,68,"InChI=1S/C4H10O/c1-2-3-4-5/h5H,2-4H2,1H3",LRHPLDYGYMQRHN-UHFFFAOYSA-N,butan-1-ol,C4H10O,10.1016/j.fluid.2014.10.035,2015,"Boiling temperature at pressure P, K",Liquid,"[""Liquid"",""Gas""]",Ebulliometric method (Recirculating still),494.85,"{""nPropDigits"":5,""nPropNumber"":1,""nPropValue"":494.85,""CombinedUncertainty"":{""nCombExpandUncertValue"":0.11,""nCombUncertAssessNum"":1}}",variable,"{""nVarValue"":1522,""nVarNumber"":1,""nVarDigits"":4}",494.85,True,,1522000,True,False,False
10.1016/j.fluid.2014.10.035#d2#p1#r69,10.1016/j.fluid.2014.10.035#d2#p1,10.1016/j.fluid.2014.10.035.json,2,1,69,"InChI=1S/C4H10O/c1-2-3-4-5/h5H,2-4H2,1H3",LRHPLDYGYMQRHN-UHFFFAOYSA-N,butan-1-ol,C4H10O,10.1016/j.fluid.2014.10.035,2015,"Boiling temperature at pressure P, K",Liquid,"[""Liquid"",""Gas""]",Ebulliometric method (Recirculating still),496.35,"{""CombinedUncertainty"":{""nCombUncertAssessNum"":1,""nCombExpandUncertValue"":0.11},""nPropValue"":496.35,""nPropNumber"":1,""nPropDigits"":5}",variable,"{""nVarDigits"":4,""nVarNumber"":1,""nVarValue"":1565}",496.35,True,,1565000,True,False,False
10.1016/j.fluid.2014.10.035#d2#p1#r70,10.1016/j.fluid.2014.10.035#d2#p1,10.1016/j.fluid.2014.10.035.json,2,1,70,"InChI=1S/C4H10O/c1-2-3-4-5/h5H,2-4H2,1H3",LRHPLDYGYMQRHN-UHFFFAOYSA-N,butan-1-ol,C4H10O,10.1016/j.fluid.2014.10.035,2015,"Boiling temperature at pressure P, K",Liquid,"[""Liquid"",""Gas""]",Ebulliometric method (Recirculating still),497.95,"{""nPropNumber"":1,""nPropDigits"":5,""nPropValue"":497.95,""CombinedUncertainty"":{""nCombExpandUncertValue"":0.11,""nCombUncertAssessNum"":1}}",variable,"{""nVarDigits"":4,""nVarNumber"":1,""nVarValue"":1615}",497.95,True,,1615000,True,False,False
10.1016/j.fluid.2014.10.035#d5#p1#r1,10.1016/j.fluid.2014.10.035#d5#p1,10.1016/j.fluid.2014.10.035.json,5,1,1,"InChI=1S/C4H10O/c1-3-4(2)5/h4-5H,3H2,1-2H3",BTANRVKWQNVYAZ-UHFFFAOYSA-N,butan-2-ol,C4H10O,10.1016/j.fluid.2014.10.035,2015,"Boiling temperature at pressure P, K",Liquid,"[""Liquid"",""Gas""]",Ebulliometric method (Recirculating still),299.54,"{""nPropDigits"":5,""nPropNumber"":1,""CombinedUncertainty"":{""nCombUncertAssessNum"":1,""nCombExpandUncertValue"":10.49},""nPropValue"":299.54}",variable,"{""nVarValue"":4,""nVarNumber"":1,""nVarDigits"":1}",299.54,True,,4000,True,True,False
10.1016/j.fluid.2014.10.035#d5#p1#r2,10.1016/j.fluid.2014.10.035#d5#p1,10.1016/j.fluid.2014.10.035.json,5,1,2,"InChI=1S/C4H10O/c1-3-4(2)5/h4-5H,3H2,1-2H3",BTANRVKWQNVYAZ-UHFFFAOYSA-N,butan-2-ol,C4H10O,10.1016/j.fluid.2014.10.035,2015,"Boiling temperature at pressure P, K",Liquid,"[""Liquid"",""Gas""]",Ebulliometric method (Recirculating still),313.48,"{""nPropNumber"":1,""nPropDigits"":5,""CombinedUncertainty"":{""nCombExpandUncertValue"":7.62,""nCombUncertAssessNum"":1},""nPropValue"":313.48}",variable,"{""nVarDigits"":1,""nVarNumber"":1,""nVarValue"":8}",313.48,True,,8000,True,True,False
10.1016/j.fluid.2014.10.035#d5#p1#r3,10.1016/j.fluid.2014.10.035#d5#p1,10.1016/j.fluid.2014.10.035.json,5,1,3,"InChI=1S/C4H10O/c1-3-4(2)5/h4-5H,3H2,1-2H3",BTANRVKWQNVYAZ-UHFFFAOYSA-N,butan-2-ol,C4H10O,10.1016/j.fluid.2014.10.035,2015,"Boiling temperature at pressure P, K",Liquid,"[""Liquid"",""Gas""]",Ebulliometric method (Recirculating still),321.8,"{""nPropValue"":321.8,""CombinedUncertainty"":{""nCombExpandUncertValue"":7,""nCombUncertAssessNum"":1},""nPropNumber"":1,""nPropDigits"":5}",variable,"{""nVarValue"":10,""nVarNumber"":1,""nVarDigits"":1}",321.8,True,,10000,True,True,False
10.1016/j.fluid.2014.10.035#d5#p1#r4,10.1016/j.fluid.2014.10.035#d5#p1,10.1016/j.fluid.2014.10.035.json,5,1,4,"InChI=1S/C4H10O/c1-3-4(2)5/h4-5H,3H2,1-2H3",BTANRVKWQNVYAZ-UHFFFAOYSA-N,butan-2-ol,C4H10O,10.1016/j.fluid.2014.10.035,2015,"Boiling temperature at pressure P, K",Liquid,"[""Liquid"",""Gas""]",Ebulliometric method (Recirculating still),326.86,"{""CombinedUncertainty"":{""nCombExpandUncertValue"":4.82,""nCombUncertAssessNum"":1},""nPropValue"":326.86,""nPropNumber"":1,""nPropDigits"":5}",variable,"{""nVarValue"":14,""nVarNumber"":1,""nVarDigits"":2}",326.86,True,,14000,True,True,False
10.1016/j.fluid.2014.10.035#d5#p1#r5,10.1016/j.fluid.2014.10.035#d5#p1,10.1016/j.fluid.2014.10.035.json,5,1,5,"InChI=1S/C4H10O/c1-3-4(2)5/h4-5H,3H2,1-2H3",BTANRVKWQNVYAZ-UHFFFAOYSA-N,butan-2-ol,C4H10O,10.1016/j.fluid.2014.10.035,2015,"Boiling temperature at pressure P, K",Liquid,"[""Liquid"",""Gas""]",Ebulliometric method (Recirculating still),329.24,"{""nPropNumber"":1,""nPropDigits"":5,""CombinedUncertainty"":{""nCombUncertAssessNum"":1,""nCombExpandUncertValue"":3.43},""nPropValue"":329.24}",variable,"{""nVarDigits"":2,""nVarNumber"":1,""nVarValue"":16}",329.24,True,,16000,True,True,False
10.1016/j.fluid.2014.10.035#d5#p1#r6,10.1016/j.fluid.2014.10.035#d5#p1,10.1016/j.fluid.2014.10.035.json,5,1,6,"InChI=1S/C4H10O/c1-3-4(2)5/h4-5H,3H2,1-2H3",BTANRVKWQNVYAZ-UHFFFAOYSA-N,butan-2-ol,C4H10O,10.1016/j.fluid.2014.10.035,2015,"Boiling temperature at pressure P, K",Liquid,"[""Liquid"",""Gas""]",Ebulliometric method (Recirculating still),333.92,"{""CombinedUncertainty"":{""nCombExpandUncertValue"":2.77,""nCombUncertAssessNum"":1},""nPropValue"":333.92,""nPropDigits"":5,""nPropNumber"":1}",variable,"{""nVarNumber"":1,""nVarDigits"":1,""nVarValue"":20}",333.92,True,,20000,True,True,False
10.1016/j.fluid.2014.10.035#d5#p1#r7,10.1016/j.fluid.2014.10.035#d5#p1,10.1016/j.fluid.2014.10.035.json,5,1,7,"InChI=1S/C4H10O/c1-3-4(2)5/h4-5H,3H2,1-2H3",BTANRVKWQNVYAZ-UHFFFAOYSA-N,butan-2-ol,C4H10O,10.1016/j.fluid.2014.10.035,2015,"Boiling temperature at pressure P, K",Liquid,"[""Liquid"",""Gas""]",Ebulliometric method (Recirculating still),337.72,"{""nPropValue"":337.72,""CombinedUncertainty"":{""nCombExpandUncertValue"":2.23,""nCombUncertAssessNum"":1},""nPropNumber"":1,""nPropDigits"":5}",variable,"{""nVarDigits"":2,""nVarNumber"":1,""nVarValue"":24}",337.72,True,,24000,True,False,False
10.1016/j.fluid.2014.10.035#d5#p1#r8,10.1016/j.fluid.2014.10.035#d5#p1,10.1016/j.fluid.2014.10.035.json,5,1,8,"InChI=1S/C4H10O/c1-3-4(2)5/h4-5H,3H2,1-2H3",BTANRVKWQNVYAZ-UHFFFAOYSA-N,butan-2-ol,C4H10O,10.1016/j.fluid.2014.10.035,2015,"Boiling temperature at pressure P, K",Liquid,"[""Liquid"",""Gas""]",Ebulliometric method (Recirculating still),338.63,"{""nPropValue"":338.63,""CombinedUncertainty"":{""nCombUncertAssessNum"":1,""nCombExpandUncertValue"":2.26},""nPropDigits"":5,""nPropNumber"":1}",variable,"{""nVarNumber"":1,""nVarDigits"":2,""nVarValue"":26}",338.63,True,,26000,True,False,False
10.1016/j.fluid.2014.10.035#d5#p1#r9,10.1016/j.fluid.2014.10.035#d5#p1,10.1016/j.fluid.2014.10.035.json,5,1,9,"InChI=1S/C4H10O/c1-3-4(2)5/h4-5H,3H2,1-2H3",BTANRVKWQNVYAZ-UHFFFAOYSA-N,butan-2-ol,C4H10O,10.1016/j.fluid.2014.10.035,2015,"Boiling temperature at pressure P, K",Liquid,"[""Liquid"",""Gas""]",Ebulliometric method (Recirculating still),340.39,"{""nPropValue"":340.39,""CombinedUncertainty"":{""nCombUncertAssessNum"":1,""nCombExpandUncertValue"":2.3},""nPropDigits"":5,""nPropNumber"":1}",variable,"{""nVarValue"":27,""nVarNumber"":1,""nVarDigits"":2}",340.39,True,,27000,True,False,False
10.1016/j.fluid.2014.10.035#d5#p1#r10,10.1016/j.fluid.2014.10.035#d5#p1,10.1016/j.fluid.2014.10.035.json,5,1,10,"InChI=1S/C4H10O/c1-3-4(2)5/h4-5H,3H2,1-2H3",BTANRVKWQNVYAZ-UHFFFAOYSA-N,butan-2-ol,C4H10O,10.1016/j.fluid.2014.10.035,2015,"Boiling temperature at pressure P, K",Liquid,"[""Liquid"",""Gas""]",Ebulliometric method (Recirculating still),342.7,"{""nPropNumber"":1,""nPropDigits"":5,""CombinedUncertainty"":{""nCombUncertAssessNum"":1,""nCombExpandUncertValue"":2.27},""nPropValue"":342.7}",variable,"{""nVarDigits"":2,""nVarNumber"":1,""nVarValue"":31}",342.7,True,,31000,True,False,False
10.1016/j.fluid.2014.10.035#d5#p1#r11,10.1016/j.fluid.2014.10.035#d5#p1,10.1016/j.fluid.2014.10.035.json,5,1,11,"InChI=1S/C4H10O/c1-3-4(2)5/h4-5H,3H2,1-2H3",BTANRVKWQNVYAZ-UHFFFAOYSA-N,butan-2-ol,C4H10O,10.1016/j.fluid.2014.10.035,2015,"Boiling temperature at pressure P, K",Liquid,"[""Liquid"",""Gas""]",Ebulliometric method (Recirculating still),345.48,"{""nPropValue"":345.48,""CombinedUncertainty"":{""nCombUncertAssessNum"":1,""nCombExpandUncertValue"":1.84},""nPropNumber"":1,""nPropDigits"":5}",variable,"{""nVarValue"":34,""nVarDigits"":2,""nVarNumber"":1}",345.48,True,,34000,True,False,False
10.1016/j.fluid.2014.10.035#d5#p1#r12,10.1016/j.fluid.2014.10.035#d5#p1,10.1016/j.fluid.2014.10.035.json,5,1,12,"InChI=1S/C4H10O/c1-3-4(2)5/h4-5H,3H2,1-2H3",BTANRVKWQNVYAZ-UHFFFAOYSA-N,butan-2-ol,C4H10O,10.1016/j.fluid.2014.10.035,2015,"Boiling temperature at pressure P, K",Liquid,"[""Liquid"",""Gas""]",Ebulliometric method (Recirculating still),346.65,"{""nPropValue"":346.65,""CombinedUncertainty"":{""nCombUncertAssessNum"":1,""nCombExpandUncertValue"":1.91},""nPropNumber"":1,""nPropDigits"":5}",variable,"{""nVarValue"":36,""nVarNumber"":1,""nVarDigits"":2}",346.65,True,,36000,True,False,False
10.1016/j.fluid.2014.10.035#d5#p1#r13,10.1016/j.fluid.2014.10.035#d5#p1,10.1016/j.fluid.2014.10.035.json,5,1,13,"InChI=1S/C4H10O/c1-3-4(2)5/h4-5H,3H2,1-2H3",BTANRVKWQNVYAZ-UHFFFAOYSA-N,butan-2-ol,C4H10O,10.1016/j.fluid.2014.10.035,2015,"Boiling temperature at pressure P, K",Liquid,"[""Liquid"",""Gas""]",Ebulliometric method (Recirculating still),348.11,"{""nPropValue"":348.11,""CombinedUncertainty"":{""nCombUncertAssessNum"":1,""nCombExpandUncertValue"":1.57},""nPropNumber"":1,""nPropDigits"":5}",variable,"{""nVarValue"":39,""nVarDigits"":2,""nVarNumber"":1}",348.11,True,,39000,True,False,False
10.1016/j.fluid.2014.10.035#d5#p1#r14,10.1016/j.fluid.2014.10.035#d5#p1,10.1016/j.fluid.2014.10.035.json,5,1,14,"InChI=1S/C4H10O/c1-3-4(2)5/h4-5H,3H2,1-2H3",BTANRVKWQNVYAZ-UHFFFAOYSA-N,butan-2-ol,C4H10O,10.1016/j.fluid.2014.10.035,2015,"Boiling temperature at pressure P, K",Liquid,"[""Liquid"",""Gas""]",Ebulliometric method (Recirculating still),349.45,"{""nPropDigits"":5,""nPropNumber"":1,""CombinedUncertainty"":{""nCombUncertAssessNum"":1,""nCombExpandUncertValue"":1.61},""nPropValue"":349.45}",variable,"{""nVarValue"":41,""nVarDigits"":2,""nVarNumber"":1}",349.45,True,,41000,True,False,False
10.1016/j.fluid.2014.10.035#d5#p1#r15,10.1016/j.fluid.2014.10.035#d5#p1,10.1016/j.fluid.2014.10.035.json,5,1,15,"InChI=1S/C4H10O/c1-3-4(2)5/h4-5H,3H2,1-2H3",BTANRVKWQNVYAZ-UHFFFAOYSA-N,butan-2-ol,C4H10O,10.1016/j.fluid.2014.10.035,2015,"Boiling temperature at pressure P, K",Liquid,"[""Liquid"",""Gas""]",Ebulliometric method (Recirculating still),350.23,"{""CombinedUncertainty"":{""nCombUncertAssessNum"":1,""nCombExpandUncertValue"":1.69},""nPropValue"":350.23,""nPropNumber"":1,""nPropDigits"":5}",variable,"{""nVarNumber"":1,""nVarDigits"":2,""nVarValue"":43}",350.23,True,,43000,True,False,False
10.1016/j.fluid.2014.10.035#d5#p1#r16,10.1016/j.fluid.2014.10.035#d5#p1,10.1016/j.fluid.2014.10.035.json,5,1,16,"InChI=1S/C4H10O/c1-3-4(2)5/h4-5H,3H2,1-2H3",BTANRVKWQNVYAZ-UHFFFAOYSA-N,butan-2-ol,C4H10O,10.1016/j.fluid.2014.10.035,2015,"Boiling temperature at pressure P, K",Liquid,"[""Liquid"",""Gas""]",Ebulliometric method (Recirculating still),351.56,"{""nPropNumber"":1,""nPropDigits"":5,""nPropValue"":351.56,""CombinedUncertainty"":{""nCombExpandUncertValue"":1.52,""nCombUncertAssessNum"":1}}",variable,"{""nVarDigits"":2,""nVarNumber"":1,""nVarValue"":45}",351.56,True,,45000,True,False,False
10.1016/j.fluid.2014.10.035#d5#p1#r17,10.1016/j.fluid.2014.10.035#d5#p1,10.1016/j.fluid.2014.10.035.json,5,1,17,"InChI=1S/C4H10O/c1-3-4(2)5/h4-5H,3H2,1-2H3",BTANRVKWQNVYAZ-UHFFFAOYSA-N,butan-2-ol,C4H10O,10.1016/j.fluid.2014.10.035,2015,"Boiling temperature at pressure P, K",Liquid,"[""Liquid"",""Gas""]",Ebulliometric method (Recirculating still),352.9,"{""nPropDigits"":5,""nPropNumber"":1,""nPropValue"":352.9,""CombinedUncertainty"":{""nCombUncertAssessNum"":1,""nCombExpandUncertValue"":1.53}}",variable,"{""nVarValue"":47,""nVarDigits"":2,""nVarNumber"":1}",352.9,True,,47000,True,False,False
10.1016/j.fluid.2014.10.035#d5#p1#r18,10.1016/j.fluid.2014.10.035#d5#p1,10.1016/j.fluid.2014.10.035.json,5,1,18,"InChI=1S/C4H10O/c1-3-4(2)5/h4-5H,3H2,1-2H3",BTANRVKWQNVYAZ-UHFFFAOYSA-N,butan-2-ol,C4H10O,10.1016/j.fluid.2014.10.035,2015,"Boiling temperature at pressure P, K",Liquid,"[""Liquid"",""Gas""]",Ebulliometric method (Recirculating still),354.56,"{""nPropDigits"":5,""nPropNumber"":1,""CombinedUncertainty"":{""nCombExpandUncertValue"":1.52,""nCombUncertAssessNum"":1},""nPropValue"":354.56}",variable,"{""nVarNumber"":1,""nVarDigits"":2,""nVarValue"":51}",354.56,True,,51000,True,False,False
10.1016/j.fluid.2014.10.035#d5#p1#r19,10.1016/j.fluid.2014.10.035#d5#p1,10.1016/j.fluid.2014.10.035.json,5,1,19,"InChI=1S/C4H10O/c1-3-4(2)5/h4-5H,3H2,1-2H3",BTANRVKWQNVYAZ-UHFFFAOYSA-N,butan-2-ol,C4H10O,10.1016/j.fluid.2014.10.035,2015,"Boiling temperature at pressure P, K",Liquid,"[""Liquid"",""Gas""]",Ebulliometric method (Recirculating still),355.92,"{""nPropNumber"":1,""nPropDigits"":5,""CombinedUncertainty"":{""nCombUncertAssessNum"":1,""nCombExpandUncertValue"":1.34},""nPropValue"":355.92}",variable,"{""nVarNumber"":1,""nVarDigits"":2,""nVarValue"":53}",355.92,True,,53000,True,False,False
10.1016/j.fluid.2014.10.035#d5#p1#r20,10.1016/j.fluid.2014.10.035#d5#p1,10.1016/j.fluid.2014.10.035.json,5,1,20,"InChI=1S/C4H10O/c1-3-4(2)5/h4-5H,3H2,1-2H3",BTANRVKWQNVYAZ-UHFFFAOYSA-N,butan-2-ol,C4H10O,10.1016/j.fluid.2014.10.035,2015,"Boiling temperature at pressure P, K",Liquid,"[""Liquid"",""Gas""]",Ebulliometric method (Recirculating still),356.95,"{""nPropValue"":356.95,""CombinedUncertainty"":{""nCombUncertAssessNum"":1,""nCombExpandUncertValue"":1.41},""nPropDigits"":5,""nPropNumber"":1}",variable,"{""nVarNumber"":1,""nVarDigits"":2,""nVarValue"":55}",356.95,True,,55000,True,False,False
10.1016/j.fluid.2014.10.035#d5#p1#r21,10.1016/j.fluid.2014.10.035#d5#p1,10.1016/j.fluid.2014.10.035.json,5,1,21,"InChI=1S/C4H10O/c1-3-4(2)5/h4-5H,3H2,1-2H3",BTANRVKWQNVYAZ-UHFFFAOYSA-N,butan-2-ol,C4H10O,10.1016/j.fluid.2014.10.035,2015,"Boiling temperature at pressure P, K",Liquid,"[""Liquid"",""Gas""]",Ebulliometric method (Recirculating still),359.07,"{""CombinedUncertainty"":{""nCombUncertAssessNum"":1,""nCombExpandUncertValue"":1},""nPropValue"":359.07,""nPropNumber"":1,""nPropDigits"":5}",variable,"{""nVarDigits"":1,""nVarNumber"":1,""nVarValue"":60}",359.07,True,,60000,True,False,False
10.1016/j.fluid.2014.10.035#d5#p1#r22,10.1016/j.fluid.2014.10.035#d5#p1,10.1016/j.fluid.2014.10.035.json,5,1,22,"InChI=1S/C4H10O/c1-3-4(2)5/h4-5H,3H2,1-2H3",BTANRVKWQNVYAZ-UHFFFAOYSA-N,butan-2-ol,C4H10O,10.1016/j.fluid.2014.10.035,2015,"Boiling temperature at pressure P, K",Liquid,"[""Liquid"",""Gas""]",Ebulliometric method (Recirculating still),359.51,"{""nPropValue"":359.51,""CombinedUncertainty"":{""nCombExpandUncertValue"":1.01,""nCombUncertAssessNum"":1},""nPropNumber"":1,""nPropDigits"":5}",variable,"{""nVarValue"":62,""nVarDigits"":2,""nVarNumber"":1}",359.51,True,,62000,True,False,False
10.1016/j.fluid.2014.10.035#d5#p1#r23,10.1016/j.fluid.2014.10.035#d5#p1,10.1016/j.fluid.2014.10.035.json,5,1,23,"InChI=1S/C4H10O/c1-3-4(2)5/h4-5H,3H2,1-2H3",BTANRVKWQNVYAZ-UHFFFAOYSA-N,butan-2-ol,C4H10O,10.1016/j.fluid.2014.10.035,2015,"Boiling temperature at pressure P, K",Liquid,"[""Liquid"",""Gas""]",Ebulliometric method (Recirculating still),360.85,"{""nPropValue"":360.85,""CombinedUncertainty"":{""nCombUncertAssessNum"":1,""nCombExpandUncertValue"":0.99},""nPropNumber"":1,""nPropDigits"":5}",variable,"{""nVarDigits"":2,""nVarNumber"":1,""nVarValue"":66}",360.85,True,,66000,True,False,False
10.1016/j.fluid.2014.10.035#d5#p1#r24,10.1016/j.fluid.2014.10.035#d5#p1,10.1016/j.fluid.2014.10.035.json,5,1,24,"InChI=1S/C4H10O/c1-3-4(2)5/h4-5H,3H2,1-2H3",BTANRVKWQNVYAZ-UHFFFAOYSA-N,butan-2-ol,C4H10O,10.1016/j.fluid.2014.10.035,2015,"Boiling temperature at pressure P, K",Liquid,"[""Liquid"",""Gas""]",Ebulliometric method (Recirculating still),362.27,"{""nPropDigits"":5,""nPropNumber"":1,""nPropValue"":362.27,""CombinedUncertainty"":{""nCombUncertAssessNum"":1,""nCombExpandUncertValue"":1.04}}",variable,"{""nVarValue"":69,""nVarDigits"":2,""nVarNumber"":1}",362.27,True,,69000,True,False,False
10.1016/j.fluid.2014.10.035#d5#p1#r25,10.1016/j.fluid.2014.10.035#d5#p1,10.1016/j.fluid.2014.10.035.json,5,1,25,"InChI=1S/C4H10O/c1-3-4(2)5/h4-5H,3H2,1-2H3",BTANRVKWQNVYAZ-UHFFFAOYSA-N,butan-2-ol,C4H10O,10.1016/j.fluid.2014.10.035,2015,"Boiling temperature at pressure P, K",Liquid,"[""Liquid"",""Gas""]",Ebulliometric method (Recirculating still),363.91,"{""CombinedUncertainty"":{""nCombExpandUncertValue"":1.01,""nCombUncertAssessNum"":1},""nPropValue"":363.91,""nPropNumber"":1,""nPropDigits"":5}",variable,"{""nVarNumber"":1,""nVarDigits"":2,""nVarValue"":74}",363.91,True,,74000,True,False,False
10.1016/j.fluid.2014.10.035#d5#p1#r26,10.1016/j.fluid.2014.10.035#d5#p1,10.1016/j.fluid.2014.10.035.json,5,1,26,"InChI=1S/C4H10O/c1-3-4(2)5/h4-5H,3H2,1-2H3",BTANRVKWQNVYAZ-UHFFFAOYSA-N,butan-2-ol,C4H10O,10.1016/j.fluid.2014.10.035,2015,"Boiling temperature at pressure P, K",Liquid,"[""Liquid"",""Gas""]",Ebulliometric method (Recirculating still),365.33,"{""nPropDigits"":5,""nPropNumber"":1,""nPropValue"":365.33,""CombinedUncertainty"":{""nCombUncertAssessNum"":1,""nCombExpandUncertValue"":1.09}}",variable,"{""nVarValue"":77,""nVarDigits"":2,""nVarNumber"":1}",365.33,True,,77000,True,False,False
10.1016/j.fluid.2014.10.035#d5#p1#r27,10.1016/j.fluid.2014.10.035#d5#p1,10.1016/j.fluid.2014.10.035.json,5,1,27,"InChI=1S/C4H10O/c1-3-4(2)5/h4-5H,3H2,1-2H3",BTANRVKWQNVYAZ-UHFFFAOYSA-N,butan-2-ol,C4H10O,10.1016/j.fluid.2014.10.035,2015,"Boiling temperature at pressure P, K",Liquid,"[""Liquid"",""Gas""]",Ebulliometric method (Recirculating still),366.18,"{""nPropNumber"":1,""nPropDigits"":5,""nPropValue"":366.18,""CombinedUncertainty"":{""nCombExpandUncertValue"":1.07,""nCombUncertAssessNum"":1}}",variable,"{""nVarNumber"":1,""nVarDigits"":1,""nVarValue"":80}",366.18,True,,80000,True,False,False
10.1016/j.fluid.2014.10.035#d5#p1#r28,10.1016/j.fluid.2014.10.035#d5#p1,10.1016/j.fluid.2014.10.035.json,5,1,28,"InChI=1S/C4H10O/c1-3-4(2)5/h4-5H,3H2,1-2H3",BTANRVKWQNVYAZ-UHFFFAOYSA-N,butan-2-ol,C4H10O,10.1016/j.fluid.2014.10.035,2015,"Boiling temperature at pressure P, K",Liquid,"[""Liquid"",""Gas""]",Ebulliometric method (Recirculating still),367.65,"{""CombinedUncertainty"":{""nCombExpandUncertValue"":0.91,""nCombUncertAssessNum"":1},""nPropValue"":367.65,""nPropDigits"":5,""nPropNumber"":1}",variable,"{""nVarDigits"":2,""nVarNumber"":1,""nVarValue"":83}",367.65,True,,83000,True,False,False
10.1016/j.fluid.2014.10.035#d5#p1#r29,10.1016/j.fluid.2014.10.035#d5#p1,10.1016/j.fluid.2014.10.035.json,5,1,29,"InChI=1S/C4H10O/c1-3-4(2)5/h4-5H,3H2,1-2H3",BTANRVKWQNVYAZ-UHFFFAOYSA-N,butan-2-ol,C4H10O,10.1016/j.fluid.2014.10.035,2015,"Boiling temperature at pressure P, K",Liquid,"[""Liquid"",""Gas""]",Ebulliometric method (Recirculating still),368.44,"{""nPropValue"":368.44,""CombinedUncertainty"":{""nCombUncertAssessNum"":1,""nCombExpandUncertValue"":0.88},""nPropDigits"":5,""nPropNumber"":1}",variable,"{""nVarValue"":86,""nVarNumber"":1,""nVarDigits"":2}",368.44,True,,86000,True,False,False
10.1016/j.fluid.2014.10.035#d5#p1#r30,10.1016/j.fluid.2014.10.035#d5#p1,10.1016/j.fluid.2014.10.035.json,5,1,30,"InChI=1S/C4H10O/c1-3-4(2)5/h4-5H,3H2,1-2H3",BTANRVKWQNVYAZ-UHFFFAOYSA-N,butan-2-ol,C4H10O,10.1016/j.fluid.2014.10.035,2015,"Boiling temperature at pressure P, K",Liquid,"[""Liquid"",""Gas""]",Ebulliometric method (Recirculating still),369.2,"{""nPropDigits"":5,""nPropNumber"":1,""CombinedUncertainty"":{""nCombUncertAssessNum"":1,""nCombExpandUncertValue"":0.77},""nPropValue"":369.2}",variable,"{""nVarNumber"":1,""nVarDigits"":2,""nVarValue"":89}",369.2,True,,89000,True,False,False
10.1016/j.fluid.2014.10.035#d5#p1#r31,10.1016/j.fluid.2014.10.035#d5#p1,10.1016/j.fluid.2014.10.035.json,5,1,31,"InChI=1S/C4H10O/c1-3-4(2)5/h4-5H,3H2,1-2H3",BTANRVKWQNVYAZ-UHFFFAOYSA-N,butan-2-ol,C4H10O,10.1016/j.fluid.2014.10.035,2015,"Boiling temperature at pressure P, K",Liquid,"[""Liquid"",""Gas""]",Ebulliometric method (Recirculating still),369.91,"{""nPropDigits"":5,""nPropNumber"":1,""CombinedUncertainty"":{""nCombExpandUncertValue"":0.77,""nCombUncertAssessNum"":1},""nPropValue"":369.91}",variable,"{""nVarValue"":92,""nVarDigits"":2,""nVarNumber"":1}",369.91,True,,92000,True,False,False
10.1016/j.fluid.2014.10.035#d5#p1#r32,10.1016/j.fluid.2014.10.035#d5#p1,10.1016/j.fluid.2014.10.035.json,5,1,32,"InChI=1S/C4H10O/c1-3-4(2)5/h4-5H,3H2,1-2H3",BTANRVKWQNVYAZ-UHFFFAOYSA-N,butan-2-ol,C4H10O,10.1016/j.fluid.2014.10.035,2015,"Boiling temperature at pressure P, K",Liquid,"[""Liquid"",""Gas""]",Ebulliometric method (Recirculating still),370.64,"{""nPropValue"":370.64,""CombinedUncertainty"":{""nCombUncertAssessNum"":1,""nCombExpandUncertValue"":0.79},""nPropDigits"":5,""nPropNumber"":1}",variable,"{""nVarNumber"":1,""nVarDigits"":2,""nVarValue"":94}",370.64,True,,94000,True,False,False
10.1016/j.fluid.2014.10.035#d5#p1#r33,10.1016/j.fluid.2014.10.035#d5#p1,10.1016/j.fluid.2014.10.035.json,5,1,33,"InChI=1S/C4H10O/c1-3-4(2)5/h4-5H,3H2,1-2H3",BTANRVKWQNVYAZ-UHFFFAOYSA-N,butan-2-ol,C4H10O,10.1016/j.fluid.2014.10.035,2015,"Boiling temperature at pressure P, K",Liquid,"[""Liquid"",""Gas""]",Ebulliometric method (Recirculating still),371.18,"{""nPropNumber"":1,""nPropDigits"":5,""CombinedUncertainty"":{""nCombUncertAssessNum"":1,""nCombExpandUncertValue"":0.81},""nPropValue"":371.18}",variable,"{""nVarValue"":95,""nVarNumber"":1,""nVarDigits"":2}",371.18,True,,95000,True,False,False
10.1016/j.fluid.2014.10.035#d5#p1#r34,10.1016/j.fluid.2014.10.035#d5#p1,10.1016/j.fluid.2014.10.035.json,5,1,34,"InChI=1S/C4H10O/c1-3-4(2)5/h4-5H,3H2,1-2H3",BTANRVKWQNVYAZ-UHFFFAOYSA-N,butan-2-ol,C4H10O,10.1016/j.fluid.2014.10.035,2015,"Boiling temperature at pressure P, K",Liquid,"[""Liquid"",""Gas""]",Ebulliometric method (Recirculating still),371.7,"{""nPropValue"":371.7,""CombinedUncertainty"":{""nCombUncertAssessNum"":1,""nCombExpandUncertValue"":0.85},""nPropNumber"":1,""nPropDigits"":5}",variable,"{""nVarValue"":98,""nVarDigits"":2,""nVarNumber"":1}",371.7,True,,98000,True,False,False
10.1016/j.fluid.2014.10.035#d5#p1#r35,10.1016/j.fluid.2014.10.035#d5#p1,10.1016/j.fluid.2014.10.035.json,5,1,35,"InChI=1S/C4H10O/c1-3-4(2)5/h4-5H,3H2,1-2H3",BTANRVKWQNVYAZ-UHFFFAOYSA-N,butan-2-ol,C4H10O,10.1016/j.fluid.2014.10.035,2015,"Boiling temperature at pressure P, K",Liquid,"[""Liquid"",""Gas""]",Ebulliometric method (Recirculating still),380.31,"{""nPropValue"":380.31,""CombinedUncertainty"":{""nCombUncertAssessNum"":1,""nCombExpandUncertValue"":0.66},""nPropDigits"":5,""nPropNumber"":1}",variable,"{""nVarDigits"":2,""nVarNumber"":1,""nVarValue"":130}",380.31,True,,130000,True,False,False
10.1016/j.fluid.2014.10.035#d5#p1#r36,10.1016/j.fluid.2014.10.035#d5#p1,10.1016/j.fluid.2014.10.035.json,5,1,36,"InChI=1S/C4H10O/c1-3-4(2)5/h4-5H,3H2,1-2H3",BTANRVKWQNVYAZ-UHFFFAOYSA-N,butan-2-ol,C4H10O,10.1016/j.fluid.2014.10.035,2015,"Boiling temperature at pressure P, K",Liquid,"[""Liquid"",""Gas""]",Ebulliometric method (Recirculating still),387.27,"{""nPropDigits"":5,""nPropNumber"":1,""nPropValue"":387.27,""CombinedUncertainty"":{""nCombUncertAssessNum"":1,""nCombExpandUncertValue"":0.54}}",variable,"{""nVarValue"":165,""nVarDigits"":3,""nVarNumber"":1}",387.27,True,,165000,True,False,False
10.1016/j.fluid.2014.10.035#d5#p1#r37,10.1016/j.fluid.2014.10.035#d5#p1,10.1016/j.fluid.2014.10.035.json,5,1,37,"InChI=1S/C4H10O/c1-3-4(2)5/h4-5H,3H2,1-2H3",BTANRVKWQNVYAZ-UHFFFAOYSA-N,butan-2-ol,C4H10O,10.1016/j.fluid.2014.10.035,2015,"Boiling temperature at pressure P, K",Liquid,"[""Liquid"",""Gas""]",Ebulliometric method (Recirculating still),391.61,"{""CombinedUncertainty"":{""nCombUncertAssessNum"":1,""nCombExpandUncertValue"":0.44},""nPropValue"":391.61,""nPropDigits"":5,""nPropNumber"":1}",variable,"{""nVarValue"":190,""nVarNumber"":1,""nVarDigits"":2}",391.61,True,,190000,True,False,False
10.1016/j.fluid.2014.10.035#d5#p1#r38,10.1016/j.fluid.2014.10.035#d5#p1,10.1016/j.fluid.2014.10.035.json,5,1,38,"InChI=1S/C4H10O/c1-3-4(2)5/h4-5H,3H2,1-2H3",BTANRVKWQNVYAZ-UHFFFAOYSA-N,butan-2-ol,C4H10O,10.1016/j.fluid.2014.10.035,2015,"Boiling temperature at pressure P, K",Liquid,"[""Liquid"",""Gas""]",Ebulliometric method (Recirculating still),397.43,"{""nPropDigits"":5,""nPropNumber"":1,""CombinedUncertainty"":{""nCombExpandUncertValue"":0.39,""nCombUncertAssessNum"":1},""nPropValue"":397.43}",variable,"{""nVarDigits"":2,""nVarNumber"":1,""nVarValue"":230}",397.43,True,,230000,True,False,False
10.1016/j.fluid.2014.10.035#d5#p1#r39,10.1016/j.fluid.2014.10.035#d5#p1,10.1016/j.fluid.2014.10.035.json,5,1,39,"InChI=1S/C4H10O/c1-3-4(2)5/h4-5H,3H2,1-2H3",BTANRVKWQNVYAZ-UHFFFAOYSA-N,butan-2-ol,C4H10O,10.1016/j.fluid.2014.10.035,2015,"Boiling temperature at pressure P, K",Liquid,"[""Liquid"",""Gas""]",Ebulliometric method (Recirculating still),402.13,"{""nPropNumber"":1,""nPropDigits"":5,""CombinedUncertainty"":{""nCombUncertAssessNum"":1,""nCombExpandUncertValue"":0.37},""nPropValue"":402.13}",variable,"{""nVarValue"":267,""nVarNumber"":1,""nVarDigits"":3}",402.13,True,,267000,True,False,False
10.1016/j.fluid.2014.10.035#d5#p1#r40,10.1016/j.fluid.2014.10.035#d5#p1,10.1016/j.fluid.2014.10.035.json,5,1,40,"InChI=1S/C4H10O/c1-3-4(2)5/h4-5H,3H2,1-2H3",BTANRVKWQNVYAZ-UHFFFAOYSA-N,butan-2-ol,C4H10O,10.1016/j.fluid.2014.10.035,2015,"Boiling temperature at pressure P, K",Liquid,"[""Liquid"",""Gas""]",Ebulliometric method (Recirculating still),405.16,"{""nPropValue"":405.16,""CombinedUncertainty"":{""nCombUncertAssessNum"":1,""nCombExpandUncertValue"":0.33},""nPropNumber"":1,""nPropDigits"":5}",variable,"{""nVarDigits"":2,""nVarNumber"":1,""nVarValue"":290}",405.16,True,,290000,True,False,False
10.1016/j.fluid.2014.10.035#d5#p1#r41,10.1016/j.fluid.2014.10.035#d5#p1,10.1016/j.fluid.2014.10.035.json,5,1,41,"InChI=1S/C4H10O/c1-3-4(2)5/h4-5H,3H2,1-2H3",BTANRVKWQNVYAZ-UHFFFAOYSA-N,butan-2-ol,C4H10O,10.1016/j.fluid.2014.10.035,2015,"Boiling temperature at pressure P, K",Liquid,"[""Liquid"",""Gas""]",Ebulliometric method (Recirculating still),409.49,"{""CombinedUncertainty"":{""nCombExpandUncertValue"":0.31,""nCombUncertAssessNum"":1},""nPropValue"":409.49,""nPropNumber"":1,""nPropDigits"":5}",variable,"{""nVarDigits"":2,""nVarNumber"":1,""nVarValue"":330}",409.49,True,,330000,True,False,False
10.1016/j.fluid.2014.10.035#d5#p1#r42,10.1016/j.fluid.2014.10.035#d5#p1,10.1016/j.fluid.2014.10.035.json,5,1,42,"InChI=1S/C4H10O/c1-3-4(2)5/h4-5H,3H2,1-2H3",BTANRVKWQNVYAZ-UHFFFAOYSA-N,butan-2-ol,C4H10O,10.1016/j.fluid.2014.10.035,2015,"Boiling temperature at pressure P, K",Liquid,"[""Liquid"",""Gas""]",Ebulliometric method (Recirculating still),413.17,"{""nPropNumber"":1,""nPropDigits"":5,""nPropValue"":413.17,""CombinedUncertainty"":{""nCombUncertAssessNum"":1,""nCombExpandUncertValue"":0.29}}",variable,"{""nVarValue"":365,""nVarNumber"":1,""nVarDigits"":3}",413.17,True,,365000,True,False,False
10.1016/j.fluid.2014.10.035#d5#p1#r43,10.1016/j.fluid.2014.10.035#d5#p1,10.1016/j.fluid.2014.10.035.json,5,1,43,"InChI=1S/C4H10O/c1-3-4(2)5/h4-5H,3H2,1-2H3",BTANRVKWQNVYAZ-UHFFFAOYSA-N,butan-2-ol,C4H10O,10.1016/j.fluid.2014.10.035,2015,"Boiling temperature at pressure P, K",Liquid,"[""Liquid"",""Gas""]",Ebulliometric method (Recirculating still),415.67,"{""nPropValue"":415.67,""CombinedUncertainty"":{""nCombExpandUncertValue"":0.25,""nCombUncertAssessNum"":1},""nPropDigits"":5,""nPropNumber"":1}",variable,"{""nVarValue"":392,""nVarNumber"":1,""nVarDigits"":3}",415.67,True,,392000,True,False,False
10.1016/j.fluid.2014.10.035#d5#p1#r44,10.1016/j.fluid.2014.10.035#d5#p1,10.1016/j.fluid.2014.10.035.json,5,1,44,"InChI=1S/C4H10O/c1-3-4(2)5/h4-5H,3H2,1-2H3",BTANRVKWQNVYAZ-UHFFFAOYSA-N,butan-2-ol,C4H10O,10.1016/j.fluid.2014.10.035,2015,"Boiling temperature at pressure P, K",Liquid,"[""Liquid"",""Gas""]",Ebulliometric method (Recirculating still),417.08,"{""nPropValue"":417.08,""CombinedUncertainty"":{""nCombUncertAssessNum"":1,""nCombExpandUncertValue"":0.27},""nPropDigits"":5,""nPropNumber"":1}",variable,"{""nVarValue"":410,""nVarDigits"":2,""nVarNumber"":1}",417.08,True,,410000,True,False,False
10.1016/j.fluid.2014.10.035#d5#p1#r45,10.1016/j.fluid.2014.10.035#d5#p1,10.1016/j.fluid.2014.10.035.json,5,1,45,"InChI=1S/C4H10O/c1-3-4(2)5/h4-5H,3H2,1-2H3",BTANRVKWQNVYAZ-UHFFFAOYSA-N,butan-2-ol,C4H10O,10.1016/j.fluid.2014.10.035,2015,"Boiling temperature at pressure P, K",Liquid,"[""Liquid"",""Gas""]",Ebulliometric method (Recirculating still),418.79,"{""nPropDigits"":5,""nPropNumber"":1,""nPropValue"":418.79,""CombinedUncertainty"":{""nCombUncertAssessNum"":1,""nCombExpandUncertValue"":0.25}}",variable,"{""nVarValue"":426,""nVarNumber"":1,""nVarDigits"":3}",418.79,True,,426000,True,False,False
10.1016/j.fluid.2014.10.035#d5#p1#r46,10.1016/j.fluid.2014.10.035#d5#p1,10.1016/j.fluid.2014.10.035.json,5,1,46,"InChI=1S/C4H10O/c1-3-4(2)5/h4-5H,3H2,1-2H3",BTANRVKWQNVYAZ-UHFFFAOYSA-N,butan-2-ol,C4H10O,10.1016/j.fluid.2014.10.035,2015,"Boiling temperature at pressure P, K",Liquid,"[""Liquid"",""Gas""]",Ebulliometric method (Recirculating still),421.46,"{""nPropDigits"":5,""nPropNumber"":1,""CombinedUncertainty"":{""nCombExpandUncertValue"":0.23,""nCombUncertAssessNum"":1},""nPropValue"":421.46}",variable,"{""nVarValue"":460,""nVarDigits"":2,""nVarNumber"":1}",421.46,True,,460000,True,False,False
10.1016/j.fluid.2014.10.035#d5#p1#r47,10.1016/j.fluid.2014.10.035#d5#p1,10.1016/j.fluid.2014.10.035.json,5,1,47,"InChI=1S/C4H10O/c1-3-4(2)5/h4-5H,3H2,1-2H3",BTANRVKWQNVYAZ-UHFFFAOYSA-N,butan-2-ol,C4H10O,10.1016/j.fluid.2014.10.035,2015,"Boiling temperature at pressure P, K",Liquid,"[""Liquid"",""Gas""]",Ebulliometric method (Recirculating still),423.88,"{""nPropDigits"":5,""nPropNumber"":1,""nPropValue"":423.88,""CombinedUncertainty"":{""nCombUncertAssessNum"":1,""nCombExpandUncertValue"":0.23}}",variable,"{""nVarNumber"":1,""nVarDigits"":3,""nVarValue"":492}",423.88,True,,492000,True,False,False
10.1016/j.fluid.2014.10.035#d5#p1#r48,10.1016/j.fluid.2014.10.035#d5#p1,10.1016/j.fluid.2014.10.035.json,5,1,48,"InChI=1S/C4H10O/c1-3-4(2)5/h4-5H,3H2,1-2H3",BTANRVKWQNVYAZ-UHFFFAOYSA-N,butan-2-ol,C4H10O,10.1016/j.fluid.2014.10.035,2015,"Boiling temperature at pressure P, K",Liquid,"[""Liquid"",""Gas""]",Ebulliometric method (Recirculating still),425.99,"{""CombinedUncertainty"":{""nCombUncertAssessNum"":1,""nCombExpandUncertValue"":0.23},""nPropValue"":425.99,""nPropNumber"":1,""nPropDigits"":5}",variable,"{""nVarDigits"":3,""nVarNumber"":1,""nVarValue"":517}",425.99,True,,517000,True,False,False
10.1016/j.fluid.2014.10.035#d5#p1#r49,10.1016/j.fluid.2014.10.035#d5#p1,10.1016/j.fluid.2014.10.035.json,5,1,49,"InChI=1S/C4H10O/c1-3-4(2)5/h4-5H,3H2,1-2H3",BTANRVKWQNVYAZ-UHFFFAOYSA-N,butan-2-ol,C4H10O,10.1016/j.fluid.2014.10.035,2015,"Boiling temperature at pressure P, K",Liquid,"[""Liquid"",""Gas""]",Ebulliometric method (Recirculating still),428.2,"{""nPropDigits"":5,""nPropNumber"":1,""nPropValue"":428.2,""CombinedUncertainty"":{""nCombExpandUncertValue"":0.21,""nCombUncertAssessNum"":1}}",variable,"{""nVarValue"":547,""nVarDigits"":3,""nVarNumber"":1}",428.2,True,,547000,True,False,False
10.1016/j.fluid.2014.10.035#d5#p1#r50,10.1016/j.fluid.2014.10.035#d5#p1,10.1016/j.fluid.2014.10.035.json,5,1,50,"InChI=1S/C4H10O/c1-3-4(2)5/h4-5H,3H2,1-2H3",BTANRVKWQNVYAZ-UHFFFAOYSA-N,butan-2-ol,C4H10O,10.1016/j.fluid.2014.10.035,2015,"Boiling temperature at pressure P, K",Liquid,"[""Liquid"",""Gas""]",Ebulliometric method (Recirculating still),429.72,"{""CombinedUncertainty"":{""nCombExpandUncertValue"":0.21,""nCombUncertAssessNum"":1},""nPropValue"":429.72,""nPropNumber"":1,""nPropDigits"":5}",variable,"{""nVarNumber"":1,""nVarDigits"":2,""nVarValue"":570}",429.72,True,,570000,True,False,False
10.1016/j.fluid.2014.10.035#d5#p1#r51,10.1016/j.fluid.2014.10.035#d5#p1,10.1016/j.fluid.2014.10.035.json,5,1,51,"InChI=1S/C4H10O/c1-3-4(2)5/h4-5H,3H2,1-2H3",BTANRVKWQNVYAZ-UHFFFAOYSA-N,butan-2-ol,C4H10O,10.1016/j.fluid.2014.10.035,2015,"Boiling temperature at pressure P, K",Liquid,"[""Liquid"",""Gas""]",Ebulliometric method (Recirculating still),431.6,"{""CombinedUncertainty"":{""nCombUncertAssessNum"":1,""nCombExpandUncertValue"":0.21},""nPropValue"":431.6,""nPropDigits"":5,""nPropNumber"":1}",variable,"{""nVarDigits"":3,""nVarNumber"":1,""nVarValue"":595}",431.6,True,,595000,True,False,False
10.1016/j.fluid.2014.10.035#d5#p1#r52,10.1016/j.fluid.2014.10.035#d5#p1,10.1016/j.fluid.2014.10.035.json,5,1,52,"InChI=1S/C4H10O/c1-3-4(2)5/h4-5H,3H2,1-2H3",BTANRVKWQNVYAZ-UHFFFAOYSA-N,butan-2-ol,C4H10O,10.1016/j.fluid.2014.10.035,2015,"Boiling temperature at pressure P, K",Liquid,"[""Liquid"",""Gas""]",Ebulliometric method (Recirculating still),433.88,"{""nPropDigits"":5,""nPropNumber"":1,""CombinedUncertainty"":{""nCombUncertAssessNum"":1,""nCombExpandUncertValue"":0.19},""nPropValue"":433.88}",variable,"{""nVarValue"":630,""nVarDigits"":2,""nVarNumber"":1}",433.88,True,,630000,True,False,False
10.1016/j.fluid.2014.10.035#d5#p1#r53,10.1016/j.fluid.2014.10.035#d5#p1,10.1016/j.fluid.2014.10.035.json,5,1,53,"InChI=1S/C4H10O/c1-3-4(2)5/h4-5H,3H2,1-2H3",BTANRVKWQNVYAZ-UHFFFAOYSA-N,butan-2-ol,C4H10O,10.1016/j.fluid.2014.10.035,2015,"Boiling temperature at pressure P, K",Liquid,"[""Liquid"",""Gas""]",Ebulliometric method (Recirculating still),436.04,"{""CombinedUncertainty"":{""nCombExpandUncertValue"":0.18,""nCombUncertAssessNum"":1},""nPropValue"":436.04,""nPropNumber"":1,""nPropDigits"":5}",variable,"{""nVarValue"":665,""nVarDigits"":3,""nVarNumber"":1}",436.04,True,,665000,True,False,False
10.1016/j.fluid.2014.10.035#d5#p1#r54,10.1016/j.fluid.2014.10.035#d5#p1,10.1016/j.fluid.2014.10.035.json,5,1,54,"InChI=1S/C4H10O/c1-3-4(2)5/h4-5H,3H2,1-2H3",BTANRVKWQNVYAZ-UHFFFAOYSA-N,butan-2-ol,C4H10O,10.1016/j.fluid.2014.10.035,2015,"Boiling temperature at pressure P, K",Liquid,"[""Liquid"",""Gas""]",Ebulliometric method (Recirculating still),437.62,"{""nPropDigits"":5,""nPropNumber"":1,""nPropValue"":437.62,""CombinedUncertainty"":{""nCombUncertAssessNum"":1,""nCombExpandUncertValue"":0.18}}",variable,"{""nVarNumber"":1,""nVarDigits"":3,""nVarValue"":692}",437.62,True,,692000,True,False,False
10.1016/j.fluid.2014.10.035#d5#p1#r55,10.1016/j.fluid.2014.10.035#d5#p1,10.1016/j.fluid.2014.10.035.json,5,1,55,"InChI=1S/C4H10O/c1-3-4(2)5/h4-5H,3H2,1-2H3",BTANRVKWQNVYAZ-UHFFFAOYSA-N,butan-2-ol,C4H10O,10.1016/j.fluid.2014.10.035,2015,"Boiling temperature at pressure P, K",Liquid,"[""Liquid"",""Gas""]",Ebulliometric method (Recirculating still),439.66,"{""CombinedUncertainty"":{""nCombExpandUncertValue"":0.18,""nCombUncertAssessNum"":1},""nPropValue"":439.66,""nPropDigits"":5,""nPropNumber"":1}",variable,"{""nVarValue"":727,""nVarDigits"":3,""nVarNumber"":1}",439.66,True,,727000,True,False,False
10.1016/j.fluid.2014.10.035#d5#p1#r56,10.1016/j.fluid.2014.10.035#d5#p1,10.1016/j.fluid.2014.10.035.json,5,1,56,"InChI=1S/C4H10O/c1-3-4(2)5/h4-5H,3H2,1-2H3",BTANRVKWQNVYAZ-UHFFFAOYSA-N,butan-2-ol,C4H10O,10.1016/j.fluid.2014.10.035,2015,"Boiling temperature at pressure P, K",Liquid,"[""Liquid"",""Gas""]",Ebulliometric method (Recirculating still),441.75,"{""CombinedUncertainty"":{""nCombExpandUncertValue"":0.17,""nCombUncertAssessNum"":1},""nPropValue"":441.75,""nPropDigits"":5,""nPropNumber"":1}",variable,"{""nVarValue"":762,""nVarDigits"":3,""nVarNumber"":1}",441.75,True,,762000,True,False,False
10.1016/j.fluid.2014.10.035#d5#p1#r57,10.1016/j.fluid.2014.10.035#d5#p1,10.1016/j.fluid.2014.10.035.json,5,1,57,"InChI=1S/C4H10O/c1-3-4(2)5/h4-5H,3H2,1-2H3",BTANRVKWQNVYAZ-UHFFFAOYSA-N,butan-2-ol,C4H10O,10.1016/j.fluid.2014.10.035,2015,"Boiling temperature at pressure P, K",Liquid,"[""Liquid"",""Gas""]",Ebulliometric method (Recirculating still),443.26,"{""nPropValue"":443.26,""CombinedUncertainty"":{""nCombExpandUncertValue"":0.16,""nCombUncertAssessNum"":1},""nPropDigits"":5,""nPropNumber"":1}",variable,"{""nVarValue"":791,""nVarNumber"":1,""nVarDigits"":3}",443.26,True,,791000,True,False,False
10.1016/j.fluid.2014.10.035#d5#p1#r58,10.1016/j.fluid.2014.10.035#d5#p1,10.1016/j.fluid.2014.10.035.json,5,1,58,"InChI=1S/C4H10O/c1-3-4(2)5/h4-5H,3H2,1-2H3",BTANRVKWQNVYAZ-UHFFFAOYSA-N,butan-2-ol,C4H10O,10.1016/j.fluid.2014.10.035,2015,"Boiling temperature at pressure P, K",Liquid,"[""Liquid"",""Gas""]",Ebulliometric method (Recirculating still),444.79,"{""nPropDigits"":5,""nPropNumber"":1,""nPropValue"":444.79,""CombinedUncertainty"":{""nCombUncertAssessNum"":1,""nCombExpandUncertValue"":0.16}}",variable,"{""nVarNumber"":1,""nVarDigits"":2,""nVarValue"":820}",444.79,True,,820000,True,False,False
10.1016/j.fluid.2014.10.035#d5#p1#r59,10.1016/j.fluid.2014.10.035#d5#p1,10.1016/j.fluid.2014.10.035.json,5,1,59,"InChI=1S/C4H10O/c1-3-4(2)5/h4-5H,3H2,1-2H3",BTANRVKWQNVYAZ-UHFFFAOYSA-N,butan-2-ol,C4H10O,10.1016/j.fluid.2014.10.035,2015,"Boiling temperature at pressure P, K",Liquid,"[""Liquid"",""Gas""]",Ebulliometric method (Recirculating still),446.63,"{""nPropNumber"":1,""nPropDigits"":5,""nPropValue"":446.63,""CombinedUncertainty"":{""nCombUncertAssessNum"":1,""nCombExpandUncertValue"":0.16}}",variable,"{""nVarNumber"":1,""nVarDigits"":3,""nVarValue"":855}",446.63,True,,855000,True,False,False
10.1016/j.fluid.2014.10.035#d5#p1#r60,10.1016/j.fluid.2014.10.035#d5#p1,10.1016/j.fluid.2014.10.035.json,5,1,60,"InChI=1S/C4H10O/c1-3-4(2)5/h4-5H,3H2,1-2H3",BTANRVKWQNVYAZ-UHFFFAOYSA-N,butan-2-ol,C4H10O,10.1016/j.fluid.2014.10.035,2015,"Boiling temperature at pressure P, K",Liquid,"[""Liquid"",""Gas""]",Ebulliometric method (Recirculating still),448.23,"{""CombinedUncertainty"":{""nCombUncertAssessNum"":1,""nCombExpandUncertValue"":0.16},""nPropValue"":448.23,""nPropNumber"":1,""nPropDigits"":5}",variable,"{""nVarValue"":886,""nVarNumber"":1,""nVarDigits"":3}",448.23,True,,886000,True,False,False
10.1016/j.fluid.2014.10.035#d5#p1#r61,10.1016/j.fluid.2014.10.035#d5#p1,10.1016/j.fluid.2014.10.035.json,5,1,61,"InChI=1S/C4H10O/c1-3-4(2)5/h4-5H,3H2,1-2H3",BTANRVKWQNVYAZ-UHFFFAOYSA-N,butan-2-ol,C4H10O,10.1016/j.fluid.2014.10.035,2015,"Boiling temperature at pressure P, K",Liquid,"[""Liquid"",""Gas""]",Ebulliometric method (Recirculating still),450.29,"{""nPropNumber"":1,""nPropDigits"":5,""nPropValue"":450.29,""CombinedUncertainty"":{""nCombUncertAssessNum"":1,""nCombExpandUncertValue"":0.15}}",variable,"{""nVarDigits"":3,""nVarNumber"":1,""nVarValue"":925}",450.29,True,,925000,True,False,False
10.1016/j.fluid.2014.10.035#d5#p1#r62,10.1016/j.fluid.2014.10.035#d5#p1,10.1016/j.fluid.2014.10.035.json,5,1,62,"InChI=1S/C4H10O/c1-3-4(2)5/h4-5H,3H2,1-2H3",BTANRVKWQNVYAZ-UHFFFAOYSA-N,butan-2-ol,C4H10O,10.1016/j.fluid.2014.10.035,2015,"Boiling temperature at pressure P, K",Liquid,"[""Liquid"",""Gas""]",Ebulliometric method (Recirculating still),451.28,"{""nPropDigits"":5,""nPropNumber"":1,""CombinedUncertainty"":{""nCombUncertAssessNum"":1,""nCombExpandUncertValue"":0.15},""nPropValue"":451.28}",variable,"{""nVarValue"":949,""nVarNumber"":1,""nVarDigits"":3}",451.28,True,,949000,True,False,False
10.1016/j.fluid.2014.10.035#d5#p1#r63,10.1016/j.fluid.2014.10.035#d5#p1,10.1016/j.fluid.2014.10.035.json,5,1,63,"InChI=1S/C4H10O/c1-3-4(2)5/h4-5H,3H2,1-2H3",BTANRVKWQNVYAZ-UHFFFAOYSA-N,butan-2-ol,C4H10O,10.1016/j.fluid.2014.10.035,2015,"Boiling temperature at pressure P, K",Liquid,"[""Liquid"",""Gas""]",Ebulliometric method (Recirculating still),452.92,"{""nPropValue"":452.92,""CombinedUncertainty"":{""nCombExpandUncertValue"":0.15,""nCombUncertAssessNum"":1},""nPropDigits"":5,""nPropNumber"":1}",variable,"{""nVarValue"":980,""nVarNumber"":1,""nVarDigits"":2}",452.92,True,,980000,True,False,False
10.1016/j.fluid.2014.10.035#d5#p1#r64,10.1016/j.fluid.2014.10.035#d5#p1,10.1016/j.fluid.2014.10.035.json,5,1,64,"InChI=1S/C4H10O/c1-3-4(2)5/h4-5H,3H2,1-2H3",BTANRVKWQNVYAZ-UHFFFAOYSA-N,butan-2-ol,C4H10O,10.1016/j.fluid.2014.10.035,2015,"Boiling temperature at pressure P, K",Liquid,"[""Liquid"",""Gas""]",Ebulliometric method (Recirculating still),454.18,"{""CombinedUncertainty"":{""nCombUncertAssessNum"":1,""nCombExpandUncertValue"":0.13},""nPropValue"":454.18,""nPropDigits"":5,""nPropNumber"":1}",variable,"{""nVarNumber"":1,""nVarDigits"":3,""nVarValue"":1010}",454.18,True,,1010000,True,False,False
10.1016/j.fluid.2014.10.035#d5#p1#r65,10.1016/j.fluid.2014.10.035#d5#p1,10.1016/j.fluid.2014.10.035.json,5,1,65,"InChI=1S/C4H10O/c1-3-4(2)5/h4-5H,3H2,1-2H3",BTANRVKWQNVYAZ-UHFFFAOYSA-N,butan-2-ol,C4H10O,10.1016/j.fluid.2014.10.035,2015,"Boiling temperature at pressure P, K",Liquid,"[""Liquid"",""Gas""]",Ebulliometric method (Recirculating still),454.68,"{""nPropNumber"":1,""nPropDigits"":5,""CombinedUncertainty"":{""nCombUncertAssessNum"":1,""nCombExpandUncertValue"":0.13},""nPropValue"":454.68}",variable,"{""nVarValue"":1022,""nVarDigits"":4,""nVarNumber"":1}",454.68,True,,1022000,True,False,False
10.1016/j.fluid.2014.10.035#d5#p1#r66,10.1016/j.fluid.2014.10.035#d5#p1,10.1016/j.fluid.2014.10.035.json,5,1,66,"InChI=1S/C4H10O/c1-3-4(2)5/h4-5H,3H2,1-2H3",BTANRVKWQNVYAZ-UHFFFAOYSA-N,butan-2-ol,C4H10O,10.1016/j.fluid.2014.10.035,2015,"Boiling temperature at pressure P, K",Liquid,"[""Liquid"",""Gas""]",Ebulliometric method (Recirculating still),456.99,"{""CombinedUncertainty"":{""nCombExpandUncertValue"":0.14,""nCombUncertAssessNum"":1},""nPropValue"":456.99,""nPropDigits"":5,""nPropNumber"":1}",variable,"{""nVarNumber"":1,""nVarDigits"":4,""nVarValue"":1074}",456.99,True,,1074000,True,False,False
10.1016/j.fluid.2014.10.035#d5#p1#r67,10.1016/j.fluid.2014.10.035#d5#p1,10.1016/j.fluid.2014.10.035.json,5,1,67,"InChI=1S/C4H10O/c1-3-4(2)5/h4-5H,3H2,1-2H3",BTANRVKWQNVYAZ-UHFFFAOYSA-N,butan-2-ol,C4H10O,10.1016/j.fluid.2014.10.035,2015,"Boiling temperature at pressure P, K",Liquid,"[""Liquid"",""Gas""]",Ebulliometric method (Recirculating still),458.48,"{""CombinedUncertainty"":{""nCombUncertAssessNum"":1,""nCombExpandUncertValue"":0.14},""nPropValue"":458.48,""nPropDigits"":5,""nPropNumber"":1}",variable,"{""nVarValue"":1110,""nVarNumber"":1,""nVarDigits"":3}",458.48,True,,1110000,True,False,False
10.1016/j.fluid.2014.10.035#d5#p1#r68,10.1016/j.fluid.2014.10.035#d5#p1,10.1016/j.fluid.2014.10.035.json,5,1,68,"InChI=1S/C4H10O/c1-3-4(2)5/h4-5H,3H2,1-2H3",BTANRVKWQNVYAZ-UHFFFAOYSA-N,butan-2-ol,C4H10O,10.1016/j.fluid.2014.10.035,2015,"Boiling temperature at pressure P, K",Liquid,"[""Liquid"",""Gas""]",Ebulliometric method (Recirculating still),460.22,"{""nPropNumber"":1,""nPropDigits"":5,""CombinedUncertainty"":{""nCombExpandUncertValue"":0.14,""nCombUncertAssessNum"":1},""nPropValue"":460.22}",variable,"{""nVarDigits"":3,""nVarNumber"":1,""nVarValue"":1150}",460.22,True,,1150000,True,False,False
10.1016/j.fluid.2014.10.035#d5#p1#r69,10.1016/j.fluid.2014.10.035#d5#p1,10.1016/j.fluid.2014.10.035.json,5,1,69,"InChI=1S/C4H10O/c1-3-4(2)5/h4-5H,3H2,1-2H3",BTANRVKWQNVYAZ-UHFFFAOYSA-N,butan-2-ol,C4H10O,10.1016/j.fluid.2014.10.035,2015,"Boiling temperature at pressure P, K",Liquid,"[""Liquid"",""Gas""]",Ebulliometric method (Recirculating still),461.51,"{""CombinedUncertainty"":{""nCombExpandUncertValue"":0.14,""nCombUncertAssessNum"":1},""nPropValue"":461.51,""nPropDigits"":5,""nPropNumber"":1}",variable,"{""nVarValue"":1182,""nVarNumber"":1,""nVarDigits"":4}",461.51,True,,1182000,True,False,False
10.1016/j.fluid.2014.10.035#d5#p1#r70,10.1016/j.fluid.2014.10.035#d5#p1,10.1016/j.fluid.2014.10.035.json,5,1,70,"InChI=1S/C4H10O/c1-3-4(2)5/h4-5H,3H2,1-2H3",BTANRVKWQNVYAZ-UHFFFAOYSA-N,butan-2-ol,C4H10O,10.1016/j.fluid.2014.10.035,2015,"Boiling temperature at pressure P, K",Liquid,"[""Liquid"",""Gas""]",Ebulliometric method (Recirculating still),462.73,"{""nPropDigits"":5,""nPropNumber"":1,""CombinedUncertainty"":{""nCombUncertAssessNum"":1,""nCombExpandUncertValue"":0.13},""nPropValue"":462.73}",variable,"{""nVarValue"":1210,""nVarNumber"":1,""nVarDigits"":3}",462.73,True,,1210000,True,False,False
10.1016/j.fluid.2014.10.035#d5#p1#r71,10.1016/j.fluid.2014.10.035#d5#p1,10.1016/j.fluid.2014.10.035.json,5,1,71,"InChI=1S/C4H10O/c1-3-4(2)5/h4-5H,3H2,1-2H3",BTANRVKWQNVYAZ-UHFFFAOYSA-N,butan-2-ol,C4H10O,10.1016/j.fluid.2014.10.035,2015,"Boiling temperature at pressure P, K",Liquid,"[""Liquid"",""Gas""]",Ebulliometric method (Recirculating still),463.92,"{""nPropNumber"":1,""nPropDigits"":5,""nPropValue"":463.92,""CombinedUncertainty"":{""nCombUncertAssessNum"":1,""nCombExpandUncertValue"":0.13}}",variable,"{""nVarDigits"":3,""nVarNumber"":1,""nVarValue"":1240}",463.92,True,,1240000,True,False,False
10.1016/j.fluid.2014.10.035#d5#p1#r72,10.1016/j.fluid.2014.10.035#d5#p1,10.1016/j.fluid.2014.10.035.json,5,1,72,"InChI=1S/C4H10O/c1-3-4(2)5/h4-5H,3H2,1-2H3",BTANRVKWQNVYAZ-UHFFFAOYSA-N,butan-2-ol,C4H10O,10.1016/j.fluid.2014.10.035,2015,"Boiling temperature at pressure P, K",Liquid,"[""Liquid"",""Gas""]",Ebulliometric method (Recirculating still),465.11,"{""nPropNumber"":1,""nPropDigits"":5,""CombinedUncertainty"":{""nCombUncertAssessNum"":1,""nCombExpandUncertValue"":0.13},""nPropValue"":465.11}",variable,"{""nVarNumber"":1,""nVarDigits"":4,""nVarValue"":1272}",465.11,True,,1272000,True,False,False
10.1016/j.fluid.2014.10.035#d5#p1#r73,10.1016/j.fluid.2014.10.035#d5#p1,10.1016/j.fluid.2014.10.035.json,5,1,73,"InChI=1S/C4H10O/c1-3-4(2)5/h4-5H,3H2,1-2H3",BTANRVKWQNVYAZ-UHFFFAOYSA-N,butan-2-ol,C4H10O,10.1016/j.fluid.2014.10.035,2015,"Boiling temperature at pressure P, K",Liquid,"[""Liquid"",""Gas""]",Ebulliometric method (Recirculating still),466.41,"{""CombinedUncertainty"":{""nCombExpandUncertValue"":0.13,""nCombUncertAssessNum"":1},""nPropValue"":466.41,""nPropDigits"":5,""nPropNumber"":1}",variable,"{""nVarValue"":1305,""nVarDigits"":4,""nVarNumber"":1}",466.41,True,,1305000,True,False,False
10.1016/j.fluid.2014.10.035#d5#p1#r74,10.1016/j.fluid.2014.10.035#d5#p1,10.1016/j.fluid.2014.10.035.json,5,1,74,"InChI=1S/C4H10O/c1-3-4(2)5/h4-5H,3H2,1-2H3",BTANRVKWQNVYAZ-UHFFFAOYSA-N,butan-2-ol,C4H10O,10.1016/j.fluid.2014.10.035,2015,"Boiling temperature at pressure P, K",Liquid,"[""Liquid"",""Gas""]",Ebulliometric method (Recirculating still),467.56,"{""nPropNumber"":1,""nPropDigits"":5,""CombinedUncertainty"":{""nCombExpandUncertValue"":0.12,""nCombUncertAssessNum"":1},""nPropValue"":467.56}",variable,"{""nVarDigits"":4,""nVarNumber"":1,""nVarValue"":1336}",467.56,True,,1336000,True,False,False
10.1016/j.fluid.2014.10.035#d5#p1#r75,10.1016/j.fluid.2014.10.035#d5#p1,10.1016/j.fluid.2014.10.035.json,5,1,75,"InChI=1S/C4H10O/c1-3-4(2)5/h4-5H,3H2,1-2H3",BTANRVKWQNVYAZ-UHFFFAOYSA-N,butan-2-ol,C4H10O,10.1016/j.fluid.2014.10.035,2015,"Boiling temperature at pressure P, K",Liquid,"[""Liquid"",""Gas""]",Ebulliometric method (Recirculating still),468.82,"{""nPropValue"":468.82,""CombinedUncertainty"":{""nCombUncertAssessNum"":1,""nCombExpandUncertValue"":0.12},""nPropDigits"":5,""nPropNumber"":1}",variable,"{""nVarNumber"":1,""nVarDigits"":3,""nVarValue"":1370}",468.82,True,,1370000,True,False,False
10.1016/j.fluid.2014.10.035#d5#p1#r76,10.1016/j.fluid.2014.10.035#d5#p1,10.1016/j.fluid.2014.10.035.json,5,1,76,"InChI=1S/C4H10O/c1-3-4(2)5/h4-5H,3H2,1-2H3",BTANRVKWQNVYAZ-UHFFFAOYSA-N,butan-2-ol,C4H10O,10.1016/j.fluid.2014.10.035,2015,"Boiling temperature at pressure P, K",Liquid,"[""Liquid"",""Gas""]",Ebulliometric method (Recirculating still),471.55,"{""nPropValue"":471.55,""CombinedUncertainty"":{""nCombUncertAssessNum"":1,""nCombExpandUncertValue"":0.12},""nPropNumber"":1,""nPropDigits"":5}",variable,"{""nVarValue"":1447,""nVarNumber"":1,""nVarDigits"":4}",471.55,True,,1447000,True,False,False
10.1016/j.fluid.2014.10.035#d5#p1#r77,10.1016/j.fluid.2014.10.035#d5#p1,10.1016/j.fluid.2014.10.035.json,5,1,77,"InChI=1S/C4H10O/c1-3-4(2)5/h4-5H,3H2,1-2H3",BTANRVKWQNVYAZ-UHFFFAOYSA-N,butan-2-ol,C4H10O,10.1016/j.fluid.2014.10.035,2015,"Boiling temperature at pressure P, K",Liquid,"[""Liquid"",""Gas""]",Ebulliometric method (Recirculating still),472.77,"{""nPropValue"":472.77,""CombinedUncertainty"":{""nCombUncertAssessNum"":1,""nCombExpandUncertValue"":0.12},""nPropDigits"":5,""nPropNumber"":1}",variable,"{""nVarDigits"":4,""nVarNumber"":1,""nVarValue"":1481}",472.77,True,,1481000,True,False,False
10.1016/j.fluid.2014.10.035#d5#p1#r78,10.1016/j.fluid.2014.10.035#d5#p1,10.1016/j.fluid.2014.10.035.json,5,1,78,"InChI=1S/C4H10O/c1-3-4(2)5/h4-5H,3H2,1-2H3",BTANRVKWQNVYAZ-UHFFFAOYSA-N,butan-2-ol,C4H10O,10.1016/j.fluid.2014.10.035,2015,"Boiling temperature at pressure P, K",Liquid,"[""Liquid"",""Gas""]",Ebulliometric method (Recirculating still),473.45,"{""nPropDigits"":5,""nPropNumber"":1,""CombinedUncertainty"":{""nCombExpandUncertValue"":0.11,""nCombUncertAssessNum"":1},""nPropValue"":473.45}",variable,"{""nVarDigits"":4,""nVarNumber"":1,""nVarValue"":1502}",473.45,True,,1502000,True,False,False
10.1016/j.fluid.2014.10.035#d5#p1#r79,10.1016/j.fluid.2014.10.035#d5#p1,10.1016/j.fluid.2014.10.035.json,5,1,79,"InChI=1S/C4H10O/c1-3-4(2)5/h4-5H,3H2,1-2H3",BTANRVKWQNVYAZ-UHFFFAOYSA-N,butan-2-ol,C4H10O,10.1016/j.fluid.2014.10.035,2015,"Boiling temperature at pressure P, K",Liquid,"[""Liquid"",""Gas""]",Ebulliometric method (Recirculating still),474.95,"{""nPropDigits"":5,""nPropNumber"":1,""CombinedUncertainty"":{""nCombExpandUncertValue"":0.11,""nCombUncertAssessNum"":1},""nPropValue"":474.95}",variable,"{""nVarValue"":1547,""nVarNumber"":1,""nVarDigits"":4}",474.95,True,,1547000,True,False,False
10.1016/j.fluid.2014.10.035#d5#p1#r80,10.1016/j.fluid.2014.10.035#d5#p1,10.1016/j.fluid.2014.10.035.json,5,1,80,"InChI=1S/C4H10O/c1-3-4(2)5/h4-5H,3H2,1-2H3",BTANRVKWQNVYAZ-UHFFFAOYSA-N,butan-2-ol,C4H10O,10.1016/j.fluid.2014.10.035,2015,"Boiling temperature at pressure P, K",Liquid,"[""Liquid"",""Gas""]",Ebulliometric method (Recirculating still),476.05,"{""nPropValue"":476.05,""CombinedUncertainty"":{""nCombUncertAssessNum"":1,""nCombExpandUncertValue"":0.11},""nPropNumber"":1,""nPropDigits"":5}",variable,"{""nVarDigits"":3,""nVarNumber"":1,""nVarValue"":1580}",476.05,True,,1580000,True,False,False
10.1016/j.fluid.2014.10.035#d5#p1#r81,10.1016/j.fluid.2014.10.035#d5#p1,10.1016/j.fluid.2014.10.035.json,5,1,81,"InChI=1S/C4H10O/c1-3-4(2)5/h4-5H,3H2,1-2H3",BTANRVKWQNVYAZ-UHFFFAOYSA-N,butan-2-ol,C4H10O,10.1016/j.fluid.2014.10.035,2015,"Boiling temperature at pressure P, K",Liquid,"[""Liquid"",""Gas""]",Ebulliometric method (Recirculating still),477.05,"{""nPropDigits"":5,""nPropNumber"":1,""nPropValue"":477.05,""CombinedUncertainty"":{""nCombExpandUncertValue"":0.11,""nCombUncertAssessNum"":1}}",variable,"{""nVarValue"":1611,""nVarNumber"":1,""nVarDigits"":4}",477.05,True,,1611000,True,False,False
10.1016/j.fluid.2014.10.035#d8#p1#r1,10.1016/j.fluid.2014.10.035#d8#p1,10.1016/j.fluid.2014.10.035.json,8,1,1,"InChI=1S/C5H10O2/c1-3-4-7-5(2)6/h3-4H2,1-2H3",YKYONYBAUNKHLG-UHFFFAOYSA-N,propyl ethanoate,C5H10O2,10.1016/j.fluid.2014.10.035,2015,"Boiling temperature at pressure P, K",Liquid,"[""Liquid"",""Gas""]",Ebulliometric method (Recirculating still),316.69,"{""nPropDigits"":5,""nPropNumber"":1,""nPropValue"":316.69,""CombinedUncertainty"":{""nCombExpandUncertValue"":4.52,""nCombUncertAssessNum"":1}}",variable,"{""nVarValue"":12,""nVarNumber"":1,""nVarDigits"":2}",316.69,True,,12000,True,True,False
10.1016/j.fluid.2014.10.035#d8#p1#r2,10.1016/j.fluid.2014.10.035#d8#p1,10.1016/j.fluid.2014.10.035.json,8,1,2,"InChI=1S/C5H10O2/c1-3-4-7-5(2)6/h3-4H2,1-2H3",YKYONYBAUNKHLG-UHFFFAOYSA-N,propyl ethanoate,C5H10O2,10.1016/j.fluid.2014.10.035,2015,"Boiling temperature at pressure P, K",Liquid,"[""Liquid"",""Gas""]",Ebulliometric method (Recirculating still),326.27,"{""nPropDigits"":5,""nPropNumber"":1,""CombinedUncertainty"":{""nCombExpandUncertValue"":4,""nCombUncertAssessNum"":1},""nPropValue"":326.27}",variable,"{""nVarDigits"":2,""nVarNumber"":1,""nVarValue"":18}",326.27,True,,18000,True,True,False
10.1016/j.fluid.2014.10.035#d8#p1#r3,10.1016/j.fluid.2014.10.035#d8#p1,10.1016/j.fluid.2014.10.035.json,8,1,3,"InChI=1S/C5H10O2/c1-3-4-7-5(2)6/h3-4H2,1-2H3",YKYONYBAUNKHLG-UHFFFAOYSA-N,propyl ethanoate,C5H10O2,10.1016/j.fluid.2014.10.035,2015,"Boiling temperature at pressure P, K",Liquid,"[""Liquid"",""Gas""]",Ebulliometric method (Recirculating still),330.68,"{""nPropValue"":330.68,""CombinedUncertainty"":{""nCombUncertAssessNum"":1,""nCombExpandUncertValue"":2.9},""nPropNumber"":1,""nPropDigits"":5}",variable,"{""nVarDigits"":2,""nVarNumber"":1,""nVarValue"":22}",330.68,True,,22000,True,False,False
10.1016/j.fluid.2014.10.035#d8#p1#r4,10.1016/j.fluid.2014.10.035#d8#p1,10.1016/j.fluid.2014.10.035.json,8,1,4,"InChI=1S/C5H10O2/c1-3-4-7-5(2)6/h3-4H2,1-2H3",YKYONYBAUNKHLG-UHFFFAOYSA-N,propyl ethanoate,C5H10O2,10.1016/j.fluid.2014.10.035,2015,"Boiling temperature at pressure P, K",Liquid,"[""Liquid"",""Gas""]",Ebulliometric method (Recirculating still),338.63,"{""nPropNumber"":1,""nPropDigits"":5,""nPropValue"":338.63,""CombinedUncertainty"":{""nCombExpandUncertValue"":2.66,""nCombUncertAssessNum"":1}}",variable,"{""nVarValue"":30,""nVarDigits"":1,""nVarNumber"":1}",338.63,True,,30000,True,False,False
10.1016/j.fluid.2014.10.035#d8#p1#r5,10.1016/j.fluid.2014.10.035#d8#p1,10.1016/j.fluid.2014.10.035.json,8,1,5,"InChI=1S/C5H10O2/c1-3-4-7-5(2)6/h3-4H2,1-2H3",YKYONYBAUNKHLG-UHFFFAOYSA-N,propyl ethanoate,C5H10O2,10.1016/j.fluid.2014.10.035,2015,"Boiling temperature at pressure P, K",Liquid,"[""Liquid"",""Gas""]",Ebulliometric method (Recirculating still),341.91,"{""nPropValue"":341.91,""CombinedUncertainty"":{""nCombExpandUncertValue"":2.17,""nCombUncertAssessNum"":1},""nPropDigits"":5,""nPropNumber"":1}",variable,"{""nVarValue"":34,""nVarDigits"":2,""nVarNumber"":1}",341.91,True,,34000,True,False,False
10.1016/j.fluid.2014.10.035#d8#p1#r6,10.1016/j.fluid.2014.10.035#d8#p1,10.1016/j.fluid.2014.10.035.json,8,1,6,"InChI=1S/C5H10O2/c1-3-4-7-5(2)6/h3-4H2,1-2H3",YKYONYBAUNKHLG-UHFFFAOYSA-N,propyl ethanoate,C5H10O2,10.1016/j.fluid.2014.10.035,2015,"Boiling temperature at pressure P, K",Liquid,"[""Liquid"",""Gas""]",Ebulliometric method (Recirculating still),343.81,"{""CombinedUncertainty"":{""nCombExpandUncertValue"":2.12,""nCombUncertAssessNum"":1},""nPropValue"":343.81,""nPropNumber"":1,""nPropDigits"":5}",variable,"{""nVarValue"":36,""nVarDigits"":2,""nVarNumber"":1}",343.81,True,,36000,True,False,False
10.1016/j.fluid.2014.10.035#d8#p1#r7,10.1016/j.fluid.2014.10.035#d8#p1,10.1016/j.fluid.2014.10.035.json,8,1,7,"InChI=1S/C5H10O2/c1-3-4-7-5(2)6/h3-4H2,1-2H3",YKYONYBAUNKHLG-UHFFFAOYSA-N,propyl ethanoate,C5H10O2,10.1016/j.fluid.2014.10.035,2015,"Boiling temperature at pressure P, K",Liquid,"[""Liquid"",""Gas""]",Ebulliometric method (Recirculating still),345.06,"{""nPropValue"":345.06,""CombinedUncertainty"":{""nCombUncertAssessNum"":1,""nCombExpandUncertValue"":2.03},""nPropDigits"":5,""nPropNumber"":1}",variable,"{""nVarValue"":38,""nVarDigits"":2,""nVarNumber"":1}",345.06,True,,38000,True,False,False
10.1016/j.fluid.2014.10.035#d8#p1#r8,10.1016/j.fluid.2014.10.035#d8#p1,10.1016/j.fluid.2014.10.035.json,8,1,8,"InChI=1S/C5H10O2/c1-3-4-7-5(2)6/h3-4H2,1-2H3",YKYONYBAUNKHLG-UHFFFAOYSA-N,propyl ethanoate,C5H10O2,10.1016/j.fluid.2014.10.035,2015,"Boiling temperature at pressure P, K",Liquid,"[""Liquid"",""Gas""]",Ebulliometric method (Recirculating still),346.33,"{""nPropValue"":346.33,""CombinedUncertainty"":{""nCombUncertAssessNum"":1,""nCombExpandUncertValue"":1.9},""nPropNumber"":1,""nPropDigits"":5}",variable,"{""nVarValue"":40,""nVarNumber"":1,""nVarDigits"":1}",346.33,True,,40000,True,False,False
10.1016/j.fluid.2014.10.035#d8#p1#r9,10.1016/j.fluid.2014.10.035#d8#p1,10.1016/j.fluid.2014.10.035.json,8,1,9,"InChI=1S/C5H10O2/c1-3-4-7-5(2)6/h3-4H2,1-2H3",YKYONYBAUNKHLG-UHFFFAOYSA-N,propyl ethanoate,C5H10O2,10.1016/j.fluid.2014.10.035,2015,"Boiling temperature at pressure P, K",Liquid,"[""Liquid"",""Gas""]",Ebulliometric method (Recirculating still),347.64,"{""nPropValue"":347.64,""CombinedUncertainty"":{""nCombExpandUncertValue"":1.78,""nCombUncertAssessNum"":1},""nPropNumber"":1,""nPropDigits"":5}",variable,"{""nVarValue"":42,""nVarDigits"":2,""nVarNumber"":1}",347.64,True,,42000,True,False,False
10.1016/j.fluid.2014.10.035#d8#p1#r10,10.1016/j.fluid.2014.10.035#d8#p1,10.1016/j.fluid.2014.10.035.json,8,1,10,"InChI=1S/C5H10O2/c1-3-4-7-5(2)6/h3-4H2,1-2H3",YKYONYBAUNKHLG-UHFFFAOYSA-N,propyl ethanoate,C5H10O2,10.1016/j.fluid.2014.10.035,2015,"Boiling temperature at pressure P, K",Liquid,"[""Liquid"",""Gas""]",Ebulliometric method (Recirculating still),351.34,"{""nPropValue"":351.34,""CombinedUncertainty"":{""nCombExpandUncertValue"":1.68,""nCombUncertAssessNum"":1},""nPropDigits"":5,""nPropNumber"":1}",variable,"{""nVarDigits"":2,""nVarNumber"":1,""nVarValue"":48}",351.34,True,,48000,True,False,False
10.1016/j.fluid.2014.10.035#d8#p1#r11,10.1016/j.fluid.2014.10.035#d8#p1,10.1016/j.fluid.2014.10.035.json,8,1,11,"InChI=1S/C5H10O2/c1-3-4-7-5(2)6/h3-4H2,1-2H3",YKYONYBAUNKHLG-UHFFFAOYSA-N,propyl ethanoate,C5H10O2,10.1016/j.fluid.2014.10.035,2015,"Boiling temperature at pressure P, K",Liquid,"[""Liquid"",""Gas""]",Ebulliometric method (Recirculating still),355.95,"{""CombinedUncertainty"":{""nCombUncertAssessNum"":1,""nCombExpandUncertValue"":1.55},""nPropValue"":355.95,""nPropDigits"":5,""nPropNumber"":1}",variable,"{""nVarNumber"":1,""nVarDigits"":2,""nVarValue"":56}",355.95,True,,56000,True,False,False
10.1016/j.fluid.2014.10.035#d8#p1#r12,10.1016/j.fluid.2014.10.035#d8#p1,10.1016/j.fluid.2014.10.035.json,8,1,12,"InChI=1S/C5H10O2/c1-3-4-7-5(2)6/h3-4H2,1-2H3",YKYONYBAUNKHLG-UHFFFAOYSA-N,propyl ethanoate,C5H10O2,10.1016/j.fluid.2014.10.035,2015,"Boiling temperature at pressure P, K",Liquid,"[""Liquid"",""Gas""]",Ebulliometric method (Recirculating still),357.86,"{""CombinedUncertainty"":{""nCombExpandUncertValue"":1.34,""nCombUncertAssessNum"":1},""nPropValue"":357.86,""nPropDigits"":5,""nPropNumber"":1}",variable,"{""nVarDigits"":1,""nVarNumber"":1,""nVarValue"":60}",357.86,True,,60000,True,False,False
10.1016/j.fluid.2014.10.035#d8#p1#r13,10.1016/j.fluid.2014.10.035#d8#p1,10.1016/j.fluid.2014.10.035.json,8,1,13,"InChI=1S/C5H10O2/c1-3-4-7-5(2)6/h3-4H2,1-2H3",YKYONYBAUNKHLG-UHFFFAOYSA-N,propyl ethanoate,C5H10O2,10.1016/j.fluid.2014.10.035,2015,"Boiling temperature at pressure P, K",Liquid,"[""Liquid"",""Gas""]",Ebulliometric method (Recirculating still),359.75,"{""nPropNumber"":1,""nPropDigits"":5,""CombinedUncertainty"":{""nCombUncertAssessNum"":1,""nCombExpandUncertValue"":1.35},""nPropValue"":359.75}",variable,"{""nVarValue"":64,""nVarDigits"":2,""nVarNumber"":1}",359.75,True,,64000,True,False,False
10.1016/j.fluid.2014.10.035#d8#p1#r14,10.1016/j.fluid.2014.10.035#d8#p1,10.1016/j.fluid.2014.10.035.json,8,1,14,"InChI=1S/C5H10O2/c1-3-4-7-5(2)6/h3-4H2,1-2H3",YKYONYBAUNKHLG-UHFFFAOYSA-N,propyl ethanoate,C5H10O2,10.1016/j.fluid.2014.10.035,2015,"Boiling temperature at pressure P, K",Liquid,"[""Liquid"",""Gas""]",Ebulliometric method (Recirculating still),362.64,"{""nPropValue"":362.64,""CombinedUncertainty"":{""nCombExpandUncertValue"":1.23,""nCombUncertAssessNum"":1},""nPropDigits"":5,""nPropNumber"":1}",variable,"{""nVarValue"":70,""nVarDigits"":1,""nVarNumber"":1}",362.64,True,,70000,True,False,False
10.1016/j.fluid.2014.10.035#d8#p1#r15,10.1016/j.fluid.2014.10.035#d8#p1,10.1016/j.fluid.2014.10.035.json,8,1,15,"InChI=1S/C5H10O2/c1-3-4-7-5(2)6/h3-4H2,1-2H3",YKYONYBAUNKHLG-UHFFFAOYSA-N,propyl ethanoate,C5H10O2,10.1016/j.fluid.2014.10.035,2015,"Boiling temperature at pressure P, K",Liquid,"[""Liquid"",""Gas""]",Ebulliometric method (Recirculating still),364.97,"{""nPropDigits"":5,""nPropNumber"":1,""nPropValue"":364.97,""CombinedUncertainty"":{""nCombUncertAssessNum"":1,""nCombExpandUncertValue"":1.27}}",variable,"{""nVarDigits"":2,""nVarNumber"":1,""nVarValue"":76}",364.97,True,,76000,True,False,False
10.1016/j.fluid.2014.10.035#d8#p1#r16,10.1016/j.fluid.2014.10.035#d8#p1,10.1016/j.fluid.2014.10.035.json,8,1,16,"InChI=1S/C5H10O2/c1-3-4-7-5(2)6/h3-4H2,1-2H3",YKYONYBAUNKHLG-UHFFFAOYSA-N,propyl ethanoate,C5H10O2,10.1016/j.fluid.2014.10.035,2015,"Boiling temperature at pressure P, K",Liquid,"[""Liquid"",""Gas""]",Ebulliometric method (Recirculating still),367.18,"{""nPropDigits"":5,""nPropNumber"":1,""CombinedUncertainty"":{""nCombExpandUncertValue"":1.06,""nCombUncertAssessNum"":1},""nPropValue"":367.18}",variable,"{""nVarValue"":80,""nVarDigits"":1,""nVarNumber"":1}",367.18,True,,80000,True,False,False
10.1016/j.fluid.2014.10.035#d8#p1#r17,10.1016/j.fluid.2014.10.035#d8#p1,10.1016/j.fluid.2014.10.035.json,8,1,17,"InChI=1S/C5H10O2/c1-3-4-7-5(2)6/h3-4H2,1-2H3",YKYONYBAUNKHLG-UHFFFAOYSA-N,propyl ethanoate,C5H10O2,10.1016/j.fluid.2014.10.035,2015,"Boiling temperature at pressure P, K",Liquid,"[""Liquid"",""Gas""]",Ebulliometric method (Recirculating still),371.16,"{""nPropValue"":371.16,""CombinedUncertainty"":{""nCombUncertAssessNum"":1,""nCombExpandUncertValue"":0.94},""nPropNumber"":1,""nPropDigits"":5}",variable,"{""nVarValue"":92,""nVarDigits"":2,""nVarNumber"":1}",371.16,True,,92000,True,False,False
10.1016/j.fluid.2014.10.035#d8#p1#r18,10.1016/j.fluid.2014.10.035#d8#p1,10.1016/j.fluid.2014.10.035.json,8,1,18,"InChI=1S/C5H10O2/c1-3-4-7-5(2)6/h3-4H2,1-2H3",YKYONYBAUNKHLG-UHFFFAOYSA-N,propyl ethanoate,C5H10O2,10.1016/j.fluid.2014.10.035,2015,"Boiling temperature at pressure P, K",Liquid,"[""Liquid"",""Gas""]",Ebulliometric method (Recirculating still),373.18,"{""nPropValue"":373.18,""CombinedUncertainty"":{""nCombExpandUncertValue"":0.98,""nCombUncertAssessNum"":1},""nPropDigits"":5,""nPropNumber"":1}",variable,"{""nVarValue"":98,""nVarDigits"":2,""nVarNumber"":1}",373.18,True,,98000,True,False,False
10.1016/j.fluid.2014.10.035#d8#p1#r19,10.1016/j.fluid.2014.10.035#d8#p1,10.1016/j.fluid.2014.10.035.json,8,1,19,"InChI=1S/C5H10O2/c1-3-4-7-5(2)6/h3-4H2,1-2H3",YKYONYBAUNKHLG-UHFFFAOYSA-N,propyl ethanoate,C5H10O2,10.1016/j.fluid.2014.10.035,2015,"Boiling temperature at pressure P, K",Liquid,"[""Liquid"",""Gas""]",Ebulliometric method (Recirculating still),374.61,"{""CombinedUncertainty"":{""nCombUncertAssessNum"":1,""nCombExpandUncertValue"":1.01},""nPropValue"":374.61,""nPropDigits"":5,""nPropNumber"":1}",variable,"{""nVarNumber"":1,""nVarDigits"":3,""nVarValue"":102}",374.61,True,,102000,True,False,False
10.1016/j.fluid.2014.10.035#d8#p1#r20,10.1016/j.fluid.2014.10.035#d8#p1,10.1016/j.fluid.2014.10.035.json,8,1,20,"InChI=1S/C5H10O2/c1-3-4-7-5(2)6/h3-4H2,1-2H3",YKYONYBAUNKHLG-UHFFFAOYSA-N,propyl ethanoate,C5H10O2,10.1016/j.fluid.2014.10.035,2015,"Boiling temperature at pressure P, K",Liquid,"[""Liquid"",""Gas""]",Ebulliometric method (Recirculating still),381,"{""nPropValue"":381,""CombinedUncertainty"":{""nCombExpandUncertValue"":0.78,""nCombUncertAssessNum"":1},""nPropDigits"":5,""nPropNumber"":1}",variable,"{""nVarValue"":123,""nVarNumber"":1,""nVarDigits"":3}",381,True,,123000,True,False,False
10.1016/j.fluid.2014.10.035#d8#p1#r21,10.1016/j.fluid.2014.10.035#d8#p1,10.1016/j.fluid.2014.10.035.json,8,1,21,"InChI=1S/C5H10O2/c1-3-4-7-5(2)6/h3-4H2,1-2H3",YKYONYBAUNKHLG-UHFFFAOYSA-N,propyl ethanoate,C5H10O2,10.1016/j.fluid.2014.10.035,2015,"Boiling temperature at pressure P, K",Liquid,"[""Liquid"",""Gas""]",Ebulliometric method (Recirculating still),387.93,"{""nPropValue"":387.93,""CombinedUncertainty"":{""nCombExpandUncertValue"":0.65,""nCombUncertAssessNum"":1},""nPropNumber"":1,""nPropDigits"":5}",variable,"{""nVarValue"":150,""nVarDigits"":2,""nVarNumber"":1}",387.93,True,,150000,True,False,False
10.1016/j.fluid.2014.10.035#d8#p1#r22,10.1016/j.fluid.2014.10.035#d8#p1,10.1016/j.fluid.2014.10.035.json,8,1,22,"InChI=1S/C5H10O2/c1-3-4-7-5(2)6/h3-4H2,1-2H3",YKYONYBAUNKHLG-UHFFFAOYSA-N,propyl ethanoate,C5H10O2,10.1016/j.fluid.2014.10.035,2015,"Boiling temperature at pressure P, K",Liquid,"[""Liquid"",""Gas""]",Ebulliometric method (Recirculating still),388.84,"{""CombinedUncertainty"":{""nCombUncertAssessNum"":1,""nCombExpandUncertValue"":0.65},""nPropValue"":388.84,""nPropNumber"":1,""nPropDigits"":5}",variable,"{""nVarNumber"":1,""nVarDigits"":3,""nVarValue"":154}",388.84,True,,154000,True,False,False
10.1016/j.fluid.2014.10.035#d8#p1#r23,10.1016/j.fluid.2014.10.035#d8#p1,10.1016/j.fluid.2014.10.035.json,8,1,23,"InChI=1S/C5H10O2/c1-3-4-7-5(2)6/h3-4H2,1-2H3",YKYONYBAUNKHLG-UHFFFAOYSA-N,propyl ethanoate,C5H10O2,10.1016/j.fluid.2014.10.035,2015,"Boiling temperature at pressure P, K",Liquid,"[""Liquid"",""Gas""]",Ebulliometric method (Recirculating still),395,"{""nPropNumber"":1,""nPropDigits"":5,""CombinedUncertainty"":{""nCombUncertAssessNum"":1,""nCombExpandUncertValue"":0.59},""nPropValue"":395}",variable,"{""nVarValue"":182,""nVarNumber"":1,""nVarDigits"":3}",395,True,,182000,True,False,False
10.1016/j.fluid.2014.10.035#d8#p1#r24,10.1016/j.fluid.2014.10.035#d8#p1,10.1016/j.fluid.2014.10.035.json,8,1,24,"InChI=1S/C5H10O2/c1-3-4-7-5(2)6/h3-4H2,1-2H3",YKYONYBAUNKHLG-UHFFFAOYSA-N,propyl ethanoate,C5H10O2,10.1016/j.fluid.2014.10.035,2015,"Boiling temperature at pressure P, K",Liquid,"[""Liquid"",""Gas""]",Ebulliometric method (Recirculating still),399.87,"{""CombinedUncertainty"":{""nCombExpandUncertValue"":0.54,""nCombUncertAssessNum"":1},""nPropValue"":399.87,""nPropNumber"":1,""nPropDigits"":5}",variable,"{""nVarDigits"":3,""nVarNumber"":1,""nVarValue"":207}",399.87,True,,207000,True,False,False
10.1016/j.fluid.2014.10.035#d8#p1#r25,10.1016/j.fluid.2014.10.035#d8#p1,10.1016/j.fluid.2014.10.035.json,8,1,25,"InChI=1S/C5H10O2/c1-3-4-7-5(2)6/h3-4H2,1-2H3",YKYONYBAUNKHLG-UHFFFAOYSA-N,propyl ethanoate,C5H10O2,10.1016/j.fluid.2014.10.035,2015,"Boiling temperature at pressure P, K",Liquid,"[""Liquid"",""Gas""]",Ebulliometric method (Recirculating still),402.35,"{""nPropNumber"":1,""nPropDigits"":5,""CombinedUncertainty"":{""nCombExpandUncertValue"":0.48,""nCombUncertAssessNum"":1},""nPropValue"":402.35}",variable,"{""nVarValue"":221,""nVarNumber"":1,""nVarDigits"":3}",402.35,True,,221000,True,False,False
10.1016/j.fluid.2014.10.035#d8#p1#r26,10.1016/j.fluid.2014.10.035#d8#p1,10.1016/j.fluid.2014.10.035.json,8,1,26,"InChI=1S/C5H10O2/c1-3-4-7-5(2)6/h3-4H2,1-2H3",YKYONYBAUNKHLG-UHFFFAOYSA-N,propyl ethanoate,C5H10O2,10.1016/j.fluid.2014.10.035,2015,"Boiling temperature at pressure P, K",Liquid,"[""Liquid"",""Gas""]",Ebulliometric method (Recirculating still),408.49,"{""CombinedUncertainty"":{""nCombUncertAssessNum"":1,""nCombExpandUncertValue"":0.45},""nPropValue"":408.49,""nPropNumber"":1,""nPropDigits"":5}",variable,"{""nVarValue"":258,""nVarDigits"":3,""nVarNumber"":1}",408.49,True,,258000,True,False,False
10.1016/j.fluid.2014.10.035#d8#p1#r27,10.1016/j.fluid.2014.10.035#d8#p1,10.1016/j.fluid.2014.10.035.json,8,1,27,"InChI=1S/C5H10O2/c1-3-4-7-5(2)6/h3-4H2,1-2H3",YKYONYBAUNKHLG-UHFFFAOYSA-N,propyl ethanoate,C5H10O2,10.1016/j.fluid.2014.10.035,2015,"Boiling temperature at pressure P, K",Liquid,"[""Liquid"",""Gas""]",Ebulliometric method (Recirculating still),412.78,"{""nPropValue"":412.78,""CombinedUncertainty"":{""nCombUncertAssessNum"":1,""nCombExpandUncertValue"":0.41},""nPropDigits"":5,""nPropNumber"":1}",variable,"{""nVarValue"":287,""nVarNumber"":1,""nVarDigits"":3}",412.78,True,,287000,True,False,False
10.1016/j.fluid.2014.10.035#d8#p1#r28,10.1016/j.fluid.2014.10.035#d8#p1,10.1016/j.fluid.2014.10.035.json,8,1,28,"InChI=1S/C5H10O2/c1-3-4-7-5(2)6/h3-4H2,1-2H3",YKYONYBAUNKHLG-UHFFFAOYSA-N,propyl ethanoate,C5H10O2,10.1016/j.fluid.2014.10.035,2015,"Boiling temperature at pressure P, K",Liquid,"[""Liquid"",""Gas""]",Ebulliometric method (Recirculating still),417.58,"{""CombinedUncertainty"":{""nCombExpandUncertValue"":0.37,""nCombUncertAssessNum"":1},""nPropValue"":417.58,""nPropNumber"":1,""nPropDigits"":5}",variable,"{""nVarDigits"":3,""nVarNumber"":1,""nVarValue"":322}",417.58,True,,322000,True,False,False
10.1016/j.fluid.2014.10.035#d8#p1#r29,10.1016/j.fluid.2014.10.035#d8#p1,10.1016/j.fluid.2014.10.035.json,8,1,29,"InChI=1S/C5H10O2/c1-3-4-7-5(2)6/h3-4H2,1-2H3",YKYONYBAUNKHLG-UHFFFAOYSA-N,propyl ethanoate,C5H10O2,10.1016/j.fluid.2014.10.035,2015,"Boiling temperature at pressure P, K",Liquid,"[""Liquid"",""Gas""]",Ebulliometric method (Recirculating still),424.1,"{""nPropValue"":424.1,""CombinedUncertainty"":{""nCombUncertAssessNum"":1,""nCombExpandUncertValue"":0.35},""nPropDigits"":5,""nPropNumber"":1}",variable,"{""nVarDigits"":3,""nVarNumber"":1,""nVarValue"":375}",424.1,True,,375000,True,False,False
10.1016/j.fluid.2014.10.035#d8#p1#r30,10.1016/j.fluid.2014.10.035#d8#p1,10.1016/j.fluid.2014.10.035.json,8,1,30,"InChI=1S/C5H10O2/c1-3-4-7-5(2)6/h3-4H2,1-2H3",YKYONYBAUNKHLG-UHFFFAOYSA-N,propyl ethanoate,C5H10O2,10.1016/j.fluid.2014.10.035,2015,"Boiling temperature at pressure P, K",Liquid,"[""Liquid"",""Gas""]",Ebulliometric method (Recirculating still),426.32,"{""nPropValue"":426.32,""CombinedUncertainty"":{""nCombExpandUncertValue"":0.33,""nCombUncertAssessNum"":1},""nPropDigits"":5,""nPropNumber"":1}",variable,"{""nVarNumber"":1,""nVarDigits"":3,""nVarValue"":394}",426.32,True,,394000,True,False,False
10.1016/j.fluid.2014.10.035#d8#p1#r31,10.1016/j.fluid.2014.10.035#d8#p1,10.1016/j.fluid.2014.10.035.json,8,1,31,"InChI=1S/C5H10O2/c1-3-4-7-5(2)6/h3-4H2,1-2H3",YKYONYBAUNKHLG-UHFFFAOYSA-N,propyl ethanoate,C5H10O2,10.1016/j.fluid.2014.10.035,2015,"Boiling temperature at pressure P, K",Liquid,"[""Liquid"",""Gas""]",Ebulliometric method (Recirculating still),428.8,"{""nPropValue"":428.8,""CombinedUncertainty"":{""nCombExpandUncertValue"":0.31,""nCombUncertAssessNum"":1},""nPropDigits"":5,""nPropNumber"":1}",variable,"{""nVarDigits"":3,""nVarNumber"":1,""nVarValue"":416}",428.8,True,,416000,True,False,False
10.1016/j.fluid.2014.10.035#d8#p1#r32,10.1016/j.fluid.2014.10.035#d8#p1,10.1016/j.fluid.2014.10.035.json,8,1,32,"InChI=1S/C5H10O2/c1-3-4-7-5(2)6/h3-4H2,1-2H3",YKYONYBAUNKHLG-UHFFFAOYSA-N,propyl ethanoate,C5H10O2,10.1016/j.fluid.2014.10.035,2015,"Boiling temperature at pressure P, K",Liquid,"[""Liquid"",""Gas""]",Ebulliometric method (Recirculating still),432.42,"{""CombinedUncertainty"":{""nCombExpandUncertValue"":0.29,""nCombUncertAssessNum"":1},""nPropValue"":432.42,""nPropNumber"":1,""nPropDigits"":5}",variable,"{""nVarDigits"":3,""nVarNumber"":1,""nVarValue"":451}",432.42,True,,451000,True,False,False
10.1016/j.fluid.2014.10.035#d8#p1#r33,10.1016/j.fluid.2014.10.035#d8#p1,10.1016/j.fluid.2014.10.035.json,8,1,33,"InChI=1S/C5H10O2/c1-3-4-7-5(2)6/h3-4H2,1-2H3",YKYONYBAUNKHLG-UHFFFAOYSA-N,propyl ethanoate,C5H10O2,10.1016/j.fluid.2014.10.035,2015,"Boiling temperature at pressure P, K",Liquid,"[""Liquid"",""Gas""]",Ebulliometric method (Recirculating still),434.27,"{""CombinedUncertainty"":{""nCombExpandUncertValue"":0.28,""nCombUncertAssessNum"":1},""nPropValue"":434.27,""nPropDigits"":5,""nPropNumber"":1}",variable,"{""nVarValue"":471,""nVarDigits"":3,""nVarNumber"":1}",434.27,True,,471000,True,False,False
10.1016/j.fluid.2014.10.035#d8#p1#r34,10.1016/j.fluid.2014.10.035#d8#p1,10.1016/j.fluid.2014.10.035.json,8,1,34,"InChI=1S/C5H10O2/c1-3-4-7-5(2)6/h3-4H2,1-2H3",YKYONYBAUNKHLG-UHFFFAOYSA-N,propyl ethanoate,C5H10O2,10.1016/j.fluid.2014.10.035,2015,"Boiling temperature at pressure P, K",Liquid,"[""Liquid"",""Gas""]",Ebulliometric method (Recirculating still),438.55,"{""nPropValue"":438.55,""CombinedUncertainty"":{""nCombExpandUncertValue"":0.26,""nCombUncertAssessNum"":1},""nPropDigits"":5,""nPropNumber"":1}",variable,"{""nVarValue"":515,""nVarNumber"":1,""nVarDigits"":3}",438.55,True,,515000,True,False,False
10.1016/j.fluid.2014.10.035#d8#p1#r35,10.1016/j.fluid.2014.10.035#d8#p1,10.1016/j.fluid.2014.10.035.json,8,1,35,"InChI=1S/C5H10O2/c1-3-4-7-5(2)6/h3-4H2,1-2H3",YKYONYBAUNKHLG-UHFFFAOYSA-N,propyl ethanoate,C5H10O2,10.1016/j.fluid.2014.10.035,2015,"Boiling temperature at pressure P, K",Liquid,"[""Liquid"",""Gas""]",Ebulliometric method (Recirculating still),443.6,"{""nPropValue"":443.6,""CombinedUncertainty"":{""nCombUncertAssessNum"":1,""nCombExpandUncertValue"":0.32},""nPropNumber"":1,""nPropDigits"":5}",variable,"{""nVarValue"":574,""nVarDigits"":3,""nVarNumber"":1}",443.6,True,,574000,True,False,False
10.1016/j.fluid.2014.10.035#d8#p1#r36,10.1016/j.fluid.2014.10.035#d8#p1,10.1016/j.fluid.2014.10.035.json,8,1,36,"InChI=1S/C5H10O2/c1-3-4-7-5(2)6/h3-4H2,1-2H3",YKYONYBAUNKHLG-UHFFFAOYSA-N,propyl ethanoate,C5H10O2,10.1016/j.fluid.2014.10.035,2015,"Boiling temperature at pressure P, K",Liquid,"[""Liquid"",""Gas""]",Ebulliometric method (Recirculating still),444.93,"{""nPropValue"":444.93,""CombinedUncertainty"":{""nCombUncertAssessNum"":1,""nCombExpandUncertValue"":0.26},""nPropDigits"":5,""nPropNumber"":1}",variable,"{""nVarValue"":586,""nVarDigits"":3,""nVarNumber"":1}",444.93,True,,586000,True,False,False
10.1016/j.fluid.2014.10.035#d8#p1#r37,10.1016/j.fluid.2014.10.035#d8#p1,10.1016/j.fluid.2014.10.035.json,8,1,37,"InChI=1S/C5H10O2/c1-3-4-7-5(2)6/h3-4H2,1-2H3",YKYONYBAUNKHLG-UHFFFAOYSA-N,propyl ethanoate,C5H10O2,10.1016/j.fluid.2014.10.035,2015,"Boiling temperature at pressure P, K",Liquid,"[""Liquid"",""Gas""]",Ebulliometric method (Recirculating still),445.89,"{""nPropNumber"":1,""nPropDigits"":5,""nPropValue"":445.89,""CombinedUncertainty"":{""nCombExpandUncertValue"":0.22,""nCombUncertAssessNum"":1}}",variable,"{""nVarDigits"":1,""nVarNumber"":1,""nVarValue"":600}",445.89,True,,600000,True,False,False
10.1016/j.fluid.2014.10.035#d8#p1#r38,10.1016/j.fluid.2014.10.035#d8#p1,10.1016/j.fluid.2014.10.035.json,8,1,38,"InChI=1S/C5H10O2/c1-3-4-7-5(2)6/h3-4H2,1-2H3",YKYONYBAUNKHLG-UHFFFAOYSA-N,propyl ethanoate,C5H10O2,10.1016/j.fluid.2014.10.035,2015,"Boiling temperature at pressure P, K",Liquid,"[""Liquid"",""Gas""]",Ebulliometric method (Recirculating still),447.95,"{""nPropValue"":447.95,""CombinedUncertainty"":{""nCombExpandUncertValue"":0.22,""nCombUncertAssessNum"":1},""nPropDigits"":5,""nPropNumber"":1}",variable,"{""nVarNumber"":1,""nVarDigits"":3,""nVarValue"":627}",447.95,True,,627000,True,False,False
10.1016/j.fluid.2014.10.035#d8#p1#r39,10.1016/j.fluid.2014.10.035#d8#p1,10.1016/j.fluid.2014.10.035.json,8,1,39,"InChI=1S/C5H10O2/c1-3-4-7-5(2)6/h3-4H2,1-2H3",YKYONYBAUNKHLG-UHFFFAOYSA-N,propyl ethanoate,C5H10O2,10.1016/j.fluid.2014.10.035,2015,"Boiling temperature at pressure P, K",Liquid,"[""Liquid"",""Gas""]",Ebulliometric method (Recirculating still),451.36,"{""nPropNumber"":1,""nPropDigits"":5,""nPropValue"":451.36,""CombinedUncertainty"":{""nCombUncertAssessNum"":1,""nCombExpandUncertValue"":0.22}}",variable,"{""nVarDigits"":3,""nVarNumber"":1,""nVarValue"":672}",451.36,True,,672000,True,False,False
10.1016/j.fluid.2014.10.035#d8#p1#r40,10.1016/j.fluid.2014.10.035#d8#p1,10.1016/j.fluid.2014.10.035.json,8,1,40,"InChI=1S/C5H10O2/c1-3-4-7-5(2)6/h3-4H2,1-2H3",YKYONYBAUNKHLG-UHFFFAOYSA-N,propyl ethanoate,C5H10O2,10.1016/j.fluid.2014.10.035,2015,"Boiling temperature at pressure P, K",Liquid,"[""Liquid"",""Gas""]",Ebulliometric method (Recirculating still),454.56,"{""nPropValue"":454.56,""CombinedUncertainty"":{""nCombExpandUncertValue"":0.21,""nCombUncertAssessNum"":1},""nPropNumber"":1,""nPropDigits"":5}",variable,"{""nVarNumber"":1,""nVarDigits"":3,""nVarValue"":716}",454.56,True,,716000,True,False,False
10.1016/j.fluid.2014.10.035#d8#p1#r41,10.1016/j.fluid.2014.10.035#d8#p1,10.1016/j.fluid.2014.10.035.json,8,1,41,"InChI=1S/C5H10O2/c1-3-4-7-5(2)6/h3-4H2,1-2H3",YKYONYBAUNKHLG-UHFFFAOYSA-N,propyl ethanoate,C5H10O2,10.1016/j.fluid.2014.10.035,2015,"Boiling temperature at pressure P, K",Liquid,"[""Liquid"",""Gas""]",Ebulliometric method (Recirculating still),457.4,"{""CombinedUncertainty"":{""nCombExpandUncertValue"":0.21,""nCombUncertAssessNum"":1},""nPropValue"":457.4,""nPropDigits"":5,""nPropNumber"":1}",variable,"{""nVarValue"":756,""nVarDigits"":3,""nVarNumber"":1}",457.4,True,,756000,True,False,False
10.1016/j.fluid.2014.10.035#d8#p1#r42,10.1016/j.fluid.2014.10.035#d8#p1,10.1016/j.fluid.2014.10.035.json,8,1,42,"InChI=1S/C5H10O2/c1-3-4-7-5(2)6/h3-4H2,1-2H3",YKYONYBAUNKHLG-UHFFFAOYSA-N,propyl ethanoate,C5H10O2,10.1016/j.fluid.2014.10.035,2015,"Boiling temperature at pressure P, K",Liquid,"[""Liquid"",""Gas""]",Ebulliometric method (Recirculating still),458.81,"{""nPropDigits"":5,""nPropNumber"":1,""CombinedUncertainty"":{""nCombExpandUncertValue"":0.2,""nCombUncertAssessNum"":1},""nPropValue"":458.81}",variable,"{""nVarValue"":776,""nVarNumber"":1,""nVarDigits"":3}",458.81,True,,776000,True,False,False
10.1016/j.fluid.2014.10.035#d8#p1#r43,10.1016/j.fluid.2014.10.035#d8#p1,10.1016/j.fluid.2014.10.035.json,8,1,43,"InChI=1S/C5H10O2/c1-3-4-7-5(2)6/h3-4H2,1-2H3",YKYONYBAUNKHLG-UHFFFAOYSA-N,propyl ethanoate,C5H10O2,10.1016/j.fluid.2014.10.035,2015,"Boiling temperature at pressure P, K",Liquid,"[""Liquid"",""Gas""]",Ebulliometric method (Recirculating still),461.63,"{""nPropValue"":461.63,""CombinedUncertainty"":{""nCombUncertAssessNum"":1,""nCombExpandUncertValue"":0.19},""nPropDigits"":5,""nPropNumber"":1}",variable,"{""nVarValue"":820,""nVarNumber"":1,""nVarDigits"":2}",461.63,True,,820000,True,False,False
10.1016/j.fluid.2014.10.035#d8#p1#r44,10.1016/j.fluid.2014.10.035#d8#p1,10.1016/j.fluid.2014.10.035.json,8,1,44,"InChI=1S/C5H10O2/c1-3-4-7-5(2)6/h3-4H2,1-2H3",YKYONYBAUNKHLG-UHFFFAOYSA-N,propyl ethanoate,C5H10O2,10.1016/j.fluid.2014.10.035,2015,"Boiling temperature at pressure P, K",Liquid,"[""Liquid"",""Gas""]",Ebulliometric method (Recirculating still),463.53,"{""CombinedUncertainty"":{""nCombUncertAssessNum"":1,""nCombExpandUncertValue"":0.21},""nPropValue"":463.53,""nPropDigits"":5,""nPropNumber"":1}",variable,"{""nVarNumber"":1,""nVarDigits"":2,""nVarValue"":850}",463.53,True,,850000,True,False,False
10.1016/j.fluid.2014.10.035#d8#p1#r45,10.1016/j.fluid.2014.10.035#d8#p1,10.1016/j.fluid.2014.10.035.json,8,1,45,"InChI=1S/C5H10O2/c1-3-4-7-5(2)6/h3-4H2,1-2H3",YKYONYBAUNKHLG-UHFFFAOYSA-N,propyl ethanoate,C5H10O2,10.1016/j.fluid.2014.10.035,2015,"Boiling temperature at pressure P, K",Liquid,"[""Liquid"",""Gas""]",Ebulliometric method (Recirculating still),464.95,"{""CombinedUncertainty"":{""nCombUncertAssessNum"":1,""nCombExpandUncertValue"":0.18},""nPropValue"":464.95,""nPropDigits"":5,""nPropNumber"":1}",variable,"{""nVarNumber"":1,""nVarDigits"":3,""nVarValue"":868}",464.95,True,,868000,True,False,False
10.1016/j.fluid.2014.10.035#d8#p1#r46,10.1016/j.fluid.2014.10.035#d8#p1,10.1016/j.fluid.2014.10.035.json,8,1,46,"InChI=1S/C5H10O2/c1-3-4-7-5(2)6/h3-4H2,1-2H3",YKYONYBAUNKHLG-UHFFFAOYSA-N,propyl ethanoate,C5H10O2,10.1016/j.fluid.2014.10.035,2015,"Boiling temperature at pressure P, K",Liquid,"[""Liquid"",""Gas""]",Ebulliometric method (Recirculating still),466.95,"{""CombinedUncertainty"":{""nCombExpandUncertValue"":0.17,""nCombUncertAssessNum"":1},""nPropValue"":466.95,""nPropDigits"":5,""nPropNumber"":1}",variable,"{""nVarNumber"":1,""nVarDigits"":3,""nVarValue"":906}",466.95,True,,906000,True,False,False
10.1016/j.fluid.2014.10.035#d8#p1#r47,10.1016/j.fluid.2014.10.035#d8#p1,10.1016/j.fluid.2014.10.035.json,8,1,47,"InChI=1S/C5H10O2/c1-3-4-7-5(2)6/h3-4H2,1-2H3",YKYONYBAUNKHLG-UHFFFAOYSA-N,propyl ethanoate,C5H10O2,10.1016/j.fluid.2014.10.035,2015,"Boiling temperature at pressure P, K",Liquid,"[""Liquid"",""Gas""]",Ebulliometric method (Recirculating still),468.85,"{""nPropDigits"":5,""nPropNumber"":1,""nPropValue"":468.85,""CombinedUncertainty"":{""nCombExpandUncertValue"":0.19,""nCombUncertAssessNum"":1}}",variable,"{""nVarDigits"":3,""nVarNumber"":1,""nVarValue"":937}",468.85,True,,937000,True,False,False
10.1016/j.fluid.2014.10.035#d8#p1#r48,10.1016/j.fluid.2014.10.035#d8#p1,10.1016/j.fluid.2014.10.035.json,8,1,48,"InChI=1S/C5H10O2/c1-3-4-7-5(2)6/h3-4H2,1-2H3",YKYONYBAUNKHLG-UHFFFAOYSA-N,propyl ethanoate,C5H10O2,10.1016/j.fluid.2014.10.035,2015,"Boiling temperature at pressure P, K",Liquid,"[""Liquid"",""Gas""]",Ebulliometric method (Recirculating still),470.15,"{""nPropValue"":470.15,""CombinedUncertainty"":{""nCombExpandUncertValue"":0.17,""nCombUncertAssessNum"":1},""nPropNumber"":1,""nPropDigits"":5}",variable,"{""nVarValue"":957,""nVarDigits"":3,""nVarNumber"":1}",470.15,True,,957000,True,False,False
10.1016/j.fluid.2014.10.035#d8#p1#r49,10.1016/j.fluid.2014.10.035#d8#p1,10.1016/j.fluid.2014.10.035.json,8,1,49,"InChI=1S/C5H10O2/c1-3-4-7-5(2)6/h3-4H2,1-2H3",YKYONYBAUNKHLG-UHFFFAOYSA-N,propyl ethanoate,C5H10O2,10.1016/j.fluid.2014.10.035,2015,"Boiling temperature at pressure P, K",Liquid,"[""Liquid"",""Gas""]",Ebulliometric method (Recirculating still),471.65,"{""CombinedUncertainty"":{""nCombExpandUncertValue"":0.15,""nCombUncertAssessNum"":1},""nPropValue"":471.65,""nPropNumber"":1,""nPropDigits"":5}",variable,"{""nVarNumber"":1,""nVarDigits"":3,""nVarValue"":988}",471.65,True,,988000,True,False,False
10.1016/j.fluid.2014.10.035#d8#p1#r50,10.1016/j.fluid.2014.10.035#d8#p1,10.1016/j.fluid.2014.10.035.json,8,1,50,"InChI=1S/C5H10O2/c1-3-4-7-5(2)6/h3-4H2,1-2H3",YKYONYBAUNKHLG-UHFFFAOYSA-N,propyl ethanoate,C5H10O2,10.1016/j.fluid.2014.10.035,2015,"Boiling temperature at pressure P, K",Liquid,"[""Liquid"",""Gas""]",Ebulliometric method (Recirculating still),472.61,"{""nPropNumber"":1,""nPropDigits"":5,""nPropValue"":472.61,""CombinedUncertainty"":{""nCombUncertAssessNum"":1,""nCombExpandUncertValue"":0.17}}",variable,"{""nVarDigits"":4,""nVarNumber"":1,""nVarValue"":1007}",472.61,True,,1007000,True,False,False
10.1016/j.fluid.2014.10.035#d8#p1#r51,10.1016/j.fluid.2014.10.035#d8#p1,10.1016/j.fluid.2014.10.035.json,8,1,51,"InChI=1S/C5H10O2/c1-3-4-7-5(2)6/h3-4H2,1-2H3",YKYONYBAUNKHLG-UHFFFAOYSA-N,propyl ethanoate,C5H10O2,10.1016/j.fluid.2014.10.035,2015,"Boiling temperature at pressure P, K",Liquid,"[""Liquid"",""Gas""]",Ebulliometric method (Recirculating still),474.75,"{""CombinedUncertainty"":{""nCombExpandUncertValue"":0.17,""nCombUncertAssessNum"":1},""nPropValue"":474.75,""nPropNumber"":1,""nPropDigits"":5}",variable,"{""nVarValue"":1046,""nVarNumber"":1,""nVarDigits"":4}",474.75,True,,1046000,True,False,False
10.1016/j.fluid.2014.10.035#d8#p1#r52,10.1016/j.fluid.2014.10.035#d8#p1,10.1016/j.fluid.2014.10.035.json,8,1,52,"InChI=1S/C5H10O2/c1-3-4-7-5(2)6/h3-4H2,1-2H3",YKYONYBAUNKHLG-UHFFFAOYSA-N,propyl ethanoate,C5H10O2,10.1016/j.fluid.2014.10.035,2015,"Boiling temperature at pressure P, K",Liquid,"[""Liquid"",""Gas""]",Ebulliometric method (Recirculating still),476.45,"{""CombinedUncertainty"":{""nCombExpandUncertValue"":0.16,""nCombUncertAssessNum"":1},""nPropValue"":476.45,""nPropDigits"":5,""nPropNumber"":1}",variable,"{""nVarDigits"":4,""nVarNumber"":1,""nVarValue"":1075}",476.45,True,,1075000,True,False,False
10.1016/j.fluid.2014.10.035#d8#p1#r53,10.1016/j.fluid.2014.10.035#d8#p1,10.1016/j.fluid.2014.10.035.json,8,1,53,"InChI=1S/C5H10O2/c1-3-4-7-5(2)6/h3-4H2,1-2H3",YKYONYBAUNKHLG-UHFFFAOYSA-N,propyl ethanoate,C5H10O2,10.1016/j.fluid.2014.10.035,2015,"Boiling temperature at pressure P, K",Liquid,"[""Liquid"",""Gas""]",Ebulliometric method (Recirculating still),477.75,"{""nPropValue"":477.75,""CombinedUncertainty"":{""nCombUncertAssessNum"":1,""nCombExpandUncertValue"":0.16},""nPropDigits"":5,""nPropNumber"":1}",variable,"{""nVarDigits"":4,""nVarNumber"":1,""nVarValue"":1105}",477.75,True,,1105000,True,False,False
10.1016/j.fluid.2014.10.035#d8#p1#r54,10.1016/j.fluid.2014.10.035#d8#p1,10.1016/j.fluid.2014.10.035.json,8,1,54,"InChI=1S/C5H10O2/c1-3-4-7-5(2)6/h3-4H2,1-2H3",YKYONYBAUNKHLG-UHFFFAOYSA-N,propyl ethanoate,C5H10O2,10.1016/j.fluid.2014.10.035,2015,"Boiling temperature at pressure P, K",Liquid,"[""Liquid"",""Gas""]",Ebulliometric method (Recirculating still),480.95,"{""nPropNumber"":1,""nPropDigits"":5,""CombinedUncertainty"":{""nCombUncertAssessNum"":1,""nCombExpandUncertValue"":0.17},""nPropValue"":480.95}",variable,"{""nVarDigits"":4,""nVarNumber"":1,""nVarValue"":1162}",480.95,True,,1162000,True,False,False
10.1016/j.fluid.2014.10.035#d8#p1#r55,10.1016/j.fluid.2014.10.035#d8#p1,10.1016/j.fluid.2014.10.035.json,8,1,55,"InChI=1S/C5H10O2/c1-3-4-7-5(2)6/h3-4H2,1-2H3",YKYONYBAUNKHLG-UHFFFAOYSA-N,propyl ethanoate,C5H10O2,10.1016/j.fluid.2014.10.035,2015,"Boiling temperature at pressure P, K",Liquid,"[""Liquid"",""Gas""]",Ebulliometric method (Recirculating still),481.95,"{""nPropValue"":481.95,""CombinedUncertainty"":{""nCombUncertAssessNum"":1,""nCombExpandUncertValue"":0.15},""nPropDigits"":5,""nPropNumber"":1}",variable,"{""nVarDigits"":4,""nVarNumber"":1,""nVarValue"":1183}",481.95,True,,1183000,True,False,False
10.1016/j.fluid.2014.10.035#d8#p1#r56,10.1016/j.fluid.2014.10.035#d8#p1,10.1016/j.fluid.2014.10.035.json,8,1,56,"InChI=1S/C5H10O2/c1-3-4-7-5(2)6/h3-4H2,1-2H3",YKYONYBAUNKHLG-UHFFFAOYSA-N,propyl ethanoate,C5H10O2,10.1016/j.fluid.2014.10.035,2015,"Boiling temperature at pressure P, K",Liquid,"[""Liquid"",""Gas""]",Ebulliometric method (Recirculating still),483.25,"{""nPropValue"":483.25,""CombinedUncertainty"":{""nCombUncertAssessNum"":1,""nCombExpandUncertValue"":0.14},""nPropNumber"":1,""nPropDigits"":5}",variable,"{""nVarNumber"":1,""nVarDigits"":3,""nVarValue"":1210}",483.25,True,,1210000,True,False,False
10.1016/j.fluid.2014.10.035#d8#p1#r57,10.1016/j.fluid.2014.10.035#d8#p1,10.1016/j.fluid.2014.10.035.json,8,1,57,"InChI=1S/C5H10O2/c1-3-4-7-5(2)6/h3-4H2,1-2H3",YKYONYBAUNKHLG-UHFFFAOYSA-N,propyl ethanoate,C5H10O2,10.1016/j.fluid.2014.10.035,2015,"Boiling temperature at pressure P, K",Liquid,"[""Liquid"",""Gas""]",Ebulliometric method (Recirculating still),484.59,"{""nPropValue"":484.59,""CombinedUncertainty"":{""nCombUncertAssessNum"":1,""nCombExpandUncertValue"":0.14},""nPropNumber"":1,""nPropDigits"":5}",variable,"{""nVarDigits"":4,""nVarNumber"":1,""nVarValue"":1244}",484.59,True,,1244000,True,False,False
10.1016/j.fluid.2014.10.035#d8#p1#r58,10.1016/j.fluid.2014.10.035#d8#p1,10.1016/j.fluid.2014.10.035.json,8,1,58,"InChI=1S/C5H10O2/c1-3-4-7-5(2)6/h3-4H2,1-2H3",YKYONYBAUNKHLG-UHFFFAOYSA-N,propyl ethanoate,C5H10O2,10.1016/j.fluid.2014.10.035,2015,"Boiling temperature at pressure P, K",Liquid,"[""Liquid"",""Gas""]",Ebulliometric method (Recirculating still),486.25,"{""CombinedUncertainty"":{""nCombExpandUncertValue"":0.15,""nCombUncertAssessNum"":1},""nPropValue"":486.25,""nPropNumber"":1,""nPropDigits"":5}",variable,"{""nVarDigits"":4,""nVarNumber"":1,""nVarValue"":1281}",486.25,True,,1281000,True,False,False
10.1016/j.fluid.2014.10.035#d8#p1#r59,10.1016/j.fluid.2014.10.035#d8#p1,10.1016/j.fluid.2014.10.035.json,8,1,59,"InChI=1S/C5H10O2/c1-3-4-7-5(2)6/h3-4H2,1-2H3",YKYONYBAUNKHLG-UHFFFAOYSA-N,propyl ethanoate,C5H10O2,10.1016/j.fluid.2014.10.035,2015,"Boiling temperature at pressure P, K",Liquid,"[""Liquid"",""Gas""]",Ebulliometric method (Recirculating still),487.85,"{""CombinedUncertainty"":{""nCombExpandUncertValue"":0.15,""nCombUncertAssessNum"":1},""nPropValue"":487.85,""nPropNumber"":1,""nPropDigits"":5}",variable,"{""nVarValue"":1314,""nVarDigits"":4,""nVarNumber"":1}",487.85,True,,1314000,True,False,False
10.1016/j.fluid.2014.10.035#d8#p1#r60,10.1016/j.fluid.2014.10.035#d8#p1,10.1016/j.fluid.2014.10.035.json,8,1,60,"InChI=1S/C5H10O2/c1-3-4-7-5(2)6/h3-4H2,1-2H3",YKYONYBAUNKHLG-UHFFFAOYSA-N,propyl ethanoate,C5H10O2,10.1016/j.fluid.2014.10.035,2015,"Boiling temperature at pressure P, K",Liquid,"[""Liquid"",""Gas""]",Ebulliometric method (Recirculating still),489.05,"{""nPropDigits"":5,""nPropNumber"":1,""nPropValue"":489.05,""CombinedUncertainty"":{""nCombExpandUncertValue"":0.14,""nCombUncertAssessNum"":1}}",variable,"{""nVarValue"":1339,""nVarDigits"":4,""nVarNumber"":1}",489.05,True,,1339000,True,False,False
10.1016/j.fluid.2014.10.035#d8#p1#r61,10.1016/j.fluid.2014.10.035#d8#p1,10.1016/j.fluid.2014.10.035.json,8,1,61,"InChI=1S/C5H10O2/c1-3-4-7-5(2)6/h3-4H2,1-2H3",YKYONYBAUNKHLG-UHFFFAOYSA-N,propyl ethanoate,C5H10O2,10.1016/j.fluid.2014.10.035,2015,"Boiling temperature at pressure P, K",Liquid,"[""Liquid"",""Gas""]",Ebulliometric method (Recirculating still),490.15,"{""CombinedUncertainty"":{""nCombUncertAssessNum"":1,""nCombExpandUncertValue"":0.14},""nPropValue"":490.15,""nPropNumber"":1,""nPropDigits"":5}",variable,"{""nVarValue"":1365,""nVarDigits"":4,""nVarNumber"":1}",490.15,True,,1365000,True,False,False
10.1016/j.fluid.2014.10.035#d8#p1#r62,10.1016/j.fluid.2014.10.035#d8#p1,10.1016/j.fluid.2014.10.035.json,8,1,62,"InChI=1S/C5H10O2/c1-3-4-7-5(2)6/h3-4H2,1-2H3",YKYONYBAUNKHLG-UHFFFAOYSA-N,propyl ethanoate,C5H10O2,10.1016/j.fluid.2014.10.035,2015,"Boiling temperature at pressure P, K",Liquid,"[""Liquid"",""Gas""]",Ebulliometric method (Recirculating still),491.85,"{""nPropValue"":491.85,""CombinedUncertainty"":{""nCombExpandUncertValue"":0.14,""nCombUncertAssessNum"":1},""nPropDigits"":5,""nPropNumber"":1}",variable,"{""nVarNumber"":1,""nVarDigits"":4,""nVarValue"":1406}",491.85,True,,1406000,True,False,False
10.1016/j.fluid.2014.10.035#d8#p1#r63,10.1016/j.fluid.2014.10.035#d8#p1,10.1016/j.fluid.2014.10.035.json,8,1,63,"InChI=1S/C5H10O2/c1-3-4-7-5(2)6/h3-4H2,1-2H3",YKYONYBAUNKHLG-UHFFFAOYSA-N,propyl ethanoate,C5H10O2,10.1016/j.fluid.2014.10.035,2015,"Boiling temperature at pressure P, K",Liquid,"[""Liquid"",""Gas""]",Ebulliometric method (Recirculating still),493.9,"{""nPropNumber"":1,""nPropDigits"":5,""nPropValue"":493.9,""CombinedUncertainty"":{""nCombExpandUncertValue"":0.13,""nCombUncertAssessNum"":1}}",variable,"{""nVarValue"":1455,""nVarNumber"":1,""nVarDigits"":4}",493.9,True,,1455000,True,False,False
10.1016/j.fluid.2014.10.035#d8#p1#r64,10.1016/j.fluid.2014.10.035#d8#p1,10.1016/j.fluid.2014.10.035.json,8,1,64,"InChI=1S/C5H10O2/c1-3-4-7-5(2)6/h3-4H2,1-2H3",YKYONYBAUNKHLG-UHFFFAOYSA-N,propyl ethanoate,C5H10O2,10.1016/j.fluid.2014.10.035,2015,"Boiling temperature at pressure P, K",Liquid,"[""Liquid"",""Gas""]",Ebulliometric method (Recirculating still),495.15,"{""nPropDigits"":5,""nPropNumber"":1,""CombinedUncertainty"":{""nCombExpandUncertValue"":0.13,""nCombUncertAssessNum"":1},""nPropValue"":495.15}",variable,"{""nVarNumber"":1,""nVarDigits"":4,""nVarValue"":1487}",495.15,True,,1487000,True,False,False
10.1016/j.fluid.2014.10.035#d8#p1#r65,10.1016/j.fluid.2014.10.035#d8#p1,10.1016/j.fluid.2014.10.035.json,8,1,65,"InChI=1S/C5H10O2/c1-3-4-7-5(2)6/h3-4H2,1-2H3",YKYONYBAUNKHLG-UHFFFAOYSA-N,propyl ethanoate,C5H10O2,10.1016/j.fluid.2014.10.035,2015,"Boiling temperature at pressure P, K",Liquid,"[""Liquid"",""Gas""]",Ebulliometric method (Recirculating still),496.45,"{""nPropValue"":496.45,""CombinedUncertainty"":{""nCombUncertAssessNum"":1,""nCombExpandUncertValue"":0.14},""nPropDigits"":5,""nPropNumber"":1}",variable,"{""nVarValue"":1518,""nVarNumber"":1,""nVarDigits"":4}",496.45,True,,1518000,True,False,False
10.1016/j.fluid.2014.10.035#d8#p1#r66,10.1016/j.fluid.2014.10.035#d8#p1,10.1016/j.fluid.2014.10.035.json,8,1,66,"InChI=1S/C5H10O2/c1-3-4-7-5(2)6/h3-4H2,1-2H3",YKYONYBAUNKHLG-UHFFFAOYSA-N,propyl ethanoate,C5H10O2,10.1016/j.fluid.2014.10.035,2015,"Boiling temperature at pressure P, K",Liquid,"[""Liquid"",""Gas""]",Ebulliometric method (Recirculating still),498.05,"{""CombinedUncertainty"":{""nCombUncertAssessNum"":1,""nCombExpandUncertValue"":0.14},""nPropValue"":498.05,""nPropNumber"":1,""nPropDigits"":5}",variable,"{""nVarDigits"":4,""nVarNumber"":1,""nVarValue"":1554}",498.05,True,,1554000,True,False,False
10.1016/j.fluid.2014.10.035#d8#p1#r67,10.1016/j.fluid.2014.10.035#d8#p1,10.1016/j.fluid.2014.10.035.json,8,1,67,"InChI=1S/C5H10O2/c1-3-4-7-5(2)6/h3-4H2,1-2H3",YKYONYBAUNKHLG-UHFFFAOYSA-N,propyl ethanoate,C5H10O2,10.1016/j.fluid.2014.10.035,2015,"Boiling temperature at pressure P, K",Liquid,"[""Liquid"",""Gas""]",Ebulliometric method (Recirculating still),499.35,"{""nPropDigits"":5,""nPropNumber"":1,""CombinedUncertainty"":{""nCombUncertAssessNum"":1,""nCombExpandUncertValue"":0.13},""nPropValue"":499.35}",variable,"{""nVarValue"":1587,""nVarNumber"":1,""nVarDigits"":4}",499.35,True,,1587000,True,False,False
10.1016/j.fluid.2014.10.035#d8#p1#r68,10.1016/j.fluid.2014.10.035#d8#p1,10.1016/j.fluid.2014.10.035.json,8,1,68,"InChI=1S/C5H10O2/c1-3-4-7-5(2)6/h3-4H2,1-2H3",YKYONYBAUNKHLG-UHFFFAOYSA-N,propyl ethanoate,C5H10O2,10.1016/j.fluid.2014.10.035,2015,"Boiling temperature at pressure P, K",Liquid,"[""Liquid"",""Gas""]",Ebulliometric method (Recirculating still),500.4,"{""nPropValue"":500.4,""CombinedUncertainty"":{""nCombUncertAssessNum"":1,""nCombExpandUncertValue"":0.13},""nPropDigits"":5,""nPropNumber"":1}",variable,"{""nVarNumber"":1,""nVarDigits"":4,""nVarValue"":1615}",500.4,True,,1615000,True,False,False
10.1016/j.fluid.2014.10.035#d8#p1#r69,10.1016/j.fluid.2014.10.035#d8#p1,10.1016/j.fluid.2014.10.035.json,8,1,69,"InChI=1S/C5H10O2/c1-3-4-7-5(2)6/h3-4H2,1-2H3",YKYONYBAUNKHLG-UHFFFAOYSA-N,propyl ethanoate,C5H10O2,10.1016/j.fluid.2014.10.035,2015,"Boiling temperature at pressure P, K",Liquid,"[""Liquid"",""Gas""]",Ebulliometric method (Recirculating still),501.85,"{""nPropDigits"":5,""nPropNumber"":1,""CombinedUncertainty"":{""nCombExpandUncertValue"":0.13,""nCombUncertAssessNum"":1},""nPropValue"":501.85}",variable,"{""nVarValue"":1652,""nVarDigits"":4,""nVarNumber"":1}",501.85,True,,1652000,True,False,False
10.1016/j.fluid.2014.12.029#d7#p1#r1,10.1016/j.fluid.2014.12.029#d7#p1,10.1016/j.fluid.2014.12.029.json,7,1,1,"InChI=1S/C4H10O/c1-2-3-4-5/h5H,2-4H2,1H3",LRHPLDYGYMQRHN-UHFFFAOYSA-N,butan-1-ol,C4H10O,10.1016/j.fluid.2014.12.029,2015,"Boiling temperature at pressure P, K",Liquid,"[""Liquid"",""Gas""]",Ebulliometric method (Recirculating still),390.88,"{""nPropDigits"":5,""nPropNumber"":1,""CombinedUncertainty"":{""nCombExpandUncertValue"":0.2,""nCombUncertAssessNum"":1},""nPropValue"":390.88}",variable,"{""nVarValue"":101.33,""nVarNumber"":1,""nVarDigits"":5}",390.88,True,,101330.0,True,False,False
10.1016/j.fluid.2014.12.029#d7#p1#r2,10.1016/j.fluid.2014.12.029#d7#p1,10.1016/j.fluid.2014.12.029.json,7,1,2,"InChI=1S/C4H10O/c1-2-3-4-5/h5H,2-4H2,1H3",LRHPLDYGYMQRHN-UHFFFAOYSA-N,butan-1-ol,C4H10O,10.1016/j.fluid.2014.12.029,2015,"Boiling temperature at pressure P, K",Liquid,"[""Liquid"",""Gas""]",Ebulliometric method (Recirculating still),384.38,"{""nPropValue"":384.38,""CombinedUncertainty"":{""nCombUncertAssessNum"":1,""nCombExpandUncertValue"":0.2},""nPropNumber"":1,""nPropDigits"":5}",variable,"{""nVarValue"":80,""nVarNumber"":1,""nVarDigits"":4}",384.38,True,,80000,True,False,False
10.1016/j.fluid.2014.12.029#d7#p1#r3,10.1016/j.fluid.2014.12.029#d7#p1,10.1016/j.fluid.2014.12.029.json,7,1,3,"InChI=1S/C4H10O/c1-2-3-4-5/h5H,2-4H2,1H3",LRHPLDYGYMQRHN-UHFFFAOYSA-N,butan-1-ol,C4H10O,10.1016/j.fluid.2014.12.029,2015,"Boiling temperature at pressure P, K",Liquid,"[""Liquid"",""Gas""]",Ebulliometric method (Recirculating still),373.9,"{""nPropNumber"":1,""nPropDigits"":5,""CombinedUncertainty"":{""nCombExpandUncertValue"":0.2,""nCombUncertAssessNum"":1},""nPropValue"":373.9}",variable,"{""nVarValue"":53.33,""nVarDigits"":4,""nVarNumber"":1}",373.9,True,,53330.0,True,False,False
10.1016/j.fluid.2014.12.029#d7#p1#r4,10.1016/j.fluid.2014.12.029#d7#p1,10.1016/j.fluid.2014.12.029.json,7,1,4,"InChI=1S/C4H10O/c1-2-3-4-5/h5H,2-4H2,1H3",LRHPLDYGYMQRHN-UHFFFAOYSA-N,butan-1-ol,C4H10O,10.1016/j.fluid.2014.12.029,2015,"Boiling temperature at pressure P, K",Liquid,"[""Liquid"",""Gas""]",Ebulliometric method (Recirculating still),367.34,"{""CombinedUncertainty"":{""nCombUncertAssessNum"":1,""nCombExpandUncertValue"":0.2},""nPropValue"":367.34,""nPropDigits"":5,""nPropNumber"":1}",variable,"{""nVarValue"":40.47,""nVarNumber"":1,""nVarDigits"":4}",367.34,True,,40470.0,True,False,False
10.1016/j.fluid.2014.12.029#d7#p1#r5,10.1016/j.fluid.2014.12.029#d7#p1,10.1016/j.fluid.2014.12.029.json,7,1,5,"InChI=1S/C4H10O/c1-2-3-4-5/h5H,2-4H2,1H3",LRHPLDYGYMQRHN-UHFFFAOYSA-N,butan-1-ol,C4H10O,10.1016/j.fluid.2014.12.029,2015,"Boiling temperature at pressure P, K",Liquid,"[""Liquid"",""Gas""]",Ebulliometric method (Recirculating still),357.79,"{""nPropDigits"":5,""nPropNumber"":1,""nPropValue"":357.79,""CombinedUncertainty"":{""nCombUncertAssessNum"":1,""nCombExpandUncertValue"":0.2}}",variable,"{""nVarNumber"":1,""nVarDigits"":4,""nVarValue"":26.67}",357.79,True,,26670.0,True,False,False
10.1016/j.fluid.2014.12.029#d7#p1#r6,10.1016/j.fluid.2014.12.029#d7#p1,10.1016/j.fluid.2014.12.029.json,7,1,6,"InChI=1S/C4H10O/c1-2-3-4-5/h5H,2-4H2,1H3",LRHPLDYGYMQRHN-UHFFFAOYSA-N,butan-1-ol,C4H10O,10.1016/j.fluid.2014.12.029,2015,"Boiling temperature at pressure P, K",Liquid,"[""Liquid"",""Gas""]",Ebulliometric method (Recirculating still),351.41,"{""nPropValue"":351.41,""CombinedUncertainty"":{""nCombExpandUncertValue"":0.2,""nCombUncertAssessNum"":1},""nPropNumber"":1,""nPropDigits"":5}",variable,"{""nVarValue"":20,""nVarNumber"":1,""nVarDigits"":4}",351.41,True,,20000,True,True,False
10.1016/j.fluid.2014.12.029#d7#p1#r7,10.1016/j.fluid.2014.12.029#d7#p1,10.1016/j.fluid.2014.12.029.json,7,1,7,"InChI=1S/C4H10O/c1-2-3-4-5/h5H,2-4H2,1H3",LRHPLDYGYMQRHN-UHFFFAOYSA-N,butan-1-ol,C4H10O,10.1016/j.fluid.2014.12.029,2015,"Boiling temperature at pressure P, K",Liquid,"[""Liquid"",""Gas""]",Ebulliometric method (Recirculating still),343.02,"{""nPropDigits"":5,""nPropNumber"":1,""nPropValue"":343.02,""CombinedUncertainty"":{""nCombExpandUncertValue"":0.2,""nCombUncertAssessNum"":1}}",variable,"{""nVarValue"":13.33,""nVarDigits"":4,""nVarNumber"":1}",343.02,True,,13330.0,True,True,False
10.1016/j.fluid.2014.12.029#d7#p1#r8,10.1016/j.fluid.2014.12.029#d7#p1,10.1016/j.fluid.2014.12.029.json,7,1,8,"InChI=1S/C4H10O/c1-2-3-4-5/h5H,2-4H2,1H3",LRHPLDYGYMQRHN-UHFFFAOYSA-N,butan-1-ol,C4H10O,10.1016/j.fluid.2014.12.029,2015,"Boiling temperature at pressure P, K",Liquid,"[""Liquid"",""Gas""]",Ebulliometric method (Recirculating still),333.27,"{""nPropDigits"":5,""nPropNumber"":1,""nPropValue"":333.27,""CombinedUncertainty"":{""nCombUncertAssessNum"":1,""nCombExpandUncertValue"":0.21}}",variable,"{""nVarNumber"":1,""nVarDigits"":3,""nVarValue"":8}",333.27,True,,8000,True,True,False
10.1016/j.fluid.2014.12.029#d11#p1#r1,10.1016/j.fluid.2014.12.029#d11#p1,10.1016/j.fluid.2014.12.029.json,11,1,1,"InChI=1S/C6H14O2/c1-3-4-5-8-6-7-2/h3-6H2,1-2H3",INMMGKHASIHGGZ-UHFFFAOYSA-N,1-(methoxymethoxy)-butane,C6H14O2,10.1016/j.fluid.2014.12.029,2015,"Boiling temperature at pressure P, K",Liquid,"[""Liquid"",""Gas""]",Ebulliometric method (Recirculating still),322.39,"{""nPropDigits"":5,""nPropNumber"":1,""CombinedUncertainty"":{""nCombExpandUncertValue"":0.21,""nCombUncertAssessNum"":1},""nPropValue"":322.39}",variable,"{""nVarValue"":8.01,""nVarDigits"":3,""nVarNumber"":1}",322.39,True,,8010.0,True,True,False
10.1016/j.fluid.2014.12.029#d11#p1#r2,10.1016/j.fluid.2014.12.029#d11#p1,10.1016/j.fluid.2014.12.029.json,11,1,2,"InChI=1S/C6H14O2/c1-3-4-5-8-6-7-2/h3-6H2,1-2H3",INMMGKHASIHGGZ-UHFFFAOYSA-N,1-(methoxymethoxy)-butane,C6H14O2,10.1016/j.fluid.2014.12.029,2015,"Boiling temperature at pressure P, K",Liquid,"[""Liquid"",""Gas""]",Ebulliometric method (Recirculating still),344.03,"{""nPropValue"":344.03,""CombinedUncertainty"":{""nCombUncertAssessNum"":1,""nCombExpandUncertValue"":0.2},""nPropDigits"":5,""nPropNumber"":1}",variable,"{""nVarDigits"":4,""nVarNumber"":1,""nVarValue"":20}",344.03,True,,20000,True,True,False
10.1016/j.fluid.2014.12.029#d11#p1#r3,10.1016/j.fluid.2014.12.029#d11#p1,10.1016/j.fluid.2014.12.029.json,11,1,3,"InChI=1S/C6H14O2/c1-3-4-5-8-6-7-2/h3-6H2,1-2H3",INMMGKHASIHGGZ-UHFFFAOYSA-N,1-(methoxymethoxy)-butane,C6H14O2,10.1016/j.fluid.2014.12.029,2015,"Boiling temperature at pressure P, K",Liquid,"[""Liquid"",""Gas""]",Ebulliometric method (Recirculating still),354.88,"{""nPropDigits"":5,""nPropNumber"":1,""nPropValue"":354.88,""CombinedUncertainty"":{""nCombUncertAssessNum"":1,""nCombExpandUncertValue"":0.2}}",variable,"{""nVarDigits"":4,""nVarNumber"":1,""nVarValue"":30}",354.88,True,,30000,True,False,False
10.1016/j.fluid.2014.12.029#d11#p1#r4,10.1016/j.fluid.2014.12.029#d11#p1,10.1016/j.fluid.2014.12.029.json,11,1,4,"InChI=1S/C6H14O2/c1-3-4-5-8-6-7-2/h3-6H2,1-2H3",INMMGKHASIHGGZ-UHFFFAOYSA-N,1-(methoxymethoxy)-butane,C6H14O2,10.1016/j.fluid.2014.12.029,2015,"Boiling temperature at pressure P, K",Liquid,"[""Liquid"",""Gas""]",Ebulliometric method (Recirculating still),358.96,"{""nPropNumber"":1,""nPropDigits"":5,""nPropValue"":358.96,""CombinedUncertainty"":{""nCombUncertAssessNum"":1,""nCombExpandUncertValue"":0.2}}",variable,"{""nVarValue"":34.84,""nVarNumber"":1,""nVarDigits"":4}",358.96,True,,34840.0,True,False,False
10.1016/j.fluid.2014.12.029#d11#p1#r5,10.1016/j.fluid.2014.12.029#d11#p1,10.1016/j.fluid.2014.12.029.json,11,1,5,"InChI=1S/C6H14O2/c1-3-4-5-8-6-7-2/h3-6H2,1-2H3",INMMGKHASIHGGZ-UHFFFAOYSA-N,1-(methoxymethoxy)-butane,C6H14O2,10.1016/j.fluid.2014.12.029,2015,"Boiling temperature at pressure P, K",Liquid,"[""Liquid"",""Gas""]",Ebulliometric method (Recirculating still),362.81,"{""nPropNumber"":1,""nPropDigits"":5,""CombinedUncertainty"":{""nCombUncertAssessNum"":1,""nCombExpandUncertValue"":0.2},""nPropValue"":362.81}",variable,"{""nVarValue"":39.85,""nVarDigits"":4,""nVarNumber"":1}",362.81,True,,39850.0,True,False,False
10.1016/j.fluid.2014.12.029#d11#p1#r6,10.1016/j.fluid.2014.12.029#d11#p1,10.1016/j.fluid.2014.12.029.json,11,1,6,"InChI=1S/C6H14O2/c1-3-4-5-8-6-7-2/h3-6H2,1-2H3",INMMGKHASIHGGZ-UHFFFAOYSA-N,1-(methoxymethoxy)-butane,C6H14O2,10.1016/j.fluid.2014.12.029,2015,"Boiling temperature at pressure P, K",Liquid,"[""Liquid"",""Gas""]",Ebulliometric method (Recirculating still),369.65,"{""nPropValue"":369.65,""CombinedUncertainty"":{""nCombExpandUncertValue"":0.2,""nCombUncertAssessNum"":1},""nPropNumber"":1,""nPropDigits"":5}",variable,"{""nVarNumber"":1,""nVarDigits"":4,""nVarValue"":50}",369.65,True,,50000,True,False,False
10.1016/j.fluid.2014.12.029#d11#p1#r7,10.1016/j.fluid.2014.12.029#d11#p1,10.1016/j.fluid.2014.12.029.json,11,1,7,"InChI=1S/C6H14O2/c1-3-4-5-8-6-7-2/h3-6H2,1-2H3",INMMGKHASIHGGZ-UHFFFAOYSA-N,1-(methoxymethoxy)-butane,C6H14O2,10.1016/j.fluid.2014.12.029,2015,"Boiling temperature at pressure P, K",Liquid,"[""Liquid"",""Gas""]",Ebulliometric method (Recirculating still),372.54,"{""CombinedUncertainty"":{""nCombUncertAssessNum"":1,""nCombExpandUncertValue"":0.2},""nPropValue"":372.54,""nPropNumber"":1,""nPropDigits"":5}",variable,"{""nVarDigits"":4,""nVarNumber"":1,""nVarValue"":55.02}",372.54,True,,55020.0,True,False,False
10.1016/j.fluid.2015.03.030#d1#p1#r1,10.1016/j.fluid.2015.03.030#d1#p1,10.1016/j.fluid.2015.03.030.json,1,1,1,InChI=1S/C8H3FO3/c9-4-1-2-5-6(3-4)8(11)12-7(5)10/h1-3H,XVMKZAAFVWXIII-UHFFFAOYSA-N,"5-fluoro-1,3-isobenzofurandione",C8H3FO3,10.1016/j.fluid.2015.03.030,2015,"Boiling temperature at pressure P, K",Liquid,"[""Liquid"",""Gas""]",Ebulliometric method (Recirculating still),426.83,"{""CombinedUncertainty"":{""nCombExpandUncertValue"":0.36,""nCombUncertAssessNum"":1},""nPropValue"":426.83,""nPropDigits"":5,""nPropNumber"":1}",variable,"{""nVarNumber"":1,""nVarDigits"":4,""nVarValue"":3.549}",426.83,True,,3549.0,True,True,False
10.1016/j.fluid.2015.03.030#d1#p1#r2,10.1016/j.fluid.2015.03.030#d1#p1,10.1016/j.fluid.2015.03.030.json,1,1,2,InChI=1S/C8H3FO3/c9-4-1-2-5-6(3-4)8(11)12-7(5)10/h1-3H,XVMKZAAFVWXIII-UHFFFAOYSA-N,"5-fluoro-1,3-isobenzofurandione",C8H3FO3,10.1016/j.fluid.2015.03.030,2015,"Boiling temperature at pressure P, K",Liquid,"[""Liquid"",""Gas""]",Ebulliometric method (Recirculating still),431.54,"{""nPropDigits"":5,""nPropNumber"":1,""CombinedUncertainty"":{""nCombExpandUncertValue"":0.32,""nCombUncertAssessNum"":1},""nPropValue"":431.54}",variable,"{""nVarValue"":4.301,""nVarDigits"":4,""nVarNumber"":1}",431.54,True,,4301.0,True,True,False
10.1016/j.fluid.2015.03.030#d1#p1#r3,10.1016/j.fluid.2015.03.030#d1#p1,10.1016/j.fluid.2015.03.030.json,1,1,3,InChI=1S/C8H3FO3/c9-4-1-2-5-6(3-4)8(11)12-7(5)10/h1-3H,XVMKZAAFVWXIII-UHFFFAOYSA-N,"5-fluoro-1,3-isobenzofurandione",C8H3FO3,10.1016/j.fluid.2015.03.030,2015,"Boiling temperature at pressure P, K",Liquid,"[""Liquid"",""Gas""]",Ebulliometric method (Recirculating still),438.01,"{""CombinedUncertainty"":{""nCombExpandUncertValue"":0.28,""nCombUncertAssessNum"":1},""nPropValue"":438.01,""nPropNumber"":1,""nPropDigits"":5}",variable,"{""nVarValue"":5.517,""nVarNumber"":1,""nVarDigits"":4}",438.01,True,,5517.0,True,True,False
10.1016/j.fluid.2015.03.030#d1#p1#r4,10.1016/j.fluid.2015.03.030#d1#p1,10.1016/j.fluid.2015.03.030.json,1,1,4,InChI=1S/C8H3FO3/c9-4-1-2-5-6(3-4)8(11)12-7(5)10/h1-3H,XVMKZAAFVWXIII-UHFFFAOYSA-N,"5-fluoro-1,3-isobenzofurandione",C8H3FO3,10.1016/j.fluid.2015.03.030,2015,"Boiling temperature at pressure P, K",Liquid,"[""Liquid"",""Gas""]",Ebulliometric method (Recirculating still),442.75,"{""nPropValue"":442.75,""CombinedUncertainty"":{""nCombUncertAssessNum"":1,""nCombExpandUncertValue"":0.23},""nPropNumber"":1,""nPropDigits"":5}",variable,"{""nVarDigits"":4,""nVarNumber"":1,""nVarValue"":6.582}",442.75,True,,6582.0,True,True,False
10.1016/j.fluid.2015.03.030#d1#p1#r5,10.1016/j.fluid.2015.03.030#d1#p1,10.1016/j.fluid.2015.03.030.json,1,1,5,InChI=1S/C8H3FO3/c9-4-1-2-5-6(3-4)8(11)12-7(5)10/h1-3H,XVMKZAAFVWXIII-UHFFFAOYSA-N,"5-fluoro-1,3-isobenzofurandione",C8H3FO3,10.1016/j.fluid.2015.03.030,2015,"Boiling temperature at pressure P, K",Liquid,"[""Liquid"",""Gas""]",Ebulliometric method (Recirculating still),447.48,"{""nPropDigits"":5,""nPropNumber"":1,""nPropValue"":447.48,""CombinedUncertainty"":{""nCombUncertAssessNum"":1,""nCombExpandUncertValue"":0.21}}",variable,"{""nVarDigits"":4,""nVarNumber"":1,""nVarValue"":7.86}",447.48,True,,7860.0,True,True,False
10.1016/j.fluid.2015.03.030#d1#p1#r6,10.1016/j.fluid.2015.03.030#d1#p1,10.1016/j.fluid.2015.03.030.json,1,1,6,InChI=1S/C8H3FO3/c9-4-1-2-5-6(3-4)8(11)12-7(5)10/h1-3H,XVMKZAAFVWXIII-UHFFFAOYSA-N,"5-fluoro-1,3-isobenzofurandione",C8H3FO3,10.1016/j.fluid.2015.03.030,2015,"Boiling temperature at pressure P, K",Liquid,"[""Liquid"",""Gas""]",Ebulliometric method (Recirculating still),451.19,"{""nPropDigits"":5,""nPropNumber"":1,""nPropValue"":451.19,""CombinedUncertainty"":{""nCombUncertAssessNum"":1,""nCombExpandUncertValue"":0.18}}",variable,"{""nVarValue"":8.973,""nVarNumber"":1,""nVarDigits"":4}",451.19,True,,8973.0,True,True,False
10.1016/j.fluid.2015.03.030#d1#p1#r7,10.1016/j.fluid.2015.03.030#d1#p1,10.1016/j.fluid.2015.03.030.json,1,1,7,InChI=1S/C8H3FO3/c9-4-1-2-5-6(3-4)8(11)12-7(5)10/h1-3H,XVMKZAAFVWXIII-UHFFFAOYSA-N,"5-fluoro-1,3-isobenzofurandione",C8H3FO3,10.1016/j.fluid.2015.03.030,2015,"Boiling temperature at pressure P, K",Liquid,"[""Liquid"",""Gas""]",Ebulliometric method (Recirculating still),455.69,"{""nPropValue"":455.69,""CombinedUncertainty"":{""nCombUncertAssessNum"":1,""nCombExpandUncertValue"":0.16},""nPropNumber"":1,""nPropDigits"":5}",variable,"{""nVarValue"":10.503,""nVarNumber"":1,""nVarDigits"":5}",455.69,True,,10503.0,True,True,False
10.1016/j.fluid.2015.03.030#d1#p1#r8,10.1016/j.fluid.2015.03.030#d1#p1,10.1016/j.fluid.2015.03.030.json,1,1,8,InChI=1S/C8H3FO3/c9-4-1-2-5-6(3-4)8(11)12-7(5)10/h1-3H,XVMKZAAFVWXIII-UHFFFAOYSA-N,"5-fluoro-1,3-isobenzofurandione",C8H3FO3,10.1016/j.fluid.2015.03.030,2015,"Boiling temperature at pressure P, K",Liquid,"[""Liquid"",""Gas""]",Ebulliometric method (Recirculating still),460.22,"{""nPropDigits"":5,""nPropNumber"":1,""CombinedUncertainty"":{""nCombUncertAssessNum"":1,""nCombExpandUncertValue"":0.15},""nPropValue"":460.22}",variable,"{""nVarNumber"":1,""nVarDigits"":5,""nVarValue"":12.25}",460.22,True,,12250.0,True,True,False
10.1016/j.fluid.2015.03.030#d1#p1#r9,10.1016/j.fluid.2015.03.030#d1#p1,10.1016/j.fluid.2015.03.030.json,1,1,9,InChI=1S/C8H3FO3/c9-4-1-2-5-6(3-4)8(11)12-7(5)10/h1-3H,XVMKZAAFVWXIII-UHFFFAOYSA-N,"5-fluoro-1,3-isobenzofurandione",C8H3FO3,10.1016/j.fluid.2015.03.030,2015,"Boiling temperature at pressure P, K",Liquid,"[""Liquid"",""Gas""]",Ebulliometric method (Recirculating still),462.46,"{""nPropDigits"":5,""nPropNumber"":1,""CombinedUncertainty"":{""nCombExpandUncertValue"":0.13,""nCombUncertAssessNum"":1},""nPropValue"":462.46}",variable,"{""nVarNumber"":1,""nVarDigits"":5,""nVarValue"":13.204}",462.46,True,,13204.0,True,True,False
10.1016/j.fluid.2015.03.030#d1#p1#r10,10.1016/j.fluid.2015.03.030#d1#p1,10.1016/j.fluid.2015.03.030.json,1,1,10,InChI=1S/C8H3FO3/c9-4-1-2-5-6(3-4)8(11)12-7(5)10/h1-3H,XVMKZAAFVWXIII-UHFFFAOYSA-N,"5-fluoro-1,3-isobenzofurandione",C8H3FO3,10.1016/j.fluid.2015.03.030,2015,"Boiling temperature at pressure P, K",Liquid,"[""Liquid"",""Gas""]",Ebulliometric method (Recirculating still),466.67,"{""nPropValue"":466.67,""CombinedUncertainty"":{""nCombExpandUncertValue"":0.12,""nCombUncertAssessNum"":1},""nPropDigits"":5,""nPropNumber"":1}",variable,"{""nVarValue"":15.163,""nVarDigits"":5,""nVarNumber"":1}",466.67,True,,15163.0,True,True,False
10.1016/j.fluid.2015.03.030#d1#p1#r11,10.1016/j.fluid.2015.03.030#d1#p1,10.1016/j.fluid.2015.03.030.json,1,1,11,InChI=1S/C8H3FO3/c9-4-1-2-5-6(3-4)8(11)12-7(5)10/h1-3H,XVMKZAAFVWXIII-UHFFFAOYSA-N,"5-fluoro-1,3-isobenzofurandione",C8H3FO3,10.1016/j.fluid.2015.03.030,2015,"Boiling temperature at pressure P, K",Liquid,"[""Liquid"",""Gas""]",Ebulliometric method (Recirculating still),471.35,"{""nPropValue"":471.35,""CombinedUncertainty"":{""nCombExpandUncertValue"":0.11,""nCombUncertAssessNum"":1},""nPropDigits"":5,""nPropNumber"":1}",variable,"{""nVarNumber"":1,""nVarDigits"":5,""nVarValue"":17.627}",471.35,True,,17627.0,True,True,False
10.1016/j.fluid.2015.03.030#d1#p1#r12,10.1016/j.fluid.2015.03.030#d1#p1,10.1016/j.fluid.2015.03.030.json,1,1,12,InChI=1S/C8H3FO3/c9-4-1-2-5-6(3-4)8(11)12-7(5)10/h1-3H,XVMKZAAFVWXIII-UHFFFAOYSA-N,"5-fluoro-1,3-isobenzofurandione",C8H3FO3,10.1016/j.fluid.2015.03.030,2015,"Boiling temperature at pressure P, K",Liquid,"[""Liquid"",""Gas""]",Ebulliometric method (Recirculating still),473.38,"{""nPropDigits"":5,""nPropNumber"":1,""nPropValue"":473.38,""CombinedUncertainty"":{""nCombExpandUncertValue"":0.1,""nCombUncertAssessNum"":1}}",variable,"{""nVarDigits"":5,""nVarNumber"":1,""nVarValue"":18.808}",473.38,True,,18808.0,True,True,False
10.1016/j.fluid.2015.03.030#d1#p1#r13,10.1016/j.fluid.2015.03.030#d1#p1,10.1016/j.fluid.2015.03.030.json,1,1,13,InChI=1S/C8H3FO3/c9-4-1-2-5-6(3-4)8(11)12-7(5)10/h1-3H,XVMKZAAFVWXIII-UHFFFAOYSA-N,"5-fluoro-1,3-isobenzofurandione",C8H3FO3,10.1016/j.fluid.2015.03.030,2015,"Boiling temperature at pressure P, K",Liquid,"[""Liquid"",""Gas""]",Ebulliometric method (Recirculating still),477.17,"{""nPropNumber"":1,""nPropDigits"":5,""CombinedUncertainty"":{""nCombExpandUncertValue"":0.1,""nCombUncertAssessNum"":1},""nPropValue"":477.17}",variable,"{""nVarNumber"":1,""nVarDigits"":5,""nVarValue"":21.165}",477.17,True,,21165.0,True,False,False
10.1016/j.fluid.2015.03.030#d1#p1#r14,10.1016/j.fluid.2015.03.030#d1#p1,10.1016/j.fluid.2015.03.030.json,1,1,14,InChI=1S/C8H3FO3/c9-4-1-2-5-6(3-4)8(11)12-7(5)10/h1-3H,XVMKZAAFVWXIII-UHFFFAOYSA-N,"5-fluoro-1,3-isobenzofurandione",C8H3FO3,10.1016/j.fluid.2015.03.030,2015,"Boiling temperature at pressure P, K",Liquid,"[""Liquid"",""Gas""]",Ebulliometric method (Recirculating still),479.94,"{""nPropValue"":479.94,""CombinedUncertainty"":{""nCombExpandUncertValue"":0.09,""nCombUncertAssessNum"":1},""nPropDigits"":5,""nPropNumber"":1}",variable,"{""nVarValue"":23.055,""nVarNumber"":1,""nVarDigits"":5}",479.94,True,,23055.0,True,False,False
10.1016/j.fluid.2015.03.030#d1#p1#r15,10.1016/j.fluid.2015.03.030#d1#p1,10.1016/j.fluid.2015.03.030.json,1,1,15,InChI=1S/C8H3FO3/c9-4-1-2-5-6(3-4)8(11)12-7(5)10/h1-3H,XVMKZAAFVWXIII-UHFFFAOYSA-N,"5-fluoro-1,3-isobenzofurandione",C8H3FO3,10.1016/j.fluid.2015.03.030,2015,"Boiling temperature at pressure P, K",Liquid,"[""Liquid"",""Gas""]",Ebulliometric method (Recirculating still),483.93,"{""nPropDigits"":5,""nPropNumber"":1,""CombinedUncertainty"":{""nCombUncertAssessNum"":1,""nCombExpandUncertValue"":0.08},""nPropValue"":483.93}",variable,"{""nVarDigits"":5,""nVarNumber"":1,""nVarValue"":26.002}",483.93,True,,26002.0,True,False,False
10.1016/j.fluid.2015.03.030#d1#p1#r16,10.1016/j.fluid.2015.03.030#d1#p1,10.1016/j.fluid.2015.03.030.json,1,1,16,InChI=1S/C8H3FO3/c9-4-1-2-5-6(3-4)8(11)12-7(5)10/h1-3H,XVMKZAAFVWXIII-UHFFFAOYSA-N,"5-fluoro-1,3-isobenzofurandione",C8H3FO3,10.1016/j.fluid.2015.03.030,2015,"Boiling temperature at pressure P, K",Liquid,"[""Liquid"",""Gas""]",Ebulliometric method (Recirculating still),490.06,"{""CombinedUncertainty"":{""nCombExpandUncertValue"":0.08,""nCombUncertAssessNum"":1},""nPropValue"":490.06,""nPropDigits"":5,""nPropNumber"":1}",variable,"{""nVarDigits"":5,""nVarNumber"":1,""nVarValue"":31.212}",490.06,True,,31212.0,True,False,False
10.1016/j.fluid.2015.03.030#d1#p1#r17,10.1016/j.fluid.2015.03.030#d1#p1,10.1016/j.fluid.2015.03.030.json,1,1,17,InChI=1S/C8H3FO3/c9-4-1-2-5-6(3-4)8(11)12-7(5)10/h1-3H,XVMKZAAFVWXIII-UHFFFAOYSA-N,"5-fluoro-1,3-isobenzofurandione",C8H3FO3,10.1016/j.fluid.2015.03.030,2015,"Boiling temperature at pressure P, K",Liquid,"[""Liquid"",""Gas""]",Ebulliometric method (Recirculating still),495.41,"{""nPropValue"":495.41,""CombinedUncertainty"":{""nCombUncertAssessNum"":1,""nCombExpandUncertValue"":0.07},""nPropDigits"":5,""nPropNumber"":1}",variable,"{""nVarNumber"":1,""nVarDigits"":5,""nVarValue"":36.412}",495.41,True,,36412.0,True,False,False
10.1016/j.fluid.2015.03.030#d1#p1#r18,10.1016/j.fluid.2015.03.030#d1#p1,10.1016/j.fluid.2015.03.030.json,1,1,18,InChI=1S/C8H3FO3/c9-4-1-2-5-6(3-4)8(11)12-7(5)10/h1-3H,XVMKZAAFVWXIII-UHFFFAOYSA-N,"5-fluoro-1,3-isobenzofurandione",C8H3FO3,10.1016/j.fluid.2015.03.030,2015,"Boiling temperature at pressure P, K",Liquid,"[""Liquid"",""Gas""]",Ebulliometric method (Recirculating still),499.63,"{""CombinedUncertainty"":{""nCombExpandUncertValue"":0.07,""nCombUncertAssessNum"":1},""nPropValue"":499.63,""nPropDigits"":5,""nPropNumber"":1}",variable,"{""nVarValue"":40.948,""nVarDigits"":5,""nVarNumber"":1}",499.63,True,,40948.0,True,False,False
10.1016/j.fluid.2015.03.030#d1#p1#r19,10.1016/j.fluid.2015.03.030#d1#p1,10.1016/j.fluid.2015.03.030.json,1,1,19,InChI=1S/C8H3FO3/c9-4-1-2-5-6(3-4)8(11)12-7(5)10/h1-3H,XVMKZAAFVWXIII-UHFFFAOYSA-N,"5-fluoro-1,3-isobenzofurandione",C8H3FO3,10.1016/j.fluid.2015.03.030,2015,"Boiling temperature at pressure P, K",Liquid,"[""Liquid"",""Gas""]",Ebulliometric method (Recirculating still),503.05,"{""nPropDigits"":5,""nPropNumber"":1,""nPropValue"":503.05,""CombinedUncertainty"":{""nCombExpandUncertValue"":0.06,""nCombUncertAssessNum"":1}}",variable,"{""nVarNumber"":1,""nVarDigits"":5,""nVarValue"":45.018}",503.05,True,,45018.0,True,False,False
10.1016/j.fluid.2015.03.030#d1#p1#r20,10.1016/j.fluid.2015.03.030#d1#p1,10.1016/j.fluid.2015.03.030.json,1,1,20,InChI=1S/C8H3FO3/c9-4-1-2-5-6(3-4)8(11)12-7(5)10/h1-3H,XVMKZAAFVWXIII-UHFFFAOYSA-N,"5-fluoro-1,3-isobenzofurandione",C8H3FO3,10.1016/j.fluid.2015.03.030,2015,"Boiling temperature at pressure P, K",Liquid,"[""Liquid"",""Gas""]",Ebulliometric method (Recirculating still),504.84,"{""nPropNumber"":1,""nPropDigits"":5,""nPropValue"":504.84,""CombinedUncertainty"":{""nCombUncertAssessNum"":1,""nCombExpandUncertValue"":0.06}}",variable,"{""nVarDigits"":5,""nVarNumber"":1,""nVarValue"":47.299}",504.84,True,,47299.0,True,False,False
10.1016/j.fluid.2015.03.030#d1#p1#r21,10.1016/j.fluid.2015.03.030#d1#p1,10.1016/j.fluid.2015.03.030.json,1,1,21,InChI=1S/C8H3FO3/c9-4-1-2-5-6(3-4)8(11)12-7(5)10/h1-3H,XVMKZAAFVWXIII-UHFFFAOYSA-N,"5-fluoro-1,3-isobenzofurandione",C8H3FO3,10.1016/j.fluid.2015.03.030,2015,"Boiling temperature at pressure P, K",Liquid,"[""Liquid"",""Gas""]",Ebulliometric method (Recirculating still),505.58,"{""nPropNumber"":1,""nPropDigits"":5,""CombinedUncertainty"":{""nCombUncertAssessNum"":1,""nCombExpandUncertValue"":0.06},""nPropValue"":505.58}",variable,"{""nVarDigits"":5,""nVarNumber"":1,""nVarValue"":48.214}",505.58,True,,48214.0,True,False,False
10.1016/j.fluid.2015.03.030#d1#p1#r22,10.1016/j.fluid.2015.03.030#d1#p1,10.1016/j.fluid.2015.03.030.json,1,1,22,InChI=1S/C8H3FO3/c9-4-1-2-5-6(3-4)8(11)12-7(5)10/h1-3H,XVMKZAAFVWXIII-UHFFFAOYSA-N,"5-fluoro-1,3-isobenzofurandione",C8H3FO3,10.1016/j.fluid.2015.03.030,2015,"Boiling temperature at pressure P, K",Liquid,"[""Liquid"",""Gas""]",Ebulliometric method (Recirculating still),507.86,"{""nPropDigits"":5,""nPropNumber"":1,""CombinedUncertainty"":{""nCombExpandUncertValue"":0.06,""nCombUncertAssessNum"":1},""nPropValue"":507.86}",variable,"{""nVarNumber"":1,""nVarDigits"":5,""nVarValue"":51.296}",507.86,True,,51296.0,True,False,False
10.1016/j.fluid.2015.03.030#d1#p1#r23,10.1016/j.fluid.2015.03.030#d1#p1,10.1016/j.fluid.2015.03.030.json,1,1,23,InChI=1S/C8H3FO3/c9-4-1-2-5-6(3-4)8(11)12-7(5)10/h1-3H,XVMKZAAFVWXIII-UHFFFAOYSA-N,"5-fluoro-1,3-isobenzofurandione",C8H3FO3,10.1016/j.fluid.2015.03.030,2015,"Boiling temperature at pressure P, K",Liquid,"[""Liquid"",""Gas""]",Ebulliometric method (Recirculating still),509.27,"{""nPropDigits"":5,""nPropNumber"":1,""nPropValue"":509.27,""CombinedUncertainty"":{""nCombUncertAssessNum"":1,""nCombExpandUncertValue"":0.06}}",variable,"{""nVarValue"":53.291,""nVarDigits"":5,""nVarNumber"":1}",509.27,True,,53291.0,True,False,False
10.1016/j.fluid.2015.03.030#d1#p1#r24,10.1016/j.fluid.2015.03.030#d1#p1,10.1016/j.fluid.2015.03.030.json,1,1,24,InChI=1S/C8H3FO3/c9-4-1-2-5-6(3-4)8(11)12-7(5)10/h1-3H,XVMKZAAFVWXIII-UHFFFAOYSA-N,"5-fluoro-1,3-isobenzofurandione",C8H3FO3,10.1016/j.fluid.2015.03.030,2015,"Boiling temperature at pressure P, K",Liquid,"[""Liquid"",""Gas""]",Ebulliometric method (Recirculating still),511.08,"{""CombinedUncertainty"":{""nCombExpandUncertValue"":0.06,""nCombUncertAssessNum"":1},""nPropValue"":511.08,""nPropNumber"":1,""nPropDigits"":5}",variable,"{""nVarValue"":55.871,""nVarNumber"":1,""nVarDigits"":5}",511.08,True,,55871.0,True,False,False
10.1016/j.fluid.2015.03.030#d1#p1#r25,10.1016/j.fluid.2015.03.030#d1#p1,10.1016/j.fluid.2015.03.030.json,1,1,25,InChI=1S/C8H3FO3/c9-4-1-2-5-6(3-4)8(11)12-7(5)10/h1-3H,XVMKZAAFVWXIII-UHFFFAOYSA-N,"5-fluoro-1,3-isobenzofurandione",C8H3FO3,10.1016/j.fluid.2015.03.030,2015,"Boiling temperature at pressure P, K",Liquid,"[""Liquid"",""Gas""]",Ebulliometric method (Recirculating still),512.02,"{""nPropValue"":512.02,""CombinedUncertainty"":{""nCombExpandUncertValue"":0.06,""nCombUncertAssessNum"":1},""nPropDigits"":5,""nPropNumber"":1}",variable,"{""nVarDigits"":5,""nVarNumber"":1,""nVarValue"":57.296}",512.02,True,,57296.0,True,False,False
10.1016/j.fluid.2015.03.030#d1#p1#r26,10.1016/j.fluid.2015.03.030#d1#p1,10.1016/j.fluid.2015.03.030.json,1,1,26,InChI=1S/C8H3FO3/c9-4-1-2-5-6(3-4)8(11)12-7(5)10/h1-3H,XVMKZAAFVWXIII-UHFFFAOYSA-N,"5-fluoro-1,3-isobenzofurandione",C8H3FO3,10.1016/j.fluid.2015.03.030,2015,"Boiling temperature at pressure P, K",Liquid,"[""Liquid"",""Gas""]",Ebulliometric method (Recirculating still),513.54,"{""nPropValue"":513.54,""CombinedUncertainty"":{""nCombUncertAssessNum"":1,""nCombExpandUncertValue"":0.06},""nPropNumber"":1,""nPropDigits"":5}",variable,"{""nVarNumber"":1,""nVarDigits"":5,""nVarValue"":59.618}",513.54,True,,59618.0,True,False,False
10.1016/j.fluid.2015.03.030#d1#p1#r27,10.1016/j.fluid.2015.03.030#d1#p1,10.1016/j.fluid.2015.03.030.json,1,1,27,InChI=1S/C8H3FO3/c9-4-1-2-5-6(3-4)8(11)12-7(5)10/h1-3H,XVMKZAAFVWXIII-UHFFFAOYSA-N,"5-fluoro-1,3-isobenzofurandione",C8H3FO3,10.1016/j.fluid.2015.03.030,2015,"Boiling temperature at pressure P, K",Liquid,"[""Liquid"",""Gas""]",Ebulliometric method (Recirculating still),517.17,"{""nPropValue"":517.17,""CombinedUncertainty"":{""nCombExpandUncertValue"":0.06,""nCombUncertAssessNum"":1},""nPropNumber"":1,""nPropDigits"":5}",variable,"{""nVarValue"":65.489,""nVarNumber"":1,""nVarDigits"":5}",517.17,True,,65489.00000000001,True,False,False
10.1016/j.fluid.2015.03.030#d1#p1#r28,10.1016/j.fluid.2015.03.030#d1#p1,10.1016/j.fluid.2015.03.030.json,1,1,28,InChI=1S/C8H3FO3/c9-4-1-2-5-6(3-4)8(11)12-7(5)10/h1-3H,XVMKZAAFVWXIII-UHFFFAOYSA-N,"5-fluoro-1,3-isobenzofurandione",C8H3FO3,10.1016/j.fluid.2015.03.030,2015,"Boiling temperature at pressure P, K",Liquid,"[""Liquid"",""Gas""]",Ebulliometric method (Recirculating still),519.29,"{""nPropNumber"":1,""nPropDigits"":5,""nPropValue"":519.29,""CombinedUncertainty"":{""nCombExpandUncertValue"":0.05,""nCombUncertAssessNum"":1}}",variable,"{""nVarDigits"":5,""nVarNumber"":1,""nVarValue"":69.156}",519.29,True,,69156.0,True,False,False
10.1016/j.fluid.2015.03.030#d1#p1#r29,10.1016/j.fluid.2015.03.030#d1#p1,10.1016/j.fluid.2015.03.030.json,1,1,29,InChI=1S/C8H3FO3/c9-4-1-2-5-6(3-4)8(11)12-7(5)10/h1-3H,XVMKZAAFVWXIII-UHFFFAOYSA-N,"5-fluoro-1,3-isobenzofurandione",C8H3FO3,10.1016/j.fluid.2015.03.030,2015,"Boiling temperature at pressure P, K",Liquid,"[""Liquid"",""Gas""]",Ebulliometric method (Recirculating still),521.78,"{""nPropDigits"":5,""nPropNumber"":1,""CombinedUncertainty"":{""nCombExpandUncertValue"":0.05,""nCombUncertAssessNum"":1},""nPropValue"":521.78}",variable,"{""nVarValue"":73.584,""nVarDigits"":5,""nVarNumber"":1}",521.78,True,,73584.0,True,False,False
10.1016/j.fluid.2015.03.030#d1#p1#r30,10.1016/j.fluid.2015.03.030#d1#p1,10.1016/j.fluid.2015.03.030.json,1,1,30,InChI=1S/C8H3FO3/c9-4-1-2-5-6(3-4)8(11)12-7(5)10/h1-3H,XVMKZAAFVWXIII-UHFFFAOYSA-N,"5-fluoro-1,3-isobenzofurandione",C8H3FO3,10.1016/j.fluid.2015.03.030,2015,"Boiling temperature at pressure P, K",Liquid,"[""Liquid"",""Gas""]",Ebulliometric method (Recirculating still),524.33,"{""nPropDigits"":5,""nPropNumber"":1,""nPropValue"":524.33,""CombinedUncertainty"":{""nCombExpandUncertValue"":0.05,""nCombUncertAssessNum"":1}}",variable,"{""nVarValue"":78.488,""nVarDigits"":5,""nVarNumber"":1}",524.33,True,,78488.0,True,False,False
10.1016/j.fluid.2015.03.030#d1#p1#r31,10.1016/j.fluid.2015.03.030#d1#p1,10.1016/j.fluid.2015.03.030.json,1,1,31,InChI=1S/C8H3FO3/c9-4-1-2-5-6(3-4)8(11)12-7(5)10/h1-3H,XVMKZAAFVWXIII-UHFFFAOYSA-N,"5-fluoro-1,3-isobenzofurandione",C8H3FO3,10.1016/j.fluid.2015.03.030,2015,"Boiling temperature at pressure P, K",Liquid,"[""Liquid"",""Gas""]",Ebulliometric method (Recirculating still),527.91,"{""nPropNumber"":1,""nPropDigits"":5,""nPropValue"":527.91,""CombinedUncertainty"":{""nCombUncertAssessNum"":1,""nCombExpandUncertValue"":0.05}}",variable,"{""nVarValue"":85.676,""nVarNumber"":1,""nVarDigits"":5}",527.91,True,,85676.0,True,False,False
10.1016/j.fluid.2015.03.030#d1#p1#r32,10.1016/j.fluid.2015.03.030#d1#p1,10.1016/j.fluid.2015.03.030.json,1,1,32,InChI=1S/C8H3FO3/c9-4-1-2-5-6(3-4)8(11)12-7(5)10/h1-3H,XVMKZAAFVWXIII-UHFFFAOYSA-N,"5-fluoro-1,3-isobenzofurandione",C8H3FO3,10.1016/j.fluid.2015.03.030,2015,"Boiling temperature at pressure P, K",Liquid,"[""Liquid"",""Gas""]",Ebulliometric method (Recirculating still),530.18,"{""nPropValue"":530.18,""CombinedUncertainty"":{""nCombUncertAssessNum"":1,""nCombExpandUncertValue"":0.05},""nPropNumber"":1,""nPropDigits"":5}",variable,"{""nVarValue"":90.566,""nVarNumber"":1,""nVarDigits"":5}",530.18,True,,90566.0,True,False,False
10.1016/j.fluid.2015.03.030#d1#p1#r33,10.1016/j.fluid.2015.03.030#d1#p1,10.1016/j.fluid.2015.03.030.json,1,1,33,InChI=1S/C8H3FO3/c9-4-1-2-5-6(3-4)8(11)12-7(5)10/h1-3H,XVMKZAAFVWXIII-UHFFFAOYSA-N,"5-fluoro-1,3-isobenzofurandione",C8H3FO3,10.1016/j.fluid.2015.03.030,2015,"Boiling temperature at pressure P, K",Liquid,"[""Liquid"",""Gas""]",Ebulliometric method (Recirculating still),531.66,"{""nPropValue"":531.66,""CombinedUncertainty"":{""nCombExpandUncertValue"":0.05,""nCombUncertAssessNum"":1},""nPropNumber"":1,""nPropDigits"":5}",variable,"{""nVarValue"":93.829,""nVarNumber"":1,""nVarDigits"":5}",531.66,True,,93829.0,True,False,False
10.1016/j.fluid.2015.03.030#d1#p1#r34,10.1016/j.fluid.2015.03.030#d1#p1,10.1016/j.fluid.2015.03.030.json,1,1,34,InChI=1S/C8H3FO3/c9-4-1-2-5-6(3-4)8(11)12-7(5)10/h1-3H,XVMKZAAFVWXIII-UHFFFAOYSA-N,"5-fluoro-1,3-isobenzofurandione",C8H3FO3,10.1016/j.fluid.2015.03.030,2015,"Boiling temperature at pressure P, K",Liquid,"[""Liquid"",""Gas""]",Ebulliometric method (Recirculating still),532.64,"{""nPropValue"":532.64,""CombinedUncertainty"":{""nCombUncertAssessNum"":1,""nCombExpandUncertValue"":0.05},""nPropNumber"":1,""nPropDigits"":5}",variable,"{""nVarNumber"":1,""nVarDigits"":5,""nVarValue"":96.018}",532.64,True,,96018.0,True,False,False
10.1016/j.fluid.2015.03.030#d1#p1#r35,10.1016/j.fluid.2015.03.030#d1#p1,10.1016/j.fluid.2015.03.030.json,1,1,35,InChI=1S/C8H3FO3/c9-4-1-2-5-6(3-4)8(11)12-7(5)10/h1-3H,XVMKZAAFVWXIII-UHFFFAOYSA-N,"5-fluoro-1,3-isobenzofurandione",C8H3FO3,10.1016/j.fluid.2015.03.030,2015,"Boiling temperature at pressure P, K",Liquid,"[""Liquid"",""Gas""]",Ebulliometric method (Recirculating still),533.17,"{""nPropNumber"":1,""nPropDigits"":5,""nPropValue"":533.17,""CombinedUncertainty"":{""nCombUncertAssessNum"":1,""nCombExpandUncertValue"":0.05}}",variable,"{""nVarValue"":97.236,""nVarNumber"":1,""nVarDigits"":5}",533.17,True,,97236.0,True,False,False
10.1016/j.fluid.2015.03.030#d1#p1#r36,10.1016/j.fluid.2015.03.030#d1#p1,10.1016/j.fluid.2015.03.030.json,1,1,36,InChI=1S/C8H3FO3/c9-4-1-2-5-6(3-4)8(11)12-7(5)10/h1-3H,XVMKZAAFVWXIII-UHFFFAOYSA-N,"5-fluoro-1,3-isobenzofurandione",C8H3FO3,10.1016/j.fluid.2015.03.030,2015,"Boiling temperature at pressure P, K",Liquid,"[""Liquid"",""Gas""]",Ebulliometric method (Recirculating still),534.85,"{""CombinedUncertainty"":{""nCombUncertAssessNum"":1,""nCombExpandUncertValue"":0.05},""nPropValue"":534.85,""nPropNumber"":1,""nPropDigits"":5}",variable,"{""nVarValue"":101.214,""nVarDigits"":6,""nVarNumber"":1}",534.85,True,,101214.0,True,False,False
10.1016/j.fluid.2015.03.030#d2#p1#r1,10.1016/j.fluid.2015.03.030#d2#p1,10.1016/j.fluid.2015.03.030.json,2,1,1,InChI=1S/C8H3ClO3/c9-4-1-2-5-6(3-4)8(11)12-7(5)10/h1-3H,BTTRMCQEPDPCPA-UHFFFAOYSA-N,4-chlorophthalic anhydride,C8H3ClO3,10.1016/j.fluid.2015.03.030,2015,"Boiling temperature at pressure P, K",Liquid,"[""Liquid"",""Gas""]",Ebulliometric method (Recirculating still),447.27,"{""nPropDigits"":5,""nPropNumber"":1,""nPropValue"":447.27,""CombinedUncertainty"":{""nCombExpandUncertValue"":0.38,""nCombUncertAssessNum"":1}}",variable,"{""nVarNumber"":1,""nVarDigits"":4,""nVarValue"":3.412}",447.27,True,,3412.0,True,True,False
10.1016/j.fluid.2015.03.030#d2#p1#r2,10.1016/j.fluid.2015.03.030#d2#p1,10.1016/j.fluid.2015.03.030.json,2,1,2,InChI=1S/C8H3ClO3/c9-4-1-2-5-6(3-4)8(11)12-7(5)10/h1-3H,BTTRMCQEPDPCPA-UHFFFAOYSA-N,4-chlorophthalic anhydride,C8H3ClO3,10.1016/j.fluid.2015.03.030,2015,"Boiling temperature at pressure P, K",Liquid,"[""Liquid"",""Gas""]",Ebulliometric method (Recirculating still),454.31,"{""CombinedUncertainty"":{""nCombUncertAssessNum"":1,""nCombExpandUncertValue"":0.36},""nPropValue"":454.31,""nPropNumber"":1,""nPropDigits"":5}",variable,"{""nVarValue"":4.468,""nVarDigits"":4,""nVarNumber"":1}",454.31,True,,4468.0,True,True,False
10.1016/j.fluid.2015.03.030#d2#p1#r3,10.1016/j.fluid.2015.03.030#d2#p1,10.1016/j.fluid.2015.03.030.json,2,1,3,InChI=1S/C8H3ClO3/c9-4-1-2-5-6(3-4)8(11)12-7(5)10/h1-3H,BTTRMCQEPDPCPA-UHFFFAOYSA-N,4-chlorophthalic anhydride,C8H3ClO3,10.1016/j.fluid.2015.03.030,2015,"Boiling temperature at pressure P, K",Liquid,"[""Liquid"",""Gas""]",Ebulliometric method (Recirculating still),458.14,"{""CombinedUncertainty"":{""nCombUncertAssessNum"":1,""nCombExpandUncertValue"":0.31},""nPropValue"":458.14,""nPropNumber"":1,""nPropDigits"":5}",variable,"{""nVarNumber"":1,""nVarDigits"":4,""nVarValue"":5.15}",458.14,True,,5150.0,True,True,False
10.1016/j.fluid.2015.03.030#d2#p1#r4,10.1016/j.fluid.2015.03.030#d2#p1,10.1016/j.fluid.2015.03.030.json,2,1,4,InChI=1S/C8H3ClO3/c9-4-1-2-5-6(3-4)8(11)12-7(5)10/h1-3H,BTTRMCQEPDPCPA-UHFFFAOYSA-N,4-chlorophthalic anhydride,C8H3ClO3,10.1016/j.fluid.2015.03.030,2015,"Boiling temperature at pressure P, K",Liquid,"[""Liquid"",""Gas""]",Ebulliometric method (Recirculating still),460.53,"{""CombinedUncertainty"":{""nCombUncertAssessNum"":1,""nCombExpandUncertValue"":0.27},""nPropValue"":460.53,""nPropDigits"":5,""nPropNumber"":1}",variable,"{""nVarValue"":5.626,""nVarDigits"":4,""nVarNumber"":1}",460.53,True,,5626.0,True,True,False
10.1016/j.fluid.2015.03.030#d2#p1#r5,10.1016/j.fluid.2015.03.030#d2#p1,10.1016/j.fluid.2015.03.030.json,2,1,5,InChI=1S/C8H3ClO3/c9-4-1-2-5-6(3-4)8(11)12-7(5)10/h1-3H,BTTRMCQEPDPCPA-UHFFFAOYSA-N,4-chlorophthalic anhydride,C8H3ClO3,10.1016/j.fluid.2015.03.030,2015,"Boiling temperature at pressure P, K",Liquid,"[""Liquid"",""Gas""]",Ebulliometric method (Recirculating still),464.38,"{""nPropValue"":464.38,""CombinedUncertainty"":{""nCombUncertAssessNum"":1,""nCombExpandUncertValue"":0.26},""nPropNumber"":1,""nPropDigits"":5}",variable,"{""nVarNumber"":1,""nVarDigits"":4,""nVarValue"":6.455}",464.38,True,,6455.0,True,True,False
10.1016/j.fluid.2015.03.030#d2#p1#r6,10.1016/j.fluid.2015.03.030#d2#p1,10.1016/j.fluid.2015.03.030.json,2,1,6,InChI=1S/C8H3ClO3/c9-4-1-2-5-6(3-4)8(11)12-7(5)10/h1-3H,BTTRMCQEPDPCPA-UHFFFAOYSA-N,4-chlorophthalic anhydride,C8H3ClO3,10.1016/j.fluid.2015.03.030,2015,"Boiling temperature at pressure P, K",Liquid,"[""Liquid"",""Gas""]",Ebulliometric method (Recirculating still),467.5,"{""nPropValue"":467.5,""CombinedUncertainty"":{""nCombExpandUncertValue"":0.22,""nCombUncertAssessNum"":1},""nPropDigits"":5,""nPropNumber"":1}",variable,"{""nVarValue"":7.207,""nVarDigits"":4,""nVarNumber"":1}",467.5,True,,7207.0,True,True,False
10.1016/j.fluid.2015.03.030#d2#p1#r7,10.1016/j.fluid.2015.03.030#d2#p1,10.1016/j.fluid.2015.03.030.json,2,1,7,InChI=1S/C8H3ClO3/c9-4-1-2-5-6(3-4)8(11)12-7(5)10/h1-3H,BTTRMCQEPDPCPA-UHFFFAOYSA-N,4-chlorophthalic anhydride,C8H3ClO3,10.1016/j.fluid.2015.03.030,2015,"Boiling temperature at pressure P, K",Liquid,"[""Liquid"",""Gas""]",Ebulliometric method (Recirculating still),471.34,"{""nPropValue"":471.34,""CombinedUncertainty"":{""nCombExpandUncertValue"":0.2,""nCombUncertAssessNum"":1},""nPropDigits"":5,""nPropNumber"":1}",variable,"{""nVarNumber"":1,""nVarDigits"":4,""nVarValue"":8.268}",471.34,True,,8268.0,True,True,False
10.1016/j.fluid.2015.03.030#d2#p1#r8,10.1016/j.fluid.2015.03.030#d2#p1,10.1016/j.fluid.2015.03.030.json,2,1,8,InChI=1S/C8H3ClO3/c9-4-1-2-5-6(3-4)8(11)12-7(5)10/h1-3H,BTTRMCQEPDPCPA-UHFFFAOYSA-N,4-chlorophthalic anhydride,C8H3ClO3,10.1016/j.fluid.2015.03.030,2015,"Boiling temperature at pressure P, K",Liquid,"[""Liquid"",""Gas""]",Ebulliometric method (Recirculating still),474.46,"{""nPropDigits"":5,""nPropNumber"":1,""nPropValue"":474.46,""CombinedUncertainty"":{""nCombExpandUncertValue"":0.18,""nCombUncertAssessNum"":1}}",variable,"{""nVarDigits"":4,""nVarNumber"":1,""nVarValue"":9.221}",474.46,True,,9221.0,True,True,False
10.1016/j.fluid.2015.03.030#d2#p1#r9,10.1016/j.fluid.2015.03.030#d2#p1,10.1016/j.fluid.2015.03.030.json,2,1,9,InChI=1S/C8H3ClO3/c9-4-1-2-5-6(3-4)8(11)12-7(5)10/h1-3H,BTTRMCQEPDPCPA-UHFFFAOYSA-N,4-chlorophthalic anhydride,C8H3ClO3,10.1016/j.fluid.2015.03.030,2015,"Boiling temperature at pressure P, K",Liquid,"[""Liquid"",""Gas""]",Ebulliometric method (Recirculating still),478.77,"{""nPropNumber"":1,""nPropDigits"":5,""CombinedUncertainty"":{""nCombUncertAssessNum"":1,""nCombExpandUncertValue"":0.17},""nPropValue"":478.77}",variable,"{""nVarNumber"":1,""nVarDigits"":5,""nVarValue"":10.662}",478.77,True,,10662.0,True,True,False
10.1016/j.fluid.2015.03.030#d2#p1#r10,10.1016/j.fluid.2015.03.030#d2#p1,10.1016/j.fluid.2015.03.030.json,2,1,10,InChI=1S/C8H3ClO3/c9-4-1-2-5-6(3-4)8(11)12-7(5)10/h1-3H,BTTRMCQEPDPCPA-UHFFFAOYSA-N,4-chlorophthalic anhydride,C8H3ClO3,10.1016/j.fluid.2015.03.030,2015,"Boiling temperature at pressure P, K",Liquid,"[""Liquid"",""Gas""]",Ebulliometric method (Recirculating still),481.63,"{""nPropValue"":481.63,""CombinedUncertainty"":{""nCombUncertAssessNum"":1,""nCombExpandUncertValue"":0.15},""nPropNumber"":1,""nPropDigits"":5}",variable,"{""nVarNumber"":1,""nVarDigits"":5,""nVarValue"":11.738}",481.63,True,,11738.0,True,True,False
10.1016/j.fluid.2015.03.030#d2#p1#r11,10.1016/j.fluid.2015.03.030#d2#p1,10.1016/j.fluid.2015.03.030.json,2,1,11,InChI=1S/C8H3ClO3/c9-4-1-2-5-6(3-4)8(11)12-7(5)10/h1-3H,BTTRMCQEPDPCPA-UHFFFAOYSA-N,4-chlorophthalic anhydride,C8H3ClO3,10.1016/j.fluid.2015.03.030,2015,"Boiling temperature at pressure P, K",Liquid,"[""Liquid"",""Gas""]",Ebulliometric method (Recirculating still),484.75,"{""nPropNumber"":1,""nPropDigits"":5,""nPropValue"":484.75,""CombinedUncertainty"":{""nCombExpandUncertValue"":0.14,""nCombUncertAssessNum"":1}}",variable,"{""nVarDigits"":5,""nVarNumber"":1,""nVarValue"":12.994}",484.75,True,,12994.0,True,True,False
10.1016/j.fluid.2015.03.030#d2#p1#r12,10.1016/j.fluid.2015.03.030#d2#p1,10.1016/j.fluid.2015.03.030.json,2,1,12,InChI=1S/C8H3ClO3/c9-4-1-2-5-6(3-4)8(11)12-7(5)10/h1-3H,BTTRMCQEPDPCPA-UHFFFAOYSA-N,4-chlorophthalic anhydride,C8H3ClO3,10.1016/j.fluid.2015.03.030,2015,"Boiling temperature at pressure P, K",Liquid,"[""Liquid"",""Gas""]",Ebulliometric method (Recirculating still),488.12,"{""nPropNumber"":1,""nPropDigits"":5,""CombinedUncertainty"":{""nCombUncertAssessNum"":1,""nCombExpandUncertValue"":0.13},""nPropValue"":488.12}",variable,"{""nVarValue"":14.483,""nVarDigits"":5,""nVarNumber"":1}",488.12,True,,14483.0,True,True,False
10.1016/j.fluid.2015.03.030#d2#p1#r13,10.1016/j.fluid.2015.03.030#d2#p1,10.1016/j.fluid.2015.03.030.json,2,1,13,InChI=1S/C8H3ClO3/c9-4-1-2-5-6(3-4)8(11)12-7(5)10/h1-3H,BTTRMCQEPDPCPA-UHFFFAOYSA-N,4-chlorophthalic anhydride,C8H3ClO3,10.1016/j.fluid.2015.03.030,2015,"Boiling temperature at pressure P, K",Liquid,"[""Liquid"",""Gas""]",Ebulliometric method (Recirculating still),491.12,"{""nPropNumber"":1,""nPropDigits"":5,""CombinedUncertainty"":{""nCombExpandUncertValue"":0.12,""nCombUncertAssessNum"":1},""nPropValue"":491.12}",variable,"{""nVarDigits"":5,""nVarNumber"":1,""nVarValue"":15.932}",491.12,True,,15932.0,True,True,False
10.1016/j.fluid.2015.03.030#d2#p1#r14,10.1016/j.fluid.2015.03.030#d2#p1,10.1016/j.fluid.2015.03.030.json,2,1,14,InChI=1S/C8H3ClO3/c9-4-1-2-5-6(3-4)8(11)12-7(5)10/h1-3H,BTTRMCQEPDPCPA-UHFFFAOYSA-N,4-chlorophthalic anhydride,C8H3ClO3,10.1016/j.fluid.2015.03.030,2015,"Boiling temperature at pressure P, K",Liquid,"[""Liquid"",""Gas""]",Ebulliometric method (Recirculating still),493.51,"{""nPropNumber"":1,""nPropDigits"":5,""nPropValue"":493.51,""CombinedUncertainty"":{""nCombExpandUncertValue"":0.11,""nCombUncertAssessNum"":1}}",variable,"{""nVarNumber"":1,""nVarDigits"":5,""nVarValue"":17.168}",493.51,True,,17168.0,True,True,False
10.1016/j.fluid.2015.03.030#d2#p1#r15,10.1016/j.fluid.2015.03.030#d2#p1,10.1016/j.fluid.2015.03.030.json,2,1,15,InChI=1S/C8H3ClO3/c9-4-1-2-5-6(3-4)8(11)12-7(5)10/h1-3H,BTTRMCQEPDPCPA-UHFFFAOYSA-N,4-chlorophthalic anhydride,C8H3ClO3,10.1016/j.fluid.2015.03.030,2015,"Boiling temperature at pressure P, K",Liquid,"[""Liquid"",""Gas""]",Ebulliometric method (Recirculating still),496.04,"{""nPropValue"":496.04,""CombinedUncertainty"":{""nCombExpandUncertValue"":0.11,""nCombUncertAssessNum"":1},""nPropDigits"":5,""nPropNumber"":1}",variable,"{""nVarDigits"":5,""nVarNumber"":1,""nVarValue"":18.589}",496.04,True,,18589.0,True,True,False
10.1016/j.fluid.2015.03.030#d2#p1#r16,10.1016/j.fluid.2015.03.030#d2#p1,10.1016/j.fluid.2015.03.030.json,2,1,16,InChI=1S/C8H3ClO3/c9-4-1-2-5-6(3-4)8(11)12-7(5)10/h1-3H,BTTRMCQEPDPCPA-UHFFFAOYSA-N,4-chlorophthalic anhydride,C8H3ClO3,10.1016/j.fluid.2015.03.030,2015,"Boiling temperature at pressure P, K",Liquid,"[""Liquid"",""Gas""]",Ebulliometric method (Recirculating still),498.87,"{""CombinedUncertainty"":{""nCombUncertAssessNum"":1,""nCombExpandUncertValue"":0.1},""nPropValue"":498.87,""nPropDigits"":5,""nPropNumber"":1}",variable,"{""nVarNumber"":1,""nVarDigits"":5,""nVarValue"":20.243}",498.87,True,,20243.0,True,False,False
10.1016/j.fluid.2015.03.030#d2#p1#r17,10.1016/j.fluid.2015.03.030#d2#p1,10.1016/j.fluid.2015.03.030.json,2,1,17,InChI=1S/C8H3ClO3/c9-4-1-2-5-6(3-4)8(11)12-7(5)10/h1-3H,BTTRMCQEPDPCPA-UHFFFAOYSA-N,4-chlorophthalic anhydride,C8H3ClO3,10.1016/j.fluid.2015.03.030,2015,"Boiling temperature at pressure P, K",Liquid,"[""Liquid"",""Gas""]",Ebulliometric method (Recirculating still),501.2,"{""nPropValue"":501.2,""CombinedUncertainty"":{""nCombExpandUncertValue"":0.1,""nCombUncertAssessNum"":1},""nPropNumber"":1,""nPropDigits"":5}",variable,"{""nVarValue"":21.711,""nVarDigits"":5,""nVarNumber"":1}",501.2,True,,21711.0,True,False,False
10.1016/j.fluid.2015.03.030#d2#p1#r18,10.1016/j.fluid.2015.03.030#d2#p1,10.1016/j.fluid.2015.03.030.json,2,1,18,InChI=1S/C8H3ClO3/c9-4-1-2-5-6(3-4)8(11)12-7(5)10/h1-3H,BTTRMCQEPDPCPA-UHFFFAOYSA-N,4-chlorophthalic anhydride,C8H3ClO3,10.1016/j.fluid.2015.03.030,2015,"Boiling temperature at pressure P, K",Liquid,"[""Liquid"",""Gas""]",Ebulliometric method (Recirculating still),503.82,"{""CombinedUncertainty"":{""nCombUncertAssessNum"":1,""nCombExpandUncertValue"":0.09},""nPropValue"":503.82,""nPropNumber"":1,""nPropDigits"":5}",variable,"{""nVarNumber"":1,""nVarDigits"":5,""nVarValue"":23.518}",503.82,True,,23518.0,True,False,False
10.1016/j.fluid.2015.03.030#d2#p1#r19,10.1016/j.fluid.2015.03.030#d2#p1,10.1016/j.fluid.2015.03.030.json,2,1,19,InChI=1S/C8H3ClO3/c9-4-1-2-5-6(3-4)8(11)12-7(5)10/h1-3H,BTTRMCQEPDPCPA-UHFFFAOYSA-N,4-chlorophthalic anhydride,C8H3ClO3,10.1016/j.fluid.2015.03.030,2015,"Boiling temperature at pressure P, K",Liquid,"[""Liquid"",""Gas""]",Ebulliometric method (Recirculating still),506.46,"{""CombinedUncertainty"":{""nCombUncertAssessNum"":1,""nCombExpandUncertValue"":0.09},""nPropValue"":506.46,""nPropNumber"":1,""nPropDigits"":5}",variable,"{""nVarDigits"":5,""nVarNumber"":1,""nVarValue"":25.366}",506.46,True,,25366.0,True,False,False
10.1016/j.fluid.2015.03.030#d2#p1#r20,10.1016/j.fluid.2015.03.030#d2#p1,10.1016/j.fluid.2015.03.030.json,2,1,20,InChI=1S/C8H3ClO3/c9-4-1-2-5-6(3-4)8(11)12-7(5)10/h1-3H,BTTRMCQEPDPCPA-UHFFFAOYSA-N,4-chlorophthalic anhydride,C8H3ClO3,10.1016/j.fluid.2015.03.030,2015,"Boiling temperature at pressure P, K",Liquid,"[""Liquid"",""Gas""]",Ebulliometric method (Recirculating still),509.05,"{""nPropDigits"":5,""nPropNumber"":1,""CombinedUncertainty"":{""nCombUncertAssessNum"":1,""nCombExpandUncertValue"":0.08},""nPropValue"":509.05}",variable,"{""nVarNumber"":1,""nVarDigits"":5,""nVarValue"":27.38}",509.05,True,,27380.0,True,False,False
10.1016/j.fluid.2015.03.030#d2#p1#r21,10.1016/j.fluid.2015.03.030#d2#p1,10.1016/j.fluid.2015.03.030.json,2,1,21,InChI=1S/C8H3ClO3/c9-4-1-2-5-6(3-4)8(11)12-7(5)10/h1-3H,BTTRMCQEPDPCPA-UHFFFAOYSA-N,4-chlorophthalic anhydride,C8H3ClO3,10.1016/j.fluid.2015.03.030,2015,"Boiling temperature at pressure P, K",Liquid,"[""Liquid"",""Gas""]",Ebulliometric method (Recirculating still),511.82,"{""CombinedUncertainty"":{""nCombUncertAssessNum"":1,""nCombExpandUncertValue"":0.08},""nPropValue"":511.82,""nPropDigits"":5,""nPropNumber"":1}",variable,"{""nVarValue"":29.595,""nVarNumber"":1,""nVarDigits"":5}",511.82,True,,29595.0,True,False,False
10.1016/j.fluid.2015.03.030#d2#p1#r22,10.1016/j.fluid.2015.03.030#d2#p1,10.1016/j.fluid.2015.03.030.json,2,1,22,InChI=1S/C8H3ClO3/c9-4-1-2-5-6(3-4)8(11)12-7(5)10/h1-3H,BTTRMCQEPDPCPA-UHFFFAOYSA-N,4-chlorophthalic anhydride,C8H3ClO3,10.1016/j.fluid.2015.03.030,2015,"Boiling temperature at pressure P, K",Liquid,"[""Liquid"",""Gas""]",Ebulliometric method (Recirculating still),514.56,"{""nPropNumber"":1,""nPropDigits"":5,""CombinedUncertainty"":{""nCombExpandUncertValue"":0.08,""nCombUncertAssessNum"":1},""nPropValue"":514.56}",variable,"{""nVarDigits"":5,""nVarNumber"":1,""nVarValue"":31.987}",514.56,True,,31987.0,True,False,False
10.1016/j.fluid.2015.03.030#d2#p1#r23,10.1016/j.fluid.2015.03.030#d2#p1,10.1016/j.fluid.2015.03.030.json,2,1,23,InChI=1S/C8H3ClO3/c9-4-1-2-5-6(3-4)8(11)12-7(5)10/h1-3H,BTTRMCQEPDPCPA-UHFFFAOYSA-N,4-chlorophthalic anhydride,C8H3ClO3,10.1016/j.fluid.2015.03.030,2015,"Boiling temperature at pressure P, K",Liquid,"[""Liquid"",""Gas""]",Ebulliometric method (Recirculating still),517.33,"{""CombinedUncertainty"":{""nCombExpandUncertValue"":0.07,""nCombUncertAssessNum"":1},""nPropValue"":517.33,""nPropDigits"":5,""nPropNumber"":1}",variable,"{""nVarDigits"":5,""nVarNumber"":1,""nVarValue"":34.465}",517.33,True,,34465.0,True,False,False
10.1016/j.fluid.2015.03.030#d2#p1#r24,10.1016/j.fluid.2015.03.030#d2#p1,10.1016/j.fluid.2015.03.030.json,2,1,24,InChI=1S/C8H3ClO3/c9-4-1-2-5-6(3-4)8(11)12-7(5)10/h1-3H,BTTRMCQEPDPCPA-UHFFFAOYSA-N,4-chlorophthalic anhydride,C8H3ClO3,10.1016/j.fluid.2015.03.030,2015,"Boiling temperature at pressure P, K",Liquid,"[""Liquid"",""Gas""]",Ebulliometric method (Recirculating still),520.1,"{""CombinedUncertainty"":{""nCombExpandUncertValue"":0.07,""nCombUncertAssessNum"":1},""nPropValue"":520.1,""nPropDigits"":5,""nPropNumber"":1}",variable,"{""nVarDigits"":5,""nVarNumber"":1,""nVarValue"":37.255}",520.1,True,,37255.0,True,False,False
10.1016/j.fluid.2015.03.030#d2#p1#r25,10.1016/j.fluid.2015.03.030#d2#p1,10.1016/j.fluid.2015.03.030.json,2,1,25,InChI=1S/C8H3ClO3/c9-4-1-2-5-6(3-4)8(11)12-7(5)10/h1-3H,BTTRMCQEPDPCPA-UHFFFAOYSA-N,4-chlorophthalic anhydride,C8H3ClO3,10.1016/j.fluid.2015.03.030,2015,"Boiling temperature at pressure P, K",Liquid,"[""Liquid"",""Gas""]",Ebulliometric method (Recirculating still),522.91,"{""nPropValue"":522.91,""CombinedUncertainty"":{""nCombUncertAssessNum"":1,""nCombExpandUncertValue"":0.07},""nPropNumber"":1,""nPropDigits"":5}",variable,"{""nVarValue"":40.197,""nVarDigits"":5,""nVarNumber"":1}",522.91,True,,40197.0,True,False,False
10.1016/j.fluid.2015.03.030#d2#p1#r26,10.1016/j.fluid.2015.03.030#d2#p1,10.1016/j.fluid.2015.03.030.json,2,1,26,InChI=1S/C8H3ClO3/c9-4-1-2-5-6(3-4)8(11)12-7(5)10/h1-3H,BTTRMCQEPDPCPA-UHFFFAOYSA-N,4-chlorophthalic anhydride,C8H3ClO3,10.1016/j.fluid.2015.03.030,2015,"Boiling temperature at pressure P, K",Liquid,"[""Liquid"",""Gas""]",Ebulliometric method (Recirculating still),526.11,"{""nPropValue"":526.11,""CombinedUncertainty"":{""nCombUncertAssessNum"":1,""nCombExpandUncertValue"":0.06},""nPropNumber"":1,""nPropDigits"":5}",variable,"{""nVarValue"":43.821,""nVarNumber"":1,""nVarDigits"":5}",526.11,True,,43821.0,True,False,False
10.1016/j.fluid.2015.03.030#d2#p1#r27,10.1016/j.fluid.2015.03.030#d2#p1,10.1016/j.fluid.2015.03.030.json,2,1,27,InChI=1S/C8H3ClO3/c9-4-1-2-5-6(3-4)8(11)12-7(5)10/h1-3H,BTTRMCQEPDPCPA-UHFFFAOYSA-N,4-chlorophthalic anhydride,C8H3ClO3,10.1016/j.fluid.2015.03.030,2015,"Boiling temperature at pressure P, K",Liquid,"[""Liquid"",""Gas""]",Ebulliometric method (Recirculating still),528.63,"{""nPropNumber"":1,""nPropDigits"":5,""nPropValue"":528.63,""CombinedUncertainty"":{""nCombUncertAssessNum"":1,""nCombExpandUncertValue"":0.06}}",variable,"{""nVarValue"":46.794,""nVarNumber"":1,""nVarDigits"":5}",528.63,True,,46794.0,True,False,False
10.1016/j.fluid.2015.03.030#d2#p1#r28,10.1016/j.fluid.2015.03.030#d2#p1,10.1016/j.fluid.2015.03.030.json,2,1,28,InChI=1S/C8H3ClO3/c9-4-1-2-5-6(3-4)8(11)12-7(5)10/h1-3H,BTTRMCQEPDPCPA-UHFFFAOYSA-N,4-chlorophthalic anhydride,C8H3ClO3,10.1016/j.fluid.2015.03.030,2015,"Boiling temperature at pressure P, K",Liquid,"[""Liquid"",""Gas""]",Ebulliometric method (Recirculating still),531.55,"{""nPropNumber"":1,""nPropDigits"":5,""nPropValue"":531.55,""CombinedUncertainty"":{""nCombUncertAssessNum"":1,""nCombExpandUncertValue"":0.06}}",variable,"{""nVarDigits"":5,""nVarNumber"":1,""nVarValue"":50.504}",531.55,True,,50504.0,True,False,False
10.1016/j.fluid.2015.03.030#d2#p1#r29,10.1016/j.fluid.2015.03.030#d2#p1,10.1016/j.fluid.2015.03.030.json,2,1,29,InChI=1S/C8H3ClO3/c9-4-1-2-5-6(3-4)8(11)12-7(5)10/h1-3H,BTTRMCQEPDPCPA-UHFFFAOYSA-N,4-chlorophthalic anhydride,C8H3ClO3,10.1016/j.fluid.2015.03.030,2015,"Boiling temperature at pressure P, K",Liquid,"[""Liquid"",""Gas""]",Ebulliometric method (Recirculating still),534.47,"{""CombinedUncertainty"":{""nCombUncertAssessNum"":1,""nCombExpandUncertValue"":0.06},""nPropValue"":534.47,""nPropNumber"":1,""nPropDigits"":5}",variable,"{""nVarNumber"":1,""nVarDigits"":5,""nVarValue"":54.42}",534.47,True,,54420.0,True,False,False
10.1016/j.fluid.2015.03.030#d2#p1#r30,10.1016/j.fluid.2015.03.030#d2#p1,10.1016/j.fluid.2015.03.030.json,2,1,30,InChI=1S/C8H3ClO3/c9-4-1-2-5-6(3-4)8(11)12-7(5)10/h1-3H,BTTRMCQEPDPCPA-UHFFFAOYSA-N,4-chlorophthalic anhydride,C8H3ClO3,10.1016/j.fluid.2015.03.030,2015,"Boiling temperature at pressure P, K",Liquid,"[""Liquid"",""Gas""]",Ebulliometric method (Recirculating still),537.45,"{""nPropValue"":537.45,""CombinedUncertainty"":{""nCombExpandUncertValue"":0.06,""nCombUncertAssessNum"":1},""nPropNumber"":1,""nPropDigits"":5}",variable,"{""nVarNumber"":1,""nVarDigits"":5,""nVarValue"":58.752}",537.45,True,,58752.0,True,False,False
10.1016/j.fluid.2015.03.030#d2#p1#r31,10.1016/j.fluid.2015.03.030#d2#p1,10.1016/j.fluid.2015.03.030.json,2,1,31,InChI=1S/C8H3ClO3/c9-4-1-2-5-6(3-4)8(11)12-7(5)10/h1-3H,BTTRMCQEPDPCPA-UHFFFAOYSA-N,4-chlorophthalic anhydride,C8H3ClO3,10.1016/j.fluid.2015.03.030,2015,"Boiling temperature at pressure P, K",Liquid,"[""Liquid"",""Gas""]",Ebulliometric method (Recirculating still),540.44,"{""CombinedUncertainty"":{""nCombExpandUncertValue"":0.05,""nCombUncertAssessNum"":1},""nPropValue"":540.44,""nPropDigits"":5,""nPropNumber"":1}",variable,"{""nVarValue"":63.308,""nVarNumber"":1,""nVarDigits"":5}",540.44,True,,63308.0,True,False,False
10.1016/j.fluid.2015.03.030#d2#p1#r32,10.1016/j.fluid.2015.03.030#d2#p1,10.1016/j.fluid.2015.03.030.json,2,1,32,InChI=1S/C8H3ClO3/c9-4-1-2-5-6(3-4)8(11)12-7(5)10/h1-3H,BTTRMCQEPDPCPA-UHFFFAOYSA-N,4-chlorophthalic anhydride,C8H3ClO3,10.1016/j.fluid.2015.03.030,2015,"Boiling temperature at pressure P, K",Liquid,"[""Liquid"",""Gas""]",Ebulliometric method (Recirculating still),543.5,"{""nPropDigits"":5,""nPropNumber"":1,""CombinedUncertainty"":{""nCombExpandUncertValue"":0.05,""nCombUncertAssessNum"":1},""nPropValue"":543.5}",variable,"{""nVarValue"":68.3,""nVarNumber"":1,""nVarDigits"":5}",543.5,True,,68300.0,True,False,False
10.1016/j.fluid.2015.03.030#d2#p1#r33,10.1016/j.fluid.2015.03.030#d2#p1,10.1016/j.fluid.2015.03.030.json,2,1,33,InChI=1S/C8H3ClO3/c9-4-1-2-5-6(3-4)8(11)12-7(5)10/h1-3H,BTTRMCQEPDPCPA-UHFFFAOYSA-N,4-chlorophthalic anhydride,C8H3ClO3,10.1016/j.fluid.2015.03.030,2015,"Boiling temperature at pressure P, K",Liquid,"[""Liquid"",""Gas""]",Ebulliometric method (Recirculating still),546.2,"{""nPropValue"":546.2,""CombinedUncertainty"":{""nCombUncertAssessNum"":1,""nCombExpandUncertValue"":0.05},""nPropNumber"":1,""nPropDigits"":5}",variable,"{""nVarValue"":72.981,""nVarNumber"":1,""nVarDigits"":5}",546.2,True,,72981.0,True,False,False
10.1016/j.fluid.2015.03.030#d2#p1#r34,10.1016/j.fluid.2015.03.030#d2#p1,10.1016/j.fluid.2015.03.030.json,2,1,34,InChI=1S/C8H3ClO3/c9-4-1-2-5-6(3-4)8(11)12-7(5)10/h1-3H,BTTRMCQEPDPCPA-UHFFFAOYSA-N,4-chlorophthalic anhydride,C8H3ClO3,10.1016/j.fluid.2015.03.030,2015,"Boiling temperature at pressure P, K",Liquid,"[""Liquid"",""Gas""]",Ebulliometric method (Recirculating still),549.65,"{""CombinedUncertainty"":{""nCombUncertAssessNum"":1,""nCombExpandUncertValue"":0.05},""nPropValue"":549.65,""nPropNumber"":1,""nPropDigits"":5}",variable,"{""nVarNumber"":1,""nVarDigits"":5,""nVarValue"":79.286}",549.65,True,,79286.0,True,False,False
10.1016/j.fluid.2015.03.030#d2#p1#r35,10.1016/j.fluid.2015.03.030#d2#p1,10.1016/j.fluid.2015.03.030.json,2,1,35,InChI=1S/C8H3ClO3/c9-4-1-2-5-6(3-4)8(11)12-7(5)10/h1-3H,BTTRMCQEPDPCPA-UHFFFAOYSA-N,4-chlorophthalic anhydride,C8H3ClO3,10.1016/j.fluid.2015.03.030,2015,"Boiling temperature at pressure P, K",Liquid,"[""Liquid"",""Gas""]",Ebulliometric method (Recirculating still),553.24,"{""CombinedUncertainty"":{""nCombExpandUncertValue"":0.05,""nCombUncertAssessNum"":1},""nPropValue"":553.24,""nPropNumber"":1,""nPropDigits"":5}",variable,"{""nVarValue"":86.408,""nVarDigits"":5,""nVarNumber"":1}",553.24,True,,86408.0,True,False,False
10.1016/j.fluid.2015.03.030#d2#p1#r36,10.1016/j.fluid.2015.03.030#d2#p1,10.1016/j.fluid.2015.03.030.json,2,1,36,InChI=1S/C8H3ClO3/c9-4-1-2-5-6(3-4)8(11)12-7(5)10/h1-3H,BTTRMCQEPDPCPA-UHFFFAOYSA-N,4-chlorophthalic anhydride,C8H3ClO3,10.1016/j.fluid.2015.03.030,2015,"Boiling temperature at pressure P, K",Liquid,"[""Liquid"",""Gas""]",Ebulliometric method (Recirculating still),555.97,"{""CombinedUncertainty"":{""nCombUncertAssessNum"":1,""nCombExpandUncertValue"":0.05},""nPropValue"":555.97,""nPropNumber"":1,""nPropDigits"":5}",variable,"{""nVarDigits"":5,""nVarNumber"":1,""nVarValue"":92.122}",555.97,True,,92122.0,True,False,False
10.1016/j.fluid.2015.03.030#d2#p1#r37,10.1016/j.fluid.2015.03.030#d2#p1,10.1016/j.fluid.2015.03.030.json,2,1,37,InChI=1S/C8H3ClO3/c9-4-1-2-5-6(3-4)8(11)12-7(5)10/h1-3H,BTTRMCQEPDPCPA-UHFFFAOYSA-N,4-chlorophthalic anhydride,C8H3ClO3,10.1016/j.fluid.2015.03.030,2015,"Boiling temperature at pressure P, K",Liquid,"[""Liquid"",""Gas""]",Ebulliometric method (Recirculating still),559.17,"{""nPropNumber"":1,""nPropDigits"":5,""CombinedUncertainty"":{""nCombUncertAssessNum"":1,""nCombExpandUncertValue"":0.05},""nPropValue"":559.17}",variable,"{""nVarDigits"":5,""nVarNumber"":1,""nVarValue"":99.101}",559.17,True,,99101.0,True,False,False
10.1016/j.fluid.2015.03.030#d2#p1#r38,10.1016/j.fluid.2015.03.030#d2#p1,10.1016/j.fluid.2015.03.030.json,2,1,38,InChI=1S/C8H3ClO3/c9-4-1-2-5-6(3-4)8(11)12-7(5)10/h1-3H,BTTRMCQEPDPCPA-UHFFFAOYSA-N,4-chlorophthalic anhydride,C8H3ClO3,10.1016/j.fluid.2015.03.030,2015,"Boiling temperature at pressure P, K",Liquid,"[""Liquid"",""Gas""]",Ebulliometric method (Recirculating still),560,"{""nPropValue"":560,""CombinedUncertainty"":{""nCombExpandUncertValue"":0.05,""nCombUncertAssessNum"":1},""nPropNumber"":1,""nPropDigits"":5}",variable,"{""nVarValue"":101,""nVarDigits"":6,""nVarNumber"":1}",560,True,,101000,True,False,False
10.1016/j.fluid.2015.05.031#d1#p1#r1,10.1016/j.fluid.2015.05.031#d1#p1,10.1016/j.fluid.2015.05.031.json,1,1,1,"InChI=1S/C2H4O2/c1-4-2-3/h2H,1H3",TZIHFWKZFHZASV-UHFFFAOYSA-N,methyl methanoate,C2H4O2,10.1016/j.fluid.2015.05.031,2015,"Boiling temperature at pressure P, K",Liquid,"[""Liquid"",""Gas""]",Ebulliometric method (Recirculating still),304.7,"{""nPropValue"":304.7,""CombinedUncertainty"":{""nCombExpandUncertValue"":0.05,""nCombUncertAssessNum"":1},""nPropNumber"":1,""nPropDigits"":5}",variable,"{""nVarValue"":101.32,""nVarDigits"":5,""nVarNumber"":1}",304.7,True,,101320.0,True,False,False
10.1016/j.fluid.2015.05.031#d5#p1#r1,10.1016/j.fluid.2015.05.031#d5#p1,10.1016/j.fluid.2015.05.031.json,5,1,1,"InChI=1S/C3H6O2/c1-2-5-3-4/h3H,2H2,1H3",WBJINCZRORDGAQ-UHFFFAOYSA-N,ethyl methanoate,C3H6O2,10.1016/j.fluid.2015.05.031,2015,"Boiling temperature at pressure P, K",Liquid,"[""Liquid"",""Gas""]",Ebulliometric method (Recirculating still),327.33,"{""nPropValue"":327.33,""CombinedUncertainty"":{""nCombUncertAssessNum"":1,""nCombExpandUncertValue"":0.07},""nPropNumber"":1,""nPropDigits"":5}",variable,"{""nVarDigits"":5,""nVarNumber"":1,""nVarValue"":101.32}",327.33,True,,101320.0,True,False,False
10.1016/j.fluid.2015.05.031#d9#p1#r1,10.1016/j.fluid.2015.05.031#d9#p1,10.1016/j.fluid.2015.05.031.json,9,1,1,"InChI=1S/C4H8O2/c1-2-3-6-4-5/h4H,2-3H2,1H3",KFNNIILCVOLYIR-UHFFFAOYSA-N,propyl methanoate,C4H8O2,10.1016/j.fluid.2015.05.031,2015,"Boiling temperature at pressure P, K",Liquid,"[""Liquid"",""Gas""]",Ebulliometric method (Recirculating still),353.92,"{""nPropDigits"":5,""nPropNumber"":1,""CombinedUncertainty"":{""nCombUncertAssessNum"":1,""nCombExpandUncertValue"":0.07},""nPropValue"":353.92}",variable,"{""nVarNumber"":1,""nVarDigits"":5,""nVarValue"":101.32}",353.92,True,,101320.0,True,False,False
10.1016/j.fluid.2015.05.031#d13#p1#r1,10.1016/j.fluid.2015.05.031#d13#p1,10.1016/j.fluid.2015.05.031.json,13,1,1,"InChI=1S/C5H10O2/c1-2-3-4-7-5-6/h5H,2-4H2,1H3",NMJJFJNHVMGPGM-UHFFFAOYSA-N,butyl methanoate,C5H10O2,10.1016/j.fluid.2015.05.031,2015,"Boiling temperature at pressure P, K",Liquid,"[""Liquid"",""Gas""]",Ebulliometric method (Recirculating still),380.13,"{""nPropDigits"":5,""nPropNumber"":1,""CombinedUncertainty"":{""nCombUncertAssessNum"":1,""nCombExpandUncertValue"":0.07},""nPropValue"":380.13}",variable,"{""nVarNumber"":1,""nVarDigits"":5,""nVarValue"":101.32}",380.13,True,,101320.0,True,False,False
10.1016/j.fluid.2015.05.031#d17#p1#r1,10.1016/j.fluid.2015.05.031#d17#p1,10.1016/j.fluid.2015.05.031.json,17,1,1,"InChI=1S/C7H16/c1-3-5-7-6-4-2/h3-7H2,1-2H3",IMNFDUFMRHMDMM-UHFFFAOYSA-N,heptane,C7H16,10.1016/j.fluid.2015.05.031,2015,"Boiling temperature at pressure P, K",Liquid,"[""Liquid"",""Gas""]",Ebulliometric method (Recirculating still),371.56,"{""nPropValue"":371.56,""CombinedUncertainty"":{""nCombExpandUncertValue"":0.05,""nCombUncertAssessNum"":1},""nPropNumber"":1,""nPropDigits"":5}",variable,"{""nVarValue"":101.32,""nVarNumber"":1,""nVarDigits"":5}",371.56,True,,101320.0,True,False,False
10.1016/j.fluid.2015.05.031#d21#p1#r1,10.1016/j.fluid.2015.05.031#d21#p1,10.1016/j.fluid.2015.05.031.json,21,1,1,"InChI=1S/C8H18/c1-3-5-7-8-6-4-2/h3-8H2,1-2H3",TVMXDCGIABBOFY-UHFFFAOYSA-N,octane,C8H18,10.1016/j.fluid.2015.05.031,2015,"Boiling temperature at pressure P, K",Liquid,"[""Liquid"",""Gas""]",Ebulliometric method (Recirculating still),398.83,"{""nPropNumber"":1,""nPropDigits"":5,""nPropValue"":398.83,""CombinedUncertainty"":{""nCombExpandUncertValue"":0.05,""nCombUncertAssessNum"":1}}",variable,"{""nVarValue"":101.32,""nVarDigits"":5,""nVarNumber"":1}",398.83,True,,101320.0,True,False,False
10.1016/j.fluid.2015.05.031#d25#p1#r1,10.1016/j.fluid.2015.05.031#d25#p1,10.1016/j.fluid.2015.05.031.json,25,1,1,"InChI=1S/C9H20/c1-3-5-7-9-8-6-4-2/h3-9H2,1-2H3",BKIMMITUMNQMOS-UHFFFAOYSA-N,nonane,C9H20,10.1016/j.fluid.2015.05.031,2015,"Boiling temperature at pressure P, K",Liquid,"[""Liquid"",""Gas""]",Ebulliometric method (Recirculating still),423.94,"{""nPropDigits"":5,""nPropNumber"":1,""nPropValue"":423.94,""CombinedUncertainty"":{""nCombExpandUncertValue"":0.05,""nCombUncertAssessNum"":1}}",variable,"{""nVarDigits"":5,""nVarNumber"":1,""nVarValue"":101.32}",423.94,True,,101320.0,True,False,False
10.1016/j.fluid.2015.07.017#d1#p1#r1,10.1016/j.fluid.2015.07.017#d1#p1,10.1016/j.fluid.2015.07.017.json,1,1,1,"InChI=1S/CH4O/c1-2/h2H,1H3",OKKJLVBELUTLKV-UHFFFAOYSA-N,methanol,CH4O,10.1016/j.fluid.2015.07.017,2015,"Boiling temperature at pressure P, K",Liquid,"[""Liquid"",""Gas""]",Ebulliometric method (Recirculating still),337.86,"{""CombinedUncertainty"":{""nCombUncertAssessNum"":1,""nCombExpandUncertValue"":0.1},""nPropValue"":337.86,""nPropDigits"":5,""nPropNumber"":1}",variable,"{""nVarValue"":101.33,""nVarNumber"":1,""nVarDigits"":5}",337.86,True,,101330.0,True,False,False
10.1016/j.fluid.2015.07.017#d4#p1#r1,10.1016/j.fluid.2015.07.017#d4#p1,10.1016/j.fluid.2015.07.017.json,4,1,1,"InChI=1S/C3H8O/c1-2-3-4/h4H,2-3H2,1H3",BDERNNFJNOPAEC-UHFFFAOYSA-N,propan-1-ol,C3H8O,10.1016/j.fluid.2015.07.017,2015,"Boiling temperature at pressure P, K",Liquid,"[""Liquid"",""Gas""]",Ebulliometric method (Recirculating still),370.35,"{""nPropValue"":370.35,""CombinedUncertainty"":{""nCombUncertAssessNum"":1,""nCombExpandUncertValue"":0.1},""nPropDigits"":5,""nPropNumber"":1}",variable,"{""nVarDigits"":5,""nVarNumber"":1,""nVarValue"":101.33}",370.35,True,,101330.0,True,False,False
10.1016/j.fluid.2015.07.017#d7#p1#r1,10.1016/j.fluid.2015.07.017#d7#p1,10.1016/j.fluid.2015.07.017.json,7,1,1,"InChI=1S/C5H12O2/c1-3-4-7-5-6-2/h3-5H2,1-2H3",XDEBEEKYERBCBM-UHFFFAOYSA-N,1-(methoxymethoxy)propane,C5H12O2,10.1016/j.fluid.2015.07.017,2015,"Boiling temperature at pressure P, K",Liquid,"[""Liquid"",""Gas""]",Ebulliometric method (Recirculating still),366.12,"{""nPropValue"":366.12,""CombinedUncertainty"":{""nCombExpandUncertValue"":0.1,""nCombUncertAssessNum"":1},""nPropNumber"":1,""nPropDigits"":5}",variable,"{""nVarValue"":101.33,""nVarDigits"":5,""nVarNumber"":1}",366.12,True,,101330.0,True,False,False
10.1016/j.fluid.2015.07.017#d10#p1#r1,10.1016/j.fluid.2015.07.017#d10#p1,10.1016/j.fluid.2015.07.017.json,10,1,1,"InChI=1S/C5H12O2/c1-3-4-7-5-6-2/h3-5H2,1-2H3",XDEBEEKYERBCBM-UHFFFAOYSA-N,1-(methoxymethoxy)propane,C5H12O2,10.1016/j.fluid.2015.07.017,2015,"Boiling temperature at pressure P, K",Liquid,"[""Liquid"",""Gas""]",Ebulliometric method (Recirculating still),303.12,"{""nPropNumber"":1,""nPropDigits"":5,""nPropValue"":303.12,""CombinedUncertainty"":{""nCombExpandUncertValue"":0.11,""nCombUncertAssessNum"":1}}",variable,"{""nVarDigits"":3,""nVarNumber"":1,""nVarValue"":8.17}",303.12,True,,8170.0,True,True,False
10.1016/j.fluid.2015.07.017#d11#p1#r1,10.1016/j.fluid.2015.07.017#d11#p1,10.1016/j.fluid.2015.07.017.json,11,1,1,"InChI=1S/C5H12O2/c1-3-4-7-5-6-2/h3-5H2,1-2H3",XDEBEEKYERBCBM-UHFFFAOYSA-N,1-(methoxymethoxy)propane,C5H12O2,10.1016/j.fluid.2015.07.017,2015,"Boiling temperature at pressure P, K",Liquid,"[""Liquid"",""Gas""]",Ebulliometric method (Recirculating still),311.15,"{""nPropDigits"":5,""nPropNumber"":1,""CombinedUncertainty"":{""nCombUncertAssessNum"":1,""nCombExpandUncertValue"":0.11},""nPropValue"":311.15}",variable,"{""nVarNumber"":1,""nVarDigits"":4,""nVarValue"":12.41}",311.15,True,,12410.0,True,True,False
10.1016/j.fluid.2015.07.017#d12#p1#r1,10.1016/j.fluid.2015.07.017#d12#p1,10.1016/j.fluid.2015.07.017.json,12,1,1,"InChI=1S/C5H12O2/c1-3-4-7-5-6-2/h3-5H2,1-2H3",XDEBEEKYERBCBM-UHFFFAOYSA-N,1-(methoxymethoxy)propane,C5H12O2,10.1016/j.fluid.2015.07.017,2015,"Boiling temperature at pressure P, K",Liquid,"[""Liquid"",""Gas""]",Ebulliometric method (Recirculating still),319.18,"{""CombinedUncertainty"":{""nCombUncertAssessNum"":1,""nCombExpandUncertValue"":0.1},""nPropValue"":319.18,""nPropDigits"":5,""nPropNumber"":1}",variable,"{""nVarDigits"":4,""nVarNumber"":1,""nVarValue"":18.11}",319.18,True,,18110.0,True,True,False
10.1016/j.fluid.2015.07.017#d13#p1#r1,10.1016/j.fluid.2015.07.017#d13#p1,10.1016/j.fluid.2015.07.017.json,13,1,1,"InChI=1S/C5H12O2/c1-3-4-7-5-6-2/h3-5H2,1-2H3",XDEBEEKYERBCBM-UHFFFAOYSA-N,1-(methoxymethoxy)propane,C5H12O2,10.1016/j.fluid.2015.07.017,2015,"Boiling temperature at pressure P, K",Liquid,"[""Liquid"",""Gas""]",Ebulliometric method (Recirculating still),327.96,"{""nPropValue"":327.96,""CombinedUncertainty"":{""nCombUncertAssessNum"":1,""nCombExpandUncertValue"":0.1},""nPropNumber"":1,""nPropDigits"":5}",variable,"{""nVarNumber"":1,""nVarDigits"":4,""nVarValue"":26.67}",327.96,True,,26670.0,True,False,False
10.1016/j.fluid.2015.07.017#d14#p1#r1,10.1016/j.fluid.2015.07.017#d14#p1,10.1016/j.fluid.2015.07.017.json,14,1,1,"InChI=1S/C5H12O2/c1-3-4-7-5-6-2/h3-5H2,1-2H3",XDEBEEKYERBCBM-UHFFFAOYSA-N,1-(methoxymethoxy)propane,C5H12O2,10.1016/j.fluid.2015.07.017,2015,"Boiling temperature at pressure P, K",Liquid,"[""Liquid"",""Gas""]",Ebulliometric method (Recirculating still),335.82,"{""nPropDigits"":5,""nPropNumber"":1,""CombinedUncertainty"":{""nCombUncertAssessNum"":1,""nCombExpandUncertValue"":0.1},""nPropValue"":335.82}",variable,"{""nVarDigits"":4,""nVarNumber"":1,""nVarValue"":36.4}",335.82,True,,36400.0,True,False,False
10.1016/j.fluid.2015.07.017#d15#p1#r1,10.1016/j.fluid.2015.07.017#d15#p1,10.1016/j.fluid.2015.07.017.json,15,1,1,"InChI=1S/C5H12O2/c1-3-4-7-5-6-2/h3-5H2,1-2H3",XDEBEEKYERBCBM-UHFFFAOYSA-N,1-(methoxymethoxy)propane,C5H12O2,10.1016/j.fluid.2015.07.017,2015,"Boiling temperature at pressure P, K",Liquid,"[""Liquid"",""Gas""]",Ebulliometric method (Recirculating still),341.26,"{""nPropNumber"":1,""nPropDigits"":5,""CombinedUncertainty"":{""nCombExpandUncertValue"":0.1,""nCombUncertAssessNum"":1},""nPropValue"":341.26}",variable,"{""nVarValue"":44.6,""nVarDigits"":4,""nVarNumber"":1}",341.26,True,,44600.0,True,False,False
10.1016/j.fluid.2015.07.017#d16#p1#r1,10.1016/j.fluid.2015.07.017#d16#p1,10.1016/j.fluid.2015.07.017.json,16,1,1,"InChI=1S/C5H12O2/c1-3-4-7-5-6-2/h3-5H2,1-2H3",XDEBEEKYERBCBM-UHFFFAOYSA-N,1-(methoxymethoxy)propane,C5H12O2,10.1016/j.fluid.2015.07.017,2015,"Boiling temperature at pressure P, K",Liquid,"[""Liquid"",""Gas""]",Ebulliometric method (Recirculating still),346.32,"{""nPropValue"":346.32,""CombinedUncertainty"":{""nCombExpandUncertValue"":0.1,""nCombUncertAssessNum"":1},""nPropNumber"":1,""nPropDigits"":5}",variable,"{""nVarValue"":53.33,""nVarDigits"":4,""nVarNumber"":1}",346.32,True,,53330.0,True,False,False
10.1016/j.fluid.2015.07.017#d17#p1#r1,10.1016/j.fluid.2015.07.017#d17#p1,10.1016/j.fluid.2015.07.017.json,17,1,1,"InChI=1S/C5H12O2/c1-3-4-7-5-6-2/h3-5H2,1-2H3",XDEBEEKYERBCBM-UHFFFAOYSA-N,1-(methoxymethoxy)propane,C5H12O2,10.1016/j.fluid.2015.07.017,2015,"Boiling temperature at pressure P, K",Liquid,"[""Liquid"",""Gas""]",Ebulliometric method (Recirculating still),349.4,"{""nPropDigits"":5,""nPropNumber"":1,""nPropValue"":349.4,""CombinedUncertainty"":{""nCombExpandUncertValue"":0.1,""nCombUncertAssessNum"":1}}",variable,"{""nVarValue"":59.35,""nVarDigits"":4,""nVarNumber"":1}",349.4,True,,59350.0,True,False,False
10.1016/j.fluid.2015.07.017#d18#p1#r1,10.1016/j.fluid.2015.07.017#d18#p1,10.1016/j.fluid.2015.07.017.json,18,1,1,"InChI=1S/C5H12O2/c1-3-4-7-5-6-2/h3-5H2,1-2H3",XDEBEEKYERBCBM-UHFFFAOYSA-N,1-(methoxymethoxy)propane,C5H12O2,10.1016/j.fluid.2015.07.017,2015,"Boiling temperature at pressure P, K",Liquid,"[""Liquid"",""Gas""]",Ebulliometric method (Recirculating still),354.22,"{""nPropDigits"":5,""nPropNumber"":1,""CombinedUncertainty"":{""nCombExpandUncertValue"":0.1,""nCombUncertAssessNum"":1},""nPropValue"":354.22}",variable,"{""nVarNumber"":1,""nVarDigits"":4,""nVarValue"":69.65}",354.22,True,,69650.0,True,False,False
10.1016/j.fluid.2015.07.017#d19#p1#r1,10.1016/j.fluid.2015.07.017#d19#p1,10.1016/j.fluid.2015.07.017.json,19,1,1,"InChI=1S/C5H12O2/c1-3-4-7-5-6-2/h3-5H2,1-2H3",XDEBEEKYERBCBM-UHFFFAOYSA-N,1-(methoxymethoxy)propane,C5H12O2,10.1016/j.fluid.2015.07.017,2015,"Boiling temperature at pressure P, K",Liquid,"[""Liquid"",""Gas""]",Ebulliometric method (Recirculating still),358.4,"{""nPropNumber"":1,""nPropDigits"":5,""nPropValue"":358.4,""CombinedUncertainty"":{""nCombExpandUncertValue"":0.1,""nCombUncertAssessNum"":1}}",variable,"{""nVarValue"":79.9,""nVarDigits"":4,""nVarNumber"":1}",358.4,True,,79900.0,True,False,False
10.1016/j.fluid.2015.07.017#d20#p1#r1,10.1016/j.fluid.2015.07.017#d20#p1,10.1016/j.fluid.2015.07.017.json,20,1,1,"InChI=1S/C5H12O2/c1-3-4-7-5-6-2/h3-5H2,1-2H3",XDEBEEKYERBCBM-UHFFFAOYSA-N,1-(methoxymethoxy)propane,C5H12O2,10.1016/j.fluid.2015.07.017,2015,"Boiling temperature at pressure P, K",Liquid,"[""Liquid"",""Gas""]",Ebulliometric method (Recirculating still),361.48,"{""CombinedUncertainty"":{""nCombExpandUncertValue"":0.1,""nCombUncertAssessNum"":1},""nPropValue"":361.48,""nPropDigits"":5,""nPropNumber"":1}",variable,"{""nVarNumber"":1,""nVarDigits"":4,""nVarValue"":87.9}",361.48,True,,87900.0,True,False,False
10.1016/j.fluid.2015.07.017#d21#p1#r1,10.1016/j.fluid.2015.07.017#d21#p1,10.1016/j.fluid.2015.07.017.json,21,1,1,"InChI=1S/C5H12O2/c1-3-4-7-5-6-2/h3-5H2,1-2H3",XDEBEEKYERBCBM-UHFFFAOYSA-N,1-(methoxymethoxy)propane,C5H12O2,10.1016/j.fluid.2015.07.017,2015,"Boiling temperature at pressure P, K",Liquid,"[""Liquid"",""Gas""]",Ebulliometric method (Recirculating still),363.97,"{""nPropValue"":363.97,""CombinedUncertainty"":{""nCombUncertAssessNum"":1,""nCombExpandUncertValue"":0.1},""nPropNumber"":1,""nPropDigits"":5}",variable,"{""nVarValue"":94.9,""nVarDigits"":4,""nVarNumber"":1}",363.97,True,,94900.0,True,False,False
10.1016/j.fluid.2015.07.017#d22#p1#r1,10.1016/j.fluid.2015.07.017#d22#p1,10.1016/j.fluid.2015.07.017.json,22,1,1,"InChI=1S/C5H12O2/c1-3-4-7-5-6-2/h3-5H2,1-2H3",XDEBEEKYERBCBM-UHFFFAOYSA-N,1-(methoxymethoxy)propane,C5H12O2,10.1016/j.fluid.2015.07.017,2015,"Boiling temperature at pressure P, K",Liquid,"[""Liquid"",""Gas""]",Ebulliometric method (Recirculating still),366.12,"{""nPropNumber"":1,""nPropDigits"":5,""CombinedUncertainty"":{""nCombExpandUncertValue"":0.1,""nCombUncertAssessNum"":1},""nPropValue"":366.12}",variable,"{""nVarValue"":101.33,""nVarDigits"":5,""nVarNumber"":1}",366.12,True,,101330.0,True,False,False
10.1016/j.fluid.2015.07.017#d23#p1#r1,10.1016/j.fluid.2015.07.017#d23#p1,10.1016/j.fluid.2015.07.017.json,23,1,1,"InChI=1S/C5H12O2/c1-3-4-7-5-6-2/h3-5H2,1-2H3",XDEBEEKYERBCBM-UHFFFAOYSA-N,1-(methoxymethoxy)propane,C5H12O2,10.1016/j.fluid.2015.07.017,2015,"Boiling temperature at pressure P, K",Liquid,"[""Liquid"",""Gas""]",Ebulliometric method (Recirculating still),369.29,"{""nPropNumber"":1,""nPropDigits"":5,""nPropValue"":369.29,""CombinedUncertainty"":{""nCombUncertAssessNum"":1,""nCombExpandUncertValue"":0.1}}",variable,"{""nVarValue"":112,""nVarDigits"":5,""nVarNumber"":1}",369.29,True,,112000,True,False,False
10.1016/j.fluid.2015.07.045#d2#p1#r1,10.1016/j.fluid.2015.07.045#d2#p1,10.1016/j.fluid.2015.07.045.json,2,1,1,InChI=1S/C3H6O2/c1-3(4)5-2/h1-2H3,KXKVLQRXCPHEJC-UHFFFAOYSA-N,methyl ethanoate,C3H6O2,10.1016/j.fluid.2015.07.045,2016,"Boiling temperature at pressure P, K",Liquid,"[""Liquid"",""Gas""]",Ebulliometric method (Recirculating still),330.2,"{""CombinedUncertainty"":{""nCombExpandUncertValue"":0.1,""nCombUncertAssessNum"":1},""nPropValue"":330.2,""nPropDigits"":5,""nPropNumber"":1}",variable,"{""nVarNumber"":1,""nVarDigits"":4,""nVarValue"":101.3}",330.2,True,,101300.0,True,False,False
10.1016/j.fluid.2015.07.045#d4#p1#r1,10.1016/j.fluid.2015.07.045#d4#p1,10.1016/j.fluid.2015.07.045.json,4,1,1,"InChI=1S/CH4O/c1-2/h2H,1H3",OKKJLVBELUTLKV-UHFFFAOYSA-N,methanol,CH4O,10.1016/j.fluid.2015.07.045,2016,"Boiling temperature at pressure P, K",Liquid,"[""Liquid"",""Gas""]",Ebulliometric method (Recirculating still),337.69,"{""nPropNumber"":1,""nPropDigits"":5,""CombinedUncertainty"":{""nCombExpandUncertValue"":0.1,""nCombUncertAssessNum"":1},""nPropValue"":337.69}",variable,"{""nVarValue"":101.3,""nVarDigits"":4,""nVarNumber"":1}",337.69,True,,101300.0,True,False,False
10.1016/j.fluid.2015.08.008#d1#p1#r1,10.1016/j.fluid.2015.08.008#d1#p1,10.1016/j.fluid.2015.08.008.json,1,1,1,InChI=1S/C7H12N2/c1-3-7-8-4-2-6-9(7)5-1/h1-6H2,SGUVLZREKBPKCE-UHFFFAOYSA-N,"1,5-diazabicyclo[4.3.0]non-5-ene",C7H12N2,10.1016/j.fluid.2015.08.008,2016,"Boiling temperature at pressure P, K",Liquid,"[""Liquid"",""Gas""]",distillation unit - dew point temperature,358.84,"{""CombinedUncertainty"":{""nCombExpandUncertValue"":19.82,""nCombUncertAssessNum"":1},""nPropValue"":358.84,""nPropDigits"":5,""nPropNumber"":1}",variable,"{""nVarNumber"":1,""nVarDigits"":3,""nVarValue"":0.71}",358.84,True,,710.0,False,True,False
10.1016/j.fluid.2015.08.008#d1#p1#r2,10.1016/j.fluid.2015.08.008#d1#p1,10.1016/j.fluid.2015.08.008.json,1,1,2,InChI=1S/C7H12N2/c1-3-7-8-4-2-6-9(7)5-1/h1-6H2,SGUVLZREKBPKCE-UHFFFAOYSA-N,"1,5-diazabicyclo[4.3.0]non-5-ene",C7H12N2,10.1016/j.fluid.2015.08.008,2016,"Boiling temperature at pressure P, K",Liquid,"[""Liquid"",""Gas""]",distillation unit - dew point temperature,364.01,"{""nPropNumber"":1,""nPropDigits"":5,""nPropValue"":364.01,""CombinedUncertainty"":{""nCombExpandUncertValue"":17.86,""nCombUncertAssessNum"":1}}",variable,"{""nVarDigits"":3,""nVarNumber"":1,""nVarValue"":0.91}",364.01,True,,910.0,False,True,False
10.1016/j.fluid.2015.08.008#d1#p1#r3,10.1016/j.fluid.2015.08.008#d1#p1,10.1016/j.fluid.2015.08.008.json,1,1,3,InChI=1S/C7H12N2/c1-3-7-8-4-2-6-9(7)5-1/h1-6H2,SGUVLZREKBPKCE-UHFFFAOYSA-N,"1,5-diazabicyclo[4.3.0]non-5-ene",C7H12N2,10.1016/j.fluid.2015.08.008,2016,"Boiling temperature at pressure P, K",Liquid,"[""Liquid"",""Gas""]",distillation unit - dew point temperature,364.61,"{""CombinedUncertainty"":{""nCombUncertAssessNum"":1,""nCombExpandUncertValue"":17.33},""nPropValue"":364.61,""nPropDigits"":5,""nPropNumber"":1}",variable,"{""nVarValue"":0.92,""nVarDigits"":3,""nVarNumber"":1}",364.61,True,,920.0,False,True,False
10.1016/j.fluid.2015.08.008#d1#p1#r4,10.1016/j.fluid.2015.08.008#d1#p1,10.1016/j.fluid.2015.08.008.json,1,1,4,InChI=1S/C7H12N2/c1-3-7-8-4-2-6-9(7)5-1/h1-6H2,SGUVLZREKBPKCE-UHFFFAOYSA-N,"1,5-diazabicyclo[4.3.0]non-5-ene",C7H12N2,10.1016/j.fluid.2015.08.008,2016,"Boiling temperature at pressure P, K",Liquid,"[""Liquid"",""Gas""]",distillation unit - dew point temperature,371.35,"{""nPropValue"":371.35,""CombinedUncertainty"":{""nCombExpandUncertValue"":12.68,""nCombUncertAssessNum"":1},""nPropNumber"":1,""nPropDigits"":5}",variable,"{""nVarValue"":1.39,""nVarNumber"":1,""nVarDigits"":4}",371.35,True,,1390.0,False,True,False
10.1016/j.fluid.2015.08.008#d1#p1#r5,10.1016/j.fluid.2015.08.008#d1#p1,10.1016/j.fluid.2015.08.008.json,1,1,5,InChI=1S/C7H12N2/c1-3-7-8-4-2-6-9(7)5-1/h1-6H2,SGUVLZREKBPKCE-UHFFFAOYSA-N,"1,5-diazabicyclo[4.3.0]non-5-ene",C7H12N2,10.1016/j.fluid.2015.08.008,2016,"Boiling temperature at pressure P, K",Liquid,"[""Liquid"",""Gas""]",distillation unit - dew point temperature,372.05,"{""nPropNumber"":1,""nPropDigits"":5,""nPropValue"":372.05,""CombinedUncertainty"":{""nCombUncertAssessNum"":1,""nCombExpandUncertValue"":12.29}}",variable,"{""nVarNumber"":1,""nVarDigits"":4,""nVarValue"":1.41}",372.05,True,,1410.0,False,True,False
10.1016/j.fluid.2015.08.008#d1#p1#r6,10.1016/j.fluid.2015.08.008#d1#p1,10.1016/j.fluid.2015.08.008.json,1,1,6,InChI=1S/C7H12N2/c1-3-7-8-4-2-6-9(7)5-1/h1-6H2,SGUVLZREKBPKCE-UHFFFAOYSA-N,"1,5-diazabicyclo[4.3.0]non-5-ene",C7H12N2,10.1016/j.fluid.2015.08.008,2016,"Boiling temperature at pressure P, K",Liquid,"[""Liquid"",""Gas""]",distillation unit - dew point temperature,379.14,"{""nPropValue"":379.14,""CombinedUncertainty"":{""nCombUncertAssessNum"":1,""nCombExpandUncertValue"":13.62},""nPropNumber"":1,""nPropDigits"":5}",variable,"{""nVarValue"":1.87,""nVarDigits"":4,""nVarNumber"":1}",379.14,True,,1870.0,False,True,False
10.1016/j.fluid.2015.08.008#d1#p1#r7,10.1016/j.fluid.2015.08.008#d1#p1,10.1016/j.fluid.2015.08.008.json,1,1,7,InChI=1S/C7H12N2/c1-3-7-8-4-2-6-9(7)5-1/h1-6H2,SGUVLZREKBPKCE-UHFFFAOYSA-N,"1,5-diazabicyclo[4.3.0]non-5-ene",C7H12N2,10.1016/j.fluid.2015.08.008,2016,"Boiling temperature at pressure P, K",Liquid,"[""Liquid"",""Gas""]",distillation unit - dew point temperature,387.2,"{""nPropNumber"":1,""nPropDigits"":5,""CombinedUncertainty"":{""nCombUncertAssessNum"":1,""nCombExpandUncertValue"":8.07},""nPropValue"":387.2}",variable,"{""nVarDigits"":4,""nVarNumber"":1,""nVarValue"":2.81}",387.2,True,,2810.0,False,True,False
10.1016/j.fluid.2015.08.008#d1#p1#r8,10.1016/j.fluid.2015.08.008#d1#p1,10.1016/j.fluid.2015.08.008.json,1,1,8,InChI=1S/C7H12N2/c1-3-7-8-4-2-6-9(7)5-1/h1-6H2,SGUVLZREKBPKCE-UHFFFAOYSA-N,"1,5-diazabicyclo[4.3.0]non-5-ene",C7H12N2,10.1016/j.fluid.2015.08.008,2016,"Boiling temperature at pressure P, K",Liquid,"[""Liquid"",""Gas""]",distillation unit - dew point temperature,387.81,"{""CombinedUncertainty"":{""nCombUncertAssessNum"":1,""nCombExpandUncertValue"":8.1},""nPropValue"":387.81,""nPropNumber"":1,""nPropDigits"":5}",variable,"{""nVarValue"":2.86,""nVarNumber"":1,""nVarDigits"":4}",387.81,True,,2860.0,False,True,False
10.1016/j.fluid.2015.08.008#d1#p1#r9,10.1016/j.fluid.2015.08.008#d1#p1,10.1016/j.fluid.2015.08.008.json,1,1,9,InChI=1S/C7H12N2/c1-3-7-8-4-2-6-9(7)5-1/h1-6H2,SGUVLZREKBPKCE-UHFFFAOYSA-N,"1,5-diazabicyclo[4.3.0]non-5-ene",C7H12N2,10.1016/j.fluid.2015.08.008,2016,"Boiling temperature at pressure P, K",Liquid,"[""Liquid"",""Gas""]",distillation unit - dew point temperature,390.96,"{""nPropValue"":390.96,""CombinedUncertainty"":{""nCombExpandUncertValue"":7.46,""nCombUncertAssessNum"":1},""nPropDigits"":5,""nPropNumber"":1}",variable,"{""nVarNumber"":1,""nVarDigits"":4,""nVarValue"":3.37}",390.96,True,,3370.0,False,True,False
10.1016/j.fluid.2015.08.008#d1#p1#r10,10.1016/j.fluid.2015.08.008#d1#p1,10.1016/j.fluid.2015.08.008.json,1,1,10,InChI=1S/C7H12N2/c1-3-7-8-4-2-6-9(7)5-1/h1-6H2,SGUVLZREKBPKCE-UHFFFAOYSA-N,"1,5-diazabicyclo[4.3.0]non-5-ene",C7H12N2,10.1016/j.fluid.2015.08.008,2016,"Boiling temperature at pressure P, K",Liquid,"[""Liquid"",""Gas""]",distillation unit - dew point temperature,393.33,"{""nPropValue"":393.33,""CombinedUncertainty"":{""nCombExpandUncertValue"":6.39,""nCombUncertAssessNum"":1},""nPropDigits"":5,""nPropNumber"":1}",variable,"{""nVarNumber"":1,""nVarDigits"":4,""nVarValue"":3.88}",393.33,True,,3880.0,False,True,False
10.1016/j.fluid.2015.08.008#d1#p1#r11,10.1016/j.fluid.2015.08.008#d1#p1,10.1016/j.fluid.2015.08.008.json,1,1,11,InChI=1S/C7H12N2/c1-3-7-8-4-2-6-9(7)5-1/h1-6H2,SGUVLZREKBPKCE-UHFFFAOYSA-N,"1,5-diazabicyclo[4.3.0]non-5-ene",C7H12N2,10.1016/j.fluid.2015.08.008,2016,"Boiling temperature at pressure P, K",Liquid,"[""Liquid"",""Gas""]",distillation unit - dew point temperature,400.15,"{""CombinedUncertainty"":{""nCombExpandUncertValue"":6.15,""nCombUncertAssessNum"":1},""nPropValue"":400.15,""nPropNumber"":1,""nPropDigits"":5}",variable,"{""nVarNumber"":1,""nVarDigits"":4,""nVarValue"":5.11}",400.15,True,,5110.0,False,True,False
10.1016/j.fluid.2015.08.008#d1#p1#r12,10.1016/j.fluid.2015.08.008#d1#p1,10.1016/j.fluid.2015.08.008.json,1,1,12,InChI=1S/C7H12N2/c1-3-7-8-4-2-6-9(7)5-1/h1-6H2,SGUVLZREKBPKCE-UHFFFAOYSA-N,"1,5-diazabicyclo[4.3.0]non-5-ene",C7H12N2,10.1016/j.fluid.2015.08.008,2016,"Boiling temperature at pressure P, K",Liquid,"[""Liquid"",""Gas""]",distillation unit - dew point temperature,402.06,"{""nPropValue"":402.06,""CombinedUncertainty"":{""nCombExpandUncertValue"":5.35,""nCombUncertAssessNum"":1},""nPropNumber"":1,""nPropDigits"":5}",variable,"{""nVarDigits"":4,""nVarNumber"":1,""nVarValue"":5.53}",402.06,True,,5530.0,False,True,False
10.1016/j.fluid.2015.08.008#d1#p1#r13,10.1016/j.fluid.2015.08.008#d1#p1,10.1016/j.fluid.2015.08.008.json,1,1,13,InChI=1S/C7H12N2/c1-3-7-8-4-2-6-9(7)5-1/h1-6H2,SGUVLZREKBPKCE-UHFFFAOYSA-N,"1,5-diazabicyclo[4.3.0]non-5-ene",C7H12N2,10.1016/j.fluid.2015.08.008,2016,"Boiling temperature at pressure P, K",Liquid,"[""Liquid"",""Gas""]",distillation unit - dew point temperature,404.85,"{""nPropValue"":404.85,""CombinedUncertainty"":{""nCombUncertAssessNum"":1,""nCombExpandUncertValue"":4.61},""nPropNumber"":1,""nPropDigits"":5}",variable,"{""nVarValue"":6.11,""nVarNumber"":1,""nVarDigits"":4}",404.85,True,,6110.0,False,True,False
10.1016/j.fluid.2015.08.008#d1#p1#r14,10.1016/j.fluid.2015.08.008#d1#p1,10.1016/j.fluid.2015.08.008.json,1,1,14,InChI=1S/C7H12N2/c1-3-7-8-4-2-6-9(7)5-1/h1-6H2,SGUVLZREKBPKCE-UHFFFAOYSA-N,"1,5-diazabicyclo[4.3.0]non-5-ene",C7H12N2,10.1016/j.fluid.2015.08.008,2016,"Boiling temperature at pressure P, K",Liquid,"[""Liquid"",""Gas""]",distillation unit - dew point temperature,407.93,"{""nPropDigits"":5,""nPropNumber"":1,""nPropValue"":407.93,""CombinedUncertainty"":{""nCombUncertAssessNum"":1,""nCombExpandUncertValue"":4.51}}",variable,"{""nVarValue"":7.15,""nVarNumber"":1,""nVarDigits"":4}",407.93,True,,7150.0,False,True,False
10.1016/j.fluid.2015.08.008#d1#p1#r15,10.1016/j.fluid.2015.08.008#d1#p1,10.1016/j.fluid.2015.08.008.json,1,1,15,InChI=1S/C7H12N2/c1-3-7-8-4-2-6-9(7)5-1/h1-6H2,SGUVLZREKBPKCE-UHFFFAOYSA-N,"1,5-diazabicyclo[4.3.0]non-5-ene",C7H12N2,10.1016/j.fluid.2015.08.008,2016,"Boiling temperature at pressure P, K",Liquid,"[""Liquid"",""Gas""]",distillation unit - dew point temperature,412.15,"{""CombinedUncertainty"":{""nCombUncertAssessNum"":1,""nCombExpandUncertValue"":4.24},""nPropValue"":412.15,""nPropDigits"":5,""nPropNumber"":1}",variable,"{""nVarDigits"":4,""nVarNumber"":1,""nVarValue"":8.11}",412.15,True,,8109.999999999999,False,True,False
10.1016/j.fluid.2015.08.008#d1#p1#r16,10.1016/j.fluid.2015.08.008#d1#p1,10.1016/j.fluid.2015.08.008.json,1,1,16,InChI=1S/C7H12N2/c1-3-7-8-4-2-6-9(7)5-1/h1-6H2,SGUVLZREKBPKCE-UHFFFAOYSA-N,"1,5-diazabicyclo[4.3.0]non-5-ene",C7H12N2,10.1016/j.fluid.2015.08.008,2016,"Boiling temperature at pressure P, K",Liquid,"[""Liquid"",""Gas""]",distillation unit - dew point temperature,415.55,"{""nPropValue"":415.55,""CombinedUncertainty"":{""nCombUncertAssessNum"":1,""nCombExpandUncertValue"":3.45},""nPropDigits"":5,""nPropNumber"":1}",variable,"{""nVarDigits"":4,""nVarNumber"":1,""nVarValue"":9.4}",415.55,True,,9400.0,False,True,False
10.1016/j.fluid.2015.08.008#d1#p1#r17,10.1016/j.fluid.2015.08.008#d1#p1,10.1016/j.fluid.2015.08.008.json,1,1,17,InChI=1S/C7H12N2/c1-3-7-8-4-2-6-9(7)5-1/h1-6H2,SGUVLZREKBPKCE-UHFFFAOYSA-N,"1,5-diazabicyclo[4.3.0]non-5-ene",C7H12N2,10.1016/j.fluid.2015.08.008,2016,"Boiling temperature at pressure P, K",Liquid,"[""Liquid"",""Gas""]",distillation unit - dew point temperature,417.65,"{""nPropValue"":417.65,""CombinedUncertainty"":{""nCombUncertAssessNum"":1,""nCombExpandUncertValue"":3.52},""nPropNumber"":1,""nPropDigits"":5}",variable,"{""nVarDigits"":5,""nVarNumber"":1,""nVarValue"":10.12}",417.65,True,,10120.0,False,True,False
10.1016/j.fluid.2015.08.008#d1#p1#r18,10.1016/j.fluid.2015.08.008#d1#p1,10.1016/j.fluid.2015.08.008.json,1,1,18,InChI=1S/C7H12N2/c1-3-7-8-4-2-6-9(7)5-1/h1-6H2,SGUVLZREKBPKCE-UHFFFAOYSA-N,"1,5-diazabicyclo[4.3.0]non-5-ene",C7H12N2,10.1016/j.fluid.2015.08.008,2016,"Boiling temperature at pressure P, K",Liquid,"[""Liquid"",""Gas""]",distillation unit - dew point temperature,422.75,"{""CombinedUncertainty"":{""nCombExpandUncertValue"":3.59,""nCombUncertAssessNum"":1},""nPropValue"":422.75,""nPropNumber"":1,""nPropDigits"":5}",variable,"{""nVarNumber"":1,""nVarDigits"":5,""nVarValue"":12.14}",422.75,True,,12140.0,False,True,False
10.1016/j.fluid.2015.08.008#d3#p1#r1,10.1016/j.fluid.2015.08.008#d3#p1,10.1016/j.fluid.2015.08.008.json,3,1,1,InChI=1S/C9H16N2/c1-2-5-9-10-6-4-8-11(9)7-3-1/h1-8H2,GQHTUMJGOHRCHB-UHFFFAOYSA-N,"1,8-diaza-7-bicyclo[5.4.0]undecene",C9H16N2,10.1016/j.fluid.2015.08.008,2016,"Boiling temperature at pressure P, K",Liquid,"[""Liquid"",""Gas""]",distillation unit - dew point temperature,375.77,"{""CombinedUncertainty"":{""nCombExpandUncertValue"":24.88,""nCombUncertAssessNum"":1},""nPropValue"":375.77,""nPropNumber"":1,""nPropDigits"":5}",variable,"{""nVarDigits"":3,""nVarNumber"":1,""nVarValue"":0.51}",375.77,True,,510.0,False,True,False
10.1016/j.fluid.2015.08.008#d3#p1#r2,10.1016/j.fluid.2015.08.008#d3#p1,10.1016/j.fluid.2015.08.008.json,3,1,2,InChI=1S/C9H16N2/c1-2-5-9-10-6-4-8-11(9)7-3-1/h1-8H2,GQHTUMJGOHRCHB-UHFFFAOYSA-N,"1,8-diaza-7-bicyclo[5.4.0]undecene",C9H16N2,10.1016/j.fluid.2015.08.008,2016,"Boiling temperature at pressure P, K",Liquid,"[""Liquid"",""Gas""]",distillation unit - dew point temperature,383.45,"{""nPropNumber"":1,""nPropDigits"":5,""nPropValue"":383.45,""CombinedUncertainty"":{""nCombUncertAssessNum"":1,""nCombExpandUncertValue"":19.71}}",variable,"{""nVarValue"":0.71,""nVarNumber"":1,""nVarDigits"":3}",383.45,True,,710.0,False,True,False
10.1016/j.fluid.2015.08.008#d3#p1#r3,10.1016/j.fluid.2015.08.008#d3#p1,10.1016/j.fluid.2015.08.008.json,3,1,3,InChI=1S/C9H16N2/c1-2-5-9-10-6-4-8-11(9)7-3-1/h1-8H2,GQHTUMJGOHRCHB-UHFFFAOYSA-N,"1,8-diaza-7-bicyclo[5.4.0]undecene",C9H16N2,10.1016/j.fluid.2015.08.008,2016,"Boiling temperature at pressure P, K",Liquid,"[""Liquid"",""Gas""]",distillation unit - dew point temperature,389.4,"{""CombinedUncertainty"":{""nCombUncertAssessNum"":1,""nCombExpandUncertValue"":16.49},""nPropValue"":389.4,""nPropNumber"":1,""nPropDigits"":5}",variable,"{""nVarValue"":1.01,""nVarDigits"":4,""nVarNumber"":1}",389.4,True,,1010.0,False,True,False
10.1016/j.fluid.2015.08.008#d3#p1#r4,10.1016/j.fluid.2015.08.008#d3#p1,10.1016/j.fluid.2015.08.008.json,3,1,4,InChI=1S/C9H16N2/c1-2-5-9-10-6-4-8-11(9)7-3-1/h1-8H2,GQHTUMJGOHRCHB-UHFFFAOYSA-N,"1,8-diaza-7-bicyclo[5.4.0]undecene",C9H16N2,10.1016/j.fluid.2015.08.008,2016,"Boiling temperature at pressure P, K",Liquid,"[""Liquid"",""Gas""]",distillation unit - dew point temperature,395.15,"{""nPropDigits"":5,""nPropNumber"":1,""nPropValue"":395.15,""CombinedUncertainty"":{""nCombUncertAssessNum"":1,""nCombExpandUncertValue"":13.51}}",variable,"{""nVarValue"":1.31,""nVarNumber"":1,""nVarDigits"":4}",395.15,True,,1310.0,False,True,False
10.1016/j.fluid.2015.08.008#d3#p1#r5,10.1016/j.fluid.2015.08.008#d3#p1,10.1016/j.fluid.2015.08.008.json,3,1,5,InChI=1S/C9H16N2/c1-2-5-9-10-6-4-8-11(9)7-3-1/h1-8H2,GQHTUMJGOHRCHB-UHFFFAOYSA-N,"1,8-diaza-7-bicyclo[5.4.0]undecene",C9H16N2,10.1016/j.fluid.2015.08.008,2016,"Boiling temperature at pressure P, K",Liquid,"[""Liquid"",""Gas""]",distillation unit - dew point temperature,397.75,"{""nPropValue"":397.75,""CombinedUncertainty"":{""nCombExpandUncertValue"":18.88,""nCombUncertAssessNum"":1},""nPropDigits"":5,""nPropNumber"":1}",variable,"{""nVarValue"":1.51,""nVarDigits"":4,""nVarNumber"":1}",397.75,True,,1510.0,False,True,False
10.1016/j.fluid.2015.08.008#d3#p1#r6,10.1016/j.fluid.2015.08.008#d3#p1,10.1016/j.fluid.2015.08.008.json,3,1,6,InChI=1S/C9H16N2/c1-2-5-9-10-6-4-8-11(9)7-3-1/h1-8H2,GQHTUMJGOHRCHB-UHFFFAOYSA-N,"1,8-diaza-7-bicyclo[5.4.0]undecene",C9H16N2,10.1016/j.fluid.2015.08.008,2016,"Boiling temperature at pressure P, K",Liquid,"[""Liquid"",""Gas""]",distillation unit - dew point temperature,400.85,"{""nPropDigits"":5,""nPropNumber"":1,""CombinedUncertainty"":{""nCombUncertAssessNum"":1,""nCombExpandUncertValue"":14.36},""nPropValue"":400.85}",variable,"{""nVarValue"":1.71,""nVarNumber"":1,""nVarDigits"":4}",400.85,True,,1710.0,False,True,False
10.1016/j.fluid.2015.08.008#d3#p1#r7,10.1016/j.fluid.2015.08.008#d3#p1,10.1016/j.fluid.2015.08.008.json,3,1,7,InChI=1S/C9H16N2/c1-2-5-9-10-6-4-8-11(9)7-3-1/h1-8H2,GQHTUMJGOHRCHB-UHFFFAOYSA-N,"1,8-diaza-7-bicyclo[5.4.0]undecene",C9H16N2,10.1016/j.fluid.2015.08.008,2016,"Boiling temperature at pressure P, K",Liquid,"[""Liquid"",""Gas""]",distillation unit - dew point temperature,403.95,"{""CombinedUncertainty"":{""nCombExpandUncertValue"":13.38,""nCombUncertAssessNum"":1},""nPropValue"":403.95,""nPropNumber"":1,""nPropDigits"":5}",variable,"{""nVarDigits"":4,""nVarNumber"":1,""nVarValue"":2.01}",403.95,True,,2009.9999999999998,False,True,False
10.1016/j.fluid.2015.08.008#d3#p1#r8,10.1016/j.fluid.2015.08.008#d3#p1,10.1016/j.fluid.2015.08.008.json,3,1,8,InChI=1S/C9H16N2/c1-2-5-9-10-6-4-8-11(9)7-3-1/h1-8H2,GQHTUMJGOHRCHB-UHFFFAOYSA-N,"1,8-diaza-7-bicyclo[5.4.0]undecene",C9H16N2,10.1016/j.fluid.2015.08.008,2016,"Boiling temperature at pressure P, K",Liquid,"[""Liquid"",""Gas""]",distillation unit - dew point temperature,407.05,"{""nPropNumber"":1,""nPropDigits"":5,""nPropValue"":407.05,""CombinedUncertainty"":{""nCombUncertAssessNum"":1,""nCombExpandUncertValue"":12}}",variable,"{""nVarValue"":2.31,""nVarNumber"":1,""nVarDigits"":4}",407.05,True,,2310.0,False,True,False
10.1016/j.fluid.2015.08.008#d3#p1#r9,10.1016/j.fluid.2015.08.008#d3#p1,10.1016/j.fluid.2015.08.008.json,3,1,9,InChI=1S/C9H16N2/c1-2-5-9-10-6-4-8-11(9)7-3-1/h1-8H2,GQHTUMJGOHRCHB-UHFFFAOYSA-N,"1,8-diaza-7-bicyclo[5.4.0]undecene",C9H16N2,10.1016/j.fluid.2015.08.008,2016,"Boiling temperature at pressure P, K",Liquid,"[""Liquid"",""Gas""]",distillation unit - dew point temperature,409,"{""nPropNumber"":1,""nPropDigits"":5,""CombinedUncertainty"":{""nCombExpandUncertValue"":10.99,""nCombUncertAssessNum"":1},""nPropValue"":409}",variable,"{""nVarValue"":2.51,""nVarNumber"":1,""nVarDigits"":4}",409,True,,2510.0,False,True,False
10.1016/j.fluid.2015.08.008#d3#p1#r10,10.1016/j.fluid.2015.08.008#d3#p1,10.1016/j.fluid.2015.08.008.json,3,1,10,InChI=1S/C9H16N2/c1-2-5-9-10-6-4-8-11(9)7-3-1/h1-8H2,GQHTUMJGOHRCHB-UHFFFAOYSA-N,"1,8-diaza-7-bicyclo[5.4.0]undecene",C9H16N2,10.1016/j.fluid.2015.08.008,2016,"Boiling temperature at pressure P, K",Liquid,"[""Liquid"",""Gas""]",distillation unit - dew point temperature,412.87,"{""CombinedUncertainty"":{""nCombExpandUncertValue"":9.83,""nCombUncertAssessNum"":1},""nPropValue"":412.87,""nPropNumber"":1,""nPropDigits"":5}",variable,"{""nVarValue"":3.01,""nVarNumber"":1,""nVarDigits"":4}",412.87,True,,3010.0,False,True,False
10.1016/j.fluid.2015.08.008#d3#p1#r11,10.1016/j.fluid.2015.08.008#d3#p1,10.1016/j.fluid.2015.08.008.json,3,1,11,InChI=1S/C9H16N2/c1-2-5-9-10-6-4-8-11(9)7-3-1/h1-8H2,GQHTUMJGOHRCHB-UHFFFAOYSA-N,"1,8-diaza-7-bicyclo[5.4.0]undecene",C9H16N2,10.1016/j.fluid.2015.08.008,2016,"Boiling temperature at pressure P, K",Liquid,"[""Liquid"",""Gas""]",distillation unit - dew point temperature,416.15,"{""nPropNumber"":1,""nPropDigits"":5,""nPropValue"":416.15,""CombinedUncertainty"":{""nCombExpandUncertValue"":9.25,""nCombUncertAssessNum"":1}}",variable,"{""nVarDigits"":4,""nVarNumber"":1,""nVarValue"":3.31}",416.15,True,,3310.0,False,True,False
10.1016/j.fluid.2015.08.008#d3#p1#r12,10.1016/j.fluid.2015.08.008#d3#p1,10.1016/j.fluid.2015.08.008.json,3,1,12,InChI=1S/C9H16N2/c1-2-5-9-10-6-4-8-11(9)7-3-1/h1-8H2,GQHTUMJGOHRCHB-UHFFFAOYSA-N,"1,8-diaza-7-bicyclo[5.4.0]undecene",C9H16N2,10.1016/j.fluid.2015.08.008,2016,"Boiling temperature at pressure P, K",Liquid,"[""Liquid"",""Gas""]",distillation unit - dew point temperature,416.95,"{""nPropNumber"":1,""nPropDigits"":5,""CombinedUncertainty"":{""nCombExpandUncertValue"":8.76,""nCombUncertAssessNum"":1},""nPropValue"":416.95}",variable,"{""nVarNumber"":1,""nVarDigits"":4,""nVarValue"":3.51}",416.95,True,,3510.0,False,True,False
10.1016/j.fluid.2015.08.008#d3#p1#r13,10.1016/j.fluid.2015.08.008#d3#p1,10.1016/j.fluid.2015.08.008.json,3,1,13,InChI=1S/C9H16N2/c1-2-5-9-10-6-4-8-11(9)7-3-1/h1-8H2,GQHTUMJGOHRCHB-UHFFFAOYSA-N,"1,8-diaza-7-bicyclo[5.4.0]undecene",C9H16N2,10.1016/j.fluid.2015.08.008,2016,"Boiling temperature at pressure P, K",Liquid,"[""Liquid"",""Gas""]",distillation unit - dew point temperature,421.02,"{""nPropNumber"":1,""nPropDigits"":5,""CombinedUncertainty"":{""nCombExpandUncertValue"":8.19,""nCombUncertAssessNum"":1},""nPropValue"":421.02}",variable,"{""nVarValue"":4.01,""nVarDigits"":4,""nVarNumber"":1}",421.02,True,,4010.0,False,True,False
10.1016/j.fluid.2015.08.008#d3#p1#r14,10.1016/j.fluid.2015.08.008#d3#p1,10.1016/j.fluid.2015.08.008.json,3,1,14,InChI=1S/C9H16N2/c1-2-5-9-10-6-4-8-11(9)7-3-1/h1-8H2,GQHTUMJGOHRCHB-UHFFFAOYSA-N,"1,8-diaza-7-bicyclo[5.4.0]undecene",C9H16N2,10.1016/j.fluid.2015.08.008,2016,"Boiling temperature at pressure P, K",Liquid,"[""Liquid"",""Gas""]",distillation unit - dew point temperature,422.22,"{""CombinedUncertainty"":{""nCombUncertAssessNum"":1,""nCombExpandUncertValue"":6.81},""nPropValue"":422.22,""nPropNumber"":1,""nPropDigits"":5}",variable,"{""nVarValue"":4.21,""nVarNumber"":1,""nVarDigits"":4}",422.22,True,,4210.0,False,True,False
10.1016/j.fluid.2015.08.008#d3#p1#r15,10.1016/j.fluid.2015.08.008#d3#p1,10.1016/j.fluid.2015.08.008.json,3,1,15,InChI=1S/C9H16N2/c1-2-5-9-10-6-4-8-11(9)7-3-1/h1-8H2,GQHTUMJGOHRCHB-UHFFFAOYSA-N,"1,8-diaza-7-bicyclo[5.4.0]undecene",C9H16N2,10.1016/j.fluid.2015.08.008,2016,"Boiling temperature at pressure P, K",Liquid,"[""Liquid"",""Gas""]",distillation unit - dew point temperature,424.13,"{""CombinedUncertainty"":{""nCombExpandUncertValue"":6.38,""nCombUncertAssessNum"":1},""nPropValue"":424.13,""nPropNumber"":1,""nPropDigits"":5}",variable,"{""nVarNumber"":1,""nVarDigits"":4,""nVarValue"":4.51}",424.13,True,,4510.0,False,True,False
10.1016/j.fluid.2015.08.008#d3#p1#r16,10.1016/j.fluid.2015.08.008#d3#p1,10.1016/j.fluid.2015.08.008.json,3,1,16,InChI=1S/C9H16N2/c1-2-5-9-10-6-4-8-11(9)7-3-1/h1-8H2,GQHTUMJGOHRCHB-UHFFFAOYSA-N,"1,8-diaza-7-bicyclo[5.4.0]undecene",C9H16N2,10.1016/j.fluid.2015.08.008,2016,"Boiling temperature at pressure P, K",Liquid,"[""Liquid"",""Gas""]",distillation unit - dew point temperature,426.92,"{""nPropNumber"":1,""nPropDigits"":5,""nPropValue"":426.92,""CombinedUncertainty"":{""nCombExpandUncertValue"":5.85,""nCombUncertAssessNum"":1}}",variable,"{""nVarNumber"":1,""nVarDigits"":4,""nVarValue"":5.01}",426.92,True,,5010.0,False,True,False
10.1016/j.fluid.2015.08.008#d3#p1#r17,10.1016/j.fluid.2015.08.008#d3#p1,10.1016/j.fluid.2015.08.008.json,3,1,17,InChI=1S/C9H16N2/c1-2-5-9-10-6-4-8-11(9)7-3-1/h1-8H2,GQHTUMJGOHRCHB-UHFFFAOYSA-N,"1,8-diaza-7-bicyclo[5.4.0]undecene",C9H16N2,10.1016/j.fluid.2015.08.008,2016,"Boiling temperature at pressure P, K",Liquid,"[""Liquid"",""Gas""]",distillation unit - dew point temperature,427.85,"{""nPropNumber"":1,""nPropDigits"":5,""nPropValue"":427.85,""CombinedUncertainty"":{""nCombUncertAssessNum"":1,""nCombExpandUncertValue"":5.81}}",variable,"{""nVarValue"":5.31,""nVarNumber"":1,""nVarDigits"":4}",427.85,True,,5310.0,False,True,False
10.1016/j.fluid.2015.08.008#d3#p1#r18,10.1016/j.fluid.2015.08.008#d3#p1,10.1016/j.fluid.2015.08.008.json,3,1,18,InChI=1S/C9H16N2/c1-2-5-9-10-6-4-8-11(9)7-3-1/h1-8H2,GQHTUMJGOHRCHB-UHFFFAOYSA-N,"1,8-diaza-7-bicyclo[5.4.0]undecene",C9H16N2,10.1016/j.fluid.2015.08.008,2016,"Boiling temperature at pressure P, K",Liquid,"[""Liquid"",""Gas""]",distillation unit - dew point temperature,432.45,"{""nPropValue"":432.45,""CombinedUncertainty"":{""nCombUncertAssessNum"":1,""nCombExpandUncertValue"":5.69},""nPropNumber"":1,""nPropDigits"":5}",variable,"{""nVarDigits"":4,""nVarNumber"":1,""nVarValue"":6.31}",432.45,True,,6310.0,False,True,False
10.1016/j.fluid.2015.08.008#d3#p1#r19,10.1016/j.fluid.2015.08.008#d3#p1,10.1016/j.fluid.2015.08.008.json,3,1,19,InChI=1S/C9H16N2/c1-2-5-9-10-6-4-8-11(9)7-3-1/h1-8H2,GQHTUMJGOHRCHB-UHFFFAOYSA-N,"1,8-diaza-7-bicyclo[5.4.0]undecene",C9H16N2,10.1016/j.fluid.2015.08.008,2016,"Boiling temperature at pressure P, K",Liquid,"[""Liquid"",""Gas""]",distillation unit - dew point temperature,437.2,"{""nPropValue"":437.2,""CombinedUncertainty"":{""nCombUncertAssessNum"":1,""nCombExpandUncertValue"":5.91},""nPropNumber"":1,""nPropDigits"":5}",variable,"{""nVarDigits"":4,""nVarNumber"":1,""nVarValue"":7.31}",437.2,True,,7310.0,False,True,False
10.1016/j.fluid.2015.08.012#d1#p1#r1,10.1016/j.fluid.2015.08.012#d1#p1,10.1016/j.fluid.2015.08.012.json,1,1,1,"InChI=1S/C4H5F3O2/c1-2-9-3(8)4(5,6)7/h2H2,1H3",STSCVKRWJPWALQ-UHFFFAOYSA-N,ethyl trifluoroacetate,C4H5F3O2,10.1016/j.fluid.2015.08.012,2016,"Boiling temperature at pressure P, K",Liquid,"[""Liquid"",""Gas""]",Closed cell (Static) method,335.65,"{""CombinedUncertainty"":{""nCombUncertAssessNum"":1,""nCombExpandUncertValue"":0.2},""nPropValue"":335.65,""nPropDigits"":5,""nPropNumber"":1}",variable,"{""nVarValue"":101.3,""nVarNumber"":1,""nVarDigits"":4}",335.65,True,,101300.0,True,False,False
10.1016/j.fluid.2015.08.012#d4#p1#r1,10.1016/j.fluid.2015.08.012#d4#p1,10.1016/j.fluid.2015.08.012.json,4,1,1,"InChI=1S/C2H6O/c1-2-3/h3H,2H2,1H3",LFQSCWFLJHTTHZ-UHFFFAOYSA-N,ethanol,C2H6O,10.1016/j.fluid.2015.08.012,2016,"Boiling temperature at pressure P, K",Liquid,"[""Liquid"",""Gas""]",Closed cell (Static) method,351.55,"{""CombinedUncertainty"":{""nCombExpandUncertValue"":0.2,""nCombUncertAssessNum"":1},""nPropValue"":351.55,""nPropNumber"":1,""nPropDigits"":5}",variable,"{""nVarValue"":101.3,""nVarDigits"":4,""nVarNumber"":1}",351.55,True,,101300.0,True,False,False
10.1016/j.fluid.2015.08.012#d7#p1#r1,10.1016/j.fluid.2015.08.012#d7#p1,10.1016/j.fluid.2015.08.012.json,7,1,1,"InChI=1S/C2HF3O2/c3-2(4,5)1(6)7/h(H,6,7)",DTQVDTLACAAQTR-UHFFFAOYSA-N,trifluoroethanoic acid,C2HF3O2,10.1016/j.fluid.2015.08.012,2016,"Boiling temperature at pressure P, K",Liquid,"[""Liquid"",""Gas""]",Closed cell (Static) method,344.91,"{""nPropValue"":344.91,""CombinedUncertainty"":{""nCombExpandUncertValue"":0.2,""nCombUncertAssessNum"":1},""nPropNumber"":1,""nPropDigits"":5}",variable,"{""nVarDigits"":4,""nVarNumber"":1,""nVarValue"":101.3}",344.91,True,,101300.0,True,False,False
10.1016/j.fluid.2015.08.012#d10#p1#r1,10.1016/j.fluid.2015.08.012#d10#p1,10.1016/j.fluid.2015.08.012.json,10,1,1,InChI=1S/H2O/h1H2,XLYOFNOQVPJJNP-UHFFFAOYSA-N,water,H2O,10.1016/j.fluid.2015.08.012,2016,"Boiling temperature at pressure P, K",Liquid,"[""Liquid"",""Gas""]",Closed cell (Static) method,373.15,"{""CombinedUncertainty"":{""nCombUncertAssessNum"":1,""nCombExpandUncertValue"":0.2},""nPropValue"":373.15,""nPropDigits"":5,""nPropNumber"":1}",variable,"{""nVarValue"":101.3,""nVarNumber"":1,""nVarDigits"":4}",373.15,True,no_carbon,101300.0,True,False,False
10.1016/j.fluid.2015.08.014#d1#p1#r1,10.1016/j.fluid.2015.08.014#d1#p1,10.1016/j.fluid.2015.08.014.json,1,1,1,InChI=1S/C3H6O2/c1-3(4)5-2/h1-2H3,KXKVLQRXCPHEJC-UHFFFAOYSA-N,methyl ethanoate,C3H6O2,10.1016/j.fluid.2015.08.014,2016,"Boiling temperature at pressure P, K",Liquid,"[""Liquid"",""Gas""]",Ebulliometric method (Recirculating still),330.02,"{""nPropDigits"":5,""nPropNumber"":1,""nPropValue"":330.02,""CombinedUncertainty"":{""nCombExpandUncertValue"":0.02,""nCombUncertAssessNum"":1}}",variable,"{""nVarValue"":101.3,""nVarNumber"":1,""nVarDigits"":4}",330.02,True,,101300.0,True,False,False
10.1016/j.fluid.2015.08.014#d3#p1#r1,10.1016/j.fluid.2015.08.014#d3#p1,10.1016/j.fluid.2015.08.014.json,3,1,1,"InChI=1S/CH4O/c1-2/h2H,1H3",OKKJLVBELUTLKV-UHFFFAOYSA-N,methanol,CH4O,10.1016/j.fluid.2015.08.014,2016,"Boiling temperature at pressure P, K",Liquid,"[""Liquid"",""Gas""]",Ebulliometric method (Recirculating still),337.83,"{""CombinedUncertainty"":{""nCombExpandUncertValue"":0.02,""nCombUncertAssessNum"":1},""nPropValue"":337.83,""nPropNumber"":1,""nPropDigits"":5}",variable,"{""nVarDigits"":4,""nVarNumber"":1,""nVarValue"":101.3}",337.83,True,,101300.0,True,False,False
10.1016/j.fluid.2015.08.014#d5#p1#r1,10.1016/j.fluid.2015.08.014#d5#p1,10.1016/j.fluid.2015.08.014.json,5,1,1,InChI=1S/C2H6OS/c1-4(2)3/h1-2H3,IAZDPXIOMUYVGZ-UHFFFAOYSA-N,dimethyl sulfoxide,C2H6OS,10.1016/j.fluid.2015.08.014,2016,"Boiling temperature at pressure P, K",Liquid,"[""Liquid"",""Gas""]",Ebulliometric method (Recirculating still),462.24,"{""nPropDigits"":5,""nPropNumber"":1,""nPropValue"":462.24,""CombinedUncertainty"":{""nCombUncertAssessNum"":1,""nCombExpandUncertValue"":0.02}}",variable,"{""nVarValue"":101.3,""nVarNumber"":1,""nVarDigits"":4}",462.24,True,,101300.0,True,False,False
10.1016/j.fluid.2015.09.052#d5#p1#r1,10.1016/j.fluid.2015.09.052#d5#p1,10.1016/j.fluid.2015.09.052.json,5,1,1,"InChI=1S/C3H8O/c1-3(2)4/h3-4H,1-2H3",KFZMGEQAYNKOFK-UHFFFAOYSA-N,propan-2-ol,C3H8O,10.1016/j.fluid.2015.09.052,2016,"Boiling temperature at pressure P, K",Liquid,"[""Liquid"",""Gas""]",Ebulliometric method (Recirculating still),340.05,"{""nPropValue"":340.05,""CombinedUncertainty"":{""nCombUncertAssessNum"":1,""nCombExpandUncertValue"":0.19},""nPropNumber"":1,""nPropDigits"":5}",variable,"{""nVarValue"":53.33,""nVarNumber"":1,""nVarDigits"":4}",340.05,True,,53330.0,True,False,False
10.1016/j.fluid.2015.09.052#d5#p1#r2,10.1016/j.fluid.2015.09.052#d5#p1,10.1016/j.fluid.2015.09.052.json,5,1,2,"InChI=1S/C3H8O/c1-3(2)4/h3-4H,1-2H3",KFZMGEQAYNKOFK-UHFFFAOYSA-N,propan-2-ol,C3H8O,10.1016/j.fluid.2015.09.052,2016,"Boiling temperature at pressure P, K",Liquid,"[""Liquid"",""Gas""]",Ebulliometric method (Recirculating still),345.25,"{""nPropValue"":345.25,""CombinedUncertainty"":{""nCombExpandUncertValue"":0.17,""nCombUncertAssessNum"":1},""nPropDigits"":5,""nPropNumber"":1}",variable,"{""nVarNumber"":1,""nVarDigits"":3,""nVarValue"":66.7}",345.25,True,,66700.0,True,False,False
10.1016/j.fluid.2015.09.052#d5#p1#r3,10.1016/j.fluid.2015.09.052#d5#p1,10.1016/j.fluid.2015.09.052.json,5,1,3,"InChI=1S/C3H8O/c1-3(2)4/h3-4H,1-2H3",KFZMGEQAYNKOFK-UHFFFAOYSA-N,propan-2-ol,C3H8O,10.1016/j.fluid.2015.09.052,2016,"Boiling temperature at pressure P, K",Liquid,"[""Liquid"",""Gas""]",Ebulliometric method (Recirculating still),349.5,"{""CombinedUncertainty"":{""nCombExpandUncertValue"":0.2,""nCombUncertAssessNum"":1},""nPropValue"":349.5,""nPropNumber"":1,""nPropDigits"":4}",variable,"{""nVarValue"":79.9,""nVarNumber"":1,""nVarDigits"":3}",349.5,True,,79900.0,True,False,False
10.1016/j.fluid.2015.09.052#d5#p1#r4,10.1016/j.fluid.2015.09.052#d5#p1,10.1016/j.fluid.2015.09.052.json,5,1,4,"InChI=1S/C3H8O/c1-3(2)4/h3-4H,1-2H3",KFZMGEQAYNKOFK-UHFFFAOYSA-N,propan-2-ol,C3H8O,10.1016/j.fluid.2015.09.052,2016,"Boiling temperature at pressure P, K",Liquid,"[""Liquid"",""Gas""]",Ebulliometric method (Recirculating still),354.5,"{""nPropValue"":354.5,""CombinedUncertainty"":{""nCombExpandUncertValue"":0.2,""nCombUncertAssessNum"":1},""nPropNumber"":1,""nPropDigits"":4}",variable,"{""nVarValue"":94.93,""nVarNumber"":1,""nVarDigits"":4}",354.5,True,,94930.0,True,False,False
10.1016/j.fluid.2015.09.052#d6#p1#r1,10.1016/j.fluid.2015.09.052#d6#p1,10.1016/j.fluid.2015.09.052.json,6,1,1,InChI=1S/H2O/h1H2,XLYOFNOQVPJJNP-UHFFFAOYSA-N,water,H2O,10.1016/j.fluid.2015.09.052,2016,"Boiling temperature at pressure P, K",Liquid,"[""Liquid"",""Gas""]",Ebulliometric method (Recirculating still),371.1,"{""nPropDigits"":4,""nPropNumber"":1,""CombinedUncertainty"":{""nCombExpandUncertValue"":0.1,""nCombUncertAssessNum"":1},""nPropValue"":371.1}",variable,"{""nVarValue"":94.66,""nVarDigits"":4,""nVarNumber"":1}",371.1,True,no_carbon,94660.0,True,False,False
10.1016/j.fluid.2015.09.052#d9#p1#r1,10.1016/j.fluid.2015.09.052#d9#p1,10.1016/j.fluid.2015.09.052.json,9,1,1,"InChI=1S/C3H8O3/c4-1-3(6)2-5/h3-6H,1-2H2",PEDCQBHIVMGVHV-UHFFFAOYSA-N,glycerol,C3H8O3,10.1016/j.fluid.2015.09.052,2016,"Boiling temperature at pressure P, K",Liquid,"[""Liquid"",""Gas""]",Ebulliometric method (Recirculating still),560.68,"{""nPropValue"":560.68,""CombinedUncertainty"":{""nCombExpandUncertValue"":0.08,""nCombUncertAssessNum"":1},""nPropDigits"":5,""nPropNumber"":1}",variable,"{""nVarDigits"":4,""nVarNumber"":1,""nVarValue"":94.93}",560.68,True,,94930.0,True,False,False
10.1016/j.fluid.2015.10.035#d3#p1#r1,10.1016/j.fluid.2015.10.035#d3#p1,10.1016/j.fluid.2015.10.035.json,3,1,1,"InChI=1S/C3H8O/c1-3(2)4/h3-4H,1-2H3",KFZMGEQAYNKOFK-UHFFFAOYSA-N,propan-2-ol,C3H8O,10.1016/j.fluid.2015.10.035,2016,"Boiling temperature at pressure P, K",Liquid,"[""Liquid"",""Gas""]",Closed cell (Static) method,355.49,"{""nPropValue"":355.49,""CombinedUncertainty"":{""nCombExpandUncertValue"":0.1,""nCombUncertAssessNum"":1},""nPropDigits"":5,""nPropNumber"":1}",variable,"{""nVarValue"":101.3,""nVarNumber"":1,""nVarDigits"":4}",355.49,True,,101300.0,True,False,False
10.1016/j.fluid.2015.10.035#d6#p1#r1,10.1016/j.fluid.2015.10.035#d6#p1,10.1016/j.fluid.2015.10.035.json,6,1,1,InChI=1S/C2H3N/c1-2-3/h1H3,WEVYAHXRMPXWCK-UHFFFAOYSA-N,acetonitrile,C2H3N,10.1016/j.fluid.2015.10.035,2016,"Boiling temperature at pressure P, K",Liquid,"[""Liquid"",""Gas""]",Closed cell (Static) method,354.59,"{""nPropValue"":354.59,""CombinedUncertainty"":{""nCombExpandUncertValue"":0.1,""nCombUncertAssessNum"":1},""nPropDigits"":5,""nPropNumber"":1}",variable,"{""nVarDigits"":4,""nVarNumber"":1,""nVarValue"":101.3}",354.59,True,,101300.0,True,False,False
10.1016/j.fluid.2015.12.029#d2#p1#r1,10.1016/j.fluid.2015.12.029#d2#p1,10.1016/j.fluid.2015.12.029.json,2,1,1,"InChI=1S/C5H10O3/c1-3-8-5(7)4(2)6/h4,6H,3H2,1-2H3",LZCLXQDLBQLTDK-UHFFFAOYSA-N,DL-ethyl lactate,C5H10O3,10.1016/j.fluid.2015.12.029,2016,"Boiling temperature at pressure P, K",Liquid,"[""Liquid"",""Gas""]",Ebulliometric method (Recirculating still),396.91,"{""CombinedUncertainty"":{""nCombUncertAssessNum"":1,""nCombExpandUncertValue"":0.08},""nPropValue"":396.91,""nPropNumber"":1,""nPropDigits"":5}",variable,"{""nVarDigits"":4,""nVarNumber"":1,""nVarValue"":40}",396.91,True,,40000,True,False,False
10.1016/j.fluid.2015.12.029#d2#p1#r2,10.1016/j.fluid.2015.12.029#d2#p1,10.1016/j.fluid.2015.12.029.json,2,1,2,"InChI=1S/C5H10O3/c1-3-8-5(7)4(2)6/h4,6H,3H2,1-2H3",LZCLXQDLBQLTDK-UHFFFAOYSA-N,DL-ethyl lactate,C5H10O3,10.1016/j.fluid.2015.12.029,2016,"Boiling temperature at pressure P, K",Liquid,"[""Liquid"",""Gas""]",Ebulliometric method (Recirculating still),405.49,"{""CombinedUncertainty"":{""nCombExpandUncertValue"":0.08,""nCombUncertAssessNum"":1},""nPropValue"":405.49,""nPropDigits"":5,""nPropNumber"":1}",variable,"{""nVarNumber"":1,""nVarDigits"":4,""nVarValue"":53.33}",405.49,True,,53330.0,True,False,False
10.1016/j.fluid.2015.12.029#d2#p1#r3,10.1016/j.fluid.2015.12.029#d2#p1,10.1016/j.fluid.2015.12.029.json,2,1,3,"InChI=1S/C5H10O3/c1-3-8-5(7)4(2)6/h4,6H,3H2,1-2H3",LZCLXQDLBQLTDK-UHFFFAOYSA-N,DL-ethyl lactate,C5H10O3,10.1016/j.fluid.2015.12.029,2016,"Boiling temperature at pressure P, K",Liquid,"[""Liquid"",""Gas""]",Ebulliometric method (Recirculating still),412.44,"{""nPropNumber"":1,""nPropDigits"":5,""CombinedUncertainty"":{""nCombExpandUncertValue"":0.07,""nCombUncertAssessNum"":1},""nPropValue"":412.44}",variable,"{""nVarDigits"":4,""nVarNumber"":1,""nVarValue"":66.66}",412.44,True,,66660.0,True,False,False
10.1016/j.fluid.2015.12.029#d2#p1#r4,10.1016/j.fluid.2015.12.029#d2#p1,10.1016/j.fluid.2015.12.029.json,2,1,4,"InChI=1S/C5H10O3/c1-3-8-5(7)4(2)6/h4,6H,3H2,1-2H3",LZCLXQDLBQLTDK-UHFFFAOYSA-N,DL-ethyl lactate,C5H10O3,10.1016/j.fluid.2015.12.029,2016,"Boiling temperature at pressure P, K",Liquid,"[""Liquid"",""Gas""]",Ebulliometric method (Recirculating still),418.34,"{""nPropValue"":418.34,""CombinedUncertainty"":{""nCombExpandUncertValue"":0.07,""nCombUncertAssessNum"":1},""nPropDigits"":5,""nPropNumber"":1}",variable,"{""nVarNumber"":1,""nVarDigits"":4,""nVarValue"":79.99}",418.34,True,,79990.0,True,False,False
10.1016/j.fluid.2015.12.029#d2#p1#r5,10.1016/j.fluid.2015.12.029#d2#p1,10.1016/j.fluid.2015.12.029.json,2,1,5,"InChI=1S/C5H10O3/c1-3-8-5(7)4(2)6/h4,6H,3H2,1-2H3",LZCLXQDLBQLTDK-UHFFFAOYSA-N,DL-ethyl lactate,C5H10O3,10.1016/j.fluid.2015.12.029,2016,"Boiling temperature at pressure P, K",Liquid,"[""Liquid"",""Gas""]",Ebulliometric method (Recirculating still),423.47,"{""nPropValue"":423.47,""CombinedUncertainty"":{""nCombUncertAssessNum"":1,""nCombExpandUncertValue"":0.07},""nPropDigits"":5,""nPropNumber"":1}",variable,"{""nVarValue"":93.32,""nVarNumber"":1,""nVarDigits"":4}",423.47,True,,93320.0,True,False,False
10.1016/j.fluid.2015.12.029#d2#p1#r6,10.1016/j.fluid.2015.12.029#d2#p1,10.1016/j.fluid.2015.12.029.json,2,1,6,"InChI=1S/C5H10O3/c1-3-8-5(7)4(2)6/h4,6H,3H2,1-2H3",LZCLXQDLBQLTDK-UHFFFAOYSA-N,DL-ethyl lactate,C5H10O3,10.1016/j.fluid.2015.12.029,2016,"Boiling temperature at pressure P, K",Liquid,"[""Liquid"",""Gas""]",Ebulliometric method (Recirculating still),426.1,"{""nPropDigits"":5,""nPropNumber"":1,""CombinedUncertainty"":{""nCombUncertAssessNum"":1,""nCombExpandUncertValue"":0.07},""nPropValue"":426.1}",variable,"{""nVarNumber"":1,""nVarDigits"":4,""nVarValue"":101.3}",426.1,True,,101300.0,True,False,False
10.1016/j.fluid.2015.12.029#d5#p1#r1,10.1016/j.fluid.2015.12.029#d5#p1,10.1016/j.fluid.2015.12.029.json,5,1,1,InChI=1S/C3H6O2/c1-3(4)5-2/h1-2H3,KXKVLQRXCPHEJC-UHFFFAOYSA-N,methyl ethanoate,C3H6O2,10.1016/j.fluid.2015.12.029,2016,"Boiling temperature at pressure P, K",Liquid,"[""Liquid"",""Gas""]",Ebulliometric method (Recirculating still),305.65,"{""CombinedUncertainty"":{""nCombExpandUncertValue"":0.08,""nCombUncertAssessNum"":1},""nPropValue"":305.65,""nPropNumber"":1,""nPropDigits"":5}",variable,"{""nVarDigits"":4,""nVarNumber"":1,""nVarValue"":40}",305.65,True,,40000,True,False,False
10.1016/j.fluid.2015.12.029#d5#p1#r2,10.1016/j.fluid.2015.12.029#d5#p1,10.1016/j.fluid.2015.12.029.json,5,1,2,InChI=1S/C3H6O2/c1-3(4)5-2/h1-2H3,KXKVLQRXCPHEJC-UHFFFAOYSA-N,methyl ethanoate,C3H6O2,10.1016/j.fluid.2015.12.029,2016,"Boiling temperature at pressure P, K",Liquid,"[""Liquid"",""Gas""]",Ebulliometric method (Recirculating still),312.68,"{""CombinedUncertainty"":{""nCombUncertAssessNum"":1,""nCombExpandUncertValue"":0.07},""nPropValue"":312.68,""nPropNumber"":1,""nPropDigits"":5}",variable,"{""nVarValue"":53.33,""nVarDigits"":4,""nVarNumber"":1}",312.68,True,,53330.0,True,False,False
10.1016/j.fluid.2015.12.029#d5#p1#r3,10.1016/j.fluid.2015.12.029#d5#p1,10.1016/j.fluid.2015.12.029.json,5,1,3,InChI=1S/C3H6O2/c1-3(4)5-2/h1-2H3,KXKVLQRXCPHEJC-UHFFFAOYSA-N,methyl ethanoate,C3H6O2,10.1016/j.fluid.2015.12.029,2016,"Boiling temperature at pressure P, K",Liquid,"[""Liquid"",""Gas""]",Ebulliometric method (Recirculating still),318.45,"{""nPropNumber"":1,""nPropDigits"":5,""CombinedUncertainty"":{""nCombUncertAssessNum"":1,""nCombExpandUncertValue"":0.07},""nPropValue"":318.45}",variable,"{""nVarNumber"":1,""nVarDigits"":4,""nVarValue"":66.66}",318.45,True,,66660.0,True,False,False
10.1016/j.fluid.2015.12.029#d5#p1#r4,10.1016/j.fluid.2015.12.029#d5#p1,10.1016/j.fluid.2015.12.029.json,5,1,4,InChI=1S/C3H6O2/c1-3(4)5-2/h1-2H3,KXKVLQRXCPHEJC-UHFFFAOYSA-N,methyl ethanoate,C3H6O2,10.1016/j.fluid.2015.12.029,2016,"Boiling temperature at pressure P, K",Liquid,"[""Liquid"",""Gas""]",Ebulliometric method (Recirculating still),323.36,"{""nPropValue"":323.36,""CombinedUncertainty"":{""nCombExpandUncertValue"":0.07,""nCombUncertAssessNum"":1},""nPropNumber"":1,""nPropDigits"":5}",variable,"{""nVarValue"":79.99,""nVarNumber"":1,""nVarDigits"":4}",323.36,True,,79990.0,True,False,False
10.1016/j.fluid.2015.12.029#d5#p1#r5,10.1016/j.fluid.2015.12.029#d5#p1,10.1016/j.fluid.2015.12.029.json,5,1,5,InChI=1S/C3H6O2/c1-3(4)5-2/h1-2H3,KXKVLQRXCPHEJC-UHFFFAOYSA-N,methyl ethanoate,C3H6O2,10.1016/j.fluid.2015.12.029,2016,"Boiling temperature at pressure P, K",Liquid,"[""Liquid"",""Gas""]",Ebulliometric method (Recirculating still),327.68,"{""nPropDigits"":5,""nPropNumber"":1,""nPropValue"":327.68,""CombinedUncertainty"":{""nCombExpandUncertValue"":0.07,""nCombUncertAssessNum"":1}}",variable,"{""nVarDigits"":4,""nVarNumber"":1,""nVarValue"":93.32}",327.68,True,,93320.0,True,False,False
10.1016/j.fluid.2015.12.029#d5#p1#r6,10.1016/j.fluid.2015.12.029#d5#p1,10.1016/j.fluid.2015.12.029.json,5,1,6,InChI=1S/C3H6O2/c1-3(4)5-2/h1-2H3,KXKVLQRXCPHEJC-UHFFFAOYSA-N,methyl ethanoate,C3H6O2,10.1016/j.fluid.2015.12.029,2016,"Boiling temperature at pressure P, K",Liquid,"[""Liquid"",""Gas""]",Ebulliometric method (Recirculating still),330.04,"{""CombinedUncertainty"":{""nCombUncertAssessNum"":1,""nCombExpandUncertValue"":0.07},""nPropValue"":330.04,""nPropDigits"":5,""nPropNumber"":1}",variable,"{""nVarValue"":101.3,""nVarNumber"":1,""nVarDigits"":4}",330.04,True,,101300.0,True,False,False
10.1016/j.fluid.2015.12.029#d8#p1#r1,10.1016/j.fluid.2015.12.029#d8#p1,10.1016/j.fluid.2015.12.029.json,8,1,1,"InChI=1S/CH4O/c1-2/h2H,1H3",OKKJLVBELUTLKV-UHFFFAOYSA-N,methanol,CH4O,10.1016/j.fluid.2015.12.029,2016,"Boiling temperature at pressure P, K",Liquid,"[""Liquid"",""Gas""]",Ebulliometric method (Recirculating still),315.49,"{""CombinedUncertainty"":{""nCombUncertAssessNum"":1,""nCombExpandUncertValue"":0.07},""nPropValue"":315.49,""nPropDigits"":5,""nPropNumber"":1}",variable,"{""nVarNumber"":1,""nVarDigits"":4,""nVarValue"":40}",315.49,True,,40000,True,False,False
10.1016/j.fluid.2015.12.029#d8#p1#r2,10.1016/j.fluid.2015.12.029#d8#p1,10.1016/j.fluid.2015.12.029.json,8,1,2,"InChI=1S/CH4O/c1-2/h2H,1H3",OKKJLVBELUTLKV-UHFFFAOYSA-N,methanol,CH4O,10.1016/j.fluid.2015.12.029,2016,"Boiling temperature at pressure P, K",Liquid,"[""Liquid"",""Gas""]",Ebulliometric method (Recirculating still),321.98,"{""CombinedUncertainty"":{""nCombUncertAssessNum"":1,""nCombExpandUncertValue"":0.07},""nPropValue"":321.98,""nPropNumber"":1,""nPropDigits"":5}",variable,"{""nVarValue"":53.33,""nVarDigits"":4,""nVarNumber"":1}",321.98,True,,53330.0,True,False,False
10.1016/j.fluid.2015.12.029#d8#p1#r3,10.1016/j.fluid.2015.12.029#d8#p1,10.1016/j.fluid.2015.12.029.json,8,1,3,"InChI=1S/CH4O/c1-2/h2H,1H3",OKKJLVBELUTLKV-UHFFFAOYSA-N,methanol,CH4O,10.1016/j.fluid.2015.12.029,2016,"Boiling temperature at pressure P, K",Liquid,"[""Liquid"",""Gas""]",Ebulliometric method (Recirculating still),327.23,"{""nPropDigits"":5,""nPropNumber"":1,""CombinedUncertainty"":{""nCombUncertAssessNum"":1,""nCombExpandUncertValue"":0.07},""nPropValue"":327.23}",variable,"{""nVarDigits"":4,""nVarNumber"":1,""nVarValue"":66.66}",327.23,True,,66660.0,True,False,False
10.1016/j.fluid.2015.12.029#d8#p1#r4,10.1016/j.fluid.2015.12.029#d8#p1,10.1016/j.fluid.2015.12.029.json,8,1,4,"InChI=1S/CH4O/c1-2/h2H,1H3",OKKJLVBELUTLKV-UHFFFAOYSA-N,methanol,CH4O,10.1016/j.fluid.2015.12.029,2016,"Boiling temperature at pressure P, K",Liquid,"[""Liquid"",""Gas""]",Ebulliometric method (Recirculating still),331.66,"{""nPropNumber"":1,""nPropDigits"":5,""nPropValue"":331.66,""CombinedUncertainty"":{""nCombUncertAssessNum"":1,""nCombExpandUncertValue"":0.07}}",variable,"{""nVarValue"":79.99,""nVarNumber"":1,""nVarDigits"":4}",331.66,True,,79990.0,True,False,False
10.1016/j.fluid.2015.12.029#d8#p1#r5,10.1016/j.fluid.2015.12.029#d8#p1,10.1016/j.fluid.2015.12.029.json,8,1,5,"InChI=1S/CH4O/c1-2/h2H,1H3",OKKJLVBELUTLKV-UHFFFAOYSA-N,methanol,CH4O,10.1016/j.fluid.2015.12.029,2016,"Boiling temperature at pressure P, K",Liquid,"[""Liquid"",""Gas""]",Ebulliometric method (Recirculating still),335.51,"{""nPropNumber"":1,""nPropDigits"":5,""nPropValue"":335.51,""CombinedUncertainty"":{""nCombUncertAssessNum"":1,""nCombExpandUncertValue"":0.06}}",variable,"{""nVarNumber"":1,""nVarDigits"":4,""nVarValue"":93.32}",335.51,True,,93320.0,True,False,False
10.1016/j.fluid.2015.12.029#d8#p1#r6,10.1016/j.fluid.2015.12.029#d8#p1,10.1016/j.fluid.2015.12.029.json,8,1,6,"InChI=1S/CH4O/c1-2/h2H,1H3",OKKJLVBELUTLKV-UHFFFAOYSA-N,methanol,CH4O,10.1016/j.fluid.2015.12.029,2016,"Boiling temperature at pressure P, K",Liquid,"[""Liquid"",""Gas""]",Ebulliometric method (Recirculating still),337.6,"{""nPropValue"":337.6,""CombinedUncertainty"":{""nCombUncertAssessNum"":1,""nCombExpandUncertValue"":0.06},""nPropDigits"":5,""nPropNumber"":1}",variable,"{""nVarValue"":101.3,""nVarDigits"":4,""nVarNumber"":1}",337.6,True,,101300.0,True,False,False
10.1016/j.fluid.2017.08.013#d1#p1#r1,10.1016/j.fluid.2017.08.013#d1#p1,10.1016/j.fluid.2017.08.013.json,1,1,1,"InChI=1S/C11H22O4/c1-2-3-4-5-6-7-11(14)15-9-10(13)8-12/h10,12-13H,2-9H2,1H3",GHBFNMLVSPCDGN-UHFFFAOYSA-N,"2,3-dihydroxypropyl octanoate",C11H22O4,10.1016/j.fluid.2017.08.013,2017,"Boiling temperature at pressure P, K",Liquid,"[""Liquid"",""Gas""]",DSC,484.73,"{""nPropDigits"":5,""nPropNumber"":1,""CombinedUncertainty"":{""nCombExpandUncertValue"":1.62,""nCombUncertAssessNum"":1},""nPropValue"":484.73}",variable,"{""nVarNumber"":1,""nVarDigits"":3,""nVarValue"":3.42}",484.73,True,,3420.0,False,True,False
10.1016/j.fluid.2017.08.013#d2#p1#r1,10.1016/j.fluid.2017.08.013#d2#p1,10.1016/j.fluid.2017.08.013.json,2,1,1,"InChI=1S/C12H24O4/c1-2-3-4-5-6-7-8-12(15)16-10-11(14)9-13/h11,13-14H,2-10H2,1H3",BYPJBHDBVGRMOF-UHFFFAOYSA-N,"2,3-dihydroxypropyl nonanoate",C12H24O4,10.1016/j.fluid.2017.08.013,2017,"Boiling temperature at pressure P, K",Liquid,"[""Liquid"",""Gas""]",DSC,483.61,"{""nPropNumber"":1,""nPropDigits"":5,""CombinedUncertainty"":{""nCombExpandUncertValue"":1.68,""nCombUncertAssessNum"":1},""nPropValue"":483.61}",variable,"{""nVarValue"":2.06,""nVarNumber"":1,""nVarDigits"":3}",483.61,True,,2060.0,False,True,False
10.1016/j.fluid.2017.08.013#d3#p1#r1,10.1016/j.fluid.2017.08.013#d3#p1,10.1016/j.fluid.2017.08.013.json,3,1,1,"InChI=1S/C12H24O4/c1-2-3-4-5-6-7-8-12(15)16-10-11(14)9-13/h11,13-14H,2-10H2,1H3",BYPJBHDBVGRMOF-UHFFFAOYSA-N,"2,3-dihydroxypropyl nonanoate",C12H24O4,10.1016/j.fluid.2017.08.013,2017,"Boiling temperature at pressure P, K",Liquid,"[""Liquid"",""Gas""]",DSC,483.61,"{""nPropNumber"":1,""nPropDigits"":5,""CombinedUncertainty"":{""nCombExpandUncertValue"":1.91,""nCombUncertAssessNum"":1},""nPropValue"":483.61}",variable,"{""nVarValue"":2.02,""nVarDigits"":3,""nVarNumber"":1}",483.61,True,,2020.0,False,True,False
10.1016/j.fluid.2017.08.013#d4#p1#r1,10.1016/j.fluid.2017.08.013#d4#p1,10.1016/j.fluid.2017.08.013.json,4,1,1,"InChI=1S/C12H24O4/c1-2-3-4-5-6-7-8-12(15)16-10-11(14)9-13/h11,13-14H,2-10H2,1H3",BYPJBHDBVGRMOF-UHFFFAOYSA-N,"2,3-dihydroxypropyl nonanoate",C12H24O4,10.1016/j.fluid.2017.08.013,2017,"Boiling temperature at pressure P, K",Liquid,"[""Liquid"",""Gas""]",DSC,471.02,"{""nPropDigits"":5,""nPropNumber"":1,""nPropValue"":471.02,""CombinedUncertainty"":{""nCombExpandUncertValue"":2.14,""nCombUncertAssessNum"":1}}",variable,"{""nVarDigits"":3,""nVarNumber"":1,""nVarValue"":1.26}",471.02,True,,1260.0,False,True,False
10.1016/j.fluid.2017.08.013#d4#p1#r2,10.1016/j.fluid.2017.08.013#d4#p1,10.1016/j.fluid.2017.08.013.json,4,1,2,"InChI=1S/C12H24O4/c1-2-3-4-5-6-7-8-12(15)16-10-11(14)9-13/h11,13-14H,2-10H2,1H3",BYPJBHDBVGRMOF-UHFFFAOYSA-N,"2,3-dihydroxypropyl nonanoate",C12H24O4,10.1016/j.fluid.2017.08.013,2017,"Boiling temperature at pressure P, K",Liquid,"[""Liquid"",""Gas""]",DSC,486.08,"{""CombinedUncertainty"":{""nCombExpandUncertValue"":2.58,""nCombUncertAssessNum"":1},""nPropValue"":486.08,""nPropDigits"":5,""nPropNumber"":1}",variable,"{""nVarValue"":2.39,""nVarDigits"":3,""nVarNumber"":1}",486.08,True,,2390.0,False,True,False
10.1016/j.fluid.2017.08.013#d4#p1#r3,10.1016/j.fluid.2017.08.013#d4#p1,10.1016/j.fluid.2017.08.013.json,4,1,3,"InChI=1S/C12H24O4/c1-2-3-4-5-6-7-8-12(15)16-10-11(14)9-13/h11,13-14H,2-10H2,1H3",BYPJBHDBVGRMOF-UHFFFAOYSA-N,"2,3-dihydroxypropyl nonanoate",C12H24O4,10.1016/j.fluid.2017.08.013,2017,"Boiling temperature at pressure P, K",Liquid,"[""Liquid"",""Gas""]",DSC,492.07,"{""nPropValue"":492.07,""CombinedUncertainty"":{""nCombUncertAssessNum"":1,""nCombExpandUncertValue"":2.07},""nPropDigits"":5,""nPropNumber"":1}",variable,"{""nVarDigits"":3,""nVarNumber"":1,""nVarValue"":3.01}",492.07,True,,3010.0,False,True,False
10.1016/j.fluid.2017.08.013#d4#p1#r4,10.1016/j.fluid.2017.08.013#d4#p1,10.1016/j.fluid.2017.08.013.json,4,1,4,"InChI=1S/C12H24O4/c1-2-3-4-5-6-7-8-12(15)16-10-11(14)9-13/h11,13-14H,2-10H2,1H3",BYPJBHDBVGRMOF-UHFFFAOYSA-N,"2,3-dihydroxypropyl nonanoate",C12H24O4,10.1016/j.fluid.2017.08.013,2017,"Boiling temperature at pressure P, K",Liquid,"[""Liquid"",""Gas""]",DSC,502.29,"{""CombinedUncertainty"":{""nCombUncertAssessNum"":1,""nCombExpandUncertValue"":2.14},""nPropValue"":502.29,""nPropDigits"":5,""nPropNumber"":1}",variable,"{""nVarValue"":4.74,""nVarDigits"":3,""nVarNumber"":1}",502.29,True,,4740.0,False,False,False
10.1016/j.fluid.2017.08.013#d4#p1#r5,10.1016/j.fluid.2017.08.013#d4#p1,10.1016/j.fluid.2017.08.013.json,4,1,5,"InChI=1S/C12H24O4/c1-2-3-4-5-6-7-8-12(15)16-10-11(14)9-13/h11,13-14H,2-10H2,1H3",BYPJBHDBVGRMOF-UHFFFAOYSA-N,"2,3-dihydroxypropyl nonanoate",C12H24O4,10.1016/j.fluid.2017.08.013,2017,"Boiling temperature at pressure P, K",Liquid,"[""Liquid"",""Gas""]",DSC,509.88,"{""nPropNumber"":1,""nPropDigits"":5,""nPropValue"":509.88,""CombinedUncertainty"":{""nCombUncertAssessNum"":1,""nCombExpandUncertValue"":2}}",variable,"{""nVarValue"":6.87,""nVarNumber"":1,""nVarDigits"":3}",509.88,True,,6870.0,False,False,False
10.1016/j.fluid.2017.08.013#d5#p1#r1,10.1016/j.fluid.2017.08.013#d5#p1,10.1016/j.fluid.2017.08.013.json,5,1,1,"InChI=1S/C15H30O4/c1-2-3-4-5-6-7-8-9-10-11-15(18)19-13-14(17)12-16/h14,16-17H,2-13H2,1H3",ARIWANIATODDMH-UHFFFAOYSA-N,"2,3-dihydroxypropyl dodecanoate",C15H30O4,10.1016/j.fluid.2017.08.013,2017,"Boiling temperature at pressure P, K",Liquid,"[""Liquid"",""Gas""]",DSC,505.19,"{""nPropDigits"":5,""nPropNumber"":1,""nPropValue"":505.19,""CombinedUncertainty"":{""nCombUncertAssessNum"":1,""nCombExpandUncertValue"":1.84}}",variable,"{""nVarValue"":2.06,""nVarDigits"":3,""nVarNumber"":1}",505.19,True,,2060.0,False,False,False
10.1016/j.fluid.2017.08.013#d6#p1#r1,10.1016/j.fluid.2017.08.013#d6#p1,10.1016/j.fluid.2017.08.013.json,6,1,1,"InChI=1S/C15H30O4/c1-2-3-4-5-6-7-8-9-10-11-15(18)19-13-14(17)12-16/h14,16-17H,2-13H2,1H3",ARIWANIATODDMH-UHFFFAOYSA-N,"2,3-dihydroxypropyl dodecanoate",C15H30O4,10.1016/j.fluid.2017.08.013,2017,"Boiling temperature at pressure P, K",Liquid,"[""Liquid"",""Gas""]",DSC,505.19,"{""nPropValue"":505.19,""CombinedUncertainty"":{""nCombExpandUncertValue"":1.84,""nCombUncertAssessNum"":1},""nPropNumber"":1,""nPropDigits"":5}",variable,"{""nVarDigits"":3,""nVarNumber"":1,""nVarValue"":2.05}",505.19,True,,2050.0,False,False,False
10.1016/j.fluid.2017.08.013#d7#p1#r1,10.1016/j.fluid.2017.08.013#d7#p1,10.1016/j.fluid.2017.08.013.json,7,1,1,"InChI=1S/C15H30O4/c1-2-3-4-5-6-7-8-9-10-11-15(18)19-13-14(17)12-16/h14,16-17H,2-13H2,1H3",ARIWANIATODDMH-UHFFFAOYSA-N,"2,3-dihydroxypropyl dodecanoate",C15H30O4,10.1016/j.fluid.2017.08.013,2017,"Boiling temperature at pressure P, K",Liquid,"[""Liquid"",""Gas""]",DSC,482.77,"{""nPropDigits"":5,""nPropNumber"":1,""CombinedUncertainty"":{""nCombUncertAssessNum"":1,""nCombExpandUncertValue"":2.58},""nPropValue"":482.77}",variable,"{""nVarNumber"":1,""nVarDigits"":2,""nVarValue"":0.69}",482.77,True,,690.0,False,True,False
10.1016/j.fluid.2017.08.013#d7#p1#r2,10.1016/j.fluid.2017.08.013#d7#p1,10.1016/j.fluid.2017.08.013.json,7,1,2,"InChI=1S/C15H30O4/c1-2-3-4-5-6-7-8-9-10-11-15(18)19-13-14(17)12-16/h14,16-17H,2-13H2,1H3",ARIWANIATODDMH-UHFFFAOYSA-N,"2,3-dihydroxypropyl dodecanoate",C15H30O4,10.1016/j.fluid.2017.08.013,2017,"Boiling temperature at pressure P, K",Liquid,"[""Liquid"",""Gas""]",DSC,493.97,"{""nPropValue"":493.97,""CombinedUncertainty"":{""nCombUncertAssessNum"":1,""nCombExpandUncertValue"":1.91},""nPropNumber"":1,""nPropDigits"":5}",variable,"{""nVarDigits"":3,""nVarNumber"":1,""nVarValue"":1.15}",493.97,True,,1150.0,False,True,False
10.1016/j.fluid.2017.08.013#d7#p1#r3,10.1016/j.fluid.2017.08.013#d7#p1,10.1016/j.fluid.2017.08.013.json,7,1,3,"InChI=1S/C15H30O4/c1-2-3-4-5-6-7-8-9-10-11-15(18)19-13-14(17)12-16/h14,16-17H,2-13H2,1H3",ARIWANIATODDMH-UHFFFAOYSA-N,"2,3-dihydroxypropyl dodecanoate",C15H30O4,10.1016/j.fluid.2017.08.013,2017,"Boiling temperature at pressure P, K",Liquid,"[""Liquid"",""Gas""]",DSC,505.19,"{""nPropNumber"":1,""nPropDigits"":5,""nPropValue"":505.19,""CombinedUncertainty"":{""nCombExpandUncertValue"":2.22,""nCombUncertAssessNum"":1}}",variable,"{""nVarValue"":2.07,""nVarDigits"":3,""nVarNumber"":1}",505.19,True,,2070.0,False,False,False
10.1016/j.fluid.2017.08.013#d7#p1#r4,10.1016/j.fluid.2017.08.013#d7#p1,10.1016/j.fluid.2017.08.013.json,7,1,4,"InChI=1S/C15H30O4/c1-2-3-4-5-6-7-8-9-10-11-15(18)19-13-14(17)12-16/h14,16-17H,2-13H2,1H3",ARIWANIATODDMH-UHFFFAOYSA-N,"2,3-dihydroxypropyl dodecanoate",C15H30O4,10.1016/j.fluid.2017.08.013,2017,"Boiling temperature at pressure P, K",Liquid,"[""Liquid"",""Gas""]",DSC,509.07,"{""nPropValue"":509.07,""CombinedUncertainty"":{""nCombUncertAssessNum"":1,""nCombExpandUncertValue"":1.61},""nPropNumber"":1,""nPropDigits"":5}",variable,"{""nVarNumber"":1,""nVarDigits"":3,""nVarValue"":2.41}",509.07,True,,2410.0,False,False,False
10.1016/j.fluid.2017.08.013#d7#p1#r5,10.1016/j.fluid.2017.08.013#d7#p1,10.1016/j.fluid.2017.08.013.json,7,1,5,"InChI=1S/C15H30O4/c1-2-3-4-5-6-7-8-9-10-11-15(18)19-13-14(17)12-16/h14,16-17H,2-13H2,1H3",ARIWANIATODDMH-UHFFFAOYSA-N,"2,3-dihydroxypropyl dodecanoate",C15H30O4,10.1016/j.fluid.2017.08.013,2017,"Boiling temperature at pressure P, K",Liquid,"[""Liquid"",""Gas""]",DSC,510.94,"{""CombinedUncertainty"":{""nCombExpandUncertValue"":1.77,""nCombUncertAssessNum"":1},""nPropValue"":510.94,""nPropNumber"":1,""nPropDigits"":5}",variable,"{""nVarValue"":2.77,""nVarDigits"":3,""nVarNumber"":1}",510.94,True,,2770.0,False,False,False
10.1016/j.fluid.2017.08.013#d8#p1#r1,10.1016/j.fluid.2017.08.013#d8#p1,10.1016/j.fluid.2017.08.013.json,8,1,1,"InChI=1S/C12H24O2/c1-2-3-4-5-6-7-8-9-10-11-12(13)14/h2-11H2,1H3,(H,13,14)",POULHZVOKOAJMA-UHFFFAOYSA-N,dodecanoic acid,C12H24O2,10.1016/j.fluid.2017.08.013,2017,"Boiling temperature at pressure P, K",Liquid,"[""Liquid"",""Gas""]",DSC,465.77,"{""CombinedUncertainty"":{""nCombUncertAssessNum"":1,""nCombExpandUncertValue"":1.8},""nPropValue"":465.77,""nPropDigits"":5,""nPropNumber"":1}",variable,"{""nVarNumber"":1,""nVarDigits"":3,""nVarValue"":3.42}",465.77,True,,3420.0,False,True,False
10.1016/j.fluid.2017.08.013#d9#p1#r1,10.1016/j.fluid.2017.08.013#d9#p1,10.1016/j.fluid.2017.08.013.json,9,1,1,"InChI=1S/C16H34O/c1-2-3-4-5-6-7-8-9-10-11-12-13-14-15-16-17/h17H,2-16H2,1H3",BXWNKGSJHAJOGX-UHFFFAOYSA-N,1-hexadecanol,C16H34O,10.1016/j.fluid.2017.08.013,2017,"Boiling temperature at pressure P, K",Liquid,"[""Liquid"",""Gas""]",DSC,465.7,"{""nPropNumber"":1,""nPropDigits"":5,""nPropValue"":465.7,""CombinedUncertainty"":{""nCombUncertAssessNum"":1,""nCombExpandUncertValue"":2.06}}",variable,"{""nVarDigits"":3,""nVarNumber"":1,""nVarValue"":2.02}",465.7,True,,2020.0,False,True,False
10.1016/j.fluid.2017.08.013#d10#p1#r1,10.1016/j.fluid.2017.08.013#d10#p1,10.1016/j.fluid.2017.08.013.json,10,1,1,"InChI=1S/C18H38O/c1-2-3-4-5-6-7-8-9-10-11-12-13-14-15-16-17-18-19/h19H,2-18H2,1H3",GLDOVTGHNKAZLK-UHFFFAOYSA-N,1-octadecanol,C18H38O,10.1016/j.fluid.2017.08.013,2017,"Boiling temperature at pressure P, K",Liquid,"[""Liquid"",""Gas""]",DSC,487.25,"{""CombinedUncertainty"":{""nCombUncertAssessNum"":1,""nCombExpandUncertValue"":2.07},""nPropValue"":487.25,""nPropNumber"":1,""nPropDigits"":5}",variable,"{""nVarNumber"":1,""nVarDigits"":3,""nVarValue"":2.05}",487.25,True,,2050.0,False,True,False
10.1016/j.fluid.2017.12.011#d1#p1#r1,10.1016/j.fluid.2017.12.011#d1#p1,10.1016/j.fluid.2017.12.011.json,1,1,1,"InChI=1S/C7H8O/c1-6-4-2-3-5-7(6)8/h2-5,8H,1H3",QWVGKYWNOKOFNN-UHFFFAOYSA-N,2-methylphenol,C7H8O,10.1016/j.fluid.2017.12.011,2018,"Boiling temperature at pressure P, K",Liquid,"[""Liquid"",""Gas""]",Ebulliometric method (Recirculating still),411.26,"{""nPropDigits"":5,""nPropNumber"":1,""CombinedUncertainty"":{""nCombUncertAssessNum"":1,""nCombExpandUncertValue"":0.17},""nPropValue"":411.26}",variable,"{""nVarValue"":20,""nVarDigits"":3,""nVarNumber"":1}",411.26,True,,20000,True,True,False
10.1016/j.fluid.2017.12.011#d3#p1#r1,10.1016/j.fluid.2017.12.011#d3#p1,10.1016/j.fluid.2017.12.011.json,3,1,1,"InChI=1S/C7H8O/c1-6-3-2-4-7(8)5-6/h2-5,8H,1H3",RLSSMJSEOOYNOY-UHFFFAOYSA-N,3-methylphenol,C7H8O,10.1016/j.fluid.2017.12.011,2018,"Boiling temperature at pressure P, K",Liquid,"[""Liquid"",""Gas""]",Ebulliometric method (Recirculating still),402.24,"{""CombinedUncertainty"":{""nCombUncertAssessNum"":1,""nCombExpandUncertValue"":0.46},""nPropValue"":402.24,""nPropNumber"":1,""nPropDigits"":5}",variable,"{""nVarDigits"":3,""nVarNumber"":1,""nVarValue"":9.29}",402.24,True,,9290.0,True,True,False
10.1016/j.fluid.2017.12.011#d3#p1#r2,10.1016/j.fluid.2017.12.011#d3#p1,10.1016/j.fluid.2017.12.011.json,3,1,2,"InChI=1S/C7H8O/c1-6-3-2-4-7(8)5-6/h2-5,8H,1H3",RLSSMJSEOOYNOY-UHFFFAOYSA-N,3-methylphenol,C7H8O,10.1016/j.fluid.2017.12.011,2018,"Boiling temperature at pressure P, K",Liquid,"[""Liquid"",""Gas""]",Ebulliometric method (Recirculating still),408.55,"{""nPropNumber"":1,""nPropDigits"":5,""nPropValue"":408.55,""CombinedUncertainty"":{""nCombUncertAssessNum"":1,""nCombExpandUncertValue"":0.41}}",variable,"{""nVarDigits"":4,""nVarNumber"":1,""nVarValue"":11.93}",408.55,True,,11930.0,True,True,False
10.1016/j.fluid.2017.12.011#d3#p1#r3,10.1016/j.fluid.2017.12.011#d3#p1,10.1016/j.fluid.2017.12.011.json,3,1,3,"InChI=1S/C7H8O/c1-6-3-2-4-7(8)5-6/h2-5,8H,1H3",RLSSMJSEOOYNOY-UHFFFAOYSA-N,3-methylphenol,C7H8O,10.1016/j.fluid.2017.12.011,2018,"Boiling temperature at pressure P, K",Liquid,"[""Liquid"",""Gas""]",Ebulliometric method (Recirculating still),413.39,"{""nPropNumber"":1,""nPropDigits"":5,""CombinedUncertainty"":{""nCombUncertAssessNum"":1,""nCombExpandUncertValue"":0.37},""nPropValue"":413.39}",variable,"{""nVarValue"":14.57,""nVarDigits"":4,""nVarNumber"":1}",413.39,True,,14570.0,True,True,False
10.1016/j.fluid.2017.12.011#d3#p1#r4,10.1016/j.fluid.2017.12.011#d3#p1,10.1016/j.fluid.2017.12.011.json,3,1,4,"InChI=1S/C7H8O/c1-6-3-2-4-7(8)5-6/h2-5,8H,1H3",RLSSMJSEOOYNOY-UHFFFAOYSA-N,3-methylphenol,C7H8O,10.1016/j.fluid.2017.12.011,2018,"Boiling temperature at pressure P, K",Liquid,"[""Liquid"",""Gas""]",Ebulliometric method (Recirculating still),417.47,"{""nPropDigits"":5,""nPropNumber"":1,""nPropValue"":417.47,""CombinedUncertainty"":{""nCombExpandUncertValue"":0.34,""nCombUncertAssessNum"":1}}",variable,"{""nVarNumber"":1,""nVarDigits"":4,""nVarValue"":16.68}",417.47,True,,16680.0,True,True,False
10.1016/j.fluid.2017.12.011#d3#p1#r5,10.1016/j.fluid.2017.12.011#d3#p1,10.1016/j.fluid.2017.12.011.json,3,1,5,"InChI=1S/C7H8O/c1-6-3-2-4-7(8)5-6/h2-5,8H,1H3",RLSSMJSEOOYNOY-UHFFFAOYSA-N,3-methylphenol,C7H8O,10.1016/j.fluid.2017.12.011,2018,"Boiling temperature at pressure P, K",Liquid,"[""Liquid"",""Gas""]",Ebulliometric method (Recirculating still),420.54,"{""nPropNumber"":1,""nPropDigits"":5,""nPropValue"":420.54,""CombinedUncertainty"":{""nCombExpandUncertValue"":0.29,""nCombUncertAssessNum"":1}}",variable,"{""nVarDigits"":4,""nVarNumber"":1,""nVarValue"":18.79}",420.54,True,,18790.0,True,True,False
10.1016/j.fluid.2017.12.011#d3#p1#r6,10.1016/j.fluid.2017.12.011#d3#p1,10.1016/j.fluid.2017.12.011.json,3,1,6,"InChI=1S/C7H8O/c1-6-3-2-4-7(8)5-6/h2-5,8H,1H3",RLSSMJSEOOYNOY-UHFFFAOYSA-N,3-methylphenol,C7H8O,10.1016/j.fluid.2017.12.011,2018,"Boiling temperature at pressure P, K",Liquid,"[""Liquid"",""Gas""]",Ebulliometric method (Recirculating still),423.55,"{""nPropNumber"":1,""nPropDigits"":5,""CombinedUncertainty"":{""nCombUncertAssessNum"":1,""nCombExpandUncertValue"":0.26},""nPropValue"":423.55}",variable,"{""nVarDigits"":4,""nVarNumber"":1,""nVarValue"":20.91}",423.55,True,,20910.0,True,False,False
10.1016/j.fluid.2017.12.011#d3#p1#r7,10.1016/j.fluid.2017.12.011#d3#p1,10.1016/j.fluid.2017.12.011.json,3,1,7,"InChI=1S/C7H8O/c1-6-3-2-4-7(8)5-6/h2-5,8H,1H3",RLSSMJSEOOYNOY-UHFFFAOYSA-N,3-methylphenol,C7H8O,10.1016/j.fluid.2017.12.011,2018,"Boiling temperature at pressure P, K",Liquid,"[""Liquid"",""Gas""]",Ebulliometric method (Recirculating still),426.04,"{""nPropNumber"":1,""nPropDigits"":5,""nPropValue"":426.04,""CombinedUncertainty"":{""nCombUncertAssessNum"":1,""nCombExpandUncertValue"":0.25}}",variable,"{""nVarNumber"":1,""nVarDigits"":4,""nVarValue"":23.02}",426.04,True,,23020.0,True,False,False
10.1016/j.fluid.2017.12.011#d3#p1#r8,10.1016/j.fluid.2017.12.011#d3#p1,10.1016/j.fluid.2017.12.011.json,3,1,8,"InChI=1S/C7H8O/c1-6-3-2-4-7(8)5-6/h2-5,8H,1H3",RLSSMJSEOOYNOY-UHFFFAOYSA-N,3-methylphenol,C7H8O,10.1016/j.fluid.2017.12.011,2018,"Boiling temperature at pressure P, K",Liquid,"[""Liquid"",""Gas""]",Ebulliometric method (Recirculating still),428.56,"{""CombinedUncertainty"":{""nCombUncertAssessNum"":1,""nCombExpandUncertValue"":0.25},""nPropValue"":428.56,""nPropDigits"":5,""nPropNumber"":1}",variable,"{""nVarNumber"":1,""nVarDigits"":4,""nVarValue"":25.13}",428.56,True,,25130.0,True,False,False
10.1016/j.fluid.2017.12.011#d3#p1#r9,10.1016/j.fluid.2017.12.011#d3#p1,10.1016/j.fluid.2017.12.011.json,3,1,9,"InChI=1S/C7H8O/c1-6-3-2-4-7(8)5-6/h2-5,8H,1H3",RLSSMJSEOOYNOY-UHFFFAOYSA-N,3-methylphenol,C7H8O,10.1016/j.fluid.2017.12.011,2018,"Boiling temperature at pressure P, K",Liquid,"[""Liquid"",""Gas""]",Ebulliometric method (Recirculating still),422.16,"{""nPropNumber"":1,""nPropDigits"":5,""CombinedUncertainty"":{""nCombExpandUncertValue"":0.29,""nCombUncertAssessNum"":1},""nPropValue"":422.16}",variable,"{""nVarDigits"":3,""nVarNumber"":1,""nVarValue"":20}",422.16,True,,20000,True,True,False
10.1016/j.fluid.2017.12.011#d5#p1#r1,10.1016/j.fluid.2017.12.011#d5#p1,10.1016/j.fluid.2017.12.011.json,5,1,1,"InChI=1S/C8H10O/c1-6-4-3-5-7(2)8(6)9/h3-5,9H,1-2H3",NXXYKOUNUYWIHA-UHFFFAOYSA-N,"2,6-dimethylphenol",C8H10O,10.1016/j.fluid.2017.12.011,2018,"Boiling temperature at pressure P, K",Liquid,"[""Liquid"",""Gas""]",Ebulliometric method (Recirculating still),390.06,"{""nPropValue"":390.06,""CombinedUncertainty"":{""nCombUncertAssessNum"":1,""nCombExpandUncertValue"":0.54},""nPropNumber"":1,""nPropDigits"":5}",variable,"{""nVarDigits"":3,""nVarNumber"":1,""nVarValue"":6.7}",390.06,True,,6700.0,True,True,False
10.1016/j.fluid.2017.12.011#d5#p1#r2,10.1016/j.fluid.2017.12.011#d5#p1,10.1016/j.fluid.2017.12.011.json,5,1,2,"InChI=1S/C8H10O/c1-6-4-3-5-7(2)8(6)9/h3-5,9H,1-2H3",NXXYKOUNUYWIHA-UHFFFAOYSA-N,"2,6-dimethylphenol",C8H10O,10.1016/j.fluid.2017.12.011,2018,"Boiling temperature at pressure P, K",Liquid,"[""Liquid"",""Gas""]",Ebulliometric method (Recirculating still),396.14,"{""nPropValue"":396.14,""CombinedUncertainty"":{""nCombExpandUncertValue"":0.52,""nCombUncertAssessNum"":1},""nPropDigits"":5,""nPropNumber"":1}",variable,"{""nVarValue"":8.87,""nVarNumber"":1,""nVarDigits"":3}",396.14,True,,8870.0,True,True,False
10.1016/j.fluid.2017.12.011#d5#p1#r3,10.1016/j.fluid.2017.12.011#d5#p1,10.1016/j.fluid.2017.12.011.json,5,1,3,"InChI=1S/C8H10O/c1-6-4-3-5-7(2)8(6)9/h3-5,9H,1-2H3",NXXYKOUNUYWIHA-UHFFFAOYSA-N,"2,6-dimethylphenol",C8H10O,10.1016/j.fluid.2017.12.011,2018,"Boiling temperature at pressure P, K",Liquid,"[""Liquid"",""Gas""]",Ebulliometric method (Recirculating still),401.43,"{""nPropNumber"":1,""nPropDigits"":5,""CombinedUncertainty"":{""nCombUncertAssessNum"":1,""nCombExpandUncertValue"":0.47},""nPropValue"":401.43}",variable,"{""nVarDigits"":4,""nVarNumber"":1,""nVarValue"":10.89}",401.43,True,,10890.0,True,True,False
10.1016/j.fluid.2017.12.011#d5#p1#r4,10.1016/j.fluid.2017.12.011#d5#p1,10.1016/j.fluid.2017.12.011.json,5,1,4,"InChI=1S/C8H10O/c1-6-4-3-5-7(2)8(6)9/h3-5,9H,1-2H3",NXXYKOUNUYWIHA-UHFFFAOYSA-N,"2,6-dimethylphenol",C8H10O,10.1016/j.fluid.2017.12.011,2018,"Boiling temperature at pressure P, K",Liquid,"[""Liquid"",""Gas""]",Ebulliometric method (Recirculating still),405.64,"{""nPropNumber"":1,""nPropDigits"":5,""nPropValue"":405.64,""CombinedUncertainty"":{""nCombExpandUncertValue"":0.41,""nCombUncertAssessNum"":1}}",variable,"{""nVarNumber"":1,""nVarDigits"":4,""nVarValue"":12.74}",405.64,True,,12740.0,True,True,False
10.1016/j.fluid.2017.12.011#d5#p1#r5,10.1016/j.fluid.2017.12.011#d5#p1,10.1016/j.fluid.2017.12.011.json,5,1,5,"InChI=1S/C8H10O/c1-6-4-3-5-7(2)8(6)9/h3-5,9H,1-2H3",NXXYKOUNUYWIHA-UHFFFAOYSA-N,"2,6-dimethylphenol",C8H10O,10.1016/j.fluid.2017.12.011,2018,"Boiling temperature at pressure P, K",Liquid,"[""Liquid"",""Gas""]",Ebulliometric method (Recirculating still),409.97,"{""nPropDigits"":5,""nPropNumber"":1,""CombinedUncertainty"":{""nCombUncertAssessNum"":1,""nCombExpandUncertValue"":0.37},""nPropValue"":409.97}",variable,"{""nVarDigits"":4,""nVarNumber"":1,""nVarValue"":14.98}",409.97,True,,14980.0,True,True,False
10.1016/j.fluid.2017.12.011#d5#p1#r6,10.1016/j.fluid.2017.12.011#d5#p1,10.1016/j.fluid.2017.12.011.json,5,1,6,"InChI=1S/C8H10O/c1-6-4-3-5-7(2)8(6)9/h3-5,9H,1-2H3",NXXYKOUNUYWIHA-UHFFFAOYSA-N,"2,6-dimethylphenol",C8H10O,10.1016/j.fluid.2017.12.011,2018,"Boiling temperature at pressure P, K",Liquid,"[""Liquid"",""Gas""]",Ebulliometric method (Recirculating still),413.33,"{""nPropValue"":413.33,""CombinedUncertainty"":{""nCombExpandUncertValue"":0.34,""nCombUncertAssessNum"":1},""nPropDigits"":5,""nPropNumber"":1}",variable,"{""nVarNumber"":1,""nVarDigits"":4,""nVarValue"":16.8}",413.33,True,,16800.0,True,True,False
10.1016/j.fluid.2017.12.011#d5#p1#r7,10.1016/j.fluid.2017.12.011#d5#p1,10.1016/j.fluid.2017.12.011.json,5,1,7,"InChI=1S/C8H10O/c1-6-4-3-5-7(2)8(6)9/h3-5,9H,1-2H3",NXXYKOUNUYWIHA-UHFFFAOYSA-N,"2,6-dimethylphenol",C8H10O,10.1016/j.fluid.2017.12.011,2018,"Boiling temperature at pressure P, K",Liquid,"[""Liquid"",""Gas""]",Ebulliometric method (Recirculating still),416.65,"{""CombinedUncertainty"":{""nCombUncertAssessNum"":1,""nCombExpandUncertValue"":0.3},""nPropValue"":416.65,""nPropDigits"":5,""nPropNumber"":1}",variable,"{""nVarValue"":18.91,""nVarDigits"":4,""nVarNumber"":1}",416.65,True,,18910.0,True,True,False
10.1016/j.fluid.2017.12.011#d5#p1#r8,10.1016/j.fluid.2017.12.011#d5#p1,10.1016/j.fluid.2017.12.011.json,5,1,8,"InChI=1S/C8H10O/c1-6-4-3-5-7(2)8(6)9/h3-5,9H,1-2H3",NXXYKOUNUYWIHA-UHFFFAOYSA-N,"2,6-dimethylphenol",C8H10O,10.1016/j.fluid.2017.12.011,2018,"Boiling temperature at pressure P, K",Liquid,"[""Liquid"",""Gas""]",Ebulliometric method (Recirculating still),419.43,"{""nPropValue"":419.43,""CombinedUncertainty"":{""nCombUncertAssessNum"":1,""nCombExpandUncertValue"":0.28},""nPropNumber"":1,""nPropDigits"":5}",variable,"{""nVarValue"":21.02,""nVarNumber"":1,""nVarDigits"":4}",419.43,True,,21020.0,True,False,False
10.1016/j.fluid.2017.12.011#d5#p1#r9,10.1016/j.fluid.2017.12.011#d5#p1,10.1016/j.fluid.2017.12.011.json,5,1,9,"InChI=1S/C8H10O/c1-6-4-3-5-7(2)8(6)9/h3-5,9H,1-2H3",NXXYKOUNUYWIHA-UHFFFAOYSA-N,"2,6-dimethylphenol",C8H10O,10.1016/j.fluid.2017.12.011,2018,"Boiling temperature at pressure P, K",Liquid,"[""Liquid"",""Gas""]",Ebulliometric method (Recirculating still),422.01,"{""nPropDigits"":5,""nPropNumber"":1,""nPropValue"":422.01,""CombinedUncertainty"":{""nCombExpandUncertValue"":0.29,""nCombUncertAssessNum"":1}}",variable,"{""nVarValue"":22.83,""nVarDigits"":4,""nVarNumber"":1}",422.01,True,,22830.0,True,False,False
10.1016/j.fluid.2017.12.011#d5#p1#r10,10.1016/j.fluid.2017.12.011#d5#p1,10.1016/j.fluid.2017.12.011.json,5,1,10,"InChI=1S/C8H10O/c1-6-4-3-5-7(2)8(6)9/h3-5,9H,1-2H3",NXXYKOUNUYWIHA-UHFFFAOYSA-N,"2,6-dimethylphenol",C8H10O,10.1016/j.fluid.2017.12.011,2018,"Boiling temperature at pressure P, K",Liquid,"[""Liquid"",""Gas""]",Ebulliometric method (Recirculating still),436.55,"{""nPropValue"":436.55,""CombinedUncertainty"":{""nCombUncertAssessNum"":1,""nCombExpandUncertValue"":0.28},""nPropDigits"":5,""nPropNumber"":1}",variable,"{""nVarNumber"":1,""nVarDigits"":4,""nVarValue"":33.02}",436.55,True,,33020.0,True,False,False
10.1016/j.fluid.2017.12.011#d5#p1#r11,10.1016/j.fluid.2017.12.011#d5#p1,10.1016/j.fluid.2017.12.011.json,5,1,11,"InChI=1S/C8H10O/c1-6-4-3-5-7(2)8(6)9/h3-5,9H,1-2H3",NXXYKOUNUYWIHA-UHFFFAOYSA-N,"2,6-dimethylphenol",C8H10O,10.1016/j.fluid.2017.12.011,2018,"Boiling temperature at pressure P, K",Liquid,"[""Liquid"",""Gas""]",Ebulliometric method (Recirculating still),438.9,"{""nPropValue"":438.9,""CombinedUncertainty"":{""nCombUncertAssessNum"":1,""nCombExpandUncertValue"":0.2},""nPropDigits"":5,""nPropNumber"":1}",variable,"{""nVarValue"":35.64,""nVarDigits"":4,""nVarNumber"":1}",438.9,True,,35640.0,True,False,False
10.1016/j.fluid.2017.12.011#d5#p1#r12,10.1016/j.fluid.2017.12.011#d5#p1,10.1016/j.fluid.2017.12.011.json,5,1,12,"InChI=1S/C8H10O/c1-6-4-3-5-7(2)8(6)9/h3-5,9H,1-2H3",NXXYKOUNUYWIHA-UHFFFAOYSA-N,"2,6-dimethylphenol",C8H10O,10.1016/j.fluid.2017.12.011,2018,"Boiling temperature at pressure P, K",Liquid,"[""Liquid"",""Gas""]",Ebulliometric method (Recirculating still),418.11,"{""nPropValue"":418.11,""CombinedUncertainty"":{""nCombUncertAssessNum"":1,""nCombExpandUncertValue"":0.27},""nPropNumber"":1,""nPropDigits"":5}",variable,"{""nVarNumber"":1,""nVarDigits"":3,""nVarValue"":20}",418.11,True,,20000,True,True,False
10.1016/j.fluid.2018.07.014#d1#p1#r1,10.1016/j.fluid.2018.07.014#d1#p1,10.1016/j.fluid.2018.07.014.json,1,1,1,"InChI=1S/C2H6O/c1-2-3/h3H,2H2,1H3",LFQSCWFLJHTTHZ-UHFFFAOYSA-N,ethanol,C2H6O,10.1016/j.fluid.2018.07.014,2018,"Boiling temperature at pressure P, K",Liquid,"[""Liquid"",""Gas""]",Closed cell (Static) method,303.3,"{""nPropNumber"":1,""nPropDigits"":4,""CombinedUncertainty"":{""nCombExpandUncertValue"":7.1,""nCombUncertAssessNum"":1},""nPropValue"":303.3}",variable,"{""nVarDigits"":2,""nVarNumber"":1,""nVarValue"":9.6}",303.3,True,,9600.0,True,True,False
10.1016/j.fluid.2018.07.014#d1#p1#r2,10.1016/j.fluid.2018.07.014#d1#p1,10.1016/j.fluid.2018.07.014.json,1,1,2,"InChI=1S/C2H6O/c1-2-3/h3H,2H2,1H3",LFQSCWFLJHTTHZ-UHFFFAOYSA-N,ethanol,C2H6O,10.1016/j.fluid.2018.07.014,2018,"Boiling temperature at pressure P, K",Liquid,"[""Liquid"",""Gas""]",Closed cell (Static) method,309.9,"{""nPropValue"":309.9,""CombinedUncertainty"":{""nCombUncertAssessNum"":1,""nCombExpandUncertValue"":5.2},""nPropDigits"":4,""nPropNumber"":1}",variable,"{""nVarDigits"":3,""nVarNumber"":1,""nVarValue"":13.7}",309.9,True,,13700.0,True,True,False
10.1016/j.fluid.2018.07.014#d1#p1#r3,10.1016/j.fluid.2018.07.014#d1#p1,10.1016/j.fluid.2018.07.014.json,1,1,3,"InChI=1S/C2H6O/c1-2-3/h3H,2H2,1H3",LFQSCWFLJHTTHZ-UHFFFAOYSA-N,ethanol,C2H6O,10.1016/j.fluid.2018.07.014,2018,"Boiling temperature at pressure P, K",Liquid,"[""Liquid"",""Gas""]",Closed cell (Static) method,320,"{""nPropDigits"":4,""nPropNumber"":1,""nPropValue"":320,""CombinedUncertainty"":{""nCombUncertAssessNum"":1,""nCombExpandUncertValue"":3.9}}",variable,"{""nVarValue"":23.8,""nVarDigits"":3,""nVarNumber"":1}",320,True,,23800.0,True,False,False
10.1016/j.fluid.2018.07.014#d1#p1#r4,10.1016/j.fluid.2018.07.014#d1#p1,10.1016/j.fluid.2018.07.014.json,1,1,4,"InChI=1S/C2H6O/c1-2-3/h3H,2H2,1H3",LFQSCWFLJHTTHZ-UHFFFAOYSA-N,ethanol,C2H6O,10.1016/j.fluid.2018.07.014,2018,"Boiling temperature at pressure P, K",Liquid,"[""Liquid"",""Gas""]",Closed cell (Static) method,330.1,"{""nPropDigits"":4,""nPropNumber"":1,""CombinedUncertainty"":{""nCombUncertAssessNum"":1,""nCombExpandUncertValue"":3.1},""nPropValue"":330.1}",variable,"{""nVarDigits"":3,""nVarNumber"":1,""nVarValue"":38.9}",330.1,True,,38900.0,True,False,False
10.1016/j.fluid.2018.07.014#d1#p1#r5,10.1016/j.fluid.2018.07.014#d1#p1,10.1016/j.fluid.2018.07.014.json,1,1,5,"InChI=1S/C2H6O/c1-2-3/h3H,2H2,1H3",LFQSCWFLJHTTHZ-UHFFFAOYSA-N,ethanol,C2H6O,10.1016/j.fluid.2018.07.014,2018,"Boiling temperature at pressure P, K",Liquid,"[""Liquid"",""Gas""]",Closed cell (Static) method,337.5,"{""nPropNumber"":1,""nPropDigits"":4,""CombinedUncertainty"":{""nCombUncertAssessNum"":1,""nCombExpandUncertValue"":2.7},""nPropValue"":337.5}",variable,"{""nVarValue"":54.5,""nVarDigits"":3,""nVarNumber"":1}",337.5,True,,54500.0,True,False,False
10.1016/j.fluid.2018.07.014#d1#p1#r6,10.1016/j.fluid.2018.07.014#d1#p1,10.1016/j.fluid.2018.07.014.json,1,1,6,"InChI=1S/C2H6O/c1-2-3/h3H,2H2,1H3",LFQSCWFLJHTTHZ-UHFFFAOYSA-N,ethanol,C2H6O,10.1016/j.fluid.2018.07.014,2018,"Boiling temperature at pressure P, K",Liquid,"[""Liquid"",""Gas""]",Closed cell (Static) method,342.8,"{""nPropDigits"":4,""nPropNumber"":1,""CombinedUncertainty"":{""nCombUncertAssessNum"":1,""nCombExpandUncertValue"":2.4},""nPropValue"":342.8}",variable,"{""nVarNumber"":1,""nVarDigits"":3,""nVarValue"":69.5}",342.8,True,,69500.0,True,False,False
10.1016/j.fluid.2018.07.014#d1#p1#r7,10.1016/j.fluid.2018.07.014#d1#p1,10.1016/j.fluid.2018.07.014.json,1,1,7,"InChI=1S/C2H6O/c1-2-3/h3H,2H2,1H3",LFQSCWFLJHTTHZ-UHFFFAOYSA-N,ethanol,C2H6O,10.1016/j.fluid.2018.07.014,2018,"Boiling temperature at pressure P, K",Liquid,"[""Liquid"",""Gas""]",Closed cell (Static) method,349.7,"{""CombinedUncertainty"":{""nCombExpandUncertValue"":2.4,""nCombUncertAssessNum"":1},""nPropValue"":349.7,""nPropDigits"":4,""nPropNumber"":1}",variable,"{""nVarValue"":91.7,""nVarDigits"":3,""nVarNumber"":1}",349.7,True,,91700.0,True,False,False
10.1016/j.fluid.2018.07.014#d2#p1#r1,10.1016/j.fluid.2018.07.014#d2#p1,10.1016/j.fluid.2018.07.014.json,2,1,1,"InChI=1S/C7H14O2/c1-3-5-6-7(8)9-4-2/h3-6H2,1-2H3",ICMAFTSLXCXHRK-UHFFFAOYSA-N,ethyl pentanoate,C7H14O2,10.1016/j.fluid.2018.07.014,2018,"Boiling temperature at pressure P, K",Liquid,"[""Liquid"",""Gas""]",Closed cell (Static) method,345.4,"{""CombinedUncertainty"":{""nCombUncertAssessNum"":1,""nCombExpandUncertValue"":10},""nPropValue"":345.4,""nPropNumber"":1,""nPropDigits"":4}",variable,"{""nVarValue"":7.1,""nVarNumber"":1,""nVarDigits"":2}",345.4,True,,7100.0,True,True,False
10.1016/j.fluid.2018.07.014#d2#p1#r2,10.1016/j.fluid.2018.07.014#d2#p1,10.1016/j.fluid.2018.07.014.json,2,1,2,"InChI=1S/C7H14O2/c1-3-5-6-7(8)9-4-2/h3-6H2,1-2H3",ICMAFTSLXCXHRK-UHFFFAOYSA-N,ethyl pentanoate,C7H14O2,10.1016/j.fluid.2018.07.014,2018,"Boiling temperature at pressure P, K",Liquid,"[""Liquid"",""Gas""]",Closed cell (Static) method,350.7,"{""nPropDigits"":4,""nPropNumber"":1,""nPropValue"":350.7,""CombinedUncertainty"":{""nCombUncertAssessNum"":1,""nCombExpandUncertValue"":9}}",variable,"{""nVarNumber"":1,""nVarDigits"":2,""nVarValue"":8.9}",350.7,True,,8900.0,True,True,False
10.1016/j.fluid.2018.07.014#d2#p1#r3,10.1016/j.fluid.2018.07.014#d2#p1,10.1016/j.fluid.2018.07.014.json,2,1,3,"InChI=1S/C7H14O2/c1-3-5-6-7(8)9-4-2/h3-6H2,1-2H3",ICMAFTSLXCXHRK-UHFFFAOYSA-N,ethyl pentanoate,C7H14O2,10.1016/j.fluid.2018.07.014,2018,"Boiling temperature at pressure P, K",Liquid,"[""Liquid"",""Gas""]",Closed cell (Static) method,361.1,"{""nPropNumber"":1,""nPropDigits"":4,""nPropValue"":361.1,""CombinedUncertainty"":{""nCombExpandUncertValue"":6.9,""nCombUncertAssessNum"":1}}",variable,"{""nVarNumber"":1,""nVarDigits"":3,""nVarValue"":13.9}",361.1,True,,13900.0,True,True,False
10.1016/j.fluid.2018.07.014#d2#p1#r4,10.1016/j.fluid.2018.07.014#d2#p1,10.1016/j.fluid.2018.07.014.json,2,1,4,"InChI=1S/C7H14O2/c1-3-5-6-7(8)9-4-2/h3-6H2,1-2H3",ICMAFTSLXCXHRK-UHFFFAOYSA-N,ethyl pentanoate,C7H14O2,10.1016/j.fluid.2018.07.014,2018,"Boiling temperature at pressure P, K",Liquid,"[""Liquid"",""Gas""]",Closed cell (Static) method,374.9,"{""nPropDigits"":4,""nPropNumber"":1,""CombinedUncertainty"":{""nCombExpandUncertValue"":4.9,""nCombUncertAssessNum"":1},""nPropValue"":374.9}",variable,"{""nVarValue"":24.1,""nVarDigits"":3,""nVarNumber"":1}",374.9,True,,24100.0,True,False,False
10.1016/j.fluid.2018.07.014#d2#p1#r5,10.1016/j.fluid.2018.07.014#d2#p1,10.1016/j.fluid.2018.07.014.json,2,1,5,"InChI=1S/C7H14O2/c1-3-5-6-7(8)9-4-2/h3-6H2,1-2H3",ICMAFTSLXCXHRK-UHFFFAOYSA-N,ethyl pentanoate,C7H14O2,10.1016/j.fluid.2018.07.014,2018,"Boiling temperature at pressure P, K",Liquid,"[""Liquid"",""Gas""]",Closed cell (Static) method,388.3,"{""nPropDigits"":4,""nPropNumber"":1,""CombinedUncertainty"":{""nCombUncertAssessNum"":1,""nCombExpandUncertValue"":3.7},""nPropValue"":388.3}",variable,"{""nVarDigits"":3,""nVarNumber"":1,""nVarValue"":39.1}",388.3,True,,39100.0,True,False,False
10.1016/j.fluid.2018.07.014#d2#p1#r6,10.1016/j.fluid.2018.07.014#d2#p1,10.1016/j.fluid.2018.07.014.json,2,1,6,"InChI=1S/C7H14O2/c1-3-5-6-7(8)9-4-2/h3-6H2,1-2H3",ICMAFTSLXCXHRK-UHFFFAOYSA-N,ethyl pentanoate,C7H14O2,10.1016/j.fluid.2018.07.014,2018,"Boiling temperature at pressure P, K",Liquid,"[""Liquid"",""Gas""]",Closed cell (Static) method,395.7,"{""nPropNumber"":1,""nPropDigits"":4,""CombinedUncertainty"":{""nCombExpandUncertValue"":3,""nCombUncertAssessNum"":1},""nPropValue"":395.7}",variable,"{""nVarValue"":52.7,""nVarNumber"":1,""nVarDigits"":3}",395.7,True,,52700.0,True,False,False
10.1016/j.fluid.2018.07.014#d2#p1#r7,10.1016/j.fluid.2018.07.014#d2#p1,10.1016/j.fluid.2018.07.014.json,2,1,7,"InChI=1S/C7H14O2/c1-3-5-6-7(8)9-4-2/h3-6H2,1-2H3",ICMAFTSLXCXHRK-UHFFFAOYSA-N,ethyl pentanoate,C7H14O2,10.1016/j.fluid.2018.07.014,2018,"Boiling temperature at pressure P, K",Liquid,"[""Liquid"",""Gas""]",Closed cell (Static) method,403.9,"{""nPropDigits"":4,""nPropNumber"":1,""nPropValue"":403.9,""CombinedUncertainty"":{""nCombExpandUncertValue"":2.9,""nCombUncertAssessNum"":1}}",variable,"{""nVarDigits"":3,""nVarNumber"":1,""nVarValue"":69.3}",403.9,True,,69300.0,True,False,False
10.1016/j.fluid.2018.07.014#d2#p1#r8,10.1016/j.fluid.2018.07.014#d2#p1,10.1016/j.fluid.2018.07.014.json,2,1,8,"InChI=1S/C7H14O2/c1-3-5-6-7(8)9-4-2/h3-6H2,1-2H3",ICMAFTSLXCXHRK-UHFFFAOYSA-N,ethyl pentanoate,C7H14O2,10.1016/j.fluid.2018.07.014,2018,"Boiling temperature at pressure P, K",Liquid,"[""Liquid"",""Gas""]",Closed cell (Static) method,414.9,"{""CombinedUncertainty"":{""nCombUncertAssessNum"":1,""nCombExpandUncertValue"":2.9},""nPropValue"":414.9,""nPropNumber"":1,""nPropDigits"":4}",variable,"{""nVarDigits"":3,""nVarNumber"":1,""nVarValue"":91.7}",414.9,True,,91700.0,True,False,False
10.1016/j.fluid.2018.07.014#d3#p1#r1,10.1016/j.fluid.2018.07.014#d3#p1,10.1016/j.fluid.2018.07.014.json,3,1,1,InChI=1S/H2O/h1H2,XLYOFNOQVPJJNP-UHFFFAOYSA-N,water,H2O,10.1016/j.fluid.2018.07.014,2018,"Boiling temperature at pressure P, K",Liquid,"[""Liquid"",""Gas""]",Closed cell (Static) method,311.9,"{""nPropNumber"":1,""nPropDigits"":4,""nPropValue"":311.9,""CombinedUncertainty"":{""nCombUncertAssessNum"":1,""nCombExpandUncertValue"":8.5}}",variable,"{""nVarNumber"":1,""nVarDigits"":2,""nVarValue"":6.9}",311.9,True,no_carbon,6900.0,True,True,False
10.1016/j.fluid.2018.07.014#d3#p1#r2,10.1016/j.fluid.2018.07.014#d3#p1,10.1016/j.fluid.2018.07.014.json,3,1,2,InChI=1S/H2O/h1H2,XLYOFNOQVPJJNP-UHFFFAOYSA-N,water,H2O,10.1016/j.fluid.2018.07.014,2018,"Boiling temperature at pressure P, K",Liquid,"[""Liquid"",""Gas""]",Closed cell (Static) method,317,"{""nPropDigits"":4,""nPropNumber"":1,""nPropValue"":317,""CombinedUncertainty"":{""nCombUncertAssessNum"":1,""nCombExpandUncertValue"":7.7}}",variable,"{""nVarNumber"":1,""nVarDigits"":2,""nVarValue"":9}",317,True,no_carbon,9000,True,True,False
10.1016/j.fluid.2018.07.014#d3#p1#r3,10.1016/j.fluid.2018.07.014#d3#p1,10.1016/j.fluid.2018.07.014.json,3,1,3,InChI=1S/H2O/h1H2,XLYOFNOQVPJJNP-UHFFFAOYSA-N,water,H2O,10.1016/j.fluid.2018.07.014,2018,"Boiling temperature at pressure P, K",Liquid,"[""Liquid"",""Gas""]",Closed cell (Static) method,326,"{""nPropDigits"":4,""nPropNumber"":1,""CombinedUncertainty"":{""nCombExpandUncertValue"":6,""nCombUncertAssessNum"":1},""nPropValue"":326}",variable,"{""nVarDigits"":3,""nVarNumber"":1,""nVarValue"":14.1}",326,True,no_carbon,14100.0,True,True,False
10.1016/j.fluid.2018.07.014#d3#p1#r4,10.1016/j.fluid.2018.07.014#d3#p1,10.1016/j.fluid.2018.07.014.json,3,1,4,InChI=1S/H2O/h1H2,XLYOFNOQVPJJNP-UHFFFAOYSA-N,water,H2O,10.1016/j.fluid.2018.07.014,2018,"Boiling temperature at pressure P, K",Liquid,"[""Liquid"",""Gas""]",Closed cell (Static) method,337.4,"{""nPropNumber"":1,""nPropDigits"":4,""CombinedUncertainty"":{""nCombUncertAssessNum"":1,""nCombExpandUncertValue"":4.3},""nPropValue"":337.4}",variable,"{""nVarNumber"":1,""nVarDigits"":3,""nVarValue"":24.1}",337.4,True,no_carbon,24100.0,True,False,False
10.1016/j.fluid.2018.07.014#d3#p1#r5,10.1016/j.fluid.2018.07.014#d3#p1,10.1016/j.fluid.2018.07.014.json,3,1,5,InChI=1S/H2O/h1H2,XLYOFNOQVPJJNP-UHFFFAOYSA-N,water,H2O,10.1016/j.fluid.2018.07.014,2018,"Boiling temperature at pressure P, K",Liquid,"[""Liquid"",""Gas""]",Closed cell (Static) method,348.8,"{""nPropValue"":348.8,""CombinedUncertainty"":{""nCombUncertAssessNum"":1,""nCombExpandUncertValue"":3.4},""nPropNumber"":1,""nPropDigits"":4}",variable,"{""nVarValue"":39.5,""nVarNumber"":1,""nVarDigits"":3}",348.8,True,no_carbon,39500.0,True,False,False
10.1016/j.fluid.2018.07.014#d3#p1#r6,10.1016/j.fluid.2018.07.014#d3#p1,10.1016/j.fluid.2018.07.014.json,3,1,6,InChI=1S/H2O/h1H2,XLYOFNOQVPJJNP-UHFFFAOYSA-N,water,H2O,10.1016/j.fluid.2018.07.014,2018,"Boiling temperature at pressure P, K",Liquid,"[""Liquid"",""Gas""]",Closed cell (Static) method,356.9,"{""nPropValue"":356.9,""CombinedUncertainty"":{""nCombExpandUncertValue"":2.8,""nCombUncertAssessNum"":1},""nPropNumber"":1,""nPropDigits"":4}",variable,"{""nVarValue"":54.3,""nVarNumber"":1,""nVarDigits"":3}",356.9,True,no_carbon,54300.0,True,False,False
10.1016/j.fluid.2018.07.014#d3#p1#r7,10.1016/j.fluid.2018.07.014#d3#p1,10.1016/j.fluid.2018.07.014.json,3,1,7,InChI=1S/H2O/h1H2,XLYOFNOQVPJJNP-UHFFFAOYSA-N,water,H2O,10.1016/j.fluid.2018.07.014,2018,"Boiling temperature at pressure P, K",Liquid,"[""Liquid"",""Gas""]",Closed cell (Static) method,363.1,"{""nPropDigits"":4,""nPropNumber"":1,""nPropValue"":363.1,""CombinedUncertainty"":{""nCombUncertAssessNum"":1,""nCombExpandUncertValue"":2.6}}",variable,"{""nVarNumber"":1,""nVarDigits"":3,""nVarValue"":69.5}",363.1,True,no_carbon,69500.0,True,False,False
10.1016/j.fluid.2018.07.014#d3#p1#r8,10.1016/j.fluid.2018.07.014#d3#p1,10.1016/j.fluid.2018.07.014.json,3,1,8,InChI=1S/H2O/h1H2,XLYOFNOQVPJJNP-UHFFFAOYSA-N,water,H2O,10.1016/j.fluid.2018.07.014,2018,"Boiling temperature at pressure P, K",Liquid,"[""Liquid"",""Gas""]",Closed cell (Static) method,371.1,"{""nPropDigits"":4,""nPropNumber"":1,""nPropValue"":371.1,""CombinedUncertainty"":{""nCombUncertAssessNum"":1,""nCombExpandUncertValue"":2.5}}",variable,"{""nVarValue"":92.1,""nVarDigits"":3,""nVarNumber"":1}",371.1,True,no_carbon,92100.0,True,False,False
10.1016/j.fluid.2018.07.027#d3#p1#r1,10.1016/j.fluid.2018.07.027#d3#p1,10.1016/j.fluid.2018.07.027.json,3,1,1,"InChI=1S/C8H18/c1-7(2)6-8(3,4)5/h7H,6H2,1-5H3",NHTMVDHEPJAVLT-UHFFFAOYSA-N,"2,2,4-trimethylpentane",C8H18,10.1016/j.fluid.2018.07.027,2018,"Boiling temperature at pressure P, K",Liquid,"[""Liquid"",""Gas""]",Ebulliometric method (Recirculating still),372.16,"{""CombinedUncertainty"":{""nCombExpandUncertValue"":0.05,""nCombUncertAssessNum"":1},""nPropValue"":372.16,""nPropNumber"":1,""nPropDigits"":5}",variable,"{""nVarValue"":101.3,""nVarNumber"":1,""nVarDigits"":4}",372.16,True,,101300.0,True,False,False
10.1016/j.fluid.2018.07.027#d7#p1#r1,10.1016/j.fluid.2018.07.027#d7#p1,10.1016/j.fluid.2018.07.027.json,7,1,1,"InChI=1S/C4H10O/c1-2-3-4-5/h5H,2-4H2,1H3",LRHPLDYGYMQRHN-UHFFFAOYSA-N,butan-1-ol,C4H10O,10.1016/j.fluid.2018.07.027,2018,"Boiling temperature at pressure P, K",Liquid,"[""Liquid"",""Gas""]",Ebulliometric method (Recirculating still),390.25,"{""nPropDigits"":5,""nPropNumber"":1,""CombinedUncertainty"":{""nCombExpandUncertValue"":0.05,""nCombUncertAssessNum"":1},""nPropValue"":390.25}",variable,"{""nVarValue"":101.3,""nVarNumber"":1,""nVarDigits"":4}",390.25,True,,101300.0,True,False,False
10.1016/j.fluid.2018.07.027#d11#p1#r1,10.1016/j.fluid.2018.07.027#d11#p1,10.1016/j.fluid.2018.07.027.json,11,1,1,"InChI=1S/C8H18O/c1-3-5-7-9-8-6-4-2/h3-8H2,1-2H3",DURPTKYDGMDSBL-UHFFFAOYSA-N,dibutyl ether,C8H18O,10.1016/j.fluid.2018.07.027,2018,"Boiling temperature at pressure P, K",Liquid,"[""Liquid"",""Gas""]",Ebulliometric method (Recirculating still),414.55,"{""nPropValue"":414.55,""CombinedUncertainty"":{""nCombUncertAssessNum"":1,""nCombExpandUncertValue"":0.05},""nPropDigits"":5,""nPropNumber"":1}",variable,"{""nVarDigits"":4,""nVarNumber"":1,""nVarValue"":101.3}",414.55,True,,101300.0,True,False,False
10.1016/j.fluid.2019.05.001#d2#p1#r1,10.1016/j.fluid.2019.05.001#d2#p1,10.1016/j.fluid.2019.05.001.json,2,1,1,"InChI=1S/C11H22NO2.BrH/c1-3-14-11(13)7-6-10-12(2)8-4-5-9-12;/h3-10H2,1-2H3;1H/q+1;/p-1",NSRWOALPLQXBIB-UHFFFAOYSA-M,1-(4-ethoxy-4-oxobutyl)-1-methylpyrrolidinium bromide,C11H22BrNO2,10.1016/j.fluid.2019.05.001,2019,"Boiling temperature at pressure P, K",Liquid,"[""Liquid"",""Glass""]",DTA,242.15,"{""nPropValue"":242.15,""CombinedUncertainty"":{""nCombUncertAssessNum"":1,""nCombExpandUncertValue"":1},""nPropDigits"":2,""nPropNumber"":1}",variable,"{""nVarDigits"":3,""nVarNumber"":1,""nVarValue"":101}",242.15,False,disconnected_formula;charge_or_protonation_layer,101000,False,False,False
10.1016/j.fluid.2019.05.001#d4#p1#r1,10.1016/j.fluid.2019.05.001#d4#p1,10.1016/j.fluid.2019.05.001.json,4,1,1,"InChI=1S/C12H26NO2.BrH/c1-5-13(6-2,7-3)11-9-10-12(14)15-8-4;/h5-11H2,1-4H3;1H/q+1;/p-1",MBFDOUMFZRUYNH-UHFFFAOYSA-M,"N,N,N-triethyl(4-ethoxy-4-oxobutyl)-1-aminium bromide",C12H26BrNO2,10.1016/j.fluid.2019.05.001,2019,"Boiling temperature at pressure P, K",Liquid,"[""Liquid"",""Glass""]",DTA,252.15,"{""nPropValue"":252.15,""CombinedUncertainty"":{""nCombExpandUncertValue"":1,""nCombUncertAssessNum"":1},""nPropDigits"":2,""nPropNumber"":1}",variable,"{""nVarValue"":101,""nVarDigits"":3,""nVarNumber"":1}",252.15,False,disconnected_formula;charge_or_protonation_layer,101000,False,False,False
10.1016/j.fluid.2019.05.001#d7#p1#r1,10.1016/j.fluid.2019.05.001#d7#p1,10.1016/j.fluid.2019.05.001.json,7,1,1,"InChI=1S/C18H38NO2.BrH/c1-5-9-14-19(15-10-6-2,16-11-7-3)17-12-13-18(20)21-8-4;/h5-17H2,1-4H3;1H/q+1;/p-1",FZEMNCBBVNAGLH-UHFFFAOYSA-M,"N,N,N-tri(n-butyl)(4-ethoxy-4-oxobutyl)-1-aminium bromide",C18H38BrNO2,10.1016/j.fluid.2019.05.001,2019,"Boiling temperature at pressure P, K",Liquid,"[""Liquid"",""Glass""]",DTA,233.15,"{""CombinedUncertainty"":{""nCombUncertAssessNum"":1,""nCombExpandUncertValue"":1},""nPropValue"":233.15,""nPropNumber"":1,""nPropDigits"":1}",variable,"{""nVarDigits"":3,""nVarNumber"":1,""nVarValue"":101}",233.15,False,disconnected_formula;charge_or_protonation_layer,101000,False,False,False
10.1016/j.fluid.2019.112248#d11#p1#r1,10.1016/j.fluid.2019.112248#d11#p1,10.1016/j.fluid.2019.112248.json,11,1,1,"InChI=1S/C10H12O2/c1-3-4-8-5-6-9(11)10(7-8)12-2/h3,5-7,11H,1,4H2,2H3",RRAFCDWBNXTKKO-UHFFFAOYSA-N,2-hydroxy-5-allylanisole,C10H12O2,10.1016/j.fluid.2019.112248,2019,"Boiling temperature at pressure P, K",Glass,"[""Glass"",""Liquid""]",DTA,191.4,"{""nPropNumber"":1,""nPropDigits"":4,""nPropValue"":191.4,""CombinedUncertainty"":{""nCombExpandUncertValue"":0.3,""nCombUncertAssessNum"":1}}",variable,"{""nVarValue"":100,""nVarDigits"":1,""nVarNumber"":1}",191.4,False,,100000,False,False,False
10.1016/j.jct.2004.09.002#d2#p1#r1,10.1016/j.jct.2004.09.002#d2#p1,10.1016/j.jct.2004.09.002.json,2,1,1,InChI=1S/H2O/h1H2,XLYOFNOQVPJJNP-UHFFFAOYSA-N,water,H2O,10.1016/j.jct.2004.09.002,2005,"Boiling temperature at pressure P, K",Liquid,"[""Liquid"",""Gas""]",Fischer boiling point apparatus,373.2,"{""nPropDigits"":4,""nPropNumber"":1,""nPropValue"":373.2,""CombinedUncertainty"":{""nCombExpandUncertValue"":0.2,""nCombUncertAssessNum"":1}}",variable,"{""nVarValue"":101.325,""nVarDigits"":6,""nVarNumber"":1}",373.2,True,no_carbon,101325.0,False,False,False
10.1016/j.jct.2004.09.002#d4#p1#r1,10.1016/j.jct.2004.09.002#d4#p1,10.1016/j.jct.2004.09.002.json,4,1,1,"InChI=1S/C4H8O2/c1-2-3-4(5)6/h2-3H2,1H3,(H,5,6)",FERIUCNNQQJTOY-UHFFFAOYSA-N,butanoic acid,C4H8O2,10.1016/j.jct.2004.09.002,2005,"Boiling temperature at pressure P, K",Liquid,"[""Liquid"",""Gas""]",Fischer boiling point apparatus,436.67,"{""nPropNumber"":1,""nPropDigits"":5,""nPropValue"":436.67,""CombinedUncertainty"":{""nCombUncertAssessNum"":1,""nCombExpandUncertValue"":0.2}}",variable,"{""nVarValue"":101.325,""nVarNumber"":1,""nVarDigits"":6}",436.67,True,,101325.0,False,False,False
10.1016/j.jct.2004.09.002#d7#p1#r1,10.1016/j.jct.2004.09.002#d7#p1,10.1016/j.jct.2004.09.002.json,7,1,1,"InChI=1S/C8H14O2/c1-7(9)10-8-5-3-2-4-6-8/h8H,2-6H2,1H3",YYLLIJHXUHJATK-UHFFFAOYSA-N,cyclohexyl ethanoate,C8H14O2,10.1016/j.jct.2004.09.002,2005,"Boiling temperature at pressure P, K",Liquid,"[""Liquid"",""Gas""]",Fischer boiling point apparatus,450.45,"{""nPropDigits"":5,""nPropNumber"":1,""CombinedUncertainty"":{""nCombExpandUncertValue"":0.2,""nCombUncertAssessNum"":1},""nPropValue"":450.45}",variable,"{""nVarValue"":101.325,""nVarDigits"":6,""nVarNumber"":1}",450.45,True,,101325.0,False,False,False
10.1016/j.jct.2005.07.025#d2#p1#r1,10.1016/j.jct.2005.07.025#d2#p1,10.1016/j.jct.2005.07.025.json,2,1,1,"InChI=1S/C4H8O2/c1-2-3-4(5)6/h2-3H2,1H3,(H,5,6)",FERIUCNNQQJTOY-UHFFFAOYSA-N,butanoic acid,C4H8O2,10.1016/j.jct.2005.07.025,2006,"Boiling temperature at pressure P, K",Liquid,"[""Liquid"",""Gas""]",Fischer boiling point apparatus,436.7,"{""nPropDigits"":4,""nPropNumber"":1,""nPropValue"":436.7,""CombinedUncertainty"":{""nCombExpandUncertValue"":0.2,""nCombUncertAssessNum"":1}}",variable,"{""nVarDigits"":6,""nVarNumber"":1,""nVarValue"":101.325}",436.7,True,,101325.0,False,False,False
10.1016/j.jct.2005.07.025#d5#p1#r1,10.1016/j.jct.2005.07.025#d5#p1,10.1016/j.jct.2005.07.025.json,5,1,1,"InChI=1S/C12H26O/c1-2-3-4-5-6-7-8-9-10-11-12-13/h13H,2-12H2,1H3",LQZZUXJYWNFBMV-UHFFFAOYSA-N,dodecan-1-ol,C12H26O,10.1016/j.jct.2005.07.025,2006,"Boiling temperature at pressure P, K",Liquid,"[""Liquid"",""Gas""]",Fischer boiling point apparatus,532.5,"{""nPropValue"":532.5,""CombinedUncertainty"":{""nCombExpandUncertValue"":1,""nCombUncertAssessNum"":1},""nPropNumber"":1,""nPropDigits"":4}",variable,"{""nVarDigits"":6,""nVarNumber"":1,""nVarValue"":101.325}",532.5,True,,101325.0,False,False,False
10.1016/j.jct.2006.07.002#d2#p1#r1,10.1016/j.jct.2006.07.002#d2#p1,10.1016/j.jct.2006.07.002.json,2,1,1,"InChI=1S/C4H8O2/c1-2-3-4(5)6/h2-3H2,1H3,(H,5,6)",FERIUCNNQQJTOY-UHFFFAOYSA-N,butanoic acid,C4H8O2,10.1016/j.jct.2006.07.002,2007,"Boiling temperature at pressure P, K",Liquid,"[""Liquid"",""Gas""]",Distillation,436.7,"{""nPropValue"":436.7,""CombinedUncertainty"":{""nCombExpandUncertValue"":0.2,""nCombUncertAssessNum"":1},""nPropDigits"":4,""nPropNumber"":1}",variable,"{""nVarNumber"":1,""nVarDigits"":6,""nVarValue"":101.325}",436.7,True,,101325.0,False,False,False
10.1016/j.jct.2006.07.002#d5#p1#r1,10.1016/j.jct.2006.07.002#d5#p1,10.1016/j.jct.2006.07.002.json,5,1,1,"InChI=1S/C6H10O4/c1-9-5(7)3-4-6(8)10-2/h3-4H2,1-2H3",MUXOBHXGJLMRAB-UHFFFAOYSA-N,"dimethyl 1,4-butanedioate",C6H10O4,10.1016/j.jct.2006.07.002,2007,"Boiling temperature at pressure P, K",Liquid,"[""Liquid"",""Gas""]",Distillation,469.2,"{""CombinedUncertainty"":{""nCombUncertAssessNum"":1,""nCombExpandUncertValue"":0.2},""nPropValue"":469.2,""nPropNumber"":1,""nPropDigits"":4}",variable,"{""nVarValue"":101.325,""nVarNumber"":1,""nVarDigits"":6}",469.2,True,,101325.0,False,False,False
10.1016/j.jct.2006.07.002#d8#p1#r1,10.1016/j.jct.2006.07.002#d8#p1,10.1016/j.jct.2006.07.002.json,8,1,1,"InChI=1S/C7H12O4/c1-10-6(8)4-3-5-7(9)11-2/h3-5H2,1-2H3",XTDYIOOONNVFMA-UHFFFAOYSA-N,dimethyl pentanedioate,C7H12O4,10.1016/j.jct.2006.07.002,2007,"Boiling temperature at pressure P, K",Liquid,"[""Liquid"",""Gas""]",Distillation,487.3,"{""CombinedUncertainty"":{""nCombUncertAssessNum"":1,""nCombExpandUncertValue"":0.2},""nPropValue"":487.3,""nPropNumber"":1,""nPropDigits"":4}",variable,"{""nVarValue"":101.325,""nVarNumber"":1,""nVarDigits"":6}",487.3,True,,101325.0,False,False,False
10.1016/j.jct.2006.07.002#d11#p1#r1,10.1016/j.jct.2006.07.002#d11#p1,10.1016/j.jct.2006.07.002.json,11,1,1,"InChI=1S/C8H14O4/c1-11-7(9)5-3-4-6-8(10)12-2/h3-6H2,1-2H3",UDSFAEKRVUSQDD-UHFFFAOYSA-N,"dimethyl 1,6-hexanedioate",C8H14O4,10.1016/j.jct.2006.07.002,2007,"Boiling temperature at pressure P, K",Liquid,"[""Liquid"",""Gas""]",Distillation,388,"{""nPropValue"":388,""CombinedUncertainty"":{""nCombExpandUncertValue"":1,""nCombUncertAssessNum"":1},""nPropNumber"":1,""nPropDigits"":3}",variable,"{""nVarValue"":1.733,""nVarNumber"":1,""nVarDigits"":4}",388,True,,1733.0,False,True,False
10.1016/j.jct.2007.02.012#d2#p1#r1,10.1016/j.jct.2007.02.012#d2#p1,10.1016/j.jct.2007.02.012.json,2,1,1,"InChI=1S/C3H6O2/c1-2-3(4)5/h2H2,1H3,(H,4,5)",XBDQKXXYIPTUBI-UHFFFAOYSA-N,propanoic acid,C3H6O2,10.1016/j.jct.2007.02.012,2007,"Boiling temperature at pressure P, K",Liquid,"[""Liquid"",""Gas""]",Distillation,414.5,"{""nPropDigits"":4,""nPropNumber"":1,""CombinedUncertainty"":{""nCombExpandUncertValue"":0.2,""nCombUncertAssessNum"":1},""nPropValue"":414.5}",variable,"{""nVarDigits"":6,""nVarNumber"":1,""nVarValue"":101.325}",414.5,True,,101325.0,False,False,False
10.1016/j.jct.2007.02.012#d5#p1#r1,10.1016/j.jct.2007.02.012#d5#p1,10.1016/j.jct.2007.02.012.json,5,1,1,"InChI=1S/C6H10O4/c1-9-5(7)3-4-6(8)10-2/h3-4H2,1-2H3",MUXOBHXGJLMRAB-UHFFFAOYSA-N,"dimethyl 1,4-butanedioate",C6H10O4,10.1016/j.jct.2007.02.012,2007,"Boiling temperature at pressure P, K",Liquid,"[""Liquid"",""Gas""]",Distillation,469.2,"{""nPropValue"":469.2,""CombinedUncertainty"":{""nCombUncertAssessNum"":1,""nCombExpandUncertValue"":0.2},""nPropNumber"":1,""nPropDigits"":4}",variable,"{""nVarNumber"":1,""nVarDigits"":6,""nVarValue"":101.325}",469.2,True,,101325.0,False,False,False
10.1016/j.jct.2007.02.012#d8#p1#r1,10.1016/j.jct.2007.02.012#d8#p1,10.1016/j.jct.2007.02.012.json,8,1,1,"InChI=1S/C7H12O4/c1-10-6(8)4-3-5-7(9)11-2/h3-5H2,1-2H3",XTDYIOOONNVFMA-UHFFFAOYSA-N,dimethyl pentanedioate,C7H12O4,10.1016/j.jct.2007.02.012,2007,"Boiling temperature at pressure P, K",Liquid,"[""Liquid"",""Gas""]",Distillation,487.3,"{""nPropDigits"":4,""nPropNumber"":1,""CombinedUncertainty"":{""nCombUncertAssessNum"":1,""nCombExpandUncertValue"":0.2},""nPropValue"":487.3}",variable,"{""nVarValue"":101.325,""nVarNumber"":1,""nVarDigits"":6}",487.3,True,,101325.0,False,False,False
10.1016/j.jct.2007.02.012#d11#p1#r1,10.1016/j.jct.2007.02.012#d11#p1,10.1016/j.jct.2007.02.012.json,11,1,1,"InChI=1S/C8H14O4/c1-11-7(9)5-3-4-6-8(10)12-2/h3-6H2,1-2H3",UDSFAEKRVUSQDD-UHFFFAOYSA-N,"dimethyl 1,6-hexanedioate",C8H14O4,10.1016/j.jct.2007.02.012,2007,"Boiling temperature at pressure P, K",Liquid,"[""Liquid"",""Gas""]",Distillation,388,"{""nPropNumber"":1,""nPropDigits"":3,""nPropValue"":388,""CombinedUncertainty"":{""nCombUncertAssessNum"":1,""nCombExpandUncertValue"":1}}",variable,"{""nVarValue"":1.733,""nVarNumber"":1,""nVarDigits"":4}",388,True,,1733.0,False,True,False
10.1016/j.jct.2011.06.015#d1#p1#r1,10.1016/j.jct.2011.06.015#d1#p1,10.1016/j.jct.2011.06.015.json,1,1,1,"InChI=1S/C7H8/c1-7-5-3-2-4-6-7/h2-6H,1H3",YXFVVABEGXRONW-UHFFFAOYSA-N,toluene,C7H8,10.1016/j.jct.2011.06.015,2011,"Boiling temperature at pressure P, K",Liquid,"[""Liquid"",""Gas""]",Ebulliometric method (Recirculating still),383.95,"{""nPropNumber"":1,""nPropDigits"":5,""CombinedUncertainty"":{""nCombExpandUncertValue"":0.05,""nCombUncertAssessNum"":1},""nPropValue"":383.95}",variable,"{""nVarValue"":101.33,""nVarNumber"":1,""nVarDigits"":5}",383.95,True,,101330.0,True,False,False
10.1016/j.jct.2011.06.015#d2#p1#r1,10.1016/j.jct.2011.06.015#d2#p1,10.1016/j.jct.2011.06.015.json,2,1,1,"InChI=1S/C8H10/c1-2-8-6-4-3-5-7-8/h3-7H,2H2,1H3",YNQLUTRBYVCPMQ-UHFFFAOYSA-N,ethylbenzene,C8H10,10.1016/j.jct.2011.06.015,2011,"Boiling temperature at pressure P, K",Liquid,"[""Liquid"",""Gas""]",Ebulliometric method (Recirculating still),409.35,"{""nPropDigits"":5,""nPropNumber"":1,""nPropValue"":409.35,""CombinedUncertainty"":{""nCombUncertAssessNum"":1,""nCombExpandUncertValue"":0.05}}",variable,"{""nVarDigits"":5,""nVarNumber"":1,""nVarValue"":101.33}",409.35,True,,101330.0,True,False,False
10.1016/j.jct.2011.06.015#d3#p1#r1,10.1016/j.jct.2011.06.015#d3#p1,10.1016/j.jct.2011.06.015.json,3,1,1,"InChI=1S/C9H12/c1-8(2)9-6-4-3-5-7-9/h3-8H,1-2H3",RWGFKTVRMDUZSP-UHFFFAOYSA-N,isopropylbenzene,C9H12,10.1016/j.jct.2011.06.015,2011,"Boiling temperature at pressure P, K",Liquid,"[""Liquid"",""Gas""]",Ebulliometric method (Recirculating still),425.55,"{""nPropDigits"":5,""nPropNumber"":1,""CombinedUncertainty"":{""nCombExpandUncertValue"":0.05,""nCombUncertAssessNum"":1},""nPropValue"":425.55}",variable,"{""nVarValue"":101.33,""nVarDigits"":5,""nVarNumber"":1}",425.55,True,,101330.0,True,False,False
10.1016/j.jct.2011.06.015#d4#p1#r1,10.1016/j.jct.2011.06.015#d4#p1,10.1016/j.jct.2011.06.015.json,4,1,1,InChI=1S/C4H8O2S/c5-7(6)3-1-2-4-7/h1-4H2,HXJUTPCZVOIRIF-UHFFFAOYSA-N,sulfolane,C4H8O2S,10.1016/j.jct.2011.06.015,2011,"Boiling temperature at pressure P, K",Liquid,"[""Liquid"",""Gas""]",Ebulliometric method (Recirculating still),560.48,"{""nPropDigits"":5,""nPropNumber"":1,""nPropValue"":560.48,""CombinedUncertainty"":{""nCombExpandUncertValue"":0.05,""nCombUncertAssessNum"":1}}",variable,"{""nVarDigits"":5,""nVarNumber"":1,""nVarValue"":101.33}",560.48,True,,101330.0,True,False,False
10.1016/j.jct.2012.05.002#d1#p1#r1,10.1016/j.jct.2012.05.002#d1#p1,10.1016/j.jct.2012.05.002.json,1,1,1,"InChI=1S/CH4O/c1-2/h2H,1H3",OKKJLVBELUTLKV-UHFFFAOYSA-N,methanol,CH4O,10.1016/j.jct.2012.05.002,2012,"Boiling temperature at pressure P, K",Liquid,"[""Liquid"",""Gas""]",Closed cell (Static) method,363.41,"{""CombinedUncertainty"":{""nCombUncertAssessNum"":1,""nCombExpandUncertValue"":0.11},""nPropValue"":363.41,""nPropDigits"":5,""nPropNumber"":1}",variable,"{""nVarValue"":101.3,""nVarDigits"":4,""nVarNumber"":1}",363.41,True,,101300.0,True,False,False
10.1016/j.jct.2012.05.002#d2#p1#r1,10.1016/j.jct.2012.05.002#d2#p1,10.1016/j.jct.2012.05.002.json,2,1,1,InChI=1S/C3H6O3/c1-5-3(4)6-2/h1-2H3,IEJIGPNLZYLLBP-UHFFFAOYSA-N,dimethyl carbonate,C3H6O3,10.1016/j.jct.2012.05.002,2012,"Boiling temperature at pressure P, K",Liquid,"[""Liquid"",""Gas""]",Closed cell (Static) method,337.84,"{""CombinedUncertainty"":{""nCombUncertAssessNum"":1,""nCombExpandUncertValue"":0.11},""nPropValue"":337.84,""nPropNumber"":1,""nPropDigits"":5}",variable,"{""nVarNumber"":1,""nVarDigits"":4,""nVarValue"":101.3}",337.84,True,,101300.0,True,False,False
10.1016/j.jct.2012.11.005#d5#p1#r1,10.1016/j.jct.2012.11.005#d5#p1,10.1016/j.jct.2012.11.005.json,5,1,1,"InChI=1S/CH4O/c1-2/h2H,1H3",OKKJLVBELUTLKV-UHFFFAOYSA-N,methanol,CH4O,10.1016/j.jct.2012.11.005,2013,"Boiling temperature at pressure P, K",Liquid,"[""Liquid"",""Gas""]",Closed cell (Static) method,301.37,"{""nPropDigits"":5,""nPropNumber"":1,""CombinedUncertainty"":{""nCombExpandUncertValue"":0.48,""nCombUncertAssessNum"":1},""nPropValue"":301.37}",variable,"{""nVarNumber"":1,""nVarDigits"":4,""nVarValue"":19.97}",301.37,True,,19970.0,True,True,False
10.1016/j.jct.2012.11.005#d5#p1#r2,10.1016/j.jct.2012.11.005#d5#p1,10.1016/j.jct.2012.11.005.json,5,1,2,"InChI=1S/CH4O/c1-2/h2H,1H3",OKKJLVBELUTLKV-UHFFFAOYSA-N,methanol,CH4O,10.1016/j.jct.2012.11.005,2013,"Boiling temperature at pressure P, K",Liquid,"[""Liquid"",""Gas""]",Closed cell (Static) method,305.15,"{""nPropNumber"":1,""nPropDigits"":5,""CombinedUncertainty"":{""nCombUncertAssessNum"":1,""nCombExpandUncertValue"":0.46},""nPropValue"":305.15}",variable,"{""nVarValue"":24.04,""nVarNumber"":1,""nVarDigits"":4}",305.15,True,,24040.0,True,False,False
10.1016/j.jct.2012.11.005#d5#p1#r3,10.1016/j.jct.2012.11.005#d5#p1,10.1016/j.jct.2012.11.005.json,5,1,3,"InChI=1S/CH4O/c1-2/h2H,1H3",OKKJLVBELUTLKV-UHFFFAOYSA-N,methanol,CH4O,10.1016/j.jct.2012.11.005,2013,"Boiling temperature at pressure P, K",Liquid,"[""Liquid"",""Gas""]",Closed cell (Static) method,309.56,"{""nPropDigits"":5,""nPropNumber"":1,""CombinedUncertainty"":{""nCombExpandUncertValue"":0.44,""nCombUncertAssessNum"":1},""nPropValue"":309.56}",variable,"{""nVarDigits"":4,""nVarNumber"":1,""nVarValue"":29.98}",309.56,True,,29980.0,True,False,False
10.1016/j.jct.2012.11.005#d5#p1#r4,10.1016/j.jct.2012.11.005#d5#p1,10.1016/j.jct.2012.11.005.json,5,1,4,"InChI=1S/CH4O/c1-2/h2H,1H3",OKKJLVBELUTLKV-UHFFFAOYSA-N,methanol,CH4O,10.1016/j.jct.2012.11.005,2013,"Boiling temperature at pressure P, K",Liquid,"[""Liquid"",""Gas""]",Closed cell (Static) method,315.15,"{""nPropDigits"":5,""nPropNumber"":1,""nPropValue"":315.15,""CombinedUncertainty"":{""nCombUncertAssessNum"":1,""nCombExpandUncertValue"":0.43}}",variable,"{""nVarValue"":39.04,""nVarNumber"":1,""nVarDigits"":4}",315.15,True,,39040.0,True,False,False
10.1016/j.jct.2012.11.005#d5#p1#r5,10.1016/j.jct.2012.11.005#d5#p1,10.1016/j.jct.2012.11.005.json,5,1,5,"InChI=1S/CH4O/c1-2/h2H,1H3",OKKJLVBELUTLKV-UHFFFAOYSA-N,methanol,CH4O,10.1016/j.jct.2012.11.005,2013,"Boiling temperature at pressure P, K",Liquid,"[""Liquid"",""Gas""]",Closed cell (Static) method,320.72,"{""CombinedUncertainty"":{""nCombExpandUncertValue"":0.42,""nCombUncertAssessNum"":1},""nPropValue"":320.72,""nPropDigits"":5,""nPropNumber"":1}",variable,"{""nVarDigits"":4,""nVarNumber"":1,""nVarValue"":50.01}",320.72,True,,50010.0,True,False,False
10.1016/j.jct.2012.11.005#d5#p1#r6,10.1016/j.jct.2012.11.005#d5#p1,10.1016/j.jct.2012.11.005.json,5,1,6,"InChI=1S/CH4O/c1-2/h2H,1H3",OKKJLVBELUTLKV-UHFFFAOYSA-N,methanol,CH4O,10.1016/j.jct.2012.11.005,2013,"Boiling temperature at pressure P, K",Liquid,"[""Liquid"",""Gas""]",Closed cell (Static) method,325.15,"{""nPropValue"":325.15,""CombinedUncertainty"":{""nCombUncertAssessNum"":1,""nCombExpandUncertValue"":0.42},""nPropDigits"":5,""nPropNumber"":1}",variable,"{""nVarDigits"":4,""nVarNumber"":1,""nVarValue"":60.94}",325.15,True,,60940.0,True,False,False
10.1016/j.jct.2012.11.005#d5#p1#r7,10.1016/j.jct.2012.11.005#d5#p1,10.1016/j.jct.2012.11.005.json,5,1,7,"InChI=1S/CH4O/c1-2/h2H,1H3",OKKJLVBELUTLKV-UHFFFAOYSA-N,methanol,CH4O,10.1016/j.jct.2012.11.005,2013,"Boiling temperature at pressure P, K",Liquid,"[""Liquid"",""Gas""]",Closed cell (Static) method,328.57,"{""CombinedUncertainty"":{""nCombExpandUncertValue"":0.41,""nCombUncertAssessNum"":1},""nPropValue"":328.57,""nPropDigits"":5,""nPropNumber"":1}",variable,"{""nVarNumber"":1,""nVarDigits"":4,""nVarValue"":69.96}",328.57,True,,69960.0,True,False,False
10.1016/j.jct.2012.11.005#d5#p1#r8,10.1016/j.jct.2012.11.005#d5#p1,10.1016/j.jct.2012.11.005.json,5,1,8,"InChI=1S/CH4O/c1-2/h2H,1H3",OKKJLVBELUTLKV-UHFFFAOYSA-N,methanol,CH4O,10.1016/j.jct.2012.11.005,2013,"Boiling temperature at pressure P, K",Liquid,"[""Liquid"",""Gas""]",Closed cell (Static) method,331.74,"{""nPropDigits"":5,""nPropNumber"":1,""CombinedUncertainty"":{""nCombUncertAssessNum"":1,""nCombExpandUncertValue"":0.41},""nPropValue"":331.74}",variable,"{""nVarNumber"":1,""nVarDigits"":4,""nVarValue"":79.92}",331.74,True,,79920.0,True,False,False
10.1016/j.jct.2012.11.005#d5#p1#r9,10.1016/j.jct.2012.11.005#d5#p1,10.1016/j.jct.2012.11.005.json,5,1,9,"InChI=1S/CH4O/c1-2/h2H,1H3",OKKJLVBELUTLKV-UHFFFAOYSA-N,methanol,CH4O,10.1016/j.jct.2012.11.005,2013,"Boiling temperature at pressure P, K",Liquid,"[""Liquid"",""Gas""]",Closed cell (Static) method,334.73,"{""nPropValue"":334.73,""CombinedUncertainty"":{""nCombExpandUncertValue"":0.41,""nCombUncertAssessNum"":1},""nPropDigits"":5,""nPropNumber"":1}",variable,"{""nVarValue"":89.99,""nVarDigits"":4,""nVarNumber"":1}",334.73,True,,89990.0,True,False,False
10.1016/j.jct.2012.11.005#d5#p1#r10,10.1016/j.jct.2012.11.005#d5#p1,10.1016/j.jct.2012.11.005.json,5,1,10,"InChI=1S/CH4O/c1-2/h2H,1H3",OKKJLVBELUTLKV-UHFFFAOYSA-N,methanol,CH4O,10.1016/j.jct.2012.11.005,2013,"Boiling temperature at pressure P, K",Liquid,"[""Liquid"",""Gas""]",Closed cell (Static) method,337.33,"{""nPropNumber"":1,""nPropDigits"":5,""nPropValue"":337.33,""CombinedUncertainty"":{""nCombExpandUncertValue"":0.41,""nCombUncertAssessNum"":1}}",variable,"{""nVarValue"":100,""nVarDigits"":5,""nVarNumber"":1}",337.33,True,,100000,True,False,False
10.1016/j.jct.2012.11.005#d8#p1#r1,10.1016/j.jct.2012.11.005#d8#p1,10.1016/j.jct.2012.11.005.json,8,1,1,"InChI=1S/C2H6O/c1-2-3/h3H,2H2,1H3",LFQSCWFLJHTTHZ-UHFFFAOYSA-N,ethanol,C2H6O,10.1016/j.jct.2012.11.005,2013,"Boiling temperature at pressure P, K",Liquid,"[""Liquid"",""Gas""]",Closed cell (Static) method,313.15,"{""nPropValue"":313.15,""CombinedUncertainty"":{""nCombUncertAssessNum"":1,""nCombExpandUncertValue"":0.51},""nPropDigits"":5,""nPropNumber"":1}",variable,"{""nVarDigits"":4,""nVarNumber"":1,""nVarValue"":17.99}",313.15,True,,17990.0,True,True,False
10.1016/j.jct.2012.11.005#d8#p1#r2,10.1016/j.jct.2012.11.005#d8#p1,10.1016/j.jct.2012.11.005.json,8,1,2,"InChI=1S/C2H6O/c1-2-3/h3H,2H2,1H3",LFQSCWFLJHTTHZ-UHFFFAOYSA-N,ethanol,C2H6O,10.1016/j.jct.2012.11.005,2013,"Boiling temperature at pressure P, K",Liquid,"[""Liquid"",""Gas""]",Closed cell (Static) method,315.38,"{""nPropValue"":315.38,""CombinedUncertainty"":{""nCombUncertAssessNum"":1,""nCombExpandUncertValue"":0.51},""nPropNumber"":1,""nPropDigits"":5}",variable,"{""nVarValue"":20,""nVarNumber"":1,""nVarDigits"":4}",315.38,True,,20000,True,True,False
10.1016/j.jct.2012.11.005#d8#p1#r3,10.1016/j.jct.2012.11.005#d8#p1,10.1016/j.jct.2012.11.005.json,8,1,3,"InChI=1S/C2H6O/c1-2-3/h3H,2H2,1H3",LFQSCWFLJHTTHZ-UHFFFAOYSA-N,ethanol,C2H6O,10.1016/j.jct.2012.11.005,2013,"Boiling temperature at pressure P, K",Liquid,"[""Liquid"",""Gas""]",Closed cell (Static) method,323.15,"{""CombinedUncertainty"":{""nCombUncertAssessNum"":1,""nCombExpandUncertValue"":0.45},""nPropValue"":323.15,""nPropDigits"":5,""nPropNumber"":1}",variable,"{""nVarValue"":29.6,""nVarNumber"":1,""nVarDigits"":4}",323.15,True,,29600.0,True,False,False
10.1016/j.jct.2012.11.005#d8#p1#r4,10.1016/j.jct.2012.11.005#d8#p1,10.1016/j.jct.2012.11.005.json,8,1,4,"InChI=1S/C2H6O/c1-2-3/h3H,2H2,1H3",LFQSCWFLJHTTHZ-UHFFFAOYSA-N,ethanol,C2H6O,10.1016/j.jct.2012.11.005,2013,"Boiling temperature at pressure P, K",Liquid,"[""Liquid"",""Gas""]",Closed cell (Static) method,329.64,"{""nPropValue"":329.64,""CombinedUncertainty"":{""nCombExpandUncertValue"":0.43,""nCombUncertAssessNum"":1},""nPropDigits"":5,""nPropNumber"":1}",variable,"{""nVarValue"":40,""nVarDigits"":4,""nVarNumber"":1}",329.64,True,,40000,True,False,False
10.1016/j.jct.2012.11.005#d8#p1#r5,10.1016/j.jct.2012.11.005#d8#p1,10.1016/j.jct.2012.11.005.json,8,1,5,"InChI=1S/C2H6O/c1-2-3/h3H,2H2,1H3",LFQSCWFLJHTTHZ-UHFFFAOYSA-N,ethanol,C2H6O,10.1016/j.jct.2012.11.005,2013,"Boiling temperature at pressure P, K",Liquid,"[""Liquid"",""Gas""]",Closed cell (Static) method,333.15,"{""nPropValue"":333.15,""CombinedUncertainty"":{""nCombExpandUncertValue"":0.43,""nCombUncertAssessNum"":1},""nPropNumber"":1,""nPropDigits"":5}",variable,"{""nVarNumber"":1,""nVarDigits"":4,""nVarValue"":47.01}",333.15,True,,47010.0,True,False,False
10.1016/j.jct.2012.11.005#d8#p1#r6,10.1016/j.jct.2012.11.005#d8#p1,10.1016/j.jct.2012.11.005.json,8,1,6,"InChI=1S/C2H6O/c1-2-3/h3H,2H2,1H3",LFQSCWFLJHTTHZ-UHFFFAOYSA-N,ethanol,C2H6O,10.1016/j.jct.2012.11.005,2013,"Boiling temperature at pressure P, K",Liquid,"[""Liquid"",""Gas""]",Closed cell (Static) method,334.52,"{""nPropNumber"":1,""nPropDigits"":5,""nPropValue"":334.52,""CombinedUncertainty"":{""nCombUncertAssessNum"":1,""nCombExpandUncertValue"":0.42}}",variable,"{""nVarValue"":49.99,""nVarDigits"":4,""nVarNumber"":1}",334.52,True,,49990.0,True,False,False
10.1016/j.jct.2012.11.005#d8#p1#r7,10.1016/j.jct.2012.11.005#d8#p1,10.1016/j.jct.2012.11.005.json,8,1,7,"InChI=1S/C2H6O/c1-2-3/h3H,2H2,1H3",LFQSCWFLJHTTHZ-UHFFFAOYSA-N,ethanol,C2H6O,10.1016/j.jct.2012.11.005,2013,"Boiling temperature at pressure P, K",Liquid,"[""Liquid"",""Gas""]",Closed cell (Static) method,338.66,"{""CombinedUncertainty"":{""nCombUncertAssessNum"":1,""nCombExpandUncertValue"":0.42},""nPropValue"":338.66,""nPropNumber"":1,""nPropDigits"":5}",variable,"{""nVarValue"":59.93,""nVarDigits"":4,""nVarNumber"":1}",338.66,True,,59930.0,True,False,False
10.1016/j.jct.2012.11.005#d8#p1#r8,10.1016/j.jct.2012.11.005#d8#p1,10.1016/j.jct.2012.11.005.json,8,1,8,"InChI=1S/C2H6O/c1-2-3/h3H,2H2,1H3",LFQSCWFLJHTTHZ-UHFFFAOYSA-N,ethanol,C2H6O,10.1016/j.jct.2012.11.005,2013,"Boiling temperature at pressure P, K",Liquid,"[""Liquid"",""Gas""]",Closed cell (Static) method,342.28,"{""nPropValue"":342.28,""CombinedUncertainty"":{""nCombUncertAssessNum"":1,""nCombExpandUncertValue"":0.41},""nPropDigits"":5,""nPropNumber"":1}",variable,"{""nVarValue"":69.95,""nVarNumber"":1,""nVarDigits"":4}",342.28,True,,69950.0,True,False,False
10.1016/j.jct.2012.11.005#d8#p1#r9,10.1016/j.jct.2012.11.005#d8#p1,10.1016/j.jct.2012.11.005.json,8,1,9,"InChI=1S/C2H6O/c1-2-3/h3H,2H2,1H3",LFQSCWFLJHTTHZ-UHFFFAOYSA-N,ethanol,C2H6O,10.1016/j.jct.2012.11.005,2013,"Boiling temperature at pressure P, K",Liquid,"[""Liquid"",""Gas""]",Closed cell (Static) method,345.48,"{""nPropValue"":345.48,""CombinedUncertainty"":{""nCombUncertAssessNum"":1,""nCombExpandUncertValue"":0.41},""nPropDigits"":5,""nPropNumber"":1}",variable,"{""nVarValue"":79.91,""nVarNumber"":1,""nVarDigits"":4}",345.48,True,,79910.0,True,False,False
10.1016/j.jct.2012.11.005#d8#p1#r10,10.1016/j.jct.2012.11.005#d8#p1,10.1016/j.jct.2012.11.005.json,8,1,10,"InChI=1S/C2H6O/c1-2-3/h3H,2H2,1H3",LFQSCWFLJHTTHZ-UHFFFAOYSA-N,ethanol,C2H6O,10.1016/j.jct.2012.11.005,2013,"Boiling temperature at pressure P, K",Liquid,"[""Liquid"",""Gas""]",Closed cell (Static) method,348.31,"{""CombinedUncertainty"":{""nCombUncertAssessNum"":1,""nCombExpandUncertValue"":0.41},""nPropValue"":348.31,""nPropDigits"":5,""nPropNumber"":1}",variable,"{""nVarNumber"":1,""nVarDigits"":4,""nVarValue"":89.92}",348.31,True,,89920.0,True,False,False
10.1016/j.jct.2012.11.005#d8#p1#r11,10.1016/j.jct.2012.11.005#d8#p1,10.1016/j.jct.2012.11.005.json,8,1,11,"InChI=1S/C2H6O/c1-2-3/h3H,2H2,1H3",LFQSCWFLJHTTHZ-UHFFFAOYSA-N,ethanol,C2H6O,10.1016/j.jct.2012.11.005,2013,"Boiling temperature at pressure P, K",Liquid,"[""Liquid"",""Gas""]",Closed cell (Static) method,351.05,"{""CombinedUncertainty"":{""nCombExpandUncertValue"":0.41,""nCombUncertAssessNum"":1},""nPropValue"":351.05,""nPropDigits"":5,""nPropNumber"":1}",variable,"{""nVarNumber"":1,""nVarDigits"":5,""nVarValue"":100.07}",351.05,True,,100070.0,True,False,False
10.1016/j.jct.2012.11.005#d11#p1#r1,10.1016/j.jct.2012.11.005#d11#p1,10.1016/j.jct.2012.11.005.json,11,1,1,"InChI=1S/C4H10O/c1-2-3-4-5/h5H,2-4H2,1H3",LRHPLDYGYMQRHN-UHFFFAOYSA-N,butan-1-ol,C4H10O,10.1016/j.jct.2012.11.005,2013,"Boiling temperature at pressure P, K",Liquid,"[""Liquid"",""Gas""]",Closed cell (Static) method,308.15,"{""CombinedUncertainty"":{""nCombExpandUncertValue"":1.79,""nCombUncertAssessNum"":1},""nPropValue"":308.15,""nPropNumber"":1,""nPropDigits"":5}",variable,"{""nVarValue"":1.79,""nVarDigits"":3,""nVarNumber"":1}",308.15,True,,1790.0,True,True,False
10.1016/j.jct.2012.11.005#d11#p1#r2,10.1016/j.jct.2012.11.005#d11#p1,10.1016/j.jct.2012.11.005.json,11,1,2,"InChI=1S/C4H10O/c1-2-3-4-5/h5H,2-4H2,1H3",LRHPLDYGYMQRHN-UHFFFAOYSA-N,butan-1-ol,C4H10O,10.1016/j.jct.2012.11.005,2013,"Boiling temperature at pressure P, K",Liquid,"[""Liquid"",""Gas""]",Closed cell (Static) method,318.15,"{""nPropNumber"":1,""nPropDigits"":5,""nPropValue"":318.15,""CombinedUncertainty"":{""nCombUncertAssessNum"":1,""nCombExpandUncertValue"":1.32}}",variable,"{""nVarValue"":3.41,""nVarNumber"":1,""nVarDigits"":3}",318.15,True,,3410.0,True,True,False
10.1016/j.jct.2012.11.005#d11#p1#r3,10.1016/j.jct.2012.11.005#d11#p1,10.1016/j.jct.2012.11.005.json,11,1,3,"InChI=1S/C4H10O/c1-2-3-4-5/h5H,2-4H2,1H3",LRHPLDYGYMQRHN-UHFFFAOYSA-N,butan-1-ol,C4H10O,10.1016/j.jct.2012.11.005,2013,"Boiling temperature at pressure P, K",Liquid,"[""Liquid"",""Gas""]",Closed cell (Static) method,328.15,"{""nPropDigits"":5,""nPropNumber"":1,""nPropValue"":328.15,""CombinedUncertainty"":{""nCombUncertAssessNum"":1,""nCombExpandUncertValue"":0.9}}",variable,"{""nVarNumber"":1,""nVarDigits"":3,""nVarValue"":6.18}",328.15,True,,6180.0,True,True,False
10.1016/j.jct.2012.11.005#d11#p1#r4,10.1016/j.jct.2012.11.005#d11#p1,10.1016/j.jct.2012.11.005.json,11,1,4,"InChI=1S/C4H10O/c1-2-3-4-5/h5H,2-4H2,1H3",LRHPLDYGYMQRHN-UHFFFAOYSA-N,butan-1-ol,C4H10O,10.1016/j.jct.2012.11.005,2013,"Boiling temperature at pressure P, K",Liquid,"[""Liquid"",""Gas""]",Closed cell (Static) method,336.93,"{""nPropDigits"":5,""nPropNumber"":1,""nPropValue"":336.93,""CombinedUncertainty"":{""nCombExpandUncertValue"":0.67,""nCombUncertAssessNum"":1}}",variable,"{""nVarValue"":9.97,""nVarNumber"":1,""nVarDigits"":3}",336.93,True,,9970.0,True,True,False
10.1016/j.jct.2012.11.005#d11#p1#r5,10.1016/j.jct.2012.11.005#d11#p1,10.1016/j.jct.2012.11.005.json,11,1,5,"InChI=1S/C4H10O/c1-2-3-4-5/h5H,2-4H2,1H3",LRHPLDYGYMQRHN-UHFFFAOYSA-N,butan-1-ol,C4H10O,10.1016/j.jct.2012.11.005,2013,"Boiling temperature at pressure P, K",Liquid,"[""Liquid"",""Gas""]",Closed cell (Static) method,338.15,"{""CombinedUncertainty"":{""nCombExpandUncertValue"":0.67,""nCombUncertAssessNum"":1},""nPropValue"":338.15,""nPropDigits"":5,""nPropNumber"":1}",variable,"{""nVarValue"":10.61,""nVarDigits"":4,""nVarNumber"":1}",338.15,True,,10610.0,True,True,False
10.1016/j.jct.2012.11.005#d11#p1#r6,10.1016/j.jct.2012.11.005#d11#p1,10.1016/j.jct.2012.11.005.json,11,1,6,"InChI=1S/C4H10O/c1-2-3-4-5/h5H,2-4H2,1H3",LRHPLDYGYMQRHN-UHFFFAOYSA-N,butan-1-ol,C4H10O,10.1016/j.jct.2012.11.005,2013,"Boiling temperature at pressure P, K",Liquid,"[""Liquid"",""Gas""]",Closed cell (Static) method,350.98,"{""nPropDigits"":5,""nPropNumber"":1,""CombinedUncertainty"":{""nCombExpandUncertValue"":0.51,""nCombUncertAssessNum"":1},""nPropValue"":350.98}",variable,"{""nVarValue"":19.97,""nVarNumber"":1,""nVarDigits"":4}",350.98,True,,19970.0,True,True,False
10.1016/j.jct.2012.11.005#d11#p1#r7,10.1016/j.jct.2012.11.005#d11#p1,10.1016/j.jct.2012.11.005.json,11,1,7,"InChI=1S/C4H10O/c1-2-3-4-5/h5H,2-4H2,1H3",LRHPLDYGYMQRHN-UHFFFAOYSA-N,butan-1-ol,C4H10O,10.1016/j.jct.2012.11.005,2013,"Boiling temperature at pressure P, K",Liquid,"[""Liquid"",""Gas""]",Closed cell (Static) method,360.02,"{""nPropDigits"":5,""nPropNumber"":1,""nPropValue"":360.02,""CombinedUncertainty"":{""nCombExpandUncertValue"":0.46,""nCombUncertAssessNum"":1}}",variable,"{""nVarNumber"":1,""nVarDigits"":4,""nVarValue"":29.98}",360.02,True,,29980.0,True,False,False
10.1016/j.jct.2012.11.005#d11#p1#r8,10.1016/j.jct.2012.11.005#d11#p1,10.1016/j.jct.2012.11.005.json,11,1,8,"InChI=1S/C4H10O/c1-2-3-4-5/h5H,2-4H2,1H3",LRHPLDYGYMQRHN-UHFFFAOYSA-N,butan-1-ol,C4H10O,10.1016/j.jct.2012.11.005,2013,"Boiling temperature at pressure P, K",Liquid,"[""Liquid"",""Gas""]",Closed cell (Static) method,366.84,"{""CombinedUncertainty"":{""nCombExpandUncertValue"":0.44,""nCombUncertAssessNum"":1},""nPropValue"":366.84,""nPropDigits"":5,""nPropNumber"":1}",variable,"{""nVarDigits"":4,""nVarNumber"":1,""nVarValue"":40.01}",366.84,True,,40010.0,True,False,False
10.1016/j.jct.2012.11.005#d11#p1#r9,10.1016/j.jct.2012.11.005#d11#p1,10.1016/j.jct.2012.11.005.json,11,1,9,"InChI=1S/C4H10O/c1-2-3-4-5/h5H,2-4H2,1H3",LRHPLDYGYMQRHN-UHFFFAOYSA-N,butan-1-ol,C4H10O,10.1016/j.jct.2012.11.005,2013,"Boiling temperature at pressure P, K",Liquid,"[""Liquid"",""Gas""]",Closed cell (Static) method,372.22,"{""nPropValue"":372.22,""CombinedUncertainty"":{""nCombUncertAssessNum"":1,""nCombExpandUncertValue"":0.43},""nPropDigits"":5,""nPropNumber"":1}",variable,"{""nVarValue"":50.01,""nVarNumber"":1,""nVarDigits"":4}",372.22,True,,50010.0,True,False,False
10.1016/j.jct.2012.11.005#d11#p1#r10,10.1016/j.jct.2012.11.005#d11#p1,10.1016/j.jct.2012.11.005.json,11,1,10,"InChI=1S/C4H10O/c1-2-3-4-5/h5H,2-4H2,1H3",LRHPLDYGYMQRHN-UHFFFAOYSA-N,butan-1-ol,C4H10O,10.1016/j.jct.2012.11.005,2013,"Boiling temperature at pressure P, K",Liquid,"[""Liquid"",""Gas""]",Closed cell (Static) method,376.79,"{""nPropNumber"":1,""nPropDigits"":5,""nPropValue"":376.79,""CombinedUncertainty"":{""nCombUncertAssessNum"":1,""nCombExpandUncertValue"":0.42}}",variable,"{""nVarDigits"":4,""nVarNumber"":1,""nVarValue"":60}",376.79,True,,60000,True,False,False
10.1016/j.jct.2012.11.005#d11#p1#r11,10.1016/j.jct.2012.11.005#d11#p1,10.1016/j.jct.2012.11.005.json,11,1,11,"InChI=1S/C4H10O/c1-2-3-4-5/h5H,2-4H2,1H3",LRHPLDYGYMQRHN-UHFFFAOYSA-N,butan-1-ol,C4H10O,10.1016/j.jct.2012.11.005,2013,"Boiling temperature at pressure P, K",Liquid,"[""Liquid"",""Gas""]",Closed cell (Static) method,380.79,"{""CombinedUncertainty"":{""nCombExpandUncertValue"":0.42,""nCombUncertAssessNum"":1},""nPropValue"":380.79,""nPropDigits"":5,""nPropNumber"":1}",variable,"{""nVarValue"":69.96,""nVarNumber"":1,""nVarDigits"":4}",380.79,True,,69960.0,True,False,False
10.1016/j.jct.2012.11.005#d11#p1#r12,10.1016/j.jct.2012.11.005#d11#p1,10.1016/j.jct.2012.11.005.json,11,1,12,"InChI=1S/C4H10O/c1-2-3-4-5/h5H,2-4H2,1H3",LRHPLDYGYMQRHN-UHFFFAOYSA-N,butan-1-ol,C4H10O,10.1016/j.jct.2012.11.005,2013,"Boiling temperature at pressure P, K",Liquid,"[""Liquid"",""Gas""]",Closed cell (Static) method,384.36,"{""CombinedUncertainty"":{""nCombExpandUncertValue"":0.41,""nCombUncertAssessNum"":1},""nPropValue"":384.36,""nPropNumber"":1,""nPropDigits"":5}",variable,"{""nVarValue"":79.92,""nVarNumber"":1,""nVarDigits"":4}",384.36,True,,79920.0,True,False,False
10.1016/j.jct.2012.11.005#d11#p1#r13,10.1016/j.jct.2012.11.005#d11#p1,10.1016/j.jct.2012.11.005.json,11,1,13,"InChI=1S/C4H10O/c1-2-3-4-5/h5H,2-4H2,1H3",LRHPLDYGYMQRHN-UHFFFAOYSA-N,butan-1-ol,C4H10O,10.1016/j.jct.2012.11.005,2013,"Boiling temperature at pressure P, K",Liquid,"[""Liquid"",""Gas""]",Closed cell (Static) method,387.52,"{""nPropDigits"":5,""nPropNumber"":1,""CombinedUncertainty"":{""nCombUncertAssessNum"":1,""nCombExpandUncertValue"":0.41},""nPropValue"":387.52}",variable,"{""nVarValue"":89.99,""nVarNumber"":1,""nVarDigits"":4}",387.52,True,,89990.0,True,False,False
10.1016/j.jct.2012.11.005#d11#p1#r14,10.1016/j.jct.2012.11.005#d11#p1,10.1016/j.jct.2012.11.005.json,11,1,14,"InChI=1S/C4H10O/c1-2-3-4-5/h5H,2-4H2,1H3",LRHPLDYGYMQRHN-UHFFFAOYSA-N,butan-1-ol,C4H10O,10.1016/j.jct.2012.11.005,2013,"Boiling temperature at pressure P, K",Liquid,"[""Liquid"",""Gas""]",Closed cell (Static) method,390.47,"{""CombinedUncertainty"":{""nCombUncertAssessNum"":1,""nCombExpandUncertValue"":0.41},""nPropValue"":390.47,""nPropNumber"":1,""nPropDigits"":5}",variable,"{""nVarValue"":100,""nVarNumber"":1,""nVarDigits"":5}",390.47,True,,100000,True,False,False
10.1016/j.jct.2013.05.022#d1#p1#r1,10.1016/j.jct.2013.05.022#d1#p1,10.1016/j.jct.2013.05.022.json,1,1,1,"InChI=1S/C10H18O/c1-5-10(4,11)8-6-7-9(2)3/h5,7,11H,1,6,8H2,2-4H3",CDOSHBSSFJOMGT-UHFFFAOYSA-N,"3,7-dimethyl-1,6-octadien-3-ol",C10H18O,10.1016/j.jct.2013.05.022,2013,"Boiling temperature at pressure P, K",Liquid,"[""Liquid"",""Gas""]",Ebulliometric method (Recirculating still),406.4,"{""nPropValue"":406.4,""CombinedUncertainty"":{""nCombExpandUncertValue"":0.9,""nCombUncertAssessNum"":1},""nPropDigits"":4,""nPropNumber"":1}",variable,"{""nVarNumber"":1,""nVarDigits"":4,""nVarValue"":13.33}",406.4,True,,13330.0,True,True,False
10.1016/j.jct.2013.05.022#d1#p1#r2,10.1016/j.jct.2013.05.022#d1#p1,10.1016/j.jct.2013.05.022.json,1,1,2,"InChI=1S/C10H18O/c1-5-10(4,11)8-6-7-9(2)3/h5,7,11H,1,6,8H2,2-4H3",CDOSHBSSFJOMGT-UHFFFAOYSA-N,"3,7-dimethyl-1,6-octadien-3-ol",C10H18O,10.1016/j.jct.2013.05.022,2013,"Boiling temperature at pressure P, K",Liquid,"[""Liquid"",""Gas""]",Ebulliometric method (Recirculating still),416.8,"{""nPropNumber"":1,""nPropDigits"":4,""nPropValue"":416.8,""CombinedUncertainty"":{""nCombExpandUncertValue"":0.9,""nCombUncertAssessNum"":1}}",variable,"{""nVarNumber"":1,""nVarDigits"":4,""nVarValue"":20}",416.8,True,,20000,True,True,False
10.1016/j.jct.2013.05.022#d1#p1#r3,10.1016/j.jct.2013.05.022#d1#p1,10.1016/j.jct.2013.05.022.json,1,1,3,"InChI=1S/C10H18O/c1-5-10(4,11)8-6-7-9(2)3/h5,7,11H,1,6,8H2,2-4H3",CDOSHBSSFJOMGT-UHFFFAOYSA-N,"3,7-dimethyl-1,6-octadien-3-ol",C10H18O,10.1016/j.jct.2013.05.022,2013,"Boiling temperature at pressure P, K",Liquid,"[""Liquid"",""Gas""]",Ebulliometric method (Recirculating still),425.2,"{""nPropNumber"":1,""nPropDigits"":4,""nPropValue"":425.2,""CombinedUncertainty"":{""nCombExpandUncertValue"":0.9,""nCombUncertAssessNum"":1}}",variable,"{""nVarNumber"":1,""nVarDigits"":4,""nVarValue"":26.66}",425.2,True,,26660.0,True,False,False
10.1016/j.jct.2013.05.022#d1#p1#r4,10.1016/j.jct.2013.05.022#d1#p1,10.1016/j.jct.2013.05.022.json,1,1,4,"InChI=1S/C10H18O/c1-5-10(4,11)8-6-7-9(2)3/h5,7,11H,1,6,8H2,2-4H3",CDOSHBSSFJOMGT-UHFFFAOYSA-N,"3,7-dimethyl-1,6-octadien-3-ol",C10H18O,10.1016/j.jct.2013.05.022,2013,"Boiling temperature at pressure P, K",Liquid,"[""Liquid"",""Gas""]",Ebulliometric method (Recirculating still),432,"{""nPropDigits"":4,""nPropNumber"":1,""nPropValue"":432,""CombinedUncertainty"":{""nCombExpandUncertValue"":0.8,""nCombUncertAssessNum"":1}}",variable,"{""nVarNumber"":1,""nVarDigits"":4,""nVarValue"":33.33}",432,True,,33330.0,True,False,False
10.1016/j.jct.2013.05.022#d1#p1#r5,10.1016/j.jct.2013.05.022#d1#p1,10.1016/j.jct.2013.05.022.json,1,1,5,"InChI=1S/C10H18O/c1-5-10(4,11)8-6-7-9(2)3/h5,7,11H,1,6,8H2,2-4H3",CDOSHBSSFJOMGT-UHFFFAOYSA-N,"3,7-dimethyl-1,6-octadien-3-ol",C10H18O,10.1016/j.jct.2013.05.022,2013,"Boiling temperature at pressure P, K",Liquid,"[""Liquid"",""Gas""]",Ebulliometric method (Recirculating still),437.8,"{""CombinedUncertainty"":{""nCombExpandUncertValue"":0.8,""nCombUncertAssessNum"":1},""nPropValue"":437.8,""nPropNumber"":1,""nPropDigits"":4}",variable,"{""nVarDigits"":4,""nVarNumber"":1,""nVarValue"":40}",437.8,True,,40000,True,False,False
10.1016/j.jct.2013.05.022#d1#p1#r6,10.1016/j.jct.2013.05.022#d1#p1,10.1016/j.jct.2013.05.022.json,1,1,6,"InChI=1S/C10H18O/c1-5-10(4,11)8-6-7-9(2)3/h5,7,11H,1,6,8H2,2-4H3",CDOSHBSSFJOMGT-UHFFFAOYSA-N,"3,7-dimethyl-1,6-octadien-3-ol",C10H18O,10.1016/j.jct.2013.05.022,2013,"Boiling temperature at pressure P, K",Liquid,"[""Liquid"",""Gas""]",Ebulliometric method (Recirculating still),447.2,"{""nPropNumber"":1,""nPropDigits"":4,""nPropValue"":447.2,""CombinedUncertainty"":{""nCombUncertAssessNum"":1,""nCombExpandUncertValue"":0.8}}",variable,"{""nVarValue"":53.33,""nVarDigits"":4,""nVarNumber"":1}",447.2,True,,53330.0,True,False,False
10.1016/j.jct.2013.05.022#d1#p1#r7,10.1016/j.jct.2013.05.022#d1#p1,10.1016/j.jct.2013.05.022.json,1,1,7,"InChI=1S/C10H18O/c1-5-10(4,11)8-6-7-9(2)3/h5,7,11H,1,6,8H2,2-4H3",CDOSHBSSFJOMGT-UHFFFAOYSA-N,"3,7-dimethyl-1,6-octadien-3-ol",C10H18O,10.1016/j.jct.2013.05.022,2013,"Boiling temperature at pressure P, K",Liquid,"[""Liquid"",""Gas""]",Ebulliometric method (Recirculating still),455,"{""nPropValue"":455,""CombinedUncertainty"":{""nCombUncertAssessNum"":1,""nCombExpandUncertValue"":0.8},""nPropDigits"":4,""nPropNumber"":1}",variable,"{""nVarNumber"":1,""nVarDigits"":4,""nVarValue"":66.66}",455,True,,66660.0,True,False,False
10.1016/j.jct.2013.05.022#d1#p1#r8,10.1016/j.jct.2013.05.022#d1#p1,10.1016/j.jct.2013.05.022.json,1,1,8,"InChI=1S/C10H18O/c1-5-10(4,11)8-6-7-9(2)3/h5,7,11H,1,6,8H2,2-4H3",CDOSHBSSFJOMGT-UHFFFAOYSA-N,"3,7-dimethyl-1,6-octadien-3-ol",C10H18O,10.1016/j.jct.2013.05.022,2013,"Boiling temperature at pressure P, K",Liquid,"[""Liquid"",""Gas""]",Ebulliometric method (Recirculating still),461.6,"{""nPropValue"":461.6,""CombinedUncertainty"":{""nCombExpandUncertValue"":0.8,""nCombUncertAssessNum"":1},""nPropDigits"":4,""nPropNumber"":1}",variable,"{""nVarValue"":79.99,""nVarDigits"":4,""nVarNumber"":1}",461.6,True,,79990.0,True,False,False
10.1016/j.jct.2013.05.022#d2#p1#r1,10.1016/j.jct.2013.05.022#d2#p1,10.1016/j.jct.2013.05.022.json,2,1,1,"InChI=1S/C2H6O/c1-2-3/h3H,2H2,1H3",LFQSCWFLJHTTHZ-UHFFFAOYSA-N,ethanol,C2H6O,10.1016/j.jct.2013.05.022,2013,"Boiling temperature at pressure P, K",Liquid,"[""Liquid"",""Gas""]",Ebulliometric method (Recirculating still),308.8,"{""nPropNumber"":1,""nPropDigits"":4,""CombinedUncertainty"":{""nCombUncertAssessNum"":1,""nCombExpandUncertValue"":0.9},""nPropValue"":308.8}",variable,"{""nVarValue"":13.33,""nVarNumber"":1,""nVarDigits"":4}",308.8,True,,13330.0,True,True,False
10.1016/j.jct.2013.05.022#d2#p1#r2,10.1016/j.jct.2013.05.022#d2#p1,10.1016/j.jct.2013.05.022.json,2,1,2,"InChI=1S/C2H6O/c1-2-3/h3H,2H2,1H3",LFQSCWFLJHTTHZ-UHFFFAOYSA-N,ethanol,C2H6O,10.1016/j.jct.2013.05.022,2013,"Boiling temperature at pressure P, K",Liquid,"[""Liquid"",""Gas""]",Ebulliometric method (Recirculating still),316.2,"{""nPropNumber"":1,""nPropDigits"":4,""nPropValue"":316.2,""CombinedUncertainty"":{""nCombExpandUncertValue"":0.8,""nCombUncertAssessNum"":1}}",variable,"{""nVarValue"":20,""nVarDigits"":4,""nVarNumber"":1}",316.2,True,,20000,True,True,False
10.1016/j.jct.2013.05.022#d2#p1#r3,10.1016/j.jct.2013.05.022#d2#p1,10.1016/j.jct.2013.05.022.json,2,1,3,"InChI=1S/C2H6O/c1-2-3/h3H,2H2,1H3",LFQSCWFLJHTTHZ-UHFFFAOYSA-N,ethanol,C2H6O,10.1016/j.jct.2013.05.022,2013,"Boiling temperature at pressure P, K",Liquid,"[""Liquid"",""Gas""]",Ebulliometric method (Recirculating still),321.6,"{""nPropNumber"":1,""nPropDigits"":4,""nPropValue"":321.6,""CombinedUncertainty"":{""nCombExpandUncertValue"":0.8,""nCombUncertAssessNum"":1}}",variable,"{""nVarValue"":26.66,""nVarNumber"":1,""nVarDigits"":4}",321.6,True,,26660.0,True,False,False
10.1016/j.jct.2013.05.022#d2#p1#r4,10.1016/j.jct.2013.05.022#d2#p1,10.1016/j.jct.2013.05.022.json,2,1,4,"InChI=1S/C2H6O/c1-2-3/h3H,2H2,1H3",LFQSCWFLJHTTHZ-UHFFFAOYSA-N,ethanol,C2H6O,10.1016/j.jct.2013.05.022,2013,"Boiling temperature at pressure P, K",Liquid,"[""Liquid"",""Gas""]",Ebulliometric method (Recirculating still),326,"{""nPropValue"":326,""CombinedUncertainty"":{""nCombExpandUncertValue"":0.8,""nCombUncertAssessNum"":1},""nPropDigits"":4,""nPropNumber"":1}",variable,"{""nVarNumber"":1,""nVarDigits"":4,""nVarValue"":33.33}",326,True,,33330.0,True,False,False
10.1016/j.jct.2013.05.022#d2#p1#r5,10.1016/j.jct.2013.05.022#d2#p1,10.1016/j.jct.2013.05.022.json,2,1,5,"InChI=1S/C2H6O/c1-2-3/h3H,2H2,1H3",LFQSCWFLJHTTHZ-UHFFFAOYSA-N,ethanol,C2H6O,10.1016/j.jct.2013.05.022,2013,"Boiling temperature at pressure P, K",Liquid,"[""Liquid"",""Gas""]",Ebulliometric method (Recirculating still),330,"{""CombinedUncertainty"":{""nCombExpandUncertValue"":0.8,""nCombUncertAssessNum"":1},""nPropValue"":330,""nPropDigits"":4,""nPropNumber"":1}",variable,"{""nVarDigits"":4,""nVarNumber"":1,""nVarValue"":40}",330,True,,40000,True,False,False
10.1016/j.jct.2013.05.022#d2#p1#r6,10.1016/j.jct.2013.05.022#d2#p1,10.1016/j.jct.2013.05.022.json,2,1,6,"InChI=1S/C2H6O/c1-2-3/h3H,2H2,1H3",LFQSCWFLJHTTHZ-UHFFFAOYSA-N,ethanol,C2H6O,10.1016/j.jct.2013.05.022,2013,"Boiling temperature at pressure P, K",Liquid,"[""Liquid"",""Gas""]",Ebulliometric method (Recirculating still),336.2,"{""CombinedUncertainty"":{""nCombUncertAssessNum"":1,""nCombExpandUncertValue"":0.8},""nPropValue"":336.2,""nPropNumber"":1,""nPropDigits"":4}",variable,"{""nVarDigits"":4,""nVarNumber"":1,""nVarValue"":53.33}",336.2,True,,53330.0,True,False,False
10.1016/j.jct.2013.05.022#d2#p1#r7,10.1016/j.jct.2013.05.022#d2#p1,10.1016/j.jct.2013.05.022.json,2,1,7,"InChI=1S/C2H6O/c1-2-3/h3H,2H2,1H3",LFQSCWFLJHTTHZ-UHFFFAOYSA-N,ethanol,C2H6O,10.1016/j.jct.2013.05.022,2013,"Boiling temperature at pressure P, K",Liquid,"[""Liquid"",""Gas""]",Ebulliometric method (Recirculating still),341.4,"{""nPropValue"":341.4,""CombinedUncertainty"":{""nCombUncertAssessNum"":1,""nCombExpandUncertValue"":0.8},""nPropNumber"":1,""nPropDigits"":4}",variable,"{""nVarValue"":66.66,""nVarNumber"":1,""nVarDigits"":4}",341.4,True,,66660.0,True,False,False
10.1016/j.jct.2013.05.022#d2#p1#r8,10.1016/j.jct.2013.05.022#d2#p1,10.1016/j.jct.2013.05.022.json,2,1,8,"InChI=1S/C2H6O/c1-2-3/h3H,2H2,1H3",LFQSCWFLJHTTHZ-UHFFFAOYSA-N,ethanol,C2H6O,10.1016/j.jct.2013.05.022,2013,"Boiling temperature at pressure P, K",Liquid,"[""Liquid"",""Gas""]",Ebulliometric method (Recirculating still),345.6,"{""nPropDigits"":4,""nPropNumber"":1,""CombinedUncertainty"":{""nCombUncertAssessNum"":1,""nCombExpandUncertValue"":0.8},""nPropValue"":345.6}",variable,"{""nVarDigits"":4,""nVarNumber"":1,""nVarValue"":79.99}",345.6,True,,79990.0,True,False,False
10.1016/j.jct.2013.05.022#d2#p1#r9,10.1016/j.jct.2013.05.022#d2#p1,10.1016/j.jct.2013.05.022.json,2,1,9,"InChI=1S/C2H6O/c1-2-3/h3H,2H2,1H3",LFQSCWFLJHTTHZ-UHFFFAOYSA-N,ethanol,C2H6O,10.1016/j.jct.2013.05.022,2013,"Boiling temperature at pressure P, K",Liquid,"[""Liquid"",""Gas""]",Ebulliometric method (Recirculating still),349.4,"{""nPropValue"":349.4,""CombinedUncertainty"":{""nCombExpandUncertValue"":0.8,""nCombUncertAssessNum"":1},""nPropDigits"":4,""nPropNumber"":1}",variable,"{""nVarValue"":93.33,""nVarDigits"":4,""nVarNumber"":1}",349.4,True,,93330.0,True,False,False
10.1016/j.jct.2013.05.022#d2#p1#r10,10.1016/j.jct.2013.05.022#d2#p1,10.1016/j.jct.2013.05.022.json,2,1,10,"InChI=1S/C2H6O/c1-2-3/h3H,2H2,1H3",LFQSCWFLJHTTHZ-UHFFFAOYSA-N,ethanol,C2H6O,10.1016/j.jct.2013.05.022,2013,"Boiling temperature at pressure P, K",Liquid,"[""Liquid"",""Gas""]",Ebulliometric method (Recirculating still),350.8,"{""nPropValue"":350.8,""CombinedUncertainty"":{""nCombUncertAssessNum"":1,""nCombExpandUncertValue"":0.8},""nPropNumber"":1,""nPropDigits"":4}",variable,"{""nVarNumber"":1,""nVarDigits"":4,""nVarValue"":98.12}",350.8,True,,98120.0,True,False,False
10.1016/j.jct.2013.05.022#d2#p1#r11,10.1016/j.jct.2013.05.022#d2#p1,10.1016/j.jct.2013.05.022.json,2,1,11,"InChI=1S/C2H6O/c1-2-3/h3H,2H2,1H3",LFQSCWFLJHTTHZ-UHFFFAOYSA-N,ethanol,C2H6O,10.1016/j.jct.2013.05.022,2013,"Boiling temperature at pressure P, K",Liquid,"[""Liquid"",""Gas""]",Ebulliometric method (Recirculating still),351.4,"{""CombinedUncertainty"":{""nCombExpandUncertValue"":0.8,""nCombUncertAssessNum"":1},""nPropValue"":351.4,""nPropDigits"":4,""nPropNumber"":1}",variable,"{""nVarValue"":101.33,""nVarDigits"":5,""nVarNumber"":1}",351.4,True,,101330.0,True,False,False
10.1016/j.jct.2013.12.021#d1#p1#r1,10.1016/j.jct.2013.12.021#d1#p1,10.1016/j.jct.2013.12.021.json,1,1,1,"InChI=1S/CH4O/c1-2/h2H,1H3",OKKJLVBELUTLKV-UHFFFAOYSA-N,methanol,CH4O,10.1016/j.jct.2013.12.021,2014,"Boiling temperature at pressure P, K",Liquid,"[""Liquid"",""Gas""]",Ebulliometric method (Recirculating still),337.65,"{""CombinedUncertainty"":{""nCombUncertAssessNum"":1,""nCombExpandUncertValue"":0.1},""nPropValue"":337.65,""nPropNumber"":1,""nPropDigits"":5}",variable,"{""nVarValue"":101.33,""nVarNumber"":1,""nVarDigits"":5}",337.65,True,,101330.0,True,False,False
10.1016/j.jct.2013.12.021#d2#p1#r1,10.1016/j.jct.2013.12.021#d2#p1,10.1016/j.jct.2013.12.021.json,2,1,1,"InChI=1S/C4H10O/c1-3-4(2)5/h4-5H,3H2,1-2H3",BTANRVKWQNVYAZ-UHFFFAOYSA-N,butan-2-ol,C4H10O,10.1016/j.jct.2013.12.021,2014,"Boiling temperature at pressure P, K",Liquid,"[""Liquid"",""Gas""]",Ebulliometric method (Recirculating still),372.35,"{""nPropValue"":372.35,""CombinedUncertainty"":{""nCombUncertAssessNum"":1,""nCombExpandUncertValue"":0.1},""nPropNumber"":1,""nPropDigits"":5}",variable,"{""nVarValue"":101.33,""nVarDigits"":5,""nVarNumber"":1}",372.35,True,,101330.0,True,False,False
10.1016/j.jct.2014.03.006#d1#p1#r1,10.1016/j.jct.2014.03.006#d1#p1,10.1016/j.jct.2014.03.006.json,1,1,1,"InChI=1S/C7H14O2/c1-4-6(3)7(8)9-5-2/h6H,4-5H2,1-3H3",HCRBXQFHJMCTLF-UHFFFAOYSA-N,ethyl 2-methylbutanoate,C7H14O2,10.1016/j.jct.2014.03.006,2014,"Boiling temperature at pressure P, K",Liquid,"[""Liquid"",""Gas""]",Ebulliometric method (Recirculating still),362.1,"{""CombinedUncertainty"":{""nCombExpandUncertValue"":0.2,""nCombUncertAssessNum"":1},""nPropValue"":362.1,""nPropNumber"":1,""nPropDigits"":4}",variable,"{""nVarValue"":24.5,""nVarNumber"":1,""nVarDigits"":3}",362.1,True,,24500.0,True,False,False
10.1016/j.jct.2014.03.006#d1#p1#r2,10.1016/j.jct.2014.03.006#d1#p1,10.1016/j.jct.2014.03.006.json,1,1,2,"InChI=1S/C7H14O2/c1-4-6(3)7(8)9-5-2/h6H,4-5H2,1-3H3",HCRBXQFHJMCTLF-UHFFFAOYSA-N,ethyl 2-methylbutanoate,C7H14O2,10.1016/j.jct.2014.03.006,2014,"Boiling temperature at pressure P, K",Liquid,"[""Liquid"",""Gas""]",Ebulliometric method (Recirculating still),371.2,"{""CombinedUncertainty"":{""nCombUncertAssessNum"":1,""nCombExpandUncertValue"":0.3},""nPropValue"":371.2,""nPropDigits"":4,""nPropNumber"":1}",variable,"{""nVarValue"":34,""nVarNumber"":1,""nVarDigits"":3}",371.2,True,,34000,True,False,False
10.1016/j.jct.2014.03.006#d1#p1#r3,10.1016/j.jct.2014.03.006#d1#p1,10.1016/j.jct.2014.03.006.json,1,1,3,"InChI=1S/C7H14O2/c1-4-6(3)7(8)9-5-2/h6H,4-5H2,1-3H3",HCRBXQFHJMCTLF-UHFFFAOYSA-N,ethyl 2-methylbutanoate,C7H14O2,10.1016/j.jct.2014.03.006,2014,"Boiling temperature at pressure P, K",Liquid,"[""Liquid"",""Gas""]",Ebulliometric method (Recirculating still),378.3,"{""nPropNumber"":1,""nPropDigits"":4,""nPropValue"":378.3,""CombinedUncertainty"":{""nCombExpandUncertValue"":0.3,""nCombUncertAssessNum"":1}}",variable,"{""nVarValue"":43.5,""nVarNumber"":1,""nVarDigits"":3}",378.3,True,,43500.0,True,False,False
10.1016/j.jct.2014.03.006#d1#p1#r4,10.1016/j.jct.2014.03.006#d1#p1,10.1016/j.jct.2014.03.006.json,1,1,4,"InChI=1S/C7H14O2/c1-4-6(3)7(8)9-5-2/h6H,4-5H2,1-3H3",HCRBXQFHJMCTLF-UHFFFAOYSA-N,ethyl 2-methylbutanoate,C7H14O2,10.1016/j.jct.2014.03.006,2014,"Boiling temperature at pressure P, K",Liquid,"[""Liquid"",""Gas""]",Ebulliometric method (Recirculating still),384.2,"{""nPropValue"":384.2,""CombinedUncertainty"":{""nCombExpandUncertValue"":0.3,""nCombUncertAssessNum"":1},""nPropDigits"":4,""nPropNumber"":1}",variable,"{""nVarDigits"":3,""nVarNumber"":1,""nVarValue"":53}",384.2,True,,53000,True,False,False
10.1016/j.jct.2014.03.006#d1#p1#r5,10.1016/j.jct.2014.03.006#d1#p1,10.1016/j.jct.2014.03.006.json,1,1,5,"InChI=1S/C7H14O2/c1-4-6(3)7(8)9-5-2/h6H,4-5H2,1-3H3",HCRBXQFHJMCTLF-UHFFFAOYSA-N,ethyl 2-methylbutanoate,C7H14O2,10.1016/j.jct.2014.03.006,2014,"Boiling temperature at pressure P, K",Liquid,"[""Liquid"",""Gas""]",Ebulliometric method (Recirculating still),389.5,"{""nPropDigits"":4,""nPropNumber"":1,""nPropValue"":389.5,""CombinedUncertainty"":{""nCombExpandUncertValue"":0.3,""nCombUncertAssessNum"":1}}",variable,"{""nVarDigits"":3,""nVarNumber"":1,""nVarValue"":62.5}",389.5,True,,62500.0,True,False,False
10.1016/j.jct.2014.03.006#d1#p1#r6,10.1016/j.jct.2014.03.006#d1#p1,10.1016/j.jct.2014.03.006.json,1,1,6,"InChI=1S/C7H14O2/c1-4-6(3)7(8)9-5-2/h6H,4-5H2,1-3H3",HCRBXQFHJMCTLF-UHFFFAOYSA-N,ethyl 2-methylbutanoate,C7H14O2,10.1016/j.jct.2014.03.006,2014,"Boiling temperature at pressure P, K",Liquid,"[""Liquid"",""Gas""]",Ebulliometric method (Recirculating still),394,"{""nPropDigits"":4,""nPropNumber"":1,""nPropValue"":394,""CombinedUncertainty"":{""nCombExpandUncertValue"":0.3,""nCombUncertAssessNum"":1}}",variable,"{""nVarValue"":72,""nVarDigits"":3,""nVarNumber"":1}",394,True,,72000,True,False,False
10.1016/j.jct.2014.03.006#d1#p1#r7,10.1016/j.jct.2014.03.006#d1#p1,10.1016/j.jct.2014.03.006.json,1,1,7,"InChI=1S/C7H14O2/c1-4-6(3)7(8)9-5-2/h6H,4-5H2,1-3H3",HCRBXQFHJMCTLF-UHFFFAOYSA-N,ethyl 2-methylbutanoate,C7H14O2,10.1016/j.jct.2014.03.006,2014,"Boiling temperature at pressure P, K",Liquid,"[""Liquid"",""Gas""]",Ebulliometric method (Recirculating still),397.9,"{""nPropValue"":397.9,""CombinedUncertainty"":{""nCombUncertAssessNum"":1,""nCombExpandUncertValue"":0.3},""nPropNumber"":1,""nPropDigits"":4}",variable,"{""nVarDigits"":3,""nVarNumber"":1,""nVarValue"":81.5}",397.9,True,,81500.0,True,False,False
10.1016/j.jct.2014.03.006#d1#p1#r8,10.1016/j.jct.2014.03.006#d1#p1,10.1016/j.jct.2014.03.006.json,1,1,8,"InChI=1S/C7H14O2/c1-4-6(3)7(8)9-5-2/h6H,4-5H2,1-3H3",HCRBXQFHJMCTLF-UHFFFAOYSA-N,ethyl 2-methylbutanoate,C7H14O2,10.1016/j.jct.2014.03.006,2014,"Boiling temperature at pressure P, K",Liquid,"[""Liquid"",""Gas""]",Ebulliometric method (Recirculating still),401.8,"{""CombinedUncertainty"":{""nCombUncertAssessNum"":1,""nCombExpandUncertValue"":0.3},""nPropValue"":401.8,""nPropNumber"":1,""nPropDigits"":4}",variable,"{""nVarValue"":91,""nVarNumber"":1,""nVarDigits"":3}",401.8,True,,91000,True,False,False
10.1016/j.jct.2014.03.006#d1#p1#r9,10.1016/j.jct.2014.03.006#d1#p1,10.1016/j.jct.2014.03.006.json,1,1,9,"InChI=1S/C7H14O2/c1-4-6(3)7(8)9-5-2/h6H,4-5H2,1-3H3",HCRBXQFHJMCTLF-UHFFFAOYSA-N,ethyl 2-methylbutanoate,C7H14O2,10.1016/j.jct.2014.03.006,2014,"Boiling temperature at pressure P, K",Liquid,"[""Liquid"",""Gas""]",Ebulliometric method (Recirculating still),405.6,"{""nPropValue"":405.6,""CombinedUncertainty"":{""nCombUncertAssessNum"":1,""nCombExpandUncertValue"":0.3},""nPropDigits"":4,""nPropNumber"":1}",variable,"{""nVarValue"":101.3,""nVarDigits"":4,""nVarNumber"":1}",405.6,True,,101300.0,True,False,False
10.1016/j.jct.2014.03.006#d1#p1#r10,10.1016/j.jct.2014.03.006#d1#p1,10.1016/j.jct.2014.03.006.json,1,1,10,"InChI=1S/C7H14O2/c1-4-6(3)7(8)9-5-2/h6H,4-5H2,1-3H3",HCRBXQFHJMCTLF-UHFFFAOYSA-N,ethyl 2-methylbutanoate,C7H14O2,10.1016/j.jct.2014.03.006,2014,"Boiling temperature at pressure P, K",Liquid,"[""Liquid"",""Gas""]",Ebulliometric method (Recirculating still),408.7,"{""CombinedUncertainty"":{""nCombUncertAssessNum"":1,""nCombExpandUncertValue"":0.3},""nPropValue"":408.7,""nPropNumber"":1,""nPropDigits"":4}",variable,"{""nVarNumber"":1,""nVarDigits"":4,""nVarValue"":110}",408.7,True,,110000,True,False,False
10.1016/j.jct.2014.03.006#d1#p1#r11,10.1016/j.jct.2014.03.006#d1#p1,10.1016/j.jct.2014.03.006.json,1,1,11,"InChI=1S/C7H14O2/c1-4-6(3)7(8)9-5-2/h6H,4-5H2,1-3H3",HCRBXQFHJMCTLF-UHFFFAOYSA-N,ethyl 2-methylbutanoate,C7H14O2,10.1016/j.jct.2014.03.006,2014,"Boiling temperature at pressure P, K",Liquid,"[""Liquid"",""Gas""]",Ebulliometric method (Recirculating still),411.7,"{""nPropNumber"":1,""nPropDigits"":4,""nPropValue"":411.7,""CombinedUncertainty"":{""nCombUncertAssessNum"":1,""nCombExpandUncertValue"":0.3}}",variable,"{""nVarValue"":119.5,""nVarDigits"":4,""nVarNumber"":1}",411.7,True,,119500.0,True,False,False
10.1016/j.jct.2014.03.006#d1#p1#r12,10.1016/j.jct.2014.03.006#d1#p1,10.1016/j.jct.2014.03.006.json,1,1,12,"InChI=1S/C7H14O2/c1-4-6(3)7(8)9-5-2/h6H,4-5H2,1-3H3",HCRBXQFHJMCTLF-UHFFFAOYSA-N,ethyl 2-methylbutanoate,C7H14O2,10.1016/j.jct.2014.03.006,2014,"Boiling temperature at pressure P, K",Liquid,"[""Liquid"",""Gas""]",Ebulliometric method (Recirculating still),414.5,"{""nPropValue"":414.5,""CombinedUncertainty"":{""nCombExpandUncertValue"":0.3,""nCombUncertAssessNum"":1},""nPropDigits"":4,""nPropNumber"":1}",variable,"{""nVarDigits"":4,""nVarNumber"":1,""nVarValue"":129}",414.5,True,,129000,True,False,False
10.1016/j.jct.2014.03.006#d1#p1#r13,10.1016/j.jct.2014.03.006#d1#p1,10.1016/j.jct.2014.03.006.json,1,1,13,"InChI=1S/C7H14O2/c1-4-6(3)7(8)9-5-2/h6H,4-5H2,1-3H3",HCRBXQFHJMCTLF-UHFFFAOYSA-N,ethyl 2-methylbutanoate,C7H14O2,10.1016/j.jct.2014.03.006,2014,"Boiling temperature at pressure P, K",Liquid,"[""Liquid"",""Gas""]",Ebulliometric method (Recirculating still),417.3,"{""CombinedUncertainty"":{""nCombExpandUncertValue"":0.3,""nCombUncertAssessNum"":1},""nPropValue"":417.3,""nPropNumber"":1,""nPropDigits"":4}",variable,"{""nVarDigits"":4,""nVarNumber"":1,""nVarValue"":138.5}",417.3,True,,138500.0,True,False,False
10.1016/j.jct.2014.03.006#d1#p1#r14,10.1016/j.jct.2014.03.006#d1#p1,10.1016/j.jct.2014.03.006.json,1,1,14,"InChI=1S/C7H14O2/c1-4-6(3)7(8)9-5-2/h6H,4-5H2,1-3H3",HCRBXQFHJMCTLF-UHFFFAOYSA-N,ethyl 2-methylbutanoate,C7H14O2,10.1016/j.jct.2014.03.006,2014,"Boiling temperature at pressure P, K",Liquid,"[""Liquid"",""Gas""]",Ebulliometric method (Recirculating still),420.1,"{""nPropDigits"":4,""nPropNumber"":1,""nPropValue"":420.1,""CombinedUncertainty"":{""nCombUncertAssessNum"":1,""nCombExpandUncertValue"":0.3}}",variable,"{""nVarDigits"":4,""nVarNumber"":1,""nVarValue"":148}",420.1,True,,148000,True,False,False
10.1016/j.jct.2014.03.006#d1#p1#r15,10.1016/j.jct.2014.03.006#d1#p1,10.1016/j.jct.2014.03.006.json,1,1,15,"InChI=1S/C7H14O2/c1-4-6(3)7(8)9-5-2/h6H,4-5H2,1-3H3",HCRBXQFHJMCTLF-UHFFFAOYSA-N,ethyl 2-methylbutanoate,C7H14O2,10.1016/j.jct.2014.03.006,2014,"Boiling temperature at pressure P, K",Liquid,"[""Liquid"",""Gas""]",Ebulliometric method (Recirculating still),422.5,"{""CombinedUncertainty"":{""nCombExpandUncertValue"":0.3,""nCombUncertAssessNum"":1},""nPropValue"":422.5,""nPropDigits"":4,""nPropNumber"":1}",variable,"{""nVarNumber"":1,""nVarDigits"":4,""nVarValue"":157.5}",422.5,True,,157500.0,True,False,False
10.1016/j.jct.2014.03.006#d1#p1#r16,10.1016/j.jct.2014.03.006#d1#p1,10.1016/j.jct.2014.03.006.json,1,1,16,"InChI=1S/C7H14O2/c1-4-6(3)7(8)9-5-2/h6H,4-5H2,1-3H3",HCRBXQFHJMCTLF-UHFFFAOYSA-N,ethyl 2-methylbutanoate,C7H14O2,10.1016/j.jct.2014.03.006,2014,"Boiling temperature at pressure P, K",Liquid,"[""Liquid"",""Gas""]",Ebulliometric method (Recirculating still),424.8,"{""nPropDigits"":4,""nPropNumber"":1,""CombinedUncertainty"":{""nCombUncertAssessNum"":1,""nCombExpandUncertValue"":0.3},""nPropValue"":424.8}",variable,"{""nVarNumber"":1,""nVarDigits"":4,""nVarValue"":167}",424.8,True,,167000,True,False,False
10.1016/j.jct.2014.03.006#d1#p1#r17,10.1016/j.jct.2014.03.006#d1#p1,10.1016/j.jct.2014.03.006.json,1,1,17,"InChI=1S/C7H14O2/c1-4-6(3)7(8)9-5-2/h6H,4-5H2,1-3H3",HCRBXQFHJMCTLF-UHFFFAOYSA-N,ethyl 2-methylbutanoate,C7H14O2,10.1016/j.jct.2014.03.006,2014,"Boiling temperature at pressure P, K",Liquid,"[""Liquid"",""Gas""]",Ebulliometric method (Recirculating still),427,"{""nPropValue"":427,""CombinedUncertainty"":{""nCombUncertAssessNum"":1,""nCombExpandUncertValue"":0.3},""nPropNumber"":1,""nPropDigits"":4}",variable,"{""nVarNumber"":1,""nVarDigits"":4,""nVarValue"":176.5}",427,True,,176500.0,True,False,False
10.1016/j.jct.2014.03.006#d1#p1#r18,10.1016/j.jct.2014.03.006#d1#p1,10.1016/j.jct.2014.03.006.json,1,1,18,"InChI=1S/C7H14O2/c1-4-6(3)7(8)9-5-2/h6H,4-5H2,1-3H3",HCRBXQFHJMCTLF-UHFFFAOYSA-N,ethyl 2-methylbutanoate,C7H14O2,10.1016/j.jct.2014.03.006,2014,"Boiling temperature at pressure P, K",Liquid,"[""Liquid"",""Gas""]",Ebulliometric method (Recirculating still),429.1,"{""nPropNumber"":1,""nPropDigits"":4,""nPropValue"":429.1,""CombinedUncertainty"":{""nCombUncertAssessNum"":1,""nCombExpandUncertValue"":0.3}}",variable,"{""nVarValue"":186,""nVarNumber"":1,""nVarDigits"":4}",429.1,True,,186000,True,False,False
10.1016/j.jct.2014.03.006#d1#p1#r19,10.1016/j.jct.2014.03.006#d1#p1,10.1016/j.jct.2014.03.006.json,1,1,19,"InChI=1S/C7H14O2/c1-4-6(3)7(8)9-5-2/h6H,4-5H2,1-3H3",HCRBXQFHJMCTLF-UHFFFAOYSA-N,ethyl 2-methylbutanoate,C7H14O2,10.1016/j.jct.2014.03.006,2014,"Boiling temperature at pressure P, K",Liquid,"[""Liquid"",""Gas""]",Ebulliometric method (Recirculating still),429.9,"{""CombinedUncertainty"":{""nCombExpandUncertValue"":0.3,""nCombUncertAssessNum"":1},""nPropValue"":429.9,""nPropDigits"":4,""nPropNumber"":1}",variable,"{""nVarDigits"":4,""nVarNumber"":1,""nVarValue"":190}",429.9,True,,190000,True,False,False
10.1016/j.jct.2014.03.006#d2#p1#r1,10.1016/j.jct.2014.03.006#d2#p1,10.1016/j.jct.2014.03.006.json,2,1,1,"InChI=1S/C6H12O/c1-2-3-4-5-6-7/h6H,2-5H2,1H3",JARKCYVAAOWBJS-UHFFFAOYSA-N,hexanal,C6H12O,10.1016/j.jct.2014.03.006,2014,"Boiling temperature at pressure P, K",Liquid,"[""Liquid"",""Gas""]",Ebulliometric method (Recirculating still),358.1,"{""nPropDigits"":4,""nPropNumber"":1,""CombinedUncertainty"":{""nCombExpandUncertValue"":0.3,""nCombUncertAssessNum"":1},""nPropValue"":358.1}",variable,"{""nVarDigits"":3,""nVarNumber"":1,""nVarValue"":24.5}",358.1,True,,24500.0,True,False,False
10.1016/j.jct.2014.03.006#d2#p1#r2,10.1016/j.jct.2014.03.006#d2#p1,10.1016/j.jct.2014.03.006.json,2,1,2,"InChI=1S/C6H12O/c1-2-3-4-5-6-7/h6H,2-5H2,1H3",JARKCYVAAOWBJS-UHFFFAOYSA-N,hexanal,C6H12O,10.1016/j.jct.2014.03.006,2014,"Boiling temperature at pressure P, K",Liquid,"[""Liquid"",""Gas""]",Ebulliometric method (Recirculating still),367.3,"{""CombinedUncertainty"":{""nCombExpandUncertValue"":0.3,""nCombUncertAssessNum"":1},""nPropValue"":367.3,""nPropNumber"":1,""nPropDigits"":4}",variable,"{""nVarValue"":34,""nVarDigits"":3,""nVarNumber"":1}",367.3,True,,34000,True,False,False
10.1016/j.jct.2014.03.006#d2#p1#r3,10.1016/j.jct.2014.03.006#d2#p1,10.1016/j.jct.2014.03.006.json,2,1,3,"InChI=1S/C6H12O/c1-2-3-4-5-6-7/h6H,2-5H2,1H3",JARKCYVAAOWBJS-UHFFFAOYSA-N,hexanal,C6H12O,10.1016/j.jct.2014.03.006,2014,"Boiling temperature at pressure P, K",Liquid,"[""Liquid"",""Gas""]",Ebulliometric method (Recirculating still),374.2,"{""nPropDigits"":4,""nPropNumber"":1,""nPropValue"":374.2,""CombinedUncertainty"":{""nCombExpandUncertValue"":0.3,""nCombUncertAssessNum"":1}}",variable,"{""nVarValue"":43.5,""nVarNumber"":1,""nVarDigits"":3}",374.2,True,,43500.0,True,False,False
10.1016/j.jct.2014.03.006#d2#p1#r4,10.1016/j.jct.2014.03.006#d2#p1,10.1016/j.jct.2014.03.006.json,2,1,4,"InChI=1S/C6H12O/c1-2-3-4-5-6-7/h6H,2-5H2,1H3",JARKCYVAAOWBJS-UHFFFAOYSA-N,hexanal,C6H12O,10.1016/j.jct.2014.03.006,2014,"Boiling temperature at pressure P, K",Liquid,"[""Liquid"",""Gas""]",Ebulliometric method (Recirculating still),380,"{""nPropValue"":380,""CombinedUncertainty"":{""nCombExpandUncertValue"":0.3,""nCombUncertAssessNum"":1},""nPropNumber"":1,""nPropDigits"":4}",variable,"{""nVarValue"":53,""nVarNumber"":1,""nVarDigits"":3}",380,True,,53000,True,False,False
10.1016/j.jct.2014.03.006#d2#p1#r5,10.1016/j.jct.2014.03.006#d2#p1,10.1016/j.jct.2014.03.006.json,2,1,5,"InChI=1S/C6H12O/c1-2-3-4-5-6-7/h6H,2-5H2,1H3",JARKCYVAAOWBJS-UHFFFAOYSA-N,hexanal,C6H12O,10.1016/j.jct.2014.03.006,2014,"Boiling temperature at pressure P, K",Liquid,"[""Liquid"",""Gas""]",Ebulliometric method (Recirculating still),385.3,"{""nPropValue"":385.3,""CombinedUncertainty"":{""nCombUncertAssessNum"":1,""nCombExpandUncertValue"":0.3},""nPropDigits"":4,""nPropNumber"":1}",variable,"{""nVarValue"":62.5,""nVarDigits"":3,""nVarNumber"":1}",385.3,True,,62500.0,True,False,False
10.1016/j.jct.2014.03.006#d2#p1#r6,10.1016/j.jct.2014.03.006#d2#p1,10.1016/j.jct.2014.03.006.json,2,1,6,"InChI=1S/C6H12O/c1-2-3-4-5-6-7/h6H,2-5H2,1H3",JARKCYVAAOWBJS-UHFFFAOYSA-N,hexanal,C6H12O,10.1016/j.jct.2014.03.006,2014,"Boiling temperature at pressure P, K",Liquid,"[""Liquid"",""Gas""]",Ebulliometric method (Recirculating still),389.9,"{""nPropNumber"":1,""nPropDigits"":4,""CombinedUncertainty"":{""nCombExpandUncertValue"":0.3,""nCombUncertAssessNum"":1},""nPropValue"":389.9}",variable,"{""nVarValue"":72,""nVarDigits"":3,""nVarNumber"":1}",389.9,True,,72000,True,False,False
10.1016/j.jct.2014.03.006#d2#p1#r7,10.1016/j.jct.2014.03.006#d2#p1,10.1016/j.jct.2014.03.006.json,2,1,7,"InChI=1S/C6H12O/c1-2-3-4-5-6-7/h6H,2-5H2,1H3",JARKCYVAAOWBJS-UHFFFAOYSA-N,hexanal,C6H12O,10.1016/j.jct.2014.03.006,2014,"Boiling temperature at pressure P, K",Liquid,"[""Liquid"",""Gas""]",Ebulliometric method (Recirculating still),394,"{""nPropDigits"":4,""nPropNumber"":1,""CombinedUncertainty"":{""nCombExpandUncertValue"":0.3,""nCombUncertAssessNum"":1},""nPropValue"":394}",variable,"{""nVarValue"":81.5,""nVarNumber"":1,""nVarDigits"":3}",394,True,,81500.0,True,False,False
10.1016/j.jct.2014.03.006#d2#p1#r8,10.1016/j.jct.2014.03.006#d2#p1,10.1016/j.jct.2014.03.006.json,2,1,8,"InChI=1S/C6H12O/c1-2-3-4-5-6-7/h6H,2-5H2,1H3",JARKCYVAAOWBJS-UHFFFAOYSA-N,hexanal,C6H12O,10.1016/j.jct.2014.03.006,2014,"Boiling temperature at pressure P, K",Liquid,"[""Liquid"",""Gas""]",Ebulliometric method (Recirculating still),397.8,"{""nPropDigits"":4,""nPropNumber"":1,""nPropValue"":397.8,""CombinedUncertainty"":{""nCombExpandUncertValue"":0.3,""nCombUncertAssessNum"":1}}",variable,"{""nVarValue"":91,""nVarDigits"":3,""nVarNumber"":1}",397.8,True,,91000,True,False,False
10.1016/j.jct.2014.03.006#d2#p1#r9,10.1016/j.jct.2014.03.006#d2#p1,10.1016/j.jct.2014.03.006.json,2,1,9,"InChI=1S/C6H12O/c1-2-3-4-5-6-7/h6H,2-5H2,1H3",JARKCYVAAOWBJS-UHFFFAOYSA-N,hexanal,C6H12O,10.1016/j.jct.2014.03.006,2014,"Boiling temperature at pressure P, K",Liquid,"[""Liquid"",""Gas""]",Ebulliometric method (Recirculating still),401.9,"{""nPropNumber"":1,""nPropDigits"":4,""CombinedUncertainty"":{""nCombUncertAssessNum"":1,""nCombExpandUncertValue"":0.3},""nPropValue"":401.9}",variable,"{""nVarValue"":101.3,""nVarNumber"":1,""nVarDigits"":4}",401.9,True,,101300.0,True,False,False
10.1016/j.jct.2014.03.006#d2#p1#r10,10.1016/j.jct.2014.03.006#d2#p1,10.1016/j.jct.2014.03.006.json,2,1,10,"InChI=1S/C6H12O/c1-2-3-4-5-6-7/h6H,2-5H2,1H3",JARKCYVAAOWBJS-UHFFFAOYSA-N,hexanal,C6H12O,10.1016/j.jct.2014.03.006,2014,"Boiling temperature at pressure P, K",Liquid,"[""Liquid"",""Gas""]",Ebulliometric method (Recirculating still),404.9,"{""nPropValue"":404.9,""CombinedUncertainty"":{""nCombExpandUncertValue"":0.3,""nCombUncertAssessNum"":1},""nPropNumber"":1,""nPropDigits"":4}",variable,"{""nVarDigits"":4,""nVarNumber"":1,""nVarValue"":110}",404.9,True,,110000,True,False,False
10.1016/j.jct.2014.03.006#d2#p1#r11,10.1016/j.jct.2014.03.006#d2#p1,10.1016/j.jct.2014.03.006.json,2,1,11,"InChI=1S/C6H12O/c1-2-3-4-5-6-7/h6H,2-5H2,1H3",JARKCYVAAOWBJS-UHFFFAOYSA-N,hexanal,C6H12O,10.1016/j.jct.2014.03.006,2014,"Boiling temperature at pressure P, K",Liquid,"[""Liquid"",""Gas""]",Ebulliometric method (Recirculating still),407.9,"{""nPropValue"":407.9,""CombinedUncertainty"":{""nCombExpandUncertValue"":0.3,""nCombUncertAssessNum"":1},""nPropDigits"":4,""nPropNumber"":1}",variable,"{""nVarValue"":119.5,""nVarNumber"":1,""nVarDigits"":4}",407.9,True,,119500.0,True,False,False
10.1016/j.jct.2014.03.006#d2#p1#r12,10.1016/j.jct.2014.03.006#d2#p1,10.1016/j.jct.2014.03.006.json,2,1,12,"InChI=1S/C6H12O/c1-2-3-4-5-6-7/h6H,2-5H2,1H3",JARKCYVAAOWBJS-UHFFFAOYSA-N,hexanal,C6H12O,10.1016/j.jct.2014.03.006,2014,"Boiling temperature at pressure P, K",Liquid,"[""Liquid"",""Gas""]",Ebulliometric method (Recirculating still),410.6,"{""CombinedUncertainty"":{""nCombUncertAssessNum"":1,""nCombExpandUncertValue"":0.3},""nPropValue"":410.6,""nPropDigits"":4,""nPropNumber"":1}",variable,"{""nVarValue"":129,""nVarNumber"":1,""nVarDigits"":4}",410.6,True,,129000,True,False,False
10.1016/j.jct.2014.03.006#d2#p1#r13,10.1016/j.jct.2014.03.006#d2#p1,10.1016/j.jct.2014.03.006.json,2,1,13,"InChI=1S/C6H12O/c1-2-3-4-5-6-7/h6H,2-5H2,1H3",JARKCYVAAOWBJS-UHFFFAOYSA-N,hexanal,C6H12O,10.1016/j.jct.2014.03.006,2014,"Boiling temperature at pressure P, K",Liquid,"[""Liquid"",""Gas""]",Ebulliometric method (Recirculating still),413.4,"{""nPropDigits"":4,""nPropNumber"":1,""nPropValue"":413.4,""CombinedUncertainty"":{""nCombExpandUncertValue"":0.3,""nCombUncertAssessNum"":1}}",variable,"{""nVarNumber"":1,""nVarDigits"":4,""nVarValue"":138.5}",413.4,True,,138500.0,True,False,False
10.1016/j.jct.2014.03.006#d2#p1#r14,10.1016/j.jct.2014.03.006#d2#p1,10.1016/j.jct.2014.03.006.json,2,1,14,"InChI=1S/C6H12O/c1-2-3-4-5-6-7/h6H,2-5H2,1H3",JARKCYVAAOWBJS-UHFFFAOYSA-N,hexanal,C6H12O,10.1016/j.jct.2014.03.006,2014,"Boiling temperature at pressure P, K",Liquid,"[""Liquid"",""Gas""]",Ebulliometric method (Recirculating still),416,"{""nPropDigits"":4,""nPropNumber"":1,""nPropValue"":416,""CombinedUncertainty"":{""nCombExpandUncertValue"":0.3,""nCombUncertAssessNum"":1}}",variable,"{""nVarValue"":148,""nVarDigits"":4,""nVarNumber"":1}",416,True,,148000,True,False,False
10.1016/j.jct.2014.03.006#d2#p1#r15,10.1016/j.jct.2014.03.006#d2#p1,10.1016/j.jct.2014.03.006.json,2,1,15,"InChI=1S/C6H12O/c1-2-3-4-5-6-7/h6H,2-5H2,1H3",JARKCYVAAOWBJS-UHFFFAOYSA-N,hexanal,C6H12O,10.1016/j.jct.2014.03.006,2014,"Boiling temperature at pressure P, K",Liquid,"[""Liquid"",""Gas""]",Ebulliometric method (Recirculating still),418.6,"{""nPropDigits"":4,""nPropNumber"":1,""CombinedUncertainty"":{""nCombExpandUncertValue"":0.3,""nCombUncertAssessNum"":1},""nPropValue"":418.6}",variable,"{""nVarValue"":157.5,""nVarDigits"":4,""nVarNumber"":1}",418.6,True,,157500.0,True,False,False
10.1016/j.jct.2014.03.006#d2#p1#r16,10.1016/j.jct.2014.03.006#d2#p1,10.1016/j.jct.2014.03.006.json,2,1,16,"InChI=1S/C6H12O/c1-2-3-4-5-6-7/h6H,2-5H2,1H3",JARKCYVAAOWBJS-UHFFFAOYSA-N,hexanal,C6H12O,10.1016/j.jct.2014.03.006,2014,"Boiling temperature at pressure P, K",Liquid,"[""Liquid"",""Gas""]",Ebulliometric method (Recirculating still),420.8,"{""CombinedUncertainty"":{""nCombUncertAssessNum"":1,""nCombExpandUncertValue"":0.3},""nPropValue"":420.8,""nPropDigits"":4,""nPropNumber"":1}",variable,"{""nVarValue"":167,""nVarDigits"":4,""nVarNumber"":1}",420.8,True,,167000,True,False,False
10.1016/j.jct.2014.03.006#d2#p1#r17,10.1016/j.jct.2014.03.006#d2#p1,10.1016/j.jct.2014.03.006.json,2,1,17,"InChI=1S/C6H12O/c1-2-3-4-5-6-7/h6H,2-5H2,1H3",JARKCYVAAOWBJS-UHFFFAOYSA-N,hexanal,C6H12O,10.1016/j.jct.2014.03.006,2014,"Boiling temperature at pressure P, K",Liquid,"[""Liquid"",""Gas""]",Ebulliometric method (Recirculating still),422.8,"{""CombinedUncertainty"":{""nCombExpandUncertValue"":0.3,""nCombUncertAssessNum"":1},""nPropValue"":422.8,""nPropNumber"":1,""nPropDigits"":4}",variable,"{""nVarDigits"":4,""nVarNumber"":1,""nVarValue"":176.5}",422.8,True,,176500.0,True,False,False
10.1016/j.jct.2014.03.006#d2#p1#r18,10.1016/j.jct.2014.03.006#d2#p1,10.1016/j.jct.2014.03.006.json,2,1,18,"InChI=1S/C6H12O/c1-2-3-4-5-6-7/h6H,2-5H2,1H3",JARKCYVAAOWBJS-UHFFFAOYSA-N,hexanal,C6H12O,10.1016/j.jct.2014.03.006,2014,"Boiling temperature at pressure P, K",Liquid,"[""Liquid"",""Gas""]",Ebulliometric method (Recirculating still),424.9,"{""CombinedUncertainty"":{""nCombExpandUncertValue"":0.3,""nCombUncertAssessNum"":1},""nPropValue"":424.9,""nPropDigits"":4,""nPropNumber"":1}",variable,"{""nVarDigits"":4,""nVarNumber"":1,""nVarValue"":186}",424.9,True,,186000,True,False,False
10.1016/j.jct.2014.03.006#d2#p1#r19,10.1016/j.jct.2014.03.006#d2#p1,10.1016/j.jct.2014.03.006.json,2,1,19,"InChI=1S/C6H12O/c1-2-3-4-5-6-7/h6H,2-5H2,1H3",JARKCYVAAOWBJS-UHFFFAOYSA-N,hexanal,C6H12O,10.1016/j.jct.2014.03.006,2014,"Boiling temperature at pressure P, K",Liquid,"[""Liquid"",""Gas""]",Ebulliometric method (Recirculating still),425.8,"{""nPropValue"":425.8,""CombinedUncertainty"":{""nCombExpandUncertValue"":0.3,""nCombUncertAssessNum"":1},""nPropNumber"":1,""nPropDigits"":4}",variable,"{""nVarValue"":190,""nVarNumber"":1,""nVarDigits"":4}",425.8,True,,190000,True,False,False
10.1016/j.jct.2014.03.006#d3#p1#r1,10.1016/j.jct.2014.03.006#d3#p1,10.1016/j.jct.2014.03.006.json,3,1,1,"InChI=1S/C6H10O/c1-2-3-4-5-6-7/h4-6H,2-3H2,1H3/b5-4+",MBDOYVRWFFCFHM-SNAWJCMRSA-N,(E)-2-hexenal,C6H10O,10.1016/j.jct.2014.03.006,2014,"Boiling temperature at pressure P, K",Liquid,"[""Liquid"",""Gas""]",Ebulliometric method (Recirculating still),373.5,"{""nPropNumber"":1,""nPropDigits"":4,""nPropValue"":373.5,""CombinedUncertainty"":{""nCombUncertAssessNum"":1,""nCombExpandUncertValue"":0.3}}",variable,"{""nVarDigits"":3,""nVarNumber"":1,""nVarValue"":24.5}",373.5,True,,24500.0,True,False,False
10.1016/j.jct.2014.03.006#d3#p1#r2,10.1016/j.jct.2014.03.006#d3#p1,10.1016/j.jct.2014.03.006.json,3,1,2,"InChI=1S/C6H10O/c1-2-3-4-5-6-7/h4-6H,2-3H2,1H3/b5-4+",MBDOYVRWFFCFHM-SNAWJCMRSA-N,(E)-2-hexenal,C6H10O,10.1016/j.jct.2014.03.006,2014,"Boiling temperature at pressure P, K",Liquid,"[""Liquid"",""Gas""]",Ebulliometric method (Recirculating still),383,"{""nPropDigits"":4,""nPropNumber"":1,""nPropValue"":383,""CombinedUncertainty"":{""nCombUncertAssessNum"":1,""nCombExpandUncertValue"":0.3}}",variable,"{""nVarValue"":34,""nVarDigits"":3,""nVarNumber"":1}",383,True,,34000,True,False,False
10.1016/j.jct.2014.03.006#d3#p1#r3,10.1016/j.jct.2014.03.006#d3#p1,10.1016/j.jct.2014.03.006.json,3,1,3,"InChI=1S/C6H10O/c1-2-3-4-5-6-7/h4-6H,2-3H2,1H3/b5-4+",MBDOYVRWFFCFHM-SNAWJCMRSA-N,(E)-2-hexenal,C6H10O,10.1016/j.jct.2014.03.006,2014,"Boiling temperature at pressure P, K",Liquid,"[""Liquid"",""Gas""]",Ebulliometric method (Recirculating still),390.4,"{""nPropDigits"":4,""nPropNumber"":1,""nPropValue"":390.4,""CombinedUncertainty"":{""nCombExpandUncertValue"":0.3,""nCombUncertAssessNum"":1}}",variable,"{""nVarValue"":43.5,""nVarNumber"":1,""nVarDigits"":3}",390.4,True,,43500.0,True,False,False
10.1016/j.jct.2014.03.006#d3#p1#r4,10.1016/j.jct.2014.03.006#d3#p1,10.1016/j.jct.2014.03.006.json,3,1,4,"InChI=1S/C6H10O/c1-2-3-4-5-6-7/h4-6H,2-3H2,1H3/b5-4+",MBDOYVRWFFCFHM-SNAWJCMRSA-N,(E)-2-hexenal,C6H10O,10.1016/j.jct.2014.03.006,2014,"Boiling temperature at pressure P, K",Liquid,"[""Liquid"",""Gas""]",Ebulliometric method (Recirculating still),396.9,"{""nPropDigits"":4,""nPropNumber"":1,""CombinedUncertainty"":{""nCombUncertAssessNum"":1,""nCombExpandUncertValue"":0.3},""nPropValue"":396.9}",variable,"{""nVarValue"":53,""nVarDigits"":3,""nVarNumber"":1}",396.9,True,,53000,True,False,False
10.1016/j.jct.2014.03.006#d3#p1#r5,10.1016/j.jct.2014.03.006#d3#p1,10.1016/j.jct.2014.03.006.json,3,1,5,"InChI=1S/C6H10O/c1-2-3-4-5-6-7/h4-6H,2-3H2,1H3/b5-4+",MBDOYVRWFFCFHM-SNAWJCMRSA-N,(E)-2-hexenal,C6H10O,10.1016/j.jct.2014.03.006,2014,"Boiling temperature at pressure P, K",Liquid,"[""Liquid"",""Gas""]",Ebulliometric method (Recirculating still),402.6,"{""nPropNumber"":1,""nPropDigits"":4,""nPropValue"":402.6,""CombinedUncertainty"":{""nCombUncertAssessNum"":1,""nCombExpandUncertValue"":0.3}}",variable,"{""nVarNumber"":1,""nVarDigits"":3,""nVarValue"":62.5}",402.6,True,,62500.0,True,False,False
10.1016/j.jct.2014.03.006#d3#p1#r6,10.1016/j.jct.2014.03.006#d3#p1,10.1016/j.jct.2014.03.006.json,3,1,6,"InChI=1S/C6H10O/c1-2-3-4-5-6-7/h4-6H,2-3H2,1H3/b5-4+",MBDOYVRWFFCFHM-SNAWJCMRSA-N,(E)-2-hexenal,C6H10O,10.1016/j.jct.2014.03.006,2014,"Boiling temperature at pressure P, K",Liquid,"[""Liquid"",""Gas""]",Ebulliometric method (Recirculating still),407.7,"{""nPropValue"":407.7,""CombinedUncertainty"":{""nCombUncertAssessNum"":1,""nCombExpandUncertValue"":0.3},""nPropDigits"":4,""nPropNumber"":1}",variable,"{""nVarValue"":72,""nVarDigits"":3,""nVarNumber"":1}",407.7,True,,72000,True,False,False
10.1016/j.jct.2014.03.006#d3#p1#r7,10.1016/j.jct.2014.03.006#d3#p1,10.1016/j.jct.2014.03.006.json,3,1,7,"InChI=1S/C6H10O/c1-2-3-4-5-6-7/h4-6H,2-3H2,1H3/b5-4+",MBDOYVRWFFCFHM-SNAWJCMRSA-N,(E)-2-hexenal,C6H10O,10.1016/j.jct.2014.03.006,2014,"Boiling temperature at pressure P, K",Liquid,"[""Liquid"",""Gas""]",Ebulliometric method (Recirculating still),412,"{""nPropDigits"":4,""nPropNumber"":1,""nPropValue"":412,""CombinedUncertainty"":{""nCombUncertAssessNum"":1,""nCombExpandUncertValue"":0.3}}",variable,"{""nVarValue"":81.5,""nVarDigits"":3,""nVarNumber"":1}",412,True,,81500.0,True,False,False
10.1016/j.jct.2014.03.006#d3#p1#r8,10.1016/j.jct.2014.03.006#d3#p1,10.1016/j.jct.2014.03.006.json,3,1,8,"InChI=1S/C6H10O/c1-2-3-4-5-6-7/h4-6H,2-3H2,1H3/b5-4+",MBDOYVRWFFCFHM-SNAWJCMRSA-N,(E)-2-hexenal,C6H10O,10.1016/j.jct.2014.03.006,2014,"Boiling temperature at pressure P, K",Liquid,"[""Liquid"",""Gas""]",Ebulliometric method (Recirculating still),416.1,"{""nPropNumber"":1,""nPropDigits"":4,""nPropValue"":416.1,""CombinedUncertainty"":{""nCombUncertAssessNum"":1,""nCombExpandUncertValue"":0.4}}",variable,"{""nVarValue"":91,""nVarNumber"":1,""nVarDigits"":3}",416.1,True,,91000,True,False,False
10.1016/j.jct.2014.03.006#d3#p1#r9,10.1016/j.jct.2014.03.006#d3#p1,10.1016/j.jct.2014.03.006.json,3,1,9,"InChI=1S/C6H10O/c1-2-3-4-5-6-7/h4-6H,2-3H2,1H3/b5-4+",MBDOYVRWFFCFHM-SNAWJCMRSA-N,(E)-2-hexenal,C6H10O,10.1016/j.jct.2014.03.006,2014,"Boiling temperature at pressure P, K",Liquid,"[""Liquid"",""Gas""]",Ebulliometric method (Recirculating still),420.7,"{""CombinedUncertainty"":{""nCombUncertAssessNum"":1,""nCombExpandUncertValue"":0.4},""nPropValue"":420.7,""nPropNumber"":1,""nPropDigits"":4}",variable,"{""nVarDigits"":4,""nVarNumber"":1,""nVarValue"":101.3}",420.7,True,,101300.0,True,False,False
10.1016/j.jct.2014.03.006#d3#p1#r10,10.1016/j.jct.2014.03.006#d3#p1,10.1016/j.jct.2014.03.006.json,3,1,10,"InChI=1S/C6H10O/c1-2-3-4-5-6-7/h4-6H,2-3H2,1H3/b5-4+",MBDOYVRWFFCFHM-SNAWJCMRSA-N,(E)-2-hexenal,C6H10O,10.1016/j.jct.2014.03.006,2014,"Boiling temperature at pressure P, K",Liquid,"[""Liquid"",""Gas""]",Ebulliometric method (Recirculating still),423.8,"{""nPropDigits"":4,""nPropNumber"":1,""CombinedUncertainty"":{""nCombExpandUncertValue"":0.4,""nCombUncertAssessNum"":1},""nPropValue"":423.8}",variable,"{""nVarNumber"":1,""nVarDigits"":4,""nVarValue"":110}",423.8,True,,110000,True,False,False
10.1016/j.jct.2014.03.006#d3#p1#r11,10.1016/j.jct.2014.03.006#d3#p1,10.1016/j.jct.2014.03.006.json,3,1,11,"InChI=1S/C6H10O/c1-2-3-4-5-6-7/h4-6H,2-3H2,1H3/b5-4+",MBDOYVRWFFCFHM-SNAWJCMRSA-N,(E)-2-hexenal,C6H10O,10.1016/j.jct.2014.03.006,2014,"Boiling temperature at pressure P, K",Liquid,"[""Liquid"",""Gas""]",Ebulliometric method (Recirculating still),427.1,"{""CombinedUncertainty"":{""nCombUncertAssessNum"":1,""nCombExpandUncertValue"":0.4},""nPropValue"":427.1,""nPropNumber"":1,""nPropDigits"":4}",variable,"{""nVarNumber"":1,""nVarDigits"":4,""nVarValue"":119.5}",427.1,True,,119500.0,True,False,False
10.1016/j.jct.2014.03.006#d3#p1#r12,10.1016/j.jct.2014.03.006#d3#p1,10.1016/j.jct.2014.03.006.json,3,1,12,"InChI=1S/C6H10O/c1-2-3-4-5-6-7/h4-6H,2-3H2,1H3/b5-4+",MBDOYVRWFFCFHM-SNAWJCMRSA-N,(E)-2-hexenal,C6H10O,10.1016/j.jct.2014.03.006,2014,"Boiling temperature at pressure P, K",Liquid,"[""Liquid"",""Gas""]",Ebulliometric method (Recirculating still),430.3,"{""nPropNumber"":1,""nPropDigits"":4,""CombinedUncertainty"":{""nCombUncertAssessNum"":1,""nCombExpandUncertValue"":0.4},""nPropValue"":430.3}",variable,"{""nVarValue"":129,""nVarNumber"":1,""nVarDigits"":4}",430.3,True,,129000,True,False,False
10.1016/j.jct.2014.03.006#d3#p1#r13,10.1016/j.jct.2014.03.006#d3#p1,10.1016/j.jct.2014.03.006.json,3,1,13,"InChI=1S/C6H10O/c1-2-3-4-5-6-7/h4-6H,2-3H2,1H3/b5-4+",MBDOYVRWFFCFHM-SNAWJCMRSA-N,(E)-2-hexenal,C6H10O,10.1016/j.jct.2014.03.006,2014,"Boiling temperature at pressure P, K",Liquid,"[""Liquid"",""Gas""]",Ebulliometric method (Recirculating still),433.1,"{""nPropValue"":433.1,""CombinedUncertainty"":{""nCombUncertAssessNum"":1,""nCombExpandUncertValue"":0.4},""nPropNumber"":1,""nPropDigits"":4}",variable,"{""nVarValue"":138.5,""nVarDigits"":4,""nVarNumber"":1}",433.1,True,,138500.0,True,False,False
10.1016/j.jct.2014.03.006#d3#p1#r14,10.1016/j.jct.2014.03.006#d3#p1,10.1016/j.jct.2014.03.006.json,3,1,14,"InChI=1S/C6H10O/c1-2-3-4-5-6-7/h4-6H,2-3H2,1H3/b5-4+",MBDOYVRWFFCFHM-SNAWJCMRSA-N,(E)-2-hexenal,C6H10O,10.1016/j.jct.2014.03.006,2014,"Boiling temperature at pressure P, K",Liquid,"[""Liquid"",""Gas""]",Ebulliometric method (Recirculating still),435.9,"{""nPropValue"":435.9,""CombinedUncertainty"":{""nCombUncertAssessNum"":1,""nCombExpandUncertValue"":0.4},""nPropDigits"":4,""nPropNumber"":1}",variable,"{""nVarValue"":148,""nVarDigits"":4,""nVarNumber"":1}",435.9,True,,148000,True,False,False
10.1016/j.jct.2014.03.006#d3#p1#r15,10.1016/j.jct.2014.03.006#d3#p1,10.1016/j.jct.2014.03.006.json,3,1,15,"InChI=1S/C6H10O/c1-2-3-4-5-6-7/h4-6H,2-3H2,1H3/b5-4+",MBDOYVRWFFCFHM-SNAWJCMRSA-N,(E)-2-hexenal,C6H10O,10.1016/j.jct.2014.03.006,2014,"Boiling temperature at pressure P, K",Liquid,"[""Liquid"",""Gas""]",Ebulliometric method (Recirculating still),438.4,"{""nPropNumber"":1,""nPropDigits"":4,""CombinedUncertainty"":{""nCombUncertAssessNum"":1,""nCombExpandUncertValue"":0.4},""nPropValue"":438.4}",variable,"{""nVarNumber"":1,""nVarDigits"":4,""nVarValue"":157.5}",438.4,True,,157500.0,True,False,False
10.1016/j.jct.2014.03.006#d3#p1#r16,10.1016/j.jct.2014.03.006#d3#p1,10.1016/j.jct.2014.03.006.json,3,1,16,"InChI=1S/C6H10O/c1-2-3-4-5-6-7/h4-6H,2-3H2,1H3/b5-4+",MBDOYVRWFFCFHM-SNAWJCMRSA-N,(E)-2-hexenal,C6H10O,10.1016/j.jct.2014.03.006,2014,"Boiling temperature at pressure P, K",Liquid,"[""Liquid"",""Gas""]",Ebulliometric method (Recirculating still),441,"{""CombinedUncertainty"":{""nCombUncertAssessNum"":1,""nCombExpandUncertValue"":0.4},""nPropValue"":441,""nPropDigits"":4,""nPropNumber"":1}",variable,"{""nVarValue"":167,""nVarNumber"":1,""nVarDigits"":4}",441,True,,167000,True,False,False
10.1016/j.jct.2014.03.006#d3#p1#r17,10.1016/j.jct.2014.03.006#d3#p1,10.1016/j.jct.2014.03.006.json,3,1,17,"InChI=1S/C6H10O/c1-2-3-4-5-6-7/h4-6H,2-3H2,1H3/b5-4+",MBDOYVRWFFCFHM-SNAWJCMRSA-N,(E)-2-hexenal,C6H10O,10.1016/j.jct.2014.03.006,2014,"Boiling temperature at pressure P, K",Liquid,"[""Liquid"",""Gas""]",Ebulliometric method (Recirculating still),443.4,"{""nPropValue"":443.4,""CombinedUncertainty"":{""nCombExpandUncertValue"":0.4,""nCombUncertAssessNum"":1},""nPropDigits"":4,""nPropNumber"":1}",variable,"{""nVarNumber"":1,""nVarDigits"":4,""nVarValue"":176.5}",443.4,True,,176500.0,True,False,False
10.1016/j.jct.2014.03.006#d3#p1#r18,10.1016/j.jct.2014.03.006#d3#p1,10.1016/j.jct.2014.03.006.json,3,1,18,"InChI=1S/C6H10O/c1-2-3-4-5-6-7/h4-6H,2-3H2,1H3/b5-4+",MBDOYVRWFFCFHM-SNAWJCMRSA-N,(E)-2-hexenal,C6H10O,10.1016/j.jct.2014.03.006,2014,"Boiling temperature at pressure P, K",Liquid,"[""Liquid"",""Gas""]",Ebulliometric method (Recirculating still),445.4,"{""CombinedUncertainty"":{""nCombExpandUncertValue"":0.4,""nCombUncertAssessNum"":1},""nPropValue"":445.4,""nPropNumber"":1,""nPropDigits"":4}",variable,"{""nVarValue"":186,""nVarDigits"":4,""nVarNumber"":1}",445.4,True,,186000,True,False,False
10.1016/j.jct.2014.03.006#d3#p1#r19,10.1016/j.jct.2014.03.006#d3#p1,10.1016/j.jct.2014.03.006.json,3,1,19,"InChI=1S/C6H10O/c1-2-3-4-5-6-7/h4-6H,2-3H2,1H3/b5-4+",MBDOYVRWFFCFHM-SNAWJCMRSA-N,(E)-2-hexenal,C6H10O,10.1016/j.jct.2014.03.006,2014,"Boiling temperature at pressure P, K",Liquid,"[""Liquid"",""Gas""]",Ebulliometric method (Recirculating still),446.2,"{""nPropValue"":446.2,""CombinedUncertainty"":{""nCombExpandUncertValue"":0.4,""nCombUncertAssessNum"":1},""nPropDigits"":4,""nPropNumber"":1}",variable,"{""nVarValue"":190,""nVarDigits"":4,""nVarNumber"":1}",446.2,True,,190000,True,False,False
10.1016/j.jct.2015.04.003#d1#p1#r1,10.1016/j.jct.2015.04.003#d1#p1,10.1016/j.jct.2015.04.003.json,1,1,1,"InChI=1S/C6H12O2/c1-3-4-5-8-6(2)7/h3-5H2,1-2H3",DKPFZGUDAPQIHT-UHFFFAOYSA-N,butyl ethanoate,C6H12O2,10.1016/j.jct.2015.04.003,2015,"Boiling temperature at pressure P, K",Liquid,"[""Liquid"",""Gas""]",Ebulliometric method (Recirculating still),399.07,"{""CombinedUncertainty"":{""nCombExpandUncertValue"":0.05,""nCombUncertAssessNum"":1},""nPropValue"":399.07,""nPropNumber"":1,""nPropDigits"":5}",variable,"{""nVarValue"":101.33,""nVarDigits"":5,""nVarNumber"":1}",399.07,True,,101330.0,True,False,False
10.1016/j.jct.2015.04.003#d2#p1#r1,10.1016/j.jct.2015.04.003#d2#p1,10.1016/j.jct.2015.04.003.json,2,1,1,"InChI=1S/C7H8O/c1-8-7-5-3-2-4-6-7/h2-6H,1H3",RDOXTESZEPMUJZ-UHFFFAOYSA-N,anisole,C7H8O,10.1016/j.jct.2015.04.003,2015,"Boiling temperature at pressure P, K",Liquid,"[""Liquid"",""Gas""]",Ebulliometric method (Recirculating still),426.69,"{""nPropDigits"":5,""nPropNumber"":1,""nPropValue"":426.69,""CombinedUncertainty"":{""nCombUncertAssessNum"":1,""nCombExpandUncertValue"":0.05}}",variable,"{""nVarValue"":101.33,""nVarDigits"":5,""nVarNumber"":1}",426.69,True,,101330.0,True,False,False
10.1016/j.jct.2015.04.003#d3#p1#r1,10.1016/j.jct.2015.04.003#d3#p1,10.1016/j.jct.2015.04.003.json,3,1,1,"InChI=1S/C7H8O2/c1-9-7-5-3-2-4-6(7)8/h2-5,8H,1H3",LHGVFZTZFXWLCP-UHFFFAOYSA-N,2-methoxyphenol,C7H8O2,10.1016/j.jct.2015.04.003,2015,"Boiling temperature at pressure P, K",Liquid,"[""Liquid"",""Gas""]",Ebulliometric method (Recirculating still),478.25,"{""nPropNumber"":1,""nPropDigits"":5,""nPropValue"":478.25,""CombinedUncertainty"":{""nCombExpandUncertValue"":0.05,""nCombUncertAssessNum"":1}}",variable,"{""nVarValue"":101.33,""nVarDigits"":5,""nVarNumber"":1}",478.25,True,,101330.0,True,False,False
10.1016/j.jct.2015.06.002#d3#p1#r1,10.1016/j.jct.2015.06.002#d3#p1,10.1016/j.jct.2015.06.002.json,3,1,1,"InChI=1S/C12H22O/c1-2-3-4-5-6-7-8-9-10-11-12-13/h2-5,13H,6-12H2,1H3/b3-2+,5-4+",CSWBSLXBXRFNST-MQQKCMAXSA-N,"(E,E)-8,10-dodecadien-1-ol",C12H22O,10.1016/j.jct.2015.06.002,2015,"Boiling temperature at pressure P, K",Liquid,"[""Liquid"",""Gas""]",Gas chromatography,389,"{""nPropNumber"":1,""nPropDigits"":3,""CombinedUncertainty"":{""nCombUncertAssessNum"":1,""nCombExpandUncertValue"":20},""nPropValue"":389}",variable,"{""nVarDigits"":3,""nVarNumber"":1,""nVarValue"":0.267}",389,True,,267.0,False,True,False
10.1016/j.jct.2015.06.002#d4#p1#r1,10.1016/j.jct.2015.06.002#d4#p1,10.1016/j.jct.2015.06.002.json,4,1,1,"InChI=1S/C12H22O/c1-2-3-4-5-6-7-8-9-10-11-12-13/h2-5,13H,6-12H2,1H3/b3-2+,5-4+",CSWBSLXBXRFNST-MQQKCMAXSA-N,"(E,E)-8,10-dodecadien-1-ol",C12H22O,10.1016/j.jct.2015.06.002,2015,"Boiling temperature at pressure P, K",Liquid,"[""Liquid"",""Gas""]",Gas chromatography,549.1,"{""CombinedUncertainty"":{""nCombUncertAssessNum"":1,""nCombExpandUncertValue"":20.1},""nPropValue"":549.1,""nPropDigits"":4,""nPropNumber"":1}",variable,"{""nVarValue"":101.325,""nVarDigits"":6,""nVarNumber"":1}",549.1,True,,101325.0,False,False,False
10.1016/j.jct.2015.07.033#d1#p1#r1,10.1016/j.jct.2015.07.033#d1#p1,10.1016/j.jct.2015.07.033.json,1,1,1,"InChI=1S/C11H22O4/c1-2-3-4-5-6-7-11(14)15-9-10(13)8-12/h10,12-13H,2-9H2,1H3",GHBFNMLVSPCDGN-UHFFFAOYSA-N,"2,3-dihydroxypropyl octanoate",C11H22O4,10.1016/j.jct.2015.07.033,2015,"Boiling temperature at pressure P, K",Liquid,"[""Liquid"",""Gas""]",DSC,462.94,"{""CombinedUncertainty"":{""nCombUncertAssessNum"":1,""nCombExpandUncertValue"":2.23},""nPropValue"":462.94,""nPropDigits"":5,""nPropNumber"":1}",variable,"{""nVarValue"":1.2,""nVarDigits"":3,""nVarNumber"":1}",462.94,True,,1200.0,False,True,False
10.1016/j.jct.2015.07.033#d1#p1#r2,10.1016/j.jct.2015.07.033#d1#p1,10.1016/j.jct.2015.07.033.json,1,1,2,"InChI=1S/C11H22O4/c1-2-3-4-5-6-7-11(14)15-9-10(13)8-12/h10,12-13H,2-9H2,1H3",GHBFNMLVSPCDGN-UHFFFAOYSA-N,"2,3-dihydroxypropyl octanoate",C11H22O4,10.1016/j.jct.2015.07.033,2015,"Boiling temperature at pressure P, K",Liquid,"[""Liquid"",""Gas""]",DSC,480.41,"{""nPropDigits"":5,""nPropNumber"":1,""nPropValue"":480.41,""CombinedUncertainty"":{""nCombExpandUncertValue"":3.16,""nCombUncertAssessNum"":1}}",variable,"{""nVarNumber"":1,""nVarDigits"":3,""nVarValue"":2.5}",480.41,True,,2500.0,False,True,False
10.1016/j.jct.2015.07.033#d2#p1#r1,10.1016/j.jct.2015.07.033#d2#p1,10.1016/j.jct.2015.07.033.json,2,1,1,"InChI=1S/C16H32O2/c1-2-3-4-5-6-7-8-9-10-11-12-13-14-15-16(17)18/h2-15H2,1H3,(H,17,18)",IPCSVZSSVZVIGE-UHFFFAOYSA-N,hexadecanoic acid,C16H32O2,10.1016/j.jct.2015.07.033,2015,"Boiling temperature at pressure P, K",Liquid,"[""Liquid"",""Gas""]",DSC,483.15,"{""nPropDigits"":5,""nPropNumber"":1,""CombinedUncertainty"":{""nCombExpandUncertValue"":2.21,""nCombUncertAssessNum"":1},""nPropValue"":483.15}",variable,"{""nVarNumber"":1,""nVarDigits"":3,""nVarValue"":1.2}",483.15,True,,1200.0,False,True,False
10.1016/j.jct.2015.07.033#d2#p1#r2,10.1016/j.jct.2015.07.033#d2#p1,10.1016/j.jct.2015.07.033.json,2,1,2,"InChI=1S/C16H32O2/c1-2-3-4-5-6-7-8-9-10-11-12-13-14-15-16(17)18/h2-15H2,1H3,(H,17,18)",IPCSVZSSVZVIGE-UHFFFAOYSA-N,hexadecanoic acid,C16H32O2,10.1016/j.jct.2015.07.033,2015,"Boiling temperature at pressure P, K",Liquid,"[""Liquid"",""Gas""]",DSC,498.35,"{""nPropValue"":498.35,""CombinedUncertainty"":{""nCombExpandUncertValue"":2.67,""nCombUncertAssessNum"":1},""nPropDigits"":5,""nPropNumber"":1}",variable,"{""nVarValue"":2.5,""nVarNumber"":1,""nVarDigits"":3}",498.35,True,,2500.0,False,True,False
10.1016/j.jct.2015.07.033#d3#p1#r1,10.1016/j.jct.2015.07.033#d3#p1,10.1016/j.jct.2015.07.033.json,3,1,1,"InChI=1S/C19H38O2/c1-3-4-5-6-7-8-9-10-11-12-13-14-15-16-17-18-19(20)21-2/h3-18H2,1-2H3",HPEUJPJOZXNMSJ-UHFFFAOYSA-N,methyl octadecanoate,C19H38O2,10.1016/j.jct.2015.07.033,2015,"Boiling temperature at pressure P, K",Liquid,"[""Liquid"",""Gas""]",DSC,475.97,"{""CombinedUncertainty"":{""nCombExpandUncertValue"":2.39,""nCombUncertAssessNum"":1},""nPropValue"":475.97,""nPropDigits"":5,""nPropNumber"":1}",variable,"{""nVarNumber"":1,""nVarDigits"":3,""nVarValue"":1.2}",475.97,True,,1200.0,False,True,False
10.1016/j.jct.2015.07.033#d3#p1#r2,10.1016/j.jct.2015.07.033#d3#p1,10.1016/j.jct.2015.07.033.json,3,1,2,"InChI=1S/C19H38O2/c1-3-4-5-6-7-8-9-10-11-12-13-14-15-16-17-18-19(20)21-2/h3-18H2,1-2H3",HPEUJPJOZXNMSJ-UHFFFAOYSA-N,methyl octadecanoate,C19H38O2,10.1016/j.jct.2015.07.033,2015,"Boiling temperature at pressure P, K",Liquid,"[""Liquid"",""Gas""]",DSC,493.38,"{""CombinedUncertainty"":{""nCombUncertAssessNum"":1,""nCombExpandUncertValue"":3.17},""nPropValue"":493.38,""nPropDigits"":5,""nPropNumber"":1}",variable,"{""nVarNumber"":1,""nVarDigits"":3,""nVarValue"":2.5}",493.38,True,,2500.0,False,True,False
10.1016/j.jct.2016.02.017#d1#p1#r1,10.1016/j.jct.2016.02.017#d1#p1,10.1016/j.jct.2016.02.017.json,1,1,1,InChI=1S/H2O/h1H2,XLYOFNOQVPJJNP-UHFFFAOYSA-N,water,H2O,10.1016/j.jct.2016.02.017,2016,"Boiling temperature at pressure P, K",Liquid,"[""Liquid"",""Gas""]",Ebulliometric method (Recirculating still),323.8,"{""CombinedUncertainty"":{""nCombUncertAssessNum"":1,""nCombExpandUncertValue"":4},""nPropValue"":323.8,""nPropDigits"":4,""nPropNumber"":1}",variable,"{""nVarDigits"":3,""nVarNumber"":1,""nVarValue"":12.1}",323.8,True,no_carbon,12100.0,True,True,False
10.1016/j.jct.2016.02.017#d1#p1#r2,10.1016/j.jct.2016.02.017#d1#p1,10.1016/j.jct.2016.02.017.json,1,1,2,InChI=1S/H2O/h1H2,XLYOFNOQVPJJNP-UHFFFAOYSA-N,water,H2O,10.1016/j.jct.2016.02.017,2016,"Boiling temperature at pressure P, K",Liquid,"[""Liquid"",""Gas""]",Ebulliometric method (Recirculating still),340.3,"{""nPropValue"":340.3,""CombinedUncertainty"":{""nCombExpandUncertValue"":4,""nCombUncertAssessNum"":1},""nPropDigits"":4,""nPropNumber"":1}",variable,"{""nVarValue"":25.8,""nVarNumber"":1,""nVarDigits"":3}",340.3,True,no_carbon,25800.0,True,False,False
10.1016/j.jct.2016.02.017#d1#p1#r3,10.1016/j.jct.2016.02.017#d1#p1,10.1016/j.jct.2016.02.017.json,1,1,3,InChI=1S/H2O/h1H2,XLYOFNOQVPJJNP-UHFFFAOYSA-N,water,H2O,10.1016/j.jct.2016.02.017,2016,"Boiling temperature at pressure P, K",Liquid,"[""Liquid"",""Gas""]",Ebulliometric method (Recirculating still),351.8,"{""CombinedUncertainty"":{""nCombUncertAssessNum"":1,""nCombExpandUncertValue"":4},""nPropValue"":351.8,""nPropDigits"":4,""nPropNumber"":1}",variable,"{""nVarDigits"":3,""nVarNumber"":1,""nVarValue"":41.8}",351.8,True,no_carbon,41800.0,True,False,False
10.1016/j.jct.2016.02.017#d1#p1#r4,10.1016/j.jct.2016.02.017#d1#p1,10.1016/j.jct.2016.02.017.json,1,1,4,InChI=1S/H2O/h1H2,XLYOFNOQVPJJNP-UHFFFAOYSA-N,water,H2O,10.1016/j.jct.2016.02.017,2016,"Boiling temperature at pressure P, K",Liquid,"[""Liquid"",""Gas""]",Ebulliometric method (Recirculating still),358.6,"{""nPropDigits"":4,""nPropNumber"":1,""nPropValue"":358.6,""CombinedUncertainty"":{""nCombUncertAssessNum"":1,""nCombExpandUncertValue"":4}}",variable,"{""nVarDigits"":3,""nVarNumber"":1,""nVarValue"":59.7}",358.6,True,no_carbon,59700.0,True,False,False
10.1016/j.jct.2016.02.017#d1#p1#r5,10.1016/j.jct.2016.02.017#d1#p1,10.1016/j.jct.2016.02.017.json,1,1,5,InChI=1S/H2O/h1H2,XLYOFNOQVPJJNP-UHFFFAOYSA-N,water,H2O,10.1016/j.jct.2016.02.017,2016,"Boiling temperature at pressure P, K",Liquid,"[""Liquid"",""Gas""]",Ebulliometric method (Recirculating still),364.4,"{""nPropNumber"":1,""nPropDigits"":4,""nPropValue"":364.4,""CombinedUncertainty"":{""nCombUncertAssessNum"":1,""nCombExpandUncertValue"":4}}",variable,"{""nVarDigits"":3,""nVarNumber"":1,""nVarValue"":74.1}",364.4,True,no_carbon,74100.0,True,False,False
10.1016/j.jct.2016.02.017#d1#p1#r6,10.1016/j.jct.2016.02.017#d1#p1,10.1016/j.jct.2016.02.017.json,1,1,6,InChI=1S/H2O/h1H2,XLYOFNOQVPJJNP-UHFFFAOYSA-N,water,H2O,10.1016/j.jct.2016.02.017,2016,"Boiling temperature at pressure P, K",Liquid,"[""Liquid"",""Gas""]",Ebulliometric method (Recirculating still),370.8,"{""nPropDigits"":4,""nPropNumber"":1,""nPropValue"":370.8,""CombinedUncertainty"":{""nCombExpandUncertValue"":4,""nCombUncertAssessNum"":1}}",variable,"{""nVarValue"":91.8,""nVarDigits"":3,""nVarNumber"":1}",370.8,True,no_carbon,91800.0,True,False,False
10.1016/j.jct.2016.04.023#d1#p1#r1,10.1016/j.jct.2016.04.023#d1#p1,10.1016/j.jct.2016.04.023.json,1,1,1,"InChI=1S/C3H8O3/c4-1-3(6)2-5/h3-6H,1-2H2",PEDCQBHIVMGVHV-UHFFFAOYSA-N,glycerol,C3H8O3,10.1016/j.jct.2016.04.023,2016,"Boiling temperature at pressure P, K",Liquid,"[""Liquid"",""Gas""]",DSC,459.28,"{""CombinedUncertainty"":{""nCombExpandUncertValue"":1.66,""nCombUncertAssessNum"":1},""nPropValue"":459.28,""nPropDigits"":5,""nPropNumber"":1}",variable,"{""nVarDigits"":3,""nVarNumber"":1,""nVarValue"":3.47}",459.28,True,,3470.0,False,True,False
10.1016/j.jct.2016.04.023#d2#p1#r1,10.1016/j.jct.2016.04.023#d2#p1,10.1016/j.jct.2016.04.023.json,2,1,1,"InChI=1S/C8H16O2/c1-2-3-4-5-6-7-8(9)10/h2-7H2,1H3,(H,9,10)",WWZKQHOCKIZLMA-UHFFFAOYSA-N,octanoic acid,C8H16O2,10.1016/j.jct.2016.04.023,2016,"Boiling temperature at pressure P, K",Liquid,"[""Liquid"",""Gas""]",DSC,417.19,"{""CombinedUncertainty"":{""nCombUncertAssessNum"":1,""nCombExpandUncertValue"":1.85},""nPropValue"":417.19,""nPropDigits"":5,""nPropNumber"":1}",variable,"{""nVarValue"":3.47,""nVarNumber"":1,""nVarDigits"":3}",417.19,True,,3470.0,False,True,False
10.1016/j.jct.2016.04.023#d3#p1#r1,10.1016/j.jct.2016.04.023#d3#p1,10.1016/j.jct.2016.04.023.json,3,1,1,"InChI=1S/C11H22O4/c1-2-3-4-5-6-7-11(14)15-9-10(13)8-12/h10,12-13H,2-9H2,1H3",GHBFNMLVSPCDGN-UHFFFAOYSA-N,"2,3-dihydroxypropyl octanoate",C11H22O4,10.1016/j.jct.2016.04.023,2016,"Boiling temperature at pressure P, K",Liquid,"[""Liquid"",""Gas""]",DSC,485.05,"{""nPropDigits"":5,""nPropNumber"":1,""nPropValue"":485.05,""CombinedUncertainty"":{""nCombUncertAssessNum"":1,""nCombExpandUncertValue"":1.87}}",variable,"{""nVarValue"":3.47,""nVarDigits"":3,""nVarNumber"":1}",485.05,True,,3470.0,False,True,False
10.1016/j.jct.2016.04.023#d4#p1#r1,10.1016/j.jct.2016.04.023#d4#p1,10.1016/j.jct.2016.04.023.json,4,1,1,"InChI=1S/C16H34/c1-3-5-7-9-11-13-15-16-14-12-10-8-6-4-2/h3-16H2,1-2H3",DCAYPVUWAIABOU-UHFFFAOYSA-N,hexadecane,C16H34,10.1016/j.jct.2016.04.023,2016,"Boiling temperature at pressure P, K",Liquid,"[""Liquid"",""Gas""]",DSC,474.05,"{""nPropValue"":474.05,""CombinedUncertainty"":{""nCombExpandUncertValue"":1.71,""nCombUncertAssessNum"":1},""nPropNumber"":1,""nPropDigits"":5}",variable,"{""nVarDigits"":4,""nVarNumber"":1,""nVarValue"":10.37}",474.05,True,,10370.0,False,True,False
10.1016/j.jct.2016.04.023#d4#p1#r2,10.1016/j.jct.2016.04.023#d4#p1,10.1016/j.jct.2016.04.023.json,4,1,2,"InChI=1S/C16H34/c1-3-5-7-9-11-13-15-16-14-12-10-8-6-4-2/h3-16H2,1-2H3",DCAYPVUWAIABOU-UHFFFAOYSA-N,hexadecane,C16H34,10.1016/j.jct.2016.04.023,2016,"Boiling temperature at pressure P, K",Liquid,"[""Liquid"",""Gas""]",DSC,486.81,"{""nPropNumber"":1,""nPropDigits"":5,""CombinedUncertainty"":{""nCombExpandUncertValue"":1.55,""nCombUncertAssessNum"":1},""nPropValue"":486.81}",variable,"{""nVarValue"":15.17,""nVarDigits"":4,""nVarNumber"":1}",486.81,True,,15170.0,False,True,False
10.1016/j.jct.2016.04.023#d4#p1#r3,10.1016/j.jct.2016.04.023#d4#p1,10.1016/j.jct.2016.04.023.json,4,1,3,"InChI=1S/C16H34/c1-3-5-7-9-11-13-15-16-14-12-10-8-6-4-2/h3-16H2,1-2H3",DCAYPVUWAIABOU-UHFFFAOYSA-N,hexadecane,C16H34,10.1016/j.jct.2016.04.023,2016,"Boiling temperature at pressure P, K",Liquid,"[""Liquid"",""Gas""]",DSC,493.6,"{""nPropValue"":493.6,""CombinedUncertainty"":{""nCombUncertAssessNum"":1,""nCombExpandUncertValue"":2.59},""nPropNumber"":1,""nPropDigits"":5}",variable,"{""nVarValue"":18.66,""nVarNumber"":1,""nVarDigits"":4}",493.6,True,,18660.0,False,True,False
10.1016/j.jct.2016.04.023#d4#p1#r4,10.1016/j.jct.2016.04.023#d4#p1,10.1016/j.jct.2016.04.023.json,4,1,4,"InChI=1S/C16H34/c1-3-5-7-9-11-13-15-16-14-12-10-8-6-4-2/h3-16H2,1-2H3",DCAYPVUWAIABOU-UHFFFAOYSA-N,hexadecane,C16H34,10.1016/j.jct.2016.04.023,2016,"Boiling temperature at pressure P, K",Liquid,"[""Liquid"",""Gas""]",DSC,496.42,"{""nPropValue"":496.42,""CombinedUncertainty"":{""nCombExpandUncertValue"":2.33,""nCombUncertAssessNum"":1},""nPropNumber"":1,""nPropDigits"":5}",variable,"{""nVarNumber"":1,""nVarDigits"":4,""nVarValue"":22.39}",496.42,True,,22390.0,False,False,False
10.1016/j.jct.2016.04.023#d4#p1#r5,10.1016/j.jct.2016.04.023#d4#p1,10.1016/j.jct.2016.04.023.json,4,1,5,"InChI=1S/C16H34/c1-3-5-7-9-11-13-15-16-14-12-10-8-6-4-2/h3-16H2,1-2H3",DCAYPVUWAIABOU-UHFFFAOYSA-N,hexadecane,C16H34,10.1016/j.jct.2016.04.023,2016,"Boiling temperature at pressure P, K",Liquid,"[""Liquid"",""Gas""]",DSC,444.06,"{""nPropNumber"":1,""nPropDigits"":5,""CombinedUncertainty"":{""nCombExpandUncertValue"":2.55,""nCombUncertAssessNum"":1},""nPropValue"":444.06}",variable,"{""nVarNumber"":1,""nVarDigits"":3,""nVarValue"":3.47}",444.06,True,,3470.0,False,True,False
10.1016/j.jct.2016.04.023#d5#p1#r1,10.1016/j.jct.2016.04.023#d5#p1,10.1016/j.jct.2016.04.023.json,5,1,1,"InChI=1S/C18H38/c1-3-5-7-9-11-13-15-17-18-16-14-12-10-8-6-4-2/h3-18H2,1-2H3",RZJRJXONCZWCBN-UHFFFAOYSA-N,octadecane,C18H38,10.1016/j.jct.2016.04.023,2016,"Boiling temperature at pressure P, K",Liquid,"[""Liquid"",""Gas""]",DSC,469.96,"{""CombinedUncertainty"":{""nCombUncertAssessNum"":1,""nCombExpandUncertValue"":1.87},""nPropValue"":469.96,""nPropNumber"":1,""nPropDigits"":5}",variable,"{""nVarDigits"":3,""nVarNumber"":1,""nVarValue"":3.47}",469.96,True,,3470.0,False,True,False
10.1016/j.jct.2016.04.023#d6#p1#r1,10.1016/j.jct.2016.04.023#d6#p1,10.1016/j.jct.2016.04.023.json,6,1,1,"InChI=1S/C18H38O/c1-2-3-4-5-6-7-8-9-10-11-12-13-14-15-16-17-18-19/h19H,2-18H2,1H3",GLDOVTGHNKAZLK-UHFFFAOYSA-N,1-octadecanol,C18H38O,10.1016/j.jct.2016.04.023,2016,"Boiling temperature at pressure P, K",Liquid,"[""Liquid"",""Gas""]",DSC,499.04,"{""nPropNumber"":1,""nPropDigits"":5,""CombinedUncertainty"":{""nCombExpandUncertValue"":1.84,""nCombUncertAssessNum"":1},""nPropValue"":499.04}",variable,"{""nVarDigits"":3,""nVarNumber"":1,""nVarValue"":3.47}",499.04,True,,3470.0,False,True,False
10.1016/j.jct.2016.04.023#d7#p1#r1,10.1016/j.jct.2016.04.023#d7#p1,10.1016/j.jct.2016.04.023.json,7,1,1,"InChI=1S/C15H26O6/c1-4-7-13(16)19-10-12(21-15(18)9-6-3)11-20-14(17)8-5-2/h12H,4-11H2,1-3H3",UYXTWWCETRIEDR-UHFFFAOYSA-N,"1,2,3-propanetriyl tributanoate",C15H26O6,10.1016/j.jct.2016.04.023,2016,"Boiling temperature at pressure P, K",Liquid,"[""Liquid"",""Gas""]",DSC,474.55,"{""nPropNumber"":1,""nPropDigits"":5,""nPropValue"":474.55,""CombinedUncertainty"":{""nCombUncertAssessNum"":1,""nCombExpandUncertValue"":1.86}}",variable,"{""nVarDigits"":3,""nVarNumber"":1,""nVarValue"":3.47}",474.55,True,,3470.0,False,True,False
10.1016/j.jct.2017.03.007#d6#p1#r1,10.1016/j.jct.2017.03.007#d6#p1,10.1016/j.jct.2017.03.007.json,6,1,1,"InChI=1S/C2H6O/c1-2-3/h3H,2H2,1H3",LFQSCWFLJHTTHZ-UHFFFAOYSA-N,ethanol,C2H6O,10.1016/j.jct.2017.03.007,2017,"Boiling temperature at pressure P, K",Liquid,"[""Liquid"",""Gas""]",Ebulliometric method (Recirculating still),351.5,"{""nPropValue"":351.5,""CombinedUncertainty"":{""nCombUncertAssessNum"":1,""nCombExpandUncertValue"":0.1},""nPropNumber"":1,""nPropDigits"":5}",variable,"{""nVarValue"":101.33,""nVarDigits"":5,""nVarNumber"":1}",351.5,True,,101330.0,True,False,False
10.1016/j.jct.2017.03.007#d9#p1#r1,10.1016/j.jct.2017.03.007#d9#p1,10.1016/j.jct.2017.03.007.json,9,1,1,"InChI=1S/C3H8O/c1-2-3-4/h4H,2-3H2,1H3",BDERNNFJNOPAEC-UHFFFAOYSA-N,propan-1-ol,C3H8O,10.1016/j.jct.2017.03.007,2017,"Boiling temperature at pressure P, K",Liquid,"[""Liquid"",""Gas""]",Ebulliometric method (Recirculating still),370.35,"{""nPropNumber"":1,""nPropDigits"":5,""CombinedUncertainty"":{""nCombUncertAssessNum"":1,""nCombExpandUncertValue"":0.1},""nPropValue"":370.35}",variable,"{""nVarValue"":101.33,""nVarDigits"":5,""nVarNumber"":1}",370.35,True,,101330.0,True,False,False
10.1016/j.jct.2017.08.006#d3#p1#r1,10.1016/j.jct.2017.08.006#d3#p1,10.1016/j.jct.2017.08.006.json,3,1,1,"InChI=1S/C4H10O/c1-2-3-4-5/h5H,2-4H2,1H3",LRHPLDYGYMQRHN-UHFFFAOYSA-N,butan-1-ol,C4H10O,10.1016/j.jct.2017.08.006,2017,"Boiling temperature at pressure P, K",Liquid,"[""Liquid"",""Gas""]",Ebulliometric method (Recirculating still),325.22,"{""nPropDigits"":5,""nPropNumber"":1,""nPropValue"":325.22,""CombinedUncertainty"":{""nCombExpandUncertValue"":0.19,""nCombUncertAssessNum"":1}}",variable,"{""nVarDigits"":3,""nVarNumber"":1,""nVarValue"":5.01}",325.22,True,,5010.0,True,True,False
10.1016/j.jct.2017.08.006#d3#p1#r2,10.1016/j.jct.2017.08.006#d3#p1,10.1016/j.jct.2017.08.006.json,3,1,2,"InChI=1S/C4H10O/c1-2-3-4-5/h5H,2-4H2,1H3",LRHPLDYGYMQRHN-UHFFFAOYSA-N,butan-1-ol,C4H10O,10.1016/j.jct.2017.08.006,2017,"Boiling temperature at pressure P, K",Liquid,"[""Liquid"",""Gas""]",Ebulliometric method (Recirculating still),333.51,"{""nPropDigits"":5,""nPropNumber"":1,""CombinedUncertainty"":{""nCombExpandUncertValue"":0.16,""nCombUncertAssessNum"":1},""nPropValue"":333.51}",variable,"{""nVarDigits"":3,""nVarNumber"":1,""nVarValue"":7.98}",333.51,True,,7980.0,True,True,False
10.1016/j.jct.2017.08.006#d3#p1#r3,10.1016/j.jct.2017.08.006#d3#p1,10.1016/j.jct.2017.08.006.json,3,1,3,"InChI=1S/C4H10O/c1-2-3-4-5/h5H,2-4H2,1H3",LRHPLDYGYMQRHN-UHFFFAOYSA-N,butan-1-ol,C4H10O,10.1016/j.jct.2017.08.006,2017,"Boiling temperature at pressure P, K",Liquid,"[""Liquid"",""Gas""]",Ebulliometric method (Recirculating still),343.28,"{""nPropValue"":343.28,""CombinedUncertainty"":{""nCombUncertAssessNum"":1,""nCombExpandUncertValue"":0.13},""nPropNumber"":1,""nPropDigits"":5}",variable,"{""nVarNumber"":1,""nVarDigits"":4,""nVarValue"":13.37}",343.28,True,,13370.0,True,True,False
10.1016/j.jct.2017.08.006#d3#p1#r4,10.1016/j.jct.2017.08.006#d3#p1,10.1016/j.jct.2017.08.006.json,3,1,4,"InChI=1S/C4H10O/c1-2-3-4-5/h5H,2-4H2,1H3",LRHPLDYGYMQRHN-UHFFFAOYSA-N,butan-1-ol,C4H10O,10.1016/j.jct.2017.08.006,2017,"Boiling temperature at pressure P, K",Liquid,"[""Liquid"",""Gas""]",Ebulliometric method (Recirculating still),351.59,"{""CombinedUncertainty"":{""nCombExpandUncertValue"":0.12,""nCombUncertAssessNum"":1},""nPropValue"":351.59,""nPropNumber"":1,""nPropDigits"":5}",variable,"{""nVarValue"":20.08,""nVarDigits"":4,""nVarNumber"":1}",351.59,True,,20080.0,True,False,False
10.1016/j.jct.2017.08.006#d3#p1#r5,10.1016/j.jct.2017.08.006#d3#p1,10.1016/j.jct.2017.08.006.json,3,1,5,"InChI=1S/C4H10O/c1-2-3-4-5/h5H,2-4H2,1H3",LRHPLDYGYMQRHN-UHFFFAOYSA-N,butan-1-ol,C4H10O,10.1016/j.jct.2017.08.006,2017,"Boiling temperature at pressure P, K",Liquid,"[""Liquid"",""Gas""]",Ebulliometric method (Recirculating still),357.81,"{""CombinedUncertainty"":{""nCombExpandUncertValue"":0.11,""nCombUncertAssessNum"":1},""nPropValue"":357.81,""nPropNumber"":1,""nPropDigits"":5}",variable,"{""nVarDigits"":4,""nVarNumber"":1,""nVarValue"":26.78}",357.81,True,,26780.0,True,False,False
10.1016/j.jct.2017.08.006#d3#p1#r6,10.1016/j.jct.2017.08.006#d3#p1,10.1016/j.jct.2017.08.006.json,3,1,6,"InChI=1S/C4H10O/c1-2-3-4-5/h5H,2-4H2,1H3",LRHPLDYGYMQRHN-UHFFFAOYSA-N,butan-1-ol,C4H10O,10.1016/j.jct.2017.08.006,2017,"Boiling temperature at pressure P, K",Liquid,"[""Liquid"",""Gas""]",Ebulliometric method (Recirculating still),367.34,"{""nPropValue"":367.34,""CombinedUncertainty"":{""nCombExpandUncertValue"":0.11,""nCombUncertAssessNum"":1},""nPropNumber"":1,""nPropDigits"":5}",variable,"{""nVarNumber"":1,""nVarDigits"":4,""nVarValue"":40.61}",367.34,True,,40610.0,True,False,False
10.1016/j.jct.2017.08.006#d3#p1#r7,10.1016/j.jct.2017.08.006#d3#p1,10.1016/j.jct.2017.08.006.json,3,1,7,"InChI=1S/C4H10O/c1-2-3-4-5/h5H,2-4H2,1H3",LRHPLDYGYMQRHN-UHFFFAOYSA-N,butan-1-ol,C4H10O,10.1016/j.jct.2017.08.006,2017,"Boiling temperature at pressure P, K",Liquid,"[""Liquid"",""Gas""]",Ebulliometric method (Recirculating still),374,"{""nPropValue"":374,""CombinedUncertainty"":{""nCombUncertAssessNum"":1,""nCombExpandUncertValue"":0.1},""nPropDigits"":5,""nPropNumber"":1}",variable,"{""nVarDigits"":4,""nVarNumber"":1,""nVarValue"":53.45}",374,True,,53450.0,True,False,False
10.1016/j.jct.2017.08.006#d3#p1#r8,10.1016/j.jct.2017.08.006#d3#p1,10.1016/j.jct.2017.08.006.json,3,1,8,"InChI=1S/C4H10O/c1-2-3-4-5/h5H,2-4H2,1H3",LRHPLDYGYMQRHN-UHFFFAOYSA-N,butan-1-ol,C4H10O,10.1016/j.jct.2017.08.006,2017,"Boiling temperature at pressure P, K",Liquid,"[""Liquid"",""Gas""]",Ebulliometric method (Recirculating still),384.37,"{""nPropNumber"":1,""nPropDigits"":5,""CombinedUncertainty"":{""nCombUncertAssessNum"":1,""nCombExpandUncertValue"":0.1},""nPropValue"":384.37}",variable,"{""nVarNumber"":1,""nVarDigits"":4,""nVarValue"":79.98}",384.37,True,,79980.0,True,False,False
10.1016/j.jct.2017.08.006#d3#p1#r9,10.1016/j.jct.2017.08.006#d3#p1,10.1016/j.jct.2017.08.006.json,3,1,9,"InChI=1S/C4H10O/c1-2-3-4-5/h5H,2-4H2,1H3",LRHPLDYGYMQRHN-UHFFFAOYSA-N,butan-1-ol,C4H10O,10.1016/j.jct.2017.08.006,2017,"Boiling temperature at pressure P, K",Liquid,"[""Liquid"",""Gas""]",Ebulliometric method (Recirculating still),390.75,"{""nPropNumber"":1,""nPropDigits"":5,""nPropValue"":390.75,""CombinedUncertainty"":{""nCombUncertAssessNum"":1,""nCombExpandUncertValue"":0.1}}",variable,"{""nVarDigits"":5,""nVarNumber"":1,""nVarValue"":101}",390.75,True,,101000,True,False,False
10.1016/j.jct.2017.08.006#d3#p1#r10,10.1016/j.jct.2017.08.006#d3#p1,10.1016/j.jct.2017.08.006.json,3,1,10,"InChI=1S/C4H10O/c1-2-3-4-5/h5H,2-4H2,1H3",LRHPLDYGYMQRHN-UHFFFAOYSA-N,butan-1-ol,C4H10O,10.1016/j.jct.2017.08.006,2017,"Boiling temperature at pressure P, K",Liquid,"[""Liquid"",""Gas""]",Ebulliometric method (Recirculating still),390.9,"{""nPropDigits"":5,""nPropNumber"":1,""CombinedUncertainty"":{""nCombUncertAssessNum"":1,""nCombExpandUncertValue"":0.1},""nPropValue"":390.9}",variable,"{""nVarValue"":101.33,""nVarNumber"":1,""nVarDigits"":5}",390.9,True,,101330.0,True,False,False
10.1016/j.jct.2017.08.006#d9#p1#r1,10.1016/j.jct.2017.08.006#d9#p1,10.1016/j.jct.2017.08.006.json,9,1,1,"InChI=1S/C6H14O2/c1-6(2)4-8-5-7-3/h6H,4-5H2,1-3H3",FFXUOVPOFHKUKL-UHFFFAOYSA-N,1-(methoxymethoxy)-2-methylpropane,C6H14O2,10.1016/j.jct.2017.08.006,2017,"Boiling temperature at pressure P, K",Liquid,"[""Liquid"",""Gas""]",Ebulliometric method (Recirculating still),306.6,"{""nPropValue"":306.6,""CombinedUncertainty"":{""nCombUncertAssessNum"":1,""nCombExpandUncertValue"":0.18},""nPropNumber"":1,""nPropDigits"":5}",variable,"{""nVarNumber"":1,""nVarDigits"":3,""nVarValue"":5.01}",306.6,True,,5010.0,True,True,False
10.1016/j.jct.2017.08.006#d9#p1#r2,10.1016/j.jct.2017.08.006#d9#p1,10.1016/j.jct.2017.08.006.json,9,1,2,"InChI=1S/C6H14O2/c1-6(2)4-8-5-7-3/h6H,4-5H2,1-3H3",FFXUOVPOFHKUKL-UHFFFAOYSA-N,1-(methoxymethoxy)-2-methylpropane,C6H14O2,10.1016/j.jct.2017.08.006,2017,"Boiling temperature at pressure P, K",Liquid,"[""Liquid"",""Gas""]",Ebulliometric method (Recirculating still),320,"{""nPropDigits"":5,""nPropNumber"":1,""CombinedUncertainty"":{""nCombUncertAssessNum"":1,""nCombExpandUncertValue"":0.16},""nPropValue"":320}",variable,"{""nVarValue"":9.98,""nVarDigits"":3,""nVarNumber"":1}",320,True,,9980.0,True,True,False
10.1016/j.jct.2017.08.006#d9#p1#r3,10.1016/j.jct.2017.08.006#d9#p1,10.1016/j.jct.2017.08.006.json,9,1,3,"InChI=1S/C6H14O2/c1-6(2)4-8-5-7-3/h6H,4-5H2,1-3H3",FFXUOVPOFHKUKL-UHFFFAOYSA-N,1-(methoxymethoxy)-2-methylpropane,C6H14O2,10.1016/j.jct.2017.08.006,2017,"Boiling temperature at pressure P, K",Liquid,"[""Liquid"",""Gas""]",Ebulliometric method (Recirculating still),328.38,"{""nPropValue"":328.38,""CombinedUncertainty"":{""nCombUncertAssessNum"":1,""nCombExpandUncertValue"":0.13},""nPropDigits"":5,""nPropNumber"":1}",variable,"{""nVarValue"":14.69,""nVarNumber"":1,""nVarDigits"":4}",328.38,True,,14690.0,True,True,False
10.1016/j.jct.2017.08.006#d9#p1#r4,10.1016/j.jct.2017.08.006#d9#p1,10.1016/j.jct.2017.08.006.json,9,1,4,"InChI=1S/C6H14O2/c1-6(2)4-8-5-7-3/h6H,4-5H2,1-3H3",FFXUOVPOFHKUKL-UHFFFAOYSA-N,1-(methoxymethoxy)-2-methylpropane,C6H14O2,10.1016/j.jct.2017.08.006,2017,"Boiling temperature at pressure P, K",Liquid,"[""Liquid"",""Gas""]",Ebulliometric method (Recirculating still),335.32,"{""nPropValue"":335.32,""CombinedUncertainty"":{""nCombUncertAssessNum"":1,""nCombExpandUncertValue"":0.12},""nPropDigits"":5,""nPropNumber"":1}",variable,"{""nVarValue"":19.75,""nVarNumber"":1,""nVarDigits"":4}",335.32,True,,19750.0,True,True,False
10.1016/j.jct.2017.08.006#d9#p1#r5,10.1016/j.jct.2017.08.006#d9#p1,10.1016/j.jct.2017.08.006.json,9,1,5,"InChI=1S/C6H14O2/c1-6(2)4-8-5-7-3/h6H,4-5H2,1-3H3",FFXUOVPOFHKUKL-UHFFFAOYSA-N,1-(methoxymethoxy)-2-methylpropane,C6H14O2,10.1016/j.jct.2017.08.006,2017,"Boiling temperature at pressure P, K",Liquid,"[""Liquid"",""Gas""]",Ebulliometric method (Recirculating still),342.75,"{""nPropNumber"":1,""nPropDigits"":5,""CombinedUncertainty"":{""nCombExpandUncertValue"":0.11,""nCombUncertAssessNum"":1},""nPropValue"":342.75}",variable,"{""nVarNumber"":1,""nVarDigits"":4,""nVarValue"":26.67}",342.75,True,,26670.0,True,False,False
10.1016/j.jct.2017.08.006#d9#p1#r6,10.1016/j.jct.2017.08.006#d9#p1,10.1016/j.jct.2017.08.006.json,9,1,6,"InChI=1S/C6H14O2/c1-6(2)4-8-5-7-3/h6H,4-5H2,1-3H3",FFXUOVPOFHKUKL-UHFFFAOYSA-N,1-(methoxymethoxy)-2-methylpropane,C6H14O2,10.1016/j.jct.2017.08.006,2017,"Boiling temperature at pressure P, K",Liquid,"[""Liquid"",""Gas""]",Ebulliometric method (Recirculating still),353.72,"{""nPropNumber"":1,""nPropDigits"":5,""nPropValue"":353.72,""CombinedUncertainty"":{""nCombExpandUncertValue"":0.11,""nCombUncertAssessNum"":1}}",variable,"{""nVarNumber"":1,""nVarDigits"":4,""nVarValue"":40.02}",353.72,True,,40020.0,True,False,False
10.1016/j.jct.2017.08.006#d9#p1#r7,10.1016/j.jct.2017.08.006#d9#p1,10.1016/j.jct.2017.08.006.json,9,1,7,"InChI=1S/C6H14O2/c1-6(2)4-8-5-7-3/h6H,4-5H2,1-3H3",FFXUOVPOFHKUKL-UHFFFAOYSA-N,1-(methoxymethoxy)-2-methylpropane,C6H14O2,10.1016/j.jct.2017.08.006,2017,"Boiling temperature at pressure P, K",Liquid,"[""Liquid"",""Gas""]",Ebulliometric method (Recirculating still),362.34,"{""CombinedUncertainty"":{""nCombUncertAssessNum"":1,""nCombExpandUncertValue"":0.11},""nPropValue"":362.34,""nPropNumber"":1,""nPropDigits"":5}",variable,"{""nVarDigits"":4,""nVarNumber"":1,""nVarValue"":53.72}",362.34,True,,53720.0,True,False,False
10.1016/j.jct.2017.08.006#d9#p1#r8,10.1016/j.jct.2017.08.006#d9#p1,10.1016/j.jct.2017.08.006.json,9,1,8,"InChI=1S/C6H14O2/c1-6(2)4-8-5-7-3/h6H,4-5H2,1-3H3",FFXUOVPOFHKUKL-UHFFFAOYSA-N,1-(methoxymethoxy)-2-methylpropane,C6H14O2,10.1016/j.jct.2017.08.006,2017,"Boiling temperature at pressure P, K",Liquid,"[""Liquid"",""Gas""]",Ebulliometric method (Recirculating still),368.3,"{""CombinedUncertainty"":{""nCombUncertAssessNum"":1,""nCombExpandUncertValue"":0.1},""nPropValue"":368.3,""nPropNumber"":1,""nPropDigits"":5}",variable,"{""nVarValue"":65.01,""nVarDigits"":4,""nVarNumber"":1}",368.3,True,,65010.00000000001,True,False,False
10.1016/j.jct.2017.08.006#d9#p1#r9,10.1016/j.jct.2017.08.006#d9#p1,10.1016/j.jct.2017.08.006.json,9,1,9,"InChI=1S/C6H14O2/c1-6(2)4-8-5-7-3/h6H,4-5H2,1-3H3",FFXUOVPOFHKUKL-UHFFFAOYSA-N,1-(methoxymethoxy)-2-methylpropane,C6H14O2,10.1016/j.jct.2017.08.006,2017,"Boiling temperature at pressure P, K",Liquid,"[""Liquid"",""Gas""]",Ebulliometric method (Recirculating still),374.66,"{""nPropDigits"":5,""nPropNumber"":1,""CombinedUncertainty"":{""nCombExpandUncertValue"":0.1,""nCombUncertAssessNum"":1},""nPropValue"":374.66}",variable,"{""nVarValue"":79.21,""nVarDigits"":4,""nVarNumber"":1}",374.66,True,,79210.0,True,False,False
10.1016/j.jct.2017.08.006#d9#p1#r10,10.1016/j.jct.2017.08.006#d9#p1,10.1016/j.jct.2017.08.006.json,9,1,10,"InChI=1S/C6H14O2/c1-6(2)4-8-5-7-3/h6H,4-5H2,1-3H3",FFXUOVPOFHKUKL-UHFFFAOYSA-N,1-(methoxymethoxy)-2-methylpropane,C6H14O2,10.1016/j.jct.2017.08.006,2017,"Boiling temperature at pressure P, K",Liquid,"[""Liquid"",""Gas""]",Ebulliometric method (Recirculating still),379.01,"{""CombinedUncertainty"":{""nCombUncertAssessNum"":1,""nCombExpandUncertValue"":0.1},""nPropValue"":379.01,""nPropDigits"":5,""nPropNumber"":1}",variable,"{""nVarDigits"":4,""nVarNumber"":1,""nVarValue"":90}",379.01,True,,90000,True,False,False
10.1016/j.jct.2017.08.006#d9#p1#r11,10.1016/j.jct.2017.08.006#d9#p1,10.1016/j.jct.2017.08.006.json,9,1,11,"InChI=1S/C6H14O2/c1-6(2)4-8-5-7-3/h6H,4-5H2,1-3H3",FFXUOVPOFHKUKL-UHFFFAOYSA-N,1-(methoxymethoxy)-2-methylpropane,C6H14O2,10.1016/j.jct.2017.08.006,2017,"Boiling temperature at pressure P, K",Liquid,"[""Liquid"",""Gas""]",Ebulliometric method (Recirculating still),383.13,"{""nPropValue"":383.13,""CombinedUncertainty"":{""nCombExpandUncertValue"":0.1,""nCombUncertAssessNum"":1},""nPropDigits"":5,""nPropNumber"":1}",variable,"{""nVarNumber"":1,""nVarDigits"":5,""nVarValue"":101.33}",383.13,True,,101330.0,True,False,False
10.1016/j.jct.2017.08.006#d9#p1#r12,10.1016/j.jct.2017.08.006#d9#p1,10.1016/j.jct.2017.08.006.json,9,1,12,"InChI=1S/C6H14O2/c1-6(2)4-8-5-7-3/h6H,4-5H2,1-3H3",FFXUOVPOFHKUKL-UHFFFAOYSA-N,1-(methoxymethoxy)-2-methylpropane,C6H14O2,10.1016/j.jct.2017.08.006,2017,"Boiling temperature at pressure P, K",Liquid,"[""Liquid"",""Gas""]",Ebulliometric method (Recirculating still),388.18,"{""nPropNumber"":1,""nPropDigits"":5,""nPropValue"":388.18,""CombinedUncertainty"":{""nCombUncertAssessNum"":1,""nCombExpandUncertValue"":0.1}}",variable,"{""nVarValue"":116.34,""nVarDigits"":5,""nVarNumber"":1}",388.18,True,,116340.0,True,False,False
10.1016/j.jct.2017.08.006#d9#p1#r13,10.1016/j.jct.2017.08.006#d9#p1,10.1016/j.jct.2017.08.006.json,9,1,13,"InChI=1S/C6H14O2/c1-6(2)4-8-5-7-3/h6H,4-5H2,1-3H3",FFXUOVPOFHKUKL-UHFFFAOYSA-N,1-(methoxymethoxy)-2-methylpropane,C6H14O2,10.1016/j.jct.2017.08.006,2017,"Boiling temperature at pressure P, K",Liquid,"[""Liquid"",""Gas""]",Ebulliometric method (Recirculating still),389.36,"{""CombinedUncertainty"":{""nCombExpandUncertValue"":0.1,""nCombUncertAssessNum"":1},""nPropValue"":389.36,""nPropNumber"":1,""nPropDigits"":5}",variable,"{""nVarValue"":120,""nVarDigits"":5,""nVarNumber"":1}",389.36,True,,120000,True,False,False
10.1016/j.jct.2017.08.006#d9#p1#r14,10.1016/j.jct.2017.08.006#d9#p1,10.1016/j.jct.2017.08.006.json,9,1,14,"InChI=1S/C6H14O2/c1-6(2)4-8-5-7-3/h6H,4-5H2,1-3H3",FFXUOVPOFHKUKL-UHFFFAOYSA-N,1-(methoxymethoxy)-2-methylpropane,C6H14O2,10.1016/j.jct.2017.08.006,2017,"Boiling temperature at pressure P, K",Liquid,"[""Liquid"",""Gas""]",Ebulliometric method (Recirculating still),390.87,"{""nPropValue"":390.87,""CombinedUncertainty"":{""nCombExpandUncertValue"":0.1,""nCombUncertAssessNum"":1},""nPropDigits"":5,""nPropNumber"":1}",variable,"{""nVarDigits"":5,""nVarNumber"":1,""nVarValue"":125.01}",390.87,True,,125010.0,True,False,False
10.1016/j.jct.2017.08.006#d9#p1#r15,10.1016/j.jct.2017.08.006#d9#p1,10.1016/j.jct.2017.08.006.json,9,1,15,"InChI=1S/C6H14O2/c1-6(2)4-8-5-7-3/h6H,4-5H2,1-3H3",FFXUOVPOFHKUKL-UHFFFAOYSA-N,1-(methoxymethoxy)-2-methylpropane,C6H14O2,10.1016/j.jct.2017.08.006,2017,"Boiling temperature at pressure P, K",Liquid,"[""Liquid"",""Gas""]",Ebulliometric method (Recirculating still),392.42,"{""nPropNumber"":1,""nPropDigits"":5,""nPropValue"":392.42,""CombinedUncertainty"":{""nCombExpandUncertValue"":0.1,""nCombUncertAssessNum"":1}}",variable,"{""nVarNumber"":1,""nVarDigits"":5,""nVarValue"":130}",392.42,True,,130000,True,False,False
10.1016/j.jct.2017.11.009#d1#p1#r1,10.1016/j.jct.2017.11.009#d1#p1,10.1016/j.jct.2017.11.009.json,1,1,1,"InChI=1S/C3H6O/c1-2-3-4/h2,4H,1,3H2",XXROGKLTLUQVRX-UHFFFAOYSA-N,2-propenol,C3H6O,10.1016/j.jct.2017.11.009,2018,"Boiling temperature at pressure P, K",Liquid,"[""Liquid"",""Gas""]",Ebulliometric method (Recirculating still),369.95,"{""nPropDigits"":5,""nPropNumber"":1,""nPropValue"":369.95,""CombinedUncertainty"":{""nCombExpandUncertValue"":0.4,""nCombUncertAssessNum"":1}}",variable,"{""nVarDigits"":4,""nVarNumber"":1,""nVarValue"":101.3}",369.95,True,,101300.0,True,False,False
10.1016/j.jct.2017.11.009#d2#p1#r1,10.1016/j.jct.2017.11.009#d2#p1,10.1016/j.jct.2017.11.009.json,2,1,1,"InChI=1S/C5H9NO/c1-6-4-2-3-5(6)7/h2-4H2,1H3",SECXISVLQFMRJM-UHFFFAOYSA-N,N-methylpyrrolidone,C5H9NO,10.1016/j.jct.2017.11.009,2018,"Boiling temperature at pressure P, K",Liquid,"[""Liquid"",""Gas""]",Ebulliometric method (Recirculating still),475.44,"{""nPropValue"":475.44,""CombinedUncertainty"":{""nCombExpandUncertValue"":0.4,""nCombUncertAssessNum"":1},""nPropDigits"":5,""nPropNumber"":1}",variable,"{""nVarValue"":101.3,""nVarDigits"":4,""nVarNumber"":1}",475.44,True,,101300.0,True,False,False
10.1016/j.jct.2017.11.009#d3#p1#r1,10.1016/j.jct.2017.11.009#d3#p1,10.1016/j.jct.2017.11.009.json,3,1,1,"InChI=1S/C2H5NO/c1-3-2-4/h2H,1H3,(H,3,4)",ATHHXGZTWNVVOU-UHFFFAOYSA-N,N-methylformamide,C2H5NO,10.1016/j.jct.2017.11.009,2018,"Boiling temperature at pressure P, K",Liquid,"[""Liquid"",""Gas""]",Ebulliometric method (Recirculating still),472.25,"{""nPropDigits"":5,""nPropNumber"":1,""nPropValue"":472.25,""CombinedUncertainty"":{""nCombExpandUncertValue"":0.4,""nCombUncertAssessNum"":1}}",variable,"{""nVarValue"":101.3,""nVarNumber"":1,""nVarDigits"":4}",472.25,True,,101300.0,True,False,False
10.1016/j.jct.2017.11.009#d4#p1#r1,10.1016/j.jct.2017.11.009#d4#p1,10.1016/j.jct.2017.11.009.json,4,1,1,"InChI=1S/C2H6O2/c3-1-2-4/h3-4H,1-2H2",LYCAIKOWRPUZTN-UHFFFAOYSA-N,"1,2-ethanediol",C2H6O2,10.1016/j.jct.2017.11.009,2018,"Boiling temperature at pressure P, K",Liquid,"[""Liquid"",""Gas""]",Ebulliometric method (Recirculating still),470.32,"{""CombinedUncertainty"":{""nCombExpandUncertValue"":0.4,""nCombUncertAssessNum"":1},""nPropValue"":470.32,""nPropNumber"":1,""nPropDigits"":5}",variable,"{""nVarDigits"":4,""nVarNumber"":1,""nVarValue"":101.3}",470.32,True,,101300.0,True,False,False
10.1016/j.jct.2018.07.020#d4#p1#r1,10.1016/j.jct.2018.07.020#d4#p1,10.1016/j.jct.2018.07.020.json,4,1,1,"InChI=1S/C5H8N2/c1-2-7-5-3-4-6-7/h3-5H,2H2,1H3",FLNMQGISZVYIIK-UHFFFAOYSA-N,1-ethylpyrazole,C5H8N2,10.1016/j.jct.2018.07.020,2019,"Boiling temperature at pressure P, K",Liquid,"[""Liquid"",""Gas""]",Distillation,333,"{""CombinedUncertainty"":{""nCombExpandUncertValue"":4,""nCombUncertAssessNum"":1},""nPropValue"":333,""nPropDigits"":3,""nPropNumber"":1}",variable,"{""nVarNumber"":1,""nVarDigits"":2,""nVarValue"":7.2}",333,True,,7200.0,False,True,False
10.1016/j.jct.2018.07.020#d15#p1#r1,10.1016/j.jct.2018.07.020#d15#p1,10.1016/j.jct.2018.07.020.json,15,1,1,"InChI=1S/C10H10N2/c1-2-5-10(6-3-1)9-12-8-4-7-11-12/h1-8H,9H2",AKQAJYLKBCWJBV-UHFFFAOYSA-N,1-benzylpyrazole,C10H10N2,10.1016/j.jct.2018.07.020,2019,"Boiling temperature at pressure P, K",Liquid,"[""Liquid"",""Gas""]",Distillation,382,"{""nPropNumber"":1,""nPropDigits"":3,""nPropValue"":382,""CombinedUncertainty"":{""nCombUncertAssessNum"":1,""nCombExpandUncertValue"":5}}",variable,"{""nVarDigits"":1,""nVarNumber"":1,""nVarValue"":0.6}",382,True,,600.0,False,True,False
10.1016/j.jct.2018.09.029#d1#p1#r1,10.1016/j.jct.2018.09.029#d1#p1,10.1016/j.jct.2018.09.029.json,1,1,1,InChI=1S/H2O/h1H2,XLYOFNOQVPJJNP-UHFFFAOYSA-N,water,H2O,10.1016/j.jct.2018.09.029,2019,"Boiling temperature at pressure P, K",Liquid,"[""Liquid"",""Gas""]",Ebulliometric method (Recirculating still),367.56,"{""CombinedUncertainty"":{""nCombExpandUncertValue"":0.63,""nCombUncertAssessNum"":1},""nPropValue"":367.56,""nPropDigits"":5,""nPropNumber"":1}",variable,"{""nVarValue"":82.6,""nVarNumber"":1,""nVarDigits"":3}",367.56,True,no_carbon,82600.0,True,False,False
10.1016/j.jct.2018.11.013#d1#p1#r1,10.1016/j.jct.2018.11.013#d1#p1,10.1016/j.jct.2018.11.013.json,1,1,1,"InChI=1S/C4H10O2/c1-2-6-4-3-5/h5H,2-4H2,1H3",ZNQVEEAIQZEUHB-UHFFFAOYSA-N,2-ethoxyethan-1-ol,C4H10O2,10.1016/j.jct.2018.11.013,2019,"Boiling temperature at pressure P, K",Liquid,"[""Liquid"",""Gas""]",Ebulliometric method (Recirculating still),408.19,"{""nPropNumber"":1,""nPropDigits"":5,""nPropValue"":408.19,""CombinedUncertainty"":{""nCombUncertAssessNum"":1,""nCombExpandUncertValue"":0.71}}",variable,"{""nVarNumber"":1,""nVarDigits"":4,""nVarValue"":101.3}",408.19,True,,101300.0,True,False,False
10.1016/j.jct.2018.11.013#d2#p1#r1,10.1016/j.jct.2018.11.013#d2#p1,10.1016/j.jct.2018.11.013.json,2,1,1,"InChI=1S/C6H12O2/c1-3-4-5-8-6(2)7/h3-5H2,1-2H3",DKPFZGUDAPQIHT-UHFFFAOYSA-N,butyl ethanoate,C6H12O2,10.1016/j.jct.2018.11.013,2019,"Boiling temperature at pressure P, K",Liquid,"[""Liquid"",""Gas""]",Ebulliometric method (Recirculating still),399.26,"{""CombinedUncertainty"":{""nCombUncertAssessNum"":1,""nCombExpandUncertValue"":0.71},""nPropValue"":399.26,""nPropDigits"":5,""nPropNumber"":1}",variable,"{""nVarNumber"":1,""nVarDigits"":4,""nVarValue"":101.3}",399.26,True,,101300.0,True,False,False
10.1016/j.jct.2018.11.013#d3#p1#r1,10.1016/j.jct.2018.11.013#d3#p1,10.1016/j.jct.2018.11.013.json,3,1,1,"InChI=1S/C3H8O/c1-3(2)4/h3-4H,1-2H3",KFZMGEQAYNKOFK-UHFFFAOYSA-N,propan-2-ol,C3H8O,10.1016/j.jct.2018.11.013,2019,"Boiling temperature at pressure P, K",Liquid,"[""Liquid"",""Gas""]",Ebulliometric method (Recirculating still),355.27,"{""nPropDigits"":5,""nPropNumber"":1,""nPropValue"":355.27,""CombinedUncertainty"":{""nCombUncertAssessNum"":1,""nCombExpandUncertValue"":0.71}}",variable,"{""nVarValue"":101.3,""nVarDigits"":4,""nVarNumber"":1}",355.27,True,,101300.0,True,False,False
10.1016/j.jct.2018.11.013#d4#p1#r1,10.1016/j.jct.2018.11.013#d4#p1,10.1016/j.jct.2018.11.013.json,4,1,1,"InChI=1S/C6H14O/c1-5(2)7-6(3)4/h5-6H,1-4H3",ZAFNJMIOTHYJRJ-UHFFFAOYSA-N,diisopropyl ether,C6H14O,10.1016/j.jct.2018.11.013,2019,"Boiling temperature at pressure P, K",Liquid,"[""Liquid"",""Gas""]",Ebulliometric method (Recirculating still),341.77,"{""nPropValue"":341.77,""CombinedUncertainty"":{""nCombExpandUncertValue"":0.71,""nCombUncertAssessNum"":1},""nPropDigits"":5,""nPropNumber"":1}",variable,"{""nVarValue"":101.3,""nVarDigits"":4,""nVarNumber"":1}",341.77,True,,101300.0,True,False,False
10.1016/j.jct.2019.03.008#d2#p1#r1,10.1016/j.jct.2019.03.008#d2#p1,10.1016/j.jct.2019.03.008.json,2,1,1,"InChI=1S/C12H18O2/c1-2-3-4-5-6-10-7-8-11(13)9-12(10)14/h7-9,13-14H,2-6H2,1H3",WFJIVOKAWHGMBH-UHFFFAOYSA-N,"1,3-dihydroxy-4-hexylbenzene",C12H18O2,10.1016/j.jct.2019.03.008,2019,"Boiling temperature at pressure P, K",Liquid,"[""Liquid"",""Gas""]",DSC,474.1,"{""nPropNumber"":1,""nPropDigits"":4,""nPropValue"":474.1,""CombinedUncertainty"":{""nCombExpandUncertValue"":1.6,""nCombUncertAssessNum"":1}}",variable,"{""nVarDigits"":3,""nVarNumber"":1,""nVarValue"":1.95}",474.1,True,,1950.0,False,True,False
10.1016/j.jct.2019.03.008#d2#p1#r2,10.1016/j.jct.2019.03.008#d2#p1,10.1016/j.jct.2019.03.008.json,2,1,2,"InChI=1S/C12H18O2/c1-2-3-4-5-6-10-7-8-11(13)9-12(10)14/h7-9,13-14H,2-6H2,1H3",WFJIVOKAWHGMBH-UHFFFAOYSA-N,"1,3-dihydroxy-4-hexylbenzene",C12H18O2,10.1016/j.jct.2019.03.008,2019,"Boiling temperature at pressure P, K",Liquid,"[""Liquid"",""Gas""]",DSC,484.1,"{""nPropValue"":484.1,""CombinedUncertainty"":{""nCombUncertAssessNum"":1,""nCombExpandUncertValue"":2.2},""nPropDigits"":4,""nPropNumber"":1}",variable,"{""nVarNumber"":1,""nVarDigits"":3,""nVarValue"":2.95}",484.1,True,,2950.0,False,True,False
10.1016/j.jct.2019.03.008#d2#p1#r3,10.1016/j.jct.2019.03.008#d2#p1,10.1016/j.jct.2019.03.008.json,2,1,3,"InChI=1S/C12H18O2/c1-2-3-4-5-6-10-7-8-11(13)9-12(10)14/h7-9,13-14H,2-6H2,1H3",WFJIVOKAWHGMBH-UHFFFAOYSA-N,"1,3-dihydroxy-4-hexylbenzene",C12H18O2,10.1016/j.jct.2019.03.008,2019,"Boiling temperature at pressure P, K",Liquid,"[""Liquid"",""Gas""]",DSC,491.8,"{""CombinedUncertainty"":{""nCombUncertAssessNum"":1,""nCombExpandUncertValue"":1.9},""nPropValue"":491.8,""nPropDigits"":4,""nPropNumber"":1}",variable,"{""nVarDigits"":3,""nVarNumber"":1,""nVarValue"":3.87}",491.8,True,,3870.0,False,True,False
10.1016/j.jct.2019.03.008#d2#p1#r4,10.1016/j.jct.2019.03.008#d2#p1,10.1016/j.jct.2019.03.008.json,2,1,4,"InChI=1S/C12H18O2/c1-2-3-4-5-6-10-7-8-11(13)9-12(10)14/h7-9,13-14H,2-6H2,1H3",WFJIVOKAWHGMBH-UHFFFAOYSA-N,"1,3-dihydroxy-4-hexylbenzene",C12H18O2,10.1016/j.jct.2019.03.008,2019,"Boiling temperature at pressure P, K",Liquid,"[""Liquid"",""Gas""]",DSC,500.2,"{""CombinedUncertainty"":{""nCombExpandUncertValue"":2,""nCombUncertAssessNum"":1},""nPropValue"":500.2,""nPropNumber"":1,""nPropDigits"":4}",variable,"{""nVarValue"":5.42,""nVarNumber"":1,""nVarDigits"":3}",500.2,True,,5420.0,False,False,False
10.1016/j.jct.2019.03.008#d2#p1#r5,10.1016/j.jct.2019.03.008#d2#p1,10.1016/j.jct.2019.03.008.json,2,1,5,"InChI=1S/C12H18O2/c1-2-3-4-5-6-10-7-8-11(13)9-12(10)14/h7-9,13-14H,2-6H2,1H3",WFJIVOKAWHGMBH-UHFFFAOYSA-N,"1,3-dihydroxy-4-hexylbenzene",C12H18O2,10.1016/j.jct.2019.03.008,2019,"Boiling temperature at pressure P, K",Liquid,"[""Liquid"",""Gas""]",DSC,511,"{""nPropNumber"":1,""nPropDigits"":4,""nPropValue"":511,""CombinedUncertainty"":{""nCombUncertAssessNum"":1,""nCombExpandUncertValue"":2.4}}",variable,"{""nVarDigits"":3,""nVarNumber"":1,""nVarValue"":7.89}",511,True,,7890.0,False,False,False
10.1016/j.jct.2019.03.008#d2#p1#r6,10.1016/j.jct.2019.03.008#d2#p1,10.1016/j.jct.2019.03.008.json,2,1,6,"InChI=1S/C12H18O2/c1-2-3-4-5-6-10-7-8-11(13)9-12(10)14/h7-9,13-14H,2-6H2,1H3",WFJIVOKAWHGMBH-UHFFFAOYSA-N,"1,3-dihydroxy-4-hexylbenzene",C12H18O2,10.1016/j.jct.2019.03.008,2019,"Boiling temperature at pressure P, K",Liquid,"[""Liquid"",""Gas""]",DSC,517.8,"{""nPropValue"":517.8,""CombinedUncertainty"":{""nCombExpandUncertValue"":2.6,""nCombUncertAssessNum"":1},""nPropDigits"":4,""nPropNumber"":1}",variable,"{""nVarValue"":9.9,""nVarNumber"":1,""nVarDigits"":3}",517.8,True,,9900.0,False,False,False
10.1016/j.jct.2019.03.008#d2#p1#r7,10.1016/j.jct.2019.03.008#d2#p1,10.1016/j.jct.2019.03.008.json,2,1,7,"InChI=1S/C12H18O2/c1-2-3-4-5-6-10-7-8-11(13)9-12(10)14/h7-9,13-14H,2-6H2,1H3",WFJIVOKAWHGMBH-UHFFFAOYSA-N,"1,3-dihydroxy-4-hexylbenzene",C12H18O2,10.1016/j.jct.2019.03.008,2019,"Boiling temperature at pressure P, K",Liquid,"[""Liquid"",""Gas""]",DSC,540,"{""nPropDigits"":4,""nPropNumber"":1,""nPropValue"":540,""CombinedUncertainty"":{""nCombExpandUncertValue"":2.8,""nCombUncertAssessNum"":1}}",variable,"{""nVarNumber"":1,""nVarDigits"":4,""nVarValue"":19.83}",540,True,,19830.0,False,False,False
10.1016/j.jct.2019.03.008#d2#p1#r8,10.1016/j.jct.2019.03.008#d2#p1,10.1016/j.jct.2019.03.008.json,2,1,8,"InChI=1S/C12H18O2/c1-2-3-4-5-6-10-7-8-11(13)9-12(10)14/h7-9,13-14H,2-6H2,1H3",WFJIVOKAWHGMBH-UHFFFAOYSA-N,"1,3-dihydroxy-4-hexylbenzene",C12H18O2,10.1016/j.jct.2019.03.008,2019,"Boiling temperature at pressure P, K",Liquid,"[""Liquid"",""Gas""]",DSC,554.5,"{""nPropNumber"":1,""nPropDigits"":4,""CombinedUncertainty"":{""nCombExpandUncertValue"":2.6,""nCombUncertAssessNum"":1},""nPropValue"":554.5}",variable,"{""nVarNumber"":1,""nVarDigits"":4,""nVarValue"":29.78}",554.5,True,,29780.0,False,False,False
10.1016/j.jct.2019.03.008#d2#p1#r9,10.1016/j.jct.2019.03.008#d2#p1,10.1016/j.jct.2019.03.008.json,2,1,9,"InChI=1S/C12H18O2/c1-2-3-4-5-6-10-7-8-11(13)9-12(10)14/h7-9,13-14H,2-6H2,1H3",WFJIVOKAWHGMBH-UHFFFAOYSA-N,"1,3-dihydroxy-4-hexylbenzene",C12H18O2,10.1016/j.jct.2019.03.008,2019,"Boiling temperature at pressure P, K",Liquid,"[""Liquid"",""Gas""]",DSC,574.4,"{""nPropNumber"":1,""nPropDigits"":4,""CombinedUncertainty"":{""nCombUncertAssessNum"":1,""nCombExpandUncertValue"":3.3},""nPropValue"":574.4}",variable,"{""nVarValue"":49.68,""nVarDigits"":4,""nVarNumber"":1}",574.4,True,,49680.0,False,False,False
10.1016/j.jct.2019.03.008#d2#p1#r10,10.1016/j.jct.2019.03.008#d2#p1,10.1016/j.jct.2019.03.008.json,2,1,10,"InChI=1S/C12H18O2/c1-2-3-4-5-6-10-7-8-11(13)9-12(10)14/h7-9,13-14H,2-6H2,1H3",WFJIVOKAWHGMBH-UHFFFAOYSA-N,"1,3-dihydroxy-4-hexylbenzene",C12H18O2,10.1016/j.jct.2019.03.008,2019,"Boiling temperature at pressure P, K",Liquid,"[""Liquid"",""Gas""]",DSC,588.1,"{""nPropValue"":588.1,""CombinedUncertainty"":{""nCombExpandUncertValue"":3.6,""nCombUncertAssessNum"":1},""nPropNumber"":1,""nPropDigits"":4}",variable,"{""nVarDigits"":4,""nVarNumber"":1,""nVarValue"":69.58}",588.1,True,,69580.0,False,False,False
10.1016/j.jct.2019.03.008#d2#p1#r11,10.1016/j.jct.2019.03.008#d2#p1,10.1016/j.jct.2019.03.008.json,2,1,11,"InChI=1S/C12H18O2/c1-2-3-4-5-6-10-7-8-11(13)9-12(10)14/h7-9,13-14H,2-6H2,1H3",WFJIVOKAWHGMBH-UHFFFAOYSA-N,"1,3-dihydroxy-4-hexylbenzene",C12H18O2,10.1016/j.jct.2019.03.008,2019,"Boiling temperature at pressure P, K",Liquid,"[""Liquid"",""Gas""]",DSC,594.5,"{""nPropValue"":594.5,""CombinedUncertainty"":{""nCombExpandUncertValue"":3.4,""nCombUncertAssessNum"":1},""nPropDigits"":4,""nPropNumber"":1}",variable,"{""nVarNumber"":1,""nVarDigits"":4,""nVarValue"":79.52}",594.5,True,,79520.0,False,False,False
10.1016/j.jct.2019.03.008#d2#p1#r12,10.1016/j.jct.2019.03.008#d2#p1,10.1016/j.jct.2019.03.008.json,2,1,12,"InChI=1S/C12H18O2/c1-2-3-4-5-6-10-7-8-11(13)9-12(10)14/h7-9,13-14H,2-6H2,1H3",WFJIVOKAWHGMBH-UHFFFAOYSA-N,"1,3-dihydroxy-4-hexylbenzene",C12H18O2,10.1016/j.jct.2019.03.008,2019,"Boiling temperature at pressure P, K",Liquid,"[""Liquid"",""Gas""]",DSC,605.5,"{""nPropValue"":605.5,""CombinedUncertainty"":{""nCombExpandUncertValue"":4,""nCombUncertAssessNum"":1},""nPropNumber"":1,""nPropDigits"":4}",variable,"{""nVarValue"":100.93,""nVarNumber"":1,""nVarDigits"":5}",605.5,True,,100930.0,False,False,False
10.1016/j.jct.2019.03.008#d2#p1#r13,10.1016/j.jct.2019.03.008#d2#p1,10.1016/j.jct.2019.03.008.json,2,1,13,"InChI=1S/C12H18O2/c1-2-3-4-5-6-10-7-8-11(13)9-12(10)14/h7-9,13-14H,2-6H2,1H3",WFJIVOKAWHGMBH-UHFFFAOYSA-N,"1,3-dihydroxy-4-hexylbenzene",C12H18O2,10.1016/j.jct.2019.03.008,2019,"Boiling temperature at pressure P, K",Liquid,"[""Liquid"",""Gas""]",DSC,637.5,"{""CombinedUncertainty"":{""nCombUncertAssessNum"":1,""nCombExpandUncertValue"":5},""nPropValue"":637.5,""nPropDigits"":4,""nPropNumber"":1}",variable,"{""nVarNumber"":1,""nVarDigits"":5,""nVarValue"":198.33}",637.5,True,,198330.0,False,False,False
10.1016/j.jct.2019.03.008#d2#p1#r14,10.1016/j.jct.2019.03.008#d2#p1,10.1016/j.jct.2019.03.008.json,2,1,14,"InChI=1S/C12H18O2/c1-2-3-4-5-6-10-7-8-11(13)9-12(10)14/h7-9,13-14H,2-6H2,1H3",WFJIVOKAWHGMBH-UHFFFAOYSA-N,"1,3-dihydroxy-4-hexylbenzene",C12H18O2,10.1016/j.jct.2019.03.008,2019,"Boiling temperature at pressure P, K",Liquid,"[""Liquid"",""Gas""]",DSC,644.6,"{""nPropDigits"":4,""nPropNumber"":1,""CombinedUncertainty"":{""nCombExpandUncertValue"":4.5,""nCombUncertAssessNum"":1},""nPropValue"":644.6}",variable,"{""nVarValue"":223.29,""nVarNumber"":1,""nVarDigits"":5}",644.6,True,,223290.0,False,False,False
10.1016/j.jct.2019.03.008#d2#p1#r15,10.1016/j.jct.2019.03.008#d2#p1,10.1016/j.jct.2019.03.008.json,2,1,15,"InChI=1S/C12H18O2/c1-2-3-4-5-6-10-7-8-11(13)9-12(10)14/h7-9,13-14H,2-6H2,1H3",WFJIVOKAWHGMBH-UHFFFAOYSA-N,"1,3-dihydroxy-4-hexylbenzene",C12H18O2,10.1016/j.jct.2019.03.008,2019,"Boiling temperature at pressure P, K",Liquid,"[""Liquid"",""Gas""]",DSC,651,"{""CombinedUncertainty"":{""nCombExpandUncertValue"":4.6,""nCombUncertAssessNum"":1},""nPropValue"":651,""nPropDigits"":4,""nPropNumber"":1}",variable,"{""nVarDigits"":5,""nVarNumber"":1,""nVarValue"":250.21}",651,True,,250210.0,False,False,False
10.1016/j.jct.2019.03.008#d4#p1#r1,10.1016/j.jct.2019.03.008#d4#p1,10.1016/j.jct.2019.03.008.json,4,1,1,"InChI=1S/C8H10O2/c1-2-6-3-4-7(9)5-8(6)10/h3-5,9-10H,2H2,1H3",VGMJYYDKPUPTID-UHFFFAOYSA-N,4-ethylresorcinol,C8H10O2,10.1016/j.jct.2019.03.008,2019,"Boiling temperature at pressure P, K",Liquid,"[""Liquid"",""Gas""]",DSC,480.5,"{""CombinedUncertainty"":{""nCombExpandUncertValue"":1.6,""nCombUncertAssessNum"":1},""nPropValue"":480.5,""nPropDigits"":4,""nPropNumber"":1}",variable,"{""nVarValue"":9.92,""nVarNumber"":1,""nVarDigits"":3}",480.5,True,,9920.0,False,True,False
10.1016/j.jct.2019.03.008#d4#p1#r2,10.1016/j.jct.2019.03.008#d4#p1,10.1016/j.jct.2019.03.008.json,4,1,2,"InChI=1S/C8H10O2/c1-2-6-3-4-7(9)5-8(6)10/h3-5,9-10H,2H2,1H3",VGMJYYDKPUPTID-UHFFFAOYSA-N,4-ethylresorcinol,C8H10O2,10.1016/j.jct.2019.03.008,2019,"Boiling temperature at pressure P, K",Liquid,"[""Liquid"",""Gas""]",DSC,501.3,"{""nPropValue"":501.3,""CombinedUncertainty"":{""nCombExpandUncertValue"":2.6,""nCombUncertAssessNum"":1},""nPropDigits"":4,""nPropNumber"":1}",variable,"{""nVarValue"":19.87,""nVarDigits"":4,""nVarNumber"":1}",501.3,True,,19870.0,False,False,False
10.1016/j.jct.2019.03.008#d4#p1#r3,10.1016/j.jct.2019.03.008#d4#p1,10.1016/j.jct.2019.03.008.json,4,1,3,"InChI=1S/C8H10O2/c1-2-6-3-4-7(9)5-8(6)10/h3-5,9-10H,2H2,1H3",VGMJYYDKPUPTID-UHFFFAOYSA-N,4-ethylresorcinol,C8H10O2,10.1016/j.jct.2019.03.008,2019,"Boiling temperature at pressure P, K",Liquid,"[""Liquid"",""Gas""]",DSC,514.5,"{""CombinedUncertainty"":{""nCombUncertAssessNum"":1,""nCombExpandUncertValue"":2.4},""nPropValue"":514.5,""nPropNumber"":1,""nPropDigits"":4}",variable,"{""nVarValue"":29.79,""nVarNumber"":1,""nVarDigits"":4}",514.5,True,,29790.0,False,False,False
10.1016/j.jct.2019.03.008#d4#p1#r4,10.1016/j.jct.2019.03.008#d4#p1,10.1016/j.jct.2019.03.008.json,4,1,4,"InChI=1S/C8H10O2/c1-2-6-3-4-7(9)5-8(6)10/h3-5,9-10H,2H2,1H3",VGMJYYDKPUPTID-UHFFFAOYSA-N,4-ethylresorcinol,C8H10O2,10.1016/j.jct.2019.03.008,2019,"Boiling temperature at pressure P, K",Liquid,"[""Liquid"",""Gas""]",DSC,532.7,"{""nPropNumber"":1,""nPropDigits"":4,""CombinedUncertainty"":{""nCombExpandUncertValue"":3,""nCombUncertAssessNum"":1},""nPropValue"":532.7}",variable,"{""nVarDigits"":4,""nVarNumber"":1,""nVarValue"":49.73}",532.7,True,,49730.0,False,False,False
10.1016/j.jct.2019.03.008#d4#p1#r5,10.1016/j.jct.2019.03.008#d4#p1,10.1016/j.jct.2019.03.008.json,4,1,5,"InChI=1S/C8H10O2/c1-2-6-3-4-7(9)5-8(6)10/h3-5,9-10H,2H2,1H3",VGMJYYDKPUPTID-UHFFFAOYSA-N,4-ethylresorcinol,C8H10O2,10.1016/j.jct.2019.03.008,2019,"Boiling temperature at pressure P, K",Liquid,"[""Liquid"",""Gas""]",DSC,545.7,"{""nPropNumber"":1,""nPropDigits"":4,""CombinedUncertainty"":{""nCombExpandUncertValue"":3,""nCombUncertAssessNum"":1},""nPropValue"":545.7}",variable,"{""nVarNumber"":1,""nVarDigits"":4,""nVarValue"":69.64}",545.7,True,,69640.0,False,False,False
10.1016/j.jct.2019.03.008#d4#p1#r6,10.1016/j.jct.2019.03.008#d4#p1,10.1016/j.jct.2019.03.008.json,4,1,6,"InChI=1S/C8H10O2/c1-2-6-3-4-7(9)5-8(6)10/h3-5,9-10H,2H2,1H3",VGMJYYDKPUPTID-UHFFFAOYSA-N,4-ethylresorcinol,C8H10O2,10.1016/j.jct.2019.03.008,2019,"Boiling temperature at pressure P, K",Liquid,"[""Liquid"",""Gas""]",DSC,560.1,"{""nPropValue"":560.1,""CombinedUncertainty"":{""nCombUncertAssessNum"":1,""nCombExpandUncertValue"":2.6},""nPropNumber"":1,""nPropDigits"":4}",variable,"{""nVarDigits"":4,""nVarNumber"":1,""nVarValue"":98.43}",560.1,True,,98430.0,False,False,False
10.1016/j.jct.2019.03.008#d4#p1#r7,10.1016/j.jct.2019.03.008#d4#p1,10.1016/j.jct.2019.03.008.json,4,1,7,"InChI=1S/C8H10O2/c1-2-6-3-4-7(9)5-8(6)10/h3-5,9-10H,2H2,1H3",VGMJYYDKPUPTID-UHFFFAOYSA-N,4-ethylresorcinol,C8H10O2,10.1016/j.jct.2019.03.008,2019,"Boiling temperature at pressure P, K",Liquid,"[""Liquid"",""Gas""]",DSC,591.7,"{""CombinedUncertainty"":{""nCombUncertAssessNum"":1,""nCombExpandUncertValue"":4},""nPropValue"":591.7,""nPropNumber"":1,""nPropDigits"":4}",variable,"{""nVarDigits"":5,""nVarNumber"":1,""nVarValue"":198.31}",591.7,True,,198310.0,False,False,False
10.1016/j.jct.2019.03.008#d4#p1#r8,10.1016/j.jct.2019.03.008#d4#p1,10.1016/j.jct.2019.03.008.json,4,1,8,"InChI=1S/C8H10O2/c1-2-6-3-4-7(9)5-8(6)10/h3-5,9-10H,2H2,1H3",VGMJYYDKPUPTID-UHFFFAOYSA-N,4-ethylresorcinol,C8H10O2,10.1016/j.jct.2019.03.008,2019,"Boiling temperature at pressure P, K",Liquid,"[""Liquid"",""Gas""]",DSC,612.9,"{""nPropNumber"":1,""nPropDigits"":4,""nPropValue"":612.9,""CombinedUncertainty"":{""nCombUncertAssessNum"":1,""nCombExpandUncertValue"":4.3}}",variable,"{""nVarDigits"":5,""nVarNumber"":1,""nVarValue"":299.37}",612.9,True,,299370.0,False,False,False
10.1016/j.jct.2019.03.008#d4#p1#r9,10.1016/j.jct.2019.03.008#d4#p1,10.1016/j.jct.2019.03.008.json,4,1,9,"InChI=1S/C8H10O2/c1-2-6-3-4-7(9)5-8(6)10/h3-5,9-10H,2H2,1H3",VGMJYYDKPUPTID-UHFFFAOYSA-N,4-ethylresorcinol,C8H10O2,10.1016/j.jct.2019.03.008,2019,"Boiling temperature at pressure P, K",Liquid,"[""Liquid"",""Gas""]",DSC,629.4,"{""CombinedUncertainty"":{""nCombExpandUncertValue"":5.1,""nCombUncertAssessNum"":1},""nPropValue"":629.4,""nPropDigits"":4,""nPropNumber"":1}",variable,"{""nVarNumber"":1,""nVarDigits"":5,""nVarValue"":400.09}",629.4,True,,400090.0,False,False,False
10.1016/j.jct.2019.03.008#d5#p1#r1,10.1016/j.jct.2019.03.008#d5#p1,10.1016/j.jct.2019.03.008.json,5,1,1,"InChI=1S/C6H6O2/c7-5-3-1-2-4-6(5)8/h1-4,7-8H",YCIMNLLNPGFGHC-UHFFFAOYSA-N,"1,2-benzenediol",C6H6O2,10.1016/j.jct.2019.03.008,2019,"Boiling temperature at pressure P, K",Liquid,"[""Liquid"",""Gas""]",DSC,412.2,"{""CombinedUncertainty"":{""nCombExpandUncertValue"":1.5,""nCombUncertAssessNum"":1},""nPropValue"":412.2,""nPropNumber"":1,""nPropDigits"":4}",variable,"{""nVarNumber"":1,""nVarDigits"":3,""nVarValue"":2.95}",412.2,True,,2950.0,False,True,False
10.1016/j.jct.2019.03.008#d5#p1#r2,10.1016/j.jct.2019.03.008#d5#p1,10.1016/j.jct.2019.03.008.json,5,1,2,"InChI=1S/C6H6O2/c7-5-3-1-2-4-6(5)8/h1-4,7-8H",YCIMNLLNPGFGHC-UHFFFAOYSA-N,"1,2-benzenediol",C6H6O2,10.1016/j.jct.2019.03.008,2019,"Boiling temperature at pressure P, K",Liquid,"[""Liquid"",""Gas""]",DSC,418.6,"{""CombinedUncertainty"":{""nCombUncertAssessNum"":1,""nCombExpandUncertValue"":1.8},""nPropValue"":418.6,""nPropDigits"":4,""nPropNumber"":1}",variable,"{""nVarNumber"":1,""nVarDigits"":3,""nVarValue"":3.93}",418.6,True,,3930.0,False,True,False
10.1016/j.jct.2019.03.008#d5#p1#r3,10.1016/j.jct.2019.03.008#d5#p1,10.1016/j.jct.2019.03.008.json,5,1,3,"InChI=1S/C6H6O2/c7-5-3-1-2-4-6(5)8/h1-4,7-8H",YCIMNLLNPGFGHC-UHFFFAOYSA-N,"1,2-benzenediol",C6H6O2,10.1016/j.jct.2019.03.008,2019,"Boiling temperature at pressure P, K",Liquid,"[""Liquid"",""Gas""]",DSC,423.8,"{""nPropValue"":423.8,""CombinedUncertainty"":{""nCombExpandUncertValue"":2,""nCombUncertAssessNum"":1},""nPropDigits"":4,""nPropNumber"":1}",variable,"{""nVarDigits"":3,""nVarNumber"":1,""nVarValue"":4.93}",423.8,True,,4930.0,False,True,False
10.1016/j.jct.2019.03.008#d6#p1#r1,10.1016/j.jct.2019.03.008#d6#p1,10.1016/j.jct.2019.03.008.json,6,1,1,"InChI=1S/C6H6O2/c7-5-2-1-3-6(8)4-5/h1-4,7-8H",GHMLBKRAJCXXBS-UHFFFAOYSA-N,"1,3-benzenediol",C6H6O2,10.1016/j.jct.2019.03.008,2019,"Boiling temperature at pressure P, K",Liquid,"[""Liquid"",""Gas""]",DSC,444.7,"{""nPropNumber"":1,""nPropDigits"":4,""CombinedUncertainty"":{""nCombUncertAssessNum"":1,""nCombExpandUncertValue"":1.6},""nPropValue"":444.7}",variable,"{""nVarValue"":2.95,""nVarDigits"":3,""nVarNumber"":1}",444.7,True,,2950.0,False,True,False
10.1016/j.jct.2019.03.008#d6#p1#r2,10.1016/j.jct.2019.03.008#d6#p1,10.1016/j.jct.2019.03.008.json,6,1,2,"InChI=1S/C6H6O2/c7-5-2-1-3-6(8)4-5/h1-4,7-8H",GHMLBKRAJCXXBS-UHFFFAOYSA-N,"1,3-benzenediol",C6H6O2,10.1016/j.jct.2019.03.008,2019,"Boiling temperature at pressure P, K",Liquid,"[""Liquid"",""Gas""]",DSC,451.3,"{""nPropNumber"":1,""nPropDigits"":4,""nPropValue"":451.3,""CombinedUncertainty"":{""nCombUncertAssessNum"":1,""nCombExpandUncertValue"":1.9}}",variable,"{""nVarNumber"":1,""nVarDigits"":3,""nVarValue"":3.93}",451.3,True,,3930.0,False,True,False
10.1016/j.jct.2019.03.008#d6#p1#r3,10.1016/j.jct.2019.03.008#d6#p1,10.1016/j.jct.2019.03.008.json,6,1,3,"InChI=1S/C6H6O2/c7-5-2-1-3-6(8)4-5/h1-4,7-8H",GHMLBKRAJCXXBS-UHFFFAOYSA-N,"1,3-benzenediol",C6H6O2,10.1016/j.jct.2019.03.008,2019,"Boiling temperature at pressure P, K",Liquid,"[""Liquid"",""Gas""]",DSC,456.8,"{""nPropNumber"":1,""nPropDigits"":4,""nPropValue"":456.8,""CombinedUncertainty"":{""nCombExpandUncertValue"":2.1,""nCombUncertAssessNum"":1}}",variable,"{""nVarNumber"":1,""nVarDigits"":3,""nVarValue"":4.93}",456.8,True,,4930.0,False,True,False
10.1016/j.jct.2019.03.008#d8#p1#r1,10.1016/j.jct.2019.03.008#d8#p1,10.1016/j.jct.2019.03.008.json,8,1,1,"InChI=1S/C9H12O2/c1-2-4-7-8(10)5-3-6-9(7)11/h3,5-6,10-11H,2,4H2,1H3",XDCMHOFEBFTMNL-UHFFFAOYSA-N,2-propylresorcinol,C9H12O2,10.1016/j.jct.2019.03.008,2019,"Boiling temperature at pressure P, K",Liquid,"[""Liquid"",""Gas""]",DSC,470.6,"{""CombinedUncertainty"":{""nCombUncertAssessNum"":1,""nCombExpandUncertValue"":1.6},""nPropValue"":470.6,""nPropDigits"":4,""nPropNumber"":1}",variable,"{""nVarValue"":9.92,""nVarDigits"":3,""nVarNumber"":1}",470.6,True,,9920.0,False,True,False
10.1016/j.jct.2019.03.008#d8#p1#r2,10.1016/j.jct.2019.03.008#d8#p1,10.1016/j.jct.2019.03.008.json,8,1,2,"InChI=1S/C9H12O2/c1-2-4-7-8(10)5-3-6-9(7)11/h3,5-6,10-11H,2,4H2,1H3",XDCMHOFEBFTMNL-UHFFFAOYSA-N,2-propylresorcinol,C9H12O2,10.1016/j.jct.2019.03.008,2019,"Boiling temperature at pressure P, K",Liquid,"[""Liquid"",""Gas""]",DSC,491.4,"{""nPropDigits"":4,""nPropNumber"":1,""CombinedUncertainty"":{""nCombUncertAssessNum"":1,""nCombExpandUncertValue"":2.6},""nPropValue"":491.4}",variable,"{""nVarDigits"":4,""nVarNumber"":1,""nVarValue"":19.83}",491.4,True,,19830.0,False,True,False
10.1016/j.jct.2019.03.008#d8#p1#r3,10.1016/j.jct.2019.03.008#d8#p1,10.1016/j.jct.2019.03.008.json,8,1,3,"InChI=1S/C9H12O2/c1-2-4-7-8(10)5-3-6-9(7)11/h3,5-6,10-11H,2,4H2,1H3",XDCMHOFEBFTMNL-UHFFFAOYSA-N,2-propylresorcinol,C9H12O2,10.1016/j.jct.2019.03.008,2019,"Boiling temperature at pressure P, K",Liquid,"[""Liquid"",""Gas""]",DSC,504.7,"{""nPropValue"":504.7,""CombinedUncertainty"":{""nCombExpandUncertValue"":2.4,""nCombUncertAssessNum"":1},""nPropDigits"":4,""nPropNumber"":1}",variable,"{""nVarValue"":29.79,""nVarDigits"":4,""nVarNumber"":1}",504.7,True,,29790.0,False,False,False
10.1016/j.jct.2019.03.008#d8#p1#r4,10.1016/j.jct.2019.03.008#d8#p1,10.1016/j.jct.2019.03.008.json,8,1,4,"InChI=1S/C9H12O2/c1-2-4-7-8(10)5-3-6-9(7)11/h3,5-6,10-11H,2,4H2,1H3",XDCMHOFEBFTMNL-UHFFFAOYSA-N,2-propylresorcinol,C9H12O2,10.1016/j.jct.2019.03.008,2019,"Boiling temperature at pressure P, K",Liquid,"[""Liquid"",""Gas""]",DSC,523.4,"{""CombinedUncertainty"":{""nCombUncertAssessNum"":1,""nCombExpandUncertValue"":3.1},""nPropValue"":523.4,""nPropDigits"":4,""nPropNumber"":1}",variable,"{""nVarDigits"":4,""nVarNumber"":1,""nVarValue"":49.69}",523.4,True,,49690.0,False,False,False
10.1016/j.jct.2019.03.008#d8#p1#r5,10.1016/j.jct.2019.03.008#d8#p1,10.1016/j.jct.2019.03.008.json,8,1,5,"InChI=1S/C9H12O2/c1-2-4-7-8(10)5-3-6-9(7)11/h3,5-6,10-11H,2,4H2,1H3",XDCMHOFEBFTMNL-UHFFFAOYSA-N,2-propylresorcinol,C9H12O2,10.1016/j.jct.2019.03.008,2019,"Boiling temperature at pressure P, K",Liquid,"[""Liquid"",""Gas""]",DSC,536.4,"{""nPropNumber"":1,""nPropDigits"":4,""nPropValue"":536.4,""CombinedUncertainty"":{""nCombUncertAssessNum"":1,""nCombExpandUncertValue"":3}}",variable,"{""nVarValue"":69.61,""nVarDigits"":4,""nVarNumber"":1}",536.4,True,,69610.0,False,False,False
10.1016/j.jct.2019.03.008#d8#p1#r6,10.1016/j.jct.2019.03.008#d8#p1,10.1016/j.jct.2019.03.008.json,8,1,6,"InChI=1S/C9H12O2/c1-2-4-7-8(10)5-3-6-9(7)11/h3,5-6,10-11H,2,4H2,1H3",XDCMHOFEBFTMNL-UHFFFAOYSA-N,2-propylresorcinol,C9H12O2,10.1016/j.jct.2019.03.008,2019,"Boiling temperature at pressure P, K",Liquid,"[""Liquid"",""Gas""]",DSC,551.1,"{""nPropDigits"":4,""nPropNumber"":1,""CombinedUncertainty"":{""nCombUncertAssessNum"":1,""nCombExpandUncertValue"":2.7},""nPropValue"":551.1}",variable,"{""nVarDigits"":4,""nVarNumber"":1,""nVarValue"":98.91}",551.1,True,,98910.0,False,False,False
10.1016/j.jct.2019.03.008#d8#p1#r7,10.1016/j.jct.2019.03.008#d8#p1,10.1016/j.jct.2019.03.008.json,8,1,7,"InChI=1S/C9H12O2/c1-2-4-7-8(10)5-3-6-9(7)11/h3,5-6,10-11H,2,4H2,1H3",XDCMHOFEBFTMNL-UHFFFAOYSA-N,2-propylresorcinol,C9H12O2,10.1016/j.jct.2019.03.008,2019,"Boiling temperature at pressure P, K",Liquid,"[""Liquid"",""Gas""]",DSC,582.8,"{""nPropNumber"":1,""nPropDigits"":4,""CombinedUncertainty"":{""nCombExpandUncertValue"":4.2,""nCombUncertAssessNum"":1},""nPropValue"":582.8}",variable,"{""nVarValue"":198.31,""nVarDigits"":5,""nVarNumber"":1}",582.8,True,,198310.0,False,False,False
10.1016/j.jct.2019.03.008#d8#p1#r8,10.1016/j.jct.2019.03.008#d8#p1,10.1016/j.jct.2019.03.008.json,8,1,8,"InChI=1S/C9H12O2/c1-2-4-7-8(10)5-3-6-9(7)11/h3,5-6,10-11H,2,4H2,1H3",XDCMHOFEBFTMNL-UHFFFAOYSA-N,2-propylresorcinol,C9H12O2,10.1016/j.jct.2019.03.008,2019,"Boiling temperature at pressure P, K",Liquid,"[""Liquid"",""Gas""]",DSC,605.4,"{""nPropNumber"":1,""nPropDigits"":4,""CombinedUncertainty"":{""nCombExpandUncertValue"":4.1,""nCombUncertAssessNum"":1},""nPropValue"":605.4}",variable,"{""nVarDigits"":5,""nVarNumber"":1,""nVarValue"":299.37}",605.4,True,,299370.0,False,False,False
10.1016/j.jct.2019.03.008#d8#p1#r9,10.1016/j.jct.2019.03.008#d8#p1,10.1016/j.jct.2019.03.008.json,8,1,9,"InChI=1S/C9H12O2/c1-2-4-7-8(10)5-3-6-9(7)11/h3,5-6,10-11H,2,4H2,1H3",XDCMHOFEBFTMNL-UHFFFAOYSA-N,2-propylresorcinol,C9H12O2,10.1016/j.jct.2019.03.008,2019,"Boiling temperature at pressure P, K",Liquid,"[""Liquid"",""Gas""]",DSC,618.9,"{""CombinedUncertainty"":{""nCombUncertAssessNum"":1,""nCombExpandUncertValue"":4.1},""nPropValue"":618.9,""nPropDigits"":4,""nPropNumber"":1}",variable,"{""nVarValue"":400.46,""nVarDigits"":5,""nVarNumber"":1}",618.9,True,,400460.0,False,False,False
10.1016/j.jct.2019.04.014#d3#p1#r1,10.1016/j.jct.2019.04.014#d3#p1,10.1016/j.jct.2019.04.014.json,3,1,1,InChI=1S/C5H5NO/c7-6-4-2-1-3-5-6/h1-5H,ILVXOBCQQYKLDS-UHFFFAOYSA-N,pyridine N-oxide,C5H5NO,10.1016/j.jct.2019.04.014,2019,"Boiling temperature at pressure P, K",Liquid,"[""Liquid"",""Gas""]",DSC,540.75,"{""nPropDigits"":4,""nPropNumber"":1,""CombinedUncertainty"":{""nCombExpandUncertValue"":29.2,""nCombUncertAssessNum"":1},""nPropValue"":540.75}",variable,"{""nVarValue"":94.4,""nVarDigits"":3,""nVarNumber"":1}",540.75,True,,94400.0,False,False,False
10.1016/j.jct.2019.04.014#d13#p1#r1,10.1016/j.jct.2019.04.014#d13#p1,10.1016/j.jct.2019.04.014.json,13,1,1,"InChI=1S/C6H7NO/c1-6-3-2-4-7(8)5-6/h2-5H,1H3",DMGGLIWGZFZLIY-UHFFFAOYSA-N,3-picoline N-oxide,C6H7NO,10.1016/j.jct.2019.04.014,2019,"Boiling temperature at pressure P, K",Liquid,"[""Liquid"",""Gas""]",DSC,556.95,"{""CombinedUncertainty"":{""nCombExpandUncertValue"":12.1,""nCombUncertAssessNum"":1},""nPropValue"":556.95,""nPropNumber"":1,""nPropDigits"":4}",variable,"{""nVarValue"":94.4,""nVarDigits"":3,""nVarNumber"":1}",556.95,True,,94400.0,False,False,False
10.1016/j.jct.2019.04.014#d17#p1#r1,10.1016/j.jct.2019.04.014#d17#p1,10.1016/j.jct.2019.04.014.json,17,1,1,"InChI=1S/C6H7NO/c1-6-2-4-7(8)5-3-6/h2-5H,1H3",IWYYIZOHWPCALJ-UHFFFAOYSA-N,4-methylpyridine-N-oxide,C6H7NO,10.1016/j.jct.2019.04.014,2019,"Boiling temperature at pressure P, K",Liquid,"[""Liquid"",""Gas""]",DSC,560.45,"{""nPropValue"":560.45,""CombinedUncertainty"":{""nCombUncertAssessNum"":1,""nCombExpandUncertValue"":6.8},""nPropDigits"":4,""nPropNumber"":1}",variable,"{""nVarValue"":94.4,""nVarNumber"":1,""nVarDigits"":3}",560.45,True,,94400.0,False,False,False
10.1016/j.jct.2019.04.014#d20#p1#r1,10.1016/j.jct.2019.04.014#d20#p1,10.1016/j.jct.2019.04.014.json,20,1,1,"InChI=1S/C6H5NO3/c8-6(9)5-3-1-2-4-7(5)10/h1-4H,(H,8,9)",FHYMLBVGNFVFBT-UHFFFAOYSA-N,picolinic acid N-oxide,C6H5NO3,10.1016/j.jct.2019.04.014,2019,"Boiling temperature at pressure P, K",Liquid,"[""Liquid"",""Gas""]",DSC,540.75,"{""nPropNumber"":1,""nPropDigits"":4,""CombinedUncertainty"":{""nCombUncertAssessNum"":1,""nCombExpandUncertValue"":10.3},""nPropValue"":540.75}",variable,"{""nVarNumber"":1,""nVarDigits"":3,""nVarValue"":94.4}",540.75,True,,94400.0,False,False,False
10.1016/j.jct.2019.04.014#d29#p1#r1,10.1016/j.jct.2019.04.014#d29#p1,10.1016/j.jct.2019.04.014.json,29,1,1,"InChI=1S/C7H9NO/c1-6-3-7(2)5-8(9)4-6/h3-5H,1-2H3",SSTLCMOZTCLOLQ-UHFFFAOYSA-N,"3,5-dimethylpyridine N-oxide",C7H9NO,10.1016/j.jct.2019.04.014,2019,"Boiling temperature at pressure P, K",Liquid,"[""Liquid"",""Gas""]",DSC,564.85,"{""nPropValue"":564.85,""CombinedUncertainty"":{""nCombExpandUncertValue"":6,""nCombUncertAssessNum"":1},""nPropNumber"":1,""nPropDigits"":4}",variable,"{""nVarValue"":94.4,""nVarNumber"":1,""nVarDigits"":3}",564.85,True,,94400.0,False,False,False
10.1016/j.jct.2019.06.017#d1#p1#r1,10.1016/j.jct.2019.06.017#d1#p1,10.1016/j.jct.2019.06.017.json,1,1,1,"InChI=1S/C5H13NO/c1-6(2)4-3-5-7/h7H,3-5H2,1-2H3",PYSGFFTXMUWEOT-UHFFFAOYSA-N,3-dimethylamino-1-propanol,C5H13NO,10.1016/j.jct.2019.06.017,2019,"Boiling temperature at pressure P, K",Liquid,"[""Liquid"",""Gas""]",Ebulliometric method (Recirculating still),352.3,"{""nPropDigits"":4,""nPropNumber"":1,""nPropValue"":352.3,""CombinedUncertainty"":{""nCombExpandUncertValue"":7.2,""nCombUncertAssessNum"":1}}",variable,"{""nVarNumber"":1,""nVarDigits"":2,""nVarValue"":4.8}",352.3,True,,4800.0,True,True,False
10.1016/j.jct.2019.06.017#d1#p1#r2,10.1016/j.jct.2019.06.017#d1#p1,10.1016/j.jct.2019.06.017.json,1,1,2,"InChI=1S/C5H13NO/c1-6(2)4-3-5-7/h7H,3-5H2,1-2H3",PYSGFFTXMUWEOT-UHFFFAOYSA-N,3-dimethylamino-1-propanol,C5H13NO,10.1016/j.jct.2019.06.017,2019,"Boiling temperature at pressure P, K",Liquid,"[""Liquid"",""Gas""]",Ebulliometric method (Recirculating still),352.9,"{""nPropValue"":352.9,""CombinedUncertainty"":{""nCombExpandUncertValue"":7,""nCombUncertAssessNum"":1},""nPropNumber"":1,""nPropDigits"":4}",variable,"{""nVarValue"":4.8,""nVarNumber"":1,""nVarDigits"":2}",352.9,True,,4800.0,True,True,False
10.1016/j.jct.2019.06.017#d1#p1#r3,10.1016/j.jct.2019.06.017#d1#p1,10.1016/j.jct.2019.06.017.json,1,1,3,"InChI=1S/C5H13NO/c1-6(2)4-3-5-7/h7H,3-5H2,1-2H3",PYSGFFTXMUWEOT-UHFFFAOYSA-N,3-dimethylamino-1-propanol,C5H13NO,10.1016/j.jct.2019.06.017,2019,"Boiling temperature at pressure P, K",Liquid,"[""Liquid"",""Gas""]",Ebulliometric method (Recirculating still),368.3,"{""nPropValue"":368.3,""CombinedUncertainty"":{""nCombUncertAssessNum"":1,""nCombExpandUncertValue"":5.9},""nPropDigits"":4,""nPropNumber"":1}",variable,"{""nVarValue"":9.8,""nVarDigits"":2,""nVarNumber"":1}",368.3,True,,9800.0,True,True,False
10.1016/j.jct.2019.06.017#d1#p1#r4,10.1016/j.jct.2019.06.017#d1#p1,10.1016/j.jct.2019.06.017.json,1,1,4,"InChI=1S/C5H13NO/c1-6(2)4-3-5-7/h7H,3-5H2,1-2H3",PYSGFFTXMUWEOT-UHFFFAOYSA-N,3-dimethylamino-1-propanol,C5H13NO,10.1016/j.jct.2019.06.017,2019,"Boiling temperature at pressure P, K",Liquid,"[""Liquid"",""Gas""]",Ebulliometric method (Recirculating still),378.5,"{""nPropDigits"":4,""nPropNumber"":1,""nPropValue"":378.5,""CombinedUncertainty"":{""nCombExpandUncertValue"":4,""nCombUncertAssessNum"":1}}",variable,"{""nVarDigits"":3,""nVarNumber"":1,""nVarValue"":14.8}",378.5,True,,14800.0,True,True,False
10.1016/j.jct.2019.06.017#d1#p1#r5,10.1016/j.jct.2019.06.017#d1#p1,10.1016/j.jct.2019.06.017.json,1,1,5,"InChI=1S/C5H13NO/c1-6(2)4-3-5-7/h7H,3-5H2,1-2H3",PYSGFFTXMUWEOT-UHFFFAOYSA-N,3-dimethylamino-1-propanol,C5H13NO,10.1016/j.jct.2019.06.017,2019,"Boiling temperature at pressure P, K",Liquid,"[""Liquid"",""Gas""]",Ebulliometric method (Recirculating still),378.5,"{""nPropDigits"":4,""nPropNumber"":1,""nPropValue"":378.5,""CombinedUncertainty"":{""nCombUncertAssessNum"":1,""nCombExpandUncertValue"":4}}",variable,"{""nVarNumber"":1,""nVarDigits"":3,""nVarValue"":14.8}",378.5,True,,14800.0,True,True,False
10.1016/j.jct.2019.06.017#d1#p1#r6,10.1016/j.jct.2019.06.017#d1#p1,10.1016/j.jct.2019.06.017.json,1,1,6,"InChI=1S/C5H13NO/c1-6(2)4-3-5-7/h7H,3-5H2,1-2H3",PYSGFFTXMUWEOT-UHFFFAOYSA-N,3-dimethylamino-1-propanol,C5H13NO,10.1016/j.jct.2019.06.017,2019,"Boiling temperature at pressure P, K",Liquid,"[""Liquid"",""Gas""]",Ebulliometric method (Recirculating still),385.8,"{""nPropNumber"":1,""nPropDigits"":4,""nPropValue"":385.8,""CombinedUncertainty"":{""nCombExpandUncertValue"":2.7,""nCombUncertAssessNum"":1}}",variable,"{""nVarDigits"":3,""nVarNumber"":1,""nVarValue"":19.8}",385.8,True,,19800.0,True,True,False
10.1016/j.jct.2019.06.017#d1#p1#r7,10.1016/j.jct.2019.06.017#d1#p1,10.1016/j.jct.2019.06.017.json,1,1,7,"InChI=1S/C5H13NO/c1-6(2)4-3-5-7/h7H,3-5H2,1-2H3",PYSGFFTXMUWEOT-UHFFFAOYSA-N,3-dimethylamino-1-propanol,C5H13NO,10.1016/j.jct.2019.06.017,2019,"Boiling temperature at pressure P, K",Liquid,"[""Liquid"",""Gas""]",Ebulliometric method (Recirculating still),396.8,"{""nPropDigits"":4,""nPropNumber"":1,""nPropValue"":396.8,""CombinedUncertainty"":{""nCombUncertAssessNum"":1,""nCombExpandUncertValue"":2.2}}",variable,"{""nVarValue"":29.8,""nVarDigits"":3,""nVarNumber"":1}",396.8,True,,29800.0,True,False,False
10.1016/j.jct.2019.06.017#d1#p1#r8,10.1016/j.jct.2019.06.017#d1#p1,10.1016/j.jct.2019.06.017.json,1,1,8,"InChI=1S/C5H13NO/c1-6(2)4-3-5-7/h7H,3-5H2,1-2H3",PYSGFFTXMUWEOT-UHFFFAOYSA-N,3-dimethylamino-1-propanol,C5H13NO,10.1016/j.jct.2019.06.017,2019,"Boiling temperature at pressure P, K",Liquid,"[""Liquid"",""Gas""]",Ebulliometric method (Recirculating still),405,"{""nPropNumber"":1,""nPropDigits"":4,""nPropValue"":405,""CombinedUncertainty"":{""nCombExpandUncertValue"":1.7,""nCombUncertAssessNum"":1}}",variable,"{""nVarNumber"":1,""nVarDigits"":3,""nVarValue"":39.8}",405,True,,39800.0,True,False,False
10.1016/j.jct.2019.06.017#d1#p1#r9,10.1016/j.jct.2019.06.017#d1#p1,10.1016/j.jct.2019.06.017.json,1,1,9,"InChI=1S/C5H13NO/c1-6(2)4-3-5-7/h7H,3-5H2,1-2H3",PYSGFFTXMUWEOT-UHFFFAOYSA-N,3-dimethylamino-1-propanol,C5H13NO,10.1016/j.jct.2019.06.017,2019,"Boiling temperature at pressure P, K",Liquid,"[""Liquid"",""Gas""]",Ebulliometric method (Recirculating still),411.6,"{""nPropValue"":411.6,""CombinedUncertainty"":{""nCombExpandUncertValue"":1.4,""nCombUncertAssessNum"":1},""nPropNumber"":1,""nPropDigits"":4}",variable,"{""nVarValue"":49.8,""nVarNumber"":1,""nVarDigits"":3}",411.6,True,,49800.0,True,False,False
10.1016/j.jct.2019.06.017#d1#p1#r10,10.1016/j.jct.2019.06.017#d1#p1,10.1016/j.jct.2019.06.017.json,1,1,10,"InChI=1S/C5H13NO/c1-6(2)4-3-5-7/h7H,3-5H2,1-2H3",PYSGFFTXMUWEOT-UHFFFAOYSA-N,3-dimethylamino-1-propanol,C5H13NO,10.1016/j.jct.2019.06.017,2019,"Boiling temperature at pressure P, K",Liquid,"[""Liquid"",""Gas""]",Ebulliometric method (Recirculating still),417.2,"{""nPropNumber"":1,""nPropDigits"":4,""CombinedUncertainty"":{""nCombUncertAssessNum"":1,""nCombExpandUncertValue"":1.2},""nPropValue"":417.2}",variable,"{""nVarValue"":59.8,""nVarDigits"":3,""nVarNumber"":1}",417.2,True,,59800.0,True,False,False
10.1016/j.jct.2019.06.017#d1#p1#r11,10.1016/j.jct.2019.06.017#d1#p1,10.1016/j.jct.2019.06.017.json,1,1,11,"InChI=1S/C5H13NO/c1-6(2)4-3-5-7/h7H,3-5H2,1-2H3",PYSGFFTXMUWEOT-UHFFFAOYSA-N,3-dimethylamino-1-propanol,C5H13NO,10.1016/j.jct.2019.06.017,2019,"Boiling temperature at pressure P, K",Liquid,"[""Liquid"",""Gas""]",Ebulliometric method (Recirculating still),421.7,"{""nPropDigits"":4,""nPropNumber"":1,""CombinedUncertainty"":{""nCombExpandUncertValue"":1.1,""nCombUncertAssessNum"":1},""nPropValue"":421.7}",variable,"{""nVarNumber"":1,""nVarDigits"":3,""nVarValue"":69.8}",421.7,True,,69800.0,True,False,False
10.1016/j.jct.2019.06.017#d1#p1#r12,10.1016/j.jct.2019.06.017#d1#p1,10.1016/j.jct.2019.06.017.json,1,1,12,"InChI=1S/C5H13NO/c1-6(2)4-3-5-7/h7H,3-5H2,1-2H3",PYSGFFTXMUWEOT-UHFFFAOYSA-N,3-dimethylamino-1-propanol,C5H13NO,10.1016/j.jct.2019.06.017,2019,"Boiling temperature at pressure P, K",Liquid,"[""Liquid"",""Gas""]",Ebulliometric method (Recirculating still),426.3,"{""nPropNumber"":1,""nPropDigits"":4,""CombinedUncertainty"":{""nCombUncertAssessNum"":1,""nCombExpandUncertValue"":1},""nPropValue"":426.3}",variable,"{""nVarDigits"":3,""nVarNumber"":1,""nVarValue"":79.8}",426.3,True,,79800.0,True,False,False
10.1016/j.jct.2019.06.017#d1#p1#r13,10.1016/j.jct.2019.06.017#d1#p1,10.1016/j.jct.2019.06.017.json,1,1,13,"InChI=1S/C5H13NO/c1-6(2)4-3-5-7/h7H,3-5H2,1-2H3",PYSGFFTXMUWEOT-UHFFFAOYSA-N,3-dimethylamino-1-propanol,C5H13NO,10.1016/j.jct.2019.06.017,2019,"Boiling temperature at pressure P, K",Liquid,"[""Liquid"",""Gas""]",Ebulliometric method (Recirculating still),429.9,"{""nPropValue"":429.9,""CombinedUncertainty"":{""nCombExpandUncertValue"":0.9,""nCombUncertAssessNum"":1},""nPropDigits"":4,""nPropNumber"":1}",variable,"{""nVarValue"":89.8,""nVarDigits"":3,""nVarNumber"":1}",429.9,True,,89800.0,True,False,False
10.1016/j.jct.2019.06.017#d1#p1#r14,10.1016/j.jct.2019.06.017#d1#p1,10.1016/j.jct.2019.06.017.json,1,1,14,"InChI=1S/C5H13NO/c1-6(2)4-3-5-7/h7H,3-5H2,1-2H3",PYSGFFTXMUWEOT-UHFFFAOYSA-N,3-dimethylamino-1-propanol,C5H13NO,10.1016/j.jct.2019.06.017,2019,"Boiling temperature at pressure P, K",Liquid,"[""Liquid"",""Gas""]",Ebulliometric method (Recirculating still),433.7,"{""CombinedUncertainty"":{""nCombUncertAssessNum"":1,""nCombExpandUncertValue"":0.9},""nPropValue"":433.7,""nPropDigits"":4,""nPropNumber"":1}",variable,"{""nVarNumber"":1,""nVarDigits"":3,""nVarValue"":99.8}",433.7,True,,99800.0,True,False,False
10.1016/j.jct.2019.06.017#d2#p1#r1,10.1016/j.jct.2019.06.017#d2#p1,10.1016/j.jct.2019.06.017.json,2,1,1,"InChI=1S/C6H13NO/c8-6-5-7-3-1-2-4-7/h8H,1-6H2",XBRDBODLCHKXHI-UHFFFAOYSA-N,1-(2-hydroxyethyl)pyrrolidine,C6H13NO,10.1016/j.jct.2019.06.017,2019,"Boiling temperature at pressure P, K",Liquid,"[""Liquid"",""Gas""]",Ebulliometric method (Recirculating still),360.6,"{""CombinedUncertainty"":{""nCombUncertAssessNum"":1,""nCombExpandUncertValue"":13.1},""nPropValue"":360.6,""nPropDigits"":4,""nPropNumber"":1}",variable,"{""nVarValue"":2.8,""nVarNumber"":1,""nVarDigits"":2}",360.6,True,,2800.0,True,True,False
10.1016/j.jct.2019.06.017#d2#p1#r2,10.1016/j.jct.2019.06.017#d2#p1,10.1016/j.jct.2019.06.017.json,2,1,2,"InChI=1S/C6H13NO/c8-6-5-7-3-1-2-4-7/h8H,1-6H2",XBRDBODLCHKXHI-UHFFFAOYSA-N,1-(2-hydroxyethyl)pyrrolidine,C6H13NO,10.1016/j.jct.2019.06.017,2019,"Boiling temperature at pressure P, K",Liquid,"[""Liquid"",""Gas""]",Ebulliometric method (Recirculating still),372.2,"{""nPropValue"":372.2,""CombinedUncertainty"":{""nCombUncertAssessNum"":1,""nCombExpandUncertValue"":8.8},""nPropDigits"":4,""nPropNumber"":1}",variable,"{""nVarDigits"":2,""nVarNumber"":1,""nVarValue"":4.8}",372.2,True,,4800.0,True,True,False
10.1016/j.jct.2019.06.017#d2#p1#r3,10.1016/j.jct.2019.06.017#d2#p1,10.1016/j.jct.2019.06.017.json,2,1,3,"InChI=1S/C6H13NO/c8-6-5-7-3-1-2-4-7/h8H,1-6H2",XBRDBODLCHKXHI-UHFFFAOYSA-N,1-(2-hydroxyethyl)pyrrolidine,C6H13NO,10.1016/j.jct.2019.06.017,2019,"Boiling temperature at pressure P, K",Liquid,"[""Liquid"",""Gas""]",Ebulliometric method (Recirculating still),388.8,"{""nPropNumber"":1,""nPropDigits"":4,""nPropValue"":388.8,""CombinedUncertainty"":{""nCombExpandUncertValue"":4.9,""nCombUncertAssessNum"":1}}",variable,"{""nVarDigits"":2,""nVarNumber"":1,""nVarValue"":9.8}",388.8,True,,9800.0,True,True,False
10.1016/j.jct.2019.06.017#d2#p1#r4,10.1016/j.jct.2019.06.017#d2#p1,10.1016/j.jct.2019.06.017.json,2,1,4,"InChI=1S/C6H13NO/c8-6-5-7-3-1-2-4-7/h8H,1-6H2",XBRDBODLCHKXHI-UHFFFAOYSA-N,1-(2-hydroxyethyl)pyrrolidine,C6H13NO,10.1016/j.jct.2019.06.017,2019,"Boiling temperature at pressure P, K",Liquid,"[""Liquid"",""Gas""]",Ebulliometric method (Recirculating still),405.5,"{""nPropValue"":405.5,""CombinedUncertainty"":{""nCombExpandUncertValue"":3.2,""nCombUncertAssessNum"":1},""nPropNumber"":1,""nPropDigits"":4}",variable,"{""nVarNumber"":1,""nVarDigits"":3,""nVarValue"":19.8}",405.5,True,,19800.0,True,True,False
10.1016/j.jct.2019.06.017#d2#p1#r5,10.1016/j.jct.2019.06.017#d2#p1,10.1016/j.jct.2019.06.017.json,2,1,5,"InChI=1S/C6H13NO/c8-6-5-7-3-1-2-4-7/h8H,1-6H2",XBRDBODLCHKXHI-UHFFFAOYSA-N,1-(2-hydroxyethyl)pyrrolidine,C6H13NO,10.1016/j.jct.2019.06.017,2019,"Boiling temperature at pressure P, K",Liquid,"[""Liquid"",""Gas""]",Ebulliometric method (Recirculating still),417,"{""CombinedUncertainty"":{""nCombUncertAssessNum"":1,""nCombExpandUncertValue"":2.3},""nPropValue"":417,""nPropNumber"":1,""nPropDigits"":4}",variable,"{""nVarValue"":29.8,""nVarNumber"":1,""nVarDigits"":3}",417,True,,29800.0,True,False,False
10.1016/j.jct.2019.06.017#d2#p1#r6,10.1016/j.jct.2019.06.017#d2#p1,10.1016/j.jct.2019.06.017.json,2,1,6,"InChI=1S/C6H13NO/c8-6-5-7-3-1-2-4-7/h8H,1-6H2",XBRDBODLCHKXHI-UHFFFAOYSA-N,1-(2-hydroxyethyl)pyrrolidine,C6H13NO,10.1016/j.jct.2019.06.017,2019,"Boiling temperature at pressure P, K",Liquid,"[""Liquid"",""Gas""]",Ebulliometric method (Recirculating still),426.1,"{""nPropNumber"":1,""nPropDigits"":4,""nPropValue"":426.1,""CombinedUncertainty"":{""nCombExpandUncertValue"":1.8,""nCombUncertAssessNum"":1}}",variable,"{""nVarDigits"":3,""nVarNumber"":1,""nVarValue"":39.8}",426.1,True,,39800.0,True,False,False
10.1016/j.jct.2019.06.017#d2#p1#r7,10.1016/j.jct.2019.06.017#d2#p1,10.1016/j.jct.2019.06.017.json,2,1,7,"InChI=1S/C6H13NO/c8-6-5-7-3-1-2-4-7/h8H,1-6H2",XBRDBODLCHKXHI-UHFFFAOYSA-N,1-(2-hydroxyethyl)pyrrolidine,C6H13NO,10.1016/j.jct.2019.06.017,2019,"Boiling temperature at pressure P, K",Liquid,"[""Liquid"",""Gas""]",Ebulliometric method (Recirculating still),432.6,"{""nPropValue"":432.6,""CombinedUncertainty"":{""nCombUncertAssessNum"":1,""nCombExpandUncertValue"":1.4},""nPropNumber"":1,""nPropDigits"":4}",variable,"{""nVarNumber"":1,""nVarDigits"":3,""nVarValue"":49.8}",432.6,True,,49800.0,True,False,False
10.1016/j.jct.2019.06.017#d2#p1#r8,10.1016/j.jct.2019.06.017#d2#p1,10.1016/j.jct.2019.06.017.json,2,1,8,"InChI=1S/C6H13NO/c8-6-5-7-3-1-2-4-7/h8H,1-6H2",XBRDBODLCHKXHI-UHFFFAOYSA-N,1-(2-hydroxyethyl)pyrrolidine,C6H13NO,10.1016/j.jct.2019.06.017,2019,"Boiling temperature at pressure P, K",Liquid,"[""Liquid"",""Gas""]",Ebulliometric method (Recirculating still),438.1,"{""CombinedUncertainty"":{""nCombUncertAssessNum"":1,""nCombExpandUncertValue"":1.2},""nPropValue"":438.1,""nPropDigits"":4,""nPropNumber"":1}",variable,"{""nVarValue"":59.8,""nVarNumber"":1,""nVarDigits"":3}",438.1,True,,59800.0,True,False,False
10.1016/j.jct.2019.06.017#d2#p1#r9,10.1016/j.jct.2019.06.017#d2#p1,10.1016/j.jct.2019.06.017.json,2,1,9,"InChI=1S/C6H13NO/c8-6-5-7-3-1-2-4-7/h8H,1-6H2",XBRDBODLCHKXHI-UHFFFAOYSA-N,1-(2-hydroxyethyl)pyrrolidine,C6H13NO,10.1016/j.jct.2019.06.017,2019,"Boiling temperature at pressure P, K",Liquid,"[""Liquid"",""Gas""]",Ebulliometric method (Recirculating still),442.6,"{""nPropDigits"":4,""nPropNumber"":1,""nPropValue"":442.6,""CombinedUncertainty"":{""nCombUncertAssessNum"":1,""nCombExpandUncertValue"":1}}",variable,"{""nVarNumber"":1,""nVarDigits"":3,""nVarValue"":69.8}",442.6,True,,69800.0,True,False,False
10.1016/j.jct.2019.06.017#d2#p1#r10,10.1016/j.jct.2019.06.017#d2#p1,10.1016/j.jct.2019.06.017.json,2,1,10,"InChI=1S/C6H13NO/c8-6-5-7-3-1-2-4-7/h8H,1-6H2",XBRDBODLCHKXHI-UHFFFAOYSA-N,1-(2-hydroxyethyl)pyrrolidine,C6H13NO,10.1016/j.jct.2019.06.017,2019,"Boiling temperature at pressure P, K",Liquid,"[""Liquid"",""Gas""]",Ebulliometric method (Recirculating still),446.9,"{""nPropNumber"":1,""nPropDigits"":4,""nPropValue"":446.9,""CombinedUncertainty"":{""nCombUncertAssessNum"":1,""nCombExpandUncertValue"":0.8}}",variable,"{""nVarValue"":79.8,""nVarNumber"":1,""nVarDigits"":3}",446.9,True,,79800.0,True,False,False
10.1016/j.jct.2019.06.017#d2#p1#r11,10.1016/j.jct.2019.06.017#d2#p1,10.1016/j.jct.2019.06.017.json,2,1,11,"InChI=1S/C6H13NO/c8-6-5-7-3-1-2-4-7/h8H,1-6H2",XBRDBODLCHKXHI-UHFFFAOYSA-N,1-(2-hydroxyethyl)pyrrolidine,C6H13NO,10.1016/j.jct.2019.06.017,2019,"Boiling temperature at pressure P, K",Liquid,"[""Liquid"",""Gas""]",Ebulliometric method (Recirculating still),449.8,"{""nPropNumber"":1,""nPropDigits"":4,""CombinedUncertainty"":{""nCombUncertAssessNum"":1,""nCombExpandUncertValue"":0.7},""nPropValue"":449.8}",variable,"{""nVarDigits"":3,""nVarNumber"":1,""nVarValue"":89.8}",449.8,True,,89800.0,True,False,False
10.1016/j.jct.2019.06.017#d3#p1#r1,10.1016/j.jct.2019.06.017#d3#p1,10.1016/j.jct.2019.06.017.json,3,1,1,"InChI=1S/C7H17NO/c1-3-8(4-2)6-5-7-9/h9H,3-7H2,1-2H3",WKCYFSZDBICRKL-UHFFFAOYSA-N,3-diethylamino-1-propanol,C7H17NO,10.1016/j.jct.2019.06.017,2019,"Boiling temperature at pressure P, K",Liquid,"[""Liquid"",""Gas""]",Ebulliometric method (Recirculating still),353.9,"{""nPropDigits"":4,""nPropNumber"":1,""nPropValue"":353.9,""CombinedUncertainty"":{""nCombUncertAssessNum"":1,""nCombExpandUncertValue"":6.5}}",variable,"{""nVarValue"":1.8,""nVarDigits"":2,""nVarNumber"":1}",353.9,True,,1800.0,True,True,False
10.1016/j.jct.2019.06.017#d3#p1#r2,10.1016/j.jct.2019.06.017#d3#p1,10.1016/j.jct.2019.06.017.json,3,1,2,"InChI=1S/C7H17NO/c1-3-8(4-2)6-5-7-9/h9H,3-7H2,1-2H3",WKCYFSZDBICRKL-UHFFFAOYSA-N,3-diethylamino-1-propanol,C7H17NO,10.1016/j.jct.2019.06.017,2019,"Boiling temperature at pressure P, K",Liquid,"[""Liquid"",""Gas""]",Ebulliometric method (Recirculating still),360.2,"{""nPropDigits"":4,""nPropNumber"":1,""nPropValue"":360.2,""CombinedUncertainty"":{""nCombUncertAssessNum"":1,""nCombExpandUncertValue"":6}}",variable,"{""nVarValue"":2.8,""nVarDigits"":2,""nVarNumber"":1}",360.2,True,,2800.0,True,True,False
10.1016/j.jct.2019.06.017#d3#p1#r3,10.1016/j.jct.2019.06.017#d3#p1,10.1016/j.jct.2019.06.017.json,3,1,3,"InChI=1S/C7H17NO/c1-3-8(4-2)6-5-7-9/h9H,3-7H2,1-2H3",WKCYFSZDBICRKL-UHFFFAOYSA-N,3-diethylamino-1-propanol,C7H17NO,10.1016/j.jct.2019.06.017,2019,"Boiling temperature at pressure P, K",Liquid,"[""Liquid"",""Gas""]",Ebulliometric method (Recirculating still),405.3,"{""CombinedUncertainty"":{""nCombUncertAssessNum"":1,""nCombExpandUncertValue"":3.5},""nPropValue"":405.3,""nPropDigits"":4,""nPropNumber"":1}",variable,"{""nVarDigits"":3,""nVarNumber"":1,""nVarValue"":19.8}",405.3,True,,19800.0,True,True,False
10.1016/j.jct.2019.06.017#d3#p1#r4,10.1016/j.jct.2019.06.017#d3#p1,10.1016/j.jct.2019.06.017.json,3,1,4,"InChI=1S/C7H17NO/c1-3-8(4-2)6-5-7-9/h9H,3-7H2,1-2H3",WKCYFSZDBICRKL-UHFFFAOYSA-N,3-diethylamino-1-propanol,C7H17NO,10.1016/j.jct.2019.06.017,2019,"Boiling temperature at pressure P, K",Liquid,"[""Liquid"",""Gas""]",Ebulliometric method (Recirculating still),409.2,"{""nPropNumber"":1,""nPropDigits"":4,""CombinedUncertainty"":{""nCombExpandUncertValue"":3.1,""nCombUncertAssessNum"":1},""nPropValue"":409.2}",variable,"{""nVarNumber"":1,""nVarDigits"":3,""nVarValue"":22.3}",409.2,True,,22300.0,True,False,False
10.1016/j.jct.2019.06.017#d3#p1#r5,10.1016/j.jct.2019.06.017#d3#p1,10.1016/j.jct.2019.06.017.json,3,1,5,"InChI=1S/C7H17NO/c1-3-8(4-2)6-5-7-9/h9H,3-7H2,1-2H3",WKCYFSZDBICRKL-UHFFFAOYSA-N,3-diethylamino-1-propanol,C7H17NO,10.1016/j.jct.2019.06.017,2019,"Boiling temperature at pressure P, K",Liquid,"[""Liquid"",""Gas""]",Ebulliometric method (Recirculating still),412.1,"{""nPropNumber"":1,""nPropDigits"":4,""CombinedUncertainty"":{""nCombUncertAssessNum"":1,""nCombExpandUncertValue"":2},""nPropValue"":412.1}",variable,"{""nVarNumber"":1,""nVarDigits"":3,""nVarValue"":24.8}",412.1,True,,24800.0,True,False,False
10.1016/j.jct.2019.06.017#d3#p1#r6,10.1016/j.jct.2019.06.017#d3#p1,10.1016/j.jct.2019.06.017.json,3,1,6,"InChI=1S/C7H17NO/c1-3-8(4-2)6-5-7-9/h9H,3-7H2,1-2H3",WKCYFSZDBICRKL-UHFFFAOYSA-N,3-diethylamino-1-propanol,C7H17NO,10.1016/j.jct.2019.06.017,2019,"Boiling temperature at pressure P, K",Liquid,"[""Liquid"",""Gas""]",Ebulliometric method (Recirculating still),420.2,"{""nPropNumber"":1,""nPropDigits"":4,""CombinedUncertainty"":{""nCombUncertAssessNum"":1,""nCombExpandUncertValue"":1.7},""nPropValue"":420.2}",variable,"{""nVarValue"":34.8,""nVarDigits"":3,""nVarNumber"":1}",420.2,True,,34800.0,True,False,False
10.1016/j.jct.2019.06.017#d3#p1#r7,10.1016/j.jct.2019.06.017#d3#p1,10.1016/j.jct.2019.06.017.json,3,1,7,"InChI=1S/C7H17NO/c1-3-8(4-2)6-5-7-9/h9H,3-7H2,1-2H3",WKCYFSZDBICRKL-UHFFFAOYSA-N,3-diethylamino-1-propanol,C7H17NO,10.1016/j.jct.2019.06.017,2019,"Boiling temperature at pressure P, K",Liquid,"[""Liquid"",""Gas""]",Ebulliometric method (Recirculating still),427.3,"{""nPropDigits"":4,""nPropNumber"":1,""nPropValue"":427.3,""CombinedUncertainty"":{""nCombUncertAssessNum"":1,""nCombExpandUncertValue"":1.5}}",variable,"{""nVarDigits"":3,""nVarNumber"":1,""nVarValue"":44.8}",427.3,True,,44800.0,True,False,False
10.1016/j.jct.2019.06.017#d3#p1#r8,10.1016/j.jct.2019.06.017#d3#p1,10.1016/j.jct.2019.06.017.json,3,1,8,"InChI=1S/C7H17NO/c1-3-8(4-2)6-5-7-9/h9H,3-7H2,1-2H3",WKCYFSZDBICRKL-UHFFFAOYSA-N,3-diethylamino-1-propanol,C7H17NO,10.1016/j.jct.2019.06.017,2019,"Boiling temperature at pressure P, K",Liquid,"[""Liquid"",""Gas""]",Ebulliometric method (Recirculating still),433.4,"{""nPropDigits"":4,""nPropNumber"":1,""CombinedUncertainty"":{""nCombExpandUncertValue"":1.5,""nCombUncertAssessNum"":1},""nPropValue"":433.4}",variable,"{""nVarValue"":54.8,""nVarNumber"":1,""nVarDigits"":3}",433.4,True,,54800.0,True,False,False
10.1016/j.jct.2019.06.017#d3#p1#r9,10.1016/j.jct.2019.06.017#d3#p1,10.1016/j.jct.2019.06.017.json,3,1,9,"InChI=1S/C7H17NO/c1-3-8(4-2)6-5-7-9/h9H,3-7H2,1-2H3",WKCYFSZDBICRKL-UHFFFAOYSA-N,3-diethylamino-1-propanol,C7H17NO,10.1016/j.jct.2019.06.017,2019,"Boiling temperature at pressure P, K",Liquid,"[""Liquid"",""Gas""]",Ebulliometric method (Recirculating still),440.1,"{""nPropNumber"":1,""nPropDigits"":4,""CombinedUncertainty"":{""nCombUncertAssessNum"":1,""nCombExpandUncertValue"":1.4},""nPropValue"":440.1}",variable,"{""nVarValue"":64.8,""nVarNumber"":1,""nVarDigits"":3}",440.1,True,,64800.0,True,False,False
10.1016/j.jct.2019.06.017#d3#p1#r10,10.1016/j.jct.2019.06.017#d3#p1,10.1016/j.jct.2019.06.017.json,3,1,10,"InChI=1S/C7H17NO/c1-3-8(4-2)6-5-7-9/h9H,3-7H2,1-2H3",WKCYFSZDBICRKL-UHFFFAOYSA-N,3-diethylamino-1-propanol,C7H17NO,10.1016/j.jct.2019.06.017,2019,"Boiling temperature at pressure P, K",Liquid,"[""Liquid"",""Gas""]",Ebulliometric method (Recirculating still),442.2,"{""nPropValue"":442.2,""CombinedUncertainty"":{""nCombUncertAssessNum"":1,""nCombExpandUncertValue"":1},""nPropNumber"":1,""nPropDigits"":4}",variable,"{""nVarValue"":69.8,""nVarNumber"":1,""nVarDigits"":3}",442.2,True,,69800.0,True,False,False
10.1016/j.jct.2019.06.017#d4#p1#r1,10.1016/j.jct.2019.06.017#d4#p1,10.1016/j.jct.2019.06.017.json,4,1,1,InChI=1S/H2O/h1H2,XLYOFNOQVPJJNP-UHFFFAOYSA-N,water,H2O,10.1016/j.jct.2019.06.017,2019,"Boiling temperature at pressure P, K",Liquid,"[""Liquid"",""Gas""]",Ebulliometric method (Recirculating still),318.3,"{""nPropValue"":318.3,""CombinedUncertainty"":{""nCombUncertAssessNum"":1,""nCombExpandUncertValue"":3.3},""nPropDigits"":4,""nPropNumber"":1}",variable,"{""nVarValue"":9.8,""nVarDigits"":2,""nVarNumber"":1}",318.3,True,no_carbon,9800.0,True,True,False
10.1016/j.jct.2019.06.017#d4#p1#r2,10.1016/j.jct.2019.06.017#d4#p1,10.1016/j.jct.2019.06.017.json,4,1,2,InChI=1S/H2O/h1H2,XLYOFNOQVPJJNP-UHFFFAOYSA-N,water,H2O,10.1016/j.jct.2019.06.017,2019,"Boiling temperature at pressure P, K",Liquid,"[""Liquid"",""Gas""]",Ebulliometric method (Recirculating still),333,"{""nPropNumber"":1,""nPropDigits"":4,""nPropValue"":333,""CombinedUncertainty"":{""nCombExpandUncertValue"":2.7,""nCombUncertAssessNum"":1}}",variable,"{""nVarValue"":19.8,""nVarDigits"":3,""nVarNumber"":1}",333,True,no_carbon,19800.0,True,True,False
10.1016/j.jct.2019.06.017#d4#p1#r3,10.1016/j.jct.2019.06.017#d4#p1,10.1016/j.jct.2019.06.017.json,4,1,3,InChI=1S/H2O/h1H2,XLYOFNOQVPJJNP-UHFFFAOYSA-N,water,H2O,10.1016/j.jct.2019.06.017,2019,"Boiling temperature at pressure P, K",Liquid,"[""Liquid"",""Gas""]",Ebulliometric method (Recirculating still),342.1,"{""nPropNumber"":1,""nPropDigits"":4,""CombinedUncertainty"":{""nCombExpandUncertValue"":1.8,""nCombUncertAssessNum"":1},""nPropValue"":342.1}",variable,"{""nVarDigits"":3,""nVarNumber"":1,""nVarValue"":29.8}",342.1,True,no_carbon,29800.0,True,False,False
10.1016/j.jct.2019.06.017#d4#p1#r4,10.1016/j.jct.2019.06.017#d4#p1,10.1016/j.jct.2019.06.017.json,4,1,4,InChI=1S/H2O/h1H2,XLYOFNOQVPJJNP-UHFFFAOYSA-N,water,H2O,10.1016/j.jct.2019.06.017,2019,"Boiling temperature at pressure P, K",Liquid,"[""Liquid"",""Gas""]",Ebulliometric method (Recirculating still),348.9,"{""nPropDigits"":4,""nPropNumber"":1,""CombinedUncertainty"":{""nCombUncertAssessNum"":1,""nCombExpandUncertValue"":1.4},""nPropValue"":348.9}",variable,"{""nVarNumber"":1,""nVarDigits"":3,""nVarValue"":39.8}",348.9,True,no_carbon,39800.0,True,False,False
10.1016/j.jct.2019.06.017#d4#p1#r5,10.1016/j.jct.2019.06.017#d4#p1,10.1016/j.jct.2019.06.017.json,4,1,5,InChI=1S/H2O/h1H2,XLYOFNOQVPJJNP-UHFFFAOYSA-N,water,H2O,10.1016/j.jct.2019.06.017,2019,"Boiling temperature at pressure P, K",Liquid,"[""Liquid"",""Gas""]",Ebulliometric method (Recirculating still),354.4,"{""nPropDigits"":4,""nPropNumber"":1,""nPropValue"":354.4,""CombinedUncertainty"":{""nCombExpandUncertValue"":1.2,""nCombUncertAssessNum"":1}}",variable,"{""nVarValue"":49.8,""nVarDigits"":3,""nVarNumber"":1}",354.4,True,no_carbon,49800.0,True,False,False
10.1016/j.jct.2019.06.017#d4#p1#r6,10.1016/j.jct.2019.06.017#d4#p1,10.1016/j.jct.2019.06.017.json,4,1,6,InChI=1S/H2O/h1H2,XLYOFNOQVPJJNP-UHFFFAOYSA-N,water,H2O,10.1016/j.jct.2019.06.017,2019,"Boiling temperature at pressure P, K",Liquid,"[""Liquid"",""Gas""]",Ebulliometric method (Recirculating still),359.1,"{""CombinedUncertainty"":{""nCombExpandUncertValue"":1,""nCombUncertAssessNum"":1},""nPropValue"":359.1,""nPropNumber"":1,""nPropDigits"":4}",variable,"{""nVarDigits"":3,""nVarNumber"":1,""nVarValue"":59.8}",359.1,True,no_carbon,59800.0,True,False,False
10.1016/j.jct.2019.06.017#d4#p1#r7,10.1016/j.jct.2019.06.017#d4#p1,10.1016/j.jct.2019.06.017.json,4,1,7,InChI=1S/H2O/h1H2,XLYOFNOQVPJJNP-UHFFFAOYSA-N,water,H2O,10.1016/j.jct.2019.06.017,2019,"Boiling temperature at pressure P, K",Liquid,"[""Liquid"",""Gas""]",Ebulliometric method (Recirculating still),363.1,"{""nPropNumber"":1,""nPropDigits"":4,""CombinedUncertainty"":{""nCombExpandUncertValue"":0.9,""nCombUncertAssessNum"":1},""nPropValue"":363.1}",variable,"{""nVarDigits"":3,""nVarNumber"":1,""nVarValue"":69.8}",363.1,True,no_carbon,69800.0,True,False,False
10.1016/j.jct.2019.06.017#d4#p1#r8,10.1016/j.jct.2019.06.017#d4#p1,10.1016/j.jct.2019.06.017.json,4,1,8,InChI=1S/H2O/h1H2,XLYOFNOQVPJJNP-UHFFFAOYSA-N,water,H2O,10.1016/j.jct.2019.06.017,2019,"Boiling temperature at pressure P, K",Liquid,"[""Liquid"",""Gas""]",Ebulliometric method (Recirculating still),366.7,"{""nPropDigits"":4,""nPropNumber"":1,""CombinedUncertainty"":{""nCombExpandUncertValue"":0.7,""nCombUncertAssessNum"":1},""nPropValue"":366.7}",variable,"{""nVarValue"":79.8,""nVarNumber"":1,""nVarDigits"":3}",366.7,True,no_carbon,79800.0,True,False,False
10.1016/j.jct.2019.06.017#d4#p1#r9,10.1016/j.jct.2019.06.017#d4#p1,10.1016/j.jct.2019.06.017.json,4,1,9,InChI=1S/H2O/h1H2,XLYOFNOQVPJJNP-UHFFFAOYSA-N,water,H2O,10.1016/j.jct.2019.06.017,2019,"Boiling temperature at pressure P, K",Liquid,"[""Liquid"",""Gas""]",Ebulliometric method (Recirculating still),372.6,"{""nPropDigits"":4,""nPropNumber"":1,""nPropValue"":372.6,""CombinedUncertainty"":{""nCombUncertAssessNum"":1,""nCombExpandUncertValue"":0.7}}",variable,"{""nVarValue"":100.1,""nVarDigits"":4,""nVarNumber"":1}",372.6,True,no_carbon,100100.0,True,False,False
10.1016/j.tca.2015.02.004#d1#p1#r1,10.1016/j.tca.2015.02.004#d1#p1,10.1016/j.tca.2015.02.004.json,1,1,1,"InChI=1S/C9H14Si/c1-10(2,3)9-7-5-4-6-8-9/h4-8H,1-3H3",KXFSUVJPEQYUGN-UHFFFAOYSA-N,trimethylphenylsilane,C9H14Si,10.1016/j.tca.2015.02.004,2015,"Boiling temperature at pressure P, K",Liquid,"[""Liquid"",""Gas""]",Distillation,329.15,"{""CombinedUncertainty"":{""nCombUncertAssessNum"":1,""nCombExpandUncertValue"":2},""nPropValue"":329.15,""nPropNumber"":1,""nPropDigits"":2}",variable,"{""nVarDigits"":4,""nVarNumber"":1,""nVarValue"":1.866}",329.15,True,,1866.0,False,True,False
10.1016/j.tca.2015.02.004#d3#p1#r1,10.1016/j.tca.2015.02.004#d3#p1,10.1016/j.tca.2015.02.004.json,3,1,1,"InChI=1S/C9H15NSi/c1-11(2,3)10-9-7-5-4-6-8-9/h4-8,10H,1-3H3",IPJPAQIHUIKFLV-UHFFFAOYSA-N,trimethyl(phenylamino)silane,C9H15NSi,10.1016/j.tca.2015.02.004,2015,"Boiling temperature at pressure P, K",Liquid,"[""Liquid"",""Gas""]",Distillation,329.15,"{""nPropValue"":329.15,""CombinedUncertainty"":{""nCombUncertAssessNum"":1,""nCombExpandUncertValue"":7},""nPropNumber"":1,""nPropDigits"":2}",variable,"{""nVarNumber"":1,""nVarDigits"":3,""nVarValue"":0.4}",329.15,True,,400.0,False,True,False
10.1016/j.tca.2015.02.004#d5#p1#r1,10.1016/j.tca.2015.02.004#d5#p1,10.1016/j.tca.2015.02.004.json,5,1,1,"InChI=1S/C10H17NSi/c1-12(2,3)11-9-10-7-5-4-6-8-10/h4-8,11H,9H2,1-3H3",OVONARZNQIKMGQ-UHFFFAOYSA-N,(benzylamino)trimethylsilane,C10H17NSi,10.1016/j.tca.2015.02.004,2015,"Boiling temperature at pressure P, K",Liquid,"[""Liquid"",""Gas""]",Distillation,371.15,"{""nPropDigits"":2,""nPropNumber"":1,""nPropValue"":371.15,""CombinedUncertainty"":{""nCombExpandUncertValue"":2,""nCombUncertAssessNum"":1}}",variable,"{""nVarValue"":2,""nVarDigits"":4,""nVarNumber"":1}",371.15,True,,2000,False,True,False
10.1016/j.tca.2015.02.004#d6#p1#r1,10.1016/j.tca.2015.02.004#d6#p1,10.1016/j.tca.2015.02.004.json,6,1,1,"InChI=1S/C12H23NSi2/c1-14(2,3)13(15(4,5)6)12-10-8-7-9-11-12/h7-11H,1-6H3",UUBHRQZKROMHOC-UHFFFAOYSA-N,"N,N-bis(trimethylsilyl)aniline",C12H23NSi2,10.1016/j.tca.2015.02.004,2015,"Boiling temperature at pressure P, K",Liquid,"[""Liquid"",""Gas""]",Distillation,333.15,"{""nPropValue"":333.15,""CombinedUncertainty"":{""nCombUncertAssessNum"":1,""nCombExpandUncertValue"":8},""nPropDigits"":1,""nPropNumber"":1}",variable,"{""nVarValue"":0.267,""nVarDigits"":3,""nVarNumber"":1}",333.15,True,,267.0,False,True,False
10.1016/j.tca.2016.05.011#d1#p1#r1,10.1016/j.tca.2016.05.011#d1#p1,10.1016/j.tca.2016.05.011.json,1,1,1,"InChI=1S/C10H14O/c1-10(2,3)8-6-4-5-7-9(8)11/h4-7,11H,1-3H3",WJQOZHYUIDYNHM-UHFFFAOYSA-N,2-tert-butyl-1-hydroxybenzene,C10H14O,10.1016/j.tca.2016.05.011,2016,"Boiling temperature at pressure P, K",Liquid,"[""Liquid"",""Gas""]",DSC,418.5,"{""nPropNumber"":1,""nPropDigits"":4,""CombinedUncertainty"":{""nCombUncertAssessNum"":1,""nCombExpandUncertValue"":1.6},""nPropValue"":418.5}",variable,"{""nVarNumber"":1,""nVarDigits"":3,""nVarValue"":9.9}",418.5,True,,9900.0,False,True,False
10.1016/j.tca.2016.05.011#d1#p1#r2,10.1016/j.tca.2016.05.011#d1#p1,10.1016/j.tca.2016.05.011.json,1,1,2,"InChI=1S/C10H14O/c1-10(2,3)8-6-4-5-7-9(8)11/h4-7,11H,1-3H3",WJQOZHYUIDYNHM-UHFFFAOYSA-N,2-tert-butyl-1-hydroxybenzene,C10H14O,10.1016/j.tca.2016.05.011,2016,"Boiling temperature at pressure P, K",Liquid,"[""Liquid"",""Gas""]",DSC,438.6,"{""nPropNumber"":1,""nPropDigits"":4,""CombinedUncertainty"":{""nCombUncertAssessNum"":1,""nCombExpandUncertValue"":2.6},""nPropValue"":438.6}",variable,"{""nVarDigits"":4,""nVarNumber"":1,""nVarValue"":19.82}",438.6,True,,19820.0,False,True,False
10.1016/j.tca.2016.05.011#d1#p1#r3,10.1016/j.tca.2016.05.011#d1#p1,10.1016/j.tca.2016.05.011.json,1,1,3,"InChI=1S/C10H14O/c1-10(2,3)8-6-4-5-7-9(8)11/h4-7,11H,1-3H3",WJQOZHYUIDYNHM-UHFFFAOYSA-N,2-tert-butyl-1-hydroxybenzene,C10H14O,10.1016/j.tca.2016.05.011,2016,"Boiling temperature at pressure P, K",Liquid,"[""Liquid"",""Gas""]",DSC,451.7,"{""CombinedUncertainty"":{""nCombExpandUncertValue"":2.3,""nCombUncertAssessNum"":1},""nPropValue"":451.7,""nPropNumber"":1,""nPropDigits"":4}",variable,"{""nVarValue"":29.75,""nVarNumber"":1,""nVarDigits"":4}",451.7,True,,29750.0,False,False,False
10.1016/j.tca.2016.05.011#d1#p1#r4,10.1016/j.tca.2016.05.011#d1#p1,10.1016/j.tca.2016.05.011.json,1,1,4,"InChI=1S/C10H14O/c1-10(2,3)8-6-4-5-7-9(8)11/h4-7,11H,1-3H3",WJQOZHYUIDYNHM-UHFFFAOYSA-N,2-tert-butyl-1-hydroxybenzene,C10H14O,10.1016/j.tca.2016.05.011,2016,"Boiling temperature at pressure P, K",Liquid,"[""Liquid"",""Gas""]",DSC,469.4,"{""nPropDigits"":4,""nPropNumber"":1,""nPropValue"":469.4,""CombinedUncertainty"":{""nCombExpandUncertValue"":3.1,""nCombUncertAssessNum"":1}}",variable,"{""nVarValue"":49.63,""nVarNumber"":1,""nVarDigits"":4}",469.4,True,,49630.0,False,False,False
10.1016/j.tca.2016.05.011#d1#p1#r5,10.1016/j.tca.2016.05.011#d1#p1,10.1016/j.tca.2016.05.011.json,1,1,5,"InChI=1S/C10H14O/c1-10(2,3)8-6-4-5-7-9(8)11/h4-7,11H,1-3H3",WJQOZHYUIDYNHM-UHFFFAOYSA-N,2-tert-butyl-1-hydroxybenzene,C10H14O,10.1016/j.tca.2016.05.011,2016,"Boiling temperature at pressure P, K",Liquid,"[""Liquid"",""Gas""]",DSC,479.2,"{""nPropValue"":479.2,""CombinedUncertainty"":{""nCombUncertAssessNum"":1,""nCombExpandUncertValue"":3.3},""nPropDigits"":4,""nPropNumber"":1}",variable,"{""nVarValue"":64.61,""nVarDigits"":4,""nVarNumber"":1}",479.2,True,,64610.0,False,False,False
10.1016/j.tca.2016.05.011#d2#p1#r1,10.1016/j.tca.2016.05.011#d2#p1,10.1016/j.tca.2016.05.011.json,2,1,1,"InChI=1S/C7H8/c1-7-5-3-2-4-6-7/h2-6H,1H3",YXFVVABEGXRONW-UHFFFAOYSA-N,toluene,C7H8,10.1016/j.tca.2016.05.011,2016,"Boiling temperature at pressure P, K",Liquid,"[""Liquid"",""Gas""]",DSC,345.5,"{""CombinedUncertainty"":{""nCombExpandUncertValue"":1.8,""nCombUncertAssessNum"":1},""nPropValue"":345.5,""nPropDigits"":4,""nPropNumber"":1}",variable,"{""nVarDigits"":4,""nVarNumber"":1,""nVarValue"":29.65}",345.5,True,,29650.0,False,False,False
10.1016/j.tca.2016.05.011#d2#p1#r2,10.1016/j.tca.2016.05.011#d2#p1,10.1016/j.tca.2016.05.011.json,2,1,2,"InChI=1S/C7H8/c1-7-5-3-2-4-6-7/h2-6H,1H3",YXFVVABEGXRONW-UHFFFAOYSA-N,toluene,C7H8,10.1016/j.tca.2016.05.011,2016,"Boiling temperature at pressure P, K",Liquid,"[""Liquid"",""Gas""]",DSC,360.6,"{""nPropNumber"":1,""nPropDigits"":4,""CombinedUncertainty"":{""nCombUncertAssessNum"":1,""nCombExpandUncertValue"":2.5},""nPropValue"":360.6}",variable,"{""nVarValue"":49.44,""nVarDigits"":4,""nVarNumber"":1}",360.6,True,,49440.0,False,False,False
10.1016/j.tca.2016.05.011#d2#p1#r3,10.1016/j.tca.2016.05.011#d2#p1,10.1016/j.tca.2016.05.011.json,2,1,3,"InChI=1S/C7H8/c1-7-5-3-2-4-6-7/h2-6H,1H3",YXFVVABEGXRONW-UHFFFAOYSA-N,toluene,C7H8,10.1016/j.tca.2016.05.011,2016,"Boiling temperature at pressure P, K",Liquid,"[""Liquid"",""Gas""]",DSC,371.1,"{""CombinedUncertainty"":{""nCombExpandUncertValue"":2.4,""nCombUncertAssessNum"":1},""nPropValue"":371.1,""nPropDigits"":4,""nPropNumber"":1}",variable,"{""nVarDigits"":4,""nVarNumber"":1,""nVarValue"":69.2}",371.1,True,,69200.0,False,False,False
10.1016/j.tca.2016.05.011#d2#p1#r4,10.1016/j.tca.2016.05.011#d2#p1,10.1016/j.tca.2016.05.011.json,2,1,4,"InChI=1S/C7H8/c1-7-5-3-2-4-6-7/h2-6H,1H3",YXFVVABEGXRONW-UHFFFAOYSA-N,toluene,C7H8,10.1016/j.tca.2016.05.011,2016,"Boiling temperature at pressure P, K",Liquid,"[""Liquid"",""Gas""]",DSC,384.3,"{""CombinedUncertainty"":{""nCombExpandUncertValue"":3.2,""nCombUncertAssessNum"":1},""nPropValue"":384.3,""nPropNumber"":1,""nPropDigits"":4}",variable,"{""nVarValue"":101.6,""nVarDigits"":5,""nVarNumber"":1}",384.3,True,,101600.0,False,False,False
10.1016/j.tca.2016.05.011#d2#p1#r5,10.1016/j.tca.2016.05.011#d2#p1,10.1016/j.tca.2016.05.011.json,2,1,5,"InChI=1S/C7H8/c1-7-5-3-2-4-6-7/h2-6H,1H3",YXFVVABEGXRONW-UHFFFAOYSA-N,toluene,C7H8,10.1016/j.tca.2016.05.011,2016,"Boiling temperature at pressure P, K",Liquid,"[""Liquid"",""Gas""]",DSC,418.6,"{""nPropDigits"":4,""nPropNumber"":1,""nPropValue"":418.6,""CombinedUncertainty"":{""nCombExpandUncertValue"":4.5,""nCombUncertAssessNum"":1}}",variable,"{""nVarDigits"":5,""nVarNumber"":1,""nVarValue"":247.5}",418.6,True,,247500.0,False,False,False
10.1016/j.tca.2017.05.005#d1#p1#r1,10.1016/j.tca.2017.05.005#d1#p1,10.1016/j.tca.2017.05.005.json,1,1,1,"InChI=1S/C4H10O/c1-3-5-4-2/h3-4H2,1-2H3",RTZKZFJDLAIYFH-UHFFFAOYSA-N,diethyl ether,C4H10O,10.1016/j.tca.2017.05.005,2017,"Boiling temperature at pressure P, K",Liquid,"[""Liquid"",""Gas""]",Distillation,307.75,"{""nPropDigits"":3,""nPropNumber"":1,""CombinedUncertainty"":{""nCombExpandUncertValue"":5,""nCombUncertAssessNum"":1},""nPropValue"":307.75}",variable,"{""nVarNumber"":1,""nVarDigits"":3,""nVarValue"":96.6}",307.75,True,,96600.0,False,False,False
10.1016/j.tca.2017.05.005#d2#p1#r1,10.1016/j.tca.2017.05.005#d2#p1,10.1016/j.tca.2017.05.005.json,2,1,1,"InChI=1S/C5H12/c1-3-5-4-2/h3-5H2,1-2H3",OFBQJSOFQDEBGM-UHFFFAOYSA-N,pentane,C5H12,10.1016/j.tca.2017.05.005,2017,"Boiling temperature at pressure P, K",Liquid,"[""Liquid"",""Gas""]",Distillation,309.15,"{""nPropDigits"":3,""nPropNumber"":1,""nPropValue"":309.15,""CombinedUncertainty"":{""nCombUncertAssessNum"":1,""nCombExpandUncertValue"":5}}",variable,"{""nVarValue"":96.6,""nVarDigits"":3,""nVarNumber"":1}",309.15,True,,96600.0,False,False,False
10.1016/j.tca.2017.05.005#d3#p1#r1,10.1016/j.tca.2017.05.005#d3#p1,10.1016/j.tca.2017.05.005.json,3,1,1,InChI=1S/CH2Cl2/c2-1-3/h1H2,YMWUJEATGCHHMB-UHFFFAOYSA-N,dichloromethane,CH2Cl2,10.1016/j.tca.2017.05.005,2017,"Boiling temperature at pressure P, K",Liquid,"[""Liquid"",""Gas""]",Distillation,313.25,"{""nPropNumber"":1,""nPropDigits"":3,""CombinedUncertainty"":{""nCombUncertAssessNum"":1,""nCombExpandUncertValue"":5},""nPropValue"":313.25}",variable,"{""nVarValue"":96.6,""nVarNumber"":1,""nVarDigits"":3}",313.25,True,,96600.0,False,False,False
10.1016/j.tca.2017.05.005#d4#p1#r1,10.1016/j.tca.2017.05.005#d4#p1,10.1016/j.tca.2017.05.005.json,4,1,1,InChI=1S/C4H8O/c1-2-4-5-3-1/h1-4H2,WYURNTSHIVDZCO-UHFFFAOYSA-N,tetrahydrofuran,C4H8O,10.1016/j.tca.2017.05.005,2017,"Boiling temperature at pressure P, K",Liquid,"[""Liquid"",""Gas""]",Distillation,339.15,"{""nPropNumber"":1,""nPropDigits"":3,""CombinedUncertainty"":{""nCombExpandUncertValue"":5,""nCombUncertAssessNum"":1},""nPropValue"":339.15}",variable,"{""nVarDigits"":3,""nVarNumber"":1,""nVarValue"":96.6}",339.15,True,,96600.0,False,False,False
10.1016/j.tca.2017.05.005#d5#p1#r1,10.1016/j.tca.2017.05.005#d5#p1,10.1016/j.tca.2017.05.005.json,5,1,1,InChI=1S/CHCl3/c2-1(3)4/h1H,HEDRZPFGACZZDS-UHFFFAOYSA-N,trichloromethane,CHCl3,10.1016/j.tca.2017.05.005,2017,"Boiling temperature at pressure P, K",Liquid,"[""Liquid"",""Gas""]",Distillation,334.25,"{""nPropValue"":334.25,""CombinedUncertainty"":{""nCombUncertAssessNum"":1,""nCombExpandUncertValue"":5},""nPropDigits"":3,""nPropNumber"":1}",variable,"{""nVarValue"":96.6,""nVarNumber"":1,""nVarDigits"":3}",334.25,True,,96600.0,False,False,False
10.1016/j.tca.2017.05.005#d6#p1#r1,10.1016/j.tca.2017.05.005#d6#p1,10.1016/j.tca.2017.05.005.json,6,1,1,"InChI=1S/CH4O/c1-2/h2H,1H3",OKKJLVBELUTLKV-UHFFFAOYSA-N,methanol,CH4O,10.1016/j.tca.2017.05.005,2017,"Boiling temperature at pressure P, K",Liquid,"[""Liquid"",""Gas""]",Distillation,337.65,"{""nPropNumber"":1,""nPropDigits"":3,""nPropValue"":337.65,""CombinedUncertainty"":{""nCombUncertAssessNum"":1,""nCombExpandUncertValue"":5}}",variable,"{""nVarNumber"":1,""nVarDigits"":3,""nVarValue"":96.6}",337.65,True,,96600.0,False,False,False
10.1016/j.tca.2017.05.005#d7#p1#r1,10.1016/j.tca.2017.05.005#d7#p1,10.1016/j.tca.2017.05.005.json,7,1,1,"InChI=1S/C6H14/c1-3-5-6-4-2/h3-6H2,1-2H3",VLKZOEOYAKHREP-UHFFFAOYSA-N,hexane,C6H14,10.1016/j.tca.2017.05.005,2017,"Boiling temperature at pressure P, K",Liquid,"[""Liquid"",""Gas""]",Distillation,340.35,"{""nPropValue"":340.35,""CombinedUncertainty"":{""nCombUncertAssessNum"":1,""nCombExpandUncertValue"":5},""nPropNumber"":1,""nPropDigits"":3}",variable,"{""nVarDigits"":3,""nVarNumber"":1,""nVarValue"":96.6}",340.35,True,,96600.0,False,False,False
10.1016/j.tca.2017.05.005#d8#p1#r1,10.1016/j.tca.2017.05.005#d8#p1,10.1016/j.tca.2017.05.005.json,8,1,1,InChI=1S/C6H6/c1-2-4-6-5-3-1/h1-6H,UHOVQNZJYSORNB-UHFFFAOYSA-N,benzene,C6H6,10.1016/j.tca.2017.05.005,2017,"Boiling temperature at pressure P, K",Liquid,"[""Liquid"",""Gas""]",Distillation,353.35,"{""CombinedUncertainty"":{""nCombUncertAssessNum"":1,""nCombExpandUncertValue"":5},""nPropValue"":353.35,""nPropNumber"":1,""nPropDigits"":3}",variable,"{""nVarNumber"":1,""nVarDigits"":3,""nVarValue"":96.6}",353.35,True,,96600.0,False,False,False
10.1016/j.tca.2017.05.005#d9#p1#r1,10.1016/j.tca.2017.05.005#d9#p1,10.1016/j.tca.2017.05.005.json,9,1,1,"InChI=1S/C7H8/c1-7-5-3-2-4-6-7/h2-6H,1H3",YXFVVABEGXRONW-UHFFFAOYSA-N,toluene,C7H8,10.1016/j.tca.2017.05.005,2017,"Boiling temperature at pressure P, K",Liquid,"[""Liquid"",""Gas""]",Distillation,384.95,"{""nPropValue"":384.95,""CombinedUncertainty"":{""nCombUncertAssessNum"":1,""nCombExpandUncertValue"":5},""nPropNumber"":1,""nPropDigits"":4}",variable,"{""nVarValue"":96.6,""nVarNumber"":1,""nVarDigits"":3}",384.95,True,,96600.0,False,False,False
10.1016/j.tca.2017.05.005#d10#p1#r1,10.1016/j.tca.2017.05.005#d10#p1,10.1016/j.tca.2017.05.005.json,10,1,1,InChI=1S/C2H6OS/c1-4(2)3/h1-2H3,IAZDPXIOMUYVGZ-UHFFFAOYSA-N,dimethyl sulfoxide,C2H6OS,10.1016/j.tca.2017.05.005,2017,"Boiling temperature at pressure P, K",Liquid,"[""Liquid"",""Gas""]",Distillation,461.55,"{""CombinedUncertainty"":{""nCombExpandUncertValue"":5,""nCombUncertAssessNum"":1},""nPropValue"":461.55,""nPropDigits"":4,""nPropNumber"":1}",variable,"{""nVarDigits"":3,""nVarNumber"":1,""nVarValue"":96.6}",461.55,True,,96600.0,False,False,False
10.1016/j.tca.2017.05.005#d11#p1#r1,10.1016/j.tca.2017.05.005#d11#p1,10.1016/j.tca.2017.05.005.json,11,1,1,"InChI=1S/C6H19NSi2/c1-8(2,3)7-9(4,5)6/h7H,1-6H3",FFUAGWLWBBFQJT-UHFFFAOYSA-N,"1,1,1,3,3,3-hexamethyldisilazane",C6H19NSi2,10.1016/j.tca.2017.05.005,2017,"Boiling temperature at pressure P, K",Liquid,"[""Liquid"",""Gas""]",Distillation,397.45,"{""nPropDigits"":4,""nPropNumber"":1,""CombinedUncertainty"":{""nCombUncertAssessNum"":1,""nCombExpandUncertValue"":5},""nPropValue"":397.45}",variable,"{""nVarNumber"":1,""nVarDigits"":3,""nVarValue"":96.6}",397.45,True,,96600.0,False,False,False
10.1016/j.tca.2017.05.005#d12#p1#r1,10.1016/j.tca.2017.05.005#d12#p1,10.1016/j.tca.2017.05.005.json,12,1,1,"InChI=1S/C7H17NOSi/c1-10(2,3)8-4-6-9-7-5-8/h4-7H2,1-3H3",JJOWIQMPCCUIGA-UHFFFAOYSA-N,trimethylmorpholinosilane,C7H17NOSi,10.1016/j.tca.2017.05.005,2017,"Boiling temperature at pressure P, K",Liquid,"[""Liquid"",""Gas""]",Distillation,440.65,"{""nPropValue"":440.65,""CombinedUncertainty"":{""nCombExpandUncertValue"":5,""nCombUncertAssessNum"":1},""nPropDigits"":4,""nPropNumber"":1}",variable,"{""nVarNumber"":1,""nVarDigits"":3,""nVarValue"":96.6}",440.65,True,,96600.0,False,False,False
10.1016/j.tca.2017.12.010#d5#p1#r1,10.1016/j.tca.2017.12.010#d5#p1,10.1016/j.tca.2017.12.010.json,5,1,1,InChI=1S/H2O/h1H2,XLYOFNOQVPJJNP-UHFFFAOYSA-N,water,H2O,10.1016/j.tca.2017.12.010,2018,"Boiling temperature at pressure P, K",Liquid,"[""Liquid"",""Gas""]",DSC,370.97,"{""CombinedUncertainty"":{""nCombUncertAssessNum"":1,""nCombExpandUncertValue"":1.55},""nPropValue"":370.97,""nPropNumber"":1,""nPropDigits"":5}",variable,"{""nVarNumber"":1,""nVarDigits"":3,""nVarValue"":92.9}",370.97,True,no_carbon,92900.0,False,False,False
10.1016/j.tca.2017.12.010#d5#p1#r2,10.1016/j.tca.2017.12.010#d5#p1,10.1016/j.tca.2017.12.010.json,5,1,2,InChI=1S/H2O/h1H2,XLYOFNOQVPJJNP-UHFFFAOYSA-N,water,H2O,10.1016/j.tca.2017.12.010,2018,"Boiling temperature at pressure P, K",Liquid,"[""Liquid"",""Gas""]",DSC,371.21,"{""nPropValue"":371.21,""CombinedUncertainty"":{""nCombUncertAssessNum"":1,""nCombExpandUncertValue"":1.55},""nPropNumber"":1,""nPropDigits"":5}",variable,"{""nVarDigits"":3,""nVarNumber"":1,""nVarValue"":94.1}",371.21,True,no_carbon,94100.0,False,False,False
10.1016/j.tca.2017.12.010#d5#p1#r3,10.1016/j.tca.2017.12.010#d5#p1,10.1016/j.tca.2017.12.010.json,5,1,3,InChI=1S/H2O/h1H2,XLYOFNOQVPJJNP-UHFFFAOYSA-N,water,H2O,10.1016/j.tca.2017.12.010,2018,"Boiling temperature at pressure P, K",Liquid,"[""Liquid"",""Gas""]",DSC,373.16,"{""nPropNumber"":1,""nPropDigits"":5,""nPropValue"":373.16,""CombinedUncertainty"":{""nCombUncertAssessNum"":1,""nCombExpandUncertValue"":1.55}}",variable,"{""nVarNumber"":1,""nVarDigits"":4,""nVarValue"":101.3}",373.16,True,no_carbon,101300.0,False,False,False
10.1016/j.tca.2017.12.010#d5#p1#r4,10.1016/j.tca.2017.12.010#d5#p1,10.1016/j.tca.2017.12.010.json,5,1,4,InChI=1S/H2O/h1H2,XLYOFNOQVPJJNP-UHFFFAOYSA-N,water,H2O,10.1016/j.tca.2017.12.010,2018,"Boiling temperature at pressure P, K",Liquid,"[""Liquid"",""Gas""]",DSC,416.36,"{""nPropDigits"":5,""nPropNumber"":1,""CombinedUncertainty"":{""nCombUncertAssessNum"":1,""nCombExpandUncertValue"":1.55},""nPropValue"":416.36}",variable,"{""nVarValue"":395,""nVarNumber"":1,""nVarDigits"":4}",416.36,True,no_carbon,395000,False,False,False
10.1016/j.tca.2017.12.010#d5#p1#r5,10.1016/j.tca.2017.12.010#d5#p1,10.1016/j.tca.2017.12.010.json,5,1,5,InChI=1S/H2O/h1H2,XLYOFNOQVPJJNP-UHFFFAOYSA-N,water,H2O,10.1016/j.tca.2017.12.010,2018,"Boiling temperature at pressure P, K",Liquid,"[""Liquid"",""Gas""]",DSC,430.98,"{""nPropNumber"":1,""nPropDigits"":5,""nPropValue"":430.98,""CombinedUncertainty"":{""nCombUncertAssessNum"":1,""nCombExpandUncertValue"":1.55}}",variable,"{""nVarNumber"":1,""nVarDigits"":4,""nVarValue"":585}",430.98,True,no_carbon,585000,False,False,False
10.1016/j.tca.2017.12.010#d5#p1#r6,10.1016/j.tca.2017.12.010#d5#p1,10.1016/j.tca.2017.12.010.json,5,1,6,InChI=1S/H2O/h1H2,XLYOFNOQVPJJNP-UHFFFAOYSA-N,water,H2O,10.1016/j.tca.2017.12.010,2018,"Boiling temperature at pressure P, K",Liquid,"[""Liquid"",""Gas""]",DSC,431.66,"{""nPropValue"":431.66,""CombinedUncertainty"":{""nCombExpandUncertValue"":1.55,""nCombUncertAssessNum"":1},""nPropDigits"":5,""nPropNumber"":1}",variable,"{""nVarDigits"":4,""nVarNumber"":1,""nVarValue"":592}",431.66,True,no_carbon,592000,False,False,False
10.1016/j.tca.2017.12.010#d5#p1#r7,10.1016/j.tca.2017.12.010#d5#p1,10.1016/j.tca.2017.12.010.json,5,1,7,InChI=1S/H2O/h1H2,XLYOFNOQVPJJNP-UHFFFAOYSA-N,water,H2O,10.1016/j.tca.2017.12.010,2018,"Boiling temperature at pressure P, K",Liquid,"[""Liquid"",""Gas""]",DSC,442.53,"{""nPropValue"":442.53,""CombinedUncertainty"":{""nCombExpandUncertValue"":1.55,""nCombUncertAssessNum"":1},""nPropNumber"":1,""nPropDigits"":5}",variable,"{""nVarDigits"":4,""nVarNumber"":1,""nVarValue"":791}",442.53,True,no_carbon,791000,False,False,False
10.1016/j.tca.2017.12.010#d5#p1#r8,10.1016/j.tca.2017.12.010#d5#p1,10.1016/j.tca.2017.12.010.json,5,1,8,InChI=1S/H2O/h1H2,XLYOFNOQVPJJNP-UHFFFAOYSA-N,water,H2O,10.1016/j.tca.2017.12.010,2018,"Boiling temperature at pressure P, K",Liquid,"[""Liquid"",""Gas""]",DSC,456.44,"{""nPropNumber"":1,""nPropDigits"":5,""CombinedUncertainty"":{""nCombExpandUncertValue"":1.55,""nCombUncertAssessNum"":1},""nPropValue"":456.44}",variable,"{""nVarValue"":1091,""nVarDigits"":5,""nVarNumber"":1}",456.44,True,no_carbon,1091000,False,False,False
10.1016/j.tca.2017.12.010#d5#p1#r9,10.1016/j.tca.2017.12.010#d5#p1,10.1016/j.tca.2017.12.010.json,5,1,9,InChI=1S/H2O/h1H2,XLYOFNOQVPJJNP-UHFFFAOYSA-N,water,H2O,10.1016/j.tca.2017.12.010,2018,"Boiling temperature at pressure P, K",Liquid,"[""Liquid"",""Gas""]",DSC,467.41,"{""nPropNumber"":1,""nPropDigits"":5,""nPropValue"":467.41,""CombinedUncertainty"":{""nCombUncertAssessNum"":1,""nCombExpandUncertValue"":1.55}}",variable,"{""nVarValue"":1392,""nVarNumber"":1,""nVarDigits"":5}",467.41,True,no_carbon,1392000,False,False,False
10.1016/j.tca.2017.12.010#d5#p1#r10,10.1016/j.tca.2017.12.010#d5#p1,10.1016/j.tca.2017.12.010.json,5,1,10,InChI=1S/H2O/h1H2,XLYOFNOQVPJJNP-UHFFFAOYSA-N,water,H2O,10.1016/j.tca.2017.12.010,2018,"Boiling temperature at pressure P, K",Liquid,"[""Liquid"",""Gas""]",DSC,476.35,"{""CombinedUncertainty"":{""nCombUncertAssessNum"":1,""nCombExpandUncertValue"":1.55},""nPropValue"":476.35,""nPropNumber"":1,""nPropDigits"":5}",variable,"{""nVarValue"":1689,""nVarNumber"":1,""nVarDigits"":5}",476.35,True,no_carbon,1689000,False,False,False
10.1016/j.tca.2017.12.010#d5#p1#r11,10.1016/j.tca.2017.12.010#d5#p1,10.1016/j.tca.2017.12.010.json,5,1,11,InChI=1S/H2O/h1H2,XLYOFNOQVPJJNP-UHFFFAOYSA-N,water,H2O,10.1016/j.tca.2017.12.010,2018,"Boiling temperature at pressure P, K",Liquid,"[""Liquid"",""Gas""]",DSC,486.41,"{""nPropValue"":486.41,""CombinedUncertainty"":{""nCombExpandUncertValue"":1.55,""nCombUncertAssessNum"":1},""nPropDigits"":5,""nPropNumber"":1}",variable,"{""nVarDigits"":5,""nVarNumber"":1,""nVarValue"":2088}",486.41,True,no_carbon,2088000,False,False,False
10.1016/j.tca.2017.12.010#d5#p1#r12,10.1016/j.tca.2017.12.010#d5#p1,10.1016/j.tca.2017.12.010.json,5,1,12,InChI=1S/H2O/h1H2,XLYOFNOQVPJJNP-UHFFFAOYSA-N,water,H2O,10.1016/j.tca.2017.12.010,2018,"Boiling temperature at pressure P, K",Liquid,"[""Liquid"",""Gas""]",DSC,370.99,"{""nPropValue"":370.99,""CombinedUncertainty"":{""nCombExpandUncertValue"":1.55,""nCombUncertAssessNum"":1},""nPropDigits"":5,""nPropNumber"":1}",variable,"{""nVarValue"":93,""nVarDigits"":3,""nVarNumber"":1}",370.99,True,no_carbon,93000,False,False,False
10.1016/j.tca.2017.12.010#d5#p1#r13,10.1016/j.tca.2017.12.010#d5#p1,10.1016/j.tca.2017.12.010.json,5,1,13,InChI=1S/H2O/h1H2,XLYOFNOQVPJJNP-UHFFFAOYSA-N,water,H2O,10.1016/j.tca.2017.12.010,2018,"Boiling temperature at pressure P, K",Liquid,"[""Liquid"",""Gas""]",DSC,371.09,"{""CombinedUncertainty"":{""nCombExpandUncertValue"":1.55,""nCombUncertAssessNum"":1},""nPropValue"":371.09,""nPropDigits"":5,""nPropNumber"":1}",variable,"{""nVarDigits"":3,""nVarNumber"":1,""nVarValue"":93.5}",371.09,True,no_carbon,93500.0,False,False,False
10.1021/acs.jced.5b00255#d1#p1#r1,10.1021/acs.jced.5b00255#d1#p1,10.1021/acs.jced.5b00255.json,1,1,1,"InChI=1S/C10H16O2Si/c1-4-13(11-2,12-3)10-8-6-5-7-9-10/h5-9H,4H2,1-3H3",OWFNNCHTAVHPBL-UHFFFAOYSA-N,ethylphenyldimethoxysilane,C10H16O2Si,10.1021/acs.jced.5b00255,2015,"Boiling temperature at pressure P, K",Liquid,"[""Liquid"",""Gas""]",Distillation,332.25,"{""nPropNumber"":1,""nPropDigits"":3,""CombinedUncertainty"":{""nCombUncertAssessNum"":1,""nCombExpandUncertValue"":7.4},""nPropValue"":332.25}",variable,"{""nVarValue"":0.23,""nVarDigits"":2,""nVarNumber"":1}",332.25,True,,230.0,False,True,False
10.1021/acs.jced.5b00255#d3#p1#r1,10.1021/acs.jced.5b00255#d3#p1,10.1021/acs.jced.5b00255.json,3,1,1,"InChI=1S/C12H20O2Si/c1-4-13-15(6-3,14-5-2)12-10-8-7-9-11-12/h7-11H,4-6H2,1-3H3",UYJVWFZJQXTYLG-UHFFFAOYSA-N,diethoxy(ethyl)(phenyl)silane,C12H20O2Si,10.1021/acs.jced.5b00255,2015,"Boiling temperature at pressure P, K",Liquid,"[""Liquid"",""Gas""]",Distillation,357.15,"{""nPropDigits"":2,""nPropNumber"":1,""nPropValue"":357.15,""CombinedUncertainty"":{""nCombUncertAssessNum"":1,""nCombExpandUncertValue"":7}}",variable,"{""nVarValue"":0.23,""nVarDigits"":2,""nVarNumber"":1}",357.15,True,,230.0,False,True,False
10.1021/acs.jced.5b00724#d3#p1#r1,10.1021/acs.jced.5b00724#d3#p1,10.1021/acs.jced.5b00724.json,3,1,1,"InChI=1S/C5H8O2/c1-4-2-3-5(6)7-4/h4H,2-3H2,1H3",GAEKPEKOJKCEMS-UHFFFAOYSA-N,.gamma.-valerolactone,C5H8O2,10.1021/acs.jced.5b00724,2016,"Boiling temperature at pressure P, K",Liquid,"[""Liquid"",""Gas""]",Ebulliometric method (Recirculating still),338.1,"{""nPropNumber"":1,""nPropDigits"":4,""nPropValue"":338.1,""CombinedUncertainty"":{""nCombExpandUncertValue"":6.3,""nCombUncertAssessNum"":1}}",variable,"{""nVarValue"":0.58,""nVarDigits"":2,""nVarNumber"":1}",338.1,True,,580.0,True,True,False
10.1021/acs.jced.5b00724#d3#p1#r2,10.1021/acs.jced.5b00724#d3#p1,10.1021/acs.jced.5b00724.json,3,1,2,"InChI=1S/C5H8O2/c1-4-2-3-5(6)7-4/h4H,2-3H2,1H3",GAEKPEKOJKCEMS-UHFFFAOYSA-N,.gamma.-valerolactone,C5H8O2,10.1021/acs.jced.5b00724,2016,"Boiling temperature at pressure P, K",Liquid,"[""Liquid"",""Gas""]",Ebulliometric method (Recirculating still),350.6,"{""CombinedUncertainty"":{""nCombExpandUncertValue"":5.7,""nCombUncertAssessNum"":1},""nPropValue"":350.6,""nPropNumber"":1,""nPropDigits"":4}",variable,"{""nVarNumber"":1,""nVarDigits"":3,""nVarValue"":1.14}",350.6,True,,1140.0,True,True,False
10.1021/acs.jced.5b00724#d3#p1#r3,10.1021/acs.jced.5b00724#d3#p1,10.1021/acs.jced.5b00724.json,3,1,3,"InChI=1S/C5H8O2/c1-4-2-3-5(6)7-4/h4H,2-3H2,1H3",GAEKPEKOJKCEMS-UHFFFAOYSA-N,.gamma.-valerolactone,C5H8O2,10.1021/acs.jced.5b00724,2016,"Boiling temperature at pressure P, K",Liquid,"[""Liquid"",""Gas""]",Ebulliometric method (Recirculating still),356.19,"{""CombinedUncertainty"":{""nCombUncertAssessNum"":1,""nCombExpandUncertValue"":3.93},""nPropValue"":356.19,""nPropDigits"":5,""nPropNumber"":1}",variable,"{""nVarValue"":1.49,""nVarNumber"":1,""nVarDigits"":3}",356.19,True,,1490.0,True,True,False
10.1021/acs.jced.5b00724#d3#p1#r4,10.1021/acs.jced.5b00724#d3#p1,10.1021/acs.jced.5b00724.json,3,1,4,"InChI=1S/C5H8O2/c1-4-2-3-5(6)7-4/h4H,2-3H2,1H3",GAEKPEKOJKCEMS-UHFFFAOYSA-N,.gamma.-valerolactone,C5H8O2,10.1021/acs.jced.5b00724,2016,"Boiling temperature at pressure P, K",Liquid,"[""Liquid"",""Gas""]",Ebulliometric method (Recirculating still),360.62,"{""CombinedUncertainty"":{""nCombExpandUncertValue"":3.02,""nCombUncertAssessNum"":1},""nPropValue"":360.62,""nPropDigits"":5,""nPropNumber"":1}",variable,"{""nVarValue"":1.86,""nVarDigits"":3,""nVarNumber"":1}",360.62,True,,1860.0,True,True,False
10.1021/acs.jced.5b00724#d3#p1#r5,10.1021/acs.jced.5b00724#d3#p1,10.1021/acs.jced.5b00724.json,3,1,5,"InChI=1S/C5H8O2/c1-4-2-3-5(6)7-4/h4H,2-3H2,1H3",GAEKPEKOJKCEMS-UHFFFAOYSA-N,.gamma.-valerolactone,C5H8O2,10.1021/acs.jced.5b00724,2016,"Boiling temperature at pressure P, K",Liquid,"[""Liquid"",""Gas""]",Ebulliometric method (Recirculating still),366.92,"{""nPropDigits"":5,""nPropNumber"":1,""nPropValue"":366.92,""CombinedUncertainty"":{""nCombExpandUncertValue"":2.09,""nCombUncertAssessNum"":1}}",variable,"{""nVarDigits"":3,""nVarNumber"":1,""nVarValue"":2.49}",366.92,True,,2490.0,True,True,False
10.1021/acs.jced.5b00724#d3#p1#r6,10.1021/acs.jced.5b00724#d3#p1,10.1021/acs.jced.5b00724.json,3,1,6,"InChI=1S/C5H8O2/c1-4-2-3-5(6)7-4/h4H,2-3H2,1H3",GAEKPEKOJKCEMS-UHFFFAOYSA-N,.gamma.-valerolactone,C5H8O2,10.1021/acs.jced.5b00724,2016,"Boiling temperature at pressure P, K",Liquid,"[""Liquid"",""Gas""]",Ebulliometric method (Recirculating still),379.6,"{""nPropNumber"":1,""nPropDigits"":4,""CombinedUncertainty"":{""nCombUncertAssessNum"":1,""nCombExpandUncertValue"":1.3},""nPropValue"":379.6}",variable,"{""nVarValue"":4.37,""nVarNumber"":1,""nVarDigits"":3}",379.6,True,,4370.0,True,True,False
10.1021/acs.jced.5b00724#d3#p1#r7,10.1021/acs.jced.5b00724#d3#p1,10.1021/acs.jced.5b00724.json,3,1,7,"InChI=1S/C5H8O2/c1-4-2-3-5(6)7-4/h4H,2-3H2,1H3",GAEKPEKOJKCEMS-UHFFFAOYSA-N,.gamma.-valerolactone,C5H8O2,10.1021/acs.jced.5b00724,2016,"Boiling temperature at pressure P, K",Liquid,"[""Liquid"",""Gas""]",Ebulliometric method (Recirculating still),396.8,"{""nPropValue"":396.8,""CombinedUncertainty"":{""nCombExpandUncertValue"":1.1,""nCombUncertAssessNum"":1},""nPropNumber"":1,""nPropDigits"":4}",variable,"{""nVarValue"":8.66,""nVarNumber"":1,""nVarDigits"":3}",396.8,True,,8660.0,True,True,False
10.1021/acs.jced.5b00724#d3#p1#r8,10.1021/acs.jced.5b00724#d3#p1,10.1021/acs.jced.5b00724.json,3,1,8,"InChI=1S/C5H8O2/c1-4-2-3-5(6)7-4/h4H,2-3H2,1H3",GAEKPEKOJKCEMS-UHFFFAOYSA-N,.gamma.-valerolactone,C5H8O2,10.1021/acs.jced.5b00724,2016,"Boiling temperature at pressure P, K",Liquid,"[""Liquid"",""Gas""]",Ebulliometric method (Recirculating still),402.5,"{""nPropNumber"":1,""nPropDigits"":4,""CombinedUncertainty"":{""nCombExpandUncertValue"":0.8,""nCombUncertAssessNum"":1},""nPropValue"":402.5}",variable,"{""nVarNumber"":1,""nVarDigits"":4,""nVarValue"":10.61}",402.5,True,,10610.0,True,True,False
10.1021/acs.jced.5b00724#d3#p1#r9,10.1021/acs.jced.5b00724#d3#p1,10.1021/acs.jced.5b00724.json,3,1,9,"InChI=1S/C5H8O2/c1-4-2-3-5(6)7-4/h4H,2-3H2,1H3",GAEKPEKOJKCEMS-UHFFFAOYSA-N,.gamma.-valerolactone,C5H8O2,10.1021/acs.jced.5b00724,2016,"Boiling temperature at pressure P, K",Liquid,"[""Liquid"",""Gas""]",Ebulliometric method (Recirculating still),405.9,"{""nPropNumber"":1,""nPropDigits"":4,""nPropValue"":405.9,""CombinedUncertainty"":{""nCombExpandUncertValue"":0.6,""nCombUncertAssessNum"":1}}",variable,"{""nVarValue"":11.92,""nVarNumber"":1,""nVarDigits"":4}",405.9,True,,11920.0,True,True,False
10.1021/acs.jced.5b00724#d3#p1#r10,10.1021/acs.jced.5b00724#d3#p1,10.1021/acs.jced.5b00724.json,3,1,10,"InChI=1S/C5H8O2/c1-4-2-3-5(6)7-4/h4H,2-3H2,1H3",GAEKPEKOJKCEMS-UHFFFAOYSA-N,.gamma.-valerolactone,C5H8O2,10.1021/acs.jced.5b00724,2016,"Boiling temperature at pressure P, K",Liquid,"[""Liquid"",""Gas""]",Ebulliometric method (Recirculating still),415.3,"{""CombinedUncertainty"":{""nCombExpandUncertValue"":0.6,""nCombUncertAssessNum"":1},""nPropValue"":415.3,""nPropNumber"":1,""nPropDigits"":4}",variable,"{""nVarValue"":16.51,""nVarNumber"":1,""nVarDigits"":4}",415.3,True,,16510.0,True,True,False
10.1021/acs.jced.5b00724#d3#p1#r11,10.1021/acs.jced.5b00724#d3#p1,10.1021/acs.jced.5b00724.json,3,1,11,"InChI=1S/C5H8O2/c1-4-2-3-5(6)7-4/h4H,2-3H2,1H3",GAEKPEKOJKCEMS-UHFFFAOYSA-N,.gamma.-valerolactone,C5H8O2,10.1021/acs.jced.5b00724,2016,"Boiling temperature at pressure P, K",Liquid,"[""Liquid"",""Gas""]",Ebulliometric method (Recirculating still),421.2,"{""nPropNumber"":1,""nPropDigits"":4,""CombinedUncertainty"":{""nCombExpandUncertValue"":0.5,""nCombUncertAssessNum"":1},""nPropValue"":421.2}",variable,"{""nVarValue"":20.17,""nVarNumber"":1,""nVarDigits"":4}",421.2,True,,20170.0,True,False,False
10.1021/acs.jced.5b00724#d3#p1#r12,10.1021/acs.jced.5b00724#d3#p1,10.1021/acs.jced.5b00724.json,3,1,12,"InChI=1S/C5H8O2/c1-4-2-3-5(6)7-4/h4H,2-3H2,1H3",GAEKPEKOJKCEMS-UHFFFAOYSA-N,.gamma.-valerolactone,C5H8O2,10.1021/acs.jced.5b00724,2016,"Boiling temperature at pressure P, K",Liquid,"[""Liquid"",""Gas""]",Ebulliometric method (Recirculating still),430.93,"{""nPropValue"":430.93,""CombinedUncertainty"":{""nCombUncertAssessNum"":1,""nCombExpandUncertValue"":0.35},""nPropNumber"":1,""nPropDigits"":5}",variable,"{""nVarValue"":27.32,""nVarNumber"":1,""nVarDigits"":4}",430.93,True,,27320.0,True,False,False
10.1021/acs.jced.5b00724#d3#p1#r13,10.1021/acs.jced.5b00724#d3#p1,10.1021/acs.jced.5b00724.json,3,1,13,"InChI=1S/C5H8O2/c1-4-2-3-5(6)7-4/h4H,2-3H2,1H3",GAEKPEKOJKCEMS-UHFFFAOYSA-N,.gamma.-valerolactone,C5H8O2,10.1021/acs.jced.5b00724,2016,"Boiling temperature at pressure P, K",Liquid,"[""Liquid"",""Gas""]",Ebulliometric method (Recirculating still),439.6,"{""nPropValue"":439.6,""CombinedUncertainty"":{""nCombExpandUncertValue"":0.3,""nCombUncertAssessNum"":1},""nPropDigits"":4,""nPropNumber"":1}",variable,"{""nVarValue"":35.64,""nVarDigits"":4,""nVarNumber"":1}",439.6,True,,35640.0,True,False,False
10.1021/acs.jced.5b00724#d3#p1#r14,10.1021/acs.jced.5b00724#d3#p1,10.1021/acs.jced.5b00724.json,3,1,14,"InChI=1S/C5H8O2/c1-4-2-3-5(6)7-4/h4H,2-3H2,1H3",GAEKPEKOJKCEMS-UHFFFAOYSA-N,.gamma.-valerolactone,C5H8O2,10.1021/acs.jced.5b00724,2016,"Boiling temperature at pressure P, K",Liquid,"[""Liquid"",""Gas""]",Ebulliometric method (Recirculating still),446.33,"{""nPropNumber"":1,""nPropDigits"":5,""CombinedUncertainty"":{""nCombExpandUncertValue"":0.23,""nCombUncertAssessNum"":1},""nPropValue"":446.33}",variable,"{""nVarValue"":43.21,""nVarDigits"":4,""nVarNumber"":1}",446.33,True,,43210.0,True,False,False
10.1021/acs.jced.5b00724#d3#p1#r15,10.1021/acs.jced.5b00724#d3#p1,10.1021/acs.jced.5b00724.json,3,1,15,"InChI=1S/C5H8O2/c1-4-2-3-5(6)7-4/h4H,2-3H2,1H3",GAEKPEKOJKCEMS-UHFFFAOYSA-N,.gamma.-valerolactone,C5H8O2,10.1021/acs.jced.5b00724,2016,"Boiling temperature at pressure P, K",Liquid,"[""Liquid"",""Gas""]",Ebulliometric method (Recirculating still),458.87,"{""nPropNumber"":1,""nPropDigits"":5,""CombinedUncertainty"":{""nCombUncertAssessNum"":1,""nCombExpandUncertValue"":0.2},""nPropValue"":458.87}",variable,"{""nVarDigits"":4,""nVarNumber"":1,""nVarValue"":61.04}",458.87,True,,61040.0,True,False,False
10.1021/acs.jced.5b00724#d3#p1#r16,10.1021/acs.jced.5b00724#d3#p1,10.1021/acs.jced.5b00724.json,3,1,16,"InChI=1S/C5H8O2/c1-4-2-3-5(6)7-4/h4H,2-3H2,1H3",GAEKPEKOJKCEMS-UHFFFAOYSA-N,.gamma.-valerolactone,C5H8O2,10.1021/acs.jced.5b00724,2016,"Boiling temperature at pressure P, K",Liquid,"[""Liquid"",""Gas""]",Ebulliometric method (Recirculating still),470.19,"{""CombinedUncertainty"":{""nCombUncertAssessNum"":1,""nCombExpandUncertValue"":0.18},""nPropValue"":470.19,""nPropDigits"":5,""nPropNumber"":1}",variable,"{""nVarDigits"":4,""nVarNumber"":1,""nVarValue"":82.18}",470.19,True,,82180.0,True,False,False
10.1021/acs.jced.5b00849#d5#p1#r1,10.1021/acs.jced.5b00849#d5#p1,10.1021/acs.jced.5b00849.json,5,1,1,"InChI=1S/CH4O/c1-2/h2H,1H3",OKKJLVBELUTLKV-UHFFFAOYSA-N,methanol,CH4O,10.1021/acs.jced.5b00849,2016,"Boiling temperature at pressure P, K",Liquid,"[""Liquid"",""Gas""]",Ebulliometric method (Recirculating still),315.7,"{""CombinedUncertainty"":{""nCombExpandUncertValue"":2.8,""nCombUncertAssessNum"":1},""nPropValue"":315.7,""nPropNumber"":1,""nPropDigits"":4}",variable,"{""nVarNumber"":1,""nVarDigits"":4,""nVarValue"":40}",315.7,True,,40000,True,False,False
10.1021/acs.jced.5b00849#d5#p1#r2,10.1021/acs.jced.5b00849#d5#p1,10.1021/acs.jced.5b00849.json,5,1,2,"InChI=1S/CH4O/c1-2/h2H,1H3",OKKJLVBELUTLKV-UHFFFAOYSA-N,methanol,CH4O,10.1021/acs.jced.5b00849,2016,"Boiling temperature at pressure P, K",Liquid,"[""Liquid"",""Gas""]",Ebulliometric method (Recirculating still),319,"{""nPropDigits"":4,""nPropNumber"":1,""CombinedUncertainty"":{""nCombUncertAssessNum"":1,""nCombExpandUncertValue"":2.6},""nPropValue"":319}",variable,"{""nVarDigits"":4,""nVarNumber"":1,""nVarValue"":46.66}",319,True,,46660.0,True,False,False
10.1021/acs.jced.5b00849#d5#p1#r3,10.1021/acs.jced.5b00849#d5#p1,10.1021/acs.jced.5b00849.json,5,1,3,"InChI=1S/CH4O/c1-2/h2H,1H3",OKKJLVBELUTLKV-UHFFFAOYSA-N,methanol,CH4O,10.1021/acs.jced.5b00849,2016,"Boiling temperature at pressure P, K",Liquid,"[""Liquid"",""Gas""]",Ebulliometric method (Recirculating still),324.3,"{""nPropDigits"":4,""nPropNumber"":1,""nPropValue"":324.3,""CombinedUncertainty"":{""nCombUncertAssessNum"":1,""nCombExpandUncertValue"":2.3}}",variable,"{""nVarNumber"":1,""nVarDigits"":4,""nVarValue"":58.8}",324.3,True,,58800.0,True,False,False
10.1021/acs.jced.5b00849#d5#p1#r4,10.1021/acs.jced.5b00849#d5#p1,10.1021/acs.jced.5b00849.json,5,1,4,"InChI=1S/CH4O/c1-2/h2H,1H3",OKKJLVBELUTLKV-UHFFFAOYSA-N,methanol,CH4O,10.1021/acs.jced.5b00849,2016,"Boiling temperature at pressure P, K",Liquid,"[""Liquid"",""Gas""]",Ebulliometric method (Recirculating still),327.5,"{""nPropValue"":327.5,""CombinedUncertainty"":{""nCombUncertAssessNum"":1,""nCombExpandUncertValue"":2.1},""nPropDigits"":4,""nPropNumber"":1}",variable,"{""nVarValue"":67.59,""nVarNumber"":1,""nVarDigits"":4}",327.5,True,,67590.0,True,False,False
10.1021/acs.jced.5b00849#d5#p1#r5,10.1021/acs.jced.5b00849#d5#p1,10.1021/acs.jced.5b00849.json,5,1,5,"InChI=1S/CH4O/c1-2/h2H,1H3",OKKJLVBELUTLKV-UHFFFAOYSA-N,methanol,CH4O,10.1021/acs.jced.5b00849,2016,"Boiling temperature at pressure P, K",Liquid,"[""Liquid"",""Gas""]",Ebulliometric method (Recirculating still),330.6,"{""nPropDigits"":4,""nPropNumber"":1,""CombinedUncertainty"":{""nCombExpandUncertValue"":2.1,""nCombUncertAssessNum"":1},""nPropValue"":330.6}",variable,"{""nVarDigits"":4,""nVarNumber"":1,""nVarValue"":76.13}",330.6,True,,76130.0,True,False,False
10.1021/acs.jced.6b00180#d14#p1#r1,10.1021/acs.jced.6b00180#d14#p1,10.1021/acs.jced.6b00180.json,14,1,1,"InChI=1S/C2H6O/c1-2-3/h3H,2H2,1H3",LFQSCWFLJHTTHZ-UHFFFAOYSA-N,ethanol,C2H6O,10.1021/acs.jced.6b00180,2016,"Boiling temperature at pressure P, K",Liquid,"[""Liquid"",""Gas""]",Ebulliometric method (Recirculating still),351.5,"{""nPropValue"":351.5,""CombinedUncertainty"":{""nCombUncertAssessNum"":1,""nCombExpandUncertValue"":1},""nPropNumber"":1,""nPropDigits"":5}",variable,"{""nVarNumber"":1,""nVarDigits"":5,""nVarValue"":101.33}",351.5,True,,101330.0,True,False,False
10.1021/acs.jced.6b00180#d17#p1#r1,10.1021/acs.jced.6b00180#d17#p1,10.1021/acs.jced.6b00180.json,17,1,1,"InChI=1S/CH4O/c1-2/h2H,1H3",OKKJLVBELUTLKV-UHFFFAOYSA-N,methanol,CH4O,10.1021/acs.jced.6b00180,2016,"Boiling temperature at pressure P, K",Liquid,"[""Liquid"",""Gas""]",Ebulliometric method (Recirculating still),337.8,"{""nPropValue"":337.8,""CombinedUncertainty"":{""nCombUncertAssessNum"":1,""nCombExpandUncertValue"":1},""nPropNumber"":1,""nPropDigits"":5}",variable,"{""nVarDigits"":5,""nVarNumber"":1,""nVarValue"":101.33}",337.8,True,,101330.0,True,False,False
10.1021/acs.jced.6b00180#d19#p1#r1,10.1021/acs.jced.6b00180#d19#p1,10.1021/acs.jced.6b00180.json,19,1,1,"InChI=1S/C6H14/c1-3-5-6-4-2/h3-6H2,1-2H3",VLKZOEOYAKHREP-UHFFFAOYSA-N,hexane,C6H14,10.1021/acs.jced.6b00180,2016,"Boiling temperature at pressure P, K",Liquid,"[""Liquid"",""Gas""]",Ebulliometric method (Recirculating still),341.9,"{""CombinedUncertainty"":{""nCombExpandUncertValue"":1,""nCombUncertAssessNum"":1},""nPropValue"":341.9,""nPropNumber"":1,""nPropDigits"":5}",variable,"{""nVarValue"":101.33,""nVarDigits"":5,""nVarNumber"":1}",341.9,True,,101330.0,True,False,False
10.1021/acs.jced.6b00180#d21#p1#r1,10.1021/acs.jced.6b00180#d21#p1,10.1021/acs.jced.6b00180.json,21,1,1,InChI=1S/C3H6O/c1-3(2)4/h1-2H3,CSCPPACGZOOCGX-UHFFFAOYSA-N,acetone,C3H6O,10.1021/acs.jced.6b00180,2016,"Boiling temperature at pressure P, K",Liquid,"[""Liquid"",""Gas""]",Ebulliometric method (Recirculating still),329.3,"{""CombinedUncertainty"":{""nCombUncertAssessNum"":1,""nCombExpandUncertValue"":1},""nPropValue"":329.3,""nPropDigits"":5,""nPropNumber"":1}",variable,"{""nVarValue"":101.33,""nVarNumber"":1,""nVarDigits"":5}",329.3,True,,101330.0,True,False,False
10.1021/acs.jced.6b00197#d4#p1#r1,10.1021/acs.jced.6b00197#d4#p1,10.1021/acs.jced.6b00197.json,4,1,1,"InChI=1S/C7H14O2/c1-6(2)4-5-9-7(3)8/h6H,4-5H2,1-3H3",MLFHJEHSLIIPHL-UHFFFAOYSA-N,3-methylbutyl ethanoate,C7H14O2,10.1021/acs.jced.6b00197,2016,"Boiling temperature at pressure P, K",Liquid,"[""Liquid"",""Gas""]",Ebulliometric method (Recirculating still),333.01,"{""nPropDigits"":4,""nPropNumber"":1,""CombinedUncertainty"":{""nCombUncertAssessNum"":1,""nCombExpandUncertValue"":0.29},""nPropValue"":333.01}",variable,"{""nVarNumber"":1,""nVarDigits"":3,""nVarValue"":4.98}",333.01,True,,4980.0,True,True,False
10.1021/acs.jced.6b00197#d4#p1#r2,10.1021/acs.jced.6b00197#d4#p1,10.1021/acs.jced.6b00197.json,4,1,2,"InChI=1S/C7H14O2/c1-6(2)4-5-9-7(3)8/h6H,4-5H2,1-3H3",MLFHJEHSLIIPHL-UHFFFAOYSA-N,3-methylbutyl ethanoate,C7H14O2,10.1021/acs.jced.6b00197,2016,"Boiling temperature at pressure P, K",Liquid,"[""Liquid"",""Gas""]",Ebulliometric method (Recirculating still),348.19,"{""nPropDigits"":4,""nPropNumber"":1,""CombinedUncertainty"":{""nCombExpandUncertValue"":0.23,""nCombUncertAssessNum"":1},""nPropValue"":348.19}",variable,"{""nVarValue"":10.05,""nVarDigits"":4,""nVarNumber"":1}",348.19,True,,10050.0,True,True,False
10.1021/acs.jced.6b00197#d4#p1#r3,10.1021/acs.jced.6b00197#d4#p1,10.1021/acs.jced.6b00197.json,4,1,3,"InChI=1S/C7H14O2/c1-6(2)4-5-9-7(3)8/h6H,4-5H2,1-3H3",MLFHJEHSLIIPHL-UHFFFAOYSA-N,3-methylbutyl ethanoate,C7H14O2,10.1021/acs.jced.6b00197,2016,"Boiling temperature at pressure P, K",Liquid,"[""Liquid"",""Gas""]",Ebulliometric method (Recirculating still),365.25,"{""CombinedUncertainty"":{""nCombUncertAssessNum"":1,""nCombExpandUncertValue"":0.17},""nPropValue"":365.25,""nPropDigits"":4,""nPropNumber"":1}",variable,"{""nVarDigits"":4,""nVarNumber"":1,""nVarValue"":19.88}",365.25,True,,19880.0,True,True,False
10.1021/acs.jced.6b00197#d4#p1#r4,10.1021/acs.jced.6b00197#d4#p1,10.1021/acs.jced.6b00197.json,4,1,4,"InChI=1S/C7H14O2/c1-6(2)4-5-9-7(3)8/h6H,4-5H2,1-3H3",MLFHJEHSLIIPHL-UHFFFAOYSA-N,3-methylbutyl ethanoate,C7H14O2,10.1021/acs.jced.6b00197,2016,"Boiling temperature at pressure P, K",Liquid,"[""Liquid"",""Gas""]",Ebulliometric method (Recirculating still),384.57,"{""nPropDigits"":5,""nPropNumber"":1,""nPropValue"":384.57,""CombinedUncertainty"":{""nCombUncertAssessNum"":1,""nCombExpandUncertValue"":0.16}}",variable,"{""nVarValue"":39.98,""nVarDigits"":4,""nVarNumber"":1}",384.57,True,,39980.0,True,False,False
10.1021/acs.jced.6b00197#d4#p1#r5,10.1021/acs.jced.6b00197#d4#p1,10.1021/acs.jced.6b00197.json,4,1,5,"InChI=1S/C7H14O2/c1-6(2)4-5-9-7(3)8/h6H,4-5H2,1-3H3",MLFHJEHSLIIPHL-UHFFFAOYSA-N,3-methylbutyl ethanoate,C7H14O2,10.1021/acs.jced.6b00197,2016,"Boiling temperature at pressure P, K",Liquid,"[""Liquid"",""Gas""]",Ebulliometric method (Recirculating still),391.35,"{""nPropDigits"":5,""nPropNumber"":1,""CombinedUncertainty"":{""nCombUncertAssessNum"":1,""nCombExpandUncertValue"":0.15},""nPropValue"":391.35}",variable,"{""nVarValue"":50.03,""nVarDigits"":4,""nVarNumber"":1}",391.35,True,,50030.0,True,False,False
10.1021/acs.jced.6b00197#d4#p1#r6,10.1021/acs.jced.6b00197#d4#p1,10.1021/acs.jced.6b00197.json,4,1,6,"InChI=1S/C7H14O2/c1-6(2)4-5-9-7(3)8/h6H,4-5H2,1-3H3",MLFHJEHSLIIPHL-UHFFFAOYSA-N,3-methylbutyl ethanoate,C7H14O2,10.1021/acs.jced.6b00197,2016,"Boiling temperature at pressure P, K",Liquid,"[""Liquid"",""Gas""]",Ebulliometric method (Recirculating still),397.08,"{""nPropNumber"":1,""nPropDigits"":5,""nPropValue"":397.08,""CombinedUncertainty"":{""nCombExpandUncertValue"":0.15,""nCombUncertAssessNum"":1}}",variable,"{""nVarValue"":60.02,""nVarNumber"":1,""nVarDigits"":4}",397.08,True,,60020.0,True,False,False
10.1021/acs.jced.6b00197#d4#p1#r7,10.1021/acs.jced.6b00197#d4#p1,10.1021/acs.jced.6b00197.json,4,1,7,"InChI=1S/C7H14O2/c1-6(2)4-5-9-7(3)8/h6H,4-5H2,1-3H3",MLFHJEHSLIIPHL-UHFFFAOYSA-N,3-methylbutyl ethanoate,C7H14O2,10.1021/acs.jced.6b00197,2016,"Boiling temperature at pressure P, K",Liquid,"[""Liquid"",""Gas""]",Ebulliometric method (Recirculating still),406.58,"{""nPropNumber"":1,""nPropDigits"":5,""nPropValue"":406.58,""CombinedUncertainty"":{""nCombUncertAssessNum"":1,""nCombExpandUncertValue"":0.15}}",variable,"{""nVarValue"":79.97,""nVarNumber"":1,""nVarDigits"":4}",406.58,True,,79970.0,True,False,False
10.1021/acs.jced.6b00197#d4#p1#r8,10.1021/acs.jced.6b00197#d4#p1,10.1021/acs.jced.6b00197.json,4,1,8,"InChI=1S/C7H14O2/c1-6(2)4-5-9-7(3)8/h6H,4-5H2,1-3H3",MLFHJEHSLIIPHL-UHFFFAOYSA-N,3-methylbutyl ethanoate,C7H14O2,10.1021/acs.jced.6b00197,2016,"Boiling temperature at pressure P, K",Liquid,"[""Liquid"",""Gas""]",Ebulliometric method (Recirculating still),414.32,"{""nPropValue"":414.32,""CombinedUncertainty"":{""nCombExpandUncertValue"":0.15,""nCombUncertAssessNum"":1},""nPropDigits"":5,""nPropNumber"":1}",variable,"{""nVarNumber"":1,""nVarDigits"":4,""nVarValue"":99.82}",414.32,True,,99820.0,True,False,False
10.1021/acs.jced.6b00197#d4#p1#r9,10.1021/acs.jced.6b00197#d4#p1,10.1021/acs.jced.6b00197.json,4,1,9,"InChI=1S/C7H14O2/c1-6(2)4-5-9-7(3)8/h6H,4-5H2,1-3H3",MLFHJEHSLIIPHL-UHFFFAOYSA-N,3-methylbutyl ethanoate,C7H14O2,10.1021/acs.jced.6b00197,2016,"Boiling temperature at pressure P, K",Liquid,"[""Liquid"",""Gas""]",Ebulliometric method (Recirculating still),414.78,"{""nPropDigits"":5,""nPropNumber"":1,""nPropValue"":414.78,""CombinedUncertainty"":{""nCombExpandUncertValue"":0.15,""nCombUncertAssessNum"":1}}",variable,"{""nVarValue"":101.09,""nVarDigits"":5,""nVarNumber"":1}",414.78,True,,101090.0,True,False,False
10.1021/acs.jced.6b00197#d4#p1#r10,10.1021/acs.jced.6b00197#d4#p1,10.1021/acs.jced.6b00197.json,4,1,10,"InChI=1S/C7H14O2/c1-6(2)4-5-9-7(3)8/h6H,4-5H2,1-3H3",MLFHJEHSLIIPHL-UHFFFAOYSA-N,3-methylbutyl ethanoate,C7H14O2,10.1021/acs.jced.6b00197,2016,"Boiling temperature at pressure P, K",Liquid,"[""Liquid"",""Gas""]",Ebulliometric method (Recirculating still),421.05,"{""CombinedUncertainty"":{""nCombExpandUncertValue"":0.15,""nCombUncertAssessNum"":1},""nPropValue"":421.05,""nPropDigits"":5,""nPropNumber"":1}",variable,"{""nVarNumber"":1,""nVarDigits"":5,""nVarValue"":120.12}",421.05,True,,120120.0,True,False,False
10.1021/acs.jced.6b00197#d4#p1#r11,10.1021/acs.jced.6b00197#d4#p1,10.1021/acs.jced.6b00197.json,4,1,11,"InChI=1S/C7H14O2/c1-6(2)4-5-9-7(3)8/h6H,4-5H2,1-3H3",MLFHJEHSLIIPHL-UHFFFAOYSA-N,3-methylbutyl ethanoate,C7H14O2,10.1021/acs.jced.6b00197,2016,"Boiling temperature at pressure P, K",Liquid,"[""Liquid"",""Gas""]",Ebulliometric method (Recirculating still),426.79,"{""CombinedUncertainty"":{""nCombUncertAssessNum"":1,""nCombExpandUncertValue"":0.15},""nPropValue"":426.79,""nPropNumber"":1,""nPropDigits"":5}",variable,"{""nVarNumber"":1,""nVarDigits"":5,""nVarValue"":140.02}",426.79,True,,140020.0,True,False,False
10.1021/acs.jced.6b00197#d4#p1#r12,10.1021/acs.jced.6b00197#d4#p1,10.1021/acs.jced.6b00197.json,4,1,12,"InChI=1S/C7H14O2/c1-6(2)4-5-9-7(3)8/h6H,4-5H2,1-3H3",MLFHJEHSLIIPHL-UHFFFAOYSA-N,3-methylbutyl ethanoate,C7H14O2,10.1021/acs.jced.6b00197,2016,"Boiling temperature at pressure P, K",Liquid,"[""Liquid"",""Gas""]",Ebulliometric method (Recirculating still),431.92,"{""CombinedUncertainty"":{""nCombExpandUncertValue"":0.15,""nCombUncertAssessNum"":1},""nPropValue"":431.92,""nPropNumber"":1,""nPropDigits"":5}",variable,"{""nVarValue"":159.98,""nVarNumber"":1,""nVarDigits"":5}",431.92,True,,159980.0,True,False,False
10.1021/acs.jced.6b00197#d4#p1#r13,10.1021/acs.jced.6b00197#d4#p1,10.1021/acs.jced.6b00197.json,4,1,13,"InChI=1S/C7H14O2/c1-6(2)4-5-9-7(3)8/h6H,4-5H2,1-3H3",MLFHJEHSLIIPHL-UHFFFAOYSA-N,3-methylbutyl ethanoate,C7H14O2,10.1021/acs.jced.6b00197,2016,"Boiling temperature at pressure P, K",Liquid,"[""Liquid"",""Gas""]",Ebulliometric method (Recirculating still),436.53,"{""nPropDigits"":5,""nPropNumber"":1,""CombinedUncertainty"":{""nCombUncertAssessNum"":1,""nCombExpandUncertValue"":0.15},""nPropValue"":436.53}",variable,"{""nVarDigits"":5,""nVarNumber"":1,""nVarValue"":179.92}",436.53,True,,179920.0,True,False,False
10.1021/acs.jced.6b00197#d4#p1#r14,10.1021/acs.jced.6b00197#d4#p1,10.1021/acs.jced.6b00197.json,4,1,14,"InChI=1S/C7H14O2/c1-6(2)4-5-9-7(3)8/h6H,4-5H2,1-3H3",MLFHJEHSLIIPHL-UHFFFAOYSA-N,3-methylbutyl ethanoate,C7H14O2,10.1021/acs.jced.6b00197,2016,"Boiling temperature at pressure P, K",Liquid,"[""Liquid"",""Gas""]",Ebulliometric method (Recirculating still),440.74,"{""nPropDigits"":5,""nPropNumber"":1,""CombinedUncertainty"":{""nCombExpandUncertValue"":0.15,""nCombUncertAssessNum"":1},""nPropValue"":440.74}",variable,"{""nVarDigits"":5,""nVarNumber"":1,""nVarValue"":199.94}",440.74,True,,199940.0,True,False,False
10.1021/acs.jced.6b00197#d8#p1#r1,10.1021/acs.jced.6b00197#d8#p1,10.1021/acs.jced.6b00197.json,8,1,1,"InChI=1S/C5H12O/c1-5(2)3-4-6/h5-6H,3-4H2,1-2H3",PHTQWCKDNZKARW-UHFFFAOYSA-N,3-methylbutan-1-ol,C5H12O,10.1021/acs.jced.6b00197,2016,"Boiling temperature at pressure P, K",Liquid,"[""Liquid"",""Gas""]",Ebulliometric method (Recirculating still),335.85,"{""nPropNumber"":1,""nPropDigits"":4,""nPropValue"":335.85,""CombinedUncertainty"":{""nCombUncertAssessNum"":1,""nCombExpandUncertValue"":0.26}}",variable,"{""nVarDigits"":3,""nVarNumber"":1,""nVarValue"":5}",335.85,True,,5000,True,True,False
10.1021/acs.jced.6b00197#d8#p1#r2,10.1021/acs.jced.6b00197#d8#p1,10.1021/acs.jced.6b00197.json,8,1,2,"InChI=1S/C5H12O/c1-5(2)3-4-6/h5-6H,3-4H2,1-2H3",PHTQWCKDNZKARW-UHFFFAOYSA-N,3-methylbutan-1-ol,C5H12O,10.1021/acs.jced.6b00197,2016,"Boiling temperature at pressure P, K",Liquid,"[""Liquid"",""Gas""]",Ebulliometric method (Recirculating still),348.92,"{""CombinedUncertainty"":{""nCombExpandUncertValue"":0.21,""nCombUncertAssessNum"":1},""nPropValue"":348.92,""nPropNumber"":1,""nPropDigits"":4}",variable,"{""nVarValue"":10,""nVarDigits"":4,""nVarNumber"":1}",348.92,True,,10000,True,True,False
10.1021/acs.jced.6b00197#d8#p1#r3,10.1021/acs.jced.6b00197#d8#p1,10.1021/acs.jced.6b00197.json,8,1,3,"InChI=1S/C5H12O/c1-5(2)3-4-6/h5-6H,3-4H2,1-2H3",PHTQWCKDNZKARW-UHFFFAOYSA-N,3-methylbutan-1-ol,C5H12O,10.1021/acs.jced.6b00197,2016,"Boiling temperature at pressure P, K",Liquid,"[""Liquid"",""Gas""]",Ebulliometric method (Recirculating still),363.33,"{""CombinedUncertainty"":{""nCombUncertAssessNum"":1,""nCombExpandUncertValue"":0.16},""nPropValue"":363.33,""nPropDigits"":4,""nPropNumber"":1}",variable,"{""nVarValue"":19.99,""nVarDigits"":4,""nVarNumber"":1}",363.33,True,,19990.0,True,True,False
10.1021/acs.jced.6b00197#d8#p1#r4,10.1021/acs.jced.6b00197#d8#p1,10.1021/acs.jced.6b00197.json,8,1,4,"InChI=1S/C5H12O/c1-5(2)3-4-6/h5-6H,3-4H2,1-2H3",PHTQWCKDNZKARW-UHFFFAOYSA-N,3-methylbutan-1-ol,C5H12O,10.1021/acs.jced.6b00197,2016,"Boiling temperature at pressure P, K",Liquid,"[""Liquid"",""Gas""]",Ebulliometric method (Recirculating still),379.51,"{""nPropDigits"":5,""nPropNumber"":1,""nPropValue"":379.51,""CombinedUncertainty"":{""nCombUncertAssessNum"":1,""nCombExpandUncertValue"":0.15}}",variable,"{""nVarDigits"":4,""nVarNumber"":1,""nVarValue"":40.01}",379.51,True,,40010.0,True,False,False
10.1021/acs.jced.6b00197#d8#p1#r5,10.1021/acs.jced.6b00197#d8#p1,10.1021/acs.jced.6b00197.json,8,1,5,"InChI=1S/C5H12O/c1-5(2)3-4-6/h5-6H,3-4H2,1-2H3",PHTQWCKDNZKARW-UHFFFAOYSA-N,3-methylbutan-1-ol,C5H12O,10.1021/acs.jced.6b00197,2016,"Boiling temperature at pressure P, K",Liquid,"[""Liquid"",""Gas""]",Ebulliometric method (Recirculating still),385.12,"{""CombinedUncertainty"":{""nCombExpandUncertValue"":0.15,""nCombUncertAssessNum"":1},""nPropValue"":385.12,""nPropDigits"":5,""nPropNumber"":1}",variable,"{""nVarNumber"":1,""nVarDigits"":4,""nVarValue"":49.99}",385.12,True,,49990.0,True,False,False
10.1021/acs.jced.6b00197#d8#p1#r6,10.1021/acs.jced.6b00197#d8#p1,10.1021/acs.jced.6b00197.json,8,1,6,"InChI=1S/C5H12O/c1-5(2)3-4-6/h5-6H,3-4H2,1-2H3",PHTQWCKDNZKARW-UHFFFAOYSA-N,3-methylbutan-1-ol,C5H12O,10.1021/acs.jced.6b00197,2016,"Boiling temperature at pressure P, K",Liquid,"[""Liquid"",""Gas""]",Ebulliometric method (Recirculating still),389.82,"{""nPropNumber"":1,""nPropDigits"":5,""nPropValue"":389.82,""CombinedUncertainty"":{""nCombUncertAssessNum"":1,""nCombExpandUncertValue"":0.15}}",variable,"{""nVarNumber"":1,""nVarDigits"":4,""nVarValue"":59.99}",389.82,True,,59990.0,True,False,False
10.1021/acs.jced.6b00197#d8#p1#r7,10.1021/acs.jced.6b00197#d8#p1,10.1021/acs.jced.6b00197.json,8,1,7,"InChI=1S/C5H12O/c1-5(2)3-4-6/h5-6H,3-4H2,1-2H3",PHTQWCKDNZKARW-UHFFFAOYSA-N,3-methylbutan-1-ol,C5H12O,10.1021/acs.jced.6b00197,2016,"Boiling temperature at pressure P, K",Liquid,"[""Liquid"",""Gas""]",Ebulliometric method (Recirculating still),397.61,"{""CombinedUncertainty"":{""nCombExpandUncertValue"":0.14,""nCombUncertAssessNum"":1},""nPropValue"":397.61,""nPropNumber"":1,""nPropDigits"":5}",variable,"{""nVarValue"":79.99,""nVarDigits"":4,""nVarNumber"":1}",397.61,True,,79990.0,True,False,False
10.1021/acs.jced.6b00197#d8#p1#r8,10.1021/acs.jced.6b00197#d8#p1,10.1021/acs.jced.6b00197.json,8,1,8,"InChI=1S/C5H12O/c1-5(2)3-4-6/h5-6H,3-4H2,1-2H3",PHTQWCKDNZKARW-UHFFFAOYSA-N,3-methylbutan-1-ol,C5H12O,10.1021/acs.jced.6b00197,2016,"Boiling temperature at pressure P, K",Liquid,"[""Liquid"",""Gas""]",Ebulliometric method (Recirculating still),404.01,"{""nPropDigits"":5,""nPropNumber"":1,""nPropValue"":404.01,""CombinedUncertainty"":{""nCombExpandUncertValue"":0.14,""nCombUncertAssessNum"":1}}",variable,"{""nVarValue"":100,""nVarNumber"":1,""nVarDigits"":5}",404.01,True,,100000,True,False,False
10.1021/acs.jced.6b00197#d8#p1#r9,10.1021/acs.jced.6b00197#d8#p1,10.1021/acs.jced.6b00197.json,8,1,9,"InChI=1S/C5H12O/c1-5(2)3-4-6/h5-6H,3-4H2,1-2H3",PHTQWCKDNZKARW-UHFFFAOYSA-N,3-methylbutan-1-ol,C5H12O,10.1021/acs.jced.6b00197,2016,"Boiling temperature at pressure P, K",Liquid,"[""Liquid"",""Gas""]",Ebulliometric method (Recirculating still),404.36,"{""nPropValue"":404.36,""CombinedUncertainty"":{""nCombExpandUncertValue"":0.14,""nCombUncertAssessNum"":1},""nPropDigits"":5,""nPropNumber"":1}",variable,"{""nVarValue"":101.31,""nVarDigits"":5,""nVarNumber"":1}",404.36,True,,101310.0,True,False,False
10.1021/acs.jced.6b00197#d8#p1#r10,10.1021/acs.jced.6b00197#d8#p1,10.1021/acs.jced.6b00197.json,8,1,10,"InChI=1S/C5H12O/c1-5(2)3-4-6/h5-6H,3-4H2,1-2H3",PHTQWCKDNZKARW-UHFFFAOYSA-N,3-methylbutan-1-ol,C5H12O,10.1021/acs.jced.6b00197,2016,"Boiling temperature at pressure P, K",Liquid,"[""Liquid"",""Gas""]",Ebulliometric method (Recirculating still),409.19,"{""nPropDigits"":5,""nPropNumber"":1,""nPropValue"":409.19,""CombinedUncertainty"":{""nCombUncertAssessNum"":1,""nCombExpandUncertValue"":0.14}}",variable,"{""nVarValue"":120,""nVarNumber"":1,""nVarDigits"":5}",409.19,True,,120000,True,False,False
10.1021/acs.jced.6b00197#d8#p1#r11,10.1021/acs.jced.6b00197#d8#p1,10.1021/acs.jced.6b00197.json,8,1,11,"InChI=1S/C5H12O/c1-5(2)3-4-6/h5-6H,3-4H2,1-2H3",PHTQWCKDNZKARW-UHFFFAOYSA-N,3-methylbutan-1-ol,C5H12O,10.1021/acs.jced.6b00197,2016,"Boiling temperature at pressure P, K",Liquid,"[""Liquid"",""Gas""]",Ebulliometric method (Recirculating still),414.21,"{""nPropDigits"":5,""nPropNumber"":1,""CombinedUncertainty"":{""nCombExpandUncertValue"":0.14,""nCombUncertAssessNum"":1},""nPropValue"":414.21}",variable,"{""nVarDigits"":5,""nVarNumber"":1,""nVarValue"":139.99}",414.21,True,,139990.0,True,False,False
10.1021/acs.jced.6b00197#d8#p1#r12,10.1021/acs.jced.6b00197#d8#p1,10.1021/acs.jced.6b00197.json,8,1,12,"InChI=1S/C5H12O/c1-5(2)3-4-6/h5-6H,3-4H2,1-2H3",PHTQWCKDNZKARW-UHFFFAOYSA-N,3-methylbutan-1-ol,C5H12O,10.1021/acs.jced.6b00197,2016,"Boiling temperature at pressure P, K",Liquid,"[""Liquid"",""Gas""]",Ebulliometric method (Recirculating still),418.51,"{""nPropValue"":418.51,""CombinedUncertainty"":{""nCombExpandUncertValue"":0.14,""nCombUncertAssessNum"":1},""nPropNumber"":1,""nPropDigits"":5}",variable,"{""nVarValue"":159.99,""nVarDigits"":5,""nVarNumber"":1}",418.51,True,,159990.0,True,False,False
10.1021/acs.jced.6b00197#d8#p1#r13,10.1021/acs.jced.6b00197#d8#p1,10.1021/acs.jced.6b00197.json,8,1,13,"InChI=1S/C5H12O/c1-5(2)3-4-6/h5-6H,3-4H2,1-2H3",PHTQWCKDNZKARW-UHFFFAOYSA-N,3-methylbutan-1-ol,C5H12O,10.1021/acs.jced.6b00197,2016,"Boiling temperature at pressure P, K",Liquid,"[""Liquid"",""Gas""]",Ebulliometric method (Recirculating still),422.43,"{""nPropDigits"":5,""nPropNumber"":1,""nPropValue"":422.43,""CombinedUncertainty"":{""nCombExpandUncertValue"":0.14,""nCombUncertAssessNum"":1}}",variable,"{""nVarDigits"":5,""nVarNumber"":1,""nVarValue"":180.01}",422.43,True,,180010.0,True,False,False
10.1021/acs.jced.6b00197#d8#p1#r14,10.1021/acs.jced.6b00197#d8#p1,10.1021/acs.jced.6b00197.json,8,1,14,"InChI=1S/C5H12O/c1-5(2)3-4-6/h5-6H,3-4H2,1-2H3",PHTQWCKDNZKARW-UHFFFAOYSA-N,3-methylbutan-1-ol,C5H12O,10.1021/acs.jced.6b00197,2016,"Boiling temperature at pressure P, K",Liquid,"[""Liquid"",""Gas""]",Ebulliometric method (Recirculating still),426.01,"{""nPropDigits"":5,""nPropNumber"":1,""CombinedUncertainty"":{""nCombExpandUncertValue"":0.14,""nCombUncertAssessNum"":1},""nPropValue"":426.01}",variable,"{""nVarValue"":200,""nVarDigits"":5,""nVarNumber"":1}",426.01,True,,200000,True,False,False
10.1021/acs.jced.6b00221#d1#p1#r1,10.1021/acs.jced.6b00221#d1#p1,10.1021/acs.jced.6b00221.json,1,1,1,"InChI=1S/C4H8O2/c1-3-6-4(2)5/h3H2,1-2H3",XEKOWRVHYACXOJ-UHFFFAOYSA-N,ethyl acetate,C4H8O2,10.1021/acs.jced.6b00221,2017,"Boiling temperature at pressure P, K",Liquid,"[""Liquid"",""Gas""]",Ebulliometric method (Recirculating still),332.82,"{""CombinedUncertainty"":{""nCombUncertAssessNum"":1,""nCombExpandUncertValue"":0.19},""nPropValue"":332.82,""nPropDigits"":5,""nPropNumber"":1}",variable,"{""nVarNumber"":1,""nVarDigits"":4,""nVarValue"":54.99}",332.82,True,,54990.0,True,False,False
10.1021/acs.jced.6b00221#d1#p1#r2,10.1021/acs.jced.6b00221#d1#p1,10.1021/acs.jced.6b00221.json,1,1,2,"InChI=1S/C4H8O2/c1-3-6-4(2)5/h3H2,1-2H3",XEKOWRVHYACXOJ-UHFFFAOYSA-N,ethyl acetate,C4H8O2,10.1021/acs.jced.6b00221,2017,"Boiling temperature at pressure P, K",Liquid,"[""Liquid"",""Gas""]",Ebulliometric method (Recirculating still),335.16,"{""nPropValue"":335.16,""CombinedUncertainty"":{""nCombExpandUncertValue"":0.18,""nCombUncertAssessNum"":1},""nPropNumber"":1,""nPropDigits"":5}",variable,"{""nVarDigits"":4,""nVarNumber"":1,""nVarValue"":59.98}",335.16,True,,59980.0,True,False,False
10.1021/acs.jced.6b00221#d1#p1#r3,10.1021/acs.jced.6b00221#d1#p1,10.1021/acs.jced.6b00221.json,1,1,3,"InChI=1S/C4H8O2/c1-3-6-4(2)5/h3H2,1-2H3",XEKOWRVHYACXOJ-UHFFFAOYSA-N,ethyl acetate,C4H8O2,10.1021/acs.jced.6b00221,2017,"Boiling temperature at pressure P, K",Liquid,"[""Liquid"",""Gas""]",Ebulliometric method (Recirculating still),339.42,"{""nPropNumber"":1,""nPropDigits"":5,""nPropValue"":339.42,""CombinedUncertainty"":{""nCombUncertAssessNum"":1,""nCombExpandUncertValue"":0.16}}",variable,"{""nVarNumber"":1,""nVarDigits"":4,""nVarValue"":70}",339.42,True,,70000,True,False,False
10.1021/acs.jced.6b00221#d1#p1#r4,10.1021/acs.jced.6b00221#d1#p1,10.1021/acs.jced.6b00221.json,1,1,4,"InChI=1S/C4H8O2/c1-3-6-4(2)5/h3H2,1-2H3",XEKOWRVHYACXOJ-UHFFFAOYSA-N,ethyl acetate,C4H8O2,10.1021/acs.jced.6b00221,2017,"Boiling temperature at pressure P, K",Liquid,"[""Liquid"",""Gas""]",Ebulliometric method (Recirculating still),340.92,"{""nPropValue"":340.92,""CombinedUncertainty"":{""nCombExpandUncertValue"":0.15,""nCombUncertAssessNum"":1},""nPropNumber"":1,""nPropDigits"":5}",variable,"{""nVarValue"":75,""nVarNumber"":1,""nVarDigits"":4}",340.92,True,,75000,True,False,False
10.1021/acs.jced.6b00221#d1#p1#r5,10.1021/acs.jced.6b00221#d1#p1,10.1021/acs.jced.6b00221.json,1,1,5,"InChI=1S/C4H8O2/c1-3-6-4(2)5/h3H2,1-2H3",XEKOWRVHYACXOJ-UHFFFAOYSA-N,ethyl acetate,C4H8O2,10.1021/acs.jced.6b00221,2017,"Boiling temperature at pressure P, K",Liquid,"[""Liquid"",""Gas""]",Ebulliometric method (Recirculating still),343.18,"{""nPropNumber"":1,""nPropDigits"":5,""nPropValue"":343.18,""CombinedUncertainty"":{""nCombExpandUncertValue"":0.16,""nCombUncertAssessNum"":1}}",variable,"{""nVarValue"":80,""nVarNumber"":1,""nVarDigits"":4}",343.18,True,,80000,True,False,False
10.1021/acs.jced.6b00221#d1#p1#r6,10.1021/acs.jced.6b00221#d1#p1,10.1021/acs.jced.6b00221.json,1,1,6,"InChI=1S/C4H8O2/c1-3-6-4(2)5/h3H2,1-2H3",XEKOWRVHYACXOJ-UHFFFAOYSA-N,ethyl acetate,C4H8O2,10.1021/acs.jced.6b00221,2017,"Boiling temperature at pressure P, K",Liquid,"[""Liquid"",""Gas""]",Ebulliometric method (Recirculating still),344.93,"{""nPropValue"":344.93,""CombinedUncertainty"":{""nCombUncertAssessNum"":1,""nCombExpandUncertValue"":0.14},""nPropNumber"":1,""nPropDigits"":5}",variable,"{""nVarNumber"":1,""nVarDigits"":4,""nVarValue"":84.99}",344.93,True,,84990.0,True,False,False
10.1021/acs.jced.6b00221#d1#p1#r7,10.1021/acs.jced.6b00221#d1#p1,10.1021/acs.jced.6b00221.json,1,1,7,"InChI=1S/C4H8O2/c1-3-6-4(2)5/h3H2,1-2H3",XEKOWRVHYACXOJ-UHFFFAOYSA-N,ethyl acetate,C4H8O2,10.1021/acs.jced.6b00221,2017,"Boiling temperature at pressure P, K",Liquid,"[""Liquid"",""Gas""]",Ebulliometric method (Recirculating still),346.58,"{""nPropValue"":346.58,""CombinedUncertainty"":{""nCombUncertAssessNum"":1,""nCombExpandUncertValue"":0.13},""nPropDigits"":5,""nPropNumber"":1}",variable,"{""nVarValue"":89.91,""nVarNumber"":1,""nVarDigits"":4}",346.58,True,,89910.0,True,False,False
10.1021/acs.jced.6b00221#d1#p1#r8,10.1021/acs.jced.6b00221#d1#p1,10.1021/acs.jced.6b00221.json,1,1,8,"InChI=1S/C4H8O2/c1-3-6-4(2)5/h3H2,1-2H3",XEKOWRVHYACXOJ-UHFFFAOYSA-N,ethyl acetate,C4H8O2,10.1021/acs.jced.6b00221,2017,"Boiling temperature at pressure P, K",Liquid,"[""Liquid"",""Gas""]",Ebulliometric method (Recirculating still),348.2,"{""CombinedUncertainty"":{""nCombExpandUncertValue"":0.13,""nCombUncertAssessNum"":1},""nPropValue"":348.2,""nPropDigits"":5,""nPropNumber"":1}",variable,"{""nVarValue"":95.01,""nVarDigits"":4,""nVarNumber"":1}",348.2,True,,95010.0,True,False,False
10.1021/acs.jced.6b00221#d1#p1#r9,10.1021/acs.jced.6b00221#d1#p1,10.1021/acs.jced.6b00221.json,1,1,9,"InChI=1S/C4H8O2/c1-3-6-4(2)5/h3H2,1-2H3",XEKOWRVHYACXOJ-UHFFFAOYSA-N,ethyl acetate,C4H8O2,10.1021/acs.jced.6b00221,2017,"Boiling temperature at pressure P, K",Liquid,"[""Liquid"",""Gas""]",Ebulliometric method (Recirculating still),350.16,"{""nPropValue"":350.16,""CombinedUncertainty"":{""nCombUncertAssessNum"":1,""nCombExpandUncertValue"":0.13},""nPropNumber"":1,""nPropDigits"":5}",variable,"{""nVarValue"":101.33,""nVarNumber"":1,""nVarDigits"":5}",350.16,True,,101330.0,True,False,False
10.1021/acs.jced.6b00221#d1#p1#r10,10.1021/acs.jced.6b00221#d1#p1,10.1021/acs.jced.6b00221.json,1,1,10,"InChI=1S/C4H8O2/c1-3-6-4(2)5/h3H2,1-2H3",XEKOWRVHYACXOJ-UHFFFAOYSA-N,ethyl acetate,C4H8O2,10.1021/acs.jced.6b00221,2017,"Boiling temperature at pressure P, K",Liquid,"[""Liquid"",""Gas""]",Ebulliometric method (Recirculating still),351.26,"{""nPropDigits"":5,""nPropNumber"":1,""nPropValue"":351.26,""CombinedUncertainty"":{""nCombExpandUncertValue"":0.12,""nCombUncertAssessNum"":1}}",variable,"{""nVarValue"":104.99,""nVarDigits"":5,""nVarNumber"":1}",351.26,True,,104990.0,True,False,False
10.1021/acs.jced.6b00221#d1#p1#r11,10.1021/acs.jced.6b00221#d1#p1,10.1021/acs.jced.6b00221.json,1,1,11,"InChI=1S/C4H8O2/c1-3-6-4(2)5/h3H2,1-2H3",XEKOWRVHYACXOJ-UHFFFAOYSA-N,ethyl acetate,C4H8O2,10.1021/acs.jced.6b00221,2017,"Boiling temperature at pressure P, K",Liquid,"[""Liquid"",""Gas""]",Ebulliometric method (Recirculating still),352.67,"{""nPropNumber"":1,""nPropDigits"":5,""CombinedUncertainty"":{""nCombExpandUncertValue"":0.11,""nCombUncertAssessNum"":1},""nPropValue"":352.67}",variable,"{""nVarValue"":109.98,""nVarNumber"":1,""nVarDigits"":5}",352.67,True,,109980.0,True,False,False
10.1021/acs.jced.6b00221#d1#p1#r12,10.1021/acs.jced.6b00221#d1#p1,10.1021/acs.jced.6b00221.json,1,1,12,"InChI=1S/C4H8O2/c1-3-6-4(2)5/h3H2,1-2H3",XEKOWRVHYACXOJ-UHFFFAOYSA-N,ethyl acetate,C4H8O2,10.1021/acs.jced.6b00221,2017,"Boiling temperature at pressure P, K",Liquid,"[""Liquid"",""Gas""]",Ebulliometric method (Recirculating still),355.36,"{""CombinedUncertainty"":{""nCombUncertAssessNum"":1,""nCombExpandUncertValue"":0.11},""nPropValue"":355.36,""nPropNumber"":1,""nPropDigits"":5}",variable,"{""nVarNumber"":1,""nVarDigits"":5,""nVarValue"":119.9}",355.36,True,,119900.0,True,False,False
10.1021/acs.jced.6b00221#d1#p1#r13,10.1021/acs.jced.6b00221#d1#p1,10.1021/acs.jced.6b00221.json,1,1,13,"InChI=1S/C4H8O2/c1-3-6-4(2)5/h3H2,1-2H3",XEKOWRVHYACXOJ-UHFFFAOYSA-N,ethyl acetate,C4H8O2,10.1021/acs.jced.6b00221,2017,"Boiling temperature at pressure P, K",Liquid,"[""Liquid"",""Gas""]",Ebulliometric method (Recirculating still),356.62,"{""nPropDigits"":5,""nPropNumber"":1,""CombinedUncertainty"":{""nCombUncertAssessNum"":1,""nCombExpandUncertValue"":0.11},""nPropValue"":356.62}",variable,"{""nVarDigits"":5,""nVarNumber"":1,""nVarValue"":124.98}",356.62,True,,124980.0,True,False,False
10.1021/acs.jced.6b00221#d1#p1#r14,10.1021/acs.jced.6b00221#d1#p1,10.1021/acs.jced.6b00221.json,1,1,14,"InChI=1S/C4H8O2/c1-3-6-4(2)5/h3H2,1-2H3",XEKOWRVHYACXOJ-UHFFFAOYSA-N,ethyl acetate,C4H8O2,10.1021/acs.jced.6b00221,2017,"Boiling temperature at pressure P, K",Liquid,"[""Liquid"",""Gas""]",Ebulliometric method (Recirculating still),357.86,"{""nPropNumber"":1,""nPropDigits"":5,""CombinedUncertainty"":{""nCombUncertAssessNum"":1,""nCombExpandUncertValue"":0.1},""nPropValue"":357.86}",variable,"{""nVarValue"":129.93,""nVarNumber"":1,""nVarDigits"":5}",357.86,True,,129930.0,True,False,False
10.1021/acs.jced.6b00221#d1#p1#r15,10.1021/acs.jced.6b00221#d1#p1,10.1021/acs.jced.6b00221.json,1,1,15,"InChI=1S/C4H8O2/c1-3-6-4(2)5/h3H2,1-2H3",XEKOWRVHYACXOJ-UHFFFAOYSA-N,ethyl acetate,C4H8O2,10.1021/acs.jced.6b00221,2017,"Boiling temperature at pressure P, K",Liquid,"[""Liquid"",""Gas""]",Ebulliometric method (Recirculating still),359.08,"{""nPropNumber"":1,""nPropDigits"":5,""nPropValue"":359.08,""CombinedUncertainty"":{""nCombUncertAssessNum"":1,""nCombExpandUncertValue"":0.1}}",variable,"{""nVarNumber"":1,""nVarDigits"":5,""nVarValue"":134.95}",359.08,True,,134950.0,True,False,False
10.1021/acs.jced.6b00221#d1#p1#r16,10.1021/acs.jced.6b00221#d1#p1,10.1021/acs.jced.6b00221.json,1,1,16,"InChI=1S/C4H8O2/c1-3-6-4(2)5/h3H2,1-2H3",XEKOWRVHYACXOJ-UHFFFAOYSA-N,ethyl acetate,C4H8O2,10.1021/acs.jced.6b00221,2017,"Boiling temperature at pressure P, K",Liquid,"[""Liquid"",""Gas""]",Ebulliometric method (Recirculating still),360.24,"{""nPropDigits"":5,""nPropNumber"":1,""nPropValue"":360.24,""CombinedUncertainty"":{""nCombUncertAssessNum"":1,""nCombExpandUncertValue"":0.1}}",variable,"{""nVarValue"":139.96,""nVarDigits"":5,""nVarNumber"":1}",360.24,True,,139960.0,True,False,False
10.1021/acs.jced.6b00221#d1#p1#r17,10.1021/acs.jced.6b00221#d1#p1,10.1021/acs.jced.6b00221.json,1,1,17,"InChI=1S/C4H8O2/c1-3-6-4(2)5/h3H2,1-2H3",XEKOWRVHYACXOJ-UHFFFAOYSA-N,ethyl acetate,C4H8O2,10.1021/acs.jced.6b00221,2017,"Boiling temperature at pressure P, K",Liquid,"[""Liquid"",""Gas""]",Ebulliometric method (Recirculating still),362.48,"{""nPropValue"":362.48,""CombinedUncertainty"":{""nCombExpandUncertValue"":0.1,""nCombUncertAssessNum"":1},""nPropDigits"":5,""nPropNumber"":1}",variable,"{""nVarNumber"":1,""nVarDigits"":5,""nVarValue"":149.95}",362.48,True,,149950.0,True,False,False
10.1021/acs.jced.6b00221#d1#p1#r18,10.1021/acs.jced.6b00221#d1#p1,10.1021/acs.jced.6b00221.json,1,1,18,"InChI=1S/C4H8O2/c1-3-6-4(2)5/h3H2,1-2H3",XEKOWRVHYACXOJ-UHFFFAOYSA-N,ethyl acetate,C4H8O2,10.1021/acs.jced.6b00221,2017,"Boiling temperature at pressure P, K",Liquid,"[""Liquid"",""Gas""]",Ebulliometric method (Recirculating still),363.56,"{""nPropValue"":363.56,""CombinedUncertainty"":{""nCombUncertAssessNum"":1,""nCombExpandUncertValue"":0.09},""nPropDigits"":5,""nPropNumber"":1}",variable,"{""nVarValue"":154.97,""nVarDigits"":5,""nVarNumber"":1}",363.56,True,,154970.0,True,False,False
10.1021/acs.jced.6b00221#d1#p1#r19,10.1021/acs.jced.6b00221#d1#p1,10.1021/acs.jced.6b00221.json,1,1,19,"InChI=1S/C4H8O2/c1-3-6-4(2)5/h3H2,1-2H3",XEKOWRVHYACXOJ-UHFFFAOYSA-N,ethyl acetate,C4H8O2,10.1021/acs.jced.6b00221,2017,"Boiling temperature at pressure P, K",Liquid,"[""Liquid"",""Gas""]",Ebulliometric method (Recirculating still),364.6,"{""nPropNumber"":1,""nPropDigits"":5,""nPropValue"":364.6,""CombinedUncertainty"":{""nCombUncertAssessNum"":1,""nCombExpandUncertValue"":0.09}}",variable,"{""nVarValue"":159.96,""nVarDigits"":5,""nVarNumber"":1}",364.6,True,,159960.0,True,False,False
10.1021/acs.jced.6b00221#d1#p1#r20,10.1021/acs.jced.6b00221#d1#p1,10.1021/acs.jced.6b00221.json,1,1,20,"InChI=1S/C4H8O2/c1-3-6-4(2)5/h3H2,1-2H3",XEKOWRVHYACXOJ-UHFFFAOYSA-N,ethyl acetate,C4H8O2,10.1021/acs.jced.6b00221,2017,"Boiling temperature at pressure P, K",Liquid,"[""Liquid"",""Gas""]",Ebulliometric method (Recirculating still),365.64,"{""nPropDigits"":5,""nPropNumber"":1,""CombinedUncertainty"":{""nCombUncertAssessNum"":1,""nCombExpandUncertValue"":0.09},""nPropValue"":365.64}",variable,"{""nVarNumber"":1,""nVarDigits"":5,""nVarValue"":164.99}",365.64,True,,164990.0,True,False,False
10.1021/acs.jced.6b00221#d1#p1#r21,10.1021/acs.jced.6b00221#d1#p1,10.1021/acs.jced.6b00221.json,1,1,21,"InChI=1S/C4H8O2/c1-3-6-4(2)5/h3H2,1-2H3",XEKOWRVHYACXOJ-UHFFFAOYSA-N,ethyl acetate,C4H8O2,10.1021/acs.jced.6b00221,2017,"Boiling temperature at pressure P, K",Liquid,"[""Liquid"",""Gas""]",Ebulliometric method (Recirculating still),367.61,"{""nPropValue"":367.61,""CombinedUncertainty"":{""nCombExpandUncertValue"":0.09,""nCombUncertAssessNum"":1},""nPropDigits"":5,""nPropNumber"":1}",variable,"{""nVarValue"":174.99,""nVarNumber"":1,""nVarDigits"":5}",367.61,True,,174990.0,True,False,False
10.1021/acs.jced.6b00221#d1#p1#r22,10.1021/acs.jced.6b00221#d1#p1,10.1021/acs.jced.6b00221.json,1,1,22,"InChI=1S/C4H8O2/c1-3-6-4(2)5/h3H2,1-2H3",XEKOWRVHYACXOJ-UHFFFAOYSA-N,ethyl acetate,C4H8O2,10.1021/acs.jced.6b00221,2017,"Boiling temperature at pressure P, K",Liquid,"[""Liquid"",""Gas""]",Ebulliometric method (Recirculating still),368.58,"{""CombinedUncertainty"":{""nCombExpandUncertValue"":0.08,""nCombUncertAssessNum"":1},""nPropValue"":368.58,""nPropDigits"":5,""nPropNumber"":1}",variable,"{""nVarValue"":180,""nVarNumber"":1,""nVarDigits"":5}",368.58,True,,180000,True,False,False
10.1021/acs.jced.6b00221#d1#p1#r23,10.1021/acs.jced.6b00221#d1#p1,10.1021/acs.jced.6b00221.json,1,1,23,"InChI=1S/C4H8O2/c1-3-6-4(2)5/h3H2,1-2H3",XEKOWRVHYACXOJ-UHFFFAOYSA-N,ethyl acetate,C4H8O2,10.1021/acs.jced.6b00221,2017,"Boiling temperature at pressure P, K",Liquid,"[""Liquid"",""Gas""]",Ebulliometric method (Recirculating still),369.5,"{""nPropDigits"":5,""nPropNumber"":1,""nPropValue"":369.5,""CombinedUncertainty"":{""nCombUncertAssessNum"":1,""nCombExpandUncertValue"":0.08}}",variable,"{""nVarNumber"":1,""nVarDigits"":5,""nVarValue"":185}",369.5,True,,185000,True,False,False
10.1021/acs.jced.6b00221#d3#p1#r1,10.1021/acs.jced.6b00221#d3#p1,10.1021/acs.jced.6b00221.json,3,1,1,"InChI=1S/C6H12O2/c1-5(2)4-8-6(3)7/h5H,4H2,1-3H3",GJRQTCIYDGXPES-UHFFFAOYSA-N,2-methylpropyl ethanoate,C6H12O2,10.1021/acs.jced.6b00221,2017,"Boiling temperature at pressure P, K",Liquid,"[""Liquid"",""Gas""]",Ebulliometric method (Recirculating still),361,"{""nPropDigits"":5,""nPropNumber"":1,""CombinedUncertainty"":{""nCombExpandUncertValue"":0.26,""nCombUncertAssessNum"":1},""nPropValue"":361}",variable,"{""nVarNumber"":1,""nVarDigits"":4,""nVarValue"":39.99}",361,True,,39990.0,True,False,False
10.1021/acs.jced.6b00221#d3#p1#r2,10.1021/acs.jced.6b00221#d3#p1,10.1021/acs.jced.6b00221.json,3,1,2,"InChI=1S/C6H12O2/c1-5(2)4-8-6(3)7/h5H,4H2,1-3H3",GJRQTCIYDGXPES-UHFFFAOYSA-N,2-methylpropyl ethanoate,C6H12O2,10.1021/acs.jced.6b00221,2017,"Boiling temperature at pressure P, K",Liquid,"[""Liquid"",""Gas""]",Ebulliometric method (Recirculating still),367.41,"{""CombinedUncertainty"":{""nCombUncertAssessNum"":1,""nCombExpandUncertValue"":0.24},""nPropValue"":367.41,""nPropDigits"":5,""nPropNumber"":1}",variable,"{""nVarValue"":49.98,""nVarDigits"":4,""nVarNumber"":1}",367.41,True,,49980.0,True,False,False
10.1021/acs.jced.6b00221#d3#p1#r3,10.1021/acs.jced.6b00221#d3#p1,10.1021/acs.jced.6b00221.json,3,1,3,"InChI=1S/C6H12O2/c1-5(2)4-8-6(3)7/h5H,4H2,1-3H3",GJRQTCIYDGXPES-UHFFFAOYSA-N,2-methylpropyl ethanoate,C6H12O2,10.1021/acs.jced.6b00221,2017,"Boiling temperature at pressure P, K",Liquid,"[""Liquid"",""Gas""]",Ebulliometric method (Recirculating still),372.89,"{""nPropValue"":372.89,""CombinedUncertainty"":{""nCombExpandUncertValue"":0.21,""nCombUncertAssessNum"":1},""nPropNumber"":1,""nPropDigits"":5}",variable,"{""nVarDigits"":4,""nVarNumber"":1,""nVarValue"":59.99}",372.89,True,,59990.0,True,False,False
10.1021/acs.jced.6b00221#d3#p1#r4,10.1021/acs.jced.6b00221#d3#p1,10.1021/acs.jced.6b00221.json,3,1,4,"InChI=1S/C6H12O2/c1-5(2)4-8-6(3)7/h5H,4H2,1-3H3",GJRQTCIYDGXPES-UHFFFAOYSA-N,2-methylpropyl ethanoate,C6H12O2,10.1021/acs.jced.6b00221,2017,"Boiling temperature at pressure P, K",Liquid,"[""Liquid"",""Gas""]",Ebulliometric method (Recirculating still),377.39,"{""nPropValue"":377.39,""CombinedUncertainty"":{""nCombExpandUncertValue"":0.18,""nCombUncertAssessNum"":1},""nPropNumber"":1,""nPropDigits"":5}",variable,"{""nVarDigits"":4,""nVarNumber"":1,""nVarValue"":70}",377.39,True,,70000,True,False,False
10.1021/acs.jced.6b00221#d3#p1#r5,10.1021/acs.jced.6b00221#d3#p1,10.1021/acs.jced.6b00221.json,3,1,5,"InChI=1S/C6H12O2/c1-5(2)4-8-6(3)7/h5H,4H2,1-3H3",GJRQTCIYDGXPES-UHFFFAOYSA-N,2-methylpropyl ethanoate,C6H12O2,10.1021/acs.jced.6b00221,2017,"Boiling temperature at pressure P, K",Liquid,"[""Liquid"",""Gas""]",Ebulliometric method (Recirculating still),381.58,"{""CombinedUncertainty"":{""nCombUncertAssessNum"":1,""nCombExpandUncertValue"":0.18},""nPropValue"":381.58,""nPropDigits"":5,""nPropNumber"":1}",variable,"{""nVarValue"":80,""nVarDigits"":4,""nVarNumber"":1}",381.58,True,,80000,True,False,False
10.1021/acs.jced.6b00221#d3#p1#r6,10.1021/acs.jced.6b00221#d3#p1,10.1021/acs.jced.6b00221.json,3,1,6,"InChI=1S/C6H12O2/c1-5(2)4-8-6(3)7/h5H,4H2,1-3H3",GJRQTCIYDGXPES-UHFFFAOYSA-N,2-methylpropyl ethanoate,C6H12O2,10.1021/acs.jced.6b00221,2017,"Boiling temperature at pressure P, K",Liquid,"[""Liquid"",""Gas""]",Ebulliometric method (Recirculating still),385.54,"{""CombinedUncertainty"":{""nCombExpandUncertValue"":0.17,""nCombUncertAssessNum"":1},""nPropValue"":385.54,""nPropNumber"":1,""nPropDigits"":5}",variable,"{""nVarDigits"":4,""nVarNumber"":1,""nVarValue"":90}",385.54,True,,90000,True,False,False
10.1021/acs.jced.6b00221#d3#p1#r7,10.1021/acs.jced.6b00221#d3#p1,10.1021/acs.jced.6b00221.json,3,1,7,"InChI=1S/C6H12O2/c1-5(2)4-8-6(3)7/h5H,4H2,1-3H3",GJRQTCIYDGXPES-UHFFFAOYSA-N,2-methylpropyl ethanoate,C6H12O2,10.1021/acs.jced.6b00221,2017,"Boiling temperature at pressure P, K",Liquid,"[""Liquid"",""Gas""]",Ebulliometric method (Recirculating still),389.37,"{""nPropValue"":389.37,""CombinedUncertainty"":{""nCombUncertAssessNum"":1,""nCombExpandUncertValue"":0.15},""nPropDigits"":5,""nPropNumber"":1}",variable,"{""nVarValue"":100,""nVarDigits"":5,""nVarNumber"":1}",389.37,True,,100000,True,False,False
10.1021/acs.jced.6b00221#d3#p1#r8,10.1021/acs.jced.6b00221#d3#p1,10.1021/acs.jced.6b00221.json,3,1,8,"InChI=1S/C6H12O2/c1-5(2)4-8-6(3)7/h5H,4H2,1-3H3",GJRQTCIYDGXPES-UHFFFAOYSA-N,2-methylpropyl ethanoate,C6H12O2,10.1021/acs.jced.6b00221,2017,"Boiling temperature at pressure P, K",Liquid,"[""Liquid"",""Gas""]",Ebulliometric method (Recirculating still),392.35,"{""CombinedUncertainty"":{""nCombUncertAssessNum"":1,""nCombExpandUncertValue"":0.14},""nPropValue"":392.35,""nPropDigits"":5,""nPropNumber"":1}",variable,"{""nVarDigits"":5,""nVarNumber"":1,""nVarValue"":110}",392.35,True,,110000,True,False,False
10.1021/acs.jced.6b00221#d3#p1#r9,10.1021/acs.jced.6b00221#d3#p1,10.1021/acs.jced.6b00221.json,3,1,9,"InChI=1S/C6H12O2/c1-5(2)4-8-6(3)7/h5H,4H2,1-3H3",GJRQTCIYDGXPES-UHFFFAOYSA-N,2-methylpropyl ethanoate,C6H12O2,10.1021/acs.jced.6b00221,2017,"Boiling temperature at pressure P, K",Liquid,"[""Liquid"",""Gas""]",Ebulliometric method (Recirculating still),395.26,"{""nPropDigits"":5,""nPropNumber"":1,""CombinedUncertainty"":{""nCombUncertAssessNum"":1,""nCombExpandUncertValue"":0.14},""nPropValue"":395.26}",variable,"{""nVarNumber"":1,""nVarDigits"":5,""nVarValue"":120}",395.26,True,,120000,True,False,False
10.1021/acs.jced.6b00221#d3#p1#r10,10.1021/acs.jced.6b00221#d3#p1,10.1021/acs.jced.6b00221.json,3,1,10,"InChI=1S/C6H12O2/c1-5(2)4-8-6(3)7/h5H,4H2,1-3H3",GJRQTCIYDGXPES-UHFFFAOYSA-N,2-methylpropyl ethanoate,C6H12O2,10.1021/acs.jced.6b00221,2017,"Boiling temperature at pressure P, K",Liquid,"[""Liquid"",""Gas""]",Ebulliometric method (Recirculating still),398.16,"{""nPropValue"":398.16,""CombinedUncertainty"":{""nCombExpandUncertValue"":0.13,""nCombUncertAssessNum"":1},""nPropDigits"":5,""nPropNumber"":1}",variable,"{""nVarValue"":130,""nVarNumber"":1,""nVarDigits"":5}",398.16,True,,130000,True,False,False
10.1021/acs.jced.6b00221#d3#p1#r11,10.1021/acs.jced.6b00221#d3#p1,10.1021/acs.jced.6b00221.json,3,1,11,"InChI=1S/C6H12O2/c1-5(2)4-8-6(3)7/h5H,4H2,1-3H3",GJRQTCIYDGXPES-UHFFFAOYSA-N,2-methylpropyl ethanoate,C6H12O2,10.1021/acs.jced.6b00221,2017,"Boiling temperature at pressure P, K",Liquid,"[""Liquid"",""Gas""]",Ebulliometric method (Recirculating still),400.84,"{""nPropNumber"":1,""nPropDigits"":5,""nPropValue"":400.84,""CombinedUncertainty"":{""nCombUncertAssessNum"":1,""nCombExpandUncertValue"":0.13}}",variable,"{""nVarValue"":140,""nVarDigits"":5,""nVarNumber"":1}",400.84,True,,140000,True,False,False
10.1021/acs.jced.6b00221#d3#p1#r12,10.1021/acs.jced.6b00221#d3#p1,10.1021/acs.jced.6b00221.json,3,1,12,"InChI=1S/C6H12O2/c1-5(2)4-8-6(3)7/h5H,4H2,1-3H3",GJRQTCIYDGXPES-UHFFFAOYSA-N,2-methylpropyl ethanoate,C6H12O2,10.1021/acs.jced.6b00221,2017,"Boiling temperature at pressure P, K",Liquid,"[""Liquid"",""Gas""]",Ebulliometric method (Recirculating still),403.64,"{""CombinedUncertainty"":{""nCombExpandUncertValue"":0.14,""nCombUncertAssessNum"":1},""nPropValue"":403.64,""nPropNumber"":1,""nPropDigits"":5}",variable,"{""nVarDigits"":5,""nVarNumber"":1,""nVarValue"":150}",403.64,True,,150000,True,False,False
10.1021/acs.jced.6b00221#d5#p1#r1,10.1021/acs.jced.6b00221#d5#p1,10.1021/acs.jced.6b00221.json,5,1,1,"InChI=1S/C7H14O2/c1-6(2)4-5-9-7(3)8/h6H,4-5H2,1-3H3",MLFHJEHSLIIPHL-UHFFFAOYSA-N,3-methylbutyl ethanoate,C7H14O2,10.1021/acs.jced.6b00221,2017,"Boiling temperature at pressure P, K",Liquid,"[""Liquid"",""Gas""]",Ebulliometric method (Recirculating still),365.29,"{""nPropNumber"":1,""nPropDigits"":5,""nPropValue"":365.29,""CombinedUncertainty"":{""nCombUncertAssessNum"":1,""nCombExpandUncertValue"":0.43}}",variable,"{""nVarNumber"":1,""nVarDigits"":4,""nVarValue"":20}",365.29,True,,20000,True,True,False
10.1021/acs.jced.6b00221#d5#p1#r2,10.1021/acs.jced.6b00221#d5#p1,10.1021/acs.jced.6b00221.json,5,1,2,"InChI=1S/C7H14O2/c1-6(2)4-5-9-7(3)8/h6H,4-5H2,1-3H3",MLFHJEHSLIIPHL-UHFFFAOYSA-N,3-methylbutyl ethanoate,C7H14O2,10.1021/acs.jced.6b00221,2017,"Boiling temperature at pressure P, K",Liquid,"[""Liquid"",""Gas""]",Ebulliometric method (Recirculating still),376.06,"{""nPropValue"":376.06,""CombinedUncertainty"":{""nCombUncertAssessNum"":1,""nCombExpandUncertValue"":0.38},""nPropDigits"":5,""nPropNumber"":1}",variable,"{""nVarDigits"":4,""nVarNumber"":1,""nVarValue"":29.98}",376.06,True,,29980.0,True,False,False
10.1021/acs.jced.6b00221#d5#p1#r3,10.1021/acs.jced.6b00221#d5#p1,10.1021/acs.jced.6b00221.json,5,1,3,"InChI=1S/C7H14O2/c1-6(2)4-5-9-7(3)8/h6H,4-5H2,1-3H3",MLFHJEHSLIIPHL-UHFFFAOYSA-N,3-methylbutyl ethanoate,C7H14O2,10.1021/acs.jced.6b00221,2017,"Boiling temperature at pressure P, K",Liquid,"[""Liquid"",""Gas""]",Ebulliometric method (Recirculating still),384.31,"{""nPropNumber"":1,""nPropDigits"":5,""CombinedUncertainty"":{""nCombUncertAssessNum"":1,""nCombExpandUncertValue"":0.3},""nPropValue"":384.31}",variable,"{""nVarDigits"":4,""nVarNumber"":1,""nVarValue"":40.01}",384.31,True,,40010.0,True,False,False
10.1021/acs.jced.6b00221#d5#p1#r4,10.1021/acs.jced.6b00221#d5#p1,10.1021/acs.jced.6b00221.json,5,1,4,"InChI=1S/C7H14O2/c1-6(2)4-5-9-7(3)8/h6H,4-5H2,1-3H3",MLFHJEHSLIIPHL-UHFFFAOYSA-N,3-methylbutyl ethanoate,C7H14O2,10.1021/acs.jced.6b00221,2017,"Boiling temperature at pressure P, K",Liquid,"[""Liquid"",""Gas""]",Ebulliometric method (Recirculating still),391.07,"{""nPropDigits"":5,""nPropNumber"":1,""nPropValue"":391.07,""CombinedUncertainty"":{""nCombUncertAssessNum"":1,""nCombExpandUncertValue"":0.25}}",variable,"{""nVarDigits"":4,""nVarNumber"":1,""nVarValue"":49.99}",391.07,True,,49990.0,True,False,False
10.1021/acs.jced.6b00221#d5#p1#r5,10.1021/acs.jced.6b00221#d5#p1,10.1021/acs.jced.6b00221.json,5,1,5,"InChI=1S/C7H14O2/c1-6(2)4-5-9-7(3)8/h6H,4-5H2,1-3H3",MLFHJEHSLIIPHL-UHFFFAOYSA-N,3-methylbutyl ethanoate,C7H14O2,10.1021/acs.jced.6b00221,2017,"Boiling temperature at pressure P, K",Liquid,"[""Liquid"",""Gas""]",Ebulliometric method (Recirculating still),396.76,"{""nPropDigits"":5,""nPropNumber"":1,""nPropValue"":396.76,""CombinedUncertainty"":{""nCombUncertAssessNum"":1,""nCombExpandUncertValue"":0.21}}",variable,"{""nVarDigits"":4,""nVarNumber"":1,""nVarValue"":60}",396.76,True,,60000,True,False,False
10.1021/acs.jced.6b00221#d5#p1#r6,10.1021/acs.jced.6b00221#d5#p1,10.1021/acs.jced.6b00221.json,5,1,6,"InChI=1S/C7H14O2/c1-6(2)4-5-9-7(3)8/h6H,4-5H2,1-3H3",MLFHJEHSLIIPHL-UHFFFAOYSA-N,3-methylbutyl ethanoate,C7H14O2,10.1021/acs.jced.6b00221,2017,"Boiling temperature at pressure P, K",Liquid,"[""Liquid"",""Gas""]",Ebulliometric method (Recirculating still),401.72,"{""CombinedUncertainty"":{""nCombUncertAssessNum"":1,""nCombExpandUncertValue"":0.19},""nPropValue"":401.72,""nPropNumber"":1,""nPropDigits"":5}",variable,"{""nVarDigits"":4,""nVarNumber"":1,""nVarValue"":70}",401.72,True,,70000,True,False,False
10.1021/acs.jced.6b00221#d5#p1#r7,10.1021/acs.jced.6b00221#d5#p1,10.1021/acs.jced.6b00221.json,5,1,7,"InChI=1S/C7H14O2/c1-6(2)4-5-9-7(3)8/h6H,4-5H2,1-3H3",MLFHJEHSLIIPHL-UHFFFAOYSA-N,3-methylbutyl ethanoate,C7H14O2,10.1021/acs.jced.6b00221,2017,"Boiling temperature at pressure P, K",Liquid,"[""Liquid"",""Gas""]",Ebulliometric method (Recirculating still),406.18,"{""nPropValue"":406.18,""CombinedUncertainty"":{""nCombUncertAssessNum"":1,""nCombExpandUncertValue"":0.17},""nPropDigits"":5,""nPropNumber"":1}",variable,"{""nVarValue"":80.01,""nVarNumber"":1,""nVarDigits"":4}",406.18,True,,80010.0,True,False,False
10.1021/acs.jced.6b00221#d5#p1#r8,10.1021/acs.jced.6b00221#d5#p1,10.1021/acs.jced.6b00221.json,5,1,8,"InChI=1S/C7H14O2/c1-6(2)4-5-9-7(3)8/h6H,4-5H2,1-3H3",MLFHJEHSLIIPHL-UHFFFAOYSA-N,3-methylbutyl ethanoate,C7H14O2,10.1021/acs.jced.6b00221,2017,"Boiling temperature at pressure P, K",Liquid,"[""Liquid"",""Gas""]",Ebulliometric method (Recirculating still),410.24,"{""nPropNumber"":1,""nPropDigits"":5,""CombinedUncertainty"":{""nCombExpandUncertValue"":0.16,""nCombUncertAssessNum"":1},""nPropValue"":410.24}",variable,"{""nVarValue"":90,""nVarNumber"":1,""nVarDigits"":4}",410.24,True,,90000,True,False,False
10.1021/acs.jced.6b00221#d5#p1#r9,10.1021/acs.jced.6b00221#d5#p1,10.1021/acs.jced.6b00221.json,5,1,9,"InChI=1S/C7H14O2/c1-6(2)4-5-9-7(3)8/h6H,4-5H2,1-3H3",MLFHJEHSLIIPHL-UHFFFAOYSA-N,3-methylbutyl ethanoate,C7H14O2,10.1021/acs.jced.6b00221,2017,"Boiling temperature at pressure P, K",Liquid,"[""Liquid"",""Gas""]",Ebulliometric method (Recirculating still),413.9,"{""nPropNumber"":1,""nPropDigits"":5,""nPropValue"":413.9,""CombinedUncertainty"":{""nCombExpandUncertValue"":0.14,""nCombUncertAssessNum"":1}}",variable,"{""nVarNumber"":1,""nVarDigits"":5,""nVarValue"":100.01}",413.9,True,,100010.0,True,False,False
10.1021/acs.jced.6b00221#d5#p1#r10,10.1021/acs.jced.6b00221#d5#p1,10.1021/acs.jced.6b00221.json,5,1,10,"InChI=1S/C7H14O2/c1-6(2)4-5-9-7(3)8/h6H,4-5H2,1-3H3",MLFHJEHSLIIPHL-UHFFFAOYSA-N,3-methylbutyl ethanoate,C7H14O2,10.1021/acs.jced.6b00221,2017,"Boiling temperature at pressure P, K",Liquid,"[""Liquid"",""Gas""]",Ebulliometric method (Recirculating still),417.15,"{""CombinedUncertainty"":{""nCombExpandUncertValue"":0.14,""nCombUncertAssessNum"":1},""nPropValue"":417.15,""nPropNumber"":1,""nPropDigits"":5}",variable,"{""nVarNumber"":1,""nVarDigits"":5,""nVarValue"":110}",417.15,True,,110000,True,False,False
10.1021/acs.jced.6b00221#d5#p1#r11,10.1021/acs.jced.6b00221#d5#p1,10.1021/acs.jced.6b00221.json,5,1,11,"InChI=1S/C7H14O2/c1-6(2)4-5-9-7(3)8/h6H,4-5H2,1-3H3",MLFHJEHSLIIPHL-UHFFFAOYSA-N,3-methylbutyl ethanoate,C7H14O2,10.1021/acs.jced.6b00221,2017,"Boiling temperature at pressure P, K",Liquid,"[""Liquid"",""Gas""]",Ebulliometric method (Recirculating still),420.43,"{""CombinedUncertainty"":{""nCombExpandUncertValue"":0.13,""nCombUncertAssessNum"":1},""nPropValue"":420.43,""nPropDigits"":5,""nPropNumber"":1}",variable,"{""nVarValue"":119.99,""nVarNumber"":1,""nVarDigits"":5}",420.43,True,,119990.0,True,False,False
10.1021/acs.jced.6b00221#d5#p1#r12,10.1021/acs.jced.6b00221#d5#p1,10.1021/acs.jced.6b00221.json,5,1,12,"InChI=1S/C7H14O2/c1-6(2)4-5-9-7(3)8/h6H,4-5H2,1-3H3",MLFHJEHSLIIPHL-UHFFFAOYSA-N,3-methylbutyl ethanoate,C7H14O2,10.1021/acs.jced.6b00221,2017,"Boiling temperature at pressure P, K",Liquid,"[""Liquid"",""Gas""]",Ebulliometric method (Recirculating still),423.46,"{""nPropValue"":423.46,""CombinedUncertainty"":{""nCombExpandUncertValue"":0.12,""nCombUncertAssessNum"":1},""nPropNumber"":1,""nPropDigits"":5}",variable,"{""nVarNumber"":1,""nVarDigits"":5,""nVarValue"":130}",423.46,True,,130000,True,False,False
10.1021/acs.jced.6b00221#d5#p1#r13,10.1021/acs.jced.6b00221#d5#p1,10.1021/acs.jced.6b00221.json,5,1,13,"InChI=1S/C7H14O2/c1-6(2)4-5-9-7(3)8/h6H,4-5H2,1-3H3",MLFHJEHSLIIPHL-UHFFFAOYSA-N,3-methylbutyl ethanoate,C7H14O2,10.1021/acs.jced.6b00221,2017,"Boiling temperature at pressure P, K",Liquid,"[""Liquid"",""Gas""]",Ebulliometric method (Recirculating still),426.33,"{""nPropValue"":426.33,""CombinedUncertainty"":{""nCombExpandUncertValue"":0.12,""nCombUncertAssessNum"":1},""nPropDigits"":5,""nPropNumber"":1}",variable,"{""nVarNumber"":1,""nVarDigits"":5,""nVarValue"":139.99}",426.33,True,,139990.0,True,False,False
10.1021/acs.jced.6b00221#d5#p1#r14,10.1021/acs.jced.6b00221#d5#p1,10.1021/acs.jced.6b00221.json,5,1,14,"InChI=1S/C7H14O2/c1-6(2)4-5-9-7(3)8/h6H,4-5H2,1-3H3",MLFHJEHSLIIPHL-UHFFFAOYSA-N,3-methylbutyl ethanoate,C7H14O2,10.1021/acs.jced.6b00221,2017,"Boiling temperature at pressure P, K",Liquid,"[""Liquid"",""Gas""]",Ebulliometric method (Recirculating still),429.05,"{""nPropValue"":429.05,""CombinedUncertainty"":{""nCombUncertAssessNum"":1,""nCombExpandUncertValue"":0.11},""nPropNumber"":1,""nPropDigits"":5}",variable,"{""nVarValue"":149.99,""nVarDigits"":5,""nVarNumber"":1}",429.05,True,,149990.0,True,False,False
10.1021/acs.jced.6b00221#d5#p1#r15,10.1021/acs.jced.6b00221#d5#p1,10.1021/acs.jced.6b00221.json,5,1,15,"InChI=1S/C7H14O2/c1-6(2)4-5-9-7(3)8/h6H,4-5H2,1-3H3",MLFHJEHSLIIPHL-UHFFFAOYSA-N,3-methylbutyl ethanoate,C7H14O2,10.1021/acs.jced.6b00221,2017,"Boiling temperature at pressure P, K",Liquid,"[""Liquid"",""Gas""]",Ebulliometric method (Recirculating still),431.61,"{""nPropValue"":431.61,""CombinedUncertainty"":{""nCombUncertAssessNum"":1,""nCombExpandUncertValue"":0.11},""nPropNumber"":1,""nPropDigits"":5}",variable,"{""nVarDigits"":5,""nVarNumber"":1,""nVarValue"":160.01}",431.61,True,,160010.0,True,False,False
10.1021/acs.jced.6b00293#d1#p1#r1,10.1021/acs.jced.6b00293#d1#p1,10.1021/acs.jced.6b00293.json,1,1,1,InChI=1S/C6H12/c1-2-4-6-5-3-1/h1-6H2,XDTMQSROBMDMFD-UHFFFAOYSA-N,cyclohexane,C6H12,10.1021/acs.jced.6b00293,2017,"Boiling temperature at pressure P, K",Liquid,"[""Liquid"",""Gas""]",Ebulliometric method (Recirculating still),307.92,"{""nPropDigits"":5,""nPropNumber"":1,""CombinedUncertainty"":{""nCombExpandUncertValue"":0.46,""nCombUncertAssessNum"":1},""nPropValue"":307.92}",variable,"{""nVarNumber"":1,""nVarDigits"":1,""nVarValue"":20}",307.92,True,,20000,True,True,False
10.1021/acs.jced.6b00293#d1#p1#r2,10.1021/acs.jced.6b00293#d1#p1,10.1021/acs.jced.6b00293.json,1,1,2,InChI=1S/C6H12/c1-2-4-6-5-3-1/h1-6H2,XDTMQSROBMDMFD-UHFFFAOYSA-N,cyclohexane,C6H12,10.1021/acs.jced.6b00293,2017,"Boiling temperature at pressure P, K",Liquid,"[""Liquid"",""Gas""]",Ebulliometric method (Recirculating still),325.47,"{""nPropValue"":325.47,""CombinedUncertainty"":{""nCombExpandUncertValue"":0.65,""nCombUncertAssessNum"":1},""nPropNumber"":1,""nPropDigits"":5}",variable,"{""nVarDigits"":1,""nVarNumber"":1,""nVarValue"":40}",325.47,True,,40000,True,False,False
10.1021/acs.jced.6b00293#d1#p1#r3,10.1021/acs.jced.6b00293#d1#p1,10.1021/acs.jced.6b00293.json,1,1,3,InChI=1S/C6H12/c1-2-4-6-5-3-1/h1-6H2,XDTMQSROBMDMFD-UHFFFAOYSA-N,cyclohexane,C6H12,10.1021/acs.jced.6b00293,2017,"Boiling temperature at pressure P, K",Liquid,"[""Liquid"",""Gas""]",Ebulliometric method (Recirculating still),337.08,"{""CombinedUncertainty"":{""nCombUncertAssessNum"":1,""nCombExpandUncertValue"":0.68},""nPropValue"":337.08,""nPropDigits"":5,""nPropNumber"":1}",variable,"{""nVarValue"":60,""nVarDigits"":1,""nVarNumber"":1}",337.08,True,,60000,True,False,False
10.1021/acs.jced.6b00293#d1#p1#r4,10.1021/acs.jced.6b00293#d1#p1,10.1021/acs.jced.6b00293.json,1,1,4,InChI=1S/C6H12/c1-2-4-6-5-3-1/h1-6H2,XDTMQSROBMDMFD-UHFFFAOYSA-N,cyclohexane,C6H12,10.1021/acs.jced.6b00293,2017,"Boiling temperature at pressure P, K",Liquid,"[""Liquid"",""Gas""]",Ebulliometric method (Recirculating still),346.09,"{""nPropDigits"":5,""nPropNumber"":1,""nPropValue"":346.09,""CombinedUncertainty"":{""nCombExpandUncertValue"":0.72,""nCombUncertAssessNum"":1}}",variable,"{""nVarNumber"":1,""nVarDigits"":1,""nVarValue"":80}",346.09,True,,80000,True,False,False
10.1021/acs.jced.6b00293#d1#p1#r5,10.1021/acs.jced.6b00293#d1#p1,10.1021/acs.jced.6b00293.json,1,1,5,InChI=1S/C6H12/c1-2-4-6-5-3-1/h1-6H2,XDTMQSROBMDMFD-UHFFFAOYSA-N,cyclohexane,C6H12,10.1021/acs.jced.6b00293,2017,"Boiling temperature at pressure P, K",Liquid,"[""Liquid"",""Gas""]",Ebulliometric method (Recirculating still),354.11,"{""CombinedUncertainty"":{""nCombUncertAssessNum"":1,""nCombExpandUncertValue"":0.81},""nPropValue"":354.11,""nPropNumber"":1,""nPropDigits"":5}",variable,"{""nVarDigits"":4,""nVarNumber"":1,""nVarValue"":101.3}",354.11,True,,101300.0,True,False,False
10.1021/acs.jced.6b00517#d3#p1#r1,10.1021/acs.jced.6b00517#d3#p1,10.1021/acs.jced.6b00517.json,3,1,1,"InChI=1S/CH4O/c1-2/h2H,1H3",OKKJLVBELUTLKV-UHFFFAOYSA-N,methanol,CH4O,10.1021/acs.jced.6b00517,2017,"Boiling temperature at pressure P, K",Liquid,"[""Liquid"",""Gas""]",Ebulliometric method (Recirculating still),337.83,"{""nPropNumber"":1,""nPropDigits"":5,""nPropValue"":337.83,""CombinedUncertainty"":{""nCombUncertAssessNum"":1,""nCombExpandUncertValue"":0.44}}",variable,"{""nVarNumber"":1,""nVarDigits"":4,""nVarValue"":101.3}",337.83,True,,101300.0,True,False,False
10.1021/acs.jced.6b00517#d7#p1#r1,10.1021/acs.jced.6b00517#d7#p1,10.1021/acs.jced.6b00517.json,7,1,1,"InChI=1S/C4H10O/c1-2-3-4-5/h5H,2-4H2,1H3",LRHPLDYGYMQRHN-UHFFFAOYSA-N,butan-1-ol,C4H10O,10.1021/acs.jced.6b00517,2017,"Boiling temperature at pressure P, K",Liquid,"[""Liquid"",""Gas""]",Ebulliometric method (Recirculating still),390.82,"{""nPropDigits"":5,""nPropNumber"":1,""CombinedUncertainty"":{""nCombUncertAssessNum"":1,""nCombExpandUncertValue"":0.44},""nPropValue"":390.82}",variable,"{""nVarValue"":101.3,""nVarNumber"":1,""nVarDigits"":4}",390.82,True,,101300.0,True,False,False
10.1021/acs.jced.6b00517#d11#p1#r1,10.1021/acs.jced.6b00517#d11#p1,10.1021/acs.jced.6b00517.json,11,1,1,"InChI=1S/C9H18O3/c1-3-5-7-11-9(10)12-8-6-4-2/h3-8H2,1-2H3",QLVWOKQMDLQXNN-UHFFFAOYSA-N,dibutyl carbonate,C9H18O3,10.1021/acs.jced.6b00517,2017,"Boiling temperature at pressure P, K",Liquid,"[""Liquid"",""Gas""]",Ebulliometric method (Recirculating still),477.65,"{""CombinedUncertainty"":{""nCombUncertAssessNum"":1,""nCombExpandUncertValue"":0.44},""nPropValue"":477.65,""nPropDigits"":5,""nPropNumber"":1}",variable,"{""nVarValue"":101.3,""nVarDigits"":4,""nVarNumber"":1}",477.65,True,,101300.0,True,False,False
10.1021/acs.jced.6b00523#d9#p1#r1,10.1021/acs.jced.6b00523#d9#p1,10.1021/acs.jced.6b00523.json,9,1,1,InChI=1S/C13H10O/c14-13(11-7-3-1-4-8-11)12-9-5-2-6-10-12/h1-10H,RWCCWEUUXYIKHB-UHFFFAOYSA-N,benzophenone,C13H10O,10.1021/acs.jced.6b00523,2016,"Boiling temperature at pressure P, K",Glass,"[""Glass"",""Liquid""]",DTA,212,"{""nPropValue"":212,""CombinedUncertainty"":{""nCombExpandUncertValue"":1,""nCombUncertAssessNum"":1},""nPropNumber"":1,""nPropDigits"":3}",variable,"{""nVarValue"":100,""nVarNumber"":1,""nVarDigits"":1}",212,False,,100000,False,False,False
10.1021/acs.jced.6b00713#d1#p1#r1,10.1021/acs.jced.6b00713#d1#p1,10.1021/acs.jced.6b00713.json,1,1,1,"InChI=1S/C6H7N/c1-6-4-2-3-5-7-6/h2-5H,1H3",BSKHPKMHTQYZBB-UHFFFAOYSA-N,2-methylpyridine,C6H7N,10.1021/acs.jced.6b00713,2017,"Boiling temperature at pressure P, K",Liquid,"[""Liquid"",""Gas""]",Ebulliometric method (Recirculating still),402.2,"{""nPropValue"":402.2,""CombinedUncertainty"":{""nCombUncertAssessNum"":1,""nCombExpandUncertValue"":0.2},""nPropNumber"":1,""nPropDigits"":5}",variable,"{""nVarDigits"":4,""nVarNumber"":1,""nVarValue"":101.3}",402.2,True,,101300.0,True,False,False
10.1021/acs.jced.6b00713#d4#p1#r1,10.1021/acs.jced.6b00713#d4#p1,10.1021/acs.jced.6b00713.json,4,1,1,InChI=1S/H2O/h1H2,XLYOFNOQVPJJNP-UHFFFAOYSA-N,water,H2O,10.1021/acs.jced.6b00713,2017,"Boiling temperature at pressure P, K",Liquid,"[""Liquid"",""Gas""]",Ebulliometric method (Recirculating still),373.25,"{""nPropValue"":373.25,""CombinedUncertainty"":{""nCombUncertAssessNum"":1,""nCombExpandUncertValue"":0.2},""nPropNumber"":1,""nPropDigits"":5}",variable,"{""nVarValue"":101.3,""nVarNumber"":1,""nVarDigits"":4}",373.25,True,no_carbon,101300.0,True,False,False
10.1021/acs.jced.6b01071#d3#p1#r1,10.1021/acs.jced.6b01071#d3#p1,10.1021/acs.jced.6b01071.json,3,1,1,"InChI=1S/C6H12O3/c1-5(4-8-3)9-6(2)7/h5H,4H2,1-3H3",LLHKCFNBLRBOGN-UHFFFAOYSA-N,1-methoxy-2-propyl acetate,C6H12O3,10.1021/acs.jced.6b01071,2017,"Boiling temperature at pressure P, K",Liquid,"[""Liquid"",""Gas""]",Ebulliometric method (Recirculating still),418.72,"{""nPropDigits"":5,""nPropNumber"":1,""CombinedUncertainty"":{""nCombUncertAssessNum"":1,""nCombExpandUncertValue"":0.2},""nPropValue"":418.72}",variable,"{""nVarValue"":101.3,""nVarDigits"":4,""nVarNumber"":1}",418.72,True,,101300.0,True,False,False
10.1021/acs.jced.6b01071#d7#p1#r1,10.1021/acs.jced.6b01071#d7#p1,10.1021/acs.jced.6b01071.json,7,1,1,"InChI=1S/C3H7NO/c1-4(2)3-5/h3H,1-2H3",ZMXDDKWLCZADIW-UHFFFAOYSA-N,dimethylformamide,C3H7NO,10.1021/acs.jced.6b01071,2017,"Boiling temperature at pressure P, K",Liquid,"[""Liquid"",""Gas""]",Ebulliometric method (Recirculating still),426.65,"{""nPropDigits"":5,""nPropNumber"":1,""nPropValue"":426.65,""CombinedUncertainty"":{""nCombUncertAssessNum"":1,""nCombExpandUncertValue"":0.2}}",variable,"{""nVarValue"":101.3,""nVarDigits"":4,""nVarNumber"":1}",426.65,True,,101300.0,True,False,False
10.1021/acs.jced.6b01071#d11#p1#r1,10.1021/acs.jced.6b01071#d11#p1,10.1021/acs.jced.6b01071.json,11,1,1,"InChI=1S/CH4O/c1-2/h2H,1H3",OKKJLVBELUTLKV-UHFFFAOYSA-N,methanol,CH4O,10.1021/acs.jced.6b01071,2017,"Boiling temperature at pressure P, K",Liquid,"[""Liquid"",""Gas""]",Ebulliometric method (Recirculating still),337.63,"{""nPropValue"":337.63,""CombinedUncertainty"":{""nCombExpandUncertValue"":0.2,""nCombUncertAssessNum"":1},""nPropDigits"":5,""nPropNumber"":1}",variable,"{""nVarDigits"":4,""nVarNumber"":1,""nVarValue"":101.3}",337.63,True,,101300.0,True,False,False
10.1021/acs.jced.7b00026#d3#p1#r1,10.1021/acs.jced.7b00026#d3#p1,10.1021/acs.jced.7b00026.json,3,1,1,"InChI=1S/C3H8O/c1-2-3-4/h4H,2-3H2,1H3",BDERNNFJNOPAEC-UHFFFAOYSA-N,propan-1-ol,C3H8O,10.1021/acs.jced.7b00026,2017,"Boiling temperature at pressure P, K",Liquid,"[""Liquid"",""Gas""]",Ebulliometric method (Recirculating still),326.98,"{""nPropNumber"":1,""nPropDigits"":5,""CombinedUncertainty"":{""nCombUncertAssessNum"":1,""nCombExpandUncertValue"":0.23},""nPropValue"":326.98}",variable,"{""nVarNumber"":1,""nVarDigits"":4,""nVarValue"":14.9}",326.98,True,,14900.0,True,True,False
10.1021/acs.jced.7b00026#d3#p1#r2,10.1021/acs.jced.7b00026#d3#p1,10.1021/acs.jced.7b00026.json,3,1,2,"InChI=1S/C3H8O/c1-2-3-4/h4H,2-3H2,1H3",BDERNNFJNOPAEC-UHFFFAOYSA-N,propan-1-ol,C3H8O,10.1021/acs.jced.7b00026,2017,"Boiling temperature at pressure P, K",Liquid,"[""Liquid"",""Gas""]",Ebulliometric method (Recirculating still),338.09,"{""CombinedUncertainty"":{""nCombExpandUncertValue"":0.23,""nCombUncertAssessNum"":1},""nPropValue"":338.09,""nPropDigits"":5,""nPropNumber"":1}",variable,"{""nVarValue"":25.89,""nVarNumber"":1,""nVarDigits"":4}",338.09,True,,25890.0,True,False,False
10.1021/acs.jced.7b00026#d3#p1#r3,10.1021/acs.jced.7b00026#d3#p1,10.1021/acs.jced.7b00026.json,3,1,3,"InChI=1S/C3H8O/c1-2-3-4/h4H,2-3H2,1H3",BDERNNFJNOPAEC-UHFFFAOYSA-N,propan-1-ol,C3H8O,10.1021/acs.jced.7b00026,2017,"Boiling temperature at pressure P, K",Liquid,"[""Liquid"",""Gas""]",Ebulliometric method (Recirculating still),341.12,"{""nPropNumber"":1,""nPropDigits"":5,""nPropValue"":341.12,""CombinedUncertainty"":{""nCombExpandUncertValue"":0.2,""nCombUncertAssessNum"":1}}",variable,"{""nVarValue"":29.9,""nVarDigits"":4,""nVarNumber"":1}",341.12,True,,29900.0,True,False,False
10.1021/acs.jced.7b00026#d3#p1#r4,10.1021/acs.jced.7b00026#d3#p1,10.1021/acs.jced.7b00026.json,3,1,4,"InChI=1S/C3H8O/c1-2-3-4/h4H,2-3H2,1H3",BDERNNFJNOPAEC-UHFFFAOYSA-N,propan-1-ol,C3H8O,10.1021/acs.jced.7b00026,2017,"Boiling temperature at pressure P, K",Liquid,"[""Liquid"",""Gas""]",Ebulliometric method (Recirculating still),347.45,"{""CombinedUncertainty"":{""nCombUncertAssessNum"":1,""nCombExpandUncertValue"":0.2},""nPropValue"":347.45,""nPropDigits"":5,""nPropNumber"":1}",variable,"{""nVarNumber"":1,""nVarDigits"":4,""nVarValue"":39.89}",347.45,True,,39890.0,True,False,False
10.1021/acs.jced.7b00026#d3#p1#r5,10.1021/acs.jced.7b00026#d3#p1,10.1021/acs.jced.7b00026.json,3,1,5,"InChI=1S/C3H8O/c1-2-3-4/h4H,2-3H2,1H3",BDERNNFJNOPAEC-UHFFFAOYSA-N,propan-1-ol,C3H8O,10.1021/acs.jced.7b00026,2017,"Boiling temperature at pressure P, K",Liquid,"[""Liquid"",""Gas""]",Ebulliometric method (Recirculating still),353.14,"{""CombinedUncertainty"":{""nCombUncertAssessNum"":1,""nCombExpandUncertValue"":0.19},""nPropValue"":353.14,""nPropDigits"":5,""nPropNumber"":1}",variable,"{""nVarValue"":51.21,""nVarNumber"":1,""nVarDigits"":4}",353.14,True,,51210.0,True,False,False
10.1021/acs.jced.7b00026#d3#p1#r6,10.1021/acs.jced.7b00026#d3#p1,10.1021/acs.jced.7b00026.json,3,1,6,"InChI=1S/C3H8O/c1-2-3-4/h4H,2-3H2,1H3",BDERNNFJNOPAEC-UHFFFAOYSA-N,propan-1-ol,C3H8O,10.1021/acs.jced.7b00026,2017,"Boiling temperature at pressure P, K",Liquid,"[""Liquid"",""Gas""]",Ebulliometric method (Recirculating still),356.86,"{""CombinedUncertainty"":{""nCombExpandUncertValue"":0.19,""nCombUncertAssessNum"":1},""nPropValue"":356.86,""nPropDigits"":5,""nPropNumber"":1}",variable,"{""nVarDigits"":4,""nVarNumber"":1,""nVarValue"":59.89}",356.86,True,,59890.0,True,False,False
10.1021/acs.jced.7b00026#d3#p1#r7,10.1021/acs.jced.7b00026#d3#p1,10.1021/acs.jced.7b00026.json,3,1,7,"InChI=1S/C3H8O/c1-2-3-4/h4H,2-3H2,1H3",BDERNNFJNOPAEC-UHFFFAOYSA-N,propan-1-ol,C3H8O,10.1021/acs.jced.7b00026,2017,"Boiling temperature at pressure P, K",Liquid,"[""Liquid"",""Gas""]",Ebulliometric method (Recirculating still),360.59,"{""CombinedUncertainty"":{""nCombUncertAssessNum"":1,""nCombExpandUncertValue"":0.19},""nPropValue"":360.59,""nPropNumber"":1,""nPropDigits"":5}",variable,"{""nVarValue"":69.89,""nVarNumber"":1,""nVarDigits"":4}",360.59,True,,69890.0,True,False,False
10.1021/acs.jced.7b00026#d3#p1#r8,10.1021/acs.jced.7b00026#d3#p1,10.1021/acs.jced.7b00026.json,3,1,8,"InChI=1S/C3H8O/c1-2-3-4/h4H,2-3H2,1H3",BDERNNFJNOPAEC-UHFFFAOYSA-N,propan-1-ol,C3H8O,10.1021/acs.jced.7b00026,2017,"Boiling temperature at pressure P, K",Liquid,"[""Liquid"",""Gas""]",Ebulliometric method (Recirculating still),363.91,"{""CombinedUncertainty"":{""nCombExpandUncertValue"":0.19,""nCombUncertAssessNum"":1},""nPropValue"":363.91,""nPropNumber"":1,""nPropDigits"":5}",variable,"{""nVarDigits"":4,""nVarNumber"":1,""nVarValue"":79.88}",363.91,True,,79880.0,True,False,False
10.1021/acs.jced.7b00026#d3#p1#r9,10.1021/acs.jced.7b00026#d3#p1,10.1021/acs.jced.7b00026.json,3,1,9,"InChI=1S/C3H8O/c1-2-3-4/h4H,2-3H2,1H3",BDERNNFJNOPAEC-UHFFFAOYSA-N,propan-1-ol,C3H8O,10.1021/acs.jced.7b00026,2017,"Boiling temperature at pressure P, K",Liquid,"[""Liquid"",""Gas""]",Ebulliometric method (Recirculating still),368.02,"{""nPropDigits"":5,""nPropNumber"":1,""nPropValue"":368.02,""CombinedUncertainty"":{""nCombExpandUncertValue"":0.19,""nCombUncertAssessNum"":1}}",variable,"{""nVarValue"":93.89,""nVarDigits"":4,""nVarNumber"":1}",368.02,True,,93890.0,True,False,False
10.1021/acs.jced.7b00026#d3#p1#r10,10.1021/acs.jced.7b00026#d3#p1,10.1021/acs.jced.7b00026.json,3,1,10,"InChI=1S/C3H8O/c1-2-3-4/h4H,2-3H2,1H3",BDERNNFJNOPAEC-UHFFFAOYSA-N,propan-1-ol,C3H8O,10.1021/acs.jced.7b00026,2017,"Boiling temperature at pressure P, K",Liquid,"[""Liquid"",""Gas""]",Ebulliometric method (Recirculating still),369.61,"{""nPropValue"":369.61,""CombinedUncertainty"":{""nCombExpandUncertValue"":0.18,""nCombUncertAssessNum"":1},""nPropDigits"":5,""nPropNumber"":1}",variable,"{""nVarNumber"":1,""nVarDigits"":4,""nVarValue"":99.88}",369.61,True,,99880.0,True,False,False
10.1021/acs.jced.7b00026#d7#p1#r1,10.1021/acs.jced.7b00026#d7#p1,10.1021/acs.jced.7b00026.json,7,1,1,"InChI=1S/C3H8O/c1-3(2)4/h3-4H,1-2H3",KFZMGEQAYNKOFK-UHFFFAOYSA-N,propan-2-ol,C3H8O,10.1021/acs.jced.7b00026,2017,"Boiling temperature at pressure P, K",Liquid,"[""Liquid"",""Gas""]",Ebulliometric method (Recirculating still),314.43,"{""nPropDigits"":5,""nPropNumber"":1,""nPropValue"":314.43,""CombinedUncertainty"":{""nCombUncertAssessNum"":1,""nCombExpandUncertValue"":0.23}}",variable,"{""nVarValue"":14.9,""nVarNumber"":1,""nVarDigits"":4}",314.43,True,,14900.0,True,True,False
10.1021/acs.jced.7b00026#d7#p1#r2,10.1021/acs.jced.7b00026#d7#p1,10.1021/acs.jced.7b00026.json,7,1,2,"InChI=1S/C3H8O/c1-3(2)4/h3-4H,1-2H3",KFZMGEQAYNKOFK-UHFFFAOYSA-N,propan-2-ol,C3H8O,10.1021/acs.jced.7b00026,2017,"Boiling temperature at pressure P, K",Liquid,"[""Liquid"",""Gas""]",Ebulliometric method (Recirculating still),323.03,"{""nPropDigits"":5,""nPropNumber"":1,""CombinedUncertainty"":{""nCombUncertAssessNum"":1,""nCombExpandUncertValue"":0.22},""nPropValue"":323.03}",variable,"{""nVarNumber"":1,""nVarDigits"":4,""nVarValue"":23.43}",323.03,True,,23430.0,True,False,False
10.1021/acs.jced.7b00026#d7#p1#r3,10.1021/acs.jced.7b00026#d7#p1,10.1021/acs.jced.7b00026.json,7,1,3,"InChI=1S/C3H8O/c1-3(2)4/h3-4H,1-2H3",KFZMGEQAYNKOFK-UHFFFAOYSA-N,propan-2-ol,C3H8O,10.1021/acs.jced.7b00026,2017,"Boiling temperature at pressure P, K",Liquid,"[""Liquid"",""Gas""]",Ebulliometric method (Recirculating still),327.97,"{""nPropValue"":327.97,""CombinedUncertainty"":{""nCombExpandUncertValue"":0.2,""nCombUncertAssessNum"":1},""nPropDigits"":5,""nPropNumber"":1}",variable,"{""nVarValue"":29.9,""nVarNumber"":1,""nVarDigits"":4}",327.97,True,,29900.0,True,False,False
10.1021/acs.jced.7b00026#d7#p1#r4,10.1021/acs.jced.7b00026#d7#p1,10.1021/acs.jced.7b00026.json,7,1,4,"InChI=1S/C3H8O/c1-3(2)4/h3-4H,1-2H3",KFZMGEQAYNKOFK-UHFFFAOYSA-N,propan-2-ol,C3H8O,10.1021/acs.jced.7b00026,2017,"Boiling temperature at pressure P, K",Liquid,"[""Liquid"",""Gas""]",Ebulliometric method (Recirculating still),333.98,"{""nPropDigits"":5,""nPropNumber"":1,""CombinedUncertainty"":{""nCombUncertAssessNum"":1,""nCombExpandUncertValue"":0.2},""nPropValue"":333.98}",variable,"{""nVarValue"":39.89,""nVarNumber"":1,""nVarDigits"":4}",333.98,True,,39890.0,True,False,False
10.1021/acs.jced.7b00026#d7#p1#r5,10.1021/acs.jced.7b00026#d7#p1,10.1021/acs.jced.7b00026.json,7,1,5,"InChI=1S/C3H8O/c1-3(2)4/h3-4H,1-2H3",KFZMGEQAYNKOFK-UHFFFAOYSA-N,propan-2-ol,C3H8O,10.1021/acs.jced.7b00026,2017,"Boiling temperature at pressure P, K",Liquid,"[""Liquid"",""Gas""]",Ebulliometric method (Recirculating still),338.14,"{""CombinedUncertainty"":{""nCombUncertAssessNum"":1,""nCombExpandUncertValue"":0.19},""nPropValue"":338.14,""nPropNumber"":1,""nPropDigits"":5}",variable,"{""nVarValue"":48.34,""nVarNumber"":1,""nVarDigits"":4}",338.14,True,,48340.0,True,False,False
10.1021/acs.jced.7b00026#d7#p1#r6,10.1021/acs.jced.7b00026#d7#p1,10.1021/acs.jced.7b00026.json,7,1,6,"InChI=1S/C3H8O/c1-3(2)4/h3-4H,1-2H3",KFZMGEQAYNKOFK-UHFFFAOYSA-N,propan-2-ol,C3H8O,10.1021/acs.jced.7b00026,2017,"Boiling temperature at pressure P, K",Liquid,"[""Liquid"",""Gas""]",Ebulliometric method (Recirculating still),342.9,"{""nPropNumber"":1,""nPropDigits"":5,""CombinedUncertainty"":{""nCombUncertAssessNum"":1,""nCombExpandUncertValue"":0.19},""nPropValue"":342.9}",variable,"{""nVarValue"":59.89,""nVarNumber"":1,""nVarDigits"":4}",342.9,True,,59890.0,True,False,False
10.1021/acs.jced.7b00026#d7#p1#r7,10.1021/acs.jced.7b00026#d7#p1,10.1021/acs.jced.7b00026.json,7,1,7,"InChI=1S/C3H8O/c1-3(2)4/h3-4H,1-2H3",KFZMGEQAYNKOFK-UHFFFAOYSA-N,propan-2-ol,C3H8O,10.1021/acs.jced.7b00026,2017,"Boiling temperature at pressure P, K",Liquid,"[""Liquid"",""Gas""]",Ebulliometric method (Recirculating still),346.45,"{""nPropValue"":346.45,""CombinedUncertainty"":{""nCombUncertAssessNum"":1,""nCombExpandUncertValue"":0.19},""nPropNumber"":1,""nPropDigits"":5}",variable,"{""nVarValue"":69.89,""nVarDigits"":4,""nVarNumber"":1}",346.45,True,,69890.0,True,False,False
10.1021/acs.jced.7b00026#d7#p1#r8,10.1021/acs.jced.7b00026#d7#p1,10.1021/acs.jced.7b00026.json,7,1,8,"InChI=1S/C3H8O/c1-3(2)4/h3-4H,1-2H3",KFZMGEQAYNKOFK-UHFFFAOYSA-N,propan-2-ol,C3H8O,10.1021/acs.jced.7b00026,2017,"Boiling temperature at pressure P, K",Liquid,"[""Liquid"",""Gas""]",Ebulliometric method (Recirculating still),349.64,"{""nPropNumber"":1,""nPropDigits"":5,""nPropValue"":349.64,""CombinedUncertainty"":{""nCombUncertAssessNum"":1,""nCombExpandUncertValue"":0.19}}",variable,"{""nVarValue"":79.88,""nVarDigits"":4,""nVarNumber"":1}",349.64,True,,79880.0,True,False,False
10.1021/acs.jced.7b00026#d7#p1#r9,10.1021/acs.jced.7b00026#d7#p1,10.1021/acs.jced.7b00026.json,7,1,9,"InChI=1S/C3H8O/c1-3(2)4/h3-4H,1-2H3",KFZMGEQAYNKOFK-UHFFFAOYSA-N,propan-2-ol,C3H8O,10.1021/acs.jced.7b00026,2017,"Boiling temperature at pressure P, K",Liquid,"[""Liquid"",""Gas""]",Ebulliometric method (Recirculating still),353.14,"{""nPropNumber"":1,""nPropDigits"":5,""nPropValue"":353.14,""CombinedUncertainty"":{""nCombUncertAssessNum"":1,""nCombExpandUncertValue"":0.18}}",variable,"{""nVarValue"":92.4,""nVarDigits"":4,""nVarNumber"":1}",353.14,True,,92400.0,True,False,False
10.1021/acs.jced.7b00026#d7#p1#r10,10.1021/acs.jced.7b00026#d7#p1,10.1021/acs.jced.7b00026.json,7,1,10,"InChI=1S/C3H8O/c1-3(2)4/h3-4H,1-2H3",KFZMGEQAYNKOFK-UHFFFAOYSA-N,propan-2-ol,C3H8O,10.1021/acs.jced.7b00026,2017,"Boiling temperature at pressure P, K",Liquid,"[""Liquid"",""Gas""]",Ebulliometric method (Recirculating still),354.82,"{""nPropNumber"":1,""nPropDigits"":5,""CombinedUncertainty"":{""nCombExpandUncertValue"":0.18,""nCombUncertAssessNum"":1},""nPropValue"":354.82}",variable,"{""nVarDigits"":4,""nVarNumber"":1,""nVarValue"":98.88}",354.82,True,,98880.0,True,False,False
10.1021/acs.jced.7b00026#d11#p1#r1,10.1021/acs.jced.7b00026#d11#p1,10.1021/acs.jced.7b00026.json,11,1,1,"InChI=1S/C6H12O/c1-5(2)4-6(3)7/h5H,4H2,1-3H3",NTIZESTWPVYFNL-UHFFFAOYSA-N,4-methylpentan-2-one,C6H12O,10.1021/acs.jced.7b00026,2017,"Boiling temperature at pressure P, K",Liquid,"[""Liquid"",""Gas""]",Ebulliometric method (Recirculating still),322.82,"{""nPropDigits"":5,""nPropNumber"":1,""CombinedUncertainty"":{""nCombUncertAssessNum"":1,""nCombExpandUncertValue"":0.38},""nPropValue"":322.82}",variable,"{""nVarDigits"":3,""nVarNumber"":1,""nVarValue"":9.22}",322.82,True,,9220.0,True,True,False
10.1021/acs.jced.7b00026#d11#p1#r2,10.1021/acs.jced.7b00026#d11#p1,10.1021/acs.jced.7b00026.json,11,1,2,"InChI=1S/C6H12O/c1-5(2)4-6(3)7/h5H,4H2,1-3H3",NTIZESTWPVYFNL-UHFFFAOYSA-N,4-methylpentan-2-one,C6H12O,10.1021/acs.jced.7b00026,2017,"Boiling temperature at pressure P, K",Liquid,"[""Liquid"",""Gas""]",Ebulliometric method (Recirculating still),324.41,"{""CombinedUncertainty"":{""nCombUncertAssessNum"":1,""nCombExpandUncertValue"":0.38},""nPropValue"":324.41,""nPropNumber"":1,""nPropDigits"":5}",variable,"{""nVarNumber"":1,""nVarDigits"":3,""nVarValue"":9.9}",324.41,True,,9900.0,True,True,False
10.1021/acs.jced.7b00026#d11#p1#r3,10.1021/acs.jced.7b00026#d11#p1,10.1021/acs.jced.7b00026.json,11,1,3,"InChI=1S/C6H12O/c1-5(2)4-6(3)7/h5H,4H2,1-3H3",NTIZESTWPVYFNL-UHFFFAOYSA-N,4-methylpentan-2-one,C6H12O,10.1021/acs.jced.7b00026,2017,"Boiling temperature at pressure P, K",Liquid,"[""Liquid"",""Gas""]",Ebulliometric method (Recirculating still),337.85,"{""nPropDigits"":5,""nPropNumber"":1,""CombinedUncertainty"":{""nCombExpandUncertValue"":0.27,""nCombUncertAssessNum"":1},""nPropValue"":337.85}",variable,"{""nVarDigits"":4,""nVarNumber"":1,""nVarValue"":17.52}",337.85,True,,17520.0,True,True,False
10.1021/acs.jced.7b00026#d11#p1#r4,10.1021/acs.jced.7b00026#d11#p1,10.1021/acs.jced.7b00026.json,11,1,4,"InChI=1S/C6H12O/c1-5(2)4-6(3)7/h5H,4H2,1-3H3",NTIZESTWPVYFNL-UHFFFAOYSA-N,4-methylpentan-2-one,C6H12O,10.1021/acs.jced.7b00026,2017,"Boiling temperature at pressure P, K",Liquid,"[""Liquid"",""Gas""]",Ebulliometric method (Recirculating still),339.11,"{""CombinedUncertainty"":{""nCombUncertAssessNum"":1,""nCombExpandUncertValue"":0.27},""nPropValue"":339.11,""nPropNumber"":1,""nPropDigits"":5}",variable,"{""nVarDigits"":4,""nVarNumber"":1,""nVarValue"":18.41}",339.11,True,,18410.0,True,True,False
10.1021/acs.jced.7b00026#d11#p1#r5,10.1021/acs.jced.7b00026#d11#p1,10.1021/acs.jced.7b00026.json,11,1,5,"InChI=1S/C6H12O/c1-5(2)4-6(3)7/h5H,4H2,1-3H3",NTIZESTWPVYFNL-UHFFFAOYSA-N,4-methylpentan-2-one,C6H12O,10.1021/acs.jced.7b00026,2017,"Boiling temperature at pressure P, K",Liquid,"[""Liquid"",""Gas""]",Ebulliometric method (Recirculating still),352.88,"{""CombinedUncertainty"":{""nCombExpandUncertValue"":0.22,""nCombUncertAssessNum"":1},""nPropValue"":352.88,""nPropNumber"":1,""nPropDigits"":5}",variable,"{""nVarValue"":31.36,""nVarDigits"":4,""nVarNumber"":1}",352.88,True,,31360.0,True,False,False
10.1021/acs.jced.7b00026#d11#p1#r6,10.1021/acs.jced.7b00026#d11#p1,10.1021/acs.jced.7b00026.json,11,1,6,"InChI=1S/C6H12O/c1-5(2)4-6(3)7/h5H,4H2,1-3H3",NTIZESTWPVYFNL-UHFFFAOYSA-N,4-methylpentan-2-one,C6H12O,10.1021/acs.jced.7b00026,2017,"Boiling temperature at pressure P, K",Liquid,"[""Liquid"",""Gas""]",Ebulliometric method (Recirculating still),353.54,"{""nPropNumber"":1,""nPropDigits"":5,""nPropValue"":353.54,""CombinedUncertainty"":{""nCombUncertAssessNum"":1,""nCombExpandUncertValue"":0.22}}",variable,"{""nVarNumber"":1,""nVarDigits"":4,""nVarValue"":32.13}",353.54,True,,32130.000000000004,True,False,False
10.1021/acs.jced.7b00026#d11#p1#r7,10.1021/acs.jced.7b00026#d11#p1,10.1021/acs.jced.7b00026.json,11,1,7,"InChI=1S/C6H12O/c1-5(2)4-6(3)7/h5H,4H2,1-3H3",NTIZESTWPVYFNL-UHFFFAOYSA-N,4-methylpentan-2-one,C6H12O,10.1021/acs.jced.7b00026,2017,"Boiling temperature at pressure P, K",Liquid,"[""Liquid"",""Gas""]",Ebulliometric method (Recirculating still),359.6,"{""nPropNumber"":1,""nPropDigits"":5,""CombinedUncertainty"":{""nCombExpandUncertValue"":0.2,""nCombUncertAssessNum"":1},""nPropValue"":359.6}",variable,"{""nVarValue"":39.89,""nVarDigits"":4,""nVarNumber"":1}",359.6,True,,39890.0,True,False,False
10.1021/acs.jced.7b00026#d11#p1#r8,10.1021/acs.jced.7b00026#d11#p1,10.1021/acs.jced.7b00026.json,11,1,8,"InChI=1S/C6H12O/c1-5(2)4-6(3)7/h5H,4H2,1-3H3",NTIZESTWPVYFNL-UHFFFAOYSA-N,4-methylpentan-2-one,C6H12O,10.1021/acs.jced.7b00026,2017,"Boiling temperature at pressure P, K",Liquid,"[""Liquid"",""Gas""]",Ebulliometric method (Recirculating still),368.46,"{""nPropDigits"":5,""nPropNumber"":1,""CombinedUncertainty"":{""nCombExpandUncertValue"":0.2,""nCombUncertAssessNum"":1},""nPropValue"":368.46}",variable,"{""nVarValue"":53.99,""nVarNumber"":1,""nVarDigits"":4}",368.46,True,,53990.0,True,False,False
10.1021/acs.jced.7b00026#d11#p1#r9,10.1021/acs.jced.7b00026#d11#p1,10.1021/acs.jced.7b00026.json,11,1,9,"InChI=1S/C6H12O/c1-5(2)4-6(3)7/h5H,4H2,1-3H3",NTIZESTWPVYFNL-UHFFFAOYSA-N,4-methylpentan-2-one,C6H12O,10.1021/acs.jced.7b00026,2017,"Boiling temperature at pressure P, K",Liquid,"[""Liquid"",""Gas""]",Ebulliometric method (Recirculating still),376.36,"{""nPropDigits"":5,""nPropNumber"":1,""CombinedUncertainty"":{""nCombExpandUncertValue"":0.19,""nCombUncertAssessNum"":1},""nPropValue"":376.36}",variable,"{""nVarValue"":69.89,""nVarNumber"":1,""nVarDigits"":4}",376.36,True,,69890.0,True,False,False
10.1021/acs.jced.7b00231#d1#p1#r1,10.1021/acs.jced.7b00231#d1#p1,10.1021/acs.jced.7b00231.json,1,1,1,"InChI=1S/C2H4O/c1-2-3/h2H,1H3",IKHGUXGNUITLKF-UHFFFAOYSA-N,ethanal,C2H4O,10.1021/acs.jced.7b00231,2017,"Boiling temperature at pressure P, K",Liquid,"[""Liquid"",""Gas""]",Ebulliometric method (Recirculating still),293.84,"{""nPropNumber"":1,""nPropDigits"":5,""nPropValue"":293.84,""CombinedUncertainty"":{""nCombExpandUncertValue"":0.16,""nCombUncertAssessNum"":1}}",variable,"{""nVarValue"":101.3,""nVarDigits"":4,""nVarNumber"":1}",293.84,True,,101300.0,True,False,False
10.1021/acs.jced.7b00231#d2#p1#r1,10.1021/acs.jced.7b00231#d2#p1,10.1021/acs.jced.7b00231.json,2,1,1,"InChI=1S/C4H10O/c1-2-3-4-5/h5H,2-4H2,1H3",LRHPLDYGYMQRHN-UHFFFAOYSA-N,butan-1-ol,C4H10O,10.1021/acs.jced.7b00231,2017,"Boiling temperature at pressure P, K",Liquid,"[""Liquid"",""Gas""]",Ebulliometric method (Recirculating still),390.78,"{""CombinedUncertainty"":{""nCombExpandUncertValue"":0.16,""nCombUncertAssessNum"":1},""nPropValue"":390.78,""nPropNumber"":1,""nPropDigits"":5}",variable,"{""nVarDigits"":4,""nVarNumber"":1,""nVarValue"":101.3}",390.78,True,,101300.0,True,False,False
10.1021/acs.jced.7b00231#d3#p1#r1,10.1021/acs.jced.7b00231#d3#p1,10.1021/acs.jced.7b00231.json,3,1,1,"InChI=1S/C2H6O/c1-2-3/h3H,2H2,1H3",LFQSCWFLJHTTHZ-UHFFFAOYSA-N,ethanol,C2H6O,10.1021/acs.jced.7b00231,2017,"Boiling temperature at pressure P, K",Liquid,"[""Liquid"",""Gas""]",Ebulliometric method (Recirculating still),351.38,"{""CombinedUncertainty"":{""nCombUncertAssessNum"":1,""nCombExpandUncertValue"":0.16},""nPropValue"":351.38,""nPropDigits"":5,""nPropNumber"":1}",variable,"{""nVarNumber"":1,""nVarDigits"":4,""nVarValue"":101.3}",351.38,True,,101300.0,True,False,False
10.1021/acs.jced.7b00231#d4#p1#r1,10.1021/acs.jced.7b00231#d4#p1,10.1021/acs.jced.7b00231.json,4,1,1,"InChI=1S/C4H8O2/c1-3-6-4(2)5/h3H2,1-2H3",XEKOWRVHYACXOJ-UHFFFAOYSA-N,ethyl acetate,C4H8O2,10.1021/acs.jced.7b00231,2017,"Boiling temperature at pressure P, K",Liquid,"[""Liquid"",""Gas""]",Ebulliometric method (Recirculating still),350.2,"{""CombinedUncertainty"":{""nCombUncertAssessNum"":1,""nCombExpandUncertValue"":0.16},""nPropValue"":350.2,""nPropDigits"":5,""nPropNumber"":1}",variable,"{""nVarDigits"":4,""nVarNumber"":1,""nVarValue"":101.3}",350.2,True,,101300.0,True,False,False
10.1021/acs.jced.7b00445#d3#p1#r1,10.1021/acs.jced.7b00445#d3#p1,10.1021/acs.jced.7b00445.json,3,1,1,"InChI=1S/C6H12O2/c1-4-5(2)8-6(3)7/h5H,4H2,1-3H3",DCKVNWZUADLDEH-UHFFFAOYSA-N,1-methylpropyl ethanoate,C6H12O2,10.1021/acs.jced.7b00445,2017,"Boiling temperature at pressure P, K",Liquid,"[""Liquid"",""Gas""]",Ebulliometric method (Recirculating still),385.12,"{""nPropValue"":385.12,""CombinedUncertainty"":{""nCombExpandUncertValue"":0.16,""nCombUncertAssessNum"":1},""nPropDigits"":5,""nPropNumber"":1}",variable,"{""nVarValue"":101.3,""nVarNumber"":1,""nVarDigits"":4}",385.12,True,,101300.0,True,False,False
10.1021/acs.jced.7b00445#d6#p1#r1,10.1021/acs.jced.7b00445#d6#p1,10.1021/acs.jced.7b00445.json,6,1,1,"InChI=1S/C2H6O/c1-2-3/h3H,2H2,1H3",LFQSCWFLJHTTHZ-UHFFFAOYSA-N,ethanol,C2H6O,10.1021/acs.jced.7b00445,2017,"Boiling temperature at pressure P, K",Liquid,"[""Liquid"",""Gas""]",Ebulliometric method (Recirculating still),351.42,"{""nPropValue"":351.42,""CombinedUncertainty"":{""nCombExpandUncertValue"":0.16,""nCombUncertAssessNum"":1},""nPropNumber"":1,""nPropDigits"":5}",variable,"{""nVarNumber"":1,""nVarDigits"":4,""nVarValue"":101.3}",351.42,True,,101300.0,True,False,False
10.1021/acs.jced.7b00445#d9#p1#r1,10.1021/acs.jced.7b00445#d9#p1,10.1021/acs.jced.7b00445.json,9,1,1,"InChI=1S/C3H8O/c1-2-3-4/h4H,2-3H2,1H3",BDERNNFJNOPAEC-UHFFFAOYSA-N,propan-1-ol,C3H8O,10.1021/acs.jced.7b00445,2017,"Boiling temperature at pressure P, K",Liquid,"[""Liquid"",""Gas""]",Ebulliometric method (Recirculating still),370.32,"{""CombinedUncertainty"":{""nCombUncertAssessNum"":1,""nCombExpandUncertValue"":0.16},""nPropValue"":370.32,""nPropNumber"":1,""nPropDigits"":5}",variable,"{""nVarValue"":101.3,""nVarDigits"":4,""nVarNumber"":1}",370.32,True,,101300.0,True,False,False
10.1021/acs.jced.7b00445#d12#p1#r1,10.1021/acs.jced.7b00445#d12#p1,10.1021/acs.jced.7b00445.json,12,1,1,"InChI=1S/C3H8O/c1-3(2)4/h3-4H,1-2H3",KFZMGEQAYNKOFK-UHFFFAOYSA-N,propan-2-ol,C3H8O,10.1021/acs.jced.7b00445,2017,"Boiling temperature at pressure P, K",Liquid,"[""Liquid"",""Gas""]",Ebulliometric method (Recirculating still),355.51,"{""nPropValue"":355.51,""CombinedUncertainty"":{""nCombExpandUncertValue"":0.16,""nCombUncertAssessNum"":1},""nPropDigits"":5,""nPropNumber"":1}",variable,"{""nVarValue"":101.3,""nVarNumber"":1,""nVarDigits"":4}",355.51,True,,101300.0,True,False,False
10.1021/acs.jced.7b00584#d1#p1#r1,10.1021/acs.jced.7b00584#d1#p1,10.1021/acs.jced.7b00584.json,1,1,1,InChI=1S/C4H8O/c1-2-4-5-3-1/h1-4H2,WYURNTSHIVDZCO-UHFFFAOYSA-N,tetrahydrofuran,C4H8O,10.1021/acs.jced.7b00584,2017,"Boiling temperature at pressure P, K",Liquid,"[""Liquid"",""Gas""]",Ebulliometric method (Recirculating still),339.12,"{""CombinedUncertainty"":{""nCombExpandUncertValue"":0.11,""nCombUncertAssessNum"":1},""nPropValue"":339.12,""nPropDigits"":5,""nPropNumber"":1}",variable,"{""nVarValue"":101.3,""nVarDigits"":4,""nVarNumber"":1}",339.12,True,,101300.0,True,False,False
10.1021/acs.jced.7b00584#d3#p1#r1,10.1021/acs.jced.7b00584#d3#p1,10.1021/acs.jced.7b00584.json,3,1,1,InChI=1S/C4H6O2/c5-4-2-1-3-6-4/h1-3H2,YEJRWHAVMIAJKC-UHFFFAOYSA-N,.gamma.-butyrolactone,C4H6O2,10.1021/acs.jced.7b00584,2017,"Boiling temperature at pressure P, K",Liquid,"[""Liquid"",""Gas""]",Ebulliometric method (Recirculating still),477.15,"{""nPropNumber"":1,""nPropDigits"":5,""CombinedUncertainty"":{""nCombExpandUncertValue"":0.11,""nCombUncertAssessNum"":1},""nPropValue"":477.15}",variable,"{""nVarValue"":101.3,""nVarDigits"":4,""nVarNumber"":1}",477.15,True,,101300.0,True,False,False
10.1021/acs.jced.7b00584#d5#p1#r1,10.1021/acs.jced.7b00584#d5#p1,10.1021/acs.jced.7b00584.json,5,1,1,"InChI=1S/C4H10O2/c5-3-1-2-4-6/h5-6H,1-4H2",WERYXYBDKMZEQL-UHFFFAOYSA-N,"1,4-butanediol",C4H10O2,10.1021/acs.jced.7b00584,2017,"Boiling temperature at pressure P, K",Liquid,"[""Liquid"",""Gas""]",Ebulliometric method (Recirculating still),501.15,"{""nPropDigits"":5,""nPropNumber"":1,""nPropValue"":501.15,""CombinedUncertainty"":{""nCombExpandUncertValue"":0.11,""nCombUncertAssessNum"":1}}",variable,"{""nVarValue"":101.3,""nVarDigits"":4,""nVarNumber"":1}",501.15,True,,101300.0,True,False,False
10.1021/acs.jced.7b01024#d1#p1#r1,10.1021/acs.jced.7b01024#d1#p1,10.1021/acs.jced.7b01024.json,1,1,1,"InChI=1S/C3H6O/c1-2-3-4/h2,4H,1,3H2",XXROGKLTLUQVRX-UHFFFAOYSA-N,2-propenol,C3H6O,10.1021/acs.jced.7b01024,2018,"Boiling temperature at pressure P, K",Liquid,"[""Liquid"",""Gas""]",Ebulliometric method (Recirculating still),369.9,"{""nPropNumber"":1,""nPropDigits"":5,""CombinedUncertainty"":{""nCombExpandUncertValue"":0.44,""nCombUncertAssessNum"":1},""nPropValue"":369.9}",variable,"{""nVarValue"":101.3,""nVarDigits"":4,""nVarNumber"":1}",369.9,True,,101300.0,True,False,False
10.1021/acs.jced.7b01024#d2#p1#r1,10.1021/acs.jced.7b01024#d2#p1,10.1021/acs.jced.7b01024.json,2,1,1,"InChI=1S/C6H12O2/c1-5(2)4-8-6(3)7/h5H,4H2,1-3H3",GJRQTCIYDGXPES-UHFFFAOYSA-N,2-methylpropyl ethanoate,C6H12O2,10.1021/acs.jced.7b01024,2018,"Boiling temperature at pressure P, K",Liquid,"[""Liquid"",""Gas""]",Ebulliometric method (Recirculating still),389.75,"{""CombinedUncertainty"":{""nCombExpandUncertValue"":0.2,""nCombUncertAssessNum"":1},""nPropValue"":389.75,""nPropDigits"":5,""nPropNumber"":1}",variable,"{""nVarValue"":101.3,""nVarDigits"":4,""nVarNumber"":1}",389.75,True,,101300.0,True,False,False
10.1021/acs.jced.7b01024#d3#p1#r1,10.1021/acs.jced.7b01024#d3#p1,10.1021/acs.jced.7b01024.json,3,1,1,"InChI=1S/C6H12O2/c1-3-4-5-8-6(2)7/h3-5H2,1-2H3",DKPFZGUDAPQIHT-UHFFFAOYSA-N,butyl ethanoate,C6H12O2,10.1021/acs.jced.7b01024,2018,"Boiling temperature at pressure P, K",Liquid,"[""Liquid"",""Gas""]",Ebulliometric method (Recirculating still),399.15,"{""nPropDigits"":5,""nPropNumber"":1,""CombinedUncertainty"":{""nCombUncertAssessNum"":1,""nCombExpandUncertValue"":0.2},""nPropValue"":399.15}",variable,"{""nVarValue"":101.3,""nVarNumber"":1,""nVarDigits"":4}",399.15,True,,101300.0,True,False,False
10.1021/acs.jced.7b01024#d4#p1#r1,10.1021/acs.jced.7b01024#d4#p1,10.1021/acs.jced.7b01024.json,4,1,1,"InChI=1S/C7H14O2/c1-3-5-6-9-7(8)4-2/h3-6H2,1-2H3",BTMVHUNTONAYDX-UHFFFAOYSA-N,butyl propanoate,C7H14O2,10.1021/acs.jced.7b01024,2018,"Boiling temperature at pressure P, K",Liquid,"[""Liquid"",""Gas""]",Ebulliometric method (Recirculating still),418.25,"{""nPropDigits"":5,""nPropNumber"":1,""CombinedUncertainty"":{""nCombUncertAssessNum"":1,""nCombExpandUncertValue"":0.2},""nPropValue"":418.25}",variable,"{""nVarDigits"":4,""nVarNumber"":1,""nVarValue"":101.3}",418.25,True,,101300.0,True,False,False
10.1021/acs.jced.7b01026#d17#p1#r1,10.1021/acs.jced.7b01026#d17#p1,10.1021/acs.jced.7b01026.json,17,1,1,"InChI=1S/C9H12O/c1-2-9(10)8-6-4-3-5-7-8/h3-7,9-10H,2H2,1H3",DYUQAZSOFZSPHD-UHFFFAOYSA-N,1-phenyl-1-propanol,C9H12O,10.1021/acs.jced.7b01026,2018,"Boiling temperature at pressure P, K",Glass,"[""Glass"",""Liquid""]",DTA,198.8,"{""nPropNumber"":1,""nPropDigits"":4,""CombinedUncertainty"":{""nCombUncertAssessNum"":1,""nCombExpandUncertValue"":2},""nPropValue"":198.8}",variable,"{""nVarValue"":100,""nVarDigits"":1,""nVarNumber"":1}",198.8,False,,100000,False,False,False
10.1021/acs.jced.7b01026#d19#p1#r1,10.1021/acs.jced.7b01026#d19#p1,10.1021/acs.jced.7b01026.json,19,1,1,"InChI=1S/C9H12O/c1-8(10)7-9-5-3-2-4-6-9/h2-6,8,10H,7H2,1H3",WYTRYIUQUDTGSX-UHFFFAOYSA-N,1-phenyl-2-propanol,C9H12O,10.1021/acs.jced.7b01026,2018,"Boiling temperature at pressure P, K",Glass,"[""Glass"",""Liquid""]",DTA,200.6,"{""nPropValue"":200.6,""CombinedUncertainty"":{""nCombExpandUncertValue"":2,""nCombUncertAssessNum"":1},""nPropNumber"":1,""nPropDigits"":4}",variable,"{""nVarValue"":100,""nVarNumber"":1,""nVarDigits"":1}",200.6,False,,100000,False,False,False
10.1021/acs.jced.7b01026#d21#p1#r1,10.1021/acs.jced.7b01026#d21#p1,10.1021/acs.jced.7b01026.json,21,1,1,"InChI=1S/C9H12O/c1-8(7-10)9-5-3-2-4-6-9/h2-6,8,10H,7H2,1H3",RNDNSYIPLPAXAZ-UHFFFAOYSA-N,2-phenyl-1-propanol,C9H12O,10.1021/acs.jced.7b01026,2018,"Boiling temperature at pressure P, K",Glass,"[""Glass"",""Liquid""]",DTA,197.6,"{""nPropValue"":197.6,""CombinedUncertainty"":{""nCombUncertAssessNum"":1,""nCombExpandUncertValue"":2},""nPropDigits"":4,""nPropNumber"":1}",variable,"{""nVarNumber"":1,""nVarDigits"":1,""nVarValue"":100}",197.6,False,,100000,False,False,False
10.1021/acs.jced.7b01107#d2#p1#r1,10.1021/acs.jced.7b01107#d2#p1,10.1021/acs.jced.7b01107.json,2,1,1,"InChI=1S/C4H8O2/c1-3-6-4(2)5/h3H2,1-2H3",XEKOWRVHYACXOJ-UHFFFAOYSA-N,ethyl acetate,C4H8O2,10.1021/acs.jced.7b01107,2018,"Boiling temperature at pressure P, K",Liquid,"[""Liquid"",""Gas""]",Ebulliometric method (Recirculating still),350.2,"{""nPropNumber"":1,""nPropDigits"":4,""CombinedUncertainty"":{""nCombExpandUncertValue"":0.2,""nCombUncertAssessNum"":1},""nPropValue"":350.2}",variable,"{""nVarNumber"":1,""nVarDigits"":4,""nVarValue"":101.3}",350.2,True,,101300.0,True,False,False
10.1021/acs.jced.7b01107#d4#p1#r1,10.1021/acs.jced.7b01107#d4#p1,10.1021/acs.jced.7b01107.json,4,1,1,"InChI=1S/C5H10O2/c1-3-4-7-5(2)6/h3-4H2,1-2H3",YKYONYBAUNKHLG-UHFFFAOYSA-N,propyl ethanoate,C5H10O2,10.1021/acs.jced.7b01107,2018,"Boiling temperature at pressure P, K",Liquid,"[""Liquid"",""Gas""]",Ebulliometric method (Recirculating still),374.4,"{""nPropDigits"":4,""nPropNumber"":1,""CombinedUncertainty"":{""nCombExpandUncertValue"":0.2,""nCombUncertAssessNum"":1},""nPropValue"":374.4}",variable,"{""nVarNumber"":1,""nVarDigits"":4,""nVarValue"":101.3}",374.4,True,,101300.0,True,False,False
10.1021/acs.jced.7b01107#d6#p1#r1,10.1021/acs.jced.7b01107#d6#p1,10.1021/acs.jced.7b01107.json,6,1,1,"InChI=1S/C4H6O3/c1-3-2-6-4(5)7-3/h3H,2H2,1H3",RUOJZAUFBMNUDX-UHFFFAOYSA-N,"4-methyl-1,3-dioxolan-2-one",C4H6O3,10.1021/acs.jced.7b01107,2018,"Boiling temperature at pressure P, K",Liquid,"[""Liquid"",""Gas""]",Ebulliometric method (Recirculating still),514.6,"{""nPropNumber"":1,""nPropDigits"":4,""nPropValue"":514.6,""CombinedUncertainty"":{""nCombExpandUncertValue"":0.2,""nCombUncertAssessNum"":1}}",variable,"{""nVarNumber"":1,""nVarDigits"":4,""nVarValue"":101.3}",514.6,True,,101300.0,True,False,False
10.1021/acs.jced.8b00168#d3#p1#r1,10.1021/acs.jced.8b00168#d3#p1,10.1021/acs.jced.8b00168.json,3,1,1,"InChI=1S/C21H40O5/c1-3-5-7-9-11-13-15-20(23)25-18-19(17-22)26-21(24)16-14-12-10-8-6-4-2/h19,22H,3-18H2,1-2H3",MLYPZHZRXTUJHJ-UHFFFAOYSA-N,dinonanoin,C21H40O5,10.1021/acs.jced.8b00168,2018,"Boiling temperature at pressure P, K",Liquid,"[""Liquid"",""Gas""]",DSC,504.22,"{""nPropDigits"":5,""nPropNumber"":1,""nPropValue"":504.22,""CombinedUncertainty"":{""nCombExpandUncertValue"":2.37,""nCombUncertAssessNum"":1}}",variable,"{""nVarNumber"":1,""nVarDigits"":2,""nVarValue"":0.54}",504.22,True,,540.0,False,False,False
10.1021/acs.jced.8b00168#d3#p1#r2,10.1021/acs.jced.8b00168#d3#p1,10.1021/acs.jced.8b00168.json,3,1,2,"InChI=1S/C21H40O5/c1-3-5-7-9-11-13-15-20(23)25-18-19(17-22)26-21(24)16-14-12-10-8-6-4-2/h19,22H,3-18H2,1-2H3",MLYPZHZRXTUJHJ-UHFFFAOYSA-N,dinonanoin,C21H40O5,10.1021/acs.jced.8b00168,2018,"Boiling temperature at pressure P, K",Liquid,"[""Liquid"",""Gas""]",DSC,526.2,"{""CombinedUncertainty"":{""nCombUncertAssessNum"":1,""nCombExpandUncertValue"":3.1},""nPropValue"":526.2,""nPropNumber"":1,""nPropDigits"":5}",variable,"{""nVarValue"":1.42,""nVarNumber"":1,""nVarDigits"":3}",526.2,True,,1420.0,False,False,False
10.1021/acs.jced.8b00168#d3#p1#r3,10.1021/acs.jced.8b00168#d3#p1,10.1021/acs.jced.8b00168.json,3,1,3,"InChI=1S/C21H40O5/c1-3-5-7-9-11-13-15-20(23)25-18-19(17-22)26-21(24)16-14-12-10-8-6-4-2/h19,22H,3-18H2,1-2H3",MLYPZHZRXTUJHJ-UHFFFAOYSA-N,dinonanoin,C21H40O5,10.1021/acs.jced.8b00168,2018,"Boiling temperature at pressure P, K",Liquid,"[""Liquid"",""Gas""]",DSC,531.55,"{""nPropNumber"":1,""nPropDigits"":5,""nPropValue"":531.55,""CombinedUncertainty"":{""nCombUncertAssessNum"":1,""nCombExpandUncertValue"":2.4}}",variable,"{""nVarValue"":1.74,""nVarNumber"":1,""nVarDigits"":3}",531.55,True,,1740.0,False,False,False
10.1021/acs.jced.8b00168#d3#p1#r4,10.1021/acs.jced.8b00168#d3#p1,10.1021/acs.jced.8b00168.json,3,1,4,"InChI=1S/C21H40O5/c1-3-5-7-9-11-13-15-20(23)25-18-19(17-22)26-21(24)16-14-12-10-8-6-4-2/h19,22H,3-18H2,1-2H3",MLYPZHZRXTUJHJ-UHFFFAOYSA-N,dinonanoin,C21H40O5,10.1021/acs.jced.8b00168,2018,"Boiling temperature at pressure P, K",Liquid,"[""Liquid"",""Gas""]",DSC,537.01,"{""nPropValue"":537.01,""CombinedUncertainty"":{""nCombUncertAssessNum"":1,""nCombExpandUncertValue"":2.65},""nPropDigits"":5,""nPropNumber"":1}",variable,"{""nVarDigits"":3,""nVarNumber"":1,""nVarValue"":2.14}",537.01,True,,2140.0,False,False,False
10.1021/acs.jced.8b00168#d3#p1#r5,10.1021/acs.jced.8b00168#d3#p1,10.1021/acs.jced.8b00168.json,3,1,5,"InChI=1S/C21H40O5/c1-3-5-7-9-11-13-15-20(23)25-18-19(17-22)26-21(24)16-14-12-10-8-6-4-2/h19,22H,3-18H2,1-2H3",MLYPZHZRXTUJHJ-UHFFFAOYSA-N,dinonanoin,C21H40O5,10.1021/acs.jced.8b00168,2018,"Boiling temperature at pressure P, K",Liquid,"[""Liquid"",""Gas""]",DSC,543.12,"{""nPropDigits"":5,""nPropNumber"":1,""CombinedUncertainty"":{""nCombUncertAssessNum"":1,""nCombExpandUncertValue"":2.77},""nPropValue"":543.12}",variable,"{""nVarDigits"":3,""nVarNumber"":1,""nVarValue"":2.63}",543.12,True,,2630.0,False,False,False
10.1021/acs.jced.8b00517#d3#p1#r1,10.1021/acs.jced.8b00517#d3#p1,10.1021/acs.jced.8b00517.json,3,1,1,"InChI=1S/C5H10O/c1-3-4-5(2)6/h3-4H2,1-2H3",XNLICIUVMPYHGG-UHFFFAOYSA-N,pentan-2-one,C5H10O,10.1021/acs.jced.8b00517,2018,"Boiling temperature at pressure P, K",Liquid,"[""Liquid"",""Gas""]",Ebulliometric method (Recirculating still),329.59,"{""nPropNumber"":1,""nPropDigits"":5,""nPropValue"":329.59,""CombinedUncertainty"":{""nCombExpandUncertValue"":0.22,""nCombUncertAssessNum"":1}}",variable,"{""nVarDigits"":4,""nVarNumber"":1,""nVarValue"":19.9}",329.59,True,,19900.0,True,True,False
10.1021/acs.jced.8b00517#d3#p1#r2,10.1021/acs.jced.8b00517#d3#p1,10.1021/acs.jced.8b00517.json,3,1,2,"InChI=1S/C5H10O/c1-3-4-5(2)6/h3-4H2,1-2H3",XNLICIUVMPYHGG-UHFFFAOYSA-N,pentan-2-one,C5H10O,10.1021/acs.jced.8b00517,2018,"Boiling temperature at pressure P, K",Liquid,"[""Liquid"",""Gas""]",Ebulliometric method (Recirculating still),343.47,"{""nPropNumber"":1,""nPropDigits"":5,""nPropValue"":343.47,""CombinedUncertainty"":{""nCombExpandUncertValue"":0.22,""nCombUncertAssessNum"":1}}",variable,"{""nVarDigits"":4,""nVarNumber"":1,""nVarValue"":34.33}",343.47,True,,34330.0,True,False,False
10.1021/acs.jced.8b00517#d3#p1#r3,10.1021/acs.jced.8b00517#d3#p1,10.1021/acs.jced.8b00517.json,3,1,3,"InChI=1S/C5H10O/c1-3-4-5(2)6/h3-4H2,1-2H3",XNLICIUVMPYHGG-UHFFFAOYSA-N,pentan-2-one,C5H10O,10.1021/acs.jced.8b00517,2018,"Boiling temperature at pressure P, K",Liquid,"[""Liquid"",""Gas""]",Ebulliometric method (Recirculating still),347.55,"{""nPropNumber"":1,""nPropDigits"":5,""CombinedUncertainty"":{""nCombUncertAssessNum"":1,""nCombExpandUncertValue"":0.19},""nPropValue"":347.55}",variable,"{""nVarValue"":39.89,""nVarNumber"":1,""nVarDigits"":4}",347.55,True,,39890.0,True,False,False
10.1021/acs.jced.8b00517#d3#p1#r4,10.1021/acs.jced.8b00517#d3#p1,10.1021/acs.jced.8b00517.json,3,1,4,"InChI=1S/C5H10O/c1-3-4-5(2)6/h3-4H2,1-2H3",XNLICIUVMPYHGG-UHFFFAOYSA-N,pentan-2-one,C5H10O,10.1021/acs.jced.8b00517,2018,"Boiling temperature at pressure P, K",Liquid,"[""Liquid"",""Gas""]",Ebulliometric method (Recirculating still),353.77,"{""nPropValue"":353.77,""CombinedUncertainty"":{""nCombUncertAssessNum"":1,""nCombExpandUncertValue"":0.18},""nPropDigits"":5,""nPropNumber"":1}",variable,"{""nVarNumber"":1,""nVarDigits"":4,""nVarValue"":49.89}",353.77,True,,49890.0,True,False,False
10.1021/acs.jced.8b00517#d3#p1#r5,10.1021/acs.jced.8b00517#d3#p1,10.1021/acs.jced.8b00517.json,3,1,5,"InChI=1S/C5H10O/c1-3-4-5(2)6/h3-4H2,1-2H3",XNLICIUVMPYHGG-UHFFFAOYSA-N,pentan-2-one,C5H10O,10.1021/acs.jced.8b00517,2018,"Boiling temperature at pressure P, K",Liquid,"[""Liquid"",""Gas""]",Ebulliometric method (Recirculating still),358.45,"{""nPropNumber"":1,""nPropDigits"":5,""CombinedUncertainty"":{""nCombUncertAssessNum"":1,""nCombExpandUncertValue"":0.17},""nPropValue"":358.45}",variable,"{""nVarDigits"":4,""nVarNumber"":1,""nVarValue"":58.58}",358.45,True,,58580.0,True,False,False
10.1021/acs.jced.8b00517#d3#p1#r6,10.1021/acs.jced.8b00517#d3#p1,10.1021/acs.jced.8b00517.json,3,1,6,"InChI=1S/C5H10O/c1-3-4-5(2)6/h3-4H2,1-2H3",XNLICIUVMPYHGG-UHFFFAOYSA-N,pentan-2-one,C5H10O,10.1021/acs.jced.8b00517,2018,"Boiling temperature at pressure P, K",Liquid,"[""Liquid"",""Gas""]",Ebulliometric method (Recirculating still),363.5,"{""CombinedUncertainty"":{""nCombExpandUncertValue"":0.17,""nCombUncertAssessNum"":1},""nPropValue"":363.5,""nPropNumber"":1,""nPropDigits"":5}",variable,"{""nVarNumber"":1,""nVarDigits"":4,""nVarValue"":69.3}",363.5,True,,69300.0,True,False,False
10.1021/acs.jced.8b00517#d3#p1#r7,10.1021/acs.jced.8b00517#d3#p1,10.1021/acs.jced.8b00517.json,3,1,7,"InChI=1S/C5H10O/c1-3-4-5(2)6/h3-4H2,1-2H3",XNLICIUVMPYHGG-UHFFFAOYSA-N,pentan-2-one,C5H10O,10.1021/acs.jced.8b00517,2018,"Boiling temperature at pressure P, K",Liquid,"[""Liquid"",""Gas""]",Ebulliometric method (Recirculating still),367.91,"{""nPropValue"":367.91,""CombinedUncertainty"":{""nCombExpandUncertValue"":0.17,""nCombUncertAssessNum"":1},""nPropDigits"":5,""nPropNumber"":1}",variable,"{""nVarValue"":79.88,""nVarDigits"":4,""nVarNumber"":1}",367.91,True,,79880.0,True,False,False
10.1021/acs.jced.8b00517#d3#p1#r8,10.1021/acs.jced.8b00517#d3#p1,10.1021/acs.jced.8b00517.json,3,1,8,"InChI=1S/C5H10O/c1-3-4-5(2)6/h3-4H2,1-2H3",XNLICIUVMPYHGG-UHFFFAOYSA-N,pentan-2-one,C5H10O,10.1021/acs.jced.8b00517,2018,"Boiling temperature at pressure P, K",Liquid,"[""Liquid"",""Gas""]",Ebulliometric method (Recirculating still),371.68,"{""nPropValue"":371.68,""CombinedUncertainty"":{""nCombExpandUncertValue"":0.16,""nCombUncertAssessNum"":1},""nPropDigits"":5,""nPropNumber"":1}",variable,"{""nVarDigits"":4,""nVarNumber"":1,""nVarValue"":89.88}",371.68,True,,89880.0,True,False,False
10.1021/acs.jced.8b00517#d3#p1#r9,10.1021/acs.jced.8b00517#d3#p1,10.1021/acs.jced.8b00517.json,3,1,9,"InChI=1S/C5H10O/c1-3-4-5(2)6/h3-4H2,1-2H3",XNLICIUVMPYHGG-UHFFFAOYSA-N,pentan-2-one,C5H10O,10.1021/acs.jced.8b00517,2018,"Boiling temperature at pressure P, K",Liquid,"[""Liquid"",""Gas""]",Ebulliometric method (Recirculating still),374.74,"{""nPropNumber"":1,""nPropDigits"":5,""nPropValue"":374.74,""CombinedUncertainty"":{""nCombExpandUncertValue"":0.16,""nCombUncertAssessNum"":1}}",variable,"{""nVarValue"":98.88,""nVarNumber"":1,""nVarDigits"":4}",374.74,True,,98880.0,True,False,False
10.1021/acs.jced.8b00517#d7#p1#r1,10.1021/acs.jced.8b00517#d7#p1,10.1021/acs.jced.8b00517.json,7,1,1,"InChI=1S/C4H10O/c1-4(2)3-5/h4-5H,3H2,1-2H3",ZXEKIIBDNHEJCQ-UHFFFAOYSA-N,2-methyl-1-propanol,C4H10O,10.1021/acs.jced.8b00517,2018,"Boiling temperature at pressure P, K",Liquid,"[""Liquid"",""Gas""]",Ebulliometric method (Recirculating still),329.02,"{""nPropValue"":329.02,""CombinedUncertainty"":{""nCombExpandUncertValue"":0.27,""nCombUncertAssessNum"":1},""nPropNumber"":1,""nPropDigits"":5}",variable,"{""nVarNumber"":1,""nVarDigits"":3,""nVarValue"":9.9}",329.02,True,,9900.0,True,True,False
10.1021/acs.jced.8b00517#d7#p1#r2,10.1021/acs.jced.8b00517#d7#p1,10.1021/acs.jced.8b00517.json,7,1,2,"InChI=1S/C4H10O/c1-4(2)3-5/h4-5H,3H2,1-2H3",ZXEKIIBDNHEJCQ-UHFFFAOYSA-N,2-methyl-1-propanol,C4H10O,10.1021/acs.jced.8b00517,2018,"Boiling temperature at pressure P, K",Liquid,"[""Liquid"",""Gas""]",Ebulliometric method (Recirculating still),343.05,"{""CombinedUncertainty"":{""nCombUncertAssessNum"":1,""nCombExpandUncertValue"":0.24},""nPropValue"":343.05,""nPropNumber"":1,""nPropDigits"":5}",variable,"{""nVarValue"":20.45,""nVarDigits"":4,""nVarNumber"":1}",343.05,True,,20450.0,True,False,False
10.1021/acs.jced.8b00517#d7#p1#r3,10.1021/acs.jced.8b00517#d7#p1,10.1021/acs.jced.8b00517.json,7,1,3,"InChI=1S/C4H10O/c1-4(2)3-5/h4-5H,3H2,1-2H3",ZXEKIIBDNHEJCQ-UHFFFAOYSA-N,2-methyl-1-propanol,C4H10O,10.1021/acs.jced.8b00517,2018,"Boiling temperature at pressure P, K",Liquid,"[""Liquid"",""Gas""]",Ebulliometric method (Recirculating still),351.1,"{""nPropDigits"":5,""nPropNumber"":1,""CombinedUncertainty"":{""nCombUncertAssessNum"":1,""nCombExpandUncertValue"":0.2},""nPropValue"":351.1}",variable,"{""nVarDigits"":4,""nVarNumber"":1,""nVarValue"":29.9}",351.1,True,,29900.0,True,False,False
10.1021/acs.jced.8b00517#d7#p1#r4,10.1021/acs.jced.8b00517#d7#p1,10.1021/acs.jced.8b00517.json,7,1,4,"InChI=1S/C4H10O/c1-4(2)3-5/h4-5H,3H2,1-2H3",ZXEKIIBDNHEJCQ-UHFFFAOYSA-N,2-methyl-1-propanol,C4H10O,10.1021/acs.jced.8b00517,2018,"Boiling temperature at pressure P, K",Liquid,"[""Liquid"",""Gas""]",Ebulliometric method (Recirculating still),358.19,"{""nPropDigits"":5,""nPropNumber"":1,""CombinedUncertainty"":{""nCombUncertAssessNum"":1,""nCombExpandUncertValue"":0.18},""nPropValue"":358.19}",variable,"{""nVarValue"":41.04,""nVarDigits"":4,""nVarNumber"":1}",358.19,True,,41040.0,True,False,False
10.1021/acs.jced.8b00517#d7#p1#r5,10.1021/acs.jced.8b00517#d7#p1,10.1021/acs.jced.8b00517.json,7,1,5,"InChI=1S/C4H10O/c1-4(2)3-5/h4-5H,3H2,1-2H3",ZXEKIIBDNHEJCQ-UHFFFAOYSA-N,2-methyl-1-propanol,C4H10O,10.1021/acs.jced.8b00517,2018,"Boiling temperature at pressure P, K",Liquid,"[""Liquid"",""Gas""]",Ebulliometric method (Recirculating still),363.16,"{""nPropNumber"":1,""nPropDigits"":5,""nPropValue"":363.16,""CombinedUncertainty"":{""nCombUncertAssessNum"":1,""nCombExpandUncertValue"":0.17}}",variable,"{""nVarValue"":50.94,""nVarDigits"":4,""nVarNumber"":1}",363.16,True,,50940.0,True,False,False
10.1021/acs.jced.8b00517#d7#p1#r6,10.1021/acs.jced.8b00517#d7#p1,10.1021/acs.jced.8b00517.json,7,1,6,"InChI=1S/C4H10O/c1-4(2)3-5/h4-5H,3H2,1-2H3",ZXEKIIBDNHEJCQ-UHFFFAOYSA-N,2-methyl-1-propanol,C4H10O,10.1021/acs.jced.8b00517,2018,"Boiling temperature at pressure P, K",Liquid,"[""Liquid"",""Gas""]",Ebulliometric method (Recirculating still),367.21,"{""CombinedUncertainty"":{""nCombUncertAssessNum"":1,""nCombExpandUncertValue"":0.17},""nPropValue"":367.21,""nPropNumber"":1,""nPropDigits"":5}",variable,"{""nVarDigits"":4,""nVarNumber"":1,""nVarValue"":59.89}",367.21,True,,59890.0,True,False,False
10.1021/acs.jced.8b00517#d7#p1#r7,10.1021/acs.jced.8b00517#d7#p1,10.1021/acs.jced.8b00517.json,7,1,7,"InChI=1S/C4H10O/c1-4(2)3-5/h4-5H,3H2,1-2H3",ZXEKIIBDNHEJCQ-UHFFFAOYSA-N,2-methyl-1-propanol,C4H10O,10.1021/acs.jced.8b00517,2018,"Boiling temperature at pressure P, K",Liquid,"[""Liquid"",""Gas""]",Ebulliometric method (Recirculating still),371.08,"{""nPropNumber"":1,""nPropDigits"":5,""nPropValue"":371.08,""CombinedUncertainty"":{""nCombUncertAssessNum"":1,""nCombExpandUncertValue"":0.16}}",variable,"{""nVarDigits"":4,""nVarNumber"":1,""nVarValue"":69.89}",371.08,True,,69890.0,True,False,False
10.1021/acs.jced.8b00517#d7#p1#r8,10.1021/acs.jced.8b00517#d7#p1,10.1021/acs.jced.8b00517.json,7,1,8,"InChI=1S/C4H10O/c1-4(2)3-5/h4-5H,3H2,1-2H3",ZXEKIIBDNHEJCQ-UHFFFAOYSA-N,2-methyl-1-propanol,C4H10O,10.1021/acs.jced.8b00517,2018,"Boiling temperature at pressure P, K",Liquid,"[""Liquid"",""Gas""]",Ebulliometric method (Recirculating still),374.47,"{""nPropDigits"":5,""nPropNumber"":1,""nPropValue"":374.47,""CombinedUncertainty"":{""nCombExpandUncertValue"":0.16,""nCombUncertAssessNum"":1}}",variable,"{""nVarDigits"":4,""nVarNumber"":1,""nVarValue"":79.88}",374.47,True,,79880.0,True,False,False
10.1021/acs.jced.8b00517#d7#p1#r9,10.1021/acs.jced.8b00517#d7#p1,10.1021/acs.jced.8b00517.json,7,1,9,"InChI=1S/C4H10O/c1-4(2)3-5/h4-5H,3H2,1-2H3",ZXEKIIBDNHEJCQ-UHFFFAOYSA-N,2-methyl-1-propanol,C4H10O,10.1021/acs.jced.8b00517,2018,"Boiling temperature at pressure P, K",Liquid,"[""Liquid"",""Gas""]",Ebulliometric method (Recirculating still),377.56,"{""nPropNumber"":1,""nPropDigits"":5,""nPropValue"":377.56,""CombinedUncertainty"":{""nCombExpandUncertValue"":0.16,""nCombUncertAssessNum"":1}}",variable,"{""nVarValue"":89.88,""nVarDigits"":4,""nVarNumber"":1}",377.56,True,,89880.0,True,False,False
10.1021/acs.jced.8b00517#d7#p1#r10,10.1021/acs.jced.8b00517#d7#p1,10.1021/acs.jced.8b00517.json,7,1,10,"InChI=1S/C4H10O/c1-4(2)3-5/h4-5H,3H2,1-2H3",ZXEKIIBDNHEJCQ-UHFFFAOYSA-N,2-methyl-1-propanol,C4H10O,10.1021/acs.jced.8b00517,2018,"Boiling temperature at pressure P, K",Liquid,"[""Liquid"",""Gas""]",Ebulliometric method (Recirculating still),380.36,"{""nPropDigits"":5,""nPropNumber"":1,""CombinedUncertainty"":{""nCombUncertAssessNum"":1,""nCombExpandUncertValue"":0.16},""nPropValue"":380.36}",variable,"{""nVarValue"":99.88,""nVarDigits"":4,""nVarNumber"":1}",380.36,True,,99880.0,True,False,False
10.1021/acs.jced.8b00614#d3#p1#r1,10.1021/acs.jced.8b00614#d3#p1,10.1021/acs.jced.8b00614.json,3,1,1,"InChI=1S/C5H12O/c1-5(2,3)6-4/h1-4H3",BZLVMXJERCGZMT-UHFFFAOYSA-N,2-methoxy-2-methylpropane,C5H12O,10.1021/acs.jced.8b00614,2019,"Boiling temperature at pressure P, K",Liquid,"[""Liquid"",""Gas""]",Ebulliometric method (Recirculating still),286.1,"{""nPropValue"":286.1,""CombinedUncertainty"":{""nCombUncertAssessNum"":1,""nCombExpandUncertValue"":0.2},""nPropDigits"":4,""nPropNumber"":1}",variable,"{""nVarValue"":20,""nVarNumber"":1,""nVarDigits"":3}",286.1,True,,20000,True,True,False
10.1021/acs.jced.8b00614#d3#p1#r2,10.1021/acs.jced.8b00614#d3#p1,10.1021/acs.jced.8b00614.json,3,1,2,"InChI=1S/C5H12O/c1-5(2,3)6-4/h1-4H3",BZLVMXJERCGZMT-UHFFFAOYSA-N,2-methoxy-2-methylpropane,C5H12O,10.1021/acs.jced.8b00614,2019,"Boiling temperature at pressure P, K",Liquid,"[""Liquid"",""Gas""]",Ebulliometric method (Recirculating still),295.4,"{""nPropValue"":295.4,""CombinedUncertainty"":{""nCombExpandUncertValue"":0.2,""nCombUncertAssessNum"":1},""nPropDigits"":4,""nPropNumber"":1}",variable,"{""nVarNumber"":1,""nVarDigits"":3,""nVarValue"":30}",295.4,True,,30000,True,False,False
10.1021/acs.jced.8b00614#d3#p1#r3,10.1021/acs.jced.8b00614#d3#p1,10.1021/acs.jced.8b00614.json,3,1,3,"InChI=1S/C5H12O/c1-5(2,3)6-4/h1-4H3",BZLVMXJERCGZMT-UHFFFAOYSA-N,2-methoxy-2-methylpropane,C5H12O,10.1021/acs.jced.8b00614,2019,"Boiling temperature at pressure P, K",Liquid,"[""Liquid"",""Gas""]",Ebulliometric method (Recirculating still),302.6,"{""nPropNumber"":1,""nPropDigits"":4,""nPropValue"":302.6,""CombinedUncertainty"":{""nCombUncertAssessNum"":1,""nCombExpandUncertValue"":0.1}}",variable,"{""nVarDigits"":3,""nVarNumber"":1,""nVarValue"":40}",302.6,True,,40000,True,False,False
10.1021/acs.jced.8b00614#d3#p1#r4,10.1021/acs.jced.8b00614#d3#p1,10.1021/acs.jced.8b00614.json,3,1,4,"InChI=1S/C5H12O/c1-5(2,3)6-4/h1-4H3",BZLVMXJERCGZMT-UHFFFAOYSA-N,2-methoxy-2-methylpropane,C5H12O,10.1021/acs.jced.8b00614,2019,"Boiling temperature at pressure P, K",Liquid,"[""Liquid"",""Gas""]",Ebulliometric method (Recirculating still),308.4,"{""nPropDigits"":4,""nPropNumber"":1,""nPropValue"":308.4,""CombinedUncertainty"":{""nCombUncertAssessNum"":1,""nCombExpandUncertValue"":0.1}}",variable,"{""nVarNumber"":1,""nVarDigits"":3,""nVarValue"":50}",308.4,True,,50000,True,False,False
10.1021/acs.jced.8b00614#d3#p1#r5,10.1021/acs.jced.8b00614#d3#p1,10.1021/acs.jced.8b00614.json,3,1,5,"InChI=1S/C5H12O/c1-5(2,3)6-4/h1-4H3",BZLVMXJERCGZMT-UHFFFAOYSA-N,2-methoxy-2-methylpropane,C5H12O,10.1021/acs.jced.8b00614,2019,"Boiling temperature at pressure P, K",Liquid,"[""Liquid"",""Gas""]",Ebulliometric method (Recirculating still),313.3,"{""CombinedUncertainty"":{""nCombUncertAssessNum"":1,""nCombExpandUncertValue"":0.1},""nPropValue"":313.3,""nPropDigits"":4,""nPropNumber"":1}",variable,"{""nVarValue"":60,""nVarNumber"":1,""nVarDigits"":3}",313.3,True,,60000,True,False,False
10.1021/acs.jced.8b00614#d3#p1#r6,10.1021/acs.jced.8b00614#d3#p1,10.1021/acs.jced.8b00614.json,3,1,6,"InChI=1S/C5H12O/c1-5(2,3)6-4/h1-4H3",BZLVMXJERCGZMT-UHFFFAOYSA-N,2-methoxy-2-methylpropane,C5H12O,10.1021/acs.jced.8b00614,2019,"Boiling temperature at pressure P, K",Liquid,"[""Liquid"",""Gas""]",Ebulliometric method (Recirculating still),317.6,"{""CombinedUncertainty"":{""nCombExpandUncertValue"":0.1,""nCombUncertAssessNum"":1},""nPropValue"":317.6,""nPropDigits"":4,""nPropNumber"":1}",variable,"{""nVarValue"":70,""nVarNumber"":1,""nVarDigits"":3}",317.6,True,,70000,True,False,False
10.1021/acs.jced.8b00614#d3#p1#r7,10.1021/acs.jced.8b00614#d3#p1,10.1021/acs.jced.8b00614.json,3,1,7,"InChI=1S/C5H12O/c1-5(2,3)6-4/h1-4H3",BZLVMXJERCGZMT-UHFFFAOYSA-N,2-methoxy-2-methylpropane,C5H12O,10.1021/acs.jced.8b00614,2019,"Boiling temperature at pressure P, K",Liquid,"[""Liquid"",""Gas""]",Ebulliometric method (Recirculating still),321.5,"{""nPropValue"":321.5,""CombinedUncertainty"":{""nCombExpandUncertValue"":0.1,""nCombUncertAssessNum"":1},""nPropDigits"":4,""nPropNumber"":1}",variable,"{""nVarValue"":79.9,""nVarNumber"":1,""nVarDigits"":3}",321.5,True,,79900.0,True,False,False
10.1021/acs.jced.8b00614#d3#p1#r8,10.1021/acs.jced.8b00614#d3#p1,10.1021/acs.jced.8b00614.json,3,1,8,"InChI=1S/C5H12O/c1-5(2,3)6-4/h1-4H3",BZLVMXJERCGZMT-UHFFFAOYSA-N,2-methoxy-2-methylpropane,C5H12O,10.1021/acs.jced.8b00614,2019,"Boiling temperature at pressure P, K",Liquid,"[""Liquid"",""Gas""]",Ebulliometric method (Recirculating still),324.9,"{""nPropValue"":324.9,""CombinedUncertainty"":{""nCombUncertAssessNum"":1,""nCombExpandUncertValue"":1.5},""nPropNumber"":1,""nPropDigits"":4}",variable,"{""nVarValue"":90,""nVarNumber"":1,""nVarDigits"":3}",324.9,True,,90000,True,False,False
10.1021/acs.jced.8b00614#d3#p1#r9,10.1021/acs.jced.8b00614#d3#p1,10.1021/acs.jced.8b00614.json,3,1,9,"InChI=1S/C5H12O/c1-5(2,3)6-4/h1-4H3",BZLVMXJERCGZMT-UHFFFAOYSA-N,2-methoxy-2-methylpropane,C5H12O,10.1021/acs.jced.8b00614,2019,"Boiling temperature at pressure P, K",Liquid,"[""Liquid"",""Gas""]",Ebulliometric method (Recirculating still),328.1,"{""CombinedUncertainty"":{""nCombUncertAssessNum"":1,""nCombExpandUncertValue"":1.5},""nPropValue"":328.1,""nPropNumber"":1,""nPropDigits"":4}",variable,"{""nVarValue"":99.7,""nVarNumber"":1,""nVarDigits"":3}",328.1,True,,99700.0,True,False,False
10.1021/acs.jced.8b00614#d7#p1#r1,10.1021/acs.jced.8b00614#d7#p1,10.1021/acs.jced.8b00614.json,7,1,1,"InChI=1S/C5H12O/c1-2-3-4-5-6/h6H,2-5H2,1H3",AMQJEAYHLZJPGS-UHFFFAOYSA-N,pentan-1-ol,C5H12O,10.1021/acs.jced.8b00614,2019,"Boiling temperature at pressure P, K",Liquid,"[""Liquid"",""Gas""]",Ebulliometric method (Recirculating still),317.4,"{""nPropNumber"":1,""nPropDigits"":4,""CombinedUncertainty"":{""nCombUncertAssessNum"":1,""nCombExpandUncertValue"":0.9},""nPropValue"":317.4}",variable,"{""nVarValue"":1.1,""nVarNumber"":1,""nVarDigits"":2}",317.4,True,,1100.0,True,True,False
10.1021/acs.jced.8b00614#d7#p1#r2,10.1021/acs.jced.8b00614#d7#p1,10.1021/acs.jced.8b00614.json,7,1,2,"InChI=1S/C5H12O/c1-2-3-4-5-6/h6H,2-5H2,1H3",AMQJEAYHLZJPGS-UHFFFAOYSA-N,pentan-1-ol,C5H12O,10.1021/acs.jced.8b00614,2019,"Boiling temperature at pressure P, K",Liquid,"[""Liquid"",""Gas""]",Ebulliometric method (Recirculating still),341.3,"{""CombinedUncertainty"":{""nCombExpandUncertValue"":0.6,""nCombUncertAssessNum"":1},""nPropValue"":341.3,""nPropNumber"":1,""nPropDigits"":4}",variable,"{""nVarDigits"":2,""nVarNumber"":1,""nVarValue"":5}",341.3,True,,5000,True,True,False
10.1021/acs.jced.8b00614#d7#p1#r3,10.1021/acs.jced.8b00614#d7#p1,10.1021/acs.jced.8b00614.json,7,1,3,"InChI=1S/C5H12O/c1-2-3-4-5-6/h6H,2-5H2,1H3",AMQJEAYHLZJPGS-UHFFFAOYSA-N,pentan-1-ol,C5H12O,10.1021/acs.jced.8b00614,2019,"Boiling temperature at pressure P, K",Liquid,"[""Liquid"",""Gas""]",Ebulliometric method (Recirculating still),354.5,"{""nPropDigits"":4,""nPropNumber"":1,""CombinedUncertainty"":{""nCombExpandUncertValue"":0.3,""nCombUncertAssessNum"":1},""nPropValue"":354.5}",variable,"{""nVarValue"":10,""nVarNumber"":1,""nVarDigits"":3}",354.5,True,,10000,True,True,False
10.1021/acs.jced.8b00614#d7#p1#r4,10.1021/acs.jced.8b00614#d7#p1,10.1021/acs.jced.8b00614.json,7,1,4,"InChI=1S/C5H12O/c1-2-3-4-5-6/h6H,2-5H2,1H3",AMQJEAYHLZJPGS-UHFFFAOYSA-N,pentan-1-ol,C5H12O,10.1021/acs.jced.8b00614,2019,"Boiling temperature at pressure P, K",Liquid,"[""Liquid"",""Gas""]",Ebulliometric method (Recirculating still),369,"{""nPropDigits"":4,""nPropNumber"":1,""nPropValue"":369,""CombinedUncertainty"":{""nCombExpandUncertValue"":0.2,""nCombUncertAssessNum"":1}}",variable,"{""nVarValue"":20,""nVarDigits"":3,""nVarNumber"":1}",369,True,,20000,True,True,False
10.1021/acs.jced.8b00614#d7#p1#r5,10.1021/acs.jced.8b00614#d7#p1,10.1021/acs.jced.8b00614.json,7,1,5,"InChI=1S/C5H12O/c1-2-3-4-5-6/h6H,2-5H2,1H3",AMQJEAYHLZJPGS-UHFFFAOYSA-N,pentan-1-ol,C5H12O,10.1021/acs.jced.8b00614,2019,"Boiling temperature at pressure P, K",Liquid,"[""Liquid"",""Gas""]",Ebulliometric method (Recirculating still),378.4,"{""nPropValue"":378.4,""CombinedUncertainty"":{""nCombUncertAssessNum"":1,""nCombExpandUncertValue"":0.2},""nPropDigits"":4,""nPropNumber"":1}",variable,"{""nVarNumber"":1,""nVarDigits"":3,""nVarValue"":30}",378.4,True,,30000,True,False,False
10.1021/acs.jced.8b00614#d7#p1#r6,10.1021/acs.jced.8b00614#d7#p1,10.1021/acs.jced.8b00614.json,7,1,6,"InChI=1S/C5H12O/c1-2-3-4-5-6/h6H,2-5H2,1H3",AMQJEAYHLZJPGS-UHFFFAOYSA-N,pentan-1-ol,C5H12O,10.1021/acs.jced.8b00614,2019,"Boiling temperature at pressure P, K",Liquid,"[""Liquid"",""Gas""]",Ebulliometric method (Recirculating still),385.5,"{""nPropDigits"":4,""nPropNumber"":1,""nPropValue"":385.5,""CombinedUncertainty"":{""nCombUncertAssessNum"":1,""nCombExpandUncertValue"":0.1}}",variable,"{""nVarNumber"":1,""nVarDigits"":3,""nVarValue"":40}",385.5,True,,40000,True,False,False
10.1021/acs.jced.8b00614#d7#p1#r7,10.1021/acs.jced.8b00614#d7#p1,10.1021/acs.jced.8b00614.json,7,1,7,"InChI=1S/C5H12O/c1-2-3-4-5-6/h6H,2-5H2,1H3",AMQJEAYHLZJPGS-UHFFFAOYSA-N,pentan-1-ol,C5H12O,10.1021/acs.jced.8b00614,2019,"Boiling temperature at pressure P, K",Liquid,"[""Liquid"",""Gas""]",Ebulliometric method (Recirculating still),391.3,"{""nPropValue"":391.3,""CombinedUncertainty"":{""nCombUncertAssessNum"":1,""nCombExpandUncertValue"":0.1},""nPropDigits"":4,""nPropNumber"":1}",variable,"{""nVarNumber"":1,""nVarDigits"":3,""nVarValue"":50}",391.3,True,,50000,True,False,False
10.1021/acs.jced.8b00614#d7#p1#r8,10.1021/acs.jced.8b00614#d7#p1,10.1021/acs.jced.8b00614.json,7,1,8,"InChI=1S/C5H12O/c1-2-3-4-5-6/h6H,2-5H2,1H3",AMQJEAYHLZJPGS-UHFFFAOYSA-N,pentan-1-ol,C5H12O,10.1021/acs.jced.8b00614,2019,"Boiling temperature at pressure P, K",Liquid,"[""Liquid"",""Gas""]",Ebulliometric method (Recirculating still),396.2,"{""CombinedUncertainty"":{""nCombUncertAssessNum"":1,""nCombExpandUncertValue"":0.1},""nPropValue"":396.2,""nPropDigits"":4,""nPropNumber"":1}",variable,"{""nVarNumber"":1,""nVarDigits"":3,""nVarValue"":60}",396.2,True,,60000,True,False,False
10.1021/acs.jced.8b00614#d7#p1#r9,10.1021/acs.jced.8b00614#d7#p1,10.1021/acs.jced.8b00614.json,7,1,9,"InChI=1S/C5H12O/c1-2-3-4-5-6/h6H,2-5H2,1H3",AMQJEAYHLZJPGS-UHFFFAOYSA-N,pentan-1-ol,C5H12O,10.1021/acs.jced.8b00614,2019,"Boiling temperature at pressure P, K",Liquid,"[""Liquid"",""Gas""]",Ebulliometric method (Recirculating still),400.4,"{""nPropDigits"":4,""nPropNumber"":1,""CombinedUncertainty"":{""nCombUncertAssessNum"":1,""nCombExpandUncertValue"":0.1},""nPropValue"":400.4}",variable,"{""nVarValue"":70,""nVarNumber"":1,""nVarDigits"":3}",400.4,True,,70000,True,False,False
10.1021/acs.jced.8b00614#d7#p1#r10,10.1021/acs.jced.8b00614#d7#p1,10.1021/acs.jced.8b00614.json,7,1,10,"InChI=1S/C5H12O/c1-2-3-4-5-6/h6H,2-5H2,1H3",AMQJEAYHLZJPGS-UHFFFAOYSA-N,pentan-1-ol,C5H12O,10.1021/acs.jced.8b00614,2019,"Boiling temperature at pressure P, K",Liquid,"[""Liquid"",""Gas""]",Ebulliometric method (Recirculating still),404.2,"{""nPropNumber"":1,""nPropDigits"":4,""CombinedUncertainty"":{""nCombUncertAssessNum"":1,""nCombExpandUncertValue"":0.1},""nPropValue"":404.2}",variable,"{""nVarDigits"":3,""nVarNumber"":1,""nVarValue"":79.9}",404.2,True,,79900.0,True,False,False
10.1021/acs.jced.8b00614#d7#p1#r11,10.1021/acs.jced.8b00614#d7#p1,10.1021/acs.jced.8b00614.json,7,1,11,"InChI=1S/C5H12O/c1-2-3-4-5-6/h6H,2-5H2,1H3",AMQJEAYHLZJPGS-UHFFFAOYSA-N,pentan-1-ol,C5H12O,10.1021/acs.jced.8b00614,2019,"Boiling temperature at pressure P, K",Liquid,"[""Liquid"",""Gas""]",Ebulliometric method (Recirculating still),407.7,"{""CombinedUncertainty"":{""nCombUncertAssessNum"":1,""nCombExpandUncertValue"":1.5},""nPropValue"":407.7,""nPropDigits"":4,""nPropNumber"":1}",variable,"{""nVarValue"":90,""nVarNumber"":1,""nVarDigits"":3}",407.7,True,,90000,True,False,False
10.1021/acs.jced.8b00614#d7#p1#r12,10.1021/acs.jced.8b00614#d7#p1,10.1021/acs.jced.8b00614.json,7,1,12,"InChI=1S/C5H12O/c1-2-3-4-5-6/h6H,2-5H2,1H3",AMQJEAYHLZJPGS-UHFFFAOYSA-N,pentan-1-ol,C5H12O,10.1021/acs.jced.8b00614,2019,"Boiling temperature at pressure P, K",Liquid,"[""Liquid"",""Gas""]",Ebulliometric method (Recirculating still),410.8,"{""nPropValue"":410.8,""CombinedUncertainty"":{""nCombUncertAssessNum"":1,""nCombExpandUncertValue"":1.5},""nPropDigits"":4,""nPropNumber"":1}",variable,"{""nVarValue"":99.7,""nVarNumber"":1,""nVarDigits"":3}",410.8,True,,99700.0,True,False,False
10.1021/acs.jced.8b00614#d11#p1#r1,10.1021/acs.jced.8b00614#d11#p1,10.1021/acs.jced.8b00614.json,11,1,1,"InChI=1S/C8H18/c1-7(2)6-8(3,4)5/h7H,6H2,1-5H3",NHTMVDHEPJAVLT-UHFFFAOYSA-N,"2,2,4-trimethylpentane",C8H18,10.1021/acs.jced.8b00614,2019,"Boiling temperature at pressure P, K",Liquid,"[""Liquid"",""Gas""]",Ebulliometric method (Recirculating still),292.5,"{""nPropNumber"":1,""nPropDigits"":4,""nPropValue"":292.5,""CombinedUncertainty"":{""nCombExpandUncertValue"":0.4,""nCombUncertAssessNum"":1}}",variable,"{""nVarNumber"":1,""nVarDigits"":2,""nVarValue"":5}",292.5,True,,5000,True,True,False
10.1021/acs.jced.8b00614#d11#p1#r2,10.1021/acs.jced.8b00614#d11#p1,10.1021/acs.jced.8b00614.json,11,1,2,"InChI=1S/C8H18/c1-7(2)6-8(3,4)5/h7H,6H2,1-5H3",NHTMVDHEPJAVLT-UHFFFAOYSA-N,"2,2,4-trimethylpentane",C8H18,10.1021/acs.jced.8b00614,2019,"Boiling temperature at pressure P, K",Liquid,"[""Liquid"",""Gas""]",Ebulliometric method (Recirculating still),307.1,"{""nPropNumber"":1,""nPropDigits"":4,""nPropValue"":307.1,""CombinedUncertainty"":{""nCombUncertAssessNum"":1,""nCombExpandUncertValue"":0.3}}",variable,"{""nVarNumber"":1,""nVarDigits"":3,""nVarValue"":10}",307.1,True,,10000,True,True,False
10.1021/acs.jced.8b00614#d11#p1#r3,10.1021/acs.jced.8b00614#d11#p1,10.1021/acs.jced.8b00614.json,11,1,3,"InChI=1S/C8H18/c1-7(2)6-8(3,4)5/h7H,6H2,1-5H3",NHTMVDHEPJAVLT-UHFFFAOYSA-N,"2,2,4-trimethylpentane",C8H18,10.1021/acs.jced.8b00614,2019,"Boiling temperature at pressure P, K",Liquid,"[""Liquid"",""Gas""]",Ebulliometric method (Recirculating still),323.8,"{""CombinedUncertainty"":{""nCombUncertAssessNum"":1,""nCombExpandUncertValue"":0.2},""nPropValue"":323.8,""nPropNumber"":1,""nPropDigits"":4}",variable,"{""nVarDigits"":3,""nVarNumber"":1,""nVarValue"":20}",323.8,True,,20000,True,True,False
10.1021/acs.jced.8b00614#d11#p1#r4,10.1021/acs.jced.8b00614#d11#p1,10.1021/acs.jced.8b00614.json,11,1,4,"InChI=1S/C8H18/c1-7(2)6-8(3,4)5/h7H,6H2,1-5H3",NHTMVDHEPJAVLT-UHFFFAOYSA-N,"2,2,4-trimethylpentane",C8H18,10.1021/acs.jced.8b00614,2019,"Boiling temperature at pressure P, K",Liquid,"[""Liquid"",""Gas""]",Ebulliometric method (Recirculating still),334.5,"{""nPropDigits"":4,""nPropNumber"":1,""CombinedUncertainty"":{""nCombUncertAssessNum"":1,""nCombExpandUncertValue"":0.2},""nPropValue"":334.5}",variable,"{""nVarValue"":30,""nVarDigits"":3,""nVarNumber"":1}",334.5,True,,30000,True,False,False
10.1021/acs.jced.8b00614#d11#p1#r5,10.1021/acs.jced.8b00614#d11#p1,10.1021/acs.jced.8b00614.json,11,1,5,"InChI=1S/C8H18/c1-7(2)6-8(3,4)5/h7H,6H2,1-5H3",NHTMVDHEPJAVLT-UHFFFAOYSA-N,"2,2,4-trimethylpentane",C8H18,10.1021/acs.jced.8b00614,2019,"Boiling temperature at pressure P, K",Liquid,"[""Liquid"",""Gas""]",Ebulliometric method (Recirculating still),342.6,"{""nPropValue"":342.6,""CombinedUncertainty"":{""nCombExpandUncertValue"":0.2,""nCombUncertAssessNum"":1},""nPropNumber"":1,""nPropDigits"":4}",variable,"{""nVarDigits"":3,""nVarNumber"":1,""nVarValue"":40}",342.6,True,,40000,True,False,False
10.1021/acs.jced.8b00614#d11#p1#r6,10.1021/acs.jced.8b00614#d11#p1,10.1021/acs.jced.8b00614.json,11,1,6,"InChI=1S/C8H18/c1-7(2)6-8(3,4)5/h7H,6H2,1-5H3",NHTMVDHEPJAVLT-UHFFFAOYSA-N,"2,2,4-trimethylpentane",C8H18,10.1021/acs.jced.8b00614,2019,"Boiling temperature at pressure P, K",Liquid,"[""Liquid"",""Gas""]",Ebulliometric method (Recirculating still),349.2,"{""CombinedUncertainty"":{""nCombExpandUncertValue"":0.1,""nCombUncertAssessNum"":1},""nPropValue"":349.2,""nPropNumber"":1,""nPropDigits"":4}",variable,"{""nVarNumber"":1,""nVarDigits"":3,""nVarValue"":50}",349.2,True,,50000,True,False,False
10.1021/acs.jced.8b00614#d11#p1#r7,10.1021/acs.jced.8b00614#d11#p1,10.1021/acs.jced.8b00614.json,11,1,7,"InChI=1S/C8H18/c1-7(2)6-8(3,4)5/h7H,6H2,1-5H3",NHTMVDHEPJAVLT-UHFFFAOYSA-N,"2,2,4-trimethylpentane",C8H18,10.1021/acs.jced.8b00614,2019,"Boiling temperature at pressure P, K",Liquid,"[""Liquid"",""Gas""]",Ebulliometric method (Recirculating still),354.9,"{""nPropNumber"":1,""nPropDigits"":4,""CombinedUncertainty"":{""nCombExpandUncertValue"":0.1,""nCombUncertAssessNum"":1},""nPropValue"":354.9}",variable,"{""nVarValue"":60,""nVarDigits"":3,""nVarNumber"":1}",354.9,True,,60000,True,False,False
10.1021/acs.jced.8b00614#d11#p1#r8,10.1021/acs.jced.8b00614#d11#p1,10.1021/acs.jced.8b00614.json,11,1,8,"InChI=1S/C8H18/c1-7(2)6-8(3,4)5/h7H,6H2,1-5H3",NHTMVDHEPJAVLT-UHFFFAOYSA-N,"2,2,4-trimethylpentane",C8H18,10.1021/acs.jced.8b00614,2019,"Boiling temperature at pressure P, K",Liquid,"[""Liquid"",""Gas""]",Ebulliometric method (Recirculating still),359.8,"{""nPropDigits"":4,""nPropNumber"":1,""CombinedUncertainty"":{""nCombUncertAssessNum"":1,""nCombExpandUncertValue"":0.1},""nPropValue"":359.8}",variable,"{""nVarDigits"":3,""nVarNumber"":1,""nVarValue"":70}",359.8,True,,70000,True,False,False
10.1021/acs.jced.8b00614#d11#p1#r9,10.1021/acs.jced.8b00614#d11#p1,10.1021/acs.jced.8b00614.json,11,1,9,"InChI=1S/C8H18/c1-7(2)6-8(3,4)5/h7H,6H2,1-5H3",NHTMVDHEPJAVLT-UHFFFAOYSA-N,"2,2,4-trimethylpentane",C8H18,10.1021/acs.jced.8b00614,2019,"Boiling temperature at pressure P, K",Liquid,"[""Liquid"",""Gas""]",Ebulliometric method (Recirculating still),364.2,"{""nPropValue"":364.2,""CombinedUncertainty"":{""nCombUncertAssessNum"":1,""nCombExpandUncertValue"":0.1},""nPropNumber"":1,""nPropDigits"":4}",variable,"{""nVarNumber"":1,""nVarDigits"":3,""nVarValue"":80}",364.2,True,,80000,True,False,False
10.1021/acs.jced.8b00614#d11#p1#r10,10.1021/acs.jced.8b00614#d11#p1,10.1021/acs.jced.8b00614.json,11,1,10,"InChI=1S/C8H18/c1-7(2)6-8(3,4)5/h7H,6H2,1-5H3",NHTMVDHEPJAVLT-UHFFFAOYSA-N,"2,2,4-trimethylpentane",C8H18,10.1021/acs.jced.8b00614,2019,"Boiling temperature at pressure P, K",Liquid,"[""Liquid"",""Gas""]",Ebulliometric method (Recirculating still),368.3,"{""nPropValue"":368.3,""CombinedUncertainty"":{""nCombExpandUncertValue"":0.1,""nCombUncertAssessNum"":1},""nPropNumber"":1,""nPropDigits"":4}",variable,"{""nVarValue"":90,""nVarNumber"":1,""nVarDigits"":3}",368.3,True,,90000,True,False,False
10.1021/acs.jced.8b00614#d11#p1#r11,10.1021/acs.jced.8b00614#d11#p1,10.1021/acs.jced.8b00614.json,11,1,11,"InChI=1S/C8H18/c1-7(2)6-8(3,4)5/h7H,6H2,1-5H3",NHTMVDHEPJAVLT-UHFFFAOYSA-N,"2,2,4-trimethylpentane",C8H18,10.1021/acs.jced.8b00614,2019,"Boiling temperature at pressure P, K",Liquid,"[""Liquid"",""Gas""]",Ebulliometric method (Recirculating still),371.9,"{""CombinedUncertainty"":{""nCombExpandUncertValue"":0.1,""nCombUncertAssessNum"":1},""nPropValue"":371.9,""nPropNumber"":1,""nPropDigits"":4}",variable,"{""nVarValue"":99.7,""nVarDigits"":3,""nVarNumber"":1}",371.9,True,,99700.0,True,False,False
10.1021/acs.jced.8b00807#d1#p1#r1,10.1021/acs.jced.8b00807#d1#p1,10.1021/acs.jced.8b00807.json,1,1,1,InChI=1S/C3H6O2/c1-3(4)5-2/h1-2H3,KXKVLQRXCPHEJC-UHFFFAOYSA-N,methyl ethanoate,C3H6O2,10.1021/acs.jced.8b00807,2019,"Boiling temperature at pressure P, K",Liquid,"[""Liquid"",""Gas""]",Ebulliometric method (Recirculating still),330.2,"{""nPropValue"":330.2,""CombinedUncertainty"":{""nCombExpandUncertValue"":0.2,""nCombUncertAssessNum"":1},""nPropNumber"":1,""nPropDigits"":4}",variable,"{""nVarNumber"":1,""nVarDigits"":4,""nVarValue"":101.3}",330.2,True,,101300.0,True,False,False
10.1021/acs.jced.8b00807#d2#p1#r1,10.1021/acs.jced.8b00807#d2#p1,10.1021/acs.jced.8b00807.json,2,1,1,"InChI=1S/C6H12O2/c1-5(2)4-8-6(3)7/h5H,4H2,1-3H3",GJRQTCIYDGXPES-UHFFFAOYSA-N,2-methylpropyl ethanoate,C6H12O2,10.1021/acs.jced.8b00807,2019,"Boiling temperature at pressure P, K",Liquid,"[""Liquid"",""Gas""]",Ebulliometric method (Recirculating still),389.55,"{""nPropNumber"":1,""nPropDigits"":5,""CombinedUncertainty"":{""nCombUncertAssessNum"":1,""nCombExpandUncertValue"":0.2},""nPropValue"":389.55}",variable,"{""nVarValue"":101.3,""nVarNumber"":1,""nVarDigits"":4}",389.55,True,,101300.0,True,False,False
10.1021/acs.jced.8b00807#d3#p1#r1,10.1021/acs.jced.8b00807#d3#p1,10.1021/acs.jced.8b00807.json,3,1,1,"InChI=1S/C7H14O2/c1-6(2)4-5-9-7(3)8/h6H,4-5H2,1-3H3",MLFHJEHSLIIPHL-UHFFFAOYSA-N,3-methylbutyl ethanoate,C7H14O2,10.1021/acs.jced.8b00807,2019,"Boiling temperature at pressure P, K",Liquid,"[""Liquid"",""Gas""]",Ebulliometric method (Recirculating still),415.15,"{""nPropValue"":415.15,""CombinedUncertainty"":{""nCombExpandUncertValue"":0.2,""nCombUncertAssessNum"":1},""nPropNumber"":1,""nPropDigits"":5}",variable,"{""nVarValue"":101.3,""nVarNumber"":1,""nVarDigits"":4}",415.15,True,,101300.0,True,False,False
10.1021/acs.jced.8b00807#d4#p1#r1,10.1021/acs.jced.8b00807#d4#p1,10.1021/acs.jced.8b00807.json,4,1,1,"InChI=1S/C8H10/c1-7-3-5-8(2)6-4-7/h3-6H,1-2H3",URLKBWYHVLBVBO-UHFFFAOYSA-N,"1,4-dimethylbenzene",C8H10,10.1021/acs.jced.8b00807,2019,"Boiling temperature at pressure P, K",Liquid,"[""Liquid"",""Gas""]",Ebulliometric method (Recirculating still),411.49,"{""nPropValue"":411.49,""CombinedUncertainty"":{""nCombUncertAssessNum"":1,""nCombExpandUncertValue"":0.2},""nPropNumber"":1,""nPropDigits"":5}",variable,"{""nVarValue"":101.3,""nVarNumber"":1,""nVarDigits"":4}",411.49,True,,101300.0,True,False,False
10.1021/acs.jced.8b00855#d1#p1#r1,10.1021/acs.jced.8b00855#d1#p1,10.1021/acs.jced.8b00855.json,1,1,1,"InChI=1S/C6H12O/c1-7-6-4-2-3-5-6/h6H,2-5H2,1H3",SKTCDJAMAYNROS-UHFFFAOYSA-N,methoxycyclopentane,C6H12O,10.1021/acs.jced.8b00855,2019,"Boiling temperature at pressure P, K",Liquid,"[""Liquid"",""Gas""]",Ebulliometric method (Recirculating still),368.2,"{""nPropValue"":368.2,""CombinedUncertainty"":{""nCombUncertAssessNum"":1,""nCombExpandUncertValue"":1},""nPropDigits"":4,""nPropNumber"":1}",variable,"{""nVarNumber"":1,""nVarDigits"":4,""nVarValue"":72.04}",368.2,True,,72040.0,True,False,False
10.1021/acs.jced.8b00855#d1#p1#r2,10.1021/acs.jced.8b00855#d1#p1,10.1021/acs.jced.8b00855.json,1,1,2,"InChI=1S/C6H12O/c1-7-6-4-2-3-5-6/h6H,2-5H2,1H3",SKTCDJAMAYNROS-UHFFFAOYSA-N,methoxycyclopentane,C6H12O,10.1021/acs.jced.8b00855,2019,"Boiling temperature at pressure P, K",Liquid,"[""Liquid"",""Gas""]",Ebulliometric method (Recirculating still),371.2,"{""nPropNumber"":1,""nPropDigits"":4,""nPropValue"":371.2,""CombinedUncertainty"":{""nCombUncertAssessNum"":1,""nCombExpandUncertValue"":1}}",variable,"{""nVarNumber"":1,""nVarDigits"":4,""nVarValue"":78.83}",371.2,True,,78830.0,True,False,False
10.1021/acs.jced.8b00855#d1#p1#r3,10.1021/acs.jced.8b00855#d1#p1,10.1021/acs.jced.8b00855.json,1,1,3,"InChI=1S/C6H12O/c1-7-6-4-2-3-5-6/h6H,2-5H2,1H3",SKTCDJAMAYNROS-UHFFFAOYSA-N,methoxycyclopentane,C6H12O,10.1021/acs.jced.8b00855,2019,"Boiling temperature at pressure P, K",Liquid,"[""Liquid"",""Gas""]",Ebulliometric method (Recirculating still),373.4,"{""nPropValue"":373.4,""CombinedUncertainty"":{""nCombUncertAssessNum"":1,""nCombExpandUncertValue"":1},""nPropDigits"":4,""nPropNumber"":1}",variable,"{""nVarValue"":85.94,""nVarNumber"":1,""nVarDigits"":4}",373.4,True,,85940.0,True,False,False
10.1021/acs.jced.8b00855#d1#p1#r4,10.1021/acs.jced.8b00855#d1#p1,10.1021/acs.jced.8b00855.json,1,1,4,"InChI=1S/C6H12O/c1-7-6-4-2-3-5-6/h6H,2-5H2,1H3",SKTCDJAMAYNROS-UHFFFAOYSA-N,methoxycyclopentane,C6H12O,10.1021/acs.jced.8b00855,2019,"Boiling temperature at pressure P, K",Liquid,"[""Liquid"",""Gas""]",Ebulliometric method (Recirculating still),375.4,"{""nPropValue"":375.4,""CombinedUncertainty"":{""nCombExpandUncertValue"":1,""nCombUncertAssessNum"":1},""nPropNumber"":1,""nPropDigits"":4}",variable,"{""nVarValue"":89.82,""nVarDigits"":4,""nVarNumber"":1}",375.4,True,,89820.0,True,False,False
10.1021/acs.jced.8b00855#d1#p1#r5,10.1021/acs.jced.8b00855#d1#p1,10.1021/acs.jced.8b00855.json,1,1,5,"InChI=1S/C6H12O/c1-7-6-4-2-3-5-6/h6H,2-5H2,1H3",SKTCDJAMAYNROS-UHFFFAOYSA-N,methoxycyclopentane,C6H12O,10.1021/acs.jced.8b00855,2019,"Boiling temperature at pressure P, K",Liquid,"[""Liquid"",""Gas""]",Ebulliometric method (Recirculating still),379.2,"{""CombinedUncertainty"":{""nCombExpandUncertValue"":1,""nCombUncertAssessNum"":1},""nPropValue"":379.2,""nPropNumber"":1,""nPropDigits"":4}",variable,"{""nVarValue"":101.39,""nVarDigits"":5,""nVarNumber"":1}",379.2,True,,101390.0,True,False,False
10.1021/acs.jced.8b00855#d3#p1#r1,10.1021/acs.jced.8b00855#d3#p1,10.1021/acs.jced.8b00855.json,3,1,1,"InChI=1S/C5H10O/c6-5-3-1-2-4-5/h5-6H,1-4H2",XCIXKGXIYUWCLL-UHFFFAOYSA-N,cyclopentanol,C5H10O,10.1021/acs.jced.8b00855,2019,"Boiling temperature at pressure P, K",Liquid,"[""Liquid"",""Gas""]",Ebulliometric method (Recirculating still),403.4,"{""nPropDigits"":4,""nPropNumber"":1,""nPropValue"":403.4,""CombinedUncertainty"":{""nCombExpandUncertValue"":1,""nCombUncertAssessNum"":1}}",variable,"{""nVarValue"":71.47,""nVarNumber"":1,""nVarDigits"":4}",403.4,True,,71470.0,True,False,False
10.1021/acs.jced.8b00855#d3#p1#r2,10.1021/acs.jced.8b00855#d3#p1,10.1021/acs.jced.8b00855.json,3,1,2,"InChI=1S/C5H10O/c6-5-3-1-2-4-5/h5-6H,1-4H2",XCIXKGXIYUWCLL-UHFFFAOYSA-N,cyclopentanol,C5H10O,10.1021/acs.jced.8b00855,2019,"Boiling temperature at pressure P, K",Liquid,"[""Liquid"",""Gas""]",Ebulliometric method (Recirculating still),406.2,"{""nPropValue"":406.2,""CombinedUncertainty"":{""nCombUncertAssessNum"":1,""nCombExpandUncertValue"":1},""nPropNumber"":1,""nPropDigits"":4}",variable,"{""nVarValue"":78.36,""nVarNumber"":1,""nVarDigits"":4}",406.2,True,,78360.0,True,False,False
10.1021/acs.jced.8b00855#d3#p1#r3,10.1021/acs.jced.8b00855#d3#p1,10.1021/acs.jced.8b00855.json,3,1,3,"InChI=1S/C5H10O/c6-5-3-1-2-4-5/h5-6H,1-4H2",XCIXKGXIYUWCLL-UHFFFAOYSA-N,cyclopentanol,C5H10O,10.1021/acs.jced.8b00855,2019,"Boiling temperature at pressure P, K",Liquid,"[""Liquid"",""Gas""]",Ebulliometric method (Recirculating still),408.6,"{""nPropValue"":408.6,""CombinedUncertainty"":{""nCombUncertAssessNum"":1,""nCombExpandUncertValue"":1},""nPropNumber"":1,""nPropDigits"":4}",variable,"{""nVarDigits"":4,""nVarNumber"":1,""nVarValue"":85.5}",408.6,True,,85500.0,True,False,False
10.1021/acs.jced.8b00855#d3#p1#r4,10.1021/acs.jced.8b00855#d3#p1,10.1021/acs.jced.8b00855.json,3,1,4,"InChI=1S/C5H10O/c6-5-3-1-2-4-5/h5-6H,1-4H2",XCIXKGXIYUWCLL-UHFFFAOYSA-N,cyclopentanol,C5H10O,10.1021/acs.jced.8b00855,2019,"Boiling temperature at pressure P, K",Liquid,"[""Liquid"",""Gas""]",Ebulliometric method (Recirculating still),409.4,"{""CombinedUncertainty"":{""nCombExpandUncertValue"":1,""nCombUncertAssessNum"":1},""nPropValue"":409.4,""nPropDigits"":4,""nPropNumber"":1}",variable,"{""nVarValue"":89.49,""nVarNumber"":1,""nVarDigits"":4}",409.4,True,,89490.0,True,False,False
10.1021/acs.jced.8b00855#d3#p1#r5,10.1021/acs.jced.8b00855#d3#p1,10.1021/acs.jced.8b00855.json,3,1,5,"InChI=1S/C5H10O/c6-5-3-1-2-4-5/h5-6H,1-4H2",XCIXKGXIYUWCLL-UHFFFAOYSA-N,cyclopentanol,C5H10O,10.1021/acs.jced.8b00855,2019,"Boiling temperature at pressure P, K",Liquid,"[""Liquid"",""Gas""]",Ebulliometric method (Recirculating still),413.6,"{""nPropNumber"":1,""nPropDigits"":4,""CombinedUncertainty"":{""nCombExpandUncertValue"":1,""nCombUncertAssessNum"":1},""nPropValue"":413.6}",variable,"{""nVarNumber"":1,""nVarDigits"":5,""nVarValue"":102}",413.6,True,,102000,True,False,False
10.1021/acs.jced.8b00929#d1#p1#r1,10.1021/acs.jced.8b00929#d1#p1,10.1021/acs.jced.8b00929.json,1,1,1,"InChI=1S/C5H10O/c6-5-3-1-2-4-5/h5-6H,1-4H2",XCIXKGXIYUWCLL-UHFFFAOYSA-N,cyclopentanol,C5H10O,10.1021/acs.jced.8b00929,2019,"Boiling temperature at pressure P, K",Liquid,"[""Liquid"",""Gas""]",Ebulliometric method (Recirculating still),326.43,"{""nPropDigits"":5,""nPropNumber"":1,""CombinedUncertainty"":{""nCombExpandUncertValue"":1.02,""nCombUncertAssessNum"":1},""nPropValue"":326.43}",variable,"{""nVarDigits"":1,""nVarNumber"":1,""nVarValue"":2}",326.43,True,,2000,True,True,False
10.1021/acs.jced.8b00929#d1#p1#r2,10.1021/acs.jced.8b00929#d1#p1,10.1021/acs.jced.8b00929.json,1,1,2,"InChI=1S/C5H10O/c6-5-3-1-2-4-5/h5-6H,1-4H2",XCIXKGXIYUWCLL-UHFFFAOYSA-N,cyclopentanol,C5H10O,10.1021/acs.jced.8b00929,2019,"Boiling temperature at pressure P, K",Liquid,"[""Liquid"",""Gas""]",Ebulliometric method (Recirculating still),355.3,"{""nPropDigits"":5,""nPropNumber"":1,""CombinedUncertainty"":{""nCombExpandUncertValue"":0.68,""nCombUncertAssessNum"":1},""nPropValue"":355.3}",variable,"{""nVarNumber"":1,""nVarDigits"":1,""nVarValue"":10}",355.3,True,,10000,True,True,False
10.1021/acs.jced.8b00929#d1#p1#r3,10.1021/acs.jced.8b00929#d1#p1,10.1021/acs.jced.8b00929.json,1,1,3,"InChI=1S/C5H10O/c6-5-3-1-2-4-5/h5-6H,1-4H2",XCIXKGXIYUWCLL-UHFFFAOYSA-N,cyclopentanol,C5H10O,10.1021/acs.jced.8b00929,2019,"Boiling temperature at pressure P, K",Liquid,"[""Liquid"",""Gas""]",Ebulliometric method (Recirculating still),370.27,"{""nPropValue"":370.27,""CombinedUncertainty"":{""nCombUncertAssessNum"":1,""nCombExpandUncertValue"":0.23},""nPropNumber"":1,""nPropDigits"":5}",variable,"{""nVarValue"":20,""nVarDigits"":1,""nVarNumber"":1}",370.27,True,,20000,True,True,False
10.1021/acs.jced.8b00929#d1#p1#r4,10.1021/acs.jced.8b00929#d1#p1,10.1021/acs.jced.8b00929.json,1,1,4,"InChI=1S/C5H10O/c6-5-3-1-2-4-5/h5-6H,1-4H2",XCIXKGXIYUWCLL-UHFFFAOYSA-N,cyclopentanol,C5H10O,10.1021/acs.jced.8b00929,2019,"Boiling temperature at pressure P, K",Liquid,"[""Liquid"",""Gas""]",Ebulliometric method (Recirculating still),398.02,"{""CombinedUncertainty"":{""nCombExpandUncertValue"":0.15,""nCombUncertAssessNum"":1},""nPropValue"":398.02,""nPropNumber"":1,""nPropDigits"":5}",variable,"{""nVarDigits"":1,""nVarNumber"":1,""nVarValue"":60}",398.02,True,,60000,True,False,False
10.1021/acs.jced.8b00929#d1#p1#r5,10.1021/acs.jced.8b00929#d1#p1,10.1021/acs.jced.8b00929.json,1,1,5,"InChI=1S/C5H10O/c6-5-3-1-2-4-5/h5-6H,1-4H2",XCIXKGXIYUWCLL-UHFFFAOYSA-N,cyclopentanol,C5H10O,10.1021/acs.jced.8b00929,2019,"Boiling temperature at pressure P, K",Liquid,"[""Liquid"",""Gas""]",Ebulliometric method (Recirculating still),413.38,"{""nPropValue"":413.38,""CombinedUncertainty"":{""nCombExpandUncertValue"":0.11,""nCombUncertAssessNum"":1},""nPropDigits"":5,""nPropNumber"":1}",variable,"{""nVarValue"":101.3,""nVarNumber"":1,""nVarDigits"":4}",413.38,True,,101300.0,True,False,False
10.1021/acs.jced.8b00929#d3#p1#r1,10.1021/acs.jced.8b00929#d3#p1,10.1021/acs.jced.8b00929.json,3,1,1,"InChI=1S/C6H12O/c7-6-4-2-1-3-5-6/h6-7H,1-5H2",HPXRVTGHNJAIIH-UHFFFAOYSA-N,cyclohexanol,C6H12O,10.1021/acs.jced.8b00929,2019,"Boiling temperature at pressure P, K",Liquid,"[""Liquid"",""Gas""]",Ebulliometric method (Recirculating still),341.68,"{""nPropNumber"":1,""nPropDigits"":5,""CombinedUncertainty"":{""nCombUncertAssessNum"":1,""nCombExpandUncertValue"":1.07},""nPropValue"":341.68}",variable,"{""nVarDigits"":1,""nVarNumber"":1,""nVarValue"":2}",341.68,True,,2000,True,True,False
10.1021/acs.jced.8b00929#d3#p1#r2,10.1021/acs.jced.8b00929#d3#p1,10.1021/acs.jced.8b00929.json,3,1,2,"InChI=1S/C6H12O/c7-6-4-2-1-3-5-6/h6-7H,1-5H2",HPXRVTGHNJAIIH-UHFFFAOYSA-N,cyclohexanol,C6H12O,10.1021/acs.jced.8b00929,2019,"Boiling temperature at pressure P, K",Liquid,"[""Liquid"",""Gas""]",Ebulliometric method (Recirculating still),372,"{""CombinedUncertainty"":{""nCombUncertAssessNum"":1,""nCombExpandUncertValue"":0.71},""nPropValue"":372,""nPropNumber"":1,""nPropDigits"":5}",variable,"{""nVarValue"":10,""nVarNumber"":1,""nVarDigits"":1}",372,True,,10000,True,True,False
10.1021/acs.jced.8b00929#d3#p1#r3,10.1021/acs.jced.8b00929#d3#p1,10.1021/acs.jced.8b00929.json,3,1,3,"InChI=1S/C6H12O/c7-6-4-2-1-3-5-6/h6-7H,1-5H2",HPXRVTGHNJAIIH-UHFFFAOYSA-N,cyclohexanol,C6H12O,10.1021/acs.jced.8b00929,2019,"Boiling temperature at pressure P, K",Liquid,"[""Liquid"",""Gas""]",Ebulliometric method (Recirculating still),387.67,"{""nPropValue"":387.67,""CombinedUncertainty"":{""nCombUncertAssessNum"":1,""nCombExpandUncertValue"":0.24},""nPropDigits"":5,""nPropNumber"":1}",variable,"{""nVarValue"":20,""nVarDigits"":1,""nVarNumber"":1}",387.67,True,,20000,True,True,False
10.1021/acs.jced.8b00929#d3#p1#r4,10.1021/acs.jced.8b00929#d3#p1,10.1021/acs.jced.8b00929.json,3,1,4,"InChI=1S/C6H12O/c7-6-4-2-1-3-5-6/h6-7H,1-5H2",HPXRVTGHNJAIIH-UHFFFAOYSA-N,cyclohexanol,C6H12O,10.1021/acs.jced.8b00929,2019,"Boiling temperature at pressure P, K",Liquid,"[""Liquid"",""Gas""]",Ebulliometric method (Recirculating still),417.16,"{""nPropValue"":417.16,""CombinedUncertainty"":{""nCombExpandUncertValue"":0.16,""nCombUncertAssessNum"":1},""nPropDigits"":5,""nPropNumber"":1}",variable,"{""nVarValue"":60,""nVarNumber"":1,""nVarDigits"":1}",417.16,True,,60000,True,False,False
10.1021/acs.jced.8b00929#d3#p1#r5,10.1021/acs.jced.8b00929#d3#p1,10.1021/acs.jced.8b00929.json,3,1,5,"InChI=1S/C6H12O/c7-6-4-2-1-3-5-6/h6-7H,1-5H2",HPXRVTGHNJAIIH-UHFFFAOYSA-N,cyclohexanol,C6H12O,10.1021/acs.jced.8b00929,2019,"Boiling temperature at pressure P, K",Liquid,"[""Liquid"",""Gas""]",Ebulliometric method (Recirculating still),433.73,"{""nPropNumber"":1,""nPropDigits"":5,""nPropValue"":433.73,""CombinedUncertainty"":{""nCombUncertAssessNum"":1,""nCombExpandUncertValue"":0.12}}",variable,"{""nVarDigits"":4,""nVarNumber"":1,""nVarValue"":101.3}",433.73,True,,101300.0,True,False,False
10.1021/acs.jced.8b01000#d3#p1#r1,10.1021/acs.jced.8b01000#d3#p1,10.1021/acs.jced.8b01000.json,3,1,1,"InChI=1S/C2H6O/c1-2-3/h3H,2H2,1H3",LFQSCWFLJHTTHZ-UHFFFAOYSA-N,ethanol,C2H6O,10.1021/acs.jced.8b01000,2019,"Boiling temperature at pressure P, K",Liquid,"[""Liquid"",""Gas""]",Ebulliometric method (Recirculating still),351.44,"{""nPropDigits"":5,""nPropNumber"":1,""nPropValue"":351.44,""CombinedUncertainty"":{""nCombUncertAssessNum"":1,""nCombExpandUncertValue"":0.02}}",variable,"{""nVarValue"":101.3,""nVarNumber"":1,""nVarDigits"":4}",351.44,True,,101300.0,True,False,False
10.1021/acs.jced.8b01000#d8#p1#r1,10.1021/acs.jced.8b01000#d8#p1,10.1021/acs.jced.8b01000.json,8,1,1,"InChI=1S/C6H12O/c1-7-6-4-2-3-5-6/h6H,2-5H2,1H3",SKTCDJAMAYNROS-UHFFFAOYSA-N,methoxycyclopentane,C6H12O,10.1021/acs.jced.8b01000,2019,"Boiling temperature at pressure P, K",Liquid,"[""Liquid"",""Gas""]",Ebulliometric method (Recirculating still),378.32,"{""nPropDigits"":5,""nPropNumber"":1,""nPropValue"":378.32,""CombinedUncertainty"":{""nCombUncertAssessNum"":1,""nCombExpandUncertValue"":0.02}}",variable,"{""nVarNumber"":1,""nVarDigits"":4,""nVarValue"":101.3}",378.32,True,,101300.0,True,False,False
10.1021/acs.jced.8b01196#d3#p1#r1,10.1021/acs.jced.8b01196#d3#p1,10.1021/acs.jced.8b01196.json,3,1,1,"InChI=1S/C5H8O2/c1-3-5(7)4(2)6/h3H2,1-2H3",TZMFJUDUGYTVRY-UHFFFAOYSA-N,"2,3-pentanedione",C5H8O2,10.1021/acs.jced.8b01196,2019,"Boiling temperature at pressure P, K",Liquid,"[""Liquid"",""Gas""]",Ebulliometric method (Recirculating still),331.67,"{""nPropNumber"":1,""nPropDigits"":5,""nPropValue"":331.67,""CombinedUncertainty"":{""nCombUncertAssessNum"":1,""nCombExpandUncertValue"":1.14}}",variable,"{""nVarNumber"":1,""nVarDigits"":4,""nVarValue"":15.33}",331.67,True,,15330.0,True,True,False
10.1021/acs.jced.8b01196#d3#p1#r2,10.1021/acs.jced.8b01196#d3#p1,10.1021/acs.jced.8b01196.json,3,1,2,"InChI=1S/C5H8O2/c1-3-5(7)4(2)6/h3H2,1-2H3",TZMFJUDUGYTVRY-UHFFFAOYSA-N,"2,3-pentanedione",C5H8O2,10.1021/acs.jced.8b01196,2019,"Boiling temperature at pressure P, K",Liquid,"[""Liquid"",""Gas""]",Ebulliometric method (Recirculating still),348.05,"{""nPropNumber"":1,""nPropDigits"":5,""nPropValue"":348.05,""CombinedUncertainty"":{""nCombExpandUncertValue"":1.1,""nCombUncertAssessNum"":1}}",variable,"{""nVarDigits"":4,""nVarNumber"":1,""nVarValue"":30.35}",348.05,True,,30350.0,True,False,False
10.1021/acs.jced.8b01196#d3#p1#r3,10.1021/acs.jced.8b01196#d3#p1,10.1021/acs.jced.8b01196.json,3,1,3,"InChI=1S/C5H8O2/c1-3-5(7)4(2)6/h3H2,1-2H3",TZMFJUDUGYTVRY-UHFFFAOYSA-N,"2,3-pentanedione",C5H8O2,10.1021/acs.jced.8b01196,2019,"Boiling temperature at pressure P, K",Liquid,"[""Liquid"",""Gas""]",Ebulliometric method (Recirculating still),358.7,"{""nPropDigits"":5,""nPropNumber"":1,""CombinedUncertainty"":{""nCombExpandUncertValue"":1.06,""nCombUncertAssessNum"":1},""nPropValue"":358.7}",variable,"{""nVarNumber"":1,""nVarDigits"":4,""nVarValue"":45.32}",358.7,True,,45320.0,True,False,False
10.1021/acs.jced.8b01196#d3#p1#r4,10.1021/acs.jced.8b01196#d3#p1,10.1021/acs.jced.8b01196.json,3,1,4,"InChI=1S/C5H8O2/c1-3-5(7)4(2)6/h3H2,1-2H3",TZMFJUDUGYTVRY-UHFFFAOYSA-N,"2,3-pentanedione",C5H8O2,10.1021/acs.jced.8b01196,2019,"Boiling temperature at pressure P, K",Liquid,"[""Liquid"",""Gas""]",Ebulliometric method (Recirculating still),361.4,"{""nPropNumber"":1,""nPropDigits"":5,""CombinedUncertainty"":{""nCombExpandUncertValue"":1.04,""nCombUncertAssessNum"":1},""nPropValue"":361.4}",variable,"{""nVarValue"":50.34,""nVarNumber"":1,""nVarDigits"":4}",361.4,True,,50340.0,True,False,False
10.1021/acs.jced.8b01196#d3#p1#r5,10.1021/acs.jced.8b01196#d3#p1,10.1021/acs.jced.8b01196.json,3,1,5,"InChI=1S/C5H8O2/c1-3-5(7)4(2)6/h3H2,1-2H3",TZMFJUDUGYTVRY-UHFFFAOYSA-N,"2,3-pentanedione",C5H8O2,10.1021/acs.jced.8b01196,2019,"Boiling temperature at pressure P, K",Liquid,"[""Liquid"",""Gas""]",Ebulliometric method (Recirculating still),366.81,"{""CombinedUncertainty"":{""nCombUncertAssessNum"":1,""nCombExpandUncertValue"":1.04},""nPropValue"":366.81,""nPropDigits"":5,""nPropNumber"":1}",variable,"{""nVarValue"":60.35,""nVarDigits"":4,""nVarNumber"":1}",366.81,True,,60350.0,True,False,False
10.1021/acs.jced.8b01196#d3#p1#r6,10.1021/acs.jced.8b01196#d3#p1,10.1021/acs.jced.8b01196.json,3,1,6,"InChI=1S/C5H8O2/c1-3-5(7)4(2)6/h3H2,1-2H3",TZMFJUDUGYTVRY-UHFFFAOYSA-N,"2,3-pentanedione",C5H8O2,10.1021/acs.jced.8b01196,2019,"Boiling temperature at pressure P, K",Liquid,"[""Liquid"",""Gas""]",Ebulliometric method (Recirculating still),369.25,"{""CombinedUncertainty"":{""nCombUncertAssessNum"":1,""nCombExpandUncertValue"":1.03},""nPropValue"":369.25,""nPropNumber"":1,""nPropDigits"":5}",variable,"{""nVarValue"":65.35,""nVarDigits"":4,""nVarNumber"":1}",369.25,True,,65349.99999999999,True,False,False
10.1021/acs.jced.8b01196#d3#p1#r7,10.1021/acs.jced.8b01196#d3#p1,10.1021/acs.jced.8b01196.json,3,1,7,"InChI=1S/C5H8O2/c1-3-5(7)4(2)6/h3H2,1-2H3",TZMFJUDUGYTVRY-UHFFFAOYSA-N,"2,3-pentanedione",C5H8O2,10.1021/acs.jced.8b01196,2019,"Boiling temperature at pressure P, K",Liquid,"[""Liquid"",""Gas""]",Ebulliometric method (Recirculating still),373.55,"{""nPropNumber"":1,""nPropDigits"":5,""CombinedUncertainty"":{""nCombUncertAssessNum"":1,""nCombExpandUncertValue"":1.02},""nPropValue"":373.55}",variable,"{""nVarNumber"":1,""nVarDigits"":4,""nVarValue"":75.35}",373.55,True,,75350.0,True,False,False
10.1021/acs.jced.8b01196#d3#p1#r8,10.1021/acs.jced.8b01196#d3#p1,10.1021/acs.jced.8b01196.json,3,1,8,"InChI=1S/C5H8O2/c1-3-5(7)4(2)6/h3H2,1-2H3",TZMFJUDUGYTVRY-UHFFFAOYSA-N,"2,3-pentanedione",C5H8O2,10.1021/acs.jced.8b01196,2019,"Boiling temperature at pressure P, K",Liquid,"[""Liquid"",""Gas""]",Ebulliometric method (Recirculating still),379.26,"{""nPropDigits"":5,""nPropNumber"":1,""nPropValue"":379.26,""CombinedUncertainty"":{""nCombUncertAssessNum"":1,""nCombExpandUncertValue"":1.02}}",variable,"{""nVarNumber"":1,""nVarDigits"":4,""nVarValue"":90.29}",379.26,True,,90290.0,True,False,False
10.1021/acs.jced.8b01196#d3#p1#r9,10.1021/acs.jced.8b01196#d3#p1,10.1021/acs.jced.8b01196.json,3,1,9,"InChI=1S/C5H8O2/c1-3-5(7)4(2)6/h3H2,1-2H3",TZMFJUDUGYTVRY-UHFFFAOYSA-N,"2,3-pentanedione",C5H8O2,10.1021/acs.jced.8b01196,2019,"Boiling temperature at pressure P, K",Liquid,"[""Liquid"",""Gas""]",Ebulliometric method (Recirculating still),382.52,"{""nPropValue"":382.52,""CombinedUncertainty"":{""nCombUncertAssessNum"":1,""nCombExpandUncertValue"":1.02},""nPropDigits"":5,""nPropNumber"":1}",variable,"{""nVarDigits"":5,""nVarNumber"":1,""nVarValue"":100.75}",382.52,True,,100750.0,True,False,False
10.1021/acs.jced.8b01196#d3#p1#r10,10.1021/acs.jced.8b01196#d3#p1,10.1021/acs.jced.8b01196.json,3,1,10,"InChI=1S/C5H8O2/c1-3-5(7)4(2)6/h3H2,1-2H3",TZMFJUDUGYTVRY-UHFFFAOYSA-N,"2,3-pentanedione",C5H8O2,10.1021/acs.jced.8b01196,2019,"Boiling temperature at pressure P, K",Liquid,"[""Liquid"",""Gas""]",Ebulliometric method (Recirculating still),384.9,"{""CombinedUncertainty"":{""nCombExpandUncertValue"":1.01,""nCombUncertAssessNum"":1},""nPropValue"":384.9,""nPropNumber"":1,""nPropDigits"":5}",variable,"{""nVarNumber"":1,""nVarDigits"":5,""nVarValue"":105.45}",384.9,True,,105450.0,True,False,False
10.1021/acs.jced.8b01196#d3#p1#r11,10.1021/acs.jced.8b01196#d3#p1,10.1021/acs.jced.8b01196.json,3,1,11,"InChI=1S/C5H8O2/c1-3-5(7)4(2)6/h3H2,1-2H3",TZMFJUDUGYTVRY-UHFFFAOYSA-N,"2,3-pentanedione",C5H8O2,10.1021/acs.jced.8b01196,2019,"Boiling temperature at pressure P, K",Liquid,"[""Liquid"",""Gas""]",Ebulliometric method (Recirculating still),389.04,"{""nPropValue"":389.04,""CombinedUncertainty"":{""nCombUncertAssessNum"":1,""nCombExpandUncertValue"":1.01},""nPropNumber"":1,""nPropDigits"":5}",variable,"{""nVarValue"":120.51,""nVarNumber"":1,""nVarDigits"":5}",389.04,True,,120510.0,True,False,False
10.1021/acs.jced.8b01196#d3#p1#r12,10.1021/acs.jced.8b01196#d3#p1,10.1021/acs.jced.8b01196.json,3,1,12,"InChI=1S/C5H8O2/c1-3-5(7)4(2)6/h3H2,1-2H3",TZMFJUDUGYTVRY-UHFFFAOYSA-N,"2,3-pentanedione",C5H8O2,10.1021/acs.jced.8b01196,2019,"Boiling temperature at pressure P, K",Liquid,"[""Liquid"",""Gas""]",Ebulliometric method (Recirculating still),391.37,"{""CombinedUncertainty"":{""nCombUncertAssessNum"":1,""nCombExpandUncertValue"":1.01},""nPropValue"":391.37,""nPropNumber"":1,""nPropDigits"":5}",variable,"{""nVarValue"":135.32,""nVarNumber"":1,""nVarDigits"":5}",391.37,True,,135320.0,True,False,False
10.1021/acs.jced.8b01196#d3#p1#r13,10.1021/acs.jced.8b01196#d3#p1,10.1021/acs.jced.8b01196.json,3,1,13,"InChI=1S/C5H8O2/c1-3-5(7)4(2)6/h3H2,1-2H3",TZMFJUDUGYTVRY-UHFFFAOYSA-N,"2,3-pentanedione",C5H8O2,10.1021/acs.jced.8b01196,2019,"Boiling temperature at pressure P, K",Liquid,"[""Liquid"",""Gas""]",Ebulliometric method (Recirculating still),395.74,"{""nPropNumber"":1,""nPropDigits"":5,""CombinedUncertainty"":{""nCombExpandUncertValue"":1.01,""nCombUncertAssessNum"":1},""nPropValue"":395.74}",variable,"{""nVarNumber"":1,""nVarDigits"":5,""nVarValue"":150.5}",395.74,True,,150500.0,True,False,False
10.1021/acs.jced.8b01196#d3#p1#r14,10.1021/acs.jced.8b01196#d3#p1,10.1021/acs.jced.8b01196.json,3,1,14,"InChI=1S/C5H8O2/c1-3-5(7)4(2)6/h3H2,1-2H3",TZMFJUDUGYTVRY-UHFFFAOYSA-N,"2,3-pentanedione",C5H8O2,10.1021/acs.jced.8b01196,2019,"Boiling temperature at pressure P, K",Liquid,"[""Liquid"",""Gas""]",Ebulliometric method (Recirculating still),398.9,"{""nPropNumber"":1,""nPropDigits"":5,""CombinedUncertainty"":{""nCombUncertAssessNum"":1,""nCombExpandUncertValue"":1.01},""nPropValue"":398.9}",variable,"{""nVarValue"":165.5,""nVarNumber"":1,""nVarDigits"":5}",398.9,True,,165500.0,True,False,False
10.1021/acs.jced.8b01196#d3#p1#r15,10.1021/acs.jced.8b01196#d3#p1,10.1021/acs.jced.8b01196.json,3,1,15,"InChI=1S/C5H8O2/c1-3-5(7)4(2)6/h3H2,1-2H3",TZMFJUDUGYTVRY-UHFFFAOYSA-N,"2,3-pentanedione",C5H8O2,10.1021/acs.jced.8b01196,2019,"Boiling temperature at pressure P, K",Liquid,"[""Liquid"",""Gas""]",Ebulliometric method (Recirculating still),401.71,"{""nPropValue"":401.71,""CombinedUncertainty"":{""nCombUncertAssessNum"":1,""nCombExpandUncertValue"":1},""nPropDigits"":5,""nPropNumber"":1}",variable,"{""nVarValue"":180.57,""nVarNumber"":1,""nVarDigits"":5}",401.71,True,,180570.0,True,False,False
10.1021/acs.jced.8b01196#d3#p1#r16,10.1021/acs.jced.8b01196#d3#p1,10.1021/acs.jced.8b01196.json,3,1,16,"InChI=1S/C5H8O2/c1-3-5(7)4(2)6/h3H2,1-2H3",TZMFJUDUGYTVRY-UHFFFAOYSA-N,"2,3-pentanedione",C5H8O2,10.1021/acs.jced.8b01196,2019,"Boiling temperature at pressure P, K",Liquid,"[""Liquid"",""Gas""]",Ebulliometric method (Recirculating still),403.12,"{""nPropNumber"":1,""nPropDigits"":5,""CombinedUncertainty"":{""nCombUncertAssessNum"":1,""nCombExpandUncertValue"":1},""nPropValue"":403.12}",variable,"{""nVarValue"":195.59,""nVarDigits"":5,""nVarNumber"":1}",403.12,True,,195590.0,True,False,False
10.1021/acs.jced.8b01196#d3#p1#r17,10.1021/acs.jced.8b01196#d3#p1,10.1021/acs.jced.8b01196.json,3,1,17,"InChI=1S/C5H8O2/c1-3-5(7)4(2)6/h3H2,1-2H3",TZMFJUDUGYTVRY-UHFFFAOYSA-N,"2,3-pentanedione",C5H8O2,10.1021/acs.jced.8b01196,2019,"Boiling temperature at pressure P, K",Liquid,"[""Liquid"",""Gas""]",Ebulliometric method (Recirculating still),405.62,"{""CombinedUncertainty"":{""nCombExpandUncertValue"":1.03,""nCombUncertAssessNum"":1},""nPropValue"":405.62,""nPropDigits"":5,""nPropNumber"":1}",variable,"{""nVarNumber"":1,""nVarDigits"":5,""nVarValue"":200.68}",405.62,True,,200680.0,True,False,False
10.1021/acs.jced.8b01196#d6#p1#r1,10.1021/acs.jced.8b01196#d6#p1,10.1021/acs.jced.8b01196.json,6,1,1,"InChI=1S/C2H4O/c1-2-3/h2H,1H3",IKHGUXGNUITLKF-UHFFFAOYSA-N,ethanal,C2H4O,10.1021/acs.jced.8b01196,2019,"Boiling temperature at pressure P, K",Liquid,"[""Liquid"",""Gas""]",Ebulliometric method (Recirculating still),293.52,"{""CombinedUncertainty"":{""nCombUncertAssessNum"":1,""nCombExpandUncertValue"":1.01},""nPropValue"":293.52,""nPropDigits"":5,""nPropNumber"":1}",variable,"{""nVarDigits"":5,""nVarNumber"":1,""nVarValue"":100.68}",293.52,True,,100680.0,True,False,False
10.1021/acs.jced.8b01196#d6#p1#r2,10.1021/acs.jced.8b01196#d6#p1,10.1021/acs.jced.8b01196.json,6,1,2,"InChI=1S/C2H4O/c1-2-3/h2H,1H3",IKHGUXGNUITLKF-UHFFFAOYSA-N,ethanal,C2H4O,10.1021/acs.jced.8b01196,2019,"Boiling temperature at pressure P, K",Liquid,"[""Liquid"",""Gas""]",Ebulliometric method (Recirculating still),294.73,"{""nPropDigits"":5,""nPropNumber"":1,""nPropValue"":294.73,""CombinedUncertainty"":{""nCombExpandUncertValue"":1.01,""nCombUncertAssessNum"":1}}",variable,"{""nVarDigits"":5,""nVarNumber"":1,""nVarValue"":105.38}",294.73,True,,105380.0,True,False,False
10.1021/acs.jced.8b01196#d6#p1#r3,10.1021/acs.jced.8b01196#d6#p1,10.1021/acs.jced.8b01196.json,6,1,3,"InChI=1S/C2H4O/c1-2-3/h2H,1H3",IKHGUXGNUITLKF-UHFFFAOYSA-N,ethanal,C2H4O,10.1021/acs.jced.8b01196,2019,"Boiling temperature at pressure P, K",Liquid,"[""Liquid"",""Gas""]",Ebulliometric method (Recirculating still),297.08,"{""nPropValue"":297.08,""CombinedUncertainty"":{""nCombExpandUncertValue"":1.01,""nCombUncertAssessNum"":1},""nPropDigits"":5,""nPropNumber"":1}",variable,"{""nVarNumber"":1,""nVarDigits"":5,""nVarValue"":115.48}",297.08,True,,115480.0,True,False,False
10.1021/acs.jced.8b01196#d6#p1#r4,10.1021/acs.jced.8b01196#d6#p1,10.1021/acs.jced.8b01196.json,6,1,4,"InChI=1S/C2H4O/c1-2-3/h2H,1H3",IKHGUXGNUITLKF-UHFFFAOYSA-N,ethanal,C2H4O,10.1021/acs.jced.8b01196,2019,"Boiling temperature at pressure P, K",Liquid,"[""Liquid"",""Gas""]",Ebulliometric method (Recirculating still),301.34,"{""CombinedUncertainty"":{""nCombUncertAssessNum"":1,""nCombExpandUncertValue"":1.01},""nPropValue"":301.34,""nPropNumber"":1,""nPropDigits"":5}",variable,"{""nVarValue"":135.54,""nVarNumber"":1,""nVarDigits"":5}",301.34,True,,135540.0,True,False,False
10.1021/acs.jced.8b01196#d6#p1#r5,10.1021/acs.jced.8b01196#d6#p1,10.1021/acs.jced.8b01196.json,6,1,5,"InChI=1S/C2H4O/c1-2-3/h2H,1H3",IKHGUXGNUITLKF-UHFFFAOYSA-N,ethanal,C2H4O,10.1021/acs.jced.8b01196,2019,"Boiling temperature at pressure P, K",Liquid,"[""Liquid"",""Gas""]",Ebulliometric method (Recirculating still),304.31,"{""nPropDigits"":5,""nPropNumber"":1,""CombinedUncertainty"":{""nCombUncertAssessNum"":1,""nCombExpandUncertValue"":1.01},""nPropValue"":304.31}",variable,"{""nVarValue"":150.37,""nVarNumber"":1,""nVarDigits"":5}",304.31,True,,150370.0,True,False,False
10.1021/acs.jced.8b01196#d6#p1#r6,10.1021/acs.jced.8b01196#d6#p1,10.1021/acs.jced.8b01196.json,6,1,6,"InChI=1S/C2H4O/c1-2-3/h2H,1H3",IKHGUXGNUITLKF-UHFFFAOYSA-N,ethanal,C2H4O,10.1021/acs.jced.8b01196,2019,"Boiling temperature at pressure P, K",Liquid,"[""Liquid"",""Gas""]",Ebulliometric method (Recirculating still),307.04,"{""nPropValue"":307.04,""CombinedUncertainty"":{""nCombUncertAssessNum"":1,""nCombExpandUncertValue"":1},""nPropNumber"":1,""nPropDigits"":5}",variable,"{""nVarValue"":165.44,""nVarDigits"":5,""nVarNumber"":1}",307.04,True,,165440.0,True,False,False
10.1021/acs.jced.8b01196#d6#p1#r7,10.1021/acs.jced.8b01196#d6#p1,10.1021/acs.jced.8b01196.json,6,1,7,"InChI=1S/C2H4O/c1-2-3/h2H,1H3",IKHGUXGNUITLKF-UHFFFAOYSA-N,ethanal,C2H4O,10.1021/acs.jced.8b01196,2019,"Boiling temperature at pressure P, K",Liquid,"[""Liquid"",""Gas""]",Ebulliometric method (Recirculating still),309.59,"{""nPropDigits"":5,""nPropNumber"":1,""nPropValue"":309.59,""CombinedUncertainty"":{""nCombUncertAssessNum"":1,""nCombExpandUncertValue"":1}}",variable,"{""nVarValue"":180.92,""nVarDigits"":5,""nVarNumber"":1}",309.59,True,,180920.0,True,False,False
10.1021/acs.jced.8b01196#d6#p1#r8,10.1021/acs.jced.8b01196#d6#p1,10.1021/acs.jced.8b01196.json,6,1,8,"InChI=1S/C2H4O/c1-2-3/h2H,1H3",IKHGUXGNUITLKF-UHFFFAOYSA-N,ethanal,C2H4O,10.1021/acs.jced.8b01196,2019,"Boiling temperature at pressure P, K",Liquid,"[""Liquid"",""Gas""]",Ebulliometric method (Recirculating still),312,"{""nPropDigits"":5,""nPropNumber"":1,""nPropValue"":312,""CombinedUncertainty"":{""nCombExpandUncertValue"":1,""nCombUncertAssessNum"":1}}",variable,"{""nVarValue"":195.74,""nVarDigits"":5,""nVarNumber"":1}",312,True,,195740.0,True,False,False
10.1021/acs.jced.8b01196#d6#p1#r9,10.1021/acs.jced.8b01196#d6#p1,10.1021/acs.jced.8b01196.json,6,1,9,"InChI=1S/C2H4O/c1-2-3/h2H,1H3",IKHGUXGNUITLKF-UHFFFAOYSA-N,ethanal,C2H4O,10.1021/acs.jced.8b01196,2019,"Boiling temperature at pressure P, K",Liquid,"[""Liquid"",""Gas""]",Ebulliometric method (Recirculating still),312.98,"{""nPropNumber"":1,""nPropDigits"":5,""CombinedUncertainty"":{""nCombUncertAssessNum"":1,""nCombExpandUncertValue"":1},""nPropValue"":312.98}",variable,"{""nVarValue"":200.79,""nVarNumber"":1,""nVarDigits"":5}",312.98,True,,200790.0,True,False,False
10.1021/acs.jced.8b01196#d6#p1#r10,10.1021/acs.jced.8b01196#d6#p1,10.1021/acs.jced.8b01196.json,6,1,10,"InChI=1S/C2H4O/c1-2-3/h2H,1H3",IKHGUXGNUITLKF-UHFFFAOYSA-N,ethanal,C2H4O,10.1021/acs.jced.8b01196,2019,"Boiling temperature at pressure P, K",Liquid,"[""Liquid"",""Gas""]",Ebulliometric method (Recirculating still),314.25,"{""nPropValue"":314.25,""CombinedUncertainty"":{""nCombExpandUncertValue"":1,""nCombUncertAssessNum"":1},""nPropDigits"":5,""nPropNumber"":1}",variable,"{""nVarNumber"":1,""nVarDigits"":5,""nVarValue"":210.95}",314.25,True,,210950.0,True,False,False
10.1021/acs.jced.8b01196#d6#p1#r11,10.1021/acs.jced.8b01196#d6#p1,10.1021/acs.jced.8b01196.json,6,1,11,"InChI=1S/C2H4O/c1-2-3/h2H,1H3",IKHGUXGNUITLKF-UHFFFAOYSA-N,ethanal,C2H4O,10.1021/acs.jced.8b01196,2019,"Boiling temperature at pressure P, K",Liquid,"[""Liquid"",""Gas""]",Ebulliometric method (Recirculating still),316.38,"{""CombinedUncertainty"":{""nCombUncertAssessNum"":1,""nCombExpandUncertValue"":1},""nPropValue"":316.38,""nPropDigits"":5,""nPropNumber"":1}",variable,"{""nVarValue"":225.32,""nVarDigits"":5,""nVarNumber"":1}",316.38,True,,225320.0,True,False,False
10.1021/acs.jced.8b01196#d6#p1#r12,10.1021/acs.jced.8b01196#d6#p1,10.1021/acs.jced.8b01196.json,6,1,12,"InChI=1S/C2H4O/c1-2-3/h2H,1H3",IKHGUXGNUITLKF-UHFFFAOYSA-N,ethanal,C2H4O,10.1021/acs.jced.8b01196,2019,"Boiling temperature at pressure P, K",Liquid,"[""Liquid"",""Gas""]",Ebulliometric method (Recirculating still),318.4,"{""nPropValue"":318.4,""CombinedUncertainty"":{""nCombUncertAssessNum"":1,""nCombExpandUncertValue"":1},""nPropDigits"":5,""nPropNumber"":1}",variable,"{""nVarDigits"":5,""nVarNumber"":1,""nVarValue"":240.4}",318.4,True,,240400.0,True,False,False
10.1021/acs.jced.8b01196#d10#p1#r1,10.1021/acs.jced.8b01196#d10#p1,10.1021/acs.jced.8b01196.json,10,1,1,InChI=1S/C3H6O/c1-3(2)4/h1-2H3,CSCPPACGZOOCGX-UHFFFAOYSA-N,acetone,C3H6O,10.1021/acs.jced.8b01196,2019,"Boiling temperature at pressure P, K",Liquid,"[""Liquid"",""Gas""]",Ebulliometric method (Recirculating still),304.62,"{""nPropDigits"":5,""nPropNumber"":1,""CombinedUncertainty"":{""nCombUncertAssessNum"":1,""nCombExpandUncertValue"":1.04},""nPropValue"":304.62}",variable,"{""nVarNumber"":1,""nVarDigits"":4,""nVarValue"":40.32}",304.62,True,,40320.0,True,False,False
10.1021/acs.jced.8b01196#d10#p1#r2,10.1021/acs.jced.8b01196#d10#p1,10.1021/acs.jced.8b01196.json,10,1,2,InChI=1S/C3H6O/c1-3(2)4/h1-2H3,CSCPPACGZOOCGX-UHFFFAOYSA-N,acetone,C3H6O,10.1021/acs.jced.8b01196,2019,"Boiling temperature at pressure P, K",Liquid,"[""Liquid"",""Gas""]",Ebulliometric method (Recirculating still),310.1,"{""nPropDigits"":5,""nPropNumber"":1,""CombinedUncertainty"":{""nCombExpandUncertValue"":1.03,""nCombUncertAssessNum"":1},""nPropValue"":310.1}",variable,"{""nVarValue"":50.34,""nVarNumber"":1,""nVarDigits"":4}",310.1,True,,50340.0,True,False,False
10.1021/acs.jced.8b01196#d10#p1#r3,10.1021/acs.jced.8b01196#d10#p1,10.1021/acs.jced.8b01196.json,10,1,3,InChI=1S/C3H6O/c1-3(2)4/h1-2H3,CSCPPACGZOOCGX-UHFFFAOYSA-N,acetone,C3H6O,10.1021/acs.jced.8b01196,2019,"Boiling temperature at pressure P, K",Liquid,"[""Liquid"",""Gas""]",Ebulliometric method (Recirculating still),314.79,"{""nPropDigits"":5,""nPropNumber"":1,""CombinedUncertainty"":{""nCombUncertAssessNum"":1,""nCombExpandUncertValue"":1.02},""nPropValue"":314.79}",variable,"{""nVarNumber"":1,""nVarDigits"":4,""nVarValue"":60.36}",314.79,True,,60360.0,True,False,False
10.1021/acs.jced.8b01196#d10#p1#r4,10.1021/acs.jced.8b01196#d10#p1,10.1021/acs.jced.8b01196.json,10,1,4,InChI=1S/C3H6O/c1-3(2)4/h1-2H3,CSCPPACGZOOCGX-UHFFFAOYSA-N,acetone,C3H6O,10.1021/acs.jced.8b01196,2019,"Boiling temperature at pressure P, K",Liquid,"[""Liquid"",""Gas""]",Ebulliometric method (Recirculating still),318.89,"{""CombinedUncertainty"":{""nCombExpandUncertValue"":1.02,""nCombUncertAssessNum"":1},""nPropValue"":318.89,""nPropNumber"":1,""nPropDigits"":5}",variable,"{""nVarDigits"":4,""nVarNumber"":1,""nVarValue"":70.3}",318.89,True,,70300.0,True,False,False
10.1021/acs.jced.8b01196#d10#p1#r5,10.1021/acs.jced.8b01196#d10#p1,10.1021/acs.jced.8b01196.json,10,1,5,InChI=1S/C3H6O/c1-3(2)4/h1-2H3,CSCPPACGZOOCGX-UHFFFAOYSA-N,acetone,C3H6O,10.1021/acs.jced.8b01196,2019,"Boiling temperature at pressure P, K",Liquid,"[""Liquid"",""Gas""]",Ebulliometric method (Recirculating still),322.55,"{""nPropNumber"":1,""nPropDigits"":5,""nPropValue"":322.55,""CombinedUncertainty"":{""nCombExpandUncertValue"":1.02,""nCombUncertAssessNum"":1}}",variable,"{""nVarNumber"":1,""nVarDigits"":4,""nVarValue"":80.32}",322.55,True,,80320.0,True,False,False
10.1021/acs.jced.8b01196#d10#p1#r6,10.1021/acs.jced.8b01196#d10#p1,10.1021/acs.jced.8b01196.json,10,1,6,InChI=1S/C3H6O/c1-3(2)4/h1-2H3,CSCPPACGZOOCGX-UHFFFAOYSA-N,acetone,C3H6O,10.1021/acs.jced.8b01196,2019,"Boiling temperature at pressure P, K",Liquid,"[""Liquid"",""Gas""]",Ebulliometric method (Recirculating still),325.85,"{""nPropDigits"":5,""nPropNumber"":1,""CombinedUncertainty"":{""nCombExpandUncertValue"":1.01,""nCombUncertAssessNum"":1},""nPropValue"":325.85}",variable,"{""nVarNumber"":1,""nVarDigits"":4,""nVarValue"":90.34}",325.85,True,,90340.0,True,False,False
10.1021/acs.jced.8b01196#d10#p1#r7,10.1021/acs.jced.8b01196#d10#p1,10.1021/acs.jced.8b01196.json,10,1,7,InChI=1S/C3H6O/c1-3(2)4/h1-2H3,CSCPPACGZOOCGX-UHFFFAOYSA-N,acetone,C3H6O,10.1021/acs.jced.8b01196,2019,"Boiling temperature at pressure P, K",Liquid,"[""Liquid"",""Gas""]",Ebulliometric method (Recirculating still),328.89,"{""nPropValue"":328.89,""CombinedUncertainty"":{""nCombUncertAssessNum"":1,""nCombExpandUncertValue"":1.01},""nPropDigits"":5,""nPropNumber"":1}",variable,"{""nVarNumber"":1,""nVarDigits"":5,""nVarValue"":100.38}",328.89,True,,100380.0,True,False,False
10.1021/acs.jced.8b01196#d10#p1#r8,10.1021/acs.jced.8b01196#d10#p1,10.1021/acs.jced.8b01196.json,10,1,8,InChI=1S/C3H6O/c1-3(2)4/h1-2H3,CSCPPACGZOOCGX-UHFFFAOYSA-N,acetone,C3H6O,10.1021/acs.jced.8b01196,2019,"Boiling temperature at pressure P, K",Liquid,"[""Liquid"",""Gas""]",Ebulliometric method (Recirculating still),334.35,"{""nPropNumber"":1,""nPropDigits"":5,""nPropValue"":334.35,""CombinedUncertainty"":{""nCombExpandUncertValue"":1.01,""nCombUncertAssessNum"":1}}",variable,"{""nVarValue"":120.34,""nVarNumber"":1,""nVarDigits"":5}",334.35,True,,120340.0,True,False,False
10.1021/acs.jced.8b01196#d10#p1#r9,10.1021/acs.jced.8b01196#d10#p1,10.1021/acs.jced.8b01196.json,10,1,9,InChI=1S/C3H6O/c1-3(2)4/h1-2H3,CSCPPACGZOOCGX-UHFFFAOYSA-N,acetone,C3H6O,10.1021/acs.jced.8b01196,2019,"Boiling temperature at pressure P, K",Liquid,"[""Liquid"",""Gas""]",Ebulliometric method (Recirculating still),339.06,"{""nPropValue"":339.06,""CombinedUncertainty"":{""nCombUncertAssessNum"":1,""nCombExpandUncertValue"":1.01},""nPropNumber"":1,""nPropDigits"":5}",variable,"{""nVarValue"":140.53,""nVarDigits"":5,""nVarNumber"":1}",339.06,True,,140530.0,True,False,False
10.1021/acs.jced.8b01196#d10#p1#r10,10.1021/acs.jced.8b01196#d10#p1,10.1021/acs.jced.8b01196.json,10,1,10,InChI=1S/C3H6O/c1-3(2)4/h1-2H3,CSCPPACGZOOCGX-UHFFFAOYSA-N,acetone,C3H6O,10.1021/acs.jced.8b01196,2019,"Boiling temperature at pressure P, K",Liquid,"[""Liquid"",""Gas""]",Ebulliometric method (Recirculating still),341.5,"{""nPropNumber"":1,""nPropDigits"":5,""nPropValue"":341.5,""CombinedUncertainty"":{""nCombExpandUncertValue"":1.01,""nCombUncertAssessNum"":1}}",variable,"{""nVarNumber"":1,""nVarDigits"":5,""nVarValue"":150.68}",341.5,True,,150680.0,True,False,False
10.1021/acs.jced.8b01196#d10#p1#r11,10.1021/acs.jced.8b01196#d10#p1,10.1021/acs.jced.8b01196.json,10,1,11,InChI=1S/C3H6O/c1-3(2)4/h1-2H3,CSCPPACGZOOCGX-UHFFFAOYSA-N,acetone,C3H6O,10.1021/acs.jced.8b01196,2019,"Boiling temperature at pressure P, K",Liquid,"[""Liquid"",""Gas""]",Ebulliometric method (Recirculating still),343.27,"{""CombinedUncertainty"":{""nCombExpandUncertValue"":1,""nCombUncertAssessNum"":1},""nPropValue"":343.27,""nPropNumber"":1,""nPropDigits"":5}",variable,"{""nVarValue"":160.33,""nVarNumber"":1,""nVarDigits"":5}",343.27,True,,160330.0,True,False,False
10.1021/acs.jced.8b01196#d10#p1#r12,10.1021/acs.jced.8b01196#d10#p1,10.1021/acs.jced.8b01196.json,10,1,12,InChI=1S/C3H6O/c1-3(2)4/h1-2H3,CSCPPACGZOOCGX-UHFFFAOYSA-N,acetone,C3H6O,10.1021/acs.jced.8b01196,2019,"Boiling temperature at pressure P, K",Liquid,"[""Liquid"",""Gas""]",Ebulliometric method (Recirculating still),347.07,"{""CombinedUncertainty"":{""nCombExpandUncertValue"":1,""nCombUncertAssessNum"":1},""nPropValue"":347.07,""nPropNumber"":1,""nPropDigits"":5}",variable,"{""nVarValue"":180.53,""nVarNumber"":1,""nVarDigits"":5}",347.07,True,,180530.0,True,False,False
10.1021/acs.jced.8b01196#d10#p1#r13,10.1021/acs.jced.8b01196#d10#p1,10.1021/acs.jced.8b01196.json,10,1,13,InChI=1S/C3H6O/c1-3(2)4/h1-2H3,CSCPPACGZOOCGX-UHFFFAOYSA-N,acetone,C3H6O,10.1021/acs.jced.8b01196,2019,"Boiling temperature at pressure P, K",Liquid,"[""Liquid"",""Gas""]",Ebulliometric method (Recirculating still),350.57,"{""nPropNumber"":1,""nPropDigits"":5,""nPropValue"":350.57,""CombinedUncertainty"":{""nCombUncertAssessNum"":1,""nCombExpandUncertValue"":1}}",variable,"{""nVarNumber"":1,""nVarDigits"":5,""nVarValue"":200.55}",350.57,True,,200550.0,True,False,False
10.1021/acs.jced.8b01196#d10#p1#r14,10.1021/acs.jced.8b01196#d10#p1,10.1021/acs.jced.8b01196.json,10,1,14,InChI=1S/C3H6O/c1-3(2)4/h1-2H3,CSCPPACGZOOCGX-UHFFFAOYSA-N,acetone,C3H6O,10.1021/acs.jced.8b01196,2019,"Boiling temperature at pressure P, K",Liquid,"[""Liquid"",""Gas""]",Ebulliometric method (Recirculating still),353.82,"{""nPropDigits"":5,""nPropNumber"":1,""CombinedUncertainty"":{""nCombExpandUncertValue"":1,""nCombUncertAssessNum"":1},""nPropValue"":353.82}",variable,"{""nVarValue"":220.29,""nVarDigits"":5,""nVarNumber"":1}",353.82,True,,220290.0,True,False,False
10.1021/acs.jced.8b01247#d2#p1#r1,10.1021/acs.jced.8b01247#d2#p1,10.1021/acs.jced.8b01247.json,2,1,1,"InChI=1S/C4H10O/c1-3-4(2)5/h4-5H,3H2,1-2H3",BTANRVKWQNVYAZ-UHFFFAOYSA-N,butan-2-ol,C4H10O,10.1021/acs.jced.8b01247,2019,"Boiling temperature at pressure P, K",Liquid,"[""Liquid"",""Gas""]",Ebulliometric method (Recirculating still),388.57,"{""nPropNumber"":1,""nPropDigits"":5,""CombinedUncertainty"":{""nCombExpandUncertValue"":0.79,""nCombUncertAssessNum"":1},""nPropValue"":388.57}",variable,"{""nVarDigits"":4,""nVarNumber"":1,""nVarValue"":174.7}",388.57,True,,174700.0,True,False,False
10.1021/acs.jced.8b01247#d2#p1#r2,10.1021/acs.jced.8b01247#d2#p1,10.1021/acs.jced.8b01247.json,2,1,2,"InChI=1S/C4H10O/c1-3-4(2)5/h4-5H,3H2,1-2H3",BTANRVKWQNVYAZ-UHFFFAOYSA-N,butan-2-ol,C4H10O,10.1021/acs.jced.8b01247,2019,"Boiling temperature at pressure P, K",Liquid,"[""Liquid"",""Gas""]",Ebulliometric method (Recirculating still),399.33,"{""CombinedUncertainty"":{""nCombUncertAssessNum"":1,""nCombExpandUncertValue"":0.99},""nPropValue"":399.33,""nPropDigits"":5,""nPropNumber"":1}",variable,"{""nVarValue"":244.6,""nVarDigits"":4,""nVarNumber"":1}",399.33,True,,244600.0,True,False,False
10.1021/acs.jced.8b01247#d2#p1#r3,10.1021/acs.jced.8b01247#d2#p1,10.1021/acs.jced.8b01247.json,2,1,3,"InChI=1S/C4H10O/c1-3-4(2)5/h4-5H,3H2,1-2H3",BTANRVKWQNVYAZ-UHFFFAOYSA-N,butan-2-ol,C4H10O,10.1021/acs.jced.8b01247,2019,"Boiling temperature at pressure P, K",Liquid,"[""Liquid"",""Gas""]",Ebulliometric method (Recirculating still),407.43,"{""nPropValue"":407.43,""CombinedUncertainty"":{""nCombUncertAssessNum"":1,""nCombExpandUncertValue"":0.96},""nPropDigits"":5,""nPropNumber"":1}",variable,"{""nVarDigits"":4,""nVarNumber"":1,""nVarValue"":309.7}",407.43,True,,309700.0,True,False,False
10.1021/acs.jced.8b01247#d2#p1#r4,10.1021/acs.jced.8b01247#d2#p1,10.1021/acs.jced.8b01247.json,2,1,4,"InChI=1S/C4H10O/c1-3-4(2)5/h4-5H,3H2,1-2H3",BTANRVKWQNVYAZ-UHFFFAOYSA-N,butan-2-ol,C4H10O,10.1021/acs.jced.8b01247,2019,"Boiling temperature at pressure P, K",Liquid,"[""Liquid"",""Gas""]",Ebulliometric method (Recirculating still),419.33,"{""nPropNumber"":1,""nPropDigits"":5,""nPropValue"":419.33,""CombinedUncertainty"":{""nCombUncertAssessNum"":1,""nCombExpandUncertValue"":1.09}}",variable,"{""nVarNumber"":1,""nVarDigits"":4,""nVarValue"":429.6}",419.33,True,,429600.0,True,False,False
10.1021/acs.jced.8b01247#d2#p1#r5,10.1021/acs.jced.8b01247#d2#p1,10.1021/acs.jced.8b01247.json,2,1,5,"InChI=1S/C4H10O/c1-3-4(2)5/h4-5H,3H2,1-2H3",BTANRVKWQNVYAZ-UHFFFAOYSA-N,butan-2-ol,C4H10O,10.1021/acs.jced.8b01247,2019,"Boiling temperature at pressure P, K",Liquid,"[""Liquid"",""Gas""]",Ebulliometric method (Recirculating still),430.17,"{""nPropNumber"":1,""nPropDigits"":5,""nPropValue"":430.17,""CombinedUncertainty"":{""nCombUncertAssessNum"":1,""nCombExpandUncertValue"":1.28}}",variable,"{""nVarDigits"":4,""nVarNumber"":1,""nVarValue"":566.9}",430.17,True,,566900.0,True,False,False
10.1021/acs.jced.8b01247#d3#p1#r1,10.1021/acs.jced.8b01247#d3#p1,10.1021/acs.jced.8b01247.json,3,1,1,"InChI=1S/C6H14O2/c1-4-6(2)8-5-7-3/h6H,4-5H2,1-3H3",XGWWYGIQJRUZSB-UHFFFAOYSA-N,2-(methoxymethoxy)butane,C6H14O2,10.1021/acs.jced.8b01247,2019,"Boiling temperature at pressure P, K",Liquid,"[""Liquid"",""Gas""]",Ebulliometric method (Recirculating still),382.8,"{""nPropNumber"":1,""nPropDigits"":5,""CombinedUncertainty"":{""nCombExpandUncertValue"":0.87,""nCombUncertAssessNum"":1},""nPropValue"":382.8}",variable,"{""nVarValue"":101.3,""nVarNumber"":1,""nVarDigits"":4}",382.8,True,,101300.0,True,False,False
10.1021/acs.jced.8b01247#d3#p1#r2,10.1021/acs.jced.8b01247#d3#p1,10.1021/acs.jced.8b01247.json,3,1,2,"InChI=1S/C6H14O2/c1-4-6(2)8-5-7-3/h6H,4-5H2,1-3H3",XGWWYGIQJRUZSB-UHFFFAOYSA-N,2-(methoxymethoxy)butane,C6H14O2,10.1021/acs.jced.8b01247,2019,"Boiling temperature at pressure P, K",Liquid,"[""Liquid"",""Gas""]",Ebulliometric method (Recirculating still),402.2,"{""CombinedUncertainty"":{""nCombExpandUncertValue"":1.26,""nCombUncertAssessNum"":1},""nPropValue"":402.2,""nPropNumber"":1,""nPropDigits"":5}",variable,"{""nVarNumber"":1,""nVarDigits"":4,""nVarValue"":166.8}",402.2,True,,166800.0,True,False,False
10.1021/acs.jced.8b01247#d3#p1#r3,10.1021/acs.jced.8b01247#d3#p1,10.1021/acs.jced.8b01247.json,3,1,3,"InChI=1S/C6H14O2/c1-4-6(2)8-5-7-3/h6H,4-5H2,1-3H3",XGWWYGIQJRUZSB-UHFFFAOYSA-N,2-(methoxymethoxy)butane,C6H14O2,10.1021/acs.jced.8b01247,2019,"Boiling temperature at pressure P, K",Liquid,"[""Liquid"",""Gas""]",Ebulliometric method (Recirculating still),413.09,"{""CombinedUncertainty"":{""nCombUncertAssessNum"":1,""nCombExpandUncertValue"":1.24},""nPropValue"":413.09,""nPropNumber"":1,""nPropDigits"":5}",variable,"{""nVarValue"":217.3,""nVarNumber"":1,""nVarDigits"":4}",413.09,True,,217300.0,True,False,False
10.1021/acs.jced.8b01247#d3#p1#r4,10.1021/acs.jced.8b01247#d3#p1,10.1021/acs.jced.8b01247.json,3,1,4,"InChI=1S/C6H14O2/c1-4-6(2)8-5-7-3/h6H,4-5H2,1-3H3",XGWWYGIQJRUZSB-UHFFFAOYSA-N,2-(methoxymethoxy)butane,C6H14O2,10.1021/acs.jced.8b01247,2019,"Boiling temperature at pressure P, K",Liquid,"[""Liquid"",""Gas""]",Ebulliometric method (Recirculating still),420.08,"{""nPropNumber"":1,""nPropDigits"":5,""CombinedUncertainty"":{""nCombExpandUncertValue"":1.21,""nCombUncertAssessNum"":1},""nPropValue"":420.08}",variable,"{""nVarValue"":257,""nVarDigits"":4,""nVarNumber"":1}",420.08,True,,257000,True,False,False
10.1021/acs.jced.8b01247#d3#p1#r5,10.1021/acs.jced.8b01247#d3#p1,10.1021/acs.jced.8b01247.json,3,1,5,"InChI=1S/C6H14O2/c1-4-6(2)8-5-7-3/h6H,4-5H2,1-3H3",XGWWYGIQJRUZSB-UHFFFAOYSA-N,2-(methoxymethoxy)butane,C6H14O2,10.1021/acs.jced.8b01247,2019,"Boiling temperature at pressure P, K",Liquid,"[""Liquid"",""Gas""]",Ebulliometric method (Recirculating still),428.82,"{""CombinedUncertainty"":{""nCombUncertAssessNum"":1,""nCombExpandUncertValue"":1.27},""nPropValue"":428.82,""nPropDigits"":5,""nPropNumber"":1}",variable,"{""nVarValue"":313.1,""nVarNumber"":1,""nVarDigits"":4}",428.82,True,,313100.0,True,False,False
10.1021/acs.jced.8b01247#d3#p1#r6,10.1021/acs.jced.8b01247#d3#p1,10.1021/acs.jced.8b01247.json,3,1,6,"InChI=1S/C6H14O2/c1-4-6(2)8-5-7-3/h6H,4-5H2,1-3H3",XGWWYGIQJRUZSB-UHFFFAOYSA-N,2-(methoxymethoxy)butane,C6H14O2,10.1021/acs.jced.8b01247,2019,"Boiling temperature at pressure P, K",Liquid,"[""Liquid"",""Gas""]",Ebulliometric method (Recirculating still),438.64,"{""CombinedUncertainty"":{""nCombUncertAssessNum"":1,""nCombExpandUncertValue"":1.46},""nPropValue"":438.64,""nPropNumber"":1,""nPropDigits"":5}",variable,"{""nVarValue"":387.5,""nVarDigits"":4,""nVarNumber"":1}",438.64,True,,387500.0,True,False,False
10.1021/acs.jced.9b00152#d1#p1#r1,10.1021/acs.jced.9b00152#d1#p1,10.1021/acs.jced.9b00152.json,1,1,1,"InChI=1S/C2H4O2/c1-2(3)4/h1H3,(H,3,4)",QTBSBXVTEAMEQO-UHFFFAOYSA-N,acetic acid,C2H4O2,10.1021/acs.jced.9b00152,2019,"Boiling temperature at pressure P, K",Liquid,"[""Liquid"",""Gas""]",Ebulliometric method (Recirculating still),341.3,"{""nPropValue"":341.3,""CombinedUncertainty"":{""nCombUncertAssessNum"":1,""nCombExpandUncertValue"":0.47},""nPropNumber"":1,""nPropDigits"":5}",variable,"{""nVarDigits"":4,""nVarNumber"":1,""nVarValue"":17}",341.3,True,,17000,True,True,False
10.1021/acs.jced.9b00152#d1#p1#r2,10.1021/acs.jced.9b00152#d1#p1,10.1021/acs.jced.9b00152.json,1,1,2,"InChI=1S/C2H4O2/c1-2(3)4/h1H3,(H,3,4)",QTBSBXVTEAMEQO-UHFFFAOYSA-N,acetic acid,C2H4O2,10.1021/acs.jced.9b00152,2019,"Boiling temperature at pressure P, K",Liquid,"[""Liquid"",""Gas""]",Ebulliometric method (Recirculating still),342.87,"{""nPropNumber"":1,""nPropDigits"":5,""nPropValue"":342.87,""CombinedUncertainty"":{""nCombUncertAssessNum"":1,""nCombExpandUncertValue"":0.54}}",variable,"{""nVarNumber"":1,""nVarDigits"":4,""nVarValue"":18.47}",342.87,True,,18470.0,True,True,False
10.1021/acs.jced.9b00152#d1#p1#r3,10.1021/acs.jced.9b00152#d1#p1,10.1021/acs.jced.9b00152.json,1,1,3,"InChI=1S/C2H4O2/c1-2(3)4/h1H3,(H,3,4)",QTBSBXVTEAMEQO-UHFFFAOYSA-N,acetic acid,C2H4O2,10.1021/acs.jced.9b00152,2019,"Boiling temperature at pressure P, K",Liquid,"[""Liquid"",""Gas""]",Ebulliometric method (Recirculating still),345.03,"{""CombinedUncertainty"":{""nCombExpandUncertValue"":0.58,""nCombUncertAssessNum"":1},""nPropValue"":345.03,""nPropNumber"":1,""nPropDigits"":5}",variable,"{""nVarDigits"":4,""nVarNumber"":1,""nVarValue"":20.01}",345.03,True,,20010.0,True,False,False
10.1021/acs.jced.9b00152#d1#p1#r4,10.1021/acs.jced.9b00152#d1#p1,10.1021/acs.jced.9b00152.json,1,1,4,"InChI=1S/C2H4O2/c1-2(3)4/h1H3,(H,3,4)",QTBSBXVTEAMEQO-UHFFFAOYSA-N,acetic acid,C2H4O2,10.1021/acs.jced.9b00152,2019,"Boiling temperature at pressure P, K",Liquid,"[""Liquid"",""Gas""]",Ebulliometric method (Recirculating still),346.41,"{""CombinedUncertainty"":{""nCombUncertAssessNum"":1,""nCombExpandUncertValue"":0.55},""nPropValue"":346.41,""nPropDigits"":5,""nPropNumber"":1}",variable,"{""nVarNumber"":1,""nVarDigits"":4,""nVarValue"":21.29}",346.41,True,,21290.0,True,False,False
10.1021/acs.jced.9b00152#d1#p1#r5,10.1021/acs.jced.9b00152#d1#p1,10.1021/acs.jced.9b00152.json,1,1,5,"InChI=1S/C2H4O2/c1-2(3)4/h1H3,(H,3,4)",QTBSBXVTEAMEQO-UHFFFAOYSA-N,acetic acid,C2H4O2,10.1021/acs.jced.9b00152,2019,"Boiling temperature at pressure P, K",Liquid,"[""Liquid"",""Gas""]",Ebulliometric method (Recirculating still),348.49,"{""CombinedUncertainty"":{""nCombExpandUncertValue"":0.58,""nCombUncertAssessNum"":1},""nPropValue"":348.49,""nPropDigits"":5,""nPropNumber"":1}",variable,"{""nVarValue"":23.18,""nVarNumber"":1,""nVarDigits"":4}",348.49,True,,23180.0,True,False,False
10.1021/acs.jced.9b00152#d1#p1#r6,10.1021/acs.jced.9b00152#d1#p1,10.1021/acs.jced.9b00152.json,1,1,6,"InChI=1S/C2H4O2/c1-2(3)4/h1H3,(H,3,4)",QTBSBXVTEAMEQO-UHFFFAOYSA-N,acetic acid,C2H4O2,10.1021/acs.jced.9b00152,2019,"Boiling temperature at pressure P, K",Liquid,"[""Liquid"",""Gas""]",Ebulliometric method (Recirculating still),350.35,"{""nPropValue"":350.35,""CombinedUncertainty"":{""nCombExpandUncertValue"":0.59,""nCombUncertAssessNum"":1},""nPropDigits"":5,""nPropNumber"":1}",variable,"{""nVarDigits"":4,""nVarNumber"":1,""nVarValue"":24.92}",350.35,True,,24920.0,True,False,False
10.1021/acs.jced.9b00152#d1#p1#r7,10.1021/acs.jced.9b00152#d1#p1,10.1021/acs.jced.9b00152.json,1,1,7,"InChI=1S/C2H4O2/c1-2(3)4/h1H3,(H,3,4)",QTBSBXVTEAMEQO-UHFFFAOYSA-N,acetic acid,C2H4O2,10.1021/acs.jced.9b00152,2019,"Boiling temperature at pressure P, K",Liquid,"[""Liquid"",""Gas""]",Ebulliometric method (Recirculating still),352.88,"{""nPropNumber"":1,""nPropDigits"":5,""nPropValue"":352.88,""CombinedUncertainty"":{""nCombUncertAssessNum"":1,""nCombExpandUncertValue"":0.6}}",variable,"{""nVarDigits"":4,""nVarNumber"":1,""nVarValue"":27.44}",352.88,True,,27440.0,True,False,False
10.1021/acs.jced.9b00152#d1#p1#r8,10.1021/acs.jced.9b00152#d1#p1,10.1021/acs.jced.9b00152.json,1,1,8,"InChI=1S/C2H4O2/c1-2(3)4/h1H3,(H,3,4)",QTBSBXVTEAMEQO-UHFFFAOYSA-N,acetic acid,C2H4O2,10.1021/acs.jced.9b00152,2019,"Boiling temperature at pressure P, K",Liquid,"[""Liquid"",""Gas""]",Ebulliometric method (Recirculating still),355.01,"{""nPropValue"":355.01,""CombinedUncertainty"":{""nCombExpandUncertValue"":0.6,""nCombUncertAssessNum"":1},""nPropDigits"":5,""nPropNumber"":1}",variable,"{""nVarDigits"":4,""nVarNumber"":1,""nVarValue"":29.78}",355.01,True,,29780.0,True,False,False
10.1021/acs.jced.9b00152#d1#p1#r9,10.1021/acs.jced.9b00152#d1#p1,10.1021/acs.jced.9b00152.json,1,1,9,"InChI=1S/C2H4O2/c1-2(3)4/h1H3,(H,3,4)",QTBSBXVTEAMEQO-UHFFFAOYSA-N,acetic acid,C2H4O2,10.1021/acs.jced.9b00152,2019,"Boiling temperature at pressure P, K",Liquid,"[""Liquid"",""Gas""]",Ebulliometric method (Recirculating still),357.54,"{""nPropDigits"":5,""nPropNumber"":1,""nPropValue"":357.54,""CombinedUncertainty"":{""nCombExpandUncertValue"":0.61,""nCombUncertAssessNum"":1}}",variable,"{""nVarNumber"":1,""nVarDigits"":4,""nVarValue"":32.78}",357.54,True,,32780.0,True,False,False
10.1021/acs.jced.9b00152#d1#p1#r10,10.1021/acs.jced.9b00152#d1#p1,10.1021/acs.jced.9b00152.json,1,1,10,"InChI=1S/C2H4O2/c1-2(3)4/h1H3,(H,3,4)",QTBSBXVTEAMEQO-UHFFFAOYSA-N,acetic acid,C2H4O2,10.1021/acs.jced.9b00152,2019,"Boiling temperature at pressure P, K",Liquid,"[""Liquid"",""Gas""]",Ebulliometric method (Recirculating still),359.26,"{""nPropNumber"":1,""nPropDigits"":5,""CombinedUncertainty"":{""nCombExpandUncertValue"":0.61,""nCombUncertAssessNum"":1},""nPropValue"":359.26}",variable,"{""nVarNumber"":1,""nVarDigits"":4,""nVarValue"":34.97}",359.26,True,,34970.0,True,False,False
10.1021/acs.jced.9b00152#d1#p1#r11,10.1021/acs.jced.9b00152#d1#p1,10.1021/acs.jced.9b00152.json,1,1,11,"InChI=1S/C2H4O2/c1-2(3)4/h1H3,(H,3,4)",QTBSBXVTEAMEQO-UHFFFAOYSA-N,acetic acid,C2H4O2,10.1021/acs.jced.9b00152,2019,"Boiling temperature at pressure P, K",Liquid,"[""Liquid"",""Gas""]",Ebulliometric method (Recirculating still),363.04,"{""nPropValue"":363.04,""CombinedUncertainty"":{""nCombExpandUncertValue"":0.6,""nCombUncertAssessNum"":1},""nPropNumber"":1,""nPropDigits"":5}",variable,"{""nVarNumber"":1,""nVarDigits"":4,""nVarValue"":39.99}",363.04,True,,39990.0,True,False,False
10.1021/acs.jced.9b00152#d1#p1#r12,10.1021/acs.jced.9b00152#d1#p1,10.1021/acs.jced.9b00152.json,1,1,12,"InChI=1S/C2H4O2/c1-2(3)4/h1H3,(H,3,4)",QTBSBXVTEAMEQO-UHFFFAOYSA-N,acetic acid,C2H4O2,10.1021/acs.jced.9b00152,2019,"Boiling temperature at pressure P, K",Liquid,"[""Liquid"",""Gas""]",Ebulliometric method (Recirculating still),368.56,"{""CombinedUncertainty"":{""nCombUncertAssessNum"":1,""nCombExpandUncertValue"":0.64},""nPropValue"":368.56,""nPropDigits"":5,""nPropNumber"":1}",variable,"{""nVarNumber"":1,""nVarDigits"":4,""nVarValue"":48.99}",368.56,True,,48990.0,True,False,False
10.1021/acs.jced.9b00152#d1#p1#r13,10.1021/acs.jced.9b00152#d1#p1,10.1021/acs.jced.9b00152.json,1,1,13,"InChI=1S/C2H4O2/c1-2(3)4/h1H3,(H,3,4)",QTBSBXVTEAMEQO-UHFFFAOYSA-N,acetic acid,C2H4O2,10.1021/acs.jced.9b00152,2019,"Boiling temperature at pressure P, K",Liquid,"[""Liquid"",""Gas""]",Ebulliometric method (Recirculating still),372.27,"{""nPropValue"":372.27,""CombinedUncertainty"":{""nCombUncertAssessNum"":1,""nCombExpandUncertValue"":0.67},""nPropDigits"":5,""nPropNumber"":1}",variable,"{""nVarValue"":55.76,""nVarNumber"":1,""nVarDigits"":4}",372.27,True,,55760.0,True,False,False
10.1021/acs.jced.9b00152#d1#p1#r14,10.1021/acs.jced.9b00152#d1#p1,10.1021/acs.jced.9b00152.json,1,1,14,"InChI=1S/C2H4O2/c1-2(3)4/h1H3,(H,3,4)",QTBSBXVTEAMEQO-UHFFFAOYSA-N,acetic acid,C2H4O2,10.1021/acs.jced.9b00152,2019,"Boiling temperature at pressure P, K",Liquid,"[""Liquid"",""Gas""]",Ebulliometric method (Recirculating still),374.54,"{""CombinedUncertainty"":{""nCombExpandUncertValue"":0.67,""nCombUncertAssessNum"":1},""nPropValue"":374.54,""nPropNumber"":1,""nPropDigits"":5}",variable,"{""nVarValue"":60.04,""nVarNumber"":1,""nVarDigits"":4}",374.54,True,,60040.0,True,False,False
10.1021/acs.jced.9b00152#d1#p1#r15,10.1021/acs.jced.9b00152#d1#p1,10.1021/acs.jced.9b00152.json,1,1,15,"InChI=1S/C2H4O2/c1-2(3)4/h1H3,(H,3,4)",QTBSBXVTEAMEQO-UHFFFAOYSA-N,acetic acid,C2H4O2,10.1021/acs.jced.9b00152,2019,"Boiling temperature at pressure P, K",Liquid,"[""Liquid"",""Gas""]",Ebulliometric method (Recirculating still),376.66,"{""nPropDigits"":5,""nPropNumber"":1,""CombinedUncertainty"":{""nCombUncertAssessNum"":1,""nCombExpandUncertValue"":0.68},""nPropValue"":376.66}",variable,"{""nVarValue"":64.44,""nVarNumber"":1,""nVarDigits"":4}",376.66,True,,64440.0,True,False,False
10.1021/acs.jced.9b00152#d1#p1#r16,10.1021/acs.jced.9b00152#d1#p1,10.1021/acs.jced.9b00152.json,1,1,16,"InChI=1S/C2H4O2/c1-2(3)4/h1H3,(H,3,4)",QTBSBXVTEAMEQO-UHFFFAOYSA-N,acetic acid,C2H4O2,10.1021/acs.jced.9b00152,2019,"Boiling temperature at pressure P, K",Liquid,"[""Liquid"",""Gas""]",Ebulliometric method (Recirculating still),379.05,"{""nPropDigits"":5,""nPropNumber"":1,""nPropValue"":379.05,""CombinedUncertainty"":{""nCombExpandUncertValue"":0.7,""nCombUncertAssessNum"":1}}",variable,"{""nVarValue"":69.39,""nVarDigits"":4,""nVarNumber"":1}",379.05,True,,69390.0,True,False,False
10.1021/acs.jced.9b00152#d1#p1#r17,10.1021/acs.jced.9b00152#d1#p1,10.1021/acs.jced.9b00152.json,1,1,17,"InChI=1S/C2H4O2/c1-2(3)4/h1H3,(H,3,4)",QTBSBXVTEAMEQO-UHFFFAOYSA-N,acetic acid,C2H4O2,10.1021/acs.jced.9b00152,2019,"Boiling temperature at pressure P, K",Liquid,"[""Liquid"",""Gas""]",Ebulliometric method (Recirculating still),381.6,"{""nPropValue"":381.6,""CombinedUncertainty"":{""nCombUncertAssessNum"":1,""nCombExpandUncertValue"":0.67},""nPropNumber"":1,""nPropDigits"":5}",variable,"{""nVarDigits"":4,""nVarNumber"":1,""nVarValue"":75.23}",381.6,True,,75230.0,True,False,False
10.1021/acs.jced.9b00152#d1#p1#r18,10.1021/acs.jced.9b00152#d1#p1,10.1021/acs.jced.9b00152.json,1,1,18,"InChI=1S/C2H4O2/c1-2(3)4/h1H3,(H,3,4)",QTBSBXVTEAMEQO-UHFFFAOYSA-N,acetic acid,C2H4O2,10.1021/acs.jced.9b00152,2019,"Boiling temperature at pressure P, K",Liquid,"[""Liquid"",""Gas""]",Ebulliometric method (Recirculating still),383.32,"{""nPropValue"":383.32,""CombinedUncertainty"":{""nCombUncertAssessNum"":1,""nCombExpandUncertValue"":0.67},""nPropNumber"":1,""nPropDigits"":5}",variable,"{""nVarDigits"":4,""nVarNumber"":1,""nVarValue"":79.98}",383.32,True,,79980.0,True,False,False
10.1021/acs.jced.9b00152#d1#p1#r19,10.1021/acs.jced.9b00152#d1#p1,10.1021/acs.jced.9b00152.json,1,1,19,"InChI=1S/C2H4O2/c1-2(3)4/h1H3,(H,3,4)",QTBSBXVTEAMEQO-UHFFFAOYSA-N,acetic acid,C2H4O2,10.1021/acs.jced.9b00152,2019,"Boiling temperature at pressure P, K",Liquid,"[""Liquid"",""Gas""]",Ebulliometric method (Recirculating still),384.82,"{""nPropValue"":384.82,""CombinedUncertainty"":{""nCombUncertAssessNum"":1,""nCombExpandUncertValue"":0.7},""nPropDigits"":5,""nPropNumber"":1}",variable,"{""nVarDigits"":4,""nVarNumber"":1,""nVarValue"":83.66}",384.82,True,,83660.0,True,False,False
10.1021/acs.jced.9b00152#d1#p1#r20,10.1021/acs.jced.9b00152#d1#p1,10.1021/acs.jced.9b00152.json,1,1,20,"InChI=1S/C2H4O2/c1-2(3)4/h1H3,(H,3,4)",QTBSBXVTEAMEQO-UHFFFAOYSA-N,acetic acid,C2H4O2,10.1021/acs.jced.9b00152,2019,"Boiling temperature at pressure P, K",Liquid,"[""Liquid"",""Gas""]",Ebulliometric method (Recirculating still),386.07,"{""nPropDigits"":5,""nPropNumber"":1,""CombinedUncertainty"":{""nCombExpandUncertValue"":0.68,""nCombUncertAssessNum"":1},""nPropValue"":386.07}",variable,"{""nVarValue"":87.18,""nVarNumber"":1,""nVarDigits"":4}",386.07,True,,87180.0,True,False,False
10.1021/acs.jced.9b00152#d1#p1#r21,10.1021/acs.jced.9b00152#d1#p1,10.1021/acs.jced.9b00152.json,1,1,21,"InChI=1S/C2H4O2/c1-2(3)4/h1H3,(H,3,4)",QTBSBXVTEAMEQO-UHFFFAOYSA-N,acetic acid,C2H4O2,10.1021/acs.jced.9b00152,2019,"Boiling temperature at pressure P, K",Liquid,"[""Liquid"",""Gas""]",Ebulliometric method (Recirculating still),389.58,"{""nPropNumber"":1,""nPropDigits"":5,""nPropValue"":389.58,""CombinedUncertainty"":{""nCombExpandUncertValue"":0.73,""nCombUncertAssessNum"":1}}",variable,"{""nVarValue"":97.08,""nVarDigits"":4,""nVarNumber"":1}",389.58,True,,97080.0,True,False,False
10.1021/acs.jced.9b00152#d1#p1#r22,10.1021/acs.jced.9b00152#d1#p1,10.1021/acs.jced.9b00152.json,1,1,22,"InChI=1S/C2H4O2/c1-2(3)4/h1H3,(H,3,4)",QTBSBXVTEAMEQO-UHFFFAOYSA-N,acetic acid,C2H4O2,10.1021/acs.jced.9b00152,2019,"Boiling temperature at pressure P, K",Liquid,"[""Liquid"",""Gas""]",Ebulliometric method (Recirculating still),390.93,"{""nPropNumber"":1,""nPropDigits"":5,""nPropValue"":390.93,""CombinedUncertainty"":{""nCombExpandUncertValue"":0.71,""nCombUncertAssessNum"":1}}",variable,"{""nVarValue"":101.3,""nVarNumber"":1,""nVarDigits"":5}",390.93,True,,101300.0,True,False,False
10.1021/acs.jced.9b00152#d3#p1#r1,10.1021/acs.jced.9b00152#d3#p1,10.1021/acs.jced.9b00152.json,3,1,1,"InChI=1S/C5H10O2/c1-3-4-7-5(2)6/h3-4H2,1-2H3",YKYONYBAUNKHLG-UHFFFAOYSA-N,propyl ethanoate,C5H10O2,10.1021/acs.jced.9b00152,2019,"Boiling temperature at pressure P, K",Liquid,"[""Liquid"",""Gas""]",Ebulliometric method (Recirculating still),322.62,"{""nPropDigits"":5,""nPropNumber"":1,""CombinedUncertainty"":{""nCombExpandUncertValue"":0.51,""nCombUncertAssessNum"":1},""nPropValue"":322.62}",variable,"{""nVarDigits"":4,""nVarNumber"":1,""nVarValue"":14.9}",322.62,True,,14900.0,True,True,False
10.1021/acs.jced.9b00152#d3#p1#r2,10.1021/acs.jced.9b00152#d3#p1,10.1021/acs.jced.9b00152.json,3,1,2,"InChI=1S/C5H10O2/c1-3-4-7-5(2)6/h3-4H2,1-2H3",YKYONYBAUNKHLG-UHFFFAOYSA-N,propyl ethanoate,C5H10O2,10.1021/acs.jced.9b00152,2019,"Boiling temperature at pressure P, K",Liquid,"[""Liquid"",""Gas""]",Ebulliometric method (Recirculating still),325.01,"{""nPropDigits"":5,""nPropNumber"":1,""nPropValue"":325.01,""CombinedUncertainty"":{""nCombUncertAssessNum"":1,""nCombExpandUncertValue"":0.55}}",variable,"{""nVarNumber"":1,""nVarDigits"":4,""nVarValue"":16.6}",325.01,True,,16600.0,True,True,False
10.1021/acs.jced.9b00152#d3#p1#r3,10.1021/acs.jced.9b00152#d3#p1,10.1021/acs.jced.9b00152.json,3,1,3,"InChI=1S/C5H10O2/c1-3-4-7-5(2)6/h3-4H2,1-2H3",YKYONYBAUNKHLG-UHFFFAOYSA-N,propyl ethanoate,C5H10O2,10.1021/acs.jced.9b00152,2019,"Boiling temperature at pressure P, K",Liquid,"[""Liquid"",""Gas""]",Ebulliometric method (Recirculating still),327.77,"{""nPropValue"":327.77,""CombinedUncertainty"":{""nCombExpandUncertValue"":0.58,""nCombUncertAssessNum"":1},""nPropDigits"":5,""nPropNumber"":1}",variable,"{""nVarDigits"":4,""nVarNumber"":1,""nVarValue"":18.56}",327.77,True,,18560.0,True,True,False
10.1021/acs.jced.9b00152#d3#p1#r4,10.1021/acs.jced.9b00152#d3#p1,10.1021/acs.jced.9b00152.json,3,1,4,"InChI=1S/C5H10O2/c1-3-4-7-5(2)6/h3-4H2,1-2H3",YKYONYBAUNKHLG-UHFFFAOYSA-N,propyl ethanoate,C5H10O2,10.1021/acs.jced.9b00152,2019,"Boiling temperature at pressure P, K",Liquid,"[""Liquid"",""Gas""]",Ebulliometric method (Recirculating still),329.58,"{""nPropNumber"":1,""nPropDigits"":5,""nPropValue"":329.58,""CombinedUncertainty"":{""nCombUncertAssessNum"":1,""nCombExpandUncertValue"":0.53}}",variable,"{""nVarNumber"":1,""nVarDigits"":4,""nVarValue"":20}",329.58,True,,20000,True,True,False
10.1021/acs.jced.9b00152#d3#p1#r5,10.1021/acs.jced.9b00152#d3#p1,10.1021/acs.jced.9b00152.json,3,1,5,"InChI=1S/C5H10O2/c1-3-4-7-5(2)6/h3-4H2,1-2H3",YKYONYBAUNKHLG-UHFFFAOYSA-N,propyl ethanoate,C5H10O2,10.1021/acs.jced.9b00152,2019,"Boiling temperature at pressure P, K",Liquid,"[""Liquid"",""Gas""]",Ebulliometric method (Recirculating still),334.71,"{""CombinedUncertainty"":{""nCombUncertAssessNum"":1,""nCombExpandUncertValue"":0.59},""nPropValue"":334.71,""nPropDigits"":5,""nPropNumber"":1}",variable,"{""nVarNumber"":1,""nVarDigits"":4,""nVarValue"":24.75}",334.71,True,,24750.0,True,False,False
10.1021/acs.jced.9b00152#d3#p1#r6,10.1021/acs.jced.9b00152#d3#p1,10.1021/acs.jced.9b00152.json,3,1,6,"InChI=1S/C5H10O2/c1-3-4-7-5(2)6/h3-4H2,1-2H3",YKYONYBAUNKHLG-UHFFFAOYSA-N,propyl ethanoate,C5H10O2,10.1021/acs.jced.9b00152,2019,"Boiling temperature at pressure P, K",Liquid,"[""Liquid"",""Gas""]",Ebulliometric method (Recirculating still),337.78,"{""nPropValue"":337.78,""CombinedUncertainty"":{""nCombExpandUncertValue"":0.57,""nCombUncertAssessNum"":1},""nPropNumber"":1,""nPropDigits"":5}",variable,"{""nVarNumber"":1,""nVarDigits"":4,""nVarValue"":27.99}",337.78,True,,27990.0,True,False,False
10.1021/acs.jced.9b00152#d3#p1#r7,10.1021/acs.jced.9b00152#d3#p1,10.1021/acs.jced.9b00152.json,3,1,7,"InChI=1S/C5H10O2/c1-3-4-7-5(2)6/h3-4H2,1-2H3",YKYONYBAUNKHLG-UHFFFAOYSA-N,propyl ethanoate,C5H10O2,10.1021/acs.jced.9b00152,2019,"Boiling temperature at pressure P, K",Liquid,"[""Liquid"",""Gas""]",Ebulliometric method (Recirculating still),341.96,"{""nPropDigits"":5,""nPropNumber"":1,""CombinedUncertainty"":{""nCombUncertAssessNum"":1,""nCombExpandUncertValue"":0.6},""nPropValue"":341.96}",variable,"{""nVarDigits"":4,""nVarNumber"":1,""nVarValue"":33.06}",341.96,True,,33060.0,True,False,False
10.1021/acs.jced.9b00152#d3#p1#r8,10.1021/acs.jced.9b00152#d3#p1,10.1021/acs.jced.9b00152.json,3,1,8,"InChI=1S/C5H10O2/c1-3-4-7-5(2)6/h3-4H2,1-2H3",YKYONYBAUNKHLG-UHFFFAOYSA-N,propyl ethanoate,C5H10O2,10.1021/acs.jced.9b00152,2019,"Boiling temperature at pressure P, K",Liquid,"[""Liquid"",""Gas""]",Ebulliometric method (Recirculating still),345.55,"{""CombinedUncertainty"":{""nCombExpandUncertValue"":0.64,""nCombUncertAssessNum"":1},""nPropValue"":345.55,""nPropNumber"":1,""nPropDigits"":5}",variable,"{""nVarDigits"":4,""nVarNumber"":1,""nVarValue"":37.76}",345.55,True,,37760.0,True,False,False
10.1021/acs.jced.9b00152#d3#p1#r9,10.1021/acs.jced.9b00152#d3#p1,10.1021/acs.jced.9b00152.json,3,1,9,"InChI=1S/C5H10O2/c1-3-4-7-5(2)6/h3-4H2,1-2H3",YKYONYBAUNKHLG-UHFFFAOYSA-N,propyl ethanoate,C5H10O2,10.1021/acs.jced.9b00152,2019,"Boiling temperature at pressure P, K",Liquid,"[""Liquid"",""Gas""]",Ebulliometric method (Recirculating still),347.21,"{""nPropValue"":347.21,""CombinedUncertainty"":{""nCombExpandUncertValue"":0.62,""nCombUncertAssessNum"":1},""nPropNumber"":1,""nPropDigits"":5}",variable,"{""nVarNumber"":1,""nVarDigits"":4,""nVarValue"":40.07}",347.21,True,,40070.0,True,False,False
10.1021/acs.jced.9b00152#d3#p1#r10,10.1021/acs.jced.9b00152#d3#p1,10.1021/acs.jced.9b00152.json,3,1,10,"InChI=1S/C5H10O2/c1-3-4-7-5(2)6/h3-4H2,1-2H3",YKYONYBAUNKHLG-UHFFFAOYSA-N,propyl ethanoate,C5H10O2,10.1021/acs.jced.9b00152,2019,"Boiling temperature at pressure P, K",Liquid,"[""Liquid"",""Gas""]",Ebulliometric method (Recirculating still),350.05,"{""CombinedUncertainty"":{""nCombExpandUncertValue"":0.64,""nCombUncertAssessNum"":1},""nPropValue"":350.05,""nPropDigits"":5,""nPropNumber"":1}",variable,"{""nVarValue"":44.38,""nVarNumber"":1,""nVarDigits"":4}",350.05,True,,44380.0,True,False,False
10.1021/acs.jced.9b00152#d3#p1#r11,10.1021/acs.jced.9b00152#d3#p1,10.1021/acs.jced.9b00152.json,3,1,11,"InChI=1S/C5H10O2/c1-3-4-7-5(2)6/h3-4H2,1-2H3",YKYONYBAUNKHLG-UHFFFAOYSA-N,propyl ethanoate,C5H10O2,10.1021/acs.jced.9b00152,2019,"Boiling temperature at pressure P, K",Liquid,"[""Liquid"",""Gas""]",Ebulliometric method (Recirculating still),352.73,"{""nPropNumber"":1,""nPropDigits"":5,""nPropValue"":352.73,""CombinedUncertainty"":{""nCombExpandUncertValue"":0.62,""nCombUncertAssessNum"":1}}",variable,"{""nVarValue"":48.69,""nVarNumber"":1,""nVarDigits"":4}",352.73,True,,48690.0,True,False,False
10.1021/acs.jced.9b00152#d3#p1#r12,10.1021/acs.jced.9b00152#d3#p1,10.1021/acs.jced.9b00152.json,3,1,12,"InChI=1S/C5H10O2/c1-3-4-7-5(2)6/h3-4H2,1-2H3",YKYONYBAUNKHLG-UHFFFAOYSA-N,propyl ethanoate,C5H10O2,10.1021/acs.jced.9b00152,2019,"Boiling temperature at pressure P, K",Liquid,"[""Liquid"",""Gas""]",Ebulliometric method (Recirculating still),355.66,"{""nPropDigits"":5,""nPropNumber"":1,""CombinedUncertainty"":{""nCombUncertAssessNum"":1,""nCombExpandUncertValue"":0.63},""nPropValue"":355.66}",variable,"{""nVarDigits"":4,""nVarNumber"":1,""nVarValue"":54.33}",355.66,True,,54330.0,True,False,False
10.1021/acs.jced.9b00152#d3#p1#r13,10.1021/acs.jced.9b00152#d3#p1,10.1021/acs.jced.9b00152.json,3,1,13,"InChI=1S/C5H10O2/c1-3-4-7-5(2)6/h3-4H2,1-2H3",YKYONYBAUNKHLG-UHFFFAOYSA-N,propyl ethanoate,C5H10O2,10.1021/acs.jced.9b00152,2019,"Boiling temperature at pressure P, K",Liquid,"[""Liquid"",""Gas""]",Ebulliometric method (Recirculating still),358.6,"{""CombinedUncertainty"":{""nCombUncertAssessNum"":1,""nCombExpandUncertValue"":0.65},""nPropValue"":358.6,""nPropDigits"":5,""nPropNumber"":1}",variable,"{""nVarNumber"":1,""nVarDigits"":4,""nVarValue"":60.03}",358.6,True,,60030.0,True,False,False
10.1021/acs.jced.9b00152#d3#p1#r14,10.1021/acs.jced.9b00152#d3#p1,10.1021/acs.jced.9b00152.json,3,1,14,"InChI=1S/C5H10O2/c1-3-4-7-5(2)6/h3-4H2,1-2H3",YKYONYBAUNKHLG-UHFFFAOYSA-N,propyl ethanoate,C5H10O2,10.1021/acs.jced.9b00152,2019,"Boiling temperature at pressure P, K",Liquid,"[""Liquid"",""Gas""]",Ebulliometric method (Recirculating still),361.8,"{""nPropDigits"":5,""nPropNumber"":1,""nPropValue"":361.8,""CombinedUncertainty"":{""nCombExpandUncertValue"":0.66,""nCombUncertAssessNum"":1}}",variable,"{""nVarNumber"":1,""nVarDigits"":4,""nVarValue"":66.87}",361.8,True,,66870.0,True,False,False
10.1021/acs.jced.9b00152#d3#p1#r15,10.1021/acs.jced.9b00152#d3#p1,10.1021/acs.jced.9b00152.json,3,1,15,"InChI=1S/C5H10O2/c1-3-4-7-5(2)6/h3-4H2,1-2H3",YKYONYBAUNKHLG-UHFFFAOYSA-N,propyl ethanoate,C5H10O2,10.1021/acs.jced.9b00152,2019,"Boiling temperature at pressure P, K",Liquid,"[""Liquid"",""Gas""]",Ebulliometric method (Recirculating still),364.8,"{""nPropValue"":364.8,""CombinedUncertainty"":{""nCombUncertAssessNum"":1,""nCombExpandUncertValue"":0.67},""nPropDigits"":5,""nPropNumber"":1}",variable,"{""nVarValue"":73.94,""nVarDigits"":4,""nVarNumber"":1}",364.8,True,,73940.0,True,False,False
10.1021/acs.jced.9b00152#d3#p1#r16,10.1021/acs.jced.9b00152#d3#p1,10.1021/acs.jced.9b00152.json,3,1,16,"InChI=1S/C5H10O2/c1-3-4-7-5(2)6/h3-4H2,1-2H3",YKYONYBAUNKHLG-UHFFFAOYSA-N,propyl ethanoate,C5H10O2,10.1021/acs.jced.9b00152,2019,"Boiling temperature at pressure P, K",Liquid,"[""Liquid"",""Gas""]",Ebulliometric method (Recirculating still),367.13,"{""nPropValue"":367.13,""CombinedUncertainty"":{""nCombUncertAssessNum"":1,""nCombExpandUncertValue"":0.67},""nPropNumber"":1,""nPropDigits"":5}",variable,"{""nVarDigits"":4,""nVarNumber"":1,""nVarValue"":79.95}",367.13,True,,79950.0,True,False,False
10.1021/acs.jced.9b00152#d3#p1#r17,10.1021/acs.jced.9b00152#d3#p1,10.1021/acs.jced.9b00152.json,3,1,17,"InChI=1S/C5H10O2/c1-3-4-7-5(2)6/h3-4H2,1-2H3",YKYONYBAUNKHLG-UHFFFAOYSA-N,propyl ethanoate,C5H10O2,10.1021/acs.jced.9b00152,2019,"Boiling temperature at pressure P, K",Liquid,"[""Liquid"",""Gas""]",Ebulliometric method (Recirculating still),369.07,"{""nPropNumber"":1,""nPropDigits"":5,""nPropValue"":369.07,""CombinedUncertainty"":{""nCombExpandUncertValue"":0.69,""nCombUncertAssessNum"":1}}",variable,"{""nVarValue"":85.25,""nVarDigits"":4,""nVarNumber"":1}",369.07,True,,85250.0,True,False,False
10.1021/acs.jced.9b00152#d3#p1#r18,10.1021/acs.jced.9b00152#d3#p1,10.1021/acs.jced.9b00152.json,3,1,18,"InChI=1S/C5H10O2/c1-3-4-7-5(2)6/h3-4H2,1-2H3",YKYONYBAUNKHLG-UHFFFAOYSA-N,propyl ethanoate,C5H10O2,10.1021/acs.jced.9b00152,2019,"Boiling temperature at pressure P, K",Liquid,"[""Liquid"",""Gas""]",Ebulliometric method (Recirculating still),371.41,"{""nPropValue"":371.41,""CombinedUncertainty"":{""nCombExpandUncertValue"":0.7,""nCombUncertAssessNum"":1},""nPropDigits"":5,""nPropNumber"":1}",variable,"{""nVarNumber"":1,""nVarDigits"":4,""nVarValue"":91.51}",371.41,True,,91510.0,True,False,False
10.1021/acs.jced.9b00152#d3#p1#r19,10.1021/acs.jced.9b00152#d3#p1,10.1021/acs.jced.9b00152.json,3,1,19,"InChI=1S/C5H10O2/c1-3-4-7-5(2)6/h3-4H2,1-2H3",YKYONYBAUNKHLG-UHFFFAOYSA-N,propyl ethanoate,C5H10O2,10.1021/acs.jced.9b00152,2019,"Boiling temperature at pressure P, K",Liquid,"[""Liquid"",""Gas""]",Ebulliometric method (Recirculating still),374.66,"{""nPropDigits"":5,""nPropNumber"":1,""CombinedUncertainty"":{""nCombUncertAssessNum"":1,""nCombExpandUncertValue"":0.73},""nPropValue"":374.66}",variable,"{""nVarValue"":101.26,""nVarNumber"":1,""nVarDigits"":5}",374.66,True,,101260.0,True,False,False
10.1021/acs.jced.9b00209#d3#p1#r1,10.1021/acs.jced.9b00209#d3#p1,10.1021/acs.jced.9b00209.json,3,1,1,"InChI=1S/C8H16O3/c1-6(2)4-5-11-8(10)7(3)9/h6-7,9H,4-5H2,1-3H3",CRORGGSWAKIXSA-UHFFFAOYSA-N,isopentyl 2-hydroxypropanoate,C8H16O3,10.1021/acs.jced.9b00209,2019,"Boiling temperature at pressure P, K",Liquid,"[""Liquid"",""Gas""]",Ebulliometric method (Recirculating still),374.59,"{""nPropValue"":374.59,""CombinedUncertainty"":{""nCombUncertAssessNum"":1,""nCombExpandUncertValue"":1.55},""nPropNumber"":1,""nPropDigits"":5}",variable,"{""nVarNumber"":1,""nVarDigits"":2,""nVarValue"":4.5}",374.59,True,,4500.0,True,True,False
10.1021/acs.jced.9b00209#d3#p1#r2,10.1021/acs.jced.9b00209#d3#p1,10.1021/acs.jced.9b00209.json,3,1,2,"InChI=1S/C8H16O3/c1-6(2)4-5-11-8(10)7(3)9/h6-7,9H,4-5H2,1-3H3",CRORGGSWAKIXSA-UHFFFAOYSA-N,isopentyl 2-hydroxypropanoate,C8H16O3,10.1021/acs.jced.9b00209,2019,"Boiling temperature at pressure P, K",Liquid,"[""Liquid"",""Gas""]",Ebulliometric method (Recirculating still),391.79,"{""nPropNumber"":1,""nPropDigits"":5,""nPropValue"":391.79,""CombinedUncertainty"":{""nCombUncertAssessNum"":1,""nCombExpandUncertValue"":1.35}}",variable,"{""nVarValue"":8.6,""nVarDigits"":2,""nVarNumber"":1}",391.79,True,,8600.0,True,True,False
10.1021/acs.jced.9b00209#d3#p1#r3,10.1021/acs.jced.9b00209#d3#p1,10.1021/acs.jced.9b00209.json,3,1,3,"InChI=1S/C8H16O3/c1-6(2)4-5-11-8(10)7(3)9/h6-7,9H,4-5H2,1-3H3",CRORGGSWAKIXSA-UHFFFAOYSA-N,isopentyl 2-hydroxypropanoate,C8H16O3,10.1021/acs.jced.9b00209,2019,"Boiling temperature at pressure P, K",Liquid,"[""Liquid"",""Gas""]",Ebulliometric method (Recirculating still),404.56,"{""nPropDigits"":5,""nPropNumber"":1,""nPropValue"":404.56,""CombinedUncertainty"":{""nCombExpandUncertValue"":1.16,""nCombUncertAssessNum"":1}}",variable,"{""nVarValue"":13.8,""nVarDigits"":3,""nVarNumber"":1}",404.56,True,,13800.0,True,True,False
10.1021/acs.jced.9b00209#d3#p1#r4,10.1021/acs.jced.9b00209#d3#p1,10.1021/acs.jced.9b00209.json,3,1,4,"InChI=1S/C8H16O3/c1-6(2)4-5-11-8(10)7(3)9/h6-7,9H,4-5H2,1-3H3",CRORGGSWAKIXSA-UHFFFAOYSA-N,isopentyl 2-hydroxypropanoate,C8H16O3,10.1021/acs.jced.9b00209,2019,"Boiling temperature at pressure P, K",Liquid,"[""Liquid"",""Gas""]",Ebulliometric method (Recirculating still),412.4,"{""CombinedUncertainty"":{""nCombUncertAssessNum"":1,""nCombExpandUncertValue"":1.11},""nPropValue"":412.4,""nPropDigits"":5,""nPropNumber"":1}",variable,"{""nVarDigits"":3,""nVarNumber"":1,""nVarValue"":18.4}",412.4,True,,18400.0,True,True,False
10.1021/acs.jced.9b00209#d3#p1#r5,10.1021/acs.jced.9b00209#d3#p1,10.1021/acs.jced.9b00209.json,3,1,5,"InChI=1S/C8H16O3/c1-6(2)4-5-11-8(10)7(3)9/h6-7,9H,4-5H2,1-3H3",CRORGGSWAKIXSA-UHFFFAOYSA-N,isopentyl 2-hydroxypropanoate,C8H16O3,10.1021/acs.jced.9b00209,2019,"Boiling temperature at pressure P, K",Liquid,"[""Liquid"",""Gas""]",Ebulliometric method (Recirculating still),419.76,"{""CombinedUncertainty"":{""nCombExpandUncertValue"":1.08,""nCombUncertAssessNum"":1},""nPropValue"":419.76,""nPropNumber"":1,""nPropDigits"":5}",variable,"{""nVarDigits"":3,""nVarNumber"":1,""nVarValue"":22.8}",419.76,True,,22800.0,True,False,False
10.1021/acs.jced.9b00209#d3#p1#r6,10.1021/acs.jced.9b00209#d3#p1,10.1021/acs.jced.9b00209.json,3,1,6,"InChI=1S/C8H16O3/c1-6(2)4-5-11-8(10)7(3)9/h6-7,9H,4-5H2,1-3H3",CRORGGSWAKIXSA-UHFFFAOYSA-N,isopentyl 2-hydroxypropanoate,C8H16O3,10.1021/acs.jced.9b00209,2019,"Boiling temperature at pressure P, K",Liquid,"[""Liquid"",""Gas""]",Ebulliometric method (Recirculating still),426.15,"{""nPropNumber"":1,""nPropDigits"":5,""nPropValue"":426.15,""CombinedUncertainty"":{""nCombUncertAssessNum"":1,""nCombExpandUncertValue"":1.05}}",variable,"{""nVarDigits"":3,""nVarNumber"":1,""nVarValue"":27.9}",426.15,True,,27900.0,True,False,False
10.1021/acs.jced.9b00209#d3#p1#r7,10.1021/acs.jced.9b00209#d3#p1,10.1021/acs.jced.9b00209.json,3,1,7,"InChI=1S/C8H16O3/c1-6(2)4-5-11-8(10)7(3)9/h6-7,9H,4-5H2,1-3H3",CRORGGSWAKIXSA-UHFFFAOYSA-N,isopentyl 2-hydroxypropanoate,C8H16O3,10.1021/acs.jced.9b00209,2019,"Boiling temperature at pressure P, K",Liquid,"[""Liquid"",""Gas""]",Ebulliometric method (Recirculating still),431.55,"{""nPropValue"":431.55,""CombinedUncertainty"":{""nCombExpandUncertValue"":1.04,""nCombUncertAssessNum"":1},""nPropDigits"":5,""nPropNumber"":1}",variable,"{""nVarValue"":33.2,""nVarNumber"":1,""nVarDigits"":3}",431.55,True,,33200.0,True,False,False
10.1021/acs.jced.9b00209#d3#p1#r8,10.1021/acs.jced.9b00209#d3#p1,10.1021/acs.jced.9b00209.json,3,1,8,"InChI=1S/C8H16O3/c1-6(2)4-5-11-8(10)7(3)9/h6-7,9H,4-5H2,1-3H3",CRORGGSWAKIXSA-UHFFFAOYSA-N,isopentyl 2-hydroxypropanoate,C8H16O3,10.1021/acs.jced.9b00209,2019,"Boiling temperature at pressure P, K",Liquid,"[""Liquid"",""Gas""]",Ebulliometric method (Recirculating still),436.95,"{""nPropValue"":436.95,""CombinedUncertainty"":{""nCombUncertAssessNum"":1,""nCombExpandUncertValue"":1.04},""nPropNumber"":1,""nPropDigits"":5}",variable,"{""nVarValue"":38.6,""nVarDigits"":3,""nVarNumber"":1}",436.95,True,,38600.0,True,False,False
10.1021/acs.jced.9b00209#d3#p1#r9,10.1021/acs.jced.9b00209#d3#p1,10.1021/acs.jced.9b00209.json,3,1,9,"InChI=1S/C8H16O3/c1-6(2)4-5-11-8(10)7(3)9/h6-7,9H,4-5H2,1-3H3",CRORGGSWAKIXSA-UHFFFAOYSA-N,isopentyl 2-hydroxypropanoate,C8H16O3,10.1021/acs.jced.9b00209,2019,"Boiling temperature at pressure P, K",Liquid,"[""Liquid"",""Gas""]",Ebulliometric method (Recirculating still),441.38,"{""nPropDigits"":5,""nPropNumber"":1,""CombinedUncertainty"":{""nCombUncertAssessNum"":1,""nCombExpandUncertValue"":1.03},""nPropValue"":441.38}",variable,"{""nVarDigits"":3,""nVarNumber"":1,""nVarValue"":42.9}",441.38,True,,42900.0,True,False,False
10.1021/acs.jced.9b00209#d3#p1#r10,10.1021/acs.jced.9b00209#d3#p1,10.1021/acs.jced.9b00209.json,3,1,10,"InChI=1S/C8H16O3/c1-6(2)4-5-11-8(10)7(3)9/h6-7,9H,4-5H2,1-3H3",CRORGGSWAKIXSA-UHFFFAOYSA-N,isopentyl 2-hydroxypropanoate,C8H16O3,10.1021/acs.jced.9b00209,2019,"Boiling temperature at pressure P, K",Liquid,"[""Liquid"",""Gas""]",Ebulliometric method (Recirculating still),444.81,"{""nPropDigits"":5,""nPropNumber"":1,""nPropValue"":444.81,""CombinedUncertainty"":{""nCombUncertAssessNum"":1,""nCombExpandUncertValue"":1.02}}",variable,"{""nVarNumber"":1,""nVarDigits"":3,""nVarValue"":48.2}",444.81,True,,48200.0,True,False,False
10.1021/acs.jced.9b00209#d3#p1#r11,10.1021/acs.jced.9b00209#d3#p1,10.1021/acs.jced.9b00209.json,3,1,11,"InChI=1S/C8H16O3/c1-6(2)4-5-11-8(10)7(3)9/h6-7,9H,4-5H2,1-3H3",CRORGGSWAKIXSA-UHFFFAOYSA-N,isopentyl 2-hydroxypropanoate,C8H16O3,10.1021/acs.jced.9b00209,2019,"Boiling temperature at pressure P, K",Liquid,"[""Liquid"",""Gas""]",Ebulliometric method (Recirculating still),447.75,"{""CombinedUncertainty"":{""nCombUncertAssessNum"":1,""nCombExpandUncertValue"":1.02},""nPropValue"":447.75,""nPropNumber"":1,""nPropDigits"":5}",variable,"{""nVarValue"":52.3,""nVarNumber"":1,""nVarDigits"":3}",447.75,True,,52300.0,True,False,False
10.1021/acs.jced.9b00209#d3#p1#r12,10.1021/acs.jced.9b00209#d3#p1,10.1021/acs.jced.9b00209.json,3,1,12,"InChI=1S/C8H16O3/c1-6(2)4-5-11-8(10)7(3)9/h6-7,9H,4-5H2,1-3H3",CRORGGSWAKIXSA-UHFFFAOYSA-N,isopentyl 2-hydroxypropanoate,C8H16O3,10.1021/acs.jced.9b00209,2019,"Boiling temperature at pressure P, K",Liquid,"[""Liquid"",""Gas""]",Ebulliometric method (Recirculating still),451.2,"{""nPropNumber"":1,""nPropDigits"":5,""CombinedUncertainty"":{""nCombExpandUncertValue"":1.02,""nCombUncertAssessNum"":1},""nPropValue"":451.2}",variable,"{""nVarValue"":57.6,""nVarDigits"":3,""nVarNumber"":1}",451.2,True,,57600.0,True,False,False
10.1021/acs.jced.9b00209#d3#p1#r13,10.1021/acs.jced.9b00209#d3#p1,10.1021/acs.jced.9b00209.json,3,1,13,"InChI=1S/C8H16O3/c1-6(2)4-5-11-8(10)7(3)9/h6-7,9H,4-5H2,1-3H3",CRORGGSWAKIXSA-UHFFFAOYSA-N,isopentyl 2-hydroxypropanoate,C8H16O3,10.1021/acs.jced.9b00209,2019,"Boiling temperature at pressure P, K",Liquid,"[""Liquid"",""Gas""]",Ebulliometric method (Recirculating still),455.15,"{""nPropNumber"":1,""nPropDigits"":5,""nPropValue"":455.15,""CombinedUncertainty"":{""nCombExpandUncertValue"":1.02,""nCombUncertAssessNum"":1}}",variable,"{""nVarValue"":62.3,""nVarNumber"":1,""nVarDigits"":3}",455.15,True,,62300.0,True,False,False
10.1021/acs.jced.9b00209#d3#p1#r14,10.1021/acs.jced.9b00209#d3#p1,10.1021/acs.jced.9b00209.json,3,1,14,"InChI=1S/C8H16O3/c1-6(2)4-5-11-8(10)7(3)9/h6-7,9H,4-5H2,1-3H3",CRORGGSWAKIXSA-UHFFFAOYSA-N,isopentyl 2-hydroxypropanoate,C8H16O3,10.1021/acs.jced.9b00209,2019,"Boiling temperature at pressure P, K",Liquid,"[""Liquid"",""Gas""]",Ebulliometric method (Recirculating still),459.15,"{""CombinedUncertainty"":{""nCombExpandUncertValue"":1.01,""nCombUncertAssessNum"":1},""nPropValue"":459.15,""nPropDigits"":5,""nPropNumber"":1}",variable,"{""nVarValue"":69.2,""nVarNumber"":1,""nVarDigits"":3}",459.15,True,,69200.0,True,False,False
10.1021/acs.jced.9b00209#d3#p1#r15,10.1021/acs.jced.9b00209#d3#p1,10.1021/acs.jced.9b00209.json,3,1,15,"InChI=1S/C8H16O3/c1-6(2)4-5-11-8(10)7(3)9/h6-7,9H,4-5H2,1-3H3",CRORGGSWAKIXSA-UHFFFAOYSA-N,isopentyl 2-hydroxypropanoate,C8H16O3,10.1021/acs.jced.9b00209,2019,"Boiling temperature at pressure P, K",Liquid,"[""Liquid"",""Gas""]",Ebulliometric method (Recirculating still),461.47,"{""nPropNumber"":1,""nPropDigits"":5,""nPropValue"":461.47,""CombinedUncertainty"":{""nCombUncertAssessNum"":1,""nCombExpandUncertValue"":1.01}}",variable,"{""nVarValue"":72.7,""nVarDigits"":3,""nVarNumber"":1}",461.47,True,,72700.0,True,False,False
10.1021/acs.jced.9b00209#d3#p1#r16,10.1021/acs.jced.9b00209#d3#p1,10.1021/acs.jced.9b00209.json,3,1,16,"InChI=1S/C8H16O3/c1-6(2)4-5-11-8(10)7(3)9/h6-7,9H,4-5H2,1-3H3",CRORGGSWAKIXSA-UHFFFAOYSA-N,isopentyl 2-hydroxypropanoate,C8H16O3,10.1021/acs.jced.9b00209,2019,"Boiling temperature at pressure P, K",Liquid,"[""Liquid"",""Gas""]",Ebulliometric method (Recirculating still),463.8,"{""nPropNumber"":1,""nPropDigits"":5,""CombinedUncertainty"":{""nCombUncertAssessNum"":1,""nCombExpandUncertValue"":1.01},""nPropValue"":463.8}",variable,"{""nVarValue"":77,""nVarNumber"":1,""nVarDigits"":3}",463.8,True,,77000,True,False,False
10.1021/acs.jced.9b00209#d3#p1#r17,10.1021/acs.jced.9b00209#d3#p1,10.1021/acs.jced.9b00209.json,3,1,17,"InChI=1S/C8H16O3/c1-6(2)4-5-11-8(10)7(3)9/h6-7,9H,4-5H2,1-3H3",CRORGGSWAKIXSA-UHFFFAOYSA-N,isopentyl 2-hydroxypropanoate,C8H16O3,10.1021/acs.jced.9b00209,2019,"Boiling temperature at pressure P, K",Liquid,"[""Liquid"",""Gas""]",Ebulliometric method (Recirculating still),466.13,"{""nPropNumber"":1,""nPropDigits"":5,""CombinedUncertainty"":{""nCombExpandUncertValue"":1.01,""nCombUncertAssessNum"":1},""nPropValue"":466.13}",variable,"{""nVarValue"":82,""nVarDigits"":3,""nVarNumber"":1}",466.13,True,,82000,True,False,False
10.1021/acs.jced.9b00209#d3#p1#r18,10.1021/acs.jced.9b00209#d3#p1,10.1021/acs.jced.9b00209.json,3,1,18,"InChI=1S/C8H16O3/c1-6(2)4-5-11-8(10)7(3)9/h6-7,9H,4-5H2,1-3H3",CRORGGSWAKIXSA-UHFFFAOYSA-N,isopentyl 2-hydroxypropanoate,C8H16O3,10.1021/acs.jced.9b00209,2019,"Boiling temperature at pressure P, K",Liquid,"[""Liquid"",""Gas""]",Ebulliometric method (Recirculating still),468.46,"{""CombinedUncertainty"":{""nCombUncertAssessNum"":1,""nCombExpandUncertValue"":1.01},""nPropValue"":468.46,""nPropDigits"":5,""nPropNumber"":1}",variable,"{""nVarValue"":87.2,""nVarDigits"":3,""nVarNumber"":1}",468.46,True,,87200.0,True,False,False
10.1021/acs.jced.9b00209#d3#p1#r19,10.1021/acs.jced.9b00209#d3#p1,10.1021/acs.jced.9b00209.json,3,1,19,"InChI=1S/C8H16O3/c1-6(2)4-5-11-8(10)7(3)9/h6-7,9H,4-5H2,1-3H3",CRORGGSWAKIXSA-UHFFFAOYSA-N,isopentyl 2-hydroxypropanoate,C8H16O3,10.1021/acs.jced.9b00209,2019,"Boiling temperature at pressure P, K",Liquid,"[""Liquid"",""Gas""]",Ebulliometric method (Recirculating still),470.79,"{""nPropNumber"":1,""nPropDigits"":5,""CombinedUncertainty"":{""nCombUncertAssessNum"":1,""nCombExpandUncertValue"":1.01},""nPropValue"":470.79}",variable,"{""nVarDigits"":3,""nVarNumber"":1,""nVarValue"":91.4}",470.79,True,,91400.0,True,False,False
10.1021/acs.jced.9b00209#d3#p1#r20,10.1021/acs.jced.9b00209#d3#p1,10.1021/acs.jced.9b00209.json,3,1,20,"InChI=1S/C8H16O3/c1-6(2)4-5-11-8(10)7(3)9/h6-7,9H,4-5H2,1-3H3",CRORGGSWAKIXSA-UHFFFAOYSA-N,isopentyl 2-hydroxypropanoate,C8H16O3,10.1021/acs.jced.9b00209,2019,"Boiling temperature at pressure P, K",Liquid,"[""Liquid"",""Gas""]",Ebulliometric method (Recirculating still),472.35,"{""nPropDigits"":5,""nPropNumber"":1,""nPropValue"":472.35,""CombinedUncertainty"":{""nCombExpandUncertValue"":1.01,""nCombUncertAssessNum"":1}}",variable,"{""nVarValue"":95.7,""nVarDigits"":3,""nVarNumber"":1}",472.35,True,,95700.0,True,False,False
10.1021/acs.jced.9b00209#d3#p1#r21,10.1021/acs.jced.9b00209#d3#p1,10.1021/acs.jced.9b00209.json,3,1,21,"InChI=1S/C8H16O3/c1-6(2)4-5-11-8(10)7(3)9/h6-7,9H,4-5H2,1-3H3",CRORGGSWAKIXSA-UHFFFAOYSA-N,isopentyl 2-hydroxypropanoate,C8H16O3,10.1021/acs.jced.9b00209,2019,"Boiling temperature at pressure P, K",Liquid,"[""Liquid"",""Gas""]",Ebulliometric method (Recirculating still),474.15,"{""nPropValue"":474.15,""CombinedUncertainty"":{""nCombUncertAssessNum"":1,""nCombExpandUncertValue"":1.01},""nPropNumber"":1,""nPropDigits"":5}",variable,"{""nVarValue"":100.7,""nVarDigits"":4,""nVarNumber"":1}",474.15,True,,100700.0,True,False,False
10.1021/acs.jced.9b00209#d3#p1#r22,10.1021/acs.jced.9b00209#d3#p1,10.1021/acs.jced.9b00209.json,3,1,22,"InChI=1S/C8H16O3/c1-6(2)4-5-11-8(10)7(3)9/h6-7,9H,4-5H2,1-3H3",CRORGGSWAKIXSA-UHFFFAOYSA-N,isopentyl 2-hydroxypropanoate,C8H16O3,10.1021/acs.jced.9b00209,2019,"Boiling temperature at pressure P, K",Liquid,"[""Liquid"",""Gas""]",Ebulliometric method (Recirculating still),478.56,"{""CombinedUncertainty"":{""nCombUncertAssessNum"":1,""nCombExpandUncertValue"":1.01},""nPropValue"":478.56,""nPropDigits"":5,""nPropNumber"":1}",variable,"{""nVarValue"":110.3,""nVarDigits"":4,""nVarNumber"":1}",478.56,True,,110300.0,True,False,False
10.1021/acs.jced.9b00484#d1#p1#r1,10.1021/acs.jced.9b00484#d1#p1,10.1021/acs.jced.9b00484.json,1,1,1,InChI=1S/C2H4Cl2/c3-1-2-4/h1-2H2,WSLDOOZREJYCGB-UHFFFAOYSA-N,"1,2-dichloroethane",C2H4Cl2,10.1021/acs.jced.9b00484,2019,"Boiling temperature at pressure P, K",Liquid,"[""Liquid"",""Gas""]",Ebulliometric method (Recirculating still),357.25,"{""CombinedUncertainty"":{""nCombExpandUncertValue"":0.27,""nCombUncertAssessNum"":1},""nPropValue"":357.25,""nPropDigits"":5,""nPropNumber"":1}",variable,"{""nVarValue"":101.35,""nVarDigits"":5,""nVarNumber"":1}",357.25,True,,101350.0,True,False,False
10.1021/acs.jced.9b00484#d1#p1#r2,10.1021/acs.jced.9b00484#d1#p1,10.1021/acs.jced.9b00484.json,1,1,2,InChI=1S/C2H4Cl2/c3-1-2-4/h1-2H2,WSLDOOZREJYCGB-UHFFFAOYSA-N,"1,2-dichloroethane",C2H4Cl2,10.1021/acs.jced.9b00484,2019,"Boiling temperature at pressure P, K",Liquid,"[""Liquid"",""Gas""]",Ebulliometric method (Recirculating still),352.05,"{""nPropValue"":352.05,""CombinedUncertainty"":{""nCombExpandUncertValue"":0.27,""nCombUncertAssessNum"":1},""nPropNumber"":1,""nPropDigits"":5}",variable,"{""nVarNumber"":1,""nVarDigits"":4,""nVarValue"":86.69}",352.05,True,,86690.0,True,False,False
10.1021/acs.jced.9b00484#d1#p1#r3,10.1021/acs.jced.9b00484#d1#p1,10.1021/acs.jced.9b00484.json,1,1,3,InChI=1S/C2H4Cl2/c3-1-2-4/h1-2H2,WSLDOOZREJYCGB-UHFFFAOYSA-N,"1,2-dichloroethane",C2H4Cl2,10.1021/acs.jced.9b00484,2019,"Boiling temperature at pressure P, K",Liquid,"[""Liquid"",""Gas""]",Ebulliometric method (Recirculating still),349.45,"{""nPropValue"":349.45,""CombinedUncertainty"":{""nCombUncertAssessNum"":1,""nCombExpandUncertValue"":0.29},""nPropDigits"":5,""nPropNumber"":1}",variable,"{""nVarValue"":80.02,""nVarNumber"":1,""nVarDigits"":4}",349.45,True,,80020.0,True,False,False
10.1021/acs.jced.9b00484#d1#p1#r4,10.1021/acs.jced.9b00484#d1#p1,10.1021/acs.jced.9b00484.json,1,1,4,InChI=1S/C2H4Cl2/c3-1-2-4/h1-2H2,WSLDOOZREJYCGB-UHFFFAOYSA-N,"1,2-dichloroethane",C2H4Cl2,10.1021/acs.jced.9b00484,2019,"Boiling temperature at pressure P, K",Liquid,"[""Liquid"",""Gas""]",Ebulliometric method (Recirculating still),346.55,"{""nPropValue"":346.55,""CombinedUncertainty"":{""nCombUncertAssessNum"":1,""nCombExpandUncertValue"":0.29},""nPropNumber"":1,""nPropDigits"":5}",variable,"{""nVarDigits"":4,""nVarNumber"":1,""nVarValue"":73.35}",346.55,True,,73350.0,True,False,False
10.1021/acs.jced.9b00484#d1#p1#r5,10.1021/acs.jced.9b00484#d1#p1,10.1021/acs.jced.9b00484.json,1,1,5,InChI=1S/C2H4Cl2/c3-1-2-4/h1-2H2,WSLDOOZREJYCGB-UHFFFAOYSA-N,"1,2-dichloroethane",C2H4Cl2,10.1021/acs.jced.9b00484,2019,"Boiling temperature at pressure P, K",Liquid,"[""Liquid"",""Gas""]",Ebulliometric method (Recirculating still),343.85,"{""nPropNumber"":1,""nPropDigits"":5,""CombinedUncertainty"":{""nCombUncertAssessNum"":1,""nCombExpandUncertValue"":0.31},""nPropValue"":343.85}",variable,"{""nVarValue"":66.68,""nVarDigits"":4,""nVarNumber"":1}",343.85,True,,66680.0,True,False,False
10.1021/acs.jced.9b00484#d1#p1#r6,10.1021/acs.jced.9b00484#d1#p1,10.1021/acs.jced.9b00484.json,1,1,6,InChI=1S/C2H4Cl2/c3-1-2-4/h1-2H2,WSLDOOZREJYCGB-UHFFFAOYSA-N,"1,2-dichloroethane",C2H4Cl2,10.1021/acs.jced.9b00484,2019,"Boiling temperature at pressure P, K",Liquid,"[""Liquid"",""Gas""]",Ebulliometric method (Recirculating still),340.45,"{""nPropValue"":340.45,""CombinedUncertainty"":{""nCombUncertAssessNum"":1,""nCombExpandUncertValue"":0.33},""nPropNumber"":1,""nPropDigits"":5}",variable,"{""nVarValue"":60.01,""nVarNumber"":1,""nVarDigits"":4}",340.45,True,,60010.0,True,False,False
10.1021/acs.jced.9b00484#d2#p1#r1,10.1021/acs.jced.9b00484#d2#p1,10.1021/acs.jced.9b00484.json,2,1,1,"InChI=1S/C4H10O/c1-2-3-4-5/h5H,2-4H2,1H3",LRHPLDYGYMQRHN-UHFFFAOYSA-N,butan-1-ol,C4H10O,10.1021/acs.jced.9b00484,2019,"Boiling temperature at pressure P, K",Liquid,"[""Liquid"",""Gas""]",Ebulliometric method (Recirculating still),390.65,"{""CombinedUncertainty"":{""nCombUncertAssessNum"":1,""nCombExpandUncertValue"":0.25},""nPropValue"":390.65,""nPropDigits"":5,""nPropNumber"":1}",variable,"{""nVarValue"":101.4,""nVarNumber"":1,""nVarDigits"":5}",390.65,True,,101400.0,True,False,False
10.1021/acs.jced.9b00484#d2#p1#r2,10.1021/acs.jced.9b00484#d2#p1,10.1021/acs.jced.9b00484.json,2,1,2,"InChI=1S/C4H10O/c1-2-3-4-5/h5H,2-4H2,1H3",LRHPLDYGYMQRHN-UHFFFAOYSA-N,butan-1-ol,C4H10O,10.1021/acs.jced.9b00484,2019,"Boiling temperature at pressure P, K",Liquid,"[""Liquid"",""Gas""]",Ebulliometric method (Recirculating still),386.45,"{""nPropNumber"":1,""nPropDigits"":5,""CombinedUncertainty"":{""nCombExpandUncertValue"":0.25,""nCombUncertAssessNum"":1},""nPropValue"":386.45}",variable,"{""nVarNumber"":1,""nVarDigits"":4,""nVarValue"":86.71}",386.45,True,,86710.0,True,False,False
10.1021/acs.jced.9b00484#d2#p1#r3,10.1021/acs.jced.9b00484#d2#p1,10.1021/acs.jced.9b00484.json,2,1,3,"InChI=1S/C4H10O/c1-2-3-4-5/h5H,2-4H2,1H3",LRHPLDYGYMQRHN-UHFFFAOYSA-N,butan-1-ol,C4H10O,10.1021/acs.jced.9b00484,2019,"Boiling temperature at pressure P, K",Liquid,"[""Liquid"",""Gas""]",Ebulliometric method (Recirculating still),384.35,"{""nPropDigits"":5,""nPropNumber"":1,""CombinedUncertainty"":{""nCombUncertAssessNum"":1,""nCombExpandUncertValue"":0.26},""nPropValue"":384.35}",variable,"{""nVarValue"":80.04,""nVarNumber"":1,""nVarDigits"":4}",384.35,True,,80040.0,True,False,False
10.1021/acs.jced.9b00484#d2#p1#r4,10.1021/acs.jced.9b00484#d2#p1,10.1021/acs.jced.9b00484.json,2,1,4,"InChI=1S/C4H10O/c1-2-3-4-5/h5H,2-4H2,1H3",LRHPLDYGYMQRHN-UHFFFAOYSA-N,butan-1-ol,C4H10O,10.1021/acs.jced.9b00484,2019,"Boiling temperature at pressure P, K",Liquid,"[""Liquid"",""Gas""]",Ebulliometric method (Recirculating still),382.05,"{""nPropDigits"":5,""nPropNumber"":1,""CombinedUncertainty"":{""nCombUncertAssessNum"":1,""nCombExpandUncertValue"":0.27},""nPropValue"":382.05}",variable,"{""nVarValue"":73.37,""nVarDigits"":4,""nVarNumber"":1}",382.05,True,,73370.0,True,False,False
10.1021/acs.jced.9b00484#d2#p1#r5,10.1021/acs.jced.9b00484#d2#p1,10.1021/acs.jced.9b00484.json,2,1,5,"InChI=1S/C4H10O/c1-2-3-4-5/h5H,2-4H2,1H3",LRHPLDYGYMQRHN-UHFFFAOYSA-N,butan-1-ol,C4H10O,10.1021/acs.jced.9b00484,2019,"Boiling temperature at pressure P, K",Liquid,"[""Liquid"",""Gas""]",Ebulliometric method (Recirculating still),379.65,"{""nPropValue"":379.65,""CombinedUncertainty"":{""nCombExpandUncertValue"":0.28,""nCombUncertAssessNum"":1},""nPropDigits"":5,""nPropNumber"":1}",variable,"{""nVarValue"":66.66,""nVarNumber"":1,""nVarDigits"":4}",379.65,True,,66660.0,True,False,False
10.1021/acs.jced.9b00484#d2#p1#r6,10.1021/acs.jced.9b00484#d2#p1,10.1021/acs.jced.9b00484.json,2,1,6,"InChI=1S/C4H10O/c1-2-3-4-5/h5H,2-4H2,1H3",LRHPLDYGYMQRHN-UHFFFAOYSA-N,butan-1-ol,C4H10O,10.1021/acs.jced.9b00484,2019,"Boiling temperature at pressure P, K",Liquid,"[""Liquid"",""Gas""]",Ebulliometric method (Recirculating still),376.95,"{""nPropNumber"":1,""nPropDigits"":5,""nPropValue"":376.95,""CombinedUncertainty"":{""nCombExpandUncertValue"":0.29,""nCombUncertAssessNum"":1}}",variable,"{""nVarValue"":59.97,""nVarDigits"":4,""nVarNumber"":1}",376.95,True,,59970.0,True,False,False
10.1021/je010272x#d1#p1#r1,10.1021/je010272x#d1#p1,10.1021/je010272x.json,1,1,1,"InChI=1S/C2H6O/c1-2-3/h3H,2H2,1H3",LFQSCWFLJHTTHZ-UHFFFAOYSA-N,ethanol,C2H6O,10.1021/je010272x,2003,"Boiling temperature at pressure P, K",Liquid,"[""Liquid"",""Gas""]",EBULLIO::dP:.13,325.75,"{""nPropDigits"":6,""nPropNumber"":1,""CombinedUncertainty"":{""nCombUncertAssessNum"":1,""nCombExpandUncertValue"":0.2},""nPropValue"":325.75}",variable,"{""nVarNumber"":1,""nVarDigits"":3,""nVarValue"":33.3}",325.75,True,,33300.0,True,False,False
10.1021/je010272x#d2#p1#r1,10.1021/je010272x#d2#p1,10.1021/je010272x.json,2,1,1,"InChI=1S/C2H6O/c1-2-3/h3H,2H2,1H3",LFQSCWFLJHTTHZ-UHFFFAOYSA-N,ethanol,C2H6O,10.1021/je010272x,2003,"Boiling temperature at pressure P, K",Liquid,"[""Liquid"",""Gas""]",EBULLIO::dP:.13,341.15,"{""nPropNumber"":1,""nPropDigits"":6,""CombinedUncertainty"":{""nCombExpandUncertValue"":0.2,""nCombUncertAssessNum"":1},""nPropValue"":341.15}",variable,"{""nVarDigits"":3,""nVarNumber"":1,""nVarValue"":66.6}",341.15,True,,66600.0,True,False,False
10.1021/je010272x#d3#p1#r1,10.1021/je010272x#d3#p1,10.1021/je010272x.json,3,1,1,"InChI=1S/C2H6O/c1-2-3/h3H,2H2,1H3",LFQSCWFLJHTTHZ-UHFFFAOYSA-N,ethanol,C2H6O,10.1021/je010272x,2003,"Boiling temperature at pressure P, K",Liquid,"[""Liquid"",""Gas""]",EBULLIO::dP:.13,351.45,"{""nPropValue"":351.45,""CombinedUncertainty"":{""nCombExpandUncertValue"":0.2,""nCombUncertAssessNum"":1},""nPropNumber"":1,""nPropDigits"":6}",variable,"{""nVarNumber"":1,""nVarDigits"":4,""nVarValue"":101.3}",351.45,True,,101300.0,True,False,False
10.1021/je020065c#d1#p1#r1,10.1021/je020065c#d1#p1,10.1021/je020065c.json,1,1,1,"InChI=1S/C5H9NO/c1-6-4-2-3-5(6)7/h2-4H2,1H3",SECXISVLQFMRJM-UHFFFAOYSA-N,N-methylpyrrolidone,C5H9NO,10.1021/je020065c,2003,"Boiling temperature at pressure P, K",Liquid,"[""Liquid"",""Gas""]",EBULLIO:dP:0.133,475.45,"{""nPropDigits"":5,""nPropNumber"":1,""CombinedUncertainty"":{""nCombExpandUncertValue"":0.5,""nCombUncertAssessNum"":1},""nPropValue"":475.45}",variable,"{""nVarNumber"":1,""nVarDigits"":4,""nVarValue"":101.3}",475.45,True,,101300.0,True,False,False
10.1021/je020065c#d3#p1#r1,10.1021/je020065c#d3#p1,10.1021/je020065c.json,3,1,1,InChI=1S/C2H4Cl2/c3-1-2-4/h1-2H2,WSLDOOZREJYCGB-UHFFFAOYSA-N,"1,2-dichloroethane",C2H4Cl2,10.1021/je020065c,2003,"Boiling temperature at pressure P, K",Liquid,"[""Liquid"",""Gas""]",EBULLIO:dP:0.133,356.95,"{""nPropDigits"":6,""nPropNumber"":1,""nPropValue"":356.95,""CombinedUncertainty"":{""nCombExpandUncertValue"":0.5,""nCombUncertAssessNum"":1}}",variable,"{""nVarDigits"":4,""nVarNumber"":1,""nVarValue"":101.3}",356.95,True,,101300.0,True,False,False
10.1021/je020065c#d5#p1#r1,10.1021/je020065c#d5#p1,10.1021/je020065c.json,5,1,1,"InChI=1S/C2H3Cl3/c1-2(3,4)5/h1H3",UOCLXMDMGBRAIB-UHFFFAOYSA-N,"1,1,1-trichloroethane",C2H3Cl3,10.1021/je020065c,2003,"Boiling temperature at pressure P, K",Liquid,"[""Liquid"",""Gas""]",EBULLIO:dP:0.133,347.35,"{""nPropDigits"":6,""nPropNumber"":1,""CombinedUncertainty"":{""nCombUncertAssessNum"":1,""nCombExpandUncertValue"":0.5},""nPropValue"":347.35}",variable,"{""nVarValue"":101.3,""nVarNumber"":1,""nVarDigits"":4}",347.35,True,,101300.0,True,False,False
10.1021/je020065c#d7#p1#r1,10.1021/je020065c#d7#p1,10.1021/je020065c.json,7,1,1,InChI=1S/C2H2Cl4/c3-1(4)2(5)6/h1-2H,QPFMBZIOSGYJDE-UHFFFAOYSA-N,"1,1,2,2-tetrachloroethane",C2H2Cl4,10.1021/je020065c,2003,"Boiling temperature at pressure P, K",Liquid,"[""Liquid"",""Gas""]",EBULLIO:dP:0.133,419.35,"{""nPropNumber"":1,""nPropDigits"":5,""CombinedUncertainty"":{""nCombExpandUncertValue"":0.5,""nCombUncertAssessNum"":1},""nPropValue"":419.35}",variable,"{""nVarValue"":101.3,""nVarDigits"":4,""nVarNumber"":1}",419.35,True,,101300.0,True,False,False
10.1021/je020065c#d9#p1#r1,10.1021/je020065c#d9#p1,10.1021/je020065c.json,9,1,1,InChI=1S/C2HCl3/c3-1-2(4)5/h1H,XSTXAVWGXDQKEL-UHFFFAOYSA-N,trichloroethene,C2HCl3,10.1021/je020065c,2003,"Boiling temperature at pressure P, K",Liquid,"[""Liquid"",""Gas""]",EBULLIO:dP:0.133,360.25,"{""nPropValue"":360.25,""CombinedUncertainty"":{""nCombUncertAssessNum"":1,""nCombExpandUncertValue"":0.5},""nPropDigits"":6,""nPropNumber"":1}",variable,"{""nVarNumber"":1,""nVarDigits"":4,""nVarValue"":101.3}",360.25,True,,101300.0,True,False,False
10.1021/je020065c#d11#p1#r1,10.1021/je020065c#d11#p1,10.1021/je020065c.json,11,1,1,InChI=1S/C2Cl4/c3-1(4)2(5)6,CYTYCFOTNPOANT-UHFFFAOYSA-N,tetrachloroethene,C2Cl4,10.1021/je020065c,2003,"Boiling temperature at pressure P, K",Liquid,"[""Liquid"",""Gas""]",EBULLIO:dP:0.133,394.15,"{""CombinedUncertainty"":{""nCombExpandUncertValue"":0.5,""nCombUncertAssessNum"":1},""nPropValue"":394.15,""nPropDigits"":5,""nPropNumber"":1}",variable,"{""nVarDigits"":4,""nVarNumber"":1,""nVarValue"":101.3}",394.15,True,,101300.0,True,False,False
10.1021/je020105c#d1#p1#r1,10.1021/je020105c#d1#p1,10.1021/je020105c.json,1,1,1,"InChI=1S/C2H6O/c1-2-3/h3H,2H2,1H3",LFQSCWFLJHTTHZ-UHFFFAOYSA-N,ethanol,C2H6O,10.1021/je020105c,2003,"Boiling temperature at pressure P, K",Liquid,"[""Liquid"",""Gas""]",EBULLIO::dP:0.15,351.43,"{""CombinedUncertainty"":{""nCombExpandUncertValue"":0.25,""nCombUncertAssessNum"":1},""nPropValue"":351.43,""nPropNumber"":1,""nPropDigits"":5}",variable,"{""nVarDigits"":4,""nVarNumber"":1,""nVarValue"":100.9}",351.43,True,,100900.0,True,False,False
10.1021/je020105c#d2#p1#r1,10.1021/je020105c#d2#p1,10.1021/je020105c.json,2,1,1,"InChI=1S/C2H6O/c1-2-3/h3H,2H2,1H3",LFQSCWFLJHTTHZ-UHFFFAOYSA-N,ethanol,C2H6O,10.1021/je020105c,2003,"Boiling temperature at pressure P, K",Liquid,"[""Liquid"",""Gas""]",EBULLIO:dP:0.15,351.36,"{""nPropNumber"":1,""nPropDigits"":5,""nPropValue"":351.36,""CombinedUncertainty"":{""nCombExpandUncertValue"":0.25,""nCombUncertAssessNum"":1}}",variable,"{""nVarValue"":101.2,""nVarDigits"":4,""nVarNumber"":1}",351.36,True,,101200.0,True,False,False
10.1021/je020105c#d3#p1#r1,10.1021/je020105c#d3#p1,10.1021/je020105c.json,3,1,1,"InChI=1S/C8H16/c1-7(2)6-8(3,4)5/h1,6H2,2-5H3",FXNDIJDIPNCZQJ-UHFFFAOYSA-N,"2,4,4-trimethyl-1-pentene",C8H16,10.1021/je020105c,2003,"Boiling temperature at pressure P, K",Liquid,"[""Liquid"",""Gas""]",EBULLIO::dP:0.15,374.5,"{""nPropNumber"":1,""nPropDigits"":4,""nPropValue"":374.5,""CombinedUncertainty"":{""nCombExpandUncertValue"":0.25,""nCombUncertAssessNum"":1}}",variable,"{""nVarValue"":101.2,""nVarNumber"":1,""nVarDigits"":4}",374.5,True,,101200.0,True,False,False
10.1021/je020105c#d4#p1#r1,10.1021/je020105c#d4#p1,10.1021/je020105c.json,4,1,1,"InChI=1S/C8H16/c1-7(2)6-8(3,4)5/h1,6H2,2-5H3",FXNDIJDIPNCZQJ-UHFFFAOYSA-N,"2,4,4-trimethyl-1-pentene",C8H16,10.1021/je020105c,2003,"Boiling temperature at pressure P, K",Liquid,"[""Liquid"",""Gas""]",EBULLIO::dP:0.15,373.11,"{""CombinedUncertainty"":{""nCombUncertAssessNum"":1,""nCombExpandUncertValue"":0.25},""nPropValue"":373.11,""nPropNumber"":1,""nPropDigits"":5}",variable,"{""nVarNumber"":1,""nVarDigits"":3,""nVarValue"":97.6}",373.11,True,,97600.0,True,False,False
10.1021/je020105c#d5#p1#r1,10.1021/je020105c#d5#p1,10.1021/je020105c.json,5,1,1,"InChI=1S/C8H16/c1-7(2)6-8(3,4)5/h1,6H2,2-5H3",FXNDIJDIPNCZQJ-UHFFFAOYSA-N,"2,4,4-trimethyl-1-pentene",C8H16,10.1021/je020105c,2003,"Boiling temperature at pressure P, K",Liquid,"[""Liquid"",""Gas""]",EBULLIO::dP:0.15,374.05,"{""nPropDigits"":5,""nPropNumber"":1,""nPropValue"":374.05,""CombinedUncertainty"":{""nCombUncertAssessNum"":1,""nCombExpandUncertValue"":0.25}}",variable,"{""nVarValue"":100.1,""nVarNumber"":1,""nVarDigits"":4}",374.05,True,,100100.0,True,False,False
10.1021/je020105c#d6#p1#r1,10.1021/je020105c#d6#p1,10.1021/je020105c.json,6,1,1,"InChI=1S/C8H16/c1-7(2)6-8(3,4)5/h1,6H2,2-5H3",FXNDIJDIPNCZQJ-UHFFFAOYSA-N,"2,4,4-trimethyl-1-pentene",C8H16,10.1021/je020105c,2003,"Boiling temperature at pressure P, K",Liquid,"[""Liquid"",""Gas""]",EBULLIO::dP:0.15,374.33,"{""nPropNumber"":1,""nPropDigits"":5,""nPropValue"":374.33,""CombinedUncertainty"":{""nCombExpandUncertValue"":0.25,""nCombUncertAssessNum"":1}}",variable,"{""nVarValue"":100.6,""nVarDigits"":4,""nVarNumber"":1}",374.33,True,,100600.0,True,False,False
10.1021/je020105c#d7#p1#r1,10.1021/je020105c#d7#p1,10.1021/je020105c.json,7,1,1,"InChI=1S/C3H8O/c1-3(2)4/h3-4H,1-2H3",KFZMGEQAYNKOFK-UHFFFAOYSA-N,propan-2-ol,C3H8O,10.1021/je020105c,2003,"Boiling temperature at pressure P, K",Liquid,"[""Liquid"",""Gas""]",EBULLIO::dP:0.15,355.37,"{""nPropValue"":355.37,""CombinedUncertainty"":{""nCombUncertAssessNum"":1,""nCombExpandUncertValue"":0.25},""nPropNumber"":1,""nPropDigits"":5}",variable,"{""nVarNumber"":1,""nVarDigits"":4,""nVarValue"":101.3}",355.37,True,,101300.0,True,False,False
10.1021/je025576d#d1#p1#r1,10.1021/je025576d#d1#p1,10.1021/je025576d.json,1,1,1,InChI=1S/C9H7N/c1-2-6-9-8(4-1)5-3-7-10-9/h1-7H,SMWDFEZZVXVKRB-UHFFFAOYSA-N,quinoline,C9H7N,10.1021/je025576d,2003,"Boiling temperature at pressure P, K",Liquid,"[""Liquid"",""Gas""]",EBULLIO:UFactor:32,510.85,"{""nPropNumber"":1,""nPropDigits"":5,""nPropValue"":510.85,""CombinedUncertainty"":{""nCombExpandUncertValue"":0.14,""nCombUncertAssessNum"":1}}",variable,"{""nVarValue"":101.33,""nVarDigits"":5,""nVarNumber"":1}",510.85,True,,101330.0,True,False,False
10.1021/je025576d#d2#p1#r1,10.1021/je025576d#d2#p1,10.1021/je025576d.json,2,1,1,InChI=1S/C9H7N/c1-2-6-9-8(4-1)5-3-7-10-9/h1-7H,SMWDFEZZVXVKRB-UHFFFAOYSA-N,quinoline,C9H7N,10.1021/je025576d,2003,"Boiling temperature at pressure P, K",Liquid,"[""Liquid"",""Gas""]",EBULLIO:UFactor:32,483.15,"{""nPropDigits"":5,""nPropNumber"":1,""CombinedUncertainty"":{""nCombExpandUncertValue"":0.17,""nCombUncertAssessNum"":1},""nPropValue"":483.15}",variable,"{""nVarDigits"":4,""nVarNumber"":1,""nVarValue"":53.33}",483.15,True,,53330.0,True,False,False
10.1021/je025576d#d3#p1#r1,10.1021/je025576d#d3#p1,10.1021/je025576d.json,3,1,1,InChI=1S/C9H7N/c1-2-6-9-8(4-1)5-3-7-10-9/h1-7H,SMWDFEZZVXVKRB-UHFFFAOYSA-N,quinoline,C9H7N,10.1021/je025576d,2003,"Boiling temperature at pressure P, K",Liquid,"[""Liquid"",""Gas""]",EBULLIO:UFactor:32,435.45,"{""CombinedUncertainty"":{""nCombUncertAssessNum"":1,""nCombExpandUncertValue"":0.42},""nPropValue"":435.45,""nPropDigits"":5,""nPropNumber"":1}",variable,"{""nVarValue"":13.33,""nVarDigits"":4,""nVarNumber"":1}",435.45,True,,13330.0,True,True,False
10.1021/je025576d#d5#p1#r1,10.1021/je025576d#d5#p1,10.1021/je025576d.json,5,1,1,"InChI=1S/C2H3F3O/c3-2(4,5)1-6/h6H,1H2",RHQDFWAXVIIEBN-UHFFFAOYSA-N,"2,2,2-trifluoroethanol",C2H3F3O,10.1021/je025576d,2003,"Boiling temperature at pressure P, K",Liquid,"[""Liquid"",""Gas""]",EBULLIO:UFactor:32,347.15,"{""nPropNumber"":1,""nPropDigits"":5,""CombinedUncertainty"":{""nCombExpandUncertValue"":0.14,""nCombUncertAssessNum"":1},""nPropValue"":347.15}",variable,"{""nVarDigits"":5,""nVarNumber"":1,""nVarValue"":101.33}",347.15,True,,101330.0,True,False,False
10.1021/je025576d#d6#p1#r1,10.1021/je025576d#d6#p1,10.1021/je025576d.json,6,1,1,"InChI=1S/C2H3F3O/c3-2(4,5)1-6/h6H,1H2",RHQDFWAXVIIEBN-UHFFFAOYSA-N,"2,2,2-trifluoroethanol",C2H3F3O,10.1021/je025576d,2003,"Boiling temperature at pressure P, K",Liquid,"[""Liquid"",""Gas""]",EBULLIO:UFactor:32,331.75,"{""nPropValue"":331.75,""CombinedUncertainty"":{""nCombUncertAssessNum"":1,""nCombExpandUncertValue"":0.17},""nPropNumber"":1,""nPropDigits"":5}",variable,"{""nVarValue"":53.33,""nVarDigits"":4,""nVarNumber"":1}",331.75,True,,53330.0,True,False,False
10.1021/je025576d#d7#p1#r1,10.1021/je025576d#d7#p1,10.1021/je025576d.json,7,1,1,"InChI=1S/C2H3F3O/c3-2(4,5)1-6/h6H,1H2",RHQDFWAXVIIEBN-UHFFFAOYSA-N,"2,2,2-trifluoroethanol",C2H3F3O,10.1021/je025576d,2003,"Boiling temperature at pressure P, K",Liquid,"[""Liquid"",""Gas""]",EBULLIO:UFactor:32,304.05,"{""nPropNumber"":1,""nPropDigits"":5,""nPropValue"":304.05,""CombinedUncertainty"":{""nCombUncertAssessNum"":1,""nCombExpandUncertValue"":0.42}}",variable,"{""nVarValue"":13.33,""nVarNumber"":1,""nVarDigits"":4}",304.05,True,,13330.0,True,True,False
10.1021/je030216r#d2#p1#r1,10.1021/je030216r#d2#p1,10.1021/je030216r.json,2,1,1,"InChI=1S/C5H12O/c1-3-5(2)4-6/h5-6H,3-4H2,1-2H3",QPRQEDXDYOZYLA-UHFFFAOYSA-N,2-methyl-1-butanol,C5H12O,10.1021/je030216r,2004,"Boiling temperature at pressure P, K",Liquid,"[""Liquid"",""Gas""]",Ebulliometric method (Recirculating still),401.55,"{""nPropDigits"":5,""nPropNumber"":1,""CombinedUncertainty"":{""nCombUncertAssessNum"":1,""nCombExpandUncertValue"":0.2},""nPropValue"":401.55}",variable,"{""nVarValue"":100,""nVarDigits"":1,""nVarNumber"":1}",401.55,True,,100000,True,False,False
10.1021/je030216r#d5#p1#r1,10.1021/je030216r#d5#p1,10.1021/je030216r.json,5,1,1,"InChI=1S/C5H12O/c1-5(2)3-4-6/h5-6H,3-4H2,1-2H3",PHTQWCKDNZKARW-UHFFFAOYSA-N,3-methylbutan-1-ol,C5H12O,10.1021/je030216r,2004,"Boiling temperature at pressure P, K",Liquid,"[""Liquid"",""Gas""]",Ebulliometric method (Recirculating still),404.45,"{""nPropValue"":404.45,""CombinedUncertainty"":{""nCombUncertAssessNum"":1,""nCombExpandUncertValue"":0.2},""nPropNumber"":1,""nPropDigits"":5}",variable,"{""nVarValue"":100,""nVarNumber"":1,""nVarDigits"":1}",404.45,True,,100000,True,False,False
10.1021/je030216r#d8#p1#r1,10.1021/je030216r#d8#p1,10.1021/je030216r.json,8,1,1,"InChI=1S/C2H6O2/c3-1-2-4/h3-4H,1-2H2",LYCAIKOWRPUZTN-UHFFFAOYSA-N,"1,2-ethanediol",C2H6O2,10.1021/je030216r,2004,"Boiling temperature at pressure P, K",Liquid,"[""Liquid"",""Gas""]",Ebulliometric method (Recirculating still),470.63,"{""nPropValue"":470.63,""CombinedUncertainty"":{""nCombUncertAssessNum"":1,""nCombExpandUncertValue"":0.2},""nPropNumber"":1,""nPropDigits"":5}",variable,"{""nVarDigits"":1,""nVarNumber"":1,""nVarValue"":100}",470.63,True,,100000,True,False,False
10.1021/je060354r#d1#p1#r1,10.1021/je060354r#d1#p1,10.1021/je060354r.json,1,1,1,"InChI=1S/C3H8O/c1-3(2)4/h3-4H,1-2H3",KFZMGEQAYNKOFK-UHFFFAOYSA-N,propan-2-ol,C3H8O,10.1021/je060354r,2007,"Boiling temperature at pressure P, K",Liquid,"[""Liquid"",""Gas""]",Ebulliometric method (Recirculating still),355.01,"{""nPropNumber"":1,""nPropDigits"":5,""nPropValue"":355.01,""CombinedUncertainty"":{""nCombExpandUncertValue"":0.22,""nCombUncertAssessNum"":1}}",variable,"{""nVarValue"":100,""nVarNumber"":1,""nVarDigits"":1}",355.01,True,,100000,True,False,False
10.1021/je100788g#d3#p1#r1,10.1021/je100788g#d3#p1,10.1021/je100788g.json,3,1,1,"InChI=1S/C4H10O/c1-2-3-4-5/h5H,2-4H2,1H3",LRHPLDYGYMQRHN-UHFFFAOYSA-N,butan-1-ol,C4H10O,10.1021/je100788g,2011,"Boiling temperature at pressure P, K",Liquid,"[""Liquid"",""Gas""]",Distillation,390.84,"{""nPropValue"":390.84,""CombinedUncertainty"":{""nCombUncertAssessNum"":1,""nCombExpandUncertValue"":0.41},""nPropDigits"":5,""nPropNumber"":1}",variable,"{""nVarValue"":101,""nVarNumber"":1,""nVarDigits"":3}",390.84,True,,101000,False,False,False
10.1021/je101250d#d1#p1#r1,10.1021/je101250d#d1#p1,10.1021/je101250d.json,1,1,1,"InChI=1S/C4H10O/c1-3-4(2)5/h4-5H,3H2,1-2H3",BTANRVKWQNVYAZ-UHFFFAOYSA-N,butan-2-ol,C4H10O,10.1021/je101250d,2011,"Boiling temperature at pressure P, K",Liquid,"[""Liquid"",""Gas""]",Ebulliometric method (Recirculating still),372.65,"{""nPropNumber"":1,""nPropDigits"":5,""CombinedUncertainty"":{""nCombUncertAssessNum"":1,""nCombExpandUncertValue"":0.04},""nPropValue"":372.65}",variable,"{""nVarDigits"":5,""nVarNumber"":1,""nVarValue"":101.33}",372.65,True,,101330.0,True,False,False
10.1021/je101250d#d5#p1#r1,10.1021/je101250d#d5#p1,10.1021/je101250d.json,5,1,1,"InChI=1S/C7H16/c1-3-5-7-6-4-2/h3-7H2,1-2H3",IMNFDUFMRHMDMM-UHFFFAOYSA-N,heptane,C7H16,10.1021/je101250d,2011,"Boiling temperature at pressure P, K",Liquid,"[""Liquid"",""Gas""]",Ebulliometric method (Recirculating still),371.5,"{""nPropNumber"":1,""nPropDigits"":4,""CombinedUncertainty"":{""nCombExpandUncertValue"":0.04,""nCombUncertAssessNum"":1},""nPropValue"":371.5}",variable,"{""nVarValue"":101.33,""nVarNumber"":1,""nVarDigits"":5}",371.5,True,,101330.0,True,False,False
10.1021/je101250d#d9#p1#r1,10.1021/je101250d#d9#p1,10.1021/je101250d.json,9,1,1,"InChI=1S/C6H14O/c1-5-6(2,3)7-4/h5H2,1-4H3",HVZJRWJGKQPSFL-UHFFFAOYSA-N,2-methoxy-2-methylbutane,C6H14O,10.1021/je101250d,2011,"Boiling temperature at pressure P, K",Liquid,"[""Liquid"",""Gas""]",Ebulliometric method (Recirculating still),359.52,"{""CombinedUncertainty"":{""nCombUncertAssessNum"":1,""nCombExpandUncertValue"":0.04},""nPropValue"":359.52,""nPropDigits"":5,""nPropNumber"":1}",variable,"{""nVarValue"":101.33,""nVarNumber"":1,""nVarDigits"":5}",359.52,True,,101330.0,True,False,False
10.1021/je400373d#d3#p1#r1,10.1021/je400373d#d3#p1,10.1021/je400373d.json,3,1,1,"InChI=1S/C3H9NO/c1-4-2-3-5/h4-5H,2-3H2,1H3",OPKOKAMJFNKNAS-UHFFFAOYSA-N,2-(methylamino)ethanol,C3H9NO,10.1021/je400373d,2013,"Boiling temperature at pressure P, K",Liquid,"[""Liquid"",""Gas""]",Ebulliometric method (Recirculating still),431.2,"{""nPropNumber"":1,""nPropDigits"":5,""nPropValue"":431.2,""CombinedUncertainty"":{""nCombUncertAssessNum"":1,""nCombExpandUncertValue"":0.2}}",variable,"{""nVarValue"":101.33,""nVarNumber"":1,""nVarDigits"":5}",431.2,True,,101330.0,True,False,False
10.1021/je4007184#d3#p1#r1,10.1021/je4007184#d3#p1,10.1021/je4007184.json,3,1,1,"InChI=1S/C5H10O2/c1-3-4-7-5(2)6/h3-4H2,1-2H3",YKYONYBAUNKHLG-UHFFFAOYSA-N,propyl ethanoate,C5H10O2,10.1021/je4007184,2013,"Boiling temperature at pressure P, K",Liquid,"[""Liquid"",""Gas""]",Ebulliometric method (Recirculating still),374.6,"{""nPropNumber"":1,""nPropDigits"":5,""nPropValue"":374.6,""CombinedUncertainty"":{""nCombExpandUncertValue"":0.4,""nCombUncertAssessNum"":1}}",variable,"{""nVarNumber"":1,""nVarDigits"":3,""nVarValue"":101}",374.6,True,,101000,True,False,False
10.1021/je4007184#d6#p1#r1,10.1021/je4007184#d6#p1,10.1021/je4007184.json,6,1,1,"InChI=1S/C5H12O/c1-2-3-4-5-6/h6H,2-5H2,1H3",AMQJEAYHLZJPGS-UHFFFAOYSA-N,pentan-1-ol,C5H12O,10.1021/je4007184,2013,"Boiling temperature at pressure P, K",Liquid,"[""Liquid"",""Gas""]",Ebulliometric method (Recirculating still),410.9,"{""nPropDigits"":5,""nPropNumber"":1,""CombinedUncertainty"":{""nCombUncertAssessNum"":1,""nCombExpandUncertValue"":0.4},""nPropValue"":410.9}",variable,"{""nVarValue"":101,""nVarNumber"":1,""nVarDigits"":3}",410.9,True,,101000,True,False,False
10.1021/je4007184#d9#p1#r1,10.1021/je4007184#d9#p1,10.1021/je4007184.json,9,1,1,"InChI=1S/C5H12O/c1-5(2)3-4-6/h5-6H,3-4H2,1-2H3",PHTQWCKDNZKARW-UHFFFAOYSA-N,3-methylbutan-1-ol,C5H12O,10.1021/je4007184,2013,"Boiling temperature at pressure P, K",Liquid,"[""Liquid"",""Gas""]",Ebulliometric method (Recirculating still),404.2,"{""CombinedUncertainty"":{""nCombExpandUncertValue"":0.4,""nCombUncertAssessNum"":1},""nPropValue"":404.2,""nPropNumber"":1,""nPropDigits"":5}",variable,"{""nVarValue"":101,""nVarDigits"":3,""nVarNumber"":1}",404.2,True,,101000,True,False,False
10.1021/je4007184#d12#p1#r1,10.1021/je4007184#d12#p1,10.1021/je4007184.json,12,1,1,"InChI=1S/C5H12O/c1-3-4-5(2)6/h5-6H,3-4H2,1-2H3",JYVLIDXNZAXMDK-UHFFFAOYSA-N,pentan-2-ol,C5H12O,10.1021/je4007184,2013,"Boiling temperature at pressure P, K",Liquid,"[""Liquid"",""Gas""]",Ebulliometric method (Recirculating still),392.2,"{""CombinedUncertainty"":{""nCombExpandUncertValue"":0.4,""nCombUncertAssessNum"":1},""nPropValue"":392.2,""nPropNumber"":1,""nPropDigits"":4}",variable,"{""nVarDigits"":3,""nVarNumber"":1,""nVarValue"":101}",392.2,True,,101000,True,False,False
10.1021/je401080p#d5#p1#r1,10.1021/je401080p#d5#p1,10.1021/je401080p.json,5,1,1,"InChI=1S/C29H50O2/c1-20(2)12-9-13-21(3)14-10-15-22(4)16-11-18-29(8)19-17-26-25(7)27(30)23(5)24(6)28(26)31-29/h20-22,30H,9-19H2,1-8H3/t21-,22-,29-/m1/s1",GVJHHUAWPYXKBD-IEOSBIPESA-N,(+)-.alpha.-tocopherol,C29H50O2,10.1021/je401080p,2014,"Boiling temperature at pressure P, K",Liquid,"[""Liquid"",""Gas""]",Rate of evaporation,549.26,"{""nPropNumber"":1,""nPropDigits"":5,""CombinedUncertainty"":{""nCombUncertAssessNum"":1,""nCombExpandUncertValue"":8.38},""nPropValue"":549.26}",variable,"{""nVarValue"":1.1,""nVarDigits"":2,""nVarNumber"":1}",549.26,True,,1100.0,False,False,False
10.1021/je401080p#d6#p1#r1,10.1021/je401080p#d6#p1,10.1021/je401080p.json,6,1,1,"InChI=1S/C28H48O2/c1-20(2)11-8-12-21(3)13-9-14-22(4)15-10-17-28(7)18-16-25-24(6)26(29)19-23(5)27(25)30-28/h19-22,29H,8-18H2,1-7H3/t21-,22-,28-/m1/s1",WGVKWNUPNGFDFJ-DQCZWYHMSA-N,"(R,R,R)-.beta.-tocopherol",C28H48O2,10.1021/je401080p,2014,"Boiling temperature at pressure P, K",Liquid,"[""Liquid"",""Gas""]",DSC,552.73,"{""nPropNumber"":1,""nPropDigits"":5,""nPropValue"":552.73,""CombinedUncertainty"":{""nCombUncertAssessNum"":1,""nCombExpandUncertValue"":2.89}}",variable,"{""nVarDigits"":2,""nVarNumber"":1,""nVarValue"":1.1}",552.73,True,,1100.0,False,False,False
10.1021/je401080p#d7#p1#r1,10.1021/je401080p#d7#p1,10.1021/je401080p.json,7,1,1,"InChI=1S/C27H46O2/c1-20(2)10-7-11-21(3)12-8-13-22(4)14-9-16-27(6)17-15-24-19-25(28)18-23(5)26(24)29-27/h18-22,28H,7-17H2,1-6H3",GZIFEOYASATJEH-UHFFFAOYSA-N,.omega.-tocopherol,C27H46O2,10.1021/je401080p,2014,"Boiling temperature at pressure P, K",Liquid,"[""Liquid"",""Gas""]",DSC,552.6,"{""nPropValue"":552.6,""CombinedUncertainty"":{""nCombExpandUncertValue"":6.61,""nCombUncertAssessNum"":1},""nPropDigits"":5,""nPropNumber"":1}",variable,"{""nVarDigits"":2,""nVarNumber"":1,""nVarValue"":1.1}",552.6,True,,1100.0,False,False,False
10.1021/je401080p#d8#p1#r1,10.1021/je401080p#d8#p1,10.1021/je401080p.json,8,1,1,"InChI=1S/C28H48O2/c1-20(2)11-8-12-21(3)13-9-14-22(4)15-10-17-28(7)18-16-25-19-26(29)23(5)24(6)27(25)30-28/h19-22,29H,8-18H2,1-7H3/t21-,22-,28-/m1/s1",QUEDXNHFTDJVIY-DQCZWYHMSA-N,"(R,R,R)-.gamma.-tocopherol",C28H48O2,10.1021/je401080p,2014,"Boiling temperature at pressure P, K",Liquid,"[""Liquid"",""Gas""]",DSC,547.85,"{""nPropDigits"":5,""nPropNumber"":1,""nPropValue"":547.85,""CombinedUncertainty"":{""nCombUncertAssessNum"":1,""nCombExpandUncertValue"":4.65}}",variable,"{""nVarNumber"":1,""nVarDigits"":2,""nVarValue"":1.1}",547.85,True,,1100.0,False,False,False
10.1021/je500332k#d3#p1#r1,10.1021/je500332k#d3#p1,10.1021/je500332k.json,3,1,1,"InChI=1S/C2H4O2/c1-2(3)4/h1H3,(H,3,4)",QTBSBXVTEAMEQO-UHFFFAOYSA-N,acetic acid,C2H4O2,10.1021/je500332k,2014,"Boiling temperature at pressure P, K",Liquid,"[""Liquid"",""Gas""]",Distillation,391.2,"{""nPropValue"":391.2,""CombinedUncertainty"":{""nCombExpandUncertValue"":0.3,""nCombUncertAssessNum"":1},""nPropDigits"":4,""nPropNumber"":1}",variable,"{""nVarValue"":101.325,""nVarDigits"":6,""nVarNumber"":1}",391.2,True,,101325.0,False,False,False
10.1021/je500332k#d6#p1#r1,10.1021/je500332k#d6#p1,10.1021/je500332k.json,6,1,1,InChI=1S/C3H6O3/c1-5-3(4)6-2/h1-2H3,IEJIGPNLZYLLBP-UHFFFAOYSA-N,dimethyl carbonate,C3H6O3,10.1021/je500332k,2014,"Boiling temperature at pressure P, K",Liquid,"[""Liquid"",""Gas""]",Distillation,363.23,"{""nPropValue"":363.23,""CombinedUncertainty"":{""nCombExpandUncertValue"":0.29,""nCombUncertAssessNum"":1},""nPropNumber"":1,""nPropDigits"":5}",variable,"{""nVarValue"":101.325,""nVarNumber"":1,""nVarDigits"":6}",363.23,True,,101325.0,False,False,False
10.1021/je500332k#d9#p1#r1,10.1021/je500332k#d9#p1,10.1021/je500332k.json,9,1,1,InChI=1S/H2O/h1H2,XLYOFNOQVPJJNP-UHFFFAOYSA-N,water,H2O,10.1021/je500332k,2014,"Boiling temperature at pressure P, K",Liquid,"[""Liquid"",""Gas""]",Distillation,373.2,"{""CombinedUncertainty"":{""nCombUncertAssessNum"":1,""nCombExpandUncertValue"":0.3},""nPropValue"":373.2,""nPropDigits"":4,""nPropNumber"":1}",variable,"{""nVarValue"":101.325,""nVarNumber"":1,""nVarDigits"":6}",373.2,True,no_carbon,101325.0,False,False,False
10.1021/je500418f#d4#p1#r1,10.1021/je500418f#d4#p1,10.1021/je500418f.json,4,1,1,InChI=1S/C3H6O/c1-3(2)4/h1-2H3,CSCPPACGZOOCGX-UHFFFAOYSA-N,acetone,C3H6O,10.1021/je500418f,2014,"Boiling temperature at pressure P, K",Liquid,"[""Liquid"",""Gas""]",Ebulliometric method (Recirculating still),329.38,"{""nPropDigits"":5,""nPropNumber"":1,""CombinedUncertainty"":{""nCombExpandUncertValue"":0.3,""nCombUncertAssessNum"":1},""nPropValue"":329.38}",variable,"{""nVarValue"":101.3,""nVarNumber"":1,""nVarDigits"":4}",329.38,True,,101300.0,True,False,False
10.1021/je500418f#d6#p1#r1,10.1021/je500418f#d6#p1,10.1021/je500418f.json,6,1,1,"InChI=1S/CH4O/c1-2/h2H,1H3",OKKJLVBELUTLKV-UHFFFAOYSA-N,methanol,CH4O,10.1021/je500418f,2014,"Boiling temperature at pressure P, K",Liquid,"[""Liquid"",""Gas""]",Ebulliometric method (Recirculating still),337.81,"{""nPropNumber"":1,""nPropDigits"":5,""nPropValue"":337.81,""CombinedUncertainty"":{""nCombUncertAssessNum"":1,""nCombExpandUncertValue"":0.3}}",variable,"{""nVarValue"":101.3,""nVarDigits"":4,""nVarNumber"":1}",337.81,True,,101300.0,True,False,False
10.1021/je5005559#d3#p1#r1,10.1021/je5005559#d3#p1,10.1021/je5005559.json,3,1,1,"InChI=1S/C6H12O/c1-5(2)4-6(3)7/h5H,4H2,1-3H3",NTIZESTWPVYFNL-UHFFFAOYSA-N,4-methylpentan-2-one,C6H12O,10.1021/je5005559,2014,"Boiling temperature at pressure P, K",Liquid,"[""Liquid"",""Gas""]",Distillation,389.75,"{""nPropNumber"":1,""nPropDigits"":4,""nPropValue"":389.75,""CombinedUncertainty"":{""nCombUncertAssessNum"":1,""nCombExpandUncertValue"":0.2}}",variable,"{""nVarDigits"":1,""nVarNumber"":1,""nVarValue"":101}",389.75,True,,101000,False,False,False
10.1021/je700034q#d2#p1#r1,10.1021/je700034q#d2#p1,10.1021/je700034q.json,2,1,1,InChI=1S/C6H6/c1-2-4-6-5-3-1/h1-6H,UHOVQNZJYSORNB-UHFFFAOYSA-N,benzene,C6H6,10.1021/je700034q,2007,"Boiling temperature at pressure P, K",Liquid,"[""Liquid"",""Gas""]",Ebulliometric method (Recirculating still),353,"{""CombinedUncertainty"":{""nCombExpandUncertValue"":0.2,""nCombUncertAssessNum"":1},""nPropValue"":353,""nPropNumber"":1,""nPropDigits"":3}",variable,"{""nVarValue"":102,""nVarDigits"":3,""nVarNumber"":1}",353,True,,102000,True,False,False
10.1021/je700034q#d5#p1#r1,10.1021/je700034q#d5#p1,10.1021/je700034q.json,5,1,1,"InChI=1S/C7H8/c1-7-5-3-2-4-6-7/h2-6H,1H3",YXFVVABEGXRONW-UHFFFAOYSA-N,toluene,C7H8,10.1021/je700034q,2007,"Boiling temperature at pressure P, K",Liquid,"[""Liquid"",""Gas""]",Ebulliometric method (Recirculating still),383.6,"{""nPropValue"":383.6,""CombinedUncertainty"":{""nCombUncertAssessNum"":1,""nCombExpandUncertValue"":0.2},""nPropDigits"":4,""nPropNumber"":1}",variable,"{""nVarNumber"":1,""nVarDigits"":3,""nVarValue"":102}",383.6,True,,102000,True,False,False
10.1021/je700034q#d7#p1#r1,10.1021/je700034q#d7#p1,10.1021/je700034q.json,7,1,1,"InChI=1S/C2H3F3O/c3-2(4,5)1-6/h6H,1H2",RHQDFWAXVIIEBN-UHFFFAOYSA-N,"2,2,2-trifluoroethanol",C2H3F3O,10.1021/je700034q,2007,"Boiling temperature at pressure P, K",Liquid,"[""Liquid"",""Gas""]",Ebulliometric method (Recirculating still),347.4,"{""nPropNumber"":1,""nPropDigits"":4,""nPropValue"":347.4,""CombinedUncertainty"":{""nCombExpandUncertValue"":0.2,""nCombUncertAssessNum"":1}}",variable,"{""nVarValue"":102,""nVarNumber"":1,""nVarDigits"":3}",347.4,True,,102000,True,False,False
10.1021/je700103k#d2#p1#r1,10.1021/je700103k#d2#p1,10.1021/je700103k.json,2,1,1,InChI=1S/CHCl3/c2-1(3)4/h1H,HEDRZPFGACZZDS-UHFFFAOYSA-N,trichloromethane,CHCl3,10.1021/je700103k,2007,"Boiling temperature at pressure P, K",Liquid,"[""Liquid"",""Gas""]",Ebulliometric method (Recirculating still),334.1,"{""nPropValue"":334.1,""CombinedUncertainty"":{""nCombUncertAssessNum"":1,""nCombExpandUncertValue"":0.2},""nPropDigits"":4,""nPropNumber"":1}",variable,"{""nVarNumber"":1,""nVarDigits"":3,""nVarValue"":102}",334.1,True,,102000,True,False,False
10.1021/je700103k#d4#p1#r1,10.1021/je700103k#d4#p1,10.1021/je700103k.json,4,1,1,"InChI=1S/C2H3F3O/c3-2(4,5)1-6/h6H,1H2",RHQDFWAXVIIEBN-UHFFFAOYSA-N,"2,2,2-trifluoroethanol",C2H3F3O,10.1021/je700103k,2007,"Boiling temperature at pressure P, K",Liquid,"[""Liquid"",""Gas""]",Ebulliometric method (Recirculating still),347.4,"{""CombinedUncertainty"":{""nCombExpandUncertValue"":0.2,""nCombUncertAssessNum"":1},""nPropValue"":347.4,""nPropDigits"":4,""nPropNumber"":1}",variable,"{""nVarValue"":102,""nVarNumber"":1,""nVarDigits"":3}",347.4,True,,102000,True,False,False
10.1021/je700103k#d7#p1#r1,10.1021/je700103k#d7#p1,10.1021/je700103k.json,7,1,1,"InChI=1S/C7H5F3/c8-7(9,10)6-4-2-1-3-5-6/h1-5H",GETTZEONDQJALK-UHFFFAOYSA-N,(trifluoromethyl)benzene,C7H5F3,10.1021/je700103k,2007,"Boiling temperature at pressure P, K",Liquid,"[""Liquid"",""Gas""]",Ebulliometric method (Recirculating still),375.7,"{""nPropValue"":375.7,""CombinedUncertainty"":{""nCombExpandUncertValue"":0.2,""nCombUncertAssessNum"":1},""nPropNumber"":1,""nPropDigits"":4}",variable,"{""nVarValue"":102,""nVarDigits"":3,""nVarNumber"":1}",375.7,True,,102000,True,False,False
10.1021/je700206y#d11#p1#r1,10.1021/je700206y#d11#p1,10.1021/je700206y.json,11,1,1,"InChI=1S/C8H14O4/c1-11-7(9)5-3-4-6-8(10)12-2/h3-6H2,1-2H3",UDSFAEKRVUSQDD-UHFFFAOYSA-N,"dimethyl 1,6-hexanedioate",C8H14O4,10.1021/je700206y,2007,"Boiling temperature at pressure P, K",Liquid,"[""Liquid"",""Gas""]",Distillation,388,"{""nPropDigits"":3,""nPropNumber"":1,""CombinedUncertainty"":{""nCombExpandUncertValue"":1,""nCombUncertAssessNum"":1},""nPropValue"":388}",variable,"{""nVarValue"":1.733,""nVarNumber"":1,""nVarDigits"":4}",388,True,,1733.0,False,True,False
10.1021/je700619q#d1#p1#r1,10.1021/je700619q#d1#p1,10.1021/je700619q.json,1,1,1,"InChI=1S/C4H11N/c1-3-5-4-2/h5H,3-4H2,1-2H3",HPNMFZURTQLUMO-UHFFFAOYSA-N,diethylamine,C4H11N,10.1021/je700619q,2008,"Boiling temperature at pressure P, K",Liquid,"[""Liquid"",""Gas""]",Distillation,328.45,"{""CombinedUncertainty"":{""nCombUncertAssessNum"":1,""nCombExpandUncertValue"":0.2},""nPropValue"":328.45,""nPropNumber"":1,""nPropDigits"":6}",variable,"{""nVarValue"":101,""nVarNumber"":1,""nVarDigits"":3}",328.45,True,,101000,False,False,False
10.1021/je700619q#d5#p1#r1,10.1021/je700619q#d5#p1,10.1021/je700619q.json,5,1,1,"InChI=1S/C10H22O/c1-2-3-4-5-6-7-8-9-10-11/h11H,2-10H2,1H3",MWKFXSUHUHTGQN-UHFFFAOYSA-N,decan-1-ol,C10H22O,10.1021/je700619q,2008,"Boiling temperature at pressure P, K",Liquid,"[""Liquid"",""Gas""]",Distillation,502.95,"{""nPropNumber"":1,""nPropDigits"":5,""CombinedUncertainty"":{""nCombUncertAssessNum"":1,""nCombExpandUncertValue"":0.2},""nPropValue"":502.95}",variable,"{""nVarNumber"":1,""nVarDigits"":3,""nVarValue"":101}",502.95,True,,101000,False,False,False
10.1021/je8001249#d2#p1#r1,10.1021/je8001249#d2#p1,10.1021/je8001249.json,2,1,1,"InChI=1S/C3H7NO/c1-4(2)3-5/h3H,1-2H3",ZMXDDKWLCZADIW-UHFFFAOYSA-N,dimethylformamide,C3H7NO,10.1021/je8001249,2008,"Boiling temperature at pressure P, K",Liquid,"[""Liquid"",""Gas""]",Ebulliometric method (Recirculating still),415.92,"{""nPropNumber"":1,""nPropDigits"":5,""nPropValue"":415.92,""CombinedUncertainty"":{""nCombUncertAssessNum"":1,""nCombExpandUncertValue"":0.2}}",variable,"{""nVarDigits"":4,""nVarNumber"":1,""nVarValue"":79.99}",415.92,True,,79990.0,True,False,False
10.1021/je8001249#d5#p1#r1,10.1021/je8001249#d5#p1,10.1021/je8001249.json,5,1,1,"InChI=1S/C7H8/c1-7-5-3-2-4-6-7/h2-6H,1H3",YXFVVABEGXRONW-UHFFFAOYSA-N,toluene,C7H8,10.1021/je8001249,2008,"Boiling temperature at pressure P, K",Liquid,"[""Liquid"",""Gas""]",Ebulliometric method (Recirculating still),375.66,"{""nPropValue"":375.66,""CombinedUncertainty"":{""nCombUncertAssessNum"":1,""nCombExpandUncertValue"":0.2},""nPropNumber"":1,""nPropDigits"":5}",variable,"{""nVarValue"":79.99,""nVarDigits"":4,""nVarNumber"":1}",375.66,True,,79990.0,True,False,False
10.1021/je8001249#d8#p1#r1,10.1021/je8001249#d8#p1,10.1021/je8001249.json,8,1,1,"InChI=1S/C8H17Cl/c1-3-5-6-8(4-2)7-9/h8H,3-7H2,1-2H3",WLVCBAMXYMWGLJ-UHFFFAOYSA-N,1-chloro-2-ethylhexane,C8H17Cl,10.1021/je8001249,2008,"Boiling temperature at pressure P, K",Liquid,"[""Liquid"",""Gas""]",Ebulliometric method (Recirculating still),436.17,"{""nPropDigits"":5,""nPropNumber"":1,""CombinedUncertainty"":{""nCombExpandUncertValue"":0.2,""nCombUncertAssessNum"":1},""nPropValue"":436.17}",variable,"{""nVarValue"":79.99,""nVarDigits"":4,""nVarNumber"":1}",436.17,True,,79990.0,True,False,False
10.1021/je8001249#d11#p1#r1,10.1021/je8001249#d11#p1,10.1021/je8001249.json,11,1,1,"InChI=1S/C8H18O/c1-3-5-6-8(4-2)7-9/h8-9H,3-7H2,1-2H3",YIWUKEYIRIRTPP-UHFFFAOYSA-N,2-ethyl-1-hexanol,C8H18O,10.1021/je8001249,2008,"Boiling temperature at pressure P, K",Liquid,"[""Liquid"",""Gas""]",Ebulliometric method (Recirculating still),449.23,"{""nPropValue"":449.23,""CombinedUncertainty"":{""nCombExpandUncertValue"":0.2,""nCombUncertAssessNum"":1},""nPropDigits"":5,""nPropNumber"":1}",variable,"{""nVarValue"":79.99,""nVarDigits"":4,""nVarNumber"":1}",449.23,True,,79990.0,True,False,False
10.1021/je800481n#d1#p1#r1,10.1021/je800481n#d1#p1,10.1021/je800481n.json,1,1,1,"InChI=1S/C3H7NO/c1-3(5)4-2/h1-2H3,(H,4,5)",OHLUUHNLEMFGTQ-UHFFFAOYSA-N,N-methylacetamide,C3H7NO,10.1021/je800481n,2009,"Boiling temperature at pressure P, K",Liquid,"[""Liquid"",""Gas""]",Ebulliometric method (Recirculating still),479.15,"{""nPropNumber"":1,""nPropDigits"":5,""nPropValue"":479.15,""CombinedUncertainty"":{""nCombUncertAssessNum"":1,""nCombExpandUncertValue"":0.12}}",variable,"{""nVarValue"":101.3,""nVarNumber"":1,""nVarDigits"":4}",479.15,True,,101300.0,True,False,False
10.1021/je800481n#d3#p1#r1,10.1021/je800481n#d3#p1,10.1021/je800481n.json,3,1,1,InChI=1S/C4H9NO/c1-4(6)5(2)3/h1-3H3,FXHOOIRPVKKKFG-UHFFFAOYSA-N,"N,N-dimethylethanamide",C4H9NO,10.1021/je800481n,2009,"Boiling temperature at pressure P, K",Liquid,"[""Liquid"",""Gas""]",Ebulliometric method (Recirculating still),438.77,"{""CombinedUncertainty"":{""nCombExpandUncertValue"":0.12,""nCombUncertAssessNum"":1},""nPropValue"":438.77,""nPropNumber"":1,""nPropDigits"":5}",variable,"{""nVarValue"":101.3,""nVarDigits"":4,""nVarNumber"":1}",438.77,True,,101300.0,True,False,False
10.1021/je800481n#d5#p1#r1,10.1021/je800481n#d5#p1,10.1021/je800481n.json,5,1,1,"InChI=1S/C9H12/c1-8(2)9-6-4-3-5-7-9/h3-8H,1-2H3",RWGFKTVRMDUZSP-UHFFFAOYSA-N,isopropylbenzene,C9H12,10.1021/je800481n,2009,"Boiling temperature at pressure P, K",Liquid,"[""Liquid"",""Gas""]",Ebulliometric method (Recirculating still),425.44,"{""nPropDigits"":5,""nPropNumber"":1,""CombinedUncertainty"":{""nCombUncertAssessNum"":1,""nCombExpandUncertValue"":0.12},""nPropValue"":425.44}",variable,"{""nVarValue"":101.3,""nVarNumber"":1,""nVarDigits"":4}",425.44,True,,101300.0,True,False,False
10.1021/je800915d#d2#p1#r1,10.1021/je800915d#d2#p1,10.1021/je800915d.json,2,1,1,InChI=1S/C6H6/c1-2-4-6-5-3-1/h1-6H,UHOVQNZJYSORNB-UHFFFAOYSA-N,benzene,C6H6,10.1021/je800915d,2009,"Boiling temperature at pressure P, K",Liquid,"[""Liquid"",""Gas""]",Ebulliometric method (Recirculating still),352.97,"{""CombinedUncertainty"":{""nCombUncertAssessNum"":1,""nCombExpandUncertValue"":0.04},""nPropValue"":352.97,""nPropNumber"":1,""nPropDigits"":5}",variable,"{""nVarNumber"":1,""nVarDigits"":5,""nVarValue"":101.31}",352.97,True,,101310.0,True,False,False
10.1021/je800915d#d5#p1#r1,10.1021/je800915d#d5#p1,10.1021/je800915d.json,5,1,1,InChI=1S/C3H6O2/c1-3(4)5-2/h1-2H3,KXKVLQRXCPHEJC-UHFFFAOYSA-N,methyl ethanoate,C3H6O2,10.1021/je800915d,2009,"Boiling temperature at pressure P, K",Liquid,"[""Liquid"",""Gas""]",Ebulliometric method (Recirculating still),330.03,"{""nPropNumber"":1,""nPropDigits"":5,""nPropValue"":330.03,""CombinedUncertainty"":{""nCombUncertAssessNum"":1,""nCombExpandUncertValue"":0.6}}",variable,"{""nVarDigits"":5,""nVarNumber"":1,""nVarValue"":101.31}",330.03,True,,101310.0,True,False,False
10.1021/je800915d#d8#p1#r1,10.1021/je800915d#d8#p1,10.1021/je800915d.json,8,1,1,"InChI=1S/C6H12O2/c1-3-4-5-8-6(2)7/h3-5H2,1-2H3",DKPFZGUDAPQIHT-UHFFFAOYSA-N,butyl ethanoate,C6H12O2,10.1021/je800915d,2009,"Boiling temperature at pressure P, K",Liquid,"[""Liquid"",""Gas""]",Ebulliometric method (Recirculating still),398.1,"{""nPropValue"":398.1,""CombinedUncertainty"":{""nCombUncertAssessNum"":1,""nCombExpandUncertValue"":0.06},""nPropNumber"":1,""nPropDigits"":4}",variable,"{""nVarNumber"":1,""nVarDigits"":5,""nVarValue"":101.31}",398.1,True,,101310.0,True,False,False
10.1021/je800915d#d11#p1#r1,10.1021/je800915d#d11#p1,10.1021/je800915d.json,11,1,1,"InChI=1S/C8H16O2/c1-3-4-5-6-7-8(9)10-2/h3-7H2,1-2H3",XNCNNDVCAUWAIT-UHFFFAOYSA-N,methyl heptanoate,C8H16O2,10.1021/je800915d,2009,"Boiling temperature at pressure P, K",Liquid,"[""Liquid"",""Gas""]",Ebulliometric method (Recirculating still),443.63,"{""nPropNumber"":1,""nPropDigits"":5,""CombinedUncertainty"":{""nCombUncertAssessNum"":1,""nCombExpandUncertValue"":0.05},""nPropValue"":443.63}",variable,"{""nVarValue"":101.31,""nVarDigits"":5,""nVarNumber"":1}",443.63,True,,101310.0,True,False,False
10.1021/je900812v#d8#p1#r1,10.1021/je900812v#d8#p1,10.1021/je900812v.json,8,1,1,"InChI=1S/C5H12O/c1-2-3-4-5-6/h6H,2-5H2,1H3",AMQJEAYHLZJPGS-UHFFFAOYSA-N,pentan-1-ol,C5H12O,10.1021/je900812v,2010,"Boiling temperature at pressure P, K",Liquid,"[""Liquid"",""Gas""]",Ebulliometric method (Recirculating still),410.95,"{""nPropNumber"":1,""nPropDigits"":5,""CombinedUncertainty"":{""nCombUncertAssessNum"":1,""nCombExpandUncertValue"":0.3},""nPropValue"":410.95}",variable,"{""nVarNumber"":1,""nVarDigits"":4,""nVarValue"":101.3}",410.95,True,,101300.0,True,False,False
10.1021/je900812v#d12#p1#r1,10.1021/je900812v#d12#p1,10.1021/je900812v.json,12,1,1,"InChI=1S/C7H14O2/c1-3-4-5-6-9-7(2)8/h3-6H2,1-2H3",PGMYKACGEOXYJE-UHFFFAOYSA-N,pentyl ethanoate,C7H14O2,10.1021/je900812v,2010,"Boiling temperature at pressure P, K",Liquid,"[""Liquid"",""Gas""]",Ebulliometric method (Recirculating still),421.55,"{""nPropValue"":421.55,""CombinedUncertainty"":{""nCombExpandUncertValue"":0.3,""nCombUncertAssessNum"":1},""nPropDigits"":5,""nPropNumber"":1}",variable,"{""nVarDigits"":4,""nVarNumber"":1,""nVarValue"":101.3}",421.55,True,,101300.0,True,False,False
