inchi,inchikey,name,primary_pressure_rows,source_doi_count,distinct_T,temperature_levels_0p1K,T_min_K,T_max_K,T_span_K,warm_T_count,cold_T_count,long_curve,three_anchor_curve,eligible_single_source_series_count,enthalpy_rows_any_method,C_candidate_rows,C_candidate_rows_in_pressure_envelope,nist_calorimetry_label_rows,acid_name_review_flag,full_structure_and_phase_review_complete,pressure_source_dois_json,C_enthalpy_record_ids_json
"InChI=1S/C10F18/c11-1-2(12,5(17,18)9(25,26)7(21,22)3(1,13)14)6(19,20)10(27,28)8(23,24)4(1,15)16",UWEYRJFJVCLAGH-UHFFFAOYSA-N,perfluorodecalin,10,1,10,10,288.25,333.2,44.94999999999999,3,3,True,True,1,1,0,0,0,False,False,"[""10.1021/je050056e""]",[]
"InChI=1S/C10H10/c1-2-6-10-8-4-3-7-9(10)5-1/h1-3,5-7H,4,8H2",KEIFWROAQVVDBN-UHFFFAOYSA-N,"1,2-dihydronaphthalene",19,1,19,19,289.999,423.056,133.05699999999996,6,4,True,True,2,7,0,0,0,False,False,"[""10.1016/j.jct.2008.01.009""]",[]
"InChI=1S/C10H10N2/c1-2-5-10(6-3-1)9-12-8-4-7-11-12/h1-8H,9H2",AKQAJYLKBCWJBV-UHFFFAOYSA-N,1-benzylpyrazole,15,1,14,14,298.2,358.2,60.0,5,3,True,True,1,2,1,0,0,False,False,"[""10.1016/j.jct.2018.07.020""]","[""rdr250199#csvline10327""]"
"InChI=1S/C10H10N2/c1-9-2-4-10(5-3-9)12-7-6-11-8-12/h2-8H,1H3",IEAYECHBGTTWPZ-UHFFFAOYSA-N,4-methyl-phenyl-1H-imidazole,11,1,11,11,328.3,375.3,47.0,3,4,True,True,1,1,0,0,0,False,False,"[""10.1016/j.fluid.2016.11.010""]",[]
"InChI=1S/C10H10N2/c1-9-4-2-3-5-10(9)12-7-6-11-8-12/h2-8H,1H3",TWCVCECJVZOZRM-UHFFFAOYSA-N,1-(o-tolyl)-1H-imidazole,11,1,11,11,313.3,363,49.69999999999999,4,4,True,True,1,1,0,0,0,False,False,"[""10.1016/j.fluid.2016.11.010""]",[]
"InChI=1S/C10H10N2/c11-8-5-1-3-7-4-2-6-9(12)10(7)8/h1-6H,11-12H2",YFOOEYJGMMJJLS-UHFFFAOYSA-N,"1,8-diaminonaphthalene",12,1,12,12,346.1,379.3,33.19999999999999,4,4,True,True,1,1,0,0,0,False,False,"[""10.1021/je060394v""]",[]
"InChI=1S/C10H10N2O/c1-13-10-4-2-9(3-5-10)12-7-6-11-8-12/h2-8H,1H3",XNLOIFUGGCCEQX-UHFFFAOYSA-N,4-methoxy-phenyl-1H-imidazole,7,1,7,7,343.3,373.2,29.899999999999977,2,2,False,False,0,1,0,0,0,False,False,"[""10.1016/j.fluid.2016.11.010""]",[]
"InChI=1S/C10H10N2O/c1-13-10-5-3-2-4-9(10)12-7-6-11-8-12/h2-8H,1H3",UFXRSQDZZKCBBQ-UHFFFAOYSA-N,2-methoxy-phenyl-1H-imidazole,8,1,8,8,338.3,374.2,35.89999999999998,2,3,True,False,0,1,0,0,0,False,False,"[""10.1016/j.fluid.2016.11.010""]",[]
"InChI=1S/C10H10O3/c1-7(11)9-3-5-10(6-4-9)13-8(2)12/h3-6H,1-2H3",SMIOEQSLJNNKQF-UHFFFAOYSA-N,4-acetoxyacetophenone,26,1,26,26,328.88,378.32,49.44,8,8,True,True,1,2,0,0,0,False,False,"[""10.1016/j.jct.2016.12.012""]",[]
"InChI=1S/C10H10O4/c1-13-9(11)7-5-3-4-6-8(7)10(12)14-2/h3-6H,1-2H3",NIQCNGHVCWTJSM-UHFFFAOYSA-N,"dimethyl 1,2-benzenedicarboxylate",22,2,22,22,313.15,486.11,172.96000000000004,6,5,True,True,2,12,3,3,0,False,False,"[""10.1016/j.fluid.2006.06.013"",""10.1016/j.jct.2018.11.015""]","[""rdr250199#csvline10367"",""rdr250199#csvline10368"",""rdr250199#csvline10369""]"
"InChI=1S/C10H12N2/c1-2-7-12-8-11-9-5-3-4-6-10(9)12/h3-6,8H,2,7H2,1H3",LZUVIELFLONRSS-UHFFFAOYSA-N,1-propyl-1H-benzimidazole,21,1,21,21,326.7,375.9,49.19999999999999,6,8,True,True,1,1,0,0,0,False,False,"[""10.1021/je300312c""]",[]
"InChI=1S/C10H12O/c1-3-4-9-5-7-10(11-2)8-6-9/h3,5-8H,1,4H2,2H3",ZFMSMUAANRJZFM-UHFFFAOYSA-N,1-allyl-4-methoxybenzene,10,1,10,10,279.1,323.2,44.099999999999966,3,3,True,True,1,5,0,0,0,False,False,"[""10.1016/j.fluid.2019.03.004""]",[]
"InChI=1S/C10H12O/c1-3-4-9-5-7-10(11-2)8-6-9/h3-8H,1-2H3/b4-3+",RUVINXPYWBROJD-ONEGZZNKSA-N,(E)-1-(4-methoxyphenyl)propene,14,1,14,14,296.5,333.4,36.89999999999998,5,3,True,True,1,5,0,0,0,False,False,"[""10.1016/j.fluid.2019.03.004""]",[]
"InChI=1S/C10H12O2/c1-3-4-8-5-6-9(11)10(7-8)12-2/h3,5-7,11H,1,4H2,2H3",RRAFCDWBNXTKKO-UHFFFAOYSA-N,2-hydroxy-5-allylanisole,23,2,16,15,293.2,343.5,50.30000000000001,4,7,True,True,1,0,0,0,0,False,False,"[""10.1016/j.fluid.2019.03.004"",""10.1016/j.fluid.2019.112248""]",[]
"InChI=1S/C10H12O2/c1-3-4-8-5-6-9(11)10(7-8)12-2/h3-7,11H,1-2H3/b4-3+",BJIOGJUNALELMI-ONEGZZNKSA-N,2-methoxy-4-(1E)-1-propen-1-yl-phenol,20,1,20,20,313.2,358.1,44.900000000000034,6,7,True,True,1,6,0,0,0,False,False,"[""10.1016/j.fluid.2019.03.004""]",[]
"InChI=1S/C10H13BrO/c1-8(2)7-12-10-5-3-4-9(11)6-10/h3-6,8H,7H2,1-2H3",QTAHPJXZROQDCU-UHFFFAOYSA-N,1-bromo-3-isobutoxybenzene,14,1,14,14,290.2,323.2,33.0,4,4,True,True,1,1,0,0,0,False,False,"[""10.1016/j.fluid.2004.11.024""]",[]
"InChI=1S/C10H13BrO/c1-8(2)7-12-10-5-3-9(11)4-6-10/h3-6,8H,7H2,1-2H3",FMAIALVMJJUXSB-UHFFFAOYSA-N,1-bromo-4-isobutoxybenzene,16,1,16,16,293.2,333.2,40.0,6,4,True,True,1,1,0,0,0,False,False,"[""10.1016/j.fluid.2004.11.024""]",[]
"InChI=1S/C10H13BrO/c1-8(2)7-12-10-6-4-3-5-9(10)11/h3-6,8H,7H2,1-2H3",DCOQYOOGBVINTA-UHFFFAOYSA-N,1-bromo-2-isobutoxybenzene,13,1,13,13,293.3,323.2,29.899999999999977,4,4,False,False,0,1,0,0,0,False,False,"[""10.1016/j.fluid.2004.11.024""]",[]
"InChI=1S/C10H13NO2/c1-11(2)9-6-4-8(5-7-9)10(12)13-3/h4-7H,1-3H3",DBQGARDMYOMOOS-UHFFFAOYSA-N,methyl 4-(dimethylamino)benzoate,20,1,20,20,352.78,390.44,37.660000000000025,6,6,True,True,1,2,0,0,0,False,False,"[""10.1021/je2007605""]",[]
"InChI=1S/C10H14N2/c1-12-7-3-5-10(12)9-4-2-6-11-8-9/h2,4,6,8,10H,3,5,7H2,1H3/t10-/m0/s1",SNICXCGAKADSCV-JTQLQIEISA-N,(-)-3-(N-methylpyrrolidino)pyridine,23,1,22,22,288.7,373.1,84.40000000000003,7,6,True,True,1,6,0,0,0,False,False,"[""10.1016/j.jct.2018.01.014""]",[]
"InChI=1S/C10H14O/c1-6-4-9(11)8-5-7(6)10(8,2)3/h4,7-8H,5H2,1-3H3/t7-,8+/m0/s1",DCSCXTJOXBUFGB-JGVFFNPUSA-N,(-)-verbenone,24,1,11,8,273.655,308.16,34.50500000000005,3,3,True,True,1,2,1,1,1,False,False,"[""10.1016/j.jct.2013.01.009""]","[""rdr250199#csvline10618""]"
"InChI=1S/C10H14O/c1-7(2)9-5-4-8(3)10(11)6-9/h4,9H,1,5-6H2,2-3H3/t9-/m0/s1",ULDHMXUKGWMISQ-VIFPVBQESA-N,d-carvone,27,1,12,9,273.19,308.21,35.01999999999998,3,4,True,True,1,3,0,0,0,False,False,"[""10.1016/j.fluid.2019.112248""]",[]
"InChI=1S/C10H16/c1-2-9-7-4-5-8(6-7)10(9)3-1/h7-10H,1-6H2",LPSXSORODABQKT-UHFFFAOYSA-N,"tricyclo[5.2.1.0(2,6)]decane",2,1,2,2,393.98,396.02,2.0399999999999636,1,1,False,False,0,3,0,0,0,False,False,"[""10.1021/je800984q""]",[]
"InChI=1S/C10H16/c1-2-9-7-4-5-8(6-7)10(9)3-1/h7-10H,1-6H2/t7-,8+,9+,10-",LPSXSORODABQKT-FIRGSJFUSA-N,exo-tetrahydrodicyclopentadiene,9,3,9,9,335.45,400.07,64.62,5,2,True,True,0,0,0,0,0,False,False,"[""10.1016/j.fluid.2006.09.024"",""10.1016/j.fluid.2009.06.002"",""10.1016/j.fluid.2011.03.030""]",[]
"InChI=1S/C10H16/c1-2-9-7-4-5-8(6-7)10(9)3-1/h7-10H,1-6H2/t7-,8+,9-,10+",LPSXSORODABQKT-YNFQOJQRSA-N,endo-tetrahydrodicyclopentadiene,6,1,6,6,344.02,405.51,61.49000000000001,2,2,True,False,0,0,0,0,0,False,False,"[""10.1016/j.fluid.2006.09.024""]",[]
"InChI=1S/C10H16/c1-7-4-5-8-6-9(7)10(8,2)3/h4,8-9H,5-6H2,1-3H3",GRWFGVWFFZKLTI-UHFFFAOYSA-N,2-pinene,8,2,8,8,308.9,374.4,65.5,3,3,True,True,0,3,0,0,0,False,False,"[""10.1021/je025631i"",""10.1021/je8007414""]",[]
"InChI=1S/C10H16/c1-7-4-5-8-6-9(7)10(8,2)3/h4,8-9H,5-6H2,1-3H3/t8-,9-/m0/s1",GRWFGVWFFZKLTI-IUCAKERBSA-N,(S)-2-pinene,36,1,15,12,253.19,308.175,54.985000000000014,4,4,True,True,1,1,0,0,0,False,False,"[""10.1016/j.jct.2013.01.009""]",[]
"InChI=1S/C10H16/c1-7-4-5-8-6-9(7)10(8,2)3/h8-9H,1,4-6H2,2-3H3/t8-,9-/m0/s1",WTARULDDTDQWMU-IUCAKERBSA-N,"(1S,5S)-6,6-dimethyl-2-methylenebicyclo[3.1.1]heptane",36,1,12,12,253.14,308.15,55.00999999999999,4,4,True,True,1,1,0,0,0,False,False,"[""10.1016/j.jct.2013.01.009""]",[]
"InChI=1S/C10H16/c1-7-4-5-8-9(6-7)10(8,2)3/h4,8-9H,5-6H2,1-3H3",BQOFWKZOCNGFEC-UHFFFAOYSA-N,"3,7,7-trimethylbicyclo[4.1.0]hept-3-ene",2,1,2,2,356.07,378.03,21.95999999999998,1,1,False,False,0,0,0,0,0,False,False,"[""10.1016/j.jct.2018.08.015""]",[]
"InChI=1S/C10H16/c1-7-4-5-8-9(6-7)10(8,2)3/h4,8-9H,5-6H2,1-3H3/t8-,9+/m1/s1",BQOFWKZOCNGFEC-BDAKNGLRSA-N,(+)-3-carene,63,1,13,13,253.15,308.15,54.99999999999997,4,4,True,True,2,3,0,0,0,False,False,"[""10.1016/j.jct.2014.04.022""]",[]
"InChI=1S/C10H16/c1-7-8-4-5-9(6-8)10(7,2)3/h8-9H,1,4-6H2,2-3H3",CRPUJAZIXJMDBK-UHFFFAOYSA-N,"2,2-dimethyl-3-methylenebicyclo[2.2.1]heptane",2,1,2,2,357.01,378.08,21.069999999999993,1,1,False,False,0,3,0,0,0,False,False,"[""10.1021/acs.jced.8b00672""]",[]
"InChI=1S/C10H16/c1-8(2)10-6-4-9(3)5-7-10/h4,10H,1,5-7H2,2-3H3",XMGQYMWWDOXHJM-UHFFFAOYSA-N,1-methyl-4-(1-methylethenyl)cyclohexene,10,1,10,10,346.96,386.12,39.160000000000025,3,3,True,True,1,16,1,0,0,False,False,"[""10.1021/je400951k""]","[""rdr250199#csvline10680""]"
"InChI=1S/C10H16/c1-8(2)10-6-4-9(3)5-7-10/h4,10H,1,5-7H2,2-3H3/t10-/m0/s1",XMGQYMWWDOXHJM-JTQLQIEISA-N,(R)-1-methyl-4-(1-methylethenyl)cyclohexene,47,3,19,19,253.15,394.5,141.35,3,10,True,True,1,0,0,0,0,False,False,"[""10.1016/j.jct.2014.04.022"",""10.1021/je300347z"",""10.1021/je8007414""]",[]
"InChI=1S/C10H16/c1-8(2)10-6-4-9(3)5-7-10/h4,10H,1,5-7H2,2-3H3/t10-/m1/s1",XMGQYMWWDOXHJM-SNVBAGLBSA-N,(S)-1-methyl-4-(1-methylethenyl)cyclohexene,24,1,8,8,273.65,308.15,34.5,3,3,True,True,1,5,1,1,0,False,False,"[""10.1016/j.jct.2014.04.022""]","[""rdr250199#csvline10686""]"
"InChI=1S/C10H16O/c1-9(2)5-4-6-10(3)7-8-11/h5,7-8H,4,6H2,1-3H3",WTEVQBCEXWBHNA-UHFFFAOYSA-N,"3,7-dimethyl-2,6-octadienal (cis+trans)",6,1,6,6,371.6,444.3,72.69999999999999,2,3,True,False,0,1,0,0,0,False,False,"[""10.1021/je8007414""]",[]
"InChI=1S/C10H16O2Si/c1-4-13(11-2,12-3)10-8-6-5-7-9-10/h5-9H,4H2,1-3H3",OWFNNCHTAVHPBL-UHFFFAOYSA-N,ethylphenyldimethoxysilane,11,1,11,11,373.53,428.51,54.98000000000002,4,3,True,True,1,1,0,0,0,False,False,"[""10.1021/acs.jced.5b00255""]",[]
"InChI=1S/C10H18/c1-2-6-9(5-1)10-7-3-4-8-10/h9-10H,1-8H2",MAWOHFOSAIXURX-UHFFFAOYSA-N,"1,1'-bicyclopentyl",8,1,8,7,383.997,405.0275,21.03049999999996,2,2,False,False,0,5,0,0,0,False,False,"[""10.1016/j.jct.2004.04.003""]",[]
"InChI=1S/C10H18/c1-5-10(4)8-6-7-9(2)3/h5,7,10H,1,6,8H2,2-4H3",FUDNBFMOXDUIIE-UHFFFAOYSA-N,"3,7-dimethyl-1,6-octadiene",10,1,10,10,316.5,373.78,57.27999999999997,2,3,True,False,0,1,0,0,0,False,False,"[""10.1021/je400951k""]",[]
"InChI=1S/C10H18/c1-7-4-5-8-6-9(7)10(8,2)3/h7-9H,4-6H2,1-3H3/t7-,8+,9+/m0/s1",XOKSLPVRUOBDEW-DJLDLDEBSA-N,"(1RS,2SR,5RS)-2,6,6-trimethylbicyclo[3.1.1]heptane",9,1,9,9,330.27,379.03,48.75999999999999,3,3,True,True,1,0,0,0,0,False,False,"[""10.1021/je400951k""]",[]
"InChI=1S/C10H18/c1-7-4-5-8-6-9(7)10(8,2)3/h7-9H,4-6H2,1-3H3/t7-,8-,9-/m0/s1",XOKSLPVRUOBDEW-CIUDSAMLSA-N,(-)-trans-pinane,39,1,13,13,253.15,308.15,54.99999999999997,4,4,True,True,1,0,0,0,0,False,False,"[""10.1016/j.jct.2014.04.022""]",[]
"InChI=1S/C10H18N2/c1-2-3-4-5-6-8-12-9-7-11-10-12/h7,9-10H,2-6,8H2,1H3",NQQMTFKCFYHSBJ-UHFFFAOYSA-N,1-heptylimidazole,31,1,31,28,312.5,366.2,53.69999999999999,6,8,True,True,1,1,0,0,0,False,False,"[""10.1016/j.jct.2011.05.004""]",[]
"InChI=1S/C10H18N2/c1-3-4-5-6-8-12-9-7-11-10(12)2/h7,9H,3-6,8H2,1-2H3",YFSQYUBYYKHCQV-UHFFFAOYSA-N,1-hexyl-2-methyl-1H-imidazole,18,1,18,18,313,362.9,49.89999999999998,5,7,True,True,1,1,0,0,0,False,False,"[""10.1021/je200336c""]",[]
"InChI=1S/C10H18O/c1-5-10(4,11)8-6-7-9(2)3/h5,7,11H,1,6,8H2,2-4H3",CDOSHBSSFJOMGT-UHFFFAOYSA-N,"3,7-dimethyl-1,6-octadien-3-ol",34,2,33,30,284.62,417.1,132.48000000000002,3,15,True,True,1,6,0,0,0,False,False,"[""10.1016/j.fluid.2014.11.026"",""10.1021/je8007414""]",[]
"InChI=1S/C10H18O/c1-9(2)5-4-6-10(3)7-8-11/h5,7,11H,4,6,8H2,1-3H3/b10-7+",GLZPCOQZEFWAFX-JXMROGBWSA-N,"(E)-3,7-dimethyl-2,6-octadien-1-ol",57,1,21,15,293.14,362.93,69.79000000000002,5,5,True,True,1,3,0,0,0,False,False,"[""10.1016/j.fluid.2015.07.031""]",[]
"InChI=1S/C10H18O/c1-9(2)8-4-6-10(3,11-9)7-5-8/h8H,4-7H2,1-3H3",WEEGYLXZBRQIMU-UHFFFAOYSA-N,"1,3,3-trimethyl-2-oxabicyclo[2.2.2]octane",36,4,16,16,278.15,392.75,114.60000000000002,3,7,True,True,3,0,0,0,0,False,False,"[""10.1016/j.fluid.2011.07.002"",""10.1021/je100577v"",""10.1021/je200011e"",""10.1021/je300736k""]",[]
"InChI=1S/C10H18O2/c1-2-3-4-5-6-9-7-8-10(11)12-9/h9H,2-8H2,1H3",IFYYFLINQYPWGJ-UHFFFAOYSA-N,.gamma.-decalactone,20,1,19,18,313.1,365,51.89999999999998,4,6,True,True,1,2,0,0,0,False,False,"[""10.1016/j.jct.2008.02.002""]",[]
"InChI=1S/C10H18O2/c1-2-3-4-6-9-7-5-8-10(11)12-9/h9H,2-8H2,1H3",GHBSPIPJMLAMEP-UHFFFAOYSA-N,"2H-pyran-2-one, tetrahydro-6-pentyl-",21,1,21,20,316,358.2,42.19999999999999,6,7,True,True,1,0,0,0,0,False,False,"[""10.1016/j.jct.2006.06.010""]",[]
"InChI=1S/C10H18O2/c1-2-6-10(11)12-9-7-4-3-5-8-9/h9H,2-8H2,1H3",VZHUBBUZNIULNM-UHFFFAOYSA-N,cyclohexyl butanoate,30,1,29,26,273.17,313.2,40.02999999999997,8,6,True,True,2,7,2,2,1,False,False,"[""10.1021/je025634v""]","[""rdr250199#csvline10839"",""rdr250199#csvline10840""]"
"InChI=1S/C10H18O4/c1-13-9(11)7-5-3-4-6-8-10(12)14-2/h3-8H2,1-2H3",LNLCRJXCNQABMV-UHFFFAOYSA-N,dimethyl octanedioate,12,1,12,12,298.3,352.1,53.80000000000001,4,4,True,True,1,1,0,0,0,False,False,"[""10.1021/je0602418""]",[]
"InChI=1S/C10H18O4/c1-3-13-9(11)7-5-6-8-10(12)14-4-2/h3-8H2,1-2H3",VIZORQUEIQEFRT-UHFFFAOYSA-N,diethyl hexanedioate,15,1,15,15,303.5,352.2,48.69999999999999,6,3,True,True,1,5,0,0,0,False,False,"[""10.1021/je100231g""]",[]
"InChI=1S/C10H18O4/c1-3-5-7-13-9(11)10(12)14-8-6-4-2/h3-8H2,1-2H3",JKRZOJADNVOXPM-UHFFFAOYSA-N,di-n-butyl oxalate,53,1,51,48,293.4,358.2,64.80000000000001,10,12,True,True,1,2,0,0,0,False,False,"[""10.1021/je100231g""]",[]
"InChI=1S/C10H18O4/c1-3-7-13-9(11)5-6-10(12)14-8-4-2/h3-8H2,1-2H3",SZHZCPHKDJWHNG-UHFFFAOYSA-N,"butanedioic acid, dipropyl ester",14,1,14,14,308.3,343.5,35.19999999999999,5,4,True,True,1,6,0,0,0,False,False,"[""10.1021/je100231g""]",[]
"InChI=1S/C10H18O4/c1-7(2)13-9(11)5-6-10(12)14-8(3)4/h7-8H,5-6H2,1-4H3",YPLYFEUBZLLLIY-UHFFFAOYSA-N,bis(1-methylethyl) butanedioate,12,1,12,12,304.4,333.3,28.900000000000034,4,3,False,False,0,2,0,0,0,False,False,"[""10.1016/j.fluid.2011.07.007""]",[]
"InChI=1S/C10H18O4/c1-9(2,3)13-7(11)8(12)14-10(4,5)6/h1-6H3",CIYGMWIAXRMHQS-UHFFFAOYSA-N,di-tert-butyl oxalate,15,1,15,15,345.6,371.2,25.599999999999966,3,7,False,False,0,1,0,0,0,False,False,"[""10.1016/j.fluid.2011.07.007""]",[]
"InChI=1S/C10H19N/c1-2-3-4-5-6-7-8-9-10-11/h2-9H2,1H3",HBZDPWBWBJMYRY-UHFFFAOYSA-N,1-decanenitrile,12,1,12,12,295.2,326.3,31.100000000000023,3,3,True,True,1,0,0,0,0,False,False,"[""10.1016/j.jct.2004.08.004""]",[]
"InChI=1S/C10H20O/c1-5-9(2)7-6-8-10(3,4)11/h5,9,11H,1,6-8H2,2-4H3",XSNQECSCDATQEL-UHFFFAOYSA-N,"2,6-dimethyl-7-octen-2-ol",11,1,11,11,351.52,407.61,56.09000000000003,3,4,True,True,1,1,0,0,0,False,False,"[""10.1021/je400951k""]",[]
"InChI=1S/C10H20O/c1-9(2)5-4-6-10(3)7-8-11/h5,10-11H,4,6-8H2,1-3H3/t10-/m0/s1",QMVPMAAFGQKVCJ-JTQLQIEISA-N,"(S)-3,7-dimethyl-6-octen-1-ol",57,1,32,15,293.15999999999997,362.975,69.81500000000005,5,5,True,True,1,0,0,0,0,False,False,"[""10.1016/j.fluid.2015.07.031""]",[]
"InChI=1S/C10H20O2/c1-3-4-5-6-7-8-9-12-10(2)11/h3-9H2,1-2H3",YLYBTZIQSIBWLI-UHFFFAOYSA-N,octyl ethanoate,12,1,12,12,274.5,309.2,34.69999999999999,4,4,True,True,1,4,0,0,0,False,False,"[""10.1016/j.jct.2005.08.003""]",[]
"InChI=1S/C10H20O2/c1-3-5-6-7-8-9-10(11)12-4-2/h3-9H2,1-2H3",YYZUSRORWSJGET-UHFFFAOYSA-N,ethyl octanoate,14,1,14,14,273.26,422.12,148.86,5,5,True,True,1,5,0,0,0,False,False,"[""10.1021/je200730m""]",[]
"InChI=1S/C10H21N3/c1-2-3-4-5-6-7-8-9-10-12-13-11/h2-10H2,1H3",AQDUJQUHCZDQBC-UHFFFAOYSA-N,1-decyl azide,10,1,10,10,299.1,344.1,45.0,3,3,True,True,1,1,0,0,0,False,False,"[""10.1016/j.tca.2014.10.015""]",[]
"InChI=1S/C10H21NO/c1-4-6-8-11(10(3)12)9-7-5-2/h4-9H2,1-3H3",MEXKFCWMWJZDMF-UHFFFAOYSA-N,"N,N-dibutylacetamide",27,1,26,24,291.8,343.6,51.80000000000001,7,6,True,True,1,2,0,0,0,False,False,"[""10.1016/j.fluid.2019.112241""]",[]
"InChI=1S/C10H22/c1-3-5-7-9-10-8-6-4-2/h3-10H2,1-2H3",DIOQZVSQGTUSAI-UHFFFAOYSA-N,decane,83,6,63,48,276.765,390.21,113.445,12,14,True,True,3,25,7,7,2,False,False,"[""10.1021/acs.jced.6b00523"",""10.1021/acs.jced.7b00875"",""10.1021/acs.jced.8b00125"",""10.1021/je100832h"",""10.1021/je400551d"",""10.1021/je7001122""]","[""rdr250199#csvline11044"",""rdr250199#csvline11045"",""rdr250199#csvline11046"",""rdr250199#csvline11047"",""rdr250199#csvline11059"",""rdr250199#csvline11063"",""rdr250199#csvline11064""]"
"InChI=1S/C10H22O/c1-2-3-4-5-6-7-8-9-10-11/h11H,2-10H2,1H3",MWKFXSUHUHTGQN-UHFFFAOYSA-N,decan-1-ol,8,3,5,5,308.15,436.56,128.41000000000003,1,4,False,False,0,17,3,1,0,False,False,"[""10.1016/j.jct.2003.09.009"",""10.1016/j.tca.2016.12.010"",""10.1021/je030168a""]","[""rdr250199#csvline11173"",""rdr250199#csvline11174"",""rdr250199#csvline11175""]"
"InChI=1S/C10H22O/c1-7-11-10(5,6)8-9(2,3)4/h7-8H2,1-6H3",JGPJRBWLBUGAQN-UHFFFAOYSA-N,"ethyl 1,1,3,3-tetramethylbutyl ether",10,1,10,10,274.3,301.2,26.899999999999977,3,3,False,False,0,1,0,0,0,False,False,"[""10.1021/je0255980""]",[]
"InChI=1S/C10H22O3/c1-2-3-4-5-7-12-9-10-13-8-6-11/h11H,2-10H2,1H3",GZMAAYIALGURDQ-UHFFFAOYSA-N,2-(2-hexyloxyethoxy)ethanol,18,2,16,14,402.985,473.15,70.16499999999996,5,7,True,True,1,3,0,0,0,False,False,"[""10.1021/je034096z"",""10.1021/je049627d""]",[]
"InChI=1S/C10H23N/c1-2-3-4-5-6-7-8-9-10-11/h2-11H2,1H3",MHZGKXUYDGKKIU-UHFFFAOYSA-N,1-decanamine,32,1,25,25,299.1,343,43.89999999999998,7,9,True,True,1,6,0,0,0,False,False,"[""10.1021/je400212t""]",[]
InChI=1S/C10H24N2/c11-9-7-5-3-1-2-4-6-8-10-12/h1-12H2,YQLZOAVZWJBZSY-UHFFFAOYSA-N,"1,10-diaminodecane",20,1,19,17,338.15,353.15,15.0,7,4,False,False,0,2,0,0,0,False,False,"[""10.1016/j.jct.2011.06.008""]",[]
"InChI=1S/C10H30O5Si5/c1-16(2)11-17(3,4)13-19(7,8)15-20(9,10)14-18(5,6)12-16/h1-10H3",XMSXQFUHVRWGNA-UHFFFAOYSA-N,decamethylcyclopentasiloxane,16,1,16,16,348.23,416.46,68.22999999999996,4,6,True,True,1,5,1,0,0,False,False,"[""10.1021/je050173+""]","[""rdr250199#csvline15778""]"
"InChI=1S/C10H3F17/c1-2-3(11,12)4(13,14)5(15,16)6(17,18)7(19,20)8(21,22)9(23,24)10(25,26)27/h2H,1H2",NKAMGQZDVMQEJL-UHFFFAOYSA-N,"3,3,4,4,5,5,6,6,7,7,8,8,9,9,10,10,10-heptadecafluoro-1-decene",4,1,4,4,254.15,309.15,54.99999999999997,1,1,False,False,0,4,0,0,0,False,False,"[""10.1021/je400205g""]",[]
"InChI=1S/C10H5F15O2/c1-2-27-3(26)4(11,12)5(13,14)6(15,16)7(17,18)8(19,20)9(21,22)10(23,24)25/h2H2,1H3",JTOFFHFAQBLPTM-UHFFFAOYSA-N,ethyl perfluorooctanoate,4,1,4,4,263.15,308.15,45.0,1,1,False,False,0,4,0,0,0,False,False,"[""10.1021/je400205g""]",[]
"InChI=1S/C10H5F17O/c11-3(12,1-2-28)4(13,14)5(15,16)6(17,18)7(19,20)8(21,22)9(23,24)10(25,26)27/h28H,1-2H2",JJUBFBTUBACDHW-UHFFFAOYSA-N,"1-decanol, 3,3,4,4,5,5,6,6,7,7,8,8,9,9,-heptadecafluoro",6,1,6,6,357.15,415.15,58.0,2,2,True,False,0,0,0,0,0,False,False,"[""10.1021/je034222z""]",[]
InChI=1S/C10H8/c1-2-6-10-8-4-3-7-9(10)5-1/h1-8H,UFWIBTONFRDIAS-UHFFFAOYSA-N,naphthalene,27,2,23,15,355.35,422.548,67.19799999999998,3,6,True,True,1,27,1,0,0,False,False,"[""10.1021/acs.jced.5b00752"",""10.1021/acs.jced.6b00523""]","[""rdr250199#csvline10251""]"
"InChI=1S/C10H8O/c11-10-7-3-5-8-4-1-2-6-9(8)10/h1-7,11H",KJCVRFUGPWSIIH-UHFFFAOYSA-N,1-naphthol,27,1,27,27,369.98,495.526,125.54599999999999,5,9,True,True,2,7,0,0,0,False,False,"[""10.1016/j.jct.2015.02.008""]",[]
"InChI=1S/C10H9N/c1-8-4-2-5-9-6-3-7-11-10(8)9/h2-7H,1H3",JRLTTZUODKEYDH-UHFFFAOYSA-N,8-methylquinoline,19,1,19,19,315.614,457.459,141.84500000000003,6,5,True,True,2,9,1,0,0,False,False,"[""10.1021/je049595u""]","[""rdr250199#csvline10303""]"
"InChI=1S/C10H9N/c1-8-6-7-9-4-2-3-5-10(9)11-8/h2-7H,1H3",SMUQFGGVLNAIOZ-UHFFFAOYSA-N,2-methylquinoline,17,1,17,17,319.989,457.677,137.68800000000005,6,4,True,True,2,0,0,0,0,False,False,"[""10.1021/je049595u""]",[]
"InChI=1S/C10H9N/c11-10-7-3-5-8-4-1-2-6-9(8)10/h1-7H,11H2",RUFPHBVGCFYCNW-UHFFFAOYSA-N,1-naphthalenamine,11,1,11,11,323.2,353.1,29.900000000000034,3,3,False,False,0,2,0,0,0,False,False,"[""10.1021/je060394v""]",[]
"InChI=1S/C10HF19O2/c11-2(12,1(30)31)3(13,14)4(15,16)5(17,18)6(19,20)7(21,22)8(23,24)9(25,26)10(27,28)29/h(H,30,31)",PCIUEQPBYFRTEM-UHFFFAOYSA-N,nonadecafluorodecanoic acid,5,1,5,5,402.71,436.83,34.120000000000005,1,2,False,False,0,0,0,0,0,True,False,"[""10.1021/je050070r""]",[]
"InChI=1S/C11H11N/c1-8-3-6-11-10(7-8)5-4-9(2)12-11/h3-7H,1-2H3",JJPSZKIOGBRMHK-UHFFFAOYSA-N,"2,6-dimethylquinoline",19,1,19,19,336.987,476.574,139.587,6,5,True,True,2,9,0,0,0,False,False,"[""10.1016/j.jct.2006.10.012""]",[]
"InChI=1S/C11H12O4/c1-14-10-7-8(3-5-9(10)12)4-6-11(13)15-2/h3-7,12H,1-2H3",AUJXJFHANFIVKH-UHFFFAOYSA-N,methyl 3-(4-hydroxy-3-methoxyphenyl)-2-propenoate,4,1,4,4,368.1,376.2,8.099999999999966,1,2,False,False,0,0,0,0,0,False,False,"[""10.1016/j.fluid.2016.01.035""]",[]
"InChI=1S/C11H14N2/c1-2-3-8-13-9-12-10-6-4-5-7-11(10)13/h4-7,9H,2-3,8H2,1H3",SHPPDRZENGVOOR-UHFFFAOYSA-N,1-butyl-1H-benzimidazole,21,1,21,21,332.3,375,42.69999999999999,6,6,True,True,1,1,0,0,0,False,False,"[""10.1021/je300312c""]",[]
"InChI=1S/C11H14O3/c1-8(2)7-14-10-5-3-4-9(6-10)11(12)13/h3-6,8H,7H2,1-2H3,(H,12,13)",HNFBIJQQSNTRRR-UHFFFAOYSA-N,3-iso-butoxybenzoic acid,16,1,16,16,354.8,382.7,27.899999999999977,4,6,False,False,0,1,0,0,0,True,False,"[""10.1016/j.tca.2015.07.011""]",[]
"InChI=1S/C11H14O3/c1-8(2)7-14-10-6-4-3-5-9(10)11(12)13/h3-6,8H,7H2,1-2H3,(H,12,13)",SUSANQWSCSKXPF-UHFFFAOYSA-N,2-iso-butoxybenzoic acid,24,1,23,21,353.1,398.1,45.0,6,3,True,True,1,1,0,0,0,True,False,"[""10.1016/j.tca.2015.07.011""]",[]
"InChI=1S/C11H15BrO/c1-8(2)7-13-11-5-4-9(3)6-10(11)12/h4-6,8H,7H2,1-3H3",YVHDBWCXOLXDDD-UHFFFAOYSA-N,2-bromo-1-isobutoxy-4-methylbenzene,23,1,20,17,298.3,328.2,29.899999999999977,4,6,False,False,0,1,0,0,0,False,False,"[""10.1016/j.fluid.2004.11.024""]",[]
"InChI=1S/C11H15BrO3/c1-13-6-7-14-8-9-15-11-5-3-2-4-10(11)12/h2-5H,6-9H2,1H3",DRXYAKQXGFANKR-UHFFFAOYSA-N,1-bromo-2-(2-(2-methoxyethoxy)ethoxy)benzene,22,1,21,21,339.1,373.5,34.39999999999998,5,7,True,True,1,1,0,0,0,False,False,"[""10.1016/j.fluid.2006.09.001""]",[]
"InChI=1S/C11H16/c1-2-3-5-8-11-9-6-4-7-10-11/h4,6-7,9-10H,2-3,5,8H2,1H3",PWATWSYOIIXYMA-UHFFFAOYSA-N,pentylbenzene,15,1,15,14,284.5,323.2,38.69999999999999,4,4,True,True,1,3,0,0,0,False,False,"[""10.1016/j.jct.2005.11.009""]",[]
"InChI=1S/C11H16O/c1-11(2,3)12-9-10-7-5-4-6-8-10/h4-8H,9H2,1-3H3",TZGIRWVSWPFWBP-UHFFFAOYSA-N,"ether, benzyl tert-butyl",25,1,25,24,277.8,308,30.19999999999999,5,7,True,True,1,1,0,0,0,False,False,"[""10.1021/je049823k""]",[]
"InChI=1S/C11H20N2/c1-3-4-5-6-7-9-13-10-8-12-11(13)2/h8,10H,3-7,9H2,1-2H3",MKUQCQQAMZMTHI-UHFFFAOYSA-N,1-heptyl-2-methyl-1H-imidazole,32,1,30,30,313.2,368.4,55.19999999999999,8,10,True,True,1,1,0,0,0,False,False,"[""10.1021/je200336c""]",[]
"InChI=1S/C11H20O2/c1-2-3-9-11(12)13-10-7-5-4-6-8-10/h10H,2-9H2,1H3",YLCHTSSXNSNXSW-UHFFFAOYSA-N,"pentanoic acid, cyclohexyl ester",41,1,32,31,283.54,332.2,48.65999999999997,8,6,True,True,2,4,1,1,1,False,False,"[""10.1021/je025634v""]","[""rdr250199#csvline11453""]"
"InChI=1S/C11H20O4/c1-10(2,3)14-8(12)7-9(13)15-11(4,5)6/h7H2,1-6H3",CLPHAYNBNTVRDI-UHFFFAOYSA-N,"bis(1,1-dimethylethyl) propanedioate",21,1,21,21,293.7,345.5,51.80000000000001,5,7,True,True,1,1,0,0,0,False,False,"[""10.1016/j.fluid.2011.07.007""]",[]
"InChI=1S/C11H20O4/c1-14-10(12)8-6-4-3-5-7-9-11(13)15-2/h3-9H2,1-2H3",DRUKNYVQGHETPO-UHFFFAOYSA-N,dimethyl nonanedioate,36,1,25,22,318.2,373.8,55.60000000000002,7,7,True,True,1,2,0,0,0,False,False,"[""10.1021/je0602418""]",[]
"InChI=1S/C11H20O4/c1-3-5-7-14-10(12)9-11(13)15-8-6-4-2/h3-9H2,1-2H3",NFKGQHYUYGYHIS-UHFFFAOYSA-N,"dibutyl 1,3-propanedioate",20,1,20,20,303.2,369.2,66.0,5,4,True,True,1,2,0,0,0,False,False,"[""10.1021/je100231g""]",[]
"InChI=1S/C11H20O4/c1-3-8-14-10(12)6-5-7-11(13)15-9-4-2/h3-9H2,1-2H3",IXAVSISAEGUDSL-UHFFFAOYSA-N,"pentanedioic acid, dipropyl ester",19,1,19,19,313.3,353.5,40.19999999999999,5,6,True,True,1,2,0,0,0,False,False,"[""10.1021/je100231g""]",[]
"InChI=1S/C11H20O4/c1-8(2)14-10(12)6-5-7-11(13)15-9(3)4/h8-9H,5-7H2,1-4H3",MSQKMFXJFBXZNQ-UHFFFAOYSA-N,bis(1-methylethyl) pentanedioate,12,1,12,12,294.5,327.4,32.89999999999998,4,4,True,True,1,1,0,0,0,False,False,"[""10.1016/j.fluid.2011.07.007""]",[]
"InChI=1S/C11H21N/c1-2-3-4-5-6-7-8-9-10-11-12/h2-10H2,1H3",SZKKNEOUHLFYNA-UHFFFAOYSA-N,1-decylcyanide,21,1,21,17,298.2,340.3,42.10000000000002,6,5,True,True,1,3,1,0,0,False,False,"[""10.1016/j.jct.2004.08.004""]","[""rdr250199#csvline11490""]"
"InChI=1S/C11H22O2/c1-3-4-5-6-7-8-9-10-11(12)13-2/h3-10H2,1-2H3",YRHYCMZPEVDGFQ-UHFFFAOYSA-N,methyl decanoate,148,4,141,102,280.64,432.65,152.01,10,62,True,True,2,0,0,0,0,False,False,"[""10.1016/j.jct.2016.07.024"",""10.1016/j.jct.2016.11.024"",""10.1016/j.jct.2017.09.020"",""10.1016/j.jct.2019.01.007""]",[]
"InChI=1S/C11H22O2/c1-3-4-5-6-7-8-9-10-13-11(2)12/h3-10H2,1-2H3",GJQIMXVRFNLMTB-UHFFFAOYSA-N,nonyl ethanoate,10,1,10,10,281.8,309.2,27.399999999999977,3,3,False,False,0,3,0,0,0,False,False,"[""10.1016/j.jct.2005.08.003""]",[]
"InChI=1S/C11H22O2/c1-3-5-6-7-8-9-10-13-11(12)4-2/h3-10H2,1-2H3",CEQGYPPMTKWBIU-UHFFFAOYSA-N,octyl propanoate,16,1,16,16,293.3,348.4,55.099999999999966,6,6,True,True,1,2,0,0,0,False,False,"[""10.1016/j.fluid.2012.08.003""]",[]
"InChI=1S/C11H24/c1-3-5-7-9-11-10-8-6-4-2/h3-11H2,1-2H3",RSJKGSCJYJTIGS-UHFFFAOYSA-N,undecane,1,1,1,1,393.4,393.4,0.0,1,1,False,False,0,11,7,0,0,False,False,"[""10.1016/j.fluid.2013.10.012""]","[""rdr250199#csvline11597"",""rdr250199#csvline11598"",""rdr250199#csvline11599"",""rdr250199#csvline11600"",""rdr250199#csvline11601"",""rdr250199#csvline11602"",""rdr250199#csvline11603""]"
"InChI=1S/C11H24O/c1-7-8-12-11(5,6)9-10(2,3)4/h7-9H2,1-6H3",LAAOKLJBELVTBX-UHFFFAOYSA-N,"pentane, 2-propoxy-2,4,4-trimethyl-",23,1,23,23,274.3,308.2,33.89999999999998,11,5,True,True,1,1,0,0,0,False,False,"[""10.1021/je0255980""]",[]
InChI=1S/C11H26N2/c12-10-8-6-4-2-1-3-5-7-9-11-13/h1-13H2,KLNPWTHGTVSSEU-UHFFFAOYSA-N,"1,11-Diaminoundecane",13,1,13,13,326.2,353.1,26.900000000000034,4,3,False,False,0,0,0,0,0,False,False,"[""10.1016/j.jct.2011.06.008""]",[]
InChI=1S/C11H7N/c12-8-10-6-3-5-9-4-1-2-7-11(9)10/h1-7H,YJMNOKOLADGBKA-UHFFFAOYSA-N,1-cyanonaphthalene,15,1,15,15,317.4,353.2,35.80000000000001,5,4,True,True,1,1,0,0,0,False,False,"[""10.1016/j.tca.2018.07.026""]",[]
"InChI=1S/C11HF21O2/c12-2(13,1(33)34)3(14,15)4(16,17)5(18,19)6(20,21)7(22,23)8(24,25)9(26,27)10(28,29)11(30,31)32/h(H,33,34)",SIDINRCMMRKXGQ-UHFFFAOYSA-N,perfluoroundecanoic acid,8,1,8,8,385.19,445.17,59.98000000000002,2,3,True,False,0,0,0,0,0,True,False,"[""10.1021/je050070r""]",[]
InChI=1S/C12H10/c1-3-7-11(8-4-1)12-9-5-2-6-10-12/h1-10H,ZUOUZKKEUPVFJK-UHFFFAOYSA-N,biphenyl,12,1,11,11,345.7,376.2,30.5,4,5,True,True,1,19,0,0,0,False,False,"[""10.1016/j.jct.2018.02.025""]",[]
InChI=1S/C12H10O/c1-3-7-11(8-4-1)13-12-9-5-2-6-10-12/h1-10H,USIUVYZYUHIAEV-UHFFFAOYSA-N,diphenyl ether,15,1,15,15,299.3,343.7,44.39999999999998,4,5,True,True,1,7,1,0,0,False,False,"[""10.1016/j.jct.2018.05.021""]","[""rdr250199#csvline11889""]"
"InChI=1S/C12H11N/c1-3-7-11(8-4-1)13-12-9-5-2-6-10-12/h1-10,13H",DMBHHRLKUKUOEG-UHFFFAOYSA-N,diphenylamine,19,1,19,18,328.3,373.1,44.80000000000001,7,5,True,True,1,4,0,0,0,False,False,"[""10.1021/je200128y""]",[]
"InChI=1S/C12H12S/c1-3-7-11-9(5-1)10-6-2-4-8-12(10)13-11/h1,3,5,7H,2,4,6,8H2",JCLPOPNXITXHOR-UHFFFAOYSA-N,"1,2,3,4-tetrahydrodibenzothiophene",16,1,16,16,359.977,491.016,131.03900000000004,5,4,True,True,1,7,0,0,0,False,False,"[""10.1016/j.jct.2003.12.012""]",[]
"InChI=1S/C12H13N/c1-13(2)12-9-5-7-10-6-3-4-8-11(10)12/h3-9H,1-2H3",AJUXDFHPVZQOGF-UHFFFAOYSA-N,.alpha.-dimethylaminonaphthalene,12,1,12,12,298.2,334.3,36.10000000000002,4,3,True,True,1,1,0,0,0,False,False,"[""10.1021/je060394v""]",[]
"InChI=1S/C12H14O4/c1-3-15-11(13)9-7-5-6-8-10(9)12(14)16-4-2/h5-8H,3-4H2,1-2H3",FLKPEMZONWLCSK-UHFFFAOYSA-N,diethyl phthalate,58,2,54,37,322.213,494.93,172.71699999999998,4,19,True,True,2,16,0,0,0,False,False,"[""10.1016/j.jct.2004.07.025"",""10.1021/acs.jced.5b00752""]",[]
"InChI=1S/C12H16N2/c1-2-3-6-9-14-10-13-11-7-4-5-8-12(11)14/h4-5,7-8,10H,2-3,6,9H2,1H3",LCTJVCKLBZGNTC-UHFFFAOYSA-N,1-pentyl-1H-benzimidazole,19,1,17,16,341.2,375.8,34.60000000000002,4,6,True,True,1,1,0,0,0,False,False,"[""10.1021/je300312c""]",[]
"InChI=1S/C12H16O2/c1-12(2,3)10-7-5-9(6-8-10)11(13)14-4/h5-8H,1-4H3",UPIJOAFHOIWPLT-UHFFFAOYSA-N,methyl 4-tert-butylbenzoate,19,1,19,19,398.3,473.6,75.30000000000001,10,3,True,True,1,0,0,0,0,False,False,"[""10.1021/acs.jced.6b00470""]",[]
"InChI=1S/C12H18/c1-10(12(2,3)4)11-8-6-5-7-9-11/h5-10H,1-4H3",UYOAOYYUSXVILM-UHFFFAOYSA-N,"(1,2,2-trimethylpropyl)benzene",13,1,13,13,296,325.8,29.80000000000001,4,4,False,False,0,0,0,0,0,False,False,"[""10.1016/j.fluid.2008.04.016""]",[]
"InChI=1S/C12H18O/c1-8(13)12-5-9-2-10(6-12)4-11(3-9)7-12/h9-11H,2-7H2,1H3",DACIGVIOAFXPHW-UHFFFAOYSA-N,1-adamantyl methyl ketone,20,1,18,17,331.3,363.1,31.80000000000001,5,4,True,True,1,0,0,0,0,False,False,"[""10.1016/j.jct.2016.05.017""]",[]
"InChI=1S/C12H20O2/c1-8(13)14-10-7-9-5-6-12(10,4)11(9,2)3/h9-10H,5-7H2,1-4H3/t9-,10-,12+/m1/s1",KGEKLUUHTZCSIP-FOGDFJRCSA-N,"rel-(1R,2R,4R)-1,7,7-trimethylbicyclo[2.2.1]heptan-2-yl acetate",12,1,12,12,381.09,442.35,61.26000000000005,3,3,True,True,1,0,0,0,0,False,False,"[""10.1021/je400951k""]",[]
"InChI=1S/C12H20O2/c13-11-7-3-2-6-10(11)12(14)8-4-1-5-9-12/h10,14H,1-9H2",AERVJOBGBMEFDV-UHFFFAOYSA-N,"1'-hydroxy-[1,1'-bicyclohexyl]-2-one",31,1,31,30,308.22,351.5,43.27999999999997,10,7,True,True,1,0,0,0,0,False,False,"[""10.1021/je0602768""]",[]
"InChI=1S/C12H20O2Si/c1-4-13-15(6-3,14-5-2)12-10-8-7-9-11-12/h7-11H,4-6H2,1-3H3",UYJVWFZJQXTYLG-UHFFFAOYSA-N,diethoxy(ethyl)(phenyl)silane,5,1,5,5,400.94,450.61,49.670000000000016,2,3,False,False,0,1,0,0,0,False,False,"[""10.1021/acs.jced.5b00255""]",[]
"InChI=1S/C12H20O2Si/c1-5-13-15(4,14-6-2)12-10-8-7-9-11(12)3/h7-10H,5-6H2,1-4H3",IOPYEXQLVRWVIR-UHFFFAOYSA-N,diethoxy(methyl)(o-tolyl)silane,10,1,10,10,393.45,450.67,57.22000000000003,3,3,True,True,1,5,0,0,0,False,False,"[""10.1016/j.fluid.2012.08.009""]",[]
"InChI=1S/C12H20O2Si/c1-5-13-15(4,14-6-2)12-9-7-11(3)8-10-12/h7-10H,5-6H2,1-4H3",KCYXGTXDSAGGMT-UHFFFAOYSA-N,diethoxy(methyl)(p-tolyl)silane,11,1,11,11,394.65,453.16,58.51000000000005,3,3,True,True,1,6,0,0,0,False,False,"[""10.1016/j.fluid.2012.08.009""]",[]
"InChI=1S/C12H20O2Si/c1-5-13-15(4,14-6-2)12-9-7-8-11(3)10-12/h7-10H,5-6H2,1-4H3",SYTYNUJGCDXZRX-UHFFFAOYSA-N,diethoxy(methyl)(m-tolyl)silane,11,1,11,11,391.91,449.84,57.92999999999995,3,3,True,True,1,7,0,0,0,False,False,"[""10.1016/j.fluid.2012.08.009""]",[]
"InChI=1S/C12H20O6/c1-5-12(6-16-9(2)13,7-17-10(3)14)8-18-11(4)15/h5-8H2,1-4H3",YTKGRNLQFINUJR-UHFFFAOYSA-N,"2-(acetoxymethyl)-2-ethylpropane-1,3-diyl diacetate",11,1,11,11,329.6,344.6,15.0,4,3,False,False,0,1,0,0,0,False,False,"[""10.1016/j.fluid.2018.01.018""]",[]
"InChI=1S/C12H22N2/c1-2-3-4-5-6-7-8-10-14-11-9-13-12-14/h9,11-12H,2-8,10H2,1H3",KCWDRMKPLNYFEA-UHFFFAOYSA-N,1-nonylimidazole,30,1,29,28,329.1,371.2,42.099999999999966,9,9,True,True,1,0,0,0,0,False,False,"[""10.1016/j.jct.2011.05.004""]",[]
"InChI=1S/C12H22N2/c1-3-4-5-6-7-8-10-14-11-9-13-12(14)2/h9,11H,3-8,10H2,1-2H3",OWOSSTCHCATHMM-UHFFFAOYSA-N,2-methyl-1-octyl-1H-imidazole,20,1,18,18,325.1,372.8,47.69999999999999,5,6,True,True,1,1,0,0,0,False,False,"[""10.1021/je200336c""]",[]
"InChI=1S/C12H22O4/c1-11(2,3)15-9(13)7-8-10(14)16-12(4,5)6/h7-8H2,1-6H3",GOORECODRBZTKF-UHFFFAOYSA-N,di-tert-butyl succinate,16,1,15,15,323.2,355.2,32.0,5,3,True,True,1,1,0,0,0,False,False,"[""10.1016/j.fluid.2011.07.007""]",[]
"InChI=1S/C12H22O4/c1-15-11(13)9-7-5-3-4-6-8-10-12(14)16-2/h3-10H2,1-2H3",ALOUNLDAKADEEB-UHFFFAOYSA-N,dimethyl sebacate,12,1,12,12,323.4,373.8,50.400000000000034,3,4,True,True,1,1,0,0,0,False,False,"[""10.1021/je0602418""]",[]
"InChI=1S/C12H22O4/c1-3-5-9-15-11(13)7-8-12(14)16-10-6-4-2/h3-10H2,1-2H3",YUXIBTJKHLUKBD-UHFFFAOYSA-N,"butanedioic acid, dibutyl ester",18,1,18,18,313.3,358.2,44.89999999999998,5,6,True,True,1,2,0,0,0,False,False,"[""10.1021/je100231g""]",[]
"InChI=1S/C12H22O4/c1-3-9-15-11(13)7-5-6-8-12(14)16-10-4-2/h3-10H2,1-2H3",NKOUWLLFHNBUDW-UHFFFAOYSA-N,dipropyl hexanedioate,15,1,15,15,318.8,365.3,46.5,5,4,True,True,1,4,0,0,0,False,False,"[""10.1021/je100231g""]",[]
"InChI=1S/C12H22S/c1-3-7-11(8-4-1)13-12-9-5-2-6-10-12/h11-12H,1-10H2",FTAORUVBXKFVDA-UHFFFAOYSA-N,dicyclohexyl sulfide,12,1,12,12,334.984,429.965,94.981,5,3,True,True,1,6,0,0,0,False,False,"[""10.1016/j.jct.2003.11.012""]",[]
"InChI=1S/C12H23N/c1-2-3-4-5-6-7-8-9-10-11-12-13/h2-11H2,1H3",VXCUURYYWGCLIH-UHFFFAOYSA-N,n-dodecanenitrile,21,1,21,21,306.1,367.1,61.0,7,6,True,True,1,4,1,0,0,False,False,"[""10.1016/j.jct.2004.08.004""]","[""rdr250199#csvline12241""]"
"InChI=1S/C12H23N/c1-3-7-11(8-4-1)13-12-9-5-2-6-10-12/h11-13H,1-10H2",XBPCUCUWBYBCDP-UHFFFAOYSA-N,N-cyclohexylcyclohexanamine,14,1,14,14,295.4,333.2,37.80000000000001,4,4,True,True,1,3,0,0,0,False,False,"[""10.1016/j.tca.2015.03.016""]",[]
"InChI=1S/C12H23NSi2/c1-14(2,3)13(15(4,5)6)12-10-8-7-9-11-12/h7-11H,1-6H3",UUBHRQZKROMHOC-UHFFFAOYSA-N,"N,N-bis(trimethylsilyl)aniline",24,1,23,21,321.8,431.7,109.89999999999998,8,8,True,True,1,1,0,0,0,False,False,"[""10.1016/j.tca.2015.02.004""]",[]
"InChI=1S/C12H24O2/c1-3-4-5-6-7-8-9-10-11-12(13)14-2/h3-11H2,1-2H3",XPQPWPZFBULGKT-UHFFFAOYSA-N,methyl undecanoate,16,1,16,16,305.25,341.91,36.660000000000025,5,5,True,True,0,6,1,0,0,False,False,"[""10.1016/j.jct.2019.01.007""]","[""rdr250199#csvline12322""]"
"InChI=1S/C12H24O2/c1-3-4-5-6-7-8-9-10-11-14-12(2)13/h3-11H2,1-2H3",NUPSHWCALHZGOV-UHFFFAOYSA-N,decyl acetate,10,1,10,10,294,321.5,27.5,3,3,False,False,0,5,0,0,0,False,False,"[""10.1016/j.jct.2005.08.003""]",[]
"InChI=1S/C12H24O2/c1-3-5-6-7-8-9-10-11-12(13)14-4-2/h3-11H2,1-2H3",RGXWDWUGBIJHDO-UHFFFAOYSA-N,ethyl decanoate,28,3,28,27,293.77,453.15,159.38,10,10,True,True,2,8,1,1,1,False,False,"[""10.1021/je200730m"",""10.1021/je301294a"",""10.1021/je900093h""]","[""rdr250199#csvline12300""]"
"InChI=1S/C12H24O2/c1-3-5-7-9-11-14-12(13)10-8-6-4-2/h3-11H2,1-2H3",NCDCLPBOMHPFCV-UHFFFAOYSA-N,"hexanoic acid, hexyl ester",13,1,11,11,298.4,347.3,48.900000000000034,3,4,True,True,1,1,0,0,0,False,False,"[""10.1021/acs.jced.9b00419""]",[]
"InChI=1S/C12H26/c1-3-5-7-9-11-12-10-8-6-4-2/h3-12H2,1-2H3",SNRUBQQJIBEYMU-UHFFFAOYSA-N,dodecane,15,5,14,12,313.15,393.15,80.0,4,2,True,True,0,18,7,2,0,False,False,"[""10.1016/j.fluid.2011.08.009"",""10.1021/acs.jced.8b00125"",""10.1021/je200840e"",""10.1021/je201032t"",""10.1021/je201284y""]","[""rdr250199#csvline12349"",""rdr250199#csvline12350"",""rdr250199#csvline12351"",""rdr250199#csvline12359"",""rdr250199#csvline12360"",""rdr250199#csvline12361"",""rdr250199#csvline12363""]"
"InChI=1S/C12H26O/c1-3-5-7-8-10-12(11-13)9-6-4-2/h12-13H,3-11H2,1-2H3",XMVBHZBLHNOQON-UHFFFAOYSA-N,2-butyl-1-octanol,10,1,10,10,308.1,352.6,44.5,3,3,True,True,1,1,0,0,0,False,False,"[""10.1021/acs.jced.9b00419""]",[]
"InChI=1S/C12H26O/c1-7-8-9-13-12(5,6)10-11(2,3)4/h7-10H2,1-6H3",JVLYCQPURZKIPY-UHFFFAOYSA-N,"butyl 1,1,3,3-tetramethylbutyl ether",13,1,13,13,278.3,314.2,35.89999999999998,4,4,True,True,1,1,0,0,0,False,False,"[""10.1021/je0255980""]",[]
"InChI=1S/C12H26O3/c1-3-5-7-13-9-11-15-12-10-14-8-6-4-2/h3-12H2,1-2H3",KZVBBTZJMSWGTK-UHFFFAOYSA-N,"5,8,11-trioxapentadecane",8,1,8,8,403.15,463.15,60.0,3,2,True,True,1,3,0,0,0,False,False,"[""10.1021/je049627d""]",[]
"InChI=1S/C12H26O5/c1-9(14)6-15-11(3)8-17-12(4)7-16-10(2)5-13/h9-14H,5-8H2,1-4H3",QVHMSMOUDQXMRS-UHFFFAOYSA-N,2-[2-[2-(2-hydroxypropoxy)propoxy]propoxy]-1-propanol,5,1,5,5,409.85,492.15,82.29999999999995,3,1,False,False,0,0,0,0,0,False,False,"[""10.1021/je4004977""]",[]
InChI=1S/C12H28N2/c13-11-9-7-5-3-1-2-4-6-8-10-12-14/h1-14H2,QFTYSVGGYOXFRQ-UHFFFAOYSA-N,"1,12-dodecanediamine",14,1,12,9,345.2,369,23.80000000000001,3,3,False,False,0,3,0,0,0,False,False,"[""10.1016/j.jct.2011.06.008""]",[]
InChI=1S/C12H8N2/c1-2-6-10-9(5-1)13-11-7-3-4-8-12(11)14-10/h1-8H,PCNDJXKNXGMECE-UHFFFAOYSA-N,phenazine,7,1,7,6,449.964,471.96,21.99599999999998,2,2,False,False,0,5,0,0,0,False,False,"[""10.1016/j.jct.2009.11.010""]",[]
InChI=1S/C12H8OS/c1-3-7-11-9(5-1)13-10-6-2-4-8-12(10)14-11/h1-8H,GJSGGHOYGKMUPT-UHFFFAOYSA-N,phenoxathiin,23,1,18,10,327.995,372.865,44.870000000000005,2,4,True,False,0,7,0,0,0,False,False,"[""10.1021/je800333q""]",[]
"InChI=1S/C12HF23O2/c13-2(14,1(36)37)3(15,16)4(17,18)5(19,20)6(21,22)7(23,24)8(25,26)9(27,28)10(29,30)11(31,32)12(33,34)35/h(H,36,37)",CXGONMQFMIYUJR-UHFFFAOYSA-N,"dodecanoic acid, tricosafluoro-",7,1,7,7,400.73,457.94,57.20999999999998,2,2,True,False,0,0,0,0,0,True,False,"[""10.1021/je050070r""]",[]
"InChI=1S/C13H10/c1-3-7-12-10(5-1)9-11-6-2-4-8-13(11)12/h1-8H,9H2",NIHNNTQXNPWCJQ-UHFFFAOYSA-N,fluorene,10,1,10,10,386.48,412.16,25.680000000000007,3,3,False,False,0,14,0,0,0,False,False,"[""10.1016/j.jct.2011.09.006""]",[]
"InChI=1S/C13H10O/c1-3-7-12-10(5-1)9-11-6-2-4-8-13(11)14-12/h1-8H,9H2",GJCOSYZMQJWQCA-UHFFFAOYSA-N,10H-9-oxaanthracene,26,1,20,12,357.975,381.85,23.875,5,3,False,False,0,7,0,0,0,False,False,"[""10.1021/je800333q""]",[]
InChI=1S/C13H10O/c14-13(11-7-3-1-4-8-11)12-9-5-2-6-10-12/h1-10H,RWCCWEUUXYIKHB-UHFFFAOYSA-N,benzophenone,21,1,21,21,318.01,370.89,52.879999999999995,6,7,True,True,1,3,0,0,0,False,False,"[""10.1016/j.fluid.2014.11.026""]",[]
"InChI=1S/C13H10O/c14-13-11-7-3-1-5-9(11)10-6-2-4-8-12(10)13/h1-8,13-14H",AFMVESZOYKHDBJ-UHFFFAOYSA-N,9H-fluoren-9-ol,20,1,19,17,409.98,441.42,31.439999999999998,5,5,True,True,1,4,0,0,0,False,False,"[""10.1021/je300584m""]",[]
"InChI=1S/C13H12/c1-11-6-5-9-13(10-11)12-7-3-2-4-8-12/h2-10H,1H3",NPDIDUXTRAITDE-UHFFFAOYSA-N,3-methylbiphenyl,20,1,20,20,318.8,365.8,47.0,6,6,True,True,1,3,0,0,0,False,False,"[""10.1016/j.fluid.2012.08.020""]",[]
"InChI=1S/C13H12/c1-11-7-5-6-10-13(11)12-8-3-2-4-9-12/h2-10H,1H3",ALLIZEAXNXSFGD-UHFFFAOYSA-N,2-methylbiphenyl,20,1,20,20,301,348.1,47.10000000000002,6,6,True,True,1,2,0,0,0,False,False,"[""10.1016/j.fluid.2012.08.020""]",[]
"InChI=1S/C13H12/c1-11-7-9-13(10-8-11)12-5-3-2-4-6-12/h2-10H,1H3",ZZLCFHIKESPLTH-UHFFFAOYSA-N,4-methylbiphenyl,14,1,14,14,323.2,353.2,30.0,4,5,True,True,1,3,1,0,0,False,False,"[""10.1016/j.jct.2010.05.002""]","[""rdr250199#csvline12551""]"
"InChI=1S/C13H12/c1-3-7-12(8-4-1)11-13-9-5-2-6-10-13/h1-10H,11H2",CZZYITDELCSZES-UHFFFAOYSA-N,diphenylmethane,20,1,20,20,329.988,472.998,143.01,6,5,True,True,2,19,1,0,0,False,False,"[""10.1021/je050034s""]","[""rdr250199#csvline12571""]"
"InChI=1S/C13H19BrO4/c1-15-6-7-16-8-9-17-10-11-18-13-5-3-2-4-12(13)14/h2-5H,6-11H2,1H3",HGMWUNYITCVXPW-UHFFFAOYSA-N,1-bromo-2-(2-(2-(2-methoxyethoxy)ethoxy)ethoxy)benzene,2,1,2,2,367.9,369.9,2.0,1,1,False,False,0,1,0,0,0,False,False,"[""10.1016/j.fluid.2006.09.001""]",[]
"InChI=1S/C13H20/c1-2-3-4-5-7-10-13-11-8-6-9-12-13/h6,8-9,11-12H,2-5,7,10H2,1H3",LBNXAWYDQUGHGX-UHFFFAOYSA-N,heptylbenzene,24,1,24,24,292.5,353.5,61.0,8,7,True,True,1,3,0,0,0,False,False,"[""10.1016/j.jct.2005.11.009""]",[]
"InChI=1S/C13H24N2/c1-2-3-4-5-6-7-8-9-11-15-12-10-14-13-15/h10,12-13H,2-9,11H2,1H3",PEPIOVUNFZBCIB-UHFFFAOYSA-N,1-decylimidazole,30,1,29,26,340.1,374.3,34.19999999999999,8,8,True,True,1,1,0,0,0,False,False,"[""10.1016/j.jct.2011.05.004""]",[]
"InChI=1S/C13H24N2/c1-3-4-5-6-7-8-9-11-15-12-10-14-13(15)2/h10,12H,3-9,11H2,1-2H3",FKGMPZBNFPJVCH-UHFFFAOYSA-N,2-methyl-1-nonyl-1H-imidazole,38,1,33,30,335.6,374.1,38.5,9,8,True,True,1,1,0,0,0,False,False,"[""10.1021/je200336c""]",[]
"InChI=1S/C13H24O4/c1-12(2,3)16-10(14)8-7-9-11(15)17-13(4,5)6/h7-9H2,1-6H3",FXJKNCDSABKERB-UHFFFAOYSA-N,di-tert-butyl glutarate,16,1,16,16,295.2,325.2,30.0,5,5,True,True,1,1,0,0,0,False,False,"[""10.1016/j.fluid.2011.07.007""]",[]
"InChI=1S/C13H24O4/c1-3-5-10-16-12(14)8-7-9-13(15)17-11-6-4-2/h3-11H2,1-2H3",ISXDVFNOXYQPIA-UHFFFAOYSA-N,dibutyl pentanedioate,26,1,24,23,322.4,369.5,47.10000000000002,5,9,True,True,1,2,0,0,0,False,False,"[""10.1021/je100231g""]",[]
"InChI=1S/C13H25N/c1-2-3-4-5-6-7-8-9-10-11-12-13-14/h2-12H2,1H3",WKJHMKQSIBMURP-UHFFFAOYSA-N,dodecanecarbonitrile,15,1,15,15,318.1,363.2,45.099999999999966,5,4,True,True,1,2,0,0,0,False,False,"[""10.1016/j.jct.2004.08.004""]",[]
"InChI=1S/C13H26O2/c1-3-4-5-6-7-8-9-10-11-12-13(14)15-2/h3-12H2,1-2H3",UQDUPQYQJKYHQI-UHFFFAOYSA-N,methyl dodecanoate,56,4,56,55,322.68,443.3,120.62,10,19,True,True,3,14,1,0,0,False,False,"[""10.1016/j.jct.2016.07.024"",""10.1016/j.jct.2017.09.020"",""10.1016/j.jct.2019.01.007"",""10.1021/acs.jced.7b00099""]","[""rdr250199#csvline12718""]"
"InChI=1S/C13H26O2/c1-3-4-5-6-7-8-9-10-11-12-15-13(2)14/h3-12H2,1-2H3",CKQGCFFDQIFZFA-UHFFFAOYSA-N,"1-undecanol, acetate",9,1,9,9,305.2,329.4,24.19999999999999,3,3,False,False,0,2,0,0,0,False,False,"[""10.1016/j.jct.2005.08.003""]",[]
"InChI=1S/C13H28N2/c1-6-7-8-14-11-9-12(2,3)15-13(4,5)10-11/h11,14-15H,6-10H2,1-5H3",FDAKZQLBIFPGSV-UHFFFAOYSA-N,"N-butyl-2,2,6,6-tetramethylpiperidin-4-amine",5,1,5,5,398.7,462.1,63.400000000000034,2,1,False,False,0,0,0,0,0,False,False,"[""10.1021/acs.jced.6b00451""]",[]
"InChI=1S/C13H28O/c1-7-8-9-10-14-13(5,6)11-12(2,3)4/h7-11H2,1-6H3",ZNFVRHLUNVCECG-UHFFFAOYSA-N,"pentane, 2-pentoxy-2,4,4-trimethyl-",11,1,11,11,277.5,303.2,25.69999999999999,3,4,False,False,0,1,0,0,0,False,False,"[""10.1021/je0255980""]",[]
InChI=1S/C13H8O/c14-13-11-7-3-1-5-9(11)10-6-2-4-8-12(10)13/h1-8H,YLQWCDOCJODRMT-UHFFFAOYSA-N,9(9H)-fluorenone,72,2,72,71,331.79,493.202,161.41199999999998,8,27,True,True,2,13,0,0,0,False,False,"[""10.1016/j.jct.2012.05.003"",""10.1021/je300584m""]",[]
InChI=1S/C13H9N/c1-2-6-11-10(5-1)9-14-13-8-4-3-7-12(11)13/h1-9H,RDOWQLZANAYVLL-UHFFFAOYSA-N,phenanthridine,3,1,3,3,473.894,493.837,19.942999999999984,1,1,False,False,0,4,0,0,0,False,False,"[""10.1016/j.jct.2009.11.011""]",[]
"InChI=1S/C14H12O/c15-9-14-12-7-3-1-5-10(12)11-6-2-4-8-13(11)14/h1-8,14-15H,9H2",XXSCONYSQQLHTH-UHFFFAOYSA-N,9-fluorenemethanol,20,1,20,20,362.69,400.3,37.610000000000014,6,6,True,True,1,2,0,0,0,False,False,"[""10.1016/j.jct.2013.03.005""]",[]
"InChI=1S/C14H18N2/c1-15(2)12-9-5-7-11-8-6-10-13(14(11)12)16(3)4/h5-10H,1-4H3",GJFNRSDCSTVPCJ-UHFFFAOYSA-N,"1,8-bis(dimethylamino)naphthalene",29,2,29,29,322.96,382.51,59.55000000000001,4,12,True,True,2,1,0,0,0,False,False,"[""10.1016/j.jct.2012.05.013"",""10.1021/je060394v""]",[]
"InChI=1S/C14H22/c1-13(2,3)11-7-9-12(10-8-11)14(4,5)6/h7-10H,1-6H3",OOWNNCMFKFBNOF-UHFFFAOYSA-N,"1,4-bis(1,1-dimethylethyl)benzene",21,2,21,20,354.15,394.968,40.81800000000004,4,7,True,True,1,8,0,0,0,False,False,"[""10.1016/j.fluid.2008.04.016"",""10.1016/j.jct.2008.10.008""]",[]
"InChI=1S/C14H26N2/c1-2-3-4-5-6-7-8-9-10-12-16-13-11-15-14-16/h11,13-14H,2-10,12H2,1H3",PKCPMTJMGADWTA-UHFFFAOYSA-N,1-undecylimidazole,18,1,18,18,350,380.8,30.80000000000001,7,5,True,True,1,0,0,0,0,False,False,"[""10.1016/j.jct.2011.05.004""]",[]
"InChI=1S/C14H26N2/c1-3-4-5-6-7-8-9-10-12-16-13-11-15-14(16)2/h11,13H,3-10,12H2,1-2H3",BKFRZOZNMWIFLH-UHFFFAOYSA-N,1-decyl-2-methyl-1H-imidazole,15,1,15,15,344,382.7,38.69999999999999,5,5,True,True,1,1,0,0,0,False,False,"[""10.1021/je200336c""]",[]
"InChI=1S/C14H26O4/c1-13(2,3)17-11(15)9-7-8-10-12(16)18-14(4,5)6/h7-10H2,1-6H3",QSVAYRBPFFOQMK-UHFFFAOYSA-N,di-tert-butyl adipate,18,1,18,17,322.6,366.3,43.69999999999999,5,5,True,True,1,1,0,0,0,False,False,"[""10.1016/j.fluid.2011.07.007""]",[]
"InChI=1S/C14H26O4/c1-3-5-11-17-13(15)9-7-8-10-14(16)18-12-6-4-2/h3-12H2,1-2H3",XTJFFFGAUHQWII-UHFFFAOYSA-N,dibutyl hexanedioate,9,1,9,9,333.3,373.2,39.89999999999998,3,3,True,True,1,4,0,0,0,False,False,"[""10.1021/je100231g""]",[]
"InChI=1S/C14H27N/c1-2-3-4-5-6-7-8-9-10-11-12-13-14-15/h2-13H2,1H3",MLRCLPRHEOPXLL-UHFFFAOYSA-N,tetradecanenitrile,15,1,15,15,327.2,369.2,42.0,5,5,True,True,1,3,1,0,0,False,False,"[""10.1016/j.jct.2004.08.004""]","[""rdr250199#csvline13059""]"
"InChI=1S/C14H28O2/c1-3-4-5-6-7-8-9-10-11-12-13-14(15)16-2/h3-13H2,1-2H3",JNDDPBOKWCBQSM-UHFFFAOYSA-N,methyl tridecanoate,18,1,18,18,313.35,355.15,41.799999999999955,6,6,True,True,1,6,1,0,0,False,False,"[""10.1016/j.jct.2019.01.007""]","[""rdr250199#csvline13115""]"
"InChI=1S/C14H28O2/c1-3-4-5-6-7-8-9-10-11-12-13-16-14(2)15/h3-13H2,1-2H3",VZWGRQBCURJOMT-UHFFFAOYSA-N,dodecyl ethanoate,7,1,7,7,315.2,333.4,18.19999999999999,2,2,False,False,0,3,0,0,0,False,False,"[""10.1016/j.jct.2005.08.003""]",[]
"InChI=1S/C14H28O2/c1-3-5-6-7-8-9-10-11-12-13-14(15)16-4-2/h3-13H2,1-2H3",MMXKVMNBHPAILY-UHFFFAOYSA-N,ethyl dodecanoate,12,1,12,12,313.1,462.43,149.32999999999998,5,2,True,True,1,5,0,0,0,False,False,"[""10.1021/je200730m""]",[]
"InChI=1S/C14H29NO/c1-4-6-8-10-12-15(14(3)16)13-11-9-7-5-2/h4-13H2,1-3H3",JFUCOPIALLYRGN-UHFFFAOYSA-N,"N,N-dihexylacetamide",16,1,16,14,331.5,364.2,32.69999999999999,5,4,True,True,1,2,0,0,0,False,False,"[""10.1016/j.fluid.2019.112241""]",[]
"InChI=1S/C14H30/c1-3-5-7-9-11-13-14-12-10-8-6-4-2/h3-14H2,1-2H3",BGHCVCJVXZWKCC-UHFFFAOYSA-N,tetradecane,44,3,28,26,293.15,453.15,160.0,10,3,True,True,2,23,10,10,0,False,False,"[""10.1021/acs.jced.7b00099"",""10.1021/je301294a"",""10.1021/je900293j""]","[""rdr250199#csvline13141"",""rdr250199#csvline13142"",""rdr250199#csvline13143"",""rdr250199#csvline13144"",""rdr250199#csvline13145"",""rdr250199#csvline13151"",""rdr250199#csvline13152"",""rdr250199#csvline13153"",""rdr250199#csvline13154"",""rdr250199#csvline13156""]"
"InChI=1S/C14H30O/c1-2-3-4-5-6-7-8-9-10-11-12-13-14-15/h15H,2-14H2,1H3",HLZKNKRTKFSKGZ-UHFFFAOYSA-N,1-tetradecanol,4,1,4,3,479.42,494.495,15.074999999999989,1,1,False,False,0,10,1,0,0,False,False,"[""10.1016/j.fluid.2010.06.019""]","[""rdr250199#csvline13183""]"
"InChI=1S/C14H30O/c1-7-8-9-10-11-15-14(5,6)12-13(2,3)4/h7-12H2,1-6H3",IQAABZUKUXMNOI-UHFFFAOYSA-N,"pentane, 2-hexoxy-2,4,4-trimethyl-",12,1,11,11,295.8,326.2,30.399999999999977,4,4,True,True,1,2,0,0,0,False,False,"[""10.1021/je0255980""]",[]
"InChI=1S/C14H30O3/c1-3-5-7-9-15-11-13-17-14-12-16-10-8-6-4-2/h3-14H2,1-2H3",YXOUPUFJBBFWNL-UHFFFAOYSA-N,1-(2-(2-(pentyloxy)ethoxy)ethoxy)pentane,16,1,16,16,427.5,488.8,61.30000000000001,6,3,True,True,1,0,0,0,0,False,False,"[""10.1016/j.fluid.2012.07.027""]",[]
"InChI=1S/C15H14O3/c16-15(17-11-13-7-3-1-4-8-13)18-12-14-9-5-2-6-10-14/h1-10H,11-12H2",PIZLBWGMERQCOC-UHFFFAOYSA-N,dibenzyl carbonate,13,1,12,11,353.8,373.6,19.80000000000001,3,4,False,False,0,1,0,0,0,False,False,"[""10.1016/j.jct.2008.02.012""]",[]
"InChI=1S/C15H16/c1-12(2)14-9-6-10-15(11-14)13-7-4-3-5-8-13/h3-12H,1-2H3",LIWRTHVZRZXVFX-UHFFFAOYSA-N,"3-(1-Methylethyl)-1,1'-biphenyl",51,1,40,38,312.9,494.39,181.49,5,32,True,True,1,9,7,6,0,False,False,"[""10.1016/j.fluid.2012.08.020""]","[""rdr250199#csvline13252"",""rdr250199#csvline13253"",""rdr250199#csvline13254"",""rdr250199#csvline13255"",""rdr250199#csvline13256"",""rdr250199#csvline13257"",""rdr250199#csvline13260""]"
"InChI=1S/C15H24/c1-11-6-5-7-12(2)13-10-15(3,4)14(13)9-8-11/h6,13-14H,2,5,7-10H2,1,3-4H3/b11-6+/t13-,14-/m1/s1",NPNUFJAVOOONJE-GFUGXAQUSA-N,"[1R-(1R*,4E,9S*)]-4,11,11-trimethyl-8-methylene-bicyclo[7.2.0]-4-undecene",7,1,7,7,370.33,464.9,94.57,2,3,True,False,0,2,0,0,0,False,False,"[""10.1016/j.jct.2018.08.015""]",[]
"InChI=1S/C15H24/c1-11-8-12(14(2,3)4)10-13(9-11)15(5,6)7/h8-10H,1-7H3",WIXDSJRJFDWTNY-UHFFFAOYSA-N,"3,5-di-tert-butyltoluene",42,1,39,31,308.25,439.995,131.745,5,16,True,True,1,2,0,0,0,False,False,"[""10.1016/j.fluid.2008.04.016""]",[]
"InChI=1S/C15H28N2/c1-2-3-4-5-6-7-8-9-10-11-13-17-14-12-16-15-17/h12,14-15H,2-11,13H2,1H3",JMTFLSQHQSFNTE-UHFFFAOYSA-N,1-dodecyl-1H-imidazole,15,1,14,14,358,379.1,21.100000000000023,4,5,False,False,0,0,0,0,0,False,False,"[""10.1016/j.jct.2011.05.004""]",[]
"InChI=1S/C15H29N/c1-2-3-4-5-6-7-8-9-10-11-12-13-14-15-16/h2-14H2,1H3",KRKQHNVYOWTEQO-UHFFFAOYSA-N,1-tetradecyl cyanide,13,1,13,13,336.2,372.1,35.900000000000034,4,4,True,True,1,2,0,0,0,False,False,"[""10.1016/j.jct.2004.08.004""]",[]
"InChI=1S/C15H30O2/c1-3-4-5-6-7-8-9-10-11-12-13-14-15(16)17-2/h3-14H2,1-2H3",ZAZKJZBWRNNLDS-UHFFFAOYSA-N,methyl tetradecanoate,101,3,98,83,325.05,453.15,128.09999999999997,12,44,True,True,4,0,0,0,0,False,False,"[""10.1016/j.jct.2016.07.024"",""10.1016/j.jct.2019.01.007"",""10.1021/acs.jced.7b00099""]",[]
InChI=1S/C16H10/c1-2-8-13-12(7-1)14-9-3-5-11-6-4-10-15(13)16(11)14/h1-10H,GVEPBJHOBDJJJI-UHFFFAOYSA-N,fluoranthene,21,1,21,21,354.78,404.3,49.52000000000004,8,5,True,True,1,8,0,0,0,False,False,"[""10.1016/j.jct.2012.01.025""]",[]
InChI=1S/C16H12/c1-2-6-13(7-3-1)16-11-10-14-8-4-5-9-15(14)12-16/h1-12H,TURIHPLQSRVWHU-UHFFFAOYSA-N,2-phenylnaphthalene,1,1,1,1,482.85,482.85,0.0,1,1,False,False,0,3,0,0,0,False,False,"[""10.1016/j.jct.2014.01.006""]",[]
InChI=1S/C16H12/c1-2-7-13(8-3-1)16-12-6-10-14-9-4-5-11-15(14)16/h1-12H,IYDMICQAKLQHLA-UHFFFAOYSA-N,1-phenylnaphthalene,25,2,24,24,338,494.306,156.30599999999998,7,10,True,True,2,8,1,0,1,False,False,"[""10.1016/j.jct.2014.01.006"",""10.1016/j.tca.2014.05.033""]","[""rdr250199#csvline13458""]"
"InChI=1S/C16H18/c1-16(2,3)15-11-7-10-14(12-15)13-8-5-4-6-9-13/h4-12H,1-3H3",GBGBXUYACWXKPV-UHFFFAOYSA-N,"3-(1,1-dimethylethyl)-1,1'-biphenyl",21,1,21,21,323,493.76,170.76,4,16,True,True,1,2,0,0,0,False,False,"[""10.1016/j.fluid.2012.08.020""]",[]
"InChI=1S/C16H18/c1-16(2,3)15-11-9-14(10-12-15)13-7-5-4-6-8-13/h4-12H,1-3H3",CDOYZTOFTGTGBC-UHFFFAOYSA-N,"4-(1,1-dimethylethyl)-1,1'-biphenyl",34,2,34,33,327.4,494.83,167.43,4,28,True,True,1,3,1,0,1,False,False,"[""10.1016/j.fluid.2012.08.020"",""10.1016/j.jct.2010.05.002""]","[""rdr250199#csvline13491""]"
"InChI=1S/C16H22O4/c1-11(2)9-19-15(17)13-7-5-6-8-14(13)16(18)20-10-12(3)4/h5-8,11-12H,9-10H2,1-4H3",MGWAVDBGNNKXQV-UHFFFAOYSA-N,"diisobutyl 1,2-benzenedioate",4,1,4,4,353.15,423.15,70.0,1,2,False,False,0,0,0,0,0,False,False,"[""10.1016/j.fluid.2016.07.018""]",[]
"InChI=1S/C16H22O4/c1-3-5-11-19-15(17)13-9-7-8-10-14(13)16(18)20-12-6-4-2/h7-10H,3-6,11-12H2,1-2H3",DOIRQSBPFJWKBE-UHFFFAOYSA-N,dibutyl phthalate,15,2,15,15,353.15,423.15,70.0,3,7,True,True,0,16,0,0,0,False,False,"[""10.1016/j.fluid.2016.07.018"",""10.1021/je500110d""]",[]
"InChI=1S/C16H26/c1-2-3-4-5-6-7-8-10-13-16-14-11-9-12-15-16/h9,11-12,14-15H,2-8,10,13H2,1H3",UZILCZKGXMQEQR-UHFFFAOYSA-N,1-phenyldecane,10,1,10,10,318.2,363.4,45.19999999999999,3,3,True,True,1,5,0,0,0,False,False,"[""10.1016/j.jct.2005.11.009""]",[]
"InChI=1S/C16H28O4/c1-11(2)9-19-15(17)13-7-5-6-8-14(13)16(18)20-10-12(3)4/h11-14H,5-10H2,1-4H3",QUKHPBOCBWDYMW-UHFFFAOYSA-N,diisobutyl hexahydrophthalate,6,1,6,6,434.4,491.5,57.10000000000002,3,2,True,True,1,0,0,0,0,False,False,"[""10.1016/j.fluid.2005.03.019""]",[]
"InChI=1S/C16H31N/c1-2-3-4-5-6-7-8-9-10-11-12-13-14-15-16-17/h2-15H2,1H3",WGXGAUQEMYSVJM-UHFFFAOYSA-N,hexadecanenitrile,12,1,12,12,348.1,382.2,34.099999999999966,4,4,True,True,1,0,0,0,0,False,False,"[""10.1016/j.jct.2004.08.004""]",[]
"InChI=1S/C16H32O2/c1-3-4-5-6-7-8-9-10-11-12-13-14-15-18-16(2)17/h3-15H2,1-2H3",IOUUIFSIQMVYKP-UHFFFAOYSA-N,tetradecyl ethanoate,3,1,3,3,334.4,340.5,6.100000000000023,1,1,False,False,0,3,0,0,0,False,False,"[""10.1016/j.jct.2005.08.003""]",[]
"InChI=1S/C16H32O2/c1-3-5-6-7-8-9-10-11-12-13-14-15-16(17)18-4-2/h3-15H2,1-2H3",MMKRHZKQPFCLLS-UHFFFAOYSA-N,ethyl tetradecanoate,34,3,34,34,333.22,462.3,129.07999999999998,12,5,True,True,3,4,0,0,0,False,False,"[""10.1016/j.fluid.2013.03.008"",""10.1021/je200730m"",""10.1021/je301294a""]",[]
"InChI=1S/C17H28/c1-2-3-4-5-6-7-8-9-11-14-17-15-12-10-13-16-17/h10,12-13,15-16H,2-9,11,14H2,1H3",XBEADGFTLHRJRB-UHFFFAOYSA-N,undecylbenzene,9,1,9,9,327.3,363.8,36.5,3,3,True,True,1,3,0,0,0,False,False,"[""10.1016/j.jct.2005.11.009""]",[]
"InChI=1S/C17H33N/c1-2-3-4-5-6-7-8-9-10-11-12-13-14-15-16-17-18/h2-16H2,1H3",ZXPWFWWSCFIFII-UHFFFAOYSA-N,heptadecanenitrile,10,1,10,10,357.2,385.2,28.0,3,3,False,False,0,2,0,0,0,False,False,"[""10.1016/j.jct.2004.08.004""]",[]
"InChI=1S/C17H34O2/c1-3-4-5-6-7-8-9-10-11-12-13-14-15-16-17(18)19-2/h3-16H2,1-2H3",FLIACVVOZYBSBS-UHFFFAOYSA-N,methyl hexadecanoate,105,6,103,96,343.55,490.8,147.25,5,41,True,True,4,0,0,0,0,False,False,"[""10.1016/j.jct.2016.07.024"",""10.1016/j.jct.2018.10.012"",""10.1016/j.jct.2019.01.007"",""10.1021/acs.jced.5b00545"",""10.1021/acs.jced.7b00099"",""10.1021/je3003699""]",[]
"InChI=1S/C17H38N4/c1-16(2)13-15(14-17(3,4)20-16)19-11-7-9-18-10-8-12-21(5)6/h15,18-20H,7-14H2,1-6H3",YCCWCOKAIDIFBP-UHFFFAOYSA-N,"N,N-dimethyl-dipropylene-diamino-triacetonediamine [EvA34]",4,1,4,4,474.01,486.31,12.300000000000011,1,1,False,False,0,0,0,0,0,False,False,"[""10.1021/acs.jced.8b01174""]",[]
InChI=1S/C18H14/c1-3-9-15(10-4-1)17-13-7-8-14-18(17)16-11-5-2-6-12-16/h1-14H,OIAQMFOKAXHPNH-UHFFFAOYSA-N,o-terphenyl,22,1,22,21,343.5,377.4,33.89999999999998,7,7,True,True,1,5,0,0,0,False,False,"[""10.1016/j.tca.2014.05.033""]",[]
"InChI=1S/C18H30/c1-16(2,3)13-10-14(17(4,5)6)12-15(11-13)18(7,8)9/h10-12H,1-9H3",GUFMBISUSZUUCB-UHFFFAOYSA-N,"1,3,5-tri-tert-butylbenzene",16,1,16,16,352.15,382.65,30.5,4,5,True,True,1,0,0,0,0,False,False,"[""10.1016/j.fluid.2008.04.016""]",[]
"InChI=1S/C18H32O6/c1-8-18(9-22-15(19)12(2)3,10-23-16(20)13(4)5)11-24-17(21)14(6)7/h12-14H,8-11H2,1-7H3",QZIYADTUCLUVIW-UHFFFAOYSA-N,"2-ethyl-2-((isobutyryloxy)methyl)propane-1,3-diyl bis(2-methylpropanoate)",7,1,7,7,348.5,363.2,14.699999999999989,2,2,False,False,0,0,0,0,0,False,False,"[""10.1016/j.fluid.2018.01.018""]",[]
"InChI=1S/C18H34O4/c1-3-5-15-21-17(19)13-11-9-7-8-10-12-14-18(20)22-16-6-4-2/h3-16H2,1-2H3",PYGXAGIECVVIOZ-UHFFFAOYSA-N,dibutyl decanedioate,7,1,7,7,468.96,496.8,27.840000000000032,3,2,False,False,0,5,0,0,0,False,False,"[""10.1016/j.fluid.2008.08.001""]",[]
"InChI=1S/C18H36O2/c1-3-4-5-6-7-8-9-10-11-12-13-14-15-16-17-18(19)20-2/h3-17H2,1-2H3",HUEBIMLTDXKIPR-UHFFFAOYSA-N,methyl heptadecanoate,22,1,22,22,354.3,412.2,57.89999999999998,6,7,True,True,1,5,0,0,0,False,False,"[""10.1016/j.jct.2019.01.007""]",[]
"InChI=1S/C18H36O2/c1-3-5-6-7-8-9-10-11-12-13-14-15-16-17-18(19)20-4-2/h3-17H2,1-2H3",XIRNKXNNONJFQO-UHFFFAOYSA-N,ethyl hexadecanoate,11,1,11,11,412.63,468.07,55.44,4,3,True,True,1,3,0,0,0,False,False,"[""10.1016/j.fluid.2013.03.008""]",[]
"InChI=1S/C19H20O4/c1-2-3-13-22-18(20)16-11-7-8-12-17(16)19(21)23-14-15-9-5-4-6-10-15/h4-12H,2-3,13-14H2,1H3",IRIAEXORFWYRCZ-UHFFFAOYSA-N,"benzyl butyl 1,2-benzenedioate",2,1,2,2,393.15,423.15,30.0,1,1,False,False,0,4,0,0,0,False,False,"[""10.1016/j.jct.2018.11.015""]",[]
"InChI=1S/C19H36O3/c1-3-4-5-12-15-18(20)16-13-10-8-6-7-9-11-14-17-19(21)22-2/h10,13,18,20H,3-9,11-12,14-17H2,1-2H3",XKGDWZQXVZSXAO-UHFFFAOYSA-N,[R]-methyl 12-hydroxy-9-octadecenoate,15,1,15,15,451.58,476.8,25.220000000000027,7,3,False,False,0,0,0,0,0,False,False,"[""10.1021/acs.jced.5b00545""]",[]
"InChI=1S/C19H38O2/c1-3-4-5-6-7-8-9-10-11-12-13-14-15-16-17-18-19(20)21-2/h3-18H2,1-2H3",HPEUJPJOZXNMSJ-UHFFFAOYSA-N,methyl octadecanoate,63,2,59,54,363.49,472.2,108.70999999999998,1,31,True,False,1,10,0,0,0,False,False,"[""10.1016/j.jct.2019.01.007"",""10.1021/je3003699""]",[]
"InChI=1S/C20H42/c1-3-5-7-9-11-13-15-17-19-20-18-16-14-12-10-8-6-4-2/h3-20H2,1-2H3",CBFCDTFDPHXCNY-UHFFFAOYSA-N,eicosane,1,1,1,1,373.17,373.17,0.0,1,1,False,False,0,17,0,0,0,False,False,"[""10.1021/je800534x""]",[]
"InChI=1S/C21H38O6/c1-11-21(12-25-15(22)18(2,3)4,13-26-16(23)19(5,6)7)14-27-17(24)20(8,9)10/h11-14H2,1-10H3",SMZWZKDDBXOZOE-UHFFFAOYSA-N,"2-ethyl-2-((pivaloyloxy)methyl)propane-1,3-diyl bis(2,2-dimethylpropanoate)",1,1,1,1,354.3,354.3,0.0,1,1,False,False,0,0,0,0,0,False,False,"[""10.1016/j.fluid.2018.01.018""]",[]
"InChI=1S/C21H44/c1-3-5-7-9-11-13-15-17-19-21-20-18-16-14-12-10-8-6-4-2/h3-21H2,1-2H3",FNAZRRHPUDJQCJ-UHFFFAOYSA-N,heneicosane,9,1,9,9,371.42,461.96,90.53999999999996,3,3,True,True,1,6,0,0,0,False,False,"[""10.1021/je050182i""]",[]
InChI=1S/C22H16/c1-2-7-17(8-3-1)20-11-6-12-21(15-20)22-14-13-18-9-4-5-10-19(18)16-22/h1-16H,CFFQABJAVCOJAH-UHFFFAOYSA-N,2-(biphen-3-yl)naphthalene,2,1,1,1,413.17,413.17,0.0,1,1,False,False,0,0,0,0,0,False,False,"[""10.1016/j.jct.2008.04.010""]",[]
"InChI=1S/C23H48/c1-3-5-7-9-11-13-15-17-19-21-23-22-20-18-16-14-12-10-8-6-4-2/h3-23H2,1-2H3",FIGVVZUWCLSUEI-UHFFFAOYSA-N,tricosane,7,1,7,6,412.18,461.99,49.81,2,2,True,False,0,9,0,0,0,False,False,"[""10.1021/je050182i""]",[]
"InChI=1S/C24H48O2/c1-4-7-9-10-11-12-13-14-15-16-17-18-19-21-24(25)26-22-23(6-3)20-8-5-2/h23H,4-22H2,1-3H3",SFAAOBGYWOUHLU-UHFFFAOYSA-N,2-ethylhexyl palmitate,11,1,11,11,476.95,499.35,22.400000000000034,4,3,False,False,0,1,0,0,0,False,False,"[""10.1016/j.jct.2018.10.012""]",[]
"InChI=1S/C24H50/c1-3-5-7-9-11-13-15-17-19-21-23-24-22-20-18-16-14-12-10-8-6-4-2/h3-24H2,1-2H3",POOSGDOYLQNASK-UHFFFAOYSA-N,tetracosane,12,1,6,6,393.2,452.6,59.400000000000034,1,2,True,False,0,14,0,0,0,False,False,"[""10.1021/je7001122""]",[]
"InChI=1S/C25H52/c1-3-5-7-9-11-13-15-17-19-21-23-25-24-22-20-18-16-14-12-10-8-6-4-2/h3-25H2,1-2H3",YKNWIILGEFFOPE-UHFFFAOYSA-N,pentacosane,12,1,11,7,402.03,461.96500000000003,59.93500000000006,2,2,True,False,0,11,0,0,0,False,False,"[""10.1021/je050182i""]",[]
"InChI=1S/C26H52O2/c1-4-7-9-10-11-12-13-14-15-16-17-18-19-20-21-23-26(27)28-24-25(6-3)22-8-5-2/h25H,4-24H2,1-3H3",OPJWPPVYCOPDCM-UHFFFAOYSA-N,2-ethylhexyl stearate,12,1,12,12,477.05,498.05,21.0,4,3,False,False,0,1,0,0,0,False,False,"[""10.1016/j.jct.2018.10.012""]",[]
"InChI=1S/C27H50O6/c1-4-7-10-13-16-19-25(28)31-22-24(33-27(30)21-18-15-12-9-6-3)23-32-26(29)20-17-14-11-8-5-2/h24H,4-23H2,1-3H3",VLPFTAMPNXLGLX-UHFFFAOYSA-N,"1,2,3-propanetriol trioctanoate",4,1,4,4,423.2,448.2,25.0,2,1,False,False,0,3,0,0,0,False,False,"[""10.1021/acs.jced.8b01046""]",[]
"InChI=1S/C27H56/c1-3-5-7-9-11-13-15-17-19-21-23-25-27-26-24-22-20-18-16-14-12-10-8-6-4-2/h3-27H2,1-2H3",BJQWYEJQWHSSCJ-UHFFFAOYSA-N,heptacosane,9,1,8,6,411.79499999999996,462.27,50.47500000000002,2,2,True,False,0,4,0,0,0,False,False,"[""10.1021/je050182i""]",[]
"InChI=1S/C28H58/c1-3-5-7-9-11-13-15-17-19-21-23-25-27-28-26-24-22-20-18-16-14-12-10-8-6-4-2/h3-28H2,1-2H3",ZYURHZPYMFLWSH-UHFFFAOYSA-N,octacosane,4,1,4,4,433.32,494.8,61.48000000000002,1,1,False,False,0,16,0,0,0,False,False,"[""10.1021/je7001122""]",[]
"InChI=1S/C29H60/c1-3-5-7-9-11-13-15-17-19-21-23-25-27-29-28-26-24-22-20-18-16-14-12-10-8-6-4-2/h3-29H2,1-2H3",IGGUPRCHHJZPBS-UHFFFAOYSA-N,nonacosane,5,1,5,3,432.12,452.21500000000003,20.095000000000027,1,1,False,False,0,5,0,0,0,False,False,"[""10.1021/je050182i""]",[]
InChI=1S/C2Cl4/c3-1(4)2(5)6,CYTYCFOTNPOANT-UHFFFAOYSA-N,tetrachloroethene,27,3,9,9,283.15,323.15,40.0,3,3,True,True,3,12,6,3,0,False,False,"[""10.1016/j.fluid.2004.02.021"",""10.1016/j.fluid.2004.10.025"",""10.1016/j.jct.2005.06.003""]","[""rdr250199#csvline516"",""rdr250199#csvline517"",""rdr250199#csvline518"",""rdr250199#csvline519"",""rdr250199#csvline520"",""rdr250199#csvline524""]"
"InChI=1S/C2H2Cl2O2/c3-1(4)2(5)6/h1H,(H,5,6)",JXTHNDFMNIQAHM-UHFFFAOYSA-N,"2,2-dichloroacetic acid",13,1,13,13,384.3,417.5,33.19999999999999,4,3,True,True,1,1,0,0,0,True,False,"[""10.1016/j.fluid.2011.09.020""]",[]
InChI=1S/C2H2Cl4/c3-1(4)2(5)6/h1-2H,QPFMBZIOSGYJDE-UHFFFAOYSA-N,"1,1,2,2-tetrachloroethane",30,4,12,12,283.15,363.15,80.0,3,5,True,True,3,13,5,5,0,False,False,"[""10.1016/j.fluid.2004.02.021"",""10.1016/j.fluid.2004.10.025"",""10.1016/j.jct.2005.06.003"",""10.1016/j.jct.2006.01.010""]","[""rdr250199#csvline739"",""rdr250199#csvline740"",""rdr250199#csvline741"",""rdr250199#csvline742"",""rdr250199#csvline745""]"
InChI=1S/C2H2N4/c3-1-2-5-6-4/h2H2,SOUAUNWBTJIQRT-UHFFFAOYSA-N,2-azidoacetonitrile,12,1,12,12,289.9,324.6,34.700000000000045,3,4,True,True,1,0,0,0,0,False,False,"[""10.1016/j.jct.2011.05.028""]",[]
"InChI=1S/C2H3Cl3/c1-2(3,4)5/h1H3",UOCLXMDMGBRAIB-UHFFFAOYSA-N,"1,1,1-trichloroethane",2,2,1,1,298.15,298.15,0.0,1,1,False,False,0,19,10,0,0,False,False,"[""10.1016/j.jct.2005.07.016"",""10.1016/j.jct.2009.04.006""]","[""rdr250199#csvline796"",""rdr250199#csvline797"",""rdr250199#csvline798"",""rdr250199#csvline799"",""rdr250199#csvline800"",""rdr250199#csvline804"",""rdr250199#csvline805"",""rdr250199#csvline806"",""rdr250199#csvline807"",""rdr250199#csvline810""]"
"InChI=1S/C2H3ClO2/c3-1-2(4)5/h1H2,(H,4,5)",FOCAUTSVDIKZOP-UHFFFAOYSA-N,chloroethanoic acid,13,1,13,13,380.7,413.7,33.0,4,3,True,True,1,3,0,0,0,True,False,"[""10.1016/j.fluid.2011.09.020""]",[]
"InChI=1S/C2H3F3O/c3-2(4,5)1-6/h6H,1H2",RHQDFWAXVIIEBN-UHFFFAOYSA-N,"2,2,2-trifluoroethanol",6,2,5,5,283.15,304.05,20.900000000000034,3,1,False,False,0,4,0,0,0,False,False,"[""10.1021/je025576d"",""10.1021/je900738e""]",[]
InChI=1S/C2H3N/c1-2-3/h1H3,WEVYAHXRMPXWCK-UHFFFAOYSA-N,acetonitrile,58,8,58,53,277.922,309.92,31.99799999999999,16,15,True,True,2,15,4,3,0,False,False,"[""10.1016/j.jct.2004.07.014"",""10.1016/j.jct.2011.09.022"",""10.1016/j.jct.2018.12.016"",""10.1021/acs.jced.7b00005"",""10.1021/je025660t"",""10.1021/je034144f"",""10.1021/je301238f"",""10.1021/je400531a""]","[""rdr250199#csvline860"",""rdr250199#csvline863"",""rdr250199#csvline864"",""rdr250199#csvline866""]"
InChI=1S/C2H3NO/c1-3-2-4/h1H3,HAMGRBXTJNITHG-UHFFFAOYSA-N,methyl isocyanate,4,1,4,4,253.977,268.594,14.61699999999999,1,1,False,False,0,3,1,0,1,False,False,"[""10.1016/j.jct.2012.10.011""]","[""rdr250199#csvline867""]"
InChI=1S/C2H4BrCl/c3-1-2-4/h1-2H2,IBYHHJPAARCAIE-UHFFFAOYSA-N,1-bromo-2-chloroethane,1,1,1,1,313.15,313.15,0.0,1,1,False,False,0,6,5,0,0,False,False,"[""10.1021/je034259j""]","[""rdr250199#csvline888"",""rdr250199#csvline889"",""rdr250199#csvline890"",""rdr250199#csvline891"",""rdr250199#csvline892""]"
InChI=1S/C2H4Cl2/c3-1-2-4/h1-2H2,WSLDOOZREJYCGB-UHFFFAOYSA-N,"1,2-dichloroethane",22,5,13,11,284.865,309.95,25.08499999999998,5,1,False,False,0,18,8,3,0,False,False,"[""10.1016/j.fluid.2008.02.018"",""10.1016/j.fluid.2008.03.015"",""10.1016/j.jct.2005.07.016"",""10.1021/acs.jced.7b01091"",""10.1021/je050473r""]","[""rdr250199#csvline921"",""rdr250199#csvline927"",""rdr250199#csvline928"",""rdr250199#csvline929"",""rdr250199#csvline930"",""rdr250199#csvline931"",""rdr250199#csvline933"",""rdr250199#csvline936""]"
"InChI=1S/C2H4O2/c1-2(3)4/h1H3,(H,3,4)",QTBSBXVTEAMEQO-UHFFFAOYSA-N,acetic acid,13,5,12,12,323.15,345.27,22.120000000000005,6,2,False,False,0,18,5,0,0,True,False,"[""10.1016/j.fluid.2006.06.005"",""10.1021/acs.jced.9b00152"",""10.1021/je101131x"",""10.1021/je200655s"",""10.1021/je700411p""]","[""rdr250199#csvline984"",""rdr250199#csvline985"",""rdr250199#csvline987"",""rdr250199#csvline988"",""rdr250199#csvline989""]"
"InChI=1S/C2H4O2/c3-1-2-4/h1,4H,2H2",WGCNASOHLSPBMP-UHFFFAOYSA-N,2-hydroxyacetaldehyde,15,1,15,15,295.85,355.98,60.129999999999995,6,3,True,True,1,1,0,0,0,False,False,"[""10.1021/je9004905""]",[]
"InChI=1S/C2H5N/c1-2-3-1/h3H,1-2H2",NOWKCMXCCJGMRR-UHFFFAOYSA-N,azacyclopropane,6,1,6,6,274.52,289.96,15.439999999999998,3,1,False,False,0,2,0,0,0,False,False,"[""10.1021/acs.jced.6b00576""]",[]
"InChI=1S/C2H5N3O/c3-5-4-1-2-6/h6H,1-2H2",BSULWPSUVMOMAN-UHFFFAOYSA-N,2-azidoethanol,15,1,15,14,284.6,316.05,31.44999999999999,5,4,True,True,1,2,0,0,0,False,False,"[""10.1016/j.jct.2011.05.028""]",[]
"InChI=1S/C2H5NO/c1-3-2-4/h2H,1H3,(H,3,4)",ATHHXGZTWNVVOU-UHFFFAOYSA-N,N-methylformamide,7,2,4,4,333.15,363.15,30.0,1,1,False,False,0,5,0,0,0,False,False,"[""10.1016/j.fluid.2009.12.002"",""10.1021/je020130i""]",[]
"InChI=1S/C2H5NO2/c1-2-3(4)5/h2H2,1H3",MCSAJNNLRCFZED-UHFFFAOYSA-N,nitroethane,4,2,4,4,298.15,318.15,20.0,2,1,False,False,0,4,0,0,0,False,False,"[""10.1016/j.fluid.2012.10.015"",""10.1021/je050327l""]",[]
"InChI=1S/C2H5NO2/c1-5-2(3)4/h1H3,(H2,3,4)",GTCAXTIRRLKXRU-UHFFFAOYSA-N,"carbamic acid, methyl ester",13,1,13,13,341.45,393.75,52.30000000000001,4,3,True,True,1,1,0,0,0,False,False,"[""10.1021/je400551d""]",[]
"InChI=1S/C2H6O/c1-2-3/h3H,2H2,1H3",LFQSCWFLJHTTHZ-UHFFFAOYSA-N,ethanol,67,28,38,29,273.15,315.405,42.254999999999995,16,5,True,True,2,44,19,4,0,False,False,"[""10.1016/j.fluid.2005.03.016"",""10.1016/j.fluid.2005.07.008"",""10.1016/j.fluid.2006.07.007"",""10.1016/j.fluid.2008.06.004"",""10.1016/j.fluid.2011.07.002"",""10.1016/j.fluid.2014.05.018"",""10.1016/j.fluid.2014.10.028"",""10.1016/j.fluid.2016.08.022"",""10.1016/j.fluid.2017.04.014"",""10.1016/j.jct.2005.07.015"",""10.1016/j.jct.2005.08.001"",""10.1016/j.jct.2010.07.014"",""10.1016/j.jct.2012.02.023"",""10.1016/j.jct.2012.09.032"",""10.1016/j.jct.2013.09.046"",""10.1016/j.jct.2015.02.006"",""10.1016/j.jct.2019.105884"",""10.1016/j.tca.2008.11.005"",""10.1021/acs.jced.6b00293"",""10.1021/acs.jced.7b00892"",""10.1021/acs.jced.8b00005"",""10.1021/je025621h"",""10.1021/je034197x"",""10.1021/je060163o"",""10.1021/je100624p"",""10.1021/je300347z"",""10.1021/je800535c"",""10.1021/je9004068""]","[""rdr250199#csvline1124"",""rdr250199#csvline1125"",""rdr250199#csvline1126"",""rdr250199#csvline1127"",""rdr250199#csvline1128"",""rdr250199#csvline1130"",""rdr250199#csvline1131"",""rdr250199#csvline1132"",""rdr250199#csvline1133"",""rdr250199#csvline1134"",""rdr250199#csvline1145"",""rdr250199#csvline1146"",""rdr250199#csvline1147"",""rdr250199#csvline1148"",""rdr250199#csvline1149"",""rdr250199#csvline1150"",""rdr250199#csvline1151"",""rdr250199#csvline1154"",""rdr250199#csvline1155""]"
"InChI=1S/C2H6O2/c3-1-2-4/h3-4H,1-2H2",LYCAIKOWRPUZTN-UHFFFAOYSA-N,"1,2-ethanediol",81,12,79,70,303.2,423.29,120.09000000000003,28,22,True,True,4,20,1,0,0,False,False,"[""10.1016/j.fluid.2007.05.030"",""10.1021/acs.jced.8b00054"",""10.1021/je0342522"",""10.1021/je0497799"",""10.1021/je2008704"",""10.1021/je400082c"",""10.1021/je400373d"",""10.1021/je400551d"",""10.1021/je400980w"",""10.1021/je401020e"",""10.1021/je5010824"",""10.1021/je9004905""]","[""rdr250199#csvline1176""]"
InChI=1S/C2H6OS/c1-4(2)3/h1-2H3,IAZDPXIOMUYVGZ-UHFFFAOYSA-N,dimethyl sulfoxide,31,4,16,16,293.15,408.75,115.60000000000002,6,7,True,True,0,10,0,0,0,False,False,"[""10.1016/j.fluid.2011.02.002"",""10.1016/j.jct.2018.04.014"",""10.1016/j.jct.2018.12.016"",""10.1021/je400531a""]",[]
InChI=1S/C2H6S/c1-3-2/h1-2H3,QMMFVYPAHWMCMS-UHFFFAOYSA-N,2-thiapropane,2,1,2,2,252.89,253.06,0.17000000000001592,1,1,False,False,0,14,4,0,0,False,False,"[""10.1016/j.fluid.2007.07.013""]","[""rdr250199#csvline1196"",""rdr250199#csvline1203"",""rdr250199#csvline1204"",""rdr250199#csvline1205""]"
InChI=1S/C2H6S2/c1-3-4-2/h1-2H3,WQOXQRCZOLPYPM-UHFFFAOYSA-N,"2,3-dithiabutane",1,1,1,1,332.19,332.19,0.0,1,1,False,False,0,11,5,0,0,False,False,"[""10.1016/j.fluid.2010.02.043""]","[""rdr250199#csvline1218"",""rdr250199#csvline1220"",""rdr250199#csvline1223"",""rdr250199#csvline1224"",""rdr250199#csvline1225""]"
"InChI=1S/C2H6S2/c3-1-2-4/h3-4H,1-2H2",VYMPLPIFKRHAAC-UHFFFAOYSA-N,"1,2-ethanedithiol",2,1,2,1,346.96500000000003,346.96500000000003,0.0,1,1,False,False,0,1,0,0,0,False,False,"[""10.1021/je9003417""]",[]
"InChI=1S/C2H7NO/c3-1-2-4/h4H,1-3H2",HZAXFHJVJLSVMW-UHFFFAOYSA-N,2-aminoethan-1-ol,53,5,51,48,279,398.01,119.00999999999999,11,19,True,True,3,14,0,0,0,False,False,"[""10.1021/je049761y"",""10.1021/je101259r"",""10.1021/je400885z"",""10.1021/je800290k"",""10.1021/je800530u""]",[]
"InChI=1S/C2H7O3P/c1-4-6(3)5-2/h6H,1-2H3",HZCDANOFLILNSA-UHFFFAOYSA-N,dimethyl phosphonate,14,1,14,14,352.85,391.75,38.89999999999998,3,6,True,True,1,0,0,0,0,False,False,"[""10.1021/je900258f""]",[]
InChI=1S/C2H8N2/c3-1-2-4/h1-4H2,PIICEJLVQHRZGT-UHFFFAOYSA-N,"ethane-1,2-diamine",18,1,13,12,285.5,345.7,60.19999999999999,4,3,True,True,0,11,1,1,0,False,False,"[""10.1016/j.jct.2010.12.010""]","[""rdr250199#csvline1276""]"
"InChI=1S/C30H62/c1-3-5-7-9-11-13-15-17-19-21-23-25-27-29-30-28-26-24-22-20-18-16-14-12-10-8-6-4-2/h3-30H2,1-2H3",JXTPJDDICSTXJX-UHFFFAOYSA-N,triacontane,5,1,5,3,432.365,452.33,19.964999999999975,1,1,False,False,0,4,0,0,0,False,False,"[""10.1021/je050182i""]",[]
"InChI=1S/C3H10N2/c1-3(5)2-4/h3H,2,4-5H2,1H3",AOHJOMMDDJHIJH-UHFFFAOYSA-N,"1,2-propanediamine",46,2,40,38,273.8,343.15,69.34999999999997,5,19,True,True,1,6,0,0,0,False,False,"[""10.1016/j.jct.2010.12.010"",""10.1016/j.jct.2015.03.011""]",[]
"InChI=1S/C3H10N2/c1-5-3-2-4/h5H,2-4H2,1H3",KFIGICHILYTCJF-UHFFFAOYSA-N,N-methylethylenediamine,22,1,22,22,272.2,302.2,30.0,5,7,True,True,1,2,0,0,0,False,False,"[""10.1021/acs.jced.5b01003""]",[]
InChI=1S/C3H10N2/c4-2-1-3-5/h1-5H2,XFNJVJPLKCPIBV-UHFFFAOYSA-N,"1,3-propanediamine",91,3,48,44,253.16,364.78,111.61999999999998,9,17,True,True,4,4,1,1,0,False,False,"[""10.1016/j.fluid.2014.03.013"",""10.1016/j.jct.2010.12.010"",""10.1016/j.jct.2011.06.008""]","[""rdr250199#csvline2098""]"
"InChI=1S/C3H2ClF3/c4-2-1-3(5,6)7/h1-2H/b2-1+",LDTMPQQAWUMPKS-OWOJBTEDSA-N,"(E)-1-chloro-3,3,3-trifluoroprop-1-ene",2,2,2,2,252.15,253.171,1.0209999999999866,1,1,False,False,0,0,0,0,0,False,False,"[""10.1021/acs.jced.6b00916"",""10.1021/acs.jced.9b00001""]",[]
"InChI=1S/C3H3F5/c4-2(5)1-3(6,7)8/h2H,1H2",MSSNHSVIGIHOJA-UHFFFAOYSA-N,"1,1,1,3,3-pentafluoropropane",4,2,4,4,251.164,253.125,1.9610000000000127,2,2,False,False,0,0,0,0,0,False,False,"[""10.1016/j.fluid.2009.08.023"",""10.1021/je0503251""]",[]
"InChI=1S/C3H3F5O/c4-2(5,1-9)3(6,7)8/h9H,1H2",PSQZJKGXDGNDFP-UHFFFAOYSA-N,"2,2,3,3,3-pentafluoropropanol",5,1,5,5,298.08,317.98,19.900000000000034,2,2,False,False,0,3,0,0,0,False,False,"[""10.1016/j.fluid.2016.06.011""]",[]
"InChI=1S/C3H4O2/c1-2-3(4)5/h2H,1H2,(H,4,5)",NIXOWILDQLNWCW-UHFFFAOYSA-N,propenoic acid,1,1,1,1,368.4,368.4,0.0,1,1,False,False,0,4,1,0,0,True,False,"[""10.1021/je200655s""]","[""rdr250199#csvline1502""]"
"InChI=1S/C3H4O3/c1-2(4)3(5)6/h1H3,(H,5,6)",LCTONWCANYUPML-UHFFFAOYSA-N,2-oxopropanoic acid,12,1,10,10,308.2,336.4,28.19999999999999,3,3,False,False,0,1,0,0,0,True,False,"[""10.1016/j.tca.2018.05.009""]",[]
InChI=1S/C3H4O3/c4-3-5-1-2-6-3/h1-2H2,KMTRUDSVKNLOMY-UHFFFAOYSA-N,ethylene carbonate,37,3,37,35,310.3,460.15,149.84999999999997,3,25,True,True,1,8,0,0,0,False,False,"[""10.1016/j.fluid.2008.03.013"",""10.1016/j.jct.2014.07.004"",""10.1021/je034173q""]",[]
"InChI=1S/C3H5ClO/c4-1-3-2-5-3/h3H,1-2H2",BRLQWZUYTZBJKN-UHFFFAOYSA-N,"1-chloro-2,3-epoxypropane",11,1,11,11,315.67,339.71,24.039999999999964,4,4,False,False,0,2,0,0,0,False,False,"[""10.1021/je700398k""]",[]
"InChI=1S/C3H5N/c1-2-3-4/h2H2,1H3",FVSKHRXBFJPNKK-UHFFFAOYSA-N,propanenitrile,14,3,12,11,307.78,323.15,15.370000000000005,4,3,False,False,0,10,2,0,0,False,False,"[""10.1016/j.fluid.2010.09.023"",""10.1021/je025660t"",""10.1021/je301238f""]","[""rdr250199#csvline1561"",""rdr250199#csvline1562""]"
"InChI=1S/C3H5NO/c4-2-1-3-5/h5H,1,3H2",WSGYTJNNHPZFKR-UHFFFAOYSA-N,3-hydroxypropanenitrile,24,1,23,22,306.3,361.8,55.5,4,7,True,True,1,3,0,0,0,False,False,"[""10.1016/j.jct.2007.03.011""]",[]
InChI=1S/C3H6Cl2/c4-2-1-3-5/h1-3H2,YHRUOJUYPBUZOS-UHFFFAOYSA-N,"1,3-dichloropropane",4,2,4,4,298.15,343.15,45.0,1,2,False,False,0,4,1,0,0,False,False,"[""10.1016/j.jct.2007.03.008"",""10.1021/je200651r""]","[""rdr250199#csvline1639""]"
"InChI=1S/C3H6O/c1-2-3-4/h2,4H,1,3H2",XXROGKLTLUQVRX-UHFFFAOYSA-N,2-propenol,5,1,5,5,311.42,326.7,15.279999999999973,1,3,False,False,0,6,0,0,0,False,False,"[""10.1021/je0499519""]",[]
"InChI=1S/C3H6O2/c1-2-3(4)5/h2H2,1H3,(H,4,5)",XBDQKXXYIPTUBI-UHFFFAOYSA-N,propanoic acid,2,1,2,2,361.52,368.37,6.850000000000023,1,1,False,False,0,9,2,0,0,True,False,"[""10.1021/je034180e""]","[""rdr250199#csvline1751"",""rdr250199#csvline1752""]"
InChI=1S/C3H6O2/c1-2-5-3-4-1/h1-3H2,WNXJIVFYUVYPPR-UHFFFAOYSA-N,"1,3-dioxolane",16,4,14,13,275,305.57,30.569999999999993,5,3,True,True,0,7,0,0,0,False,False,"[""10.1016/j.fluid.2006.10.024"",""10.1016/j.jct.2008.03.017"",""10.1021/acs.jced.6b00576"",""10.1021/acs.jced.7b01091""]",[]
"InChI=1S/C3H6O2/c1-3(5)2-4/h4H,2H2,1H3",XLSMFKSTNGKWQX-UHFFFAOYSA-N,acetol,21,1,16,16,273.22,303.95,30.72999999999996,7,6,True,True,1,1,0,0,0,False,False,"[""10.1021/je9004905""]",[]
InChI=1S/C3H6O3/c1-5-3(4)6-2/h1-2H3,IEJIGPNLZYLLBP-UHFFFAOYSA-N,dimethyl carbonate,32,5,31,29,274.2,318.15,43.94999999999999,7,10,True,True,1,6,0,0,0,False,False,"[""10.1016/j.fluid.2009.06.002"",""10.1016/j.jct.2008.02.012"",""10.1016/j.jct.2014.07.004"",""10.1016/j.jct.2018.12.016"",""10.1021/je8002282""]",[]
"InChI=1S/C3H6O3/c1-6-3(5)2-4/h4H,2H2,1H3",GSJFXBNYJCXDGI-UHFFFAOYSA-N,methyl hydroxyethanoate,7,1,7,7,293.23,353.25,60.01999999999998,2,2,True,False,0,4,0,0,0,False,False,"[""10.1016/j.fluid.2006.09.019""]",[]
"InChI=1S/C3H7ClO/c1-3(5)2-4/h3,5H,2H2,1H3",YYTSGNJTASLUOY-UHFFFAOYSA-N,1-chloro-2-propanol,6,1,6,6,293.15,343.15,50.0,2,2,True,False,0,2,0,0,0,False,False,"[""10.1021/je800122x""]",[]
"InChI=1S/C3H7N/c1-2-4-3-1/h4H,1-3H2",HONIICLYMWZJFZ-UHFFFAOYSA-N,azacyclobutane,7,1,6,6,273.18,293.56,20.379999999999995,2,2,False,False,0,2,0,0,0,False,False,"[""10.1021/acs.jced.6b00576""]",[]
"InChI=1S/C3H7NO/c1-2-3(4)5/h2H2,1H3,(H2,4,5)",QLNJFJADRCOGBJ-UHFFFAOYSA-N,propanamide,6,1,6,6,375.45,427.65,52.19999999999999,2,2,True,False,0,3,0,0,0,False,False,"[""10.1021/je034255e""]",[]
"InChI=1S/C3H7NO/c1-4(2)3-5/h3H,1-2H3",ZMXDDKWLCZADIW-UHFFFAOYSA-N,dimethylformamide,51,3,51,50,276.3,370.69,94.38999999999999,20,11,True,True,1,19,0,0,0,False,False,"[""10.1016/j.fluid.2005.03.014"",""10.1016/j.fluid.2019.04.036"",""10.1021/je060224i""]",[]
"InChI=1S/C3H7NO2/c1-2-6-3(4)5/h2H2,1H3,(H2,4,5)",JOYRKODLDBILNP-UHFFFAOYSA-N,ethyl carbamate,6,1,6,6,322.6,371.7,49.099999999999966,2,2,True,False,0,2,0,0,0,False,False,"[""10.1021/je030222n""]",[]
"InChI=1S/C3H7NO2/c1-3(2)4(5)6/h3H,1-2H3",FGLBSLMDCBOPQK-UHFFFAOYSA-N,2-nitropropane,16,1,13,9,274.75,314.1,39.35000000000002,3,3,True,True,1,7,0,0,0,False,False,"[""10.1016/j.tca.2017.07.001""]",[]
"InChI=1S/C3H8Cl2OSi/c1-3-6-7(2,4)5/h3H2,1-2H3",AXTPGQHJFRSSQJ-UHFFFAOYSA-N,dichloroethoxymethylsilane,3,1,3,3,312.94,323.01,10.069999999999993,1,1,False,False,0,0,0,0,0,False,False,"[""10.1021/je900511c""]",[]
"InChI=1S/C3H8O/c1-2-3-4/h4H,2-3H2,1H3",BDERNNFJNOPAEC-UHFFFAOYSA-N,propan-1-ol,69,20,38,32,278.15,333.15,55.0,21,4,True,True,1,44,17,9,0,False,False,"[""10.1016/j.fluid.2005.01.013"",""10.1016/j.fluid.2005.07.008"",""10.1016/j.fluid.2005.11.014"",""10.1016/j.fluid.2006.06.017"",""10.1016/j.fluid.2008.06.004"",""10.1016/j.fluid.2011.08.009"",""10.1016/j.fluid.2012.06.013"",""10.1016/j.jct.2015.02.006"",""10.1016/j.jct.2019.105884"",""10.1021/acs.jced.9b00102"",""10.1021/je034197x"",""10.1021/je0499519"",""10.1021/je049959i"",""10.1021/je060253t"",""10.1021/je0603574"",""10.1021/je100577v"",""10.1021/je201032t"",""10.1021/je300347z"",""10.1021/je3004194"",""10.1021/je300736k""]","[""rdr250199#csvline1897"",""rdr250199#csvline1898"",""rdr250199#csvline1899"",""rdr250199#csvline1900"",""rdr250199#csvline1901"",""rdr250199#csvline1902"",""rdr250199#csvline1903"",""rdr250199#csvline1904"",""rdr250199#csvline1905"",""rdr250199#csvline1906"",""rdr250199#csvline1910"",""rdr250199#csvline1912"",""rdr250199#csvline1915"",""rdr250199#csvline1916"",""rdr250199#csvline1917"",""rdr250199#csvline1918"",""rdr250199#csvline1919""]"
"InChI=1S/C3H8O/c1-3(2)4/h3-4H,1-2H3",KFZMGEQAYNKOFK-UHFFFAOYSA-N,propan-2-ol,49,13,40,27,293.17,319.85,26.680000000000007,16,3,False,False,0,34,13,5,0,False,False,"[""10.1007/s10765-018-2361-8"",""10.1016/j.fluid.2005.03.016"",""10.1016/j.fluid.2008.06.004"",""10.1016/j.jct.2017.02.005"",""10.1016/j.jct.2018.12.009"",""10.1016/j.tca.2019.05.011"",""10.1021/acs.jced.7b00892"",""10.1021/acs.jced.8b00765"",""10.1021/je034197x"",""10.1021/je100624p"",""10.1021/je300347z"",""10.1021/je300994y"",""10.1021/je900977e""]","[""rdr250199#csvline1938"",""rdr250199#csvline1939"",""rdr250199#csvline1940"",""rdr250199#csvline1941"",""rdr250199#csvline1943"",""rdr250199#csvline1944"",""rdr250199#csvline1945"",""rdr250199#csvline1946"",""rdr250199#csvline1947"",""rdr250199#csvline1949"",""rdr250199#csvline1951"",""rdr250199#csvline1952"",""rdr250199#csvline1953""]"
"InChI=1S/C3H8O2/c1-3(5)2-4/h3-5H,2H2,1H3",DNIAPMSPPWPWGF-UHFFFAOYSA-N,"1,2-propanediol",57,8,51,45,345.15,415.13,69.98000000000002,23,9,True,True,2,18,0,0,0,False,False,"[""10.1016/j.fluid.2014.09.015"",""10.1016/j.jct.2016.01.019"",""10.1021/je034096z"",""10.1021/je100803e"",""10.1021/je400082c"",""10.1021/je4004993"",""10.1021/je4009014"",""10.1021/je5010824""]",[]
"InChI=1S/C3H8O2/c1-3(5)2-4/h3-5H,2H2,1H3/t3-/m0/s1",DNIAPMSPPWPWGF-VKHMYHEASA-N,"(+)-(S)-1,2-propanediol",57,1,49,35,283.5,338.4,54.89999999999998,14,6,True,True,1,0,0,0,0,False,False,"[""10.1016/j.jct.2009.04.019""]",[]
"InChI=1S/C3H8O2/c1-5-3-2-4/h4H,2-3H2,1H3",XNWFRZJHXBZDAG-UHFFFAOYSA-N,2-methoxyethan-1-ol,9,3,9,8,336.18,352.13,15.949999999999989,2,2,False,False,0,6,1,0,0,False,False,"[""10.1016/j.fluid.2007.09.014"",""10.1016/j.jct.2012.04.029"",""10.1021/je900259b""]","[""rdr250199#csvline1960""]"
"InChI=1S/C3H8O2/c4-2-1-3-5/h4-5H,1-3H2",YPFDHNVEDLHUCE-UHFFFAOYSA-N,"propan-1,3-diol",43,4,42,40,292.5,438.05,145.55,9,18,True,True,3,18,1,1,0,False,False,"[""10.1016/j.jct.2015.01.014"",""10.1016/j.jct.2016.01.019"",""10.1021/je060419q"",""10.1021/je200766t""]","[""rdr250199#csvline1999""]"
"InChI=1S/C3H8O3/c4-1-3(6)2-5/h3-6H,1-2H2",PEDCQBHIVMGVHV-UHFFFAOYSA-N,glycerol,115,4,109,70,333.15,493.35,160.20000000000005,4,38,True,True,3,26,1,0,0,False,False,"[""10.1016/j.fluid.2015.03.038"",""10.1016/j.jct.2012.09.032"",""10.1016/j.jct.2013.09.046"",""10.1021/je200766t""]","[""rdr250199#csvline2017""]"
"InChI=1S/C3H8S/c1-3-4-2/h3H2,1-2H3",WXEHBUMAEPOYKP-UHFFFAOYSA-N,2-thiabutane,3,1,3,3,272.96,293.41,20.450000000000045,2,1,False,False,0,9,0,0,0,False,False,"[""10.1016/j.fluid.2007.07.013""]",[]
"InChI=1S/C3H9NO/c1-4-2-3-5/h4-5H,2-3H2,1H3",OPKOKAMJFNKNAS-UHFFFAOYSA-N,2-(methylamino)ethanol,24,3,24,22,274.9,388.02,113.12,5,11,True,True,1,9,0,0,0,False,False,"[""10.1021/je049761y"",""10.1021/je101259r"",""10.1021/je400373d""]",[]
"InChI=1S/C3H9NO/c1-5-3-2-4/h2-4H2,1H3",ASUDFOJKTJLAIK-UHFFFAOYSA-N,2-methoxyethylamine,11,1,11,11,275.16,317.6,42.44,3,3,True,True,1,3,0,0,0,False,False,"[""10.1021/acs.jced.6b00576""]",[]
"InChI=1S/C3H9O3P/c1-5-7(3,4)6-2/h1-3H3",VONWDASPFIQPDY-UHFFFAOYSA-N,dimethyl methanephosphonate,9,1,9,9,358.17,397.45,39.27999999999997,4,3,True,True,1,6,0,0,0,False,False,"[""10.1021/je900258f""]",[]
"InChI=1S/C4H10O/c1-2-3-4-5/h5H,2-4H2,1H3",LRHPLDYGYMQRHN-UHFFFAOYSA-N,butan-1-ol,64,22,30,24,278.15,351.18,73.03000000000003,11,5,True,True,3,46,14,9,0,False,False,"[""10.1016/j.fluid.2006.06.017"",""10.1016/j.fluid.2008.11.012"",""10.1016/j.fluid.2014.11.010"",""10.1016/j.jct.2004.01.001"",""10.1016/j.jct.2005.07.004"",""10.1016/j.jct.2009.04.005"",""10.1016/j.jct.2013.04.003"",""10.1016/j.jct.2019.105884"",""10.1021/acs.jced.7b01064"",""10.1021/acs.jced.8b00064"",""10.1021/acs.jced.9b00100"",""10.1021/je030222n"",""10.1021/je034197x"",""10.1021/je0603574"",""10.1021/je200011e"",""10.1021/je200840e"",""10.1021/je300347z"",""10.1021/je3004194"",""10.1021/je300670n"",""10.1021/je400885z"",""10.1021/je500092v"",""10.1021/je8004672""]","[""rdr250199#csvline3062"",""rdr250199#csvline3064"",""rdr250199#csvline3065"",""rdr250199#csvline3066"",""rdr250199#csvline3067"",""rdr250199#csvline3068"",""rdr250199#csvline3069"",""rdr250199#csvline3070"",""rdr250199#csvline3071"",""rdr250199#csvline3074"",""rdr250199#csvline3075"",""rdr250199#csvline3076"",""rdr250199#csvline3077"",""rdr250199#csvline3080""]"
"InChI=1S/C4H10O/c1-3-4(2)5/h4-5H,3H2,1-2H3",BTANRVKWQNVYAZ-UHFFFAOYSA-N,butan-2-ol,100,21,74,57,278.15,334.87,56.72000000000003,36,10,True,True,3,34,10,6,0,False,False,"[""10.1016/j.fluid.2005.03.016"",""10.1016/j.fluid.2008.11.012"",""10.1016/j.fluid.2011.08.009"",""10.1016/j.fluid.2013.09.029"",""10.1016/j.fluid.2014.02.018"",""10.1016/j.fluid.2014.11.010"",""10.1016/j.jct.2009.04.005"",""10.1021/acs.jced.5b00300"",""10.1021/acs.jced.6b00576"",""10.1021/acs.jced.7b00892"",""10.1021/acs.jced.9b00102"",""10.1021/je020110g"",""10.1021/je0341256"",""10.1021/je034136z"",""10.1021/je034197x"",""10.1021/je0502896"",""10.1021/je201284y"",""10.1021/je300670n"",""10.1021/je7003947"",""10.1021/je900050z"",""10.1021/je900530f""]","[""rdr250199#csvline3102"",""rdr250199#csvline3103"",""rdr250199#csvline3104"",""rdr250199#csvline3105"",""rdr250199#csvline3107"",""rdr250199#csvline3110"",""rdr250199#csvline3112"",""rdr250199#csvline3113"",""rdr250199#csvline3114"",""rdr250199#csvline3115""]"
"InChI=1S/C4H10O/c1-3-5-4-2/h3-4H2,1-2H3",RTZKZFJDLAIYFH-UHFFFAOYSA-N,diethyl ether,6,1,5,2,255.48,265.445,9.965000000000003,1,1,False,False,0,11,2,0,0,False,False,"[""10.1016/j.fluid.2008.03.015""]","[""rdr250199#csvline3184"",""rdr250199#csvline3185""]"
"InChI=1S/C4H10O/c1-4(2)3-5/h4-5H,3H2,1-2H3",ZXEKIIBDNHEJCQ-UHFFFAOYSA-N,2-methyl-1-propanol,47,9,39,35,278.15,342.515,64.36500000000001,14,5,True,True,2,28,13,9,0,False,False,"[""10.1016/j.fluid.2004.10.022"",""10.1016/j.fluid.2005.11.017"",""10.1016/j.fluid.2007.11.002"",""10.1016/j.jct.2009.04.009"",""10.1021/acs.jced.5b00537"",""10.1021/acs.jced.8b00103"",""10.1021/acs.jced.8b00552"",""10.1021/acs.jced.9b00102"",""10.1021/je020110g""]","[""rdr250199#csvline3125"",""rdr250199#csvline3126"",""rdr250199#csvline3127"",""rdr250199#csvline3128"",""rdr250199#csvline3131"",""rdr250199#csvline3132"",""rdr250199#csvline3133"",""rdr250199#csvline3134"",""rdr250199#csvline3135"",""rdr250199#csvline3136"",""rdr250199#csvline3137"",""rdr250199#csvline3140"",""rdr250199#csvline3143""]"
"InChI=1S/C4H10O/c1-4(2,3)5/h5H,1-3H3",DKGAVHZHDRPRBM-UHFFFAOYSA-N,2-methylpropan-2-ol,13,4,13,12,300.93,320.17,19.24000000000001,5,3,False,False,0,34,16,4,0,False,False,"[""10.1016/j.fluid.2004.10.022"",""10.1016/j.fluid.2005.03.016"",""10.1021/je060359o"",""10.1021/je901026b""]","[""rdr250199#csvline3155"",""rdr250199#csvline3156"",""rdr250199#csvline3157"",""rdr250199#csvline3158"",""rdr250199#csvline3159"",""rdr250199#csvline3162"",""rdr250199#csvline3163"",""rdr250199#csvline3164"",""rdr250199#csvline3165"",""rdr250199#csvline3167"",""rdr250199#csvline3169"",""rdr250199#csvline3170"",""rdr250199#csvline3171"",""rdr250199#csvline3172"",""rdr250199#csvline3173"",""rdr250199#csvline3175""]"
"InChI=1S/C4H10O2/c1-2-4(6)3-5/h4-6H,2-3H2,1H3",BMRWNKZVCUKKSR-UHFFFAOYSA-N,"1,2-butanediol",21,3,21,20,372.06,422.15,50.089999999999975,8,2,True,True,1,8,1,0,0,False,False,"[""10.1021/je400082c"",""10.1021/je400980w"",""10.1021/je5010824""]","[""rdr250199#csvline3206""]"
"InChI=1S/C4H10O2/c1-2-6-4-3-5/h5H,2-4H2,1H3",ZNQVEEAIQZEUHB-UHFFFAOYSA-N,2-ethoxyethan-1-ol,15,4,11,11,303.15,359.27,56.120000000000005,7,3,True,True,0,10,1,0,0,False,False,"[""10.1016/j.fluid.2007.03.030"",""10.1021/je0255628"",""10.1021/je025566c"",""10.1021/je034153o""]","[""rdr250199#csvline3256""]"
"InChI=1S/C4H10O2/c1-4(2-5)3-6/h4-6H,2-3H2,1H3",QWGRWMMWNDWRQN-UHFFFAOYSA-N,"2-methyl-1,3-propanediol",31,1,31,28,297.3,357.5,60.19999999999999,8,7,True,True,1,2,0,0,0,False,False,"[""10.1021/je060419q""]",[]
"InChI=1S/C4H10O2/c1-4(5)3-6-2/h4-5H,3H2,1-2H3",ARXJGSRGQADJSQ-UHFFFAOYSA-N,1-methoxy-2-propanol,8,4,8,7,313.15,347.66499999999996,34.514999999999986,4,1,True,False,0,2,0,0,0,False,False,"[""10.1016/j.jct.2012.04.029"",""10.1021/je025660t"",""10.1021/je034096z"",""10.1021/je050327l""]",[]
"InChI=1S/C4H10O2/c1-4(6)2-3-5/h4-6H,2-3H2,1H3",PUPZLCDOIYMWBV-UHFFFAOYSA-N,"1,3-butanediol",27,2,27,27,288.3,433.71,145.40999999999997,13,12,True,True,2,11,1,1,0,False,False,"[""10.1021/je060419q"",""10.1021/je400082c""]","[""rdr250199#csvline3214""]"
"InChI=1S/C4H10O2/c5-3-1-2-4-6/h5-6H,1-4H2",WERYXYBDKMZEQL-UHFFFAOYSA-N,"1,4-butanediol",27,3,22,22,329.2,454.63,125.43,2,19,True,False,1,7,2,0,0,False,False,"[""10.1021/je0497799"",""10.1021/je050317k"",""10.1021/je401020e""]","[""rdr250199#csvline3227"",""rdr250199#csvline3228""]"
"InChI=1S/C4H10O3/c5-1-3-7-4-2-6/h5-6H,1-4H2",MTHSVFCYNBDYFN-UHFFFAOYSA-N,diethylene glycol,3,1,3,3,445.07,464.36,19.29000000000002,1,2,False,False,0,8,0,0,0,False,False,"[""10.1021/je401020e""]",[]
"InChI=1S/C4H10OS/c1-3-6(5)4-2/h3-4H2,1-2H3",CCAFPWNGIUBUSD-UHFFFAOYSA-N,diethyl sulfoxide,5,1,5,5,298.15,318.15,20.0,2,2,False,False,0,1,0,0,0,False,False,"[""10.1021/je034278t""]",[]
"InChI=1S/C4H10S/c1-3-5-4-2/h3-4H2,1-2H3",LJSQFQKUNVCTIA-UHFFFAOYSA-N,3-thiapentane,6,1,5,4,307.94,317.62,9.680000000000007,2,1,False,False,0,10,4,0,0,False,False,"[""10.1016/j.fluid.2010.01.006""]","[""rdr250199#csvline3309"",""rdr250199#csvline3313"",""rdr250199#csvline3314"",""rdr250199#csvline3315""]"
"InChI=1S/C4H10S2/c1-3-5-6-4-2/h3-4H2,1-2H3",CETBSQOFQKLHHZ-UHFFFAOYSA-N,"3,4-dithiahexane",1,1,1,1,366.97,366.97,0.0,1,1,False,False,0,10,4,0,0,False,False,"[""10.1016/j.fluid.2010.02.043""]","[""rdr250199#csvline3333"",""rdr250199#csvline3335"",""rdr250199#csvline3339"",""rdr250199#csvline3340""]"
"InChI=1S/C4H11N/c1-2-3-4-5/h2-5H2,1H3",HQABUPZFAYXKJW-UHFFFAOYSA-N,1-butanamine,1,1,1,1,308.3,308.3,0.0,1,1,False,False,0,12,7,0,0,False,False,"[""10.1021/je3009649""]","[""rdr250199#csvline3346"",""rdr250199#csvline3348"",""rdr250199#csvline3349"",""rdr250199#csvline3350"",""rdr250199#csvline3351"",""rdr250199#csvline3352"",""rdr250199#csvline3353""]"
"InChI=1S/C4H11N/c1-3-4(2)5/h4H,3,5H2,1-2H3",BHRZNVHARXXAHW-UHFFFAOYSA-N,2-butanamine,6,1,5,4,274.075,293.88,19.805000000000007,2,1,False,False,0,8,5,0,0,False,False,"[""10.1016/j.jct.2011.08.009""]","[""rdr250199#csvline3356"",""rdr250199#csvline3357"",""rdr250199#csvline3358"",""rdr250199#csvline3359"",""rdr250199#csvline3361""]"
"InChI=1S/C4H11NO/c1-2-5-3-4-6/h5-6H,2-4H2,1H3",MIJDSYMOBYNHOT-UHFFFAOYSA-N,2-(ethylamino)ethanol,44,2,27,25,268.14,321.3,53.160000000000025,10,5,True,True,2,2,0,0,0,False,False,"[""10.1016/j.fluid.2018.05.032"",""10.1021/je049761y""]",[]
"InChI=1S/C4H11NO/c1-4(2,5)3-6/h6H,3,5H2,1-2H3",CBTVGIZVANVGBH-UHFFFAOYSA-N,2-amino-2-methylpropan-1-ol,22,4,22,22,293.29,393.05,99.75999999999999,12,3,True,True,1,5,0,0,0,False,False,"[""10.1016/j.fluid.2006.03.014"",""10.1016/j.jct.2010.04.015"",""10.1021/je060396f"",""10.1021/je101259r""]",[]
"InChI=1S/C4H11NO/c1-5(2)3-4-6/h6H,3-4H2,1-2H3",UEEJHVSXFDXPFK-UHFFFAOYSA-N,"2-(N,N-dimethylamino)ethanol",58,3,52,47,273.15,360.9,87.75,6,25,True,True,2,6,0,0,0,False,False,"[""10.1016/j.jct.2013.03.020"",""10.1021/je049761y"",""10.1021/je101259r""]",[]
"InChI=1S/C4H11NO/c1-6-4-2-3-5/h2-5H2,1H3",FAXDZWQIWUSWJH-UHFFFAOYSA-N,.gamma.-methoxypropylamine,13,1,13,12,278.95,317.57,38.620000000000005,3,3,True,True,1,3,0,0,0,False,False,"[""10.1021/acs.jced.6b00576""]",[]
"InChI=1S/C4H11NO2/c5-1-3-7-4-2-6/h6H,1-5H2",GIAFURWZWWWBQT-UHFFFAOYSA-N,2-(2-aminoethoxy)ethanol,31,2,31,31,303.2,443.9,140.7,6,17,True,True,1,4,0,0,0,False,False,"[""10.1021/je101259r"",""10.1021/je2002489""]",[]
"InChI=1S/C4H11NO2/c6-3-1-5-2-4-7/h5-7H,1-4H2",ZBCBWPMODOFKDW-UHFFFAOYSA-N,diethanolamine,6,2,6,6,427.5,489.08,61.579999999999984,1,3,True,False,0,4,0,0,0,False,False,"[""10.1016/j.jct.2018.09.002"",""10.1021/je101259r""]",[]
"InChI=1S/C4H11NS/c1-5(2)3-4-6/h6H,3-4H2,1-2H3",DENMGZODXQRYAR-UHFFFAOYSA-N,2-(dimethylamino)ethane-1-thiol,3,1,3,3,278.15,296.15,18.0,1,1,False,False,0,4,0,0,0,False,False,"[""10.1021/je400136y""]",[]
"InChI=1S/C4H12N2/c1-4(2,6)3-5/h3,5-6H2,1-2H3",OPCJOXGBLDJWRM-UHFFFAOYSA-N,"2-methyl-1,2-propanediamine",25,1,23,23,276,308.7,32.69999999999999,7,9,True,True,1,5,0,0,0,False,False,"[""10.1016/j.jct.2015.03.011""]",[]
"InChI=1S/C4H12N2/c1-5-3-4-6-2/h5-6H,3-4H2,1-2H3",KVKFRMCSXWQSNT-UHFFFAOYSA-N,"N1,N2-dimethylethane-1,2-diamine",14,1,14,14,279.2,310.7,31.5,4,5,True,True,1,2,0,0,0,False,False,"[""10.1021/acs.jced.5b01003""]",[]
"InChI=1S/C4H12N2/c1-6(2)4-3-5/h3-5H2,1-2H3",DILRJUIACXKSQE-UHFFFAOYSA-N,2-dimethylamino-1-ethylamine,18,1,15,15,273.8,303.2,29.399999999999977,4,6,False,False,0,2,0,0,0,False,False,"[""10.1021/acs.jced.5b01003""]",[]
"InChI=1S/C4H12N2/c1-6-4-2-3-5/h6H,2-5H2,1H3",QHJABUZHRJTCAR-UHFFFAOYSA-N,"N-methyl-1,3-diaminopropane",44,3,42,33,273,363.15,90.14999999999998,9,16,True,True,1,4,0,0,0,False,False,"[""10.1016/j.jct.2011.11.004"",""10.1016/j.jct.2015.08.023"",""10.1021/je800290k""]",[]
InChI=1S/C4H12N2/c5-3-1-2-4-6/h1-6H2,KIDHWZJUCRJVML-UHFFFAOYSA-N,"1,4-butanediamine",66,3,40,27,283.15,363.15,80.0,7,7,True,True,2,2,0,0,0,False,False,"[""10.1016/j.fluid.2014.03.013"",""10.1016/j.jct.2010.12.010"",""10.1016/j.jct.2011.06.008""]",[]
"InChI=1S/C4H12N2O/c5-1-2-6-3-4-7/h6-7H,1-5H2",LHIJANUOQQMGNT-UHFFFAOYSA-N,N-(2-aminoethyl)ethanolamine,33,1,25,22,323.2,374.2,51.0,7,8,True,True,1,5,0,0,0,False,False,"[""10.1021/je2002489""]",[]
"InChI=1S/C4H3F7O/c5-2(6,1-12)3(7,8)4(9,10)11/h12H,1H2",WXJFKAZDSQLPBX-UHFFFAOYSA-N,"2,2,3,3,4,4,4-heptafluorobutanol",11,1,11,11,278.14,327.91,49.77000000000004,4,3,True,True,1,1,0,0,0,False,False,"[""10.1016/j.fluid.2016.06.011""]",[]
"InChI=1S/C4H4F4O/c1-2(9)4(7,8)3(5)6/h3H,1H3",LXHNMFBSYHBCLY-UHFFFAOYSA-N,"1,1,2,2-tetrafluorobutan-3-one",1,1,1,1,297.98,297.98,0.0,1,1,False,False,0,0,0,0,0,False,False,"[""10.1021/je020210m""]",[]
"InChI=1S/C4H4F6O/c5-2(6)1-11-4(9,10)3(7)8/h2-3H,1H2",XYUTZEMBPIRNFA-UHFFFAOYSA-N,"1,1,2,2-tetrafluoro-2-(2,2-difluoroethoxy)ethane",1,1,1,1,300.91,300.91,0.0,1,1,False,False,0,0,0,0,0,False,False,"[""10.1021/je0201976""]",[]
"InChI=1S/C4H4F6O/c5-3(6,7)1-11-2-4(8,9)10/h1-2H2",KGPPDNUWZNWPSI-UHFFFAOYSA-N,"1,1,1-trifluoro-2-(2,2,2-trifluoroethoxy)ethane",2,1,2,2,293.4,293.59,0.18999999999999773,1,1,False,False,0,1,0,0,0,False,False,"[""10.1021/je0201976""]",[]
InChI=1S/C4H4O3/c5-3-1-2-4(6)7-3/h1-2H2,RINCXYDBBGOEEQ-UHFFFAOYSA-N,succinic anhydride,1,1,1,1,475.01,475.01,0.0,1,1,False,False,0,1,0,0,0,False,False,"[""10.1021/acs.jced.7b00008""]",[]
InChI=1S/C4H4S/c1-2-4-5-3-1/h1-4H,YTPLMLYBLZKORZ-UHFFFAOYSA-N,thiophene,23,6,11,8,273.15,313.15,40.0,3,2,True,True,0,11,3,0,0,False,False,"[""10.1016/j.fluid.2015.04.031"",""10.1016/j.jct.2013.12.033"",""10.1021/acs.jced.5b00760"",""10.1021/je101343m"",""10.1021/je3013028"",""10.1021/je400510j""]","[""rdr250199#csvline2303"",""rdr250199#csvline2304"",""rdr250199#csvline2305""]"
"InChI=1S/C4H5F3O2/c1-2-9-3(8)4(5,6)7/h2H2,1H3",STSCVKRWJPWALQ-UHFFFAOYSA-N,ethyl trifluoroacetate,1,1,1,1,293.35,293.35,0.0,1,1,False,False,0,2,0,0,0,False,False,"[""10.1016/j.jct.2015.02.022""]",[]
InChI=1S/C4H5N/c1-2-4-5-3-1/h1-5H,KAESVJOAVNADME-UHFFFAOYSA-N,pyrrole,7,2,7,5,338.15,356.2,18.05000000000001,2,2,False,False,0,9,3,0,0,False,False,"[""10.1016/j.fluid.2013.10.029"",""10.1021/je3004194""]","[""rdr250199#csvline2344"",""rdr250199#csvline2345"",""rdr250199#csvline2346""]"
"InChI=1S/C4H6N2/c1-4-2-3-5-6-4/h2-3H,1H3,(H,5,6)",XKVUYEYANWFIJX-UHFFFAOYSA-N,3-methylpyrazole,11,1,11,11,306.3,333.2,26.899999999999977,3,4,False,False,0,2,1,0,0,False,False,"[""10.1016/j.jct.2018.07.020""]","[""rdr250199#csvline2422""]"
"InChI=1S/C4H6N2/c1-4-2-5-6-3-4/h2-3H,1H3,(H,5,6)",RIKMMFOAQPJVMX-UHFFFAOYSA-N,4-methylpyrazole,10,1,10,10,296,340.6,44.60000000000002,3,3,True,True,1,1,0,0,0,False,False,"[""10.1016/j.jct.2018.07.020""]",[]
"InChI=1S/C4H6N2/c1-6-4-2-3-5-6/h2-4H,1H3",UQFQONCQIQEYPJ-UHFFFAOYSA-N,1-methyl-1H-pyrazole,43,2,43,41,253.9,308.2,54.29999999999998,10,9,True,True,2,4,1,1,0,False,False,"[""10.1016/j.jct.2014.04.026"",""10.1016/j.jct.2018.07.020""]","[""rdr250199#csvline2421""]"
InChI=1S/C4H6O2/c1-3(5)4(2)6/h1-2H3,QSJXEFYPDANLFS-UHFFFAOYSA-N,"2,3-butanedione",3,2,3,3,303.15,314.3,11.150000000000034,2,1,False,False,0,0,0,0,0,False,False,"[""10.1021/je060174h"",""10.1021/je7005924""]",[]
"InChI=1S/C4H6O2/c1-3-4(5)6-2/h3H,1H2,2H3",BAPJBEWLBFYGME-UHFFFAOYSA-N,methyl propenoate,7,1,7,7,278.15,308.15,30.0,2,2,True,False,0,4,0,0,0,False,False,"[""10.1021/je301333b""]",[]
InChI=1S/C4H6O2/c5-4-2-1-3-6-4/h1-3H2,YEJRWHAVMIAJKC-UHFFFAOYSA-N,.gamma.-butyrolactone,6,3,6,6,376.99,420.76,43.76999999999998,2,2,True,False,0,15,1,0,0,False,False,"[""10.1021/acs.jced.7b00008"",""10.1021/je050317k"",""10.1021/je100803e""]","[""rdr250199#csvline2465""]"
InChI=1S/C4H6O3/c1-3(5)4(6)7-2/h1-2H3,CWKLZLBVOJRSOM-UHFFFAOYSA-N,methyl 2-oxopropanoate,14,1,12,12,279.4,307.8,28.400000000000034,2,6,False,False,0,1,0,0,0,False,False,"[""10.1016/j.tca.2018.05.009""]",[]
"InChI=1S/C4H6O3/c1-3-2-6-4(5)7-3/h3H,2H2,1H3",RUOJZAUFBMNUDX-UHFFFAOYSA-N,"4-methyl-1,3-dioxolan-2-one",118,5,91,65,278.19,453.6,175.41000000000003,14,24,True,True,3,11,0,0,0,False,False,"[""10.1016/j.fluid.2008.03.013"",""10.1016/j.jct.2014.07.004"",""10.1021/acs.jced.7b00578"",""10.1021/je049950g"",""10.1021/je100803e""]",[]
InChI=1S/C4H6O4/c1-7-3(5)4(6)8-2/h1-2H3,LOMVENUNSWAXEN-UHFFFAOYSA-N,dimethyl ethanedioate,17,1,17,17,330.4,365.2,34.80000000000001,6,5,True,True,1,4,0,0,0,False,False,"[""10.1021/je0602418""]",[]
"InChI=1S/C4H6O4/c5-1-3-2-7-4(6)8-3/h3,5H,1-2H2",JFMGYULNQJPJCY-UHFFFAOYSA-N,glycerine carbonate,25,2,25,25,348.4,455.61,107.21000000000004,9,11,True,True,1,2,0,0,0,False,False,"[""10.1016/j.fluid.2008.03.013"",""10.1021/je034173q""]",[]
"InChI=1S/C4H7N3O2/c1-2-9-4(8)3-6-7-5/h2-3H2,1H3",HVJJYOAPXBPQQV-UHFFFAOYSA-N,ethyl azidoacetate,11,1,11,11,301.4,344.3,42.900000000000034,4,3,True,True,1,0,0,0,0,False,False,"[""10.1016/j.jct.2011.05.028""]",[]
"InChI=1S/C4H7NO2/c6-4-5-2-1-3-7-4/h1-3H2,(H,5,6)",OYELEBBISJGNHJ-UHFFFAOYSA-N,"tetrahydro-1,3-oxazin-2-one",10,1,10,10,358,385.1,27.100000000000023,4,3,False,False,0,1,0,0,0,False,False,"[""10.1021/acs.jced.8b00643""]",[]
InChI=1S/C4H8Cl2/c5-3-1-2-4-6/h1-4H2,KJDRSWPQXHESDQ-UHFFFAOYSA-N,"1,4-dichlorobutane",8,4,7,7,298.15,363.15,65.0,2,2,True,False,0,6,3,0,0,False,False,"[""10.1016/j.jct.2007.03.008"",""10.1016/j.jct.2007.06.017"",""10.1016/j.jct.2008.01.024"",""10.1016/j.jct.2012.06.033""]","[""rdr250199#csvline2644"",""rdr250199#csvline2646"",""rdr250199#csvline2647""]"
InChI=1S/C4H8Cl2S/c5-1-3-7-4-2-6/h1-4H2,QKSKPIVNLNLAAV-UHFFFAOYSA-N,bis(2-chloroethyl) sulfide,2,1,2,2,288.15,293.15,5.0,1,1,False,False,0,2,0,0,0,False,False,"[""10.1021/je060077o""]",[]
InChI=1S/C4H8O/c1-2-4-5-3-1/h1-4H2,WYURNTSHIVDZCO-UHFFFAOYSA-N,tetrahydrofuran,34,5,33,31,273.6,296.05,22.44999999999999,11,9,False,False,0,13,1,0,0,False,False,"[""10.1016/j.fluid.2018.04.009"",""10.1016/j.jct.2005.06.003"",""10.1016/j.jct.2011.09.022"",""10.1021/acs.jced.6b00576"",""10.1021/je4004993""]","[""rdr250199#csvline2723""]"
"InChI=1S/C4H8O/c1-3-4(2)5/h3H2,1-2H3",ZWEHNKRNPOVVGH-UHFFFAOYSA-N,butanone,6,3,6,5,283.7,309.55,25.850000000000023,3,1,False,False,0,17,9,3,0,False,False,"[""10.1016/j.fluid.2008.06.004"",""10.1016/j.fluid.2018.04.009"",""10.1021/je060150a""]","[""rdr250199#csvline2682"",""rdr250199#csvline2683"",""rdr250199#csvline2684"",""rdr250199#csvline2688"",""rdr250199#csvline2689"",""rdr250199#csvline2690"",""rdr250199#csvline2691"",""rdr250199#csvline2692"",""rdr250199#csvline2693""]"
"InChI=1S/C4H8O2/c1-2-3-4(5)6/h2-3H2,1H3,(H,5,6)",FERIUCNNQQJTOY-UHFFFAOYSA-N,butanoic acid,23,3,23,16,273.15,390.87,117.72000000000003,4,7,True,True,1,12,2,2,0,True,False,"[""10.1021/je034180e"",""10.1021/je050327l"",""10.1021/je800888n""]","[""rdr250199#csvline2751"",""rdr250199#csvline2752""]"
InChI=1S/C4H8O2/c1-2-6-4-3-5-1/h1-4H2,RYHBNJHYFVUHQT-UHFFFAOYSA-N,"1,4-dioxane",27,6,22,20,284.59,328.15,43.56,3,7,True,True,0,6,1,1,0,False,False,"[""10.1016/j.fluid.2006.10.024"",""10.1016/j.fluid.2007.11.002"",""10.1016/j.jct.2008.03.017"",""10.1021/acs.jced.6b00576"",""10.1021/acs.jced.7b01091"",""10.1021/je700512a""]","[""rdr250199#csvline2758""]"
"InChI=1S/C4H8O2/c1-3(2)4(5)6/h3H,1-2H3,(H,5,6)",KQNPFQTWMSNSAP-UHFFFAOYSA-N,2-methylpropanoic acid,2,1,2,2,375.21,382.14,6.930000000000007,1,1,False,False,0,10,2,0,0,True,False,"[""10.1021/je034180e""]","[""rdr250199#csvline2787"",""rdr250199#csvline2788""]"
"InChI=1S/C4H8O2/c1-3-6-4(2)5/h3H2,1-2H3",XEKOWRVHYACXOJ-UHFFFAOYSA-N,ethyl acetate,3,1,3,3,297.17,306.25,9.079999999999984,1,1,False,False,0,15,9,2,0,False,False,"[""10.1021/je100832h""]","[""rdr250199#csvline2764"",""rdr250199#csvline2765"",""rdr250199#csvline2766"",""rdr250199#csvline2767"",""rdr250199#csvline2768"",""rdr250199#csvline2769"",""rdr250199#csvline2770"",""rdr250199#csvline2771"",""rdr250199#csvline2774""]"
"InChI=1S/C4H8O2/c1-4-5-2-3-6-4/h4H,2-3H2,1H3",HTWIZMNMTWYQRN-UHFFFAOYSA-N,"2-methyl-1,3-dioxolane",3,1,3,3,298,308,10,1,1,False,False,0,3,0,0,0,False,False,"[""10.1021/je025534p""]",[]
InChI=1S/C4H8O2S/c5-7(6)3-1-2-4-7/h1-4H2,HXJUTPCZVOIRIF-UHFFFAOYSA-N,sulfolane,21,2,8,8,302.16,353.15,50.98999999999995,1,6,True,False,0,0,0,0,0,False,False,"[""10.1016/j.fluid.2009.09.024"",""10.1016/j.fluid.2011.02.002""]",[]
"InChI=1S/C4H8O3/c1-3(5)4(6)7-2/h3,5H,1-2H3",LPEKGGXMPWTOCB-UHFFFAOYSA-N,methyl 2-hydroxypropanoate,16,2,15,15,283.15,363.15,80.0,5,3,True,True,1,4,0,0,0,False,False,"[""10.1016/j.tca.2013.11.010"",""10.1021/je049824c""]",[]
"InChI=1S/C4H8O3/c1-3-7-4(5)6-2/h3H2,1-2H3",JBTWLSYIZRCDFO-UHFFFAOYSA-N,ethyl methyl carbonate,13,1,13,13,277.96,333.15,55.19,3,5,True,True,1,0,0,0,0,False,False,"[""10.1016/j.jct.2014.07.004""]",[]
"InChI=1S/C4H8O3/c1-4(2,7)3(5)6/h7H,1-2H3,(H,5,6)",BWLBGMIXKSTLSX-UHFFFAOYSA-N,2-hydroxy-2-methylpropanoic acid,11,1,11,10,356,379.55,23.55000000000001,4,2,False,False,0,2,0,0,0,True,False,"[""10.1016/j.jct.2018.07.017""]",[]
"InChI=1S/C4H8O3/c1-4(6)7-3-2-5/h5H,2-3H2,1H3",HXDLWJWIAHWIKI-UHFFFAOYSA-N,2-hydroxyethyl acetate,6,1,3,3,363.15,403.66,40.51000000000005,1,2,False,False,0,0,0,0,0,False,False,"[""10.1016/j.fluid.2007.05.030""]",[]
InChI=1S/C4H8S/c1-2-4-5-3-1/h1-4H2,RAOIDOHSFRTOEL-UHFFFAOYSA-N,tetrahydrothiophene,5,2,4,3,293.97,318.345,24.375,2,1,False,False,0,8,4,1,0,False,False,"[""10.1016/j.fluid.2010.03.027"",""10.1021/je800896m""]","[""rdr250199#csvline2854"",""rdr250199#csvline2857"",""rdr250199#csvline2858"",""rdr250199#csvline2859""]"
"InChI=1S/C4H9Br/c1-2-3-4-5/h2-4H2,1H3",MPPPKRYCTPRNTB-UHFFFAOYSA-N,1-bromobutane,20,2,10,10,278.15,323.15,45.0,3,3,True,True,2,12,7,3,0,False,False,"[""10.1021/je020110g"",""10.1021/je030168a""]","[""rdr250199#csvline2867"",""rdr250199#csvline2868"",""rdr250199#csvline2869"",""rdr250199#csvline2870"",""rdr250199#csvline2871"",""rdr250199#csvline2872"",""rdr250199#csvline2873""]"
"InChI=1S/C4H9Cl/c1-2-3-4-5/h2-4H2,1H3",VFWCMGCRMGJXDK-UHFFFAOYSA-N,1-chlorobutane,16,8,6,6,278.15,303.15,25.0,2,2,False,False,0,12,7,2,0,False,False,"[""10.1016/j.fluid.2011.06.001"",""10.1016/j.fluid.2012.10.015"",""10.1016/j.fluid.2015.09.031"",""10.1016/j.jct.2003.09.009"",""10.1016/j.jct.2007.03.008"",""10.1016/j.jct.2009.04.005"",""10.1016/j.jct.2009.04.006"",""10.1016/j.jct.2012.02.039""]","[""rdr250199#csvline2893"",""rdr250199#csvline2894"",""rdr250199#csvline2895"",""rdr250199#csvline2896"",""rdr250199#csvline2897"",""rdr250199#csvline2898"",""rdr250199#csvline2900""]"
"InChI=1S/C4H9Cl/c1-3-4(2)5/h4H,3H2,1-2H3",BSPCSKHALVHRSR-UHFFFAOYSA-N,2-chlorobutane,4,4,1,1,288.15,288.15,0.0,1,1,False,False,0,9,6,0,0,False,False,"[""10.1016/j.fluid.2011.06.001"",""10.1016/j.fluid.2015.09.031"",""10.1016/j.jct.2012.02.039"",""10.1021/je500116z""]","[""rdr250199#csvline2906"",""rdr250199#csvline2907"",""rdr250199#csvline2908"",""rdr250199#csvline2909"",""rdr250199#csvline2910"",""rdr250199#csvline2911""]"
"InChI=1S/C4H9Cl/c1-4(2)3-5/h4H,3H2,1-2H3",QTBFPMKWQKYFLR-UHFFFAOYSA-N,1-chloro-2-methylpropane,4,4,1,1,288.15,288.15,0.0,1,1,False,False,0,2,1,0,0,False,False,"[""10.1016/j.fluid.2011.06.001"",""10.1016/j.fluid.2015.09.031"",""10.1016/j.jct.2012.02.039"",""10.1021/je500116z""]","[""rdr250199#csvline2914""]"
"InChI=1S/C4H9I/c1-4(2)3-5/h4H,3H2,1-2H3",BTUGGGLMQBJCBN-UHFFFAOYSA-N,1-iodo-2-methylpropane,24,1,10,10,258.35,303.23,44.879999999999995,3,3,True,True,1,3,1,1,0,False,False,"[""10.1021/je100398m""]","[""rdr250199#csvline2939""]"
"InChI=1S/C4H9N/c1-2-4-5-3-1/h5H,1-4H2",RWRDLPDLKQPQOW-UHFFFAOYSA-N,pyrrolidine,10,2,10,10,273.16,316.9,43.73999999999995,3,2,True,True,1,8,3,0,0,False,False,"[""10.1021/acs.jced.6b00576"",""10.1021/je3009649""]","[""rdr250199#csvline2946"",""rdr250199#csvline2947"",""rdr250199#csvline2948""]"
"InChI=1S/C4H9N3O/c1-2-8-4-3-6-7-5/h2-4H2,1H3",UFQQYZYHTUVNDA-UHFFFAOYSA-N,(azidoethoxy)ethane,22,1,22,21,274.1,300.7,26.599999999999966,5,8,False,False,0,0,0,0,0,False,False,"[""10.1016/j.jct.2011.05.028""]",[]
"InChI=1S/C4H9NO/c1-2-3-4(5)6/h2-3H2,1H3,(H2,5,6)",DNSISZSEWVHGLH-UHFFFAOYSA-N,butanamide,21,1,20,13,422.25,452.12,29.870000000000005,1,8,False,False,0,2,0,0,0,False,False,"[""10.1016/j.fluid.2005.04.020""]",[]
"InChI=1S/C4H9NO/c1-3-6-4-2-5-1/h5H,1-4H2",YNAVUWVOSKDBBP-UHFFFAOYSA-N,"tetrahydro-1,4-oxazine",22,4,20,20,273.27,353.15,79.88,5,5,True,True,2,13,1,1,0,False,False,"[""10.1016/j.tca.2016.12.010"",""10.1021/acs.jced.6b00576"",""10.1021/acs.jced.7b01128"",""10.1021/je049627d""]","[""rdr250199#csvline2980""]"
InChI=1S/C4H9NO/c1-4(6)5(2)3/h1-3H3,FXHOOIRPVKKKFG-UHFFFAOYSA-N,"N,N-dimethylethanamide",100,6,77,63,273.3,383.15,109.84999999999997,8,38,True,True,4,12,0,0,0,False,False,"[""10.1016/j.fluid.2019.112241"",""10.1016/j.jct.2004.09.015"",""10.1016/j.jct.2005.08.001"",""10.1021/acs.jced.7b00119"",""10.1021/je049950g"",""10.1021/je300994y""]",[]
"InChI=1S/C4H9NO2/c1-4(2,3)5(6)7/h1-3H3",AIMREYQYBFBEGQ-UHFFFAOYSA-N,2-methyl-2-nitropropane,10,1,10,10,299.3,328.1,28.80000000000001,2,3,False,False,0,4,1,0,0,False,False,"[""10.1016/j.tca.2017.07.001""]","[""rdr250199#csvline2998""]"
InChI=1S/C5H10O/c1-2-4-6-5-3-1/h1-5H2,DHXVGJBLRPWPCS-UHFFFAOYSA-N,tetrahydropyran,28,7,25,23,257.96,315.36,57.400000000000034,10,4,True,True,1,6,0,0,0,False,False,"[""10.1016/j.fluid.2006.10.024"",""10.1016/j.jct.2008.03.017"",""10.1021/acs.jced.6b00576"",""10.1021/acs.jced.7b01091"",""10.1021/je1005196"",""10.1021/je201140q"",""10.1021/je700270d""]",[]
"InChI=1S/C5H10O/c1-3-5(6)4-2/h3-4H2,1-2H3",FDPIMTJIUBPUKL-UHFFFAOYSA-N,pentan-3-one,3,1,3,3,290,320,30,1,1,False,False,0,13,5,2,0,False,False,"[""10.1021/je025651k""]","[""rdr250199#csvline4022"",""rdr250199#csvline4023"",""rdr250199#csvline4026"",""rdr250199#csvline4027"",""rdr250199#csvline4028""]"
"InChI=1S/C5H10O/c1-3-5-6-4-2/h4H,2-3,5H2,1H3",OVGRCEFMXPHEBL-UHFFFAOYSA-N,propyl vinyl ether,1,1,1,1,296.02,296.02,0.0,1,1,False,False,0,1,0,0,0,False,False,"[""10.1021/je700094y""]",[]
"InChI=1S/C5H10O/c1-4(2)5(3)6/h4H,1-3H3",SYBYTAAJFKOIEJ-UHFFFAOYSA-N,3-methyl-2-butanone,3,2,3,3,310.446,318.084,7.637999999999977,1,1,False,False,0,10,5,0,0,False,False,"[""10.1016/j.fluid.2013.01.020"",""10.1021/je050062a""]","[""rdr250199#csvline3996"",""rdr250199#csvline3997"",""rdr250199#csvline4000"",""rdr250199#csvline4001"",""rdr250199#csvline4002""]"
"InChI=1S/C5H10O/c1-4-5(2,3)6/h4,6H,1H2,2-3H3",HNVRRHSXBLFLIG-UHFFFAOYSA-N,2-methyl-3-buten-2-ol,45,1,45,35,279.12,328.07,48.94999999999999,9,14,True,True,1,13,1,1,1,False,False,"[""10.1016/j.jct.2015.07.028""]","[""rdr250199#csvline3966""]"
"InChI=1S/C5H10O/c1-5-3-2-4-6-5/h5H,2-4H2,1H3",JWUJQDFVADABEY-UHFFFAOYSA-N,2-methyltetrahydrofuran,12,1,12,9,279.005,306.05,27.045000000000016,3,3,False,False,0,3,0,0,0,False,False,"[""10.1021/acs.jced.6b00576""]",[]
"InChI=1S/C5H10O/c6-5-3-1-2-4-5/h5-6H,1-4H2",XCIXKGXIYUWCLL-UHFFFAOYSA-N,cyclopentanol,13,1,13,13,279.84,314.3,34.460000000000036,4,5,True,True,1,8,2,2,0,False,False,"[""10.1021/acs.jced.6b00576""]","[""rdr250199#csvline3984"",""rdr250199#csvline3985""]"
"InChI=1S/C5H10O2/c1-2-3-4-5(6)7/h2-4H2,1H3,(H,6,7)",NQPDZGIKBAWPEJ-UHFFFAOYSA-N,pentanoic acid,2,1,2,2,403.15,410.71,7.560000000000002,1,1,False,False,0,0,0,0,0,True,False,"[""10.1021/je034180e""]",[]
"InChI=1S/C5H10O2/c1-2-3-4-7-5-6/h5H,2-4H2,1H3",NMJJFJNHVMGPGM-UHFFFAOYSA-N,butyl methanoate,6,1,6,5,313.16,333.145,19.984999999999957,2,2,False,False,0,19,8,1,0,False,False,"[""10.1021/je025566c""]","[""rdr250199#csvline4059"",""rdr250199#csvline4060"",""rdr250199#csvline4061"",""rdr250199#csvline4063"",""rdr250199#csvline4064"",""rdr250199#csvline4065"",""rdr250199#csvline4069"",""rdr250199#csvline4070""]"
"InChI=1S/C5H10O2/c1-3-4-5(6)7-2/h3-4H2,1-2H3",UUIQMZJEGPQKFD-UHFFFAOYSA-N,methyl butanoate,27,2,24,24,274.3,326.17,51.870000000000005,3,11,True,True,0,17,2,2,0,False,False,"[""10.1016/j.fluid.2008.02.001"",""10.1016/j.jct.2011.10.001""]","[""rdr250199#csvline4104"",""rdr250199#csvline4106""]"
"InChI=1S/C5H10O2/c1-3-4-7-5(2)6/h3-4H2,1-2H3",YKYONYBAUNKHLG-UHFFFAOYSA-N,propyl ethanoate,18,5,13,13,263.15,329.58,66.43,7,2,True,True,0,20,9,3,0,False,False,"[""10.1021/acs.jced.9b00152"",""10.1021/je0255628"",""10.1021/je060184i"",""10.1021/je101131x"",""10.1021/je3011979""]","[""rdr250199#csvline4120"",""rdr250199#csvline4121"",""rdr250199#csvline4122"",""rdr250199#csvline4123"",""rdr250199#csvline4124"",""rdr250199#csvline4125"",""rdr250199#csvline4126"",""rdr250199#csvline4129"",""rdr250199#csvline4130""]"
"InChI=1S/C5H10O2/c1-3-5(6)7-4-2/h3-4H2,1-2H3",FKRCODPIKNYEAC-UHFFFAOYSA-N,ethyl propanoate,1,1,1,1,313.15,313.15,0.0,1,1,False,False,0,12,7,0,0,False,False,"[""10.1021/je0255628""]","[""rdr250199#csvline4076"",""rdr250199#csvline4077"",""rdr250199#csvline4078"",""rdr250199#csvline4079"",""rdr250199#csvline4080"",""rdr250199#csvline4081"",""rdr250199#csvline4082""]"
"InChI=1S/C5H10O2/c1-4(2)3-5(6)7/h4H,3H2,1-2H3,(H,6,7)",GWYFCOCPABKNJV-UHFFFAOYSA-N,3-methylbutanoic acid,2,1,2,2,396.05,402.9,6.849999999999966,1,1,False,False,0,0,0,0,0,True,False,"[""10.1021/je034180e""]",[]
"InChI=1S/C5H10O2/c1-4(2)7-5(3)6/h4H,1-3H3",JMMWKPVZQRWMSS-UHFFFAOYSA-N,1-methylethyl ethanoate,7,2,6,6,304.07,317.77,13.699999999999989,2,2,False,False,0,5,2,0,0,False,False,"[""10.1021/acs.jced.8b00005"",""10.1021/acs.jced.9b00152""]","[""rdr250199#csvline4087"",""rdr250199#csvline4088""]"
"InChI=1S/C5H10O2/c1-4-3-6-5(2)7-4/h4-5H,3H2,1-2H3",ROSFUFIOLRQOON-UHFFFAOYSA-N,"2,4-dimethyl-1,3-dioxolane",4,1,4,4,298,313,15,1,1,False,False,0,2,0,0,0,False,False,"[""10.1021/je025534p""]",[]
"InChI=1S/C5H10O2/c6-4-5-2-1-3-7-5/h5-6H,1-4H2",BSYVTEYKTMYBMK-UHFFFAOYSA-N,2-tetrahydrofurylmethanol,19,1,19,19,303.15,393.15,90.0,6,6,True,True,1,3,0,0,0,False,False,"[""10.1021/je400783h""]",[]
"InChI=1S/C5H10O3/c1-3-7-5(6)8-4-2/h3-4H2,1-2H3",OIFBSDVPJOWBCH-UHFFFAOYSA-N,diethyl carbonate,105,5,66,54,253.15,351.67,98.52000000000001,8,16,True,True,3,7,1,1,0,False,False,"[""10.1016/j.jct.2008.02.012"",""10.1016/j.jct.2014.07.004"",""10.1021/acs.jced.7b00236"",""10.1021/acs.jced.7b00295"",""10.1021/je800984q""]","[""rdr250199#csvline4153""]"
"InChI=1S/C5H10O3/c1-3-8-5(7)4(2)6/h4,6H,3H2,1-2H3",LZCLXQDLBQLTDK-UHFFFAOYSA-N,DL-ethyl lactate,40,2,38,36,274.6,373.15,98.54999999999995,6,17,True,True,2,5,0,0,0,False,False,"[""10.1016/j.jct.2018.07.029"",""10.1016/j.tca.2013.11.010""]",[]
"InChI=1S/C5H10O3/c1-3-8-5(7)4(2)6/h4,6H,3H2,1-2H3/t4-/m0/s1",LZCLXQDLBQLTDK-BYPYZUCNSA-N,(S)-(-)-ethyl lactate,2,1,2,1,366.6,366.6,0.0,1,1,False,False,0,0,0,0,0,False,False,"[""10.1021/je200111a""]",[]
"InChI=1S/C5H10O3/c1-3-8-5(7)4(2)6/h4,6H,3H2,1-2H3/t4-/m1/s1",LZCLXQDLBQLTDK-SCSAIBSYSA-N,ethyl D-lactate,29,1,28,27,274.4,318.2,43.80000000000001,10,8,True,True,1,0,0,0,0,False,False,"[""10.1016/j.jct.2018.07.029""]",[]
"InChI=1S/C5H10O3/c1-5(6)8-4-3-7-2/h3-4H2,1-2H3",XLLIQLLCWZCATF-UHFFFAOYSA-N,2-methoxyethyl ethanoate,4,1,4,4,312.51,361.67,49.160000000000025,2,1,False,False,0,2,1,0,0,False,False,"[""10.1016/j.jct.2014.01.019""]","[""rdr250199#csvline4156""]"
"InChI=1S/C5H11Cl/c1-2-3-4-5-6/h2-5H2,1H3",SQCZQTSHSZLZIQ-UHFFFAOYSA-N,1-chloropentane,6,2,5,5,298.15,328.15,30.0,1,1,False,False,0,10,7,2,0,False,False,"[""10.1016/j.fluid.2006.10.024"",""10.1016/j.fluid.2012.10.015""]","[""rdr250199#csvline4206"",""rdr250199#csvline4207"",""rdr250199#csvline4208"",""rdr250199#csvline4209"",""rdr250199#csvline4210"",""rdr250199#csvline4211"",""rdr250199#csvline4212""]"
"InChI=1S/C5H11I/c1-5(2)3-4-6/h5H,3-4H2,1-2H3",BUZZUHJODKQYTF-UHFFFAOYSA-N,1-iodo-3-methylbutane,28,1,20,11,253.68,303.29,49.610000000000014,4,2,True,True,1,3,0,0,0,False,False,"[""10.1021/je100398m""]",[]
"InChI=1S/C5H11N/c1-2-4-6-5-3-1/h6H,1-5H2",NQRYJNQNLNOLGT-UHFFFAOYSA-N,piperidine,12,1,12,10,283.64,318.34,34.69999999999999,2,4,True,False,0,6,0,0,0,False,False,"[""10.1021/acs.jced.6b00576""]",[]
"InChI=1S/C5H11N/c1-6-4-2-3-5-6/h2-5H2,1H3",AVFZOVWCLRSYKC-UHFFFAOYSA-N,N-methylpyrrolidine,8,1,8,8,273.17,302.94,29.769999999999982,4,1,False,False,0,5,0,0,0,False,False,"[""10.1021/acs.jced.6b00576""]",[]
"InChI=1S/C5H11NO/c1-2-3-4-6-5-7/h5H,2-4H2,1H3,(H,6,7)",QQGNLKJAIVSNCO-UHFFFAOYSA-N,N-butylformamide,23,1,23,23,297.1,352.2,55.099999999999966,6,7,True,True,1,2,0,0,0,False,False,"[""10.1016/j.fluid.2019.04.036""]",[]
"InChI=1S/C5H11NO/c1-3-6(4-2)5-7/h5H,3-4H2,1-2H3",SUAKHGWARZSWIH-UHFFFAOYSA-N,"N,N-diethylformamide",20,1,20,20,288.8,356.1,67.30000000000001,6,7,True,True,1,4,0,0,0,False,False,"[""10.1016/j.fluid.2019.04.036""]",[]
"InChI=1S/C5H11NO/c1-6-2-4-7-5-3-6/h2-5H2,1H3",SJRJJKPEHAURKC-UHFFFAOYSA-N,N-methylmorpholine,39,3,36,27,273.18,338.18,65.0,4,11,True,True,2,11,0,0,0,False,False,"[""10.1016/j.fluid.2009.04.006"",""10.1021/acs.jced.6b00576"",""10.1021/je800530u""]",[]
"InChI=1S/C5H12N2/c1-7-4-2-6-3-5-7/h6H,2-5H2,1H3",PVOAHINGSUIXLS-UHFFFAOYSA-N,N-methylpiperazine,20,1,20,18,274.39,319.47,45.08000000000004,5,7,True,True,1,2,0,0,0,False,False,"[""10.1021/acs.jced.6b00576""]",[]
"InChI=1S/C5H12O/c1-2-3-4-5-6/h6H,2-5H2,1H3",AMQJEAYHLZJPGS-UHFFFAOYSA-N,pentan-1-ol,43,10,33,29,298.15,368.86,70.71000000000004,14,5,True,True,1,30,9,5,0,False,False,"[""10.1016/j.fluid.2010.03.001"",""10.1016/j.fluid.2013.09.029"",""10.1016/j.fluid.2015.07.049"",""10.1016/j.fluid.2016.05.031"",""10.1016/j.fluid.2017.12.031"",""10.1021/acs.jced.8b00552"",""10.1021/je049600u"",""10.1021/je200111a"",""10.1021/je300347z"",""10.1021/je3004194""]","[""rdr250199#csvline4401"",""rdr250199#csvline4402"",""rdr250199#csvline4403"",""rdr250199#csvline4404"",""rdr250199#csvline4407"",""rdr250199#csvline4408"",""rdr250199#csvline4409"",""rdr250199#csvline4410"",""rdr250199#csvline4413""]"
"InChI=1S/C5H12O/c1-3-4-5(2)6/h5-6H,3-4H2,1-2H3",JYVLIDXNZAXMDK-UHFFFAOYSA-N,pentan-2-ol,63,6,58,50,313.15,351.875,38.72500000000002,18,5,True,True,0,14,7,2,0,False,False,"[""10.1016/j.fluid.2010.06.020"",""10.1016/j.fluid.2014.10.016"",""10.1016/j.fluid.2016.05.031"",""10.1016/j.fluid.2017.12.031"",""10.1021/je900050z"",""10.1021/je900530f""]","[""rdr250199#csvline4419"",""rdr250199#csvline4420"",""rdr250199#csvline4421"",""rdr250199#csvline4422"",""rdr250199#csvline4423"",""rdr250199#csvline4424"",""rdr250199#csvline4427""]"
"InChI=1S/C5H12O/c1-3-4-5-6-2/h3-5H2,1-2H3",CXBDYQVECUFKRK-UHFFFAOYSA-N,butyl methyl ether,13,2,9,7,262.99,298.15,35.15999999999997,2,4,True,False,0,11,6,2,0,False,False,"[""10.1016/j.fluid.2007.09.002"",""10.1016/j.jct.2012.03.016""]","[""rdr250199#csvline4347"",""rdr250199#csvline4348"",""rdr250199#csvline4349"",""rdr250199#csvline4350"",""rdr250199#csvline4351"",""rdr250199#csvline4354""]"
"InChI=1S/C5H12O/c1-3-5(2)4-6/h5-6H,3-4H2,1-2H3",QPRQEDXDYOZYLA-UHFFFAOYSA-N,2-methyl-1-butanol,5,2,5,5,345.513,358.017,12.504000000000019,3,1,False,False,0,9,1,0,0,False,False,"[""10.1016/j.fluid.2010.06.020"",""10.1021/je010272x""]","[""rdr250199#csvline4442""]"
"InChI=1S/C5H12O/c1-3-5(6)4-2/h5-6H,3-4H2,1-2H3",AQIXEPGDORPWBJ-UHFFFAOYSA-N,3-pentanol,20,3,20,20,279.05,348.396,69.346,5,7,True,True,1,8,1,1,0,False,False,"[""10.1016/j.fluid.2010.06.020"",""10.1021/acs.jced.6b00576"",""10.1021/je025651k""]","[""rdr250199#csvline4435""]"
"InChI=1S/C5H12O/c1-4(2)5(3)6/h4-6H,1-3H3",MXLMTQWGSQIYOW-UHFFFAOYSA-N,3-methyl-2-butanol,7,1,7,7,323.609,340.668,17.059000000000026,3,1,False,False,0,6,1,0,0,False,False,"[""10.1021/je050062a""]","[""rdr250199#csvline4479""]"
"InChI=1S/C5H12O/c1-4-5(2,3)6/h6H,4H2,1-3H3",MSXVEPNJUHWQHW-UHFFFAOYSA-N,2-methylbutan-2-ol,75,6,72,67,296.655,336.26,39.60500000000002,25,12,True,True,2,18,7,4,0,False,False,"[""10.1016/j.fluid.2010.06.020"",""10.1021/acs.jced.5b00537"",""10.1021/je300670n"",""10.1021/je300678r"",""10.1021/je900050z"",""10.1021/je900530f""]","[""rdr250199#csvline4454"",""rdr250199#csvline4455"",""rdr250199#csvline4456"",""rdr250199#csvline4457"",""rdr250199#csvline4458"",""rdr250199#csvline4459"",""rdr250199#csvline4461""]"
"InChI=1S/C5H12O/c1-5(2)3-4-6/h5-6H,3-4H2,1-2H3",PHTQWCKDNZKARW-UHFFFAOYSA-N,3-methylbutan-1-ol,19,6,19,18,335.85,363.33,27.47999999999996,8,3,False,False,0,12,6,2,0,False,False,"[""10.1016/j.fluid.2012.11.004"",""10.1016/j.jct.2009.04.009"",""10.1021/acs.jced.7b01128"",""10.1021/je200111a"",""10.1021/je800298n"",""10.1021/je900812v""]","[""rdr250199#csvline4468"",""rdr250199#csvline4469"",""rdr250199#csvline4470"",""rdr250199#csvline4471"",""rdr250199#csvline4472"",""rdr250199#csvline4474""]"
"InChI=1S/C5H12O/c1-5(2,3)6-4/h1-4H3",BZLVMXJERCGZMT-UHFFFAOYSA-N,2-methoxy-2-methylpropane,14,5,11,10,263.15,286.5,23.350000000000023,5,2,False,False,0,15,5,0,0,False,False,"[""10.1016/j.fluid.2006.08.007"",""10.1016/j.fluid.2008.03.015"",""10.1016/j.fluid.2017.04.014"",""10.1016/j.jct.2012.03.016"",""10.1021/je100821g""]","[""rdr250199#csvline4377"",""rdr250199#csvline4378"",""rdr250199#csvline4379"",""rdr250199#csvline4380"",""rdr250199#csvline4384""]"
"InChI=1S/C5H12O2/c1-2-4-7-5-3-6/h6H,2-5H2,1H3",YEYKMVJDLWJFOA-UHFFFAOYSA-N,2-propoxyethanol,5,1,3,3,303.15,323.15,20.0,1,1,False,False,0,2,1,0,0,False,False,"[""10.1016/j.jct.2008.07.024""]","[""rdr250199#csvline4493""]"
"InChI=1S/C5H12O2/c1-4(6)3-5(2)7/h4-7H,3H2,1-2H3",GTCCGKPBSJZVRZ-UHFFFAOYSA-N,"2,4-pentanediol",17,1,17,17,297.2,347.3,50.10000000000002,5,6,True,True,1,1,0,0,0,False,False,"[""10.1021/je060419q""]",[]
"InChI=1S/C5H12O3/c1-7-4-5(3-6)8-2/h5-6H,3-4H2,1-2H3",RXDAPJJFRLSRPX-UHFFFAOYSA-N,"2,3-dimethoxy-1-propanol",3,1,3,3,337.95,398.1,60.150000000000034,1,1,False,False,0,0,0,0,0,False,False,"[""10.1021/je500606d""]",[]
"InChI=1S/C5H13N/c1-2-3-4-5-6/h2-6H2,1H3",DPBLXKKOBLCELK-UHFFFAOYSA-N,1-pentanamine,2,1,2,2,322.61,328.37,5.759999999999991,1,1,False,False,0,4,2,0,0,False,False,"[""10.1021/je025660t""]","[""rdr250199#csvline4585"",""rdr250199#csvline4586""]"
"InChI=1S/C5H13N/c1-5(2)6(3)4/h5H,1-4H3",VMOWKUTXPNPTEN-UHFFFAOYSA-N,"N,N-dimethylisopropylamine",9,1,6,6,273.15,293.81,20.660000000000025,2,2,False,False,0,1,0,0,0,False,False,"[""10.1016/j.jct.2013.03.020""]",[]
"InChI=1S/C5H13NO/c1-5(2)6-3-4-7/h5-7H,3-4H2,1-2H3",RILLZYSZSDGYGV-UHFFFAOYSA-N,2-isopropylaminoethanol,42,1,21,12,293.14,342.94,49.80000000000001,3,4,True,True,1,0,0,0,0,False,False,"[""10.1016/j.fluid.2018.05.032""]",[]
"InChI=1S/C5H13NO/c1-5(7)4-6(2)3/h5,7H,4H2,1-3H3",NCXUNZWLEYGQAH-UHFFFAOYSA-N,1-(dimethylamino)-2-propanol,7,1,7,7,298.49,328.26,29.769999999999982,2,2,False,False,0,2,0,0,0,False,False,"[""10.1016/j.fluid.2017.09.019""]",[]
"InChI=1S/C5H13NO/c1-6(2)4-3-5-7/h7H,3-5H2,1-2H3",PYSGFFTXMUWEOT-UHFFFAOYSA-N,3-dimethylamino-1-propanol,9,1,9,9,283.15,373.1,89.95000000000005,2,3,True,False,0,3,0,0,0,False,False,"[""10.1016/j.jct.2010.04.015""]",[]
"InChI=1S/C5H13NO2/c1-6(2-4-7)3-5-8/h7-8H,2-5H2,1H3",CRVGTESFCCXCTH-UHFFFAOYSA-N,N-methyldiethanolamine,15,4,15,12,356.86,467.58,110.71999999999997,5,1,True,False,0,2,0,0,0,False,False,"[""10.1016/j.fluid.2010.08.026"",""10.1021/acs.jced.8b00054"",""10.1021/je400373d"",""10.1021/je800290k""]",[]
"InChI=1S/C5H14N2/c1-2-5(7)3-4-6/h5H,2-4,6-7H2,1H3",WTSXICLFTPPDTL-UHFFFAOYSA-N,"1,3-pentanediamine",10,1,10,10,273.15,363.15,90.0,3,3,True,True,1,2,0,0,0,False,False,"[""10.1016/j.jct.2014.12.008""]",[]
"InChI=1S/C5H14N2/c1-6-4-5-7(2)3/h6H,4-5H2,1-3H3",HVOYZOQVDYHUPF-UHFFFAOYSA-N,"N,N,N'-trimethylethylenediamine",11,1,11,11,274.2,305.4,31.19999999999999,6,3,True,True,1,2,0,0,0,False,False,"[""10.1021/acs.jced.5b01003""]",[]
"InChI=1S/C5H14N2/c1-7(2)5-3-4-6/h3-6H2,1-2H3",IUNMPGNGSSIWFP-UHFFFAOYSA-N,"N,N-dimethyl-1,3-propanediamine",51,2,45,39,273.04,353.41,80.37,6,25,True,True,1,7,1,1,0,False,False,"[""10.1016/j.jct.2011.11.004"",""10.1016/j.jct.2015.08.023""]","[""rdr250199#csvline4606""]"
InChI=1S/C5H14N2/c6-4-2-1-3-5-7/h1-7H2,VHRGRCVQAFMJIZ-UHFFFAOYSA-N,"1,5-diaminopentane",69,2,40,33,287.49,343.2,55.70999999999998,10,12,True,True,1,3,0,0,0,False,False,"[""10.1016/j.fluid.2014.03.013"",""10.1016/j.jct.2011.06.008""]",[]
"InChI=1S/C5H14O3Si/c1-5-9(6-2,7-3)8-4/h5H2,1-4H3",SBRXLTRZCJVAPH-UHFFFAOYSA-N,ethyltrimethoxysilane,10,1,10,10,306.35,347.65,41.299999999999955,3,3,True,True,1,6,0,0,0,False,False,"[""10.1021/je100017w""]",[]
"InChI=1S/C5H20O5Si5/c1-11-6-12(2)8-14(4)10-15(5)9-13(3)7-11/h11-15H,1-5H3",HGPDWMTUQRNTQT-UHFFFAOYSA-N,"2,4,6,8,10-pentamethylcyclopentasiloxane",10,1,10,10,330.8,387.96,57.15999999999997,5,1,True,False,0,0,0,0,0,False,False,"[""10.1016/j.tca.2008.11.005""]",[]
"InChI=1S/C5H3F9O/c6-2(4(10,11)12)5(13,14)15-1-3(7,8)9/h2H,1H2",LMRGTZDDPWGCGL-UHFFFAOYSA-N,"1,1,1,2,3,3-hexafluoro-3-(2,2,2-trifluoroethoxy)propane",1,1,1,1,302.76,302.76,0.0,1,1,False,False,0,1,0,0,0,False,False,"[""10.1021/je0201976""]",[]
"InChI=1S/C5H3F9O/c6-2(7)4(10,11)15-1-3(8,9)5(12,13)14/h2H,1H2",RPSFZSRVLPIAMN-UHFFFAOYSA-N,"1,1,1,2,2-pentafluoro-3-(1,1,2,2-tetrafluoroethoxy)propane",1,1,1,1,299.64,299.64,0.0,1,1,False,False,0,1,0,0,0,False,False,"[""10.1021/je0201976""]",[]
"InChI=1S/C5H3F9O/c6-2(7,1-15)3(8,9)4(10,11)5(12,13)14/h15H,1H2",PJRIQFXPYMVWOU-UHFFFAOYSA-N,"2,2,3,3,4,4,5,5,5-nonafluoropentan-1-ol",11,1,11,11,278.14,327.95,49.81,4,4,True,True,1,0,0,0,0,False,False,"[""10.1016/j.fluid.2016.06.011""]",[]
InChI=1S/C5H4O2/c6-4-5-2-1-3-7-5/h1-4H,HYBBIBNJHNGZAN-UHFFFAOYSA-N,2-furaldehyde,41,5,40,38,276.7,375.75,99.05000000000001,12,10,True,True,1,6,0,0,0,False,False,"[""10.1016/j.fluid.2014.10.037"",""10.1021/acs.jced.7b00574"",""10.1021/je020117y"",""10.1021/je060406c"",""10.1021/je400885z""]",[]
InChI=1S/C5H4OS/c6-4-5-2-1-3-7-5/h1-4H,CNUDBTRUORMMPA-UHFFFAOYSA-N,2-thiophenealdehyde,29,1,29,29,336.42,412.82,76.39999999999998,10,6,True,True,1,2,1,0,1,False,False,"[""10.1016/j.jct.2017.07.008""]","[""rdr250199#csvline3552""]"
"InChI=1S/C5H5F7O/c1-13-2-3(6,7)4(8,9)5(10,11)12/h2H2,1H3",ZUBVOEGCTVLBQN-UHFFFAOYSA-N,"1,1,1,2,2,3,3-heptafluoro-4-methoxybutane",1,1,1,1,291.65,291.65,0.0,1,1,False,False,0,1,0,0,0,False,False,"[""10.1021/je0201976""]",[]
InChI=1S/C5H5N/c1-2-4-6-5-3-1/h1-5H,JUJWROOIHBZHMG-UHFFFAOYSA-N,pyridine,19,3,10,10,273.15,333.15,60.0,2,3,True,False,0,28,10,4,0,False,False,"[""10.1016/j.fluid.2015.04.031"",""10.1016/j.jct.2013.12.033"",""10.1021/je400510j""]","[""rdr250199#csvline3586"",""rdr250199#csvline3587"",""rdr250199#csvline3588"",""rdr250199#csvline3589"",""rdr250199#csvline3590"",""rdr250199#csvline3591"",""rdr250199#csvline3594"",""rdr250199#csvline3595"",""rdr250199#csvline3596"",""rdr250199#csvline3602""]"
"InChI=1S/C5H6N2/c1-5-4-6-2-3-7-5/h2-4H,1H3",CAWHJQAVHZEVTJ-UHFFFAOYSA-N,2-methylpyrazine,10,1,10,10,263.72,353.03,89.30999999999995,3,3,True,True,1,4,0,0,0,False,False,"[""10.1016/j.fluid.2015.03.033""]",[]
"InChI=1S/C5H6O/c1-5-3-2-4-6-5/h2-4H,1H3",VQKFNUFAXTZWDK-UHFFFAOYSA-N,2-methylfuran,6,1,6,6,285.37,294.3,8.930000000000007,3,2,False,False,0,8,1,0,0,False,False,"[""10.1016/j.tca.2015.08.013""]","[""rdr250199#csvline3629""]"
"InChI=1S/C5H6O2/c6-4-5-2-1-3-7-5/h1-3,6H,4H2",XPFVYQJUAUNWIW-UHFFFAOYSA-N,2-hydroxymethylfuran,27,2,27,22,273.11,393.15,120.03999999999996,9,4,True,True,1,4,0,0,0,False,False,"[""10.1016/j.fluid.2014.10.037"",""10.1016/j.jct.2013.10.039""]",[]
"InChI=1S/C5H6OS/c1-6-5-2-3-7-4-5/h2-4H,1H3",RFSKGCVUDQRZSD-UHFFFAOYSA-N,3-methoxythiophene,17,1,17,17,278.1,324.7,46.599999999999966,5,5,True,True,1,1,0,0,0,False,False,"[""10.1016/j.jct.2013.11.003""]",[]
"InChI=1S/C5H6OS/c1-6-5-3-2-4-7-5/h2-4H,1H3",OKEHURCMYKPVFW-UHFFFAOYSA-N,2-methoxythiophene,21,1,21,20,278.1,323.7,45.599999999999966,7,6,True,True,1,1,0,0,0,False,False,"[""10.1016/j.jct.2013.11.003""]",[]
"InChI=1S/C5H6OS/c6-4-5-2-1-3-7-5/h1-3,6H,4H2",ZPHGMBGIFODUMF-UHFFFAOYSA-N,2-thiophenemethanol,32,1,32,32,351.15,426.07,74.92000000000002,11,11,True,True,1,1,0,0,0,False,False,"[""10.1016/j.jct.2017.07.008""]",[]
"InChI=1S/C5H6S/c1-5-2-3-6-4-5/h2-4H,1H3",QENGPZGAWFQWCZ-UHFFFAOYSA-N,3-methylthiophene,1,1,1,1,333.15,333.15,0.0,1,1,False,False,0,5,0,0,0,False,False,"[""10.1016/j.fluid.2009.02.010""]",[]
"InChI=1S/C5H7N/c1-2-3-4-5-6/h2-3H,4H2,1H3",UVKXJAUUKPDDNW-UHFFFAOYSA-N,3-pentenenitrile,4,1,4,4,339.24,362.45,23.20999999999998,1,2,False,False,0,0,0,0,0,False,False,"[""10.1016/j.jct.2015.08.015""]",[]
"InChI=1S/C5H7N/c1-3-5(2)4-6/h3,5H,1H2,2H3",WBAXCOMEMKANRN-UHFFFAOYSA-N,2-methyl-3-butenenitrile,12,1,12,12,297.57,343.65,46.079999999999984,4,3,True,True,1,0,0,0,0,False,False,"[""10.1021/acs.jced.5b00943""]",[]
"InChI=1S/C5H8N2/c1-2-7-5-3-4-6-7/h3-5H,2H2,1H3",FLNMQGISZVYIIK-UHFFFAOYSA-N,1-ethylpyrazole,18,1,17,17,275.2,311.2,36.0,5,5,True,True,1,2,1,1,0,False,False,"[""10.1016/j.jct.2018.07.020""]","[""rdr250199#csvline3752""]"
"InChI=1S/C5H8O/c1-4(6)5-2-3-5/h5H,2-3H2,1H3",HVCFCNAITDHQFX-UHFFFAOYSA-N,1-cyclopropyl ethanone,3,1,3,3,300,320.8,20.80000000000001,1,1,False,False,0,4,2,0,0,False,False,"[""10.1021/acs.jced.7b00344""]","[""rdr250199#csvline3769"",""rdr250199#csvline3770""]"
InChI=1S/C5H8O/c6-5-3-1-2-4-5/h1-4H2,BGTOWKSIORTVQH-UHFFFAOYSA-N,cyclopentanone,20,4,15,15,291.95,353.15,61.19999999999999,2,7,True,False,0,11,1,1,0,False,False,"[""10.1016/j.fluid.2008.02.018"",""10.1016/j.jct.2005.07.016"",""10.1016/j.jct.2006.01.010"",""10.1016/j.jct.2007.03.008""]","[""rdr250199#csvline3764""]"
"InChI=1S/C5H8O2/c1-3-5(6)7-4-2/h3H,1,4H2,2H3",JIGUQPWFLRLWPJ-UHFFFAOYSA-N,ethyl propenoate,10,1,10,10,278.15,323.15,45.0,3,3,True,True,1,3,0,0,0,False,False,"[""10.1021/je301333b""]",[]
"InChI=1S/C5H8O2/c1-3-5(6)7-4-2/h4H,2-3H2,1H3",UIWXSTHGICQLQT-UHFFFAOYSA-N,vinyl propanoate,1,1,1,1,320.7,320.7,0.0,1,1,False,False,0,1,0,0,0,False,False,"[""10.1021/je049909d""]",[]
"InChI=1S/C5H8O2/c1-3-5(7)4(2)6/h3H2,1-2H3",TZMFJUDUGYTVRY-UHFFFAOYSA-N,"2,3-pentanedione",1,1,1,1,331.84,331.84,0.0,1,1,False,False,0,1,0,0,0,False,False,"[""10.1021/je7005924""]",[]
"InChI=1S/C5H8O2/c1-4-2-3-5(6)7-4/h4H,2-3H2,1H3",GAEKPEKOJKCEMS-UHFFFAOYSA-N,.gamma.-valerolactone,77,5,56,51,258.15,416.4,158.25,4,27,True,True,3,3,1,1,0,False,False,"[""10.1016/j.jct.2008.02.002"",""10.1021/acs.jced.5b00724"",""10.1021/acs.jced.5b00849"",""10.1021/acs.jced.7b00578"",""10.1021/je501074b""]","[""rdr250199#csvline3816""]"
InChI=1S/C5H8O2/c6-5-3-1-2-4-7-5/h1-4H2,OZJPLYNZGCXSJM-UHFFFAOYSA-N,1-oxacyclohexan-2-one,51,1,38,30,278.4,353.2,74.80000000000001,10,10,True,True,1,0,0,0,0,False,False,"[""10.1016/j.jct.2006.06.010""]",[]
"InChI=1S/C5H8O3/c1-2-4-3-7-5(6)8-4/h4H,2-3H2,1H3",ZZXUZKXVROWEIF-UHFFFAOYSA-N,"1,2-butylene carbonate",25,2,25,25,288.6,460.53,171.92999999999995,8,14,True,True,2,0,0,0,0,False,False,"[""10.1016/j.fluid.2008.03.013"",""10.1021/je034173q""]",[]
"InChI=1S/C5H8O3/c1-4(6)2-3-5(7)8/h2-3H2,1H3,(H,7,8)",JOOXCMJARBKPKM-UHFFFAOYSA-N,4-oxopentanoic acid,12,1,12,10,328.4,373.4,45.0,3,3,True,True,1,2,0,0,0,True,False,"[""10.1016/j.jct.2011.07.014""]",[]
"InChI=1S/C5H8O4/c1-8-4(6)3-5(7)9-2/h3H2,1-2H3",BEPAFCGSDWSTEL-UHFFFAOYSA-N,"dimethyl 1,3-propanedioate",15,1,15,15,278.2,314.3,36.10000000000002,4,4,True,True,1,7,0,0,0,False,False,"[""10.1021/je0602418""]",[]
"InChI=1S/C5H8O4/c6-4(7)2-1-3-5(8)9/h1-3H2,(H,6,7)(H,8,9)",JFCQEDHGNNZCLN-UHFFFAOYSA-N,"1,5-pentanedioic acid",3,1,3,3,433.15,453.15,20.0,1,1,False,False,0,2,0,0,0,True,False,"[""10.1021/je700027n""]",[]
"InChI=1S/C5H9ClO/c1-5(7)3-2-4-6/h2-4H2,1H3",XVRIEWDDMODMGA-UHFFFAOYSA-N,1-chloro-4-pentanone,4,1,4,4,343.2,373.8,30.600000000000023,1,1,False,False,0,0,0,0,0,False,False,"[""10.1021/acs.jced.7b00344""]",[]
"InChI=1S/C5H9N/c1-2-3-4-5-6/h2-4H2,1H3",RFFFKMOABOFIDF-UHFFFAOYSA-N,pentanenitrile,4,1,4,4,329.35,362.77,33.41999999999996,1,1,False,False,0,6,2,0,0,False,False,"[""10.1021/acs.jced.8b00590""]","[""rdr250199#csvline3852"",""rdr250199#csvline3856""]"
"InChI=1S/C5H9N3/c6-8-7-5-3-1-2-4-5/h5H,1-4H2",SSJIACUDWJVGLB-UHFFFAOYSA-N,cyclopentyl azide,28,1,27,27,275.5,333.4,57.89999999999998,4,8,True,True,1,1,0,0,0,False,False,"[""10.1016/j.jct.2011.05.028""]",[]
"InChI=1S/C5H9NO/c1-2-3-4-6-5-7/h2-4H2,1H3",HNHVTXYLRVGMHD-UHFFFAOYSA-N,butyl isocyanate,3,1,3,3,294.15,338.02,43.870000000000005,1,1,False,False,0,2,0,0,0,False,False,"[""10.1021/je030222n""]",[]
"InChI=1S/C5H9NO/c1-6-4-2-3-5(6)7/h2-4H2,1H3",SECXISVLQFMRJM-UHFFFAOYSA-N,N-methylpyrrolidone,63,7,42,37,273.65,416.81,143.16000000000003,17,9,True,True,2,10,0,0,0,False,False,"[""10.1016/j.fluid.2005.06.017"",""10.1016/j.fluid.2012.08.009"",""10.1016/j.fluid.2015.06.045"",""10.1016/j.jct.2004.11.007"",""10.1021/je034096z"",""10.1021/je500092v"",""10.1021/je700398k""]",[]
"InChI=1S/C5H9NO2/c7-5-6-1-3-8-4-2-6/h5H,1-4H2",LCEDQNDDFOCWGG-UHFFFAOYSA-N,N-formylmorpholine,4,1,3,3,343.15,393.15,50.0,1,1,False,False,0,2,0,0,0,False,False,"[""10.1021/je4004417""]",[]
"InChI=1S/C5HF9O4/c6-2(7,1(15)16)17-3(8,9)4(10,11)18-5(12,13)14/h(H,15,16)",PPWRLPJIHGWGFH-UHFFFAOYSA-N,"2,2-difluoro-2-(1,1,2,2-tetrafluoro-2-(trifluoromethoxy)ethoxy)acetic acid",4,1,4,4,263.15,308.15,45.0,1,1,False,False,0,4,0,0,0,True,False,"[""10.1021/je400205g""]",[]
"InChI=1S/C6F14/c7-1(8,3(11,12)5(15,16)17)2(9,10)4(13,14)6(18,19)20",ZJIJAJXFLBMLCK-UHFFFAOYSA-N,perfluorohexane,6,3,6,5,277.74,288.31,10.569999999999993,2,1,False,False,0,7,0,0,0,False,False,"[""10.1016/j.fluid.2018.12.005"",""10.1021/acs.jced.6b00409"",""10.1021/je050056e""]",[]
InChI=1S/C6F6/c7-1-2(8)4(10)6(12)5(11)3(1)9,ZQBFAOFFOQMSGJ-UHFFFAOYSA-N,hexafluorobenzene,5,1,5,5,288.23,307.96,19.72999999999996,2,2,False,False,0,15,1,1,0,False,False,"[""10.1021/je050056e""]","[""rdr250199#csvline4650""]"
"InChI=1S/C6H10/c1-2-4-6-5-3-1/h1-2H,3-6H2",HGCIXCUEYOPUTN-UHFFFAOYSA-N,cyclohexene,1,1,1,1,310.15,310.15,0.0,1,1,False,False,0,15,5,0,0,False,False,"[""10.1021/je049902w""]","[""rdr250199#csvline5326"",""rdr250199#csvline5327"",""rdr250199#csvline5328"",""rdr250199#csvline5329"",""rdr250199#csvline5330""]"
"InChI=1S/C6H10/c1-3-5-6-4-2/h1H,4-6H2,2H3",CGHIBGNXEGJPQZ-UHFFFAOYSA-N,1-hexyne,5,1,5,5,263.15,298.15,35.0,2,2,False,False,0,4,0,0,0,False,False,"[""10.1016/j.fluid.2006.08.007""]",[]
"InChI=1S/C6H10/c1-3-5-6-4-2/h3,5H2,1-2H3",MELUCTCJOARQQG-UHFFFAOYSA-N,2-hexyne,14,2,7,7,263.15,313.15,50.0,3,2,True,True,2,3,0,0,0,False,False,"[""10.1016/j.fluid.2006.08.007"",""10.1016/j.fluid.2007.09.002""]",[]
"InChI=1S/C6H10/c1-3-5-6-4-2/h3-4H2,1-2H3",DQQNMIPXXNPGCV-UHFFFAOYSA-N,3-hexyne,6,1,6,6,263.15,303.15,40.0,3,2,True,True,1,3,0,0,0,False,False,"[""10.1016/j.fluid.2007.09.002""]",[]
"InChI=1S/C6H10N2/c1-2-4-8-5-3-7-6-8/h3,5-6H,2,4H2,1H3",IYVYLVCVXXCYRI-UHFFFAOYSA-N,1-propylimidazole,23,1,23,23,279.1,341,61.89999999999998,8,6,True,True,1,1,0,0,0,False,False,"[""10.1016/j.jct.2011.05.004""]",[]
"InChI=1S/C6H10N2/c1-3-8-5-4-7-6(8)2/h4-5H,3H2,1-2H3",NYYVCPHBKQYINK-UHFFFAOYSA-N,1-ethyl-2-methyl-1H-imidazole,32,1,32,29,293.5,363,69.5,5,13,True,True,1,1,0,0,0,False,False,"[""10.1021/je200336c""]",[]
"InChI=1S/C6H10N2/c1-5-4-6(2)8(3)7-5/h4H,1-3H3",HNOQAFMOBRWDKQ-UHFFFAOYSA-N,"1,3,5-trimethylpyrazole",13,1,13,13,315.6,346.4,30.799999999999955,4,2,True,True,1,1,0,0,0,False,False,"[""10.1016/j.jct.2018.07.020""]",[]
InChI=1S/C6H10O/c7-6-4-2-1-3-5-6/h1-5H2,JHIVVAPYMSGYDF-UHFFFAOYSA-N,cyclohexanone,12,4,8,8,298.15,373.15,75.0,3,3,True,True,0,19,8,7,0,False,False,"[""10.1016/j.fluid.2008.02.018"",""10.1016/j.fluid.2008.02.021"",""10.1016/j.jct.2006.01.010"",""10.1016/j.jct.2009.04.006""]","[""rdr250199#csvline5380"",""rdr250199#csvline5381"",""rdr250199#csvline5382"",""rdr250199#csvline5383"",""rdr250199#csvline5384"",""rdr250199#csvline5385"",""rdr250199#csvline5386"",""rdr250199#csvline5394""]"
"InChI=1S/C6H10O2/c1-2-5-3-4-6(7)8-5/h5H,2-4H2,1H3",JBFHTYHTHYHCDJ-UHFFFAOYSA-N,"2(3H)-furanone, 5-ethyldihydro-",31,2,30,26,283.1,353.3,70.19999999999999,6,11,True,True,1,5,0,0,0,False,False,"[""10.1016/j.jct.2007.09.008"",""10.1016/j.jct.2008.02.002""]",[]
"InChI=1S/C6H10O2/c1-5-3-2-4-6(7)8-5/h5H,2-4H2,1H3",RZTOWFMDBDPERY-UHFFFAOYSA-N,"2H-pyran-2-one, tetrahydro-6-methyl-",36,2,28,21,283.15,353.1,69.95000000000005,7,8,True,True,1,0,0,0,0,False,False,"[""10.1016/j.jct.2006.06.010"",""10.1016/j.jct.2007.09.008""]",[]
InChI=1S/C6H10O2/c7-6-4-2-1-3-5-8-6/h1-5H2,PAPBSGBWRJIAAV-UHFFFAOYSA-N,6-hexanolactone,7,1,7,7,283.2,343.2,60.0,2,2,True,False,0,4,0,0,0,False,False,"[""10.1016/j.jct.2007.09.008""]",[]
"InChI=1S/C6H10O3/c1-5(7)3-4-6(8)9-2/h3-4H2,1-2H3",UAGJVSRUFNSIHR-UHFFFAOYSA-N,methyl levulinate,30,2,30,25,293.5,413.15,119.64999999999998,8,8,True,True,2,4,0,0,0,False,False,"[""10.1016/j.jct.2013.05.025"",""10.1016/j.tca.2017.12.006""]",[]
"InChI=1S/C6H10O4/c1-2-10-6(9)4-3-5(7)8/h2-4H2,1H3,(H,7,8)",LOLKAJARZKDJTD-UHFFFAOYSA-N,4-ethoxy-4-oxobutanoic acid,37,1,37,37,417.7,467.8,50.10000000000002,21,4,True,True,1,0,0,0,0,True,False,"[""10.1016/j.fluid.2011.06.020""]",[]
"InChI=1S/C6H10O4/c1-3-9-5(7)6(8)10-4-2/h3-4H2,1-2H3",WYACBZDAHNBPPB-UHFFFAOYSA-N,diethyl ethanedioate,14,1,14,14,283.6,333.5,49.89999999999998,4,4,True,True,1,10,0,0,0,False,False,"[""10.1021/je100231g""]",[]
"InChI=1S/C6H10O4/c1-5(7)9-3-4-10-6(2)8/h3-4H2,1-2H3",JTXMVXSTHSMVQF-UHFFFAOYSA-N,ethylene diacetate,4,1,1,1,363.15,363.15,0.0,1,1,False,False,0,0,0,0,0,False,False,"[""10.1016/j.fluid.2007.05.030""]",[]
"InChI=1S/C6H10O4/c1-9-5(7)3-4-6(8)10-2/h3-4H2,1-2H3",MUXOBHXGJLMRAB-UHFFFAOYSA-N,"dimethyl 1,4-butanedioate",22,2,22,22,286.4,393.49,107.09000000000003,3,11,True,True,1,5,0,0,0,False,False,"[""10.1016/j.jct.2019.02.006"",""10.1021/je0602418""]",[]
"InChI=1S/C6H11Br/c7-6-4-2-1-3-5-6/h6H,1-5H2",AQNQQHJNRPDOQV-UHFFFAOYSA-N,bromocyclohexane,12,1,12,12,277.5,297.3,19.80000000000001,3,3,False,False,0,4,0,0,0,False,False,"[""10.1016/j.tca.2016.06.014""]",[]
"InChI=1S/C6H11I/c7-6-4-2-1-3-5-6/h6H,1-5H2",FUCOMWZKWIEKRK-UHFFFAOYSA-N,iodocyclohexane,26,1,11,11,258.17,308.16,49.99000000000001,3,3,True,True,1,3,0,0,0,False,False,"[""10.1021/je100398m""]",[]
"InChI=1S/C6H11N3/c7-9-8-6-4-2-1-3-5-6/h6H,1-5H2",ODSNIGPBQIINLA-UHFFFAOYSA-N,azidocyclohexane,16,1,16,16,279.6,303.1,23.5,5,5,False,False,0,1,0,0,0,False,False,"[""10.1016/j.jct.2011.05.028""]",[]
"InChI=1S/C6H11NO/c8-6-4-2-1-3-5-7-6/h1-5H2,(H,7,8)",JBKVHLHDHHXQEQ-UHFFFAOYSA-N,1-aza-2-cycloheptanone,23,3,23,21,315.3,372.2,56.89999999999998,10,3,True,True,0,7,0,0,0,False,False,"[""10.1021/je050277k"",""10.1021/je1005054"",""10.1021/je7000683""]",[]
"InChI=1S/C6H11NO/c8-7-6-4-2-1-3-5-6/h8H,1-5H2",VEZUQRBDRNJBJY-UHFFFAOYSA-N,cyclohexanone oxime,17,1,17,15,364.6,394.9,30.299999999999955,3,6,True,True,1,3,1,1,0,False,False,"[""10.1021/je700546r""]","[""rdr250199#csvline5511""]"
InChI=1S/C6H12/c1-2-4-6-5-3-1/h1-6H2,XDTMQSROBMDMFD-UHFFFAOYSA-N,cyclohexane,72,14,56,36,263.15,308.07,44.920000000000016,26,2,True,True,1,40,21,5,0,False,False,"[""10.1016/j.fluid.2008.06.006"",""10.1016/j.fluid.2014.04.004"",""10.1016/j.fluid.2015.03.033"",""10.1016/j.fluid.2018.04.009"",""10.1016/j.jct.2010.01.016"",""10.1016/j.jct.2012.07.005"",""10.1021/acs.jced.8b00125"",""10.1021/acs.jced.8b00765"",""10.1021/je025621h"",""10.1021/je049902w"",""10.1021/je060184i"",""10.1021/je200655s"",""10.1021/je4004993"",""10.1021/je900050z""]","[""rdr250199#csvline5538"",""rdr250199#csvline5539"",""rdr250199#csvline5540"",""rdr250199#csvline5541"",""rdr250199#csvline5546"",""rdr250199#csvline5548"",""rdr250199#csvline5549"",""rdr250199#csvline5550"",""rdr250199#csvline5551"",""rdr250199#csvline5552"",""rdr250199#csvline5553"",""rdr250199#csvline5554"",""rdr250199#csvline5555"",""rdr250199#csvline5556"",""rdr250199#csvline5557"",""rdr250199#csvline5558"",""rdr250199#csvline5565"",""rdr250199#csvline5566"",""rdr250199#csvline5567"",""rdr250199#csvline5568"",""rdr250199#csvline5571""]"
"InChI=1S/C6H12/c1-3-5-6-4-2/h3H,1,4-6H2,2H3",LIKMAJRDDDTEIG-UHFFFAOYSA-N,hex-1-ene,11,3,8,6,263.15,293.16499999999996,30.014999999999986,1,2,True,False,0,6,0,0,0,False,False,"[""10.1016/j.jct.2012.03.016"",""10.1021/acs.jced.8b00765"",""10.1021/je060184i""]",[]
"InChI=1S/C6H12Cl2O/c1-5(2,7)9-6(3,4)8/h1-4H3",BULHJTXRZFEUDQ-UHFFFAOYSA-N,"propane, 2,2'-oxybis[2-chloro-",11,1,11,11,303.15,367.15,64.0,6,2,True,True,1,0,0,0,0,False,False,"[""10.1021/je800122x""]",[]
InChI=1S/C6H12N4/c7-9-8-3-6-10-4-1-2-5-10/h1-6H2,XDEOCNXROZOGPZ-UHFFFAOYSA-N,1-(2-azidoethyl)pyrrolidine,15,1,15,15,311.75,389.15,77.39999999999998,5,5,True,True,1,1,0,0,0,False,False,"[""10.1016/j.fluid.2016.08.022""]",[]
"InChI=1S/C6H12O/c1-2-3-4-5-6-7/h3-4,7H,2,5-6H2,1H3/b4-3-",UFLHIIWVXFIJGU-ARJAWSKDSA-N,(Z)-3-hexen-1-ol,36,1,12,12,253.15,308.15,54.99999999999997,4,4,True,True,1,1,0,0,0,False,False,"[""10.1016/j.fluid.2015.05.026""]",[]
"InChI=1S/C6H12O/c1-2-3-4-5-6-7/h4-5,7H,2-3,6H2,1H3/b5-4+",ZCHHRLHTBGRGOT-SNAWJCMRSA-N,(E)-2-hexen-1-ol,39,1,13,13,253.15,308.15,54.99999999999997,4,4,True,True,1,1,0,0,0,False,False,"[""10.1016/j.fluid.2015.05.026""]",[]
"InChI=1S/C6H12O/c1-2-3-4-5-6-7/h6H,2-5H2,1H3",JARKCYVAAOWBJS-UHFFFAOYSA-N,hexanal,9,1,9,9,322.27,353.44,31.170000000000016,2,4,True,False,0,5,0,0,0,False,False,"[""10.1021/je0504358""]",[]
"InChI=1S/C6H12O/c1-3-5-6(7)4-2/h4,6-7H,2-3,5H2,1H3",BVOSSZSHBZQJOI-UHFFFAOYSA-N,1-hexen-3-ol,36,1,12,12,253.15,308.15,54.99999999999997,4,4,True,True,1,1,0,0,0,False,False,"[""10.1016/j.fluid.2015.05.026""]",[]
"InChI=1S/C6H12O/c1-5(2)4-6(3)7/h5H,4H2,1-3H3",NTIZESTWPVYFNL-UHFFFAOYSA-N,4-methylpentan-2-one,17,6,16,14,303.15,340.98,37.83000000000004,9,2,True,True,0,14,6,3,0,False,False,"[""10.1016/j.fluid.2005.05.024"",""10.1016/j.fluid.2008.11.012"",""10.1016/j.jct.2006.07.004"",""10.1016/j.jct.2013.10.039"",""10.1021/acs.jced.7b00026"",""10.1021/je300678r""]","[""rdr250199#csvline5774"",""rdr250199#csvline5775"",""rdr250199#csvline5776"",""rdr250199#csvline5777"",""rdr250199#csvline5781"",""rdr250199#csvline5783""]"
"InChI=1S/C6H12O/c1-7-6-4-2-3-5-6/h6H,2-5H2,1H3",SKTCDJAMAYNROS-UHFFFAOYSA-N,methoxycyclopentane,11,1,11,11,258.55,328.15,69.59999999999997,2,4,True,False,1,0,0,0,0,False,False,"[""10.1021/acs.jced.7b00599""]",[]
"InChI=1S/C6H12O/c7-6-4-2-1-3-5-6/h6-7H,1-5H2",HPXRVTGHNJAIIH-UHFFFAOYSA-N,cyclohexanol,20,3,20,20,298.84,382.4,83.56,3,14,True,True,0,31,2,0,0,False,False,"[""10.1016/j.fluid.2008.02.021"",""10.1021/acs.jced.6b00576"",""10.1021/je049902w""]","[""rdr250199#csvline5687"",""rdr250199#csvline5703""]"
"InChI=1S/C6H12O2/c1-2-3-4-5-6(7)8/h2-5H2,1H3,(H,7,8)",FUZZWVXGSFPDMH-UHFFFAOYSA-N,hexanoic acid,9,2,7,7,403.15,429.92,26.77000000000004,3,2,False,False,0,8,0,0,0,True,False,"[""10.1016/j.fluid.2014.04.026"",""10.1021/je034180e""]",[]
"InChI=1S/C6H12O2/c1-2-3-4-5-8-6-7/h6H,2-5H2,1H3",DIQMPQMYFZXDAX-UHFFFAOYSA-N,pentyl methanoate,16,1,14,13,274.25,313.3,39.05000000000001,5,5,True,True,1,2,0,0,0,False,False,"[""10.1016/j.fluid.2012.08.003""]",[]
"InChI=1S/C6H12O2/c1-3-4-5-6(7)8-2/h3-5H2,1-2H3",HNBDRPTVWVGKBR-UHFFFAOYSA-N,methyl pentanoate,31,1,28,25,274.9,311.2,36.30000000000001,4,9,True,True,1,12,2,2,0,False,False,"[""10.1016/j.fluid.2008.02.001""]","[""rdr250199#csvline5872"",""rdr250199#csvline5875""]"
"InChI=1S/C6H12O2/c1-3-4-5-8-6(2)7/h3-5H2,1-2H3",DKPFZGUDAPQIHT-UHFFFAOYSA-N,butyl ethanoate,12,3,12,12,328.98,351.02,22.039999999999964,6,2,False,False,0,18,5,1,0,False,False,"[""10.1021/acs.jced.7b00141"",""10.1021/je400036b"",""10.1021/je700411p""]","[""rdr250199#csvline5821"",""rdr250199#csvline5822"",""rdr250199#csvline5823"",""rdr250199#csvline5824"",""rdr250199#csvline5829""]"
"InChI=1S/C6H12O2/c1-4-8-6(7)5(2)3/h5H,4H2,1-3H3",WDAXFOBOLVPGLV-UHFFFAOYSA-N,ethyl 2-methylpropanoate,2,1,2,2,303.15,323.15,20.0,1,1,False,False,0,3,1,0,0,False,False,"[""10.1016/j.jct.2019.105884""]","[""rdr250199#csvline5846""]"
"InChI=1S/C6H12O2/c1-5(2)4-8-6(3)7/h5H,4H2,1-3H3",GJRQTCIYDGXPES-UHFFFAOYSA-N,2-methylpropyl ethanoate,7,1,7,7,307.43,342.95,35.51999999999998,3,2,True,True,1,4,0,0,0,False,False,"[""10.1016/j.fluid.2004.10.022""]",[]
"InChI=1S/C6H12O2/c1-5(7)8-6(2,3)4/h1-4H3",WMOVHXAZOJBABW-UHFFFAOYSA-N,"1,1-dimethylethyl ethanoate",6,1,6,6,307.53,325.46,17.930000000000007,2,2,False,False,0,2,1,0,0,False,False,"[""10.1016/j.fluid.2004.10.022""]","[""rdr250199#csvline5854""]"
"InChI=1S/C6H12O3/c1-3-4-9-6(8)5(2)7/h5,7H,3-4H2,1-2H3",ILVGAIQLOCKNQA-UHFFFAOYSA-N,propyl 2-hydroxypropanoate,39,1,37,37,273.5,330.3,56.80000000000001,14,10,True,True,2,3,0,0,0,False,False,"[""10.1016/j.jct.2018.07.029""]",[]
"InChI=1S/C6H12O3/c1-4(2)9-6(8)5(3)7/h4-5,7H,1-3H3/t5-/m0/s1",KIWATKANDHUUOB-YFKPBYRVSA-N,isopropyl (S)-2-hydroxypropionate,12,2,12,12,283.4,380,96.60000000000002,6,6,True,True,0,1,0,0,0,False,False,"[""10.1016/j.fluid.2005.02.015"",""10.1016/j.jct.2018.07.029""]",[]
"InChI=1S/C6H12O3/c1-5(4-8-3)9-6(2)7/h5H,4H2,1-3H3",LLHKCFNBLRBOGN-UHFFFAOYSA-N,1-methoxy-2-propyl acetate,4,1,4,4,318.27,361.27,43.0,2,1,False,False,0,0,0,0,0,False,False,"[""10.1016/j.jct.2014.01.019""]",[]
"InChI=1S/C6H13Cl/c1-2-3-4-5-6-7/h2-6H2,1H3",MLRVZFYXUZQSRU-UHFFFAOYSA-N,1-chlorohexane,4,3,3,3,298.15,328.15,30.0,1,1,False,False,0,9,6,1,0,False,False,"[""10.1016/j.jct.2007.01.017"",""10.1016/j.jct.2008.01.024"",""10.1016/j.jct.2008.03.017""]","[""rdr250199#csvline5946"",""rdr250199#csvline5947"",""rdr250199#csvline5948"",""rdr250199#csvline5949"",""rdr250199#csvline5950"",""rdr250199#csvline5952""]"
"InChI=1S/C6H13I/c1-2-3-4-5-6-7/h2-6H2,1H3",ANOOTOPTCJRUPK-UHFFFAOYSA-N,1-iodohexane,27,1,12,11,258.175,308.15,49.974999999999966,3,3,True,True,1,3,1,1,0,False,False,"[""10.1021/je100398m""]","[""rdr250199#csvline5963""]"
"InChI=1S/C6H13N/c1-2-4-6-7-5-3-1/h7H,1-6H2",ZSIQJIWKELUFRJ-UHFFFAOYSA-N,azacycloheptane,27,2,25,23,273.13,321.2,48.06999999999999,7,8,True,True,2,6,1,1,0,False,False,"[""10.1016/j.tca.2018.07.016"",""10.1021/acs.jced.6b00576""]","[""rdr250199#csvline5983""]"
"InChI=1S/C6H13N/c1-7-5-3-2-4-6-7/h2-6H2,1H3",PAMIQIKDUOTOBW-UHFFFAOYSA-N,N-methylpiperidine,10,1,10,10,273.18,313.47,40.29000000000002,3,2,True,True,1,6,1,1,0,False,False,"[""10.1021/acs.jced.6b00576""]","[""rdr250199#csvline5990""]"
"InChI=1S/C6H13N/c7-6-4-2-1-3-5-6/h6H,1-5,7H2",PAFZNILMFXTMIY-UHFFFAOYSA-N,cyclohexylamine,42,4,35,27,273.15,354.06,80.91000000000003,6,10,True,True,1,18,4,3,0,False,False,"[""10.1016/j.fluid.2005.05.003"",""10.1016/j.jct.2011.08.009"",""10.1016/j.tca.2015.03.016"",""10.1021/je050316s""]","[""rdr250199#csvline5973"",""rdr250199#csvline5974"",""rdr250199#csvline5975"",""rdr250199#csvline5976""]"
"InChI=1S/C6H13NO/c1-2-7-3-5-8-6-4-7/h2-6H2,1H3",HVCNXQOWACZAFN-UHFFFAOYSA-N,4-ethylmorpholine,46,2,28,23,253.155,353.9,100.74499999999998,7,7,True,True,2,4,0,0,0,False,False,"[""10.1016/j.jct.2013.03.020"",""10.1021/acs.jced.8b01159""]",[]
"InChI=1S/C6H13NO/c1-4-7(5-2)6(3)8/h4-5H2,1-3H3",AJFDBNQQDYLMJN-UHFFFAOYSA-N,"N,N-diethylacetamide",22,1,19,17,293.2,338.3,45.10000000000002,6,5,True,True,2,4,0,0,0,False,False,"[""10.1016/j.fluid.2019.112241""]",[]
"InChI=1S/C6H14/c1-3-5-6-4-2/h3-6H2,1-2H3",VLKZOEOYAKHREP-UHFFFAOYSA-N,hexane,5,4,5,4,288.195,300.15,11.954999999999984,1,1,False,False,0,33,17,5,0,False,False,"[""10.1021/acs.jced.7b00836"",""10.1021/je100832h"",""10.1021/je500116z"",""10.1021/je501106d""]","[""rdr250199#csvline6012"",""rdr250199#csvline6013"",""rdr250199#csvline6023"",""rdr250199#csvline6024"",""rdr250199#csvline6025"",""rdr250199#csvline6026"",""rdr250199#csvline6029"",""rdr250199#csvline6030"",""rdr250199#csvline6031"",""rdr250199#csvline6032"",""rdr250199#csvline6036"",""rdr250199#csvline6037"",""rdr250199#csvline6038"",""rdr250199#csvline6040"",""rdr250199#csvline6041"",""rdr250199#csvline6042"",""rdr250199#csvline6043""]"
"InChI=1S/C6H14N2/c1-7-3-5-8(2)6-4-7/h3-6H2,1-2H3",RXYPXQSKLGGKOL-UHFFFAOYSA-N,"1,4-dimethylpiperazine",32,2,32,30,268.1,319.53,51.42999999999995,8,8,True,True,2,5,0,0,0,False,False,"[""10.1016/j.jct.2009.09.003"",""10.1021/acs.jced.6b00576""]",[]
"InChI=1S/C6H14O/c1-2-3-4-5-6-7/h7H,2-6H2,1H3",ZSIAUFGUXNUGDI-UHFFFAOYSA-N,hexan-1-ol,173,8,139,108,253.15,385.863,132.713,77,11,True,True,4,28,6,6,0,False,False,"[""10.1016/j.fluid.2005.06.019"",""10.1016/j.fluid.2008.02.021"",""10.1016/j.fluid.2010.06.019"",""10.1016/j.fluid.2015.05.026"",""10.1021/je049561m"",""10.1021/je049600u"",""10.1021/je300347z"",""10.1021/je900050z""]","[""rdr250199#csvline6189"",""rdr250199#csvline6190"",""rdr250199#csvline6191"",""rdr250199#csvline6192"",""rdr250199#csvline6194"",""rdr250199#csvline6197""]"
"InChI=1S/C6H14O/c1-3-4-5-6(2)7/h6-7H,3-5H2,1-2H3",QNVRIHYSUZMSGM-UHFFFAOYSA-N,2-hexanol,31,1,31,30,274.5,309.4,34.89999999999998,8,10,True,True,1,13,5,0,0,False,False,"[""10.1021/je049561m""]","[""rdr250199#csvline6205"",""rdr250199#csvline6206"",""rdr250199#csvline6207"",""rdr250199#csvline6208"",""rdr250199#csvline6209""]"
"InChI=1S/C6H14O/c1-3-5-6(7)4-2/h6-7H,3-5H2,1-2H3",ZOCHHNOQQHDWHG-UHFFFAOYSA-N,3-hexanol,17,1,17,17,280.21,316.48,36.27000000000004,6,5,True,True,1,8,0,0,0,False,False,"[""10.1021/acs.jced.6b00576""]",[]
"InChI=1S/C6H14O/c1-3-5-6-7-4-2/h3-6H2,1-2H3",PZHIWRCQKBBTOW-UHFFFAOYSA-N,butyl ethyl ether,3,1,3,3,288.15,308.15,20.0,1,1,False,False,0,8,5,1,0,False,False,"[""10.1016/j.jct.2012.02.039""]","[""rdr250199#csvline6107"",""rdr250199#csvline6108"",""rdr250199#csvline6109"",""rdr250199#csvline6110"",""rdr250199#csvline6111""]"
"InChI=1S/C6H14O/c1-3-5-7-6-4-2/h3-6H2,1-2H3",POLCUAVZOMRGSN-UHFFFAOYSA-N,dipropyl ether,6,1,6,6,302.6,317.33,14.729999999999961,3,2,False,False,0,16,8,1,0,False,False,"[""10.1016/j.fluid.2006.06.017""]","[""rdr250199#csvline6143"",""rdr250199#csvline6144"",""rdr250199#csvline6145"",""rdr250199#csvline6146"",""rdr250199#csvline6147"",""rdr250199#csvline6150"",""rdr250199#csvline6151"",""rdr250199#csvline6152""]"
"InChI=1S/C6H14O/c1-5(2)7-6(3)4/h5-6H,1-4H3",ZAFNJMIOTHYJRJ-UHFFFAOYSA-N,diisopropyl ether,15,5,14,11,263.75,298.03,34.27999999999997,6,2,True,True,0,18,5,1,0,False,False,"[""10.1016/j.fluid.2007.03.017"",""10.1016/j.fluid.2008.03.015"",""10.1016/j.fluid.2008.06.006"",""10.1016/j.fluid.2011.06.001"",""10.1021/je300994y""]","[""rdr250199#csvline6163"",""rdr250199#csvline6164"",""rdr250199#csvline6165"",""rdr250199#csvline6166"",""rdr250199#csvline6167""]"
"InChI=1S/C6H14O/c1-5-6(2,3)7-4/h5H2,1-4H3",HVZJRWJGKQPSFL-UHFFFAOYSA-N,2-methoxy-2-methylbutane,15,3,14,14,274.2,313.15,38.94999999999999,4,6,True,True,1,16,1,1,0,False,False,"[""10.1016/j.fluid.2005.10.024"",""10.1021/je0255980"",""10.1021/je049867t""]","[""rdr250199#csvline6127""]"
"InChI=1S/C6H14O/c1-5-7-6(2,3)4/h5H2,1-4H3",NUMQCACRALPSHD-UHFFFAOYSA-N,2-ethoxy-2-methylpropane,1,1,1,1,298.249,298.249,0.0,1,1,False,False,0,9,0,0,0,False,False,"[""10.1016/j.jct.2006.05.007""]",[]
"InChI=1S/C6H14O2/c1-3-4-8-5-6(2)7/h6-7H,3-5H2,1-2H3",FENFUOGYJVOCRY-UHFFFAOYSA-N,1-propoxy-2-propanol,16,1,16,16,298.15,373.15,75.0,5,5,True,True,1,0,0,0,0,False,False,"[""10.1016/j.fluid.2008.06.022""]",[]
"InChI=1S/C6H14O2/c1-3-5-8-6-7-4-2/h3-6H2,1-2H3",SWQFQRIECLCLQG-UHFFFAOYSA-N,1-(ethoxymethoxy)propane,3,1,3,3,314.13,337.85,23.720000000000027,1,1,False,False,0,0,0,0,0,False,False,"[""10.1016/j.jct.2017.03.007""]",[]
"InChI=1S/C6H14O2/c1-4-7-6(3)8-5-2/h6H,4-5H2,1-3H3",DHKHKXVYLBGOIT-UHFFFAOYSA-N,"1,1-diethoxyethane",1,1,1,1,328.35,328.35,0.0,1,1,False,False,0,4,0,0,0,False,False,"[""10.1021/je049816w""]",[]
"InChI=1S/C6H14O2/c1-5(7)4-6(2,3)8/h5,7-8H,4H2,1-3H3",SVTBMSDMJJWYQN-UHFFFAOYSA-N,"2-methyl-2,4-pentanediol",16,1,16,16,285.2,329.4,44.19999999999999,5,5,True,True,1,3,0,0,0,False,False,"[""10.1021/je060419q""]",[]
"InChI=1S/C6H14O2/c7-5-3-1-2-4-6-8/h7-8H,1-6H2",XXMIOPMDWAUFGU-UHFFFAOYSA-N,"1,6-hexanediol",2,1,2,2,456.93,474.79,17.860000000000014,1,1,False,False,0,10,1,0,0,False,False,"[""10.1021/acs.jced.9b00306""]","[""rdr250199#csvline6315""]"
"InChI=1S/C6H14O3/c7-3-1-5-9-6-2-4-8/h7-8H,1-6H2",SZXQTJUDPRGNJN-UHFFFAOYSA-N,"4-oxa-1,7-heptanediol",13,1,13,13,365.15,397.15,32.0,3,4,True,True,1,0,0,0,0,False,False,"[""10.1021/je4009014""]",[]
"InChI=1S/C6H14O4/c7-1-3-9-5-6-10-4-2-8/h7-8H,1-6H2",ZIBGPFATKBEMQZ-UHFFFAOYSA-N,triethylene glycol,1,1,1,1,480.39,480.39,0.0,1,1,False,False,0,8,0,0,0,False,False,"[""10.1021/je401020e""]",[]
"InChI=1S/C6H15N/c1-3-5-7-6-4-2/h7H,3-6H2,1-2H3",WEHWNAOGRSTTBQ-UHFFFAOYSA-N,dipropylamine,6,1,6,6,293.15,318.15,25.0,2,2,False,False,0,6,2,1,0,False,False,"[""10.1016/j.fluid.2005.01.013""]","[""rdr250199#csvline6434"",""rdr250199#csvline6436""]"
"InChI=1S/C6H15N/c1-4-7(5-2)6-3/h4-6H2,1-3H3",ZMANZCXQSJIPKH-UHFFFAOYSA-N,triethylamine,3,1,3,3,273.04,312.82,39.77999999999997,1,1,False,False,0,19,6,2,0,False,False,"[""10.1021/je800603z""]","[""rdr250199#csvline6444"",""rdr250199#csvline6445"",""rdr250199#csvline6446"",""rdr250199#csvline6447"",""rdr250199#csvline6448"",""rdr250199#csvline6452""]"
"InChI=1S/C6H15N3/c7-1-4-9-5-2-8-3-6-9/h8H,1-7H2",IMUDHTPIFIBORV-UHFFFAOYSA-N,N-(.beta.-aminoethyl)piperazine),22,1,21,20,295.7,338.1,42.400000000000034,7,7,True,True,1,1,0,0,0,False,False,"[""10.1016/j.jct.2009.09.003""]",[]
"InChI=1S/C6H15NO/c1-3-7(4-2)5-6-8/h8H,3-6H2,1-2H3",BFSVOASYOCHEOV-UHFFFAOYSA-N,(diethylamino)ethanol,61,3,46,41,273.64,383.9,110.25999999999999,4,29,True,True,2,8,0,0,0,False,False,"[""10.1016/j.fluid.2018.05.032"",""10.1021/je049761y"",""10.1021/je101259r""]",[]
"InChI=1S/C6H15NO2/c1-5(8)3-7-4-6(2)9/h5-9H,3-4H2,1-2H3",LVTYICIALWPMFW-UHFFFAOYSA-N,N-(2-hydroxypropyl)-2-hydroxy-1-propanamine,20,2,20,19,409.6,468.25,58.64999999999998,3,5,True,True,1,2,0,0,0,False,False,"[""10.1021/acs.jced.7b00827"",""10.1021/je101259r""]",[]
"InChI=1S/C6H15NO2/c1-7(2)3-5-9-6-4-8/h8H,3-6H2,1-2H3",YSAANLSYLSUVHB-UHFFFAOYSA-N,2-(2-dimethylaminoethoxy)ethanol,41,2,41,37,283.15,373.1,89.95000000000005,6,12,True,True,2,6,0,0,0,False,False,"[""10.1016/j.jct.2010.07.008"",""10.1021/je2002489""]",[]
"InChI=1S/C6H15NS/c1-3-7(4-2)5-6-8/h8H,3-6H2,1-2H3",YBDSNEVSFQMCTL-UHFFFAOYSA-N,2-(diethylamino)ethane-1-thiol,3,1,3,3,275.15,295.15,20.0,1,1,False,False,0,4,0,0,0,False,False,"[""10.1021/je400136y""]",[]
"InChI=1S/C6H15O4P/c1-4-8-11(7,9-5-2)10-6-3/h4-6H2,1-3H3",DQWPFSLDHJDLRL-UHFFFAOYSA-N,ethyl phosphate,7,1,7,7,271.25,295.15,23.899999999999977,2,4,False,False,0,10,0,0,0,False,False,"[""10.1021/je500428d""]",[]
"InChI=1S/C6H16N2/c1-3-8(4-2)6-5-7/h3-7H2,1-2H3",UDGSVBYJWHOHNN-UHFFFAOYSA-N,"N,N-diethylethane-1,2-diamine",21,2,11,11,273.15,363.15,90.0,3,4,True,True,2,1,0,0,0,False,False,"[""10.1016/j.jct.2012.07.005"",""10.1021/je200820v""]",[]
"InChI=1S/C6H16N2/c1-6(5-8)3-2-4-7/h6H,2-5,7-8H2,1H3",JZUHIOJYCPIVLQ-UHFFFAOYSA-N,"2-methyl-1,5-pentanediamine",10,1,10,10,273.15,363.15,90.0,3,3,True,True,1,2,0,0,0,False,False,"[""10.1016/j.jct.2014.12.008""]",[]
"InChI=1S/C6H16N2/c1-7(2)5-6-8(3)4/h5-6H2,1-4H3",KWYHDKDOAIKMQN-UHFFFAOYSA-N,"N,N,N',N'-tetramethyl-1,2-diaminoethane",6,1,6,6,294.75,344.96,50.20999999999998,2,2,True,False,0,3,0,0,0,False,False,"[""10.1016/j.fluid.2009.04.006""]",[]
InChI=1S/C6H16N2/c7-5-3-1-2-4-6-8/h1-8H2,NAQMVNRVTILPCV-UHFFFAOYSA-N,"1,6-hexanediamine",30,1,29,29,318.1,356.6,38.5,5,12,True,True,1,6,0,0,0,False,False,"[""10.1016/j.jct.2011.06.008""]",[]
InChI=1S/C6H16N2O2/c7-1-3-9-5-6-10-4-2-8/h1-8H2,IWBOPFCKHIJFMS-UHFFFAOYSA-N,"1,2-bis(2-aminoethoxy)ethane",7,1,7,7,292.92,353.02,60.099999999999966,2,2,True,False,0,2,0,0,0,False,False,"[""10.1016/j.fluid.2009.04.006""]",[]
"InChI=1S/C6H18N4/c7-1-3-9-5-6-10-4-2-8/h9-10H,1-8H2",VILCJCGEZXAXTO-UHFFFAOYSA-N,"1,2-ethanediamine, N,N'-bis(2-aminoethyl)-",27,1,26,25,338.2,373.3,35.10000000000002,9,6,True,True,1,0,0,0,0,False,False,"[""10.1016/j.jct.2009.09.003""]",[]
"InChI=1S/C6H18O3Si3/c1-10(2)7-11(3,4)9-12(5,6)8-10/h1-6H3",HTDJPCNNEPUOOQ-UHFFFAOYSA-N,hexamethylcyclotrisiloxane,4,1,4,4,347.64,355.59,7.949999999999989,1,1,False,False,0,4,0,0,0,False,False,"[""10.1021/je050173+""]",[]
"InChI=1S/C6H19NSi2/c1-8(2,3)7-9(4,5)6/h7H,1-6H3",FFUAGWLWBBFQJT-UHFFFAOYSA-N,"1,1,1,3,3,3-hexamethyldisilazane",15,1,15,14,290.85,341.1,50.25,5,5,True,True,1,0,0,0,0,False,False,"[""10.1016/j.tca.2015.02.004""]",[]
"InChI=1S/C6H3Cl3O/c7-3-1-4(8)6(10)5(9)2-3/h1-2,10H",LINPIYWFGCPVIE-UHFFFAOYSA-N,"2,4,6-trichlorophenol",31,1,29,29,342.8,375.4,32.599999999999966,7,10,True,True,1,5,0,0,0,False,False,"[""10.1021/je060429r""]",[]
"InChI=1S/C6H3F11O/c7-2(4(10,11)12)5(13,14)18-1-3(8,9)6(15,16)17/h2H,1H2",JOROOXPAFHWVRW-UHFFFAOYSA-N,"1,1,1,2,3,3-hexafluoro-3-(2,2,3,3,3-pentafluoropropoxy)propane",1,1,1,1,312.48,312.48,0.0,1,1,False,False,0,1,0,0,0,False,False,"[""10.1021/je0201976""]",[]
"InChI=1S/C6H3F11O/c7-2(8,1-18)3(9,10)4(11,12)5(13,14)6(15,16)17/h18H,1H2",QZFZPVVDBGXQTB-UHFFFAOYSA-N,"2,2,3,3,4,4,5,5,6,6,6-undecafluorohexan-1-ol",11,1,11,11,278.14,327.93,49.79000000000002,4,3,True,True,1,0,0,0,0,False,False,"[""10.1016/j.fluid.2016.06.011""]",[]
InChI=1S/C6H4Br2/c7-5-2-1-3-6(8)4-5/h1-4H,JSRLURSZEMLAFO-UHFFFAOYSA-N,"1,3-dibromobenzene",24,1,24,23,276.4,317.8,41.400000000000034,7,7,True,True,1,2,0,0,0,False,False,"[""10.1021/je5008795""]",[]
InChI=1S/C6H4Br2/c7-5-3-1-2-4-6(5)8/h1-4H,WQONPSCCEXUXTQ-UHFFFAOYSA-N,"1,2-dibromobenzene",17,1,17,15,290.3,328.2,37.89999999999998,5,5,True,True,1,2,0,0,0,False,False,"[""10.1021/je5008795""]",[]
InChI=1S/C6H4BrF/c7-5-1-3-6(8)4-2-5/h1-4H,AITNMTXHTIIIBB-UHFFFAOYSA-N,1-bromo-4-fluorobenzene,19,1,19,19,278.2,316.4,38.19999999999999,4,7,True,True,1,1,0,0,0,False,False,"[""10.1016/j.fluid.2014.12.023""]",[]
InChI=1S/C6H4BrF/c7-5-2-1-3-6(8)4-5/h1-4H,QDFKKJYEIFBEFC-UHFFFAOYSA-N,1-bromo-3-fluorobenzene,20,1,20,20,280.8,317.6,36.80000000000001,4,8,True,True,1,1,0,0,0,False,False,"[""10.1016/j.fluid.2014.12.023""]",[]
InChI=1S/C6H4BrF/c7-5-3-1-2-4-6(5)8/h1-4H,IPWBFGUBXWMIPR-UHFFFAOYSA-N,1-bromo-2-fluorobenzene,21,1,21,21,278.5,324.3,45.80000000000001,5,10,True,True,1,1,0,0,0,False,False,"[""10.1016/j.fluid.2014.12.023""]",[]
InChI=1S/C6H4Cl2/c7-5-3-1-2-4-6(5)8/h1-4H,RFFLAFLAYFXFSW-UHFFFAOYSA-N,"1,2-dichlorobenzene",3,1,3,3,360.41,388.41,28.0,1,1,False,False,0,9,1,0,0,False,False,"[""10.1021/acs.jced.8b00590""]","[""rdr250199#csvline4838""]"
"InChI=1S/C6H4Cl2O/c7-4-1-2-5(8)6(9)3-4/h1-3,9H",RANCECPPZPIPNO-UHFFFAOYSA-N,"2,5-dichlorophenol",10,1,10,10,333.3,361.2,27.899999999999977,3,3,False,False,0,2,0,0,0,False,False,"[""10.1021/je060429r""]",[]
"InChI=1S/C6H4Cl2O/c7-4-1-2-6(9)5(8)3-4/h1-3,9H",HFZWRUODUSTPEG-UHFFFAOYSA-N,"2,4-dichlorophenol",10,1,10,10,317.2,344.2,27.0,3,3,False,False,0,5,0,0,0,False,False,"[""10.1021/je060429r""]",[]
"InChI=1S/C6H4Cl2O/c7-4-2-1-3-5(8)6(4)9/h1-3,9H",HOLHYSJJBXSLMV-UHFFFAOYSA-N,"2,6-dichlorophenol",10,1,10,10,341.2,371.4,30.19999999999999,3,3,True,True,1,5,0,0,0,False,False,"[""10.1021/je060429r""]",[]
"InChI=1S/C6H4Cl2O/c7-4-2-1-3-5(9)6(4)8/h1-3,9H",UMPSXRYVXUPCOS-UHFFFAOYSA-N,"2,3-dichlorophenol",10,1,10,10,331.2,358.2,27.0,3,3,False,False,0,1,0,0,0,False,False,"[""10.1021/je060429r""]",[]
"InChI=1S/C6H4Cl2O/c7-5-2-1-4(9)3-6(5)8/h1-3,9H",WDNBURPWRNALGP-UHFFFAOYSA-N,"3,4-dichlorophenol",10,1,10,10,341.3,368.4,27.099999999999966,3,3,False,False,0,2,0,0,0,False,False,"[""10.1021/je060429r""]",[]
InChI=1S/C6H4ClF/c7-5-1-3-6(8)4-2-5/h1-4H,RJCGZNCCVKIBHO-UHFFFAOYSA-N,1-chloro-4-fluorobenzene,17,1,17,17,277.6,323.5,45.89999999999998,5,5,True,True,1,1,0,0,0,False,False,"[""10.1016/j.fluid.2014.12.023""]",[]
InChI=1S/C6H4ClF/c7-5-2-1-3-6(8)4-5/h1-4H,VZHJIJZEOCBKRA-UHFFFAOYSA-N,1-chloro-3-fluorobenzene,15,1,15,15,275.8,319.5,43.69999999999999,5,5,True,True,1,2,0,0,0,False,False,"[""10.1016/j.fluid.2014.12.023""]",[]
InChI=1S/C6H4ClF/c7-5-3-1-2-4-6(5)8/h1-4H,ZCJAYDKWZAWMPR-UHFFFAOYSA-N,1-chloro-2-fluorobenzene,19,1,18,16,277.5,319.2,41.69999999999999,5,6,True,True,1,1,0,0,0,False,False,"[""10.1016/j.fluid.2014.12.023""]",[]
"InChI=1S/C6H4F10O/c7-2(5(12,13)14)6(15,16)17-1-4(10,11)3(8)9/h2-3H,1H2",DOESGSGKEZIPFW-UHFFFAOYSA-N,"1,1,1,2,3,3-hexafluoro-3-(2,2,3,3-tetrafluoropropoxy)propane",3,1,3,3,285.28,312.63,27.350000000000023,1,1,False,False,0,2,1,1,0,False,False,"[""10.1021/je0201976""]","[""rdr250199#csvline4892""]"
InChI=1S/C6H4FI/c7-5-1-3-6(8)4-2-5/h1-4H,KGNQDBQYEBMPFZ-UHFFFAOYSA-N,"1,4-fluoroiodobenzene",13,1,11,11,276.5,317.9,41.39999999999998,3,4,True,True,1,1,0,0,0,False,False,"[""10.1016/j.fluid.2014.12.023""]",[]
InChI=1S/C6H4FI/c7-5-2-1-3-6(8)4-5/h1-4H,VSKSBSORLCDRHS-UHFFFAOYSA-N,"1,3-fluoroiodobenzene",31,1,26,23,275.2,319.6,44.400000000000034,6,7,True,True,1,1,0,0,0,False,False,"[""10.1016/j.fluid.2014.12.023""]",[]
InChI=1S/C6H4FI/c7-5-3-1-2-4-6(5)8/h1-4H,TYHUGKGZNOULKD-UHFFFAOYSA-N,"1,2-fluoroiodobenzene",22,1,21,21,282.8,328.6,45.80000000000001,8,6,True,True,1,1,0,0,0,False,False,"[""10.1016/j.fluid.2014.12.023""]",[]
InChI=1S/C6H4N4O2/c7-9-8-5-1-3-6(4-2-5)10(11)12/h1-4H,CZZVSJPFJBUBDK-UHFFFAOYSA-N,1-azido-4-nitrobenzene,6,1,6,6,345.1,370.5,25.399999999999977,2,2,False,False,0,1,0,0,0,False,False,"[""10.1016/j.tca.2014.10.015""]",[]
InChI=1S/C6H5Br/c7-6-4-2-1-3-5-6/h1-5H,QARVLSVVCXYDNA-UHFFFAOYSA-N,bromobenzene,16,1,16,16,276.4,303.4,27.0,4,4,False,False,0,11,4,3,0,False,False,"[""10.1021/je500784s""]","[""rdr250199#csvline4910"",""rdr250199#csvline4914"",""rdr250199#csvline4917"",""rdr250199#csvline4918""]"
"InChI=1S/C6H5BrO/c7-5-1-3-6(8)4-2-5/h1-4,8H",GZFGOTFRPZRKDS-UHFFFAOYSA-N,4-bromophenol,35,1,35,35,303.2,370.51,67.31,11,11,True,True,1,4,0,0,0,False,False,"[""10.1016/j.jct.2013.05.047""]",[]
InChI=1S/C6H5Cl/c7-6-4-2-1-3-5-6/h1-5H,MVPPADPHJFYWMZ-UHFFFAOYSA-N,chlorobenzene,14,2,14,14,274.5,337.4,62.89999999999998,2,7,True,False,1,27,3,2,0,False,False,"[""10.1016/j.fluid.2014.07.029"",""10.1021/je060249h""]","[""rdr250199#csvline4948"",""rdr250199#csvline4954"",""rdr250199#csvline4955""]"
"InChI=1S/C6H5Cl2N/c7-4-1-5(8)3-6(9)2-4/h1-3H,9H2",UQRLKWGPEVNVHT-UHFFFAOYSA-N,"3,5-dichloroaniline",8,1,8,8,446.6,469.09,22.489999999999952,5,1,False,False,0,1,0,0,0,False,False,"[""10.1021/je3013638""]",[]
InChI=1S/C6H5Cl2OP/c7-10(8)9-6-4-2-1-3-5-6/h1-5H,LXHWDUISRBUGRA-UHFFFAOYSA-N,phenyl phosphorodichloridite,15,1,15,15,363.25,427.13,63.879999999999995,5,5,True,True,1,1,0,0,0,False,False,"[""10.1021/je8000427""]",[]
"InChI=1S/C6H5Cl2OP/c7-10(8,9)6-4-2-1-3-5-6/h1-5H",IBDMRHDXAQZJAP-UHFFFAOYSA-N,phenylphosphonic dichloride,20,1,20,20,377.15,457.65,80.5,7,5,True,True,1,0,0,0,0,False,False,"[""10.1021/je034263v""]",[]
InChI=1S/C6H5Cl2P/c7-9(8)6-4-2-1-3-5-6/h1-5H,IMDXZWRLUZPMDH-UHFFFAOYSA-N,dichlorophenylphosphine,26,1,26,26,349.26,426.06,76.80000000000001,9,8,True,True,1,0,0,0,0,False,False,"[""10.1021/je034263v""]",[]
"InChI=1S/C6H5Cl2PS/c7-9(8,10)6-4-2-1-3-5-6/h1-5H",SXIWNIQDOJKDGB-UHFFFAOYSA-N,benzene phosphorus thiodichloride,13,1,13,13,417.8,448.1,30.30000000000001,4,4,True,True,1,0,0,0,0,False,False,"[""10.1021/je600566v""]",[]
"InChI=1S/C6H5ClO/c7-5-1-3-6(8)4-2-5/h1-4,8H",WXNZTHHGJRFXKQ-UHFFFAOYSA-N,4-chlorophenol,41,2,41,40,275.44,351.2,75.75999999999999,10,12,True,True,2,7,0,0,0,False,False,"[""10.1016/j.jct.2013.05.047"",""10.1021/je060429r""]",[]
"InChI=1S/C6H5ClO/c7-5-2-1-3-6(8)4-5/h1-4,8H",HORNXRXVQWOLPJ-UHFFFAOYSA-N,3-chlorophenol,10,1,10,10,308.3,335.2,26.899999999999977,3,3,False,False,0,4,0,0,0,False,False,"[""10.1021/je060429r""]",[]
"InChI=1S/C6H5ClO/c7-5-3-1-2-4-6(5)8/h1-4,8H",ISPYQTSUDJAMAB-UHFFFAOYSA-N,2-chlorophenol,12,1,12,12,288.4,321.2,32.80000000000001,4,4,True,True,1,7,0,0,0,False,False,"[""10.1021/je060429r""]",[]
InChI=1S/C6H5F/c7-6-4-2-1-3-5-6/h1-5H,PYLWMHQQBFSUBP-UHFFFAOYSA-N,fluorobenzene,7,1,7,7,274.2,303.2,29.0,2,2,False,False,0,13,4,0,0,False,False,"[""10.1016/j.fluid.2014.07.029""]","[""rdr250199#csvline4994"",""rdr250199#csvline4995"",""rdr250199#csvline4996"",""rdr250199#csvline4997""]"
"InChI=1S/C6H5FO/c7-5-1-3-6(8)4-2-5/h1-4,8H",RHMPLDJJXGPMEX-UHFFFAOYSA-N,4-fluorophenol,27,1,27,27,291.39,342.84,51.44999999999999,8,8,True,True,1,3,0,0,0,False,False,"[""10.1016/j.jct.2013.05.047""]",[]
InChI=1S/C6H5I/c7-6-4-2-1-3-5-6/h1-5H,SNHMUERNLJLMHN-UHFFFAOYSA-N,iodobenzene,12,1,12,12,283.8,314.6,30.80000000000001,4,4,True,True,1,11,0,0,0,False,False,"[""10.1021/je500784s""]",[]
"InChI=1S/C6H5IO/c7-5-1-3-6(8)4-2-5/h1-4,8H",VSMDINRNYYEDRN-UHFFFAOYSA-N,4-iodophenol,23,1,23,23,336.93,380.41,43.48000000000002,7,7,True,True,1,2,0,0,0,False,False,"[""10.1016/j.jct.2013.05.047""]",[]
InChI=1S/C6H5N3/c1-3-9-4-2-8-6(9)5-7-1/h1-5H,MBVAHHOKMIRXLP-UHFFFAOYSA-N,"imidazo[1,2-a]pyrazine",8,1,8,8,369.6,393.4,23.799999999999955,3,2,False,False,0,2,0,0,0,False,False,"[""10.1021/acs.jced.5b00606""]",[]
InChI=1S/C6H6/c1-2-4-6-5-3-1/h1-6H,UHOVQNZJYSORNB-UHFFFAOYSA-N,benzene,15,5,6,6,283.15,308.15,25.0,2,2,False,False,0,49,19,3,0,False,False,"[""10.1016/j.fluid.2004.02.021"",""10.1016/j.fluid.2005.07.008"",""10.1016/j.fluid.2014.03.003"",""10.1016/j.jct.2004.01.001"",""10.1021/acs.jced.5b00760""]","[""rdr250199#csvline5047"",""rdr250199#csvline5048"",""rdr250199#csvline5049"",""rdr250199#csvline5050"",""rdr250199#csvline5051"",""rdr250199#csvline5052"",""rdr250199#csvline5062"",""rdr250199#csvline5063"",""rdr250199#csvline5064"",""rdr250199#csvline5065"",""rdr250199#csvline5066"",""rdr250199#csvline5067"",""rdr250199#csvline5075"",""rdr250199#csvline5076"",""rdr250199#csvline5077"",""rdr250199#csvline5078"",""rdr250199#csvline5079"",""rdr250199#csvline5084"",""rdr250199#csvline5085""]"
"InChI=1S/C6H6F8O/c1-15-2-4(9,10)6(13,14)5(11,12)3(7)8/h3H,2H2,1H3",OHYJUFNURZXEOG-UHFFFAOYSA-N,"1,1,2,2,3,3,4,4-octafluoro-5-methoxypentane",5,1,5,5,301.49,342.67,41.18000000000001,2,2,False,False,0,1,0,0,0,False,False,"[""10.1021/je0201976""]",[]
"InChI=1S/C6H6N2O/c7-6(9)5-3-1-2-4-8-5/h1-4H,(H2,7,9)",IBBMAWULFFBRKK-UHFFFAOYSA-N,2-pyridinecarboxamide,7,1,7,7,385.4,415.8,30.400000000000034,2,2,True,False,0,1,0,0,0,False,False,"[""10.1016/j.jct.2016.08.002""]",[]
"InChI=1S/C6H6O/c7-6-4-2-1-3-5-6/h1-5,7H",ISWSIDIOOBJBQZ-UHFFFAOYSA-N,phenol,5,3,4,3,353.15,393.15,40.0,1,1,False,False,0,12,0,0,0,False,False,"[""10.1021/je025566c"",""10.1021/je050317k"",""10.1021/je050327l""]",[]
"InChI=1S/C6H6O2/c1-5(7)6-3-2-4-8-6/h2-4H,1H3",IEMMBWWQXVXBEU-UHFFFAOYSA-N,2-acetylfuran,14,1,14,14,337.95,386.55,48.60000000000002,3,3,True,True,1,1,1,0,1,False,False,"[""10.1021/acs.jced.7b00574""]","[""rdr250199#csvline5139""]"
"InChI=1S/C6H6O2/c1-5-2-3-6(4-7)8-5/h2-4H,1H3",OUDFNZMQXZILJD-UHFFFAOYSA-N,5-methylfurfural,46,3,45,40,303.15,405.85,102.70000000000005,11,7,True,True,2,2,1,0,0,False,False,"[""10.1021/acs.jced.7b00574"",""10.1021/je020117y"",""10.1021/je400783h""]","[""rdr250199#csvline5146""]"
"InChI=1S/C6H6O2/c7-5-3-1-2-4-6(5)8/h1-4,7-8H",YCIMNLLNPGFGHC-UHFFFAOYSA-N,"1,2-benzenediol",12,1,12,12,378.2,389.2,11.0,3,5,False,False,0,0,0,0,0,False,False,"[""10.1016/j.tca.2008.02.016""]",[]
"InChI=1S/C6H6O2S/c1-4-2-3-5(9-4)6(7)8/h2-3H,1H3,(H,7,8)",VCNGNQLPFHVODE-UHFFFAOYSA-N,5-methyl-2-thiophenecarboxylic acid,3,1,1,1,338.11,338.11,0.0,1,1,False,False,0,0,0,0,0,True,False,"[""10.1016/j.jct.2008.04.013""]",[]
"InChI=1S/C6H6O2S/c1-4-2-3-9-5(4)6(7)8/h2-3H,1H3,(H,7,8)",IFLKEBSJTZGCJG-UHFFFAOYSA-N,3-methyl-2-thiophenecarboxylic acid,3,1,1,1,334.2,334.2,0.0,1,1,False,False,0,0,0,0,0,True,False,"[""10.1016/j.jct.2008.04.013""]",[]
"InChI=1S/C6H6OS/c1-5(7)6-3-2-4-8-6/h2-4H,1H3",WYJOVVXUZNRJQY-UHFFFAOYSA-N,2-acetylthiophene,20,1,20,20,336.16,426.08,89.91999999999996,7,7,True,True,1,3,1,0,0,False,False,"[""10.1016/j.fluid.2016.10.026""]","[""rdr250199#csvline5140""]"
"InChI=1S/C6H7N/c7-6-4-2-1-3-5-6/h1-5H,7H2",PAYRUJLWNCNPSJ-UHFFFAOYSA-N,aniline,6,4,5,5,298.15,383.15,85.0,2,2,False,False,0,15,3,1,0,False,False,"[""10.1016/j.fluid.2005.05.003"",""10.1016/j.tca.2010.07.027"",""10.1021/je0505366"",""10.1021/je1005196""]","[""rdr250199#csvline5181"",""rdr250199#csvline5184"",""rdr250199#csvline5185""]"
"InChI=1S/C6H8N2/c1-5-3-2-4-8-6(5)7/h2-4H,1H3,(H2,7,8)",RGDQRXPEZUNWHX-UHFFFAOYSA-N,2-amino-3-methylpyridine,24,2,24,24,328.7,435.66,106.96000000000004,9,8,True,True,1,0,0,0,0,False,False,"[""10.1021/je101180r"",""10.1021/je700371w""]",[]
"InChI=1S/C6H8O/c1-2-6-4-3-5-7-6/h3-5H,2H2,1H3",HLPIHRDZBHXTFJ-UHFFFAOYSA-N,2-ethylfuran,12,1,12,12,289.96,317.62,27.660000000000025,2,5,False,False,0,0,0,0,0,False,False,"[""10.1021/acs.jced.8b00153""]",[]
"InChI=1S/C6H8O/c1-5-3-4-6(2)7-5/h3-4H,1-2H3",GSNUFIFRDBKVIE-UHFFFAOYSA-N,"2,5-dimethylfuran",10,2,10,10,283.16,319.27,36.10999999999996,4,4,True,True,1,3,0,0,0,False,False,"[""10.1016/j.jct.2013.10.039"",""10.1016/j.tca.2015.08.013""]",[]
"InChI=1S/C6H8O/c7-6-4-2-1-3-5-6/h2,4H,1,3,5H2",FWFSEYBSWVRWGL-UHFFFAOYSA-N,2-cyclohexen-1-one,11,1,11,11,350.4,388.4,38.0,4,4,True,True,1,2,0,0,0,False,False,"[""10.1021/je0504358""]",[]
"InChI=1S/C6H8O3/c1-4(7)5-2-3-9-6(5)8/h5H,2-3H2,1H3",OMQHDIHZSDEIFH-UHFFFAOYSA-N,2-acetylbutyrolactone,8,1,8,8,385,464.5,79.5,2,3,True,False,0,0,0,0,0,False,False,"[""10.1021/acs.jced.7b00344""]",[]
"InChI=1S/C6H8S/c1-2-6-4-3-5-7-6/h3-5H,2H2,1H3",JCCCMAAJYSNBPR-UHFFFAOYSA-N,2-ethylthiophene,17,1,17,17,292.41,356.68,64.26999999999998,4,7,True,True,1,2,1,1,0,False,False,"[""10.1021/acs.jced.8b00153""]","[""rdr250199#csvline5299""]"
"InChI=1S/C6H9N/c1-5-3-4-6(2)7-5/h3-4,7H,1-2H3",PAPNRQCYSFBWDI-UHFFFAOYSA-N,"2,5-dimethyl-1H-pyrrole",8,1,8,8,341.463,391.562,50.09899999999999,3,2,True,True,1,6,0,0,0,False,False,"[""10.1016/j.jct.2017.09.005""]",[]
"InChI=1S/C6H9N/c1-5-3-6(2)7-4-5/h3-4,7H,1-2H3",MFFMQGGZCLEMCI-UHFFFAOYSA-N,"2,4-dimethyl-1H-pyrrole",9,1,9,9,338.248,388.877,50.62900000000002,3,3,True,True,1,5,0,0,0,False,False,"[""10.1016/j.jct.2017.09.005""]",[]
"InChI=1S/C6HF11O2/c7-2(8,1(18)19)3(9,10)4(11,12)5(13,14)6(15,16)17/h(H,18,19)",PXUULQAPEKKVAH-UHFFFAOYSA-N,"2,2,3,3,4,4,5,5,6,6,6-undecafluorohexanoic acid",3,1,3,3,293.15,308.15,15.0,1,1,False,False,0,0,0,0,0,True,False,"[""10.1021/je400205g""]",[]
"InChI=1S/C7F8/c8-2-1(7(13,14)15)3(9)5(11)6(12)4(2)10",USPWUOFNOTUBAD-UHFFFAOYSA-N,octafluorotoluene,9,1,9,9,288.23,328.45,40.21999999999997,3,3,True,True,1,6,0,0,0,False,False,"[""10.1021/je050056e""]",[]
"InChI=1S/C7H12N2/c1-3-5-9-6-4-8-7(9)2/h4,6H,3,5H2,1-2H3",SIQHSJOKAUDDLN-UHFFFAOYSA-N,2-methyl-1-propyl-1H-imidazole,55,1,48,46,288.6,343.2,54.599999999999966,14,12,True,True,1,1,0,0,0,False,False,"[""10.1021/je200336c""]",[]
"InChI=1S/C7H12O/c1-6-4-2-3-5-7(6)8/h6H,2-5H2,1H3",LFSAPCRASZRSKS-UHFFFAOYSA-N,2-methylcyclohexanone,14,1,14,14,338.76,381.72,42.960000000000036,4,4,True,True,1,2,0,0,0,False,False,"[""10.1021/je0504358""]",[]
"InChI=1S/C7H12O2/c1-2-3-6-4-5-7(8)9-6/h6H,2-5H2,1H3",VLSVVMPLPMNWBH-UHFFFAOYSA-N,"2(3H)-furanone, dihydro-5-propyl-",14,1,14,14,298.1,363.2,65.09999999999997,4,4,True,True,1,1,0,0,0,False,False,"[""10.1016/j.jct.2008.02.002""]",[]
"InChI=1S/C7H12O2/c1-3-5-6-9-7(8)4-2/h4H,2-3,5-6H2,1H3",CQEYYJKEWSMYFG-UHFFFAOYSA-N,butyl 2-propenoate,19,1,19,19,278.15,368.15,90.0,6,6,True,True,1,5,0,0,0,False,False,"[""10.1021/je301333b""]",[]
"InChI=1S/C7H12O2/c1-6(8)9-7-4-2-3-5-7/h7H,2-5H2,1H3",YFPCLQKFNXUAAK-UHFFFAOYSA-N,cyclopentyl ethanoate,13,1,13,13,274.1,308.4,34.299999999999955,3,5,True,True,1,0,0,0,0,False,False,"[""10.1016/j.jct.2011.05.028""]",[]
"InChI=1S/C7H12O2/c8-6-9-7-4-2-1-3-5-7/h6-7H,1-5H2",VUXKVKAHWOVIDN-UHFFFAOYSA-N,cyclohexyl methanoate,13,1,13,10,253.02,273.165,20.14500000000001,3,4,False,False,0,4,1,0,1,False,False,"[""10.1021/je025634v""]","[""rdr250199#csvline7280""]"
"InChI=1S/C7H12O3/c1-2-3-7(8)10-5-6-4-9-6/h6H,2-5H2,1H3",YLNSNVGRSIOCEU-UHFFFAOYSA-N,glycidyl butyrate,1,1,1,1,407.85,407.85,0.0,1,1,False,False,0,2,1,0,0,False,False,"[""10.1016/j.jct.2012.01.005""]","[""rdr250199#csvline7286""]"
"InChI=1S/C7H12O3/c1-3-10-7(9)5-4-6(2)8/h3-5H2,1-2H3",GMEONFUTDYJSNV-UHFFFAOYSA-N,ethyl levulinate,12,1,12,12,293.5,348.8,55.30000000000001,4,4,True,True,1,3,0,0,0,False,False,"[""10.1016/j.tca.2017.12.006""]",[]
"InChI=1S/C7H12O4/c1-10-6(8)4-3-5-7(9)11-2/h3-5H2,1-2H3",XTDYIOOONNVFMA-UHFFFAOYSA-N,dimethyl pentanedioate,58,3,53,47,283.7,413.15,129.45,5,27,True,True,1,3,0,0,0,False,False,"[""10.1016/j.jct.2019.02.006"",""10.1021/je0602418"",""10.1021/je700027n""]",[]
"InChI=1S/C7H12O4/c1-3-10-6(8)5-7(9)11-4-2/h3-5H2,1-2H3",IYXGSMUGOJNHAZ-UHFFFAOYSA-N,"diethyl 1,3-propanedioate",31,3,31,31,265.15,409.56,144.41000000000003,4,24,True,True,1,20,0,0,0,False,False,"[""10.1016/j.jct.2004.07.023"",""10.1021/je100231g"",""10.1021/je500428d""]",[]
"InChI=1S/C7H13N/c1-2-3-4-5-6-7-8/h2-6H2,1H3",SDAXRHHPNYTELL-UHFFFAOYSA-N,heptanenitrile,23,2,23,21,253.15,308.18,55.03,9,4,True,True,1,6,0,0,0,False,False,"[""10.1016/j.jct.2004.08.004"",""10.1021/acs.jced.8b00699""]",[]
"InChI=1S/C7H13NO/c1-8-6-4-2-3-5-7(8)9/h2-6H2,1H3",ZWXPDGCFMMFNRW-UHFFFAOYSA-N,1-methylazacycloheptan-2-one,11,1,11,11,402.95,443.09,40.139999999999986,3,3,True,True,1,2,0,0,0,False,False,"[""10.1021/je700398k""]",[]
"InChI=1S/C7H14/c1-7-5-3-2-4-6-7/h7H,2-6H2,1H3",UAEPNZWRGJTJPN-UHFFFAOYSA-N,methylcyclohexane,4,2,4,4,303.15,323.15,20.0,2,1,False,False,0,21,4,1,0,False,False,"[""10.1016/j.fluid.2011.03.030"",""10.1021/acs.jced.8b00125""]","[""rdr250199#csvline7360"",""rdr250199#csvline7361"",""rdr250199#csvline7362"",""rdr250199#csvline7363""]"
"InChI=1S/C7H14O/c1-3-4-5-6-7(2)8/h3-6H2,1-2H3",CATSNJVOTSVZJV-UHFFFAOYSA-N,2-heptanone,5,1,5,5,354.77,368.9,14.129999999999995,3,2,False,False,0,9,2,0,0,False,False,"[""10.1021/je500731x""]","[""rdr250199#csvline7517"",""rdr250199#csvline7519""]"
"InChI=1S/C7H14O/c1-3-5-6-7(8)4-2/h3-6H2,1-2H3",NGAZZOYFWWSOGK-UHFFFAOYSA-N,3-heptanone,4,1,4,4,354.82,367.95,13.129999999999995,1,2,False,False,0,0,0,0,0,False,False,"[""10.1021/je500731x""]",[]
"InChI=1S/C7H14O/c1-3-5-7(8)6-4-2/h3-6H2,1-2H3",HCFAJYNVAYBARA-UHFFFAOYSA-N,4-heptanone,2,1,2,2,358.74,363.42,4.680000000000007,1,1,False,False,0,6,0,0,0,False,False,"[""10.1021/je500731x""]",[]
"InChI=1S/C7H14O/c1-5(2)7(8)6(3)4/h5-6H,1-4H3",HXVNBWAKAOHACI-UHFFFAOYSA-N,"2,4-dimethyl-3-pentanone",9,1,9,7,330.02,347.76,17.74000000000001,2,2,False,False,0,4,3,0,0,False,False,"[""10.1016/j.jct.2011.09.007""]","[""rdr250199#csvline7531"",""rdr250199#csvline7533"",""rdr250199#csvline7534""]"
"InChI=1S/C7H14O/c1-6-4-2-3-5-7(6)8/h6-8H,2-5H2,1H3",NDVWOBYBJYUSMF-UHFFFAOYSA-N,2-methylcyclohexanol,16,1,15,15,361.23,389.56,28.329999999999984,4,5,False,False,0,2,0,0,0,False,False,"[""10.1021/je600559q""]",[]
"InChI=1S/C7H14O/c8-7-5-3-1-2-4-6-7/h7-8H,1-6H2",QCRFMSUKWRQZEM-UHFFFAOYSA-N,cycloheptanol,17,1,17,15,284.35,320.88,36.52999999999997,4,6,True,True,1,3,0,0,0,False,False,"[""10.1021/acs.jced.6b00576""]",[]
"InChI=1S/C7H14O2/c1-2-3-4-5-6-7(8)9/h2-6H2,1H3,(H,8,9)",MNWFXJYAOYHMED-UHFFFAOYSA-N,heptanoic acid,5,2,5,5,413.48,443.15,29.66999999999996,3,1,False,False,0,7,0,0,0,True,False,"[""10.1016/j.fluid.2014.04.026"",""10.1021/je034180e""]",[]
"InChI=1S/C7H14O2/c1-2-3-4-5-6-9-7-8/h7H,2-6H2,1H3",OUGPMNMLWKSBRI-UHFFFAOYSA-N,hexyl methanoate,14,1,11,9,275.4,313.4,38.0,3,3,True,True,1,2,0,0,0,False,False,"[""10.1016/j.fluid.2012.08.003""]",[]
"InChI=1S/C7H14O2/c1-3-4-5-6-7(8)9-2/h3-6H2,1-2H3",NUKZAGXMHTUAFE-UHFFFAOYSA-N,methyl hexanoate,38,2,36,34,262.64,362.19,99.55000000000001,3,11,True,True,2,13,1,1,0,False,False,"[""10.1016/j.fluid.2008.02.001"",""10.1016/j.jct.2016.07.024""]","[""rdr250199#csvline7554""]"
"InChI=1S/C7H14O2/c1-3-4-5-6-9-7(2)8/h3-6H2,1-2H3",PGMYKACGEOXYJE-UHFFFAOYSA-N,pentyl ethanoate,15,1,14,13,274.25,313.4,39.14999999999998,5,5,True,True,1,6,0,0,0,False,False,"[""10.1016/j.fluid.2012.08.003""]",[]
"InChI=1S/C7H14O2/c1-3-5-6-9-7(8)4-2/h3-6H2,1-2H3",BTMVHUNTONAYDX-UHFFFAOYSA-N,butyl propanoate,5,1,5,5,351.45,364.68,13.230000000000018,2,2,False,False,0,7,2,0,0,False,False,"[""10.1016/j.fluid.2005.09.015""]","[""rdr250199#csvline7561"",""rdr250199#csvline7562""]"
"InChI=1S/C7H14O2/c1-5-7(3,4)9-6(2)8/h5H2,1-4H3",JCCIFDCPHCKATH-UHFFFAOYSA-N,"1,1-dimethylpropyl acetate",22,1,22,21,273.7,308.4,34.69999999999999,7,8,True,True,1,3,0,0,0,False,False,"[""10.1016/j.fluid.2008.02.001""]",[]
"InChI=1S/C7H14O2/c1-7(2,3)5-6(8)9-4/h5H2,1-4H3",DXBOTVWRXLQVMG-UHFFFAOYSA-N,"methyl 3,3-dimethylbutanoate",24,1,24,24,273.9,313.2,39.30000000000001,7,10,True,True,1,2,0,0,0,False,False,"[""10.1016/j.fluid.2008.02.001""]",[]
"InChI=1S/C7H14O3/c1-3-4-5-10-7(9)6(2)8/h6,8H,3-5H2,1-2H3",MRABAEUHTLLEML-UHFFFAOYSA-N,butyl 2-hydroxypropanoate,46,2,46,45,273.6,403.15,129.54999999999995,8,21,True,True,2,8,0,0,0,False,False,"[""10.1016/j.jct.2018.07.029"",""10.1016/j.tca.2013.11.010""]",[]
"InChI=1S/C7H14O3/c1-3-4-5-10-7(9)6(2)8/h6,8H,3-5H2,1-2H3/t6-/m0/s1",MRABAEUHTLLEML-LURJTMIESA-N,butyl L-lactate,4,1,4,4,390,405,15,1,1,False,False,0,0,0,0,0,False,False,"[""10.1016/j.fluid.2005.02.015""]",[]
"InChI=1S/C7H14O3/c1-3-5-9-7(8)10-6-4-2/h3-6H2,1-2H3",VUPKGFBOKBGHFZ-UHFFFAOYSA-N,dipropyl carbonate,63,2,38,35,253.15,318.2,65.04999999999998,11,4,True,True,2,1,0,0,0,False,False,"[""10.1016/j.jct.2008.02.012"",""10.1021/acs.jced.7b00295""]",[]
"InChI=1S/C7H14O3/c1-5(8)6(9)10-7(2,3)4/h5,8H,1-4H3/t5-/m1/s1",IXXMVXXFAJGOQO-RXMQYKEDSA-N,D-tert-butyl lactate,6,1,5,5,315,332.9,17.899999999999977,2,2,False,False,0,0,0,0,0,False,False,"[""10.1016/j.jct.2018.07.029""]",[]
"InChI=1S/C7H14O3/c1-6(9-3)4-5-10-7(2)8/h6H,4-5H2,1-3H3",QMYGFTJCQFEDST-UHFFFAOYSA-N,3-methoxybutyl acetate,4,1,4,4,328.91,374.4,45.48999999999995,2,1,False,False,0,0,0,0,0,False,False,"[""10.1016/j.jct.2014.01.019""]",[]
"InChI=1S/C7H15N/c1-2-4-6-8-7-5-3-1/h8H,1-7H2",QXNDZONIWRINJR-UHFFFAOYSA-N,heptamethyleneimine,28,2,27,27,273.22,324.9,51.67999999999995,6,9,True,True,2,3,0,0,0,False,False,"[""10.1016/j.tca.2018.07.016"",""10.1021/acs.jced.6b00576""]",[]
"InChI=1S/C7H15N/c1-6-4-3-5-7(2)8-6/h6-8H,3-5H2,1-2H3/t6-,7+",SDGKUVSVPIIUCF-KNVOCYPGSA-N,"2,6-lupetidine, cis-",6,1,6,6,294.8,344.96,50.15999999999997,2,2,True,False,0,4,0,0,0,False,False,"[""10.1021/je800603z""]",[]
"InChI=1S/C7H15N/c1-8-7-5-3-2-4-6-7/h7-8H,2-6H2,1H3",XTUVJUMINZSXGF-UHFFFAOYSA-N,N-methylcyclohexylamine,14,1,14,14,275.2,314.2,39.0,4,4,True,True,1,2,0,0,0,False,False,"[""10.1016/j.tca.2015.03.016""]",[]
"InChI=1S/C7H15NO/c1-3-5-8(7-9)6-4-2/h7H,3-6H2,1-2H3",XFTIKWYXFSNCQF-UHFFFAOYSA-N,"N,N-dipropylformamide",25,1,25,25,278.5,319.4,40.89999999999998,9,6,True,True,1,2,0,0,0,False,False,"[""10.1016/j.fluid.2019.04.036""]",[]
"InChI=1S/C7H16/c1-3-5-7-6-4-2/h3-7H2,1-2H3",IMNFDUFMRHMDMM-UHFFFAOYSA-N,heptane,69,23,29,23,263.45,323.62,60.170000000000016,11,3,True,True,0,22,7,2,0,False,False,"[""10.1016/j.fluid.2007.12.005"",""10.1016/j.fluid.2012.01.008"",""10.1016/j.fluid.2014.10.016"",""10.1016/j.fluid.2015.03.023"",""10.1016/j.fluid.2015.03.033"",""10.1016/j.fluid.2015.07.049"",""10.1016/j.fluid.2015.09.031"",""10.1016/j.fluid.2018.04.009"",""10.1016/j.jct.2008.01.012"",""10.1016/j.jct.2008.02.016"",""10.1016/j.jct.2008.07.024"",""10.1016/j.tca.2011.07.023"",""10.1021/acs.jced.7b00236"",""10.1021/acs.jced.8b00125"",""10.1021/je060184i"",""10.1021/je0602115"",""10.1021/je100832h"",""10.1021/je101250d"",""10.1021/je200820v"",""10.1021/je200840e"",""10.1021/je201284y"",""10.1021/je501106d"",""10.1021/je7007523""]","[""rdr250199#csvline7676"",""rdr250199#csvline7677"",""rdr250199#csvline7678"",""rdr250199#csvline7679"",""rdr250199#csvline7685"",""rdr250199#csvline7686"",""rdr250199#csvline7689""]"
"InChI=1S/C7H16O/c1-2-3-4-5-6-7-8/h8H,2-7H2,1H3",BBMCTIGTTCKYKF-UHFFFAOYSA-N,heptan-1-ol,51,3,48,40,283.4,398.15,114.75,11,18,True,True,2,11,1,1,0,False,False,"[""10.1016/j.fluid.2010.06.019"",""10.1021/je049561m"",""10.1021/je049600u""]","[""rdr250199#csvline7784""]"
"InChI=1S/C7H16O/c1-3-4-5-6-7(2)8/h7-8H,3-6H2,1-2H3",CETWDUZRCINIHU-UHFFFAOYSA-N,2-heptanol,25,1,25,25,274.9,312.2,37.30000000000001,6,9,True,True,1,4,0,0,0,False,False,"[""10.1016/j.jct.2006.10.007""]",[]
"InChI=1S/C7H16O/c1-3-5-7(8)6-4-2/h7-8H,3-6H2,1-2H3",YVBCULSIZWMTFY-UHFFFAOYSA-N,4-heptanol,33,2,32,30,275.3,320.38,45.079999999999984,5,8,True,True,1,6,0,0,0,False,False,"[""10.1016/j.jct.2006.10.007"",""10.1021/acs.jced.6b00576""]",[]
"InChI=1S/C7H16O/c1-4-5-6-7(2,3)8/h8H,4-6H2,1-3H3",KRIMXCDMVRMCTC-UHFFFAOYSA-N,2-methyl-2-hexanol,14,1,14,13,274.4,306.2,31.80000000000001,4,5,True,True,1,2,0,0,0,False,False,"[""10.1021/je049561m""]",[]
"InChI=1S/C7H16O/c1-4-7(8)5-6(2)3/h6-8H,4-5H2,1-3H3",RGCZULIFYUPTAR-UHFFFAOYSA-N,5-methyl-3-hexanol,13,1,13,13,275.2,311.2,36.0,4,4,True,True,1,1,0,0,0,False,False,"[""10.1021/je049561m""]",[]
"InChI=1S/C7H16O/c1-4-7(8,5-2)6-3/h8H,4-6H2,1-3H3",XKIRHOWVQWCYBT-UHFFFAOYSA-N,3-ethyl-3-pentanol,13,1,13,13,275.3,311.2,35.89999999999998,4,4,True,True,1,3,0,0,0,False,False,"[""10.1021/je049561m""]",[]
"InChI=1S/C7H16O/c1-5-7(3,4)8-6-2/h5-6H2,1-4H3",KFRVYYGHSPLXSZ-UHFFFAOYSA-N,"1,1-dimethylpropyl ethyl ether",14,3,13,13,274.2,324.31,50.110000000000014,1,7,True,False,0,4,1,1,0,False,False,"[""10.1021/je0255980"",""10.1021/je300670n"",""10.1021/je301238f""]","[""rdr250199#csvline7767""]"
"InChI=1S/C7H16O2/c1-4-8-6-9-5-7(2)3/h7H,4-6H2,1-3H3",QESKZLDEMUWERV-UHFFFAOYSA-N,1-(ethoxymethoxy)-2-methylpropane,3,1,3,3,320.54,344.53,23.989999999999952,1,1,False,False,0,1,0,0,0,False,False,"[""10.1021/acs.jced.7b00377""]",[]
"InChI=1S/C7H16O3/c1-4-8-7(9-5-2)10-6-3/h7H,4-6H2,1-3H3",GKASDNZWUGIAMG-UHFFFAOYSA-N,ethyl orthomethanoate,7,1,7,6,329.02,370.08,41.06,4,1,True,False,0,4,1,0,0,False,False,"[""10.1016/j.jct.2004.07.023""]","[""rdr250199#csvline7841""]"
"InChI=1S/C7H17N/c1-2-3-4-5-6-7-8/h2-8H2,1H3",WJYIASZWHGOTOU-UHFFFAOYSA-N,1-heptanamine,14,1,14,14,280.2,306.2,26.0,4,4,False,False,0,9,1,1,0,False,False,"[""10.1021/je400212t""]","[""rdr250199#csvline7867""]"
"InChI=1S/C7H17N3/c1-9-4-6-10(3-2-8)7-5-9/h2-8H2,1H3",GOWUDHPKGOIDIX-UHFFFAOYSA-N,1-(2-aminoethyl)-4-methyl-piperazine,17,1,16,16,297.8,331.8,34.0,3,6,True,True,1,1,0,0,0,False,False,"[""10.1016/j.jct.2009.09.003""]",[]
"InChI=1S/C7H18N2/c1-3-9(4-2)7-5-6-8/h3-8H2,1-2H3",QOHMWDJIBGVPIF-UHFFFAOYSA-N,"N,N-diethylpropane-1,3-diamine",68,4,46,29,263.16,363.2,100.03999999999996,3,13,True,True,2,6,0,0,0,False,False,"[""10.1016/j.jct.2008.01.012"",""10.1016/j.jct.2010.01.016"",""10.1016/j.jct.2011.11.004"",""10.1016/j.jct.2015.08.023""]",[]
"InChI=1S/C7H18N2/c1-8(2)6-5-7-9(3)4/h5-7H2,1-4H3",DMQSHEKGGUOYJS-UHFFFAOYSA-N,"N,N,N',N'-tetramethyl-1,3-propanediamine",32,1,25,24,273.5,323.1,49.60000000000002,4,13,True,True,1,2,0,0,0,False,False,"[""10.1016/j.jct.2011.11.004""]",[]
InChI=1S/C7H18N2/c8-6-4-2-1-3-5-7-9/h1-9H2,PWSKHLMYTZNYKO-UHFFFAOYSA-N,"1,7-diaminoheptane",47,2,31,30,300.99,358,57.00999999999999,9,13,True,True,1,3,0,0,0,False,False,"[""10.1016/j.fluid.2014.03.013"",""10.1016/j.jct.2011.06.008""]",[]
"InChI=1S/C7H18N2O/c1-8(2)4-5-9(3)6-7-10/h10H,4-7H2,1-3H3",LSYBWANTZYUTGJ-UHFFFAOYSA-N,2-{[2-(dimethylamino)ethyl](methyl)amino}ethanol,31,1,31,31,293.4,353.2,59.80000000000001,9,10,True,True,1,2,0,0,0,False,False,"[""10.1021/je2002489""]",[]
"InChI=1S/C7H19N3/c1-10(6-2-4-8)7-3-5-9/h2-9H2,1H3",KMBPCQSCMCEPMU-UHFFFAOYSA-N,"N-(3-aminopropyl)-N-methyl-1,3-propanediamine",29,1,21,16,293.22,441.9,148.67999999999995,5,5,True,True,1,0,0,0,0,False,False,"[""10.1016/j.jct.2018.08.025""]",[]
"InChI=1S/C7H3F13O/c8-2(9,1-21)3(10,11)4(12,13)5(14,15)6(16,17)7(18,19)20/h21H,1H2",STLNAVFVCIRZLL-UHFFFAOYSA-N,"2,2,3,3,4,4,5,5,6,6,7,7,7-tridecafluoro-1-heptanol",18,1,18,18,275.55,317.87,42.31999999999999,6,6,True,True,1,0,0,0,0,False,False,"[""10.1016/j.jct.2012.03.027""]",[]
"InChI=1S/C7H4N2O6/c10-7(11)5-2-1-4(8(12)13)3-6(5)9(14)15/h1-3H,(H,10,11)",ZIIGSRYPZWDGBT-UHFFFAOYSA-N,"2,4-dinitrobenzoic acid",8,1,8,5,494.35,495.85,1.5,2,3,False,False,0,2,0,0,0,True,False,"[""10.1016/j.jct.2009.02.008""]",[]
"InChI=1S/C7H6Cl2/c1-5-6(8)3-2-4-7(5)9/h2-4H,1H3",DMEDNTFWIHCBRK-UHFFFAOYSA-N,"1,3-dichloro-2-methylbenzene",13,1,13,13,274.2,305.3,31.100000000000023,4,5,True,True,1,1,0,0,0,False,False,"[""10.1016/j.fluid.2014.07.029""]",[]
"InChI=1S/C7H6FNO/c8-6-3-1-2-5(4-6)7(9)10/h1-4H,(H2,9,10)",YPIGHNIIXYSPKF-UHFFFAOYSA-N,3-fluorobenzamide,11,1,11,11,382.58,432,49.420000000000016,3,3,True,True,1,1,0,0,0,False,False,"[""10.1021/je100801s""]",[]
"InChI=1S/C7H6FNO/c8-6-3-1-5(2-4-6)7(9)10/h1-4H,(H2,9,10)",VNDHYTGVCGVETQ-UHFFFAOYSA-N,4-fluorobenzamide,15,1,15,15,410.2,437.82,27.620000000000005,5,5,False,False,0,1,0,0,0,False,False,"[""10.1021/je100801s""]",[]
"InChI=1S/C7H6FNO/c8-6-4-2-1-3-5(6)7(9)10/h1-4H,(H2,9,10)",KGGHWIKBOIQEAJ-UHFFFAOYSA-N,o-fluorobenzamide,17,1,17,17,358.65,412.16,53.51000000000005,7,5,True,True,1,1,0,0,0,False,False,"[""10.1021/je100801s""]",[]
InChI=1S/C7H6O/c8-6-7-4-2-1-3-5-7/h1-6H,HUMNYLRZRPPJDN-UHFFFAOYSA-N,benzaldehyde,11,2,11,11,278.4,396.65,118.25,2,9,True,False,1,12,0,0,0,False,False,"[""10.1016/j.fluid.2013.12.002"",""10.1021/je060406c""]",[]
"InChI=1S/C7H6O2/c1-5-4-6(8)2-3-7(5)9/h2-4H,1H3",VTWDKFNVVLAELH-UHFFFAOYSA-N,"2,5-cyclohexadiene-1,4-dione, 2-methyl",7,1,7,7,343.2,363.1,19.900000000000034,2,2,False,False,0,1,0,0,0,False,False,"[""10.1021/acs.jced.7b00354""]",[]
"InChI=1S/C7H6O3S/c1-4(8)5-2-3-6(11-5)7(9)10/h2-3H,1H3,(H,9,10)",LIKIMWYKJUFVJP-UHFFFAOYSA-N,5-acetyl-2-thiophenecarboxylic acid,2,1,1,1,386.17,386.17,0.0,1,1,False,False,0,0,0,0,0,True,False,"[""10.1016/j.jct.2008.04.013""]",[]
"InChI=1S/C7H7Br/c1-6-2-4-7(8)5-3-6/h2-5H,1H3",ZBTMRBYMKUEVEU-UHFFFAOYSA-N,4-bromotoluene,17,1,17,17,301.9,335.3,33.400000000000034,5,5,True,True,1,5,0,0,0,False,False,"[""10.1021/je500784s""]",[]
"InChI=1S/C7H7Br/c1-6-3-2-4-7(8)5-6/h2-5H,1H3",WJIFKOVZNJTSGO-UHFFFAOYSA-N,1-bromo-3-methylbenzene,27,1,24,22,274.2,308.2,34.0,6,9,True,True,1,5,0,0,0,False,False,"[""10.1021/je500784s""]",[]
"InChI=1S/C7H7Br/c1-6-4-2-3-5-7(6)8/h2-5H,1H3",QSSXJPIWXQTSIX-UHFFFAOYSA-N,2-bromotoluene,21,1,12,12,281.2,313.1,31.900000000000034,3,5,True,True,1,6,0,0,0,False,False,"[""10.1021/je500784s""]",[]
"InChI=1S/C7H7Cl/c1-6-2-4-7(8)5-3-6/h2-5H,1H3",NPDACUSDTOMAMK-UHFFFAOYSA-N,4-chlorotoluene,17,1,14,14,274.3,309.2,34.89999999999998,4,5,True,True,1,9,1,1,0,False,False,"[""10.1016/j.fluid.2014.07.029""]","[""rdr250199#csvline6798""]"
"InChI=1S/C7H7Cl/c1-6-3-2-4-7(8)5-6/h2-5H,1H3",OSOUNOBYRMOXQQ-UHFFFAOYSA-N,3-chlorotoluene,14,1,13,13,274.2,309.2,35.0,4,4,True,True,1,5,0,0,0,False,False,"[""10.1016/j.fluid.2014.07.029""]",[]
"InChI=1S/C7H7Cl/c1-6-4-2-3-5-7(6)8/h2-5H,1H3",IBSQPLPBRSHTTG-UHFFFAOYSA-N,2-chlorotoluene,14,1,12,12,274.2,306.2,32.0,4,4,True,True,1,9,1,1,0,False,False,"[""10.1016/j.fluid.2014.07.029""]","[""rdr250199#csvline6784""]"
"InChI=1S/C7H7F9O/c8-4(9,2-1-3-17)5(10,11)6(12,13)7(14,15)16/h17H,1-3H2",OVBNEUIFHDEQHD-UHFFFAOYSA-N,"4,4,5,5,6,6,7,7,7-nonafluoro-1-heptanol",4,1,4,4,273.15,309.15,36.0,1,2,False,False,0,5,0,0,0,False,False,"[""10.1021/je400205g""]",[]
"InChI=1S/C7H7I/c1-6-2-4-7(8)5-3-6/h2-5H,1H3",UDHAWRUAECEBHC-UHFFFAOYSA-N,4-iodotoluene,7,1,7,7,308,332.9,24.899999999999977,2,3,False,False,0,2,0,0,0,False,False,"[""10.1021/je500784s""]",[]
"InChI=1S/C7H7I/c1-6-3-2-4-7(8)5-6/h2-5H,1H3",VLCPISYURGTGLP-UHFFFAOYSA-N,1-iodo-3-methylbenzene,16,1,13,11,275.7,313.1,37.400000000000034,3,5,True,True,1,2,0,0,0,False,False,"[""10.1021/je500784s""]",[]
"InChI=1S/C7H7I/c1-6-4-2-3-5-7(6)8/h2-5H,1H3",RINOYHWVBUKAQE-UHFFFAOYSA-N,1-iodo-2-methylbenzene,12,1,12,12,283.2,325.1,41.900000000000034,5,3,True,True,1,3,0,0,0,False,False,"[""10.1021/je500784s""]",[]
"InChI=1S/C7H7N3S/c8-10-9-6-11-7-4-2-1-3-5-7/h1-5H,6H2",KIQGRMGPIMCXSC-UHFFFAOYSA-N,azidomethyl phenyl sulfide,8,1,8,8,299.6,324.2,24.599999999999966,2,2,False,False,0,0,0,0,0,False,False,"[""10.1016/j.jct.2011.05.028""]",[]
"InChI=1S/C7H7NO/c8-7(9)6-4-2-1-3-5-6/h1-5H,(H2,8,9)",KXDAEFPNCMNJSK-UHFFFAOYSA-N,benzamide,30,1,30,30,380.43,438.2,57.76999999999998,9,9,True,True,1,2,0,0,0,False,False,"[""10.1021/je100175j""]",[]
"InChI=1S/C7H7NO2/c1-10-7(9)6-2-4-8-5-3-6/h2-5H,1H3",OLXYLDUSSBULGU-UHFFFAOYSA-N,methyl 4-pyridinecarboxylate,40,1,27,20,273.26,320.52,47.25999999999999,6,6,True,True,1,2,1,1,0,False,False,"[""10.1021/je060472e""]","[""rdr250199#csvline6883""]"
"InChI=1S/C7H7NO2/c1-10-7(9)6-3-2-4-8-5-6/h2-5H,1H3",YNBADRVTZLEFNH-UHFFFAOYSA-N,3-pyridinecarboxylic acid methyl ester,28,1,21,14,298.145,324.06,25.91500000000002,6,3,False,False,0,1,0,0,0,False,False,"[""10.1021/je060472e""]",[]
"InChI=1S/C7H7NO2/c1-10-7(9)6-4-2-3-5-8-6/h2-5H,1H3",NMMIHXMBOZYNET-UHFFFAOYSA-N,methyl 2-pyridinecarboxylate,24,1,19,13,283.155,340.47,57.315000000000055,4,4,True,True,1,2,1,1,0,False,False,"[""10.1021/je060472e""]","[""rdr250199#csvline6880""]"
"InChI=1S/C7H7NO2/c1-6-2-4-7(5-3-6)8(9)10/h2-5H,1H3",ZPTVNYMJQHSSEA-UHFFFAOYSA-N,1-methyl-4-nitrobenzene,29,1,23,19,326.2,367.9,41.69999999999999,3,8,True,True,1,21,0,0,0,False,False,"[""10.1016/j.jct.2017.03.029""]",[]
"InChI=1S/C7H7NO2/c1-6-3-2-4-7(5-6)8(9)10/h2-5H,1H3",QZYHIOPPLUPUJF-UHFFFAOYSA-N,3-nitrotoluene,37,2,26,20,290.6,338,47.39999999999998,3,8,True,True,1,16,0,0,0,False,False,"[""10.1016/j.jct.2017.03.029"",""10.1021/je900293j""]",[]
"InChI=1S/C7H7NO2/c1-6-4-2-3-5-7(6)8(9)10/h2-5H,1H3",PLAZTCDQAHEYBI-UHFFFAOYSA-N,2-nitrotoluene,23,2,18,11,278.35,323,44.64999999999998,3,4,True,True,1,19,0,0,0,False,False,"[""10.1016/j.jct.2017.03.029"",""10.1021/je900293j""]",[]
"InChI=1S/C7H8/c1-7-5-3-2-4-6-7/h2-6H,1H3",YXFVVABEGXRONW-UHFFFAOYSA-N,toluene,111,25,57,39,253.83,335.25,81.41999999999999,19,6,True,True,5,27,5,1,0,False,False,"[""10.1016/j.fluid.2005.05.003"",""10.1016/j.fluid.2005.11.016"",""10.1016/j.fluid.2005.11.026"",""10.1016/j.fluid.2007.03.017"",""10.1016/j.fluid.2009.09.024"",""10.1016/j.fluid.2012.01.008"",""10.1016/j.fluid.2014.03.003"",""10.1016/j.fluid.2014.11.010"",""10.1016/j.fluid.2015.03.033"",""10.1016/j.fluid.2016.05.032"",""10.1016/j.fluid.2017.04.014"",""10.1016/j.jct.2004.01.001"",""10.1016/j.jct.2008.09.020"",""10.1016/j.tca.2019.178413"",""10.1021/acs.jced.5b00760"",""10.1021/acs.jced.7b00236"",""10.1021/acs.jced.7b00599"",""10.1021/je049867t"",""10.1021/je050316s"",""10.1021/je0602115"",""10.1021/je200655s"",""10.1021/je200840e"",""10.1021/je201284y"",""10.1021/je400510j"",""10.1021/je800888n""]","[""rdr250199#csvline6908"",""rdr250199#csvline6909"",""rdr250199#csvline6910"",""rdr250199#csvline6911"",""rdr250199#csvline6924""]"
"InChI=1S/C7H8O/c1-6-2-4-7(8)5-3-6/h2-5,8H,1H3",IWDCLRJOBJJRNH-UHFFFAOYSA-N,4-methylphenol,1,1,1,1,421.95,421.95,0.0,1,1,False,False,0,7,0,0,0,False,False,"[""10.1016/j.jct.2018.09.002""]",[]
"InChI=1S/C7H8O/c1-6-3-2-4-7(8)5-6/h2-5,8H,1H3",RLSSMJSEOOYNOY-UHFFFAOYSA-N,3-methylphenol,4,3,3,2,422.20500000000004,422.28,0.07499999999993179,1,1,False,False,0,12,1,0,0,False,False,"[""10.1016/j.fluid.2017.12.011"",""10.1016/j.jct.2018.09.002"",""10.1021/acs.jced.7b00827""]","[""rdr250199#csvline6972""]"
"InChI=1S/C7H8O/c1-6-4-2-3-5-7(6)8/h2-5,8H,1H3",QWVGKYWNOKOFNN-UHFFFAOYSA-N,2-methylphenol,1,1,1,1,411.26,411.26,0.0,1,1,False,False,0,7,0,0,0,False,False,"[""10.1016/j.fluid.2017.12.011""]",[]
"InChI=1S/C7H8O/c1-8-7-5-3-2-4-6-7/h2-6H,1H3",RDOXTESZEPMUJZ-UHFFFAOYSA-N,anisole,24,2,19,19,278.3,323.6,45.30000000000001,5,5,True,True,1,17,6,2,0,False,False,"[""10.1016/j.tca.2019.178413"",""10.1021/je0497799""]","[""rdr250199#csvline6936"",""rdr250199#csvline6945"",""rdr250199#csvline6947"",""rdr250199#csvline6948"",""rdr250199#csvline6949"",""rdr250199#csvline6950""]"
"InChI=1S/C7H8O/c8-6-7-4-2-1-3-5-7/h1-5,8H,6H2",WVDDGKGOMKODPV-UHFFFAOYSA-N,benzenemethanol,32,2,32,32,282.2,323.6,41.400000000000034,9,9,True,True,2,12,0,0,0,False,False,"[""10.1021/je0497799"",""10.1021/je049823k""]",[]
"InChI=1S/C7H8O2/c1-9-7-5-3-2-4-6(7)8/h2-5,8H,1H3",LHGVFZTZFXWLCP-UHFFFAOYSA-N,2-methoxyphenol,4,1,4,4,373.15,413.15,40.0,1,2,False,False,0,7,1,0,1,False,False,"[""10.1021/je0302349""]","[""rdr250199#csvline7003""]"
"InChI=1S/C7H9N/c1-6-3-7(2)5-8-4-6/h3-5H,1-2H3",HWWYDZCSSYKIAD-UHFFFAOYSA-N,"3,5-dimethylpyridine",19,2,19,19,263.15,353.63,90.48000000000002,6,5,True,True,2,13,3,2,0,False,False,"[""10.1016/j.fluid.2005.11.016"",""10.1016/j.fluid.2014.04.004""]","[""rdr250199#csvline7118"",""rdr250199#csvline7119"",""rdr250199#csvline7120""]"
"InChI=1S/C7H9N/c1-6-4-2-3-5-7(6)8/h2-5H,8H2,1H3",RNVCVTLRINQCPJ-UHFFFAOYSA-N,2-methylaniline,3,2,2,2,298.15,308.15,10.0,1,1,False,False,0,11,0,0,0,False,False,"[""10.1016/j.tca.2010.07.027"",""10.1021/je1005196""]",[]
"InChI=1S/C7H9N/c1-6-4-3-5-7(2)8-6/h3-5H,1-2H3",OISVCGZHLKNMSJ-UHFFFAOYSA-N,"2,6-dimethylpyridine",20,2,20,16,263.15,353.145,89.995,3,5,True,True,2,16,3,2,0,False,False,"[""10.1016/j.fluid.2005.11.016"",""10.1016/j.fluid.2014.04.004""]","[""rdr250199#csvline7095"",""rdr250199#csvline7096"",""rdr250199#csvline7097""]"
"InChI=1S/C7H9N/c1-8-7-5-3-2-4-6-7/h2-6,8H,1H3",AFBPFSWMIHJQDM-UHFFFAOYSA-N,N-methylaniline,3,2,2,2,298.15,308.15,10.0,1,1,False,False,0,8,2,0,0,False,False,"[""10.1016/j.tca.2010.07.027"",""10.1021/je1005196""]","[""rdr250199#csvline7132"",""rdr250199#csvline7133""]"
"InChI=1S/C7H9N/c8-6-7-4-2-1-3-5-7/h1-5H,6,8H2",WGQKYBSKWIADBV-UHFFFAOYSA-N,benzylamine,54,2,43,39,275.5,362.67,87.17000000000002,3,20,True,True,2,9,0,0,0,False,False,"[""10.1021/je400212t"",""10.1021/je800603z""]",[]
"InChI=1S/C8BrF17/c9-7(22,23)5(18,19)3(14,15)1(10,11)2(12,13)4(16,17)6(20,21)8(24,25)26",WTWWXOGTJWMJHI-UHFFFAOYSA-N,1-bromoperfluorooctane,10,1,10,10,288.22,332.78,44.559999999999945,3,3,True,True,1,1,0,0,0,False,False,"[""10.1021/je050056e""]",[]
"InChI=1S/C8F18/c9-1(10,3(13,14)5(17,18)7(21,22)23)2(11,12)4(15,16)6(19,20)8(24,25)26",YVBBRRALBYAZBM-UHFFFAOYSA-N,octadecafluorooctane,20,4,19,19,277.72,332.87,55.14999999999998,8,5,True,True,1,5,1,1,0,False,False,"[""10.1016/j.fluid.2013.01.017"",""10.1016/j.fluid.2015.07.054"",""10.1016/j.fluid.2018.12.005"",""10.1021/acs.jced.6b00409""]","[""rdr250199#csvline7909""]"
"InChI=1S/C8H10/c1-2-8-6-4-3-5-7-8/h3-7H,2H2,1H3",YNQLUTRBYVCPMQ-UHFFFAOYSA-N,ethylbenzene,31,4,30,27,305.49,357.69,52.19999999999999,11,6,True,True,3,19,10,4,0,False,False,"[""10.1016/j.fluid.2014.03.003"",""10.1016/j.fluid.2016.05.032"",""10.1021/je050523s"",""10.1021/je200098d""]","[""rdr250199#csvline8293"",""rdr250199#csvline8294"",""rdr250199#csvline8295"",""rdr250199#csvline8296"",""rdr250199#csvline8297"",""rdr250199#csvline8298"",""rdr250199#csvline8299"",""rdr250199#csvline8300"",""rdr250199#csvline8301"",""rdr250199#csvline8303""]"
"InChI=1S/C8H10/c1-7-3-5-8(2)6-4-7/h3-6H,1-2H3",URLKBWYHVLBVBO-UHFFFAOYSA-N,"1,4-dimethylbenzene",25,6,22,22,298.15,359.49,61.34000000000003,13,4,True,True,2,26,10,1,0,False,False,"[""10.1016/j.fluid.2009.12.002"",""10.1016/j.fluid.2013.10.012"",""10.1016/j.fluid.2014.03.003"",""10.1016/j.fluid.2016.05.032"",""10.1016/j.jct.2004.01.001"",""10.1021/je050523s""]","[""rdr250199#csvline8268"",""rdr250199#csvline8269"",""rdr250199#csvline8270"",""rdr250199#csvline8273"",""rdr250199#csvline8274"",""rdr250199#csvline8275"",""rdr250199#csvline8276"",""rdr250199#csvline8277"",""rdr250199#csvline8278"",""rdr250199#csvline8284""]"
"InChI=1S/C8H10/c1-7-4-3-5-8(2)6-7/h3-6H,1-2H3",IVSZLXZYQVIEFR-UHFFFAOYSA-N,"1,3-dimethylbenzene",39,8,34,31,263.75,360.42,96.67000000000002,16,3,True,True,2,13,1,1,0,False,False,"[""10.1016/j.fluid.2007.03.017"",""10.1016/j.fluid.2009.09.024"",""10.1016/j.fluid.2009.12.002"",""10.1016/j.fluid.2013.10.012"",""10.1016/j.fluid.2014.03.003"",""10.1016/j.fluid.2016.05.032"",""10.1016/j.jct.2004.01.001"",""10.1021/je050523s""]","[""rdr250199#csvline8257""]"
"InChI=1S/C8H10/c1-7-5-3-4-6-8(7)2/h3-6H,1-2H3",CTQNGGLPUBDAKN-UHFFFAOYSA-N,"1,2-dimethylbenzene",30,9,22,21,298.15,365.15,67.0,13,3,True,True,0,12,1,0,0,False,False,"[""10.1016/j.fluid.2009.09.024"",""10.1016/j.fluid.2009.12.002"",""10.1016/j.fluid.2013.10.012"",""10.1016/j.fluid.2014.03.003"",""10.1016/j.fluid.2016.05.032"",""10.1016/j.jct.2004.01.001"",""10.1016/j.tca.2015.04.011"",""10.1021/je050523s"",""10.1021/je100019r""]","[""rdr250199#csvline8244""]"
"InChI=1S/C8H10O/c1-6-4-3-5-7(2)8(6)9/h3-5,9H,1-2H3",NXXYKOUNUYWIHA-UHFFFAOYSA-N,"2,6-dimethylphenol",2,2,2,1,418.15999999999997,418.15999999999997,0.0,1,1,False,False,0,3,0,0,0,False,False,"[""10.1016/j.fluid.2017.12.011"",""10.1021/acs.jced.7b00827""]",[]
"InChI=1S/C8H10O/c1-7(9)8-5-3-2-4-6-8/h2-7,9H,1H3",WAPNOHKVXSQRPX-UHFFFAOYSA-N,1-phenylethanol,37,2,28,27,293.15,398.01,104.86000000000001,8,8,True,True,2,4,0,0,0,False,False,"[""10.1021/je025566c"",""10.1021/je060157s""]",[]
"InChI=1S/C8H10O/c1-7-3-5-8(9-2)6-4-7/h3-6H,1-2H3",CHLICZRVGGXEOD-UHFFFAOYSA-N,1-methoxy-4-methylbenzene,21,1,20,19,275.2,308,32.80000000000001,6,6,True,True,1,2,0,0,0,False,False,"[""10.1016/j.jct.2015.02.001""]",[]
"InChI=1S/C8H10O/c1-7-4-3-5-8(6-7)9-2/h3-6H,1-2H3",OSIGJGFTADMDOB-UHFFFAOYSA-N,1-methoxy-3-methylbenzene,13,1,13,13,276.7,312.2,35.5,5,4,True,True,1,1,0,0,0,False,False,"[""10.1016/j.jct.2015.02.001""]",[]
"InChI=1S/C8H10O/c1-7-5-3-4-6-8(7)9-2/h3-6H,1-2H3",DTFKRVXLBCAIOZ-UHFFFAOYSA-N,1-methoxy-2-methylbenzene,16,1,15,15,275.8,308,32.19999999999999,4,5,True,True,1,2,0,0,0,False,False,"[""10.1016/j.jct.2015.02.001""]",[]
"InChI=1S/C8H10O/c9-7-6-8-4-2-1-3-5-8/h1-5,9H,6-7H2",WRMNZCZEMHIOCP-UHFFFAOYSA-N,2-phenylethanol,21,1,20,19,287.8,363.3,75.5,5,7,True,True,1,8,0,0,0,False,False,"[""10.1021/je060406c""]",[]
"InChI=1S/C8H10O2/c1-2-10-8-6-4-3-5-7(8)9/h3-6,9H,2H2,1H3",MOEFFSWKSMRFRQ-UHFFFAOYSA-N,2-ethoxyphenol,11,1,11,11,380.221,428.48,48.259000000000015,4,4,True,True,1,5,0,0,0,False,False,"[""10.1021/je300784x""]",[]
"InChI=1S/C8H10O2/c1-9-7-5-3-4-6-8(7)10-2/h3-6H,1-2H3",ABDKAPXRBAPSQN-UHFFFAOYSA-N,"1,2-dimethoxybenzene",4,1,4,4,373.15,413.15,40.0,1,2,False,False,0,5,1,0,0,False,False,"[""10.1021/je0302349""]","[""rdr250199#csvline8386""]"
"InChI=1S/C8H11N/c1-7(9)8-5-3-2-4-6-8/h2-7H,9H2,1H3",RQEUFEKYXDPUSK-UHFFFAOYSA-N,1-phenylethanamine,28,2,27,26,283.6,402.81,119.20999999999998,14,10,True,True,2,9,3,3,0,False,False,"[""10.1021/je0499059"",""10.1021/je400212t""]","[""rdr250199#csvline8446"",""rdr250199#csvline8447"",""rdr250199#csvline8448""]"
"InChI=1S/C8H11N/c1-9(2)8-6-4-3-5-7-8/h3-7H,1-2H3",JLTDJTHDQAWBAV-UHFFFAOYSA-N,"N,N-dimethylaniline",2,1,2,2,373.7,384.96,11.259999999999991,1,1,False,False,0,4,1,0,0,False,False,"[""10.1021/je101180r""]","[""rdr250199#csvline8422""]"
"InChI=1S/C8H11N/c9-7-6-8-4-2-1-3-5-8/h1-5H,6-7,9H2",BHHGXPLMPWCGHP-UHFFFAOYSA-N,2-phenylethylamine,40,2,35,31,273.26,351.79,78.53000000000003,3,7,True,True,2,5,0,0,0,False,False,"[""10.1021/je400212t"",""10.1021/je800603z""]",[]
"InChI=1S/C8H12N2O3/c1-3-9-6(11)5-7(12)10(4-2)8(9)13/h3-5H2,1-2H3",XUCMDLYIYOXEBF-UHFFFAOYSA-N,"1,3-diethylbarbituric acid",11,1,11,11,328.9,380.7,51.80000000000001,4,3,True,True,1,1,0,0,0,True,False,"[""10.1016/j.jct.2014.06.001""]",[]
"InChI=1S/C8H14N2/c1-2-3-4-6-10-7-5-9-8-10/h5,7-8H,2-4,6H2,1H3",UPYVYJSWGZMBOU-UHFFFAOYSA-N,1-pentylimidazole,16,1,16,16,308.2,366.3,58.10000000000002,7,4,True,True,1,1,0,0,0,False,False,"[""10.1016/j.jct.2011.05.004""]",[]
"InChI=1S/C8H14N2/c1-3-4-6-10-7-5-9-8(10)2/h5,7H,3-4,6H2,1-2H3",WHLZPGRDRYCVRQ-UHFFFAOYSA-N,1-butyl-2-methyl-1H-imidazole,26,1,24,24,293.6,343,49.39999999999998,7,7,True,True,1,1,0,0,0,False,False,"[""10.1021/je200336c""]",[]
"InChI=1S/C8H14O/c1-7(2)5-4-6-8(3)9/h5H,4,6H2,1-3H3",UHEPJGULSIKKTP-UHFFFAOYSA-N,6-methyl-5-hepten-2-one,53,1,52,23,283.86,327.32,43.45999999999998,8,7,True,True,1,5,0,0,0,False,False,"[""10.1016/j.fluid.2014.11.026""]",[]
"InChI=1S/C8H14O2/c1-2-4-7-5-3-6-8(9)10-7/h7H,2-6H2,1H3",FYTRVXSHONWYNE-UHFFFAOYSA-N,"2H-pyran-2-one, tetrahydro-6-propyl-",17,1,17,17,293.2,353.1,59.900000000000034,5,6,True,True,1,0,0,0,0,False,False,"[""10.1016/j.jct.2006.06.010""]",[]
"InChI=1S/C8H14O2/c1-7(9)10-8-5-3-2-4-6-8/h8H,2-6H2,1H3",YYLLIJHXUHJATK-UHFFFAOYSA-N,cyclohexyl ethanoate,29,1,27,27,253.47,318.2,64.72999999999999,7,4,True,True,1,7,1,1,1,False,False,"[""10.1021/je025634v""]","[""rdr250199#csvline8559""]"
"InChI=1S/C8H14O4/c1-11-7(9)5-3-4-6-8(10)12-2/h3-6H2,1-2H3",UDSFAEKRVUSQDD-UHFFFAOYSA-N,"dimethyl 1,6-hexanedioate",73,5,67,61,293.2,450.08,156.88,11,36,True,True,3,6,0,0,0,False,False,"[""10.1016/j.jct.2019.02.006"",""10.1021/acs.jced.9b00306"",""10.1021/je050334+"",""10.1021/je0602418"",""10.1021/je700027n""]",[]
"InChI=1S/C8H14O4/c1-3-11-7(9)5-6-8(10)12-4-2/h3-6H2,1-2H3",DKMROQRQHGEIOW-UHFFFAOYSA-N,diethyl butanedioate,26,2,25,25,290.2,437.53,147.32999999999998,3,17,True,True,1,9,0,0,0,False,False,"[""10.1021/je100231g"",""10.1021/je100803e""]",[]
"InChI=1S/C8H14O4/c1-3-5-11-7(9)8(10)12-6-4-2/h3-6H2,1-2H3",HZHMMLIMOUNKCK-UHFFFAOYSA-N,di-n-propyl oxalate,15,1,15,15,293.6,333.5,39.89999999999998,5,3,True,True,1,1,0,0,0,False,False,"[""10.1021/je100231g""]",[]
"InChI=1S/C8H14O4/c1-4-11-7(9)6(3)8(10)12-5-2/h6H,4-5H2,1-3H3",UPQZOUHVTJNGFK-UHFFFAOYSA-N,diethyl methylpropanedioate,5,1,5,5,373.15,413.15,40.0,2,2,False,False,0,2,0,0,0,False,False,"[""10.1021/je049627d""]",[]
"InChI=1S/C8H14O4/c1-5(2)11-7(9)8(10)12-6(3)4/h5-6H,1-4H3",ITHNIFCFNUZYLQ-UHFFFAOYSA-N,diisopropyl oxalate,18,1,18,17,287.5,330.5,43.0,6,5,True,True,1,4,0,0,0,False,False,"[""10.1016/j.fluid.2011.07.007""]",[]
"InChI=1S/C8H15N/c1-2-3-4-5-6-7-8-9/h2-7H2,1H3",YSIMAPNUZAVQER-UHFFFAOYSA-N,octanenitrile,24,2,22,20,258.15,310.2,52.05000000000001,8,5,True,True,1,8,1,1,0,False,False,"[""10.1016/j.jct.2004.08.004"",""10.1021/acs.jced.8b00699""]","[""rdr250199#csvline8620""]"
"InChI=1S/C8H16/c1-2-8-6-4-3-5-7-8/h8H,2-7H2,1H3",IIEWJVIFRVWJOD-UHFFFAOYSA-N,ethylcyclohexane,5,1,5,5,303.15,343.15,40.0,2,2,False,False,0,11,6,3,0,False,False,"[""10.1021/acs.jced.8b00125""]","[""rdr250199#csvline8692"",""rdr250199#csvline8693"",""rdr250199#csvline8694"",""rdr250199#csvline8695"",""rdr250199#csvline8696"",""rdr250199#csvline8700""]"
"InChI=1S/C8H16/c1-3-5-7-8-6-4-2/h3H,1,4-8H2,2H3",KWKAKUADMBZCLK-UHFFFAOYSA-N,oct-1-ene,1,1,1,1,328.15,328.15,0.0,1,1,False,False,0,11,6,0,0,False,False,"[""10.1021/acs.jced.7b00119""]","[""rdr250199#csvline8723"",""rdr250199#csvline8724"",""rdr250199#csvline8725"",""rdr250199#csvline8726"",""rdr250199#csvline8727"",""rdr250199#csvline8730""]"
"InChI=1S/C8H16/c1-7(2)6-8(3,4)5/h1,6H2,2-5H3",FXNDIJDIPNCZQJ-UHFFFAOYSA-N,"2,4,4-trimethyl-1-pentene",6,1,6,6,306.23,323.2,16.96999999999997,2,2,False,False,0,4,0,0,0,False,False,"[""10.1021/je060359o""]",[]
"InChI=1S/C8H16O/c1-3-4-5-6-7-8(2)9/h3-7H2,1-2H3",ZPVFWPFBNIEHGJ-UHFFFAOYSA-N,2-octanone,2,1,2,2,323.15,363.15,40.0,1,1,False,False,0,6,0,0,0,False,False,"[""10.1016/j.fluid.2008.02.021""]",[]
"InChI=1S/C8H16O2/c1-2-3-4-5-6-7-10-8-9/h8H,2-7H2,1H3",XEAMDSXSXYAICO-UHFFFAOYSA-N,heptyl methanoate,16,1,14,13,276.1,316.4,40.299999999999955,4,5,True,True,1,2,0,0,0,False,False,"[""10.1016/j.fluid.2012.08.003""]",[]
"InChI=1S/C8H16O2/c1-3-4-5-6-7-10-8(2)9/h3-7H2,1-2H3",AOGQPLXWSUTHQB-UHFFFAOYSA-N,hexyl ethanoate,13,1,13,13,274.5,309.1,34.60000000000002,4,4,True,True,1,5,0,0,0,False,False,"[""10.1016/j.jct.2005.08.003""]",[]
"InChI=1S/C8H16O2/c1-3-4-5-6-7-8(9)10-2/h3-7H2,1-2H3",XNCNNDVCAUWAIT-UHFFFAOYSA-N,methyl heptanoate,14,1,14,14,278.1,313.2,35.099999999999966,5,4,True,True,1,13,2,2,0,False,False,"[""10.1016/j.fluid.2008.02.001""]","[""rdr250199#csvline8913"",""rdr250199#csvline8914""]"
"InChI=1S/C8H16O2/c1-3-5-6-7-10-8(9)4-2/h3-7H2,1-2H3",TWSRVQVEYJNFKQ-UHFFFAOYSA-N,pentyl propanoate,16,1,16,16,274.1,328.4,54.299999999999955,6,6,True,True,1,2,0,0,0,False,False,"[""10.1016/j.fluid.2012.08.003""]",[]
"InChI=1S/C8H16O2/c1-3-5-6-7-8(9)10-4-2/h3-7H2,1-2H3",SHZIWNPUGXLXDT-UHFFFAOYSA-N,ethyl hexanoate,15,2,15,15,253.41,383.15,129.73999999999998,6,3,True,True,1,20,1,1,0,False,False,"[""10.1021/je200730m"",""10.1021/je301294a""]","[""rdr250199#csvline8888""]"
"InChI=1S/C8H16O2/c1-5-7(9)10-8(3,4)6-2/h5-6H2,1-4H3",RHSLWHLBYFOBAF-UHFFFAOYSA-N,"1,1-dimethylpropyl propanoate",15,1,15,15,273.9,310.4,36.5,4,6,True,True,1,2,0,0,0,False,False,"[""10.1016/j.fluid.2008.02.001""]",[]
"InChI=1S/C8H16O2/c1-6(2)5-10-8(9)7(3)4/h6-7H,5H2,1-4H3",RXGUIWHIADMCFC-UHFFFAOYSA-N,2-methylpropyl 2-methylpropanoate,13,1,13,13,274.2,319.2,45.0,5,4,True,True,1,3,0,0,0,False,False,"[""10.1016/j.fluid.2008.02.001""]",[]
"InChI=1S/C8H16O3/c1-3-4-5-10-6-7-11-8(2)9/h3-7H2,1-2H3",NQBXSWAWVZHKBZ-UHFFFAOYSA-N,2-butoxyethyl acetate,5,1,5,5,363.15,403.15,40.0,2,2,False,False,0,2,1,0,0,False,False,"[""10.1021/je049627d""]","[""rdr250199#csvline8926""]"
"InChI=1S/C8H16O3/c1-3-4-5-6-11-8(10)7(2)9/h7,9H,3-6H2,1-2H3",GXOHBWLPQHTYPF-UHFFFAOYSA-N,pentyl 2-hydroxypropanoate,21,1,21,21,303.4,343.2,39.80000000000001,7,6,True,True,1,2,0,0,0,False,False,"[""10.1016/j.jct.2018.07.029""]",[]
"InChI=1S/C8H16O4/c1-3-10-4-5-11-6-7-12-8(2)9/h3-7H2,1-2H3",FPZWZCWUIYYYBU-UHFFFAOYSA-N,2-(2-ethoxyethoxy)ethyl acetate,7,1,7,7,363.15,423.15,60.0,2,2,True,False,0,1,0,0,0,False,False,"[""10.1021/je049627d""]",[]
"InChI=1S/C8H17Cl/c1-3-5-6-8(4-2)7-9/h8H,3-7H2,1-2H3",WLVCBAMXYMWGLJ-UHFFFAOYSA-N,1-chloro-2-ethylhexane,3,1,3,3,371.05,385.85,14.800000000000011,1,2,False,False,0,0,0,0,0,False,False,"[""10.1021/je300848z""]",[]
"InChI=1S/C8H17N/c1-2-4-6-8-9-7-5-3-1/h9H,1-8H2",NRHDCQLCSOWVTF-UHFFFAOYSA-N,octamethylenimine,11,1,11,11,274.6,323.4,48.799999999999955,4,4,True,True,1,1,0,0,0,False,False,"[""10.1016/j.tca.2018.07.016""]",[]
"InChI=1S/C8H17N/c1-9(2)8-6-4-3-5-7-8/h8H,3-7H2,1-2H3",SVYKKECYCPFKGB-UHFFFAOYSA-N,"N,N-dimethylcyclohexylamine",16,1,15,14,275.35,314.3,38.94999999999999,4,4,True,True,1,2,0,0,0,False,False,"[""10.1016/j.tca.2015.03.016""]",[]
"InChI=1S/C8H17N3/c1-2-3-4-5-6-7-8-10-11-9/h2-8H2,1H3",RXAHCVNYRABXLO-UHFFFAOYSA-N,1-azidooctane,22,1,19,19,276.2,325.8,49.60000000000002,6,5,True,True,1,1,0,0,0,False,False,"[""10.1016/j.tca.2014.10.015""]",[]
"InChI=1S/C8H18/c1-3-5-7-8-6-4-2/h3-8H2,1-2H3",TVMXDCGIABBOFY-UHFFFAOYSA-N,octane,3,2,3,3,333.15,348.15,15.0,1,1,False,False,0,22,10,1,0,False,False,"[""10.1016/j.fluid.2005.05.003"",""10.1021/je025631i""]","[""rdr250199#csvline9027"",""rdr250199#csvline9028"",""rdr250199#csvline9029"",""rdr250199#csvline9030"",""rdr250199#csvline9031"",""rdr250199#csvline9034"",""rdr250199#csvline9035"",""rdr250199#csvline9036"",""rdr250199#csvline9037"",""rdr250199#csvline9038""]"
"InChI=1S/C8H18/c1-7(2)6-8(3,4)5/h7H,6H2,1-5H3",NHTMVDHEPJAVLT-UHFFFAOYSA-N,"2,2,4-trimethylpentane",24,9,16,11,283.6,323.15,39.549999999999955,4,3,True,True,1,22,12,5,0,False,False,"[""10.1016/j.fluid.2014.02.018"",""10.1016/j.fluid.2014.10.016"",""10.1016/j.fluid.2015.07.049"",""10.1016/j.fluid.2017.04.014"",""10.1016/j.jct.2013.04.003"",""10.1021/acs.jced.7b00236"",""10.1021/je200840e"",""10.1021/je201284y"",""10.1021/je901026b""]","[""rdr250199#csvline9058"",""rdr250199#csvline9059"",""rdr250199#csvline9060"",""rdr250199#csvline9061"",""rdr250199#csvline9062"",""rdr250199#csvline9063"",""rdr250199#csvline9064"",""rdr250199#csvline9065"",""rdr250199#csvline9066"",""rdr250199#csvline9067"",""rdr250199#csvline9070"",""rdr250199#csvline9072""]"
"InChI=1S/C8H18O/c1-2-3-4-5-6-7-8-9/h9H,2-8H2,1H3",KBPLFHHGFOOTCA-UHFFFAOYSA-N,octan-1-ol,65,6,50,48,288.15,418.15,130.0,24,8,True,True,3,17,1,1,0,False,False,"[""10.1016/j.fluid.2010.06.019"",""10.1016/j.jct.2003.09.009"",""10.1021/acs.jced.7b00574"",""10.1021/je030168a"",""10.1021/je049600u"",""10.1021/je400951k""]","[""rdr250199#csvline9182""]"
"InChI=1S/C8H18O/c1-3-4-5-6-7-8(2)9/h8-9H,3-7H2,1-2H3",SJWFXCIHNDVPSH-UHFFFAOYSA-N,2-octanol,25,1,25,25,283.8,329.2,45.39999999999998,6,7,True,True,1,5,0,0,0,False,False,"[""10.1016/j.jct.2006.10.007""]",[]
"InChI=1S/C8H18O/c1-3-5-6-7-8(9)4-2/h8-9H,3-7H2,1-2H3",NMRPBPVERJPACX-UHFFFAOYSA-N,3-octanol,13,1,13,13,288.3,324.2,35.89999999999998,4,4,True,True,1,5,0,0,0,False,False,"[""10.1016/j.jct.2006.10.007""]",[]
"InChI=1S/C8H18O/c1-3-5-6-8(4-2)7-9/h8-9H,3-7H2,1-2H3",YIWUKEYIRIRTPP-UHFFFAOYSA-N,2-ethyl-1-hexanol,15,2,15,15,293.8,407.11,113.31,2,11,True,False,1,4,0,0,0,False,False,"[""10.1021/je049561m"",""10.1021/je300678r""]",[]
"InChI=1S/C8H18O/c1-3-5-7-8(9)6-4-2/h8-9H,3-7H2,1-2H3",WOFPPJOZXUTRAU-UHFFFAOYSA-N,4-octanol,17,1,17,16,288.3,322.3,34.0,4,5,True,True,1,4,0,0,0,False,False,"[""10.1016/j.jct.2006.10.007""]",[]
"InChI=1S/C8H18O/c1-3-5-7-9-8-6-4-2/h3-8H2,1-2H3",DURPTKYDGMDSBL-UHFFFAOYSA-N,dibutyl ether,28,7,16,16,263.15,363.51,100.36000000000001,7,4,True,True,1,12,6,6,0,False,False,"[""10.1016/j.fluid.2005.11.026"",""10.1016/j.fluid.2006.06.017"",""10.1016/j.fluid.2007.09.002"",""10.1016/j.fluid.2012.01.008"",""10.1021/acs.jced.7b00119"",""10.1021/je100019r"",""10.1021/je7007523""]","[""rdr250199#csvline9120"",""rdr250199#csvline9121"",""rdr250199#csvline9122"",""rdr250199#csvline9123"",""rdr250199#csvline9124"",""rdr250199#csvline9125""]"
"InChI=1S/C8H18O/c1-4-5-6-7-8(2,3)9/h9H,4-7H2,1-3H3",ACBMYYVZWKYLIP-UHFFFAOYSA-N,"2-heptanol, 2-methyl-",14,1,14,14,275.4,314.2,38.80000000000001,4,4,True,True,1,3,0,0,0,False,False,"[""10.1021/je049561m""]",[]
"InChI=1S/C8H18O/c1-5-7-9-8(3,4)6-2/h5-7H2,1-4H3",LFKBOUUQIPXNTJ-UHFFFAOYSA-N,"1,1-dimethylpropyl propyl ether",13,1,13,13,274.2,302.2,28.0,3,5,False,False,0,1,0,0,0,False,False,"[""10.1021/je0255980""]",[]
"InChI=1S/C8H18O/c1-7(2)5-9-6-8(3)4/h7-8H,5-6H2,1-4H3",SZNYYWIUQFZLLT-UHFFFAOYSA-N,diisobutyl ether,3,1,3,3,330.897,341.657,10.759999999999991,1,1,False,False,0,2,0,0,0,False,False,"[""10.1021/je800998u""]",[]
"InChI=1S/C8H18O/c1-7(2)6-9-8(3,4)5/h7H,6H2,1-5H3",UPOMCDPCTBJJDA-UHFFFAOYSA-N,isobutyl tert-butyl ether,26,2,26,25,273.3,333.132,59.831999999999994,4,11,True,True,1,5,2,2,0,False,False,"[""10.1016/j.jct.2006.05.007"",""10.1021/je0255980""]","[""rdr250199#csvline9112"",""rdr250199#csvline9114""]"
"InChI=1S/C8H18O3/c1-3-9-5-7-11-8-6-10-4-2/h3-8H2,1-2H3",RRQYJINTUHWNHW-UHFFFAOYSA-N,diethylene glycol diethyl ether,5,1,5,5,363.15,403.15,40.0,2,2,False,False,0,3,0,0,0,False,False,"[""10.1021/je049627d""]",[]
"InChI=1S/C8H19N/c1-2-3-4-5-6-7-8-9/h2-9H2,1H3",IOQPZZOEVPZRBK-UHFFFAOYSA-N,1-octanamine,31,1,26,22,274.2,313.3,39.10000000000002,7,6,True,True,1,11,0,0,0,False,False,"[""10.1021/je400212t""]",[]
"InChI=1S/C8H19NS/c1-7(2)9(5-6-10)8(3)4/h7-8,10H,5-6H2,1-4H3",IFZVKYXDCOHPOT-UHFFFAOYSA-N,2-(diisopropylamino)ethane-1-thiol,3,1,3,3,275.15,295.65,20.5,1,1,False,False,0,0,0,0,0,False,False,"[""10.1021/je400136y""]",[]
InChI=1S/C8H20N2/c9-7-5-3-1-2-4-6-8-10/h1-10H2,PWGJDPKCLMLPJW-UHFFFAOYSA-N,"1,8-diaminooctane",21,1,19,18,328.2,363.1,34.900000000000034,5,4,True,True,1,1,0,0,0,False,False,"[""10.1016/j.jct.2011.06.008""]",[]
"InChI=1S/C8H20O3Si/c1-5-9-12(8-4,10-6-2)11-7-3/h5-8H2,1-4H3",DENFJSAFJTVPJR-UHFFFAOYSA-N,ethyltriethoxysilane,36,1,36,36,335,432,97,20,5,True,True,1,3,0,0,0,False,False,"[""10.1021/je100605v""]",[]
"InChI=1S/C8H20Si/c1-7(2,3)9-8(4,5)6/h9H2,1-6H3",ZLKSBZCITVUTSN-UHFFFAOYSA-N,di-tert-butylsilane,48,1,11,11,253.49,288.19,34.69999999999999,5,3,True,True,1,1,0,0,0,False,False,"[""10.1021/je050084x""]",[]
"InChI=1S/C8H24O4Si4/c1-13(2)9-14(3,4)11-16(7,8)12-15(5,6)10-13/h1-8H3",HMMGMWAXVFQUOA-UHFFFAOYSA-N,octamethylcyclotetrasiloxane,19,1,19,19,311.8,390.88,79.07999999999998,8,6,True,True,1,8,1,0,0,False,False,"[""10.1021/je050173+""]","[""rdr250199#csvline15727""]"
"InChI=1S/C8H2F16/c9-1(10)3(13,14)5(17,18)7(21,22)8(23,24)6(19,20)4(15,16)2(11)12/h1-2H",JCRVQXKRULILSR-UHFFFAOYSA-N,"1,1,2,2,3,3,4,4,5,5,6,6,7,7,8,8-hexadecafluorooctane",10,1,10,10,289.31,333.14,43.829999999999984,3,3,True,True,1,1,0,0,0,False,False,"[""10.1016/j.fluid.2005.09.011""]",[]
"InChI=1S/C8H3F15O/c9-2(10,1-24)3(11,12)4(13,14)5(15,16)6(17,18)7(19,20)8(21,22)23/h24H,1H2",PJDOLCGOTSNFJM-UHFFFAOYSA-N,"2,2,3,3,4,4,5,5,6,6,7,7,8,8,8-pentadecafluoro-1-octanol",9,1,9,9,320.52,339.44,18.920000000000016,3,3,False,False,0,1,0,0,0,False,False,"[""10.1016/j.jct.2012.03.027""]",[]
"InChI=1S/C8H5F13/c1-2-3(9,10)4(11,12)5(13,14)6(15,16)7(17,18)8(19,20)21/h2H2,1H3",SKRWRXWNQFQGRU-UHFFFAOYSA-N,perfluorohexylethane,5,1,5,4,298.31,312.81,14.5,1,1,False,False,0,0,0,0,0,False,False,"[""10.1016/j.jct.2006.11.012""]",[]
"InChI=1S/C8H6ClNO/c9-5-8-10-6-3-1-2-4-7(6)11-8/h1-4H,5H2",ANRDUCQCZKLSGF-UHFFFAOYSA-N,"2-(chloromethyl)-1,3-benzoxazole",23,1,22,21,347.65,424.55,76.90000000000003,10,3,True,True,1,1,0,0,0,False,False,"[""10.1021/je060249h""]",[]
"InChI=1S/C8H7BrO2/c1-11-8(10)6-2-4-7(9)5-3-6/h2-5H,1H3",CZNGTXVOZOWWKM-UHFFFAOYSA-N,methyl 4-bromobenzoate,13,1,13,13,354.73,378.43,23.69999999999999,4,4,False,False,0,2,0,0,0,False,False,"[""10.1016/j.jct.2012.07.027""]",[]
"InChI=1S/C8H7ClO2/c1-11-8(10)6-2-4-7(9)5-3-6/h2-5H,1H3",LXNFVVDCCWUUKC-UHFFFAOYSA-N,methyl 4-chlorobenzoate,27,1,27,27,285.3,333.97,48.670000000000016,8,8,True,True,1,2,0,0,0,False,False,"[""10.1016/j.jct.2012.07.027""]",[]
"InChI=1S/C8H7FO2/c1-11-8(10)6-2-4-7(9)5-3-6/h2-5H,1H3",MSEBQGULDWDIRW-UHFFFAOYSA-N,methyl p-fluorobenzoate,42,1,40,40,268.58,344.85,76.27000000000004,12,13,True,True,1,2,0,0,0,False,False,"[""10.1016/j.jct.2012.07.027""]",[]
"InChI=1S/C8H7IO2/c1-11-8(10)6-2-4-7(9)5-3-6/h2-5H,1H3",DYUWQWMXZHDZOR-UHFFFAOYSA-N,methyl p-iodobenzoate,12,1,12,12,386.32,406.02,19.69999999999999,3,5,False,False,0,2,0,0,0,False,False,"[""10.1016/j.jct.2012.07.027""]",[]
"InChI=1S/C8H7N/c1-7-2-4-8(6-9)5-3-7/h2-5H,1H3",VCZNNAKNUVJVGX-UHFFFAOYSA-N,4-cyanotoluene,16,1,15,15,302.1,334.9,32.799999999999955,4,5,True,True,1,2,0,0,0,False,False,"[""10.1016/j.jct.2015.07.025""]",[]
"InChI=1S/C8H7N/c1-7-3-2-4-8(5-7)6-9/h2-5H,1H3",BOHCMQZJWOGWTA-UHFFFAOYSA-N,3-cyanotoluene,17,1,17,17,279.8,313.7,33.89999999999998,6,5,True,True,1,1,0,0,0,False,False,"[""10.1016/j.jct.2015.07.025""]",[]
"InChI=1S/C8H7N/c1-7-4-2-3-5-8(7)6-9/h2-5H,1H3",NWPNXBQSRGKSJB-UHFFFAOYSA-N,2-methylbenzonitrile,18,1,17,17,287.4,324.2,36.80000000000001,6,6,True,True,1,2,0,0,0,False,False,"[""10.1016/j.jct.2015.07.025""]",[]
"InChI=1S/C8H8/c1-2-8-6-4-3-5-7-8/h2-7H,1H2",PPBRXRYQALVLMV-UHFFFAOYSA-N,styrene,17,2,17,17,313.06,366.2,53.139999999999986,9,2,True,True,2,10,0,0,0,False,False,"[""10.1021/je050523s"",""10.1021/je200098d""]",[]
"InChI=1S/C8H8N2/c1-10-6-9-7-4-2-3-5-8(7)10/h2-6H,1H3",FGYADSCZTQOAFK-UHFFFAOYSA-N,1-methylbenzimidazole,62,2,60,56,311.09,376,64.91000000000003,18,13,True,True,2,3,0,0,0,False,False,"[""10.1016/j.jct.2014.04.026"",""10.1021/je300312c""]",[]
"InChI=1S/C8H8O/c1-7(9)8-5-3-2-4-6-8/h2-6H,1H3",KWOLFJPFCHCOCG-UHFFFAOYSA-N,acetophenone,2,2,2,2,323.27,373.1,49.83000000000004,1,1,False,False,0,12,0,0,0,False,False,"[""10.1021/je0342522"",""10.1021/je050317k""]",[]
"InChI=1S/C8H8O/c9-7-6-8-4-2-1-3-5-8/h1-5,7H,6H2",DTUQWGWMVIHBKE-UHFFFAOYSA-N,.alpha.-tolualdehyde,11,1,11,11,293.2,343,49.80000000000001,4,3,True,True,1,2,0,0,0,False,False,"[""10.1021/je060406c""]",[]
"InChI=1S/C8H8O2/c1-7(9)10-8-5-3-2-4-6-8/h2-6H,1H3",IPBVNPXQWQGGJP-UHFFFAOYSA-N,phenyl ethanoate,2,1,2,2,373.2,413.2,40.0,1,1,False,False,0,4,0,0,0,False,False,"[""10.1016/j.jct.2015.07.024""]",[]
"InChI=1S/C8H8O3/c1-11-7-5-3-2-4-6(7)8(9)10/h2-5H,1H3,(H,9,10)",ILUJQPXNXACGAN-UHFFFAOYSA-N,2-methoxybenzoic acid,30,1,27,15,378.325,413.36,35.035000000000025,5,5,True,True,1,3,0,0,0,True,False,"[""10.1016/j.tca.2015.03.026""]",[]
"InChI=1S/C8H8O3/c1-11-8(10)6-2-4-7(9)5-3-6/h2-5,9H,1H3",LXCFILQKKLGQFO-UHFFFAOYSA-N,methyl 4-hydroxybenzoate,20,1,20,20,382.7,423.7,41.0,7,5,True,True,1,6,0,0,0,False,False,"[""10.1016/j.jct.2014.06.002""]",[]
"InChI=1S/C8H9Br/c1-6-4-3-5-7(2)8(6)9/h3-5H,1-2H3",MYMYVYZLMUEVED-UHFFFAOYSA-N,"2-bromo-1,3-dimethylbenzene",14,1,13,12,274.2,305.3,31.100000000000023,4,4,True,True,1,2,0,0,0,False,False,"[""10.1021/je500784s""]",[]
"InChI=1S/C8H9Cl/c1-6-4-3-5-7(2)8(6)9/h3-5H,1-2H3",VDXLAYAQGYCQEO-UHFFFAOYSA-N,"2-chloro-1,3-dimethylbenzene",15,1,14,12,274.5,305.4,30.899999999999977,4,4,True,True,1,1,0,0,0,False,False,"[""10.1016/j.fluid.2014.07.029""]",[]
"InChI=1S/C8H9I/c1-6-3-4-8(9)7(2)5-6/h3-5H,1-2H3",BUNKQJAMHYKQIM-UHFFFAOYSA-N,"1-iodo-2,4-dimethylbenzene",15,1,14,14,293.5,328.5,35.0,5,4,True,True,1,2,0,0,0,False,False,"[""10.1021/je500784s""]",[]
"InChI=1S/C8H9I/c1-6-4-3-5-7(2)8(6)9/h3-5H,1-2H3",QTUGGVBKWIYQSS-UHFFFAOYSA-N,"1-iodo-2,6-dimethylbenzene",20,1,20,20,284.5,333.4,48.89999999999998,6,5,True,True,1,2,0,0,0,False,False,"[""10.1021/je500784s""]",[]
"InChI=1S/C8H9NO/c1-9-8(10)7-5-3-2-4-6-7/h2-6H,1H3,(H,9,10)",NCCHARWOCKOHIH-UHFFFAOYSA-N,N-methylbenzamide,31,1,31,31,328.89,388.4,59.50999999999999,10,9,True,True,1,2,0,0,0,False,False,"[""10.1021/je100175j""]",[]
"InChI=1S/C8H9NO/c10-7-9-6-8-4-2-1-3-5-8/h1-5,7H,6H2,(H,9,10)",IIBOGKHTXBPGEI-UHFFFAOYSA-N,N-benzylformamide,14,1,14,14,333.2,370.4,37.19999999999999,4,5,True,True,1,2,0,0,0,False,False,"[""10.1016/j.fluid.2019.04.036""]",[]
"InChI=1S/C8H9NO2/c1-11-8(10)6-2-4-7(9)5-3-6/h2-5H,9H2,1H3",LZXXNPOYQCLXRS-UHFFFAOYSA-N,methyl 4-aminobenzoate,35,1,35,35,360.71,428.01,67.30000000000001,11,11,True,True,1,2,0,0,0,False,False,"[""10.1016/j.jct.2012.04.006""]",[]
"InChI=1S/C8H9NO2/c1-11-8(10)6-3-2-4-7(9)5-6/h2-5H,9H2,1H3",VZDNXXPBYLGWOS-UHFFFAOYSA-N,methyl 3-aminobenzoate,24,1,24,24,312,352.74,40.74000000000001,7,9,True,True,1,2,0,0,0,False,False,"[""10.1016/j.jct.2012.04.006""]",[]
"InChI=1S/C8H9NO2/c1-11-8(10)6-4-2-3-5-7(6)9/h2-5H,9H2,1H3",VAMXMNNIEUEQDV-UHFFFAOYSA-N,methyl 2-aminobenzoate,40,1,40,40,292.33,369.54,77.21000000000004,12,12,True,True,1,4,1,1,0,False,False,"[""10.1016/j.jct.2012.04.006""]","[""rdr250199#csvline16407""]"
"InChI=1S/C8H9NO2/c1-11-8(10)9-7-5-3-2-4-6-7/h2-6H,1H3,(H,9,10)",IAGUPODHENSJEZ-UHFFFAOYSA-N,methyl N-phenylcarbamate,21,1,20,20,372.5,418.45,45.94999999999999,4,7,True,True,1,1,0,0,0,False,False,"[""10.1021/je400551d""]",[]
"InChI=1S/C8H9NO3/c1-12-5-2-3-7(9)6(4-5)8(10)11/h2-4H,9H2,1H3,(H,10,11)",UMKSAURFQFUULT-UHFFFAOYSA-N,2-amino-5-methoxybenzoic acid,3,1,1,1,375.17,375.17,0.0,1,1,False,False,0,0,0,0,0,True,False,"[""10.1021/je9004036""]",[]
"InChI=1S/C8H9NO3/c1-12-6-4-2-3-5(7(6)9)8(10)11/h2-4H,9H2,1H3,(H,10,11)",SXOPCLUOUFQBJV-UHFFFAOYSA-N,2-amino-3-methoxybenzoic acid,2,1,1,1,369.18,369.18,0.0,1,1,False,False,0,0,0,0,0,True,False,"[""10.1021/je9004036""]",[]
"InChI=1S/C8H9NO3/c1-12-7-3-2-5(8(10)11)4-6(7)9/h2-4H,9H2,1H3,(H,10,11)",FDGAEAYZQQCBRN-UHFFFAOYSA-N,3-amino-4-methoxybenzoic acid,1,1,1,1,399.18,399.18,0.0,1,1,False,False,0,0,0,0,0,True,False,"[""10.1021/je9004036""]",[]
"InChI=1S/C8H9NO3/c1-12-7-3-5(8(10)11)2-6(9)4-7/h2-4H,9H2,1H3,(H,10,11)",DBEMTZANGFGKMX-UHFFFAOYSA-N,3-amino-5-methoxybenzoic acid,1,1,1,1,400.18,400.18,0.0,1,1,False,False,0,0,0,0,0,True,False,"[""10.1021/je9004036""]",[]
"InChI=1S/C8H9NO3/c1-12-7-4-5(8(10)11)2-3-6(7)9/h2-4H,9H2,1H3,(H,10,11)",JNFGLYJROFAOQP-UHFFFAOYSA-N,4-amino-3-methoxybenzoic acid,2,1,1,1,395.17,395.17,0.0,1,1,False,False,0,0,0,0,0,True,False,"[""10.1021/je9004036""]",[]
"InChI=1S/C8HF15O2/c9-2(10,1(24)25)3(11,12)4(13,14)5(15,16)6(17,18)7(19,20)8(21,22)23/h(H,24,25)",SNGREZUHAYWORS-UHFFFAOYSA-N,pentadecafluorooctanoic acid,11,1,11,11,332.4,409.26,76.86000000000001,3,5,True,True,1,0,0,0,0,True,False,"[""10.1021/je050070r""]",[]
"InChI=1S/C8HF17/c9-1(10)2(11,12)3(13,14)4(15,16)5(17,18)6(19,20)7(21,22)8(23,24)25/h1H",KBHBUUBXEQUIMV-UHFFFAOYSA-N,1H-perfluorooctane,10,1,10,10,288.35,332.89,44.539999999999964,3,3,True,True,1,1,0,0,0,False,False,"[""10.1021/je050056e""]",[]
"InChI=1S/C9F20/c10-1(11,2(12,13)4(16,17)6(20,21)8(24,25)26)3(14,15)5(18,19)7(22,23)9(27,28)29",UVWPNDVAQBNQBG-UHFFFAOYSA-N,eicosafluorononane,10,1,10,10,288.18,333.15,44.96999999999997,3,3,True,True,1,2,0,0,0,False,False,"[""10.1021/je050056e""]",[]
"InChI=1S/C9H10/c1-2-5-9-7-3-6-8(9)4-1/h1-2,4-5H,3,6-7H2",PQNFLJBBNBOBRQ-UHFFFAOYSA-N,indane,9,1,9,9,338.122,394.577,56.454999999999984,3,3,True,True,1,15,6,1,0,False,False,"[""10.1016/j.jct.2015.12.005""]","[""rdr250199#csvline9409"",""rdr250199#csvline9410"",""rdr250199#csvline9411"",""rdr250199#csvline9412"",""rdr250199#csvline9413"",""rdr250199#csvline9414""]"
"InChI=1S/C9H10N2/c1-2-11-7-10-8-5-3-4-6-9(8)11/h3-7H,2H2,1H3",WVNMLOGVAVGQIT-UHFFFAOYSA-N,1-ethyl-1H-benzimidazole,19,1,19,19,328.8,375.1,46.30000000000001,5,6,True,True,1,1,0,0,0,False,False,"[""10.1021/je300312c""]",[]
"InChI=1S/C9H10O/c1-8(7-10)9-5-3-2-4-6-9/h2-8H,1H3",IQVAERDLDAZARL-UHFFFAOYSA-N,2-phenylpropanal,1,1,1,1,373.1,373.1,0.0,1,1,False,False,0,4,0,0,0,False,False,"[""10.1021/je050327l""]",[]
"InChI=1S/C9H10O2/c1-2-11-9(10)8-6-4-3-5-7-8/h3-7H,2H2,1H3",MTZQAGJQAFMTAQ-UHFFFAOYSA-N,ethyl benzoate,20,1,20,20,283.9,332.5,48.60000000000002,5,7,True,True,1,10,0,0,0,False,False,"[""10.1021/je050334+""]",[]
"InChI=1S/C9H10O2/c1-7-3-5-8(6-4-7)9(10)11-2/h3-6H,1-2H3",QSSJZLPUHJDYKF-UHFFFAOYSA-N,methyl 4-methylbenzoate,29,1,29,29,293.03,348.75,55.72000000000003,9,9,True,True,1,2,0,0,0,False,False,"[""10.1021/je2007605""]",[]
"InChI=1S/C9H10O3/c1-11-8-5-3-7(4-6-8)9(10)12-2/h3-6H,1-2H3",DDIZAANNODHTRB-UHFFFAOYSA-N,methyl 4-methoxybenzoate,24,1,24,24,309.93,355.71,45.77999999999997,7,7,True,True,1,3,0,0,0,False,False,"[""10.1016/j.jct.2014.06.002""]",[]
"InChI=1S/C9H11BrO2/c1-11-6-7-12-9-5-3-2-4-8(9)10/h2-5H,6-7H2,1H3",YQNVKSQBACJWHD-UHFFFAOYSA-N,1-bromo-2-(2-methoxyethoxy)benzene,22,1,21,21,302.4,368.4,66.0,8,6,True,True,1,1,0,0,0,False,False,"[""10.1016/j.fluid.2006.09.001""]",[]
"InChI=1S/C9H11NO/c1-10(2)9(11)8-6-4-3-5-7-8/h3-7H,1-2H3",IMNDHOCGZLYMRO-UHFFFAOYSA-N,"N,N-dimethylbenzamide",31,1,31,31,301.98,361.66,59.68000000000001,10,9,True,True,1,3,0,0,0,False,False,"[""10.1021/je100175j""]",[]
"InChI=1S/C9H12/c1-3-9-6-4-5-8(2)7-9/h4-7H,3H2,1-2H3",ZLCSFXXPPANWQY-UHFFFAOYSA-N,1-ethyl-3-methylbenzene,1,1,1,1,380.65,380.65,0.0,1,1,False,False,0,3,0,0,0,False,False,"[""10.1016/j.jct.2013.01.016""]",[]
"InChI=1S/C9H12/c1-3-9-6-4-8(2)5-7-9/h4-7H,3H2,1-2H3",JRLPEMVDPFPYPJ-UHFFFAOYSA-N,1-ethyl-4-methylbenzene,1,1,1,1,380.74,380.74,0.0,1,1,False,False,0,3,0,0,0,False,False,"[""10.1016/j.jct.2013.01.016""]",[]
"InChI=1S/C9H12/c1-7-4-5-8(2)9(3)6-7/h4-6H,1-3H3",GWHJZXXIDMPWGX-UHFFFAOYSA-N,"1,2,4-trimethylbenzene",3,3,3,3,313.15,387.87,74.72000000000003,2,1,False,False,0,6,1,0,0,False,False,"[""10.1016/j.fluid.2010.02.030"",""10.1016/j.fluid.2017.12.031"",""10.1016/j.jct.2013.01.016""]","[""rdr250199#csvline9607""]"
"InChI=1S/C9H13NO/c11-7-6-10-8-9-4-2-1-3-5-9/h1-5,10-11H,6-8H2",XNIOWJUQPMKCIJ-UHFFFAOYSA-N,2-benzylaminoethanol,6,1,5,4,312.85,362.91,50.06,2,1,False,False,0,2,0,0,0,False,False,"[""10.1016/j.fluid.2009.04.006""]",[]
"InChI=1S/C9H14Si/c1-10(2,3)9-7-5-4-6-8-9/h4-8H,1-3H3",KXFSUVJPEQYUGN-UHFFFAOYSA-N,trimethylphenylsilane,13,1,13,13,296.7,382.9,86.19999999999999,4,4,True,True,1,2,0,0,0,False,False,"[""10.1016/j.tca.2015.02.004""]",[]
"InChI=1S/C9H15NSi/c1-11(2,3)10-9-7-5-4-6-8-9/h4-8,10H,1-3H3",IPJPAQIHUIKFLV-UHFFFAOYSA-N,trimethyl(phenylamino)silane,11,1,11,11,311.6,411.6,100.0,5,3,True,True,1,2,0,0,0,False,False,"[""10.1016/j.tca.2015.02.004""]",[]
"InChI=1S/C9H16N2/c1-2-3-4-5-7-11-8-6-10-9-11/h6,8-9H,2-5,7H2,1H3",KGWVFQAPOGAVRF-UHFFFAOYSA-N,1-hexylimidazole,31,1,30,30,309.2,363.2,54.0,12,7,True,True,1,1,0,0,0,False,False,"[""10.1016/j.jct.2011.05.004""]",[]
"InChI=1S/C9H16N2/c1-3-4-5-7-11-8-6-10-9(11)2/h6,8H,3-5,7H2,1-2H3",WYGYPEMNIUDFBC-UHFFFAOYSA-N,2-methyl-1-pentyl-1H-imidazole,26,1,26,25,303.3,354.2,50.89999999999998,10,6,True,True,1,1,0,0,0,False,False,"[""10.1021/je200336c""]",[]
"InChI=1S/C9H16O2/c1-2-3-4-5-8-6-7-9(10)11-8/h8H,2-7H2,1H3",OALYTRUKMRCXNH-UHFFFAOYSA-N,"2(3H)-furanone, dihydro-5-pentyl-",13,1,13,13,300,363.4,63.39999999999998,4,4,True,True,1,2,0,0,0,False,False,"[""10.1016/j.jct.2008.02.002""]",[]
"InChI=1S/C9H16O2/c1-2-3-5-8-6-4-7-9(10)11-8/h8H,2-7H2,1H3",PXRBWNLUQYZAAX-UHFFFAOYSA-N,.delta.-nonanolactone,10,1,10,10,303.2,348.2,45.0,3,3,True,True,1,0,0,0,0,False,False,"[""10.1016/j.jct.2006.06.010""]",[]
"InChI=1S/C9H16O2/c1-2-9(10)11-8-6-4-3-5-7-8/h8H,2-7H2,1H3",MAMMVUWCKMOLSG-UHFFFAOYSA-N,cyclohexyl propanoate,29,1,29,26,253.48,313.2,59.72,9,2,True,True,2,5,1,1,1,False,False,"[""10.1021/je025634v""]","[""rdr250199#csvline9776""]"
"InChI=1S/C9H16O2/c1-7-5-3-4-6-9(7)11-8(2)10/h7,9H,3-6H2,1-2H3",AKIIJALHGMKJEJ-UHFFFAOYSA-N,2-methylcyclohexyl acetate,13,1,13,13,368.01,401.6,33.59000000000003,4,5,True,True,1,1,0,0,0,False,False,"[""10.1021/je600559q""]",[]
"InChI=1S/C9H16O3/c1-3-4-7-12-9(11)6-5-8(2)10/h3-7H2,1-2H3",ISBWNEKJSSLXOD-UHFFFAOYSA-N,butyl levulinate,11,1,11,11,298.2,347.8,49.60000000000002,3,4,True,True,1,3,0,0,0,False,False,"[""10.1016/j.tca.2017.12.006""]",[]
"InChI=1S/C9H16O4/c1-12-8(10)6-4-3-5-7-9(11)13-2/h3-7H2,1-2H3",SHWINQXIGSEZAP-UHFFFAOYSA-N,"dimethyl 1,7-heptanedioate",14,1,14,14,291.3,353.1,61.80000000000001,4,5,True,True,1,1,0,0,0,False,False,"[""10.1021/je0602418""]",[]
"InChI=1S/C9H16O4/c1-3-12-8(10)6-5-7-9(11)13-4-2/h3-7H2,1-2H3",OUWSNHWQZPEFEX-UHFFFAOYSA-N,diethyl glutarate,15,1,15,15,298.3,347.9,49.599999999999966,4,4,True,True,1,8,0,0,0,False,False,"[""10.1021/je100231g""]",[]
"InChI=1S/C9H16O4/c1-3-5-12-8(10)7-9(11)13-6-4-2/h3-7H2,1-2H3",LWIWFCDNJNZEKB-UHFFFAOYSA-N,"dipropyl 1,3-propanedioate",16,1,16,16,293.3,338.5,45.19999999999999,4,4,True,True,1,2,0,0,0,False,False,"[""10.1021/je100231g""]",[]
"InChI=1S/C9H16O4/c1-6(2)12-8(10)5-9(11)13-7(3)4/h6-7H,5H2,1-4H3",QRVSDVDFJFKYKA-UHFFFAOYSA-N,diisopropyl malonate,17,1,17,17,289.3,325.4,36.099999999999966,8,4,True,True,1,1,0,0,0,False,False,"[""10.1016/j.fluid.2011.07.007""]",[]
"InChI=1S/C9H17N/c1-2-3-4-5-6-7-8-9-10/h2-8H2,1H3",PLZZPPHAMDJOSR-UHFFFAOYSA-N,nonanenitrile,32,2,31,27,273.66,323.2,49.539999999999964,7,6,True,True,2,3,0,0,0,False,False,"[""10.1016/j.jct.2004.08.004"",""10.1021/acs.jced.8b00699""]",[]
"InChI=1S/C9H18O/c1-3-5-7-9(10)8-6-4-2/h3-8H2,1-2H3",WSGCRAOTEDLMFQ-UHFFFAOYSA-N,5-nonanone,40,1,39,24,283.84000000000003,337.14,53.299999999999955,7,7,True,True,1,10,1,1,0,False,False,"[""10.1016/j.fluid.2014.11.026""]","[""rdr250199#csvline9914""]"
"InChI=1S/C9H18O2/c1-2-3-4-5-6-7-8-11-9-10/h9H,2-8H2,1H3",AVBRYQRTMPHARE-UHFFFAOYSA-N,octyl methanoate,17,1,16,16,283.3,338.3,55.0,6,6,True,True,1,2,0,0,0,False,False,"[""10.1016/j.fluid.2012.08.003""]",[]
"InChI=1S/C9H18O2/c1-3-4-5-6-7-8-11-9(2)10/h3-8H2,1-2H3",ZCZSIDMEHXZRLG-UHFFFAOYSA-N,heptyl ethanoate,12,1,12,12,274.5,306.1,31.600000000000023,4,4,True,True,1,3,0,0,0,False,False,"[""10.1016/j.jct.2005.08.003""]",[]
"InChI=1S/C9H18O2/c1-3-4-5-6-7-8-9(10)11-2/h3-8H2,1-2H3",JGHZJRVDZXSNKQ-UHFFFAOYSA-N,methyl octanoate,16,2,16,16,282.64,402.83,120.19,6,4,True,True,1,0,0,0,0,False,False,"[""10.1016/j.jct.2016.07.024"",""10.1016/j.jct.2016.11.024""]",[]
"InChI=1S/C9H18O2/c1-3-5-6-7-8-11-9(10)4-2/h3-8H2,1-2H3",GOKKOFHHJFGZHW-UHFFFAOYSA-N,hexyl propanoate,16,1,15,15,278.3,333.3,55.0,6,5,True,True,1,2,0,0,0,False,False,"[""10.1016/j.fluid.2012.08.003""]",[]
"InChI=1S/C9H18O2/c1-4-6-7-11-9(10)8(3)5-2/h8H,4-7H2,1-3H3",OTKQNSSMCDLVQV-UHFFFAOYSA-N,"butanoic acid, 2-methyl-, butyl ester",13,1,13,13,274.2,319.2,45.0,4,5,True,True,1,2,0,0,0,False,False,"[""10.1016/j.fluid.2008.02.001""]",[]
"InChI=1S/C9H18O2/c1-5-6-7-11-8(10)9(2,3)4/h5-7H2,1-4H3",FCDMDSDHBVPGGE-UHFFFAOYSA-N,"butyl 2,2-dimethylpropanoate",22,1,22,22,273.6,313.3,39.69999999999999,6,7,True,True,1,2,0,0,0,False,False,"[""10.1016/j.fluid.2008.02.001""]",[]
"InChI=1S/C9H18O2/c1-5-7-8(10)11-9(3,4)6-2/h5-7H2,1-4H3",VTZSXMMBJHMLEE-UHFFFAOYSA-N,"1,1-dimethylpropyl butanoate",21,1,21,21,274.5,309.5,35.0,6,7,True,True,1,3,0,0,0,False,False,"[""10.1016/j.fluid.2008.02.001""]",[]
"InChI=1S/C9H18O3/c1-3-5-7-11-9(10)12-8-6-4-2/h3-8H2,1-2H3",QLVWOKQMDLQXNN-UHFFFAOYSA-N,dibutyl carbonate,25,2,25,25,287.1,420.73,133.63,4,20,True,True,1,1,0,0,0,False,False,"[""10.1016/j.jct.2008.02.012"",""10.1021/acs.jced.6b00517""]",[]
"InChI=1S/C9H18O6/c1-7(2)10-12-8(3,4)14-15-9(5,6)13-11-7/h1-6H3",ZTLXICJMNFREPA-UHFFFAOYSA-N,TATP,20,1,18,17,371.65,410.35,38.700000000000045,4,5,True,True,1,0,0,0,0,False,False,"[""10.1016/j.tca.2013.08.009""]",[]
"InChI=1S/C9H19NO/c1-3-5-7-10(9-11)8-6-4-2/h9H,3-8H2,1-2H3",NZMAJUHVSZBJHL-UHFFFAOYSA-N,"N,N-dibutylformamide",33,1,33,32,293.1,334.7,41.599999999999966,8,10,True,True,2,2,0,0,0,False,False,"[""10.1016/j.fluid.2019.04.036""]",[]
"InChI=1S/C9H20/c1-3-5-7-9-8-6-4-2/h3-9H2,1-2H3",BKIMMITUMNQMOS-UHFFFAOYSA-N,nonane,12,5,11,10,322.59,371.37,48.78000000000003,3,3,True,True,0,13,8,3,0,False,False,"[""10.1016/j.fluid.2007.06.001"",""10.1016/j.fluid.2009.09.024"",""10.1021/acs.jced.7b00875"",""10.1021/je030222n"",""10.1021/je100832h""]","[""rdr250199#csvline9993"",""rdr250199#csvline9994"",""rdr250199#csvline9995"",""rdr250199#csvline9996"",""rdr250199#csvline9999"",""rdr250199#csvline10000"",""rdr250199#csvline10001"",""rdr250199#csvline10004""]"
"InChI=1S/C9H20O/c1-2-3-4-5-6-7-8-9-10/h10H,2-9H2,1H3",ZWRUINPWMLAQRD-UHFFFAOYSA-N,nonan-1-ol,28,1,27,23,288.2,353.4,65.19999999999999,7,5,True,True,1,10,1,1,0,False,False,"[""10.1021/je049561m""]","[""rdr250199#csvline10071""]"
"InChI=1S/C9H20O/c1-3-4-5-6-7-8-9(2)10/h9-10H,3-8H2,1-2H3",NGDNVOAEIVQRFH-UHFFFAOYSA-N,2-nonanol,30,1,27,24,285.7,324.2,38.5,6,6,True,True,1,3,0,0,0,False,False,"[""10.1016/j.jct.2006.10.007""]",[]
"InChI=1S/C9H20O/c1-3-5-6-7-8-9(10)4-2/h9-10H,3-8H2,1-2H3",GYSCXPVAKHVAAY-UHFFFAOYSA-N,3-nonanol,15,1,15,15,285.2,324.3,39.10000000000002,4,4,True,True,1,3,0,0,0,False,False,"[""10.1016/j.jct.2006.10.007""]",[]
"InChI=1S/C9H20O/c1-3-5-6-8-9(10)7-4-2/h9-10H,3-8H2,1-2H3",IXUOEGRSQCCEHB-UHFFFAOYSA-N,4-nonanol,15,1,15,15,285,324.2,39.19999999999999,4,4,True,True,1,1,0,0,0,False,False,"[""10.1016/j.jct.2006.10.007""]",[]
"InChI=1S/C9H20O/c1-3-5-7-9(10)8-6-4-2/h9-10H,3-8H2,1-2H3",FCBBRODPXVPZAH-UHFFFAOYSA-N,5-nonanol,14,1,14,14,288.6,334.2,45.599999999999966,5,3,True,True,1,1,0,0,0,False,False,"[""10.1016/j.jct.2006.10.007""]",[]
"InChI=1S/C9H20O/c1-5-7-8-10-9(3,4)6-2/h5-8H2,1-4H3",FTGPSKPJRKRPSX-UHFFFAOYSA-N,"butyl 1,1-dimethylpropyl ether",20,1,16,16,274.2,308.2,34.0,5,5,True,True,1,2,0,0,0,False,False,"[""10.1021/je0255980""]",[]
"InChI=1S/C9H20O/c1-7(2)5-9(10)6-8(3)4/h7-10H,5-6H2,1-4H3",HXQPUEQDBSPXTE-UHFFFAOYSA-N,"2,6-dimethyl-4-heptanol",13,1,13,13,278.2,321.2,43.0,4,3,True,True,1,3,0,0,0,False,False,"[""10.1021/je049561m""]",[]
"InChI=1S/C9H20O/c1-8(2,3)7-9(4,5)10-6/h7H2,1-6H3",IKZVAPMTXDXWMX-UHFFFAOYSA-N,"methyl 1,1,3,3-tetramethylbutyl ether",18,1,18,17,276.2,308,31.80000000000001,4,5,True,True,1,3,0,0,0,False,False,"[""10.1021/je0255980""]",[]
"InChI=1S/C9H20O/c1-8(5-6-10)7-9(2,3)4/h8,10H,5-7H2,1-4H3",BODRLKRKPXBDBN-UHFFFAOYSA-N,"3,5,5-trimethyl-1-hexanol",13,1,13,13,288.2,324.4,36.19999999999999,4,4,True,True,1,1,0,0,0,False,False,"[""10.1021/je049561m""]",[]
"InChI=1S/C9H20O2/c1-3-5-7-10-9-11-8-6-4-2/h3-9H2,1-2H3",QLCJOAMJPCOIDI-UHFFFAOYSA-N,dibutoxymethane,2,1,2,2,390.4,396.5,6.100000000000023,1,1,False,False,0,2,0,0,0,False,False,"[""10.1016/j.jct.2016.06.025""]",[]
"InChI=1S/C9H20O4/c1-7(11)5-12-9(3)6-13-8(2)4-10/h7-11H,4-6H2,1-3H3",LCZVSXRMYJUNFX-UHFFFAOYSA-N,2-[2-(2-hydroxypropoxy)propoxy]-1-propanol,18,2,17,17,340.15,405.15,65.0,4,4,True,True,1,1,0,0,0,False,False,"[""10.1016/j.fluid.2016.05.032"",""10.1021/je4009014""]",[]
InChI=1S/C9H22N2/c10-8-6-4-2-1-3-5-7-9-11/h1-11H2,SXJVFQLYZSNZBT-UHFFFAOYSA-N,"1,9-diaminononane",38,1,29,26,318.1,365.7,47.599999999999966,8,7,True,True,1,0,0,0,0,False,False,"[""10.1016/j.jct.2011.06.008""]",[]
"InChI=1S/C9H23N3/c1-10(2)6-8-12(5)9-7-11(3)4/h6-9H2,1-5H3",UKODFQOELJFMII-UHFFFAOYSA-N,"N,N,N',N'',N''-pentamethyldiethylenetriamine",15,1,11,9,292.98,362.95,69.96999999999997,4,3,True,True,1,0,0,0,0,False,False,"[""10.1016/j.jct.2018.08.025""]",[]
"InChI=1S/C9H3F17O/c10-2(11,1-27)3(12,13)4(14,15)5(16,17)6(18,19)7(20,21)8(22,23)9(24,25)26/h27H,1H2",BSXJTDJJVULBTQ-UHFFFAOYSA-N,"2,2,3,3,4,4,5,5,6,6,7,7,8,8,9,9,9-heptadecafluoro-1-nonanol",6,1,6,6,342.99,351.45,8.45999999999998,2,3,False,False,0,0,0,0,0,False,False,"[""10.1016/j.jct.2012.03.027""]",[]
InChI=1S/C9H7BrN2/c10-8-1-3-9(4-2-8)12-6-5-11-7-12/h1-7H,SERULNRLZWOYPK-UHFFFAOYSA-N,4-bromo-phenyl-1H-imidazole,5,1,5,5,353,374.1,21.100000000000023,2,2,False,False,0,0,0,0,0,False,False,"[""10.1016/j.fluid.2016.11.010""]",[]
InChI=1S/C9H7BrN2/c10-8-3-1-2-4-9(8)12-6-5-11-7-12/h1-7H,HFPBSOYHRXOAMW-UHFFFAOYSA-N,2-bromo-phenyl-1H-imidazole,7,1,7,7,343.2,374,30.80000000000001,2,2,True,False,0,1,0,0,0,False,False,"[""10.1016/j.fluid.2016.11.010""]",[]
InChI=1S/C9H7FN2/c10-8-1-3-9(4-2-8)12-6-5-11-7-12/h1-7H,KKKSMWMXKUAZHK-UHFFFAOYSA-N,4-fluoro-phenyl-1H-imidazole,16,1,16,16,313,373.1,60.10000000000002,4,4,True,True,1,1,0,0,0,False,False,"[""10.1016/j.fluid.2016.11.010""]",[]
InChI=1S/C9H7FN2/c10-8-3-1-2-4-9(8)12-6-5-11-7-12/h1-7H,GWEXXBVPLGNFOW-UHFFFAOYSA-N,2-fluoro-phenyl-1H-imidazole,10,1,10,10,323.2,367.9,44.69999999999999,3,3,True,True,1,1,0,0,0,False,False,"[""10.1016/j.fluid.2016.11.010""]",[]
InChI=1S/C9H7N/c1-2-6-9-8(4-1)5-3-7-10-9/h1-7H,SMWDFEZZVXVKRB-UHFFFAOYSA-N,quinoline,4,1,4,4,408.35,435.45,27.099999999999966,2,1,False,False,0,13,0,0,0,False,False,"[""10.1021/je025576d""]",[]
"InChI=1S/C9H7NO2/c1-12-9(11)8-4-2-7(6-10)3-5-8/h2-5H,1H3",KKZMIDYKRKGJHG-UHFFFAOYSA-N,methyl p-cyanobenzoate,19,1,19,19,339.83,393.05,53.22000000000003,6,6,True,True,1,2,0,0,0,False,False,"[""10.1021/acs.jced.5b00978""]",[]
InChI=1S/C9H8N2/c1-2-4-9(5-3-1)11-7-6-10-8-11/h1-8H,SEULWJSKCVACTH-UHFFFAOYSA-N,1-phenylimidazole,11,1,11,11,308.6,353.1,44.5,3,4,True,True,1,3,1,0,0,False,False,"[""10.1016/j.fluid.2016.11.010""]","[""rdr250199#csvline9383""]"
InChI=1S/C9H8N2/c1-2-5-9(6-3-1)11-8-4-7-10-11/h1-8H,WITMXBRCQWOZPX-UHFFFAOYSA-N,1-phenylpyrazole,14,1,14,14,294.2,360.8,66.60000000000002,4,5,True,True,1,3,1,1,0,False,False,"[""10.1016/j.jct.2018.07.020""]","[""rdr250199#csvline9381""]"
InChI=1S/C9H8O/c10-8-4-7-9-5-2-1-3-6-9/h1-8H,KJPRLNWUNMBNBZ-UHFFFAOYSA-N,(E)-3-phenyl-2-propanal,2,1,2,2,442.84,463.15,20.310000000000002,1,1,False,False,0,0,0,0,0,False,False,"[""10.1016/j.fluid.2013.12.002""]",[]
"InChI=1S/C9H9N/c1-10-7-6-8-4-2-3-5-9(8)10/h2-7H,1H3",BLRHMMGNCXNXJL-UHFFFAOYSA-N,1-methylindole,34,1,34,33,278.42,341.9,63.47999999999996,10,10,True,True,1,4,1,1,0,False,False,"[""10.1016/j.jct.2014.04.026""]","[""rdr250199#csvline9395""]"
"InChI=1S/C9H9N/c1-7-6-8-4-2-3-5-9(8)10-7/h2-6,10H,1H3",BHNHHSOHWZKFOX-UHFFFAOYSA-N,2-methylindole,22,1,21,19,339.986,483.994,144.00800000000004,6,5,True,True,2,7,0,0,0,False,False,"[""10.1016/j.jct.2018.05.029""]",[]
"InChI=1S/C9HF17O2/c10-2(11,1(27)28)3(12,13)4(14,15)5(16,17)6(18,19)7(20,21)8(22,23)9(24,25)26/h(H,27,28)",UZUFPBIDKMEQEQ-UHFFFAOYSA-N,perfluorononanoic acid,6,1,6,6,372.78,423.86,51.08000000000004,2,2,True,False,0,0,0,0,0,True,False,"[""10.1021/je050070r""]",[]
"InChI=1S/CBrCl3/c2-1(3,4)5",XNNQFQFUQLJSQT-UHFFFAOYSA-N,bromotrichloromethane,1,1,1,1,308.15,308.15,0.0,1,1,False,False,0,2,0,0,0,False,False,"[""10.1016/j.fluid.2015.03.023""]",[]
"InChI=1S/CCl4/c2-1(3,4)5",VZGDMQKNWNREIO-UHFFFAOYSA-N,tetrachloromethane,6,2,5,5,283.15,303.15,20.0,2,2,False,False,0,13,7,3,0,False,False,"[""10.1016/j.fluid.2004.10.025"",""10.1021/je034153o""]","[""rdr250199#csvline87"",""rdr250199#csvline88"",""rdr250199#csvline89"",""rdr250199#csvline90"",""rdr250199#csvline91"",""rdr250199#csvline92"",""rdr250199#csvline94""]"
InChI=1S/CH2Br2/c2-1-3/h1H2,FJBFPHVGVWTDIP-UHFFFAOYSA-N,dibromomethane,2,2,2,2,308.15,313.15,5.0,1,1,False,False,0,5,1,0,0,False,False,"[""10.1016/j.fluid.2015.03.023"",""10.1021/je034259j""]","[""rdr250199#csvline239""]"
"InChI=1S/CH3NO/c2-1-3/h1H,(H2,2,3)",ZHNUHDYFZUAESO-UHFFFAOYSA-N,formamide,25,2,24,24,303.4,425.3,121.90000000000003,3,8,True,True,1,13,0,0,0,False,False,"[""10.1021/je200683f"",""10.1021/je700517f""]",[]
InChI=1S/CH3NO2/c1-2(3)4/h1H3,LYGJENNIWJXYER-UHFFFAOYSA-N,nitromethane,3,1,3,3,298.15,318.15,20.0,1,1,False,False,0,15,8,1,0,False,False,"[""10.1016/j.fluid.2012.10.015""]","[""rdr250199#csvline341"",""rdr250199#csvline342"",""rdr250199#csvline343"",""rdr250199#csvline344"",""rdr250199#csvline346"",""rdr250199#csvline347"",""rdr250199#csvline349"",""rdr250199#csvline350""]"
"InChI=1S/CH4O/c1-2/h2H,1H3",OKKJLVBELUTLKV-UHFFFAOYSA-N,methanol,13,7,9,9,274.15,301.45,27.30000000000001,4,2,False,False,0,39,19,4,0,False,False,"[""10.1016/j.fluid.2005.07.008"",""10.1016/j.jct.2005.03.004"",""10.1016/j.jct.2012.09.032"",""10.1016/j.jct.2015.01.001"",""10.1016/j.jct.2015.02.022"",""10.1021/je034197x"",""10.1021/je501033z""]","[""rdr250199#csvline383"",""rdr250199#csvline384"",""rdr250199#csvline385"",""rdr250199#csvline391"",""rdr250199#csvline392"",""rdr250199#csvline393"",""rdr250199#csvline394"",""rdr250199#csvline395"",""rdr250199#csvline396"",""rdr250199#csvline397"",""rdr250199#csvline398"",""rdr250199#csvline399"",""rdr250199#csvline400"",""rdr250199#csvline402"",""rdr250199#csvline403"",""rdr250199#csvline404"",""rdr250199#csvline405"",""rdr250199#csvline408"",""rdr250199#csvline409""]"
InChI=1S/CS2/c2-1-3,QGJOPFRUJISHPQ-UHFFFAOYSA-N,carbon disulfide,2,2,2,1,273.115,273.115,0.0,1,1,False,False,0,13,3,0,0,False,False,"[""10.1016/j.fluid.2007.07.013"",""10.1021/je400885z""]","[""rdr250199#csvline168"",""rdr250199#csvline169"",""rdr250199#csvline170""]"
