series_id,inchi,name,source_doi,method,pressure_rows,distinct_T,temperature_levels_0p1K,T_min_K,T_max_K,T_span_K,warm_T_count,cold_T_count,long_curve,three_anchor_curve
10.1007/s10765-018-2361-8#d2#p1,"InChI=1S/C3H8O/c1-3(2)4/h3-4H,1-2H3",propan-2-ol,10.1007/s10765-018-2361-8,Closed cell (Static) method,2,2,2,297.9,303.7,5.800000000000011,1,1,False,False
10.1016/j.fluid.2004.02.021#d1#p1,InChI=1S/C2H2Cl4/c3-1(4)2(5)6/h1-2H,"1,1,2,2-tetrachloroethane",10.1016/j.fluid.2004.02.021,CCELL:UFactor:2,9,9,9,283.15,323.15,40.0,3,3,True,True
10.1016/j.fluid.2004.02.021#d2#p1,InChI=1S/C2Cl4/c3-1(4)2(5)6,tetrachloroethene,10.1016/j.fluid.2004.02.021,CCELL:UFactor:2,9,9,9,283.15,323.15,40.0,3,3,True,True
10.1016/j.fluid.2004.02.021#d3#p1,InChI=1S/C6H6/c1-2-4-6-5-3-1/h1-6H,benzene,10.1016/j.fluid.2004.02.021,CCELL:UFactor:2,6,6,6,283.15,308.15,25.0,2,2,False,False
10.1016/j.fluid.2004.10.022#d12#p1,"InChI=1S/C6H12O2/c1-5(7)8-6(2,3)4/h1-4H3","1,1-dimethylethyl ethanoate",10.1016/j.fluid.2004.10.022,EBULLIO:UFactor:8,6,6,6,307.53,325.46,17.930000000000007,2,2,False,False
10.1016/j.fluid.2004.10.022#d3#p1,"InChI=1S/C4H10O/c1-4(2)3-5/h4-5H,3H2,1-2H3",2-methyl-1-propanol,10.1016/j.fluid.2004.10.022,EBULLIO:UFactor:8,1,1,1,342.52,342.52,0.0,1,1,False,False
10.1016/j.fluid.2004.10.022#d6#p1,"InChI=1S/C6H12O2/c1-5(2)4-8-6(3)7/h5H,4H2,1-3H3",2-methylpropyl ethanoate,10.1016/j.fluid.2004.10.022,EBULLIO:UFactor:8,7,7,7,307.43,342.95,35.51999999999998,3,2,True,True
10.1016/j.fluid.2004.10.022#d9#p1,"InChI=1S/C4H10O/c1-4(2,3)5/h5H,1-3H3",2-methylpropan-2-ol,10.1016/j.fluid.2004.10.022,EBULLIO:UFactor:8,6,6,6,300.93,320.17,19.24000000000001,2,2,False,False
10.1016/j.fluid.2004.10.025#d1#p1,"InChI=1S/CCl4/c2-1(3,4)5",tetrachloromethane,10.1016/j.fluid.2004.10.025,CCELL:UFactor:2,5,5,5,283.15,303.15,20.0,2,2,False,False
10.1016/j.fluid.2004.10.025#d2#p1,InChI=1S/C2H2Cl4/c3-1(4)2(5)6/h1-2H,"1,1,2,2-tetrachloroethane",10.1016/j.fluid.2004.10.025,CCELL:UFactor:2,9,9,9,283.15,323.15,40.0,3,3,True,True
10.1016/j.fluid.2004.10.025#d3#p1,InChI=1S/C2Cl4/c3-1(4)2(5)6,tetrachloroethene,10.1016/j.fluid.2004.10.025,CCELL:UFactor:2,9,9,9,283.15,323.15,40.0,3,3,True,True
10.1016/j.fluid.2004.11.024#d1#p1,"InChI=1S/C10H13BrO/c1-8(2)7-12-10-6-4-3-5-9(10)11/h3-6,8H,7H2,1-2H3",1-bromo-2-isobutoxybenzene,10.1016/j.fluid.2004.11.024,Transpiration method,13,13,13,293.3,323.2,29.899999999999977,4,4,False,False
10.1016/j.fluid.2004.11.024#d2#p1,"InChI=1S/C10H13BrO/c1-8(2)7-12-10-5-3-4-9(11)6-10/h3-6,8H,7H2,1-2H3",1-bromo-3-isobutoxybenzene,10.1016/j.fluid.2004.11.024,Transpiration method,14,14,14,290.2,323.2,33.0,4,4,True,True
10.1016/j.fluid.2004.11.024#d3#p1,"InChI=1S/C10H13BrO/c1-8(2)7-12-10-5-3-9(11)4-6-10/h3-6,8H,7H2,1-2H3",1-bromo-4-isobutoxybenzene,10.1016/j.fluid.2004.11.024,Transpiration method,16,16,16,293.2,333.2,40.0,6,4,True,True
10.1016/j.fluid.2004.11.024#d4#p1,"InChI=1S/C11H15BrO/c1-8(2)7-13-11-5-4-9(3)6-10(11)12/h4-6,8H,7H2,1-3H3",2-bromo-1-isobutoxy-4-methylbenzene,10.1016/j.fluid.2004.11.024,Transpiration method,23,20,17,298.3,328.2,29.899999999999977,4,6,False,False
10.1016/j.fluid.2005.01.013#d1#p1,"InChI=1S/C3H8O/c1-2-3-4/h4H,2-3H2,1H3",propan-1-ol,10.1016/j.fluid.2005.01.013,CCELL:UFactor:4,6,6,6,293.15,318.15,25.0,2,2,False,False
10.1016/j.fluid.2005.01.013#d3#p1,"InChI=1S/C6H15N/c1-3-5-7-6-4-2/h7H,3-6H2,1-2H3",dipropylamine,10.1016/j.fluid.2005.01.013,CCELL:UFactor:4,6,6,6,293.15,318.15,25.0,2,2,False,False
10.1016/j.fluid.2005.02.015#d11#p1,"InChI=1S/C6H12O3/c1-4(2)9-6(8)5(3)7/h4-5,7H,1-3H3/t5-/m0/s1",isopropyl (S)-2-hydroxypropionate,10.1016/j.fluid.2005.02.015,EBULLIO:UFactor:32,6,6,6,355,380,25,2,2,False,False
10.1016/j.fluid.2005.02.015#d14#p1,"InChI=1S/C7H14O3/c1-3-4-5-10-7(9)6(2)8/h6,8H,3-5H2,1-2H3/t6-/m0/s1",butyl L-lactate,10.1016/j.fluid.2005.02.015,EBULLIO:UFactor:32,4,4,4,390,405,15,1,1,False,False
10.1016/j.fluid.2005.03.014#d5#p1,"InChI=1S/C3H7NO/c1-4(2)3-5/h3H,1-2H3",dimethylformamide,10.1016/j.fluid.2005.03.014,EBULLIO:UFactor:16,7,7,7,345.45,370.69,25.24000000000001,2,2,False,False
10.1016/j.fluid.2005.03.016#d3#p1,"InChI=1S/C2H6O/c1-2-3/h3H,2H2,1H3",ethanol,10.1016/j.fluid.2005.03.016,Closed cell (Static) method,1,1,1,313.07,313.07,0.0,1,1,False,False
10.1016/j.fluid.2005.03.016#d4#p1,"InChI=1S/C3H8O/c1-3(2)4/h3-4H,1-2H3",propan-2-ol,10.1016/j.fluid.2005.03.016,Closed cell (Static) method,1,1,1,313.11,313.11,0.0,1,1,False,False
10.1016/j.fluid.2005.03.016#d5#p1,"InChI=1S/C4H10O/c1-3-4(2)5/h4-5H,3H2,1-2H3",butan-2-ol,10.1016/j.fluid.2005.03.016,Closed cell (Static) method,1,1,1,313.1,313.1,0.0,1,1,False,False
10.1016/j.fluid.2005.03.016#d6#p1,"InChI=1S/C4H10O/c1-4(2,3)5/h5H,1-3H3",2-methylpropan-2-ol,10.1016/j.fluid.2005.03.016,Closed cell (Static) method,1,1,1,313.08,313.08,0.0,1,1,False,False
10.1016/j.fluid.2005.03.019#d2#p1,"InChI=1S/C16H28O4/c1-11(2)9-19-15(17)13-7-5-6-8-14(13)16(18)20-10-12(3)4/h11-14H,5-10H2,1-4H3",diisobutyl hexahydrophthalate,10.1016/j.fluid.2005.03.019,EBULLIO:UFactor:32,6,6,6,434.4,491.5,57.10000000000002,3,2,True,True
10.1016/j.fluid.2005.04.020#d2#p1,"InChI=1S/C4H9NO/c1-2-3-4(5)6/h2-3H2,1H3,(H2,5,6)",butanamide,10.1016/j.fluid.2005.04.020,Ebulliometric method (Recirculating still),21,20,13,422.25,452.12,29.870000000000005,1,8,False,False
10.1016/j.fluid.2005.05.003#d1#p1,"InChI=1S/C7H8/c1-7-5-3-2-4-6-7/h2-6H,1H3",toluene,10.1016/j.fluid.2005.05.003,EBULLIO:UFactor:32,1,1,1,333.15,333.15,0.0,1,1,False,False
10.1016/j.fluid.2005.05.003#d2#p1,"InChI=1S/C8H18/c1-3-5-7-8-6-4-2/h3-8H2,1-2H3",octane,10.1016/j.fluid.2005.05.003,EBULLIO:UFactor:32,2,2,2,333.15,343.15,10.0,1,1,False,False
10.1016/j.fluid.2005.05.003#d3#p1,"InChI=1S/C6H13N/c7-6-4-2-1-3-5-6/h6H,1-5,7H2",cyclohexylamine,10.1016/j.fluid.2005.05.003,EBULLIO:UFactor:32,3,3,3,333.15,353.15,20.0,1,1,False,False
10.1016/j.fluid.2005.05.003#d5#p1,"InChI=1S/C6H7N/c7-6-4-2-1-3-5-6/h1-5H,7H2",aniline,10.1016/j.fluid.2005.05.003,EBULLIO:UFactor:8,2,2,2,333.15,363.15,30.0,1,1,False,False
10.1016/j.fluid.2005.05.024#d6#p1,"InChI=1S/C6H12O/c1-5(2)4-6(3)7/h5H,4H2,1-3H3",4-methylpentan-2-one,10.1016/j.fluid.2005.05.024,EBULLIO:UFactor:4,2,2,2,330,340,10,1,1,False,False
10.1016/j.fluid.2005.06.017#d1#p1,"InChI=1S/C5H9NO/c1-6-4-2-3-5(6)7/h2-4H2,1H3",N-methylpyrrolidone,10.1016/j.fluid.2005.06.017,Ebulliometric method (Recirculating still),3,3,3,333.15,373.15,40.0,1,1,False,False
10.1016/j.fluid.2005.06.019#d9#p1,"InChI=1S/C6H14O/c1-2-3-4-5-6-7/h7H,2-6H2,1H3",hexan-1-ol,10.1016/j.fluid.2005.06.019,EBULLIO:UFactor:16,8,8,7,356.39,384.925,28.535000000000025,3,2,False,False
10.1016/j.fluid.2005.07.008#d1#p1,"InChI=1S/CH4O/c1-2/h2H,1H3",methanol,10.1016/j.fluid.2005.07.008,CCELL:UFactor:2,2,1,1,298.15,298.15,0.0,1,1,False,False
10.1016/j.fluid.2005.07.008#d2#p1,"InChI=1S/C2H6O/c1-2-3/h3H,2H2,1H3",ethanol,10.1016/j.fluid.2005.07.008,CCELL:UFactor:8,4,4,4,298.15,313.15,15.0,1,1,False,False
10.1016/j.fluid.2005.07.008#d3#p1,"InChI=1S/C3H8O/c1-2-3-4/h4H,2-3H2,1H3",propan-1-ol,10.1016/j.fluid.2005.07.008,CCELL:UFactor:8,4,4,4,298.15,313.15,15.0,1,1,False,False
10.1016/j.fluid.2005.07.008#d4#p1,InChI=1S/C6H6/c1-2-4-6-5-3-1/h1-6H,benzene,10.1016/j.fluid.2005.07.008,CCELL:UFactor:8,3,3,3,298.15,308.15,10.0,1,1,False,False
10.1016/j.fluid.2005.09.011#d1#p1,"InChI=1S/C8H2F16/c9-1(10)3(13,14)5(17,18)7(21,22)8(23,24)6(19,20)4(15,16)2(11)12/h1-2H","1,1,2,2,3,3,4,4,5,5,6,6,7,7,8,8-hexadecafluorooctane",10.1016/j.fluid.2005.09.011,CCELL:UFactor:8,10,10,10,289.31,333.14,43.829999999999984,3,3,True,True
10.1016/j.fluid.2005.09.015#d9#p1,"InChI=1S/C7H14O2/c1-3-5-6-9-7(8)4-2/h3-6H2,1-2H3",butyl propanoate,10.1016/j.fluid.2005.09.015,Ebulliometric method (Recirculating still),5,5,5,351.45,364.68,13.230000000000018,2,2,False,False
10.1016/j.fluid.2005.10.024#d1#p1,"InChI=1S/C6H14O/c1-5-6(2,3)7-4/h5H2,1-4H3",2-methoxy-2-methylbutane,10.1016/j.fluid.2005.10.024,CCELL:UFactor:2,2,1,1,313.15,313.15,0.0,1,1,False,False
10.1016/j.fluid.2005.11.014#d2#p1,"InChI=1S/C3H8O/c1-2-3-4/h4H,2-3H2,1H3",propan-1-ol,10.1016/j.fluid.2005.11.014,Closed cell (Static) method,2,1,1,313.15,313.15,0.0,1,1,False,False
10.1016/j.fluid.2005.11.016#d1#p1,"InChI=1S/C7H9N/c1-6-4-3-5-7(2)8-6/h3-5H,1-2H3","2,6-dimethylpyridine",10.1016/j.fluid.2005.11.016,CCELL:UFactor:2,10,10,10,263.15,353.15,90.0,3,3,True,True
10.1016/j.fluid.2005.11.016#d2#p1,"InChI=1S/C7H9N/c1-6-3-7(2)5-8-4-6/h3-5H,1-2H3","3,5-dimethylpyridine",10.1016/j.fluid.2005.11.016,CCELL:UFactor:2,10,10,10,263.15,353.15,90.0,3,3,True,True
10.1016/j.fluid.2005.11.016#d3#p1,"InChI=1S/C7H8/c1-7-5-3-2-4-6-7/h2-6H,1H3",toluene,10.1016/j.fluid.2005.11.016,CCELL:UFactor:2,8,8,8,263.15,333.15,70.0,3,3,True,True
10.1016/j.fluid.2005.11.017#d3#p1,"InChI=1S/C4H10O/c1-4(2)3-5/h4-5H,3H2,1-2H3",2-methyl-1-propanol,10.1016/j.fluid.2005.11.017,CCELL:UFactor:2,4,1,1,313.15,313.15,0.0,1,1,False,False
10.1016/j.fluid.2005.11.026#d1#p1,"InChI=1S/C8H18O/c1-3-5-7-9-8-6-4-2/h3-8H2,1-2H3",dibutyl ether,10.1016/j.fluid.2005.11.026,Closed cell (Static) method,3,1,1,313.15,313.15,0.0,1,1,False,False
10.1016/j.fluid.2005.11.026#d3#p1,"InChI=1S/C7H8/c1-7-5-3-2-4-6-7/h2-6H,1H3",toluene,10.1016/j.fluid.2005.11.026,Closed cell (Static) method,3,1,1,313.15,313.15,0.0,1,1,False,False
10.1016/j.fluid.2006.03.014#d1#p1,"InChI=1S/C4H11NO/c1-4(2,5)3-6/h6H,3,5H2,1-2H3",2-amino-2-methylpropan-1-ol,10.1016/j.fluid.2006.03.014,EBULLIO:UFactor:32,4,4,4,373.25,393.05,19.80000000000001,2,1,False,False
10.1016/j.fluid.2006.06.005#d3#p1,"InChI=1S/C2H4O2/c1-2(3)4/h1H3,(H,3,4)",acetic acid,10.1016/j.fluid.2006.06.005,EBULLIO:UFactor:4,1,1,1,323.15,323.15,0.0,1,1,False,False
10.1016/j.fluid.2006.06.013#d2#p1,"InChI=1S/C10H10O4/c1-13-9(11)7-5-3-4-6-8(7)10(12)14-2/h3-6H,1-2H3","dimethyl 1,2-benzenedicarboxylate",10.1016/j.fluid.2006.06.013,EBULLIO:UFactor:16,8,8,8,417.59,486.11,68.52000000000004,3,3,True,True
10.1016/j.fluid.2006.06.017#d12#p1,"InChI=1S/C8H18O/c1-3-5-7-9-8-6-4-2/h3-8H2,1-2H3",dibutyl ether,10.1016/j.fluid.2006.06.017,Ebulliometric method (Recirculating still),5,5,5,346.03,363.51,17.480000000000018,2,2,False,False
10.1016/j.fluid.2006.06.017#d3#p1,"InChI=1S/C3H8O/c1-2-3-4/h4H,2-3H2,1H3",propan-1-ol,10.1016/j.fluid.2006.06.017,Ebulliometric method (Recirculating still),1,1,1,332.63,332.63,0.0,1,1,False,False
10.1016/j.fluid.2006.06.017#d6#p1,"InChI=1S/C4H10O/c1-2-3-4-5/h5H,2-4H2,1H3",butan-1-ol,10.1016/j.fluid.2006.06.017,Ebulliometric method (Recirculating still),1,1,1,351.18,351.18,0.0,1,1,False,False
10.1016/j.fluid.2006.06.017#d9#p1,"InChI=1S/C6H14O/c1-3-5-7-6-4-2/h3-6H2,1-2H3",dipropyl ether,10.1016/j.fluid.2006.06.017,Ebulliometric method (Recirculating still),6,6,6,302.6,317.33,14.729999999999961,3,2,False,False
10.1016/j.fluid.2006.07.007#d1#p1,"InChI=1S/C2H6O/c1-2-3/h3H,2H2,1H3",ethanol,10.1016/j.fluid.2006.07.007,Ebulliometric method (Recirculating still),3,3,3,292.33,311.14,18.810000000000002,1,1,False,False
10.1016/j.fluid.2006.08.007#d1#p1,"InChI=1S/C6H10/c1-3-5-6-4-2/h1H,4-6H2,2H3",1-hexyne,10.1016/j.fluid.2006.08.007,Closed cell (Static) method,5,5,5,263.15,298.15,35.0,2,2,False,False
10.1016/j.fluid.2006.08.007#d2#p1,"InChI=1S/C5H12O/c1-5(2,3)6-4/h1-4H3",2-methoxy-2-methylpropane,10.1016/j.fluid.2006.08.007,Closed cell (Static) method,3,3,3,263.15,283.15,20.0,1,1,False,False
10.1016/j.fluid.2006.08.007#d3#p1,"InChI=1S/C6H10/c1-3-5-6-4-2/h3,5H2,1-2H3",2-hexyne,10.1016/j.fluid.2006.08.007,Closed cell (Static) method,7,7,7,263.15,313.15,50.0,3,2,True,True
10.1016/j.fluid.2006.09.001#d1#p1,"InChI=1S/C13H19BrO4/c1-15-6-7-16-8-9-17-10-11-18-13-5-3-2-4-12(13)14/h2-5H,6-11H2,1H3",1-bromo-2-(2-(2-(2-methoxyethoxy)ethoxy)ethoxy)benzene,10.1016/j.fluid.2006.09.001,Transpiration method,2,2,2,367.9,369.9,2.0,1,1,False,False
10.1016/j.fluid.2006.09.001#d2#p1,"InChI=1S/C11H15BrO3/c1-13-6-7-14-8-9-15-11-5-3-2-4-10(11)12/h2-5H,6-9H2,1H3",1-bromo-2-(2-(2-methoxyethoxy)ethoxy)benzene,10.1016/j.fluid.2006.09.001,Transpiration method,22,21,21,339.1,373.5,34.39999999999998,5,7,True,True
10.1016/j.fluid.2006.09.001#d3#p1,"InChI=1S/C9H11BrO2/c1-11-6-7-12-9-5-3-2-4-8(9)10/h2-5H,6-7H2,1H3",1-bromo-2-(2-methoxyethoxy)benzene,10.1016/j.fluid.2006.09.001,Transpiration method,22,21,21,302.4,368.4,66.0,8,6,True,True
10.1016/j.fluid.2006.09.019#d1#p1,"InChI=1S/C3H6O3/c1-6-3(5)2-4/h4H,2H2,1H3",methyl hydroxyethanoate,10.1016/j.fluid.2006.09.019,CCELL:UFactor:16,7,7,7,293.23,353.25,60.01999999999998,2,2,True,False
10.1016/j.fluid.2006.09.024#d1#p1,"InChI=1S/C10H16/c1-2-9-7-4-5-8(6-7)10(9)3-1/h7-10H,1-6H2/t7-,8+,9-,10+",endo-tetrahydrodicyclopentadiene,10.1016/j.fluid.2006.09.024,Ebulliometric method (Recirculating still),6,6,6,344.02,405.51,61.49000000000001,2,2,True,False
10.1016/j.fluid.2006.09.024#d2#p1,"InChI=1S/C10H16/c1-2-9-7-4-5-8(6-7)10(9)3-1/h7-10H,1-6H2/t7-,8+,9+,10-",exo-tetrahydrodicyclopentadiene,10.1016/j.fluid.2006.09.024,Ebulliometric method (Recirculating still),6,6,6,335.45,400.07,64.62,2,2,True,False
10.1016/j.fluid.2006.10.024#d3#p1,InChI=1S/C3H6O2/c1-2-5-3-4-1/h1-3H2,"1,3-dioxolane",10.1016/j.fluid.2006.10.024,EBULLIO::UFactor:2,1,1,1,298.15,298.15,0.0,1,1,False,False
10.1016/j.fluid.2006.10.024#d5#p1,InChI=1S/C4H8O2/c1-2-6-4-3-5-1/h1-4H2,"1,4-dioxane",10.1016/j.fluid.2006.10.024,EBULLIO::UFactor:2,3,3,3,298.15,328.15,30.0,1,1,False,False
10.1016/j.fluid.2006.10.024#d7#p1,"InChI=1S/C5H11Cl/c1-2-3-4-5-6/h2-5H2,1H3",1-chloropentane,10.1016/j.fluid.2006.10.024,EBULLIO:UFactor:2,3,3,3,298.15,328.15,30.0,1,1,False,False
10.1016/j.fluid.2006.10.024#d9#p1,InChI=1S/C5H10O/c1-2-4-6-5-3-1/h1-5H2,tetrahydropyran,10.1016/j.fluid.2006.10.024,EBULLIO:UFactor:2,2,2,2,298.15,313.15,15.0,1,1,False,False
10.1016/j.fluid.2007.03.017#d1#p1,"InChI=1S/C6H14O/c1-5(2)7-6(3)4/h5-6H,1-4H3",diisopropyl ether,10.1016/j.fluid.2007.03.017,CCELL:UFactor:8,4,4,4,263.75,293.29,29.54000000000002,1,1,False,False
10.1016/j.fluid.2007.03.017#d2#p1,"InChI=1S/C7H8/c1-7-5-3-2-4-6-7/h2-6H,1H3",toluene,10.1016/j.fluid.2007.03.017,CCELL:UFactor:8,8,8,8,263.75,333.22,69.47000000000003,3,3,True,True
10.1016/j.fluid.2007.03.017#d3#p1,"InChI=1S/C8H10/c1-7-4-3-5-8(2)6-7/h3-6H,1-2H3","1,3-dimethylbenzene",10.1016/j.fluid.2007.03.017,CCELL:UFactor:8,9,9,9,263.75,343.18,79.43,3,3,True,True
10.1016/j.fluid.2007.03.030#d9#p1,"InChI=1S/C4H10O2/c1-2-6-4-3-5/h5H,2-4H2,1H3",2-ethoxyethan-1-ol,10.1016/j.fluid.2007.03.030,Ebulliometric method (Recirculating still),5,5,5,345.63,359.27,13.639999999999986,2,2,False,False
10.1016/j.fluid.2007.05.030#d2#p1,"InChI=1S/C4H8O3/c1-4(6)7-3-2-5/h5H,2-3H2,1H3",2-hydroxyethyl acetate,10.1016/j.fluid.2007.05.030,EBULLIO:UFactor:16,3,3,3,363.15,403.66,40.51000000000005,1,2,False,False
10.1016/j.fluid.2007.05.030#d3#p1,"InChI=1S/C4H8O3/c1-4(6)7-3-2-5/h5H,2-3H2,1H3",2-hydroxyethyl acetate,10.1016/j.fluid.2007.05.030,CCELL:UFactor:4,3,1,1,363.15,363.15,0.0,1,1,False,False
10.1016/j.fluid.2007.05.030#d5#p1,"InChI=1S/C6H10O4/c1-5(7)9-3-4-10-6(2)8/h3-4H2,1-2H3",ethylene diacetate,10.1016/j.fluid.2007.05.030,CCELL::UFactor:4,4,1,1,363.15,363.15,0.0,1,1,False,False
10.1016/j.fluid.2007.05.030#d6#p1,"InChI=1S/C2H6O2/c3-1-2-4/h3-4H,1-2H2","1,2-ethanediol",10.1016/j.fluid.2007.05.030,CCELL:UFactor:4,3,1,1,363.15,363.15,0.0,1,1,False,False
10.1016/j.fluid.2007.06.001#d2#p1,"InChI=1S/C9H20/c1-3-5-7-9-8-6-4-2/h3-9H2,1-2H3",nonane,10.1016/j.fluid.2007.06.001,CCELL::UFactor:8,1,1,1,353.15,353.15,0.0,1,1,False,False
10.1016/j.fluid.2007.07.013#d2#p1,InChI=1S/C2H6S/c1-3-2/h1-2H3,2-thiapropane,10.1016/j.fluid.2007.07.013,CCELL:UFactor:4,2,2,2,252.89,253.06,0.17000000000001592,1,1,False,False
10.1016/j.fluid.2007.07.013#d3#p1,"InChI=1S/C3H8S/c1-3-4-2/h3H2,1-2H3",2-thiabutane,10.1016/j.fluid.2007.07.013,CCELL:UFactor:4,3,3,3,272.96,293.41,20.450000000000045,2,1,False,False
10.1016/j.fluid.2007.07.013#d6#p1,InChI=1S/CS2/c2-1-3,carbon disulfide,10.1016/j.fluid.2007.07.013,CCELL:UFactor:4,1,1,1,273.08,273.08,0.0,1,1,False,False
10.1016/j.fluid.2007.09.002#d1#p1,"InChI=1S/C5H12O/c1-3-4-5-6-2/h3-5H2,1-2H3",butyl methyl ether,10.1016/j.fluid.2007.09.002,Closed cell (Static) method,5,5,5,263.15,298.15,35.0,2,2,False,False
10.1016/j.fluid.2007.09.002#d2#p1,"InChI=1S/C8H18O/c1-3-5-7-9-8-6-4-2/h3-8H2,1-2H3",dibutyl ether,10.1016/j.fluid.2007.09.002,Closed cell (Static) method,10,10,10,263.15,343.15,80.0,3,3,True,True
10.1016/j.fluid.2007.09.002#d3#p1,"InChI=1S/C6H10/c1-3-5-6-4-2/h3-4H2,1-2H3",3-hexyne,10.1016/j.fluid.2007.09.002,Closed cell (Static) method,6,6,6,263.15,303.15,40.0,3,2,True,True
10.1016/j.fluid.2007.09.002#d4#p1,"InChI=1S/C6H10/c1-3-5-6-4-2/h3,5H2,1-2H3",2-hexyne,10.1016/j.fluid.2007.09.002,Closed cell (Static) method,7,7,7,263.15,313.15,50.0,3,2,True,True
10.1016/j.fluid.2007.09.014#d9#p1,"InChI=1S/C3H8O2/c1-5-3-2-4/h4H,2-3H2,1H3",2-methoxyethan-1-ol,10.1016/j.fluid.2007.09.014,Ebulliometric method (Recirculating still),6,6,6,336.18,352.13,15.949999999999989,2,2,False,False
10.1016/j.fluid.2007.11.002#d15#p1,InChI=1S/C4H8O2/c1-2-6-4-3-5-1/h1-4H2,"1,4-dioxane",10.1016/j.fluid.2007.11.002,Ebulliometric method (Recirculating still),1,1,1,323.15,323.15,0.0,1,1,False,False
10.1016/j.fluid.2007.11.002#d9#p1,"InChI=1S/C4H10O/c1-4(2)3-5/h4-5H,3H2,1-2H3",2-methyl-1-propanol,10.1016/j.fluid.2007.11.002,Ebulliometric method (Recirculating still),1,1,1,333.15,333.15,0.0,1,1,False,False
10.1016/j.fluid.2007.12.005#d3#p1,"InChI=1S/C7H16/c1-3-5-7-6-4-2/h3-7H2,1-2H3",heptane,10.1016/j.fluid.2007.12.005,Closed cell (Static) method,2,1,1,313.15,313.15,0.0,1,1,False,False
10.1016/j.fluid.2008.02.001#d1#p1,"InChI=1S/C5H10O2/c1-3-4-5(6)7-2/h3-4H2,1-2H3",methyl butanoate,10.1016/j.fluid.2008.02.001,Transpiration method,24,21,21,274.3,303.2,28.899999999999977,5,6,False,False
10.1016/j.fluid.2008.02.001#d10#p1,"InChI=1S/C9H18O2/c1-4-6-7-11-9(10)8(3)5-2/h8H,4-7H2,1-3H3","butanoic acid, 2-methyl-, butyl ester",10.1016/j.fluid.2008.02.001,Transpiration method,13,13,13,274.2,319.2,45.0,4,5,True,True
10.1016/j.fluid.2008.02.001#d11#p1,"InChI=1S/C7H14O2/c1-7(2,3)5-6(8)9-4/h5H2,1-4H3","methyl 3,3-dimethylbutanoate",10.1016/j.fluid.2008.02.001,Transpiration method,24,24,24,273.9,313.2,39.30000000000001,7,10,True,True
10.1016/j.fluid.2008.02.001#d2#p1,"InChI=1S/C6H12O2/c1-3-4-5-6(7)8-2/h3-5H2,1-2H3",methyl pentanoate,10.1016/j.fluid.2008.02.001,Transpiration method,31,28,25,274.9,311.2,36.30000000000001,4,9,True,True
10.1016/j.fluid.2008.02.001#d3#p1,"InChI=1S/C7H14O2/c1-3-4-5-6-7(8)9-2/h3-6H2,1-2H3",methyl hexanoate,10.1016/j.fluid.2008.02.001,Transpiration method,28,26,24,280.7,331.4,50.69999999999999,5,11,True,True
10.1016/j.fluid.2008.02.001#d4#p1,"InChI=1S/C8H16O2/c1-3-4-5-6-7-8(9)10-2/h3-7H2,1-2H3",methyl heptanoate,10.1016/j.fluid.2008.02.001,Transpiration method,14,14,14,278.1,313.2,35.099999999999966,5,4,True,True
10.1016/j.fluid.2008.02.001#d5#p1,"InChI=1S/C7H14O2/c1-5-7(3,4)9-6(2)8/h5H2,1-4H3","1,1-dimethylpropyl acetate",10.1016/j.fluid.2008.02.001,Transpiration method,22,22,21,273.7,308.4,34.69999999999999,7,8,True,True
10.1016/j.fluid.2008.02.001#d6#p1,"InChI=1S/C8H16O2/c1-5-7(9)10-8(3,4)6-2/h5-6H2,1-4H3","1,1-dimethylpropyl propanoate",10.1016/j.fluid.2008.02.001,Transpiration method,15,15,15,273.9,310.4,36.5,4,6,True,True
10.1016/j.fluid.2008.02.001#d7#p1,"InChI=1S/C9H18O2/c1-5-7-8(10)11-9(3,4)6-2/h5-7H2,1-4H3","1,1-dimethylpropyl butanoate",10.1016/j.fluid.2008.02.001,Transpiration method,21,21,21,274.5,309.5,35.0,6,7,True,True
10.1016/j.fluid.2008.02.001#d8#p1,"InChI=1S/C9H18O2/c1-5-6-7-11-8(10)9(2,3)4/h5-7H2,1-4H3","butyl 2,2-dimethylpropanoate",10.1016/j.fluid.2008.02.001,Transpiration method,22,22,22,273.6,313.3,39.69999999999999,6,7,True,True
10.1016/j.fluid.2008.02.001#d9#p1,"InChI=1S/C8H16O2/c1-6(2)5-10-8(9)7(3)4/h6-7H,5H2,1-4H3",2-methylpropyl 2-methylpropanoate,10.1016/j.fluid.2008.02.001,Transpiration method,13,13,13,274.2,319.2,45.0,5,4,True,True
10.1016/j.fluid.2008.02.018#d12#p1,InChI=1S/C5H8O/c6-5-3-1-2-4-5/h1-4H2,cyclopentanone,10.1016/j.fluid.2008.02.018,CCELL:UFactor:4,3,3,3,298.15,318.15,20.0,1,1,False,False
10.1016/j.fluid.2008.02.018#d3#p1,InChI=1S/C2H4Cl2/c3-1-2-4/h1-2H2,"1,2-dichloroethane",10.1016/j.fluid.2008.02.018,CCELL:UFactor:4,2,2,2,298.15,308.15,10.0,1,1,False,False
10.1016/j.fluid.2008.02.018#d6#p1,InChI=1S/C6H10O/c7-6-4-2-1-3-5-6/h1-5H2,cyclohexanone,10.1016/j.fluid.2008.02.018,CCELL:UFactor:4,3,3,3,298.15,318.15,20.0,1,1,False,False
10.1016/j.fluid.2008.02.021#d2#p1,"InChI=1S/C8H16O/c1-3-4-5-6-7-8(2)9/h3-7H2,1-2H3",2-octanone,10.1016/j.fluid.2008.02.021,Closed cell (Static) method,2,2,2,323.15,363.15,40.0,1,1,False,False
10.1016/j.fluid.2008.02.021#d4#p1,InChI=1S/C6H10O/c7-6-4-2-1-3-5-6/h1-5H2,cyclohexanone,10.1016/j.fluid.2008.02.021,Closed cell (Static) method,2,2,2,323.15,363.15,40.0,1,1,False,False
10.1016/j.fluid.2008.02.021#d6#p1,"InChI=1S/C6H14O/c1-2-3-4-5-6-7/h7H,2-6H2,1H3",hexan-1-ol,10.1016/j.fluid.2008.02.021,Closed cell (Static) method,2,2,2,323.15,363.15,40.0,1,1,False,False
10.1016/j.fluid.2008.02.021#d8#p1,"InChI=1S/C6H12O/c7-6-4-2-1-3-5-6/h6-7H,1-5H2",cyclohexanol,10.1016/j.fluid.2008.02.021,Closed cell (Static) method,2,2,2,323.15,363.15,40.0,1,1,False,False
10.1016/j.fluid.2008.03.013#d1#p1,InChI=1S/C3H4O3/c4-3-5-1-2-6-3/h1-2H2,ethylene carbonate,10.1016/j.fluid.2008.03.013,Transpiration method,29,29,27,310.3,369.5,59.19999999999999,9,7,True,True
10.1016/j.fluid.2008.03.013#d3#p1,"InChI=1S/C4H6O3/c1-3-2-6-4(5)7-3/h3H,2H2,1H3","4-methyl-1,3-dioxolan-2-one",10.1016/j.fluid.2008.03.013,Transpiration method,18,18,18,298.4,344.9,46.5,7,4,True,True
10.1016/j.fluid.2008.03.013#d4#p1,"InChI=1S/C5H8O3/c1-2-4-3-7-5(6)8-4/h4H,2-3H2,1H3","1,2-butylene carbonate",10.1016/j.fluid.2008.03.013,Transpiration method,15,15,15,288.6,343.8,55.19999999999999,5,4,True,True
10.1016/j.fluid.2008.03.013#d5#p1,"InChI=1S/C4H6O4/c5-1-3-2-7-4(6)8-3/h3,5H,1-2H2",glycerine carbonate,10.1016/j.fluid.2008.03.013,Transpiration method,16,16,16,348.4,398.5,50.10000000000002,5,5,True,True
10.1016/j.fluid.2008.03.015#d1#p1,InChI=1S/C2H4Cl2/c3-1-2-4/h1-2H2,"1,2-dichloroethane",10.1016/j.fluid.2008.03.015,Closed cell (Static) method,6,5,3,284.865,304.82,19.954999999999984,1,1,False,False
10.1016/j.fluid.2008.03.015#d2#p1,"InChI=1S/C4H10O/c1-3-5-4-2/h3-4H2,1-2H3",diethyl ether,10.1016/j.fluid.2008.03.015,Closed cell (Static) method,6,5,2,255.48,265.445,9.965000000000003,1,1,False,False
10.1016/j.fluid.2008.03.015#d3#p1,"InChI=1S/C6H14O/c1-5(2)7-6(3)4/h5-6H,1-4H3",diisopropyl ether,10.1016/j.fluid.2008.03.015,Closed cell (Static) method,4,3,2,284.93,294.905,9.974999999999966,1,1,False,False
10.1016/j.fluid.2008.03.015#d4#p1,"InChI=1S/C5H12O/c1-5(2,3)6-4/h1-4H3",2-methoxy-2-methylpropane,10.1016/j.fluid.2008.03.015,Closed cell (Static) method,3,3,2,274.905,284.82,9.91500000000002,1,1,False,False
10.1016/j.fluid.2008.04.016#d1#p1,"InChI=1S/C14H22/c1-13(2,3)11-7-9-12(10-8-11)14(4,5)6/h7-10H,1-6H3","1,4-bis(1,1-dimethylethyl)benzene",10.1016/j.fluid.2008.04.016,Transpiration method,14,14,13,354.15,383.25,29.100000000000023,4,4,False,False
10.1016/j.fluid.2008.04.016#d2#p1,"InChI=1S/C18H30/c1-16(2,3)13-10-14(17(4,5)6)12-15(11-13)18(7,8)9/h10-12H,1-9H3","1,3,5-tri-tert-butylbenzene",10.1016/j.fluid.2008.04.016,Transpiration method,16,16,16,352.15,382.65,30.5,4,5,True,True
10.1016/j.fluid.2008.04.016#d3#p1,"InChI=1S/C15H24/c1-11-8-12(14(2,3)4)10-13(9-11)15(5,6)7/h8-10H,1-7H3","3,5-di-tert-butyltoluene",10.1016/j.fluid.2008.04.016,Transpiration method,21,21,21,308.25,358.15,49.89999999999998,6,7,True,True
10.1016/j.fluid.2008.04.016#d4#p1,"InChI=1S/C15H24/c1-11-8-12(14(2,3)4)10-13(9-11)15(5,6)7/h8-10H,1-7H3","3,5-di-tert-butyltoluene",10.1016/j.fluid.2008.04.016,EBULLIO:UFactor:2,21,18,10,379.62,439.995,60.375,2,5,True,False
10.1016/j.fluid.2008.04.016#d5#p1,"InChI=1S/C12H18/c1-10(12(2,3)4)11-8-6-5-7-9-11/h5-10H,1-4H3","(1,2,2-trimethylpropyl)benzene",10.1016/j.fluid.2008.04.016,Transpiration method,13,13,13,296,325.8,29.80000000000001,4,4,False,False
10.1016/j.fluid.2008.06.004#d12#p1,"InChI=1S/C3H8O/c1-3(2)4/h3-4H,1-2H3",propan-2-ol,10.1016/j.fluid.2008.06.004,Ebulliometric method (Recirculating still),1,1,1,319.8,319.8,0.0,1,1,False,False
10.1016/j.fluid.2008.06.004#d3#p1,"InChI=1S/C4H8O/c1-3-4(2)5/h3H2,1-2H3",butanone,10.1016/j.fluid.2008.06.004,Ebulliometric method (Recirculating still),2,2,2,308.22,309.55,1.329999999999984,1,1,False,False
10.1016/j.fluid.2008.06.004#d6#p1,"InChI=1S/C2H6O/c1-2-3/h3H,2H2,1H3",ethanol,10.1016/j.fluid.2008.06.004,Ebulliometric method (Recirculating still),1,1,1,315.41,315.41,0.0,1,1,False,False
10.1016/j.fluid.2008.06.004#d9#p1,"InChI=1S/C3H8O/c1-2-3-4/h4H,2-3H2,1H3",propan-1-ol,10.1016/j.fluid.2008.06.004,EBULLIO:UFactor:4,1,1,1,332.67,332.67,0.0,1,1,False,False
10.1016/j.fluid.2008.06.006#d12#p1,InChI=1S/C6H12/c1-2-4-6-5-3-1/h1-6H2,cyclohexane,10.1016/j.fluid.2008.06.006,EBULLIO:UFactor:2,1,1,1,302.71,302.71,0.0,1,1,False,False
10.1016/j.fluid.2008.06.006#d8#p1,"InChI=1S/C6H14O/c1-5(2)7-6(3)4/h5-6H,1-4H3",diisopropyl ether,10.1016/j.fluid.2008.06.006,Ebulliometric method (Recirculating still),1,1,1,293.25,293.25,0.0,1,1,False,False
10.1016/j.fluid.2008.06.022#d1#p1,"InChI=1S/C6H14O2/c1-3-4-8-5-6(2)7/h6-7H,3-5H2,1-2H3",1-propoxy-2-propanol,10.1016/j.fluid.2008.06.022,EBULLIO:UFactor:2,16,16,16,298.15,373.15,75.0,5,5,True,True
10.1016/j.fluid.2008.08.001#d3#p1,"InChI=1S/C18H34O4/c1-3-5-15-21-17(19)13-11-9-7-8-10-12-14-18(20)22-16-6-4-2/h3-16H2,1-2H3",dibutyl decanedioate,10.1016/j.fluid.2008.08.001,EBULLIO:UFactor:4,7,7,7,468.96,496.8,27.840000000000032,3,2,False,False
10.1016/j.fluid.2008.11.012#d3#p1,"InChI=1S/C6H12O/c1-5(2)4-6(3)7/h5H,4H2,1-3H3",4-methylpentan-2-one,10.1016/j.fluid.2008.11.012,Ebulliometric method (Recirculating still),6,6,6,321.83,340.98,19.150000000000034,3,1,False,False
10.1016/j.fluid.2008.11.012#d6#p1,"InChI=1S/C4H10O/c1-2-3-4-5/h5H,2-4H2,1H3",butan-1-ol,10.1016/j.fluid.2008.11.012,Ebulliometric method (Recirculating still),1,1,1,351.01,351.01,0.0,1,1,False,False
10.1016/j.fluid.2008.11.012#d9#p1,"InChI=1S/C4H10O/c1-3-4(2)5/h4-5H,3H2,1-2H3",butan-2-ol,10.1016/j.fluid.2008.11.012,Ebulliometric method (Recirculating still),6,6,6,319.62,334.87,15.25,3,1,False,False
10.1016/j.fluid.2009.02.010#d2#p1,"InChI=1S/C5H6S/c1-5-2-3-6-4-5/h2-4H,1H3",3-methylthiophene,10.1016/j.fluid.2009.02.010,Ebulliometric method (Recirculating still),1,1,1,333.15,333.15,0.0,1,1,False,False
10.1016/j.fluid.2009.04.006#d1#p1,"InChI=1S/C6H16N2/c1-7(2)5-6-8(3)4/h5-6H2,1-4H3","N,N,N',N'-tetramethyl-1,2-diaminoethane",10.1016/j.fluid.2009.04.006,Closed cell (Static) method,6,6,6,294.75,344.96,50.20999999999998,2,2,True,False
10.1016/j.fluid.2009.04.006#d2#p1,"InChI=1S/C5H11NO/c1-6-2-4-7-5-3-6/h2-5H2,1H3",N-methylmorpholine,10.1016/j.fluid.2009.04.006,Closed cell (Static) method,3,2,2,273.18,283.12,9.939999999999998,1,1,False,False
10.1016/j.fluid.2009.04.006#d3#p1,InChI=1S/C6H16N2O2/c7-1-3-9-5-6-10-4-2-8/h1-8H2,"1,2-bis(2-aminoethoxy)ethane",10.1016/j.fluid.2009.04.006,Closed cell (Static) method,7,7,7,292.92,353.02,60.099999999999966,2,2,True,False
10.1016/j.fluid.2009.04.006#d4#p1,"InChI=1S/C9H13NO/c11-7-6-10-8-9-4-2-1-3-5-9/h1-5,10-11H,6-8H2",2-benzylaminoethanol,10.1016/j.fluid.2009.04.006,Closed cell (Static) method,6,5,4,312.85,362.91,50.06,2,1,False,False
10.1016/j.fluid.2009.06.002#d3#p1,"InChI=1S/C10H16/c1-2-9-7-4-5-8(6-7)10(9)3-1/h7-10H,1-6H2/t7-,8+,9+,10-",exo-tetrahydrodicyclopentadiene,10.1016/j.fluid.2009.06.002,Twin ebulliometer,2,2,2,393,397.64,4.639999999999986,1,1,False,False
10.1016/j.fluid.2009.06.002#d5#p1,InChI=1S/C3H6O3/c1-5-3(4)6-2/h1-2H3,dimethyl carbonate,10.1016/j.fluid.2009.06.002,Twin ebulliometer,3,3,3,310,317.71,7.7099999999999795,1,1,False,False
10.1016/j.fluid.2009.08.023#d3#p1,"InChI=1S/C3H3F5/c4-2(5)1-3(6,7)8/h2H,1H2","1,1,1,3,3-pentafluoropropane",10.1016/j.fluid.2009.08.023,Closed cell (Static) method,3,3,3,251.164,252.679,1.5150000000000148,1,1,False,False
10.1016/j.fluid.2009.09.024#d10#p1,"InChI=1S/C7H8/c1-7-5-3-2-4-6-7/h2-6H,1H3",toluene,10.1016/j.fluid.2009.09.024,Closed cell (Static) method,1,1,1,333.15,333.15,0.0,1,1,False,False
10.1016/j.fluid.2009.09.024#d13#p1,"InChI=1S/C8H10/c1-7-4-3-5-8(2)6-7/h3-6H,1-2H3","1,3-dimethylbenzene",10.1016/j.fluid.2009.09.024,Closed cell (Static) method,2,2,2,333.15,353.15,20.0,1,1,False,False
10.1016/j.fluid.2009.09.024#d16#p1,InChI=1S/C4H8O2S/c5-7(6)3-1-2-4-7/h1-4H2,sulfolane,10.1016/j.fluid.2009.09.024,Closed cell (Static) method,2,2,2,333.15,353.15,20.0,1,1,False,False
10.1016/j.fluid.2009.09.024#d4#p1,"InChI=1S/C9H20/c1-3-5-7-9-8-6-4-2/h3-9H2,1-2H3",nonane,10.1016/j.fluid.2009.09.024,Closed cell (Static) method,2,2,2,333.15,353.15,20.0,1,1,False,False
10.1016/j.fluid.2009.09.024#d7#p1,"InChI=1S/C8H10/c1-7-5-3-4-6-8(7)2/h3-6H,1-2H3","1,2-dimethylbenzene",10.1016/j.fluid.2009.09.024,Closed cell (Static) method,4,2,2,333.15,353.15,20.0,1,1,False,False
10.1016/j.fluid.2009.12.002#d1#p1,"InChI=1S/C8H10/c1-7-5-3-4-6-8(7)2/h3-6H,1-2H3","1,2-dimethylbenzene",10.1016/j.fluid.2009.12.002,isothermal bubble-point pressure,3,3,3,333.15,353.15,20.0,1,1,False,False
10.1016/j.fluid.2009.12.002#d10#p1,"InChI=1S/C8H10/c1-7-3-5-8(2)6-4-7/h3-6H,1-2H3","1,4-dimethylbenzene",10.1016/j.fluid.2009.12.002,isothermal bubble-point pressure,3,3,3,333.15,353.15,20.0,1,1,False,False
10.1016/j.fluid.2009.12.002#d4#p1,"InChI=1S/C2H5NO/c1-3-2-4/h2H,1H3,(H,3,4)",N-methylformamide,10.1016/j.fluid.2009.12.002,isothermal bubble-point pressure,3,3,3,333.15,353.15,20.0,1,1,False,False
10.1016/j.fluid.2009.12.002#d7#p1,"InChI=1S/C8H10/c1-7-4-3-5-8(2)6-7/h3-6H,1-2H3","1,3-dimethylbenzene",10.1016/j.fluid.2009.12.002,isothermal bubble-point pressure,3,3,3,333.15,353.15,20.0,1,1,False,False
10.1016/j.fluid.2010.01.006#d1#p1,"InChI=1S/C4H10S/c1-3-5-4-2/h3-4H2,1-2H3",3-thiapentane,10.1016/j.fluid.2010.01.006,Closed cell (Static) method,6,5,4,307.94,317.62,9.680000000000007,2,1,False,False
10.1016/j.fluid.2010.02.030#d2#p1,"InChI=1S/C9H12/c1-7-4-5-8(2)9(3)6-7/h4-6H,1-3H3","1,2,4-trimethylbenzene",10.1016/j.fluid.2010.02.030,Ebulliometric method (Recirculating still),1,1,1,383.15,383.15,0.0,1,1,False,False
10.1016/j.fluid.2010.02.043#d1#p1,InChI=1S/C2H6S2/c1-3-4-2/h1-2H3,"2,3-dithiabutane",10.1016/j.fluid.2010.02.043,Ebulliometric method (Recirculating still),1,1,1,332.19,332.19,0.0,1,1,False,False
10.1016/j.fluid.2010.02.043#d2#p1,"InChI=1S/C4H10S2/c1-3-5-6-4-2/h3-4H2,1-2H3","3,4-dithiahexane",10.1016/j.fluid.2010.02.043,Ebulliometric method (Recirculating still),1,1,1,366.97,366.97,0.0,1,1,False,False
10.1016/j.fluid.2010.03.001#d2#p1,"InChI=1S/C5H12O/c1-2-3-4-5-6/h6H,2-5H2,1H3",pentan-1-ol,10.1016/j.fluid.2010.03.001,Ebulliometric method (Recirculating still),10,10,10,328.15,368.86,40.710000000000036,2,4,True,False
10.1016/j.fluid.2010.03.027#d3#p1,InChI=1S/C4H8S/c1-2-4-5-3-1/h1-4H2,tetrahydrothiophene,10.1016/j.fluid.2010.03.027,Closed cell (Static) method,2,2,2,293.97,312.87,18.899999999999977,1,1,False,False
10.1016/j.fluid.2010.06.019#d2#p1,"InChI=1S/C6H14O/c1-2-3-4-5-6-7/h7H,2-6H2,1H3",hexan-1-ol,10.1016/j.fluid.2010.06.019,Ebulliometric method (Recirculating still),5,5,4,366.67,381.8035,15.13349999999997,2,1,False,False
10.1016/j.fluid.2010.06.019#d3#p1,"InChI=1S/C7H16O/c1-2-3-4-5-6-7-8/h8H,2-7H2,1H3",heptan-1-ol,10.1016/j.fluid.2010.06.019,Ebulliometric method (Recirculating still),6,6,4,382.304,398.002,15.698000000000036,2,1,False,False
10.1016/j.fluid.2010.06.019#d4#p1,"InChI=1S/C8H18O/c1-2-3-4-5-6-7-8-9/h9H,2-8H2,1H3",octan-1-ol,10.1016/j.fluid.2010.06.019,Ebulliometric method (Recirculating still),4,4,4,397.317,413.785,16.468000000000018,2,1,False,False
10.1016/j.fluid.2010.06.019#d5#p1,"InChI=1S/C14H30O/c1-2-3-4-5-6-7-8-9-10-11-12-13-14-15/h15H,2-14H2,1H3",1-tetradecanol,10.1016/j.fluid.2010.06.019,Ebulliometric method (Recirculating still),4,4,3,479.42,494.495,15.074999999999989,1,1,False,False
10.1016/j.fluid.2010.06.020#d1#p1,"InChI=1S/C5H12O/c1-3-5(2)4-6/h5-6H,3-4H2,1-2H3",2-methyl-1-butanol,10.1016/j.fluid.2010.06.020,Ebulliometric method (Recirculating still),4,4,4,345.513,358.017,12.504000000000019,2,1,False,False
10.1016/j.fluid.2010.06.020#d2#p1,"InChI=1S/C5H12O/c1-4-5(2,3)6/h6H,4H2,1-3H3",2-methylbutan-2-ol,10.1016/j.fluid.2010.06.020,Ebulliometric method (Recirculating still),1,1,1,335.746,335.746,0.0,1,1,False,False
10.1016/j.fluid.2010.06.020#d5#p1,"InChI=1S/C5H12O/c1-3-4-5(2)6/h5-6H,3-4H2,1-2H3",pentan-2-ol,10.1016/j.fluid.2010.06.020,Ebulliometric method (Recirculating still),1,1,1,350.909,350.909,0.0,1,1,False,False
10.1016/j.fluid.2010.06.020#d6#p1,"InChI=1S/C5H12O/c1-3-5(6)4-2/h5-6H,3-4H2,1-2H3",3-pentanol,10.1016/j.fluid.2010.06.020,Ebulliometric method (Recirculating still),3,3,3,342.025,348.396,6.371000000000038,1,1,False,False
10.1016/j.fluid.2010.08.026#d2#p1,"InChI=1S/C5H13NO2/c1-6(2-4-7)3-5-8/h7-8H,2-5H2,1H3",N-methyldiethanolamine,10.1016/j.fluid.2010.08.026,Closed cell (Static) method,1,1,1,356.86,356.86,0.0,1,1,False,False
10.1016/j.fluid.2010.09.023#d1#p1,"InChI=1S/C3H5N/c1-2-3-4/h2H2,1H3",propanenitrile,10.1016/j.fluid.2010.09.023,Closed cell (Static) method,5,5,4,307.78,322,14.220000000000027,1,1,False,False
10.1016/j.fluid.2010.09.023#d2#p1,"InChI=1S/C3H5N/c1-2-3-4/h2H2,1H3",propanenitrile,10.1016/j.fluid.2010.09.023,Ebulliometric method (Recirculating still),1,1,1,313.15,313.15,0.0,1,1,False,False
10.1016/j.fluid.2011.02.002#d2#p1,InChI=1S/C4H8O2S/c5-7(6)3-1-2-4-7/h1-4H2,sulfolane,10.1016/j.fluid.2011.02.002,Closed cell (Static) method,19,6,6,302.16,308.17,6.009999999999991,2,2,False,False
10.1016/j.fluid.2011.02.002#d3#p1,InChI=1S/C2H6OS/c1-4(2)3/h1-2H3,dimethyl sulfoxide,10.1016/j.fluid.2011.02.002,Closed cell (Static) method,21,7,7,293.15,308.16,15.010000000000048,2,2,False,False
10.1016/j.fluid.2011.03.030#d10#p1,"InChI=1S/C7H14/c1-7-5-3-2-4-6-7/h7H,2-6H2,1H3",methylcyclohexane,10.1016/j.fluid.2011.03.030,Ebulliometric method (Recirculating still),1,1,1,321.9,321.9,0.0,1,1,False,False
10.1016/j.fluid.2011.03.030#d4#p1,"InChI=1S/C10H16/c1-2-9-7-4-5-8(6-7)10(9)3-1/h7-10H,1-6H2/t7-,8+,9+,10-",exo-tetrahydrodicyclopentadiene,10.1016/j.fluid.2011.03.030,Ebulliometric method (Recirculating still),1,1,1,396,396,0,1,1,False,False
10.1016/j.fluid.2011.06.001#d1#p1,"InChI=1S/C4H9Cl/c1-2-3-4-5/h2-4H2,1H3",1-chlorobutane,10.1016/j.fluid.2011.06.001,Closed cell (Static) method,2,2,2,288.15,298.15,10.0,1,1,False,False
10.1016/j.fluid.2011.06.001#d2#p1,"InChI=1S/C4H9Cl/c1-3-4(2)5/h4H,3H2,1-2H3",2-chlorobutane,10.1016/j.fluid.2011.06.001,Closed cell (Static) method,1,1,1,288.15,288.15,0.0,1,1,False,False
10.1016/j.fluid.2011.06.001#d4#p1,"InChI=1S/C6H14O/c1-5(2)7-6(3)4/h5-6H,1-4H3",diisopropyl ether,10.1016/j.fluid.2011.06.001,Closed cell (Static) method,1,1,1,288.15,288.15,0.0,1,1,False,False
10.1016/j.fluid.2011.06.001#d5#p1,"InChI=1S/C4H9Cl/c1-4(2)3-5/h4H,3H2,1-2H3",1-chloro-2-methylpropane,10.1016/j.fluid.2011.06.001,Closed cell (Static) method,1,1,1,288.15,288.15,0.0,1,1,False,False
10.1016/j.fluid.2011.06.020#d1#p1,"InChI=1S/C6H10O4/c1-2-10-6(9)4-3-5(7)8/h2-4H2,1H3,(H,7,8)",4-ethoxy-4-oxobutanoic acid,10.1016/j.fluid.2011.06.020,Closed cell (Static) method,37,37,37,417.7,467.8,50.10000000000002,21,4,True,True
10.1016/j.fluid.2011.07.002#d1#p1,"InChI=1S/C2H6O/c1-2-3/h3H,2H2,1H3",ethanol,10.1016/j.fluid.2011.07.002,Closed cell (Static) method,8,8,8,278.15,313.15,35.0,3,3,True,True
10.1016/j.fluid.2011.07.002#d2#p1,"InChI=1S/C10H18O/c1-9(2)8-4-6-10(3,11-9)7-5-8/h8H,4-7H2,1-3H3","1,3,3-trimethyl-2-oxabicyclo[2.2.2]octane",10.1016/j.fluid.2011.07.002,Closed cell (Static) method,10,10,10,278.15,323.15,45.0,3,3,True,True
10.1016/j.fluid.2011.07.007#d12#p1,"InChI=1S/C10H18O4/c1-9(2,3)13-7(11)8(12)14-10(4,5)6/h1-6H3",di-tert-butyl oxalate,10.1016/j.fluid.2011.07.007,Transpiration method,15,15,15,345.6,371.2,25.599999999999966,3,7,False,False
10.1016/j.fluid.2011.07.007#d14#p1,"InChI=1S/C11H20O4/c1-10(2,3)14-8(12)7-9(13)15-11(4,5)6/h7H2,1-6H3","bis(1,1-dimethylethyl) propanedioate",10.1016/j.fluid.2011.07.007,Transpiration method,21,21,21,293.7,345.5,51.80000000000001,5,7,True,True
10.1016/j.fluid.2011.07.007#d16#p1,"InChI=1S/C12H22O4/c1-11(2,3)15-9(13)7-8-10(14)16-12(4,5)6/h7-8H2,1-6H3",di-tert-butyl succinate,10.1016/j.fluid.2011.07.007,Transpiration method,16,15,15,323.2,355.2,32.0,5,3,True,True
10.1016/j.fluid.2011.07.007#d18#p1,"InChI=1S/C13H24O4/c1-12(2,3)16-10(14)8-7-9-11(15)17-13(4,5)6/h7-9H2,1-6H3",di-tert-butyl glutarate,10.1016/j.fluid.2011.07.007,Transpiration method,16,16,16,295.2,325.2,30.0,5,5,True,True
10.1016/j.fluid.2011.07.007#d2#p1,"InChI=1S/C8H14O4/c1-5(2)11-7(9)8(10)12-6(3)4/h5-6H,1-4H3",diisopropyl oxalate,10.1016/j.fluid.2011.07.007,Transpiration method,18,18,17,287.5,330.5,43.0,6,5,True,True
10.1016/j.fluid.2011.07.007#d20#p1,"InChI=1S/C14H26O4/c1-13(2,3)17-11(15)9-7-8-10-12(16)18-14(4,5)6/h7-10H2,1-6H3",di-tert-butyl adipate,10.1016/j.fluid.2011.07.007,Transpiration method,18,18,17,322.6,366.3,43.69999999999999,5,5,True,True
10.1016/j.fluid.2011.07.007#d4#p1,"InChI=1S/C9H16O4/c1-6(2)12-8(10)5-9(11)13-7(3)4/h6-7H,5H2,1-4H3",diisopropyl malonate,10.1016/j.fluid.2011.07.007,Transpiration method,17,17,17,289.3,325.4,36.099999999999966,8,4,True,True
10.1016/j.fluid.2011.07.007#d6#p1,"InChI=1S/C10H18O4/c1-7(2)13-9(11)5-6-10(12)14-8(3)4/h7-8H,5-6H2,1-4H3",bis(1-methylethyl) butanedioate,10.1016/j.fluid.2011.07.007,Transpiration method,12,12,12,304.4,333.3,28.900000000000034,4,3,False,False
10.1016/j.fluid.2011.07.007#d8#p1,"InChI=1S/C11H20O4/c1-8(2)14-10(12)6-5-7-11(13)15-9(3)4/h8-9H,5-7H2,1-4H3",bis(1-methylethyl) pentanedioate,10.1016/j.fluid.2011.07.007,Transpiration method,12,12,12,294.5,327.4,32.89999999999998,4,4,True,True
10.1016/j.fluid.2011.08.009#d1#p1,"InChI=1S/C3H8O/c1-2-3-4/h4H,2-3H2,1H3",propan-1-ol,10.1016/j.fluid.2011.08.009,Closed cell (Static) method,1,1,1,313.17,313.17,0.0,1,1,False,False
10.1016/j.fluid.2011.08.009#d3#p1,"InChI=1S/C12H26/c1-3-5-7-9-11-12-10-8-6-4-2/h3-12H2,1-2H3",dodecane,10.1016/j.fluid.2011.08.009,Closed cell (Static) method,2,2,2,342.18,352.68,10.5,1,1,False,False
10.1016/j.fluid.2011.08.009#d4#p1,"InChI=1S/C4H10O/c1-3-4(2)5/h4-5H,3H2,1-2H3",butan-2-ol,10.1016/j.fluid.2011.08.009,Closed cell (Static) method,2,2,2,323.18,329.22,6.0400000000000205,1,1,False,False
10.1016/j.fluid.2011.09.020#d1#p1,"InChI=1S/C2H3ClO2/c3-1-2(4)5/h1H2,(H,4,5)",chloroethanoic acid,10.1016/j.fluid.2011.09.020,Ebulliometric method (Recirculating still),13,13,13,380.7,413.7,33.0,4,3,True,True
10.1016/j.fluid.2011.09.020#d2#p1,"InChI=1S/C2H2Cl2O2/c3-1(4)2(5)6/h1H,(H,5,6)","2,2-dichloroacetic acid",10.1016/j.fluid.2011.09.020,Ebulliometric method (Recirculating still),13,13,13,384.3,417.5,33.19999999999999,4,3,True,True
10.1016/j.fluid.2012.01.008#d1#p1,"InChI=1S/C8H18O/c1-3-5-7-9-8-6-4-2/h3-8H2,1-2H3",dibutyl ether,10.1016/j.fluid.2012.01.008,Closed cell (Static) method,1,1,1,313.15,313.15,0.0,1,1,False,False
10.1016/j.fluid.2012.01.008#d2#p1,"InChI=1S/C7H8/c1-7-5-3-2-4-6-7/h2-6H,1H3",toluene,10.1016/j.fluid.2012.01.008,Closed cell (Static) method,1,1,1,313.15,313.15,0.0,1,1,False,False
10.1016/j.fluid.2012.01.008#d3#p1,"InChI=1S/C7H16/c1-3-5-7-6-4-2/h3-7H2,1-2H3",heptane,10.1016/j.fluid.2012.01.008,Closed cell (Static) method,1,1,1,313.15,313.15,0.0,1,1,False,False
10.1016/j.fluid.2012.06.013#d6#p1,"InChI=1S/C3H8O/c1-2-3-4/h4H,2-3H2,1H3",propan-1-ol,10.1016/j.fluid.2012.06.013,Closed cell (Static) method,3,3,3,313.98,331.28,17.299999999999955,1,1,False,False
10.1016/j.fluid.2012.07.027#d1#p1,"InChI=1S/C14H30O3/c1-3-5-7-9-15-11-13-17-14-12-16-10-8-6-4-2/h3-14H2,1-2H3",1-(2-(2-(pentyloxy)ethoxy)ethoxy)pentane,10.1016/j.fluid.2012.07.027,Ebulliometric method (Recirculating still),16,16,16,427.5,488.8,61.30000000000001,6,3,True,True
10.1016/j.fluid.2012.08.003#d1#p1,"InChI=1S/C6H12O2/c1-2-3-4-5-8-6-7/h6H,2-5H2,1H3",pentyl methanoate,10.1016/j.fluid.2012.08.003,Transpiration method,16,14,13,274.25,313.3,39.05000000000001,5,5,True,True
10.1016/j.fluid.2012.08.003#d2#p1,"InChI=1S/C7H14O2/c1-2-3-4-5-6-9-7-8/h7H,2-6H2,1H3",hexyl methanoate,10.1016/j.fluid.2012.08.003,Transpiration method,14,11,9,275.4,313.4,38.0,3,3,True,True
10.1016/j.fluid.2012.08.003#d3#p1,"InChI=1S/C8H16O2/c1-2-3-4-5-6-7-10-8-9/h8H,2-7H2,1H3",heptyl methanoate,10.1016/j.fluid.2012.08.003,Transpiration method,16,14,13,276.1,316.4,40.299999999999955,4,5,True,True
10.1016/j.fluid.2012.08.003#d4#p1,"InChI=1S/C9H18O2/c1-2-3-4-5-6-7-8-11-9-10/h9H,2-8H2,1H3",octyl methanoate,10.1016/j.fluid.2012.08.003,Transpiration method,17,16,16,283.3,338.3,55.0,6,6,True,True
10.1016/j.fluid.2012.08.003#d5#p1,"InChI=1S/C7H14O2/c1-3-4-5-6-9-7(2)8/h3-6H2,1-2H3",pentyl ethanoate,10.1016/j.fluid.2012.08.003,Transpiration method,15,14,13,274.25,313.4,39.14999999999998,5,5,True,True
10.1016/j.fluid.2012.08.003#d6#p1,"InChI=1S/C8H16O2/c1-3-5-6-7-10-8(9)4-2/h3-7H2,1-2H3",pentyl propanoate,10.1016/j.fluid.2012.08.003,Transpiration method,16,16,16,274.1,328.4,54.299999999999955,6,6,True,True
10.1016/j.fluid.2012.08.003#d7#p1,"InChI=1S/C9H18O2/c1-3-5-6-7-8-11-9(10)4-2/h3-8H2,1-2H3",hexyl propanoate,10.1016/j.fluid.2012.08.003,Transpiration method,16,15,15,278.3,333.3,55.0,6,5,True,True
10.1016/j.fluid.2012.08.003#d8#p1,"InChI=1S/C11H22O2/c1-3-5-6-7-8-9-10-13-11(12)4-2/h3-10H2,1-2H3",octyl propanoate,10.1016/j.fluid.2012.08.003,Transpiration method,16,16,16,293.3,348.4,55.099999999999966,6,6,True,True
10.1016/j.fluid.2012.08.009#d2#p1,"InChI=1S/C12H20O2Si/c1-5-13-15(4,14-6-2)12-9-7-11(3)8-10-12/h7-10H,5-6H2,1-4H3",diethoxy(methyl)(p-tolyl)silane,10.1016/j.fluid.2012.08.009,Ebulliometric method (Recirculating still),11,11,11,394.65,453.16,58.51000000000005,3,3,True,True
10.1016/j.fluid.2012.08.009#d4#p1,"InChI=1S/C12H20O2Si/c1-5-13-15(4,14-6-2)12-10-8-7-9-11(12)3/h7-10H,5-6H2,1-4H3",diethoxy(methyl)(o-tolyl)silane,10.1016/j.fluid.2012.08.009,Ebulliometric method (Recirculating still),10,10,10,393.45,450.67,57.22000000000003,3,3,True,True
10.1016/j.fluid.2012.08.009#d6#p1,"InChI=1S/C12H20O2Si/c1-5-13-15(4,14-6-2)12-9-7-8-11(3)10-12/h7-10H,5-6H2,1-4H3",diethoxy(methyl)(m-tolyl)silane,10.1016/j.fluid.2012.08.009,Ebulliometric method (Recirculating still),11,11,11,391.91,449.84,57.92999999999995,3,3,True,True
10.1016/j.fluid.2012.08.009#d8#p1,"InChI=1S/C5H9NO/c1-6-4-2-3-5(6)7/h2-4H2,1H3",N-methylpyrrolidone,10.1016/j.fluid.2012.08.009,Ebulliometric method (Recirculating still),4,4,4,380.76,411.34,30.579999999999984,1,2,False,False
10.1016/j.fluid.2012.08.020#d10#p1,"InChI=1S/C15H16/c1-12(2)14-9-6-10-15(11-14)13-7-4-3-5-8-13/h3-12H,1-2H3","3-(1-Methylethyl)-1,1'-biphenyl",10.1016/j.fluid.2012.08.020,Transpiration method,45,34,32,312.9,358.2,45.30000000000001,7,8,True,True
10.1016/j.fluid.2012.08.020#d11#p1,"InChI=1S/C15H16/c1-12(2)14-9-6-10-15(11-14)13-7-4-3-5-8-13/h3-12H,1-2H3","3-(1-Methylethyl)-1,1'-biphenyl",10.1016/j.fluid.2012.08.020,Ebulliometric method (Recirculating still),6,6,6,434.53,494.39,59.860000000000014,3,1,True,False
10.1016/j.fluid.2012.08.020#d14#p1,"InChI=1S/C16H18/c1-16(2,3)15-11-7-10-14(12-15)13-8-5-4-6-9-13/h4-12H,1-3H3","3-(1,1-dimethylethyl)-1,1'-biphenyl",10.1016/j.fluid.2012.08.020,Transpiration method,16,16,16,323,361.3,38.30000000000001,5,5,True,True
10.1016/j.fluid.2012.08.020#d15#p1,"InChI=1S/C16H18/c1-16(2,3)15-11-7-10-14(12-15)13-8-5-4-6-9-13/h4-12H,1-3H3","3-(1,1-dimethylethyl)-1,1'-biphenyl",10.1016/j.fluid.2012.08.020,Ebulliometric method (Recirculating still),5,5,5,440.79,493.76,52.96999999999997,2,1,False,False
10.1016/j.fluid.2012.08.020#d19#p1,"InChI=1S/C16H18/c1-16(2,3)15-11-9-14(10-12-15)13-7-5-4-6-8-13/h4-12H,1-3H3","4-(1,1-dimethylethyl)-1,1'-biphenyl",10.1016/j.fluid.2012.08.020,Ebulliometric method (Recirculating still),4,4,4,448.41,494.83,46.41999999999996,2,1,False,False
10.1016/j.fluid.2012.08.020#d2#p1,"InChI=1S/C13H12/c1-11-7-5-6-10-13(11)12-8-3-2-4-9-12/h2-10H,1H3",2-methylbiphenyl,10.1016/j.fluid.2012.08.020,Transpiration method,20,20,20,301,348.1,47.10000000000002,6,6,True,True
10.1016/j.fluid.2012.08.020#d4#p1,"InChI=1S/C13H12/c1-11-6-5-9-13(10-11)12-7-3-2-4-8-12/h2-10H,1H3",3-methylbiphenyl,10.1016/j.fluid.2012.08.020,Transpiration method,20,20,20,318.8,365.8,47.0,6,6,True,True
10.1016/j.fluid.2012.10.015#d12#p1,"InChI=1S/C5H11Cl/c1-2-3-4-5-6/h2-5H2,1H3",1-chloropentane,10.1016/j.fluid.2012.10.015,Closed cell (Static) method,3,3,3,298.15,318.15,20.0,1,1,False,False
10.1016/j.fluid.2012.10.015#d3#p1,InChI=1S/CH3NO2/c1-2(3)4/h1H3,nitromethane,10.1016/j.fluid.2012.10.015,Closed cell (Static) method,3,3,3,298.15,318.15,20.0,1,1,False,False
10.1016/j.fluid.2012.10.015#d6#p1,"InChI=1S/C2H5NO2/c1-2-3(4)5/h2H2,1H3",nitroethane,10.1016/j.fluid.2012.10.015,Closed cell (Static) method,3,3,3,298.15,318.15,20.0,1,1,False,False
10.1016/j.fluid.2012.10.015#d9#p1,"InChI=1S/C4H9Cl/c1-2-3-4-5/h2-4H2,1H3",1-chlorobutane,10.1016/j.fluid.2012.10.015,Closed cell (Static) method,1,1,1,298.15,298.15,0.0,1,1,False,False
10.1016/j.fluid.2012.11.004#d7#p1,"InChI=1S/C5H12O/c1-5(2)3-4-6/h5-6H,3-4H2,1-2H3",3-methylbutan-1-ol,10.1016/j.fluid.2012.11.004,Ebulliometric method (Recirculating still),3,3,3,335.85,363.33,27.47999999999996,1,1,False,False
10.1016/j.fluid.2013.01.017#d1#p1,"InChI=1S/C8F18/c9-1(10,3(13,14)5(17,18)7(21,22)23)2(11,12)4(15,16)6(19,20)8(24,25)26",octadecafluorooctane,10.1016/j.fluid.2013.01.017,Closed cell (Static) method,4,4,4,308.45,328.48,20.03000000000003,2,1,False,False
10.1016/j.fluid.2013.01.020#d9#p1,"InChI=1S/C5H10O/c1-4(2)5(3)6/h4H,1-3H3",3-methyl-2-butanone,10.1016/j.fluid.2013.01.020,Ebulliometric method (Recirculating still),1,1,1,313.15,313.15,0.0,1,1,False,False
10.1016/j.fluid.2013.03.008#d1#p1,"InChI=1S/C16H32O2/c1-3-5-6-7-8-9-10-11-12-13-14-15-16(17)18-4-2/h3-15H2,1-2H3",ethyl tetradecanoate,10.1016/j.fluid.2013.03.008,Closed cell (Static) method,11,11,11,392.17,443.82,51.64999999999998,4,3,True,True
10.1016/j.fluid.2013.03.008#d2#p1,"InChI=1S/C18H36O2/c1-3-5-6-7-8-9-10-11-12-13-14-15-16-17-18(19)20-4-2/h3-17H2,1-2H3",ethyl hexadecanoate,10.1016/j.fluid.2013.03.008,Closed cell (Static) method,11,11,11,412.63,468.07,55.44,4,3,True,True
10.1016/j.fluid.2013.09.029#d2#p1,"InChI=1S/C4H10O/c1-3-4(2)5/h4-5H,3H2,1-2H3",butan-2-ol,10.1016/j.fluid.2013.09.029,Closed cell (Static) method,1,1,1,332.9,332.9,0.0,1,1,False,False
10.1016/j.fluid.2013.09.029#d6#p1,"InChI=1S/C5H12O/c1-2-3-4-5-6/h6H,2-5H2,1H3",pentan-1-ol,10.1016/j.fluid.2013.09.029,Closed cell (Static) method,4,4,4,333.1,362.4,29.299999999999955,2,1,False,False
10.1016/j.fluid.2013.10.012#d12#p1,"InChI=1S/C8H10/c1-7-4-3-5-8(2)6-7/h3-6H,1-2H3","1,3-dimethylbenzene",10.1016/j.fluid.2013.10.012,Ebulliometric method (Recirculating still),1,1,1,342.8,342.8,0.0,1,1,False,False
10.1016/j.fluid.2013.10.012#d3#p1,"InChI=1S/C11H24/c1-3-5-7-9-11-10-8-6-4-2/h3-11H2,1-2H3",undecane,10.1016/j.fluid.2013.10.012,Ebulliometric method (Recirculating still),1,1,1,393.4,393.4,0.0,1,1,False,False
10.1016/j.fluid.2013.10.012#d6#p1,"InChI=1S/C8H10/c1-7-3-5-8(2)6-4-7/h3-6H,1-2H3","1,4-dimethylbenzene",10.1016/j.fluid.2013.10.012,Ebulliometric method (Recirculating still),1,1,1,342,342,0,1,1,False,False
10.1016/j.fluid.2013.10.012#d9#p1,"InChI=1S/C8H10/c1-7-5-3-4-6-8(7)2/h3-6H,1-2H3","1,2-dimethylbenzene",10.1016/j.fluid.2013.10.012,Ebulliometric method (Recirculating still),1,1,1,347.2,347.2,0.0,1,1,False,False
10.1016/j.fluid.2013.10.029#d2#p1,InChI=1S/C4H5N/c1-2-4-5-3-1/h1-5H,pyrrole,10.1016/j.fluid.2013.10.029,Ebulliometric method (Recirculating still),3,3,3,338.15,353.15,15.0,1,1,False,False
10.1016/j.fluid.2013.12.002#d1#p1,InChI=1S/C9H8O/c10-8-4-7-9-5-2-1-3-6-9/h1-8H,(E)-3-phenyl-2-propanal,10.1016/j.fluid.2013.12.002,Ebulliometric method (Recirculating still),2,2,2,442.84,463.15,20.310000000000002,1,1,False,False
10.1016/j.fluid.2013.12.002#d2#p1,InChI=1S/C7H6O/c8-6-7-4-2-1-3-5-7/h1-6H,benzaldehyde,10.1016/j.fluid.2013.12.002,Ebulliometric method (Recirculating still),2,2,2,377.63,396.65,19.019999999999982,1,1,False,False
10.1016/j.fluid.2014.02.018#d1#p1,"InChI=1S/C4H10O/c1-3-4(2)5/h4-5H,3H2,1-2H3",butan-2-ol,10.1016/j.fluid.2014.02.018,Closed cell (Static) method,1,1,1,313.15,313.15,0.0,1,1,False,False
10.1016/j.fluid.2014.02.018#d3#p1,"InChI=1S/C8H18/c1-7(2)6-8(3,4)5/h7H,6H2,1-5H3","2,2,4-trimethylpentane",10.1016/j.fluid.2014.02.018,Closed cell (Static) method,1,1,1,313.15,313.15,0.0,1,1,False,False
10.1016/j.fluid.2014.03.003#d1#p1,InChI=1S/C6H6/c1-2-4-6-5-3-1/h1-6H,benzene,10.1016/j.fluid.2014.03.003,Closed cell (Static) method,4,4,4,293.15,308.15,15.0,1,1,False,False
10.1016/j.fluid.2014.03.003#d2#p1,"InChI=1S/C7H8/c1-7-5-3-2-4-6-7/h2-6H,1H3",toluene,10.1016/j.fluid.2014.03.003,Closed cell (Static) method,7,7,7,303.15,333.15,30.0,2,2,True,False
10.1016/j.fluid.2014.03.003#d3#p1,"InChI=1S/C8H10/c1-2-8-6-4-3-5-7-8/h3-7H,2H2,1H3",ethylbenzene,10.1016/j.fluid.2014.03.003,Closed cell (Static) method,9,9,9,308.15,348.15,40.0,3,3,True,True
10.1016/j.fluid.2014.03.003#d4#p1,"InChI=1S/C8H10/c1-7-5-3-4-6-8(7)2/h3-6H,1-2H3","1,2-dimethylbenzene",10.1016/j.fluid.2014.03.003,Closed cell (Static) method,6,6,6,313.15,363.15,50.0,2,2,True,False
10.1016/j.fluid.2014.03.003#d5#p1,"InChI=1S/C8H10/c1-7-4-3-5-8(2)6-7/h3-6H,1-2H3","1,3-dimethylbenzene",10.1016/j.fluid.2014.03.003,Closed cell (Static) method,9,9,9,308.15,353.15,45.0,2,3,True,False
10.1016/j.fluid.2014.03.003#d6#p1,"InChI=1S/C8H10/c1-7-3-5-8(2)6-4-7/h3-6H,1-2H3","1,4-dimethylbenzene",10.1016/j.fluid.2014.03.003,Closed cell (Static) method,7,7,7,303.15,358.15,55.0,3,2,True,True
10.1016/j.fluid.2014.03.013#d10#p1,InChI=1S/C7H18N2/c8-6-4-2-1-3-5-7-9/h1-9H2,"1,7-diaminoheptane",10.1016/j.fluid.2014.03.013,Closed cell (Static) method,23,8,8,300.99,313.51,12.519999999999982,3,2,False,False
10.1016/j.fluid.2014.03.013#d3#p1,InChI=1S/C3H10N2/c4-2-1-3-5/h1-5H2,"1,3-propanediamine",10.1016/j.fluid.2014.03.013,Closed cell (Static) method,61,20,20,253.16,300.66,47.50000000000003,6,5,True,True
10.1016/j.fluid.2014.03.013#d5#p1,InChI=1S/C4H12N2/c5-3-1-2-4-6/h1-6H2,"1,4-butanediamine",10.1016/j.fluid.2014.03.013,Closed cell (Static) method,23,11,8,283.15,310.17,27.02000000000004,3,2,False,False
10.1016/j.fluid.2014.03.013#d7#p1,InChI=1S/C5H14N2/c6-4-2-1-3-5-7/h1-7H2,"1,5-diaminopentane",10.1016/j.fluid.2014.03.013,Closed cell (Static) method,27,9,9,287.49,311.01,23.519999999999982,2,3,False,False
10.1016/j.fluid.2014.04.004#d1#p1,InChI=1S/C6H12/c1-2-4-6-5-3-1/h1-6H2,cyclohexane,10.1016/j.fluid.2014.04.004,Closed cell (Static) method,5,5,5,283.32,303.27,19.94999999999999,2,2,False,False
10.1016/j.fluid.2014.04.004#d2#p1,"InChI=1S/C7H9N/c1-6-4-3-5-7(2)8-6/h3-5H,1-2H3","2,6-dimethylpyridine",10.1016/j.fluid.2014.04.004,Closed cell (Static) method,10,10,10,283.37,353.14,69.76999999999998,3,5,True,True
10.1016/j.fluid.2014.04.004#d3#p1,"InChI=1S/C7H9N/c1-6-3-7(2)5-8-4-6/h3-5H,1-2H3","3,5-dimethylpyridine",10.1016/j.fluid.2014.04.004,Closed cell (Static) method,9,9,9,273.5,353.63,80.13,3,3,True,True
10.1016/j.fluid.2014.04.026#d10#p1,"InChI=1S/C7H14O2/c1-2-3-4-5-6-7(8)9/h2-6H2,1H3,(H,8,9)",heptanoic acid,10.1016/j.fluid.2014.04.026,Ebulliometric method (Recirculating still),1,1,1,443.15,443.15,0.0,1,1,False,False
10.1016/j.fluid.2014.04.026#d4#p1,"InChI=1S/C6H12O2/c1-2-3-4-5-6(7)8/h2-5H2,1H3,(H,7,8)",hexanoic acid,10.1016/j.fluid.2014.04.026,Ebulliometric method (Recirculating still),6,4,4,403.15,423.15,20.0,1,2,False,False
10.1016/j.fluid.2014.05.018#d3#p1,"InChI=1S/C2H6O/c1-2-3/h3H,2H2,1H3",ethanol,10.1016/j.fluid.2014.05.018,Ebulliometric method (Recirculating still),1,1,1,313.2,313.2,0.0,1,1,False,False
10.1016/j.fluid.2014.07.029#d1#p1,InChI=1S/C6H5F/c7-6-4-2-1-3-5-6/h1-5H,fluorobenzene,10.1016/j.fluid.2014.07.029,Transpiration method,7,7,7,274.2,303.2,29.0,2,2,False,False
10.1016/j.fluid.2014.07.029#d11#p1,"InChI=1S/C8H9Cl/c1-6-4-3-5-7(2)8(6)9/h3-5H,1-2H3","2-chloro-1,3-dimethylbenzene",10.1016/j.fluid.2014.07.029,Transpiration method,15,14,12,274.5,305.4,30.899999999999977,4,4,True,True
10.1016/j.fluid.2014.07.029#d13#p1,"InChI=1S/C7H6Cl2/c1-5-6(8)3-2-4-7(5)9/h2-4H,1H3","1,3-dichloro-2-methylbenzene",10.1016/j.fluid.2014.07.029,Transpiration method,13,13,13,274.2,305.3,31.100000000000023,4,5,True,True
10.1016/j.fluid.2014.07.029#d3#p1,InChI=1S/C6H5Cl/c7-6-4-2-1-3-5-6/h1-5H,chlorobenzene,10.1016/j.fluid.2014.07.029,Transpiration method,12,12,12,274.5,307.2,32.69999999999999,4,4,True,True
10.1016/j.fluid.2014.07.029#d5#p1,"InChI=1S/C7H7Cl/c1-6-4-2-3-5-7(6)8/h2-5H,1H3",2-chlorotoluene,10.1016/j.fluid.2014.07.029,Transpiration method,14,12,12,274.2,306.2,32.0,4,4,True,True
10.1016/j.fluid.2014.07.029#d7#p1,"InChI=1S/C7H7Cl/c1-6-3-2-4-7(8)5-6/h2-5H,1H3",3-chlorotoluene,10.1016/j.fluid.2014.07.029,Transpiration method,14,13,13,274.2,309.2,35.0,4,4,True,True
10.1016/j.fluid.2014.07.029#d9#p1,"InChI=1S/C7H7Cl/c1-6-2-4-7(8)5-3-6/h2-5H,1H3",4-chlorotoluene,10.1016/j.fluid.2014.07.029,Transpiration method,17,14,14,274.3,309.2,34.89999999999998,4,5,True,True
10.1016/j.fluid.2014.09.015#d1#p1,"InChI=1S/C3H8O2/c1-3(5)2-4/h3-5H,2H2,1H3","1,2-propanediol",10.1016/j.fluid.2014.09.015,Closed cell (Static) method,13,13,13,350.15,410.15,60.0,4,4,True,True
10.1016/j.fluid.2014.10.016#d1#p1,"InChI=1S/C5H12O/c1-3-4-5(2)6/h5-6H,3-4H2,1-2H3",pentan-2-ol,10.1016/j.fluid.2014.10.016,Closed cell (Static) method,1,1,1,313.15,313.15,0.0,1,1,False,False
10.1016/j.fluid.2014.10.016#d2#p1,"InChI=1S/C8H18/c1-7(2)6-8(3,4)5/h7H,6H2,1-5H3","2,2,4-trimethylpentane",10.1016/j.fluid.2014.10.016,Closed cell (Static) method,1,1,1,313.15,313.15,0.0,1,1,False,False
10.1016/j.fluid.2014.10.016#d3#p1,"InChI=1S/C7H16/c1-3-5-7-6-4-2/h3-7H2,1-2H3",heptane,10.1016/j.fluid.2014.10.016,Closed cell (Static) method,1,1,1,313.15,313.15,0.0,1,1,False,False
10.1016/j.fluid.2014.10.028#d1#p1,"InChI=1S/C2H6O/c1-2-3/h3H,2H2,1H3",ethanol,10.1016/j.fluid.2014.10.028,Ebulliometric method (Recirculating still),1,1,1,310.23,310.23,0.0,1,1,False,False
10.1016/j.fluid.2014.10.037#d3#p1,InChI=1S/C5H4O2/c6-4-5-2-1-3-7-5/h1-4H,2-furaldehyde,10.1016/j.fluid.2014.10.037,Closed cell (Static) method,2,2,2,353.2,373.4,20.19999999999999,1,1,False,False
10.1016/j.fluid.2014.10.037#d4#p1,"InChI=1S/C5H6O2/c6-4-5-2-1-3-7-5/h1-3,6H,4H2",2-hydroxymethylfuran,10.1016/j.fluid.2014.10.037,Closed cell (Static) method,2,2,2,353.3,373,19.69999999999999,1,1,False,False
10.1016/j.fluid.2014.11.010#d1#p1,"InChI=1S/C4H10O/c1-2-3-4-5/h5H,2-4H2,1H3",butan-1-ol,10.1016/j.fluid.2014.11.010,Closed cell (Static) method,1,1,1,313.15,313.15,0.0,1,1,False,False
10.1016/j.fluid.2014.11.010#d2#p1,"InChI=1S/C4H10O/c1-3-4(2)5/h4-5H,3H2,1-2H3",butan-2-ol,10.1016/j.fluid.2014.11.010,Closed cell (Static) method,1,1,1,313.15,313.15,0.0,1,1,False,False
10.1016/j.fluid.2014.11.010#d4#p1,"InChI=1S/C7H8/c1-7-5-3-2-4-6-7/h2-6H,1H3",toluene,10.1016/j.fluid.2014.11.010,Closed cell (Static) method,1,1,1,313.15,313.15,0.0,1,1,False,False
10.1016/j.fluid.2014.11.026#d1#p1,"InChI=1S/C9H18O/c1-3-5-7-9(10)8-6-4-2/h3-8H2,1-2H3",5-nonanone,10.1016/j.fluid.2014.11.026,Closed cell (Static) method,40,39,24,283.84000000000003,337.14,53.299999999999955,7,7,True,True
10.1016/j.fluid.2014.11.026#d2#p1,"InChI=1S/C10H18O/c1-5-10(4,11)8-6-7-9(2)3/h5,7,11H,1,6,8H2,2-4H3","3,7-dimethyl-1,6-octadien-3-ol",10.1016/j.fluid.2014.11.026,Closed cell (Static) method,28,27,24,284.62,352.9,68.27999999999997,7,9,True,True
10.1016/j.fluid.2014.11.026#d3#p1,"InChI=1S/C8H14O/c1-7(2)5-4-6-8(3)9/h5H,4,6H2,1-3H3",6-methyl-5-hepten-2-one,10.1016/j.fluid.2014.11.026,Closed cell (Static) method,53,52,23,283.86,327.32,43.45999999999998,8,7,True,True
10.1016/j.fluid.2014.11.026#d8#p1,InChI=1S/C13H10O/c14-13(11-7-3-1-4-8-11)12-9-5-2-6-10-12/h1-10H,benzophenone,10.1016/j.fluid.2014.11.026,Closed cell (Static) method,21,21,21,318.01,370.89,52.879999999999995,6,7,True,True
10.1016/j.fluid.2014.12.023#d10#p1,InChI=1S/C6H4BrF/c7-5-2-1-3-6(8)4-5/h1-4H,1-bromo-3-fluorobenzene,10.1016/j.fluid.2014.12.023,Transpiration method,20,20,20,280.8,317.6,36.80000000000001,4,8,True,True
10.1016/j.fluid.2014.12.023#d12#p1,InChI=1S/C6H4BrF/c7-5-1-3-6(8)4-2-5/h1-4H,1-bromo-4-fluorobenzene,10.1016/j.fluid.2014.12.023,Transpiration method,19,19,19,278.2,316.4,38.19999999999999,4,7,True,True
10.1016/j.fluid.2014.12.023#d14#p1,InChI=1S/C6H4FI/c7-5-3-1-2-4-6(5)8/h1-4H,"1,2-fluoroiodobenzene",10.1016/j.fluid.2014.12.023,Transpiration method,22,21,21,282.8,328.6,45.80000000000001,8,6,True,True
10.1016/j.fluid.2014.12.023#d16#p1,InChI=1S/C6H4FI/c7-5-2-1-3-6(8)4-5/h1-4H,"1,3-fluoroiodobenzene",10.1016/j.fluid.2014.12.023,Transpiration method,31,26,23,275.2,319.6,44.400000000000034,6,7,True,True
10.1016/j.fluid.2014.12.023#d18#p1,InChI=1S/C6H4FI/c7-5-1-3-6(8)4-2-5/h1-4H,"1,4-fluoroiodobenzene",10.1016/j.fluid.2014.12.023,Transpiration method,13,11,11,276.5,317.9,41.39999999999998,3,4,True,True
10.1016/j.fluid.2014.12.023#d2#p1,InChI=1S/C6H4ClF/c7-5-3-1-2-4-6(5)8/h1-4H,1-chloro-2-fluorobenzene,10.1016/j.fluid.2014.12.023,Transpiration method,19,18,16,277.5,319.2,41.69999999999999,5,6,True,True
10.1016/j.fluid.2014.12.023#d4#p1,InChI=1S/C6H4ClF/c7-5-2-1-3-6(8)4-5/h1-4H,1-chloro-3-fluorobenzene,10.1016/j.fluid.2014.12.023,Transpiration method,15,15,15,275.8,319.5,43.69999999999999,5,5,True,True
10.1016/j.fluid.2014.12.023#d6#p1,InChI=1S/C6H4ClF/c7-5-1-3-6(8)4-2-5/h1-4H,1-chloro-4-fluorobenzene,10.1016/j.fluid.2014.12.023,Transpiration method,17,17,17,277.6,323.5,45.89999999999998,5,5,True,True
10.1016/j.fluid.2014.12.023#d8#p1,InChI=1S/C6H4BrF/c7-5-3-1-2-4-6(5)8/h1-4H,1-bromo-2-fluorobenzene,10.1016/j.fluid.2014.12.023,Transpiration method,21,21,21,278.5,324.3,45.80000000000001,5,10,True,True
10.1016/j.fluid.2015.03.023#d2#p1,"InChI=1S/CBrCl3/c2-1(3,4)5",bromotrichloromethane,10.1016/j.fluid.2015.03.023,Ebulliometric method (Recirculating still),1,1,1,308.15,308.15,0.0,1,1,False,False
10.1016/j.fluid.2015.03.023#d4#p1,InChI=1S/CH2Br2/c2-1-3/h1H2,dibromomethane,10.1016/j.fluid.2015.03.023,Ebulliometric method (Recirculating still),1,1,1,308.15,308.15,0.0,1,1,False,False
10.1016/j.fluid.2015.03.023#d8#p1,"InChI=1S/C7H16/c1-3-5-7-6-4-2/h3-7H2,1-2H3",heptane,10.1016/j.fluid.2015.03.023,Ebulliometric method (Recirculating still),1,1,1,308.15,308.15,0.0,1,1,False,False
10.1016/j.fluid.2015.03.033#d1#p1,"InChI=1S/C5H6N2/c1-5-4-6-2-3-7-5/h2-4H,1H3",2-methylpyrazine,10.1016/j.fluid.2015.03.033,Closed cell (Static) method,10,10,10,263.72,353.03,89.30999999999995,3,3,True,True
10.1016/j.fluid.2015.03.033#d2#p1,"InChI=1S/C7H8/c1-7-5-3-2-4-6-7/h2-6H,1H3",toluene,10.1016/j.fluid.2015.03.033,Closed cell (Static) method,12,11,9,263.64,333.2,69.56,3,3,True,True
10.1016/j.fluid.2015.03.033#d3#p1,"InChI=1S/C7H16/c1-3-5-7-6-4-2/h3-7H2,1-2H3",heptane,10.1016/j.fluid.2015.03.033,Closed cell (Static) method,7,7,7,263.45,323.1,59.650000000000034,2,2,True,False
10.1016/j.fluid.2015.03.033#d4#p1,InChI=1S/C6H12/c1-2-4-6-5-3-1/h1-6H2,cyclohexane,10.1016/j.fluid.2015.03.033,Closed cell (Static) method,5,5,5,283.32,303.27,19.94999999999999,2,2,False,False
10.1016/j.fluid.2015.03.038#d1#p1,"InChI=1S/C3H8O3/c4-1-3(6)2-5/h3-6H,1-2H2",glycerol,10.1016/j.fluid.2015.03.038,static (had to override TRC unc),88,83,49,335.14,436.12,100.98000000000002,13,19,True,True
10.1016/j.fluid.2015.03.038#d2#p1,"InChI=1S/C3H8O3/c4-1-3(6)2-5/h3-6H,1-2H2",glycerol,10.1016/j.fluid.2015.03.038,transpiration (had to override TRC unc),10,10,10,338.2,370.3,32.10000000000002,3,3,True,True
10.1016/j.fluid.2015.04.031#d2#p1,InChI=1S/C4H4S/c1-2-4-5-3-1/h1-4H,thiophene,10.1016/j.fluid.2015.04.031,Closed cell (Static) method,5,5,5,293.15,313.15,20.0,2,2,False,False
10.1016/j.fluid.2015.04.031#d4#p1,InChI=1S/C5H5N/c1-2-4-6-5-3-1/h1-5H,pyridine,10.1016/j.fluid.2015.04.031,Closed cell (Static) method,5,5,5,293.15,313.15,20.0,2,2,False,False
10.1016/j.fluid.2015.05.026#d1#p1,"InChI=1S/C6H12O/c1-3-5-6(7)4-2/h4,6-7H,2-3,5H2,1H3",1-hexen-3-ol,10.1016/j.fluid.2015.05.026,Closed cell (Static) method,36,12,12,253.15,308.15,54.99999999999997,4,4,True,True
10.1016/j.fluid.2015.05.026#d3#p1,"InChI=1S/C6H12O/c1-2-3-4-5-6-7/h3-4,7H,2,5-6H2,1H3/b4-3-",(Z)-3-hexen-1-ol,10.1016/j.fluid.2015.05.026,Closed cell (Static) method,36,12,12,253.15,308.15,54.99999999999997,4,4,True,True
10.1016/j.fluid.2015.05.026#d5#p1,"InChI=1S/C6H12O/c1-2-3-4-5-6-7/h4-5,7H,2-3,6H2,1H3/b5-4+",(E)-2-hexen-1-ol,10.1016/j.fluid.2015.05.026,Closed cell (Static) method,39,13,13,253.15,308.15,54.99999999999997,4,4,True,True
10.1016/j.fluid.2015.05.026#d7#p1,"InChI=1S/C6H14O/c1-2-3-4-5-6-7/h7H,2-6H2,1H3",hexan-1-ol,10.1016/j.fluid.2015.05.026,Closed cell (Static) method,39,13,13,253.15,308.15,54.99999999999997,4,4,True,True
10.1016/j.fluid.2015.06.045#d2#p1,"InChI=1S/C5H9NO/c1-6-4-2-3-5(6)7/h2-4H2,1H3",N-methylpyrrolidone,10.1016/j.fluid.2015.06.045,Closed cell (Static) method,24,9,8,273.65,308.15999999999997,34.50999999999999,3,3,True,True
10.1016/j.fluid.2015.07.031#d1#p1,"InChI=1S/C10H18O/c1-9(2)5-4-6-10(3)7-8-11/h5,7,11H,4,6,8H2,1-3H3/b10-7+","(E)-3,7-dimethyl-2,6-octadien-1-ol",10.1016/j.fluid.2015.07.031,Closed cell (Static) method,57,21,15,293.14,362.93,69.79000000000002,5,5,True,True
10.1016/j.fluid.2015.07.031#d5#p1,"InChI=1S/C10H20O/c1-9(2)5-4-6-10(3)7-8-11/h5,10-11H,4,6-8H2,1-3H3/t10-/m0/s1","(S)-3,7-dimethyl-6-octen-1-ol",10.1016/j.fluid.2015.07.031,Closed cell (Static) method,57,32,15,293.15999999999997,362.975,69.81500000000005,5,5,True,True
10.1016/j.fluid.2015.07.049#d1#p1,"InChI=1S/C5H12O/c1-2-3-4-5-6/h6H,2-5H2,1H3",pentan-1-ol,10.1016/j.fluid.2015.07.049,CCELL:UFactor:2,1,1,1,313.15,313.15,0.0,1,1,False,False
10.1016/j.fluid.2015.07.049#d2#p1,"InChI=1S/C8H18/c1-7(2)6-8(3,4)5/h7H,6H2,1-5H3","2,2,4-trimethylpentane",10.1016/j.fluid.2015.07.049,CCELL:UFactor:2,3,1,1,313.15,313.15,0.0,1,1,False,False
10.1016/j.fluid.2015.07.049#d3#p1,"InChI=1S/C7H16/c1-3-5-7-6-4-2/h3-7H2,1-2H3",heptane,10.1016/j.fluid.2015.07.049,CCELL:UFactor:2,3,1,1,313.15,313.15,0.0,1,1,False,False
10.1016/j.fluid.2015.07.054#d1#p1,"InChI=1S/C8F18/c9-1(10,3(13,14)5(17,18)7(21,22)23)2(11,12)4(15,16)6(19,20)8(24,25)26",octadecafluorooctane,10.1016/j.fluid.2015.07.054,Closed cell (Static) method,3,3,3,312.78,332.87,20.090000000000032,1,1,False,False
10.1016/j.fluid.2015.09.031#d1#p1,"InChI=1S/C7H16/c1-3-5-7-6-4-2/h3-7H2,1-2H3",heptane,10.1016/j.fluid.2015.09.031,Ebulliometric method (Recirculating still),3,3,3,288.15,308.15,20.0,1,1,False,False
10.1016/j.fluid.2015.09.031#d2#p1,"InChI=1S/C4H9Cl/c1-2-3-4-5/h2-4H2,1H3",1-chlorobutane,10.1016/j.fluid.2015.09.031,Ebulliometric method (Recirculating still),2,2,2,288.15,298.15,10.0,1,1,False,False
10.1016/j.fluid.2015.09.031#d3#p1,"InChI=1S/C4H9Cl/c1-3-4(2)5/h4H,3H2,1-2H3",2-chlorobutane,10.1016/j.fluid.2015.09.031,Ebulliometric method (Recirculating still),1,1,1,288.15,288.15,0.0,1,1,False,False
10.1016/j.fluid.2015.09.031#d4#p1,"InChI=1S/C4H9Cl/c1-4(2)3-5/h4H,3H2,1-2H3",1-chloro-2-methylpropane,10.1016/j.fluid.2015.09.031,Ebulliometric method (Recirculating still),1,1,1,288.15,288.15,0.0,1,1,False,False
10.1016/j.fluid.2016.01.035#d6#p1,"InChI=1S/C11H12O4/c1-14-10-7-8(3-5-9(10)12)4-6-11(13)15-2/h3-7,12H,1-2H3",methyl 3-(4-hydroxy-3-methoxyphenyl)-2-propenoate,10.1016/j.fluid.2016.01.035,Transpiration method,4,4,4,368.1,376.2,8.099999999999966,1,2,False,False
10.1016/j.fluid.2016.05.031#d1#p1,"InChI=1S/C5H12O/c1-2-3-4-5-6/h6H,2-5H2,1H3",pentan-1-ol,10.1016/j.fluid.2016.05.031,Closed cell (Static) method,1,1,1,313.15,313.15,0.0,1,1,False,False
10.1016/j.fluid.2016.05.031#d2#p1,"InChI=1S/C5H12O/c1-3-4-5(2)6/h5-6H,3-4H2,1-2H3",pentan-2-ol,10.1016/j.fluid.2016.05.031,Closed cell (Static) method,1,1,1,313.15,313.15,0.0,1,1,False,False
10.1016/j.fluid.2016.05.032#d1#p1,"InChI=1S/C7H8/c1-7-5-3-2-4-6-7/h2-6H,1H3",toluene,10.1016/j.fluid.2016.05.032,Closed cell (Static) method,4,4,4,315.15,330.15,15.0,1,1,False,False
10.1016/j.fluid.2016.05.032#d2#p1,"InChI=1S/C8H10/c1-2-8-6-4-3-5-7-8/h3-7H,2H2,1H3",ethylbenzene,10.1016/j.fluid.2016.05.032,Closed cell (Static) method,5,5,5,320.15,344.15,24.0,2,2,False,False
10.1016/j.fluid.2016.05.032#d3#p1,"InChI=1S/C8H10/c1-7-5-3-4-6-8(7)2/h3-6H,1-2H3","1,2-dimethylbenzene",10.1016/j.fluid.2016.05.032,Closed cell (Static) method,5,5,5,345.15,365.15,20.0,2,2,False,False
10.1016/j.fluid.2016.05.032#d4#p1,"InChI=1S/C8H10/c1-7-4-3-5-8(2)6-7/h3-6H,1-2H3","1,3-dimethylbenzene",10.1016/j.fluid.2016.05.032,Closed cell (Static) method,4,4,4,345.15,360.15,15.0,1,1,False,False
10.1016/j.fluid.2016.05.032#d5#p1,"InChI=1S/C8H10/c1-7-3-5-8(2)6-4-7/h3-6H,1-2H3","1,4-dimethylbenzene",10.1016/j.fluid.2016.05.032,Closed cell (Static) method,3,3,3,345.15,355.15,10.0,1,1,False,False
10.1016/j.fluid.2016.05.032#d6#p1,"InChI=1S/C9H20O4/c1-7(11)5-12-9(3)6-13-8(2)4-10/h7-11H,4-6H2,1-3H3",2-[2-(2-hydroxypropoxy)propoxy]-1-propanol,10.1016/j.fluid.2016.05.032,Closed cell (Static) method,5,5,5,350.15,378.15,28.0,2,2,False,False
10.1016/j.fluid.2016.06.011#d11#p1,"InChI=1S/C6H3F11O/c7-2(8,1-18)3(9,10)4(11,12)5(13,14)6(15,16)17/h18H,1H2","2,2,3,3,4,4,5,5,6,6,6-undecafluorohexan-1-ol",10.1016/j.fluid.2016.06.011,Closed cell (Static) method,11,11,11,278.14,327.93,49.79000000000002,4,3,True,True
10.1016/j.fluid.2016.06.011#d2#p1,"InChI=1S/C3H3F5O/c4-2(5,1-9)3(6,7)8/h9H,1H2","2,2,3,3,3-pentafluoropropanol",10.1016/j.fluid.2016.06.011,Closed cell (Static) method,5,5,5,298.08,317.98,19.900000000000034,2,2,False,False
10.1016/j.fluid.2016.06.011#d5#p1,"InChI=1S/C4H3F7O/c5-2(6,1-12)3(7,8)4(9,10)11/h12H,1H2","2,2,3,3,4,4,4-heptafluorobutanol",10.1016/j.fluid.2016.06.011,Closed cell (Static) method,11,11,11,278.14,327.91,49.77000000000004,4,3,True,True
10.1016/j.fluid.2016.06.011#d8#p1,"InChI=1S/C5H3F9O/c6-2(7,1-15)3(8,9)4(10,11)5(12,13)14/h15H,1H2","2,2,3,3,4,4,5,5,5-nonafluoropentan-1-ol",10.1016/j.fluid.2016.06.011,Closed cell (Static) method,11,11,11,278.14,327.95,49.81,4,4,True,True
10.1016/j.fluid.2016.07.018#d1#p1,"InChI=1S/C16H22O4/c1-3-5-11-19-15(17)13-9-7-8-10-14(13)16(18)20-12-6-4-2/h7-10H,3-6,11-12H2,1-2H3",dibutyl phthalate,10.1016/j.fluid.2016.07.018,gas saturation method,4,4,4,353.15,423.15,70.0,1,2,False,False
10.1016/j.fluid.2016.07.018#d2#p1,"InChI=1S/C16H22O4/c1-3-5-11-19-15(17)13-9-7-8-10-14(13)16(18)20-12-6-4-2/h7-10H,3-6,11-12H2,1-2H3",dibutyl phthalate,10.1016/j.fluid.2016.07.018,Closed cell (Static) method,5,5,5,381.51,421.43,39.920000000000016,2,2,False,False
10.1016/j.fluid.2016.07.018#d3#p1,"InChI=1S/C16H22O4/c1-11(2)9-19-15(17)13-7-5-6-8-14(13)16(18)20-10-12(3)4/h5-8,11-12H,9-10H2,1-4H3","diisobutyl 1,2-benzenedioate",10.1016/j.fluid.2016.07.018,gas saturation method,4,4,4,353.15,423.15,70.0,1,2,False,False
10.1016/j.fluid.2016.08.022#d4#p1,InChI=1S/C6H12N4/c7-9-8-3-6-10-4-1-2-5-10/h1-6H2,1-(2-azidoethyl)pyrrolidine,10.1016/j.fluid.2016.08.022,Closed cell (Static) method,15,15,15,311.75,389.15,77.39999999999998,5,5,True,True
10.1016/j.fluid.2016.08.022#d7#p1,"InChI=1S/C2H6O/c1-2-3/h3H,2H2,1H3",ethanol,10.1016/j.fluid.2016.08.022,Closed cell (Static) method,2,2,2,293.15,313.15,20.0,1,1,False,False
10.1016/j.fluid.2016.10.026#d7#p1,"InChI=1S/C6H6OS/c1-5(7)6-3-2-4-8-6/h2-4H,1H3",2-acetylthiophene,10.1016/j.fluid.2016.10.026,Ebulliometric method (Recirculating still),20,20,20,336.16,426.08,89.91999999999996,7,7,True,True
10.1016/j.fluid.2016.11.010#d1#p1,InChI=1S/C9H8N2/c1-2-4-9(5-3-1)11-7-6-10-8-11/h1-8H,1-phenylimidazole,10.1016/j.fluid.2016.11.010,Transpiration method,11,11,11,308.6,353.1,44.5,3,4,True,True
10.1016/j.fluid.2016.11.010#d11#p1,InChI=1S/C9H7BrN2/c10-8-1-3-9(4-2-8)12-6-5-11-7-12/h1-7H,4-bromo-phenyl-1H-imidazole,10.1016/j.fluid.2016.11.010,Transpiration method,5,5,5,353,374.1,21.100000000000023,2,2,False,False
10.1016/j.fluid.2016.11.010#d2#p1,"InChI=1S/C10H10N2/c1-9-4-2-3-5-10(9)12-7-6-11-8-12/h2-8H,1H3",1-(o-tolyl)-1H-imidazole,10.1016/j.fluid.2016.11.010,Transpiration method,11,11,11,313.3,363,49.69999999999999,4,4,True,True
10.1016/j.fluid.2016.11.010#d3#p1,"InChI=1S/C10H10N2/c1-9-2-4-10(5-3-9)12-7-6-11-8-12/h2-8H,1H3",4-methyl-phenyl-1H-imidazole,10.1016/j.fluid.2016.11.010,Transpiration method,11,11,11,328.3,375.3,47.0,3,4,True,True
10.1016/j.fluid.2016.11.010#d4#p1,"InChI=1S/C10H10N2O/c1-13-10-5-3-2-4-9(10)12-7-6-11-8-12/h2-8H,1H3",2-methoxy-phenyl-1H-imidazole,10.1016/j.fluid.2016.11.010,Transpiration method,8,8,8,338.3,374.2,35.89999999999998,2,3,True,False
10.1016/j.fluid.2016.11.010#d5#p1,"InChI=1S/C10H10N2O/c1-13-10-4-2-9(3-5-10)12-7-6-11-8-12/h2-8H,1H3",4-methoxy-phenyl-1H-imidazole,10.1016/j.fluid.2016.11.010,Transpiration method,7,7,7,343.3,373.2,29.899999999999977,2,2,False,False
10.1016/j.fluid.2016.11.010#d6#p1,InChI=1S/C9H7FN2/c10-8-3-1-2-4-9(8)12-6-5-11-7-12/h1-7H,2-fluoro-phenyl-1H-imidazole,10.1016/j.fluid.2016.11.010,Transpiration method,10,10,10,323.2,367.9,44.69999999999999,3,3,True,True
10.1016/j.fluid.2016.11.010#d7#p1,InChI=1S/C9H7BrN2/c10-8-3-1-2-4-9(8)12-6-5-11-7-12/h1-7H,2-bromo-phenyl-1H-imidazole,10.1016/j.fluid.2016.11.010,Transpiration method,7,7,7,343.2,374,30.80000000000001,2,2,True,False
10.1016/j.fluid.2016.11.010#d8#p1,InChI=1S/C9H7FN2/c10-8-1-3-9(4-2-8)12-6-5-11-7-12/h1-7H,4-fluoro-phenyl-1H-imidazole,10.1016/j.fluid.2016.11.010,Transpiration method,16,16,16,313,373.1,60.10000000000002,4,4,True,True
10.1016/j.fluid.2017.04.014#d1#p1,"InChI=1S/C5H12O/c1-5(2,3)6-4/h1-4H3",2-methoxy-2-methylpropane,10.1016/j.fluid.2017.04.014,Closed cell (Static) method,1,1,1,283.6,283.6,0.0,1,1,False,False
10.1016/j.fluid.2017.04.014#d2#p1,"InChI=1S/C8H18/c1-7(2)6-8(3,4)5/h7H,6H2,1-5H3","2,2,4-trimethylpentane",10.1016/j.fluid.2017.04.014,Closed cell (Static) method,10,10,9,283.6,323,39.39999999999998,3,3,True,True
10.1016/j.fluid.2017.04.014#d3#p1,"InChI=1S/C2H6O/c1-2-3/h3H,2H2,1H3",ethanol,10.1016/j.fluid.2017.04.014,Closed cell (Static) method,7,7,7,278.6,313.1,34.5,3,2,True,True
10.1016/j.fluid.2017.04.014#d4#p1,"InChI=1S/C7H8/c1-7-5-3-2-4-6-7/h2-6H,1H3",toluene,10.1016/j.fluid.2017.04.014,Closed cell (Static) method,12,12,12,278.7,332.8,54.10000000000002,4,4,True,True
10.1016/j.fluid.2017.09.019#d1#p1,"InChI=1S/C5H13NO/c1-5(7)4-6(2)3/h5,7H,4H2,1-3H3",1-(dimethylamino)-2-propanol,10.1016/j.fluid.2017.09.019,Closed cell (Static) method,7,7,7,298.49,328.26,29.769999999999982,2,2,False,False
10.1016/j.fluid.2017.12.011#d2#p1,"InChI=1S/C7H8O/c1-6-4-2-3-5-7(6)8/h2-5,8H,1H3",2-methylphenol,10.1016/j.fluid.2017.12.011,Ebulliometric method (Recirculating still),1,1,1,411.26,411.26,0.0,1,1,False,False
10.1016/j.fluid.2017.12.011#d4#p1,"InChI=1S/C7H8O/c1-6-3-2-4-7(8)5-6/h2-5,8H,1H3",3-methylphenol,10.1016/j.fluid.2017.12.011,Ebulliometric method (Recirculating still),2,2,2,422.16,422.28,0.1199999999999477,1,1,False,False
10.1016/j.fluid.2017.12.011#d6#p1,"InChI=1S/C8H10O/c1-6-4-3-5-7(2)8(6)9/h3-5,9H,1-2H3","2,6-dimethylphenol",10.1016/j.fluid.2017.12.011,Ebulliometric method (Recirculating still),1,1,1,418.11,418.11,0.0,1,1,False,False
10.1016/j.fluid.2017.12.031#d1#p1,"InChI=1S/C5H12O/c1-2-3-4-5-6/h6H,2-5H2,1H3",pentan-1-ol,10.1016/j.fluid.2017.12.031,Closed cell (Static) method,2,1,1,313.15,313.15,0.0,1,1,False,False
10.1016/j.fluid.2017.12.031#d3#p1,"InChI=1S/C5H12O/c1-3-4-5(2)6/h5-6H,3-4H2,1-2H3",pentan-2-ol,10.1016/j.fluid.2017.12.031,Closed cell (Static) method,2,1,1,313.15,313.15,0.0,1,1,False,False
10.1016/j.fluid.2017.12.031#d4#p1,"InChI=1S/C9H12/c1-7-4-5-8(2)9(3)6-7/h4-6H,1-3H3","1,2,4-trimethylbenzene",10.1016/j.fluid.2017.12.031,Closed cell (Static) method,1,1,1,313.15,313.15,0.0,1,1,False,False
10.1016/j.fluid.2018.01.018#d1#p1,"InChI=1S/C12H20O6/c1-5-12(6-16-9(2)13,7-17-10(3)14)8-18-11(4)15/h5-8H2,1-4H3","2-(acetoxymethyl)-2-ethylpropane-1,3-diyl diacetate",10.1016/j.fluid.2018.01.018,Transpiration method,11,11,11,329.6,344.6,15.0,4,3,False,False
10.1016/j.fluid.2018.01.018#d5#p1,"InChI=1S/C18H32O6/c1-8-18(9-22-15(19)12(2)3,10-23-16(20)13(4)5)11-24-17(21)14(6)7/h12-14H,8-11H2,1-7H3","2-ethyl-2-((isobutyryloxy)methyl)propane-1,3-diyl bis(2-methylpropanoate)",10.1016/j.fluid.2018.01.018,Transpiration method,7,7,7,348.5,363.2,14.699999999999989,2,2,False,False
10.1016/j.fluid.2018.01.018#d7#p1,"InChI=1S/C21H38O6/c1-11-21(12-25-15(22)18(2,3)4,13-26-16(23)19(5,6)7)14-27-17(24)20(8,9)10/h11-14H2,1-10H3","2-ethyl-2-((pivaloyloxy)methyl)propane-1,3-diyl bis(2,2-dimethylpropanoate)",10.1016/j.fluid.2018.01.018,Transpiration method,1,1,1,354.3,354.3,0.0,1,1,False,False
10.1016/j.fluid.2018.04.009#d2#p1,"InChI=1S/C4H8O/c1-3-4(2)5/h3H2,1-2H3",butanone,10.1016/j.fluid.2018.04.009,Closed cell (Static) method,3,3,3,283.7,303.1,19.400000000000034,1,1,False,False
10.1016/j.fluid.2018.04.009#d4#p1,InChI=1S/C6H12/c1-2-4-6-5-3-1/h1-6H2,cyclohexane,10.1016/j.fluid.2018.04.009,Closed cell (Static) method,3,3,3,283.8,303.1,19.30000000000001,1,1,False,False
10.1016/j.fluid.2018.04.009#d6#p1,"InChI=1S/C7H16/c1-3-5-7-6-4-2/h3-7H2,1-2H3",heptane,10.1016/j.fluid.2018.04.009,Closed cell (Static) method,5,5,5,283.7,323,39.30000000000001,2,2,False,False
10.1016/j.fluid.2018.04.009#d8#p1,InChI=1S/C4H8O/c1-2-4-5-3-1/h1-4H2,tetrahydrofuran,10.1016/j.fluid.2018.04.009,Closed cell (Static) method,2,2,2,283.7,293.5,9.800000000000011,1,1,False,False
10.1016/j.fluid.2018.05.032#d1#p1,"InChI=1S/C6H15NO/c1-3-7(4-2)5-6-8/h8H,3-6H2,1-2H3",(diethylamino)ethanol,10.1016/j.fluid.2018.05.032,Closed cell (Static) method,24,11,8,273.64,308.15,34.50999999999999,3,3,True,True
10.1016/j.fluid.2018.05.032#d12#p1,"InChI=1S/C5H13NO/c1-5(2)6-3-4-7/h5-7H,3-4H2,1-2H3",2-isopropylaminoethanol,10.1016/j.fluid.2018.05.032,Closed cell (Static) method,42,21,12,293.14,342.94,49.80000000000001,3,4,True,True
10.1016/j.fluid.2018.05.032#d6#p1,"InChI=1S/C4H11NO/c1-2-5-3-4-6/h5-6H,2-4H2,1H3",2-(ethylamino)ethanol,10.1016/j.fluid.2018.05.032,Closed cell (Static) method,27,10,9,268.14,308.14,40.0,3,3,True,True
10.1016/j.fluid.2018.12.005#d11#p1,"InChI=1S/C8F18/c9-1(10,3(13,14)5(17,18)7(21,22)23)2(11,12)4(15,16)6(19,20)8(24,25)26",octadecafluorooctane,10.1016/j.fluid.2018.12.005,Closed cell (Static) method,5,5,5,283.15,323.16,40.01000000000005,2,2,False,False
10.1016/j.fluid.2018.12.005#d5#p1,"InChI=1S/C6F14/c7-1(8,3(11,12)5(15,16)17)2(9,10)4(13,14)6(18,19)20",perfluorohexane,10.1016/j.fluid.2018.12.005,Closed cell (Static) method,1,1,1,283.14,283.14,0.0,1,1,False,False
10.1016/j.fluid.2018.12.005#d8#p1,"InChI=1S/C6F14/c7-1(8,3(11,12)5(15,16)17)2(9,10)4(13,14)6(18,19)20",perfluorohexane,10.1016/j.fluid.2018.12.005,Closed cell (Static) method,1,1,1,283.16,283.16,0.0,1,1,False,False
10.1016/j.fluid.2019.03.004#d1#p1,"InChI=1S/C10H12O/c1-3-4-9-5-7-10(11-2)8-6-9/h3-8H,1-2H3/b4-3+",(E)-1-(4-methoxyphenyl)propene,10.1016/j.fluid.2019.03.004,Transpiration method,14,14,14,296.5,333.4,36.89999999999998,5,3,True,True
10.1016/j.fluid.2019.03.004#d2#p1,"InChI=1S/C10H12O/c1-3-4-9-5-7-10(11-2)8-6-9/h3,5-8H,1,4H2,2H3",1-allyl-4-methoxybenzene,10.1016/j.fluid.2019.03.004,Transpiration method,10,10,10,279.1,323.2,44.099999999999966,3,3,True,True
10.1016/j.fluid.2019.03.004#d3#p1,"InChI=1S/C10H12O2/c1-3-4-8-5-6-9(11)10(7-8)12-2/h3,5-7,11H,1,4H2,2H3",2-hydroxy-5-allylanisole,10.1016/j.fluid.2019.03.004,Transpiration method,11,11,11,293.9,343.5,49.60000000000002,3,4,True,True
10.1016/j.fluid.2019.03.004#d4#p1,"InChI=1S/C10H12O2/c1-3-4-8-5-6-9(11)10(7-8)12-2/h3-7,11H,1-2H3/b4-3+",2-methoxy-4-(1E)-1-propen-1-yl-phenol,10.1016/j.fluid.2019.03.004,Transpiration method,20,20,20,313.2,358.1,44.900000000000034,6,7,True,True
10.1016/j.fluid.2019.04.036#d1#p1,"InChI=1S/C3H7NO/c1-4(2)3-5/h3H,1-2H3",dimethylformamide,10.1016/j.fluid.2019.04.036,Transpiration method,12,12,12,276.3,305.2,28.899999999999977,3,4,False,False
10.1016/j.fluid.2019.04.036#d2#p1,"InChI=1S/C5H11NO/c1-3-6(4-2)5-7/h5H,3-4H2,1-2H3","N,N-diethylformamide",10.1016/j.fluid.2019.04.036,Transpiration method,20,20,20,288.8,356.1,67.30000000000001,6,7,True,True
10.1016/j.fluid.2019.04.036#d3#p1,"InChI=1S/C7H15NO/c1-3-5-8(7-9)6-4-2/h7H,3-6H2,1-2H3","N,N-dipropylformamide",10.1016/j.fluid.2019.04.036,Transpiration method,25,25,25,278.5,319.4,40.89999999999998,9,6,True,True
10.1016/j.fluid.2019.04.036#d4#p1,"InChI=1S/C9H19NO/c1-3-5-7-10(9-11)8-6-4-2/h9H,3-8H2,1-2H3","N,N-dibutylformamide",10.1016/j.fluid.2019.04.036,Transpiration method,25,25,25,293.1,329.6,36.5,6,7,True,True
10.1016/j.fluid.2019.04.036#d5#p1,"InChI=1S/C9H19NO/c1-3-5-7-10(9-11)8-6-4-2/h9H,3-8H2,1-2H3","N,N-dibutylformamide",10.1016/j.fluid.2019.04.036,Transpiration method,8,8,8,299.3,334.7,35.39999999999998,3,3,True,True
10.1016/j.fluid.2019.04.036#d6#p1,"InChI=1S/C5H11NO/c1-2-3-4-6-5-7/h5H,2-4H2,1H3,(H,6,7)",N-butylformamide,10.1016/j.fluid.2019.04.036,Transpiration method,23,23,23,297.1,352.2,55.099999999999966,6,7,True,True
10.1016/j.fluid.2019.04.036#d7#p1,"InChI=1S/C8H9NO/c10-7-9-6-8-4-2-1-3-5-8/h1-5,7H,6H2,(H,9,10)",N-benzylformamide,10.1016/j.fluid.2019.04.036,Transpiration method,14,14,14,333.2,370.4,37.19999999999999,4,5,True,True
10.1016/j.fluid.2019.112241#d1#p1,InChI=1S/C4H9NO/c1-4(6)5(2)3/h1-3H3,"N,N-dimethylethanamide",10.1016/j.fluid.2019.112241,Transpiration method,31,31,27,276.5,328.3,51.80000000000001,8,9,True,True
10.1016/j.fluid.2019.112241#d2#p1,InChI=1S/C4H9NO/c1-4(6)5(2)3/h1-3H3,"N,N-dimethylethanamide",10.1016/j.fluid.2019.112241,Transpiration method,10,9,9,273.3,305.2,31.899999999999977,3,3,True,True
10.1016/j.fluid.2019.112241#d3#p1,InChI=1S/C4H9NO/c1-4(6)5(2)3/h1-3H3,"N,N-dimethylethanamide",10.1016/j.fluid.2019.112241,Transpiration method,22,22,22,273.3,304.7,31.399999999999977,7,8,True,True
10.1016/j.fluid.2019.112241#d4#p1,"InChI=1S/C6H13NO/c1-4-7(5-2)6(3)8/h4-5H2,1-3H3","N,N-diethylacetamide",10.1016/j.fluid.2019.112241,Transpiration method,14,14,14,293.2,333.1,39.900000000000034,5,5,True,True
10.1016/j.fluid.2019.112241#d5#p1,"InChI=1S/C6H13NO/c1-4-7(5-2)6(3)8/h4-5H2,1-3H3","N,N-diethylacetamide",10.1016/j.fluid.2019.112241,Transpiration method,8,8,8,308.2,338.3,30.100000000000023,3,2,True,True
10.1016/j.fluid.2019.112241#d6#p1,"InChI=1S/C10H21NO/c1-4-6-8-11(10(3)12)9-7-5-2/h4-9H2,1-3H3","N,N-dibutylacetamide",10.1016/j.fluid.2019.112241,Transpiration method,27,26,24,291.8,343.6,51.80000000000001,7,6,True,True
10.1016/j.fluid.2019.112241#d7#p1,"InChI=1S/C14H29NO/c1-4-6-8-10-12-15(14(3)16)13-11-9-7-5-2/h4-13H2,1-3H3","N,N-dihexylacetamide",10.1016/j.fluid.2019.112241,Transpiration method,16,16,14,331.5,364.2,32.69999999999999,5,4,True,True
10.1016/j.fluid.2019.112248#d10#p1,"InChI=1S/C10H12O2/c1-3-4-8-5-6-9(11)10(7-8)12-2/h3,5-7,11H,1,4H2,2H3",2-hydroxy-5-allylanisole,10.1016/j.fluid.2019.112248,Closed cell (Static) method,12,5,4,293.2,308.205,15.004999999999995,1,1,False,False
10.1016/j.fluid.2019.112248#d4#p1,"InChI=1S/C10H14O/c1-7(2)9-5-4-8(3)10(11)6-9/h4,9H,1,5-6H2,2-3H3/t9-/m0/s1",d-carvone,10.1016/j.fluid.2019.112248,Closed cell (Static) method,27,12,9,273.19,308.21,35.01999999999998,3,4,True,True
10.1016/j.jct.2003.09.009#d1#p1,"InChI=1S/C4H9Cl/c1-2-3-4-5/h2-4H2,1H3",1-chlorobutane,10.1016/j.jct.2003.09.009,CCELL:UFactor:2,6,6,6,278.15,303.15,25.0,2,2,False,False
10.1016/j.jct.2003.09.009#d2#p1,"InChI=1S/C8H18O/c1-2-3-4-5-6-7-8-9/h9H,2-8H2,1H3",octan-1-ol,10.1016/j.jct.2003.09.009,CCELL:UFactor:2,7,7,7,293.15,323.15,30.0,2,2,True,False
10.1016/j.jct.2003.09.009#d3#p1,"InChI=1S/C10H22O/c1-2-3-4-5-6-7-8-9-10-11/h11H,2-10H2,1H3",decan-1-ol,10.1016/j.jct.2003.09.009,CCELL:UFactor:2,3,3,3,313.15,323.15,10.0,1,1,False,False
10.1016/j.jct.2003.11.012#d19#p1,"InChI=1S/C12H22S/c1-3-7-11(8-4-1)13-12-9-5-2-6-10-12/h11-12H,1-10H2",dicyclohexyl sulfide,10.1016/j.jct.2003.11.012,INCPIST:UFactor:0.5,12,12,12,334.984,429.965,94.981,5,3,True,True
10.1016/j.jct.2003.12.012#d10#p1,"InChI=1S/C12H12S/c1-3-7-11-9(5-1)10-6-2-4-8-12(10)13-11/h1,3,5,7H,2,4,6,8H2","1,2,3,4-tetrahydrodibenzothiophene",10.1016/j.jct.2003.12.012,Inclined piston gauge,12,12,12,359.977,459.961,99.98400000000004,4,4,True,True
10.1016/j.jct.2003.12.012#d11#p1,"InChI=1S/C12H12S/c1-3-7-11-9(5-1)10-6-2-4-8-12(10)13-11/h1,3,5,7H,2,4,6,8H2","1,2,3,4-tetrahydrodibenzothiophene",10.1016/j.jct.2003.12.012,Ebulliometric method (Recirculating still),4,4,4,450.48,491.016,40.536,1,1,False,False
10.1016/j.jct.2004.01.001#d1#p1,"InChI=1S/C4H10O/c1-2-3-4-5/h5H,2-4H2,1H3",butan-1-ol,10.1016/j.jct.2004.01.001,MANOM:UFactor:2,1,1,1,308.15,308.15,0.0,1,1,False,False
10.1016/j.jct.2004.01.001#d10#p1,"InChI=1S/C8H10/c1-7-5-3-4-6-8(7)2/h3-6H,1-2H3","1,2-dimethylbenzene",10.1016/j.jct.2004.01.001,MANOM:UFactor:2,1,1,1,298.15,298.15,0.0,1,1,False,False
10.1016/j.jct.2004.01.001#d13#p1,"InChI=1S/C8H10/c1-7-4-3-5-8(2)6-7/h3-6H,1-2H3","1,3-dimethylbenzene",10.1016/j.jct.2004.01.001,MANOM:UFactor:2,1,1,1,298.15,298.15,0.0,1,1,False,False
10.1016/j.jct.2004.01.001#d16#p1,"InChI=1S/C8H10/c1-7-3-5-8(2)6-4-7/h3-6H,1-2H3","1,4-dimethylbenzene",10.1016/j.jct.2004.01.001,MANOM:UFactor:2,1,1,1,298.15,298.15,0.0,1,1,False,False
10.1016/j.jct.2004.01.001#d4#p1,InChI=1S/C6H6/c1-2-4-6-5-3-1/h1-6H,benzene,10.1016/j.jct.2004.01.001,MANOM:UFactor:2,1,1,1,298.15,298.15,0.0,1,1,False,False
10.1016/j.jct.2004.01.001#d7#p1,"InChI=1S/C7H8/c1-7-5-3-2-4-6-7/h2-6H,1H3",toluene,10.1016/j.jct.2004.01.001,MANOM:UFactor:2,1,1,1,298.15,298.15,0.0,1,1,False,False
10.1016/j.jct.2004.04.003#d21#p1,"InChI=1S/C10H18/c1-2-6-9(5-1)10-7-3-4-8-10/h9-10H,1-8H2","1,1'-bicyclopentyl",10.1016/j.jct.2004.04.003,Twin ebulliometer,8,8,7,383.997,405.0275,21.03049999999996,2,2,False,False
10.1016/j.jct.2004.07.014#d1#p1,InChI=1S/C2H3N/c1-2-3/h1H3,acetonitrile,10.1016/j.jct.2004.07.014,Closed cell (Static) method,1,1,1,305.51,305.51,0.0,1,1,False,False
10.1016/j.jct.2004.07.023#d3#p1,"InChI=1S/C7H16O3/c1-4-8-7(9-5-2)10-6-3/h7H,4-6H2,1-3H3",ethyl orthomethanoate,10.1016/j.jct.2004.07.023,Ebulliometric method (Recirculating still),7,7,6,329.02,370.08,41.06,4,1,True,False
10.1016/j.jct.2004.07.023#d6#p1,"InChI=1S/C7H12O4/c1-3-10-6(8)5-7(9)11-4-2/h3-5H2,1-2H3","diethyl 1,3-propanedioate",10.1016/j.jct.2004.07.023,EBULLIO:UFactor:4,4,4,4,373.15,409.56,36.410000000000025,1,2,False,False
10.1016/j.jct.2004.07.025#d1#p1,"InChI=1S/C12H14O4/c1-3-15-11(13)9-7-5-6-8-10(9)12(14)16-4-2/h5-8H,3-4H2,1-2H3",diethyl phthalate,10.1016/j.jct.2004.07.025,Calculated from knudsen effusion weight loss,9,9,8,323.04,343.7,20.659999999999968,3,3,False,False
10.1016/j.jct.2004.07.025#d2#p1,"InChI=1S/C12H14O4/c1-3-15-11(13)9-7-5-6-8-10(9)12(14)16-4-2/h5-8H,3-4H2,1-2H3",diethyl phthalate,10.1016/j.jct.2004.07.025,Closed cell (Static) method,29,26,13,335.06,424.075,89.01499999999999,5,3,True,True
10.1016/j.jct.2004.07.025#d3#p1,"InChI=1S/C12H14O4/c1-3-15-11(13)9-7-5-6-8-10(9)12(14)16-4-2/h5-8H,3-4H2,1-2H3",diethyl phthalate,10.1016/j.jct.2004.07.025,Ebulliometric method (Recirculating still),3,3,3,479.25,494.93,15.680000000000007,1,1,False,False
10.1016/j.jct.2004.08.004#d1#p1,"InChI=1S/C7H13N/c1-2-3-4-5-6-7-8/h2-6H2,1H3",heptanenitrile,10.1016/j.jct.2004.08.004,Transpiration method,10,10,10,280.2,307.2,27.0,3,3,False,False
10.1016/j.jct.2004.08.004#d10#p1,"InChI=1S/C17H33N/c1-2-3-4-5-6-7-8-9-10-11-12-13-14-15-16-17-18/h2-16H2,1H3",heptadecanenitrile,10.1016/j.jct.2004.08.004,Transpiration method,10,10,10,357.2,385.2,28.0,3,3,False,False
10.1016/j.jct.2004.08.004#d11#p1,"InChI=1S/C16H31N/c1-2-3-4-5-6-7-8-9-10-11-12-13-14-15-16-17/h2-15H2,1H3",hexadecanenitrile,10.1016/j.jct.2004.08.004,Transpiration method,12,12,12,348.1,382.2,34.099999999999966,4,4,True,True
10.1016/j.jct.2004.08.004#d2#p1,"InChI=1S/C8H15N/c1-2-3-4-5-6-7-8-9/h2-7H2,1H3",octanenitrile,10.1016/j.jct.2004.08.004,Transpiration method,12,10,10,283.2,310.2,27.0,3,3,False,False
10.1016/j.jct.2004.08.004#d3#p1,"InChI=1S/C9H17N/c1-2-3-4-5-6-7-8-9-10/h2-8H2,1H3",nonanenitrile,10.1016/j.jct.2004.08.004,Transpiration method,24,23,23,285.2,323.2,38.0,5,8,True,True
10.1016/j.jct.2004.08.004#d4#p1,"InChI=1S/C10H19N/c1-2-3-4-5-6-7-8-9-10-11/h2-9H2,1H3",1-decanenitrile,10.1016/j.jct.2004.08.004,Transpiration method,12,12,12,295.2,326.3,31.100000000000023,3,3,True,True
10.1016/j.jct.2004.08.004#d5#p1,"InChI=1S/C11H21N/c1-2-3-4-5-6-7-8-9-10-11-12/h2-10H2,1H3",1-decylcyanide,10.1016/j.jct.2004.08.004,Transpiration method,21,21,17,298.2,340.3,42.10000000000002,6,5,True,True
10.1016/j.jct.2004.08.004#d6#p1,"InChI=1S/C12H23N/c1-2-3-4-5-6-7-8-9-10-11-12-13/h2-11H2,1H3",n-dodecanenitrile,10.1016/j.jct.2004.08.004,Transpiration method,21,21,21,306.1,367.1,61.0,7,6,True,True
10.1016/j.jct.2004.08.004#d7#p1,"InChI=1S/C13H25N/c1-2-3-4-5-6-7-8-9-10-11-12-13-14/h2-12H2,1H3",dodecanecarbonitrile,10.1016/j.jct.2004.08.004,Transpiration method,15,15,15,318.1,363.2,45.099999999999966,5,4,True,True
10.1016/j.jct.2004.08.004#d8#p1,"InChI=1S/C14H27N/c1-2-3-4-5-6-7-8-9-10-11-12-13-14-15/h2-13H2,1H3",tetradecanenitrile,10.1016/j.jct.2004.08.004,Transpiration method,15,15,15,327.2,369.2,42.0,5,5,True,True
10.1016/j.jct.2004.08.004#d9#p1,"InChI=1S/C15H29N/c1-2-3-4-5-6-7-8-9-10-11-12-13-14-15-16/h2-14H2,1H3",1-tetradecyl cyanide,10.1016/j.jct.2004.08.004,Transpiration method,13,13,13,336.2,372.1,35.900000000000034,4,4,True,True
10.1016/j.jct.2004.09.015#d1#p1,InChI=1S/C4H9NO/c1-4(6)5(2)3/h1-3H3,"N,N-dimethylethanamide",10.1016/j.jct.2004.09.015,Closed cell (Static) method,7,7,7,323.15,383.15,60.0,2,2,True,False
10.1016/j.jct.2004.11.007#d3#p1,"InChI=1S/C5H9NO/c1-6-4-2-3-5(6)7/h2-4H2,1H3",N-methylpyrrolidone,10.1016/j.jct.2004.11.007,EBULLIO:UFactor:32,2,2,2,333.15,373.15,40.0,1,1,False,False
10.1016/j.jct.2005.03.004#d1#p1,"InChI=1S/CH4O/c1-2/h2H,1H3",methanol,10.1016/j.jct.2005.03.004,CCELL:UFactor:0.5,1,1,1,298.15,298.15,0.0,1,1,False,False
10.1016/j.jct.2005.06.003#d1#p1,InChI=1S/C4H8O/c1-2-4-5-3-1/h1-4H2,tetrahydrofuran,10.1016/j.jct.2005.06.003,Closed cell (Static) method,3,3,3,283.15,293.15,10.0,1,1,False,False
10.1016/j.jct.2005.06.003#d2#p1,InChI=1S/C2H2Cl4/c3-1(4)2(5)6/h1-2H,"1,1,2,2-tetrachloroethane",10.1016/j.jct.2005.06.003,Closed cell (Static) method,9,9,9,283.15,323.15,40.0,3,3,True,True
10.1016/j.jct.2005.06.003#d3#p1,InChI=1S/C2Cl4/c3-1(4)2(5)6,tetrachloroethene,10.1016/j.jct.2005.06.003,Closed cell (Static) method,9,9,9,283.15,323.15,40.0,3,3,True,True
10.1016/j.jct.2005.07.004#d3#p1,"InChI=1S/C4H10O/c1-2-3-4-5/h5H,2-4H2,1H3",butan-1-ol,10.1016/j.jct.2005.07.004,Closed cell (Static) method,4,1,1,313.15,313.15,0.0,1,1,False,False
10.1016/j.jct.2005.07.015#d1#p1,"InChI=1S/C2H6O/c1-2-3/h3H,2H2,1H3",ethanol,10.1016/j.jct.2005.07.015,Closed cell (Static) method,4,4,4,298.15,313.15,15.0,1,1,False,False
10.1016/j.jct.2005.07.016#d2#p1,InChI=1S/C5H8O/c6-5-3-1-2-4-5/h1-4H2,cyclopentanone,10.1016/j.jct.2005.07.016,CCELL:UFactor:8,10,10,10,291.95,316.75,24.80000000000001,3,4,False,False
10.1016/j.jct.2005.07.016#d4#p1,InChI=1S/C2H4Cl2/c3-1-2-4/h1-2H2,"1,2-dichloroethane",10.1016/j.jct.2005.07.016,CCELL:UFactor:8,8,8,8,292.85,309.95,17.099999999999966,3,2,False,False
10.1016/j.jct.2005.07.016#d6#p1,"InChI=1S/C2H3Cl3/c1-2(3,4)5/h1H3","1,1,1-trichloroethane",10.1016/j.jct.2005.07.016,CCELL:UFactor:8,1,1,1,298.15,298.15,0.0,1,1,False,False
10.1016/j.jct.2005.08.001#d1#p1,InChI=1S/C4H9NO/c1-4(6)5(2)3/h1-3H3,"N,N-dimethylethanamide",10.1016/j.jct.2005.08.001,Closed cell (Static) method,1,1,1,313.15,313.15,0.0,1,1,False,False
10.1016/j.jct.2005.08.001#d4#p1,"InChI=1S/C2H6O/c1-2-3/h3H,2H2,1H3",ethanol,10.1016/j.jct.2005.08.001,Closed cell (Static) method,1,1,1,313.15,313.15,0.0,1,1,False,False
10.1016/j.jct.2005.08.003#d1#p1,"InChI=1S/C8H16O2/c1-3-4-5-6-7-10-8(2)9/h3-7H2,1-2H3",hexyl ethanoate,10.1016/j.jct.2005.08.003,Transpiration method,13,13,13,274.5,309.1,34.60000000000002,4,4,True,True
10.1016/j.jct.2005.08.003#d2#p1,"InChI=1S/C9H18O2/c1-3-4-5-6-7-8-11-9(2)10/h3-8H2,1-2H3",heptyl ethanoate,10.1016/j.jct.2005.08.003,Transpiration method,12,12,12,274.5,306.1,31.600000000000023,4,4,True,True
10.1016/j.jct.2005.08.003#d3#p1,"InChI=1S/C10H20O2/c1-3-4-5-6-7-8-9-12-10(2)11/h3-9H2,1-2H3",octyl ethanoate,10.1016/j.jct.2005.08.003,Transpiration method,12,12,12,274.5,309.2,34.69999999999999,4,4,True,True
10.1016/j.jct.2005.08.003#d4#p1,"InChI=1S/C11H22O2/c1-3-4-5-6-7-8-9-10-13-11(2)12/h3-10H2,1-2H3",nonyl ethanoate,10.1016/j.jct.2005.08.003,Transpiration method,10,10,10,281.8,309.2,27.399999999999977,3,3,False,False
10.1016/j.jct.2005.08.003#d5#p1,"InChI=1S/C12H24O2/c1-3-4-5-6-7-8-9-10-11-14-12(2)13/h3-11H2,1-2H3",decyl acetate,10.1016/j.jct.2005.08.003,Transpiration method,10,10,10,294,321.5,27.5,3,3,False,False
10.1016/j.jct.2005.08.003#d6#p1,"InChI=1S/C13H26O2/c1-3-4-5-6-7-8-9-10-11-12-15-13(2)14/h3-12H2,1-2H3","1-undecanol, acetate",10.1016/j.jct.2005.08.003,Transpiration method,9,9,9,305.2,329.4,24.19999999999999,3,3,False,False
10.1016/j.jct.2005.08.003#d7#p1,"InChI=1S/C14H28O2/c1-3-4-5-6-7-8-9-10-11-12-13-16-14(2)15/h3-13H2,1-2H3",dodecyl ethanoate,10.1016/j.jct.2005.08.003,Transpiration method,7,7,7,315.2,333.4,18.19999999999999,2,2,False,False
10.1016/j.jct.2005.08.003#d8#p1,"InChI=1S/C16H32O2/c1-3-4-5-6-7-8-9-10-11-12-13-14-15-18-16(2)17/h3-15H2,1-2H3",tetradecyl ethanoate,10.1016/j.jct.2005.08.003,Transpiration method,3,3,3,334.4,340.5,6.100000000000023,1,1,False,False
10.1016/j.jct.2005.11.009#d1#p1,"InChI=1S/C11H16/c1-2-3-5-8-11-9-6-4-7-10-11/h4,6-7,9-10H,2-3,5,8H2,1H3",pentylbenzene,10.1016/j.jct.2005.11.009,Transpiration method,15,15,14,284.5,323.2,38.69999999999999,4,4,True,True
10.1016/j.jct.2005.11.009#d2#p1,"InChI=1S/C13H20/c1-2-3-4-5-7-10-13-11-8-6-9-12-13/h6,8-9,11-12H,2-5,7,10H2,1H3",heptylbenzene,10.1016/j.jct.2005.11.009,Transpiration method,24,24,24,292.5,353.5,61.0,8,7,True,True
10.1016/j.jct.2005.11.009#d3#p1,"InChI=1S/C16H26/c1-2-3-4-5-6-7-8-10-13-16-14-11-9-12-15-16/h9,11-12,14-15H,2-8,10,13H2,1H3",1-phenyldecane,10.1016/j.jct.2005.11.009,Transpiration method,10,10,10,318.2,363.4,45.19999999999999,3,3,True,True
10.1016/j.jct.2005.11.009#d4#p1,"InChI=1S/C17H28/c1-2-3-4-5-6-7-8-9-11-14-17-15-12-10-13-16-17/h10,12-13,15-16H,2-9,11,14H2,1H3",undecylbenzene,10.1016/j.jct.2005.11.009,Transpiration method,9,9,9,327.3,363.8,36.5,3,3,True,True
10.1016/j.jct.2006.01.010#d2#p1,InChI=1S/C5H8O/c6-5-3-1-2-4-5/h1-4H2,cyclopentanone,10.1016/j.jct.2006.01.010,Ebulliometric method (Recirculating still),4,4,4,323.15,353.15,30.0,1,1,False,False
10.1016/j.jct.2006.01.010#d4#p1,InChI=1S/C6H10O/c7-6-4-2-1-3-5-6/h1-5H2,cyclohexanone,10.1016/j.jct.2006.01.010,Ebulliometric method (Recirculating still),4,4,4,343.15,373.15,30.0,1,1,False,False
10.1016/j.jct.2006.01.010#d6#p1,InChI=1S/C2H2Cl4/c3-1(4)2(5)6/h1-2H,"1,1,2,2-tetrachloroethane",10.1016/j.jct.2006.01.010,Ebulliometric method (Recirculating still),3,3,3,343.15,363.15,20.0,1,1,False,False
10.1016/j.jct.2006.05.007#d2#p1,"InChI=1S/C6H14O/c1-5-7-6(2,3)4/h5H2,1-4H3",2-ethoxy-2-methylpropane,10.1016/j.jct.2006.05.007,Twin ebulliometer,1,1,1,298.249,298.249,0.0,1,1,False,False
10.1016/j.jct.2006.05.007#d3#p1,"InChI=1S/C8H18O/c1-7(2)6-9-8(3,4)5/h7H,6H2,1-5H3",isobutyl tert-butyl ether,10.1016/j.jct.2006.05.007,Ebulliometric method (Recirculating still),5,5,5,310.607,333.132,22.524999999999977,2,2,False,False
10.1016/j.jct.2006.06.010#d1#p1,InChI=1S/C5H8O2/c6-5-3-1-2-4-7-5/h1-4H2,1-oxacyclohexan-2-one,10.1016/j.jct.2006.06.010,Transpiration method,51,38,30,278.4,353.2,74.80000000000001,10,10,True,True
10.1016/j.jct.2006.06.010#d2#p1,"InChI=1S/C6H10O2/c1-5-3-2-4-6(7)8-5/h5H,2-4H2,1H3","2H-pyran-2-one, tetrahydro-6-methyl-",10.1016/j.jct.2006.06.010,Transpiration method,29,23,20,283.2,353.1,69.90000000000003,7,8,True,True
10.1016/j.jct.2006.06.010#d3#p1,"InChI=1S/C8H14O2/c1-2-4-7-5-3-6-8(9)10-7/h7H,2-6H2,1H3","2H-pyran-2-one, tetrahydro-6-propyl-",10.1016/j.jct.2006.06.010,Transpiration method,17,17,17,293.2,353.1,59.900000000000034,5,6,True,True
10.1016/j.jct.2006.06.010#d4#p1,"InChI=1S/C9H16O2/c1-2-3-5-8-6-4-7-9(10)11-8/h8H,2-7H2,1H3",.delta.-nonanolactone,10.1016/j.jct.2006.06.010,Transpiration method,10,10,10,303.2,348.2,45.0,3,3,True,True
10.1016/j.jct.2006.06.010#d5#p1,"InChI=1S/C10H18O2/c1-2-3-4-6-9-7-5-8-10(11)12-9/h9H,2-8H2,1H3","2H-pyran-2-one, tetrahydro-6-pentyl-",10.1016/j.jct.2006.06.010,Transpiration method,21,21,20,316,358.2,42.19999999999999,6,7,True,True
10.1016/j.jct.2006.07.004#d4#p1,"InChI=1S/C6H12O/c1-5(2)4-6(3)7/h5H,4H2,1-3H3",4-methylpentan-2-one,10.1016/j.jct.2006.07.004,EBULLIO:UFactor:2,1,1,1,303.15,303.15,0.0,1,1,False,False
10.1016/j.jct.2006.10.007#d10#p1,"InChI=1S/C8H18O/c1-3-5-7-8(9)6-4-2/h8-9H,3-7H2,1-2H3",4-octanol,10.1016/j.jct.2006.10.007,Transpiration method,17,17,16,288.3,322.3,34.0,4,5,True,True
10.1016/j.jct.2006.10.007#d12#p1,"InChI=1S/C9H20O/c1-3-4-5-6-7-8-9(2)10/h9-10H,3-8H2,1-2H3",2-nonanol,10.1016/j.jct.2006.10.007,Transpiration method,30,27,24,285.7,324.2,38.5,6,6,True,True
10.1016/j.jct.2006.10.007#d14#p1,"InChI=1S/C9H20O/c1-3-5-6-7-8-9(10)4-2/h9-10H,3-8H2,1-2H3",3-nonanol,10.1016/j.jct.2006.10.007,Transpiration method,15,15,15,285.2,324.3,39.10000000000002,4,4,True,True
10.1016/j.jct.2006.10.007#d16#p1,"InChI=1S/C9H20O/c1-3-5-6-8-9(10)7-4-2/h9-10H,3-8H2,1-2H3",4-nonanol,10.1016/j.jct.2006.10.007,Transpiration method,15,15,15,285,324.2,39.19999999999999,4,4,True,True
10.1016/j.jct.2006.10.007#d18#p1,"InChI=1S/C9H20O/c1-3-5-7-9(10)8-6-4-2/h9-10H,3-8H2,1-2H3",5-nonanol,10.1016/j.jct.2006.10.007,Transpiration method,14,14,14,288.6,334.2,45.599999999999966,5,3,True,True
10.1016/j.jct.2006.10.007#d2#p1,"InChI=1S/C7H16O/c1-3-4-5-6-7(2)8/h7-8H,3-6H2,1-2H3",2-heptanol,10.1016/j.jct.2006.10.007,Transpiration method,25,25,25,274.9,312.2,37.30000000000001,6,9,True,True
10.1016/j.jct.2006.10.007#d4#p1,"InChI=1S/C7H16O/c1-3-5-7(8)6-4-2/h7-8H,3-6H2,1-2H3",4-heptanol,10.1016/j.jct.2006.10.007,Transpiration method,13,13,13,275.3,311.2,35.89999999999998,4,4,True,True
10.1016/j.jct.2006.10.007#d6#p1,"InChI=1S/C8H18O/c1-3-4-5-6-7-8(2)9/h8-9H,3-7H2,1-2H3",2-octanol,10.1016/j.jct.2006.10.007,Transpiration method,25,25,25,283.8,329.2,45.39999999999998,6,7,True,True
10.1016/j.jct.2006.10.007#d8#p1,"InChI=1S/C8H18O/c1-3-5-6-7-8(9)4-2/h8-9H,3-7H2,1-2H3",3-octanol,10.1016/j.jct.2006.10.007,Transpiration method,13,13,13,288.3,324.2,35.89999999999998,4,4,True,True
10.1016/j.jct.2006.10.012#d11#p1,"InChI=1S/C11H11N/c1-8-3-6-11-10(7-8)5-4-9(2)12-11/h3-7H,1-2H3","2,6-dimethylquinoline",10.1016/j.jct.2006.10.012,Inclined piston gauge,11,11,11,336.987,414.963,77.976,4,4,True,True
10.1016/j.jct.2006.10.012#d12#p1,"InChI=1S/C11H11N/c1-8-3-6-11-10(7-8)5-4-9(2)12-11/h3-7H,1-2H3","2,6-dimethylquinoline",10.1016/j.jct.2006.10.012,Twin ebulliometer,8,8,8,411.209,476.574,65.36500000000001,3,2,True,True
10.1016/j.jct.2006.11.012#d3#p1,"InChI=1S/C8H5F13/c1-2-3(9,10)4(11,12)5(13,14)6(15,16)7(17,18)8(19,20)21/h2H2,1H3",perfluorohexylethane,10.1016/j.jct.2006.11.012,CCELL:UFactor:2,5,5,4,298.31,312.81,14.5,1,1,False,False
10.1016/j.jct.2007.01.017#d3#p1,"InChI=1S/C6H13Cl/c1-2-3-4-5-6-7/h2-6H2,1H3",1-chlorohexane,10.1016/j.jct.2007.01.017,EBULLIO:UFactor:2,1,1,1,313.15,313.15,0.0,1,1,False,False
10.1016/j.jct.2007.03.008#d12#p1,InChI=1S/C3H6Cl2/c4-2-1-3-5/h1-3H2,"1,3-dichloropropane",10.1016/j.jct.2007.03.008,ISOTEN::UFactor:4,3,3,3,298.15,318.15,20.0,1,1,False,False
10.1016/j.jct.2007.03.008#d3#p1,InChI=1S/C5H8O/c6-5-3-1-2-4-5/h1-4H2,cyclopentanone,10.1016/j.jct.2007.03.008,ISOTEN:UFactor:8,3,3,3,298.15,318.15,20.0,1,1,False,False
10.1016/j.jct.2007.03.008#d6#p1,InChI=1S/C4H8Cl2/c5-3-1-2-4-6/h1-4H2,"1,4-dichlorobutane",10.1016/j.jct.2007.03.008,ISOTEN::UFactor:4,3,3,3,298.15,318.15,20.0,1,1,False,False
10.1016/j.jct.2007.03.008#d9#p1,"InChI=1S/C4H9Cl/c1-2-3-4-5/h2-4H2,1H3",1-chlorobutane,10.1016/j.jct.2007.03.008,ISOTEN::UFactor:8,1,1,1,298.15,298.15,0.0,1,1,False,False
10.1016/j.jct.2007.03.011#d1#p1,"InChI=1S/C3H5NO/c4-2-1-3-5/h5H,1,3H2",3-hydroxypropanenitrile,10.1016/j.jct.2007.03.011,Transpiration method,24,23,22,306.3,361.8,55.5,4,7,True,True
10.1016/j.jct.2007.06.017#d5#p1,InChI=1S/C4H8Cl2/c5-3-1-2-4-6/h1-4H2,"1,4-dichlorobutane",10.1016/j.jct.2007.06.017,Ebulliometric method (Recirculating still),1,1,1,323.15,323.15,0.0,1,1,False,False
10.1016/j.jct.2007.09.008#d1#p1,InChI=1S/C6H10O2/c7-6-4-2-1-3-5-8-6/h1-5H2,6-hexanolactone,10.1016/j.jct.2007.09.008,Closed cell (Static) method,7,7,7,283.2,343.2,60.0,2,2,True,False
10.1016/j.jct.2007.09.008#d2#p1,"InChI=1S/C6H10O2/c1-5-3-2-4-6(7)8-5/h5H,2-4H2,1H3","2H-pyran-2-one, tetrahydro-6-methyl-",10.1016/j.jct.2007.09.008,Closed cell (Static) method,7,7,7,283.1,343.1,60.0,2,2,True,False
10.1016/j.jct.2007.09.008#d3#p1,"InChI=1S/C6H10O2/c1-2-5-3-4-6(7)8-5/h5H,2-4H2,1H3","2(3H)-furanone, 5-ethyldihydro-",10.1016/j.jct.2007.09.008,Closed cell (Static) method,7,7,7,283.1,343.1,60.0,2,2,True,False
10.1016/j.jct.2008.01.009#d15#p1,"InChI=1S/C10H10/c1-2-6-10-8-4-3-7-9(10)5-1/h1-3,5-7H,4,8H2","1,2-dihydronaphthalene",10.1016/j.jct.2008.01.009,Inclined piston gauge,10,10,10,289.999,369.98,79.981,4,3,True,True
10.1016/j.jct.2008.01.009#d16#p1,"InChI=1S/C10H10/c1-2-6-10-8-4-3-7-9(10)5-1/h1-3,5-7H,4,8H2","1,2-dihydronaphthalene",10.1016/j.jct.2008.01.009,Twin ebulliometer,9,9,9,362.707,423.056,60.34899999999999,3,3,True,True
10.1016/j.jct.2008.01.012#d1#p1,"InChI=1S/C7H18N2/c1-3-9(4-2)7-5-6-8/h3-8H2,1-2H3","N,N-diethylpropane-1,3-diamine",10.1016/j.jct.2008.01.012,Diaphragm manometer,5,5,5,303.15,343.15,40.0,2,2,False,False
10.1016/j.jct.2008.01.012#d2#p1,"InChI=1S/C7H16/c1-3-5-7-6-4-2/h3-7H2,1-2H3",heptane,10.1016/j.jct.2008.01.012,Diaphragm manometer,3,3,3,303.15,323.15,20.0,1,1,False,False
10.1016/j.jct.2008.01.024#d7#p1,InChI=1S/C4H8Cl2/c5-3-1-2-4-6/h1-4H2,"1,4-dichlorobutane",10.1016/j.jct.2008.01.024,Ebulliometric method (Recirculating still),1,1,1,323.15,323.15,0.0,1,1,False,False
10.1016/j.jct.2008.01.024#d9#p1,"InChI=1S/C6H13Cl/c1-2-3-4-5-6-7/h2-6H2,1H3",1-chlorohexane,10.1016/j.jct.2008.01.024,Ebulliometric method (Recirculating still),1,1,1,313.15,313.15,0.0,1,1,False,False
10.1016/j.jct.2008.02.002#d1#p1,"InChI=1S/C5H8O2/c1-4-2-3-5(6)7-4/h4H,2-3H2,1H3",.gamma.-valerolactone,10.1016/j.jct.2008.02.002,Transpiration method,22,22,22,275.8,349.7,73.89999999999998,8,5,True,True
10.1016/j.jct.2008.02.002#d2#p1,"InChI=1S/C6H10O2/c1-2-5-3-4-6(7)8-5/h5H,2-4H2,1H3","2(3H)-furanone, 5-ethyldihydro-",10.1016/j.jct.2008.02.002,Transpiration method,24,24,24,283.3,353.3,70.0,6,10,True,True
10.1016/j.jct.2008.02.002#d3#p1,"InChI=1S/C7H12O2/c1-2-3-6-4-5-7(8)9-6/h6H,2-5H2,1H3","2(3H)-furanone, dihydro-5-propyl-",10.1016/j.jct.2008.02.002,Transpiration method,14,14,14,298.1,363.2,65.09999999999997,4,4,True,True
10.1016/j.jct.2008.02.002#d4#p1,"InChI=1S/C9H16O2/c1-2-3-4-5-8-6-7-9(10)11-8/h8H,2-7H2,1H3","2(3H)-furanone, dihydro-5-pentyl-",10.1016/j.jct.2008.02.002,Transpiration method,13,13,13,300,363.4,63.39999999999998,4,4,True,True
10.1016/j.jct.2008.02.002#d5#p1,"InChI=1S/C10H18O2/c1-2-3-4-5-6-9-7-8-10(11)12-9/h9H,2-8H2,1H3",.gamma.-decalactone,10.1016/j.jct.2008.02.002,Transpiration method,20,19,18,313.1,365,51.89999999999998,4,6,True,True
10.1016/j.jct.2008.02.012#d1#p1,InChI=1S/C3H6O3/c1-5-3(4)6-2/h1-2H3,dimethyl carbonate,10.1016/j.jct.2008.02.012,Transpiration method,16,16,16,274.2,304.1,29.900000000000034,5,6,False,False
10.1016/j.jct.2008.02.012#d2#p1,"InChI=1S/C5H10O3/c1-3-7-5(6)8-4-2/h3-4H2,1-2H3",diethyl carbonate,10.1016/j.jct.2008.02.012,Transpiration method,44,37,31,273.1,315.2,42.099999999999966,9,12,True,True
10.1016/j.jct.2008.02.012#d3#p1,"InChI=1S/C7H14O3/c1-3-5-9-7(8)10-6-4-2/h3-6H2,1-2H3",dipropyl carbonate,10.1016/j.jct.2008.02.012,Transpiration method,24,24,24,273.9,318.2,44.30000000000001,7,10,True,True
10.1016/j.jct.2008.02.012#d4#p1,"InChI=1S/C9H18O3/c1-3-5-7-11-9(10)12-8-6-4-2/h3-8H2,1-2H3",dibutyl carbonate,10.1016/j.jct.2008.02.012,Transpiration method,21,21,21,287.1,329.1,42.0,6,4,True,True
10.1016/j.jct.2008.02.012#d5#p1,"InChI=1S/C15H14O3/c16-15(17-11-13-7-3-1-4-8-13)18-12-14-9-5-2-6-10-14/h1-10H,11-12H2",dibenzyl carbonate,10.1016/j.jct.2008.02.012,Transpiration method,13,12,11,353.8,373.6,19.80000000000001,3,4,False,False
10.1016/j.jct.2008.02.016#d2#p1,"InChI=1S/C7H16/c1-3-5-7-6-4-2/h3-7H2,1-2H3",heptane,10.1016/j.jct.2008.02.016,CCELL:UFactor:4,3,3,3,303.15,323.15,20.0,1,1,False,False
10.1016/j.jct.2008.03.017#d1#p1,InChI=1S/C3H6O2/c1-2-5-3-4-1/h1-3H2,"1,3-dioxolane",10.1016/j.jct.2008.03.017,EBULLIO:UFactor:16,1,1,1,298.15,298.15,0.0,1,1,False,False
10.1016/j.jct.2008.03.017#d3#p1,InChI=1S/C4H8O2/c1-2-6-4-3-5-1/h1-4H2,"1,4-dioxane",10.1016/j.jct.2008.03.017,EBULLIO:UFactor:16,2,2,2,298.15,328.15,30.0,1,1,False,False
10.1016/j.jct.2008.03.017#d5#p1,"InChI=1S/C6H13Cl/c1-2-3-4-5-6-7/h2-6H2,1H3",1-chlorohexane,10.1016/j.jct.2008.03.017,EBULLIO:UFactor:16,2,2,2,298.15,328.15,30.0,1,1,False,False
10.1016/j.jct.2008.03.017#d9#p1,InChI=1S/C5H10O/c1-2-4-6-5-3-1/h1-5H2,tetrahydropyran,10.1016/j.jct.2008.03.017,EBULLIO:UFactor:16,1,1,1,298.15,298.15,0.0,1,1,False,False
10.1016/j.jct.2008.04.010#d10#p1,InChI=1S/C22H16/c1-2-7-17(8-3-1)20-11-6-12-21(15-20)22-14-13-18-9-4-5-10-19(18)16-22/h1-16H,2-(biphen-3-yl)naphthalene,10.1016/j.jct.2008.04.010,Calculated from knudsen effusion weight loss,2,1,1,413.17,413.17,0.0,1,1,False,False
10.1016/j.jct.2008.04.013#d1#p1,"InChI=1S/C6H6O2S/c1-4-2-3-9-5(4)6(7)8/h2-3H,1H3,(H,7,8)",3-methyl-2-thiophenecarboxylic acid,10.1016/j.jct.2008.04.013,Calculated from knudsen effusion weight loss,3,1,1,334.2,334.2,0.0,1,1,False,False
10.1016/j.jct.2008.04.013#d2#p1,"InChI=1S/C7H6O3S/c1-4(8)5-2-3-6(11-5)7(9)10/h2-3H,1H3,(H,9,10)",5-acetyl-2-thiophenecarboxylic acid,10.1016/j.jct.2008.04.013,Calculated from knudsen effusion weight loss,2,1,1,386.17,386.17,0.0,1,1,False,False
10.1016/j.jct.2008.04.013#d3#p1,"InChI=1S/C6H6O2S/c1-4-2-3-5(9-4)6(7)8/h2-3H,1H3,(H,7,8)",5-methyl-2-thiophenecarboxylic acid,10.1016/j.jct.2008.04.013,Calculated from knudsen effusion weight loss,3,1,1,338.11,338.11,0.0,1,1,False,False
10.1016/j.jct.2008.07.024#d1#p1,"InChI=1S/C5H12O2/c1-2-4-7-5-3-6/h6H,2-5H2,1H3",2-propoxyethanol,10.1016/j.jct.2008.07.024,Closed cell (Static) method,5,3,3,303.15,323.15,20.0,1,1,False,False
10.1016/j.jct.2008.07.024#d3#p1,"InChI=1S/C7H16/c1-3-5-7-6-4-2/h3-7H2,1-2H3",heptane,10.1016/j.jct.2008.07.024,Closed cell (Static) method,3,3,3,303.15,323.15,20.0,1,1,False,False
10.1016/j.jct.2008.09.020#d3#p1,"InChI=1S/C7H8/c1-7-5-3-2-4-6-7/h2-6H,1H3",toluene,10.1016/j.jct.2008.09.020,Ebulliometric method (Recirculating still),2,1,1,313.15,313.15,0.0,1,1,False,False
10.1016/j.jct.2008.10.008#d24#p1,"InChI=1S/C14H22/c1-13(2,3)11-7-9-12(10-8-11)14(4,5)6/h7-10H,1-6H3","1,4-bis(1,1-dimethylethyl)benzene",10.1016/j.jct.2008.10.008,Inclined piston gauge,7,7,7,354.981,394.968,39.98700000000002,3,2,True,True
10.1016/j.jct.2009.02.008#d5#p1,"InChI=1S/C7H4N2O6/c10-7(11)5-2-1-4(8(12)13)3-6(5)9(14)15/h1-3H,(H,10,11)","2,4-dinitrobenzoic acid",10.1016/j.jct.2009.02.008,Torsion effusion method,8,8,5,494.35,495.85,1.5,2,3,False,False
10.1016/j.jct.2009.04.005#d1#p1,"InChI=1S/C4H10O/c1-2-3-4-5/h5H,2-4H2,1H3",butan-1-ol,10.1016/j.jct.2009.04.005,Closed cell (Static) method,1,1,1,298.15,298.15,0.0,1,1,False,False
10.1016/j.jct.2009.04.005#d5#p1,"InChI=1S/C4H9Cl/c1-2-3-4-5/h2-4H2,1H3",1-chlorobutane,10.1016/j.jct.2009.04.005,Closed cell (Static) method,1,1,1,298.15,298.15,0.0,1,1,False,False
10.1016/j.jct.2009.04.005#d7#p1,"InChI=1S/C4H10O/c1-3-4(2)5/h4-5H,3H2,1-2H3",butan-2-ol,10.1016/j.jct.2009.04.005,Closed cell (Static) method,1,1,1,298.15,298.15,0.0,1,1,False,False
10.1016/j.jct.2009.04.006#d1#p1,"InChI=1S/C4H9Cl/c1-2-3-4-5/h2-4H2,1H3",1-chlorobutane,10.1016/j.jct.2009.04.006,Isoteniscope,1,1,1,298.15,298.15,0.0,1,1,False,False
10.1016/j.jct.2009.04.006#d4#p1,"InChI=1S/C2H3Cl3/c1-2(3,4)5/h1H3","1,1,1-trichloroethane",10.1016/j.jct.2009.04.006,Isoteniscope,1,1,1,298.15,298.15,0.0,1,1,False,False
10.1016/j.jct.2009.04.006#d7#p1,InChI=1S/C6H10O/c7-6-4-2-1-3-5-6/h1-5H2,cyclohexanone,10.1016/j.jct.2009.04.006,Isoteniscope,3,3,3,298.15,318.15,20.0,1,1,False,False
10.1016/j.jct.2009.04.009#d1#p1,"InChI=1S/C4H10O/c1-4(2)3-5/h4-5H,3H2,1-2H3",2-methyl-1-propanol,10.1016/j.jct.2009.04.009,Recirculating still,1,1,1,336.9,336.9,0.0,1,1,False,False
10.1016/j.jct.2009.04.009#d2#p1,"InChI=1S/C5H12O/c1-5(2)3-4-6/h5-6H,3-4H2,1-2H3",3-methylbutan-1-ol,10.1016/j.jct.2009.04.009,Recirculating Still,1,1,1,357.5,357.5,0.0,1,1,False,False
10.1016/j.jct.2009.04.019#d1#p1,"InChI=1S/C3H8O2/c1-3(5)2-4/h3-5H,2H2,1H3/t3-/m0/s1","(+)-(S)-1,2-propanediol",10.1016/j.jct.2009.04.019,Transpiration method,57,49,35,283.5,338.4,54.89999999999998,14,6,True,True
10.1016/j.jct.2009.09.003#d2#p1,"InChI=1S/C6H14N2/c1-7-3-5-8(2)6-4-7/h3-6H2,1-2H3","1,4-dimethylpiperazine",10.1016/j.jct.2009.09.003,Transpiration,18,18,18,268.1,311.1,43.0,6,6,True,True
10.1016/j.jct.2009.09.003#d4#p1,"InChI=1S/C6H15N3/c7-1-4-9-5-2-8-3-6-9/h8H,1-7H2",N-(.beta.-aminoethyl)piperazine),10.1016/j.jct.2009.09.003,Transpiration,22,21,20,295.7,338.1,42.400000000000034,7,7,True,True
10.1016/j.jct.2009.09.003#d6#p1,"InChI=1S/C7H17N3/c1-9-4-6-10(3-2-8)7-5-9/h2-8H2,1H3",1-(2-aminoethyl)-4-methyl-piperazine,10.1016/j.jct.2009.09.003,Transpiration,17,16,16,297.8,331.8,34.0,3,6,True,True
10.1016/j.jct.2009.09.003#d8#p1,"InChI=1S/C6H18N4/c7-1-3-9-5-6-10-4-2-8/h9-10H,1-8H2","1,2-ethanediamine, N,N'-bis(2-aminoethyl)-",10.1016/j.jct.2009.09.003,Transpiration,27,26,25,338.2,373.3,35.10000000000002,9,6,True,True
10.1016/j.jct.2009.11.010#d10#p1,InChI=1S/C12H8N2/c1-2-6-10-9(5-1)13-11-7-3-4-8-12(11)14-10/h1-8H,phenazine,10.1016/j.jct.2009.11.010,Inclined piston gauge,7,7,6,449.964,471.96,21.99599999999998,2,2,False,False
10.1016/j.jct.2009.11.011#d14#p1,InChI=1S/C13H9N/c1-2-6-11-10(5-1)9-14-13-8-4-3-7-12(11)13/h1-9H,phenanthridine,10.1016/j.jct.2009.11.011,Ebulliometric method (Recirculating still),3,3,3,473.894,493.837,19.942999999999984,1,1,False,False
10.1016/j.jct.2010.01.016#d1#p1,"InChI=1S/C7H18N2/c1-3-9(4-2)7-5-6-8/h3-8H2,1-2H3","N,N-diethylpropane-1,3-diamine",10.1016/j.jct.2010.01.016,Closed cell (Static) method,10,10,10,273.15,363.15,90.0,3,3,True,True
10.1016/j.jct.2010.01.016#d3#p1,InChI=1S/C6H12/c1-2-4-6-5-3-1/h1-6H2,cyclohexane,10.1016/j.jct.2010.01.016,Closed cell (Static) method,4,4,4,273.15,303.15,30.0,1,1,False,False
10.1016/j.jct.2010.04.015#d1#p1,"InChI=1S/C4H11NO/c1-4(2,5)3-6/h6H,3,5H2,1-2H3",2-amino-2-methylpropan-1-ol,10.1016/j.jct.2010.04.015,Closed cell (Static) method,9,9,9,293.29,373,79.70999999999998,3,3,True,True
10.1016/j.jct.2010.04.015#d2#p1,"InChI=1S/C5H13NO/c1-6(2)4-3-5-7/h7H,3-5H2,1-2H3",3-dimethylamino-1-propanol,10.1016/j.jct.2010.04.015,Closed cell (Static) method,9,9,9,283.15,373.1,89.95000000000005,2,3,True,False
10.1016/j.jct.2010.05.002#d12#p1,"InChI=1S/C16H18/c1-16(2,3)15-11-9-14(10-12-15)13-7-5-4-6-8-13/h4-12H,1-3H3","4-(1,1-dimethylethyl)-1,1'-biphenyl",10.1016/j.jct.2010.05.002,Transpiration method,30,30,29,327.4,378,50.60000000000002,9,8,True,True
10.1016/j.jct.2010.05.002#d6#p1,"InChI=1S/C13H12/c1-11-7-9-13(10-8-11)12-5-3-2-4-6-12/h2-10H,1H3",4-methylbiphenyl,10.1016/j.jct.2010.05.002,Transpiration method,14,14,14,323.2,353.2,30.0,4,5,True,True
10.1016/j.jct.2010.07.008#d1#p1,"InChI=1S/C6H15NO2/c1-7(2)3-5-9-6-4-8/h8H,3-6H2,1-2H3",2-(2-dimethylaminoethoxy)ethanol,10.1016/j.jct.2010.07.008,Closed cell (Static) method,10,10,10,283.15,373.1,89.95000000000005,3,3,True,True
10.1016/j.jct.2010.07.014#d4#p1,"InChI=1S/C2H6O/c1-2-3/h3H,2H2,1H3",ethanol,10.1016/j.jct.2010.07.014,Ebulliometric method (Recirculating still),1,1,1,303.15,303.15,0.0,1,1,False,False
10.1016/j.jct.2010.12.010#d10#p1,"InChI=1S/C3H10N2/c1-3(5)2-4/h3H,2,4-5H2,1H3","1,2-propanediamine",10.1016/j.jct.2010.12.010,Manometric method,6,6,6,293.15,343.15,50.0,2,2,True,False
10.1016/j.jct.2010.12.010#d3#p1,InChI=1S/C4H12N2/c5-3-1-2-4-6/h1-6H2,"1,4-butanediamine",10.1016/j.jct.2010.12.010,Manometric method,13,8,6,284.92,362.88,77.95999999999998,3,1,True,False
10.1016/j.jct.2010.12.010#d4#p1,InChI=1S/C4H12N2/c5-3-1-2-4-6/h1-6H2,"1,4-butanediamine",10.1016/j.jct.2010.12.010,Manometric method,8,8,8,293.15,363.15,70.0,3,3,True,True
10.1016/j.jct.2010.12.010#d5#p1,InChI=1S/C2H8N2/c3-1-2-4/h1-4H2,"ethane-1,2-diamine",10.1016/j.jct.2010.12.010,Manometric method,12,7,6,285.5,345.7,60.19999999999999,2,1,True,False
10.1016/j.jct.2010.12.010#d6#p1,InChI=1S/C2H8N2/c3-1-2-4/h1-4H2,"ethane-1,2-diamine",10.1016/j.jct.2010.12.010,Manometric method,6,6,6,293.15,343.15,50.0,2,2,True,False
10.1016/j.jct.2010.12.010#d7#p1,InChI=1S/C3H10N2/c4-2-1-3-5/h1-5H2,"1,3-propanediamine",10.1016/j.jct.2010.12.010,Manometric method,9,8,8,284.84,364.78,79.94,3,2,True,True
10.1016/j.jct.2010.12.010#d8#p1,InChI=1S/C3H10N2/c4-2-1-3-5/h1-5H2,"1,3-propanediamine",10.1016/j.jct.2010.12.010,Manometric method,8,8,8,293.15,363.15,70.0,3,3,True,True
10.1016/j.jct.2010.12.010#d9#p1,"InChI=1S/C3H10N2/c1-3(5)2-4/h3H,2,4-5H2,1H3","1,2-propanediamine",10.1016/j.jct.2010.12.010,Manometric method,12,6,6,284.01,334,49.99000000000001,2,2,True,False
10.1016/j.jct.2011.05.004#d1#p1,"InChI=1S/C6H10N2/c1-2-4-8-5-3-7-6-8/h3,5-6H,2,4H2,1H3",1-propylimidazole,10.1016/j.jct.2011.05.004,Transpiration method,23,23,23,279.1,341,61.89999999999998,8,6,True,True
10.1016/j.jct.2011.05.004#d2#p1,"InChI=1S/C8H14N2/c1-2-3-4-6-10-7-5-9-8-10/h5,7-8H,2-4,6H2,1H3",1-pentylimidazole,10.1016/j.jct.2011.05.004,Transpiration method,16,16,16,308.2,366.3,58.10000000000002,7,4,True,True
10.1016/j.jct.2011.05.004#d3#p1,"InChI=1S/C10H18N2/c1-2-3-4-5-6-8-12-9-7-11-10-12/h7,9-10H,2-6,8H2,1H3",1-heptylimidazole,10.1016/j.jct.2011.05.004,Transpiration method,31,31,28,312.5,366.2,53.69999999999999,6,8,True,True
10.1016/j.jct.2011.05.004#d4#p1,"InChI=1S/C12H22N2/c1-2-3-4-5-6-7-8-10-14-11-9-13-12-14/h9,11-12H,2-8,10H2,1H3",1-nonylimidazole,10.1016/j.jct.2011.05.004,Transpiration method,30,29,28,329.1,371.2,42.099999999999966,9,9,True,True
10.1016/j.jct.2011.05.004#d5#p1,"InChI=1S/C14H26N2/c1-2-3-4-5-6-7-8-9-10-12-16-13-11-15-14-16/h11,13-14H,2-10,12H2,1H3",1-undecylimidazole,10.1016/j.jct.2011.05.004,Transpiration method,18,18,18,350,380.8,30.80000000000001,7,5,True,True
10.1016/j.jct.2011.05.004#d6#p1,"InChI=1S/C9H16N2/c1-2-3-4-5-7-11-8-6-10-9-11/h6,8-9H,2-5,7H2,1H3",1-hexylimidazole,10.1016/j.jct.2011.05.004,Transpiration method,31,30,30,309.2,363.2,54.0,12,7,True,True
10.1016/j.jct.2011.05.004#d7#p1,"InChI=1S/C13H24N2/c1-2-3-4-5-6-7-8-9-11-15-12-10-14-13-15/h10,12-13H,2-9,11H2,1H3",1-decylimidazole,10.1016/j.jct.2011.05.004,Transpiration method,30,29,26,340.1,374.3,34.19999999999999,8,8,True,True
10.1016/j.jct.2011.05.004#d8#p1,"InChI=1S/C15H28N2/c1-2-3-4-5-6-7-8-9-10-11-13-17-14-12-16-15-17/h12,14-15H,2-11,13H2,1H3",1-dodecyl-1H-imidazole,10.1016/j.jct.2011.05.004,Transpiration method,15,14,14,358,379.1,21.100000000000023,4,5,False,False
10.1016/j.jct.2011.05.028#d10#p1,"InChI=1S/C7H7N3S/c8-10-9-6-11-7-4-2-1-3-5-7/h1-5H,6H2",azidomethyl phenyl sulfide,10.1016/j.jct.2011.05.028,Transpiration method,8,8,8,299.6,324.2,24.599999999999966,2,2,False,False
10.1016/j.jct.2011.05.028#d12#p1,"InChI=1S/C5H9N3/c6-8-7-5-3-1-2-4-5/h5H,1-4H2",cyclopentyl azide,10.1016/j.jct.2011.05.028,Transpiration method,28,27,27,275.5,333.4,57.89999999999998,4,8,True,True
10.1016/j.jct.2011.05.028#d14#p1,"InChI=1S/C6H11N3/c7-9-8-6-4-2-1-3-5-6/h6H,1-5H2",azidocyclohexane,10.1016/j.jct.2011.05.028,Transpiration method,16,16,16,279.6,303.1,23.5,5,5,False,False
10.1016/j.jct.2011.05.028#d16#p1,"InChI=1S/C7H12O2/c1-6(8)9-7-4-2-3-5-7/h7H,2-5H2,1H3",cyclopentyl ethanoate,10.1016/j.jct.2011.05.028,Transpiration method,13,13,13,274.1,308.4,34.299999999999955,3,5,True,True
10.1016/j.jct.2011.05.028#d2#p1,"InChI=1S/C4H9N3O/c1-2-8-4-3-6-7-5/h2-4H2,1H3",(azidoethoxy)ethane,10.1016/j.jct.2011.05.028,Transpiration method,22,22,21,274.1,300.7,26.599999999999966,5,8,False,False
10.1016/j.jct.2011.05.028#d4#p1,"InChI=1S/C2H5N3O/c3-5-4-1-2-6/h6H,1-2H2",2-azidoethanol,10.1016/j.jct.2011.05.028,Transpiration method,15,15,14,284.6,316.05,31.44999999999999,5,4,True,True
10.1016/j.jct.2011.05.028#d6#p1,"InChI=1S/C4H7N3O2/c1-2-9-4(8)3-6-7-5/h2-3H2,1H3",ethyl azidoacetate,10.1016/j.jct.2011.05.028,Transpiration method,11,11,11,301.4,344.3,42.900000000000034,4,3,True,True
10.1016/j.jct.2011.05.028#d8#p1,InChI=1S/C2H2N4/c3-1-2-5-6-4/h2H2,2-azidoacetonitrile,10.1016/j.jct.2011.05.028,Transpiration method,12,12,12,289.9,324.6,34.700000000000045,3,4,True,True
10.1016/j.jct.2011.06.008#d10#p1,InChI=1S/C7H18N2/c8-6-4-2-1-3-5-7-9/h1-9H2,"1,7-diaminoheptane",10.1016/j.jct.2011.06.008,Transpiration method,24,23,22,305.8,358,52.19999999999999,9,5,True,True
10.1016/j.jct.2011.06.008#d12#p1,InChI=1S/C8H20N2/c9-7-5-3-1-2-4-6-8-10/h1-10H2,"1,8-diaminooctane",10.1016/j.jct.2011.06.008,Transpiration method,21,19,18,328.2,363.1,34.900000000000034,5,4,True,True
10.1016/j.jct.2011.06.008#d14#p1,InChI=1S/C9H22N2/c10-8-6-4-2-1-3-5-7-9-11/h1-11H2,"1,9-diaminononane",10.1016/j.jct.2011.06.008,Transpiration method,38,29,26,318.1,365.7,47.599999999999966,8,7,True,True
10.1016/j.jct.2011.06.008#d16#p1,InChI=1S/C10H24N2/c11-9-7-5-3-1-2-4-6-8-10-12/h1-12H2,"1,10-diaminodecane",10.1016/j.jct.2011.06.008,Transpiration method,20,19,17,338.15,353.15,15.0,7,4,False,False
10.1016/j.jct.2011.06.008#d18#p1,InChI=1S/C11H26N2/c12-10-8-6-4-2-1-3-5-7-9-11-13/h1-13H2,"1,11-Diaminoundecane",10.1016/j.jct.2011.06.008,Transpiration method,13,13,13,326.2,353.1,26.900000000000034,4,3,False,False
10.1016/j.jct.2011.06.008#d2#p1,InChI=1S/C3H10N2/c4-2-1-3-5/h1-5H2,"1,3-propanediamine",10.1016/j.jct.2011.06.008,Transpiration method,13,13,13,278.6,338.1,59.5,4,4,True,True
10.1016/j.jct.2011.06.008#d20#p1,InChI=1S/C12H28N2/c13-11-9-7-5-3-1-2-4-6-8-10-12-14/h1-14H2,"1,12-dodecanediamine",10.1016/j.jct.2011.06.008,Transpiration method,14,12,9,345.2,369,23.80000000000001,3,3,False,False
10.1016/j.jct.2011.06.008#d4#p1,InChI=1S/C4H12N2/c5-3-1-2-4-6/h1-6H2,"1,4-butanediamine",10.1016/j.jct.2011.06.008,Transpiration method,22,14,14,300.7,345.2,44.5,3,5,True,True
10.1016/j.jct.2011.06.008#d6#p1,InChI=1S/C5H14N2/c6-4-2-1-3-5-7/h1-7H2,"1,5-diaminopentane",10.1016/j.jct.2011.06.008,Transpiration method,42,31,24,293.25,343.2,49.94999999999999,8,7,True,True
10.1016/j.jct.2011.06.008#d8#p1,InChI=1S/C6H16N2/c7-5-3-1-2-4-6-8/h1-8H2,"1,6-hexanediamine",10.1016/j.jct.2011.06.008,Transpiration method,30,29,29,318.1,356.6,38.5,5,12,True,True
10.1016/j.jct.2011.07.014#d2#p1,"InChI=1S/C5H8O3/c1-4(6)2-3-5(7)8/h2-3H2,1H3,(H,7,8)",4-oxopentanoic acid,10.1016/j.jct.2011.07.014,Transpiration method,12,12,10,328.4,373.4,45.0,3,3,True,True
10.1016/j.jct.2011.08.009#d2#p1,"InChI=1S/C4H11N/c1-3-4(2)5/h4H,3,5H2,1-2H3",2-butanamine,10.1016/j.jct.2011.08.009,Closed cell (Static) method,6,5,4,274.075,293.88,19.805000000000007,2,1,False,False
10.1016/j.jct.2011.08.009#d3#p1,"InChI=1S/C6H13N/c7-6-4-2-1-3-5-6/h6H,1-5,7H2",cyclohexylamine,10.1016/j.jct.2011.08.009,Closed cell (Static) method,28,25,18,273.15,354.06,80.91000000000003,6,6,True,True
10.1016/j.jct.2011.09.006#d7#p1,"InChI=1S/C13H10/c1-3-7-12-10(5-1)9-11-6-2-4-8-13(11)12/h1-8H,9H2",fluorene,10.1016/j.jct.2011.09.006,Closed cell (Static) method,10,10,10,386.48,412.16,25.680000000000007,3,3,False,False
10.1016/j.jct.2011.09.007#d9#p1,"InChI=1S/C7H14O/c1-5(2)7(8)6(3)4/h5-6H,1-4H3","2,4-dimethyl-3-pentanone",10.1016/j.jct.2011.09.007,Ebulliometric method (Recirculating still),9,9,7,330.02,347.76,17.74000000000001,2,2,False,False
10.1016/j.jct.2011.09.022#d1#p1,InChI=1S/C2H3N/c1-2-3/h1H3,acetonitrile,10.1016/j.jct.2011.09.022,Closed cell (Static) method,39,39,37,278.72,309.92,31.19999999999999,8,12,True,True
10.1016/j.jct.2011.09.022#d2#p1,InChI=1S/C4H8O/c1-2-4-5-3-1/h1-4H2,tetrahydrofuran,10.1016/j.jct.2011.09.022,Closed cell (Static) method,20,20,19,275.99,296.05,20.060000000000002,4,8,False,False
10.1016/j.jct.2011.10.001#d7#p1,"InChI=1S/C5H10O2/c1-3-4-5(6)7-2/h3-4H2,1-2H3",methyl butanoate,10.1016/j.jct.2011.10.001,Ebulliometric method (Recirculating still),3,3,3,316.24,326.17,9.930000000000007,1,1,False,False
10.1016/j.jct.2011.11.004#d2#p1,"InChI=1S/C4H12N2/c1-6-4-2-3-5/h6H,2-5H2,1H3","N-methyl-1,3-diaminopropane",10.1016/j.jct.2011.11.004,Transpiration method,12,12,12,276.2,303.2,27.0,4,3,False,False
10.1016/j.jct.2011.11.004#d4#p1,"InChI=1S/C5H14N2/c1-7(2)5-3-4-6/h3-6H2,1-2H3","N,N-dimethyl-1,3-propanediamine",10.1016/j.jct.2011.11.004,Transpiration method,33,28,26,273.5,299.7,26.19999999999999,9,9,False,False
10.1016/j.jct.2011.11.004#d6#p1,"InChI=1S/C7H18N2/c1-3-9(4-2)7-5-6-8/h3-8H2,1-2H3","N,N-diethylpropane-1,3-diamine",10.1016/j.jct.2011.11.004,Transpiration method,27,23,20,277.2,305.1,27.900000000000034,8,4,False,False
10.1016/j.jct.2011.11.004#d8#p1,"InChI=1S/C7H18N2/c1-8(2)6-5-7-9(3)4/h5-7H2,1-4H3","N,N,N',N'-tetramethyl-1,3-propanediamine",10.1016/j.jct.2011.11.004,Transpiration method,32,25,24,273.5,323.1,49.60000000000002,4,13,True,True
10.1016/j.jct.2012.01.005#d3#p1,"InChI=1S/C7H12O3/c1-2-3-7(8)10-5-6-4-9-6/h6H,2-5H2,1H3",glycidyl butyrate,10.1016/j.jct.2012.01.005,Closed cell (Static) method,1,1,1,407.85,407.85,0.0,1,1,False,False
10.1016/j.jct.2012.01.025#d5#p1,InChI=1S/C16H10/c1-2-8-13-12(7-1)14-9-3-5-11-6-4-10-15(13)16(11)14/h1-10H,fluoranthene,10.1016/j.jct.2012.01.025,Closed cell (Static) method,21,21,21,354.78,404.3,49.52000000000004,8,5,True,True
10.1016/j.jct.2012.02.023#d4#p1,"InChI=1S/C2H6O/c1-2-3/h3H,2H2,1H3",ethanol,10.1016/j.jct.2012.02.023,Closed cell (Static) method,1,1,1,303.15,303.15,0.0,1,1,False,False
10.1016/j.jct.2012.02.039#d1#p1,"InChI=1S/C4H9Cl/c1-2-3-4-5/h2-4H2,1H3",1-chlorobutane,10.1016/j.jct.2012.02.039,Ebulliometric method (Recirculating still),2,2,2,288.15,298.15,10.0,1,1,False,False
10.1016/j.jct.2012.02.039#d3#p1,"InChI=1S/C4H9Cl/c1-3-4(2)5/h4H,3H2,1-2H3",2-chlorobutane,10.1016/j.jct.2012.02.039,Ebulliometric method (Recirculating still),1,1,1,288.15,288.15,0.0,1,1,False,False
10.1016/j.jct.2012.02.039#d5#p1,"InChI=1S/C4H9Cl/c1-4(2)3-5/h4H,3H2,1-2H3",1-chloro-2-methylpropane,10.1016/j.jct.2012.02.039,Ebulliometric method (Recirculating still),1,1,1,288.15,288.15,0.0,1,1,False,False
10.1016/j.jct.2012.02.039#d9#p1,"InChI=1S/C6H14O/c1-3-5-6-7-4-2/h3-6H2,1-2H3",butyl ethyl ether,10.1016/j.jct.2012.02.039,Ebulliometric method (Recirculating still),3,3,3,288.15,308.15,20.0,1,1,False,False
10.1016/j.jct.2012.03.016#d1#p1,"InChI=1S/C6H12/c1-3-5-6-4-2/h3H,1,4-6H2,2H3",hex-1-ene,10.1016/j.jct.2012.03.016,Closed cell (Static) method,6,6,5,263.15,283.1955,20.045500000000004,1,2,False,False
10.1016/j.jct.2012.03.016#d2#p1,"InChI=1S/C5H12O/c1-3-4-5-6-2/h3-5H2,1-2H3",butyl methyl ether,10.1016/j.jct.2012.03.016,Closed cell (Static) method,8,8,6,262.99,293.125,30.13499999999999,1,2,True,False
10.1016/j.jct.2012.03.016#d3#p1,"InChI=1S/C5H12O/c1-5(2,3)6-4/h1-4H3",2-methoxy-2-methylpropane,10.1016/j.jct.2012.03.016,Closed cell (Static) method,6,6,6,263.15,283.27,20.120000000000005,2,2,False,False
10.1016/j.jct.2012.03.027#d11#p1,"InChI=1S/C9H3F17O/c10-2(11,1-27)3(12,13)4(14,15)5(16,17)6(18,19)7(20,21)8(22,23)9(24,25)26/h27H,1H2","2,2,3,3,4,4,5,5,6,6,7,7,8,8,9,9,9-heptadecafluoro-1-nonanol",10.1016/j.jct.2012.03.027,Closed cell (Static) method,6,6,6,342.99,351.45,8.45999999999998,2,3,False,False
10.1016/j.jct.2012.03.027#d2#p1,"InChI=1S/C7H3F13O/c8-2(9,1-21)3(10,11)4(12,13)5(14,15)6(16,17)7(18,19)20/h21H,1H2","2,2,3,3,4,4,5,5,6,6,7,7,7-tridecafluoro-1-heptanol",10.1016/j.jct.2012.03.027,Closed cell (Static) method,18,18,18,275.55,317.87,42.31999999999999,6,6,True,True
10.1016/j.jct.2012.03.027#d7#p1,"InChI=1S/C8H3F15O/c9-2(10,1-24)3(11,12)4(13,14)5(15,16)6(17,18)7(19,20)8(21,22)23/h24H,1H2","2,2,3,3,4,4,5,5,6,6,7,7,8,8,8-pentadecafluoro-1-octanol",10.1016/j.jct.2012.03.027,Closed cell (Static) method,9,9,9,320.52,339.44,18.920000000000016,3,3,False,False
10.1016/j.jct.2012.04.006#d12#p1,"InChI=1S/C8H9NO2/c1-11-8(10)6-4-2-3-5-7(6)9/h2-5H,9H2,1H3",methyl 2-aminobenzoate,10.1016/j.jct.2012.04.006,Closed cell (Static) method,40,40,40,292.33,369.54,77.21000000000004,12,12,True,True
10.1016/j.jct.2012.04.006#d5#p1,"InChI=1S/C8H9NO2/c1-11-8(10)6-2-4-7(9)5-3-6/h2-5H,9H2,1H3",methyl 4-aminobenzoate,10.1016/j.jct.2012.04.006,Closed cell (Static) method,35,35,35,360.71,428.01,67.30000000000001,11,11,True,True
10.1016/j.jct.2012.04.006#d8#p1,"InChI=1S/C8H9NO2/c1-11-8(10)6-3-2-4-7(9)5-6/h2-5H,9H2,1H3",methyl 3-aminobenzoate,10.1016/j.jct.2012.04.006,Closed cell (Static) method,24,24,24,312,352.74,40.74000000000001,7,9,True,True
10.1016/j.jct.2012.04.029#d1#p1,"InChI=1S/C3H8O2/c1-5-3-2-4/h4H,2-3H2,1H3",2-methoxyethan-1-ol,10.1016/j.jct.2012.04.029,Ebulliometric method (Recirculating still),1,1,1,346.4,346.4,0.0,1,1,False,False
10.1016/j.jct.2012.04.029#d2#p1,"InChI=1S/C4H10O2/c1-4(5)3-6-2/h4-5H,3H2,1-2H3",1-methoxy-2-propanol,10.1016/j.jct.2012.04.029,Ebulliometric method (Recirculating still),1,1,1,342.3,342.3,0.0,1,1,False,False
10.1016/j.jct.2012.05.003#d10#p1,InChI=1S/C13H8O/c14-13-11-7-3-1-5-9(11)10-6-2-4-8-12(10)13/h1-8H,9(9H)-fluorenone,10.1016/j.jct.2012.05.003,Inclined piston gauge,13,13,13,368.125,483.11,114.98500000000001,4,4,True,True
10.1016/j.jct.2012.05.003#d11#p1,InChI=1S/C13H8O/c14-13-11-7-3-1-5-9(11)10-6-2-4-8-12(10)13/h1-8H,9(9H)-fluorenone,10.1016/j.jct.2012.05.003,Twin ebulliometer,3,3,3,464.96,493.202,28.24200000000002,1,2,False,False
10.1016/j.jct.2012.05.013#d4#p1,"InChI=1S/C14H18N2/c1-15(2)12-9-5-7-11-8-6-10-13(14(11)12)16(3)4/h5-10H,1-4H3","1,8-bis(dimethylamino)naphthalene",10.1016/j.jct.2012.05.013,Closed cell (Static) method,13,13,13,322.96,382.51,59.55000000000001,4,4,True,True
10.1016/j.jct.2012.06.033#d6#p1,InChI=1S/C4H8Cl2/c5-3-1-2-4-6/h1-4H2,"1,4-dichlorobutane",10.1016/j.jct.2012.06.033,Ebulliometric method (Recirculating still),3,3,3,343.15,363.15,20.0,1,1,False,False
10.1016/j.jct.2012.07.005#d1#p1,"InChI=1S/C6H16N2/c1-3-8(4-2)6-5-7/h3-7H2,1-2H3","N,N-diethylethane-1,2-diamine",10.1016/j.jct.2012.07.005,Closed cell (Static) method,11,11,11,273.15,363.15,90.0,3,4,True,True
10.1016/j.jct.2012.07.005#d2#p1,InChI=1S/C6H12/c1-2-4-6-5-3-1/h1-6H2,cyclohexane,10.1016/j.jct.2012.07.005,Closed cell (Static) method,5,5,5,273.15,303.15,30.0,2,1,False,False
10.1016/j.jct.2012.07.027#d13#p1,"InChI=1S/C8H7FO2/c1-11-8(10)6-2-4-7(9)5-3-6/h2-5H,1H3",methyl p-fluorobenzoate,10.1016/j.jct.2012.07.027,Closed cell (Static) method,42,40,40,268.58,344.85,76.27000000000004,12,13,True,True
10.1016/j.jct.2012.07.027#d18#p1,"InChI=1S/C8H7BrO2/c1-11-8(10)6-2-4-7(9)5-3-6/h2-5H,1H3",methyl 4-bromobenzoate,10.1016/j.jct.2012.07.027,Closed cell (Static) method,13,13,13,354.73,378.43,23.69999999999999,4,4,False,False
10.1016/j.jct.2012.07.027#d4#p1,"InChI=1S/C8H7ClO2/c1-11-8(10)6-2-4-7(9)5-3-6/h2-5H,1H3",methyl 4-chlorobenzoate,10.1016/j.jct.2012.07.027,Closed cell (Static) method,27,27,27,285.3,333.97,48.670000000000016,8,8,True,True
10.1016/j.jct.2012.07.027#d9#p1,"InChI=1S/C8H7IO2/c1-11-8(10)6-2-4-7(9)5-3-6/h2-5H,1H3",methyl p-iodobenzoate,10.1016/j.jct.2012.07.027,Closed cell (Static) method,12,12,12,386.32,406.02,19.69999999999999,3,5,False,False
10.1016/j.jct.2012.09.032#d1#p1,"InChI=1S/CH4O/c1-2/h2H,1H3",methanol,10.1016/j.jct.2012.09.032,Ebulliometric method (Recirculating still),3,3,3,282.55,301.45,18.899999999999977,1,1,False,False
10.1016/j.jct.2012.09.032#d2#p1,"InChI=1S/C2H6O/c1-2-3/h3H,2H2,1H3",ethanol,10.1016/j.jct.2012.09.032,Ebulliometric method (Recirculating still),3,3,3,295.25,315.05,19.80000000000001,1,1,False,False
10.1016/j.jct.2012.09.032#d3#p1,"InChI=1S/C3H8O3/c4-1-3(6)2-5/h3-6H,1-2H2",glycerol,10.1016/j.jct.2012.09.032,Ebulliometric method (Recirculating still),2,2,2,477.25,493.35,16.100000000000023,1,1,False,False
10.1016/j.jct.2012.10.011#d6#p1,InChI=1S/C2H3NO/c1-3-2-4/h1H3,methyl isocyanate,10.1016/j.jct.2012.10.011,Closed cell (Static) method,4,4,4,253.977,268.594,14.61699999999999,1,1,False,False
10.1016/j.jct.2013.01.009#d1#p1,"InChI=1S/C10H16/c1-7-4-5-8-6-9(7)10(8,2)3/h4,8-9H,5-6H2,1-3H3/t8-,9-/m0/s1",(S)-2-pinene,10.1016/j.jct.2013.01.009,Closed cell (Static) method,36,15,12,253.19,308.175,54.985000000000014,4,4,True,True
10.1016/j.jct.2013.01.009#d20#p1,"InChI=1S/C10H14O/c1-6-4-9(11)8-5-7(6)10(8,2)3/h4,7-8H,5H2,1-3H3/t7-,8+/m0/s1",(-)-verbenone,10.1016/j.jct.2013.01.009,Closed cell (Static) method,24,11,8,273.655,308.16,34.50500000000005,3,3,True,True
10.1016/j.jct.2013.01.009#d5#p1,"InChI=1S/C10H16/c1-7-4-5-8-6-9(7)10(8,2)3/h8-9H,1,4-6H2,2-3H3/t8-,9-/m0/s1","(1S,5S)-6,6-dimethyl-2-methylenebicyclo[3.1.1]heptane",10.1016/j.jct.2013.01.009,Closed cell (Static) method,36,12,12,253.14,308.15,55.00999999999999,4,4,True,True
10.1016/j.jct.2013.01.016#d3#p1,"InChI=1S/C9H12/c1-3-9-6-4-5-8(2)7-9/h4-7H,3H2,1-2H3",1-ethyl-3-methylbenzene,10.1016/j.jct.2013.01.016,Ebulliometric method (Recirculating still),1,1,1,380.65,380.65,0.0,1,1,False,False
10.1016/j.jct.2013.01.016#d6#p1,"InChI=1S/C9H12/c1-3-9-6-4-8(2)5-7-9/h4-7H,3H2,1-2H3",1-ethyl-4-methylbenzene,10.1016/j.jct.2013.01.016,Ebulliometric method (Recirculating still),1,1,1,380.74,380.74,0.0,1,1,False,False
10.1016/j.jct.2013.01.016#d9#p1,"InChI=1S/C9H12/c1-7-4-5-8(2)9(3)6-7/h4-6H,1-3H3","1,2,4-trimethylbenzene",10.1016/j.jct.2013.01.016,Ebulliometric method (Recirculating still),1,1,1,387.87,387.87,0.0,1,1,False,False
10.1016/j.jct.2013.03.005#d4#p1,"InChI=1S/C14H12O/c15-9-14-12-7-3-1-5-10(12)11-6-2-4-8-13(11)14/h1-8,14-15H,9H2",9-fluorenemethanol,10.1016/j.jct.2013.03.005,Closed cell (Static) method,20,20,20,362.69,400.3,37.610000000000014,6,6,True,True
10.1016/j.jct.2013.03.020#d1#p1,"InChI=1S/C6H13NO/c1-2-7-3-5-8-6-4-7/h2-6H2,1H3",4-ethylmorpholine,10.1016/j.jct.2013.03.020,Closed cell (Static) method,16,15,15,283.15,353.9,70.75,6,6,True,True
10.1016/j.jct.2013.03.020#d2#p1,"InChI=1S/C5H13N/c1-5(2)6(3)4/h5H,1-4H3","N,N-dimethylisopropylamine",10.1016/j.jct.2013.03.020,Closed cell (Static) method,9,6,6,273.15,293.81,20.660000000000025,2,2,False,False
10.1016/j.jct.2013.03.020#d3#p1,"InChI=1S/C4H11NO/c1-5(2)3-4-6/h6H,3-4H2,1-2H3","2-(N,N-dimethylamino)ethanol",10.1016/j.jct.2013.03.020,Closed cell (Static) method,23,19,16,273.15,353.15,80.0,4,6,True,True
10.1016/j.jct.2013.04.003#d1#p1,"InChI=1S/C4H10O/c1-2-3-4-5/h5H,2-4H2,1H3",butan-1-ol,10.1016/j.jct.2013.04.003,Closed cell (Static) method,1,1,1,313.15,313.15,0.0,1,1,False,False
10.1016/j.jct.2013.04.003#d3#p1,"InChI=1S/C8H18/c1-7(2)6-8(3,4)5/h7H,6H2,1-5H3","2,2,4-trimethylpentane",10.1016/j.jct.2013.04.003,Closed cell (Static) method,1,1,1,313.15,313.15,0.0,1,1,False,False
10.1016/j.jct.2013.05.025#d6#p1,"InChI=1S/C6H10O3/c1-5(7)3-4-6(8)9-2/h3-4H2,1-2H3",methyl levulinate,10.1016/j.jct.2013.05.025,Ebulliometric method (Recirculating still),17,17,17,333.15,413.15,80.0,5,5,True,True
10.1016/j.jct.2013.05.047#d12#p1,"InChI=1S/C6H5IO/c7-5-1-3-6(8)4-2-5/h1-4,8H",4-iodophenol,10.1016/j.jct.2013.05.047,Closed cell (Static) method,23,23,23,336.93,380.41,43.48000000000002,7,7,True,True
10.1016/j.jct.2013.05.047#d16#p1,"InChI=1S/C6H5ClO/c7-5-1-3-6(8)4-2-5/h1-4,8H",4-chlorophenol,10.1016/j.jct.2013.05.047,Closed cell (Static) method,29,29,29,275.44,331.02,55.579999999999984,9,9,True,True
10.1016/j.jct.2013.05.047#d4#p1,"InChI=1S/C6H5FO/c7-5-1-3-6(8)4-2-5/h1-4,8H",4-fluorophenol,10.1016/j.jct.2013.05.047,Closed cell (Static) method,27,27,27,291.39,342.84,51.44999999999999,8,8,True,True
10.1016/j.jct.2013.05.047#d8#p1,"InChI=1S/C6H5BrO/c7-5-1-3-6(8)4-2-5/h1-4,8H",4-bromophenol,10.1016/j.jct.2013.05.047,Closed cell (Static) method,35,35,35,303.2,370.51,67.31,11,11,True,True
10.1016/j.jct.2013.09.046#d6#p1,"InChI=1S/C2H6O/c1-2-3/h3H,2H2,1H3",ethanol,10.1016/j.jct.2013.09.046,Closed cell (Static) method,5,5,5,273.15,313.15,40.0,2,2,False,False
10.1016/j.jct.2013.09.046#d9#p1,"InChI=1S/C3H8O3/c4-1-3(6)2-5/h3-6H,1-2H2",glycerol,10.1016/j.jct.2013.09.046,Closed cell (Static) method,4,4,4,333.15,363.15,30.0,1,1,False,False
10.1016/j.jct.2013.10.039#d1#p1,"InChI=1S/C5H6O2/c6-4-5-2-1-3-7-5/h1-3,6H,4H2",2-hydroxymethylfuran,10.1016/j.jct.2013.10.039,Closed cell (Static) method,25,25,20,273.11,393.15,120.03999999999996,8,4,True,True
10.1016/j.jct.2013.10.039#d2#p1,"InChI=1S/C6H12O/c1-5(2)4-6(3)7/h5H,4H2,1-3H3",4-methylpentan-2-one,10.1016/j.jct.2013.10.039,Closed cell (Static) method,4,4,4,313.15,333.15,20.0,2,1,False,False
10.1016/j.jct.2013.10.039#d3#p1,"InChI=1S/C6H8O/c1-5-3-4-6(2)7-5/h3-4H,1-2H3","2,5-dimethylfuran",10.1016/j.jct.2013.10.039,Closed cell (Static) method,1,1,1,313.15,313.15,0.0,1,1,False,False
10.1016/j.jct.2013.11.003#d1#p1,"InChI=1S/C5H6OS/c1-6-5-3-2-4-7-5/h2-4H,1H3",2-methoxythiophene,10.1016/j.jct.2013.11.003,Transpiration method,21,21,20,278.1,323.7,45.599999999999966,7,6,True,True
10.1016/j.jct.2013.11.003#d2#p1,"InChI=1S/C5H6OS/c1-6-5-2-3-7-4-5/h2-4H,1H3",3-methoxythiophene,10.1016/j.jct.2013.11.003,Transpiration method,17,17,17,278.1,324.7,46.599999999999966,5,5,True,True
10.1016/j.jct.2013.12.033#d1#p1,InChI=1S/C5H5N/c1-2-4-6-5-3-1/h1-5H,pyridine,10.1016/j.jct.2013.12.033,Closed cell (Static) method,7,7,7,273.15,333.15,60.0,2,2,True,False
10.1016/j.jct.2013.12.033#d2#p1,InChI=1S/C4H4S/c1-2-4-5-3-1/h1-4H,thiophene,10.1016/j.jct.2013.12.033,Closed cell (Static) method,4,4,4,273.15,303.15,30.0,1,1,False,False
10.1016/j.jct.2014.01.006#d23#p1,InChI=1S/C16H12/c1-2-6-13(7-3-1)16-11-10-14-8-4-5-9-15(14)12-16/h1-12H,2-phenylnaphthalene,10.1016/j.jct.2014.01.006,Ebulliometric method (Recirculating still),1,1,1,482.85,482.85,0.0,1,1,False,False
10.1016/j.jct.2014.01.006#d8#p1,InChI=1S/C16H12/c1-2-7-13(8-3-1)16-12-6-10-14-9-4-5-11-15(14)16/h1-12H,1-phenylnaphthalene,10.1016/j.jct.2014.01.006,Ebulliometric method (Recirculating still),15,15,15,375.005,494.306,119.30099999999999,6,4,True,True
10.1016/j.jct.2014.01.019#d1#p1,"InChI=1S/C5H10O3/c1-5(6)8-4-3-7-2/h3-4H2,1-2H3",2-methoxyethyl ethanoate,10.1016/j.jct.2014.01.019,Ebulliometric method (Recirculating still),4,4,4,312.51,361.67,49.160000000000025,2,1,False,False
10.1016/j.jct.2014.01.019#d2#p1,"InChI=1S/C6H12O3/c1-5(4-8-3)9-6(2)7/h5H,4H2,1-3H3",1-methoxy-2-propyl acetate,10.1016/j.jct.2014.01.019,Ebulliometric method (Recirculating still),4,4,4,318.27,361.27,43.0,2,1,False,False
10.1016/j.jct.2014.01.019#d3#p1,"InChI=1S/C7H14O3/c1-6(9-3)4-5-10-7(2)8/h6H,4-5H2,1-3H3",3-methoxybutyl acetate,10.1016/j.jct.2014.01.019,Ebulliometric method (Recirculating still),4,4,4,328.91,374.4,45.48999999999995,2,1,False,False
10.1016/j.jct.2014.04.022#d1#p1,"InChI=1S/C10H18/c1-7-4-5-8-6-9(7)10(8,2)3/h7-9H,4-6H2,1-3H3/t7-,8-,9-/m0/s1",(-)-trans-pinane,10.1016/j.jct.2014.04.022,Closed cell (Static) method,39,13,13,253.15,308.15,54.99999999999997,4,4,True,True
10.1016/j.jct.2014.04.022#d12#p1,"InChI=1S/C10H16/c1-8(2)10-6-4-9(3)5-7-10/h4,10H,1,5-7H2,2-3H3/t10-/m0/s1",(R)-1-methyl-4-(1-methylethenyl)cyclohexene,10.1016/j.jct.2014.04.022,Closed cell (Static) method,39,13,13,253.15,308.15,54.99999999999997,4,4,True,True
10.1016/j.jct.2014.04.022#d13#p1,"InChI=1S/C10H16/c1-8(2)10-6-4-9(3)5-7-10/h4,10H,1,5-7H2,2-3H3/t10-/m1/s1",(S)-1-methyl-4-(1-methylethenyl)cyclohexene,10.1016/j.jct.2014.04.022,Closed cell (Static) method,24,8,8,273.65,308.15,34.5,3,3,True,True
10.1016/j.jct.2014.04.022#d3#p1,"InChI=1S/C10H16/c1-7-4-5-8-9(6-7)10(8,2)3/h4,8-9H,5-6H2,1-3H3/t8-,9+/m1/s1",(+)-3-carene,10.1016/j.jct.2014.04.022,Closed cell (Static) method,39,13,13,253.15,308.15,54.99999999999997,4,4,True,True
10.1016/j.jct.2014.04.022#d5#p1,"InChI=1S/C10H16/c1-7-4-5-8-9(6-7)10(8,2)3/h4,8-9H,5-6H2,1-3H3/t8-,9+/m1/s1",(+)-3-carene,10.1016/j.jct.2014.04.022,CCELL:UFactor:2,24,8,8,273.15,308.15,35.0,3,3,True,True
10.1016/j.jct.2014.04.026#d11#p1,"InChI=1S/C9H9N/c1-10-7-6-8-4-2-3-5-9(8)10/h2-7H,1H3",1-methylindole,10.1016/j.jct.2014.04.026,Closed cell (Static) method,34,34,33,278.42,341.9,63.47999999999996,10,10,True,True
10.1016/j.jct.2014.04.026#d4#p1,"InChI=1S/C8H8N2/c1-10-6-9-7-4-2-3-5-8(7)10/h2-6H,1H3",1-methylbenzimidazole,10.1016/j.jct.2014.04.026,Closed cell (Static) method,32,30,28,311.09,372.49,61.400000000000034,10,7,True,True
10.1016/j.jct.2014.04.026#d7#p1,"InChI=1S/C4H6N2/c1-6-4-2-3-5-6/h2-4H,1H3",1-methyl-1H-pyrazole,10.1016/j.jct.2014.04.026,Closed cell (Static) method,21,21,21,253.9,293.27,39.369999999999976,6,7,True,True
10.1016/j.jct.2014.06.001#d2#p1,"InChI=1S/C8H12N2O3/c1-3-9-6(11)5-7(12)10(4-2)8(9)13/h3-5H2,1-2H3","1,3-diethylbarbituric acid",10.1016/j.jct.2014.06.001,Transpiration method,11,11,11,328.9,380.7,51.80000000000001,4,3,True,True
10.1016/j.jct.2014.06.002#d5#p1,"InChI=1S/C8H8O3/c1-11-8(10)6-2-4-7(9)5-3-6/h2-5,9H,1H3",methyl 4-hydroxybenzoate,10.1016/j.jct.2014.06.002,Closed cell (Static) method,20,20,20,382.7,423.7,41.0,7,5,True,True
10.1016/j.jct.2014.06.002#d9#p1,"InChI=1S/C9H10O3/c1-11-8-5-3-7(4-6-8)9(10)12-2/h3-6H,1-2H3",methyl 4-methoxybenzoate,10.1016/j.jct.2014.06.002,Closed cell (Static) method,24,24,24,309.93,355.71,45.77999999999997,7,7,True,True
10.1016/j.jct.2014.07.004#d1#p1,InChI=1S/C3H4O3/c4-3-5-1-2-6-3/h1-2H2,ethylene carbonate,10.1016/j.jct.2014.07.004,Closed cell (Static) method,5,5,5,333.15,353.15,20.0,2,2,False,False
10.1016/j.jct.2014.07.004#d2#p1,"InChI=1S/C4H6O3/c1-3-2-6-4(5)7-3/h3H,2H2,1H3","4-methyl-1,3-dioxolan-2-one",10.1016/j.jct.2014.07.004,Closed cell (Static) method,6,6,6,327.12,353.15,26.029999999999973,2,2,False,False
10.1016/j.jct.2014.07.004#d3#p1,InChI=1S/C3H6O3/c1-5-3(4)6-2/h1-2H3,dimethyl carbonate,10.1016/j.jct.2014.07.004,Closed cell (Static) method,10,10,10,277.96,318.15,40.19,3,3,True,True
10.1016/j.jct.2014.07.004#d4#p1,"InChI=1S/C4H8O3/c1-3-7-4(5)6-2/h3H2,1-2H3",ethyl methyl carbonate,10.1016/j.jct.2014.07.004,Closed cell (Static) method,13,13,13,277.96,333.15,55.19,3,5,True,True
10.1016/j.jct.2014.07.004#d5#p1,"InChI=1S/C5H10O3/c1-3-7-5(6)8-4-2/h3-4H2,1-2H3",diethyl carbonate,10.1016/j.jct.2014.07.004,Closed cell (Static) method,16,16,16,277.96,348.15,70.19,5,6,True,True
10.1016/j.jct.2014.12.008#d1#p1,"InChI=1S/C5H14N2/c1-2-5(7)3-4-6/h5H,2-4,6-7H2,1H3","1,3-pentanediamine",10.1016/j.jct.2014.12.008,Closed cell (Static) method,10,10,10,273.15,363.15,90.0,3,3,True,True
10.1016/j.jct.2014.12.008#d2#p1,"InChI=1S/C6H16N2/c1-6(5-8)3-2-4-7/h6H,2-5,7-8H2,1H3","2-methyl-1,5-pentanediamine",10.1016/j.jct.2014.12.008,Closed cell (Static) method,10,10,10,273.15,363.15,90.0,3,3,True,True
10.1016/j.jct.2015.01.001#d1#p1,"InChI=1S/CH4O/c1-2/h2H,1H3",methanol,10.1016/j.jct.2015.01.001,Closed cell (Static) method,1,1,1,298.15,298.15,0.0,1,1,False,False
10.1016/j.jct.2015.01.014#d1#p1,"InChI=1S/C3H8O2/c4-2-1-3-5/h4-5H,1-3H2","propan-1,3-diol",10.1016/j.jct.2015.01.014,Transpiration method,7,7,7,292.5,346.4,53.89999999999998,3,4,True,True
10.1016/j.jct.2015.02.001#d1#p1,"InChI=1S/C8H10O/c1-7-5-3-4-6-8(7)9-2/h3-6H,1-2H3",1-methoxy-2-methylbenzene,10.1016/j.jct.2015.02.001,Transpiration method,16,15,15,275.8,308,32.19999999999999,4,5,True,True
10.1016/j.jct.2015.02.001#d2#p1,"InChI=1S/C8H10O/c1-7-4-3-5-8(6-7)9-2/h3-6H,1-2H3",1-methoxy-3-methylbenzene,10.1016/j.jct.2015.02.001,Transpiration method,13,13,13,276.7,312.2,35.5,5,4,True,True
10.1016/j.jct.2015.02.001#d3#p1,"InChI=1S/C8H10O/c1-7-3-5-8(9-2)6-4-7/h3-6H,1-2H3",1-methoxy-4-methylbenzene,10.1016/j.jct.2015.02.001,Transpiration method,21,20,19,275.2,308,32.80000000000001,6,6,True,True
10.1016/j.jct.2015.02.006#d2#p1,"InChI=1S/C2H6O/c1-2-3/h3H,2H2,1H3",ethanol,10.1016/j.jct.2015.02.006,Closed cell (Static) method,1,1,1,303.15,303.15,0.0,1,1,False,False
10.1016/j.jct.2015.02.006#d3#p1,"InChI=1S/C3H8O/c1-2-3-4/h4H,2-3H2,1H3",propan-1-ol,10.1016/j.jct.2015.02.006,Closed cell (Static) method,3,3,3,303.15,333.15,30.0,1,1,False,False
10.1016/j.jct.2015.02.008#d12#p1,"InChI=1S/C10H8O/c11-10-7-3-5-8-4-1-2-6-9(8)10/h1-7,11H",1-naphthol,10.1016/j.jct.2015.02.008,Inclined piston gauge,18,18,18,369.98,439.957,69.97699999999998,5,5,True,True
10.1016/j.jct.2015.02.008#d13#p1,"InChI=1S/C10H8O/c11-10-7-3-5-8-4-1-2-6-9(8)10/h1-7,11H",1-naphthol,10.1016/j.jct.2015.02.008,Twin ebulliometer,9,9,9,429.202,495.526,66.32400000000001,3,3,True,True
10.1016/j.jct.2015.02.022#d2#p1,"InChI=1S/C4H5F3O2/c1-2-9-3(8)4(5,6)7/h2H2,1H3",ethyl trifluoroacetate,10.1016/j.jct.2015.02.022,Closed cell (Static) method,1,1,1,293.35,293.35,0.0,1,1,False,False
10.1016/j.jct.2015.02.022#d6#p1,"InChI=1S/CH4O/c1-2/h2H,1H3",methanol,10.1016/j.jct.2015.02.022,Closed cell (Static) method,1,1,1,293.35,293.35,0.0,1,1,False,False
10.1016/j.jct.2015.03.011#d1#p1,"InChI=1S/C3H10N2/c1-3(5)2-4/h3H,2,4-5H2,1H3","1,2-propanediamine",10.1016/j.jct.2015.03.011,Transpiration method,28,28,28,273.8,305.7,31.899999999999977,9,9,True,True
10.1016/j.jct.2015.03.011#d2#p1,"InChI=1S/C4H12N2/c1-4(2,6)3-5/h3,5-6H2,1-2H3","2-methyl-1,2-propanediamine",10.1016/j.jct.2015.03.011,Transpiration method,25,23,23,276,308.7,32.69999999999999,7,9,True,True
10.1016/j.jct.2015.07.024#d3#p1,"InChI=1S/C8H8O2/c1-7(9)10-8-5-3-2-4-6-8/h2-6H,1H3",phenyl ethanoate,10.1016/j.jct.2015.07.024,Closed cell (Static) method,2,2,2,373.2,413.2,40.0,1,1,False,False
10.1016/j.jct.2015.07.025#d1#p1,"InChI=1S/C8H7N/c1-7-4-2-3-5-8(7)6-9/h2-5H,1H3",2-methylbenzonitrile,10.1016/j.jct.2015.07.025,Transpiration method,18,17,17,287.4,324.2,36.80000000000001,6,6,True,True
10.1016/j.jct.2015.07.025#d2#p1,"InChI=1S/C8H7N/c1-7-3-2-4-8(5-7)6-9/h2-5H,1H3",3-cyanotoluene,10.1016/j.jct.2015.07.025,Transpiration method,17,17,17,279.8,313.7,33.89999999999998,6,5,True,True
10.1016/j.jct.2015.07.025#d5#p1,"InChI=1S/C8H7N/c1-7-2-4-8(6-9)5-3-7/h2-5H,1H3",4-cyanotoluene,10.1016/j.jct.2015.07.025,Transpiration method,16,15,15,302.1,334.9,32.799999999999955,4,5,True,True
10.1016/j.jct.2015.07.028#d18#p1,"InChI=1S/C5H10O/c1-4-5(2,3)6/h4,6H,1H2,2-3H3",2-methyl-3-buten-2-ol,10.1016/j.jct.2015.07.028,Closed cell (Static) method,45,45,35,279.12,328.07,48.94999999999999,9,14,True,True
10.1016/j.jct.2015.08.015#d1#p1,"InChI=1S/C5H7N/c1-2-3-4-5-6/h2-3H,4H2,1H3",3-pentenenitrile,10.1016/j.jct.2015.08.015,Ebulliometric method (Recirculating still),4,4,4,339.24,362.45,23.20999999999998,1,2,False,False
10.1016/j.jct.2015.08.023#d1#p1,"InChI=1S/C4H12N2/c1-6-4-2-3-5/h6H,2-5H2,1H3","N-methyl-1,3-diaminopropane",10.1016/j.jct.2015.08.023,Closed cell (Static) method,27,25,17,273,363.15,90.14999999999998,6,6,True,True
10.1016/j.jct.2015.08.023#d2#p1,"InChI=1S/C5H14N2/c1-7(2)5-3-4-6/h3-6H2,1-2H3","N,N-dimethyl-1,3-propanediamine",10.1016/j.jct.2015.08.023,Closed cell (Static) method,18,17,13,273.04,353.41,80.37,6,3,True,True
10.1016/j.jct.2015.08.023#d3#p1,"InChI=1S/C7H18N2/c1-3-9(4-2)7-5-6-8/h3-8H2,1-2H3","N,N-diethylpropane-1,3-diamine",10.1016/j.jct.2015.08.023,Closed cell (Static) method,26,23,12,263.16,363.2,100.03999999999996,3,4,True,True
10.1016/j.jct.2015.12.005#d5#p1,"InChI=1S/C9H10/c1-2-5-9-7-3-6-8(9)4-1/h1-2,4-5H,3,6-7H2",indane,10.1016/j.jct.2015.12.005,Twin ebulliometer,9,9,9,338.122,394.577,56.454999999999984,3,3,True,True
10.1016/j.jct.2016.01.019#d1#p1,"InChI=1S/C3H8O2/c1-3(5)2-4/h3-5H,2H2,1H3","1,2-propanediol",10.1016/j.jct.2016.01.019,Ebulliometric method (Recirculating still),6,6,6,389.39,413.23,23.840000000000032,3,1,False,False
10.1016/j.jct.2016.01.019#d5#p1,"InChI=1S/C3H8O2/c4-2-1-3-5/h4-5H,1-3H2","propan-1,3-diol",10.1016/j.jct.2016.01.019,Ebulliometric method (Recirculating still),7,6,5,414.2,438.05,23.850000000000023,2,2,False,False
10.1016/j.jct.2016.05.017#d5#p1,"InChI=1S/C12H18O/c1-8(13)12-5-9-2-10(6-12)4-11(3-9)7-12/h9-11H,2-7H2,1H3",1-adamantyl methyl ketone,10.1016/j.jct.2016.05.017,Transpiration method,20,18,17,331.3,363.1,31.80000000000001,5,4,True,True
10.1016/j.jct.2016.06.025#d2#p1,"InChI=1S/C9H20O2/c1-3-5-7-10-9-11-8-6-4-2/h3-9H2,1-2H3",dibutoxymethane,10.1016/j.jct.2016.06.025,Ebulliometric method (Recirculating still),2,2,2,390.4,396.5,6.100000000000023,1,1,False,False
10.1016/j.jct.2016.07.024#d1#p1,"InChI=1S/C7H14O2/c1-3-4-5-6-7(8)9-2/h3-6H2,1-2H3",methyl hexanoate,10.1016/j.jct.2016.07.024,Closed cell (Static) method,10,10,10,262.64,362.19,99.55000000000001,3,3,True,True
10.1016/j.jct.2016.07.024#d2#p1,"InChI=1S/C9H18O2/c1-3-4-5-6-7-8-9(10)11-2/h3-8H2,1-2H3",methyl octanoate,10.1016/j.jct.2016.07.024,Closed cell (Static) method,13,13,13,282.64,402.83,120.19,4,4,True,True
10.1016/j.jct.2016.07.024#d3#p1,"InChI=1S/C11H22O2/c1-3-4-5-6-7-8-9-10-11(12)13-2/h3-10H2,1-2H3",methyl decanoate,10.1016/j.jct.2016.07.024,Closed cell (Static) method,15,15,15,292.87,432.65,139.77999999999997,5,5,True,True
10.1016/j.jct.2016.07.024#d4#p1,"InChI=1S/C13H26O2/c1-3-4-5-6-7-8-9-10-11-12-13(14)15-2/h3-12H2,1-2H3",methyl dodecanoate,10.1016/j.jct.2016.07.024,Closed cell (Static) method,13,13,13,322.68,442.5,119.82,4,4,True,True
10.1016/j.jct.2016.07.024#d5#p1,"InChI=1S/C15H30O2/c1-3-4-5-6-7-8-9-10-11-12-13-14-15(16)17-2/h3-14H2,1-2H3",methyl tetradecanoate,10.1016/j.jct.2016.07.024,Closed cell (Static) method,22,19,13,332.4,452.25,119.85000000000002,4,4,True,True
10.1016/j.jct.2016.07.024#d6#p1,"InChI=1S/C17H34O2/c1-3-4-5-6-7-8-9-10-11-12-13-14-15-16-17(18)19-2/h3-16H2,1-2H3",methyl hexadecanoate,10.1016/j.jct.2016.07.024,Closed cell (Static) method,9,9,9,372.35,452.65,80.29999999999995,3,3,True,True
10.1016/j.jct.2016.08.002#d4#p1,"InChI=1S/C6H6N2O/c7-6(9)5-3-1-2-4-8-5/h1-4H,(H2,7,9)",2-pyridinecarboxamide,10.1016/j.jct.2016.08.002,Transpiration method,7,7,7,385.4,415.8,30.400000000000034,2,2,True,False
10.1016/j.jct.2016.11.024#d1#p1,"InChI=1S/C9H18O2/c1-3-4-5-6-7-8-9(10)11-2/h3-8H2,1-2H3",methyl octanoate,10.1016/j.jct.2016.11.024,Ebulliometric method (Recirculating still),3,3,3,356.53,391.77,35.24000000000001,1,1,False,False
10.1016/j.jct.2016.11.024#d2#p1,"InChI=1S/C11H22O2/c1-3-4-5-6-7-8-9-10-11(12)13-2/h3-10H2,1-2H3",methyl decanoate,10.1016/j.jct.2016.11.024,Ebulliometric method (Recirculating still),3,3,3,389.1,424.43,35.329999999999984,1,1,False,False
10.1016/j.jct.2016.12.012#d16#p1,"InChI=1S/C10H10O3/c1-7(11)9-3-5-10(6-4-9)13-8(2)12/h3-6H,1-2H3",4-acetoxyacetophenone,10.1016/j.jct.2016.12.012,Closed cell (Static) method,26,26,26,328.88,378.32,49.44,8,8,True,True
10.1016/j.jct.2017.02.005#d1#p1,"InChI=1S/C3H8O/c1-3(2)4/h3-4H,1-2H3",propan-2-ol,10.1016/j.jct.2017.02.005,Ebulliometric method (Recirculating still),5,5,5,317.07,319.19,2.1200000000000045,2,2,False,False
10.1016/j.jct.2017.03.007#d3#p1,"InChI=1S/C6H14O2/c1-3-5-8-6-7-4-2/h3-6H2,1-2H3",1-(ethoxymethoxy)propane,10.1016/j.jct.2017.03.007,Ebulliometric method (Recirculating still),3,3,3,314.13,337.85,23.720000000000027,1,1,False,False
10.1016/j.jct.2017.03.029#d1#p1,"InChI=1S/C7H7NO2/c1-6-4-2-3-5-7(6)8(9)10/h2-5H,1H3",2-nitrotoluene,10.1016/j.jct.2017.03.029,Transpiration method,19,14,10,278.35,323,44.64999999999998,3,3,True,True
10.1016/j.jct.2017.03.029#d2#p1,"InChI=1S/C7H7NO2/c1-6-3-2-4-7(5-6)8(9)10/h2-5H,1H3",3-nitrotoluene,10.1016/j.jct.2017.03.029,Transpiration method,34,23,19,290.6,338,47.39999999999998,3,7,True,True
10.1016/j.jct.2017.03.029#d3#p1,"InChI=1S/C7H7NO2/c1-6-2-4-7(5-3-6)8(9)10/h2-5H,1H3",1-methyl-4-nitrobenzene,10.1016/j.jct.2017.03.029,Transpiration method,29,23,19,326.2,367.9,41.69999999999999,3,8,True,True
10.1016/j.jct.2017.07.008#d1#p1,"InChI=1S/C5H6OS/c6-4-5-2-1-3-7-5/h1-3,6H,4H2",2-thiophenemethanol,10.1016/j.jct.2017.07.008,Ebulliometric method (Recirculating still),32,32,32,351.15,426.07,74.92000000000002,11,11,True,True
10.1016/j.jct.2017.07.008#d8#p1,InChI=1S/C5H4OS/c6-4-5-2-1-3-7-5/h1-4H,2-thiophenealdehyde,10.1016/j.jct.2017.07.008,Ebulliometric method (Recirculating still),29,29,29,336.42,412.82,76.39999999999998,10,6,True,True
10.1016/j.jct.2017.09.005#d20#p1,"InChI=1S/C6H9N/c1-5-3-4-6(2)7-5/h3-4,7H,1-2H3","2,5-dimethyl-1H-pyrrole",10.1016/j.jct.2017.09.005,Twin ebulliometer,8,8,8,341.463,391.562,50.09899999999999,3,2,True,True
10.1016/j.jct.2017.09.005#d28#p1,"InChI=1S/C6H9N/c1-5-3-6(2)7-4-5/h3-4,7H,1-2H3","2,4-dimethyl-1H-pyrrole",10.1016/j.jct.2017.09.005,Twin ebulliometer,9,9,9,338.248,388.877,50.62900000000002,3,3,True,True
10.1016/j.jct.2017.09.020#d1#p1,"InChI=1S/C11H22O2/c1-3-4-5-6-7-8-9-10-11(12)13-2/h3-10H2,1-2H3",methyl decanoate,10.1016/j.jct.2017.09.020,Ebulliometric method (Recirculating still),3,3,3,389.1,413.57,24.46999999999997,1,1,False,False
10.1016/j.jct.2017.09.020#d2#p1,"InChI=1S/C13H26O2/c1-3-4-5-6-7-8-9-10-11-12-13(14)15-2/h3-12H2,1-2H3",methyl dodecanoate,10.1016/j.jct.2017.09.020,Ebulliometric method (Recirculating still),3,3,3,417.53,443.3,25.77000000000004,1,1,False,False
10.1016/j.jct.2018.01.014#d1#p1,"InChI=1S/C10H14N2/c1-12-7-3-5-10(12)9-4-2-6-11-8-9/h2,4,6,8,10H,3,5,7H2,1H3/t10-/m0/s1",(-)-3-(N-methylpyrrolidino)pyridine,10.1016/j.jct.2018.01.014,Transpiration method,23,22,22,288.7,373.1,84.40000000000003,7,6,True,True
10.1016/j.jct.2018.02.025#d1#p1,InChI=1S/C12H10/c1-3-7-11(8-4-1)12-9-5-2-6-10-12/h1-10H,biphenyl,10.1016/j.jct.2018.02.025,Transpiration method,12,11,11,345.7,376.2,30.5,4,5,True,True
10.1016/j.jct.2018.04.014#d1#p1,InChI=1S/C2H6OS/c1-4(2)3/h1-2H3,dimethyl sulfoxide,10.1016/j.jct.2018.04.014,Closed cell (Static) method,6,6,6,353.1,403.1,50.0,2,2,True,False
10.1016/j.jct.2018.05.021#d1#p1,InChI=1S/C12H10O/c1-3-7-11(8-4-1)13-12-9-5-2-6-10-12/h1-10H,diphenyl ether,10.1016/j.jct.2018.05.021,Transpiration method,15,15,15,299.3,343.7,44.39999999999998,4,5,True,True
10.1016/j.jct.2018.05.029#d10#p1,"InChI=1S/C9H9N/c1-7-6-8-4-2-3-5-9(8)10-7/h2-6,10H,1H3",2-methylindole,10.1016/j.jct.2018.05.029,Inclined piston gauge,14,13,11,339.986,429.959,89.97300000000001,4,3,True,True
10.1016/j.jct.2018.05.029#d11#p1,"InChI=1S/C9H9N/c1-7-6-8-4-2-3-5-9(8)10-7/h2-6,10H,1H3",2-methylindole,10.1016/j.jct.2018.05.029,Twin ebulliometer,8,8,8,427.254,483.994,56.74000000000001,3,2,True,True
10.1016/j.jct.2018.07.017#d5#p1,"InChI=1S/C4H8O3/c1-4(2,7)3(5)6/h7H,1-2H3,(H,5,6)",2-hydroxy-2-methylpropanoic acid,10.1016/j.jct.2018.07.017,Transpiration method,11,11,10,356,379.55,23.55000000000001,4,2,False,False
10.1016/j.jct.2018.07.020#d13#p1,"InChI=1S/C6H10N2/c1-5-4-6(2)8(3)7-5/h4H,1-3H3","1,3,5-trimethylpyrazole",10.1016/j.jct.2018.07.020,Transpiration method,13,13,13,315.6,346.4,30.799999999999955,4,2,True,True
10.1016/j.jct.2018.07.020#d14#p1,"InChI=1S/C10H10N2/c1-2-5-10(6-3-1)9-12-8-4-7-11-12/h1-8H,9H2",1-benzylpyrazole,10.1016/j.jct.2018.07.020,Transpiration method,15,14,14,298.2,358.2,60.0,5,3,True,True
10.1016/j.jct.2018.07.020#d16#p1,InChI=1S/C9H8N2/c1-2-5-9(6-3-1)11-8-4-7-10-11/h1-8H,1-phenylpyrazole,10.1016/j.jct.2018.07.020,Transpiration method,14,14,14,294.2,360.8,66.60000000000002,4,5,True,True
10.1016/j.jct.2018.07.020#d2#p1,"InChI=1S/C4H6N2/c1-6-4-2-3-5-6/h2-4H,1H3",1-methyl-1H-pyrazole,10.1016/j.jct.2018.07.020,Transpiration method,22,22,22,273.4,308.2,34.80000000000001,5,7,True,True
10.1016/j.jct.2018.07.020#d3#p1,"InChI=1S/C5H8N2/c1-2-7-5-3-4-6-7/h3-5H,2H2,1H3",1-ethylpyrazole,10.1016/j.jct.2018.07.020,Transpiration method,18,17,17,275.2,311.2,36.0,5,5,True,True
10.1016/j.jct.2018.07.020#d5#p1,"InChI=1S/C4H6N2/c1-4-2-3-5-6-4/h2-3H,1H3,(H,5,6)",3-methylpyrazole,10.1016/j.jct.2018.07.020,Transpiration method,11,11,11,306.3,333.2,26.899999999999977,3,4,False,False
10.1016/j.jct.2018.07.020#d6#p1,"InChI=1S/C4H6N2/c1-4-2-5-6-3-4/h2-3H,1H3,(H,5,6)",4-methylpyrazole,10.1016/j.jct.2018.07.020,Transpiration method,10,10,10,296,340.6,44.60000000000002,3,3,True,True
10.1016/j.jct.2018.07.029#d1#p1,"InChI=1S/C5H10O3/c1-3-8-5(7)4(2)6/h4,6H,3H2,1-2H3/t4-/m1/s1",ethyl D-lactate,10.1016/j.jct.2018.07.029,Transpiration method,29,28,27,274.4,318.2,43.80000000000001,10,8,True,True
10.1016/j.jct.2018.07.029#d10#p1,"InChI=1S/C7H14O3/c1-5(8)6(9)10-7(2,3)4/h5,8H,1-4H3/t5-/m1/s1",D-tert-butyl lactate,10.1016/j.jct.2018.07.029,Transpiration method,6,5,5,315,332.9,17.899999999999977,2,2,False,False
10.1016/j.jct.2018.07.029#d2#p1,"InChI=1S/C5H10O3/c1-3-8-5(7)4(2)6/h4,6H,3H2,1-2H3",DL-ethyl lactate,10.1016/j.jct.2018.07.029,Transpiration method,25,23,22,274.6,311.3,36.69999999999999,8,6,True,True
10.1016/j.jct.2018.07.029#d3#p1,"InChI=1S/C6H12O3/c1-3-4-9-6(8)5(2)7/h5,7H,3-4H2,1-2H3",propyl 2-hydroxypropanoate,10.1016/j.jct.2018.07.029,Transpiration method,24,23,23,273.5,323,49.5,6,9,True,True
10.1016/j.jct.2018.07.029#d4#p1,"InChI=1S/C6H12O3/c1-3-4-9-6(8)5(2)7/h5,7H,3-4H2,1-2H3",propyl 2-hydroxypropanoate,10.1016/j.jct.2018.07.029,Transpiration method,15,15,15,299.2,330.3,31.100000000000023,5,5,True,True
10.1016/j.jct.2018.07.029#d5#p1,"InChI=1S/C7H14O3/c1-3-4-5-10-7(9)6(2)8/h6,8H,3-5H2,1-2H3",butyl 2-hydroxypropanoate,10.1016/j.jct.2018.07.029,Transpiration method,25,25,25,273.6,322.9,49.299999999999955,7,10,True,True
10.1016/j.jct.2018.07.029#d6#p1,"InChI=1S/C8H16O3/c1-3-4-5-6-11-8(10)7(2)9/h7,9H,3-6H2,1-2H3",pentyl 2-hydroxypropanoate,10.1016/j.jct.2018.07.029,Transpiration method,21,21,21,303.4,343.2,39.80000000000001,7,6,True,True
10.1016/j.jct.2018.07.029#d7#p1,"InChI=1S/C6H12O3/c1-4(2)9-6(8)5(3)7/h4-5,7H,1-3H3/t5-/m0/s1",isopropyl (S)-2-hydroxypropionate,10.1016/j.jct.2018.07.029,Transpiration method,6,6,6,283.4,306.8,23.400000000000034,2,2,False,False
10.1016/j.jct.2018.08.015#d2#p1,"InChI=1S/C10H16/c1-7-4-5-8-9(6-7)10(8,2)3/h4,8-9H,5-6H2,1-3H3","3,7,7-trimethylbicyclo[4.1.0]hept-3-ene",10.1016/j.jct.2018.08.015,Ebulliometric method (Recirculating still),2,2,2,356.07,378.03,21.95999999999998,1,1,False,False
10.1016/j.jct.2018.08.015#d6#p1,"InChI=1S/C15H24/c1-11-6-5-7-12(2)13-10-15(3,4)14(13)9-8-11/h6,13-14H,2,5,7-10H2,1,3-4H3/b11-6+/t13-,14-/m1/s1","[1R-(1R*,4E,9S*)]-4,11,11-trimethyl-8-methylene-bicyclo[7.2.0]-4-undecene",10.1016/j.jct.2018.08.015,Ebulliometric method (Recirculating still),7,7,7,370.33,464.9,94.57,2,3,True,False
10.1016/j.jct.2018.08.025#d1#p1,"InChI=1S/C7H19N3/c1-10(6-2-4-8)7-3-5-9/h2-9H2,1H3","N-(3-aminopropyl)-N-methyl-1,3-propanediamine",10.1016/j.jct.2018.08.025,Closed cell (Static) method,29,21,16,293.22,441.9,148.67999999999995,5,5,True,True
10.1016/j.jct.2018.08.025#d2#p1,"InChI=1S/C9H23N3/c1-10(2)6-8-12(5)9-7-11(3)4/h6-9H2,1-5H3","N,N,N',N'',N''-pentamethyldiethylenetriamine",10.1016/j.jct.2018.08.025,Closed cell (Static) method,15,11,9,292.98,362.95,69.96999999999997,4,3,True,True
10.1016/j.jct.2018.09.002#d1#p1,"InChI=1S/C7H8O/c1-6-3-2-4-7(8)5-6/h2-5,8H,1H3",3-methylphenol,10.1016/j.jct.2018.09.002,Ebulliometric method (Recirculating still),1,1,1,422.25,422.25,0.0,1,1,False,False
10.1016/j.jct.2018.09.002#d4#p1,"InChI=1S/C7H8O/c1-6-2-4-7(8)5-3-6/h2-5,8H,1H3",4-methylphenol,10.1016/j.jct.2018.09.002,Ebulliometric method (Recirculating still),1,1,1,421.95,421.95,0.0,1,1,False,False
10.1016/j.jct.2018.09.002#d7#p1,"InChI=1S/C4H11NO2/c6-3-1-5-2-4-7/h5-7H,1-4H2",diethanolamine,10.1016/j.jct.2018.09.002,Ebulliometric method (Recirculating still),1,1,1,489.08,489.08,0.0,1,1,False,False
10.1016/j.jct.2018.10.012#d3#p1,"InChI=1S/C24H48O2/c1-4-7-9-10-11-12-13-14-15-16-17-18-19-21-24(25)26-22-23(6-3)20-8-5-2/h23H,4-22H2,1-3H3",2-ethylhexyl palmitate,10.1016/j.jct.2018.10.012,Ebulliometric method (Recirculating still),11,11,11,476.95,499.35,22.400000000000034,4,3,False,False
10.1016/j.jct.2018.10.012#d6#p1,"InChI=1S/C26H52O2/c1-4-7-9-10-11-12-13-14-15-16-17-18-19-20-21-23-26(27)28-24-25(6-3)22-8-5-2/h25H,4-24H2,1-3H3",2-ethylhexyl stearate,10.1016/j.jct.2018.10.012,Ebulliometric method (Recirculating still),12,12,12,477.05,498.05,21.0,4,3,False,False
10.1016/j.jct.2018.10.012#d7#p1,"InChI=1S/C17H34O2/c1-3-4-5-6-7-8-9-10-11-12-13-14-15-16-17(18)19-2/h3-16H2,1-2H3",methyl hexadecanoate,10.1016/j.jct.2018.10.012,Ebulliometric method (Recirculating still),12,12,12,419.15,444.15,25.0,4,3,False,False
10.1016/j.jct.2018.11.015#d1#p1,"InChI=1S/C10H10O4/c1-13-9(11)7-5-3-4-6-8(7)10(12)14-2/h3-6H,1-2H3","dimethyl 1,2-benzenedicarboxylate",10.1016/j.jct.2018.11.015,Transpiration method,6,6,6,313.15,423.15,110.0,2,2,True,False
10.1016/j.jct.2018.11.015#d2#p1,"InChI=1S/C10H10O4/c1-13-9(11)7-5-3-4-6-8(7)10(12)14-2/h3-6H,1-2H3","dimethyl 1,2-benzenedicarboxylate",10.1016/j.jct.2018.11.015,Closed cell (Static) method,8,8,8,350.9,421.57,70.67000000000002,3,3,True,True
10.1016/j.jct.2018.11.015#d3#p1,"InChI=1S/C19H20O4/c1-2-3-13-22-18(20)16-11-7-8-12-17(16)19(21)23-14-15-9-5-4-6-10-15/h4-12H,2-3,13-14H2,1H3","benzyl butyl 1,2-benzenedioate",10.1016/j.jct.2018.11.015,Transpiration method,2,2,2,393.15,423.15,30.0,1,1,False,False
10.1016/j.jct.2018.12.009#d2#p1,"InChI=1S/C3H8O/c1-3(2)4/h3-4H,1-2H3",propan-2-ol,10.1016/j.jct.2018.12.009,Closed cell (Static) method,10,10,9,301.24,315.8,14.560000000000002,8,1,False,False
10.1016/j.jct.2018.12.016#d2#p1,InChI=1S/C2H3N/c1-2-3/h1H3,acetonitrile,10.1016/j.jct.2018.12.016,Manometric method,1,1,1,298.15,298.15,0.0,1,1,False,False
10.1016/j.jct.2018.12.016#d4#p1,InChI=1S/C3H6O3/c1-5-3(4)6-2/h1-2H3,dimethyl carbonate,10.1016/j.jct.2018.12.016,Manometric method,1,1,1,298.15,298.15,0.0,1,1,False,False
10.1016/j.jct.2018.12.016#d6#p1,InChI=1S/C2H6OS/c1-4(2)3/h1-2H3,dimethyl sulfoxide,10.1016/j.jct.2018.12.016,Manometric method,1,1,1,298.15,298.15,0.0,1,1,False,False
10.1016/j.jct.2019.01.007#d1#p1,"InChI=1S/C11H22O2/c1-3-4-5-6-7-8-9-10-11(12)13-2/h3-10H2,1-2H3",methyl decanoate,10.1016/j.jct.2019.01.007,CCELL13,60,57,47,280.64,305.385,24.745000000000005,12,14,False,False
10.1016/j.jct.2019.01.007#d10#p1,"InChI=1S/C17H34O2/c1-3-4-5-6-7-8-9-10-11-12-13-14-15-16-17(18)19-2/h3-16H2,1-2H3",methyl hexadecanoate,10.1016/j.jct.2019.01.007,CCELL13,35,34,31,343.55,372.685,29.13499999999999,10,10,False,False
10.1016/j.jct.2019.01.007#d11#p1,"InChI=1S/C17H34O2/c1-3-4-5-6-7-8-9-10-11-12-13-14-15-16-17(18)19-2/h3-16H2,1-2H3",methyl hexadecanoate,10.1016/j.jct.2019.01.007,CCELL1,22,22,21,375.03,430.94,55.910000000000025,5,7,True,True
10.1016/j.jct.2019.01.007#d12#p1,"InChI=1S/C18H36O2/c1-3-4-5-6-7-8-9-10-11-12-13-14-15-16-17-18(19)20-2/h3-17H2,1-2H3",methyl heptadecanoate,10.1016/j.jct.2019.01.007,Transpiration method,22,22,22,354.3,412.2,57.89999999999998,6,7,True,True
10.1016/j.jct.2019.01.007#d13#p1,"InChI=1S/C19H38O2/c1-3-4-5-6-7-8-9-10-11-12-13-14-15-16-17-18-19(20)21-2/h3-18H2,1-2H3",methyl octadecanoate,10.1016/j.jct.2019.01.007,CCELL13,29,25,22,363.49,391.41,27.920000000000016,5,8,False,False
10.1016/j.jct.2019.01.007#d14#p1,"InChI=1S/C19H38O2/c1-3-4-5-6-7-8-9-10-11-12-13-14-15-16-17-18-19(20)21-2/h3-18H2,1-2H3",methyl octadecanoate,10.1016/j.jct.2019.01.007,Transpiration method,25,25,25,369.05,425.15,56.099999999999966,10,6,True,True
10.1016/j.jct.2019.01.007#d15#p1,"InChI=1S/C19H38O2/c1-3-4-5-6-7-8-9-10-11-12-13-14-15-16-17-18-19(20)21-2/h3-18H2,1-2H3",methyl octadecanoate,10.1016/j.jct.2019.01.007,CCELL1,7,7,7,393.92,408.88,14.95999999999998,2,2,False,False
10.1016/j.jct.2019.01.007#d2#p1,"InChI=1S/C11H22O2/c1-3-4-5-6-7-8-9-10-11(12)13-2/h3-10H2,1-2H3",methyl decanoate,10.1016/j.jct.2019.01.007,CCELL1,67,64,38,307.68,377.3,69.62,6,15,True,True
10.1016/j.jct.2019.01.007#d3#p1,"InChI=1S/C12H24O2/c1-3-4-5-6-7-8-9-10-11-12(13)14-2/h3-11H2,1-2H3",methyl undecanoate,10.1016/j.jct.2019.01.007,CCELL13,6,6,6,305.25,317.52,12.269999999999982,2,2,False,False
10.1016/j.jct.2019.01.007#d4#p1,"InChI=1S/C12H24O2/c1-3-4-5-6-7-8-9-10-11-12(13)14-2/h3-11H2,1-2H3",methyl undecanoate,10.1016/j.jct.2019.01.007,CCELL1,10,10,10,319.94,341.91,21.970000000000027,3,3,False,False
10.1016/j.jct.2019.01.007#d5#p1,"InChI=1S/C13H26O2/c1-3-4-5-6-7-8-9-10-11-12-13(14)15-2/h3-12H2,1-2H3",methyl dodecanoate,10.1016/j.jct.2019.01.007,Transpiration method,31,31,31,323.8,401.3,77.5,9,11,True,True
10.1016/j.jct.2019.01.007#d6#p1,"InChI=1S/C14H28O2/c1-3-4-5-6-7-8-9-10-11-12-13-14(15)16-2/h3-13H2,1-2H3",methyl tridecanoate,10.1016/j.jct.2019.01.007,Transpiration method,18,18,18,313.35,355.15,41.799999999999955,6,6,True,True
10.1016/j.jct.2019.01.007#d7#p1,"InChI=1S/C15H30O2/c1-3-4-5-6-7-8-9-10-11-12-13-14-15(16)17-2/h3-14H2,1-2H3",methyl tetradecanoate,10.1016/j.jct.2019.01.007,CCELL13,23,23,23,325.2,352.73,27.53000000000003,7,7,False,False
10.1016/j.jct.2019.01.007#d8#p1,"InChI=1S/C15H30O2/c1-3-4-5-6-7-8-9-10-11-12-13-14-15(16)17-2/h3-14H2,1-2H3",methyl tetradecanoate,10.1016/j.jct.2019.01.007,Transpiration method,17,17,16,325.05,363.05,38.0,5,5,True,True
10.1016/j.jct.2019.01.007#d9#p1,"InChI=1S/C15H30O2/c1-3-4-5-6-7-8-9-10-11-12-13-14-15(16)17-2/h3-14H2,1-2H3",methyl tetradecanoate,10.1016/j.jct.2019.01.007,CCELL1,28,28,28,355.48,422.88,67.39999999999998,9,9,True,True
10.1016/j.jct.2019.02.006#d1#p1,"InChI=1S/C6H10O4/c1-9-5(7)3-4-6(8)10-2/h3-4H2,1-2H3","dimethyl 1,4-butanedioate",10.1016/j.jct.2019.02.006,Ebulliometric method (Recirculating still),3,3,3,363.39,393.49,30.100000000000023,1,1,False,False
10.1016/j.jct.2019.02.006#d2#p1,"InChI=1S/C7H12O4/c1-10-6(8)4-3-5-7(9)11-2/h3-5H2,1-2H3",dimethyl pentanedioate,10.1016/j.jct.2019.02.006,Ebulliometric method (Recirculating still),3,3,3,376.09,407.11,31.02000000000004,1,1,False,False
10.1016/j.jct.2019.02.006#d3#p1,"InChI=1S/C8H14O4/c1-11-7(9)5-3-4-6-8(10)12-2/h3-6H2,1-2H3","dimethyl 1,6-hexanedioate",10.1016/j.jct.2019.02.006,Ebulliometric method (Recirculating still),3,3,3,390.98,422.47,31.49000000000001,1,1,False,False
10.1016/j.jct.2019.105884#d10#p1,"InChI=1S/C4H10O/c1-2-3-4-5/h5H,2-4H2,1H3",butan-1-ol,10.1016/j.jct.2019.105884,Ebulliometric method (Recirculating still),2,2,2,303.15,323.15,20.0,1,1,False,False
10.1016/j.jct.2019.105884#d2#p1,"InChI=1S/C6H12O2/c1-4-8-6(7)5(2)3/h5H,4H2,1-3H3",ethyl 2-methylpropanoate,10.1016/j.jct.2019.105884,Ebulliometric method (Recirculating still),2,2,2,303.15,323.15,20.0,1,1,False,False
10.1016/j.jct.2019.105884#d6#p1,"InChI=1S/C2H6O/c1-2-3/h3H,2H2,1H3",ethanol,10.1016/j.jct.2019.105884,Ebulliometric method (Recirculating still),1,1,1,303.15,303.15,0.0,1,1,False,False
10.1016/j.jct.2019.105884#d8#p1,"InChI=1S/C3H8O/c1-2-3-4/h4H,2-3H2,1H3",propan-1-ol,10.1016/j.jct.2019.105884,Ebulliometric method (Recirculating still),2,2,2,303.15,323.15,20.0,1,1,False,False
10.1016/j.tca.2008.02.016#d4#p1,"InChI=1S/C6H6O2/c7-5-3-1-2-4-6(5)8/h1-4,7-8H","1,2-benzenediol",10.1016/j.tca.2008.02.016,Transpiration method,12,12,12,378.2,389.2,11.0,3,5,False,False
10.1016/j.tca.2008.11.005#d1#p1,"InChI=1S/C5H20O5Si5/c1-11-6-12(2)8-14(4)10-15(5)9-13(3)7-11/h11-15H,1-5H3","2,4,6,8,10-pentamethylcyclopentasiloxane",10.1016/j.tca.2008.11.005,EBULLIO:UFactor:500,10,10,10,330.8,387.96,57.15999999999997,5,1,True,False
10.1016/j.tca.2008.11.005#d2#p1,"InChI=1S/C2H6O/c1-2-3/h3H,2H2,1H3",ethanol,10.1016/j.tca.2008.11.005,EBULLIO:UFactor:500,1,1,1,303.95,303.95,0.0,1,1,False,False
10.1016/j.tca.2010.07.027#d11#p1,"InChI=1S/C6H7N/c7-6-4-2-1-3-5-6/h1-5H,7H2",aniline,10.1016/j.tca.2010.07.027,Closed cell (Static) method,1,1,1,298.15,298.15,0.0,1,1,False,False
10.1016/j.tca.2010.07.027#d5#p1,"InChI=1S/C7H9N/c1-8-7-5-3-2-4-6-7/h2-6,8H,1H3",N-methylaniline,10.1016/j.tca.2010.07.027,Closed cell (Static) method,1,1,1,308.15,308.15,0.0,1,1,False,False
10.1016/j.tca.2010.07.027#d8#p1,"InChI=1S/C7H9N/c1-6-4-2-3-5-7(6)8/h2-5H,8H2,1H3",2-methylaniline,10.1016/j.tca.2010.07.027,Closed cell (Static) method,1,1,1,308.15,308.15,0.0,1,1,False,False
10.1016/j.tca.2011.07.023#d9#p1,"InChI=1S/C7H16/c1-3-5-7-6-4-2/h3-7H2,1-2H3",heptane,10.1016/j.tca.2011.07.023,Ebulliometric method (Recirculating still),1,1,1,298.15,298.15,0.0,1,1,False,False
10.1016/j.tca.2013.08.009#d3#p1,"InChI=1S/C9H18O6/c1-7(2)10-12-8(3,4)14-15-9(5,6)13-11-7/h1-6H3",TATP,10.1016/j.tca.2013.08.009,Closed cell (Static) method,20,18,17,371.65,410.35,38.700000000000045,4,5,True,True
10.1016/j.tca.2013.11.010#d14#p1,"InChI=1S/C5H10O3/c1-3-8-5(7)4(2)6/h4,6H,3H2,1-2H3",DL-ethyl lactate,10.1016/j.tca.2013.11.010,Ebulliometric method (Recirculating still),15,15,15,303.15,373.15,70.0,5,5,True,True
10.1016/j.tca.2013.11.010#d21#p1,"InChI=1S/C7H14O3/c1-3-4-5-10-7(9)6(2)8/h6,8H,3-5H2,1-2H3",butyl 2-hydroxypropanoate,10.1016/j.tca.2013.11.010,Ebulliometric method (Recirculating still),21,21,21,303.15,403.15,100.0,7,7,True,True
10.1016/j.tca.2013.11.010#d7#p1,"InChI=1S/C4H8O3/c1-3(5)4(6)7-2/h3,5H,1-2H3",methyl 2-hydroxypropanoate,10.1016/j.tca.2013.11.010,Ebulliometric method (Recirculating still),13,13,13,303.15,363.15,60.0,4,4,True,True
10.1016/j.tca.2014.05.033#d11#p1,InChI=1S/C18H14/c1-3-9-15(10-4-1)17-13-7-8-14-18(17)16-11-5-2-6-12-16/h1-14H,o-terphenyl,10.1016/j.tca.2014.05.033,Transpiration method,22,22,21,343.5,377.4,33.89999999999998,7,7,True,True
10.1016/j.tca.2014.05.033#d8#p1,InChI=1S/C16H12/c1-2-7-13(8-3-1)16-12-6-10-14-9-4-5-11-15(14)16/h1-12H,1-phenylnaphthalene,10.1016/j.tca.2014.05.033,Transpiration method,10,9,9,338,371,33,3,2,True,True
10.1016/j.tca.2014.10.015#d4#p1,InChI=1S/C6H4N4O2/c7-9-8-5-1-3-6(4-2-5)10(11)12/h1-4H,1-azido-4-nitrobenzene,10.1016/j.tca.2014.10.015,Transpiration method,6,6,6,345.1,370.5,25.399999999999977,2,2,False,False
10.1016/j.tca.2014.10.015#d6#p1,"InChI=1S/C8H17N3/c1-2-3-4-5-6-7-8-10-11-9/h2-8H2,1H3",1-azidooctane,10.1016/j.tca.2014.10.015,Transpiration method,22,19,19,276.2,325.8,49.60000000000002,6,5,True,True
10.1016/j.tca.2014.10.015#d8#p1,"InChI=1S/C10H21N3/c1-2-3-4-5-6-7-8-9-10-12-13-11/h2-10H2,1H3",1-decyl azide,10.1016/j.tca.2014.10.015,Transpiration method,10,10,10,299.1,344.1,45.0,3,3,True,True
10.1016/j.tca.2015.02.004#d2#p1,"InChI=1S/C9H14Si/c1-10(2,3)9-7-5-4-6-8-9/h4-8H,1-3H3",trimethylphenylsilane,10.1016/j.tca.2015.02.004,Diaphragm manometer,13,13,13,296.7,382.9,86.19999999999999,4,4,True,True
10.1016/j.tca.2015.02.004#d4#p1,"InChI=1S/C9H15NSi/c1-11(2,3)10-9-7-5-4-6-8-9/h4-8,10H,1-3H3",trimethyl(phenylamino)silane,10.1016/j.tca.2015.02.004,Diaphragm manometer,11,11,11,311.6,411.6,100.0,5,3,True,True
10.1016/j.tca.2015.02.004#d7#p1,"InChI=1S/C12H23NSi2/c1-14(2,3)13(15(4,5)6)12-10-8-7-9-11-12/h7-11H,1-6H3","N,N-bis(trimethylsilyl)aniline",10.1016/j.tca.2015.02.004,Diaphragm manometer,24,23,21,321.8,431.7,109.89999999999998,8,8,True,True
10.1016/j.tca.2015.02.004#d8#p1,"InChI=1S/C6H19NSi2/c1-8(2,3)7-9(4,5)6/h7H,1-6H3","1,1,1,3,3,3-hexamethyldisilazane",10.1016/j.tca.2015.02.004,Diaphragm manometer,15,15,14,290.85,341.1,50.25,5,5,True,True
10.1016/j.tca.2015.03.016#d1#p1,"InChI=1S/C6H13N/c7-6-4-2-1-3-5-6/h6H,1-5,7H2",cyclohexylamine,10.1016/j.tca.2015.03.016,Transpiration method,10,10,10,283.2,308.3,25.100000000000023,3,3,False,False
10.1016/j.tca.2015.03.016#d2#p1,"InChI=1S/C7H15N/c1-8-7-5-3-2-4-6-7/h7-8H,2-6H2,1H3",N-methylcyclohexylamine,10.1016/j.tca.2015.03.016,Transpiration method,14,14,14,275.2,314.2,39.0,4,4,True,True
10.1016/j.tca.2015.03.016#d3#p1,"InChI=1S/C8H17N/c1-9(2)8-6-4-3-5-7-8/h8H,3-7H2,1-2H3","N,N-dimethylcyclohexylamine",10.1016/j.tca.2015.03.016,Transpiration method,16,15,14,275.35,314.3,38.94999999999999,4,4,True,True
10.1016/j.tca.2015.03.016#d4#p1,"InChI=1S/C12H23N/c1-3-7-11(8-4-1)13-12-9-5-2-6-10-12/h11-13H,1-10H2",N-cyclohexylcyclohexanamine,10.1016/j.tca.2015.03.016,Transpiration method,14,14,14,295.4,333.2,37.80000000000001,4,4,True,True
10.1016/j.tca.2015.03.026#d12#p1,"InChI=1S/C8H8O3/c1-11-7-5-3-2-4-6(7)8(9)10/h2-5H,1H3,(H,9,10)",2-methoxybenzoic acid,10.1016/j.tca.2015.03.026,Closed cell (Static) method,30,27,15,378.325,413.36,35.035000000000025,5,5,True,True
10.1016/j.tca.2015.04.011#d4#p1,"InChI=1S/C8H10/c1-7-5-3-4-6-8(7)2/h3-6H,1-2H3","1,2-dimethylbenzene",10.1016/j.tca.2015.04.011,Closed cell (Static) method,1,1,1,353.2,353.2,0.0,1,1,False,False
10.1016/j.tca.2015.07.011#d10#p1,"InChI=1S/C11H14O3/c1-8(2)7-14-10-6-4-3-5-9(10)11(12)13/h3-6,8H,7H2,1-2H3,(H,12,13)",2-iso-butoxybenzoic acid,10.1016/j.tca.2015.07.011,Transpiration method,24,23,21,353.1,398.1,45.0,6,3,True,True
10.1016/j.tca.2015.07.011#d15#p1,"InChI=1S/C11H14O3/c1-8(2)7-14-10-5-3-4-9(6-10)11(12)13/h3-6,8H,7H2,1-2H3,(H,12,13)",3-iso-butoxybenzoic acid,10.1016/j.tca.2015.07.011,Transpiration method,16,16,16,354.8,382.7,27.899999999999977,4,6,False,False
10.1016/j.tca.2015.08.013#d14#p1,"InChI=1S/C5H6O/c1-5-3-2-4-6-5/h2-4H,1H3",2-methylfuran,10.1016/j.tca.2015.08.013,Ebulliometric method (Recirculating still),6,6,6,285.37,294.3,8.930000000000007,3,2,False,False
10.1016/j.tca.2015.08.013#d21#p1,"InChI=1S/C6H8O/c1-5-3-4-6(2)7-5/h3-4H,1-2H3","2,5-dimethylfuran",10.1016/j.tca.2015.08.013,Ebulliometric method (Recirculating still),9,9,9,283.16,319.27,36.10999999999996,3,4,True,True
10.1016/j.tca.2016.06.014#d16#p1,"InChI=1S/C6H11Br/c7-6-4-2-1-3-5-6/h6H,1-5H2",bromocyclohexane,10.1016/j.tca.2016.06.014,Transpiration method,12,12,12,277.5,297.3,19.80000000000001,3,3,False,False
10.1016/j.tca.2016.12.010#d1#p1,"InChI=1S/C4H9NO/c1-3-6-4-2-5-1/h5H,1-4H2","tetrahydro-1,4-oxazine",10.1016/j.tca.2016.12.010,Ebulliometric method (Recirculating still),1,1,1,343.91,343.91,0.0,1,1,False,False
10.1016/j.tca.2016.12.010#d4#p1,"InChI=1S/C10H22O/c1-2-3-4-5-6-7-8-9-10-11/h11H,2-10H2,1H3",decan-1-ol,10.1016/j.tca.2016.12.010,Ebulliometric method (Recirculating still),1,1,1,436.56,436.56,0.0,1,1,False,False
10.1016/j.tca.2017.07.001#d1#p1,"InChI=1S/C3H7NO2/c1-3(2)4(5)6/h3H,1-2H3",2-nitropropane,10.1016/j.tca.2017.07.001,Transpiration method,16,13,9,274.75,314.1,39.35000000000002,3,3,True,True
10.1016/j.tca.2017.07.001#d2#p1,"InChI=1S/C4H9NO2/c1-4(2,3)5(6)7/h1-3H3",2-methyl-2-nitropropane,10.1016/j.tca.2017.07.001,Transpiration method,10,10,10,299.3,328.1,28.80000000000001,2,3,False,False
10.1016/j.tca.2017.12.006#d1#p1,"InChI=1S/C6H10O3/c1-5(7)3-4-6(8)9-2/h3-4H2,1-2H3",methyl levulinate,10.1016/j.tca.2017.12.006,Transpiration method,13,13,13,293.5,353.2,59.69999999999999,4,4,True,True
10.1016/j.tca.2017.12.006#d2#p1,"InChI=1S/C7H12O3/c1-3-10-7(9)5-4-6(2)8/h3-5H2,1-2H3",ethyl levulinate,10.1016/j.tca.2017.12.006,Transpiration method,12,12,12,293.5,348.8,55.30000000000001,4,4,True,True
10.1016/j.tca.2017.12.006#d3#p1,"InChI=1S/C9H16O3/c1-3-4-7-12-9(11)6-5-8(2)10/h3-7H2,1-2H3",butyl levulinate,10.1016/j.tca.2017.12.006,Transpiration method,11,11,11,298.2,347.8,49.60000000000002,3,4,True,True
10.1016/j.tca.2018.05.009#d1#p1,"InChI=1S/C3H4O3/c1-2(4)3(5)6/h1H3,(H,5,6)",2-oxopropanoic acid,10.1016/j.tca.2018.05.009,Transpiration method,12,10,10,308.2,336.4,28.19999999999999,3,3,False,False
10.1016/j.tca.2018.05.009#d2#p1,InChI=1S/C4H6O3/c1-3(5)4(6)7-2/h1-2H3,methyl 2-oxopropanoate,10.1016/j.tca.2018.05.009,Transpiration method,14,12,12,279.4,307.8,28.400000000000034,2,6,False,False
10.1016/j.tca.2018.07.016#d1#p1,"InChI=1S/C6H13N/c1-2-4-6-7-5-3-1/h7H,1-6H2",azacycloheptane,10.1016/j.tca.2018.07.016,Transpiration method,15,15,15,275.3,321.2,45.89999999999998,5,5,True,True
10.1016/j.tca.2018.07.016#d2#p1,"InChI=1S/C7H15N/c1-2-4-6-8-7-5-3-1/h8H,1-7H2",heptamethyleneimine,10.1016/j.tca.2018.07.016,Transpiration method,19,18,18,276.1,324.9,48.799999999999955,5,5,True,True
10.1016/j.tca.2018.07.016#d3#p1,"InChI=1S/C8H17N/c1-2-4-6-8-9-7-5-3-1/h9H,1-8H2",octamethylenimine,10.1016/j.tca.2018.07.016,Transpiration method,11,11,11,274.6,323.4,48.799999999999955,4,4,True,True
10.1016/j.tca.2018.07.026#d3#p1,InChI=1S/C11H7N/c12-8-10-6-3-5-9-4-1-2-7-11(9)10/h1-7H,1-cyanonaphthalene,10.1016/j.tca.2018.07.026,Transpiration method,15,15,15,317.4,353.2,35.80000000000001,5,4,True,True
10.1016/j.tca.2019.05.011#d1#p1,"InChI=1S/C3H8O/c1-3(2)4/h3-4H,1-2H3",propan-2-ol,10.1016/j.tca.2019.05.011,Closed cell (Static) method,3,3,3,297.8,315.8,18.0,1,2,False,False
10.1016/j.tca.2019.178413#d1#p1,"InChI=1S/C7H8O/c1-8-7-5-3-2-4-6-7/h2-6H,1H3",anisole,10.1016/j.tca.2019.178413,Ebulliometric method (Recirculating still),1,1,1,313.2,313.2,0.0,1,1,False,False
10.1016/j.tca.2019.178413#d3#p1,"InChI=1S/C7H8/c1-7-5-3-2-4-6-7/h2-6H,1H3",toluene,10.1016/j.tca.2019.178413,Ebulliometric method (Recirculating still),1,1,1,313.2,313.2,0.0,1,1,False,False
10.1021/acs.jced.5b00255#d2#p1,"InChI=1S/C10H16O2Si/c1-4-13(11-2,12-3)10-8-6-5-7-9-10/h5-9H,4H2,1-3H3",ethylphenyldimethoxysilane,10.1021/acs.jced.5b00255,Ebulliometric method (Recirculating still),11,11,11,373.53,428.51,54.98000000000002,4,3,True,True
10.1021/acs.jced.5b00255#d4#p1,"InChI=1S/C12H20O2Si/c1-4-13-15(6-3,14-5-2)12-10-8-7-9-11-12/h7-11H,4-6H2,1-3H3",diethoxy(ethyl)(phenyl)silane,10.1021/acs.jced.5b00255,Ebulliometric method (Recirculating still),5,5,5,400.94,450.61,49.670000000000016,2,3,False,False
10.1021/acs.jced.5b00300#d6#p1,"InChI=1S/C4H10O/c1-3-4(2)5/h4-5H,3H2,1-2H3",butan-2-ol,10.1021/acs.jced.5b00300,Ebulliometric method (Recirculating still),1,1,1,323.1,323.1,0.0,1,1,False,False
10.1021/acs.jced.5b00537#d2#p1,"InChI=1S/C5H12O/c1-4-5(2,3)6/h6H,4H2,1-3H3",2-methylbutan-2-ol,10.1021/acs.jced.5b00537,Ebulliometric method (Recirculating still),30,30,29,296.655,336.26,39.60500000000002,9,6,True,True
10.1021/acs.jced.5b00537#d6#p1,"InChI=1S/C4H10O/c1-4(2)3-5/h4-5H,3H2,1-2H3",2-methyl-1-propanol,10.1021/acs.jced.5b00537,Ebulliometric method (Recirculating still),26,26,22,296.87,342.515,45.64499999999998,7,6,True,True
10.1021/acs.jced.5b00545#d3#p1,"InChI=1S/C19H36O3/c1-3-4-5-12-15-18(20)16-13-10-8-6-7-9-11-14-17-19(21)22-2/h10,13,18,20H,3-9,11-12,14-17H2,1-2H3",[R]-methyl 12-hydroxy-9-octadecenoate,10.1021/acs.jced.5b00545,Closed cell (Static) method,15,15,15,451.58,476.8,25.220000000000027,7,3,False,False
10.1021/acs.jced.5b00545#d4#p1,"InChI=1S/C17H34O2/c1-3-4-5-6-7-8-9-10-11-12-13-14-15-16-17(18)19-2/h3-16H2,1-2H3",methyl hexadecanoate,10.1021/acs.jced.5b00545,Closed cell (Static) method,15,15,15,407.12,447.06,39.94,6,3,True,True
10.1021/acs.jced.5b00606#d4#p1,InChI=1S/C6H5N3/c1-3-9-4-2-8-6(9)5-7-1/h1-5H,"imidazo[1,2-a]pyrazine",10.1021/acs.jced.5b00606,Transpiration method,8,8,8,369.6,393.4,23.799999999999955,3,2,False,False
10.1021/acs.jced.5b00724#d6#p1,"InChI=1S/C5H8O2/c1-4-2-3-5(6)7-4/h4H,2-3H2,1H3",.gamma.-valerolactone,10.1021/acs.jced.5b00724,Closed cell (Static) method,1,1,1,350.18,350.18,0.0,1,1,False,False
10.1021/acs.jced.5b00752#d2#p1,InChI=1S/C10H8/c1-2-6-10-8-4-3-7-9(10)5-1/h1-8H,naphthalene,10.1021/acs.jced.5b00752,Closed cell (Static) method,21,19,13,357.1905,422.548,65.35750000000002,3,4,True,True
10.1021/acs.jced.5b00752#d5#p1,"InChI=1S/C12H14O4/c1-3-15-11(13)9-7-5-6-8-10(9)12(14)16-4-2/h5-8H,3-4H2,1-2H3",diethyl phthalate,10.1021/acs.jced.5b00752,Closed cell (Static) method,17,16,13,322.213,452.116,129.90299999999996,3,4,True,True
10.1021/acs.jced.5b00760#d1#p1,InChI=1S/C6H6/c1-2-4-6-5-3-1/h1-6H,benzene,10.1021/acs.jced.5b00760,Closed cell (Static) method,1,1,1,303.15,303.15,0.0,1,1,False,False
10.1021/acs.jced.5b00760#d2#p1,"InChI=1S/C7H8/c1-7-5-3-2-4-6-7/h2-6H,1H3",toluene,10.1021/acs.jced.5b00760,Closed cell (Static) method,6,6,6,323.16,334.25,11.089999999999975,2,2,False,False
10.1021/acs.jced.5b00760#d3#p1,InChI=1S/C4H4S/c1-2-4-5-3-1/h1-4H,thiophene,10.1021/acs.jced.5b00760,Closed cell (Static) method,2,2,2,303.15,308.15,5.0,1,1,False,False
10.1021/acs.jced.5b00849#d3#p1,"InChI=1S/C5H8O2/c1-4-2-3-5(6)7-4/h4H,2-3H2,1H3",.gamma.-valerolactone,10.1021/acs.jced.5b00849,Ebulliometric method (Recirculating still),7,6,6,347.1,416.4,69.29999999999995,2,2,True,False
10.1021/acs.jced.5b00943#d1#p1,"InChI=1S/C5H7N/c1-3-5(2)4-6/h3,5H,1H2,2H3",2-methyl-3-butenenitrile,10.1021/acs.jced.5b00943,Ebulliometric method (Recirculating still),12,12,12,297.57,343.65,46.079999999999984,4,3,True,True
10.1021/acs.jced.5b00978#d4#p1,"InChI=1S/C9H7NO2/c1-12-9(11)8-4-2-7(6-10)3-5-8/h2-5H,1H3",methyl p-cyanobenzoate,10.1021/acs.jced.5b00978,Closed cell (Static) method,19,19,19,339.83,393.05,53.22000000000003,6,6,True,True
10.1021/acs.jced.5b01003#d1#p1,"InChI=1S/C3H10N2/c1-5-3-2-4/h5H,2-4H2,1H3",N-methylethylenediamine,10.1021/acs.jced.5b01003,Transpiration method,22,22,22,272.2,302.2,30.0,5,7,True,True
10.1021/acs.jced.5b01003#d2#p1,"InChI=1S/C4H12N2/c1-5-3-4-6-2/h5-6H,3-4H2,1-2H3","N1,N2-dimethylethane-1,2-diamine",10.1021/acs.jced.5b01003,Transpiration method,14,14,14,279.2,310.7,31.5,4,5,True,True
10.1021/acs.jced.5b01003#d3#p1,"InChI=1S/C5H14N2/c1-6-4-5-7(2)3/h6H,4-5H2,1-3H3","N,N,N'-trimethylethylenediamine",10.1021/acs.jced.5b01003,Transpiration method,11,11,11,274.2,305.4,31.19999999999999,6,3,True,True
10.1021/acs.jced.5b01003#d4#p1,"InChI=1S/C4H12N2/c1-6(2)4-3-5/h3-5H2,1-2H3",2-dimethylamino-1-ethylamine,10.1021/acs.jced.5b01003,Transpiration method,18,15,15,273.8,303.2,29.399999999999977,4,6,False,False
10.1021/acs.jced.6b00293#d2#p1,"InChI=1S/C2H6O/c1-2-3/h3H,2H2,1H3",ethanol,10.1021/acs.jced.6b00293,Ebulliometric method (Recirculating still),1,1,1,315.14,315.14,0.0,1,1,False,False
10.1021/acs.jced.6b00409#d4#p1,"InChI=1S/C6F14/c7-1(8,3(11,12)5(15,16)17)2(9,10)4(13,14)6(18,19)20",perfluorohexane,10.1021/acs.jced.6b00409,Closed cell (Static) method,3,3,3,277.74,287.77,10.029999999999973,1,1,False,False
10.1021/acs.jced.6b00409#d7#p1,"InChI=1S/C8F18/c9-1(10,3(13,14)5(17,18)7(21,22)23)2(11,12)4(15,16)6(19,20)8(24,25)26",octadecafluorooctane,10.1021/acs.jced.6b00409,Closed cell (Static) method,8,8,8,277.72,332.87,55.14999999999998,3,3,True,True
10.1021/acs.jced.6b00451#d1#p1,"InChI=1S/C13H28N2/c1-6-7-8-14-11-9-12(2,3)15-13(4,5)10-11/h11,14-15H,6-10H2,1-5H3","N-butyl-2,2,6,6-tetramethylpiperidin-4-amine",10.1021/acs.jced.6b00451,Ebulliometric method (Recirculating still),5,5,5,398.7,462.1,63.400000000000034,2,1,False,False
10.1021/acs.jced.6b00470#d1#p1,"InChI=1S/C12H16O2/c1-12(2,3)10-7-5-9(6-8-10)11(13)14-4/h5-8H,1-4H3",methyl 4-tert-butylbenzoate,10.1021/acs.jced.6b00470,Ebulliometric method (Recirculating still),19,19,19,398.3,473.6,75.30000000000001,10,3,True,True
10.1021/acs.jced.6b00517#d12#p1,"InChI=1S/C9H18O3/c1-3-5-7-11-9(10)12-8-6-4-2/h3-8H2,1-2H3",dibutyl carbonate,10.1021/acs.jced.6b00517,Ebulliometric method (Recirculating still),4,4,4,383.16,420.73,37.56999999999999,2,1,False,False
10.1021/acs.jced.6b00523#d2#p1,InChI=1S/C10H8/c1-2-6-10-8-4-3-7-9(10)5-1/h1-8H,naphthalene,10.1021/acs.jced.6b00523,Closed cell (Static) method,6,4,2,355.35,358.36,3.009999999999991,1,1,False,False
10.1021/acs.jced.6b00523#d3#p1,"InChI=1S/C10H22/c1-3-5-7-9-10-8-6-4-2/h3-10H2,1-2H3",decane,10.1021/acs.jced.6b00523,Closed cell (Static) method,51,32,17,276.765,331.925,55.160000000000025,6,6,True,True
10.1021/acs.jced.6b00576#d1#p1,"InChI=1S/C2H5N/c1-2-3-1/h3H,1-2H2",azacyclopropane,10.1021/acs.jced.6b00576,Diaphragm manometer,6,6,6,274.52,289.96,15.439999999999998,3,1,False,False
10.1021/acs.jced.6b00576#d10#p1,"InChI=1S/C5H11NO/c1-6-2-4-7-5-3-6/h2-5H2,1H3",N-methylmorpholine,10.1021/acs.jced.6b00576,Diaphragm manometer,19,18,14,276.28,318.64,42.360000000000014,3,3,True,True
10.1021/acs.jced.6b00576#d12#p1,"InChI=1S/C5H12N2/c1-7-4-2-6-3-5-7/h6H,2-5H2,1H3",N-methylpiperazine,10.1021/acs.jced.6b00576,Diaphragm manometer,20,20,18,274.39,319.47,45.08000000000004,5,7,True,True
10.1021/acs.jced.6b00576#d13#p1,"InChI=1S/C6H14N2/c1-7-3-5-8(2)6-4-7/h3-6H2,1-2H3","1,4-dimethylpiperazine",10.1021/acs.jced.6b00576,Diaphragm manometer,14,14,14,276.29,319.53,43.23999999999995,4,3,True,True
10.1021/acs.jced.6b00576#d14#p1,"InChI=1S/C3H9NO/c1-5-3-2-4/h2-4H2,1H3",2-methoxyethylamine,10.1021/acs.jced.6b00576,Diaphragm manometer,11,11,11,275.16,317.6,42.44,3,3,True,True
10.1021/acs.jced.6b00576#d15#p1,"InChI=1S/C4H11NO/c1-6-4-2-3-5/h2-5H2,1H3",.gamma.-methoxypropylamine,10.1021/acs.jced.6b00576,Diaphragm manometer,13,13,12,278.95,317.57,38.620000000000005,3,3,True,True
10.1021/acs.jced.6b00576#d16#p1,InChI=1S/C4H8O/c1-2-4-5-3-1/h1-4H2,tetrahydrofuran,10.1021/acs.jced.6b00576,Diaphragm manometer,6,6,6,273.6,292.65,19.049999999999955,3,2,False,False
10.1021/acs.jced.6b00576#d17#p1,"InChI=1S/C5H10O/c1-5-3-2-4-6-5/h5H,2-4H2,1H3",2-methyltetrahydrofuran,10.1021/acs.jced.6b00576,Diaphragm manometer,12,12,9,279.005,306.05,27.045000000000016,3,3,False,False
10.1021/acs.jced.6b00576#d18#p1,InChI=1S/C5H10O/c1-2-4-6-5-3-1/h1-5H2,tetrahydropyran,10.1021/acs.jced.6b00576,Diaphragm manometer,9,9,9,273.74,313.73,39.99000000000001,3,3,True,True
10.1021/acs.jced.6b00576#d19#p1,InChI=1S/C3H6O2/c1-2-5-3-4-1/h1-3H2,"1,3-dioxolane",10.1021/acs.jced.6b00576,Diaphragm manometer,9,9,9,280.46,305.57,25.110000000000014,4,4,False,False
10.1021/acs.jced.6b00576#d2#p1,"InChI=1S/C3H7N/c1-2-4-3-1/h4H,1-3H2",azacyclobutane,10.1021/acs.jced.6b00576,Diaphragm manometer,7,6,6,273.18,293.56,20.379999999999995,2,2,False,False
10.1021/acs.jced.6b00576#d20#p1,InChI=1S/C4H8O2/c1-2-6-4-3-5-1/h1-4H2,"1,4-dioxane",10.1021/acs.jced.6b00576,Diaphragm manometer,12,11,9,285.11,313.38,28.269999999999982,3,3,False,False
10.1021/acs.jced.6b00576#d21#p1,"InChI=1S/C4H10O/c1-3-4(2)5/h4-5H,3H2,1-2H3",butan-2-ol,10.1021/acs.jced.6b00576,Diaphragm manometer,13,13,12,280.73,314.41,33.68000000000001,3,4,True,True
10.1021/acs.jced.6b00576#d22#p1,"InChI=1S/C5H12O/c1-3-5(6)4-2/h5-6H,3-4H2,1-2H3",3-pentanol,10.1021/acs.jced.6b00576,Diaphragm manometer,10,10,10,279.05,318.42,39.370000000000005,3,3,True,True
10.1021/acs.jced.6b00576#d23#p1,"InChI=1S/C6H14O/c1-3-5-6(7)4-2/h6-7H,3-5H2,1-2H3",3-hexanol,10.1021/acs.jced.6b00576,Diaphragm manometer,17,17,17,280.21,316.48,36.27000000000004,6,5,True,True
10.1021/acs.jced.6b00576#d24#p1,"InChI=1S/C7H16O/c1-3-5-7(8)6-4-2/h7-8H,3-6H2,1-2H3",4-heptanol,10.1021/acs.jced.6b00576,Diaphragm manometer,20,19,18,282.43,320.38,37.94999999999999,2,7,True,False
10.1021/acs.jced.6b00576#d25#p1,"InChI=1S/C5H10O/c6-5-3-1-2-4-5/h5-6H,1-4H2",cyclopentanol,10.1021/acs.jced.6b00576,Diaphragm manometer,13,13,13,279.84,314.3,34.460000000000036,4,5,True,True
10.1021/acs.jced.6b00576#d27#p1,"InChI=1S/C6H12O/c7-6-4-2-1-3-5-6/h6-7H,1-5H2",cyclohexanol,10.1021/acs.jced.6b00576,Diaphragm manometer,12,12,12,298.84,319.51,20.670000000000016,3,6,False,False
10.1021/acs.jced.6b00576#d28#p1,"InChI=1S/C7H14O/c8-7-5-3-1-2-4-6-7/h7-8H,1-6H2",cycloheptanol,10.1021/acs.jced.6b00576,Diaphragm manometer,17,17,15,284.35,320.88,36.52999999999997,4,6,True,True
10.1021/acs.jced.6b00576#d3#p1,"InChI=1S/C4H9N/c1-2-4-5-3-1/h5H,1-4H2",pyrrolidine,10.1021/acs.jced.6b00576,Diaphragm manometer,9,9,9,273.16,313.46,40.299999999999955,3,2,True,True
10.1021/acs.jced.6b00576#d4#p1,"InChI=1S/C5H11N/c1-2-4-6-5-3-1/h6H,1-5H2",piperidine,10.1021/acs.jced.6b00576,Diaphragm manometer,12,12,10,283.64,318.34,34.69999999999999,2,4,True,False
10.1021/acs.jced.6b00576#d5#p1,"InChI=1S/C6H13N/c1-2-4-6-7-5-3-1/h7H,1-6H2",azacycloheptane,10.1021/acs.jced.6b00576,Diaphragm manometer,12,10,9,273.13,313.17,40.04000000000002,3,3,True,True
10.1021/acs.jced.6b00576#d6#p1,"InChI=1S/C7H15N/c1-2-4-6-8-7-5-3-1/h8H,1-7H2",heptamethyleneimine,10.1021/acs.jced.6b00576,Diaphragm manometer,9,9,9,273.22,313.5,40.27999999999997,3,3,True,True
10.1021/acs.jced.6b00576#d7#p1,"InChI=1S/C5H11N/c1-6-4-2-3-5-6/h2-5H2,1H3",N-methylpyrrolidine,10.1021/acs.jced.6b00576,Diaphragm manometer,8,8,8,273.17,302.94,29.769999999999982,4,1,False,False
10.1021/acs.jced.6b00576#d8#p1,"InChI=1S/C6H13N/c1-7-5-3-2-4-6-7/h2-6H2,1H3",N-methylpiperidine,10.1021/acs.jced.6b00576,Diaphragm manometer,10,10,10,273.18,313.47,40.29000000000002,3,2,True,True
10.1021/acs.jced.6b00576#d9#p1,"InChI=1S/C4H9NO/c1-3-6-4-2-5-1/h5H,1-4H2","tetrahydro-1,4-oxazine",10.1021/acs.jced.6b00576,Diaphragm manometer,11,11,11,273.27,318.26,44.99000000000001,3,3,True,True
10.1021/acs.jced.6b00916#d2#p1,"InChI=1S/C3H2ClF3/c4-2-1-3(5,6)7/h1-2H/b2-1+","(E)-1-chloro-3,3,3-trifluoroprop-1-ene",10.1021/acs.jced.6b00916,Closed cell (Static) method,1,1,1,252.15,252.15,0.0,1,1,False,False
10.1021/acs.jced.7b00005#d1#p1,InChI=1S/C2H3N/c1-2-3/h1H3,acetonitrile,10.1021/acs.jced.7b00005,Ebulliometric method (Recirculating still),2,2,2,295.25,295.4,0.14999999999997726,1,1,False,False
10.1021/acs.jced.7b00008#d1#p1,InChI=1S/C4H6O2/c5-4-2-1-3-6-4/h1-3H2,.gamma.-butyrolactone,10.1021/acs.jced.7b00008,Ebulliometric method (Recirculating still),1,1,1,420.11,420.11,0.0,1,1,False,False
10.1021/acs.jced.7b00008#d2#p1,InChI=1S/C4H4O3/c5-3-1-2-4(6)7-3/h1-2H2,succinic anhydride,10.1021/acs.jced.7b00008,Ebulliometric method (Recirculating still),1,1,1,475.01,475.01,0.0,1,1,False,False
10.1021/acs.jced.7b00026#d12#p1,"InChI=1S/C6H12O/c1-5(2)4-6(3)7/h5H,4H2,1-3H3",4-methylpentan-2-one,10.1021/acs.jced.7b00026,Ebullio,2,2,2,323.15,338.15,15.0,1,1,False,False
10.1021/acs.jced.7b00099#d1#p1,"InChI=1S/C13H26O2/c1-3-4-5-6-7-8-9-10-11-12-13(14)15-2/h3-12H2,1-2H3",methyl dodecanoate,10.1021/acs.jced.7b00099,Closed cell (Static) method,9,9,9,353.15,433.15,80.0,3,3,True,True
10.1021/acs.jced.7b00099#d2#p1,"InChI=1S/C15H30O2/c1-3-4-5-6-7-8-9-10-11-12-13-14-15(16)17-2/h3-14H2,1-2H3",methyl tetradecanoate,10.1021/acs.jced.7b00099,Closed cell (Static) method,11,11,11,353.15,453.15,100.0,4,4,True,True
10.1021/acs.jced.7b00099#d3#p1,"InChI=1S/C17H34O2/c1-3-4-5-6-7-8-9-10-11-12-13-14-15-16-17(18)19-2/h3-16H2,1-2H3",methyl hexadecanoate,10.1021/acs.jced.7b00099,Closed cell (Static) method,9,9,9,373.15,453.15,80.0,3,3,True,True
10.1021/acs.jced.7b00099#d4#p1,"InChI=1S/C14H30/c1-3-5-7-9-11-13-14-12-10-8-6-4-2/h3-14H2,1-2H3",tetradecane,10.1021/acs.jced.7b00099,Closed cell (Static) method,32,25,23,351.75,453.15,101.39999999999998,7,8,True,True
10.1021/acs.jced.7b00119#d1#p1,InChI=1S/C4H9NO/c1-4(6)5(2)3/h1-3H3,"N,N-dimethylethanamide",10.1021/acs.jced.7b00119,Closed cell (Static) method,10,5,5,328.15,363.15,35.0,2,2,False,False
10.1021/acs.jced.7b00119#d10#p1,"InChI=1S/C8H18O/c1-3-5-7-9-8-6-4-2/h3-8H2,1-2H3",dibutyl ether,10.1021/acs.jced.7b00119,Closed cell (Static) method,1,1,1,353.15,353.15,0.0,1,1,False,False
10.1021/acs.jced.7b00119#d4#p1,"InChI=1S/C8H16/c1-3-5-7-8-6-4-2/h3H,1,4-8H2,2H3",oct-1-ene,10.1021/acs.jced.7b00119,Closed cell (Static) method,1,1,1,328.15,328.15,0.0,1,1,False,False
10.1021/acs.jced.7b00141#d5#p1,"InChI=1S/C6H12O2/c1-3-4-5-8-6(2)7/h3-5H2,1-2H3",butyl ethanoate,10.1021/acs.jced.7b00141,Ebulliometric method (Recirculating still),3,3,3,328.98,346.66,17.680000000000007,1,1,False,False
10.1021/acs.jced.7b00236#d1#p1,"InChI=1S/C8H18/c1-7(2)6-8(3,4)5/h7H,6H2,1-5H3","2,2,4-trimethylpentane",10.1021/acs.jced.7b00236,Ebulliometric method (Recirculating still),5,5,5,303.15,323.15,20.0,2,2,False,False
10.1021/acs.jced.7b00236#d2#p1,"InChI=1S/C7H16/c1-3-5-7-6-4-2/h3-7H2,1-2H3",heptane,10.1021/acs.jced.7b00236,Ebulliometric method (Recirculating still),5,5,5,303.15,323.15,20.0,2,2,False,False
10.1021/acs.jced.7b00236#d3#p1,"InChI=1S/C7H8/c1-7-5-3-2-4-6-7/h2-6H,1H3",toluene,10.1021/acs.jced.7b00236,Ebulliometric method (Recirculating still),5,5,5,303.15,323.15,20.0,2,2,False,False
10.1021/acs.jced.7b00236#d4#p1,"InChI=1S/C5H10O3/c1-3-7-5(6)8-4-2/h3-4H2,1-2H3",diethyl carbonate,10.1021/acs.jced.7b00236,Ebulliometric method (Recirculating still),10,5,5,303.15,323.15,20.0,2,2,False,False
10.1021/acs.jced.7b00295#d13#p1,"InChI=1S/C7H14O3/c1-3-5-9-7(8)10-6-4-2/h3-6H2,1-2H3",dipropyl carbonate,10.1021/acs.jced.7b00295,Closed cell (Static) method,39,14,13,253.15,308.15,54.99999999999997,4,4,True,True
10.1021/acs.jced.7b00295#d9#p1,"InChI=1S/C5H10O3/c1-3-7-5(6)8-4-2/h3-4H2,1-2H3",diethyl carbonate,10.1021/acs.jced.7b00295,Closed cell (Static) method,33,11,11,253.15,296.15,42.99999999999997,3,3,True,True
10.1021/acs.jced.7b00344#d1#p1,"InChI=1S/C5H8O/c1-4(6)5-2-3-5/h5H,2-3H2,1H3",1-cyclopropyl ethanone,10.1021/acs.jced.7b00344,Ebulliometric method (Recirculating still),3,3,3,300,320.8,20.80000000000001,1,1,False,False
10.1021/acs.jced.7b00344#d5#p1,"InChI=1S/C6H8O3/c1-4(7)5-2-3-9-6(5)8/h5H,2-3H2,1H3",2-acetylbutyrolactone,10.1021/acs.jced.7b00344,Ebulliometric method (Recirculating still),8,8,8,385,464.5,79.5,2,3,True,False
10.1021/acs.jced.7b00344#d9#p1,"InChI=1S/C5H9ClO/c1-5(7)3-2-4-6/h2-4H2,1H3",1-chloro-4-pentanone,10.1021/acs.jced.7b00344,Ebulliometric method (Recirculating still),4,4,4,343.2,373.8,30.600000000000023,1,1,False,False
10.1021/acs.jced.7b00354#d3#p1,"InChI=1S/C7H6O2/c1-5-4-6(8)2-3-7(5)9/h2-4H,1H3","2,5-cyclohexadiene-1,4-dione, 2-methyl",10.1021/acs.jced.7b00354,Transpiration method,7,7,7,343.2,363.1,19.900000000000034,2,2,False,False
10.1021/acs.jced.7b00377#d9#p1,"InChI=1S/C7H16O2/c1-4-8-6-9-5-7(2)3/h7H,4-6H2,1-3H3",1-(ethoxymethoxy)-2-methylpropane,10.1021/acs.jced.7b00377,Ebulliometric method (Recirculating still),3,3,3,320.54,344.53,23.989999999999952,1,1,False,False
10.1021/acs.jced.7b00574#d1#p1,InChI=1S/C5H4O2/c6-4-5-2-1-3-7-5/h1-4H,2-furaldehyde,10.1021/acs.jced.7b00574,Ebulliometric method (Recirculating still),14,14,14,326.05,375.75,49.69999999999999,2,4,True,False
10.1021/acs.jced.7b00574#d2#p1,"InChI=1S/C6H6O2/c1-5(7)6-3-2-4-8-6/h2-4H,1H3",2-acetylfuran,10.1021/acs.jced.7b00574,Ebulliometric method (Recirculating still),14,14,14,337.95,386.55,48.60000000000002,3,3,True,True
10.1021/acs.jced.7b00574#d3#p1,"InChI=1S/C6H6O2/c1-5-2-3-6(4-7)8-5/h2-4H,1H3",5-methylfurfural,10.1021/acs.jced.7b00574,Ebulliometric method (Recirculating still),17,17,17,339.05,405.85,66.80000000000001,4,5,True,True
10.1021/acs.jced.7b00574#d4#p1,"InChI=1S/C8H18O/c1-2-3-4-5-6-7-8-9/h9H,2-8H2,1H3",octan-1-ol,10.1021/acs.jced.7b00574,Ebulliometric method (Recirculating still),14,14,14,354.85,417.35,62.5,3,4,True,True
10.1021/acs.jced.7b00578#d11#p1,"InChI=1S/C5H8O2/c1-4-2-3-5(6)7-4/h4H,2-3H2,1H3",.gamma.-valerolactone,10.1021/acs.jced.7b00578,Closed cell (Static) method,36,16,12,258.15,308.14,49.99000000000001,3,4,True,True
10.1021/acs.jced.7b00578#d7#p1,"InChI=1S/C4H6O3/c1-3-2-6-4(5)7-3/h3H,2H2,1H3","4-methyl-1,3-dioxolan-2-one",10.1021/acs.jced.7b00578,Closed cell (Static) method,70,45,19,278.19,362.52,84.32999999999998,6,7,True,True
10.1021/acs.jced.7b00599#d2#p1,"InChI=1S/C6H12O/c1-7-6-4-2-3-5-6/h6H,2-5H2,1H3",methoxycyclopentane,10.1021/acs.jced.7b00599,Closed cell (Static) method,10,10,10,258.55,308.25,49.69999999999999,4,3,True,True
10.1021/acs.jced.7b00599#d4#p1,"InChI=1S/C6H12O/c1-7-6-4-2-3-5-6/h6H,2-5H2,1H3",methoxycyclopentane,10.1021/acs.jced.7b00599,Ebulliometric method (Recirculating still),1,1,1,328.15,328.15,0.0,1,1,False,False
10.1021/acs.jced.7b00599#d8#p1,"InChI=1S/C7H8/c1-7-5-3-2-4-6-7/h2-6H,1H3",toluene,10.1021/acs.jced.7b00599,Ebulliometric method (Recirculating still),1,1,1,328.15,328.15,0.0,1,1,False,False
10.1021/acs.jced.7b00827#d11#p1,"InChI=1S/C8H10O/c1-6-4-3-5-7(2)8(6)9/h3-5,9H,1-2H3","2,6-dimethylphenol",10.1021/acs.jced.7b00827,Ebulliometric method (Recirculating still),1,1,1,418.21,418.21,0.0,1,1,False,False
10.1021/acs.jced.7b00827#d5#p1,"InChI=1S/C7H8O/c1-6-3-2-4-7(8)5-6/h2-5,8H,1H3",3-methylphenol,10.1021/acs.jced.7b00827,Ebulliometric method (Recirculating still),1,1,1,422.28,422.28,0.0,1,1,False,False
10.1021/acs.jced.7b00827#d8#p1,"InChI=1S/C6H15NO2/c1-5(8)3-7-4-6(2)9/h5-9H,3-4H2,1-2H3",N-(2-hydroxypropyl)-2-hydroxy-1-propanamine,10.1021/acs.jced.7b00827,Ebulliometric method (Recirculating still),1,1,1,468.25,468.25,0.0,1,1,False,False
10.1021/acs.jced.7b00836#d2#p1,"InChI=1S/C6H14/c1-3-5-6-4-2/h3-6H2,1-2H3",hexane,10.1021/acs.jced.7b00836,Closed cell (Static) method,1,1,1,288.24,288.24,0.0,1,1,False,False
10.1021/acs.jced.7b00875#d4#p1,"InChI=1S/C9H20/c1-3-5-7-9-8-6-4-2/h3-9H2,1-2H3",nonane,10.1021/acs.jced.7b00875,Ebulliometric method (Recirculating still),3,3,3,323.21,343.21,20.0,1,1,False,False
10.1021/acs.jced.7b00875#d6#p1,"InChI=1S/C10H22/c1-3-5-7-9-10-8-6-4-2/h3-10H2,1-2H3",decane,10.1021/acs.jced.7b00875,Ebulliometric method (Recirculating still),3,3,3,328.17,348.16,19.99000000000001,1,1,False,False
10.1021/acs.jced.7b00892#d12#p1,"InChI=1S/C3H8O/c1-3(2)4/h3-4H,1-2H3",propan-2-ol,10.1021/acs.jced.7b00892,Closed cell (Static) method,2,2,2,313.11,318.11,5.0,1,1,False,False
10.1021/acs.jced.7b00892#d15#p1,"InChI=1S/C4H10O/c1-3-4(2)5/h4-5H,3H2,1-2H3",butan-2-ol,10.1021/acs.jced.7b00892,Closed cell (Static) method,4,4,3,303.16,329.185,26.024999999999977,2,1,False,False
10.1021/acs.jced.7b00892#d9#p1,"InChI=1S/C2H6O/c1-2-3/h3H,2H2,1H3",ethanol,10.1021/acs.jced.7b00892,Closed cell (Static) method,1,1,1,303.12,303.12,0.0,1,1,False,False
10.1021/acs.jced.7b01064#d1#p1,"InChI=1S/C4H10O/c1-2-3-4-5/h5H,2-4H2,1H3",butan-1-ol,10.1021/acs.jced.7b01064,Closed cell (Static) method,8,8,8,293.15,328.15,35.0,3,3,True,True
10.1021/acs.jced.7b01091#d11#p1,InChI=1S/C5H10O/c1-2-4-6-5-3-1/h1-5H2,tetrahydropyran,10.1021/acs.jced.7b01091,Closed cell (Static) method,1,1,1,298.15,298.15,0.0,1,1,False,False
10.1021/acs.jced.7b01091#d12#p1,InChI=1S/C5H10O/c1-2-4-6-5-3-1/h1-5H2,tetrahydropyran,10.1021/acs.jced.7b01091,Closed cell (Static) method,5,5,5,275.59,315.36,39.77000000000004,2,2,False,False
10.1021/acs.jced.7b01091#d2#p1,InChI=1S/C2H4Cl2/c3-1-2-4/h1-2H2,"1,2-dichloroethane",10.1021/acs.jced.7b01091,Closed cell (Static) method,1,1,1,298.15,298.15,0.0,1,1,False,False
10.1021/acs.jced.7b01091#d3#p1,InChI=1S/C2H4Cl2/c3-1-2-4/h1-2H2,"1,2-dichloroethane",10.1021/acs.jced.7b01091,Closed cell (Static) method,4,4,3,284.87,304.82,19.94999999999999,1,1,False,False
10.1021/acs.jced.7b01091#d5#p1,InChI=1S/C3H6O2/c1-2-5-3-4-1/h1-3H2,"1,3-dioxolane",10.1021/acs.jced.7b01091,Closed cell (Static) method,1,1,1,298.15,298.15,0.0,1,1,False,False
10.1021/acs.jced.7b01091#d6#p1,InChI=1S/C3H6O2/c1-2-5-3-4-1/h1-3H2,"1,3-dioxolane",10.1021/acs.jced.7b01091,Closed cell (Static) method,4,4,4,275,304.79,29.79000000000002,1,1,False,False
10.1021/acs.jced.7b01091#d8#p1,InChI=1S/C4H8O2/c1-2-6-4-3-5-1/h1-4H2,"1,4-dioxane",10.1021/acs.jced.7b01091,Closed cell (Static) method,1,1,1,298.15,298.15,0.0,1,1,False,False
10.1021/acs.jced.7b01091#d9#p1,InChI=1S/C4H8O2/c1-2-6-4-3-5-1/h1-4H2,"1,4-dioxane",10.1021/acs.jced.7b01091,Closed cell (Static) method,5,5,5,284.59,324.92,40.33000000000004,2,2,False,False
10.1021/acs.jced.7b01128#d4#p1,"InChI=1S/C5H12O/c1-5(2)3-4-6/h5-6H,3-4H2,1-2H3",3-methylbutan-1-ol,10.1021/acs.jced.7b01128,Ebulliometric method (Recirculating still),1,1,1,343.15,343.15,0.0,1,1,False,False
10.1021/acs.jced.7b01128#d6#p1,"InChI=1S/C4H9NO/c1-3-6-4-2-5-1/h5H,1-4H2","tetrahydro-1,4-oxazine",10.1021/acs.jced.7b01128,Ebulliometric method (Recirculating still),2,2,2,343.15,353.15,10.0,1,1,False,False
10.1021/acs.jced.8b00005#d1#p1,"InChI=1S/C2H6O/c1-2-3/h3H,2H2,1H3",ethanol,10.1021/acs.jced.8b00005,Ebulliometric method (Recirculating still),4,4,4,307.52,315.24,7.720000000000027,1,1,False,False
10.1021/acs.jced.8b00005#d2#p1,"InChI=1S/C5H10O2/c1-4(2)7-5(3)6/h4H,1-3H3",1-methylethyl ethanoate,10.1021/acs.jced.8b00005,Ebulliometric method (Recirculating still),6,6,6,304.07,317.77,13.699999999999989,2,2,False,False
10.1021/acs.jced.8b00054#d2#p1,"InChI=1S/C2H6O2/c3-1-2-4/h3-4H,1-2H2","1,2-ethanediol",10.1021/acs.jced.8b00054,Ebulliometric method (Recirculating still),3,3,3,390.4,423.01,32.610000000000014,1,1,False,False
10.1021/acs.jced.8b00054#d5#p1,"InChI=1S/C5H13NO2/c1-6(2-4-7)3-5-8/h7-8H,2-5H2,1H3",N-methyldiethanolamine,10.1021/acs.jced.8b00054,Ebulliometric method (Recirculating still),5,5,4,430.52,467.58,37.06,2,1,False,False
10.1021/acs.jced.8b00064#d5#p1,"InChI=1S/C4H10O/c1-2-3-4-5/h5H,2-4H2,1H3",butan-1-ol,10.1021/acs.jced.8b00064,Closed cell (Static) method,2,2,2,333.2,348.2,15.0,1,1,False,False
10.1021/acs.jced.8b00103#d6#p1,"InChI=1S/C4H10O/c1-4(2)3-5/h4-5H,3H2,1-2H3",2-methyl-1-propanol,10.1021/acs.jced.8b00103,Ebulliometric method (Recirculating still),1,1,1,333.15,333.15,0.0,1,1,False,False
10.1021/acs.jced.8b00125#d1#p1,InChI=1S/C6H12/c1-2-4-6-5-3-1/h1-6H2,cyclohexane,10.1021/acs.jced.8b00125,Closed cell (Static) method,1,1,1,303.15,303.15,0.0,1,1,False,False
10.1021/acs.jced.8b00125#d2#p1,"InChI=1S/C7H14/c1-7-5-3-2-4-6-7/h7H,2-6H2,1H3",methylcyclohexane,10.1021/acs.jced.8b00125,Closed cell (Static) method,3,3,3,303.15,323.15,20.0,1,1,False,False
10.1021/acs.jced.8b00125#d3#p1,"InChI=1S/C8H16/c1-2-8-6-4-3-5-7-8/h8H,2-7H2,1H3",ethylcyclohexane,10.1021/acs.jced.8b00125,Closed cell (Static) method,5,5,5,303.15,343.15,40.0,2,2,False,False
10.1021/acs.jced.8b00125#d4#p1,"InChI=1S/C7H16/c1-3-5-7-6-4-2/h3-7H2,1-2H3",heptane,10.1021/acs.jced.8b00125,Closed cell (Static) method,3,3,3,303.15,323.15,20.0,1,1,False,False
10.1021/acs.jced.8b00125#d5#p1,"InChI=1S/C10H22/c1-3-5-7-9-10-8-6-4-2/h3-10H2,1-2H3",decane,10.1021/acs.jced.8b00125,Closed cell (Static) method,9,9,9,303.15,383.15,80.0,3,3,True,True
10.1021/acs.jced.8b00125#d6#p1,"InChI=1S/C12H26/c1-3-5-7-9-11-12-10-8-6-4-2/h3-12H2,1-2H3",dodecane,10.1021/acs.jced.8b00125,Closed cell (Static) method,6,6,6,343.15,393.15,50.0,2,2,True,False
10.1021/acs.jced.8b00153#d16#p1,"InChI=1S/C6H8O/c1-2-6-4-3-5-7-6/h3-5H,2H2,1H3",2-ethylfuran,10.1021/acs.jced.8b00153,Ebulliometric method (Recirculating still),12,12,12,289.96,317.62,27.660000000000025,2,5,False,False
10.1021/acs.jced.8b00153#d8#p1,"InChI=1S/C6H8S/c1-2-6-4-3-5-7-6/h3-5H,2H2,1H3",2-ethylthiophene,10.1021/acs.jced.8b00153,Ebulliometric method (Recirculating still),17,17,17,292.41,356.68,64.26999999999998,4,7,True,True
10.1021/acs.jced.8b00552#d2#p1,"InChI=1S/C4H10O/c1-4(2)3-5/h4-5H,3H2,1-2H3",2-methyl-1-propanol,10.1021/acs.jced.8b00552,Ebulliometric method (Recirculating still),1,1,1,332.65,332.65,0.0,1,1,False,False
10.1021/acs.jced.8b00552#d6#p1,"InChI=1S/C5H12O/c1-2-3-4-5-6/h6H,2-5H2,1H3",pentan-1-ol,10.1021/acs.jced.8b00552,Ebulliometric method (Recirculating still),3,3,3,333.65,348.55,14.900000000000034,1,1,False,False
10.1021/acs.jced.8b00590#d1#p1,"InChI=1S/C5H9N/c1-2-3-4-5-6/h2-4H2,1H3",pentanenitrile,10.1021/acs.jced.8b00590,Ebulliometric method (Recirculating still),4,4,4,329.35,362.77,33.41999999999996,1,1,False,False
10.1021/acs.jced.8b00590#d4#p1,InChI=1S/C6H4Cl2/c7-5-3-1-2-4-6(5)8/h1-4H,"1,2-dichlorobenzene",10.1021/acs.jced.8b00590,Ebulliometric method (Recirculating still),3,3,3,360.41,388.41,28.0,1,1,False,False
10.1021/acs.jced.8b00643#d5#p1,"InChI=1S/C4H7NO2/c6-4-5-2-1-3-7-4/h1-3H2,(H,5,6)","tetrahydro-1,3-oxazin-2-one",10.1021/acs.jced.8b00643,Transpiration method,10,10,10,358,385.1,27.100000000000023,4,3,False,False
10.1021/acs.jced.8b00672#d1#p1,"InChI=1S/C10H16/c1-7-8-4-5-9(6-8)10(7,2)3/h8-9H,1,4-6H2,2-3H3","2,2-dimethyl-3-methylenebicyclo[2.2.1]heptane",10.1021/acs.jced.8b00672,Ebulliometric method (Recirculating still),2,2,2,357.01,378.08,21.069999999999993,1,1,False,False
10.1021/acs.jced.8b00699#d1#p1,"InChI=1S/C7H13N/c1-2-3-4-5-6-7-8/h2-6H2,1H3",heptanenitrile,10.1021/acs.jced.8b00699,Closed cell (Static) method,13,13,13,253.15,308.18,55.03,4,4,True,True
10.1021/acs.jced.8b00699#d2#p1,"InChI=1S/C8H15N/c1-2-3-4-5-6-7-8-9/h2-7H2,1H3",octanenitrile,10.1021/acs.jced.8b00699,Closed cell (Static) method,12,12,12,258.15,308.15,50.0,4,4,True,True
10.1021/acs.jced.8b00699#d3#p1,"InChI=1S/C9H17N/c1-2-3-4-5-6-7-8-9-10/h2-8H2,1H3",nonanenitrile,10.1021/acs.jced.8b00699,Closed cell (Static) method,8,8,8,273.66,308.18,34.51999999999998,3,3,True,True
10.1021/acs.jced.8b00765#d12#p1,"InChI=1S/C3H8O/c1-3(2)4/h3-4H,1-2H3",propan-2-ol,10.1021/acs.jced.8b00765,Closed cell (Static) method,8,8,5,293.17,313.15,19.97999999999996,2,2,False,False
10.1021/acs.jced.8b00765#d6#p1,InChI=1S/C6H12/c1-2-4-6-5-3-1/h1-6H2,cyclohexane,10.1021/acs.jced.8b00765,Closed cell (Static) method,6,6,3,293.19,303.17,9.980000000000018,1,1,False,False
10.1021/acs.jced.8b00765#d9#p1,"InChI=1S/C6H12/c1-3-5-6-4-2/h3H,1,4-6H2,2H3",hex-1-ene,10.1021/acs.jced.8b00765,Closed cell (Static) method,2,1,1,293.18,293.18,0.0,1,1,False,False
10.1021/acs.jced.8b01046#d2#p1,"InChI=1S/C27H50O6/c1-4-7-10-13-16-19-25(28)31-22-24(33-27(30)21-18-15-12-9-6-3)23-32-26(29)20-17-14-11-8-5-2/h24H,4-23H2,1-3H3","1,2,3-propanetriol trioctanoate",10.1021/acs.jced.8b01046,Transpiration method,4,4,4,423.2,448.2,25.0,2,1,False,False
10.1021/acs.jced.8b01159#d2#p1,"InChI=1S/C6H13NO/c1-2-7-3-5-8-6-4-7/h2-6H2,1H3",4-ethylmorpholine,10.1021/acs.jced.8b01159,Closed cell (Static) method,30,13,10,253.155,298.17,45.015000000000015,3,3,True,True
10.1021/acs.jced.8b01174#d4#p1,"InChI=1S/C17H38N4/c1-16(2)13-15(14-17(3,4)20-16)19-11-7-9-18-10-8-12-21(5)6/h15,18-20H,7-14H2,1-6H3","N,N-dimethyl-dipropylene-diamino-triacetonediamine [EvA34]",10.1021/acs.jced.8b01174,Ebulliometric method (Recirculating still),4,4,4,474.01,486.31,12.300000000000011,1,1,False,False
10.1021/acs.jced.9b00001#d1#p1,"InChI=1S/C3H2ClF3/c4-2-1-3(5,6)7/h1-2H/b2-1+","(E)-1-chloro-3,3,3-trifluoroprop-1-ene",10.1021/acs.jced.9b00001,Closed cell (Static) method,1,1,1,253.171,253.171,0.0,1,1,False,False
10.1021/acs.jced.9b00100#d4#p1,"InChI=1S/C4H10O/c1-2-3-4-5/h5H,2-4H2,1H3",butan-1-ol,10.1021/acs.jced.9b00100,Ebulliometric method (Recirculating still),1,1,1,342.95,342.95,0.0,1,1,False,False
10.1021/acs.jced.9b00102#d2#p1,"InChI=1S/C3H8O/c1-2-3-4/h4H,2-3H2,1H3",propan-1-ol,10.1021/acs.jced.9b00102,Ebulliometric method (Recirculating still),4,3,3,303.15,323.15,20.0,1,1,False,False
10.1021/acs.jced.9b00102#d4#p1,"InChI=1S/C4H10O/c1-3-4(2)5/h4-5H,3H2,1-2H3",butan-2-ol,10.1021/acs.jced.9b00102,Ebulliometric method (Recirculating still),3,2,2,303.15,329.15,26.0,1,1,False,False
10.1021/acs.jced.9b00102#d6#p1,"InChI=1S/C4H10O/c1-4(2)3-5/h4-5H,3H2,1-2H3",2-methyl-1-propanol,10.1021/acs.jced.9b00102,Ebulliometric method (Recirculating still),2,2,2,303.15,323.15,20.0,1,1,False,False
10.1021/acs.jced.9b00152#d2#p1,"InChI=1S/C2H4O2/c1-2(3)4/h1H3,(H,3,4)",acetic acid,10.1021/acs.jced.9b00152,Ebulliometric method (Recirculating still),1,1,1,345.03,345.03,0.0,1,1,False,False
10.1021/acs.jced.9b00152#d4#p1,"InChI=1S/C5H10O2/c1-3-4-7-5(2)6/h3-4H2,1-2H3",propyl ethanoate,10.1021/acs.jced.9b00152,Ebulliometric method (Recirculating still),1,1,1,329.58,329.58,0.0,1,1,False,False
10.1021/acs.jced.9b00152#d5#p1,"InChI=1S/C5H10O2/c1-4(2)7-5(3)6/h4H,1-3H3",1-methylethyl ethanoate,10.1021/acs.jced.9b00152,Ebulliometric method (Recirculating still),1,1,1,317.77,317.77,0.0,1,1,False,False
10.1021/acs.jced.9b00306#d1#p1,"InChI=1S/C6H14O2/c7-5-3-1-2-4-6-8/h7-8H,1-6H2","1,6-hexanediol",10.1021/acs.jced.9b00306,Ebulliometric method (Recirculating still),2,2,2,456.93,474.79,17.860000000000014,1,1,False,False
10.1021/acs.jced.9b00306#d2#p1,"InChI=1S/C8H14O4/c1-11-7(9)5-3-4-6-8(10)12-2/h3-6H2,1-2H3","dimethyl 1,6-hexanedioate",10.1021/acs.jced.9b00306,Ebulliometric method (Recirculating still),4,4,4,424.91,450.08,25.16999999999996,1,2,False,False
10.1021/acs.jced.9b00419#d1#p1,"InChI=1S/C12H26O/c1-3-5-7-8-10-12(11-13)9-6-4-2/h12-13H,3-11H2,1-2H3",2-butyl-1-octanol,10.1021/acs.jced.9b00419,Transpiration method,10,10,10,308.1,352.6,44.5,3,3,True,True
10.1021/acs.jced.9b00419#d2#p1,"InChI=1S/C12H24O2/c1-3-5-7-9-11-14-12(13)10-8-6-4-2/h3-11H2,1-2H3","hexanoic acid, hexyl ester",10.1021/acs.jced.9b00419,Transpiration method,13,11,11,298.4,347.3,48.900000000000034,3,4,True,True
10.1021/je010272x#d4#p1,"InChI=1S/C5H12O/c1-3-5(2)4-6/h5-6H,3-4H2,1-2H3",2-methyl-1-butanol,10.1021/je010272x,EBULLIO:UFactor:32:dPV:0.13,1,1,1,357.85,357.85,0.0,1,1,False,False
10.1021/je020110g#d1#p1,"InChI=1S/C4H9Br/c1-2-3-4-5/h2-4H2,1H3",1-bromobutane,10.1021/je020110g,CCELL:dPV:0.01,10,10,10,278.15,323.15,45.0,3,3,True,True
10.1021/je020110g#d2#p1,"InChI=1S/C4H10O/c1-3-4(2)5/h4-5H,3H2,1-2H3",butan-2-ol,10.1021/je020110g,CCELL:dPV:0.01,10,10,10,278.15,323.15,45.0,3,3,True,True
10.1021/je020110g#d3#p1,"InChI=1S/C4H10O/c1-4(2)3-5/h4-5H,3H2,1-2H3",2-methyl-1-propanol,10.1021/je020110g,CCELL:dPV:0.01,10,10,10,278.15,323.15,45.0,3,3,True,True
10.1021/je020117y#d1#p1,InChI=1S/C5H4O2/c6-4-5-2-1-3-7-5/h1-4H,2-furaldehyde,10.1021/je020117y,EBULLIO:UFactor:16,7,7,6,339.16,355.16,16.0,2,2,False,False
10.1021/je020117y#d2#p1,"InChI=1S/C6H6O2/c1-5-2-3-6(4-7)8-5/h2-4H,1H3",5-methylfurfural,10.1021/je020117y,EBULLIO:UFactor:16,8,8,7,359.95,376.55,16.600000000000023,3,2,False,False
10.1021/je020130i#d1#p1,"InChI=1S/C2H5NO/c1-3-2-4/h2H,1H3,(H,3,4)",N-methylformamide,10.1021/je020130i,CCELL:UFactor:4,4,1,1,363.15,363.15,0.0,1,1,False,False
10.1021/je0201976#d12#p1,"InChI=1S/C5H5F7O/c1-13-2-3(6,7)4(8,9)5(10,11)12/h2H2,1H3","1,1,1,2,2,3,3-heptafluoro-4-methoxybutane",10.1021/je0201976,CCELL:UFactor:2,1,1,1,291.65,291.65,0.0,1,1,False,False
10.1021/je0201976#d16#p1,"InChI=1S/C6H3F11O/c7-2(4(10,11)12)5(13,14)18-1-3(8,9)6(15,16)17/h2H,1H2","1,1,1,2,3,3-hexafluoro-3-(2,2,3,3,3-pentafluoropropoxy)propane",10.1021/je0201976,CCELL:UFactor:2,1,1,1,312.48,312.48,0.0,1,1,False,False
10.1021/je0201976#d19#p1,"InChI=1S/C6H4F10O/c7-2(5(12,13)14)6(15,16)17-1-4(10,11)3(8)9/h2-3H,1H2","1,1,1,2,3,3-hexafluoro-3-(2,2,3,3-tetrafluoropropoxy)propane",10.1021/je0201976,CCELL:UFactor:32,3,3,3,285.28,312.63,27.350000000000023,1,1,False,False
10.1021/je0201976#d22#p1,"InChI=1S/C6H6F8O/c1-15-2-4(9,10)6(13,14)5(11,12)3(7)8/h3H,2H2,1H3","1,1,2,2,3,3,4,4-octafluoro-5-methoxypentane",10.1021/je0201976,CCELL:UFactor:32,5,5,5,301.49,342.67,41.18000000000001,2,2,False,False
10.1021/je0201976#d4#p1,"InChI=1S/C5H3F9O/c6-2(7)4(10,11)15-1-3(8,9)5(12,13)14/h2H,1H2","1,1,1,2,2-pentafluoro-3-(1,1,2,2-tetrafluoroethoxy)propane",10.1021/je0201976,CCELL:UFactor:2,1,1,1,299.64,299.64,0.0,1,1,False,False
10.1021/je0201976#d50#p1,"InChI=1S/C4H4F6O/c5-3(6,7)1-11-2-4(8,9)10/h1-2H2","1,1,1-trifluoro-2-(2,2,2-trifluoroethoxy)ethane",10.1021/je0201976,CCELL:UFactor:2,2,2,2,293.4,293.59,0.18999999999999773,1,1,False,False
10.1021/je0201976#d54#p1,"InChI=1S/C4H4F6O/c5-2(6)1-11-4(9,10)3(7)8/h2-3H,1H2","1,1,2,2-tetrafluoro-2-(2,2-difluoroethoxy)ethane",10.1021/je0201976,CCELL:UFactor:2,1,1,1,300.91,300.91,0.0,1,1,False,False
10.1021/je0201976#d62#p1,"InChI=1S/C5H3F9O/c6-2(4(10,11)12)5(13,14)15-1-3(7,8)9/h2H,1H2","1,1,1,2,3,3-hexafluoro-3-(2,2,2-trifluoroethoxy)propane",10.1021/je0201976,CCELL:UFactor:2,1,1,1,302.76,302.76,0.0,1,1,False,False
10.1021/je020210m#d9#p1,"InChI=1S/C4H4F4O/c1-2(9)4(7,8)3(5)6/h3H,1H3","1,1,2,2-tetrafluorobutan-3-one",10.1021/je020210m,CCELL:UFactor:2,1,1,1,297.98,297.98,0.0,1,1,False,False
10.1021/je025534p#d1#p1,"InChI=1S/C4H8O2/c1-4-5-2-3-6-4/h4H,2-3H2,1H3","2-methyl-1,3-dioxolane",10.1021/je025534p,Ebulliometric method (Recirculating still),3,3,3,298,308,10,1,1,False,False
10.1021/je025534p#d2#p1,"InChI=1S/C5H10O2/c1-4-3-6-5(2)7-4/h4-5H,3H2,1-2H3","2,4-dimethyl-1,3-dioxolane",10.1021/je025534p,Ebulliometric method (Recirculating still),4,4,4,298,313,15,1,1,False,False
10.1021/je0255628#d2#p1,"InChI=1S/C4H10O2/c1-2-6-4-3-5/h5H,2-4H2,1H3",2-ethoxyethan-1-ol,10.1021/je0255628,EBULLIO:UFactor:2,4,2,2,308.15,313.15,5.0,1,1,False,False
10.1021/je0255628#d5#p1,"InChI=1S/C5H10O2/c1-3-4-7-5(2)6/h3-4H2,1-2H3",propyl ethanoate,10.1021/je0255628,EBULLIO:UFactor:2,1,1,1,313.15,313.15,0.0,1,1,False,False
10.1021/je0255628#d6#p1,"InChI=1S/C5H10O2/c1-3-5(6)7-4-2/h3-4H2,1-2H3",ethyl propanoate,10.1021/je0255628,EBULLIO:UFactor:2,1,1,1,313.15,313.15,0.0,1,1,False,False
10.1021/je025566c#d1#p1,"InChI=1S/C6H6O/c7-6-4-2-1-3-5-6/h1-5,7H",phenol,10.1021/je025566c,EBULLIO:UFactor:4,3,3,3,353.15,393.15,40.0,1,1,False,False
10.1021/je025566c#d2#p1,"InChI=1S/C8H10O/c1-7(9)8-5-3-2-4-6-8/h2-7,9H,1H3",1-phenylethanol,10.1021/je025566c,EBULLIO:UFactor:4,12,12,12,353.15,398.01,44.860000000000014,4,4,True,True
10.1021/je025566c#d3#p1,"InChI=1S/C4H10O2/c1-2-6-4-3-5/h5H,2-4H2,1H3",2-ethoxyethan-1-ol,10.1021/je025566c,EBULLIO:UFactor:4,3,3,3,333.15,353.15,20.0,1,1,False,False
10.1021/je025566c#d4#p1,"InChI=1S/C5H10O2/c1-2-3-4-7-5-6/h5H,2-4H2,1H3",butyl methanoate,10.1021/je025566c,EBULLIO:UFactor:4,6,6,5,313.16,333.145,19.984999999999957,2,2,False,False
10.1021/je025576d#d4#p1,InChI=1S/C9H7N/c1-2-6-9-8(4-1)5-3-7-10-9/h1-7H,quinoline,10.1021/je025576d,MANOM:UFactor:32,4,4,4,408.35,435.45,27.099999999999966,2,1,False,False
10.1021/je025576d#d8#p1,"InChI=1S/C2H3F3O/c3-2(4,5)1-6/h6H,1H2","2,2,2-trifluoroethanol",10.1021/je025576d,MANOM:UFactor:32,3,3,3,293.15,304.05,10.900000000000034,1,1,False,False
10.1021/je0255980#d1#p1,"InChI=1S/C14H30O/c1-7-8-9-10-11-15-14(5,6)12-13(2,3)4/h7-12H2,1-6H3","pentane, 2-hexoxy-2,4,4-trimethyl-",10.1021/je0255980,TRANSPIR:UFactor:2:dPV:2%,12,11,11,295.8,326.2,30.399999999999977,4,4,True,True
10.1021/je0255980#d10#p1,"InChI=1S/C11H24O/c1-7-8-12-11(5,6)9-10(2,3)4/h7-9H2,1-6H3","pentane, 2-propoxy-2,4,4-trimethyl-",10.1021/je0255980,TRANSPIR:UFactor:2:dPV:2%,23,23,23,274.3,308.2,33.89999999999998,11,5,True,True
10.1021/je0255980#d11#p1,"InChI=1S/C12H26O/c1-7-8-9-13-12(5,6)10-11(2,3)4/h7-10H2,1-6H3","butyl 1,1,3,3-tetramethylbutyl ether",10.1021/je0255980,TRANSPIR:UFactor:2:dPV:2%,13,13,13,278.3,314.2,35.89999999999998,4,4,True,True
10.1021/je0255980#d2#p1,"InChI=1S/C13H28O/c1-7-8-9-10-14-13(5,6)11-12(2,3)4/h7-11H2,1-6H3","pentane, 2-pentoxy-2,4,4-trimethyl-",10.1021/je0255980,TRANSPIR:UFactor:2:dPV:2%,11,11,11,277.5,303.2,25.69999999999999,3,4,False,False
10.1021/je0255980#d3#p1,"InChI=1S/C8H18O/c1-7(2)6-9-8(3,4)5/h7H,6H2,1-5H3",isobutyl tert-butyl ether,10.1021/je0255980,TRANSPIR:UFactor:2:dPV:2%,21,21,20,273.3,308.4,35.099999999999966,6,7,True,True
10.1021/je0255980#d4#p1,"InChI=1S/C6H14O/c1-5-6(2,3)7-4/h5H2,1-4H3",2-methoxy-2-methylbutane,10.1021/je0255980,TRANSPIR:UFactor:2:dPV:2%,11,11,11,274.2,307.8,33.60000000000002,3,6,True,True
10.1021/je0255980#d5#p1,"InChI=1S/C7H16O/c1-5-7(3,4)8-6-2/h5-6H2,1-4H3","1,1-dimethylpropyl ethyl ether",10.1021/je0255980,TRANSPIR:UFactor:2:dPV:2%,12,12,12,274.2,302.2,28.0,3,5,False,False
10.1021/je0255980#d6#p1,"InChI=1S/C8H18O/c1-5-7-9-8(3,4)6-2/h5-7H2,1-4H3","1,1-dimethylpropyl propyl ether",10.1021/je0255980,TRANSPIR:UFactor:2:dPV:2%,13,13,13,274.2,302.2,28.0,3,5,False,False
10.1021/je0255980#d7#p1,"InChI=1S/C9H20O/c1-5-7-8-10-9(3,4)6-2/h5-8H2,1-4H3","butyl 1,1-dimethylpropyl ether",10.1021/je0255980,TRANSPIR:UFactor:2:dPV:2%,20,16,16,274.2,308.2,34.0,5,5,True,True
10.1021/je0255980#d8#p1,"InChI=1S/C9H20O/c1-8(2,3)7-9(4,5)10-6/h7H2,1-6H3","methyl 1,1,3,3-tetramethylbutyl ether",10.1021/je0255980,TRANSPIR:UFactor:2:dPV:2%,18,18,17,276.2,308,31.80000000000001,4,5,True,True
10.1021/je0255980#d9#p1,"InChI=1S/C10H22O/c1-7-11-10(5,6)8-9(2,3)4/h7-8H2,1-6H3","ethyl 1,1,3,3-tetramethylbutyl ether",10.1021/je0255980,TRANSPIR:UFactor:2:dPV:2%,10,10,10,274.3,301.2,26.899999999999977,3,3,False,False
10.1021/je025621h#d1#p1,"InChI=1S/C2H6O/c1-2-3/h3H,2H2,1H3",ethanol,10.1021/je025621h,EBULLIO:UFactor:4,2,2,2,312.17,313.43,1.259999999999991,1,1,False,False
10.1021/je025621h#d2#p1,InChI=1S/C6H12/c1-2-4-6-5-3-1/h1-6H2,cyclohexane,10.1021/je025621h,EBULLIO:UFactor:4,3,3,3,302.92,306.91,3.990000000000009,1,1,False,False
10.1021/je025631i#d3#p1,"InChI=1S/C10H16/c1-7-4-5-8-6-9(7)10(8,2)3/h4,8-9H,5-6H2,1-3H3",2-pinene,10.1021/je025631i,EBULLIO:UFactor:4,2,2,2,348.15,363.15,15.0,1,1,False,False
10.1021/je025631i#d6#p1,"InChI=1S/C8H18/c1-3-5-7-8-6-4-2/h3-8H2,1-2H3",octane,10.1021/je025631i,EBULLIO:UFactor:4,1,1,1,348.15,348.15,0.0,1,1,False,False
10.1021/je025634v#d10#p1,"InChI=1S/C10H18O2/c1-2-6-10(11)12-9-7-4-3-5-8-9/h9H,2-8H2,1H3",cyclohexyl butanoate,10.1021/je025634v,Calculated from knudsen effusion weight loss,11,11,9,273.17,310.41,37.24000000000001,3,2,True,True
10.1021/je025634v#d11#p1,"InChI=1S/C10H18O2/c1-2-6-10(11)12-9-7-4-3-5-8-9/h9H,2-8H2,1H3",cyclohexyl butanoate,10.1021/je025634v,Transpiration method,19,18,17,278,313.2,35.19999999999999,5,6,True,True
10.1021/je025634v#d13#p1,"InChI=1S/C11H20O2/c1-2-3-9-11(12)13-10-7-5-4-6-8-10/h10H,2-9H2,1H3","pentanoic acid, cyclohexyl ester",10.1021/je025634v,Calculated from knudsen effusion weight loss,10,9,8,283.54,318.21000000000004,34.670000000000016,3,3,True,True
10.1021/je025634v#d14#p1,"InChI=1S/C11H20O2/c1-2-3-9-11(12)13-10-7-5-4-6-8-10/h10H,2-9H2,1H3","pentanoic acid, cyclohexyl ester",10.1021/je025634v,TRANSPIR:UFactor:2,31,23,23,293.2,332.2,39.0,5,7,True,True
10.1021/je025634v#d2#p1,"InChI=1S/C8H14O2/c1-7(9)10-8-5-3-2-4-6-8/h8H,2-6H2,1H3",cyclohexyl ethanoate,10.1021/je025634v,Calculated from knudsen effusion weight loss,9,7,7,253.47,283.67,30.200000000000017,2,2,True,False
10.1021/je025634v#d3#p1,"InChI=1S/C8H14O2/c1-7(9)10-8-5-3-2-4-6-8/h8H,2-6H2,1H3",cyclohexyl ethanoate,10.1021/je025634v,TRANSPIR:UFactor:2,20,20,20,274.1,318.2,44.099999999999966,5,7,True,True
10.1021/je025634v#d5#p1,"InChI=1S/C7H12O2/c8-6-9-7-4-2-1-3-5-7/h6-7H,1-5H2",cyclohexyl methanoate,10.1021/je025634v,Calculated from knudsen effusion weight loss,13,13,10,253.02,273.165,20.14500000000001,3,4,False,False
10.1021/je025634v#d7#p1,"InChI=1S/C9H16O2/c1-2-9(10)11-8-6-4-3-5-7-8/h8H,2-7H2,1H3",cyclohexyl propanoate,10.1021/je025634v,Calculated from knudsen effusion weight loss,9,9,7,253.48,293.56,40.08000000000001,3,2,True,True
10.1021/je025634v#d8#p1,"InChI=1S/C9H16O2/c1-2-9(10)11-8-6-4-3-5-7-8/h8H,2-7H2,1H3",cyclohexyl propanoate,10.1021/je025634v,Transpiration method,20,20,20,274.7,313.2,38.5,6,6,True,True
10.1021/je025651k#d3#p1,"InChI=1S/C5H10O/c1-3-5(6)4-2/h3-4H2,1-2H3",pentan-3-one,10.1021/je025651k,EBULLIO:UFactor:64,3,3,3,290,320,30,1,1,False,False
10.1021/je025651k#d9#p1,"InChI=1S/C5H12O/c1-3-5(6)4-2/h5-6H,3-4H2,1-2H3",3-pentanol,10.1021/je025651k,EBULLIO:UFactor:64,7,7,7,293.8,339.8,46.0,2,2,True,False
10.1021/je025660t#d1#p1,InChI=1S/C2H3N/c1-2-3/h1H3,acetonitrile,10.1021/je025660t,EBULLIO:UFactor:8,2,2,2,302.25,307.09,4.839999999999975,1,1,False,False
10.1021/je025660t#d2#p1,"InChI=1S/C3H5N/c1-2-3-4/h2H2,1H3",propanenitrile,10.1021/je025660t,EBULLIO:UFactor:8,7,7,7,309.38,323.15,13.769999999999982,2,3,False,False
10.1021/je025660t#d3#p1,"InChI=1S/C5H13N/c1-2-3-4-5-6/h2-6H2,1H3",1-pentanamine,10.1021/je025660t,EBULLIO:UFactor:8,2,2,2,322.61,328.37,5.759999999999991,1,1,False,False
10.1021/je025660t#d4#p1,"InChI=1S/C4H10O2/c1-4(5)3-6-2/h4-5H,3H2,1-2H3",1-methoxy-2-propanol,10.1021/je025660t,EBULLIO:UFactor:16,5,5,5,331.47,347.71,16.239999999999952,2,2,False,False
10.1021/je030168a#d1#p1,"InChI=1S/C4H9Br/c1-2-3-4-5/h2-4H2,1H3",1-bromobutane,10.1021/je030168a,CCELL:UFactor:2,10,10,10,278.15,323.15,45.0,3,3,True,True
10.1021/je030168a#d2#p1,"InChI=1S/C8H18O/c1-2-3-4-5-6-7-8-9/h9H,2-8H2,1H3",octan-1-ol,10.1021/je030168a,CCELL:UFactor:2,8,8,8,288.15,323.15,35.0,3,3,True,True
10.1021/je030168a#d3#p1,"InChI=1S/C10H22O/c1-2-3-4-5-6-7-8-9-10-11/h11H,2-10H2,1H3",decan-1-ol,10.1021/je030168a,Closed cell (Static) method,4,4,4,308.15,323.15,15.0,1,1,False,False
10.1021/je030222n#d1#p1,"InChI=1S/C4H10O/c1-2-3-4-5/h5H,2-4H2,1H3",butan-1-ol,10.1021/je030222n,Closed cell (Static) method,4,4,4,314.19,342.17,27.980000000000018,2,1,False,False
10.1021/je030222n#d2#p1,"InChI=1S/C5H9NO/c1-2-3-4-6-5-7/h2-4H2,1H3",butyl isocyanate,10.1021/je030222n,CCELL:UFactor:32,3,3,3,294.15,338.02,43.870000000000005,1,1,False,False
10.1021/je030222n#d3#p1,"InChI=1S/C3H7NO2/c1-2-6-3(4)5/h2H2,1H3,(H2,4,5)",ethyl carbamate,10.1021/je030222n,Closed cell (Static) method,6,6,6,322.6,371.7,49.099999999999966,2,2,True,False
10.1021/je030222n#d4#p1,"InChI=1S/C9H20/c1-3-5-7-9-8-6-4-2/h3-9H2,1-2H3",nonane,10.1021/je030222n,Closed cell (Static) method,4,4,4,322.59,371.37,48.78000000000003,1,1,False,False
10.1021/je0302349#d1#p1,"InChI=1S/C7H8O2/c1-9-7-5-3-2-4-6(7)8/h2-5,8H,1H3",2-methoxyphenol,10.1021/je0302349,CCELL:UFactor:2,4,4,4,373.15,413.15,40.0,1,2,False,False
10.1021/je0302349#d2#p1,"InChI=1S/C8H10O2/c1-9-7-5-3-4-6-8(7)10-2/h3-6H,1-2H3","1,2-dimethoxybenzene",10.1021/je0302349,CCELL:UFactor:2,4,4,4,373.15,413.15,40.0,1,2,False,False
10.1021/je034096z#d1#p1,"InChI=1S/C3H8O2/c1-3(5)2-4/h3-5H,2H2,1H3","1,2-propanediol",10.1021/je034096z,EBULLIO:UFactor:8,8,8,5,393.235,413.125,19.889999999999986,2,2,False,False
10.1021/je034096z#d2#p1,"InChI=1S/C10H22O3/c1-2-3-4-5-7-12-9-10-13-8-6-11/h11H,2-10H2,1H3",2-(2-hexyloxyethoxy)ethanol,10.1021/je034096z,EBULLIO:UFactor:4,9,9,7,402.985,423.15,20.164999999999964,3,3,False,False
10.1021/je034096z#d3#p1,"InChI=1S/C5H9NO/c1-6-4-2-3-5(6)7/h2-4H2,1H3",N-methylpyrrolidone,10.1021/je034096z,EBULLIO:UFactor:4,10,10,9,352.27,377.86,25.590000000000032,2,4,False,False
10.1021/je034096z#d4#p1,"InChI=1S/C4H10O2/c1-4(5)3-6-2/h4-5H,3H2,1-2H3",1-methoxy-2-propanol,10.1021/je034096z,EBULLIO:UFactor:4,1,1,1,347.62,347.62,0.0,1,1,False,False
10.1021/je0341256#d5#p1,"InChI=1S/C4H10O/c1-3-4(2)5/h4-5H,3H2,1-2H3",butan-2-ol,10.1021/je0341256,Closed cell (Static) method,1,1,1,332.08,332.08,0.0,1,1,False,False
10.1021/je034136z#d5#p1,"InChI=1S/C4H10O/c1-3-4(2)5/h4-5H,3H2,1-2H3",butan-2-ol,10.1021/je034136z,CCELL:UFactor:2,1,1,1,323.11,323.11,0.0,1,1,False,False
10.1021/je034144f#d1#p1,InChI=1S/C2H3N/c1-2-3/h1H3,acetonitrile,10.1021/je034144f,Ebulliometric method (Recirculating still),11,11,11,277.922,309.636,31.714,3,4,True,True
10.1021/je034153o#d1#p1,"InChI=1S/C4H10O2/c1-2-6-4-3-5/h5H,2-4H2,1H3",2-ethoxyethan-1-ol,10.1021/je034153o,Closed cell (Static) method,3,1,1,303.15,303.15,0.0,1,1,False,False
10.1021/je034153o#d4#p1,"InChI=1S/CCl4/c2-1(3,4)5",tetrachloromethane,10.1021/je034153o,Closed cell (Static) method,1,1,1,303.15,303.15,0.0,1,1,False,False
10.1021/je034173q#d2#p1,InChI=1S/C3H4O3/c4-3-5-1-2-6-3/h1-2H2,ethylene carbonate,10.1021/je034173q,Ebulliometric method (Recirculating still),3,3,3,451.58,460.15,8.569999999999993,1,1,False,False
10.1021/je034173q#d6#p1,"InChI=1S/C5H8O3/c1-2-4-3-7-5(6)8-4/h4H,2-3H2,1H3","1,2-butylene carbonate",10.1021/je034173q,Ebulliometric method (Recirculating still),10,10,10,397.25,460.53,63.27999999999997,3,3,True,True
10.1021/je034173q#d8#p1,"InChI=1S/C4H6O4/c5-1-3-2-7-4(6)8-3/h3,5H,1-2H2",glycerine carbonate,10.1021/je034173q,Ebulliometric method (Recirculating still),9,9,9,429.91,455.61,25.69999999999999,3,4,False,False
10.1021/je034180e#d1#p1,"InChI=1S/C3H6O2/c1-2-3(4)5/h2H2,1H3,(H,4,5)",propanoic acid,10.1021/je034180e,EBULLIO:UFactor:64,2,2,2,361.52,368.37,6.850000000000023,1,1,False,False
10.1021/je034180e#d2#p1,"InChI=1S/C4H8O2/c1-2-3-4(5)6/h2-3H2,1H3,(H,5,6)",butanoic acid,10.1021/je034180e,EBULLIO:UFactor:64,2,2,2,383.55,390.87,7.319999999999993,1,1,False,False
10.1021/je034180e#d3#p1,"InChI=1S/C4H8O2/c1-3(2)4(5)6/h3H,1-2H3,(H,5,6)",2-methylpropanoic acid,10.1021/je034180e,EBULLIO:UFactor:64,2,2,2,375.21,382.14,6.930000000000007,1,1,False,False
10.1021/je034180e#d4#p1,"InChI=1S/C5H10O2/c1-2-3-4-5(6)7/h2-4H2,1H3,(H,6,7)",pentanoic acid,10.1021/je034180e,EBULLIO:UFactor:64,2,2,2,403.15,410.71,7.560000000000002,1,1,False,False
10.1021/je034180e#d5#p1,"InChI=1S/C5H10O2/c1-4(2)3-5(6)7/h4H,3H2,1-2H3,(H,6,7)",3-methylbutanoic acid,10.1021/je034180e,EBULLIO:UFactor:64,2,2,2,396.05,402.9,6.849999999999966,1,1,False,False
10.1021/je034180e#d6#p1,"InChI=1S/C6H12O2/c1-2-3-4-5-6(7)8/h2-5H2,1H3,(H,7,8)",hexanoic acid,10.1021/je034180e,EBULLIO:UFactor:64,3,3,3,413.4,429.92,16.52000000000004,1,1,False,False
10.1021/je034180e#d7#p1,"InChI=1S/C7H14O2/c1-2-3-4-5-6-7(8)9/h2-6H2,1H3,(H,8,9)",heptanoic acid,10.1021/je034180e,EBULLIO:UFactor:64,4,4,4,413.48,441.33,27.849999999999966,2,1,False,False
10.1021/je034197x#d1#p1,"InChI=1S/CH4O/c1-2/h2H,1H3",methanol,10.1021/je034197x,Closed cell (Static) method,1,1,1,298.15,298.15,0.0,1,1,False,False
10.1021/je034197x#d2#p1,"InChI=1S/C2H6O/c1-2-3/h3H,2H2,1H3",ethanol,10.1021/je034197x,Closed cell (Static) method,4,4,4,298.15,313.15,15.0,1,1,False,False
10.1021/je034197x#d3#p1,"InChI=1S/C3H8O/c1-2-3-4/h4H,2-3H2,1H3",propan-1-ol,10.1021/je034197x,Closed cell (Static) method,7,7,7,298.15,328.15,30.0,2,2,True,False
10.1021/je034197x#d4#p1,"InChI=1S/C3H8O/c1-3(2)4/h3-4H,1-2H3",propan-2-ol,10.1021/je034197x,Closed cell (Static) method,5,5,5,298.15,318.15,20.0,2,2,False,False
10.1021/je034197x#d5#p1,"InChI=1S/C4H10O/c1-2-3-4-5/h5H,2-4H2,1H3",butan-1-ol,10.1021/je034197x,Closed cell (Static) method,11,11,11,298.15,348.15,50.0,4,4,True,True
10.1021/je034197x#d6#p1,"InChI=1S/C4H10O/c1-3-4(2)5/h4-5H,3H2,1-2H3",butan-2-ol,10.1021/je034197x,Closed cell (Static) method,8,8,8,298.15,333.15,35.0,3,3,True,True
10.1021/je034222z#d3#p1,"InChI=1S/C10H5F17O/c11-3(12,1-2-28)4(13,14)5(15,16)6(17,18)7(19,20)8(21,22)9(23,24)10(25,26)27/h28H,1-2H2","1-decanol, 3,3,4,4,5,5,6,6,7,7,8,8,9,9,-heptadecafluoro",10.1021/je034222z,CCELL:UFactor:16,6,6,6,357.15,415.15,58.0,2,2,True,False
10.1021/je0342522#d2#p1,"InChI=1S/C2H6O2/c3-1-2-4/h3-4H,1-2H2","1,2-ethanediol",10.1021/je0342522,CCELL:UFactor:2,2,2,2,333.15,353.15,20.0,1,1,False,False
10.1021/je0342522#d4#p1,"InChI=1S/C8H8O/c1-7(9)8-5-3-2-4-6-8/h2-6H,1H3",acetophenone,10.1021/je0342522,CCELL:UFactor:2,1,1,1,323.27,323.27,0.0,1,1,False,False
10.1021/je034255e#d1#p1,"InChI=1S/C3H7NO/c1-2-3(4)5/h2H2,1H3,(H2,4,5)",propanamide,10.1021/je034255e,EBULLIO:UFactor:8,6,6,6,375.45,427.65,52.19999999999999,2,2,True,False
10.1021/je034259j#d13#p1,InChI=1S/C2H4BrCl/c3-1-2-4/h1-2H2,1-bromo-2-chloroethane,10.1021/je034259j,Ebulliometric method (Recirculating still),1,1,1,313.15,313.15,0.0,1,1,False,False
10.1021/je034259j#d4#p1,InChI=1S/CH2Br2/c2-1-3/h1H2,dibromomethane,10.1021/je034259j,Ebulliometric method (Recirculating still),1,1,1,313.15,313.15,0.0,1,1,False,False
10.1021/je034263v#d2#p1,InChI=1S/C6H5Cl2P/c7-9(8)6-4-2-1-3-5-6/h1-5H,dichlorophenylphosphine,10.1021/je034263v,CCELL:UFactor:16,26,26,26,349.26,426.06,76.80000000000001,9,8,True,True
10.1021/je034263v#d5#p1,"InChI=1S/C6H5Cl2OP/c7-10(8,9)6-4-2-1-3-5-6/h1-5H",phenylphosphonic dichloride,10.1021/je034263v,CCELL:UFactor:16,20,20,20,377.15,457.65,80.5,7,5,True,True
10.1021/je034278t#d1#p1,"InChI=1S/C4H10OS/c1-3-6(5)4-2/h3-4H2,1-2H3",diethyl sulfoxide,10.1021/je034278t,CCELL:UFactor:4,5,5,5,298.15,318.15,20.0,2,2,False,False
10.1021/je049561m#d1#p1,"InChI=1S/C6H14O/c1-2-3-4-5-6-7/h7H,2-6H2,1H3",hexan-1-ol,10.1021/je049561m,TRANSPIR:UFactor:1.5,33,30,23,265,363.2,98.19999999999999,7,7,True,True
10.1021/je049561m#d10#p1,"InChI=1S/C9H20O/c1-8(5-6-10)7-9(2,3)4/h8,10H,5-7H2,1-4H3","3,5,5-trimethyl-1-hexanol",10.1021/je049561m,Transpiration method,13,13,13,288.2,324.4,36.19999999999999,4,4,True,True
10.1021/je049561m#d11#p1,"InChI=1S/C9H20O/c1-7(2)5-9(10)6-8(3)4/h7-10H,5-6H2,1-4H3","2,6-dimethyl-4-heptanol",10.1021/je049561m,Transpiration method,13,13,13,278.2,321.2,43.0,4,3,True,True
10.1021/je049561m#d2#p1,"InChI=1S/C7H16O/c1-2-3-4-5-6-7-8/h8H,2-7H2,1H3",heptan-1-ol,10.1021/je049561m,Transpiration method,24,21,20,283.4,323.2,39.80000000000001,5,7,True,True
10.1021/je049561m#d3#p1,"InChI=1S/C9H20O/c1-2-3-4-5-6-7-8-9-10/h10H,2-9H2,1H3",nonan-1-ol,10.1021/je049561m,Transpiration method,28,27,23,288.2,353.4,65.19999999999999,7,5,True,True
10.1021/je049561m#d4#p1,"InChI=1S/C6H14O/c1-3-4-5-6(2)7/h6-7H,3-5H2,1-2H3",2-hexanol,10.1021/je049561m,Transpiration method,31,31,30,274.5,309.4,34.89999999999998,8,10,True,True
10.1021/je049561m#d5#p1,"InChI=1S/C7H16O/c1-4-7(8)5-6(2)3/h6-8H,4-5H2,1-3H3",5-methyl-3-hexanol,10.1021/je049561m,Transpiration method,13,13,13,275.2,311.2,36.0,4,4,True,True
10.1021/je049561m#d6#p1,"InChI=1S/C7H16O/c1-4-5-6-7(2,3)8/h8H,4-6H2,1-3H3",2-methyl-2-hexanol,10.1021/je049561m,Transpiration method,14,14,13,274.4,306.2,31.80000000000001,4,5,True,True
10.1021/je049561m#d7#p1,"InChI=1S/C7H16O/c1-4-7(8,5-2)6-3/h8H,4-6H2,1-3H3",3-ethyl-3-pentanol,10.1021/je049561m,Transpiration method,13,13,13,275.3,311.2,35.89999999999998,4,4,True,True
10.1021/je049561m#d8#p1,"InChI=1S/C8H18O/c1-4-5-6-7-8(2,3)9/h9H,4-7H2,1-3H3","2-heptanol, 2-methyl-",10.1021/je049561m,Transpiration method,14,14,14,275.4,314.2,38.80000000000001,4,4,True,True
10.1021/je049561m#d9#p1,"InChI=1S/C8H18O/c1-3-5-6-8(4-2)7-9/h8-9H,3-7H2,1-2H3",2-ethyl-1-hexanol,10.1021/je049561m,Transpiration method,13,13,13,293.8,331.2,37.39999999999998,4,4,True,True
10.1021/je049595u#d11#p1,"InChI=1S/C10H9N/c1-8-6-7-9-4-2-3-5-10(9)11-8/h2-7H,1H3",2-methylquinoline,10.1021/je049595u,Inclined piston gauge,9,9,9,319.989,404.97,84.98100000000005,3,3,True,True
10.1021/je049595u#d12#p1,"InChI=1S/C10H9N/c1-8-6-7-9-4-2-3-5-10(9)11-8/h2-7H,1H3",2-methylquinoline,10.1021/je049595u,Twin ebulliometer,8,8,8,394.236,457.677,63.44100000000003,3,2,True,True
10.1021/je049595u#d28#p1,"InChI=1S/C10H9N/c1-8-4-2-5-9-6-3-7-11-10(8)9/h2-7H,1H3",8-methylquinoline,10.1021/je049595u,Inclined piston gauge,10,10,10,315.614,404.974,89.36000000000001,3,3,True,True
10.1021/je049595u#d29#p1,"InChI=1S/C10H9N/c1-8-4-2-5-9-6-3-7-11-10(8)9/h2-7H,1H3",8-methylquinoline,10.1021/je049595u,Twin ebulliometer,9,9,9,393.84,457.459,63.61900000000003,3,3,True,True
10.1021/je049600u#d1#p1,"InChI=1S/C5H12O/c1-2-3-4-5-6/h6H,2-5H2,1H3",pentan-1-ol,10.1021/je049600u,Closed cell (Static) method,15,15,15,298.15,368.15,70.0,5,5,True,True
10.1021/je049600u#d2#p1,"InChI=1S/C6H14O/c1-2-3-4-5-6-7/h7H,2-6H2,1H3",hexan-1-ol,10.1021/je049600u,Closed cell (Static) method,18,18,18,298.15,383.15,85.0,6,6,True,True
10.1021/je049600u#d3#p1,"InChI=1S/C7H16O/c1-2-3-4-5-6-7-8/h8H,2-7H2,1H3",heptan-1-ol,10.1021/je049600u,Closed cell (Static) method,21,21,21,298.15,398.15,100.0,7,7,True,True
10.1021/je049600u#d4#p1,"InChI=1S/C8H18O/c1-2-3-4-5-6-7-8-9/h9H,2-8H2,1H3",octan-1-ol,10.1021/je049600u,Closed cell (Static) method,25,25,25,298.15,418.15,120.0,8,8,True,True
10.1021/je049627d#d1#p1,"InChI=1S/C4H9NO/c1-3-6-4-2-5-1/h5H,1-4H2","tetrahydro-1,4-oxazine",10.1021/je049627d,CCELL:UFactor:2,8,8,8,308.15,353.15,45.0,3,2,True,True
10.1021/je049627d#d2#p1,"InChI=1S/C8H14O4/c1-4-11-7(9)6(3)8(10)12-5-2/h6H,4-5H2,1-3H3",diethyl methylpropanedioate,10.1021/je049627d,CCELL:UFactor:2,5,5,5,373.15,413.15,40.0,2,2,False,False
10.1021/je049627d#d3#p1,"InChI=1S/C8H18O3/c1-3-9-5-7-11-8-6-10-4-2/h3-8H2,1-2H3",diethylene glycol diethyl ether,10.1021/je049627d,CCELL:UFactor:2,5,5,5,363.15,403.15,40.0,2,2,False,False
10.1021/je049627d#d4#p1,"InChI=1S/C10H22O3/c1-2-3-4-5-7-12-9-10-13-8-6-11/h11H,2-10H2,1H3",2-(2-hexyloxyethoxy)ethanol,10.1021/je049627d,CCELL:UFactor:2,9,9,9,413.15,473.15,60.0,4,2,True,True
10.1021/je049627d#d5#p1,"InChI=1S/C12H26O3/c1-3-5-7-13-9-11-15-12-10-14-8-6-4-2/h3-12H2,1-2H3","5,8,11-trioxapentadecane",10.1021/je049627d,CCELL:UFactor:2,8,8,8,403.15,463.15,60.0,3,2,True,True
10.1021/je049627d#d6#p1,"InChI=1S/C8H16O3/c1-3-4-5-10-6-7-11-8(2)9/h3-7H2,1-2H3",2-butoxyethyl acetate,10.1021/je049627d,CCELL:UFactor:2,5,5,5,363.15,403.15,40.0,2,2,False,False
10.1021/je049627d#d7#p1,"InChI=1S/C8H16O4/c1-3-10-4-5-11-6-7-12-8(2)9/h3-7H2,1-2H3",2-(2-ethoxyethoxy)ethyl acetate,10.1021/je049627d,CCELL:UFactor:2,7,7,7,363.15,423.15,60.0,2,2,True,False
10.1021/je049761y#d1#p1,"InChI=1S/C2H7NO/c3-1-2-4/h4H,1-3H2",2-aminoethan-1-ol,10.1021/je049761y,TRANSPIR:UFactor:2,13,13,13,279,324.5,45.5,5,2,True,True
10.1021/je049761y#d2#p1,"InChI=1S/C3H9NO/c1-4-2-3-5/h4-5H,2-3H2,1H3",2-(methylamino)ethanol,10.1021/je049761y,TRANSPIR:UFactor:2,16,16,15,274.9,320.2,45.30000000000001,5,5,True,True
10.1021/je049761y#d3#p1,"InChI=1S/C4H11NO/c1-2-5-3-4-6/h5-6H,2-4H2,1H3",2-(ethylamino)ethanol,10.1021/je049761y,TRANSPIR:UFactor:2,17,17,17,282.5,321.3,38.80000000000001,5,5,True,True
10.1021/je049761y#d4#p1,"InChI=1S/C4H11NO/c1-5(2)3-4-6/h6H,3-4H2,1-2H3","2-(N,N-dimethylamino)ethanol",10.1021/je049761y,TRANSPIR:UFactor:2,29,27,26,277.9,316.3,38.400000000000034,4,12,True,True
10.1021/je049761y#d5#p1,"InChI=1S/C6H15NO/c1-3-7(4-2)5-6-8/h8H,3-6H2,1-2H3",(diethylamino)ethanol,10.1021/je049761y,TRANSPIR:UFactor:2,31,29,29,278.2,318.3,40.10000000000002,5,12,True,True
10.1021/je0497799#d1#p1,"InChI=1S/C4H10O2/c5-3-1-2-4-6/h5-6H,1-4H2","1,4-butanediol",10.1021/je0497799,Transpiration method,24,19,19,329.2,363.2,34.0,7,4,True,True
10.1021/je0497799#d2#p1,"InChI=1S/C7H8O/c1-8-7-5-3-2-4-6-7/h2-6H,1H3",anisole,10.1021/je0497799,Transpiration method,23,18,18,278.3,323.6,45.30000000000001,4,5,True,True
10.1021/je0497799#d3#p1,"InChI=1S/C7H8O/c8-6-7-4-2-1-3-5-7/h1-5,8H,6H2",benzenemethanol,10.1021/je0497799,Transpiration method,18,18,18,282.2,323.6,41.400000000000034,5,5,True,True
10.1021/je0497799#d4#p1,"InChI=1S/C2H6O2/c3-1-2-4/h3-4H,1-2H2","1,2-ethanediol",10.1021/je0497799,Transpiration method,20,20,20,303.2,363.6,60.400000000000034,4,8,True,True
10.1021/je049816w#d1#p1,"InChI=1S/C6H14O2/c1-4-7-6(3)8-5-2/h6H,4-5H2,1-3H3","1,1-diethoxyethane",10.1021/je049816w,Ebulliometric method (Recirculating still),1,1,1,328.35,328.35,0.0,1,1,False,False
10.1021/je049823k#d1#p1,"InChI=1S/C7H8O/c8-6-7-4-2-1-3-5-7/h1-5,8H,6H2",benzenemethanol,10.1021/je049823k,Transpiration method,14,14,14,282.9,321.1,38.200000000000045,4,4,True,True
10.1021/je049823k#d2#p1,"InChI=1S/C11H16O/c1-11(2,3)12-9-10-7-5-4-6-8-10/h4-8H,9H2,1-3H3","ether, benzyl tert-butyl",10.1021/je049823k,Transpiration method,25,25,24,277.8,308,30.19999999999999,5,7,True,True
10.1021/je049824c#d1#p1,"InChI=1S/C4H8O3/c1-3(5)4(6)7-2/h3,5H,1-2H3",methyl 2-hydroxypropanoate,10.1021/je049824c,Closed cell (Static) method,3,3,3,283.15,303.15,20.0,1,1,False,False
10.1021/je049867t#d4#p1,"InChI=1S/C6H14O/c1-5-6(2,3)7-4/h5H2,1-4H3",2-methoxy-2-methylbutane,10.1021/je049867t,EBULLIO:UFactor:8,2,2,2,298.02,306.98,8.960000000000036,1,1,False,False
10.1021/je049867t#d6#p1,"InChI=1S/C7H8/c1-7-5-3-2-4-6-7/h2-6H,1H3",toluene,10.1021/je049867t,Ebulliometric method (Recirculating still),3,3,3,308.15,323.15,15.0,1,1,False,False
10.1021/je049902w#d1#p1,InChI=1S/C6H12/c1-2-4-6-5-3-1/h1-6H2,cyclohexane,10.1021/je049902w,Ebulliometric method (Recirculating still),1,1,1,308.15,308.15,0.0,1,1,False,False
10.1021/je049902w#d2#p1,"InChI=1S/C6H10/c1-2-4-6-5-3-1/h1-2H,3-6H2",cyclohexene,10.1021/je049902w,Ebulliometric method (Recirculating still),1,1,1,310.15,310.15,0.0,1,1,False,False
10.1021/je049902w#d3#p1,"InChI=1S/C6H12O/c7-6-4-2-1-3-5-6/h6-7H,1-5H2",cyclohexanol,10.1021/je049902w,Ebulliometric method (Recirculating still),6,6,6,322.25,382.4,60.14999999999998,2,2,True,False
10.1021/je0499059#d2#p1,"InChI=1S/C8H11N/c1-7(9)8-5-3-2-4-6-8/h2-7H,9H2,1H3",1-phenylethanamine,10.1021/je0499059,EBULLIO:UFactor:16,16,16,15,363.78,402.81,39.03000000000003,6,4,True,True
10.1021/je049909d#d11#p1,"InChI=1S/C5H8O2/c1-3-5(6)7-4-2/h4H,2-3H2,1H3",vinyl propanoate,10.1021/je049909d,Ebulliometric method (Recirculating still),1,1,1,320.7,320.7,0.0,1,1,False,False
10.1021/je049950g#d1#p1,"InChI=1S/C4H6O3/c1-3-2-6-4(5)7-3/h3H,2H2,1H3","4-methyl-1,3-dioxolan-2-one",10.1021/je049950g,CCELL:UFactor:4,20,20,20,348.15,448.15,100.0,7,7,True,True
10.1021/je049950g#d2#p1,InChI=1S/C4H9NO/c1-4(6)5(2)3/h1-3H3,"N,N-dimethylethanamide",10.1021/je049950g,CCELL:UFactor:2,17,17,17,298.15,383.15,85.0,5,6,True,True
10.1021/je0499519#d3#p1,"InChI=1S/C3H6O/c1-2-3-4/h2,4H,1,3H2",2-propenol,10.1021/je0499519,EBULLIO:UFactor:4,5,5,5,311.42,326.7,15.279999999999973,1,3,False,False
10.1021/je0499519#d4#p1,"InChI=1S/C3H8O/c1-2-3-4/h4H,2-3H2,1H3",propan-1-ol,10.1021/je0499519,EBULLIO:UFactor:4,7,7,7,310.17,332.18,22.00999999999999,2,3,False,False
10.1021/je049959i#d1#p1,"InChI=1S/C3H8O/c1-2-3-4/h4H,2-3H2,1H3",propan-1-ol,10.1021/je049959i,Closed cell (Static) method,6,6,6,318.58,332.05,13.470000000000027,3,1,False,False
10.1021/je050034s#d11#p1,"InChI=1S/C13H12/c1-3-7-12(8-4-1)11-13-9-5-2-6-10-13/h1-10H,11H2",diphenylmethane,10.1021/je050034s,Inclined piston gauge,11,11,11,329.988,419.972,89.98399999999998,4,3,True,True
10.1021/je050034s#d12#p1,"InChI=1S/C13H12/c1-3-7-12(8-4-1)11-13-9-5-2-6-10-13/h1-10H,11H2",diphenylmethane,10.1021/je050034s,Twin ebulliometer,9,9,9,408.209,472.998,64.78899999999999,3,3,True,True
10.1021/je050056e#d1#p1,"InChI=1S/C9F20/c10-1(11,2(12,13)4(16,17)6(20,21)8(24,25)26)3(14,15)5(18,19)7(22,23)9(27,28)29",eicosafluorononane,10.1021/je050056e,CCELL:UFactor:6,10,10,10,288.18,333.15,44.96999999999997,3,3,True,True
10.1021/je050056e#d11#p1,"InChI=1S/C7F8/c8-2-1(7(13,14)15)3(9)5(11)6(12)4(2)10",octafluorotoluene,10.1021/je050056e,CCELL:UFactor:6,9,9,9,288.23,328.45,40.21999999999997,3,3,True,True
10.1021/je050056e#d13#p1,InChI=1S/C6F6/c7-1-2(8)4(10)6(12)5(11)3(1)9,hexafluorobenzene,10.1021/je050056e,CCELL:UFactor:6,5,5,5,288.23,307.96,19.72999999999996,2,2,False,False
10.1021/je050056e#d3#p1,"InChI=1S/C10F18/c11-1-2(12,5(17,18)9(25,26)7(21,22)3(1,13)14)6(19,20)10(27,28)8(23,24)4(1,15)16",perfluorodecalin,10.1021/je050056e,CCELL:UFactor:6,10,10,10,288.25,333.2,44.94999999999999,3,3,True,True
10.1021/je050056e#d5#p1,"InChI=1S/C6F14/c7-1(8,3(11,12)5(15,16)17)2(9,10)4(13,14)6(18,19)20",perfluorohexane,10.1021/je050056e,CCELL:UFactor:6,1,1,1,288.31,288.31,0.0,1,1,False,False
10.1021/je050056e#d7#p1,"InChI=1S/C8BrF17/c9-7(22,23)5(18,19)3(14,15)1(10,11)2(12,13)4(16,17)6(20,21)8(24,25)26",1-bromoperfluorooctane,10.1021/je050056e,CCELL:UFactor:6,10,10,10,288.22,332.78,44.559999999999945,3,3,True,True
10.1021/je050056e#d9#p1,"InChI=1S/C8HF17/c9-1(10)2(11,12)3(13,14)4(15,16)5(17,18)6(19,20)7(21,22)8(23,24)25/h1H",1H-perfluorooctane,10.1021/je050056e,CCELL:UFactor:6,10,10,10,288.35,332.89,44.539999999999964,3,3,True,True
10.1021/je050062a#d6#p1,"InChI=1S/C5H10O/c1-4(2)5(3)6/h4H,1-3H3",3-methyl-2-butanone,10.1021/je050062a,EBULLIO:UFactor:12,2,2,2,310.446,318.084,7.637999999999977,1,1,False,False
10.1021/je050062a#d9#p1,"InChI=1S/C5H12O/c1-4(2)5(3)6/h4-6H,1-3H3",3-methyl-2-butanol,10.1021/je050062a,EBULLIO:UFactor:12,7,7,7,323.609,340.668,17.059000000000026,3,1,False,False
10.1021/je050070r#d1#p1,"InChI=1S/C8HF15O2/c9-2(10,1(24)25)3(11,12)4(13,14)5(15,16)6(17,18)7(19,20)8(21,22)23/h(H,24,25)",pentadecafluorooctanoic acid,10.1021/je050070r,CCELL:UFactor:16,11,11,11,332.4,409.26,76.86000000000001,3,5,True,True
10.1021/je050070r#d2#p1,"InChI=1S/C9HF17O2/c10-2(11,1(27)28)3(12,13)4(14,15)5(16,17)6(18,19)7(20,21)8(22,23)9(24,25)26/h(H,27,28)",perfluorononanoic acid,10.1021/je050070r,CCELL:UFactor:16,6,6,6,372.78,423.86,51.08000000000004,2,2,True,False
10.1021/je050070r#d3#p1,"InChI=1S/C12HF23O2/c13-2(14,1(36)37)3(15,16)4(17,18)5(19,20)6(21,22)7(23,24)8(25,26)9(27,28)10(29,30)11(31,32)12(33,34)35/h(H,36,37)","dodecanoic acid, tricosafluoro-",10.1021/je050070r,CCELL:UFactor:16,7,7,7,400.73,457.94,57.20999999999998,2,2,True,False
10.1021/je050070r#d4#p1,"InChI=1S/C10HF19O2/c11-2(12,1(30)31)3(13,14)4(15,16)5(17,18)6(19,20)7(21,22)8(23,24)9(25,26)10(27,28)29/h(H,30,31)",nonadecafluorodecanoic acid,10.1021/je050070r,CCELL:UFactor:16,5,5,5,402.71,436.83,34.120000000000005,1,2,False,False
10.1021/je050070r#d5#p1,"InChI=1S/C11HF21O2/c12-2(13,1(33)34)3(14,15)4(16,17)5(18,19)6(20,21)7(22,23)8(24,25)9(26,27)10(28,29)11(30,31)32/h(H,33,34)",perfluoroundecanoic acid,10.1021/je050070r,CCELL:UFactor:16,8,8,8,385.19,445.17,59.98000000000002,2,3,True,False
10.1021/je050084x#d1#p1,"InChI=1S/C8H20Si/c1-7(2,3)9-8(4,5)6/h9H2,1-6H3",di-tert-butylsilane,10.1021/je050084x,Closed cell (Static) method,48,11,11,253.49,288.19,34.69999999999999,5,3,True,True
10.1021/je050173+#d11#p1,"InChI=1S/C8H24O4Si4/c1-13(2)9-14(3,4)11-16(7,8)12-15(5,6)10-13/h1-8H3",octamethylcyclotetrasiloxane,10.1021/je050173+,TWINEBU:UFactor:8,19,19,19,311.8,390.88,79.07999999999998,8,6,True,True
10.1021/je050173+#d17#p1,"InChI=1S/C10H30O5Si5/c1-16(2)11-17(3,4)13-19(7,8)15-20(9,10)14-18(5,6)12-16/h1-10H3",decamethylcyclopentasiloxane,10.1021/je050173+,TWINEBU:UFactor:8,16,16,16,348.23,416.46,68.22999999999996,4,6,True,True
10.1021/je050173+#d5#p1,"InChI=1S/C6H18O3Si3/c1-10(2)7-11(3,4)9-12(5,6)8-10/h1-6H3",hexamethylcyclotrisiloxane,10.1021/je050173+,TWINEBU:UFactor:8,4,4,4,347.64,355.59,7.949999999999989,1,1,False,False
10.1021/je050182i#d1#p1,"InChI=1S/C21H44/c1-3-5-7-9-11-13-15-17-19-21-20-18-16-14-12-10-8-6-4-2/h3-21H2,1-2H3",heneicosane,10.1021/je050182i,DCELL:UFactor:2,9,9,9,371.42,461.96,90.53999999999996,3,3,True,True
10.1021/je050182i#d2#p1,"InChI=1S/C23H48/c1-3-5-7-9-11-13-15-17-19-21-23-22-20-18-16-14-12-10-8-6-4-2/h3-23H2,1-2H3",tricosane,10.1021/je050182i,DCELL:UFactor:2,7,7,6,412.18,461.99,49.81,2,2,True,False
10.1021/je050182i#d3#p1,"InChI=1S/C25H52/c1-3-5-7-9-11-13-15-17-19-21-23-25-24-22-20-18-16-14-12-10-8-6-4-2/h3-25H2,1-2H3",pentacosane,10.1021/je050182i,DCELL:UFactor:2,12,11,7,402.03,461.96500000000003,59.93500000000006,2,2,True,False
10.1021/je050182i#d4#p1,"InChI=1S/C27H56/c1-3-5-7-9-11-13-15-17-19-21-23-25-27-26-24-22-20-18-16-14-12-10-8-6-4-2/h3-27H2,1-2H3",heptacosane,10.1021/je050182i,DCELL:UFactor:2,9,8,6,411.79499999999996,462.27,50.47500000000002,2,2,True,False
10.1021/je050182i#d5#p1,"InChI=1S/C29H60/c1-3-5-7-9-11-13-15-17-19-21-23-25-27-29-28-26-24-22-20-18-16-14-12-10-8-6-4-2/h3-29H2,1-2H3",nonacosane,10.1021/je050182i,DCELL:UFactor:2,5,5,3,432.12,452.21500000000003,20.095000000000027,1,1,False,False
10.1021/je050182i#d6#p1,"InChI=1S/C30H62/c1-3-5-7-9-11-13-15-17-19-21-23-25-27-29-30-28-26-24-22-20-18-16-14-12-10-8-6-4-2/h3-30H2,1-2H3",triacontane,10.1021/je050182i,DCELL:UFactor:2,5,5,3,432.365,452.33,19.964999999999975,1,1,False,False
10.1021/je050277k#d3#p1,"InChI=1S/C6H11NO/c8-6-4-2-1-3-5-7-6/h1-5H2,(H,7,8)",1-aza-2-cycloheptanone,10.1021/je050277k,Transpiration method,15,15,15,345.2,372.2,27.0,4,4,False,False
10.1021/je0502896#d2#p1,"InChI=1S/C4H10O/c1-3-4(2)5/h4-5H,3H2,1-2H3",butan-2-ol,10.1021/je0502896,CCELL:UFactor:2,4,1,1,313.15,313.15,0.0,1,1,False,False
10.1021/je050316s#d1#p1,"InChI=1S/C6H13N/c7-6-4-2-1-3-5-6/h6H,1-5,7H2",cyclohexylamine,10.1021/je050316s,EBULLIO::UFactor:6,1,1,1,333.15,333.15,0.0,1,1,False,False
10.1021/je050316s#d6#p1,"InChI=1S/C7H8/c1-7-5-3-2-4-6-7/h2-6H,1H3",toluene,10.1021/je050316s,EBULLIO::UFactor:6,1,1,1,333.15,333.15,0.0,1,1,False,False
10.1021/je050317k#d13#p1,"InChI=1S/C4H10O2/c5-3-1-2-4-6/h5-6H,1-4H2","1,4-butanediol",10.1021/je050317k,CCELL::UFactor:2,1,1,1,383.15,383.15,0.0,1,1,False,False
10.1021/je050317k#d14#p1,InChI=1S/C4H6O2/c5-4-2-1-3-6-4/h1-3H2,.gamma.-butyrolactone,10.1021/je050317k,CCELL::UFactor:2,1,1,1,383.15,383.15,0.0,1,1,False,False
10.1021/je050317k#d3#p1,"InChI=1S/C8H8O/c1-7(9)8-5-3-2-4-6-8/h2-6H,1H3",acetophenone,10.1021/je050317k,CCELL::UFactor:2,1,1,1,373.1,373.1,0.0,1,1,False,False
10.1021/je050317k#d4#p1,"InChI=1S/C6H6O/c7-6-4-2-1-3-5-6/h1-5,7H",phenol,10.1021/je050317k,CCELL::UFactor:2,1,1,1,373.1,373.1,0.0,1,1,False,False
10.1021/je0503251#d2#p1,"InChI=1S/C3H3F5/c4-2(5)1-3(6,7)8/h2H,1H2","1,1,1,3,3-pentafluoropropane",10.1021/je0503251,Closed cell (Static) method,1,1,1,253.125,253.125,0.0,1,1,False,False
10.1021/je050327l#d1#p1,"InChI=1S/C9H10O/c1-8(7-10)9-5-3-2-4-6-9/h2-8H,1H3",2-phenylpropanal,10.1021/je050327l,Ebulliometric method (Recirculating still),1,1,1,373.1,373.1,0.0,1,1,False,False
10.1021/je050327l#d2#p1,"InChI=1S/C6H6O/c7-6-4-2-1-3-5-6/h1-5,7H",phenol,10.1021/je050327l,Ebulliometric method (Recirculating still),1,1,1,373.1,373.1,0.0,1,1,False,False
10.1021/je050327l#d3#p1,"InChI=1S/C4H10O2/c1-4(5)3-6-2/h4-5H,3H2,1-2H3",1-methoxy-2-propanol,10.1021/je050327l,Ebulliometric method (Recirculating still),1,1,1,313.15,313.15,0.0,1,1,False,False
10.1021/je050327l#d4#p1,"InChI=1S/C2H5NO2/c1-2-3(4)5/h2H2,1H3",nitroethane,10.1021/je050327l,Ebulliometric method (Recirculating still),1,1,1,313.15,313.15,0.0,1,1,False,False
10.1021/je050327l#d7#p1,"InChI=1S/C4H8O2/c1-2-3-4(5)6/h2-3H2,1H3,(H,5,6)",butanoic acid,10.1021/je050327l,Ebulliometric method (Recirculating still),1,1,1,373.1,373.1,0.0,1,1,False,False
10.1021/je050334+#d1#p1,"InChI=1S/C8H14O4/c1-11-7(9)5-3-4-6-8(10)12-2/h3-6H2,1-2H3","dimethyl 1,6-hexanedioate",10.1021/je050334+,Transpiration method,15,15,15,293.2,334.2,41.0,5,5,True,True
10.1021/je050334+#d2#p1,"InChI=1S/C9H10O2/c1-2-11-9(10)8-6-4-3-5-7-8/h3-7H,2H2,1H3",ethyl benzoate,10.1021/je050334+,Transpiration method,20,20,20,283.9,332.5,48.60000000000002,5,7,True,True
10.1021/je0504358#d1#p1,"InChI=1S/C6H12O/c1-2-3-4-5-6-7/h6H,2-5H2,1H3",hexanal,10.1021/je0504358,Twin ebulliometer,9,9,9,322.27,353.44,31.170000000000016,2,4,True,False
10.1021/je0504358#d2#p1,"InChI=1S/C6H8O/c7-6-4-2-1-3-5-6/h2,4H,1,3,5H2",2-cyclohexen-1-one,10.1021/je0504358,Twin ebulliometer,11,11,11,350.4,388.4,38.0,4,4,True,True
10.1021/je0504358#d3#p1,"InChI=1S/C7H12O/c1-6-4-2-3-5-7(6)8/h6H,2-5H2,1H3",2-methylcyclohexanone,10.1021/je0504358,Twin ebulliometer,14,14,14,338.76,381.72,42.960000000000036,4,4,True,True
10.1021/je050473r#d1#p1,InChI=1S/C2H4Cl2/c3-1-2-4/h1-2H2,"1,2-dichloroethane",10.1021/je050473r,Closed cell (Static) method,1,1,1,303.15,303.15,0.0,1,1,False,False
10.1021/je050523s#d12#p1,"InChI=1S/C8H10/c1-7-5-3-4-6-8(7)2/h3-6H,1-2H3","1,2-dimethylbenzene",10.1021/je050523s,EBULLIO:UFactor:16,8,8,8,316.01,365.02,49.00999999999999,4,1,True,False
10.1021/je050523s#d15#p1,"InChI=1S/C8H10/c1-7-4-3-5-8(2)6-7/h3-6H,1-2H3","1,3-dimethylbenzene",10.1021/je050523s,EBULLIO:UFactor:16,10,10,10,307.84,360.42,52.58000000000004,5,2,True,True
10.1021/je050523s#d3#p1,"InChI=1S/C8H10/c1-7-3-5-8(2)6-4-7/h3-6H,1-2H3","1,4-dimethylbenzene",10.1021/je050523s,EBULLIO:UFactor:16,10,10,10,306.95,359.49,52.54000000000002,5,2,True,True
10.1021/je050523s#d6#p1,"InChI=1S/C8H8/c1-2-8-6-4-3-5-7-8/h2-7H,1H2",styrene,10.1021/je050523s,EBULLIO:UFactor:16,10,10,10,313.06,366.06,53.0,5,2,True,True
10.1021/je050523s#d9#p1,"InChI=1S/C8H10/c1-2-8-6-4-3-5-7-8/h3-7H,2H2,1H3",ethylbenzene,10.1021/je050523s,EBULLIO:UFactor:16,10,10,10,305.49,357.68,52.19,5,2,True,True
10.1021/je0505366#d3#p1,"InChI=1S/C6H7N/c7-6-4-2-1-3-5-6/h1-5H,7H2",aniline,10.1021/je0505366,Ebulliometric method (Recirculating still),1,1,1,383.15,383.15,0.0,1,1,False,False
10.1021/je060077o#d2#p1,InChI=1S/C4H8Cl2S/c5-1-3-7-4-2-6/h1-4H2,bis(2-chloroethyl) sulfide,10.1021/je060077o,TRANSPIR:UFactor:2,2,2,2,288.15,293.15,5.0,1,1,False,False
10.1021/je060150a#d5#p1,"InChI=1S/C4H8O/c1-3-4(2)5/h3H2,1-2H3",butanone,10.1021/je060150a,EBULLIO::UFactor:4,1,1,1,303.15,303.15,0.0,1,1,False,False
10.1021/je060157s#d1#p1,"InChI=1S/C8H10O/c1-7(9)8-5-3-2-4-6-8/h2-7,9H,1H3",1-phenylethanol,10.1021/je060157s,CCELL:UFactor:4,25,17,16,293.15,363.43,70.28000000000003,6,6,True,True
10.1021/je060163o#d5#p1,"InChI=1S/C2H6O/c1-2-3/h3H,2H2,1H3",ethanol,10.1021/je060163o,Twin ebulliometer,3,3,3,292.33,311.14,18.810000000000002,1,1,False,False
10.1021/je060174h#d2#p1,InChI=1S/C4H6O2/c1-3(5)4(2)6/h1-2H3,"2,3-butanedione",10.1021/je060174h,EBULLIO:UFactor:8,2,2,2,303.15,313.15,10.0,1,1,False,False
10.1021/je060184i#d1#p1,"InChI=1S/C7H16/c1-3-5-7-6-4-2/h3-7H2,1-2H3",heptane,10.1021/je060184i,Closed cell (Static) method,7,7,7,273.15,323.15,50.0,2,2,True,False
10.1021/je060184i#d2#p1,"InChI=1S/C5H10O2/c1-3-4-7-5(2)6/h3-4H2,1-2H3",propyl ethanoate,10.1021/je060184i,Closed cell (Static) method,11,8,8,263.15,323.15,60.0,2,2,True,False
10.1021/je060184i#d3#p1,InChI=1S/C6H12/c1-2-4-6-5-3-1/h1-6H2,cyclohexane,10.1021/je060184i,Closed cell (Static) method,6,6,6,263.15,303.15,40.0,3,2,True,True
10.1021/je060184i#d4#p1,"InChI=1S/C6H12/c1-3-5-6-4-2/h3H,1,4-6H2,2H3",hex-1-ene,10.1021/je060184i,Closed cell (Static) method,3,3,3,273.15,293.15,20.0,1,1,False,False
10.1021/je0602115#d1#p1,"InChI=1S/C7H16/c1-3-5-7-6-4-2/h3-7H2,1-2H3",heptane,10.1021/je0602115,Closed cell (Static) method,3,1,1,313.15,313.15,0.0,1,1,False,False
10.1021/je0602115#d2#p1,"InChI=1S/C7H8/c1-7-5-3-2-4-6-7/h2-6H,1H3",toluene,10.1021/je0602115,Closed cell (Static) method,4,1,1,313.15,313.15,0.0,1,1,False,False
10.1021/je060224i#d1#p1,"InChI=1S/C3H7NO/c1-4(2)3-5/h3H,1-2H3",dimethylformamide,10.1021/je060224i,CCELL:UFactor:8,32,32,32,307.15,369.15,62.0,10,10,True,True
10.1021/je0602418#d10#p1,"InChI=1S/C6H10O4/c1-9-5(7)3-4-6(8)10-2/h3-4H2,1-2H3","dimethyl 1,4-butanedioate",10.1021/je0602418,Transpiration method,19,19,19,286.4,340.6,54.200000000000045,6,6,True,True
10.1021/je0602418#d13#p1,"InChI=1S/C7H12O4/c1-10-6(8)4-3-5-7(9)11-2/h3-5H2,1-2H3",dimethyl pentanedioate,10.1021/je0602418,TRANSPIR:UFactor:2,52,48,42,283.7,348.1,64.40000000000003,11,10,True,True
10.1021/je0602418#d16#p1,"InChI=1S/C8H14O4/c1-11-7(9)5-3-4-6-8(10)12-2/h3-6H2,1-2H3","dimethyl 1,6-hexanedioate",10.1021/je0602418,TRANSPIR:UFactor:2,43,37,35,294.2,373.8,79.60000000000002,8,13,True,True
10.1021/je0602418#d19#p1,"InChI=1S/C9H16O4/c1-12-8(10)6-4-3-5-7-9(11)13-2/h3-7H2,1-2H3","dimethyl 1,7-heptanedioate",10.1021/je0602418,Transpiration method,14,14,14,291.3,353.1,61.80000000000001,4,5,True,True
10.1021/je0602418#d22#p1,"InChI=1S/C10H18O4/c1-13-9(11)7-5-3-4-6-8-10(12)14-2/h3-8H2,1-2H3",dimethyl octanedioate,10.1021/je0602418,Transpiration method,12,12,12,298.3,352.1,53.80000000000001,4,4,True,True
10.1021/je0602418#d23#p1,"InChI=1S/C11H20O4/c1-14-10(12)8-6-4-3-5-7-9-11(13)15-2/h3-9H2,1-2H3",dimethyl nonanedioate,10.1021/je0602418,TRANSPIR:UFactor:2,36,25,22,318.2,373.8,55.60000000000002,7,7,True,True
10.1021/je0602418#d26#p1,"InChI=1S/C12H22O4/c1-15-11(13)9-7-5-3-4-6-8-10-12(14)16-2/h3-10H2,1-2H3",dimethyl sebacate,10.1021/je0602418,TRANSPIR:UFactor:2,12,12,12,323.4,373.8,50.400000000000034,3,4,True,True
10.1021/je0602418#d4#p1,InChI=1S/C4H6O4/c1-7-3(5)4(6)8-2/h1-2H3,dimethyl ethanedioate,10.1021/je0602418,Transpiration method,17,17,17,330.4,365.2,34.80000000000001,6,5,True,True
10.1021/je0602418#d7#p1,"InChI=1S/C5H8O4/c1-8-4(6)3-5(7)9-2/h3H2,1-2H3","dimethyl 1,3-propanedioate",10.1021/je0602418,Transpiration method,15,15,15,278.2,314.3,36.10000000000002,4,4,True,True
10.1021/je060249h#d1#p1,InChI=1S/C6H5Cl/c7-6-4-2-1-3-5-6/h1-5H,chlorobenzene,10.1021/je060249h,EBULLIO:UFactor:8,2,2,2,330.5,337.4,6.899999999999977,1,1,False,False
10.1021/je060249h#d2#p1,"InChI=1S/C8H6ClNO/c9-5-8-10-6-3-1-2-4-7(6)11-8/h1-4H,5H2","2-(chloromethyl)-1,3-benzoxazole",10.1021/je060249h,Ebulliometric method (Recirculating still),23,22,21,347.65,424.55,76.90000000000003,10,3,True,True
10.1021/je060253t#d2#p1,"InChI=1S/C3H8O/c1-2-3-4/h4H,2-3H2,1H3",propan-1-ol,10.1021/je060253t,Closed cell (Static) method,3,1,1,313.15,313.15,0.0,1,1,False,False
10.1021/je0602768#d3#p1,"InChI=1S/C12H20O2/c13-11-7-3-2-6-10(11)12(14)8-4-1-5-9-12/h10,14H,1-9H2","1'-hydroxy-[1,1'-bicyclohexyl]-2-one",10.1021/je0602768,Calculated from knudsen effusion weight loss,7,7,7,308.22,330.4,22.17999999999995,3,2,False,False
10.1021/je0602768#d5#p1,"InChI=1S/C12H20O2/c13-11-7-3-2-6-10(11)12(14)8-4-1-5-9-12/h10,14H,1-9H2","1'-hydroxy-[1,1'-bicyclohexyl]-2-one",10.1021/je0602768,TRANSPIR:UFactor:2,24,24,24,311.1,351.5,40.39999999999998,10,5,True,True
10.1021/je0603574#d4#p1,"InChI=1S/C3H8O/c1-2-3-4/h4H,2-3H2,1H3",propan-1-ol,10.1021/je0603574,Closed cell (Static) method,1,1,1,323.15,323.15,0.0,1,1,False,False
10.1021/je0603574#d5#p1,"InChI=1S/C4H10O/c1-2-3-4-5/h5H,2-4H2,1H3",butan-1-ol,10.1021/je0603574,Closed cell (Static) method,1,1,1,323.15,323.15,0.0,1,1,False,False
10.1021/je060359o#d1#p1,"InChI=1S/C4H10O/c1-4(2,3)5/h5H,1-3H3",2-methylpropan-2-ol,10.1021/je060359o,Ebulliometric method (Recirculating still),5,5,5,305.87,319.5,13.629999999999995,2,1,False,False
10.1021/je060359o#d2#p1,"InChI=1S/C8H16/c1-7(2)6-8(3,4)5/h1,6H2,2-5H3","2,4,4-trimethyl-1-pentene",10.1021/je060359o,Ebulliometric method (Recirculating still),6,6,6,306.23,323.2,16.96999999999997,2,2,False,False
10.1021/je060394v#d10#p1,"InChI=1S/C12H13N/c1-13(2)12-9-5-7-10-6-3-4-8-11(10)12/h3-9H,1-2H3",.alpha.-dimethylaminonaphthalene,10.1021/je060394v,Transpiration method,12,12,12,298.2,334.3,36.10000000000002,4,3,True,True
10.1021/je060394v#d11#p1,"InChI=1S/C14H18N2/c1-15(2)12-9-5-7-11-8-6-10-13(14(11)12)16(3)4/h5-10H,1-4H3","1,8-bis(dimethylamino)naphthalene",10.1021/je060394v,Transpiration method,16,16,16,323.7,364.3,40.60000000000002,5,6,True,True
10.1021/je060394v#d3#p1,"InChI=1S/C10H9N/c11-10-7-3-5-8-4-1-2-6-9(8)10/h1-7H,11H2",1-naphthalenamine,10.1021/je060394v,Transpiration method,11,11,11,323.2,353.1,29.900000000000034,3,3,False,False
10.1021/je060394v#d7#p1,"InChI=1S/C10H10N2/c11-8-5-1-3-7-4-2-6-9(12)10(7)8/h1-6H,11-12H2","1,8-diaminonaphthalene",10.1021/je060394v,Transpiration method,12,12,12,346.1,379.3,33.19999999999999,4,4,True,True
10.1021/je060396f#d1#p1,"InChI=1S/C4H11NO/c1-4(2,5)3-6/h6H,3,5H2,1-2H3",2-amino-2-methylpropan-1-ol,10.1021/je060396f,EBULLIO:UFactor:2,3,3,3,364.11,392.71,28.599999999999966,1,1,False,False
10.1021/je060406c#d1#p1,InChI=1S/C5H4O2/c6-4-5-2-1-3-7-5/h1-4H,2-furaldehyde,10.1021/je060406c,Transpiration method,16,16,16,276.7,323.4,46.69999999999999,5,5,True,True
10.1021/je060406c#d2#p1,InChI=1S/C7H6O/c8-6-7-4-2-1-3-5-7/h1-6H,benzaldehyde,10.1021/je060406c,Transpiration method,9,9,9,278.4,313.2,34.80000000000001,3,3,True,True
10.1021/je060406c#d3#p1,"InChI=1S/C8H8O/c9-7-6-8-4-2-1-3-5-8/h1-5,7H,6H2",.alpha.-tolualdehyde,10.1021/je060406c,Transpiration method,11,11,11,293.2,343,49.80000000000001,4,3,True,True
10.1021/je060406c#d4#p1,"InChI=1S/C8H10O/c9-7-6-8-4-2-1-3-5-8/h1-5,9H,6-7H2",2-phenylethanol,10.1021/je060406c,Transpiration method,21,20,19,287.8,363.3,75.5,5,7,True,True
10.1021/je060419q#d1#p1,"InChI=1S/C3H8O2/c4-2-1-3-5/h4-5H,1-3H2","propan-1,3-diol",10.1021/je060419q,Transpiration method,14,14,14,293.5,342.3,48.80000000000001,5,2,True,True
10.1021/je060419q#d2#p1,"InChI=1S/C4H10O2/c1-4(6)2-3-5/h4-6H,2-3H2,1H3","1,3-butanediol",10.1021/je060419q,Transpiration method,13,13,13,288.3,332.3,44.0,5,3,True,True
10.1021/je060419q#d3#p1,"InChI=1S/C5H12O2/c1-4(6)3-5(2)7/h4-7H,3H2,1-2H3","2,4-pentanediol",10.1021/je060419q,Transpiration method,17,17,17,297.2,347.3,50.10000000000002,5,6,True,True
10.1021/je060419q#d4#p1,"InChI=1S/C6H14O2/c1-5(7)4-6(2,3)8/h5,7-8H,4H2,1-3H3","2-methyl-2,4-pentanediol",10.1021/je060419q,Transpiration method,16,16,16,285.2,329.4,44.19999999999999,5,5,True,True
10.1021/je060419q#d7#p1,"InChI=1S/C4H10O2/c1-4(2-5)3-6/h4-6H,2-3H2,1H3","2-methyl-1,3-propanediol",10.1021/je060419q,Transpiration method,31,31,28,297.3,357.5,60.19999999999999,8,7,True,True
10.1021/je060429r#d10#p1,"InChI=1S/C6H4Cl2O/c7-4-1-2-6(9)5(8)3-4/h1-3,9H","2,4-dichlorophenol",10.1021/je060429r,Transpiration method,10,10,10,317.2,344.2,27.0,3,3,False,False
10.1021/je060429r#d12#p1,"InChI=1S/C6H4Cl2O/c7-4-1-2-5(8)6(9)3-4/h1-3,9H","2,5-dichlorophenol",10.1021/je060429r,Transpiration method,10,10,10,333.3,361.2,27.899999999999977,3,3,False,False
10.1021/je060429r#d14#p1,"InChI=1S/C6H4Cl2O/c7-4-2-1-3-5(8)6(4)9/h1-3,9H","2,6-dichlorophenol",10.1021/je060429r,Transpiration method,10,10,10,341.2,371.4,30.19999999999999,3,3,True,True
10.1021/je060429r#d16#p1,"InChI=1S/C6H4Cl2O/c7-5-2-1-4(9)3-6(5)8/h1-3,9H","3,4-dichlorophenol",10.1021/je060429r,Transpiration method,10,10,10,341.3,368.4,27.099999999999966,3,3,False,False
10.1021/je060429r#d18#p1,"InChI=1S/C6H3Cl3O/c7-3-1-4(8)6(10)5(9)2-3/h1-2,10H","2,4,6-trichlorophenol",10.1021/je060429r,Transpiration method,31,29,29,342.8,375.4,32.599999999999966,7,10,True,True
10.1021/je060429r#d2#p1,"InChI=1S/C6H5ClO/c7-5-3-1-2-4-6(5)8/h1-4,8H",2-chlorophenol,10.1021/je060429r,Transpiration method,12,12,12,288.4,321.2,32.80000000000001,4,4,True,True
10.1021/je060429r#d4#p1,"InChI=1S/C6H5ClO/c7-5-2-1-3-6(8)4-5/h1-4,8H",3-chlorophenol,10.1021/je060429r,Transpiration method,10,10,10,308.3,335.2,26.899999999999977,3,3,False,False
10.1021/je060429r#d6#p1,"InChI=1S/C6H5ClO/c7-5-1-3-6(8)4-2-5/h1-4,8H",4-chlorophenol,10.1021/je060429r,Transpiration method,12,12,12,318.2,351.2,33.0,4,4,True,True
10.1021/je060429r#d8#p1,"InChI=1S/C6H4Cl2O/c7-4-2-1-3-5(9)6(4)8/h1-3,9H","2,3-dichlorophenol",10.1021/je060429r,Transpiration method,10,10,10,331.2,358.2,27.0,3,3,False,False
10.1021/je060472e#d12#p1,"InChI=1S/C7H7NO2/c1-10-7(9)6-2-4-8-5-3-6/h2-5H,1H3",methyl 4-pyridinecarboxylate,10.1021/je060472e,Closed cell (Static) method,40,27,20,273.26,320.52,47.25999999999999,6,6,True,True
10.1021/je060472e#d4#p1,"InChI=1S/C7H7NO2/c1-10-7(9)6-4-2-3-5-8-6/h2-5H,1H3",methyl 2-pyridinecarboxylate,10.1021/je060472e,Closed cell (Static) method,24,19,13,283.155,340.47,57.315000000000055,4,4,True,True
10.1021/je060472e#d9#p1,"InChI=1S/C7H7NO2/c1-10-7(9)6-3-2-4-8-5-6/h2-5H,1H3",3-pyridinecarboxylic acid methyl ester,10.1021/je060472e,Closed cell (Static) method,28,21,14,298.145,324.06,25.91500000000002,6,3,False,False
10.1021/je100017w#d1#p1,"InChI=1S/C5H14O3Si/c1-5-9(6-2,7-3)8-4/h5H2,1-4H3",ethyltrimethoxysilane,10.1021/je100017w,EBULLIO:UFactor:32,10,10,10,306.35,347.65,41.299999999999955,3,3,True,True
10.1021/je100019r#d1#p1,"InChI=1S/C8H18O/c1-3-5-7-9-8-6-4-2/h3-8H2,1-2H3",dibutyl ether,10.1021/je100019r,Ebulliometric method (Recirculating still),1,1,1,323.15,323.15,0.0,1,1,False,False
10.1021/je100019r#d2#p1,"InChI=1S/C8H10/c1-7-5-3-4-6-8(7)2/h3-6H,1-2H3","1,2-dimethylbenzene",10.1021/je100019r,Ebulliometric method (Recirculating still),1,1,1,323.15,323.15,0.0,1,1,False,False
10.1021/je100175j#d13#p1,"InChI=1S/C9H11NO/c1-10(2)9(11)8-6-4-3-5-7-8/h3-7H,1-2H3","N,N-dimethylbenzamide",10.1021/je100175j,Closed cell (Static) method,31,31,31,301.98,361.66,59.68000000000001,10,9,True,True
10.1021/je100175j#d5#p1,"InChI=1S/C7H7NO/c8-7(9)6-4-2-1-3-5-6/h1-5H,(H2,8,9)",benzamide,10.1021/je100175j,Closed cell (Static) method,30,30,30,380.43,438.2,57.76999999999998,9,9,True,True
10.1021/je100175j#d9#p1,"InChI=1S/C8H9NO/c1-9-8(10)7-5-3-2-4-6-7/h2-6H,1H3,(H,9,10)",N-methylbenzamide,10.1021/je100175j,Closed cell (Static) method,31,31,31,328.89,388.4,59.50999999999999,10,9,True,True
10.1021/je100231g#d1#p1,"InChI=1S/C6H10O4/c1-3-9-5(7)6(8)10-4-2/h3-4H2,1-2H3",diethyl ethanedioate,10.1021/je100231g,Gas Saturation Method,14,14,14,283.6,333.5,49.89999999999998,4,4,True,True
10.1021/je100231g#d10#p1,"InChI=1S/C12H22O4/c1-3-9-15-11(13)7-5-6-8-12(14)16-10-4-2/h3-10H2,1-2H3",dipropyl hexanedioate,10.1021/je100231g,Gas Saturation Method,15,15,15,318.8,365.3,46.5,5,4,True,True
10.1021/je100231g#d11#p1,"InChI=1S/C10H18O4/c1-3-5-7-13-9(11)10(12)14-8-6-4-2/h3-8H2,1-2H3",di-n-butyl oxalate,10.1021/je100231g,Gas Saturation Method,53,51,48,293.4,358.2,64.80000000000001,10,12,True,True
10.1021/je100231g#d12#p1,"InChI=1S/C11H20O4/c1-3-5-7-14-10(12)9-11(13)15-8-6-4-2/h3-9H2,1-2H3","dibutyl 1,3-propanedioate",10.1021/je100231g,Gas Saturation Method,20,20,20,303.2,369.2,66.0,5,4,True,True
10.1021/je100231g#d13#p1,"InChI=1S/C12H22O4/c1-3-5-9-15-11(13)7-8-12(14)16-10-6-4-2/h3-10H2,1-2H3","butanedioic acid, dibutyl ester",10.1021/je100231g,Gas Saturation Method,18,18,18,313.3,358.2,44.89999999999998,5,6,True,True
10.1021/je100231g#d14#p1,"InChI=1S/C13H24O4/c1-3-5-10-16-12(14)8-7-9-13(15)17-11-6-4-2/h3-11H2,1-2H3",dibutyl pentanedioate,10.1021/je100231g,Gas Saturation Method,26,24,23,322.4,369.5,47.10000000000002,5,9,True,True
10.1021/je100231g#d15#p1,"InChI=1S/C14H26O4/c1-3-5-11-17-13(15)9-7-8-10-14(16)18-12-6-4-2/h3-12H2,1-2H3",dibutyl hexanedioate,10.1021/je100231g,Gas Saturation Method,9,9,9,333.3,373.2,39.89999999999998,3,3,True,True
10.1021/je100231g#d2#p1,"InChI=1S/C7H12O4/c1-3-10-6(8)5-7(9)11-4-2/h3-5H2,1-2H3","diethyl 1,3-propanedioate",10.1021/je100231g,Gas Saturation Method,13,13,13,283.8,316.3,32.5,4,4,True,True
10.1021/je100231g#d3#p1,"InChI=1S/C8H14O4/c1-3-11-7(9)5-6-8(10)12-4-2/h3-6H2,1-2H3",diethyl butanedioate,10.1021/je100231g,Gas Saturation Method,22,21,21,290.2,345.5,55.30000000000001,7,6,True,True
10.1021/je100231g#d4#p1,"InChI=1S/C9H16O4/c1-3-12-8(10)6-5-7-9(11)13-4-2/h3-7H2,1-2H3",diethyl glutarate,10.1021/je100231g,Gas Saturation Method,15,15,15,298.3,347.9,49.599999999999966,4,4,True,True
10.1021/je100231g#d5#p1,"InChI=1S/C10H18O4/c1-3-13-9(11)7-5-6-8-10(12)14-4-2/h3-8H2,1-2H3",diethyl hexanedioate,10.1021/je100231g,Gas Saturation Method,15,15,15,303.5,352.2,48.69999999999999,6,3,True,True
10.1021/je100231g#d6#p1,"InChI=1S/C8H14O4/c1-3-5-11-7(9)8(10)12-6-4-2/h3-6H2,1-2H3",di-n-propyl oxalate,10.1021/je100231g,Gas Saturation Method,15,15,15,293.6,333.5,39.89999999999998,5,3,True,True
10.1021/je100231g#d7#p1,"InChI=1S/C9H16O4/c1-3-5-12-8(10)7-9(11)13-6-4-2/h3-7H2,1-2H3","dipropyl 1,3-propanedioate",10.1021/je100231g,Gas Saturation Method,16,16,16,293.3,338.5,45.19999999999999,4,4,True,True
10.1021/je100231g#d8#p1,"InChI=1S/C10H18O4/c1-3-7-13-9(11)5-6-10(12)14-8-4-2/h3-8H2,1-2H3","butanedioic acid, dipropyl ester",10.1021/je100231g,Gas Saturation Method,14,14,14,308.3,343.5,35.19999999999999,5,4,True,True
10.1021/je100231g#d9#p1,"InChI=1S/C11H20O4/c1-3-8-14-10(12)6-5-7-11(13)15-9-4-2/h3-9H2,1-2H3","pentanedioic acid, dipropyl ester",10.1021/je100231g,Gas Saturation Method,19,19,19,313.3,353.5,40.19999999999999,5,6,True,True
10.1021/je100398m#d1#p1,"InChI=1S/C4H9I/c1-4(2)3-5/h4H,3H2,1-2H3",1-iodo-2-methylpropane,10.1021/je100398m,Closed cell (Static) method,24,10,10,258.35,303.23,44.879999999999995,3,3,True,True
10.1021/je100398m#d2#p1,"InChI=1S/C5H11I/c1-5(2)3-4-6/h5H,3-4H2,1-2H3",1-iodo-3-methylbutane,10.1021/je100398m,Closed cell (Static) method,28,20,11,253.68,303.29,49.610000000000014,4,2,True,True
10.1021/je100398m#d3#p1,"InChI=1S/C6H13I/c1-2-3-4-5-6-7/h2-6H2,1H3",1-iodohexane,10.1021/je100398m,Closed cell (Static) method,27,12,11,258.175,308.15,49.974999999999966,3,3,True,True
10.1021/je100398m#d4#p1,"InChI=1S/C6H11I/c7-6-4-2-1-3-5-6/h6H,1-5H2",iodocyclohexane,10.1021/je100398m,Closed cell (Static) method,26,11,11,258.17,308.16,49.99000000000001,3,3,True,True
10.1021/je1005054#d1#p1,"InChI=1S/C6H11NO/c8-6-4-2-1-3-5-7-6/h1-5H2,(H,7,8)",1-aza-2-cycloheptanone,10.1021/je1005054,Calculated from knudsen effusion weight loss,5,5,3,343,352.95,9.949999999999989,1,1,False,False
10.1021/je1005196#d1#p1,InChI=1S/C5H10O/c1-2-4-6-5-3-1/h1-5H2,tetrahydropyran,10.1021/je1005196,Closed cell (Static) method,1,1,1,298.15,298.15,0.0,1,1,False,False
10.1021/je1005196#d11#p1,"InChI=1S/C7H9N/c1-8-7-5-3-2-4-6-7/h2-6,8H,1H3",N-methylaniline,10.1021/je1005196,CCELL::UFactor:4,1,1,1,308.15,308.15,0.0,1,1,False,False
10.1021/je1005196#d13#p1,"InChI=1S/C7H9N/c1-6-4-2-3-5-7(6)8/h2-5H,8H2,1H3",2-methylaniline,10.1021/je1005196,Closed cell (Static) method,1,1,1,298.15,298.15,0.0,1,1,False,False
10.1021/je1005196#d15#p1,"InChI=1S/C7H9N/c1-6-4-2-3-5-7(6)8/h2-5H,8H2,1H3",2-methylaniline,10.1021/je1005196,CCELL::UFactor:4,1,1,1,308.15,308.15,0.0,1,1,False,False
10.1021/je1005196#d3#p1,InChI=1S/C5H10O/c1-2-4-6-5-3-1/h1-5H2,tetrahydropyran,10.1021/je1005196,CCELL:UFactor:8,1,1,1,308.15,308.15,0.0,1,1,False,False
10.1021/je1005196#d5#p1,"InChI=1S/C6H7N/c7-6-4-2-1-3-5-6/h1-5H,7H2",aniline,10.1021/je1005196,Closed cell (Static) method,1,1,1,298.15,298.15,0.0,1,1,False,False
10.1021/je1005196#d7#p1,"InChI=1S/C6H7N/c7-6-4-2-1-3-5-6/h1-5H,7H2",aniline,10.1021/je1005196,CCELL:UFactor:8,1,1,1,308.15,308.15,0.0,1,1,False,False
10.1021/je1005196#d9#p1,"InChI=1S/C7H9N/c1-8-7-5-3-2-4-6-7/h2-6,8H,1H3",N-methylaniline,10.1021/je1005196,Closed cell (Static) method,1,1,1,298.15,298.15,0.0,1,1,False,False
10.1021/je100577v#d1#p1,"InChI=1S/C10H18O/c1-9(2)8-4-6-10(3,11-9)7-5-8/h8H,4-7H2,1-3H3","1,3,3-trimethyl-2-oxabicyclo[2.2.2]octane",10.1021/je100577v,Ebulliometric method (Recirculating still),6,6,6,326.65,392.75,66.10000000000002,2,2,True,False
10.1021/je100577v#d3#p1,"InChI=1S/C3H8O/c1-2-3-4/h4H,2-3H2,1H3",propan-1-ol,10.1021/je100577v,Ebulliometric method (Recirculating still),3,3,3,319.65,332.95,13.300000000000011,1,1,False,False
10.1021/je100605v#d1#p1,"InChI=1S/C8H20O3Si/c1-5-9-12(8-4,10-6-2)11-7-3/h5-8H2,1-4H3",ethyltriethoxysilane,10.1021/je100605v,Closed cell (Static) method,36,36,36,335,432,97,20,5,True,True
10.1021/je100624p#d3#p1,"InChI=1S/C2H6O/c1-2-3/h3H,2H2,1H3",ethanol,10.1021/je100624p,Closed cell (Static) method,2,2,2,303.15,313.15,10.0,1,1,False,False
10.1021/je100624p#d4#p1,"InChI=1S/C3H8O/c1-3(2)4/h3-4H,1-2H3",propan-2-ol,10.1021/je100624p,Closed cell (Static) method,2,2,2,303.15,308.15,5.0,1,1,False,False
10.1021/je100801s#d10#p1,"InChI=1S/C7H6FNO/c8-6-3-1-2-5(4-6)7(9)10/h1-4H,(H2,9,10)",3-fluorobenzamide,10.1021/je100801s,Closed cell (Static) method,11,11,11,382.58,432,49.420000000000016,3,3,True,True
10.1021/je100801s#d14#p1,"InChI=1S/C7H6FNO/c8-6-3-1-5(2-4-6)7(9)10/h1-4H,(H2,9,10)",4-fluorobenzamide,10.1021/je100801s,Closed cell (Static) method,15,15,15,410.2,437.82,27.620000000000005,5,5,False,False
10.1021/je100801s#d5#p1,"InChI=1S/C7H6FNO/c8-6-4-2-1-3-5(6)7(9)10/h1-4H,(H2,9,10)",o-fluorobenzamide,10.1021/je100801s,Closed cell (Static) method,17,17,17,358.65,412.16,53.51000000000005,7,5,True,True
10.1021/je100803e#d1#p1,"InChI=1S/C4H6O3/c1-3-2-6-4(5)7-3/h3H,2H2,1H3","4-methyl-1,3-dioxolan-2-one",10.1021/je100803e,Ebulliometric method (Recirculating still),4,4,4,407.97,453.6,45.629999999999995,1,1,False,False
10.1021/je100803e#d11#p1,InChI=1S/C4H6O2/c5-4-2-1-3-6-4/h1-3H2,.gamma.-butyrolactone,10.1021/je100803e,Ebulliometric method (Recirculating still),4,4,4,376.99,420.76,43.76999999999998,1,1,False,False
10.1021/je100803e#d15#p1,"InChI=1S/C3H8O2/c1-3(5)2-4/h3-5H,2H2,1H3","1,2-propanediol",10.1021/je100803e,Ebulliometric method (Recirculating still),4,4,4,378,415.13,37.129999999999995,1,1,False,False
10.1021/je100803e#d6#p1,"InChI=1S/C8H14O4/c1-3-11-7(9)5-6-8(10)12-4-2/h3-6H2,1-2H3",diethyl butanedioate,10.1021/je100803e,Ebulliometric method (Recirculating still),4,4,4,392.46,437.53,45.06999999999999,1,1,False,False
10.1021/je100821g#d5#p1,"InChI=1S/C5H12O/c1-5(2,3)6-4/h1-4H3",2-methoxy-2-methylpropane,10.1021/je100821g,EBULLIO:UFactor:16,1,1,1,286.5,286.5,0.0,1,1,False,False
10.1021/je100832h#d1#p1,"InChI=1S/C4H8O2/c1-3-6-4(2)5/h3H2,1-2H3",ethyl acetate,10.1021/je100832h,Ebulliometric method (Recirculating still),3,3,3,297.17,306.25,9.079999999999984,1,1,False,False
10.1021/je100832h#d11#p1,"InChI=1S/C10H22/c1-3-5-7-9-10-8-6-4-2/h3-10H2,1-2H3",decane,10.1021/je100832h,Ebulliometric method (Recirculating still),2,2,2,386.86,390.21,3.349999999999966,1,1,False,False
10.1021/je100832h#d3#p1,"InChI=1S/C6H14/c1-3-5-6-4-2/h3-6H2,1-2H3",hexane,10.1021/je100832h,Ebulliometric method (Recirculating still),2,2,2,292.98,296.27,3.2899999999999636,1,1,False,False
10.1021/je100832h#d5#p1,"InChI=1S/C7H16/c1-3-5-7-6-4-2/h3-7H2,1-2H3",heptane,10.1021/je100832h,Ebulliometric method (Recirculating still),6,6,6,305.26,323.62,18.360000000000014,2,2,False,False
10.1021/je100832h#d9#p1,"InChI=1S/C9H20/c1-3-5-7-9-8-6-4-2/h3-9H2,1-2H3",nonane,10.1021/je100832h,Ebulliometric method (Recirculating still),2,2,2,365.3,369.25,3.9499999999999886,1,1,False,False
10.1021/je101131x#d1#p1,"InChI=1S/C2H4O2/c1-2(3)4/h1H3,(H,3,4)",acetic acid,10.1021/je101131x,EBULLIO:UFactor:6,3,3,3,323.15,343.15,20.0,1,1,False,False
10.1021/je101131x#d2#p1,"InChI=1S/C5H10O2/c1-3-4-7-5(2)6/h3-4H2,1-2H3",propyl ethanoate,10.1021/je101131x,EBULLIO:UFactor:6,1,1,1,323.15,323.15,0.0,1,1,False,False
10.1021/je101180r#d1#p1,"InChI=1S/C8H11N/c1-9(2)8-6-4-3-5-7-8/h3-7H,1-2H3","N,N-dimethylaniline",10.1021/je101180r,Ebulliometric method (Recirculating still),2,2,2,373.7,384.96,11.259999999999991,1,1,False,False
10.1021/je101180r#d2#p1,"InChI=1S/C6H8N2/c1-5-3-2-4-8-6(5)7/h2-4H,1H3,(H2,7,8)",2-amino-3-methylpyridine,10.1021/je101180r,Ebulliometric method (Recirculating still),2,2,2,402.57,413.74,11.170000000000016,1,1,False,False
10.1021/je101250d#d7#p1,"InChI=1S/C7H16/c1-3-5-7-6-4-2/h3-7H2,1-2H3",heptane,10.1021/je101250d,EBULLIO:UFactor:2,1,1,1,319.06,319.06,0.0,1,1,False,False
10.1021/je101259r#d2#p1,"InChI=1S/C2H7NO/c3-1-2-4/h4H,1-3H2",2-aminoethan-1-ol,10.1021/je101259r,EBULLIO:UFactor:32,3,3,3,358.6,385.7,27.099999999999966,1,1,False,False
10.1021/je101259r#d3#p1,"InChI=1S/C4H11NO2/c6-3-1-5-2-4-7/h5-7H,1-4H2",diethanolamine,10.1021/je101259r,EBULLIO:UFactor:8,5,5,5,427.5,452.4,24.899999999999977,2,2,False,False
10.1021/je101259r#d4#p1,"InChI=1S/C3H9NO/c1-4-2-3-5/h4-5H,2-3H2,1H3",2-(methylamino)ethanol,10.1021/je101259r,EBULLIO:UFactor:16,6,6,6,341.8,387.4,45.599999999999966,1,2,True,False
10.1021/je101259r#d5#p1,"InChI=1S/C4H11NO/c1-5(2)3-4-6/h6H,3-4H2,1-2H3","2-(N,N-dimethylamino)ethanol",10.1021/je101259r,EBULLIO:UFactor:16,6,6,6,309.5,360.9,51.39999999999998,1,2,True,False
10.1021/je101259r#d6#p1,"InChI=1S/C6H15NO/c1-3-7(4-2)5-6-8/h8H,3-6H2,1-2H3",(diethylamino)ethanol,10.1021/je101259r,EBULLIO:UFactor:16,6,6,6,333.2,383.9,50.69999999999999,1,2,True,False
10.1021/je101259r#d7#p1,"InChI=1S/C6H15NO2/c1-5(8)3-7-4-6(2)9/h5-9H,3-4H2,1-2H3",N-(2-hydroxypropyl)-2-hydroxy-1-propanamine,10.1021/je101259r,EBULLIO:UFactor:16,19,19,18,409.6,452.7,43.099999999999966,9,3,True,True
10.1021/je101259r#d8#p1,"InChI=1S/C4H11NO2/c5-1-3-7-4-2-6/h6H,1-5H2",2-(2-aminoethoxy)ethanol,10.1021/je101259r,EBULLIO:UFactor:16,8,8,8,391.5,443.9,52.39999999999998,2,3,True,False
10.1021/je101259r#d9#p1,"InChI=1S/C4H11NO/c1-4(2,5)3-6/h6H,3,5H2,1-2H3",2-amino-2-methylpropan-1-ol,10.1021/je101259r,EBULLIO:UFactor:16,6,6,6,347.5,392.3,44.80000000000001,1,2,True,False
10.1021/je101343m#d5#p1,InChI=1S/C4H4S/c1-2-4-5-3-1/h1-4H,thiophene,10.1021/je101343m,Closed cell (Static) method,4,4,1,308.135,308.135,0.0,1,1,False,False
10.1021/je200011e#d1#p1,"InChI=1S/C4H10O/c1-2-3-4-5/h5H,2-4H2,1H3",butan-1-ol,10.1021/je200011e,Closed cell (Static) method,10,10,10,278.15,323.15,45.0,3,3,True,True
10.1021/je200011e#d2#p1,"InChI=1S/C10H18O/c1-9(2)8-4-6-10(3,11-9)7-5-8/h8H,4-7H2,1-3H3","1,3,3-trimethyl-2-oxabicyclo[2.2.2]octane",10.1021/je200011e,Closed cell (Static) method,10,10,10,278.15,323.15,45.0,3,3,True,True
10.1021/je200098d#d1#p1,"InChI=1S/C8H8/c1-2-8-6-4-3-5-7-8/h2-7H,1H2",styrene,10.1021/je200098d,Ebulliometric method (Recirculating still),7,7,7,332.4,366.2,33.80000000000001,3,2,True,True
10.1021/je200098d#d2#p1,"InChI=1S/C8H10/c1-2-8-6-4-3-5-7-8/h3-7H,2H2,1H3",ethylbenzene,10.1021/je200098d,Ebulliometric method (Recirculating still),7,7,7,324.4,357.7,33.30000000000001,3,2,True,True
10.1021/je200111a#d3#p1,"InChI=1S/C5H10O3/c1-3-8-5(7)4(2)6/h4,6H,3H2,1-2H3/t4-/m0/s1",(S)-(-)-ethyl lactate,10.1021/je200111a,Ebulliometric method (Recirculating still),2,2,1,366.6,366.6,0.0,1,1,False,False
10.1021/je200111a#d6#p1,"InChI=1S/C5H12O/c1-5(2)3-4-6/h5-6H,3-4H2,1-2H3",3-methylbutan-1-ol,10.1021/je200111a,Ebulliometric method (Recirculating still),1,1,1,353.75,353.75,0.0,1,1,False,False
10.1021/je200111a#d9#p1,"InChI=1S/C5H12O/c1-2-3-4-5-6/h6H,2-5H2,1H3",pentan-1-ol,10.1021/je200111a,Ebulliometric method (Recirculating still),1,1,1,358.35,358.35,0.0,1,1,False,False
10.1021/je200128y#d2#p1,"InChI=1S/C12H11N/c1-3-7-11(8-4-1)13-12-9-5-2-6-10-12/h1-10,13H",diphenylamine,10.1021/je200128y,Transpiration method,19,19,18,328.3,373.1,44.80000000000001,7,5,True,True
10.1021/je2002489#d1#p1,"InChI=1S/C4H12N2O/c5-1-2-6-3-4-7/h6-7H,1-5H2",N-(2-aminoethyl)ethanolamine,10.1021/je2002489,Transpiration method,33,25,22,323.2,374.2,51.0,7,8,True,True
10.1021/je2002489#d2#p1,"InChI=1S/C7H18N2O/c1-8(2)4-5-9(3)6-7-10/h10H,4-7H2,1-3H3",2-{[2-(dimethylamino)ethyl](methyl)amino}ethanol,10.1021/je2002489,Transpiration method,31,31,31,293.4,353.2,59.80000000000001,9,10,True,True
10.1021/je2002489#d3#p1,"InChI=1S/C4H11NO2/c5-1-3-7-4-2-6/h6H,1-5H2",2-(2-aminoethoxy)ethanol,10.1021/je2002489,Transpiration method,23,23,23,303.2,359.2,56.0,7,7,True,True
10.1021/je2002489#d4#p1,"InChI=1S/C6H15NO2/c1-7(2)3-5-9-6-4-8/h8H,3-6H2,1-2H3",2-(2-dimethylaminoethoxy)ethanol,10.1021/je2002489,Transpiration method,31,31,31,293.3,353.2,59.89999999999998,9,10,True,True
10.1021/je200336c#d1#p1,"InChI=1S/C7H12N2/c1-3-5-9-6-4-8-7(9)2/h4,6H,3,5H2,1-2H3",2-methyl-1-propyl-1H-imidazole,10.1021/je200336c,Transpiration method,55,48,46,288.6,343.2,54.599999999999966,14,12,True,True
10.1021/je200336c#d2#p1,"InChI=1S/C8H14N2/c1-3-4-6-10-7-5-9-8(10)2/h5,7H,3-4,6H2,1-2H3",1-butyl-2-methyl-1H-imidazole,10.1021/je200336c,Transpiration method,26,24,24,293.6,343,49.39999999999998,7,7,True,True
10.1021/je200336c#d3#p1,"InChI=1S/C9H16N2/c1-3-4-5-7-11-8-6-10-9(11)2/h6,8H,3-5,7H2,1-2H3",2-methyl-1-pentyl-1H-imidazole,10.1021/je200336c,Transpiration method,26,26,25,303.3,354.2,50.89999999999998,10,6,True,True
10.1021/je200336c#d4#p1,"InChI=1S/C10H18N2/c1-3-4-5-6-8-12-9-7-11-10(12)2/h7,9H,3-6,8H2,1-2H3",1-hexyl-2-methyl-1H-imidazole,10.1021/je200336c,Transpiration method,18,18,18,313,362.9,49.89999999999998,5,7,True,True
10.1021/je200336c#d5#p1,"InChI=1S/C11H20N2/c1-3-4-5-6-7-9-13-10-8-12-11(13)2/h8,10H,3-7,9H2,1-2H3",1-heptyl-2-methyl-1H-imidazole,10.1021/je200336c,Transpiration method,32,30,30,313.2,368.4,55.19999999999999,8,10,True,True
10.1021/je200336c#d6#p1,"InChI=1S/C6H10N2/c1-3-8-5-4-7-6(8)2/h4-5H,3H2,1-2H3",1-ethyl-2-methyl-1H-imidazole,10.1021/je200336c,Transpiration method,32,32,29,293.5,363,69.5,5,13,True,True
10.1021/je200336c#d7#p1,"InChI=1S/C12H22N2/c1-3-4-5-6-7-8-10-14-11-9-13-12(14)2/h9,11H,3-8,10H2,1-2H3",2-methyl-1-octyl-1H-imidazole,10.1021/je200336c,Transpiration method,20,18,18,325.1,372.8,47.69999999999999,5,6,True,True
10.1021/je200336c#d8#p1,"InChI=1S/C13H24N2/c1-3-4-5-6-7-8-9-11-15-12-10-14-13(15)2/h10,12H,3-9,11H2,1-2H3",2-methyl-1-nonyl-1H-imidazole,10.1021/je200336c,Transpiration method,38,33,30,335.6,374.1,38.5,9,8,True,True
10.1021/je200336c#d9#p1,"InChI=1S/C14H26N2/c1-3-4-5-6-7-8-9-10-12-16-13-11-15-14(16)2/h11,13H,3-10,12H2,1-2H3",1-decyl-2-methyl-1H-imidazole,10.1021/je200336c,Transpiration method,15,15,15,344,382.7,38.69999999999999,5,5,True,True
10.1021/je200651r#d6#p1,InChI=1S/C3H6Cl2/c4-2-1-3-5/h1-3H2,"1,3-dichloropropane",10.1021/je200651r,Manometric method,1,1,1,343.15,343.15,0.0,1,1,False,False
10.1021/je200655s#d1#p1,"InChI=1S/C3H4O2/c1-2-3(4)5/h2H,1H2,(H,4,5)",propenoic acid,10.1021/je200655s,EBULLIO:UFactor:4,1,1,1,368.4,368.4,0.0,1,1,False,False
10.1021/je200655s#d2#p1,"InChI=1S/C2H4O2/c1-2(3)4/h1H3,(H,3,4)",acetic acid,10.1021/je200655s,EBULLIO:UFactor:4,1,1,1,345.27,345.27,0.0,1,1,False,False
10.1021/je200655s#d3#p1,"InChI=1S/C7H8/c1-7-5-3-2-4-6-7/h2-6H,1H3",toluene,10.1021/je200655s,EBULLIO:UFactor:4,1,1,1,335.25,335.25,0.0,1,1,False,False
10.1021/je200655s#d4#p1,InChI=1S/C6H12/c1-2-4-6-5-3-1/h1-6H2,cyclohexane,10.1021/je200655s,EBULLIO:UFactor:4,1,1,1,308.07,308.07,0.0,1,1,False,False
10.1021/je200683f#d1#p1,"InChI=1S/CH3NO/c2-1-3/h1H,(H2,2,3)",formamide,10.1021/je200683f,Transpiration method,17,16,16,303.4,376,72.60000000000002,5,5,True,True
10.1021/je200730m#d1#p1,"InChI=1S/C8H16O2/c1-3-5-6-7-8(9)10-4-2/h3-7H2,1-2H3",ethyl hexanoate,10.1021/je200730m,Closed cell (Static) method,13,13,13,253.41,382.15,128.73999999999998,4,3,True,True
10.1021/je200730m#d2#p1,"InChI=1S/C10H20O2/c1-3-5-6-7-8-9-10(11)12-4-2/h3-9H2,1-2H3",ethyl octanoate,10.1021/je200730m,Closed cell (Static) method,14,14,14,273.26,422.12,148.86,5,5,True,True
10.1021/je200730m#d3#p1,"InChI=1S/C12H24O2/c1-3-5-6-7-8-9-10-11-12(13)14-4-2/h3-11H2,1-2H3",ethyl decanoate,10.1021/je200730m,Closed cell (Static) method,11,11,11,303.1,452.28,149.17999999999995,5,4,True,True
10.1021/je200730m#d4#p1,"InChI=1S/C14H28O2/c1-3-5-6-7-8-9-10-11-12-13-14(15)16-4-2/h3-13H2,1-2H3",ethyl dodecanoate,10.1021/je200730m,Closed cell (Static) method,12,12,12,313.1,462.43,149.32999999999998,5,2,True,True
10.1021/je200730m#d5#p1,"InChI=1S/C16H32O2/c1-3-5-6-7-8-9-10-11-12-13-14-15-16(17)18-4-2/h3-15H2,1-2H3",ethyl tetradecanoate,10.1021/je200730m,Closed cell (Static) method,14,14,14,333.22,462.3,129.07999999999998,4,5,True,True
10.1021/je2007605#d4#p1,"InChI=1S/C9H10O2/c1-7-3-5-8(6-4-7)9(10)11-2/h3-6H,1-2H3",methyl 4-methylbenzoate,10.1021/je2007605,Closed cell (Static) method,29,29,29,293.03,348.75,55.72000000000003,9,9,True,True
10.1021/je2007605#d8#p1,"InChI=1S/C10H13NO2/c1-11(2)9-6-4-8(5-7-9)10(12)13-3/h4-7H,1-3H3",methyl 4-(dimethylamino)benzoate,10.1021/je2007605,Closed cell (Static) method,20,20,20,352.78,390.44,37.660000000000025,6,6,True,True
10.1021/je200766t#d1#p1,"InChI=1S/C3H8O3/c4-1-3(6)2-5/h3-6H,1-2H2",glycerol,10.1021/je200766t,Closed cell (Static) method,11,11,11,351.8,462.86,111.06,3,4,True,True
10.1021/je200766t#d2#p1,"InChI=1S/C3H8O2/c4-2-1-3-5/h4-5H,1-3H2","propan-1,3-diol",10.1021/je200766t,Closed cell (Static) method,15,15,14,313.2,431.74,118.54000000000002,4,4,True,True
10.1021/je200820v#d1#p1,"InChI=1S/C7H16/c1-3-5-7-6-4-2/h3-7H2,1-2H3",heptane,10.1021/je200820v,Closed cell (Static) method,6,6,6,273.15,323.15,50.0,2,1,True,False
10.1021/je200820v#d2#p1,"InChI=1S/C6H16N2/c1-3-8(4-2)6-5-7/h3-7H2,1-2H3","N,N-diethylethane-1,2-diamine",10.1021/je200820v,Closed cell (Static) method,10,10,10,273.15,363.15,90.0,3,3,True,True
10.1021/je200840e#d1#p1,"InChI=1S/C4H10O/c1-2-3-4-5/h5H,2-4H2,1H3",butan-1-ol,10.1021/je200840e,Closed cell (Static) method,5,1,1,313.15,313.15,0.0,1,1,False,False
10.1021/je200840e#d2#p1,"InChI=1S/C7H16/c1-3-5-7-6-4-2/h3-7H2,1-2H3",heptane,10.1021/je200840e,Closed cell (Static) method,1,1,1,313.15,313.15,0.0,1,1,False,False
10.1021/je200840e#d4#p1,"InChI=1S/C7H8/c1-7-5-3-2-4-6-7/h2-6H,1H3",toluene,10.1021/je200840e,Closed cell (Static) method,1,1,1,313.15,313.15,0.0,1,1,False,False
10.1021/je200840e#d5#p1,"InChI=1S/C8H18/c1-7(2)6-8(3,4)5/h7H,6H2,1-5H3","2,2,4-trimethylpentane",10.1021/je200840e,Closed cell (Static) method,1,1,1,313.15,313.15,0.0,1,1,False,False
10.1021/je200840e#d6#p1,"InChI=1S/C12H26/c1-3-5-7-9-11-12-10-8-6-4-2/h3-12H2,1-2H3",dodecane,10.1021/je200840e,Closed cell (Static) method,1,1,1,313.15,313.15,0.0,1,1,False,False
10.1021/je2008704#d2#p1,"InChI=1S/C2H6O2/c3-1-2-4/h3-4H,1-2H2","1,2-ethanediol",10.1021/je2008704,Ebulliometric method (Recirculating still),2,2,2,412.81,422.78,9.96999999999997,1,1,False,False
10.1021/je201032t#d2#p1,"InChI=1S/C3H8O/c1-2-3-4/h4H,2-3H2,1H3",propan-1-ol,10.1021/je201032t,Ebulliometric method (Recirculating still),1,1,1,323,323,0,1,1,False,False
10.1021/je201032t#d4#p1,"InChI=1S/C12H26/c1-3-5-7-9-11-12-10-8-6-4-2/h3-12H2,1-2H3",dodecane,10.1021/je201032t,Ebulliometric method (Recirculating still),5,5,5,323,369.2,46.19999999999999,2,1,False,False
10.1021/je201140q#d8#p1,InChI=1S/C5H10O/c1-2-4-6-5-3-1/h1-5H2,tetrahydropyran,10.1021/je201140q,Ebulliometric method (Recirculating still),1,1,1,312.59,312.59,0.0,1,1,False,False
10.1021/je201284y#d1#p1,"InChI=1S/C4H10O/c1-3-4(2)5/h4-5H,3H2,1-2H3",butan-2-ol,10.1021/je201284y,Closed cell (Static) method,5,1,1,313.15,313.15,0.0,1,1,False,False
10.1021/je201284y#d2#p1,"InChI=1S/C7H16/c1-3-5-7-6-4-2/h3-7H2,1-2H3",heptane,10.1021/je201284y,Closed cell (Static) method,1,1,1,313.15,313.15,0.0,1,1,False,False
10.1021/je201284y#d4#p1,"InChI=1S/C7H8/c1-7-5-3-2-4-6-7/h2-6H,1H3",toluene,10.1021/je201284y,Closed cell (Static) method,1,1,1,313.15,313.15,0.0,1,1,False,False
10.1021/je201284y#d5#p1,"InChI=1S/C8H18/c1-7(2)6-8(3,4)5/h7H,6H2,1-5H3","2,2,4-trimethylpentane",10.1021/je201284y,Closed cell (Static) method,1,1,1,313.15,313.15,0.0,1,1,False,False
10.1021/je201284y#d6#p1,"InChI=1S/C12H26/c1-3-5-7-9-11-12-10-8-6-4-2/h3-12H2,1-2H3",dodecane,10.1021/je201284y,Closed cell (Static) method,1,1,1,313.15,313.15,0.0,1,1,False,False
10.1021/je300312c#d4#p1,"InChI=1S/C8H8N2/c1-10-6-9-7-4-2-3-5-8(7)10/h2-6H,1H3",1-methylbenzimidazole,10.1021/je300312c,Transpiration method,30,30,30,314.2,376,61.80000000000001,9,8,True,True
10.1021/je300312c#d5#p1,"InChI=1S/C9H10N2/c1-2-11-7-10-8-5-3-4-6-9(8)11/h3-7H,2H2,1H3",1-ethyl-1H-benzimidazole,10.1021/je300312c,Transpiration method,19,19,19,328.8,375.1,46.30000000000001,5,6,True,True
10.1021/je300312c#d6#p1,"InChI=1S/C10H12N2/c1-2-7-12-8-11-9-5-3-4-6-10(9)12/h3-6,8H,2,7H2,1H3",1-propyl-1H-benzimidazole,10.1021/je300312c,Transpiration method,21,21,21,326.7,375.9,49.19999999999999,6,8,True,True
10.1021/je300312c#d7#p1,"InChI=1S/C11H14N2/c1-2-3-8-13-9-12-10-6-4-5-7-11(10)13/h4-7,9H,2-3,8H2,1H3",1-butyl-1H-benzimidazole,10.1021/je300312c,Transpiration method,21,21,21,332.3,375,42.69999999999999,6,6,True,True
10.1021/je300312c#d8#p1,"InChI=1S/C12H16N2/c1-2-3-6-9-14-10-13-11-7-4-5-8-12(11)14/h4-5,7-8,10H,2-3,6,9H2,1H3",1-pentyl-1H-benzimidazole,10.1021/je300312c,Transpiration method,19,17,16,341.2,375.8,34.60000000000002,4,6,True,True
10.1021/je300347z#d12#p1,"InChI=1S/C4H10O/c1-2-3-4-5/h5H,2-4H2,1H3",butan-1-ol,10.1021/je300347z,EBULLIO:UFactor:4,2,2,2,337.2,351.1,13.900000000000034,1,1,False,False
10.1021/je300347z#d15#p1,"InChI=1S/C5H12O/c1-2-3-4-5-6/h6H,2-5H2,1H3",pentan-1-ol,10.1021/je300347z,EBULLIO:UFactor:4,2,2,2,354,368.7,14.699999999999989,1,1,False,False
10.1021/je300347z#d18#p1,"InChI=1S/C6H14O/c1-2-3-4-5-6-7/h7H,2-6H2,1H3",hexan-1-ol,10.1021/je300347z,EBULLIO:UFactor:4,2,2,2,369.8,385.7,15.899999999999977,1,1,False,False
10.1021/je300347z#d21#p1,"InChI=1S/C10H16/c1-8(2)10-6-4-9(3)5-7-10/h4,10H,1,5-7H2,2-3H3/t10-/m0/s1",(R)-1-methyl-4-(1-methylethenyl)cyclohexene,10.1021/je300347z,EBULLIO:UFactor:4,2,2,2,375.5,394.5,19.0,1,1,False,False
10.1021/je300347z#d3#p1,"InChI=1S/C2H6O/c1-2-3/h3H,2H2,1H3",ethanol,10.1021/je300347z,EBULLIO:UFactor:2,2,2,2,302.4,315.4,13.0,1,1,False,False
10.1021/je300347z#d6#p1,"InChI=1S/C3H8O/c1-2-3-4/h4H,2-3H2,1H3",propan-1-ol,10.1021/je300347z,EBULLIO:UFactor:4,2,2,2,319.6,332.8,13.199999999999989,1,1,False,False
10.1021/je300347z#d9#p1,"InChI=1S/C3H8O/c1-3(2)4/h3-4H,1-2H3",propan-2-ol,10.1021/je300347z,EBULLIO:UFactor:4,2,2,2,307.1,319.9,12.799999999999955,1,1,False,False
10.1021/je3003699#d1#p1,"InChI=1S/C17H34O2/c1-3-4-5-6-7-8-9-10-11-12-13-14-15-16-17(18)19-2/h3-16H2,1-2H3",methyl hexadecanoate,10.1021/je3003699,Ebulliometric method (Recirculating still),3,3,3,408.3,490.8,82.5,1,1,False,False
10.1021/je3003699#d2#p1,"InChI=1S/C19H38O2/c1-3-4-5-6-7-8-9-10-11-12-13-14-15-16-17-18-19(20)21-2/h3-18H2,1-2H3",methyl octadecanoate,10.1021/je3003699,Ebulliometric method (Recirculating still),2,2,2,427.5,472.2,44.69999999999999,1,1,False,False
10.1021/je3004194#d12#p1,InChI=1S/C4H5N/c1-2-4-5-3-1/h1-5H,pyrrole,10.1021/je3004194,Ebulliometric method (Recirculating still),4,4,4,339.9,356.2,16.30000000000001,2,1,False,False
10.1021/je3004194#d3#p1,"InChI=1S/C4H10O/c1-2-3-4-5/h5H,2-4H2,1H3",butan-1-ol,10.1021/je3004194,Ebulliometric method (Recirculating still),2,2,2,337.2,351.1,13.900000000000034,1,1,False,False
10.1021/je3004194#d6#p1,"InChI=1S/C3H8O/c1-2-3-4/h4H,2-3H2,1H3",propan-1-ol,10.1021/je3004194,Ebulliometric method (Recirculating still),2,2,2,319.5,332.9,13.399999999999977,1,1,False,False
10.1021/je3004194#d9#p1,"InChI=1S/C5H12O/c1-2-3-4-5-6/h6H,2-5H2,1H3",pentan-1-ol,10.1021/je3004194,Ebulliometric method (Recirculating still),4,4,4,353.2,368.7,15.5,1,2,False,False
10.1021/je300584m#d10#p1,"InChI=1S/C13H10O/c14-13-11-7-3-1-5-9(11)10-6-2-4-8-12(10)13/h1-8,13-14H",9H-fluoren-9-ol,10.1021/je300584m,Closed cell (Static) method,20,19,17,409.98,441.42,31.439999999999998,5,5,True,True
10.1021/je300584m#d5#p1,InChI=1S/C13H8O/c14-13-11-7-3-1-5-9(11)10-6-2-4-8-12(10)13/h1-8H,9(9H)-fluorenone,10.1021/je300584m,Closed cell (Static) method,56,56,55,331.79,440.85,109.06,17,17,True,True
10.1021/je300670n#d10#p1,"InChI=1S/C4H10O/c1-3-4(2)5/h4-5H,3H2,1-2H3",butan-2-ol,10.1021/je300670n,Ebulliometric method (Recirculating still),1,1,1,330.11,330.11,0.0,1,1,False,False
10.1021/je300670n#d13#p1,"InChI=1S/C5H12O/c1-4-5(2,3)6/h6H,4H2,1-3H3",2-methylbutan-2-ol,10.1021/je300670n,Ebulliometric method (Recirculating still),1,1,1,334.98,334.98,0.0,1,1,False,False
10.1021/je300670n#d4#p1,"InChI=1S/C7H16O/c1-5-7(3,4)8-6-2/h5-6H2,1-4H3","1,1-dimethylpropyl ethyl ether",10.1021/je300670n,Ebulliometric method (Recirculating still),1,1,1,324.31,324.31,0.0,1,1,False,False
10.1021/je300670n#d7#p1,"InChI=1S/C4H10O/c1-2-3-4-5/h5H,2-4H2,1H3",butan-1-ol,10.1021/je300670n,Ebulliometric method (Recirculating still),1,1,1,345.91,345.91,0.0,1,1,False,False
10.1021/je300678r#d1#p1,"InChI=1S/C6H12O/c1-5(2)4-6(3)7/h5H,4H2,1-3H3",4-methylpentan-2-one,10.1021/je300678r,Ebulliometric method (Recirculating still),2,2,2,340.18,340.66,0.4800000000000182,1,1,False,False
10.1021/je300678r#d4#p1,"InChI=1S/C5H12O/c1-4-5(2,3)6/h6H,4H2,1-3H3",2-methylbutan-2-ol,10.1021/je300678r,Ebulliometric method (Recirculating still),1,1,1,336.04,336.04,0.0,1,1,False,False
10.1021/je300678r#d7#p1,"InChI=1S/C8H18O/c1-3-5-6-8(4-2)7-9/h8-9H,3-7H2,1-2H3",2-ethyl-1-hexanol,10.1021/je300678r,Ebulliometric method (Recirculating still),2,2,2,389.76,407.11,17.350000000000023,1,1,False,False
10.1021/je300736k#d1#p1,"InChI=1S/C3H8O/c1-2-3-4/h4H,2-3H2,1H3",propan-1-ol,10.1021/je300736k,Closed cell (Static) method,10,10,10,278.15,323.15,45.0,3,3,True,True
10.1021/je300736k#d2#p1,"InChI=1S/C10H18O/c1-9(2)8-4-6-10(3,11-9)7-5-8/h8H,4-7H2,1-3H3","1,3,3-trimethyl-2-oxabicyclo[2.2.2]octane",10.1021/je300736k,Closed cell (Static) method,10,10,10,278.15,323.15,45.0,3,3,True,True
10.1021/je300784x#d1#p1,"InChI=1S/C8H10O2/c1-2-10-8-6-4-3-5-7(8)9/h3-6,9H,2H2,1H3",2-ethoxyphenol,10.1021/je300784x,Twin ebulliometer,11,11,11,380.221,428.48,48.259000000000015,4,4,True,True
10.1021/je300848z#d3#p1,"InChI=1S/C8H17Cl/c1-3-5-6-8(4-2)7-9/h8H,3-7H2,1-2H3",1-chloro-2-ethylhexane,10.1021/je300848z,Ebulliometric method (Recirculating still),3,3,3,371.05,385.85,14.800000000000011,1,2,False,False
10.1021/je3009649#d1#p1,"InChI=1S/C4H9N/c1-2-4-5-3-1/h5H,1-4H2",pyrrolidine,10.1021/je3009649,Ebulliometric method (Recirculating still),1,1,1,316.9,316.9,0.0,1,1,False,False
10.1021/je3009649#d2#p1,"InChI=1S/C4H11N/c1-2-3-4-5/h2-5H2,1H3",1-butanamine,10.1021/je3009649,Ebulliometric method (Recirculating still),1,1,1,308.3,308.3,0.0,1,1,False,False
10.1021/je300994y#d3#p1,"InChI=1S/C6H14O/c1-5(2)7-6(3)4/h5-6H,1-4H3",diisopropyl ether,10.1021/je300994y,Ebulliometric method (Recirculating still),5,5,5,287.06,298.03,10.96999999999997,2,1,False,False
10.1021/je300994y#d6#p1,"InChI=1S/C3H8O/c1-3(2)4/h3-4H,1-2H3",propan-2-ol,10.1021/je300994y,Ebulliometric method (Recirculating still),5,5,5,305.78,316.97,11.190000000000055,2,2,False,False
10.1021/je300994y#d9#p1,InChI=1S/C4H9NO/c1-4(6)5(2)3/h1-3H3,"N,N-dimethylethanamide",10.1021/je300994y,Ebulliometric method (Recirculating still),2,2,2,378.79,382.26,3.4699999999999704,1,1,False,False
10.1021/je3011979#d2#p1,"InChI=1S/C5H10O2/c1-3-4-7-5(2)6/h3-4H2,1-2H3",propyl ethanoate,10.1021/je3011979,Ebulliometric method (Recirculating still),4,4,4,318.35,328.95,10.599999999999966,2,1,False,False
10.1021/je301238f#d3#p1,"InChI=1S/C7H16O/c1-5-7(3,4)8-6-2/h5-6H2,1-4H3","1,1-dimethylpropyl ethyl ether",10.1021/je301238f,Ebulliometric method (Recirculating still),1,1,1,324.31,324.31,0.0,1,1,False,False
10.1021/je301238f#d5#p1,InChI=1S/C2H3N/c1-2-3/h1H3,acetonitrile,10.1021/je301238f,Ebulliometric method (Recirculating still),1,1,1,308.32,308.32,0.0,1,1,False,False
10.1021/je301238f#d7#p1,"InChI=1S/C3H5N/c1-2-3-4/h2H2,1H3",propanenitrile,10.1021/je301238f,Ebulliometric method (Recirculating still),1,1,1,322.25,322.25,0.0,1,1,False,False
10.1021/je301294a#d1#p1,"InChI=1S/C8H16O2/c1-3-5-6-7-8(9)10-4-2/h3-7H2,1-2H3",ethyl hexanoate,10.1021/je301294a,Closed cell (Static) method,2,2,2,373.15,383.15,10.0,1,1,False,False
10.1021/je301294a#d2#p1,"InChI=1S/C12H24O2/c1-3-5-6-7-8-9-10-11-12(13)14-4-2/h3-11H2,1-2H3",ethyl decanoate,10.1021/je301294a,Closed cell (Static) method,9,9,9,373.15,453.15,80.0,3,3,True,True
10.1021/je301294a#d3#p1,"InChI=1S/C16H32O2/c1-3-5-6-7-8-9-10-11-12-13-14-15-16(17)18-4-2/h3-15H2,1-2H3",ethyl tetradecanoate,10.1021/je301294a,Closed cell (Static) method,9,9,9,373.15,453.15,80.0,3,3,True,True
10.1021/je301294a#d4#p1,"InChI=1S/C14H30/c1-3-5-7-9-11-13-14-12-10-8-6-4-2/h3-14H2,1-2H3",tetradecane,10.1021/je301294a,Closed cell (Static) method,9,9,9,373.15,453.15,80.0,3,3,True,True
10.1021/je3013028#d3#p1,InChI=1S/C4H4S/c1-2-4-5-3-1/h1-4H,thiophene,10.1021/je3013028,Ebulliometric method (Recirculating still),1,1,1,308.14,308.14,0.0,1,1,False,False
10.1021/je301333b#d14#p1,"InChI=1S/C5H8O2/c1-3-5(6)7-4-2/h3H,1,4H2,2H3",ethyl propenoate,10.1021/je301333b,EBULLIO:UFactor:8,10,10,10,278.15,323.15,45.0,3,3,True,True
10.1021/je301333b#d21#p1,"InChI=1S/C7H12O2/c1-3-5-6-9-7(8)4-2/h4H,2-3,5-6H2,1H3",butyl 2-propenoate,10.1021/je301333b,EBULLIO:UFactor:8,19,19,19,278.15,368.15,90.0,6,6,True,True
10.1021/je301333b#d7#p1,"InChI=1S/C4H6O2/c1-3-4(5)6-2/h3H,1H2,2H3",methyl propenoate,10.1021/je301333b,EBULLIO:UFactor:8,7,7,7,278.15,308.15,30.0,2,2,True,False
10.1021/je3013638#d1#p1,"InChI=1S/C6H5Cl2N/c7-4-1-5(8)3-6(9)2-4/h1-3H,9H2","3,5-dichloroaniline",10.1021/je3013638,Closed cell (Static) method,8,8,8,446.6,469.09,22.489999999999952,5,1,False,False
10.1021/je400036b#d4#p1,"InChI=1S/C6H12O2/c1-3-4-5-8-6(2)7/h3-5H2,1-2H3",butyl ethanoate,10.1021/je400036b,Ebulliometric method (Recirculating still),2,2,2,347.83,350.12,2.2900000000000205,1,1,False,False
10.1021/je400082c#d1#p1,"InChI=1S/C2H6O2/c3-1-2-4/h3-4H,1-2H2","1,2-ethanediol",10.1021/je400082c,EBULLIO:UFactor:8,15,15,15,386.15,416.45,30.30000000000001,5,4,True,True
10.1021/je400082c#d2#p1,"InChI=1S/C3H8O2/c1-3(5)2-4/h3-5H,2H2,1H3","1,2-propanediol",10.1021/je400082c,Ebulliometric method (Recirculating still),1,1,1,398.23,398.23,0.0,1,1,False,False
10.1021/je400082c#d3#p1,"InChI=1S/C4H10O2/c1-2-4(6)3-5/h4-6H,2-3H2,1H3","1,2-butanediol",10.1021/je400082c,EBULLIO:UFactor:8,12,12,12,372.06,421.49,49.43000000000001,4,2,True,True
10.1021/je400082c#d4#p1,"InChI=1S/C4H10O2/c1-4(6)2-3-5/h4-6H,2-3H2,1H3","1,3-butanediol",10.1021/je400082c,EBULLIO:UFactor:8,14,14,14,387.75,433.71,45.95999999999998,6,2,True,True
10.1021/je400136y#d1#p1,"InChI=1S/C6H15NS/c1-3-7(4-2)5-6-8/h8H,3-6H2,1-2H3",2-(diethylamino)ethane-1-thiol,10.1021/je400136y,Transpiration method,3,3,3,275.15,295.15,20.0,1,1,False,False
10.1021/je400136y#d3#p1,"InChI=1S/C4H11NS/c1-5(2)3-4-6/h6H,3-4H2,1-2H3",2-(dimethylamino)ethane-1-thiol,10.1021/je400136y,Transpiration method,3,3,3,278.15,296.15,18.0,1,1,False,False
10.1021/je400136y#d5#p1,"InChI=1S/C8H19NS/c1-7(2)9(5-6-10)8(3)4/h7-8,10H,5-6H2,1-4H3",2-(diisopropylamino)ethane-1-thiol,10.1021/je400136y,Transpiration method,3,3,3,275.15,295.65,20.5,1,1,False,False
10.1021/je400205g#d1#p1,"InChI=1S/C7H7F9O/c8-4(9,2-1-3-17)5(10,11)6(12,13)7(14,15)16/h17H,1-3H2","4,4,5,5,6,6,7,7,7-nonafluoro-1-heptanol",10.1021/je400205g,Transpiration method,4,4,4,273.15,309.15,36.0,1,2,False,False
10.1021/je400205g#d2#p1,"InChI=1S/C10H3F17/c1-2-3(11,12)4(13,14)5(15,16)6(17,18)7(19,20)8(21,22)9(23,24)10(25,26)27/h2H,1H2","3,3,4,4,5,5,6,6,7,7,8,8,9,9,10,10,10-heptadecafluoro-1-decene",10.1021/je400205g,Transpiration method,4,4,4,254.15,309.15,54.99999999999997,1,1,False,False
10.1021/je400205g#d4#p1,"InChI=1S/C6HF11O2/c7-2(8,1(18)19)3(9,10)4(11,12)5(13,14)6(15,16)17/h(H,18,19)","2,2,3,3,4,4,5,5,6,6,6-undecafluorohexanoic acid",10.1021/je400205g,Transpiration method,3,3,3,293.15,308.15,15.0,1,1,False,False
10.1021/je400205g#d5#p1,"InChI=1S/C10H5F15O2/c1-2-27-3(26)4(11,12)5(13,14)6(15,16)7(17,18)8(19,20)9(21,22)10(23,24)25/h2H2,1H3",ethyl perfluorooctanoate,10.1021/je400205g,Transpiration method,4,4,4,263.15,308.15,45.0,1,1,False,False
10.1021/je400205g#d6#p1,"InChI=1S/C5HF9O4/c6-2(7,1(15)16)17-3(8,9)4(10,11)18-5(12,13)14/h(H,15,16)","2,2-difluoro-2-(1,1,2,2-tetrafluoro-2-(trifluoromethoxy)ethoxy)acetic acid",10.1021/je400205g,Transpiration method,4,4,4,263.15,308.15,45.0,1,1,False,False
10.1021/je400212t#d1#p1,"InChI=1S/C7H9N/c8-6-7-4-2-1-3-5-7/h1-5H,6,8H2",benzylamine,10.1021/je400212t,Transpiration method,46,35,31,275.5,315.6,40.10000000000002,10,8,True,True
10.1021/je400212t#d4#p1,"InChI=1S/C8H11N/c9-7-6-8-4-2-1-3-5-8/h1-5H,6-7,9H2",2-phenylethylamine,10.1021/je400212t,Transpiration method,31,26,23,285.2,323.2,38.0,8,5,True,True
10.1021/je400212t#d5#p1,"InChI=1S/C8H11N/c1-7(9)8-5-3-2-4-6-8/h2-7H,9H2,1H3",1-phenylethanamine,10.1021/je400212t,Transpiration method,12,11,11,283.6,322.8,39.19999999999999,3,4,True,True
10.1021/je400212t#d6#p1,"InChI=1S/C10H23N/c1-2-3-4-5-6-7-8-9-10-11/h2-11H2,1H3",1-decanamine,10.1021/je400212t,Transpiration method,32,25,25,299.1,343,43.89999999999998,7,9,True,True
10.1021/je400212t#d7#p1,"InChI=1S/C7H17N/c1-2-3-4-5-6-7-8/h2-8H2,1H3",1-heptanamine,10.1021/je400212t,Transpiration method,14,14,14,280.2,306.2,26.0,4,4,False,False
10.1021/je400212t#d8#p1,"InChI=1S/C8H19N/c1-2-3-4-5-6-7-8-9/h2-9H2,1H3",1-octanamine,10.1021/je400212t,Transpiration method,31,26,22,274.2,313.3,39.10000000000002,7,6,True,True
10.1021/je400373d#d1#p1,"InChI=1S/C5H13NO2/c1-6(2-4-7)3-5-8/h7-8H,2-5H2,1H3",N-methyldiethanolamine,10.1021/je400373d,Ebulliometric method (Recirculating still),2,2,1,467.37,467.37,0.0,1,1,False,False
10.1021/je400373d#d2#p1,"InChI=1S/C2H6O2/c3-1-2-4/h3-4H,1-2H2","1,2-ethanediol",10.1021/je400373d,Ebulliometric method (Recirculating still),2,2,1,422.775,422.775,0.0,1,1,False,False
10.1021/je400373d#d4#p1,"InChI=1S/C3H9NO/c1-4-2-3-5/h4-5H,2-3H2,1H3",2-(methylamino)ethanol,10.1021/je400373d,Ebulliometric method (Recirculating still),2,2,1,388.02,388.02,0.0,1,1,False,False
10.1021/je4004417#d2#p1,"InChI=1S/C5H9NO2/c7-5-6-1-3-8-4-2-6/h5H,1-4H2",N-formylmorpholine,10.1021/je4004417,Closed cell (Static) method,4,3,3,343.15,393.15,50.0,1,1,False,False
10.1021/je4004977#d1#p1,"InChI=1S/C12H26O5/c1-9(14)6-15-11(3)8-17-12(4)7-16-10(2)5-13/h9-14H,5-8H2,1-4H3",2-[2-[2-(2-hydroxypropoxy)propoxy]propoxy]-1-propanol,10.1021/je4004977,Closed cell (Static) method,5,5,5,409.85,492.15,82.29999999999995,3,1,False,False
10.1021/je4004993#d3#p1,InChI=1S/C4H8O/c1-2-4-5-3-1/h1-4H2,tetrahydrofuran,10.1021/je4004993,Ebulliometric method (Recirculating still),3,3,3,290.03,294.92,4.890000000000043,1,1,False,False
10.1021/je4004993#d6#p1,InChI=1S/C6H12/c1-2-4-6-5-3-1/h1-6H2,cyclohexane,10.1021/je4004993,Ebulliometric method (Recirculating still),6,6,6,290,305.93,15.930000000000007,2,2,False,False
10.1021/je4004993#d9#p1,"InChI=1S/C3H8O2/c1-3(5)2-4/h3-5H,2H2,1H3","1,2-propanediol",10.1021/je4004993,Ebulliometric method (Recirculating still),8,8,8,390.26,414.71,24.44999999999999,3,3,False,False
10.1021/je400510j#d2#p1,InChI=1S/C5H5N/c1-2-4-6-5-3-1/h1-5H,pyridine,10.1021/je400510j,Closed cell (Static) method,7,4,4,288.15,303.15,15.0,1,1,False,False
10.1021/je400510j#d3#p1,InChI=1S/C4H4S/c1-2-4-5-3-1/h1-4H,thiophene,10.1021/je400510j,Closed cell (Static) method,7,4,4,288.15,303.15,15.0,1,1,False,False
10.1021/je400510j#d4#p1,"InChI=1S/C7H8/c1-7-5-3-2-4-6-7/h2-6H,1H3",toluene,10.1021/je400510j,Closed cell (Static) method,6,4,4,288.15,303.15,15.0,1,1,False,False
10.1021/je400531a#d3#p1,InChI=1S/C2H3N/c1-2-3/h1H3,acetonitrile,10.1021/je400531a,Ebulliometric method (Recirculating still),1,1,1,307.22,307.22,0.0,1,1,False,False
10.1021/je400531a#d8#p1,InChI=1S/C2H6OS/c1-4(2)3/h1-2H3,dimethyl sulfoxide,10.1021/je400531a,Ebulliometric method (Recirculating still),3,3,3,401.95,408.75,6.800000000000011,1,1,False,False
10.1021/je400551d#d1#p1,"InChI=1S/C2H5NO2/c1-5-2(3)4/h1H3,(H2,3,4)","carbamic acid, methyl ester",10.1021/je400551d,Manometric method,13,13,13,341.45,393.75,52.30000000000001,4,3,True,True
10.1021/je400551d#d2#p1,"InChI=1S/C8H9NO2/c1-11-8(10)9-7-5-3-2-4-6-7/h2-6H,1H3,(H,9,10)",methyl N-phenylcarbamate,10.1021/je400551d,Manometric method,21,20,20,372.5,418.45,45.94999999999999,4,7,True,True
10.1021/je400551d#d3#p1,"InChI=1S/C2H6O2/c3-1-2-4/h3-4H,1-2H2","1,2-ethanediol",10.1021/je400551d,Manometric method,13,13,13,336.45,408.25,71.80000000000001,6,3,True,True
10.1021/je400551d#d4#p1,"InChI=1S/C10H22/c1-3-5-7-9-10-8-6-4-2/h3-10H2,1-2H3",decane,10.1021/je400551d,Manometric method,15,15,15,299.25,382.83,83.57999999999998,7,4,True,True
10.1021/je400783h#d16#p1,"InChI=1S/C5H10O2/c6-4-5-2-1-3-7-5/h5-6H,1-4H2",2-tetrahydrofurylmethanol,10.1021/je400783h,Ebulliometric method (Recirculating still),19,19,19,303.15,393.15,90.0,6,6,True,True
10.1021/je400783h#d8#p1,"InChI=1S/C6H6O2/c1-5-2-3-6(4-7)8-5/h2-4H,1H3",5-methylfurfural,10.1021/je400783h,Ebulliometric method (Recirculating still),21,21,21,303.15,403.15,100.0,7,7,True,True
10.1021/je400885z#d10#p1,"InChI=1S/C4H10O/c1-2-3-4-5/h5H,2-4H2,1H3",butan-1-ol,10.1021/je400885z,CCELL:UFactor:8,1,1,1,333.15,333.15,0.0,1,1,False,False
10.1021/je400885z#d2#p1,InChI=1S/C5H4O2/c6-4-5-2-1-3-7-5/h1-4H,2-furaldehyde,10.1021/je400885z,CCELL:UFactor:8,2,1,1,373.15,373.15,0.0,1,1,False,False
10.1021/je400885z#d6#p1,InChI=1S/CS2/c2-1-3,carbon disulfide,10.1021/je400885z,CCELL:UFactor:8,1,1,1,273.15,273.15,0.0,1,1,False,False
10.1021/je400885z#d8#p1,"InChI=1S/C2H7NO/c3-1-2-4/h4H,1-3H2",2-aminoethan-1-ol,10.1021/je400885z,CCELL:UFactor:8,3,1,1,373.15,373.15,0.0,1,1,False,False
10.1021/je4009014#d1#p1,"InChI=1S/C3H8O2/c1-3(5)2-4/h3-5H,2H2,1H3","1,2-propanediol",10.1021/je4009014,CCELL:UFactor:4,14,14,14,345.15,377.15,32.0,4,4,True,True
10.1021/je4009014#d2#p1,"InChI=1S/C6H14O3/c7-3-1-5-9-6-2-4-8/h7-8H,1-6H2","4-oxa-1,7-heptanediol",10.1021/je4009014,CCELL:UFactor:4,13,13,13,365.15,397.15,32.0,3,4,True,True
10.1021/je4009014#d3#p1,"InChI=1S/C9H20O4/c1-7(11)5-12-9(3)6-13-8(2)4-10/h7-11H,4-6H2,1-3H3",2-[2-(2-hydroxypropoxy)propoxy]-1-propanol,10.1021/je4009014,CCELL:UFactor:4,13,13,13,340.15,405.15,65.0,4,3,True,True
10.1021/je400951k#d1#p1,"InChI=1S/C8H18O/c1-2-3-4-5-6-7-8-9/h9H,2-8H2,1H3",octan-1-ol,10.1021/je400951k,Closed cell (Static) method,7,7,7,358.05,410.79,52.74000000000001,2,3,True,False
10.1021/je400951k#d3#p1,"InChI=1S/C10H16/c1-8(2)10-6-4-9(3)5-7-10/h4,10H,1,5-7H2,2-3H3",1-methyl-4-(1-methylethenyl)cyclohexene,10.1021/je400951k,Closed cell (Static) method,10,10,10,346.96,386.12,39.160000000000025,3,3,True,True
10.1021/je400951k#d4#p1,"InChI=1S/C12H20O2/c1-8(13)14-10-7-9-5-6-12(10,4)11(9,2)3/h9-10H,5-7H2,1-4H3/t9-,10-,12+/m1/s1","rel-(1R,2R,4R)-1,7,7-trimethylbicyclo[2.2.1]heptan-2-yl acetate",10.1021/je400951k,Closed cell (Static) method,12,12,12,381.09,442.35,61.26000000000005,3,3,True,True
10.1021/je400951k#d5#p1,"InChI=1S/C10H18/c1-7-4-5-8-6-9(7)10(8,2)3/h7-9H,4-6H2,1-3H3/t7-,8+,9+/m0/s1","(1RS,2SR,5RS)-2,6,6-trimethylbicyclo[3.1.1]heptane",10.1021/je400951k,Closed cell (Static) method,9,9,9,330.27,379.03,48.75999999999999,3,3,True,True
10.1021/je400951k#d6#p1,"InChI=1S/C10H18/c1-5-10(4)8-6-7-9(2)3/h5,7,10H,1,6,8H2,2-4H3","3,7-dimethyl-1,6-octadiene",10.1021/je400951k,Closed cell (Static) method,10,10,10,316.5,373.78,57.27999999999997,2,3,True,False
10.1021/je400951k#d7#p1,"InChI=1S/C10H20O/c1-5-9(2)7-6-8-10(3,4)11/h5,9,11H,1,6-8H2,2-4H3","2,6-dimethyl-7-octen-2-ol",10.1021/je400951k,Closed cell (Static) method,11,11,11,351.52,407.61,56.09000000000003,3,4,True,True
10.1021/je400980w#d1#p1,"InChI=1S/C2H6O2/c3-1-2-4/h3-4H,1-2H2","1,2-ethanediol",10.1021/je400980w,EBULLIO:UFactor:8,1,1,1,420.74,420.74,0.0,1,1,False,False
10.1021/je400980w#d2#p1,"InChI=1S/C4H10O2/c1-2-4(6)3-5/h4-6H,2-3H2,1H3","1,2-butanediol",10.1021/je400980w,EBULLIO:UFactor:4,1,1,1,420.46,420.46,0.0,1,1,False,False
10.1021/je401020e#d12#p1,"InChI=1S/C6H14O4/c7-1-3-9-5-6-10-4-2-8/h7-8H,1-6H2",triethylene glycol,10.1021/je401020e,Closed cell (Static) method,1,1,1,480.39,480.39,0.0,1,1,False,False
10.1021/je401020e#d3#p1,"InChI=1S/C2H6O2/c3-1-2-4/h3-4H,1-2H2","1,2-ethanediol",10.1021/je401020e,Closed cell (Static) method,3,3,2,406.02,423.18,17.160000000000025,1,1,False,False
10.1021/je401020e#d6#p1,"InChI=1S/C4H10O2/c5-3-1-2-4-6/h5-6H,1-4H2","1,4-butanediol",10.1021/je401020e,Closed cell (Static) method,2,2,2,437.48,454.63,17.149999999999977,1,1,False,False
10.1021/je401020e#d9#p1,"InChI=1S/C4H10O3/c5-1-3-7-4-2-6/h5-6H,1-4H2",diethylene glycol,10.1021/je401020e,Closed cell (Static) method,3,3,3,445.07,464.36,19.29000000000002,1,2,False,False
10.1021/je500092v#d2#p1,"InChI=1S/C4H10O/c1-2-3-4-5/h5H,2-4H2,1H3",butan-1-ol,10.1021/je500092v,Ebulliometric method (Recirculating still),1,1,1,337.8,337.8,0.0,1,1,False,False
10.1021/je500092v#d4#p1,"InChI=1S/C5H9NO/c1-6-4-2-3-5(6)7/h2-4H2,1H3",N-methylpyrrolidone,10.1021/je500092v,Ebulliometric method (Recirculating still),7,6,6,313.15,399.53,86.38,2,2,True,False
10.1021/je500110d#d3#p1,"InChI=1S/C16H22O4/c1-3-5-11-19-15(17)13-9-7-8-10-14(13)16(18)20-12-6-4-2/h7-10H,3-6,11-12H2,1-2H3",dibutyl phthalate,10.1021/je500110d,Transpiration method,6,6,6,353.6,378.5,24.899999999999977,2,2,False,False
10.1021/je500116z#d1#p1,"InChI=1S/C6H14/c1-3-5-6-4-2/h3-6H2,1-2H3",hexane,10.1021/je500116z,Ebulliometric method (Recirculating still),1,1,1,288.15,288.15,0.0,1,1,False,False
10.1021/je500116z#d2#p1,"InChI=1S/C4H9Cl/c1-3-4(2)5/h4H,3H2,1-2H3",2-chlorobutane,10.1021/je500116z,Ebulliometric method (Recirculating still),1,1,1,288.15,288.15,0.0,1,1,False,False
10.1021/je500116z#d3#p1,"InChI=1S/C4H9Cl/c1-4(2)3-5/h4H,3H2,1-2H3",1-chloro-2-methylpropane,10.1021/je500116z,Ebulliometric method (Recirculating still),1,1,1,288.15,288.15,0.0,1,1,False,False
10.1021/je500428d#d1#p1,"InChI=1S/C6H15O4P/c1-4-8-11(7,9-5-2)10-6-3/h4-6H2,1-3H3",ethyl phosphate,10.1021/je500428d,Calculated from knudsen effusion weight loss,5,5,5,271.25,283.15,11.899999999999977,1,2,False,False
10.1021/je500428d#d2#p1,"InChI=1S/C6H15O4P/c1-4-8-11(7,9-5-2)10-6-3/h4-6H2,1-3H3",ethyl phosphate,10.1021/je500428d,Transpiration method,2,2,2,289.15,295.15,6.0,1,1,False,False
10.1021/je500428d#d6#p1,"InChI=1S/C7H12O4/c1-3-10-6(8)5-7(9)11-4-2/h3-5H2,1-2H3","diethyl 1,3-propanedioate",10.1021/je500428d,Calculated from knudsen effusion weight loss,14,14,14,265.15,287.95,22.80000000000001,3,5,False,False
10.1021/je500606d#d1#p1,"InChI=1S/C5H12O3/c1-7-4-5(3-6)8-2/h5-6H,3-4H2,1-2H3","2,3-dimethoxy-1-propanol",10.1021/je500606d,Ebulliometric method (Recirculating still),3,3,3,337.95,398.1,60.150000000000034,1,1,False,False
10.1021/je500731x#d6#p1,"InChI=1S/C7H14O/c1-3-4-5-6-7(2)8/h3-6H2,1-2H3",2-heptanone,10.1021/je500731x,Ebulliometric method (Recirculating still),5,5,5,354.77,368.9,14.129999999999995,3,2,False,False
10.1021/je500731x#d7#p1,"InChI=1S/C7H14O/c1-3-5-6-7(8)4-2/h3-6H2,1-2H3",3-heptanone,10.1021/je500731x,Ebulliometric method (Recirculating still),4,4,4,354.82,367.95,13.129999999999995,1,2,False,False
10.1021/je500731x#d8#p1,"InChI=1S/C7H14O/c1-3-5-7(8)6-4-2/h3-6H2,1-2H3",4-heptanone,10.1021/je500731x,Ebulliometric method (Recirculating still),2,2,2,358.74,363.42,4.680000000000007,1,1,False,False
10.1021/je500784s#d1#p1,InChI=1S/C6H5Br/c7-6-4-2-1-3-5-6/h1-5H,bromobenzene,10.1021/je500784s,Transpiration method,16,16,16,276.4,303.4,27.0,4,4,False,False
10.1021/je500784s#d10#p1,"InChI=1S/C7H7I/c1-6-3-2-4-7(8)5-6/h2-5H,1H3",1-iodo-3-methylbenzene,10.1021/je500784s,Transpiration method,16,13,11,275.7,313.1,37.400000000000034,3,5,True,True
10.1021/je500784s#d13#p1,"InChI=1S/C7H7I/c1-6-2-4-7(8)5-3-6/h2-5H,1H3",4-iodotoluene,10.1021/je500784s,Transpiration method,7,7,7,308,332.9,24.899999999999977,2,3,False,False
10.1021/je500784s#d15#p1,"InChI=1S/C8H9Br/c1-6-4-3-5-7(2)8(6)9/h3-5H,1-2H3","2-bromo-1,3-dimethylbenzene",10.1021/je500784s,Transpiration method,14,13,12,274.2,305.3,31.100000000000023,4,4,True,True
10.1021/je500784s#d16#p1,"InChI=1S/C8H9I/c1-6-4-3-5-7(2)8(6)9/h3-5H,1-2H3","1-iodo-2,6-dimethylbenzene",10.1021/je500784s,Transpiration method,20,20,20,284.5,333.4,48.89999999999998,6,5,True,True
10.1021/je500784s#d17#p1,"InChI=1S/C8H9I/c1-6-3-4-8(9)7(2)5-6/h3-5H,1-2H3","1-iodo-2,4-dimethylbenzene",10.1021/je500784s,Transpiration method,15,14,14,293.5,328.5,35.0,5,4,True,True
10.1021/je500784s#d2#p1,InChI=1S/C6H5I/c7-6-4-2-1-3-5-6/h1-5H,iodobenzene,10.1021/je500784s,Transpiration method,12,12,12,283.8,314.6,30.80000000000001,4,4,True,True
10.1021/je500784s#d3#p1,"InChI=1S/C7H7Br/c1-6-4-2-3-5-7(6)8/h2-5H,1H3",2-bromotoluene,10.1021/je500784s,Transpiration method,21,12,12,281.2,313.1,31.900000000000034,3,5,True,True
10.1021/je500784s#d4#p1,"InChI=1S/C7H7Br/c1-6-3-2-4-7(8)5-6/h2-5H,1H3",1-bromo-3-methylbenzene,10.1021/je500784s,Transpiration method,27,24,22,274.2,308.2,34.0,6,9,True,True
10.1021/je500784s#d7#p1,"InChI=1S/C7H7Br/c1-6-2-4-7(8)5-3-6/h2-5H,1H3",4-bromotoluene,10.1021/je500784s,Transpiration method,17,17,17,301.9,335.3,33.400000000000034,5,5,True,True
10.1021/je500784s#d9#p1,"InChI=1S/C7H7I/c1-6-4-2-3-5-7(6)8/h2-5H,1H3",1-iodo-2-methylbenzene,10.1021/je500784s,Transpiration method,12,12,12,283.2,325.1,41.900000000000034,5,3,True,True
10.1021/je5008795#d33#p1,InChI=1S/C6H4Br2/c7-5-3-1-2-4-6(5)8/h1-4H,"1,2-dibromobenzene",10.1021/je5008795,Transpiration method,17,17,15,290.3,328.2,37.89999999999998,5,5,True,True
10.1021/je5008795#d4#p1,InChI=1S/C6H4Br2/c7-5-2-1-3-6(8)4-5/h1-4H,"1,3-dibromobenzene",10.1021/je5008795,Transpiration method,24,24,23,276.4,317.8,41.400000000000034,7,7,True,True
10.1021/je501033z#d1#p1,"InChI=1S/CH4O/c1-2/h2H,1H3",methanol,10.1021/je501033z,Closed cell (Static) method,4,4,4,274.15,293.15,19.0,1,2,False,False
10.1021/je501074b#d2#p1,"InChI=1S/C5H8O2/c1-4-2-3-5(6)7-4/h4H,2-3H2,1H3",.gamma.-valerolactone,10.1021/je501074b,Closed cell (Static) method,11,11,11,263.65,313.25,49.60000000000002,4,4,True,True
10.1021/je5010824#d3#p1,"InChI=1S/C2H6O2/c3-1-2-4/h3-4H,1-2H2","1,2-ethanediol",10.1021/je5010824,Ebulliometric method (Recirculating still),2,2,2,406.1,423.29,17.189999999999998,1,1,False,False
10.1021/je5010824#d6#p1,"InChI=1S/C3H8O2/c1-3(5)2-4/h3-5H,2H2,1H3","1,2-propanediol",10.1021/je5010824,Ebulliometric method (Recirculating still),3,3,2,398.255,414.88,16.625,1,1,False,False
10.1021/je5010824#d9#p1,"InChI=1S/C4H10O2/c1-2-4(6)3-5/h4-6H,2-3H2,1H3","1,2-butanediol",10.1021/je5010824,Ebulliometric method (Recirculating still),8,8,8,392.06,422.15,30.089999999999975,2,2,True,False
10.1021/je501106d#d4#p1,"InChI=1S/C6H14/c1-3-5-6-4-2/h3-6H2,1-2H3",hexane,10.1021/je501106d,Closed cell (Static) method,1,1,1,300.15,300.15,0.0,1,1,False,False
10.1021/je501106d#d8#p1,"InChI=1S/C7H16/c1-3-5-7-6-4-2/h3-7H2,1-2H3",heptane,10.1021/je501106d,Closed cell (Static) method,1,1,1,302.15,302.15,0.0,1,1,False,False
10.1021/je600559q#d2#p1,"InChI=1S/C7H14O/c1-6-4-2-3-5-7(6)8/h6-8H,2-5H2,1H3",2-methylcyclohexanol,10.1021/je600559q,TWINEBU:UFactor:2,16,15,15,361.23,389.56,28.329999999999984,4,5,False,False
10.1021/je600559q#d4#p1,"InChI=1S/C9H16O2/c1-7-5-3-4-6-9(7)11-8(2)10/h7,9H,3-6H2,1-2H3",2-methylcyclohexyl acetate,10.1021/je600559q,TWINEBU:UFactor:2,13,13,13,368.01,401.6,33.59000000000003,4,5,True,True
10.1021/je600566v#d2#p1,"InChI=1S/C6H5Cl2PS/c7-9(8,10)6-4-2-1-3-5-6/h1-5H",benzene phosphorus thiodichloride,10.1021/je600566v,CCELL:UFactor:12,13,13,13,417.8,448.1,30.30000000000001,4,4,True,True
10.1021/je700027n#d2#p1,"InChI=1S/C8H14O4/c1-11-7(9)5-3-4-6-8(10)12-2/h3-6H2,1-2H3","dimethyl 1,6-hexanedioate",10.1021/je700027n,CCELL:UFactor:16,8,8,8,353.15,443.15,90.0,3,2,True,True
10.1021/je700027n#d3#p1,"InChI=1S/C7H12O4/c1-10-6(8)4-3-5-7(9)11-2/h3-5H2,1-2H3",dimethyl pentanedioate,10.1021/je700027n,CCELL:UFactor:16,3,2,2,393.15,413.15,20.0,1,1,False,False
10.1021/je700027n#d4#p1,"InChI=1S/C5H8O4/c6-4(7)2-1-3-5(8)9/h1-3H2,(H,6,7)(H,8,9)","1,5-pentanedioic acid",10.1021/je700027n,CCELL:UFactor:16,3,3,3,433.15,453.15,20.0,1,1,False,False
10.1021/je7000683#d5#p1,"InChI=1S/C6H11NO/c8-6-4-2-1-3-5-7-6/h1-5H2,(H,7,8)",1-aza-2-cycloheptanone,10.1021/je7000683,Calculated from knudsen effusion weight loss,3,3,3,315.3,331.9,16.599999999999966,1,1,False,False
10.1021/je700094y#d4#p1,"InChI=1S/C5H10O/c1-3-5-6-4-2/h4H,2-3,5H2,1H3",propyl vinyl ether,10.1021/je700094y,EBULLIO:UFactor:64,1,1,1,296.02,296.02,0.0,1,1,False,False
10.1021/je7001122#d1#p1,"InChI=1S/C10H22/c1-3-5-7-9-10-8-6-4-2/h3-10H2,1-2H3",decane,10.1021/je7001122,Transpiration method,3,3,3,323.94,373.15,49.20999999999998,1,1,False,False
10.1021/je7001122#d2#p1,"InChI=1S/C24H50/c1-3-5-7-9-11-13-15-17-19-21-23-24-22-20-18-16-14-12-10-8-6-4-2/h3-24H2,1-2H3",tetracosane,10.1021/je7001122,Transpiration method,5,4,4,393.2,417.75,24.55000000000001,2,2,False,False
10.1021/je7001122#d3#p1,"InChI=1S/C24H50/c1-3-5-7-9-11-13-15-17-19-21-23-24-22-20-18-16-14-12-10-8-6-4-2/h3-24H2,1-2H3",tetracosane,10.1021/je7001122,Diaphragm manometer,7,6,6,393.2,452.6,59.400000000000034,1,2,True,False
10.1021/je7001122#d4#p1,"InChI=1S/C28H58/c1-3-5-7-9-11-13-15-17-19-21-23-25-27-28-26-24-22-20-18-16-14-12-10-8-6-4-2/h3-28H2,1-2H3",octacosane,10.1021/je7001122,Transpiration method,4,4,4,433.32,494.8,61.48000000000002,1,1,False,False
10.1021/je700270d#d1#p1,InChI=1S/C5H10O/c1-2-4-6-5-3-1/h1-5H2,tetrahydropyran,10.1021/je700270d,Closed cell (Static) method,7,7,6,257.96,300.01,42.05000000000001,2,3,True,False
10.1021/je700371w#d2#p1,"InChI=1S/C6H8N2/c1-5-3-2-4-8-6(5)7/h2-4H,1H3,(H2,7,8)",2-amino-3-methylpyridine,10.1021/je700371w,Closed cell (Static) method,22,22,22,328.7,435.66,106.96000000000004,8,8,True,True
10.1021/je7003947#d5#p1,"InChI=1S/C4H10O/c1-3-4(2)5/h4-5H,3H2,1-2H3",butan-2-ol,10.1021/je7003947,Closed cell (Static) method,1,1,1,323.17,323.17,0.0,1,1,False,False
10.1021/je700398k#d1#p1,"InChI=1S/C5H9NO/c1-6-4-2-3-5(6)7/h2-4H2,1H3",N-methylpyrrolidone,10.1021/je700398k,EBULLIO:UFactor:2,13,13,13,380.73,416.81,36.079999999999984,5,5,True,True
10.1021/je700398k#d2#p1,"InChI=1S/C7H13NO/c1-8-6-4-2-3-5-7(8)9/h2-6H2,1H3",1-methylazacycloheptan-2-one,10.1021/je700398k,EBULLIO:UFactor:2,11,11,11,402.95,443.09,40.139999999999986,3,3,True,True
10.1021/je700398k#d3#p1,"InChI=1S/C3H5ClO/c4-1-3-2-5-3/h3H,1-2H2","1-chloro-2,3-epoxypropane",10.1021/je700398k,EBULLIO:UFactor:2,11,11,11,315.67,339.71,24.039999999999964,4,4,False,False
10.1021/je700411p#d3#p1,"InChI=1S/C6H12O2/c1-3-4-5-8-6(2)7/h3-5H2,1-2H3",butyl ethanoate,10.1021/je700411p,Ebulliometric method (Recirculating still),7,7,7,334.36,351.02,16.659999999999968,2,3,False,False
10.1021/je700411p#d6#p1,"InChI=1S/C2H4O2/c1-2(3)4/h1H3,(H,3,4)",acetic acid,10.1021/je700411p,Ebulliometric method (Recirculating still),7,7,7,328.56,344.81,16.25,2,3,False,False
10.1021/je700512a#d1#p1,InChI=1S/C4H8O2/c1-2-6-4-3-5-1/h1-4H2,"1,4-dioxane",10.1021/je700512a,Ebulliometric method (Recirculating still),3,3,3,288.15,308.15,20.0,1,1,False,False
10.1021/je700517f#d1#p1,"InChI=1S/CH3NO/c2-1-3/h1H,(H2,2,3)",formamide,10.1021/je700517f,EBULLIO:UFactor:8,8,8,8,348.4,425.3,76.90000000000003,2,2,True,False
10.1021/je700546r#d27#p1,"InChI=1S/C6H11NO/c8-7-6-4-2-1-3-5-6/h8H,1-5H2",cyclohexanone oxime,10.1021/je700546r,Transpiration method,17,17,15,364.6,394.9,30.299999999999955,3,6,True,True
10.1021/je7005924#d2#p1,InChI=1S/C4H6O2/c1-3(5)4(2)6/h1-2H3,"2,3-butanedione",10.1021/je7005924,EBULLIO:UFactor:2,1,1,1,314.3,314.3,0.0,1,1,False,False
10.1021/je7005924#d3#p1,"InChI=1S/C5H8O2/c1-3-5(7)4(2)6/h3H2,1-2H3","2,3-pentanedione",10.1021/je7005924,EBULLIO:UFactor:2,1,1,1,331.84,331.84,0.0,1,1,False,False
10.1021/je7007523#d1#p1,"InChI=1S/C8H18O/c1-3-5-7-9-8-6-4-2/h3-8H2,1-2H3",dibutyl ether,10.1021/je7007523,Ebulliometric method (Recirculating still),7,1,1,313.15,313.15,0.0,1,1,False,False
10.1021/je7007523#d2#p1,"InChI=1S/C7H16/c1-3-5-7-6-4-2/h3-7H2,1-2H3",heptane,10.1021/je7007523,Ebulliometric method (Recirculating still),2,1,1,313.15,313.15,0.0,1,1,False,False
10.1021/je8000427#d2#p1,InChI=1S/C6H5Cl2OP/c7-10(8)9-6-4-2-1-3-5-6/h1-5H,phenyl phosphorodichloridite,10.1021/je8000427,CCELL:UFactor:8,15,15,15,363.25,427.13,63.879999999999995,5,5,True,True
10.1021/je800122x#d3#p1,"InChI=1S/C3H7ClO/c1-3(5)2-4/h3,5H,2H2,1H3",1-chloro-2-propanol,10.1021/je800122x,CCELL:UFactor:96,6,6,6,293.15,343.15,50.0,2,2,True,False
10.1021/je800122x#d5#p1,"InChI=1S/C6H12Cl2O/c1-5(2,7)9-6(3,4)8/h1-4H3","propane, 2,2'-oxybis[2-chloro-",10.1021/je800122x,CCELL:UFactor:64,11,11,11,303.15,367.15,64.0,6,2,True,True
10.1021/je8002282#d2#p1,InChI=1S/C3H6O3/c1-5-3(4)6-2/h1-2H3,dimethyl carbonate,10.1021/je8002282,CCELL:UFactor:24,2,2,2,293,313,20,1,1,False,False
10.1021/je800290k#d1#p1,"InChI=1S/C4H12N2/c1-6-4-2-3-5/h6H,2-5H2,1H3","N-methyl-1,3-diaminopropane",10.1021/je800290k,Ebulliometric method (Recirculating still),5,5,5,326.81,353.78,26.96999999999997,1,2,False,False
10.1021/je800290k#d2#p1,"InChI=1S/C2H7NO/c3-1-2-4/h4H,1-3H2",2-aminoethan-1-ol,10.1021/je800290k,Ebulliometric method (Recirculating still),8,8,8,357.46,398.01,40.55000000000001,2,3,True,False
10.1021/je800290k#d3#p1,"InChI=1S/C5H13NO2/c1-6(2-4-7)3-5-8/h7-8H,2-5H2,1H3",N-methyldiethanolamine,10.1021/je800290k,Ebulliometric method (Recirculating still),7,7,7,409.69,435.5,25.810000000000002,2,3,False,False
10.1021/je800298n#d9#p1,"InChI=1S/C5H12O/c1-5(2)3-4-6/h5-6H,3-4H2,1-2H3",3-methylbutan-1-ol,10.1021/je800298n,EBULLIO:UFactor:4,6,6,6,348.11,362.8,14.689999999999998,2,2,False,False
10.1021/je800333q#d10#p1,InChI=1S/C12H8OS/c1-3-7-11-9(5-1)13-10-6-2-4-8-12(10)14-11/h1-8H,phenoxathiin,10.1021/je800333q,CCELL:UFactor:0.5,23,18,10,327.995,372.865,44.870000000000005,2,4,True,False
10.1021/je800333q#d5#p1,"InChI=1S/C13H10O/c1-3-7-12-10(5-1)9-11-6-2-4-8-13(11)14-12/h1-8H,9H2",10H-9-oxaanthracene,10.1021/je800333q,CCELL:UFactor:0.5,26,20,12,357.975,381.85,23.875,5,3,False,False
10.1021/je8004672#d2#p1,"InChI=1S/C4H10O/c1-2-3-4-5/h5H,2-4H2,1H3",butan-1-ol,10.1021/je8004672,Closed cell (Static) method,3,2,1,318.375,318.375,0.0,1,1,False,False
10.1021/je800530u#d1#p1,"InChI=1S/C2H7NO/c3-1-2-4/h4H,1-3H2",2-aminoethan-1-ol,10.1021/je800530u,Closed cell (Static) method,17,17,17,283.34,363.09,79.75,5,5,True,True
10.1021/je800530u#d2#p1,"InChI=1S/C2H7NO/c3-1-2-4/h4H,1-3H2",2-aminoethan-1-ol,10.1021/je800530u,Closed cell (Static) method,9,9,9,283.15,363.15,80.0,3,3,True,True
10.1021/je800530u#d3#p1,"InChI=1S/C5H11NO/c1-6-2-4-7-5-3-6/h2-5H2,1H3",N-methylmorpholine,10.1021/je800530u,Closed cell (Static) method,14,14,14,273.18,338.18,65.0,4,4,True,True
10.1021/je800530u#d4#p1,"InChI=1S/C5H11NO/c1-6-2-4-7-5-3-6/h2-5H2,1H3",N-methylmorpholine,10.1021/je800530u,Closed cell (Static) method,3,3,3,313.15,333.15,20.0,1,1,False,False
10.1021/je800534x#d2#p1,"InChI=1S/C20H42/c1-3-5-7-9-11-13-15-17-19-20-18-16-14-12-10-8-6-4-2/h3-20H2,1-2H3",eicosane,10.1021/je800534x,Transpiration method,1,1,1,373.17,373.17,0.0,1,1,False,False
10.1021/je800535c#d9#p1,"InChI=1S/C2H6O/c1-2-3/h3H,2H2,1H3",ethanol,10.1021/je800535c,EBULLIO:UFactor:16,1,1,1,313.15,313.15,0.0,1,1,False,False
10.1021/je800603z#d1#p1,"InChI=1S/C7H9N/c8-6-7-4-2-1-3-5-7/h1-5H,6,8H2",benzylamine,10.1021/je800603z,Closed cell (Static) method,8,8,8,292.74,362.67,69.93,3,3,True,True
10.1021/je800603z#d2#p1,"InChI=1S/C6H15N/c1-4-7(5-2)6-3/h4-6H2,1-3H3",triethylamine,10.1021/je800603z,Closed cell (Static) method,3,3,3,273.04,312.82,39.77999999999997,1,1,False,False
10.1021/je800603z#d3#p1,"InChI=1S/C8H11N/c9-7-6-8-4-2-1-3-5-8/h1-5H,6-7,9H2",2-phenylethylamine,10.1021/je800603z,Closed cell (Static) method,9,9,9,273.26,351.79,78.53000000000003,3,3,True,True
10.1021/je800603z#d4#p1,"InChI=1S/C7H15N/c1-6-4-3-5-7(2)8-6/h6-8H,3-5H2,1-2H3/t6-,7+","2,6-lupetidine, cis-",10.1021/je800603z,Closed cell (Static) method,6,6,6,294.8,344.96,50.15999999999997,2,2,True,False
10.1021/je8007414#d10#p1,"InChI=1S/C10H18O/c1-5-10(4,11)8-6-7-9(2)3/h5,7,11H,1,6,8H2,2-4H3","3,7-dimethyl-1,6-octadien-3-ol",10.1021/je8007414,Ebulliometric method (Recirculating still),6,6,6,352.3,417.1,64.80000000000001,2,3,True,False
10.1021/je8007414#d14#p1,"InChI=1S/C10H16O/c1-9(2)5-4-6-10(3)7-8-11/h5,7-8H,4,6H2,1-3H3","3,7-dimethyl-2,6-octadienal (cis+trans)",10.1021/je8007414,Ebulliometric method (Recirculating still),6,6,6,371.6,444.3,72.69999999999999,2,3,True,False
10.1021/je8007414#d2#p1,"InChI=1S/C10H16/c1-7-4-5-8-6-9(7)10(8,2)3/h4,8-9H,5-6H2,1-3H3",2-pinene,10.1021/je8007414,Ebulliometric method (Recirculating still),6,6,6,308.9,374.4,65.5,2,3,True,False
10.1021/je8007414#d6#p1,"InChI=1S/C10H16/c1-8(2)10-6-4-9(3)5-7-10/h4,10H,1,5-7H2,2-3H3/t10-/m0/s1",(R)-1-methyl-4-(1-methylethenyl)cyclohexene,10.1021/je8007414,Ebulliometric method (Recirculating still),6,6,6,326.8,394.5,67.69999999999999,2,3,True,False
10.1021/je800888n#d1#p1,"InChI=1S/C4H8O2/c1-2-3-4(5)6/h2-3H2,1H3,(H,5,6)",butanoic acid,10.1021/je800888n,Closed cell (Static) method,20,20,13,273.15,363.115,89.96500000000003,3,5,True,True
10.1021/je800888n#d2#p1,"InChI=1S/C7H8/c1-7-5-3-2-4-6-7/h2-6H,1H3",toluene,10.1021/je800888n,Closed cell (Static) method,20,20,13,253.83,333.17499999999995,79.34499999999994,3,4,True,True
10.1021/je800896m#d5#p1,InChI=1S/C4H8S/c1-2-4-5-3-1/h1-4H2,tetrahydrothiophene,10.1021/je800896m,Closed cell (Static) method,3,2,1,318.345,318.345,0.0,1,1,False,False
10.1021/je800984q#d1#p1,"InChI=1S/C10H16/c1-2-9-7-4-5-8(6-7)10(9)3-1/h7-10H,1-6H2","tricyclo[5.2.1.0(2,6)]decane",10.1021/je800984q,EBULLIO:UFactor:8,2,2,2,393.98,396.02,2.0399999999999636,1,1,False,False
10.1021/je800984q#d4#p1,"InChI=1S/C5H10O3/c1-3-7-5(6)8-4-2/h3-4H2,1-2H3",diethyl carbonate,10.1021/je800984q,EBULLIO:UFactor:8,2,2,2,343.77,351.67,7.900000000000034,1,1,False,False
10.1021/je800998u#d14#p1,"InChI=1S/C8H18O/c1-7(2)5-9-6-8(3)4/h7-8H,5-6H2,1-4H3",diisobutyl ether,10.1021/je800998u,Ebulliometric method (Recirculating still),3,3,3,330.897,341.657,10.759999999999991,1,1,False,False
10.1021/je900050z#d1#p1,InChI=1S/C6H12/c1-2-4-6-5-3-1/h1-6H2,cyclohexane,10.1021/je900050z,EBULLIO:UFactor:4,25,25,17,295.455,308.06,12.605000000000018,5,7,False,False
10.1021/je900050z#d2#p1,"InChI=1S/C4H10O/c1-3-4(2)5/h4-5H,3H2,1-2H3",butan-2-ol,10.1021/je900050z,EBULLIO:UFactor:4,32,32,32,314.47,334.69,20.21999999999997,12,8,False,False
10.1021/je900050z#d3#p1,"InChI=1S/C5H12O/c1-3-4-5(2)6/h5-6H,3-4H2,1-2H3",pentan-2-ol,10.1021/je900050z,EBULLIO:UFactor:8,54,54,47,323.84,351.875,28.035000000000025,11,15,False,False
10.1021/je900050z#d4#p1,"InChI=1S/C5H12O/c1-4-5(2,3)6/h6H,4H2,1-3H3",2-methylbutan-2-ol,10.1021/je900050z,EBULLIO:UFactor:4,39,39,39,303.29,334.695,31.404999999999973,14,11,True,True
10.1021/je900050z#d5#p1,"InChI=1S/C6H14O/c1-2-3-4-5-6-7/h7H,2-6H2,1H3",hexan-1-ol,10.1021/je900050z,EBULLIO:UFactor:4,66,66,66,343.46,385.863,42.40300000000002,29,18,True,True
10.1021/je900093h#d10#p1,"InChI=1S/C12H24O2/c1-3-5-6-7-8-9-10-11-12(13)14-4-2/h3-11H2,1-2H3",ethyl decanoate,10.1021/je900093h,Calculated from knudsen effusion weight loss,8,8,7,293.77,323.24,29.470000000000027,2,2,False,False
10.1021/je900258f#d1#p1,"InChI=1S/C2H7O3P/c1-4-6(3)5-2/h6H,1-2H3",dimethyl phosphonate,10.1021/je900258f,CCELL:UFactor:8,14,14,14,352.85,391.75,38.89999999999998,3,6,True,True
10.1021/je900258f#d2#p1,"InChI=1S/C3H9O3P/c1-5-7(3,4)6-2/h1-3H3",dimethyl methanephosphonate,10.1021/je900258f,CCELL:UFactor:8,9,9,9,358.17,397.45,39.27999999999997,4,3,True,True
10.1021/je900259b#d9#p1,"InChI=1S/C3H8O2/c1-5-3-2-4/h4H,2-3H2,1H3",2-methoxyethan-1-ol,10.1021/je900259b,Closed cell (Static) method,2,2,2,345.94,349.54,3.6000000000000227,1,1,False,False
10.1021/je900293j#d1#p1,"InChI=1S/C7H7NO2/c1-6-4-2-3-5-7(6)8(9)10/h2-5H,1H3",2-nitrotoluene,10.1021/je900293j,Transpiration method,4,4,4,283.15,313.15,30.0,1,1,False,False
10.1021/je900293j#d3#p1,"InChI=1S/C7H7NO2/c1-6-3-2-4-7(5-6)8(9)10/h2-5H,1H3",3-nitrotoluene,10.1021/je900293j,Transpiration method,3,3,3,293.15,313.15,20.0,1,1,False,False
10.1021/je900293j#d5#p1,"InChI=1S/C14H30/c1-3-5-7-9-11-13-14-12-10-8-6-4-2/h3-14H2,1-2H3",tetradecane,10.1021/je900293j,Transpiration method,3,3,3,293.15,313.15,20.0,1,1,False,False
10.1021/je9003417#d4#p1,"InChI=1S/C2H6S2/c3-1-2-4/h3-4H,1-2H2","1,2-ethanedithiol",10.1021/je9003417,Closed cell (Static) method,2,2,1,346.96500000000003,346.96500000000003,0.0,1,1,False,False
10.1021/je9004036#d12#p1,"InChI=1S/C8H9NO3/c1-12-7-3-5(8(10)11)2-6(9)4-7/h2-4H,9H2,1H3,(H,10,11)",3-amino-5-methoxybenzoic acid,10.1021/je9004036,Calculated from knudsen effusion weight loss,1,1,1,400.18,400.18,0.0,1,1,False,False
10.1021/je9004036#d15#p1,"InChI=1S/C8H9NO3/c1-12-7-4-5(8(10)11)2-3-6(7)9/h2-4H,9H2,1H3,(H,10,11)",4-amino-3-methoxybenzoic acid,10.1021/je9004036,Calculated from knudsen effusion weight loss,2,1,1,395.17,395.17,0.0,1,1,False,False
10.1021/je9004036#d3#p1,"InChI=1S/C8H9NO3/c1-12-6-4-2-3-5(7(6)9)8(10)11/h2-4H,9H2,1H3,(H,10,11)",2-amino-3-methoxybenzoic acid,10.1021/je9004036,Calculated from knudsen effusion weight loss,2,1,1,369.18,369.18,0.0,1,1,False,False
10.1021/je9004036#d6#p1,"InChI=1S/C8H9NO3/c1-12-5-2-3-7(9)6(4-5)8(10)11/h2-4H,9H2,1H3,(H,10,11)",2-amino-5-methoxybenzoic acid,10.1021/je9004036,Calculated from knudsen effusion weight loss,3,1,1,375.17,375.17,0.0,1,1,False,False
10.1021/je9004036#d9#p1,"InChI=1S/C8H9NO3/c1-12-7-3-2-5(8(10)11)4-6(7)9/h2-4H,9H2,1H3,(H,10,11)",3-amino-4-methoxybenzoic acid,10.1021/je9004036,Calculated from knudsen effusion weight loss,1,1,1,399.18,399.18,0.0,1,1,False,False
10.1021/je9004068#d4#p1,"InChI=1S/C2H6O/c1-2-3/h3H,2H2,1H3",ethanol,10.1021/je9004068,EBULLIO:UFactor:4,1,1,1,310.89,310.89,0.0,1,1,False,False
10.1021/je9004905#d1#p1,"InChI=1S/C2H6O2/c3-1-2-4/h3-4H,1-2H2","1,2-ethanediol",10.1021/je9004905,Closed cell (Static) method,15,15,15,307.7,384.5,76.80000000000001,3,7,True,True
10.1021/je9004905#d2#p1,"InChI=1S/C3H6O2/c1-3(5)2-4/h4H,2H2,1H3",acetol,10.1021/je9004905,Closed cell (Static) method,21,16,16,273.22,303.95,30.72999999999996,7,6,True,True
10.1021/je9004905#d3#p1,"InChI=1S/C2H4O2/c3-1-2-4/h1,4H,2H2",2-hydroxyacetaldehyde,10.1021/je9004905,Closed cell (Static) method,15,15,15,295.85,355.98,60.129999999999995,6,3,True,True
10.1021/je900511c#d1#p1,"InChI=1S/C3H8Cl2OSi/c1-3-6-7(2,4)5/h3H2,1-2H3",dichloroethoxymethylsilane,10.1021/je900511c,Closed cell (Static) method,3,3,3,312.94,323.01,10.069999999999993,1,1,False,False
10.1021/je900530f#d1#p1,"InChI=1S/C4H10O/c1-3-4(2)5/h4-5H,3H2,1-2H3",butan-2-ol,10.1021/je900530f,EBULLIO::UFactor:3,3,3,3,313.15,333.15,20.0,1,1,False,False
10.1021/je900530f#d3#p1,"InChI=1S/C5H12O/c1-3-4-5(2)6/h5-6H,3-4H2,1-2H3",pentan-2-ol,10.1021/je900530f,EBULLIO:UFactor:3,4,4,4,313.15,338.15,25.0,2,1,False,False
10.1021/je900530f#d4#p1,"InChI=1S/C5H12O/c1-4-5(2,3)6/h6H,4H2,1-3H3",2-methylbutan-2-ol,10.1021/je900530f,EBULLIO::UFactor:4,3,3,3,313.15,333.15,20.0,1,1,False,False
10.1021/je900738e#d1#p1,"InChI=1S/C2H3F3O/c3-2(4,5)1-6/h6H,1H2","2,2,2-trifluoroethanol",10.1021/je900738e,Manometric method,3,3,3,283.15,303.15,20.0,1,1,False,False
10.1021/je900812v#d3#p1,"InChI=1S/C5H12O/c1-5(2)3-4-6/h5-6H,3-4H2,1-2H3",3-methylbutan-1-ol,10.1021/je900812v,EBULLIO:UFactor:32,7,7,6,336.35,360.65,24.299999999999955,4,1,False,False
10.1021/je900977e#d2#p1,"InChI=1S/C3H8O/c1-3(2)4/h3-4H,1-2H3",propan-2-ol,10.1021/je900977e,Closed cell (Static) method,3,1,1,313.15,313.15,0.0,1,1,False,False
10.1021/je901026b#d5#p1,"InChI=1S/C4H10O/c1-4(2,3)5/h5H,1-3H3",2-methylpropan-2-ol,10.1021/je901026b,Ebulliometric method (Recirculating still),1,1,1,318.13,318.13,0.0,1,1,False,False
10.1021/je901026b#d8#p1,"InChI=1S/C8H18/c1-7(2)6-8(3,4)5/h7H,6H2,1-5H3","2,2,4-trimethylpentane",10.1021/je901026b,Ebulliometric method (Recirculating still),1,1,1,318.13,318.13,0.0,1,1,False,False
