episode_id,molecule_id,component_id,split,source_doi,series_id,pressure_ceiling_Pa,T_min_K,T_max_K,T_span_K,temperature_levels,warm_levels,cold_levels,episode_eligible,anchor_record_ids_json,cold_target_record_ids_json,anchor_count,cold_record_count,cold_temperature_level_count
ep_0049c415897a8c74,mol_d0131e7bbb5402ea,grp_d0131e7bbb5402ea,test,10.1021/je200128y,10.1021/je200128y#d2#p1,5000,328.3,373.1,44.8,18,7,5,True,"[""10.1021/je200128y#d2#p1#r12"",""10.1021/je200128y#d2#p1#r16"",""10.1021/je200128y#d2#p1#r19""]","[""10.1021/je200128y#d2#p1#r1"",""10.1021/je200128y#d2#p1#r2"",""10.1021/je200128y#d2#p1#r3"",""10.1021/je200128y#d2#p1#r4"",""10.1021/je200128y#d2#p1#r5""]",3,5,5
ep_0175ca3bb2b88e05,mol_165439913dffe7c0,grp_642c5927dec37b59,validation,10.1016/j.fluid.2011.07.007,10.1016/j.fluid.2011.07.007#d2#p1,5000,287.5,330.5,43,17,6,5,True,"[""10.1016/j.fluid.2011.07.007#d2#p1#r12"",""10.1016/j.fluid.2011.07.007#d2#p1#r15"",""10.1016/j.fluid.2011.07.007#d2#p1#r18""]","[""10.1016/j.fluid.2011.07.007#d2#p1#r1"",""10.1016/j.fluid.2011.07.007#d2#p1#r2"",""10.1016/j.fluid.2011.07.007#d2#p1#r3"",""10.1016/j.fluid.2011.07.007#d2#p1#r4"",""10.1016/j.fluid.2011.07.007#d2#p1#r5""]",3,5,5
ep_018140b5906f2123,mol_1e9d2e26a6ddc23d,grp_5dea7427c65d07c7,train,10.1021/je100231g,10.1021/je100231g#d2#p1,5000,283.8,316.3,32.5,13,4,4,True,"[""10.1021/je100231g#d2#p1#r10"",""10.1021/je100231g#d2#p1#r11"",""10.1021/je100231g#d2#p1#r13""]","[""10.1021/je100231g#d2#p1#r1"",""10.1021/je100231g#d2#p1#r2"",""10.1021/je100231g#d2#p1#r3"",""10.1021/je100231g#d2#p1#r4""]",3,4,4
ep_018c29d558a82c4a,mol_2e302d909c9e5e5c,grp_5dea7427c65d07c7,train,10.1016/j.jct.2014.07.004,10.1016/j.jct.2014.07.004#d5#p1,5000,277.96,318.15,40.19,10,3,4,True,"[""10.1016/j.jct.2014.07.004#d5#p1#r8"",""10.1016/j.jct.2014.07.004#d5#p1#r9"",""10.1016/j.jct.2014.07.004#d5#p1#r10""]","[""10.1016/j.jct.2014.07.004#d5#p1#r1"",""10.1016/j.jct.2014.07.004#d5#p1#r2"",""10.1016/j.jct.2014.07.004#d5#p1#r3"",""10.1016/j.jct.2014.07.004#d5#p1#r4""]",3,4,4
ep_019d30ed600bee39,mol_1bb253e99b0e831f,grp_5dea7427c65d07c7,train,10.1021/je0602418,10.1021/je0602418#d7#p1,5000,278.2,314.3,36.1,15,4,4,True,"[""10.1021/je0602418#d7#p1#r12"",""10.1021/je0602418#d7#p1#r13"",""10.1021/je0602418#d7#p1#r15""]","[""10.1021/je0602418#d7#p1#r1"",""10.1021/je0602418#d7#p1#r2"",""10.1021/je0602418#d7#p1#r3"",""10.1021/je0602418#d7#p1#r4""]",3,4,4
ep_021e12f5e7f8dfc1,mol_5810135448f6321f,grp_5dea7427c65d07c7,train,10.1016/j.fluid.2012.08.003,10.1016/j.fluid.2012.08.003#d3#p1,5000,276.1,316.4,40.3,13,4,5,True,"[""10.1016/j.fluid.2012.08.003#d3#p1#r13"",""10.1016/j.fluid.2012.08.003#d3#p1#r14"",""10.1016/j.fluid.2012.08.003#d3#p1#r16""]","[""10.1016/j.fluid.2012.08.003#d3#p1#r1"",""10.1016/j.fluid.2012.08.003#d3#p1#r2"",""10.1016/j.fluid.2012.08.003#d3#p1#r3"",""10.1016/j.fluid.2012.08.003#d3#p1#r4"",""10.1016/j.fluid.2012.08.003#d3#p1#r5""]",3,5,5
ep_0243d821ff93faf4,mol_d6ae19349f751551,grp_5dea7427c65d07c7,train,10.1016/j.fluid.2012.08.003,10.1016/j.fluid.2012.08.003#d2#p1,5000,275.4,313.4,38,9,3,3,True,"[""10.1016/j.fluid.2012.08.003#d2#p1#r10"",""10.1016/j.fluid.2012.08.003#d2#p1#r11"",""10.1016/j.fluid.2012.08.003#d2#p1#r13""]","[""10.1016/j.fluid.2012.08.003#d2#p1#r1"",""10.1016/j.fluid.2012.08.003#d2#p1#r2"",""10.1016/j.fluid.2012.08.003#d2#p1#r3""]",3,3,3
ep_028d87e3fb7820c5,mol_757f79c7ac5d216c,grp_5dea7427c65d07c7,train,10.1021/je100231g,10.1021/je100231g#d5#p1,5000,303.5,352.2,48.7,15,6,3,True,"[""10.1021/je100231g#d5#p1#r10"",""10.1021/je100231g#d5#p1#r12"",""10.1021/je100231g#d5#p1#r15""]","[""10.1021/je100231g#d5#p1#r1"",""10.1021/je100231g#d5#p1#r2"",""10.1021/je100231g#d5#p1#r3""]",3,3,3
ep_02aca8bf291da6d3,mol_15c27366f9af4374,grp_5dea7427c65d07c7,train,10.1021/je049823k,10.1021/je049823k#d2#p1,5000,277.8,308,30.2,24,5,7,True,"[""10.1021/je049823k#d2#p1#r20"",""10.1021/je049823k#d2#p1#r22"",""10.1021/je049823k#d2#p1#r25""]","[""10.1021/je049823k#d2#p1#r1"",""10.1021/je049823k#d2#p1#r2"",""10.1021/je049823k#d2#p1#r3"",""10.1021/je049823k#d2#p1#r4"",""10.1021/je049823k#d2#p1#r5"",""10.1021/je049823k#d2#p1#r6"",""10.1021/je049823k#d2#p1#r7""]",3,7,7
ep_0342343671516ceb,mol_582f643aeadf8be3,grp_5085cd785cc4c7f4,test,10.1016/j.jct.2013.05.047,10.1016/j.jct.2013.05.047#d16#p1,5000,275.44,331.02,55.58,29,9,9,True,"[""10.1016/j.jct.2013.05.047#d16#p1#r22"",""10.1016/j.jct.2013.05.047#d16#p1#r26"",""10.1016/j.jct.2013.05.047#d16#p1#r30""]","[""10.1016/j.jct.2013.05.047#d16#p1#r10"",""10.1016/j.jct.2013.05.047#d16#p1#r2"",""10.1016/j.jct.2013.05.047#d16#p1#r3"",""10.1016/j.jct.2013.05.047#d16#p1#r4"",""10.1016/j.jct.2013.05.047#d16#p1#r5"",""10.1016/j.jct.2013.05.047#d16#p1#r6"",""10.1016/j.jct.2013.05.047#d16#p1#r7"",""10.1016/j.jct.2013.05.047#d16#p1#r8"",""10.1016/j.jct.2013.05.047#d16#p1#r9""]",3,9,9
ep_0371adfb293324d3,mol_1ca87a53bf4e35a9,grp_c50732a0f7207397,train,10.1016/j.fluid.2015.07.031,10.1016/j.fluid.2015.07.031#d5#p1,5000,293.16,362.975,69.815,15,5,5,True,"[""10.1016/j.fluid.2015.07.031#d5#p1#r31"",""10.1016/j.fluid.2015.07.031#d5#p1#r37"",""10.1016/j.fluid.2015.07.031#d5#p1#r43""]","[""10.1016/j.fluid.2015.07.031#d5#p1#r1"",""10.1016/j.fluid.2015.07.031#d5#p1#r10"",""10.1016/j.fluid.2015.07.031#d5#p1#r11"",""10.1016/j.fluid.2015.07.031#d5#p1#r12"",""10.1016/j.fluid.2015.07.031#d5#p1#r13"",""10.1016/j.fluid.2015.07.031#d5#p1#r14"",""10.1016/j.fluid.2015.07.031#d5#p1#r15"",""10.1016/j.fluid.2015.07.031#d5#p1#r2"",""10.1016/j.fluid.2015.07.031#d5#p1#r3"",""10.1016/j.fluid.2015.07.031#d5#p1#r4"",""10.1016/j.fluid.2015.07.031#d5#p1#r5"",""10.1016/j.fluid.2015.07.031#d5#p1#r58"",""10.1016/j.fluid.2015.07.031#d5#p1#r6"",""10.1016/j.fluid.2015.07.031#d5#p1#r60"",""10.1016/j.fluid.2015.07.031#d5#p1#r61"",""10.1016/j.fluid.2015.07.031#d5#p1#r62"",""10.1016/j.fluid.2015.07.031#d5#p1#r63"",""10.1016/j.fluid.2015.07.031#d5#p1#r64"",""10.1016/j.fluid.2015.07.031#d5#p1#r65"",""10.1016/j.fluid.2015.07.031#d5#p1#r66"",""10.1016/j.fluid.2015.07.031#d5#p1#r67"",""10.1016/j.fluid.2015.07.031#d5#p1#r68"",""10.1016/j.fluid.2015.07.031#d5#p1#r69"",""10.1016/j.fluid.2015.07.031#d5#p1#r7"",""10.1016/j.fluid.2015.07.031#d5#p1#r8"",""10.1016/j.fluid.2015.07.031#d5#p1#r9""]",3,26,5
ep_042a2285160978e4,mol_89cd7dc23b3db594,grp_81cd87be3fde4550,test,10.1016/j.jct.2012.05.013,10.1016/j.jct.2012.05.013#d4#p1,5000,322.96,382.51,59.55,13,4,4,True,"[""10.1016/j.jct.2012.05.013#d4#p1#r10"",""10.1016/j.jct.2012.05.013#d4#p1#r11"",""10.1016/j.jct.2012.05.013#d4#p1#r13""]","[""10.1016/j.jct.2012.05.013#d4#p1#r1"",""10.1016/j.jct.2012.05.013#d4#p1#r2"",""10.1016/j.jct.2012.05.013#d4#p1#r3"",""10.1016/j.jct.2012.05.013#d4#p1#r4""]",3,4,4
ep_05891430cd17b077,mol_28ddefda28499c0d,grp_5ed1239f1de5ca2c,validation,10.1016/j.fluid.2016.11.010,10.1016/j.fluid.2016.11.010#d2#p1,5000,313.3,363,49.7,11,4,4,True,"[""10.1016/j.fluid.2016.11.010#d2#p1#r8"",""10.1016/j.fluid.2016.11.010#d2#p1#r9"",""10.1016/j.fluid.2016.11.010#d2#p1#r11""]","[""10.1016/j.fluid.2016.11.010#d2#p1#r1"",""10.1016/j.fluid.2016.11.010#d2#p1#r2"",""10.1016/j.fluid.2016.11.010#d2#p1#r3"",""10.1016/j.fluid.2016.11.010#d2#p1#r4""]",3,4,4
ep_0781cf3bc2fa0714,mol_77691d2337bfc619,grp_5dea7427c65d07c7,train,10.1021/je0255980,10.1021/je0255980#d11#p1,5000,278.3,314.2,35.9,13,4,4,True,"[""10.1021/je0255980#d11#p1#r10"",""10.1021/je0255980#d11#p1#r11"",""10.1021/je0255980#d11#p1#r13""]","[""10.1021/je0255980#d11#p1#r1"",""10.1021/je0255980#d11#p1#r2"",""10.1021/je0255980#d11#p1#r3"",""10.1021/je0255980#d11#p1#r4""]",3,4,4
ep_083069abe663822a,mol_85ab1c5001067375,grp_468c9a97902f6f3f,test,10.1016/j.fluid.2014.12.023,10.1016/j.fluid.2014.12.023#d4#p1,5000,275.8,316.5,40.7,14,4,4,True,"[""10.1016/j.fluid.2014.12.023#d4#p1#r11"",""10.1016/j.fluid.2014.12.023#d4#p1#r12"",""10.1016/j.fluid.2014.12.023#d4#p1#r14""]","[""10.1016/j.fluid.2014.12.023#d4#p1#r1"",""10.1016/j.fluid.2014.12.023#d4#p1#r2"",""10.1016/j.fluid.2014.12.023#d4#p1#r3"",""10.1016/j.fluid.2014.12.023#d4#p1#r4""]",3,4,4
ep_08f6e45b23ed82a8,mol_df36260e25a0f59a,grp_5dea7427c65d07c7,train,10.1016/j.jct.2011.08.009,10.1016/j.jct.2011.08.009#d3#p1,5000,273.15,323.97,50.82,12,4,4,True,"[""10.1016/j.jct.2011.08.009#d3#p1#r28"",""10.1016/j.jct.2011.08.009#d3#p1#r10"",""10.1016/j.jct.2011.08.009#d3#p1#r13""]","[""10.1016/j.jct.2011.08.009#d3#p1#r1"",""10.1016/j.jct.2011.08.009#d3#p1#r2"",""10.1016/j.jct.2011.08.009#d3#p1#r24"",""10.1016/j.jct.2011.08.009#d3#p1#r25""]",3,4,4
ep_090033870083705c,mol_919fb7158bc3ca7a,grp_4cb2ec77bd45a869,test,10.1016/j.jct.2005.11.009,10.1016/j.jct.2005.11.009#d4#p1,5000,327.3,363.8,36.5,9,3,3,True,"[""10.1016/j.jct.2005.11.009#d4#p1#r10"",""10.1016/j.jct.2005.11.009#d4#p1#r11"",""10.1016/j.jct.2005.11.009#d4#p1#r12""]","[""10.1016/j.jct.2005.11.009#d4#p1#r4"",""10.1016/j.jct.2005.11.009#d4#p1#r5"",""10.1016/j.jct.2005.11.009#d4#p1#r6""]",3,3,3
ep_09ece4a4462995e7,mol_30519df461efd318,grp_5dea7427c65d07c7,train,10.1016/j.jct.2004.08.004,10.1016/j.jct.2004.08.004#d8#p1,5000,327.2,369.2,42,15,5,5,True,"[""10.1016/j.jct.2004.08.004#d8#p1#r11"",""10.1016/j.jct.2004.08.004#d8#p1#r13"",""10.1016/j.jct.2004.08.004#d8#p1#r15""]","[""10.1016/j.jct.2004.08.004#d8#p1#r1"",""10.1016/j.jct.2004.08.004#d8#p1#r2"",""10.1016/j.jct.2004.08.004#d8#p1#r3"",""10.1016/j.jct.2004.08.004#d8#p1#r4"",""10.1016/j.jct.2004.08.004#d8#p1#r5""]",3,5,5
ep_0a63890ff82ff124,mol_c6ba72cee89a72d7,grp_a2fcc12936d735c8,train,10.1016/j.fluid.2019.112248,10.1016/j.fluid.2019.112248#d4#p1,5000,273.19,308.21,35.02,9,3,4,True,"[""10.1016/j.fluid.2019.112248#d4#p1#r28"",""10.1016/j.fluid.2019.112248#d4#p1#r31"",""10.1016/j.fluid.2019.112248#d4#p1#r34""]","[""10.1016/j.fluid.2019.112248#d4#p1#r10"",""10.1016/j.fluid.2019.112248#d4#p1#r12"",""10.1016/j.fluid.2019.112248#d4#p1#r13"",""10.1016/j.fluid.2019.112248#d4#p1#r14"",""10.1016/j.fluid.2019.112248#d4#p1#r15"",""10.1016/j.fluid.2019.112248#d4#p1#r16"",""10.1016/j.fluid.2019.112248#d4#p1#r17"",""10.1016/j.fluid.2019.112248#d4#p1#r18"",""10.1016/j.fluid.2019.112248#d4#p1#r19"",""10.1016/j.fluid.2019.112248#d4#p1#r20"",""10.1016/j.fluid.2019.112248#d4#p1#r21""]",3,11,4
ep_0b540b1c6f62ea4d,mol_218260d18d45a2c9,grp_218260d18d45a2c9,validation,10.1016/j.jct.2015.02.008,10.1016/j.jct.2015.02.008#d12#p1,5000,369.98,439.957,69.977,18,5,5,True,"[""10.1016/j.jct.2015.02.008#d12#p1#r14"",""10.1016/j.jct.2015.02.008#d12#p1#r16"",""10.1016/j.jct.2015.02.008#d12#p1#r18""]","[""10.1016/j.jct.2015.02.008#d12#p1#r1"",""10.1016/j.jct.2015.02.008#d12#p1#r2"",""10.1016/j.jct.2015.02.008#d12#p1#r3"",""10.1016/j.jct.2015.02.008#d12#p1#r4"",""10.1016/j.jct.2015.02.008#d12#p1#r5""]",3,5,5
ep_0b7815e1d220999e,mol_e53a559272965ffc,grp_e53a559272965ffc,train,10.1021/acs.jced.5b00978,10.1021/acs.jced.5b00978#d4#p1,5000,339.83,393.05,53.22,19,6,6,True,"[""10.1021/acs.jced.5b00978#d4#p1#r14"",""10.1021/acs.jced.5b00978#d4#p1#r16"",""10.1021/acs.jced.5b00978#d4#p1#r19""]","[""10.1021/acs.jced.5b00978#d4#p1#r1"",""10.1021/acs.jced.5b00978#d4#p1#r2"",""10.1021/acs.jced.5b00978#d4#p1#r3"",""10.1021/acs.jced.5b00978#d4#p1#r4"",""10.1021/acs.jced.5b00978#d4#p1#r5"",""10.1021/acs.jced.5b00978#d4#p1#r6""]",3,6,6
ep_0c0b9b378258746e,mol_c34973a2ea05dcee,grp_5dea7427c65d07c7,train,10.1016/j.jct.2009.09.003,10.1016/j.jct.2009.09.003#d4#p1,5000,295.7,338.1,42.4,20,7,7,True,"[""10.1016/j.jct.2009.09.003#d4#p1#r15"",""10.1016/j.jct.2009.09.003#d4#p1#r18"",""10.1016/j.jct.2009.09.003#d4#p1#r22""]","[""10.1016/j.jct.2009.09.003#d4#p1#r1"",""10.1016/j.jct.2009.09.003#d4#p1#r2"",""10.1016/j.jct.2009.09.003#d4#p1#r3"",""10.1016/j.jct.2009.09.003#d4#p1#r4"",""10.1016/j.jct.2009.09.003#d4#p1#r5"",""10.1016/j.jct.2009.09.003#d4#p1#r6"",""10.1016/j.jct.2009.09.003#d4#p1#r7"",""10.1016/j.jct.2009.09.003#d4#p1#r8""]",3,8,7
ep_0e11d2b71a233a7a,mol_6a2881146cb0a319,grp_5dea7427c65d07c7,train,10.1016/j.tca.2017.12.006,10.1016/j.tca.2017.12.006#d3#p1,5000,298.2,347.8,49.6,11,3,4,True,"[""10.1016/j.tca.2017.12.006#d3#p1#r9"",""10.1016/j.tca.2017.12.006#d3#p1#r10"",""10.1016/j.tca.2017.12.006#d3#p1#r11""]","[""10.1016/j.tca.2017.12.006#d3#p1#r1"",""10.1016/j.tca.2017.12.006#d3#p1#r2"",""10.1016/j.tca.2017.12.006#d3#p1#r3"",""10.1016/j.tca.2017.12.006#d3#p1#r4""]",3,4,4
ep_0f37fa6f9ea983f6,mol_3590edb9884753b9,grp_5dea7427c65d07c7,train,10.1021/je9004905,10.1021/je9004905#d1#p1,5000,307.7,384.5,76.8,15,3,7,True,"[""10.1021/je9004905#d1#p1#r13"",""10.1021/je9004905#d1#p1#r14"",""10.1021/je9004905#d1#p1#r15""]","[""10.1021/je9004905#d1#p1#r1"",""10.1021/je9004905#d1#p1#r2"",""10.1021/je9004905#d1#p1#r3"",""10.1021/je9004905#d1#p1#r4"",""10.1021/je9004905#d1#p1#r5"",""10.1021/je9004905#d1#p1#r6"",""10.1021/je9004905#d1#p1#r7""]",3,7,7
ep_0f3efeb8aaebdc35,mol_b29c79d05f29858b,grp_5dea7427c65d07c7,train,10.1016/j.jct.2004.08.004,10.1016/j.jct.2004.08.004#d7#p1,5000,318.1,363.2,45.1,15,5,4,True,"[""10.1016/j.jct.2004.08.004#d7#p1#r13"",""10.1016/j.jct.2004.08.004#d7#p1#r15"",""10.1016/j.jct.2004.08.004#d7#p1#r17""]","[""10.1016/j.jct.2004.08.004#d7#p1#r3"",""10.1016/j.jct.2004.08.004#d7#p1#r4"",""10.1016/j.jct.2004.08.004#d7#p1#r5"",""10.1016/j.jct.2004.08.004#d7#p1#r6""]",3,4,4
ep_0f682129d409104b,mol_6b591adbd02d1012,grp_fe68aa4179fd65d6,test,10.1016/j.jct.2013.11.003,10.1016/j.jct.2013.11.003#d2#p1,5000,278.1,324.7,46.6,17,5,5,True,"[""10.1016/j.jct.2013.11.003#d2#p1#r13"",""10.1016/j.jct.2013.11.003#d2#p1#r15"",""10.1016/j.jct.2013.11.003#d2#p1#r17""]","[""10.1016/j.jct.2013.11.003#d2#p1#r1"",""10.1016/j.jct.2013.11.003#d2#p1#r2"",""10.1016/j.jct.2013.11.003#d2#p1#r3"",""10.1016/j.jct.2013.11.003#d2#p1#r4"",""10.1016/j.jct.2013.11.003#d2#p1#r5""]",3,5,5
ep_10e0d0ded63222ba,mol_2ebd0ef54ed8a046,grp_642c5927dec37b59,validation,10.1016/j.fluid.2011.07.007,10.1016/j.fluid.2011.07.007#d4#p1,5000,289.3,325.4,36.1,17,8,4,True,"[""10.1016/j.fluid.2011.07.007#d4#p1#r10"",""10.1016/j.fluid.2011.07.007#d4#p1#r13"",""10.1016/j.fluid.2011.07.007#d4#p1#r17""]","[""10.1016/j.fluid.2011.07.007#d4#p1#r1"",""10.1016/j.fluid.2011.07.007#d4#p1#r2"",""10.1016/j.fluid.2011.07.007#d4#p1#r3"",""10.1016/j.fluid.2011.07.007#d4#p1#r4""]",3,4,4
ep_1116c11bfa00721e,mol_d5352051e8c4f61f,grp_95988f9c4708b4b0,test,10.1016/j.fluid.2006.09.001,10.1016/j.fluid.2006.09.001#d3#p1,5000,302.4,368.4,66,21,8,6,True,"[""10.1016/j.fluid.2006.09.001#d3#p1#r15"",""10.1016/j.fluid.2006.09.001#d3#p1#r18"",""10.1016/j.fluid.2006.09.001#d3#p1#r22""]","[""10.1016/j.fluid.2006.09.001#d3#p1#r1"",""10.1016/j.fluid.2006.09.001#d3#p1#r2"",""10.1016/j.fluid.2006.09.001#d3#p1#r3"",""10.1016/j.fluid.2006.09.001#d3#p1#r4"",""10.1016/j.fluid.2006.09.001#d3#p1#r5"",""10.1016/j.fluid.2006.09.001#d3#p1#r6"",""10.1016/j.fluid.2006.09.001#d3#p1#r7""]",3,7,6
ep_1331f978cbf99096,mol_ce50f4cf8290e782,grp_5dea7427c65d07c7,train,10.1021/je9004905,10.1021/je9004905#d3#p1,5000,295.85,355.98,60.13,15,6,3,True,"[""10.1021/je9004905#d3#p1#r10"",""10.1021/je9004905#d3#p1#r12"",""10.1021/je9004905#d3#p1#r15""]","[""10.1021/je9004905#d3#p1#r1"",""10.1021/je9004905#d3#p1#r2"",""10.1021/je9004905#d3#p1#r3""]",3,3,3
ep_13b15eda6343b52a,mol_1d734fe5c679e7dc,grp_5085cd785cc4c7f4,test,10.1021/je060429r,10.1021/je060429r#d18#p1,5000,342.8,375.4,32.6,29,7,10,True,"[""10.1021/je060429r#d18#p1#r24"",""10.1021/je060429r#d18#p1#r27"",""10.1021/je060429r#d18#p1#r31""]","[""10.1021/je060429r#d18#p1#r1"",""10.1021/je060429r#d18#p1#r10"",""10.1021/je060429r#d18#p1#r2"",""10.1021/je060429r#d18#p1#r3"",""10.1021/je060429r#d18#p1#r4"",""10.1021/je060429r#d18#p1#r5"",""10.1021/je060429r#d18#p1#r6"",""10.1021/je060429r#d18#p1#r7"",""10.1021/je060429r#d18#p1#r8"",""10.1021/je060429r#d18#p1#r9""]",3,10,10
ep_13e602163b407b1d,mol_9250348909aba0f8,grp_5dea7427c65d07c7,train,10.1016/j.fluid.2014.07.029,10.1016/j.fluid.2014.07.029#d5#p1,5000,274.2,306.2,32,12,4,4,True,"[""10.1016/j.fluid.2014.07.029#d5#p1#r10"",""10.1016/j.fluid.2014.07.029#d5#p1#r12"",""10.1016/j.fluid.2014.07.029#d5#p1#r14""]","[""10.1016/j.fluid.2014.07.029#d5#p1#r1"",""10.1016/j.fluid.2014.07.029#d5#p1#r2"",""10.1016/j.fluid.2014.07.029#d5#p1#r3"",""10.1016/j.fluid.2014.07.029#d5#p1#r4""]",3,4,4
ep_14be4e3904a6ef9f,mol_f51711463f7a60d1,grp_eacde2a75ccb5ff9,train,10.1021/je060472e,10.1021/je060472e#d4#p1,5000,283.155,340.47,57.315,13,4,4,True,"[""10.1021/je060472e#d4#p1#r22"",""10.1021/je060472e#d4#p1#r24"",""10.1021/je060472e#d4#p1#r28""]","[""10.1021/je060472e#d4#p1#r10"",""10.1021/je060472e#d4#p1#r11"",""10.1021/je060472e#d4#p1#r12"",""10.1021/je060472e#d4#p1#r5"",""10.1021/je060472e#d4#p1#r6"",""10.1021/je060472e#d4#p1#r7"",""10.1021/je060472e#d4#p1#r8"",""10.1021/je060472e#d4#p1#r9""]",3,8,4
ep_162d6c960a26ed50,mol_047b0590b532ef16,grp_4099771604350c09,test,10.1021/je200336c,10.1021/je200336c#d2#p1,5000,293.6,343,49.4,24,7,7,True,"[""10.1021/je200336c#d2#p1#r19"",""10.1021/je200336c#d2#p1#r22"",""10.1021/je200336c#d2#p1#r26""]","[""10.1021/je200336c#d2#p1#r1"",""10.1021/je200336c#d2#p1#r2"",""10.1021/je200336c#d2#p1#r3"",""10.1021/je200336c#d2#p1#r4"",""10.1021/je200336c#d2#p1#r5"",""10.1021/je200336c#d2#p1#r6"",""10.1021/je200336c#d2#p1#r7""]",3,7,7
ep_16ce850bc7fcd92e,mol_71d239be146a61dd,grp_5dea7427c65d07c7,train,10.1016/j.jct.2019.01.007,10.1016/j.jct.2019.01.007#d6#p1,5000,313.35,355.15,41.8,18,6,6,True,"[""10.1016/j.jct.2019.01.007#d6#p1#r4"",""10.1016/j.jct.2019.01.007#d6#p1#r3"",""10.1016/j.jct.2019.01.007#d6#p1#r15""]","[""10.1016/j.jct.2019.01.007#d6#p1#r16"",""10.1016/j.jct.2019.01.007#d6#p1#r21"",""10.1016/j.jct.2019.01.007#d6#p1#r22"",""10.1016/j.jct.2019.01.007#d6#p1#r5"",""10.1016/j.jct.2019.01.007#d6#p1#r6"",""10.1016/j.jct.2019.01.007#d6#p1#r7""]",3,6,6
ep_17622885205483ec,mol_bace9c8b75de2210,grp_5dea7427c65d07c7,train,10.1016/j.jct.2016.07.024,10.1016/j.jct.2016.07.024#d5#p1,5000,332.4,452.25,119.85,13,4,4,True,"[""10.1016/j.jct.2016.07.024#d5#p1#r13"",""10.1016/j.jct.2016.07.024#d5#p1#r14"",""10.1016/j.jct.2016.07.024#d5#p1#r21""]","[""10.1016/j.jct.2016.07.024#d5#p1#r1"",""10.1016/j.jct.2016.07.024#d5#p1#r2"",""10.1016/j.jct.2016.07.024#d5#p1#r3"",""10.1016/j.jct.2016.07.024#d5#p1#r4"",""10.1016/j.jct.2016.07.024#d5#p1#r6""]",3,5,4
ep_1767a5f8b8d8be8a,mol_46c9766df0dc3e13,grp_5dea7427c65d07c7,train,10.1016/j.fluid.2014.07.029,10.1016/j.fluid.2014.07.029#d11#p1,5000,274.5,305.4,30.9,12,4,4,True,"[""10.1016/j.fluid.2014.07.029#d11#p1#r10"",""10.1016/j.fluid.2014.07.029#d11#p1#r11"",""10.1016/j.fluid.2014.07.029#d11#p1#r15""]","[""10.1016/j.fluid.2014.07.029#d11#p1#r1"",""10.1016/j.fluid.2014.07.029#d11#p1#r2"",""10.1016/j.fluid.2014.07.029#d11#p1#r3"",""10.1016/j.fluid.2014.07.029#d11#p1#r4""]",3,4,4
ep_1789c5077de5c021,mol_6558cfbdd9a3dcad,grp_9a6e5ce866866615,validation,10.1016/j.fluid.2012.08.020,10.1016/j.fluid.2012.08.020#d10#p1,5000,312.9,358.2,45.3,32,7,8,True,"[""10.1016/j.fluid.2012.08.020#d10#p1#r39"",""10.1016/j.fluid.2012.08.020#d10#p1#r46"",""10.1016/j.fluid.2012.08.020#d10#p1#r50""]","[""10.1016/j.fluid.2012.08.020#d10#p1#r10"",""10.1016/j.fluid.2012.08.020#d10#p1#r11"",""10.1016/j.fluid.2012.08.020#d10#p1#r12"",""10.1016/j.fluid.2012.08.020#d10#p1#r13"",""10.1016/j.fluid.2012.08.020#d10#p1#r14"",""10.1016/j.fluid.2012.08.020#d10#p1#r6"",""10.1016/j.fluid.2012.08.020#d10#p1#r7"",""10.1016/j.fluid.2012.08.020#d10#p1#r8"",""10.1016/j.fluid.2012.08.020#d10#p1#r9""]",3,9,8
ep_184179d548c956b7,mol_132e4cfc5e4bd727,grp_5dea7427c65d07c7,train,10.1016/j.jct.2016.07.024,10.1016/j.jct.2016.07.024#d6#p1,5000,372.35,452.65,80.3,9,3,3,True,"[""10.1016/j.jct.2016.07.024#d6#p1#r7"",""10.1016/j.jct.2016.07.024#d6#p1#r8"",""10.1016/j.jct.2016.07.024#d6#p1#r9""]","[""10.1016/j.jct.2016.07.024#d6#p1#r1"",""10.1016/j.jct.2016.07.024#d6#p1#r2"",""10.1016/j.jct.2016.07.024#d6#p1#r3""]",3,3,3
ep_1895d1952a23a9a6,mol_87af88bbbdeef674,grp_f74960087f7dfc07,validation,10.1016/j.jct.2012.05.003,10.1016/j.jct.2012.05.003#d10#p1,5000,368.125,483.11,114.985,13,4,4,True,"[""10.1016/j.jct.2012.05.003#d10#p1#r10"",""10.1016/j.jct.2012.05.003#d10#p1#r11"",""10.1016/j.jct.2012.05.003#d10#p1#r13""]","[""10.1016/j.jct.2012.05.003#d10#p1#r1"",""10.1016/j.jct.2012.05.003#d10#p1#r2"",""10.1016/j.jct.2012.05.003#d10#p1#r3"",""10.1016/j.jct.2012.05.003#d10#p1#r4""]",3,4,4
ep_18dcb504df0c23f0,mol_304fa968ee31b51b,grp_5dea7427c65d07c7,train,10.1021/acs.jced.9b00419,10.1021/acs.jced.9b00419#d2#p1,5000,298.4,347.3,48.9,11,3,4,True,"[""10.1021/acs.jced.9b00419#d2#p1#r10"",""10.1021/acs.jced.9b00419#d2#p1#r11"",""10.1021/acs.jced.9b00419#d2#p1#r12""]","[""10.1021/acs.jced.9b00419#d2#p1#r1"",""10.1021/acs.jced.9b00419#d2#p1#r2"",""10.1021/acs.jced.9b00419#d2#p1#r3"",""10.1021/acs.jced.9b00419#d2#p1#r4"",""10.1021/acs.jced.9b00419#d2#p1#r5""]",3,5,4
ep_1990f8fcc679ff19,mol_2c8fece1c354948f,grp_5dea7427c65d07c7,train,10.1016/j.fluid.2008.02.001,10.1016/j.fluid.2008.02.001#d2#p1,5000,274.9,311.2,36.3,25,4,9,True,"[""10.1016/j.fluid.2008.02.001#d2#p1#r27"",""10.1016/j.fluid.2008.02.001#d2#p1#r29"",""10.1016/j.fluid.2008.02.001#d2#p1#r31""]","[""10.1016/j.fluid.2008.02.001#d2#p1#r1"",""10.1016/j.fluid.2008.02.001#d2#p1#r10"",""10.1016/j.fluid.2008.02.001#d2#p1#r2"",""10.1016/j.fluid.2008.02.001#d2#p1#r3"",""10.1016/j.fluid.2008.02.001#d2#p1#r4"",""10.1016/j.fluid.2008.02.001#d2#p1#r5"",""10.1016/j.fluid.2008.02.001#d2#p1#r6"",""10.1016/j.fluid.2008.02.001#d2#p1#r7"",""10.1016/j.fluid.2008.02.001#d2#p1#r8"",""10.1016/j.fluid.2008.02.001#d2#p1#r9""]",3,10,9
ep_1b119a9ada360967,mol_b1900020b9218f7f,grp_5dea7427c65d07c7,train,10.1016/j.jct.2005.08.003,10.1016/j.jct.2005.08.003#d2#p1,5000,274.5,306.1,31.6,12,4,4,True,"[""10.1016/j.jct.2005.08.003#d2#p1#r9"",""10.1016/j.jct.2005.08.003#d2#p1#r10"",""10.1016/j.jct.2005.08.003#d2#p1#r12""]","[""10.1016/j.jct.2005.08.003#d2#p1#r1"",""10.1016/j.jct.2005.08.003#d2#p1#r2"",""10.1016/j.jct.2005.08.003#d2#p1#r3"",""10.1016/j.jct.2005.08.003#d2#p1#r4""]",3,4,4
ep_1d323207092bb1da,mol_eb7e3a4f6555939a,grp_eb7e3a4f6555939a,train,10.1016/j.jct.2006.10.012,10.1016/j.jct.2006.10.012#d11#p1,5000,336.987,414.963,77.976,11,4,4,True,"[""10.1016/j.jct.2006.10.012#d11#p1#r8"",""10.1016/j.jct.2006.10.012#d11#p1#r9"",""10.1016/j.jct.2006.10.012#d11#p1#r11""]","[""10.1016/j.jct.2006.10.012#d11#p1#r1"",""10.1016/j.jct.2006.10.012#d11#p1#r2"",""10.1016/j.jct.2006.10.012#d11#p1#r3"",""10.1016/j.jct.2006.10.012#d11#p1#r4""]",3,4,4
ep_1e70ebbcb30a9f12,mol_58b895da863521d5,grp_5dea7427c65d07c7,train,10.1021/je060249h,10.1021/je060249h#d2#p1,5000,347.65,411.9,64.25,14,7,2,True,"[""10.1021/je060249h#d2#p1#r8"",""10.1021/je060249h#d2#p1#r11"",""10.1021/je060249h#d2#p1#r14""]","[""10.1021/je060249h#d2#p1#r1"",""10.1021/je060249h#d2#p1#r2""]",3,2,2
ep_1ef36a273776bbc5,mol_cc7d31c3ab545846,grp_5ed1239f1de5ca2c,validation,10.1021/je300312c,10.1021/je300312c#d4#p1,5000,314.2,376,61.8,30,9,8,True,"[""10.1021/je300312c#d4#p1#r22"",""10.1021/je300312c#d4#p1#r26"",""10.1021/je300312c#d4#p1#r30""]","[""10.1021/je300312c#d4#p1#r1"",""10.1021/je300312c#d4#p1#r2"",""10.1021/je300312c#d4#p1#r3"",""10.1021/je300312c#d4#p1#r4"",""10.1021/je300312c#d4#p1#r5"",""10.1021/je300312c#d4#p1#r6"",""10.1021/je300312c#d4#p1#r7"",""10.1021/je300312c#d4#p1#r8""]",3,8,8
ep_1f054231f7b62f1e,mol_d978c547652ea745,grp_5dea7427c65d07c7,train,10.1016/j.fluid.2018.05.032,10.1016/j.fluid.2018.05.032#d6#p1,5000,268.14,308.14,40,9,3,3,True,"[""10.1016/j.fluid.2018.05.032#d6#p1#r19"",""10.1016/j.fluid.2018.05.032#d6#p1#r22"",""10.1016/j.fluid.2018.05.032#d6#p1#r25""]","[""10.1016/j.fluid.2018.05.032#d6#p1#r1"",""10.1016/j.fluid.2018.05.032#d6#p1#r2"",""10.1016/j.fluid.2018.05.032#d6#p1#r3"",""10.1016/j.fluid.2018.05.032#d6#p1#r4"",""10.1016/j.fluid.2018.05.032#d6#p1#r5"",""10.1016/j.fluid.2018.05.032#d6#p1#r6"",""10.1016/j.fluid.2018.05.032#d6#p1#r7""]",3,7,3
ep_20c70eb3e86f5c04,mol_988c5d9100ceeb54,grp_988c5d9100ceeb54,train,10.1016/j.jct.2014.06.001,10.1016/j.jct.2014.06.001#d2#p1,5000,328.9,380.7,51.8,11,4,3,True,"[""10.1016/j.jct.2014.06.001#d2#p1#r8"",""10.1016/j.jct.2014.06.001#d2#p1#r9"",""10.1016/j.jct.2014.06.001#d2#p1#r11""]","[""10.1016/j.jct.2014.06.001#d2#p1#r1"",""10.1016/j.jct.2014.06.001#d2#p1#r2"",""10.1016/j.jct.2014.06.001#d2#p1#r3""]",3,3,3
ep_222a69fed5a15923,mol_22be8c33c22b0b12,grp_5dea7427c65d07c7,train,10.1021/je500784s,10.1021/je500784s#d9#p1,5000,283.2,325.1,41.9,12,5,3,True,"[""10.1021/je500784s#d9#p1#r8"",""10.1021/je500784s#d9#p1#r10"",""10.1021/je500784s#d9#p1#r12""]","[""10.1021/je500784s#d9#p1#r1"",""10.1021/je500784s#d9#p1#r2"",""10.1021/je500784s#d9#p1#r3""]",3,3,3
ep_23fd8b6c9db672f9,mol_924b90bf9563cf86,grp_5dea7427c65d07c7,train,10.1016/j.fluid.2005.09.011,10.1016/j.fluid.2005.09.011#d1#p1,5000,289.31,323.15,33.84,8,3,3,True,"[""10.1016/j.fluid.2005.09.011#d1#p1#r6"",""10.1016/j.fluid.2005.09.011#d1#p1#r7"",""10.1016/j.fluid.2005.09.011#d1#p1#r8""]","[""10.1016/j.fluid.2005.09.011#d1#p1#r1"",""10.1016/j.fluid.2005.09.011#d1#p1#r2"",""10.1016/j.fluid.2005.09.011#d1#p1#r3""]",3,3,3
ep_2407c568ff508af1,mol_275981bba78be1e1,grp_5dea7427c65d07c7,train,10.1021/je500784s,10.1021/je500784s#d4#p1,5000,274.2,308.2,34,22,6,9,True,"[""10.1021/je500784s#d4#p1#r20"",""10.1021/je500784s#d4#p1#r22"",""10.1021/je500784s#d4#p1#r25""]","[""10.1021/je500784s#d4#p1#r1"",""10.1021/je500784s#d4#p1#r10"",""10.1021/je500784s#d4#p1#r11"",""10.1021/je500784s#d4#p1#r2"",""10.1021/je500784s#d4#p1#r3"",""10.1021/je500784s#d4#p1#r4"",""10.1021/je500784s#d4#p1#r5"",""10.1021/je500784s#d4#p1#r6"",""10.1021/je500784s#d4#p1#r7"",""10.1021/je500784s#d4#p1#r8"",""10.1021/je500784s#d4#p1#r9""]",3,11,9
ep_24e58b4ce285c1f3,mol_5fa3d4f920d98423,grp_5dea7427c65d07c7,train,10.1021/acs.jced.6b00576,10.1021/acs.jced.6b00576#d25#p1,5000,279.84,314.3,34.46,13,4,5,True,"[""10.1021/acs.jced.6b00576#d25#p1#r10"",""10.1021/acs.jced.6b00576#d25#p1#r11"",""10.1021/acs.jced.6b00576#d25#p1#r13""]","[""10.1021/acs.jced.6b00576#d25#p1#r1"",""10.1021/acs.jced.6b00576#d25#p1#r2"",""10.1021/acs.jced.6b00576#d25#p1#r3"",""10.1021/acs.jced.6b00576#d25#p1#r4"",""10.1021/acs.jced.6b00576#d25#p1#r5""]",3,5,5
ep_253cdb2728b2911b,mol_51066cb4cb97b45d,grp_468c9a97902f6f3f,test,10.1016/j.fluid.2014.12.023,10.1016/j.fluid.2014.12.023#d12#p1,5000,278.2,316.4,38.2,19,4,7,True,"[""10.1016/j.fluid.2014.12.023#d12#p1#r16"",""10.1016/j.fluid.2014.12.023#d12#p1#r17"",""10.1016/j.fluid.2014.12.023#d12#p1#r19""]","[""10.1016/j.fluid.2014.12.023#d12#p1#r1"",""10.1016/j.fluid.2014.12.023#d12#p1#r2"",""10.1016/j.fluid.2014.12.023#d12#p1#r3"",""10.1016/j.fluid.2014.12.023#d12#p1#r4"",""10.1016/j.fluid.2014.12.023#d12#p1#r5"",""10.1016/j.fluid.2014.12.023#d12#p1#r6"",""10.1016/j.fluid.2014.12.023#d12#p1#r7""]",3,7,7
ep_2545be9f50185035,mol_1bdf322c4ebd3d63,grp_5dea7427c65d07c7,train,10.1016/j.jct.2018.08.025,10.1016/j.jct.2018.08.025#d1#p1,5000,293.22,402.305,109.085,12,4,4,True,"[""10.1016/j.jct.2018.08.025#d1#p1#r12"",""10.1016/j.jct.2018.08.025#d1#p1#r13"",""10.1016/j.jct.2018.08.025#d1#p1#r21""]","[""10.1016/j.jct.2018.08.025#d1#p1#r1"",""10.1016/j.jct.2018.08.025#d1#p1#r2"",""10.1016/j.jct.2018.08.025#d1#p1#r3"",""10.1016/j.jct.2018.08.025#d1#p1#r5"",""10.1016/j.jct.2018.08.025#d1#p1#r6""]",3,5,4
ep_25e81d8e00c364a0,mol_ba5eddc45843cc00,grp_ba5eddc45843cc00,train,10.1016/j.jct.2018.01.014,10.1016/j.jct.2018.01.014#d1#p1,5000,288.7,373.1,84.4,22,7,6,True,"[""10.1016/j.jct.2018.01.014#d1#p1#r17"",""10.1016/j.jct.2018.01.014#d1#p1#r20"",""10.1016/j.jct.2018.01.014#d1#p1#r23""]","[""10.1016/j.jct.2018.01.014#d1#p1#r1"",""10.1016/j.jct.2018.01.014#d1#p1#r2"",""10.1016/j.jct.2018.01.014#d1#p1#r3"",""10.1016/j.jct.2018.01.014#d1#p1#r4"",""10.1016/j.jct.2018.01.014#d1#p1#r5"",""10.1016/j.jct.2018.01.014#d1#p1#r6"",""10.1016/j.jct.2018.01.014#d1#p1#r7""]",3,7,6
ep_27502052b3c4bc68,mol_cf369ca199c477af,grp_554ad3ddcfbe3579,test,10.1016/j.jct.2011.05.004,10.1016/j.jct.2011.05.004#d6#p1,5000,309.2,363.2,54,30,12,7,True,"[""10.1016/j.jct.2011.05.004#d6#p1#r20"",""10.1016/j.jct.2011.05.004#d6#p1#r25"",""10.1016/j.jct.2011.05.004#d6#p1#r31""]","[""10.1016/j.jct.2011.05.004#d6#p1#r1"",""10.1016/j.jct.2011.05.004#d6#p1#r2"",""10.1016/j.jct.2011.05.004#d6#p1#r3"",""10.1016/j.jct.2011.05.004#d6#p1#r4"",""10.1016/j.jct.2011.05.004#d6#p1#r5"",""10.1016/j.jct.2011.05.004#d6#p1#r6"",""10.1016/j.jct.2011.05.004#d6#p1#r7"",""10.1016/j.jct.2011.05.004#d6#p1#r8""]",3,8,7
ep_27c88f14b2c7c442,mol_9ea52b961b4fd060,grp_5dea7427c65d07c7,train,10.1021/je049561m,10.1021/je049561m#d7#p1,5000,275.3,311.2,35.9,13,4,4,True,"[""10.1021/je049561m#d7#p1#r10"",""10.1021/je049561m#d7#p1#r11"",""10.1021/je049561m#d7#p1#r13""]","[""10.1021/je049561m#d7#p1#r1"",""10.1021/je049561m#d7#p1#r2"",""10.1021/je049561m#d7#p1#r3"",""10.1021/je049561m#d7#p1#r4""]",3,4,4
ep_28713d86ea794ff9,mol_13ff42623f3cf866,grp_5dea7427c65d07c7,train,10.1021/je0255980,10.1021/je0255980#d3#p1,5000,273.3,304.8,31.5,19,6,6,True,"[""10.1021/je0255980#d3#p1#r15"",""10.1021/je0255980#d3#p1#r17"",""10.1021/je0255980#d3#p1#r20""]","[""10.1021/je0255980#d3#p1#r1"",""10.1021/je0255980#d3#p1#r2"",""10.1021/je0255980#d3#p1#r3"",""10.1021/je0255980#d3#p1#r4"",""10.1021/je0255980#d3#p1#r5"",""10.1021/je0255980#d3#p1#r6"",""10.1021/je0255980#d3#p1#r7""]",3,7,6
ep_299f0ac97614ef25,mol_a6bd173c68da330b,grp_ee24c20719261d11,validation,10.1016/j.jct.2013.01.009,10.1016/j.jct.2013.01.009#d5#p1,5000,253.14,308.15,55.01,12,4,4,True,"[""10.1016/j.jct.2013.01.009#d5#p1#r28"",""10.1016/j.jct.2013.01.009#d5#p1#r31"",""10.1016/j.jct.2013.01.009#d5#p1#r37""]","[""10.1016/j.jct.2013.01.009#d5#p1#r10"",""10.1016/j.jct.2013.01.009#d5#p1#r11"",""10.1016/j.jct.2013.01.009#d5#p1#r13"",""10.1016/j.jct.2013.01.009#d5#p1#r14"",""10.1016/j.jct.2013.01.009#d5#p1#r4"",""10.1016/j.jct.2013.01.009#d5#p1#r6"",""10.1016/j.jct.2013.01.009#d5#p1#r7"",""10.1016/j.jct.2013.01.009#d5#p1#r9""]",3,8,4
ep_29f767084f83fe8f,mol_16272dceff3c45bf,grp_5dea7427c65d07c7,train,10.1021/je9004905,10.1021/je9004905#d2#p1,5000,273.22,303.95,30.73,16,7,6,True,"[""10.1021/je9004905#d2#p1#r14"",""10.1021/je9004905#d2#p1#r18"",""10.1021/je9004905#d2#p1#r21""]","[""10.1021/je9004905#d2#p1#r1"",""10.1021/je9004905#d2#p1#r2"",""10.1021/je9004905#d2#p1#r3"",""10.1021/je9004905#d2#p1#r4"",""10.1021/je9004905#d2#p1#r5"",""10.1021/je9004905#d2#p1#r6"",""10.1021/je9004905#d2#p1#r7"",""10.1021/je9004905#d2#p1#r8""]",3,8,6
ep_29f92c89acbcc52a,mol_0aa38cb71170ee29,grp_5dea7427c65d07c7,train,10.1016/j.jct.2013.03.020,10.1016/j.jct.2013.03.020#d3#p1,5000,273.15,323.15,50,12,4,4,True,"[""10.1016/j.jct.2013.03.020#d3#p1#r10"",""10.1016/j.jct.2013.03.020#d3#p1#r20"",""10.1016/j.jct.2013.03.020#d3#p1#r21""]","[""10.1016/j.jct.2013.03.020#d3#p1#r1"",""10.1016/j.jct.2013.03.020#d3#p1#r16"",""10.1016/j.jct.2013.03.020#d3#p1#r17"",""10.1016/j.jct.2013.03.020#d3#p1#r2"",""10.1016/j.jct.2013.03.020#d3#p1#r3""]",3,5,4
ep_2a288bc7a1ae39e4,mol_1a56e24870b3472e,grp_5dea7427c65d07c7,train,10.1021/je0255980,10.1021/je0255980#d8#p1,5000,276.2,308,31.8,17,4,5,True,"[""10.1021/je0255980#d8#p1#r15"",""10.1021/je0255980#d8#p1#r16"",""10.1021/je0255980#d8#p1#r18""]","[""10.1021/je0255980#d8#p1#r1"",""10.1021/je0255980#d8#p1#r2"",""10.1021/je0255980#d8#p1#r3"",""10.1021/je0255980#d8#p1#r4"",""10.1021/je0255980#d8#p1#r5"",""10.1021/je0255980#d8#p1#r6""]",3,6,5
ep_2a5963488c3fb474,mol_8ced90bc6ccb8f46,grp_27b44b5a9de26f9f,test,10.1016/j.tca.2015.02.004,10.1016/j.tca.2015.02.004#d7#p1,5000,321.8,390.9,69.1,13,4,6,True,"[""10.1016/j.tca.2015.02.004#d7#p1#r12"",""10.1016/j.tca.2015.02.004#d7#p1#r20"",""10.1016/j.tca.2015.02.004#d7#p1#r8""]","[""10.1016/j.tca.2015.02.004#d7#p1#r1"",""10.1016/j.tca.2015.02.004#d7#p1#r18"",""10.1016/j.tca.2015.02.004#d7#p1#r2"",""10.1016/j.tca.2015.02.004#d7#p1#r4"",""10.1016/j.tca.2015.02.004#d7#p1#r5"",""10.1016/j.tca.2015.02.004#d7#p1#r9""]",3,6,6
ep_2ad185d60cf4c6f6,mol_caae52dfde9f4474,grp_5dea7427c65d07c7,train,10.1016/j.jct.2006.10.007,10.1016/j.jct.2006.10.007#d18#p1,5000,288.6,334.2,45.6,14,5,3,True,"[""10.1016/j.jct.2006.10.007#d18#p1#r10"",""10.1016/j.jct.2006.10.007#d18#p1#r12"",""10.1016/j.jct.2006.10.007#d18#p1#r14""]","[""10.1016/j.jct.2006.10.007#d18#p1#r1"",""10.1016/j.jct.2006.10.007#d18#p1#r2"",""10.1016/j.jct.2006.10.007#d18#p1#r3""]",3,3,3
ep_2b46bb847190150f,mol_1c88c0062a21140c,grp_5dea7427c65d07c7,train,10.1021/je100398m,10.1021/je100398m#d4#p1,5000,258.17,308.16,49.99,11,3,3,True,"[""10.1021/je100398m#d4#p1#r20"",""10.1021/je100398m#d4#p1#r22"",""10.1021/je100398m#d4#p1#r24""]","[""10.1021/je100398m#d4#p1#r1"",""10.1021/je100398m#d4#p1#r2"",""10.1021/je100398m#d4#p1#r3"",""10.1021/je100398m#d4#p1#r4"",""10.1021/je100398m#d4#p1#r5"",""10.1021/je100398m#d4#p1#r7"",""10.1021/je100398m#d4#p1#r9""]",3,7,3
ep_2ccc8d4cbf4ecf60,mol_3ec8acd703277a07,grp_468c9a97902f6f3f,test,10.1016/j.fluid.2014.12.023,10.1016/j.fluid.2014.12.023#d8#p1,5000,278.5,324.3,45.8,21,5,10,True,"[""10.1016/j.fluid.2014.12.023#d8#p1#r17"",""10.1016/j.fluid.2014.12.023#d8#p1#r19"",""10.1016/j.fluid.2014.12.023#d8#p1#r21""]","[""10.1016/j.fluid.2014.12.023#d8#p1#r1"",""10.1016/j.fluid.2014.12.023#d8#p1#r10"",""10.1016/j.fluid.2014.12.023#d8#p1#r2"",""10.1016/j.fluid.2014.12.023#d8#p1#r3"",""10.1016/j.fluid.2014.12.023#d8#p1#r4"",""10.1016/j.fluid.2014.12.023#d8#p1#r5"",""10.1016/j.fluid.2014.12.023#d8#p1#r6"",""10.1016/j.fluid.2014.12.023#d8#p1#r7"",""10.1016/j.fluid.2014.12.023#d8#p1#r8"",""10.1016/j.fluid.2014.12.023#d8#p1#r9""]",3,10,10
ep_2cfee97b67c5c10b,mol_a10b91d37db2843a,grp_4099771604350c09,test,10.1021/je200336c,10.1021/je200336c#d8#p1,5000,335.6,374.1,38.5,30,9,8,True,"[""10.1021/je200336c#d8#p1#r34"",""10.1021/je200336c#d8#p1#r40"",""10.1021/je200336c#d8#p1#r46""]","[""10.1021/je200336c#d8#p1#r10"",""10.1021/je200336c#d8#p1#r11"",""10.1021/je200336c#d8#p1#r12"",""10.1021/je200336c#d8#p1#r13"",""10.1021/je200336c#d8#p1#r14"",""10.1021/je200336c#d8#p1#r15"",""10.1021/je200336c#d8#p1#r16"",""10.1021/je200336c#d8#p1#r17"",""10.1021/je200336c#d8#p1#r9""]",3,9,8
ep_2d9b10d12f24ba69,mol_b44b37c017007981,grp_5dea7427c65d07c7,train,10.1021/je800888n,10.1021/je800888n#d2#p1,5000,253.83,303.19,49.36,10,4,2,True,"[""10.1021/je800888n#d2#p1#r7"",""10.1021/je800888n#d2#p1#r9"",""10.1021/je800888n#d2#p1#r12""]","[""10.1021/je800888n#d2#p1#r1"",""10.1021/je800888n#d2#p1#r2""]",3,2,2
ep_2e83f980cc04b005,mol_ff573fbe94f755cf,grp_ff573fbe94f755cf,test,10.1016/j.jct.2009.04.019,10.1016/j.jct.2009.04.019#d1#p1,5000,283.5,338.4,54.9,35,14,6,True,"[""10.1016/j.jct.2009.04.019#d1#p1#r35"",""10.1016/j.jct.2009.04.019#d1#p1#r47"",""10.1016/j.jct.2009.04.019#d1#p1#r57""]","[""10.1016/j.jct.2009.04.019#d1#p1#r1"",""10.1016/j.jct.2009.04.019#d1#p1#r2"",""10.1016/j.jct.2009.04.019#d1#p1#r3"",""10.1016/j.jct.2009.04.019#d1#p1#r4"",""10.1016/j.jct.2009.04.019#d1#p1#r5"",""10.1016/j.jct.2009.04.019#d1#p1#r6"",""10.1016/j.jct.2009.04.019#d1#p1#r7""]",3,7,6
ep_2e84ac74d95cab0e,mol_12f2d4d05a0c8d09,grp_5dea7427c65d07c7,train,10.1021/je500784s,10.1021/je500784s#d17#p1,5000,293.5,328.5,35,14,5,4,True,"[""10.1021/je500784s#d17#p1#r10"",""10.1021/je500784s#d17#p1#r12"",""10.1021/je500784s#d17#p1#r15""]","[""10.1021/je500784s#d17#p1#r1"",""10.1021/je500784s#d17#p1#r2"",""10.1021/je500784s#d17#p1#r3"",""10.1021/je500784s#d17#p1#r4""]",3,4,4
ep_2f11c4660372f6dc,mol_038035dca3f815f6,grp_5dea7427c65d07c7,train,10.1016/j.fluid.2019.112241,10.1016/j.fluid.2019.112241#d4#p1,5000,293.2,333.1,39.9,14,5,5,True,"[""10.1016/j.fluid.2019.112241#d4#p1#r10"",""10.1016/j.fluid.2019.112241#d4#p1#r12"",""10.1016/j.fluid.2019.112241#d4#p1#r14""]","[""10.1016/j.fluid.2019.112241#d4#p1#r1"",""10.1016/j.fluid.2019.112241#d4#p1#r2"",""10.1016/j.fluid.2019.112241#d4#p1#r3"",""10.1016/j.fluid.2019.112241#d4#p1#r4"",""10.1016/j.fluid.2019.112241#d4#p1#r5""]",3,5,5
ep_30621f4211c7b2fb,mol_4efd3132e13aacfa,grp_5ed1239f1de5ca2c,validation,10.1016/j.fluid.2016.11.010,10.1016/j.fluid.2016.11.010#d8#p1,5000,313,373.1,60.1,16,4,4,True,"[""10.1016/j.fluid.2016.11.010#d8#p1#r13"",""10.1016/j.fluid.2016.11.010#d8#p1#r14"",""10.1016/j.fluid.2016.11.010#d8#p1#r16""]","[""10.1016/j.fluid.2016.11.010#d8#p1#r1"",""10.1016/j.fluid.2016.11.010#d8#p1#r2"",""10.1016/j.fluid.2016.11.010#d8#p1#r3"",""10.1016/j.fluid.2016.11.010#d8#p1#r4""]",3,4,4
ep_306bfd9fa3484731,mol_aa0ace4207225373,grp_5dea7427c65d07c7,train,10.1016/j.fluid.2012.08.003,10.1016/j.fluid.2012.08.003#d4#p1,5000,283.3,338.3,55,16,6,6,True,"[""10.1016/j.fluid.2012.08.003#d4#p1#r12"",""10.1016/j.fluid.2012.08.003#d4#p1#r14"",""10.1016/j.fluid.2012.08.003#d4#p1#r17""]","[""10.1016/j.fluid.2012.08.003#d4#p1#r1"",""10.1016/j.fluid.2012.08.003#d4#p1#r2"",""10.1016/j.fluid.2012.08.003#d4#p1#r3"",""10.1016/j.fluid.2012.08.003#d4#p1#r4"",""10.1016/j.fluid.2012.08.003#d4#p1#r5"",""10.1016/j.fluid.2012.08.003#d4#p1#r6""]",3,6,6
ep_3086e0de96073e0f,mol_942daac293e911e8,grp_5dea7427c65d07c7,train,10.1021/je060406c,10.1021/je060406c#d1#p1,5000,276.7,323.4,46.7,16,5,5,True,"[""10.1021/je060406c#d1#p1#r12"",""10.1021/je060406c#d1#p1#r14"",""10.1021/je060406c#d1#p1#r16""]","[""10.1021/je060406c#d1#p1#r1"",""10.1021/je060406c#d1#p1#r2"",""10.1021/je060406c#d1#p1#r3"",""10.1021/je060406c#d1#p1#r4"",""10.1021/je060406c#d1#p1#r5""]",3,5,5
ep_3115b5aaaf5c9998,mol_bbb0421bb336b7e6,grp_5dea7427c65d07c7,train,10.1016/j.jct.2019.01.007,10.1016/j.jct.2019.01.007#d14#p1,5000,369.05,425.15,56.1,25,10,6,True,"[""10.1016/j.jct.2019.01.007#d14#p1#r18"",""10.1016/j.jct.2019.01.007#d14#p1#r24"",""10.1016/j.jct.2019.01.007#d14#p1#r25""]","[""10.1016/j.jct.2019.01.007#d14#p1#r11"",""10.1016/j.jct.2019.01.007#d14#p1#r14"",""10.1016/j.jct.2019.01.007#d14#p1#r15"",""10.1016/j.jct.2019.01.007#d14#p1#r16"",""10.1016/j.jct.2019.01.007#d14#p1#r5"",""10.1016/j.jct.2019.01.007#d14#p1#r8""]",3,6,6
ep_3124dfeb15c6d459,mol_e687bcf74e76aad5,grp_5dea7427c65d07c7,train,10.1021/je049600u,10.1021/je049600u#d3#p1,5000,298.15,368.15,70,15,5,5,True,"[""10.1021/je049600u#d3#p1#r11"",""10.1021/je049600u#d3#p1#r13"",""10.1021/je049600u#d3#p1#r15""]","[""10.1021/je049600u#d3#p1#r1"",""10.1021/je049600u#d3#p1#r2"",""10.1021/je049600u#d3#p1#r3"",""10.1021/je049600u#d3#p1#r4"",""10.1021/je049600u#d3#p1#r5""]",3,5,5
ep_319868942cc8ee4f,mol_8f8d88329a658c4a,grp_5dea7427c65d07c7,train,10.1021/je0602418,10.1021/je0602418#d10#p1,5000,286.4,340.6,54.2,19,6,6,True,"[""10.1021/je0602418#d10#p1#r14"",""10.1021/je0602418#d10#p1#r16"",""10.1021/je0602418#d10#p1#r19""]","[""10.1021/je0602418#d10#p1#r1"",""10.1021/je0602418#d10#p1#r2"",""10.1021/je0602418#d10#p1#r3"",""10.1021/je0602418#d10#p1#r4"",""10.1021/je0602418#d10#p1#r5"",""10.1021/je0602418#d10#p1#r6""]",3,6,6
ep_31b725fbaab03811,mol_f184b9645fb1446a,grp_4b1804fb3acb405a,validation,10.1016/j.jct.2017.07.008,10.1016/j.jct.2017.07.008#d1#p1,5000,351.15,391.84,40.69,17,5,4,True,"[""10.1016/j.jct.2017.07.008#d1#p1#r13"",""10.1016/j.jct.2017.07.008#d1#p1#r15"",""10.1016/j.jct.2017.07.008#d1#p1#r17""]","[""10.1016/j.jct.2017.07.008#d1#p1#r1"",""10.1016/j.jct.2017.07.008#d1#p1#r2"",""10.1016/j.jct.2017.07.008#d1#p1#r3"",""10.1016/j.jct.2017.07.008#d1#p1#r4""]",3,4,4
ep_3267437e9bb19371,mol_8576484ee77b5757,grp_5dea7427c65d07c7,train,10.1016/j.fluid.2019.112241,10.1016/j.fluid.2019.112241#d7#p1,5000,331.5,364.2,32.7,14,5,4,True,"[""10.1016/j.fluid.2019.112241#d7#p1#r17"",""10.1016/j.fluid.2019.112241#d7#p1#r19"",""10.1016/j.fluid.2019.112241#d7#p1#r21""]","[""10.1016/j.fluid.2019.112241#d7#p1#r10"",""10.1016/j.fluid.2019.112241#d7#p1#r6"",""10.1016/j.fluid.2019.112241#d7#p1#r7"",""10.1016/j.fluid.2019.112241#d7#p1#r8"",""10.1016/j.fluid.2019.112241#d7#p1#r9""]",3,5,4
ep_33fdf90e9ca984e1,mol_8557db3d1a35156c,grp_5dea7427c65d07c7,train,10.1016/j.jct.2014.04.022,10.1016/j.jct.2014.04.022#d13#p1,5000,273.65,308.15,34.5,8,3,3,True,"[""10.1016/j.jct.2014.04.022#d13#p1#r16"",""10.1016/j.jct.2014.04.022#d13#p1#r19"",""10.1016/j.jct.2014.04.022#d13#p1#r22""]","[""10.1016/j.jct.2014.04.022#d13#p1#r1"",""10.1016/j.jct.2014.04.022#d13#p1#r2"",""10.1016/j.jct.2014.04.022#d13#p1#r3"",""10.1016/j.jct.2014.04.022#d13#p1#r4"",""10.1016/j.jct.2014.04.022#d13#p1#r5"",""10.1016/j.jct.2014.04.022#d13#p1#r7"",""10.1016/j.jct.2014.04.022#d13#p1#r8"",""10.1016/j.jct.2014.04.022#d13#p1#r9""]",3,8,3
ep_365f78abe5653144,mol_2634d93cfb57c01a,grp_05168514f8646cd3,test,10.1021/je049595u,10.1021/je049595u#d28#p1,5000,315.614,404.974,89.36,10,3,3,True,"[""10.1021/je049595u#d28#p1#r8"",""10.1021/je049595u#d28#p1#r9"",""10.1021/je049595u#d28#p1#r10""]","[""10.1021/je049595u#d28#p1#r1"",""10.1021/je049595u#d28#p1#r2"",""10.1021/je049595u#d28#p1#r3""]",3,3,3
ep_3672a2e782b0a598,mol_f5b1d62bafd7f460,grp_5dea7427c65d07c7,train,10.1021/je049950g,10.1021/je049950g#d2#p1,5000,298.15,348.15,50,11,4,4,True,"[""10.1021/je049950g#d2#p1#r8"",""10.1021/je049950g#d2#p1#r9"",""10.1021/je049950g#d2#p1#r11""]","[""10.1021/je049950g#d2#p1#r1"",""10.1021/je049950g#d2#p1#r2"",""10.1021/je049950g#d2#p1#r3"",""10.1021/je049950g#d2#p1#r4""]",3,4,4
ep_367588283dc1352f,mol_935376490ad66f6e,grp_5dea7427c65d07c7,train,10.1016/j.jct.2016.07.024,10.1016/j.jct.2016.07.024#d2#p1,5000,282.64,372.52,89.88,10,3,3,True,"[""10.1016/j.jct.2016.07.024#d2#p1#r8"",""10.1016/j.jct.2016.07.024#d2#p1#r9"",""10.1016/j.jct.2016.07.024#d2#p1#r10""]","[""10.1016/j.jct.2016.07.024#d2#p1#r1"",""10.1016/j.jct.2016.07.024#d2#p1#r2"",""10.1016/j.jct.2016.07.024#d2#p1#r3""]",3,3,3
ep_372e48acdc3297dc,mol_bd2ed19f55eb1e21,grp_5dea7427c65d07c7,train,10.1021/je0602418,10.1021/je0602418#d19#p1,5000,291.3,353.1,61.8,14,4,5,True,"[""10.1021/je0602418#d19#p1#r11"",""10.1021/je0602418#d19#p1#r12"",""10.1021/je0602418#d19#p1#r14""]","[""10.1021/je0602418#d19#p1#r1"",""10.1021/je0602418#d19#p1#r2"",""10.1021/je0602418#d19#p1#r3"",""10.1021/je0602418#d19#p1#r4"",""10.1021/je0602418#d19#p1#r5""]",3,5,5
ep_37fc8853848e5161,mol_3990f91812cec3f3,grp_5dea7427c65d07c7,train,10.1016/j.tca.2018.07.016,10.1016/j.tca.2018.07.016#d2#p1,5000,276.1,324.9,48.8,18,5,5,True,"[""10.1016/j.tca.2018.07.016#d2#p1#r15"",""10.1016/j.tca.2018.07.016#d2#p1#r17"",""10.1016/j.tca.2018.07.016#d2#p1#r19""]","[""10.1016/j.tca.2018.07.016#d2#p1#r1"",""10.1016/j.tca.2018.07.016#d2#p1#r2"",""10.1016/j.tca.2018.07.016#d2#p1#r3"",""10.1016/j.tca.2018.07.016#d2#p1#r4"",""10.1016/j.tca.2018.07.016#d2#p1#r5""]",3,5,5
ep_380dbad3b84168f3,mol_9da490861744c9f8,grp_5dea7427c65d07c7,train,10.1021/je0602418,10.1021/je0602418#d26#p1,5000,323.4,373.8,50.4,12,3,4,True,"[""10.1021/je0602418#d26#p1#r14"",""10.1021/je0602418#d26#p1#r15"",""10.1021/je0602418#d26#p1#r16""]","[""10.1021/je0602418#d26#p1#r5"",""10.1021/je0602418#d26#p1#r6"",""10.1021/je0602418#d26#p1#r7"",""10.1021/je0602418#d26#p1#r8""]",3,4,4
ep_3b4c7203677df6c8,mol_9d47f5f4c0b23422,grp_eacde2a75ccb5ff9,train,10.1021/je060472e,10.1021/je060472e#d12#p1,5000,273.26,320.52,47.26,20,6,6,True,"[""10.1021/je060472e#d12#p1#r29"",""10.1021/je060472e#d12#p1#r33"",""10.1021/je060472e#d12#p1#r39""]","[""10.1021/je060472e#d12#p1#r1"",""10.1021/je060472e#d12#p1#r10"",""10.1021/je060472e#d12#p1#r11"",""10.1021/je060472e#d12#p1#r3"",""10.1021/je060472e#d12#p1#r4"",""10.1021/je060472e#d12#p1#r5"",""10.1021/je060472e#d12#p1#r6"",""10.1021/je060472e#d12#p1#r7"",""10.1021/je060472e#d12#p1#r8""]",3,9,6
ep_3c176010b8f38a24,mol_27b75bf766b45709,grp_5dea7427c65d07c7,train,10.1016/j.fluid.2015.05.026,10.1016/j.fluid.2015.05.026#d3#p1,5000,253.15,308.15,55,12,4,4,True,"[""10.1016/j.fluid.2015.05.026#d3#p1#r34"",""10.1016/j.fluid.2015.05.026#d3#p1#r37"",""10.1016/j.fluid.2015.05.026#d3#p1#r43""]","[""10.1016/j.fluid.2015.05.026#d3#p1#r10"",""10.1016/j.fluid.2015.05.026#d3#p1#r11"",""10.1016/j.fluid.2015.05.026#d3#p1#r12"",""10.1016/j.fluid.2015.05.026#d3#p1#r13"",""10.1016/j.fluid.2015.05.026#d3#p1#r14"",""10.1016/j.fluid.2015.05.026#d3#p1#r15"",""10.1016/j.fluid.2015.05.026#d3#p1#r16"",""10.1016/j.fluid.2015.05.026#d3#p1#r17"",""10.1016/j.fluid.2015.05.026#d3#p1#r18"",""10.1016/j.fluid.2015.05.026#d3#p1#r19"",""10.1016/j.fluid.2015.05.026#d3#p1#r20"",""10.1016/j.fluid.2015.05.026#d3#p1#r21""]",3,12,4
ep_3c3a65f0e4c7e625,mol_34651b4ffde1812d,grp_5dea7427c65d07c7,train,10.1016/j.fluid.2005.11.016,10.1016/j.fluid.2005.11.016#d2#p1,5000,263.15,353.15,90,10,3,3,True,"[""10.1016/j.fluid.2005.11.016#d2#p1#r8"",""10.1016/j.fluid.2005.11.016#d2#p1#r9"",""10.1016/j.fluid.2005.11.016#d2#p1#r10""]","[""10.1016/j.fluid.2005.11.016#d2#p1#r1"",""10.1016/j.fluid.2005.11.016#d2#p1#r2"",""10.1016/j.fluid.2005.11.016#d2#p1#r3""]",3,3,3
ep_3c60adccacd89b6a,mol_fb76be87032d9098,grp_642c5927dec37b59,validation,10.1016/j.fluid.2011.07.007,10.1016/j.fluid.2011.07.007#d8#p1,5000,294.5,327.4,32.9,12,4,4,True,"[""10.1016/j.fluid.2011.07.007#d8#p1#r9"",""10.1016/j.fluid.2011.07.007#d8#p1#r10"",""10.1016/j.fluid.2011.07.007#d8#p1#r12""]","[""10.1016/j.fluid.2011.07.007#d8#p1#r1"",""10.1016/j.fluid.2011.07.007#d8#p1#r2"",""10.1016/j.fluid.2011.07.007#d8#p1#r3"",""10.1016/j.fluid.2011.07.007#d8#p1#r4""]",3,4,4
ep_3cf565e5f223cf0a,mol_4425bf195a41c22d,grp_554ad3ddcfbe3579,test,10.1016/j.jct.2011.05.004,10.1016/j.jct.2011.05.004#d4#p1,5000,329.1,371.2,42.1,28,9,9,True,"[""10.1016/j.jct.2011.05.004#d4#p1#r24"",""10.1016/j.jct.2011.05.004#d4#p1#r29"",""10.1016/j.jct.2011.05.004#d4#p1#r34""]","[""10.1016/j.jct.2011.05.004#d4#p1#r10"",""10.1016/j.jct.2011.05.004#d4#p1#r11"",""10.1016/j.jct.2011.05.004#d4#p1#r12"",""10.1016/j.jct.2011.05.004#d4#p1#r13"",""10.1016/j.jct.2011.05.004#d4#p1#r5"",""10.1016/j.jct.2011.05.004#d4#p1#r6"",""10.1016/j.jct.2011.05.004#d4#p1#r7"",""10.1016/j.jct.2011.05.004#d4#p1#r8"",""10.1016/j.jct.2011.05.004#d4#p1#r9""]",3,9,9
ep_3d46539763f51891,mol_b633c02df2e0c63b,grp_5dea7427c65d07c7,train,10.1021/je100398m,10.1021/je100398m#d3#p1,5000,258.175,308.15,49.975,11,3,3,True,"[""10.1021/je100398m#d3#p1#r21"",""10.1021/je100398m#d3#p1#r23"",""10.1021/je100398m#d3#p1#r25""]","[""10.1021/je100398m#d3#p1#r1"",""10.1021/je100398m#d3#p1#r2"",""10.1021/je100398m#d3#p1#r4"",""10.1021/je100398m#d3#p1#r7"",""10.1021/je100398m#d3#p1#r8"",""10.1021/je100398m#d3#p1#r9""]",3,6,3
ep_3e4b7d41f39775fd,mol_90b69659cd0ca4f3,grp_5dea7427c65d07c7,train,10.1016/j.tca.2017.12.006,10.1016/j.tca.2017.12.006#d2#p1,5000,293.5,348.8,55.3,12,4,4,True,"[""10.1016/j.tca.2017.12.006#d2#p1#r9"",""10.1016/j.tca.2017.12.006#d2#p1#r10"",""10.1016/j.tca.2017.12.006#d2#p1#r12""]","[""10.1016/j.tca.2017.12.006#d2#p1#r1"",""10.1016/j.tca.2017.12.006#d2#p1#r2"",""10.1016/j.tca.2017.12.006#d2#p1#r3"",""10.1016/j.tca.2017.12.006#d2#p1#r4""]",3,4,4
ep_3f08cd7c37ea759f,mol_32facc64508e019f,grp_5dea7427c65d07c7,train,10.1021/je2002489,10.1021/je2002489#d2#p1,5000,293.4,353.2,59.8,31,9,10,True,"[""10.1021/je2002489#d2#p1#r23"",""10.1021/je2002489#d2#p1#r27"",""10.1021/je2002489#d2#p1#r31""]","[""10.1021/je2002489#d2#p1#r1"",""10.1021/je2002489#d2#p1#r10"",""10.1021/je2002489#d2#p1#r2"",""10.1021/je2002489#d2#p1#r3"",""10.1021/je2002489#d2#p1#r4"",""10.1021/je2002489#d2#p1#r5"",""10.1021/je2002489#d2#p1#r6"",""10.1021/je2002489#d2#p1#r7"",""10.1021/je2002489#d2#p1#r8"",""10.1021/je2002489#d2#p1#r9""]",3,10,10
ep_40a9339d7c2b1eab,mol_6d0384966495a309,grp_5dea7427c65d07c7,train,10.1021/je100231g,10.1021/je100231g#d8#p1,5000,308.3,343.5,35.2,14,5,4,True,"[""10.1021/je100231g#d8#p1#r10"",""10.1021/je100231g#d8#p1#r12"",""10.1021/je100231g#d8#p1#r14""]","[""10.1021/je100231g#d8#p1#r1"",""10.1021/je100231g#d8#p1#r2"",""10.1021/je100231g#d8#p1#r3"",""10.1021/je100231g#d8#p1#r4""]",3,4,4
ep_40e375b09492d903,mol_b0b231c8f928cfec,grp_b0b231c8f928cfec,test,10.1016/j.jct.2003.12.012,10.1016/j.jct.2003.12.012#d10#p1,5000,359.977,459.961,99.984,12,4,4,True,"[""10.1016/j.jct.2003.12.012#d10#p1#r9"",""10.1016/j.jct.2003.12.012#d10#p1#r10"",""10.1016/j.jct.2003.12.012#d10#p1#r12""]","[""10.1016/j.jct.2003.12.012#d10#p1#r1"",""10.1016/j.jct.2003.12.012#d10#p1#r2"",""10.1016/j.jct.2003.12.012#d10#p1#r3"",""10.1016/j.jct.2003.12.012#d10#p1#r4""]",3,4,4
ep_415ace6c842165ac,mol_e1045e97e4815b23,grp_5dea7427c65d07c7,train,10.1021/je0255980,10.1021/je0255980#d10#p1,5000,274.3,308.2,33.9,23,11,5,True,"[""10.1021/je0255980#d10#p1#r13"",""10.1021/je0255980#d10#p1#r18"",""10.1021/je0255980#d10#p1#r23""]","[""10.1021/je0255980#d10#p1#r1"",""10.1021/je0255980#d10#p1#r2"",""10.1021/je0255980#d10#p1#r3"",""10.1021/je0255980#d10#p1#r4"",""10.1021/je0255980#d10#p1#r5""]",3,5,5
ep_438674df9d8461f4,mol_b2ea93772c7f152a,grp_4099771604350c09,test,10.1021/je200336c,10.1021/je200336c#d1#p1,5000,288.6,343.2,54.6,46,14,12,True,"[""10.1021/je200336c#d1#p1#r42"",""10.1021/je200336c#d1#p1#r48"",""10.1021/je200336c#d1#p1#r55""]","[""10.1021/je200336c#d1#p1#r1"",""10.1021/je200336c#d1#p1#r10"",""10.1021/je200336c#d1#p1#r11"",""10.1021/je200336c#d1#p1#r12"",""10.1021/je200336c#d1#p1#r14"",""10.1021/je200336c#d1#p1#r15"",""10.1021/je200336c#d1#p1#r16"",""10.1021/je200336c#d1#p1#r17"",""10.1021/je200336c#d1#p1#r18"",""10.1021/je200336c#d1#p1#r19"",""10.1021/je200336c#d1#p1#r2"",""10.1021/je200336c#d1#p1#r3"",""10.1021/je200336c#d1#p1#r4"",""10.1021/je200336c#d1#p1#r5"",""10.1021/je200336c#d1#p1#r6"",""10.1021/je200336c#d1#p1#r7"",""10.1021/je200336c#d1#p1#r8"",""10.1021/je200336c#d1#p1#r9""]",3,18,12
ep_470596cf0c031999,mol_2d51bd32961be5de,grp_5ed1239f1de5ca2c,validation,10.1021/je300312c,10.1021/je300312c#d6#p1,5000,326.7,375.9,49.2,21,6,8,True,"[""10.1021/je300312c#d6#p1#r16"",""10.1021/je300312c#d6#p1#r18"",""10.1021/je300312c#d6#p1#r21""]","[""10.1021/je300312c#d6#p1#r1"",""10.1021/je300312c#d6#p1#r2"",""10.1021/je300312c#d6#p1#r3"",""10.1021/je300312c#d6#p1#r4"",""10.1021/je300312c#d6#p1#r5"",""10.1021/je300312c#d6#p1#r6"",""10.1021/je300312c#d6#p1#r7"",""10.1021/je300312c#d6#p1#r8""]",3,8,8
ep_4b2953cc1655a5da,mol_baa3c342cb3d811f,grp_5dea7427c65d07c7,train,10.1016/j.jct.2010.04.015,10.1016/j.jct.2010.04.015#d1#p1,5000,293.29,363.1,69.81,8,3,3,True,"[""10.1016/j.jct.2010.04.015#d1#p1#r6"",""10.1016/j.jct.2010.04.015#d1#p1#r7"",""10.1016/j.jct.2010.04.015#d1#p1#r8""]","[""10.1016/j.jct.2010.04.015#d1#p1#r1"",""10.1016/j.jct.2010.04.015#d1#p1#r2"",""10.1016/j.jct.2010.04.015#d1#p1#r3""]",3,3,3
ep_4b715d339add57ec,mol_29b0042d758abfd8,grp_5dea7427c65d07c7,train,10.1021/je060406c,10.1021/je060406c#d4#p1,5000,287.8,363.3,75.5,19,5,7,True,"[""10.1021/je060406c#d4#p1#r17"",""10.1021/je060406c#d4#p1#r19"",""10.1021/je060406c#d4#p1#r21""]","[""10.1021/je060406c#d4#p1#r1"",""10.1021/je060406c#d4#p1#r2"",""10.1021/je060406c#d4#p1#r3"",""10.1021/je060406c#d4#p1#r4"",""10.1021/je060406c#d4#p1#r5"",""10.1021/je060406c#d4#p1#r6"",""10.1021/je060406c#d4#p1#r7""]",3,7,7
ep_4c7118a89abb6873,mol_45cc3d52a0d8f167,grp_fe68aa4179fd65d6,test,10.1016/j.jct.2013.11.003,10.1016/j.jct.2013.11.003#d1#p1,5000,278.1,323.7,45.6,20,7,6,True,"[""10.1016/j.jct.2013.11.003#d1#p1#r14"",""10.1016/j.jct.2013.11.003#d1#p1#r18"",""10.1016/j.jct.2013.11.003#d1#p1#r21""]","[""10.1016/j.jct.2013.11.003#d1#p1#r1"",""10.1016/j.jct.2013.11.003#d1#p1#r2"",""10.1016/j.jct.2013.11.003#d1#p1#r3"",""10.1016/j.jct.2013.11.003#d1#p1#r4"",""10.1016/j.jct.2013.11.003#d1#p1#r5"",""10.1016/j.jct.2013.11.003#d1#p1#r6""]",3,6,6
ep_4e7059a967f00504,mol_360d41877d5341ed,grp_5dea7427c65d07c7,train,10.1021/je0497799,10.1021/je0497799#d2#p1,5000,278.3,323.6,45.3,18,4,5,True,"[""10.1021/je0497799#d2#p1#r18"",""10.1021/je0497799#d2#p1#r19"",""10.1021/je0497799#d2#p1#r23""]","[""10.1021/je0497799#d2#p1#r1"",""10.1021/je0497799#d2#p1#r2"",""10.1021/je0497799#d2#p1#r3"",""10.1021/je0497799#d2#p1#r4"",""10.1021/je0497799#d2#p1#r5""]",3,5,5
ep_4ed972f79f70c467,mol_8c6d4251bbcdb100,grp_5dea7427c65d07c7,train,10.1021/je500784s,10.1021/je500784s#d2#p1,5000,283.8,314.6,30.8,12,4,4,True,"[""10.1021/je500784s#d2#p1#r9"",""10.1021/je500784s#d2#p1#r10"",""10.1021/je500784s#d2#p1#r12""]","[""10.1021/je500784s#d2#p1#r1"",""10.1021/je500784s#d2#p1#r2"",""10.1021/je500784s#d2#p1#r3"",""10.1021/je500784s#d2#p1#r4""]",3,4,4
ep_4f2e9de5f1fdc2d6,mol_19e2c18c29f1a863,grp_5dea7427c65d07c7,train,10.1016/j.fluid.2015.05.026,10.1016/j.fluid.2015.05.026#d5#p1,5000,253.15,308.15,55,13,4,4,True,"[""10.1016/j.fluid.2015.05.026#d5#p1#r37"",""10.1016/j.fluid.2015.05.026#d5#p1#r40"",""10.1016/j.fluid.2015.05.026#d5#p1#r46""]","[""10.1016/j.fluid.2015.05.026#d5#p1#r10"",""10.1016/j.fluid.2015.05.026#d5#p1#r11"",""10.1016/j.fluid.2015.05.026#d5#p1#r13"",""10.1016/j.fluid.2015.05.026#d5#p1#r14"",""10.1016/j.fluid.2015.05.026#d5#p1#r15"",""10.1016/j.fluid.2015.05.026#d5#p1#r16"",""10.1016/j.fluid.2015.05.026#d5#p1#r17"",""10.1016/j.fluid.2015.05.026#d5#p1#r18"",""10.1016/j.fluid.2015.05.026#d5#p1#r19"",""10.1016/j.fluid.2015.05.026#d5#p1#r20"",""10.1016/j.fluid.2015.05.026#d5#p1#r21""]",3,11,4
ep_4f87d58085c8755e,mol_8058f2b63219b26a,grp_d2426a225a128b74,train,10.1021/je034263v,10.1021/je034263v#d2#p1,5000,349.26,392.55,43.29,14,4,5,True,"[""10.1021/je034263v#d2#p1#r11"",""10.1021/je034263v#d2#p1#r12"",""10.1021/je034263v#d2#p1#r14""]","[""10.1021/je034263v#d2#p1#r1"",""10.1021/je034263v#d2#p1#r2"",""10.1021/je034263v#d2#p1#r3"",""10.1021/je034263v#d2#p1#r4"",""10.1021/je034263v#d2#p1#r5""]",3,5,5
ep_50ac20118de9b463,mol_b556abff79f787db,grp_bcf7dc086ea12992,test,10.1016/j.fluid.2019.04.036,10.1016/j.fluid.2019.04.036#d4#p1,5000,293.1,329.6,36.5,25,6,7,True,"[""10.1016/j.fluid.2019.04.036#d4#p1#r20"",""10.1016/j.fluid.2019.04.036#d4#p1#r22"",""10.1016/j.fluid.2019.04.036#d4#p1#r25""]","[""10.1016/j.fluid.2019.04.036#d4#p1#r1"",""10.1016/j.fluid.2019.04.036#d4#p1#r2"",""10.1016/j.fluid.2019.04.036#d4#p1#r3"",""10.1016/j.fluid.2019.04.036#d4#p1#r4"",""10.1016/j.fluid.2019.04.036#d4#p1#r5"",""10.1016/j.fluid.2019.04.036#d4#p1#r6"",""10.1016/j.fluid.2019.04.036#d4#p1#r7""]",3,7,7
ep_50ae9467eea70ef0,mol_e386b69d862ccfe9,grp_554ad3ddcfbe3579,test,10.1016/j.jct.2011.05.004,10.1016/j.jct.2011.05.004#d2#p1,5000,308.2,366.3,58.1,16,7,4,True,"[""10.1016/j.jct.2011.05.004#d2#p1#r10"",""10.1016/j.jct.2011.05.004#d2#p1#r13"",""10.1016/j.jct.2011.05.004#d2#p1#r16""]","[""10.1016/j.jct.2011.05.004#d2#p1#r1"",""10.1016/j.jct.2011.05.004#d2#p1#r2"",""10.1016/j.jct.2011.05.004#d2#p1#r3"",""10.1016/j.jct.2011.05.004#d2#p1#r4""]",3,4,4
ep_51719dfe342260cb,mol_f599bee9d7f71e01,grp_5dea7427c65d07c7,train,10.1016/j.tca.2018.07.016,10.1016/j.tca.2018.07.016#d1#p1,5000,275.3,321.2,45.9,15,5,5,True,"[""10.1016/j.tca.2018.07.016#d1#p1#r11"",""10.1016/j.tca.2018.07.016#d1#p1#r13"",""10.1016/j.tca.2018.07.016#d1#p1#r15""]","[""10.1016/j.tca.2018.07.016#d1#p1#r1"",""10.1016/j.tca.2018.07.016#d1#p1#r2"",""10.1016/j.tca.2018.07.016#d1#p1#r3"",""10.1016/j.tca.2018.07.016#d1#p1#r4"",""10.1016/j.tca.2018.07.016#d1#p1#r5""]",3,5,5
ep_51eb945a489a566f,mol_533237776aacb2a0,grp_5dea7427c65d07c7,train,10.1021/je100231g,10.1021/je100231g#d1#p1,5000,283.6,333.5,49.9,14,4,4,True,"[""10.1021/je100231g#d1#p1#r11"",""10.1021/je100231g#d1#p1#r12"",""10.1021/je100231g#d1#p1#r14""]","[""10.1021/je100231g#d1#p1#r1"",""10.1021/je100231g#d1#p1#r2"",""10.1021/je100231g#d1#p1#r3"",""10.1021/je100231g#d1#p1#r4""]",3,4,4
ep_51ebf7a4864f0cac,mol_e6f5c08892930cf0,grp_468c9a97902f6f3f,test,10.1016/j.fluid.2014.12.023,10.1016/j.fluid.2014.12.023#d6#p1,5000,277.6,311.6,34,13,4,4,True,"[""10.1016/j.fluid.2014.12.023#d6#p1#r10"",""10.1016/j.fluid.2014.12.023#d6#p1#r11"",""10.1016/j.fluid.2014.12.023#d6#p1#r13""]","[""10.1016/j.fluid.2014.12.023#d6#p1#r1"",""10.1016/j.fluid.2014.12.023#d6#p1#r2"",""10.1016/j.fluid.2014.12.023#d6#p1#r3"",""10.1016/j.fluid.2014.12.023#d6#p1#r4""]",3,4,4
ep_52926cdfc2e52d99,mol_4b404db342a0b6d3,grp_5ed1239f1de5ca2c,validation,10.1016/j.jct.2014.04.026,10.1016/j.jct.2014.04.026#d11#p1,5000,278.42,341.9,63.48,33,10,10,True,"[""10.1016/j.jct.2014.04.026#d11#p1#r30"",""10.1016/j.jct.2014.04.026#d11#p1#r34"",""10.1016/j.jct.2014.04.026#d11#p1#r39""]","[""10.1016/j.jct.2014.04.026#d11#p1#r10"",""10.1016/j.jct.2014.04.026#d11#p1#r11"",""10.1016/j.jct.2014.04.026#d11#p1#r12"",""10.1016/j.jct.2014.04.026#d11#p1#r13"",""10.1016/j.jct.2014.04.026#d11#p1#r14"",""10.1016/j.jct.2014.04.026#d11#p1#r15"",""10.1016/j.jct.2014.04.026#d11#p1#r16"",""10.1016/j.jct.2014.04.026#d11#p1#r6"",""10.1016/j.jct.2014.04.026#d11#p1#r7"",""10.1016/j.jct.2014.04.026#d11#p1#r8"",""10.1016/j.jct.2014.04.026#d11#p1#r9""]",3,11,10
ep_52a587d3d329ec10,mol_1a01bcbf9578c5ef,grp_5ed1239f1de5ca2c,validation,10.1016/j.jct.2018.07.020,10.1016/j.jct.2018.07.020#d6#p1,5000,296,340.6,44.6,10,3,3,True,"[""10.1016/j.jct.2018.07.020#d6#p1#r8"",""10.1016/j.jct.2018.07.020#d6#p1#r9"",""10.1016/j.jct.2018.07.020#d6#p1#r10""]","[""10.1016/j.jct.2018.07.020#d6#p1#r1"",""10.1016/j.jct.2018.07.020#d6#p1#r2"",""10.1016/j.jct.2018.07.020#d6#p1#r3""]",3,3,3
ep_546df01b01bab536,mol_fe38c48a132d8ec5,grp_5dea7427c65d07c7,train,10.1021/je049561m,10.1021/je049561m#d3#p1,5000,288.2,353.4,65.2,23,7,5,True,"[""10.1021/je049561m#d3#p1#r23"",""10.1021/je049561m#d3#p1#r26"",""10.1021/je049561m#d3#p1#r29""]","[""10.1021/je049561m#d3#p1#r2"",""10.1021/je049561m#d3#p1#r3"",""10.1021/je049561m#d3#p1#r4"",""10.1021/je049561m#d3#p1#r5"",""10.1021/je049561m#d3#p1#r6""]",3,5,5
ep_54d057ab2de304b2,mol_819a139398c7c5de,grp_cd9f232caa190183,validation,10.1016/j.jct.2018.11.015,10.1016/j.jct.2018.11.015#d2#p1,5000,350.9,421.57,70.67,8,3,3,True,"[""10.1016/j.jct.2018.11.015#d2#p1#r6"",""10.1016/j.jct.2018.11.015#d2#p1#r7"",""10.1016/j.jct.2018.11.015#d2#p1#r8""]","[""10.1016/j.jct.2018.11.015#d2#p1#r1"",""10.1016/j.jct.2018.11.015#d2#p1#r2"",""10.1016/j.jct.2018.11.015#d2#p1#r3""]",3,3,3
ep_54d628bd76c4b40b,mol_22376981d918dfcd,grp_5dea7427c65d07c7,train,10.1016/j.fluid.2014.07.029,10.1016/j.fluid.2014.07.029#d13#p1,5000,274.2,305.3,31.1,13,4,5,True,"[""10.1016/j.fluid.2014.07.029#d13#p1#r10"",""10.1016/j.fluid.2014.07.029#d13#p1#r11"",""10.1016/j.fluid.2014.07.029#d13#p1#r13""]","[""10.1016/j.fluid.2014.07.029#d13#p1#r1"",""10.1016/j.fluid.2014.07.029#d13#p1#r2"",""10.1016/j.fluid.2014.07.029#d13#p1#r3"",""10.1016/j.fluid.2014.07.029#d13#p1#r4"",""10.1016/j.fluid.2014.07.029#d13#p1#r5""]",3,5,5
ep_5594b155f5eee897,mol_57ae3fd1e1d200c6,grp_5dea7427c65d07c7,train,10.1021/je200766t,10.1021/je200766t#d1#p1,5000,351.8,462.86,111.06,11,3,4,True,"[""10.1021/je200766t#d1#p1#r9"",""10.1021/je200766t#d1#p1#r10"",""10.1021/je200766t#d1#p1#r11""]","[""10.1021/je200766t#d1#p1#r1"",""10.1021/je200766t#d1#p1#r2"",""10.1021/je200766t#d1#p1#r3"",""10.1021/je200766t#d1#p1#r4""]",3,4,4
ep_5597877b0c0b70f7,mol_fbd0f1e88c976a97,grp_5dea7427c65d07c7,train,10.1016/j.jct.2017.03.029,10.1016/j.jct.2017.03.029#d3#p1,5000,326.2,367.9,41.7,19,3,8,True,"[""10.1016/j.jct.2017.03.029#d3#p1#r13"",""10.1016/j.jct.2017.03.029#d3#p1#r15"",""10.1016/j.jct.2017.03.029#d3#p1#r17""]","[""10.1016/j.jct.2017.03.029#d3#p1#r1"",""10.1016/j.jct.2017.03.029#d3#p1#r19"",""10.1016/j.jct.2017.03.029#d3#p1#r2"",""10.1016/j.jct.2017.03.029#d3#p1#r20"",""10.1016/j.jct.2017.03.029#d3#p1#r21"",""10.1016/j.jct.2017.03.029#d3#p1#r22"",""10.1016/j.jct.2017.03.029#d3#p1#r23"",""10.1016/j.jct.2017.03.029#d3#p1#r24"",""10.1016/j.jct.2017.03.029#d3#p1#r3"",""10.1016/j.jct.2017.03.029#d3#p1#r4"",""10.1016/j.jct.2017.03.029#d3#p1#r5"",""10.1016/j.jct.2017.03.029#d3#p1#r6""]",3,12,8
ep_57eb47f51936edf4,mol_47abed7f530ce168,grp_5dea7427c65d07c7,train,10.1016/j.jct.2010.12.010,10.1016/j.jct.2010.12.010#d4#p1,5000,293.15,363.15,70,8,3,3,True,"[""10.1016/j.jct.2010.12.010#d4#p1#r6"",""10.1016/j.jct.2010.12.010#d4#p1#r7"",""10.1016/j.jct.2010.12.010#d4#p1#r8""]","[""10.1016/j.jct.2010.12.010#d4#p1#r1"",""10.1016/j.jct.2010.12.010#d4#p1#r2"",""10.1016/j.jct.2010.12.010#d4#p1#r3""]",3,3,3
ep_57f7948b536329a6,mol_449e356636794f41,grp_5dea7427c65d07c7,train,10.1016/j.jct.2011.06.008,10.1016/j.jct.2011.06.008#d10#p1,5000,305.8,358,52.2,22,9,5,True,"[""10.1016/j.jct.2011.06.008#d10#p1#r16"",""10.1016/j.jct.2011.06.008#d10#p1#r20"",""10.1016/j.jct.2011.06.008#d10#p1#r24""]","[""10.1016/j.jct.2011.06.008#d10#p1#r1"",""10.1016/j.jct.2011.06.008#d10#p1#r2"",""10.1016/j.jct.2011.06.008#d10#p1#r3"",""10.1016/j.jct.2011.06.008#d10#p1#r4"",""10.1016/j.jct.2011.06.008#d10#p1#r5"",""10.1016/j.jct.2011.06.008#d10#p1#r6""]",3,6,5
ep_5800d5d007c30241,mol_17a72fa1b6a75538,grp_69e3066d23c835df,test,10.1021/je025634v,10.1021/je025634v#d14#p1,5000,293.2,332.2,39,23,5,7,True,"[""10.1021/je025634v#d14#p1#r23"",""10.1021/je025634v#d14#p1#r26"",""10.1021/je025634v#d14#p1#r30""]","[""10.1021/je025634v#d14#p1#r1"",""10.1021/je025634v#d14#p1#r3"",""10.1021/je025634v#d14#p1#r4"",""10.1021/je025634v#d14#p1#r5"",""10.1021/je025634v#d14#p1#r6"",""10.1021/je025634v#d14#p1#r7"",""10.1021/je025634v#d14#p1#r8"",""10.1021/je025634v#d14#p1#r9""]",3,8,7
ep_5a52673bf10cf381,mol_a4a15a5e8071fffe,grp_2ccb72ac35a31331,train,10.1016/j.jct.2015.02.001,10.1016/j.jct.2015.02.001#d1#p1,5000,275.8,308,32.2,15,4,5,True,"[""10.1016/j.jct.2015.02.001#d1#p1#r12"",""10.1016/j.jct.2015.02.001#d1#p1#r14"",""10.1016/j.jct.2015.02.001#d1#p1#r16""]","[""10.1016/j.jct.2015.02.001#d1#p1#r1"",""10.1016/j.jct.2015.02.001#d1#p1#r2"",""10.1016/j.jct.2015.02.001#d1#p1#r3"",""10.1016/j.jct.2015.02.001#d1#p1#r4"",""10.1016/j.jct.2015.02.001#d1#p1#r5""]",3,5,5
ep_5a679610e1ffadfe,mol_22a914e429e8f57c,grp_27b44b5a9de26f9f,test,10.1016/j.tca.2015.02.004,10.1016/j.tca.2015.02.004#d2#p1,5000,296.7,352.8,56.1,9,3,3,True,"[""10.1016/j.tca.2015.02.004#d2#p1#r9"",""10.1016/j.tca.2015.02.004#d2#p1#r3"",""10.1016/j.tca.2015.02.004#d2#p1#r10""]","[""10.1016/j.tca.2015.02.004#d2#p1#r1"",""10.1016/j.tca.2015.02.004#d2#p1#r17"",""10.1016/j.tca.2015.02.004#d2#p1#r6""]",3,3,3
ep_5b1833a4458de33e,mol_b6febdc80ab19a61,grp_5dea7427c65d07c7,train,10.1021/je060406c,10.1021/je060406c#d2#p1,5000,278.4,313.2,34.8,9,3,3,True,"[""10.1021/je060406c#d2#p1#r7"",""10.1021/je060406c#d2#p1#r8"",""10.1021/je060406c#d2#p1#r9""]","[""10.1021/je060406c#d2#p1#r1"",""10.1021/je060406c#d2#p1#r2"",""10.1021/je060406c#d2#p1#r3""]",3,3,3
ep_5b434e21a3d10d36,mol_b6b13d8dfbd75423,grp_5dea7427c65d07c7,train,10.1021/acs.jced.6b00576,10.1021/acs.jced.6b00576#d22#p1,5000,279.05,318.42,39.37,10,3,3,True,"[""10.1021/acs.jced.6b00576#d22#p1#r8"",""10.1021/acs.jced.6b00576#d22#p1#r9"",""10.1021/acs.jced.6b00576#d22#p1#r10""]","[""10.1021/acs.jced.6b00576#d22#p1#r1"",""10.1021/acs.jced.6b00576#d22#p1#r2"",""10.1021/acs.jced.6b00576#d22#p1#r3""]",3,3,3
ep_5b8c8664670142f7,mol_0d35fd4ce34a5a65,grp_5dea7427c65d07c7,train,10.1016/j.fluid.2019.112241,10.1016/j.fluid.2019.112241#d6#p1,5000,291.8,343.6,51.8,24,7,6,True,"[""10.1016/j.fluid.2019.112241#d6#p1#r20"",""10.1016/j.fluid.2019.112241#d6#p1#r24"",""10.1016/j.fluid.2019.112241#d6#p1#r27""]","[""10.1016/j.fluid.2019.112241#d6#p1#r1"",""10.1016/j.fluid.2019.112241#d6#p1#r2"",""10.1016/j.fluid.2019.112241#d6#p1#r3"",""10.1016/j.fluid.2019.112241#d6#p1#r4"",""10.1016/j.fluid.2019.112241#d6#p1#r5"",""10.1016/j.fluid.2019.112241#d6#p1#r6"",""10.1016/j.fluid.2019.112241#d6#p1#r7""]",3,7,6
ep_5ba465490987207b,mol_a028f4db66891af2,grp_5dea7427c65d07c7,train,10.1021/je100231g,10.1021/je100231g#d7#p1,5000,293.3,338.5,45.2,16,4,4,True,"[""10.1021/je100231g#d7#p1#r13"",""10.1021/je100231g#d7#p1#r14"",""10.1021/je100231g#d7#p1#r16""]","[""10.1021/je100231g#d7#p1#r1"",""10.1021/je100231g#d7#p1#r2"",""10.1021/je100231g#d7#p1#r3"",""10.1021/je100231g#d7#p1#r4""]",3,4,4
ep_5bd004d3b8619f2f,mol_85133c3fe71552de,grp_5dea7427c65d07c7,train,10.1021/je500784s,10.1021/je500784s#d10#p1,5000,275.7,313.1,37.4,11,3,5,True,"[""10.1021/je500784s#d10#p1#r14"",""10.1021/je500784s#d10#p1#r12"",""10.1021/je500784s#d10#p1#r16""]","[""10.1021/je500784s#d10#p1#r1"",""10.1021/je500784s#d10#p1#r2"",""10.1021/je500784s#d10#p1#r3"",""10.1021/je500784s#d10#p1#r4"",""10.1021/je500784s#d10#p1#r5""]",3,5,5
ep_5ce5a015cdce7cb1,mol_4f13a4696bbfcaf9,grp_5dea7427c65d07c7,train,10.1021/je200766t,10.1021/je200766t#d2#p1,5000,313.2,401.64,88.44,11,3,3,True,"[""10.1021/je200766t#d2#p1#r9"",""10.1021/je200766t#d2#p1#r11"",""10.1021/je200766t#d2#p1#r12""]","[""10.1021/je200766t#d2#p1#r1"",""10.1021/je200766t#d2#p1#r2"",""10.1021/je200766t#d2#p1#r3""]",3,3,3
ep_5d4b17f45d16a905,mol_6e1072b3e8e99a61,grp_5dea7427c65d07c7,train,10.1021/je0602418,10.1021/je0602418#d22#p1,5000,298.3,352.1,53.8,12,4,4,True,"[""10.1021/je0602418#d22#p1#r11"",""10.1021/je0602418#d22#p1#r12"",""10.1021/je0602418#d22#p1#r14""]","[""10.1021/je0602418#d22#p1#r3"",""10.1021/je0602418#d22#p1#r4"",""10.1021/je0602418#d22#p1#r5"",""10.1021/je0602418#d22#p1#r6""]",3,4,4
ep_5e4dfca96014a91a,mol_6d4f973d7e18814a,grp_fba476a25f980753,test,10.1021/je5008795,10.1021/je5008795#d4#p1,5000,276.4,317.8,41.4,23,7,7,True,"[""10.1021/je5008795#d4#p1#r18"",""10.1021/je5008795#d4#p1#r21"",""10.1021/je5008795#d4#p1#r24""]","[""10.1021/je5008795#d4#p1#r1"",""10.1021/je5008795#d4#p1#r2"",""10.1021/je5008795#d4#p1#r3"",""10.1021/je5008795#d4#p1#r4"",""10.1021/je5008795#d4#p1#r5"",""10.1021/je5008795#d4#p1#r6"",""10.1021/je5008795#d4#p1#r7""]",3,7,7
ep_5fedeec717dba84b,mol_ab9c0dd96a4d0ed3,grp_4cb2ec77bd45a869,test,10.1016/j.jct.2005.11.009,10.1016/j.jct.2005.11.009#d2#p1,5000,292.5,353.5,61,24,8,7,True,"[""10.1016/j.jct.2005.11.009#d2#p1#r17"",""10.1016/j.jct.2005.11.009#d2#p1#r20"",""10.1016/j.jct.2005.11.009#d2#p1#r24""]","[""10.1016/j.jct.2005.11.009#d2#p1#r1"",""10.1016/j.jct.2005.11.009#d2#p1#r2"",""10.1016/j.jct.2005.11.009#d2#p1#r3"",""10.1016/j.jct.2005.11.009#d2#p1#r4"",""10.1016/j.jct.2005.11.009#d2#p1#r5"",""10.1016/j.jct.2005.11.009#d2#p1#r6"",""10.1016/j.jct.2005.11.009#d2#p1#r7""]",3,7,7
ep_6076538f8453c4e8,mol_4581eaef241767fe,grp_5dea7427c65d07c7,train,10.1021/je400783h,10.1021/je400783h#d8#p1,5000,303.15,368.15,65,14,4,4,True,"[""10.1021/je400783h#d8#p1#r11"",""10.1021/je400783h#d8#p1#r12"",""10.1021/je400783h#d8#p1#r14""]","[""10.1021/je400783h#d8#p1#r1"",""10.1021/je400783h#d8#p1#r2"",""10.1021/je400783h#d8#p1#r3"",""10.1021/je400783h#d8#p1#r4""]",3,4,4
ep_60aa5cda53461201,mol_fbfba0e871eef2de,grp_fd16eb96ed948225,validation,10.1021/acs.jced.5b01003,10.1021/acs.jced.5b01003#d2#p1,5000,279.2,310.7,31.5,14,4,5,True,"[""10.1021/acs.jced.5b01003#d2#p1#r14"",""10.1021/acs.jced.5b01003#d2#p1#r5"",""10.1021/acs.jced.5b01003#d2#p1#r6""]","[""10.1021/acs.jced.5b01003#d2#p1#r1"",""10.1021/acs.jced.5b01003#d2#p1#r10"",""10.1021/acs.jced.5b01003#d2#p1#r2"",""10.1021/acs.jced.5b01003#d2#p1#r8"",""10.1021/acs.jced.5b01003#d2#p1#r9""]",3,5,5
ep_6135dce52d69daed,mol_12e118695cfaacad,grp_5dea7427c65d07c7,train,10.1016/j.jct.2015.08.023,10.1016/j.jct.2015.08.023#d3#p1,5000,263.16,343.18,80.02,10,3,4,True,"[""10.1016/j.jct.2015.08.023#d3#p1#r22"",""10.1016/j.jct.2015.08.023#d3#p1#r23"",""10.1016/j.jct.2015.08.023#d3#p1#r24""]","[""10.1016/j.jct.2015.08.023#d3#p1#r1"",""10.1016/j.jct.2015.08.023#d3#p1#r17"",""10.1016/j.jct.2015.08.023#d3#p1#r18"",""10.1016/j.jct.2015.08.023#d3#p1#r2"",""10.1016/j.jct.2015.08.023#d3#p1#r3""]",3,5,4
ep_61e7340f645603b7,mol_1caed83bbde05074,grp_fd16eb96ed948225,validation,10.1021/acs.jced.5b01003,10.1021/acs.jced.5b01003#d1#p1,5000,272.2,302.2,30,22,5,7,True,"[""10.1021/acs.jced.5b01003#d1#p1#r18"",""10.1021/acs.jced.5b01003#d1#p1#r20"",""10.1021/acs.jced.5b01003#d1#p1#r22""]","[""10.1021/acs.jced.5b01003#d1#p1#r1"",""10.1021/acs.jced.5b01003#d1#p1#r2"",""10.1021/acs.jced.5b01003#d1#p1#r3"",""10.1021/acs.jced.5b01003#d1#p1#r4"",""10.1021/acs.jced.5b01003#d1#p1#r5"",""10.1021/acs.jced.5b01003#d1#p1#r6"",""10.1021/acs.jced.5b01003#d1#p1#r7""]",3,7,7
ep_620bfabe022b91d5,mol_239cb7e490ad2a91,grp_5dea7427c65d07c7,train,10.1016/j.fluid.2014.07.029,10.1016/j.fluid.2014.07.029#d9#p1,5000,274.3,309.2,34.9,14,4,5,True,"[""10.1016/j.fluid.2014.07.029#d9#p1#r14"",""10.1016/j.fluid.2014.07.029#d9#p1#r15"",""10.1016/j.fluid.2014.07.029#d9#p1#r17""]","[""10.1016/j.fluid.2014.07.029#d9#p1#r1"",""10.1016/j.fluid.2014.07.029#d9#p1#r2"",""10.1016/j.fluid.2014.07.029#d9#p1#r3"",""10.1016/j.fluid.2014.07.029#d9#p1#r4"",""10.1016/j.fluid.2014.07.029#d9#p1#r5"",""10.1016/j.fluid.2014.07.029#d9#p1#r6""]",3,6,5
ep_62634d002cd40f30,mol_f805442db4c4ce39,grp_5dea7427c65d07c7,train,10.1016/j.fluid.2008.02.001,10.1016/j.fluid.2008.02.001#d8#p1,5000,273.6,313.3,39.7,22,6,7,True,"[""10.1016/j.fluid.2008.02.001#d8#p1#r17"",""10.1016/j.fluid.2008.02.001#d8#p1#r19"",""10.1016/j.fluid.2008.02.001#d8#p1#r22""]","[""10.1016/j.fluid.2008.02.001#d8#p1#r1"",""10.1016/j.fluid.2008.02.001#d8#p1#r2"",""10.1016/j.fluid.2008.02.001#d8#p1#r3"",""10.1016/j.fluid.2008.02.001#d8#p1#r4"",""10.1016/j.fluid.2008.02.001#d8#p1#r5"",""10.1016/j.fluid.2008.02.001#d8#p1#r6"",""10.1016/j.fluid.2008.02.001#d8#p1#r7""]",3,7,7
ep_638d88fb50da2179,mol_ad64c2cfe3c93488,grp_69e3066d23c835df,test,10.1021/je025634v,10.1021/je025634v#d3#p1,5000,274.1,318.2,44.1,20,5,7,True,"[""10.1021/je025634v#d3#p1#r16"",""10.1021/je025634v#d3#p1#r18"",""10.1021/je025634v#d3#p1#r20""]","[""10.1021/je025634v#d3#p1#r1"",""10.1021/je025634v#d3#p1#r2"",""10.1021/je025634v#d3#p1#r3"",""10.1021/je025634v#d3#p1#r4"",""10.1021/je025634v#d3#p1#r5"",""10.1021/je025634v#d3#p1#r6"",""10.1021/je025634v#d3#p1#r7""]",3,7,7
ep_6412b4b7d19d2ae7,mol_10ae2d7874bda204,grp_5dea7427c65d07c7,train,10.1021/je400212t,10.1021/je400212t#d8#p1,5000,274.2,313.3,39.1,22,7,6,True,"[""10.1021/je400212t#d8#p1#r23"",""10.1021/je400212t#d8#p1#r27"",""10.1021/je400212t#d8#p1#r31""]","[""10.1021/je400212t#d8#p1#r1"",""10.1021/je400212t#d8#p1#r2"",""10.1021/je400212t#d8#p1#r3"",""10.1021/je400212t#d8#p1#r4"",""10.1021/je400212t#d8#p1#r5"",""10.1021/je400212t#d8#p1#r6""]",3,6,6
ep_6454d09e57be39ad,mol_2a3bf002f33d68f6,grp_5ed1239f1de5ca2c,validation,10.1021/je300312c,10.1021/je300312c#d8#p1,5000,341.2,375.8,34.6,16,4,6,True,"[""10.1021/je300312c#d8#p1#r21"",""10.1021/je300312c#d8#p1#r22"",""10.1021/je300312c#d8#p1#r24""]","[""10.1021/je300312c#d8#p1#r10"",""10.1021/je300312c#d8#p1#r11"",""10.1021/je300312c#d8#p1#r6"",""10.1021/je300312c#d8#p1#r7"",""10.1021/je300312c#d8#p1#r8"",""10.1021/je300312c#d8#p1#r9""]",3,6,6
ep_6553ba56feb6ddb2,mol_4cc1546235d77149,grp_a2fcc12936d735c8,train,10.1016/j.fluid.2019.03.004,10.1016/j.fluid.2019.03.004#d1#p1,5000,296.5,333.4,36.9,14,5,3,True,"[""10.1016/j.fluid.2019.03.004#d1#p1#r10"",""10.1016/j.fluid.2019.03.004#d1#p1#r12"",""10.1016/j.fluid.2019.03.004#d1#p1#r14""]","[""10.1016/j.fluid.2019.03.004#d1#p1#r1"",""10.1016/j.fluid.2019.03.004#d1#p1#r2"",""10.1016/j.fluid.2019.03.004#d1#p1#r3""]",3,3,3
ep_659f4242fb398a89,mol_0dcdaa24497d41f8,grp_554ad3ddcfbe3579,test,10.1016/j.jct.2011.05.004,10.1016/j.jct.2011.05.004#d7#p1,5000,340.1,374.3,34.2,26,8,8,True,"[""10.1016/j.jct.2011.05.004#d7#p1#r33"",""10.1016/j.jct.2011.05.004#d7#p1#r36"",""10.1016/j.jct.2011.05.004#d7#p1#r40""]","[""10.1016/j.jct.2011.05.004#d7#p1#r11"",""10.1016/j.jct.2011.05.004#d7#p1#r12"",""10.1016/j.jct.2011.05.004#d7#p1#r13"",""10.1016/j.jct.2011.05.004#d7#p1#r14"",""10.1016/j.jct.2011.05.004#d7#p1#r15"",""10.1016/j.jct.2011.05.004#d7#p1#r16"",""10.1016/j.jct.2011.05.004#d7#p1#r17"",""10.1016/j.jct.2011.05.004#d7#p1#r18"",""10.1016/j.jct.2011.05.004#d7#p1#r19"",""10.1016/j.jct.2011.05.004#d7#p1#r20"",""10.1016/j.jct.2011.05.004#d7#p1#r21""]",3,11,8
ep_65c805362c6c9148,mol_b7d29ccd815de3fe,grp_4099771604350c09,test,10.1021/je200336c,10.1021/je200336c#d4#p1,5000,313,362.9,49.9,18,5,7,True,"[""10.1021/je200336c#d4#p1#r14"",""10.1021/je200336c#d4#p1#r16"",""10.1021/je200336c#d4#p1#r18""]","[""10.1021/je200336c#d4#p1#r1"",""10.1021/je200336c#d4#p1#r2"",""10.1021/je200336c#d4#p1#r3"",""10.1021/je200336c#d4#p1#r4"",""10.1021/je200336c#d4#p1#r5"",""10.1021/je200336c#d4#p1#r6"",""10.1021/je200336c#d4#p1#r7""]",3,7,7
ep_66074087fa209d74,mol_a88bcd30dca14fa1,grp_5dea7427c65d07c7,train,10.1016/j.fluid.2008.02.001,10.1016/j.fluid.2008.02.001#d6#p1,5000,273.9,310.4,36.5,15,4,6,True,"[""10.1016/j.fluid.2008.02.001#d6#p1#r12"",""10.1016/j.fluid.2008.02.001#d6#p1#r13"",""10.1016/j.fluid.2008.02.001#d6#p1#r15""]","[""10.1016/j.fluid.2008.02.001#d6#p1#r1"",""10.1016/j.fluid.2008.02.001#d6#p1#r2"",""10.1016/j.fluid.2008.02.001#d6#p1#r3"",""10.1016/j.fluid.2008.02.001#d6#p1#r4"",""10.1016/j.fluid.2008.02.001#d6#p1#r5"",""10.1016/j.fluid.2008.02.001#d6#p1#r6""]",3,6,6
ep_666ec4980bd96d4c,mol_6d0e5399ac339a30,grp_5dea7427c65d07c7,train,10.1016/j.jct.2009.09.003,10.1016/j.jct.2009.09.003#d6#p1,5000,297.8,331.8,34,16,3,6,True,"[""10.1016/j.jct.2009.09.003#d6#p1#r15"",""10.1016/j.jct.2009.09.003#d6#p1#r16"",""10.1016/j.jct.2009.09.003#d6#p1#r17""]","[""10.1016/j.jct.2009.09.003#d6#p1#r1"",""10.1016/j.jct.2009.09.003#d6#p1#r2"",""10.1016/j.jct.2009.09.003#d6#p1#r3"",""10.1016/j.jct.2009.09.003#d6#p1#r4"",""10.1016/j.jct.2009.09.003#d6#p1#r5"",""10.1016/j.jct.2009.09.003#d6#p1#r6"",""10.1016/j.jct.2009.09.003#d6#p1#r7""]",3,7,6
ep_6695a4b265bf8794,mol_da5be87f9b74e1ab,grp_81ebf8339e108f8a,train,10.1016/j.jct.2012.07.027,10.1016/j.jct.2012.07.027#d13#p1,5000,268.58,344.85,76.27,40,12,13,True,"[""10.1016/j.jct.2012.07.027#d13#p1#r30"",""10.1016/j.jct.2012.07.027#d13#p1#r35"",""10.1016/j.jct.2012.07.027#d13#p1#r42""]","[""10.1016/j.jct.2012.07.027#d13#p1#r1"",""10.1016/j.jct.2012.07.027#d13#p1#r10"",""10.1016/j.jct.2012.07.027#d13#p1#r11"",""10.1016/j.jct.2012.07.027#d13#p1#r12"",""10.1016/j.jct.2012.07.027#d13#p1#r13"",""10.1016/j.jct.2012.07.027#d13#p1#r2"",""10.1016/j.jct.2012.07.027#d13#p1#r3"",""10.1016/j.jct.2012.07.027#d13#p1#r4"",""10.1016/j.jct.2012.07.027#d13#p1#r5"",""10.1016/j.jct.2012.07.027#d13#p1#r6"",""10.1016/j.jct.2012.07.027#d13#p1#r7"",""10.1016/j.jct.2012.07.027#d13#p1#r8"",""10.1016/j.jct.2012.07.027#d13#p1#r9""]",3,13,13
ep_673a95bf3f2a7b1b,mol_9f070bda8683a3b6,grp_5dea7427c65d07c7,train,10.1021/je2002489,10.1021/je2002489#d1#p1,5000,323.2,374.2,51,22,7,8,True,"[""10.1021/je2002489#d1#p1#r26"",""10.1021/je2002489#d1#p1#r30"",""10.1021/je2002489#d1#p1#r33""]","[""10.1021/je2002489#d1#p1#r1"",""10.1021/je2002489#d1#p1#r10"",""10.1021/je2002489#d1#p1#r11"",""10.1021/je2002489#d1#p1#r12"",""10.1021/je2002489#d1#p1#r13"",""10.1021/je2002489#d1#p1#r14"",""10.1021/je2002489#d1#p1#r15"",""10.1021/je2002489#d1#p1#r16"",""10.1021/je2002489#d1#p1#r2"",""10.1021/je2002489#d1#p1#r3"",""10.1021/je2002489#d1#p1#r4"",""10.1021/je2002489#d1#p1#r5"",""10.1021/je2002489#d1#p1#r6"",""10.1021/je2002489#d1#p1#r7"",""10.1021/je2002489#d1#p1#r8"",""10.1021/je2002489#d1#p1#r9""]",3,16,8
ep_67f3eb58bb7fa082,mol_7823c605434c9115,grp_7823c605434c9115,train,10.1016/j.jct.2018.05.029,10.1016/j.jct.2018.05.029#d10#p1,5000,339.986,429.959,89.973,11,4,3,True,"[""10.1016/j.jct.2018.05.029#d10#p1#r10"",""10.1016/j.jct.2018.05.029#d10#p1#r11"",""10.1016/j.jct.2018.05.029#d10#p1#r14""]","[""10.1016/j.jct.2018.05.029#d10#p1#r1"",""10.1016/j.jct.2018.05.029#d10#p1#r2"",""10.1016/j.jct.2018.05.029#d10#p1#r3"",""10.1016/j.jct.2018.05.029#d10#p1#r4""]",3,4,3
ep_682c349667268794,mol_649ec05a23e0b398,grp_649ec05a23e0b398,train,10.1021/je100605v,10.1021/je100605v#d1#p1,5000,335,432,97,36,20,5,True,"[""10.1021/je100605v#d1#p1#r17"",""10.1021/je100605v#d1#p1#r26"",""10.1021/je100605v#d1#p1#r36""]","[""10.1021/je100605v#d1#p1#r1"",""10.1021/je100605v#d1#p1#r2"",""10.1021/je100605v#d1#p1#r3"",""10.1021/je100605v#d1#p1#r4"",""10.1021/je100605v#d1#p1#r5""]",3,5,5
ep_68980b9f8df1857f,mol_87cb1e86dd100e73,grp_5dea7427c65d07c7,train,10.1016/j.tca.2015.03.016,10.1016/j.tca.2015.03.016#d3#p1,5000,275.35,314.3,38.95,14,4,4,True,"[""10.1016/j.tca.2015.03.016#d3#p1#r13"",""10.1016/j.tca.2015.03.016#d3#p1#r14"",""10.1016/j.tca.2015.03.016#d3#p1#r16""]","[""10.1016/j.tca.2015.03.016#d3#p1#r1"",""10.1016/j.tca.2015.03.016#d3#p1#r2"",""10.1016/j.tca.2015.03.016#d3#p1#r3"",""10.1016/j.tca.2015.03.016#d3#p1#r4"",""10.1016/j.tca.2015.03.016#d3#p1#r5"",""10.1016/j.tca.2015.03.016#d3#p1#r6""]",3,6,4
ep_68ac7d67d7be4ea1,mol_d4ef113b8d2f1614,grp_01b36fcba0323968,validation,10.1016/j.fluid.2004.11.024,10.1016/j.fluid.2004.11.024#d3#p1,5000,293.2,333.2,40,16,6,4,True,"[""10.1016/j.fluid.2004.11.024#d3#p1#r11"",""10.1016/j.fluid.2004.11.024#d3#p1#r13"",""10.1016/j.fluid.2004.11.024#d3#p1#r16""]","[""10.1016/j.fluid.2004.11.024#d3#p1#r1"",""10.1016/j.fluid.2004.11.024#d3#p1#r2"",""10.1016/j.fluid.2004.11.024#d3#p1#r3"",""10.1016/j.fluid.2004.11.024#d3#p1#r4""]",3,4,4
ep_69132e45a1a9577a,mol_3cb1734042df550a,grp_5dea7427c65d07c7,train,10.1021/je500784s,10.1021/je500784s#d3#p1,5000,281.2,313.1,31.9,12,3,5,True,"[""10.1021/je500784s#d3#p1#r11"",""10.1021/je500784s#d3#p1#r12"",""10.1021/je500784s#d3#p1#r16""]","[""10.1021/je500784s#d3#p1#r1"",""10.1021/je500784s#d3#p1#r2"",""10.1021/je500784s#d3#p1#r3"",""10.1021/je500784s#d3#p1#r4"",""10.1021/je500784s#d3#p1#r5"",""10.1021/je500784s#d3#p1#r6""]",3,6,5
ep_69188b7c7312cb43,mol_98688aad6777a901,grp_5dea7427c65d07c7,train,10.1016/j.fluid.2012.08.003,10.1016/j.fluid.2012.08.003#d7#p1,5000,278.3,333.3,55,15,6,5,True,"[""10.1016/j.fluid.2012.08.003#d7#p1#r11"",""10.1016/j.fluid.2012.08.003#d7#p1#r13"",""10.1016/j.fluid.2012.08.003#d7#p1#r16""]","[""10.1016/j.fluid.2012.08.003#d7#p1#r1"",""10.1016/j.fluid.2012.08.003#d7#p1#r2"",""10.1016/j.fluid.2012.08.003#d7#p1#r3"",""10.1016/j.fluid.2012.08.003#d7#p1#r4"",""10.1016/j.fluid.2012.08.003#d7#p1#r5""]",3,5,5
ep_699d8190164a3df5,mol_c69bf2d8c5c184a7,grp_5dea7427c65d07c7,train,10.1021/je049561m,10.1021/je049561m#d11#p1,5000,278.2,321.2,43,13,4,3,True,"[""10.1021/je049561m#d11#p1#r10"",""10.1021/je049561m#d11#p1#r11"",""10.1021/je049561m#d11#p1#r13""]","[""10.1021/je049561m#d11#p1#r1"",""10.1021/je049561m#d11#p1#r2"",""10.1021/je049561m#d11#p1#r3""]",3,3,3
ep_69ab344e9927f84f,mol_01fe71f6f9ac3752,grp_5dea7427c65d07c7,train,10.1021/je100231g,10.1021/je100231g#d10#p1,5000,318.8,365.3,46.5,15,5,4,True,"[""10.1021/je100231g#d10#p1#r11"",""10.1021/je100231g#d10#p1#r13"",""10.1021/je100231g#d10#p1#r15""]","[""10.1021/je100231g#d10#p1#r1"",""10.1021/je100231g#d10#p1#r2"",""10.1021/je100231g#d10#p1#r3"",""10.1021/je100231g#d10#p1#r4""]",3,4,4
ep_69fd55f75452fd4d,mol_cba4c6228a6938ca,grp_5dea7427c65d07c7,train,10.1016/j.fluid.2014.11.026,10.1016/j.fluid.2014.11.026#d1#p1,5000,283.84,337.14,53.3,24,7,7,True,"[""10.1016/j.fluid.2014.11.026#d1#p1#r32"",""10.1016/j.fluid.2014.11.026#d1#p1#r37"",""10.1016/j.fluid.2014.11.026#d1#p1#r12""]","[""10.1016/j.fluid.2014.11.026#d1#p1#r1"",""10.1016/j.fluid.2014.11.026#d1#p1#r2"",""10.1016/j.fluid.2014.11.026#d1#p1#r21"",""10.1016/j.fluid.2014.11.026#d1#p1#r22"",""10.1016/j.fluid.2014.11.026#d1#p1#r23"",""10.1016/j.fluid.2014.11.026#d1#p1#r24"",""10.1016/j.fluid.2014.11.026#d1#p1#r26"",""10.1016/j.fluid.2014.11.026#d1#p1#r27"",""10.1016/j.fluid.2014.11.026#d1#p1#r3"",""10.1016/j.fluid.2014.11.026#d1#p1#r4""]",3,10,7
ep_6a09879300f494b1,mol_e62082959f534889,grp_4099771604350c09,test,10.1021/je200336c,10.1021/je200336c#d7#p1,5000,325.1,372.8,47.7,18,5,6,True,"[""10.1021/je200336c#d7#p1#r17"",""10.1021/je200336c#d7#p1#r19"",""10.1021/je200336c#d7#p1#r21""]","[""10.1021/je200336c#d7#p1#r2"",""10.1021/je200336c#d7#p1#r3"",""10.1021/je200336c#d7#p1#r4"",""10.1021/je200336c#d7#p1#r5"",""10.1021/je200336c#d7#p1#r6"",""10.1021/je200336c#d7#p1#r7"",""10.1021/je200336c#d7#p1#r8"",""10.1021/je200336c#d7#p1#r9""]",3,8,6
ep_6a5bb4d5ba0fc7b4,mol_86789b7323092b84,grp_5dea7427c65d07c7,train,10.1016/j.jct.2005.08.003,10.1016/j.jct.2005.08.003#d3#p1,5000,274.5,309.2,34.7,12,4,4,True,"[""10.1016/j.jct.2005.08.003#d3#p1#r9"",""10.1016/j.jct.2005.08.003#d3#p1#r10"",""10.1016/j.jct.2005.08.003#d3#p1#r12""]","[""10.1016/j.jct.2005.08.003#d3#p1#r1"",""10.1016/j.jct.2005.08.003#d3#p1#r2"",""10.1016/j.jct.2005.08.003#d3#p1#r3"",""10.1016/j.jct.2005.08.003#d3#p1#r4""]",3,4,4
ep_6ae1c493d836f71f,mol_0eff9e7e919da986,grp_5dea7427c65d07c7,train,10.1021/je500784s,10.1021/je500784s#d15#p1,5000,274.2,305.3,31.1,12,4,4,True,"[""10.1021/je500784s#d15#p1#r11"",""10.1021/je500784s#d15#p1#r12"",""10.1021/je500784s#d15#p1#r14""]","[""10.1021/je500784s#d15#p1#r1"",""10.1021/je500784s#d15#p1#r2"",""10.1021/je500784s#d15#p1#r3"",""10.1021/je500784s#d15#p1#r4""]",3,4,4
ep_6b41bf51580d9a0e,mol_d1cff4074d63e826,grp_468c9a97902f6f3f,test,10.1016/j.fluid.2014.12.023,10.1016/j.fluid.2014.12.023#d2#p1,5000,277.5,319.2,41.7,16,5,6,True,"[""10.1016/j.fluid.2014.12.023#d2#p1#r15"",""10.1016/j.fluid.2014.12.023#d2#p1#r17"",""10.1016/j.fluid.2014.12.023#d2#p1#r19""]","[""10.1016/j.fluid.2014.12.023#d2#p1#r1"",""10.1016/j.fluid.2014.12.023#d2#p1#r2"",""10.1016/j.fluid.2014.12.023#d2#p1#r3"",""10.1016/j.fluid.2014.12.023#d2#p1#r4"",""10.1016/j.fluid.2014.12.023#d2#p1#r5"",""10.1016/j.fluid.2014.12.023#d2#p1#r6"",""10.1016/j.fluid.2014.12.023#d2#p1#r7"",""10.1016/j.fluid.2014.12.023#d2#p1#r8"",""10.1016/j.fluid.2014.12.023#d2#p1#r9""]",3,9,6
ep_6b86ae19bf294e64,mol_238deb0b278c0317,grp_468c9a97902f6f3f,test,10.1016/j.fluid.2014.12.023,10.1016/j.fluid.2014.12.023#d14#p1,5000,282.8,328.6,45.8,21,8,6,True,"[""10.1016/j.fluid.2014.12.023#d14#p1#r15"",""10.1016/j.fluid.2014.12.023#d14#p1#r18"",""10.1016/j.fluid.2014.12.023#d14#p1#r22""]","[""10.1016/j.fluid.2014.12.023#d14#p1#r1"",""10.1016/j.fluid.2014.12.023#d14#p1#r2"",""10.1016/j.fluid.2014.12.023#d14#p1#r3"",""10.1016/j.fluid.2014.12.023#d14#p1#r4"",""10.1016/j.fluid.2014.12.023#d14#p1#r5"",""10.1016/j.fluid.2014.12.023#d14#p1#r6"",""10.1016/j.fluid.2014.12.023#d14#p1#r7""]",3,7,6
ep_6bb3b3811470767b,mol_1871fd7f7f59d3ae,grp_5dea7427c65d07c7,train,10.1016/j.fluid.2012.08.003,10.1016/j.fluid.2012.08.003#d5#p1,5000,274.25,313.4,39.15,13,5,5,True,"[""10.1016/j.fluid.2012.08.003#d5#p1#r11"",""10.1016/j.fluid.2012.08.003#d5#p1#r13"",""10.1016/j.fluid.2012.08.003#d5#p1#r15""]","[""10.1016/j.fluid.2012.08.003#d5#p1#r1"",""10.1016/j.fluid.2012.08.003#d5#p1#r2"",""10.1016/j.fluid.2012.08.003#d5#p1#r3"",""10.1016/j.fluid.2012.08.003#d5#p1#r4"",""10.1016/j.fluid.2012.08.003#d5#p1#r5"",""10.1016/j.fluid.2012.08.003#d5#p1#r6"",""10.1016/j.fluid.2012.08.003#d5#p1#r7""]",3,7,5
ep_6be741d0904fc292,mol_6164d1ee39a4a3b0,grp_6164d1ee39a4a3b0,test,10.1016/j.jct.2007.03.011,10.1016/j.jct.2007.03.011#d1#p1,5000,306.3,361.8,55.5,22,4,7,True,"[""10.1016/j.jct.2007.03.011#d1#p1#r21"",""10.1016/j.jct.2007.03.011#d1#p1#r22"",""10.1016/j.jct.2007.03.011#d1#p1#r24""]","[""10.1016/j.jct.2007.03.011#d1#p1#r1"",""10.1016/j.jct.2007.03.011#d1#p1#r2"",""10.1016/j.jct.2007.03.011#d1#p1#r3"",""10.1016/j.jct.2007.03.011#d1#p1#r4"",""10.1016/j.jct.2007.03.011#d1#p1#r5"",""10.1016/j.jct.2007.03.011#d1#p1#r6"",""10.1016/j.jct.2007.03.011#d1#p1#r7""]",3,7,7
ep_6c447696421af14c,mol_efd9aec2c69162b7,grp_5dea7427c65d07c7,train,10.1021/je100231g,10.1021/je100231g#d14#p1,5000,322.4,369.5,47.1,23,5,9,True,"[""10.1021/je100231g#d14#p1#r24"",""10.1021/je100231g#d14#p1#r26"",""10.1021/je100231g#d14#p1#r28""]","[""10.1021/je100231g#d14#p1#r10"",""10.1021/je100231g#d14#p1#r11"",""10.1021/je100231g#d14#p1#r12"",""10.1021/je100231g#d14#p1#r13"",""10.1021/je100231g#d14#p1#r14"",""10.1021/je100231g#d14#p1#r3"",""10.1021/je100231g#d14#p1#r4"",""10.1021/je100231g#d14#p1#r5"",""10.1021/je100231g#d14#p1#r6"",""10.1021/je100231g#d14#p1#r7"",""10.1021/je100231g#d14#p1#r8"",""10.1021/je100231g#d14#p1#r9""]",3,12,9
ep_6e12caf4ecb2b3ba,mol_765dc30ffee1ee3b,grp_5dea7427c65d07c7,train,10.1016/j.fluid.2008.02.001,10.1016/j.fluid.2008.02.001#d11#p1,5000,273.9,313.2,39.3,24,7,10,True,"[""10.1016/j.fluid.2008.02.001#d11#p1#r18"",""10.1016/j.fluid.2008.02.001#d11#p1#r21"",""10.1016/j.fluid.2008.02.001#d11#p1#r24""]","[""10.1016/j.fluid.2008.02.001#d11#p1#r1"",""10.1016/j.fluid.2008.02.001#d11#p1#r10"",""10.1016/j.fluid.2008.02.001#d11#p1#r2"",""10.1016/j.fluid.2008.02.001#d11#p1#r3"",""10.1016/j.fluid.2008.02.001#d11#p1#r4"",""10.1016/j.fluid.2008.02.001#d11#p1#r5"",""10.1016/j.fluid.2008.02.001#d11#p1#r6"",""10.1016/j.fluid.2008.02.001#d11#p1#r7"",""10.1016/j.fluid.2008.02.001#d11#p1#r8"",""10.1016/j.fluid.2008.02.001#d11#p1#r9""]",3,10,10
ep_6ec6c98bebb941d2,mol_de3e3d42cdadcfe7,grp_81ebf8339e108f8a,train,10.1016/j.jct.2012.07.027,10.1016/j.jct.2012.07.027#d4#p1,5000,285.3,333.97,48.67,27,8,8,True,"[""10.1016/j.jct.2012.07.027#d4#p1#r20"",""10.1016/j.jct.2012.07.027#d4#p1#r23"",""10.1016/j.jct.2012.07.027#d4#p1#r27""]","[""10.1016/j.jct.2012.07.027#d4#p1#r1"",""10.1016/j.jct.2012.07.027#d4#p1#r2"",""10.1016/j.jct.2012.07.027#d4#p1#r3"",""10.1016/j.jct.2012.07.027#d4#p1#r4"",""10.1016/j.jct.2012.07.027#d4#p1#r5"",""10.1016/j.jct.2012.07.027#d4#p1#r6"",""10.1016/j.jct.2012.07.027#d4#p1#r7"",""10.1016/j.jct.2012.07.027#d4#p1#r8""]",3,8,8
ep_70b5b9bf6303a0fd,mol_e5ba696e954bd32c,grp_5dea7427c65d07c7,train,10.1016/j.jct.2011.11.004,10.1016/j.jct.2011.11.004#d8#p1,5000,273.5,323.1,49.6,24,4,13,True,"[""10.1016/j.jct.2011.11.004#d8#p1#r26"",""10.1016/j.jct.2011.11.004#d8#p1#r28"",""10.1016/j.jct.2011.11.004#d8#p1#r32""]","[""10.1016/j.jct.2011.11.004#d8#p1#r1"",""10.1016/j.jct.2011.11.004#d8#p1#r10"",""10.1016/j.jct.2011.11.004#d8#p1#r11"",""10.1016/j.jct.2011.11.004#d8#p1#r12"",""10.1016/j.jct.2011.11.004#d8#p1#r13"",""10.1016/j.jct.2011.11.004#d8#p1#r14"",""10.1016/j.jct.2011.11.004#d8#p1#r15"",""10.1016/j.jct.2011.11.004#d8#p1#r16"",""10.1016/j.jct.2011.11.004#d8#p1#r2"",""10.1016/j.jct.2011.11.004#d8#p1#r3"",""10.1016/j.jct.2011.11.004#d8#p1#r4"",""10.1016/j.jct.2011.11.004#d8#p1#r5"",""10.1016/j.jct.2011.11.004#d8#p1#r6"",""10.1016/j.jct.2011.11.004#d8#p1#r7"",""10.1016/j.jct.2011.11.004#d8#p1#r8"",""10.1016/j.jct.2011.11.004#d8#p1#r9""]",3,16,13
ep_71f006891c09a8e5,mol_3399c27a16597145,grp_5dea7427c65d07c7,train,10.1016/j.jct.2004.08.004,10.1016/j.jct.2004.08.004#d11#p1,5000,348.1,382.2,34.1,12,4,4,True,"[""10.1016/j.jct.2004.08.004#d11#p1#r10"",""10.1016/j.jct.2004.08.004#d11#p1#r11"",""10.1016/j.jct.2004.08.004#d11#p1#r13""]","[""10.1016/j.jct.2004.08.004#d11#p1#r2"",""10.1016/j.jct.2004.08.004#d11#p1#r3"",""10.1016/j.jct.2004.08.004#d11#p1#r4"",""10.1016/j.jct.2004.08.004#d11#p1#r5""]",3,4,4
ep_7263edab457c8eca,mol_d3125f71fb8f9281,grp_5dea7427c65d07c7,train,10.1021/je0497799,10.1021/je0497799#d1#p1,5000,329.2,363.2,34,19,7,4,True,"[""10.1021/je0497799#d1#p1#r16"",""10.1021/je0497799#d1#p1#r20"",""10.1021/je0497799#d1#p1#r24""]","[""10.1021/je0497799#d1#p1#r1"",""10.1021/je0497799#d1#p1#r2"",""10.1021/je0497799#d1#p1#r3"",""10.1021/je0497799#d1#p1#r4""]",3,4,4
ep_7329eb8856c96efc,mol_18b8754dd95a027a,grp_9a6e5ce866866615,validation,10.1016/j.fluid.2012.08.020,10.1016/j.fluid.2012.08.020#d2#p1,5000,301,348.1,47.1,20,6,6,True,"[""10.1016/j.fluid.2012.08.020#d2#p1#r15"",""10.1016/j.fluid.2012.08.020#d2#p1#r17"",""10.1016/j.fluid.2012.08.020#d2#p1#r20""]","[""10.1016/j.fluid.2012.08.020#d2#p1#r1"",""10.1016/j.fluid.2012.08.020#d2#p1#r2"",""10.1016/j.fluid.2012.08.020#d2#p1#r3"",""10.1016/j.fluid.2012.08.020#d2#p1#r4"",""10.1016/j.fluid.2012.08.020#d2#p1#r5"",""10.1016/j.fluid.2012.08.020#d2#p1#r6""]",3,6,6
ep_74264b9253c69afe,mol_edce7975f30639d1,grp_edce7975f30639d1,validation,10.1021/je800122x,10.1021/je800122x#d5#p1,5000,303.15,364.15,61,10,5,2,True,"[""10.1021/je800122x#d5#p1#r6"",""10.1021/je800122x#d5#p1#r8"",""10.1021/je800122x#d5#p1#r10""]","[""10.1021/je800122x#d5#p1#r1"",""10.1021/je800122x#d5#p1#r2""]",3,2,2
ep_746d5b9969e412f1,mol_c38e9861aa13f05a,grp_8be27da50ef3b127,train,10.1016/j.jct.2018.05.021,10.1016/j.jct.2018.05.021#d1#p1,5000,299.3,343.7,44.4,15,4,5,True,"[""10.1016/j.jct.2018.05.021#d1#p1#r12"",""10.1016/j.jct.2018.05.021#d1#p1#r13"",""10.1016/j.jct.2018.05.021#d1#p1#r15""]","[""10.1016/j.jct.2018.05.021#d1#p1#r1"",""10.1016/j.jct.2018.05.021#d1#p1#r2"",""10.1016/j.jct.2018.05.021#d1#p1#r3"",""10.1016/j.jct.2018.05.021#d1#p1#r4"",""10.1016/j.jct.2018.05.021#d1#p1#r5""]",3,5,5
ep_7559a2996f0387af,mol_d6b8092c9c9b4a40,grp_1ee21e819b209e57,test,10.1021/je2007605,10.1021/je2007605#d4#p1,5000,293.03,348.75,55.72,29,9,9,True,"[""10.1021/je2007605#d4#p1#r21"",""10.1021/je2007605#d4#p1#r25"",""10.1021/je2007605#d4#p1#r29""]","[""10.1021/je2007605#d4#p1#r1"",""10.1021/je2007605#d4#p1#r2"",""10.1021/je2007605#d4#p1#r3"",""10.1021/je2007605#d4#p1#r4"",""10.1021/je2007605#d4#p1#r5"",""10.1021/je2007605#d4#p1#r6"",""10.1021/je2007605#d4#p1#r7"",""10.1021/je2007605#d4#p1#r8"",""10.1021/je2007605#d4#p1#r9""]",3,9,9
ep_75c0670183b64bc3,mol_20837b2036542f40,grp_69e3066d23c835df,test,10.1021/je025634v,10.1021/je025634v#d7#p1,5000,253.48,293.56,40.08,7,3,2,True,"[""10.1021/je025634v#d7#p1#r5"",""10.1021/je025634v#d7#p1#r6"",""10.1021/je025634v#d7#p1#r8""]","[""10.1021/je025634v#d7#p1#r1"",""10.1021/je025634v#d7#p1#r2""]",3,2,2
ep_763506a491505489,mol_94e6e3bf1a1fa03f,grp_5dea7427c65d07c7,train,10.1016/j.jct.2013.05.025,10.1016/j.jct.2013.05.025#d6#p1,5000,333.15,378.15,45,10,3,3,True,"[""10.1016/j.jct.2013.05.025#d6#p1#r8"",""10.1016/j.jct.2013.05.025#d6#p1#r9"",""10.1016/j.jct.2013.05.025#d6#p1#r10""]","[""10.1016/j.jct.2013.05.025#d6#p1#r1"",""10.1016/j.jct.2013.05.025#d6#p1#r2"",""10.1016/j.jct.2013.05.025#d6#p1#r3""]",3,3,3
ep_78057da0bcc2ff69,mol_09c6576738d86b71,grp_5dea7427c65d07c7,train,10.1016/j.jct.2011.06.008,10.1016/j.jct.2011.06.008#d12#p1,5000,328.2,363.1,34.9,18,5,4,True,"[""10.1016/j.jct.2011.06.008#d12#p1#r14"",""10.1016/j.jct.2011.06.008#d12#p1#r17"",""10.1016/j.jct.2011.06.008#d12#p1#r20""]","[""10.1016/j.jct.2011.06.008#d12#p1#r1"",""10.1016/j.jct.2011.06.008#d12#p1#r2"",""10.1016/j.jct.2011.06.008#d12#p1#r3"",""10.1016/j.jct.2011.06.008#d12#p1#r4""]",3,4,4
ep_78aab07a3e38beac,mol_5e1a76b3fc001a63,grp_5dea7427c65d07c7,train,10.1016/j.jct.2016.07.024,10.1016/j.jct.2016.07.024#d4#p1,5000,322.68,432.58,109.9,12,4,4,True,"[""10.1016/j.jct.2016.07.024#d4#p1#r9"",""10.1016/j.jct.2016.07.024#d4#p1#r10"",""10.1016/j.jct.2016.07.024#d4#p1#r12""]","[""10.1016/j.jct.2016.07.024#d4#p1#r1"",""10.1016/j.jct.2016.07.024#d4#p1#r2"",""10.1016/j.jct.2016.07.024#d4#p1#r3"",""10.1016/j.jct.2016.07.024#d4#p1#r4""]",3,4,4
ep_796828db385a4707,mol_638d35e8475c0c14,grp_5dea7427c65d07c7,train,10.1021/acs.jced.6b00576,10.1021/acs.jced.6b00576#d15#p1,5000,278.95,314.16,35.21,11,3,3,True,"[""10.1021/acs.jced.6b00576#d15#p1#r7"",""10.1021/acs.jced.6b00576#d15#p1#r8"",""10.1021/acs.jced.6b00576#d15#p1#r9""]","[""10.1021/acs.jced.6b00576#d15#p1#r1"",""10.1021/acs.jced.6b00576#d15#p1#r11"",""10.1021/acs.jced.6b00576#d15#p1#r2""]",3,3,3
ep_798c34a19263a157,mol_bbdd71ed3a3275f5,grp_ee24c20719261d11,validation,10.1016/j.jct.2013.01.009,10.1016/j.jct.2013.01.009#d20#p1,5000,273.655,308.16,34.505,8,3,3,True,"[""10.1016/j.jct.2013.01.009#d20#p1#r16"",""10.1016/j.jct.2013.01.009#d20#p1#r19"",""10.1016/j.jct.2013.01.009#d20#p1#r22""]","[""10.1016/j.jct.2013.01.009#d20#p1#r1"",""10.1016/j.jct.2013.01.009#d20#p1#r2"",""10.1016/j.jct.2013.01.009#d20#p1#r3"",""10.1016/j.jct.2013.01.009#d20#p1#r4"",""10.1016/j.jct.2013.01.009#d20#p1#r5"",""10.1016/j.jct.2013.01.009#d20#p1#r6"",""10.1016/j.jct.2013.01.009#d20#p1#r7"",""10.1016/j.jct.2013.01.009#d20#p1#r9""]",3,8,3
ep_7aa8c14d1dbfa353,mol_05794401663d5ca6,grp_5dea7427c65d07c7,train,10.1021/je2002489,10.1021/je2002489#d3#p1,5000,303.2,359.2,56,23,7,7,True,"[""10.1021/je2002489#d3#p1#r17"",""10.1021/je2002489#d3#p1#r20"",""10.1021/je2002489#d3#p1#r23""]","[""10.1021/je2002489#d3#p1#r1"",""10.1021/je2002489#d3#p1#r2"",""10.1021/je2002489#d3#p1#r3"",""10.1021/je2002489#d3#p1#r4"",""10.1021/je2002489#d3#p1#r5"",""10.1021/je2002489#d3#p1#r6"",""10.1021/je2002489#d3#p1#r7""]",3,7,7
ep_7fd7dab0a9cee7c6,mol_3d99a53ccff0a14c,grp_5dea7427c65d07c7,train,10.1021/je050056e,10.1021/je050056e#d7#p1,5000,288.22,332.78,44.56,10,3,3,True,"[""10.1021/je050056e#d7#p1#r8"",""10.1021/je050056e#d7#p1#r9"",""10.1021/je050056e#d7#p1#r10""]","[""10.1021/je050056e#d7#p1#r1"",""10.1021/je050056e#d7#p1#r2"",""10.1021/je050056e#d7#p1#r3""]",3,3,3
ep_8002c40c856f7699,mol_4f342c00679a86c2,grp_5dea7427c65d07c7,train,10.1021/je100231g,10.1021/je100231g#d6#p1,5000,293.6,333.5,39.9,15,5,3,True,"[""10.1021/je100231g#d6#p1#r11"",""10.1021/je100231g#d6#p1#r13"",""10.1021/je100231g#d6#p1#r15""]","[""10.1021/je100231g#d6#p1#r1"",""10.1021/je100231g#d6#p1#r2"",""10.1021/je100231g#d6#p1#r3""]",3,3,3
ep_8191ee169a048f22,mol_c76ad85001d3e770,grp_9a6e5ce866866615,validation,10.1016/j.fluid.2012.08.020,10.1016/j.fluid.2012.08.020#d4#p1,5000,318.8,365.8,47,20,6,6,True,"[""10.1016/j.fluid.2012.08.020#d4#p1#r15"",""10.1016/j.fluid.2012.08.020#d4#p1#r17"",""10.1016/j.fluid.2012.08.020#d4#p1#r20""]","[""10.1016/j.fluid.2012.08.020#d4#p1#r1"",""10.1016/j.fluid.2012.08.020#d4#p1#r2"",""10.1016/j.fluid.2012.08.020#d4#p1#r3"",""10.1016/j.fluid.2012.08.020#d4#p1#r4"",""10.1016/j.fluid.2012.08.020#d4#p1#r5"",""10.1016/j.fluid.2012.08.020#d4#p1#r6""]",3,6,6
ep_8199faa16a9cfb2a,mol_d42c92066d82e698,grp_fd910654208f838e,validation,10.1016/j.jct.2014.06.002,10.1016/j.jct.2014.06.002#d9#p1,5000,309.93,355.71,45.78,24,7,7,True,"[""10.1016/j.jct.2014.06.002#d9#p1#r18"",""10.1016/j.jct.2014.06.002#d9#p1#r21"",""10.1016/j.jct.2014.06.002#d9#p1#r24""]","[""10.1016/j.jct.2014.06.002#d9#p1#r1"",""10.1016/j.jct.2014.06.002#d9#p1#r2"",""10.1016/j.jct.2014.06.002#d9#p1#r3"",""10.1016/j.jct.2014.06.002#d9#p1#r4"",""10.1016/j.jct.2014.06.002#d9#p1#r5"",""10.1016/j.jct.2014.06.002#d9#p1#r6"",""10.1016/j.jct.2014.06.002#d9#p1#r7""]",3,7,7
ep_81e8dd7d66e2772e,mol_a9ed353a5ccfc1d9,grp_69e3066d23c835df,test,10.1016/j.jct.2011.05.028,10.1016/j.jct.2011.05.028#d16#p1,5000,274.1,308.4,34.3,13,3,5,True,"[""10.1016/j.jct.2011.05.028#d16#p1#r11"",""10.1016/j.jct.2011.05.028#d16#p1#r12"",""10.1016/j.jct.2011.05.028#d16#p1#r13""]","[""10.1016/j.jct.2011.05.028#d16#p1#r1"",""10.1016/j.jct.2011.05.028#d16#p1#r2"",""10.1016/j.jct.2011.05.028#d16#p1#r3"",""10.1016/j.jct.2011.05.028#d16#p1#r4"",""10.1016/j.jct.2011.05.028#d16#p1#r5""]",3,5,5
ep_825e3bdf3e77c24d,mol_354c60c5de252d85,grp_5ed1239f1de5ca2c,validation,10.1016/j.fluid.2016.11.010,10.1016/j.fluid.2016.11.010#d1#p1,5000,308.6,353.1,44.5,11,3,4,True,"[""10.1016/j.fluid.2016.11.010#d1#p1#r10"",""10.1016/j.fluid.2016.11.010#d1#p1#r11"",""10.1016/j.fluid.2016.11.010#d1#p1#r12""]","[""10.1016/j.fluid.2016.11.010#d1#p1#r2"",""10.1016/j.fluid.2016.11.010#d1#p1#r3"",""10.1016/j.fluid.2016.11.010#d1#p1#r4"",""10.1016/j.fluid.2016.11.010#d1#p1#r5""]",3,4,4
ep_8388f1465dcab2f7,mol_ea37acee7bc3d9f6,grp_5dea7427c65d07c7,train,10.1021/acs.jced.8b00699,10.1021/acs.jced.8b00699#d2#p1,5000,258.15,308.15,50,12,4,4,True,"[""10.1021/acs.jced.8b00699#d2#p1#r13"",""10.1021/acs.jced.8b00699#d2#p1#r14"",""10.1021/acs.jced.8b00699#d2#p1#r16""]","[""10.1021/acs.jced.8b00699#d2#p1#r5"",""10.1021/acs.jced.8b00699#d2#p1#r6"",""10.1021/acs.jced.8b00699#d2#p1#r7"",""10.1021/acs.jced.8b00699#d2#p1#r8""]",3,4,4
ep_841d853cfe558631,mol_6fb93874f723608d,grp_554ad3ddcfbe3579,test,10.1016/j.jct.2011.05.004,10.1016/j.jct.2011.05.004#d5#p1,5000,350,380.8,30.8,18,7,5,True,"[""10.1016/j.jct.2011.05.004#d5#p1#r19"",""10.1016/j.jct.2011.05.004#d5#p1#r22"",""10.1016/j.jct.2011.05.004#d5#p1#r25""]","[""10.1016/j.jct.2011.05.004#d5#p1#r10"",""10.1016/j.jct.2011.05.004#d5#p1#r11"",""10.1016/j.jct.2011.05.004#d5#p1#r12"",""10.1016/j.jct.2011.05.004#d5#p1#r8"",""10.1016/j.jct.2011.05.004#d5#p1#r9""]",3,5,5
ep_85426dc251847962,mol_5d62b18b4ab74a9a,grp_756fd67e09bf04a3,validation,10.1016/j.jct.2015.07.025,10.1016/j.jct.2015.07.025#d1#p1,5000,287.4,324.2,36.8,17,6,6,True,"[""10.1016/j.jct.2015.07.025#d1#p1#r13"",""10.1016/j.jct.2015.07.025#d1#p1#r15"",""10.1016/j.jct.2015.07.025#d1#p1#r18""]","[""10.1016/j.jct.2015.07.025#d1#p1#r1"",""10.1016/j.jct.2015.07.025#d1#p1#r2"",""10.1016/j.jct.2015.07.025#d1#p1#r3"",""10.1016/j.jct.2015.07.025#d1#p1#r4"",""10.1016/j.jct.2015.07.025#d1#p1#r5"",""10.1016/j.jct.2015.07.025#d1#p1#r6""]",3,6,6
ep_8567d91f2af18d5c,mol_58541feb3e3ef432,grp_5dea7427c65d07c7,train,10.1016/j.jct.2004.08.004,10.1016/j.jct.2004.08.004#d4#p1,5000,295.2,326.3,31.1,12,3,3,True,"[""10.1016/j.jct.2004.08.004#d4#p1#r10"",""10.1016/j.jct.2004.08.004#d4#p1#r11"",""10.1016/j.jct.2004.08.004#d4#p1#r12""]","[""10.1016/j.jct.2004.08.004#d4#p1#r1"",""10.1016/j.jct.2004.08.004#d4#p1#r2"",""10.1016/j.jct.2004.08.004#d4#p1#r3""]",3,3,3
ep_86ae218d46e3c81c,mol_245df31ea12a6746,grp_81cd87be3fde4550,test,10.1021/je060394v,10.1021/je060394v#d10#p1,5000,298.2,334.3,36.1,12,4,3,True,"[""10.1021/je060394v#d10#p1#r14"",""10.1021/je060394v#d10#p1#r15"",""10.1021/je060394v#d10#p1#r17""]","[""10.1021/je060394v#d10#p1#r6"",""10.1021/je060394v#d10#p1#r7"",""10.1021/je060394v#d10#p1#r8""]",3,3,3
ep_86cf3f802bdbc2a1,mol_3bc540c095f58f95,grp_8be27da50ef3b127,train,10.1021/je050034s,10.1021/je050034s#d11#p1,5000,329.988,419.972,89.984,11,4,3,True,"[""10.1021/je050034s#d11#p1#r8"",""10.1021/je050034s#d11#p1#r9"",""10.1021/je050034s#d11#p1#r11""]","[""10.1021/je050034s#d11#p1#r1"",""10.1021/je050034s#d11#p1#r2"",""10.1021/je050034s#d11#p1#r3""]",3,3,3
ep_86e628949a9a69aa,mol_463cda24731eaedb,grp_5ed1239f1de5ca2c,validation,10.1021/je300312c,10.1021/je300312c#d7#p1,5000,332.3,375,42.7,21,6,6,True,"[""10.1021/je300312c#d7#p1#r18"",""10.1021/je300312c#d7#p1#r20"",""10.1021/je300312c#d7#p1#r23""]","[""10.1021/je300312c#d7#p1#r3"",""10.1021/je300312c#d7#p1#r4"",""10.1021/je300312c#d7#p1#r5"",""10.1021/je300312c#d7#p1#r6"",""10.1021/je300312c#d7#p1#r7"",""10.1021/je300312c#d7#p1#r8""]",3,6,6
ep_8793790760450b45,mol_b3ee2ab98d9cebaf,grp_5dea7427c65d07c7,train,10.1021/je049561m,10.1021/je049561m#d8#p1,5000,275.4,314.2,38.8,14,4,4,True,"[""10.1021/je049561m#d8#p1#r11"",""10.1021/je049561m#d8#p1#r12"",""10.1021/je049561m#d8#p1#r14""]","[""10.1021/je049561m#d8#p1#r1"",""10.1021/je049561m#d8#p1#r2"",""10.1021/je049561m#d8#p1#r3"",""10.1021/je049561m#d8#p1#r4""]",3,4,4
ep_87bae0201f9c6e07,mol_bb3f5c184978bf9a,grp_bb3f5c184978bf9a,test,10.1016/j.fluid.2016.10.026,10.1016/j.fluid.2016.10.026#d7#p1,5000,336.16,389.55,53.39,12,3,5,True,"[""10.1016/j.fluid.2016.10.026#d7#p1#r10"",""10.1016/j.fluid.2016.10.026#d7#p1#r11"",""10.1016/j.fluid.2016.10.026#d7#p1#r12""]","[""10.1016/j.fluid.2016.10.026#d7#p1#r1"",""10.1016/j.fluid.2016.10.026#d7#p1#r2"",""10.1016/j.fluid.2016.10.026#d7#p1#r3"",""10.1016/j.fluid.2016.10.026#d7#p1#r4"",""10.1016/j.fluid.2016.10.026#d7#p1#r5""]",3,5,5
ep_88c6cc4905541e01,mol_b5b1e7ca3cf75bf3,grp_4cb2ec77bd45a869,test,10.1016/j.jct.2005.11.009,10.1016/j.jct.2005.11.009#d3#p1,5000,318.2,363.4,45.2,10,3,3,True,"[""10.1016/j.jct.2005.11.009#d3#p1#r8"",""10.1016/j.jct.2005.11.009#d3#p1#r9"",""10.1016/j.jct.2005.11.009#d3#p1#r10""]","[""10.1016/j.jct.2005.11.009#d3#p1#r1"",""10.1016/j.jct.2005.11.009#d3#p1#r2"",""10.1016/j.jct.2005.11.009#d3#p1#r3""]",3,3,3
ep_8901840e07d042f3,mol_f3ea48a487080019,grp_5dea7427c65d07c7,train,10.1021/je0602418,10.1021/je0602418#d13#p1,5000,283.7,348.1,64.4,42,11,10,True,"[""10.1021/je0602418#d13#p1#r38"",""10.1021/je0602418#d13#p1#r45"",""10.1021/je0602418#d13#p1#r52""]","[""10.1021/je0602418#d13#p1#r1"",""10.1021/je0602418#d13#p1#r10"",""10.1021/je0602418#d13#p1#r11"",""10.1021/je0602418#d13#p1#r2"",""10.1021/je0602418#d13#p1#r3"",""10.1021/je0602418#d13#p1#r4"",""10.1021/je0602418#d13#p1#r5"",""10.1021/je0602418#d13#p1#r6"",""10.1021/je0602418#d13#p1#r7"",""10.1021/je0602418#d13#p1#r8"",""10.1021/je0602418#d13#p1#r9""]",3,11,10
ep_89b34a9c02b7e2e8,mol_4ffa7abfb5a2e402,grp_5dea7427c65d07c7,train,10.1016/j.fluid.2008.02.001,10.1016/j.fluid.2008.02.001#d4#p1,5000,278.1,313.2,35.1,14,5,4,True,"[""10.1016/j.fluid.2008.02.001#d4#p1#r10"",""10.1016/j.fluid.2008.02.001#d4#p1#r12"",""10.1016/j.fluid.2008.02.001#d4#p1#r14""]","[""10.1016/j.fluid.2008.02.001#d4#p1#r1"",""10.1016/j.fluid.2008.02.001#d4#p1#r2"",""10.1016/j.fluid.2008.02.001#d4#p1#r3"",""10.1016/j.fluid.2008.02.001#d4#p1#r4""]",3,4,4
ep_8c99beb703d83e64,mol_045382ab2985ca01,grp_045382ab2985ca01,test,10.1021/je100175j,10.1021/je100175j#d13#p1,5000,301.98,361.66,59.68,31,10,9,True,"[""10.1021/je100175j#d13#p1#r22"",""10.1021/je100175j#d13#p1#r26"",""10.1021/je100175j#d13#p1#r31""]","[""10.1021/je100175j#d13#p1#r1"",""10.1021/je100175j#d13#p1#r2"",""10.1021/je100175j#d13#p1#r3"",""10.1021/je100175j#d13#p1#r4"",""10.1021/je100175j#d13#p1#r5"",""10.1021/je100175j#d13#p1#r6"",""10.1021/je100175j#d13#p1#r7"",""10.1021/je100175j#d13#p1#r8"",""10.1021/je100175j#d13#p1#r9""]",3,9,9
ep_8ccd1074faae5c34,mol_0c4b045ac23695a8,grp_0c4b045ac23695a8,train,10.1016/j.jct.2012.01.025,10.1016/j.jct.2012.01.025#d5#p1,5000,354.78,404.3,49.52,21,8,5,True,"[""10.1016/j.jct.2012.01.025#d5#p1#r14"",""10.1016/j.jct.2012.01.025#d5#p1#r17"",""10.1016/j.jct.2012.01.025#d5#p1#r21""]","[""10.1016/j.jct.2012.01.025#d5#p1#r1"",""10.1016/j.jct.2012.01.025#d5#p1#r2"",""10.1016/j.jct.2012.01.025#d5#p1#r3"",""10.1016/j.jct.2012.01.025#d5#p1#r4"",""10.1016/j.jct.2012.01.025#d5#p1#r5""]",3,5,5
ep_8e47a1124a6100dd,mol_a39fe39f3d910b4e,grp_5dea7427c65d07c7,train,10.1021/je049600u,10.1021/je049600u#d4#p1,5000,298.15,383.15,85,18,6,6,True,"[""10.1021/je049600u#d4#p1#r13"",""10.1021/je049600u#d4#p1#r15"",""10.1021/je049600u#d4#p1#r18""]","[""10.1021/je049600u#d4#p1#r1"",""10.1021/je049600u#d4#p1#r2"",""10.1021/je049600u#d4#p1#r3"",""10.1021/je049600u#d4#p1#r4"",""10.1021/je049600u#d4#p1#r5"",""10.1021/je049600u#d4#p1#r6""]",3,6,6
ep_8e6e37275486c8e7,mol_8ba34edb9356bbe8,grp_5dea7427c65d07c7,train,10.1021/je049561m,10.1021/je049561m#d6#p1,5000,274.4,306.2,31.8,13,4,5,True,"[""10.1021/je049561m#d6#p1#r11"",""10.1021/je049561m#d6#p1#r12"",""10.1021/je049561m#d6#p1#r14""]","[""10.1021/je049561m#d6#p1#r1"",""10.1021/je049561m#d6#p1#r2"",""10.1021/je049561m#d6#p1#r3"",""10.1021/je049561m#d6#p1#r4"",""10.1021/je049561m#d6#p1#r5""]",3,5,5
ep_905c812af6c568fc,mol_c4d2e3aa2bcb522b,grp_5dea7427c65d07c7,train,10.1016/j.fluid.2008.03.013,10.1016/j.fluid.2008.03.013#d1#p1,5000,310.3,369.5,59.2,27,9,7,True,"[""10.1016/j.fluid.2008.03.013#d1#p1#r21"",""10.1016/j.fluid.2008.03.013#d1#p1#r25"",""10.1016/j.fluid.2008.03.013#d1#p1#r29""]","[""10.1016/j.fluid.2008.03.013#d1#p1#r1"",""10.1016/j.fluid.2008.03.013#d1#p1#r2"",""10.1016/j.fluid.2008.03.013#d1#p1#r3"",""10.1016/j.fluid.2008.03.013#d1#p1#r4"",""10.1016/j.fluid.2008.03.013#d1#p1#r5"",""10.1016/j.fluid.2008.03.013#d1#p1#r6"",""10.1016/j.fluid.2008.03.013#d1#p1#r7"",""10.1016/j.fluid.2008.03.013#d1#p1#r8"",""10.1016/j.fluid.2008.03.013#d1#p1#r9""]",3,9,7
ep_91cb5a10909c7898,mol_b5478d971ba26576,grp_b5478d971ba26576,test,10.1016/j.jct.2018.02.025,10.1016/j.jct.2018.02.025#d1#p1,5000,345.7,376.2,30.5,11,4,5,True,"[""10.1016/j.jct.2018.02.025#d1#p1#r8"",""10.1016/j.jct.2018.02.025#d1#p1#r10"",""10.1016/j.jct.2018.02.025#d1#p1#r12""]","[""10.1016/j.jct.2018.02.025#d1#p1#r1"",""10.1016/j.jct.2018.02.025#d1#p1#r2"",""10.1016/j.jct.2018.02.025#d1#p1#r3"",""10.1016/j.jct.2018.02.025#d1#p1#r4"",""10.1016/j.jct.2018.02.025#d1#p1#r5""]",3,5,5
ep_925452d086b62144,mol_804f26f30916a635,grp_4099771604350c09,test,10.1021/je200336c,10.1021/je200336c#d9#p1,5000,344,382.7,38.7,15,5,5,True,"[""10.1021/je200336c#d9#p1#r12"",""10.1021/je200336c#d9#p1#r14"",""10.1021/je200336c#d9#p1#r16""]","[""10.1021/je200336c#d9#p1#r2"",""10.1021/je200336c#d9#p1#r3"",""10.1021/je200336c#d9#p1#r4"",""10.1021/je200336c#d9#p1#r5"",""10.1021/je200336c#d9#p1#r6""]",3,5,5
ep_93763dec79afeeea,mol_f23ee274fe9afdfa,grp_5dea7427c65d07c7,train,10.1016/j.jct.2004.08.004,10.1016/j.jct.2004.08.004#d6#p1,5000,306.1,367.1,61,21,7,6,True,"[""10.1016/j.jct.2004.08.004#d6#p1#r17"",""10.1016/j.jct.2004.08.004#d6#p1#r20"",""10.1016/j.jct.2004.08.004#d6#p1#r23""]","[""10.1016/j.jct.2004.08.004#d6#p1#r3"",""10.1016/j.jct.2004.08.004#d6#p1#r4"",""10.1016/j.jct.2004.08.004#d6#p1#r5"",""10.1016/j.jct.2004.08.004#d6#p1#r6"",""10.1016/j.jct.2004.08.004#d6#p1#r7"",""10.1016/j.jct.2004.08.004#d6#p1#r8""]",3,6,6
ep_939a7fb43ae6739b,mol_0d2ad00dadcb0064,grp_5dea7427c65d07c7,train,10.1016/j.jct.2014.04.022,10.1016/j.jct.2014.04.022#d12#p1,5000,253.15,308.15,55,13,4,4,True,"[""10.1016/j.jct.2014.04.022#d12#p1#r37"",""10.1016/j.jct.2014.04.022#d12#p1#r40"",""10.1016/j.jct.2014.04.022#d12#p1#r46""]","[""10.1016/j.jct.2014.04.022#d12#p1#r10"",""10.1016/j.jct.2014.04.022#d12#p1#r11"",""10.1016/j.jct.2014.04.022#d12#p1#r12"",""10.1016/j.jct.2014.04.022#d12#p1#r13"",""10.1016/j.jct.2014.04.022#d12#p1#r15"",""10.1016/j.jct.2014.04.022#d12#p1#r16"",""10.1016/j.jct.2014.04.022#d12#p1#r17"",""10.1016/j.jct.2014.04.022#d12#p1#r19""]",3,8,4
ep_93ac90d7b7affdf9,mol_1196b480b8769ed3,grp_d957e784c854093b,train,10.1016/j.tca.2014.05.033,10.1016/j.tca.2014.05.033#d11#p1,5000,343.5,377.4,33.9,21,7,7,True,"[""10.1016/j.tca.2014.05.033#d11#p1#r16"",""10.1016/j.tca.2014.05.033#d11#p1#r19"",""10.1016/j.tca.2014.05.033#d11#p1#r22""]","[""10.1016/j.tca.2014.05.033#d11#p1#r1"",""10.1016/j.tca.2014.05.033#d11#p1#r2"",""10.1016/j.tca.2014.05.033#d11#p1#r3"",""10.1016/j.tca.2014.05.033#d11#p1#r4"",""10.1016/j.tca.2014.05.033#d11#p1#r5"",""10.1016/j.tca.2014.05.033#d11#p1#r6"",""10.1016/j.tca.2014.05.033#d11#p1#r7""]",3,7,7
ep_93de8855cd096be7,mol_bd766895d345d764,grp_5dea7427c65d07c7,train,10.1021/je049761y,10.1021/je049761y#d2#p1,5000,274.9,320.2,45.3,15,5,5,True,"[""10.1021/je049761y#d2#p1#r12"",""10.1021/je049761y#d2#p1#r14"",""10.1021/je049761y#d2#p1#r16""]","[""10.1021/je049761y#d2#p1#r1"",""10.1021/je049761y#d2#p1#r2"",""10.1021/je049761y#d2#p1#r3"",""10.1021/je049761y#d2#p1#r4"",""10.1021/je049761y#d2#p1#r5""]",3,5,5
ep_9567da06d9226069,mol_e03ddfeaf65a0134,grp_1832a9cc7ea0a691,test,10.1021/je050173+,10.1021/je050173+#d17#p1,5000,348.23,380.74,32.51,11,4,5,True,"[""10.1021/je050173+#d17#p1#r8"",""10.1021/je050173+#d17#p1#r9"",""10.1021/je050173+#d17#p1#r11""]","[""10.1021/je050173+#d17#p1#r1"",""10.1021/je050173+#d17#p1#r2"",""10.1021/je050173+#d17#p1#r3"",""10.1021/je050173+#d17#p1#r4"",""10.1021/je050173+#d17#p1#r5""]",3,5,5
ep_95ee688309d5b8ae,mol_7a16410ce17aa41e,grp_9dc3cc34781e7516,train,10.1016/j.fluid.2016.06.011,10.1016/j.fluid.2016.06.011#d8#p1,5000,278.14,317.98,39.84,9,3,3,True,"[""10.1016/j.fluid.2016.06.011#d8#p1#r7"",""10.1016/j.fluid.2016.06.011#d8#p1#r8"",""10.1016/j.fluid.2016.06.011#d8#p1#r9""]","[""10.1016/j.fluid.2016.06.011#d8#p1#r1"",""10.1016/j.fluid.2016.06.011#d8#p1#r2"",""10.1016/j.fluid.2016.06.011#d8#p1#r3""]",3,3,3
ep_9636e9167b40025d,mol_4446e9b31e59fba3,grp_d957e784c854093b,train,10.1016/j.jct.2014.01.006,10.1016/j.jct.2014.01.006#d8#p1,5000,375.005,485.686,110.681,14,6,4,True,"[""10.1016/j.jct.2014.01.006#d8#p1#r9"",""10.1016/j.jct.2014.01.006#d8#p1#r11"",""10.1016/j.jct.2014.01.006#d8#p1#r14""]","[""10.1016/j.jct.2014.01.006#d8#p1#r1"",""10.1016/j.jct.2014.01.006#d8#p1#r2"",""10.1016/j.jct.2014.01.006#d8#p1#r3"",""10.1016/j.jct.2014.01.006#d8#p1#r4""]",3,4,4
ep_9790ded9a9f90f66,mol_ea8ab19c57483e79,grp_5dea7427c65d07c7,train,10.1016/j.jct.2011.06.008,10.1016/j.jct.2011.06.008#d6#p1,5000,293.25,343.2,49.95,24,8,7,True,"[""10.1016/j.jct.2011.06.008#d6#p1#r28"",""10.1016/j.jct.2011.06.008#d6#p1#r35"",""10.1016/j.jct.2011.06.008#d6#p1#r42""]","[""10.1016/j.jct.2011.06.008#d6#p1#r1"",""10.1016/j.jct.2011.06.008#d6#p1#r10"",""10.1016/j.jct.2011.06.008#d6#p1#r11"",""10.1016/j.jct.2011.06.008#d6#p1#r2"",""10.1016/j.jct.2011.06.008#d6#p1#r3"",""10.1016/j.jct.2011.06.008#d6#p1#r4"",""10.1016/j.jct.2011.06.008#d6#p1#r5"",""10.1016/j.jct.2011.06.008#d6#p1#r6"",""10.1016/j.jct.2011.06.008#d6#p1#r7"",""10.1016/j.jct.2011.06.008#d6#p1#r8"",""10.1016/j.jct.2011.06.008#d6#p1#r9""]",3,11,7
ep_97dd83b30a97ddeb,mol_a41185fe88971a35,grp_5ed1239f1de5ca2c,validation,10.1016/j.jct.2018.07.020,10.1016/j.jct.2018.07.020#d14#p1,5000,298.2,358.2,60,14,5,3,True,"[""10.1016/j.jct.2018.07.020#d14#p1#r11"",""10.1016/j.jct.2018.07.020#d14#p1#r13"",""10.1016/j.jct.2018.07.020#d14#p1#r15""]","[""10.1016/j.jct.2018.07.020#d14#p1#r1"",""10.1016/j.jct.2018.07.020#d14#p1#r2"",""10.1016/j.jct.2018.07.020#d14#p1#r3""]",3,3,3
ep_97fb3095323bf60c,mol_c6feabb4edc72193,grp_4b1804fb3acb405a,validation,10.1016/j.jct.2017.07.008,10.1016/j.jct.2017.07.008#d8#p1,5000,336.42,374.68,38.26,13,5,3,True,"[""10.1016/j.jct.2017.07.008#d8#p1#r9"",""10.1016/j.jct.2017.07.008#d8#p1#r11"",""10.1016/j.jct.2017.07.008#d8#p1#r13""]","[""10.1016/j.jct.2017.07.008#d8#p1#r1"",""10.1016/j.jct.2017.07.008#d8#p1#r2"",""10.1016/j.jct.2017.07.008#d8#p1#r3""]",3,3,3
ep_9872f02a5170ff73,mol_9472915240012651,grp_8485db366cf61c1d,train,10.1016/j.jct.2008.10.008,10.1016/j.jct.2008.10.008#d24#p1,5000,354.981,394.968,39.987,7,3,2,True,"[""10.1016/j.jct.2008.10.008#d24#p1#r5"",""10.1016/j.jct.2008.10.008#d24#p1#r6"",""10.1016/j.jct.2008.10.008#d24#p1#r7""]","[""10.1016/j.jct.2008.10.008#d24#p1#r1"",""10.1016/j.jct.2008.10.008#d24#p1#r2""]",3,2,2
ep_992d6b78a058fad1,mol_04b975dcc163284d,grp_5dea7427c65d07c7,train,10.1016/j.jct.2016.07.024,10.1016/j.jct.2016.07.024#d3#p1,5000,292.87,402.71,109.84,12,4,4,True,"[""10.1016/j.jct.2016.07.024#d3#p1#r9"",""10.1016/j.jct.2016.07.024#d3#p1#r10"",""10.1016/j.jct.2016.07.024#d3#p1#r12""]","[""10.1016/j.jct.2016.07.024#d3#p1#r1"",""10.1016/j.jct.2016.07.024#d3#p1#r2"",""10.1016/j.jct.2016.07.024#d3#p1#r3"",""10.1016/j.jct.2016.07.024#d3#p1#r4""]",3,4,4
ep_997994b321615049,mol_b8293313f61ea38f,grp_5dea7427c65d07c7,train,10.1021/je049561m,10.1021/je049561m#d1#p1,5000,265,353.2,88.2,20,6,6,True,"[""10.1021/je049561m#d1#p1#r23"",""10.1021/je049561m#d1#p1#r27"",""10.1021/je049561m#d1#p1#r30""]","[""10.1021/je049561m#d1#p1#r1"",""10.1021/je049561m#d1#p1#r2"",""10.1021/je049561m#d1#p1#r3"",""10.1021/je049561m#d1#p1#r4"",""10.1021/je049561m#d1#p1#r5"",""10.1021/je049561m#d1#p1#r6""]",3,6,6
ep_9982aa589393140a,mol_acf575de292611d9,grp_4099771604350c09,test,10.1021/je200336c,10.1021/je200336c#d5#p1,5000,313.2,368.4,55.2,30,8,10,True,"[""10.1021/je200336c#d5#p1#r26"",""10.1021/je200336c#d5#p1#r29"",""10.1021/je200336c#d5#p1#r34""]","[""10.1021/je200336c#d5#p1#r10"",""10.1021/je200336c#d5#p1#r11"",""10.1021/je200336c#d5#p1#r12"",""10.1021/je200336c#d5#p1#r13"",""10.1021/je200336c#d5#p1#r3"",""10.1021/je200336c#d5#p1#r4"",""10.1021/je200336c#d5#p1#r5"",""10.1021/je200336c#d5#p1#r6"",""10.1021/je200336c#d5#p1#r7"",""10.1021/je200336c#d5#p1#r8"",""10.1021/je200336c#d5#p1#r9""]",3,11,10
ep_999d322e9492c2c9,mol_6cab4fbead32f0ef,grp_5dea7427c65d07c7,train,10.1021/je200730m,10.1021/je200730m#d2#p1,5000,273.26,382.13,108.87,10,4,4,True,"[""10.1021/je200730m#d2#p1#r7"",""10.1021/je200730m#d2#p1#r8"",""10.1021/je200730m#d2#p1#r10""]","[""10.1021/je200730m#d2#p1#r1"",""10.1021/je200730m#d2#p1#r2"",""10.1021/je200730m#d2#p1#r3"",""10.1021/je200730m#d2#p1#r4""]",3,4,4
ep_9a9f3e7f3b01e055,mol_ca3b44ec05c07486,grp_ca3b44ec05c07486,validation,10.1016/j.jct.2003.11.012,10.1016/j.jct.2003.11.012#d19#p1,5000,334.984,429.965,94.981,12,5,3,True,"[""10.1016/j.jct.2003.11.012#d19#p1#r8"",""10.1016/j.jct.2003.11.012#d19#p1#r10"",""10.1016/j.jct.2003.11.012#d19#p1#r12""]","[""10.1016/j.jct.2003.11.012#d19#p1#r1"",""10.1016/j.jct.2003.11.012#d19#p1#r2"",""10.1016/j.jct.2003.11.012#d19#p1#r3""]",3,3,3
ep_9ba4cd075312df11,mol_c4ca44c810d45377,grp_642c5927dec37b59,validation,10.1016/j.fluid.2011.07.007,10.1016/j.fluid.2011.07.007#d18#p1,5000,295.2,325.2,30,16,5,5,True,"[""10.1016/j.fluid.2011.07.007#d18#p1#r12"",""10.1016/j.fluid.2011.07.007#d18#p1#r14"",""10.1016/j.fluid.2011.07.007#d18#p1#r16""]","[""10.1016/j.fluid.2011.07.007#d18#p1#r1"",""10.1016/j.fluid.2011.07.007#d18#p1#r2"",""10.1016/j.fluid.2011.07.007#d18#p1#r3"",""10.1016/j.fluid.2011.07.007#d18#p1#r4"",""10.1016/j.fluid.2011.07.007#d18#p1#r5""]",3,5,5
ep_9c3aa6c938841578,mol_a05de3c299ebdca6,grp_5dea7427c65d07c7,train,10.1021/je100231g,10.1021/je100231g#d13#p1,5000,313.3,358.2,44.9,18,5,6,True,"[""10.1021/je100231g#d13#p1#r14"",""10.1021/je100231g#d13#p1#r16"",""10.1021/je100231g#d13#p1#r18""]","[""10.1021/je100231g#d13#p1#r1"",""10.1021/je100231g#d13#p1#r2"",""10.1021/je100231g#d13#p1#r3"",""10.1021/je100231g#d13#p1#r4"",""10.1021/je100231g#d13#p1#r5"",""10.1021/je100231g#d13#p1#r6""]",3,6,6
ep_9d74c70ba3223308,mol_9edff65ca060e7d5,grp_5dea7427c65d07c7,train,10.1016/j.jct.2004.08.004,10.1016/j.jct.2004.08.004#d9#p1,5000,336.2,372.1,35.9,13,4,4,True,"[""10.1016/j.jct.2004.08.004#d9#p1#r10"",""10.1016/j.jct.2004.08.004#d9#p1#r11"",""10.1016/j.jct.2004.08.004#d9#p1#r13""]","[""10.1016/j.jct.2004.08.004#d9#p1#r1"",""10.1016/j.jct.2004.08.004#d9#p1#r2"",""10.1016/j.jct.2004.08.004#d9#p1#r3"",""10.1016/j.jct.2004.08.004#d9#p1#r4""]",3,4,4
ep_9d79c8f9429849ca,mol_0f0591160b233804,grp_0f0591160b233804,train,10.1016/j.tca.2018.07.026,10.1016/j.tca.2018.07.026#d3#p1,5000,317.4,353.2,35.8,15,5,4,True,"[""10.1016/j.tca.2018.07.026#d3#p1#r11"",""10.1016/j.tca.2018.07.026#d3#p1#r13"",""10.1016/j.tca.2018.07.026#d3#p1#r15""]","[""10.1016/j.tca.2018.07.026#d3#p1#r1"",""10.1016/j.tca.2018.07.026#d3#p1#r2"",""10.1016/j.tca.2018.07.026#d3#p1#r3"",""10.1016/j.tca.2018.07.026#d3#p1#r4""]",3,4,4
ep_9dec1cbf27853c86,mol_abb2d836562cde77,grp_5dea7427c65d07c7,train,10.1021/je050334+,10.1021/je050334+#d2#p1,5000,283.9,332.5,48.6,20,5,7,True,"[""10.1021/je050334+#d2#p1#r16"",""10.1021/je050334+#d2#p1#r18"",""10.1021/je050334+#d2#p1#r20""]","[""10.1021/je050334+#d2#p1#r1"",""10.1021/je050334+#d2#p1#r2"",""10.1021/je050334+#d2#p1#r3"",""10.1021/je050334+#d2#p1#r4"",""10.1021/je050334+#d2#p1#r5"",""10.1021/je050334+#d2#p1#r6"",""10.1021/je050334+#d2#p1#r7""]",3,7,7
ep_9e46328751cc3ab0,mol_7ea8ab72c1e55be3,grp_5dea7427c65d07c7,train,10.1016/j.jct.2008.02.012,10.1016/j.jct.2008.02.012#d4#p1,5000,287.1,329.1,42,21,6,4,True,"[""10.1016/j.jct.2008.02.012#d4#p1#r16"",""10.1016/j.jct.2008.02.012#d4#p1#r18"",""10.1016/j.jct.2008.02.012#d4#p1#r21""]","[""10.1016/j.jct.2008.02.012#d4#p1#r1"",""10.1016/j.jct.2008.02.012#d4#p1#r2"",""10.1016/j.jct.2008.02.012#d4#p1#r3"",""10.1016/j.jct.2008.02.012#d4#p1#r4""]",3,4,4
ep_9e708ecb016af996,mol_db67b94bf17f5f44,grp_468c9a97902f6f3f,test,10.1016/j.fluid.2014.12.023,10.1016/j.fluid.2014.12.023#d16#p1,5000,275.2,319.6,44.4,23,6,7,True,"[""10.1016/j.fluid.2014.12.023#d16#p1#r20"",""10.1016/j.fluid.2014.12.023#d16#p1#r25"",""10.1016/j.fluid.2014.12.023#d16#p1#r31""]","[""10.1016/j.fluid.2014.12.023#d16#p1#r1"",""10.1016/j.fluid.2014.12.023#d16#p1#r2"",""10.1016/j.fluid.2014.12.023#d16#p1#r3"",""10.1016/j.fluid.2014.12.023#d16#p1#r4"",""10.1016/j.fluid.2014.12.023#d16#p1#r5"",""10.1016/j.fluid.2014.12.023#d16#p1#r6"",""10.1016/j.fluid.2014.12.023#d16#p1#r7""]",3,7,7
ep_9ee3d6e6daeb333d,mol_9e960601c6c0fbaf,grp_f74960087f7dfc07,validation,10.1021/je300584m,10.1021/je300584m#d10#p1,5000,409.98,441.42,31.44,17,5,5,True,"[""10.1021/je300584m#d10#p1#r15"",""10.1021/je300584m#d10#p1#r18"",""10.1021/je300584m#d10#p1#r20""]","[""10.1021/je300584m#d10#p1#r1"",""10.1021/je300584m#d10#p1#r2"",""10.1021/je300584m#d10#p1#r3"",""10.1021/je300584m#d10#p1#r4"",""10.1021/je300584m#d10#p1#r5""]",3,5,5
ep_9ee735702e668b4d,mol_13bbe069dee5316b,grp_05168514f8646cd3,test,10.1021/je049595u,10.1021/je049595u#d11#p1,5000,319.989,404.97,84.981,9,3,3,True,"[""10.1021/je049595u#d11#p1#r7"",""10.1021/je049595u#d11#p1#r8"",""10.1021/je049595u#d11#p1#r9""]","[""10.1021/je049595u#d11#p1#r1"",""10.1021/je049595u#d11#p1#r2"",""10.1021/je049595u#d11#p1#r3""]",3,3,3
ep_9fddaada4395db0d,mol_39442ffdaa2c1862,grp_5085cd785cc4c7f4,test,10.1016/j.jct.2013.05.047,10.1016/j.jct.2013.05.047#d12#p1,5000,336.93,380.41,43.48,23,7,7,True,"[""10.1016/j.jct.2013.05.047#d12#p1#r17"",""10.1016/j.jct.2013.05.047#d12#p1#r20"",""10.1016/j.jct.2013.05.047#d12#p1#r23""]","[""10.1016/j.jct.2013.05.047#d12#p1#r1"",""10.1016/j.jct.2013.05.047#d12#p1#r2"",""10.1016/j.jct.2013.05.047#d12#p1#r3"",""10.1016/j.jct.2013.05.047#d12#p1#r4"",""10.1016/j.jct.2013.05.047#d12#p1#r5"",""10.1016/j.jct.2013.05.047#d12#p1#r6"",""10.1016/j.jct.2013.05.047#d12#p1#r7""]",3,7,7
ep_a052157d431a4bf5,mol_d064518a6abf0367,grp_2ccb72ac35a31331,train,10.1016/j.jct.2015.02.001,10.1016/j.jct.2015.02.001#d3#p1,5000,275.2,308,32.8,19,6,6,True,"[""10.1016/j.jct.2015.02.001#d3#p1#r15"",""10.1016/j.jct.2015.02.001#d3#p1#r18"",""10.1016/j.jct.2015.02.001#d3#p1#r21""]","[""10.1016/j.jct.2015.02.001#d3#p1#r1"",""10.1016/j.jct.2015.02.001#d3#p1#r2"",""10.1016/j.jct.2015.02.001#d3#p1#r3"",""10.1016/j.jct.2015.02.001#d3#p1#r4"",""10.1016/j.jct.2015.02.001#d3#p1#r5"",""10.1016/j.jct.2015.02.001#d3#p1#r6""]",3,6,6
ep_a156022523f4db78,mol_65b0a8e37b1d0b65,grp_9a6e5ce866866615,validation,10.1016/j.jct.2010.05.002,10.1016/j.jct.2010.05.002#d12#p1,5000,327.4,378,50.6,29,9,8,True,"[""10.1016/j.jct.2010.05.002#d12#p1#r22"",""10.1016/j.jct.2010.05.002#d12#p1#r26"",""10.1016/j.jct.2010.05.002#d12#p1#r30""]","[""10.1016/j.jct.2010.05.002#d12#p1#r1"",""10.1016/j.jct.2010.05.002#d12#p1#r2"",""10.1016/j.jct.2010.05.002#d12#p1#r3"",""10.1016/j.jct.2010.05.002#d12#p1#r4"",""10.1016/j.jct.2010.05.002#d12#p1#r5"",""10.1016/j.jct.2010.05.002#d12#p1#r6"",""10.1016/j.jct.2010.05.002#d12#p1#r7"",""10.1016/j.jct.2010.05.002#d12#p1#r8""]",3,8,8
ep_a2e4d5ec3ec1d054,mol_7732f9f65b01059d,grp_5ed1239f1de5ca2c,validation,10.1021/je300312c,10.1021/je300312c#d5#p1,5000,328.8,375.1,46.3,19,5,6,True,"[""10.1021/je300312c#d5#p1#r15"",""10.1021/je300312c#d5#p1#r17"",""10.1021/je300312c#d5#p1#r19""]","[""10.1021/je300312c#d5#p1#r1"",""10.1021/je300312c#d5#p1#r2"",""10.1021/je300312c#d5#p1#r3"",""10.1021/je300312c#d5#p1#r4"",""10.1021/je300312c#d5#p1#r5"",""10.1021/je300312c#d5#p1#r6""]",3,6,6
ep_a303a671926238c0,mol_8b8ce5ecf64b8081,grp_5dea7427c65d07c7,train,10.1021/je200730m,10.1021/je200730m#d1#p1,5000,253.41,351.97,98.56,10,4,2,True,"[""10.1021/je200730m#d1#p1#r7"",""10.1021/je200730m#d1#p1#r8"",""10.1021/je200730m#d1#p1#r10""]","[""10.1021/je200730m#d1#p1#r1"",""10.1021/je200730m#d1#p1#r2""]",3,2,2
ep_a5716a51ce5cbf3f,mol_ad9956d819d81c6a,grp_5dea7427c65d07c7,train,10.1016/j.fluid.2008.02.001,10.1016/j.fluid.2008.02.001#d7#p1,5000,274.5,309.5,35,21,6,7,True,"[""10.1016/j.fluid.2008.02.001#d7#p1#r16"",""10.1016/j.fluid.2008.02.001#d7#p1#r18"",""10.1016/j.fluid.2008.02.001#d7#p1#r21""]","[""10.1016/j.fluid.2008.02.001#d7#p1#r1"",""10.1016/j.fluid.2008.02.001#d7#p1#r2"",""10.1016/j.fluid.2008.02.001#d7#p1#r3"",""10.1016/j.fluid.2008.02.001#d7#p1#r4"",""10.1016/j.fluid.2008.02.001#d7#p1#r5"",""10.1016/j.fluid.2008.02.001#d7#p1#r6"",""10.1016/j.fluid.2008.02.001#d7#p1#r7""]",3,7,7
ep_a5cb0c50e1f8246b,mol_bf39f6deed5d4b6a,grp_5dea7427c65d07c7,train,10.1021/acs.jced.7b00099,10.1021/acs.jced.7b00099#d4#p1,5000,351.75,423.15,71.4,17,6,6,True,"[""10.1021/acs.jced.7b00099#d4#p1#r9"",""10.1021/acs.jced.7b00099#d4#p1#r10"",""10.1021/acs.jced.7b00099#d4#p1#r22""]","[""10.1021/acs.jced.7b00099#d4#p1#r1"",""10.1021/acs.jced.7b00099#d4#p1#r15"",""10.1021/acs.jced.7b00099#d4#p1#r16"",""10.1021/acs.jced.7b00099#d4#p1#r17"",""10.1021/acs.jced.7b00099#d4#p1#r2"",""10.1021/acs.jced.7b00099#d4#p1#r24"",""10.1021/acs.jced.7b00099#d4#p1#r25"",""10.1021/acs.jced.7b00099#d4#p1#r3"",""10.1021/acs.jced.7b00099#d4#p1#r4""]",3,9,6
ep_a5df803ac03ebafa,mol_9b039da63aa3710c,grp_5dea7427c65d07c7,train,10.1016/j.jct.2015.08.023,10.1016/j.jct.2015.08.023#d2#p1,5000,273.04,323.27,50.23,7,3,2,True,"[""10.1016/j.jct.2015.08.023#d2#p1#r15"",""10.1016/j.jct.2015.08.023#d2#p1#r16"",""10.1016/j.jct.2015.08.023#d2#p1#r6""]","[""10.1016/j.jct.2015.08.023#d2#p1#r1"",""10.1016/j.jct.2015.08.023#d2#p1#r12"",""10.1016/j.jct.2015.08.023#d2#p1#r2""]",3,3,2
ep_a777481ec437f27b,mol_f6fdbe222c4eecf8,grp_5085cd785cc4c7f4,test,10.1016/j.jct.2013.05.047,10.1016/j.jct.2013.05.047#d4#p1,5000,291.39,342.84,51.45,27,8,8,True,"[""10.1016/j.jct.2013.05.047#d4#p1#r20"",""10.1016/j.jct.2013.05.047#d4#p1#r23"",""10.1016/j.jct.2013.05.047#d4#p1#r27""]","[""10.1016/j.jct.2013.05.047#d4#p1#r1"",""10.1016/j.jct.2013.05.047#d4#p1#r2"",""10.1016/j.jct.2013.05.047#d4#p1#r3"",""10.1016/j.jct.2013.05.047#d4#p1#r4"",""10.1016/j.jct.2013.05.047#d4#p1#r5"",""10.1016/j.jct.2013.05.047#d4#p1#r6"",""10.1016/j.jct.2013.05.047#d4#p1#r7"",""10.1016/j.jct.2013.05.047#d4#p1#r8""]",3,8,8
ep_a7cb811570d9e9a6,mol_2fc4ca5245c4c992,grp_756fd67e09bf04a3,validation,10.1016/j.jct.2015.07.025,10.1016/j.jct.2015.07.025#d2#p1,5000,279.8,313.7,33.9,17,6,5,True,"[""10.1016/j.jct.2015.07.025#d2#p1#r12"",""10.1016/j.jct.2015.07.025#d2#p1#r14"",""10.1016/j.jct.2015.07.025#d2#p1#r17""]","[""10.1016/j.jct.2015.07.025#d2#p1#r1"",""10.1016/j.jct.2015.07.025#d2#p1#r2"",""10.1016/j.jct.2015.07.025#d2#p1#r3"",""10.1016/j.jct.2015.07.025#d2#p1#r4"",""10.1016/j.jct.2015.07.025#d2#p1#r5""]",3,5,5
ep_a872fbb2c940af8c,mol_456cd661d7732899,grp_5dea7427c65d07c7,train,10.1021/je100231g,10.1021/je100231g#d9#p1,5000,313.3,353.5,40.2,19,5,6,True,"[""10.1021/je100231g#d9#p1#r15"",""10.1021/je100231g#d9#p1#r17"",""10.1021/je100231g#d9#p1#r19""]","[""10.1021/je100231g#d9#p1#r1"",""10.1021/je100231g#d9#p1#r2"",""10.1021/je100231g#d9#p1#r3"",""10.1021/je100231g#d9#p1#r4"",""10.1021/je100231g#d9#p1#r5"",""10.1021/je100231g#d9#p1#r6""]",3,6,6
ep_a8756c5ab1329df6,mol_6af5d7e3ca0bc16f,grp_cd9f232caa190183,validation,10.1016/j.jct.2012.04.006,10.1016/j.jct.2012.04.006#d5#p1,5000,360.71,428.01,67.3,35,11,11,True,"[""10.1016/j.jct.2012.04.006#d5#p1#r25"",""10.1016/j.jct.2012.04.006#d5#p1#r30"",""10.1016/j.jct.2012.04.006#d5#p1#r35""]","[""10.1016/j.jct.2012.04.006#d5#p1#r1"",""10.1016/j.jct.2012.04.006#d5#p1#r10"",""10.1016/j.jct.2012.04.006#d5#p1#r11"",""10.1016/j.jct.2012.04.006#d5#p1#r2"",""10.1016/j.jct.2012.04.006#d5#p1#r3"",""10.1016/j.jct.2012.04.006#d5#p1#r4"",""10.1016/j.jct.2012.04.006#d5#p1#r5"",""10.1016/j.jct.2012.04.006#d5#p1#r6"",""10.1016/j.jct.2012.04.006#d5#p1#r7"",""10.1016/j.jct.2012.04.006#d5#p1#r8"",""10.1016/j.jct.2012.04.006#d5#p1#r9""]",3,11,11
ep_a8ad0b16a7321b79,mol_08c55f7701cab54c,grp_5dea7427c65d07c7,train,10.1021/acs.jced.7b00599,10.1021/acs.jced.7b00599#d2#p1,5000,258.55,298.35,39.8,8,3,2,True,"[""10.1021/acs.jced.7b00599#d2#p1#r6"",""10.1021/acs.jced.7b00599#d2#p1#r7"",""10.1021/acs.jced.7b00599#d2#p1#r8""]","[""10.1021/acs.jced.7b00599#d2#p1#r1"",""10.1021/acs.jced.7b00599#d2#p1#r2""]",3,2,2
ep_ac28df014f7a2775,mol_b8839fb18327bc8e,grp_5dea7427c65d07c7,train,10.1016/j.fluid.2014.07.029,10.1016/j.fluid.2014.07.029#d7#p1,5000,274.2,309.2,35,13,4,4,True,"[""10.1016/j.fluid.2014.07.029#d7#p1#r11"",""10.1016/j.fluid.2014.07.029#d7#p1#r12"",""10.1016/j.fluid.2014.07.029#d7#p1#r14""]","[""10.1016/j.fluid.2014.07.029#d7#p1#r1"",""10.1016/j.fluid.2014.07.029#d7#p1#r2"",""10.1016/j.fluid.2014.07.029#d7#p1#r3"",""10.1016/j.fluid.2014.07.029#d7#p1#r4""]",3,4,4
ep_ad08b20d0b5c93b6,mol_89b8d3deb9a49ab7,grp_5dea7427c65d07c7,train,10.1016/j.jct.2014.04.022,10.1016/j.jct.2014.04.022#d3#p1,5000,253.15,308.15,55,13,4,4,True,"[""10.1016/j.jct.2014.04.022#d3#p1#r37"",""10.1016/j.jct.2014.04.022#d3#p1#r40"",""10.1016/j.jct.2014.04.022#d3#p1#r46""]","[""10.1016/j.jct.2014.04.022#d3#p1#r10"",""10.1016/j.jct.2014.04.022#d3#p1#r11"",""10.1016/j.jct.2014.04.022#d3#p1#r12"",""10.1016/j.jct.2014.04.022#d3#p1#r13"",""10.1016/j.jct.2014.04.022#d3#p1#r15"",""10.1016/j.jct.2014.04.022#d3#p1#r16"",""10.1016/j.jct.2014.04.022#d3#p1#r17"",""10.1016/j.jct.2014.04.022#d3#p1#r19"",""10.1016/j.jct.2014.04.022#d3#p1#r20""]",3,9,4
ep_ae4078147f23f36c,mol_4d8f9d9787a27468,grp_1ee21e819b209e57,test,10.1021/je2007605,10.1021/je2007605#d8#p1,5000,352.78,390.44,37.66,20,6,6,True,"[""10.1021/je2007605#d8#p1#r15"",""10.1021/je2007605#d8#p1#r17"",""10.1021/je2007605#d8#p1#r20""]","[""10.1021/je2007605#d8#p1#r1"",""10.1021/je2007605#d8#p1#r2"",""10.1021/je2007605#d8#p1#r3"",""10.1021/je2007605#d8#p1#r4"",""10.1021/je2007605#d8#p1#r5"",""10.1021/je2007605#d8#p1#r6""]",3,6,6
ep_ae6c866b638ab5a2,mol_22159cf19c24ba5e,grp_5dea7427c65d07c7,train,10.1016/j.jct.2004.08.004,10.1016/j.jct.2004.08.004#d3#p1,5000,285.2,323.2,38,23,5,8,True,"[""10.1016/j.jct.2004.08.004#d3#p1#r19"",""10.1016/j.jct.2004.08.004#d3#p1#r22"",""10.1016/j.jct.2004.08.004#d3#p1#r24""]","[""10.1016/j.jct.2004.08.004#d3#p1#r1"",""10.1016/j.jct.2004.08.004#d3#p1#r2"",""10.1016/j.jct.2004.08.004#d3#p1#r3"",""10.1016/j.jct.2004.08.004#d3#p1#r4"",""10.1016/j.jct.2004.08.004#d3#p1#r5"",""10.1016/j.jct.2004.08.004#d3#p1#r6"",""10.1016/j.jct.2004.08.004#d3#p1#r7"",""10.1016/j.jct.2004.08.004#d3#p1#r8""]",3,8,8
ep_aea6dfdc96f49a14,mol_5a4aa50dd3cafc66,grp_5dea7427c65d07c7,train,10.1016/j.fluid.2014.07.029,10.1016/j.fluid.2014.07.029#d3#p1,5000,274.5,307.2,32.7,12,4,4,True,"[""10.1016/j.fluid.2014.07.029#d3#p1#r9"",""10.1016/j.fluid.2014.07.029#d3#p1#r10"",""10.1016/j.fluid.2014.07.029#d3#p1#r12""]","[""10.1016/j.fluid.2014.07.029#d3#p1#r1"",""10.1016/j.fluid.2014.07.029#d3#p1#r2"",""10.1016/j.fluid.2014.07.029#d3#p1#r3"",""10.1016/j.fluid.2014.07.029#d3#p1#r4""]",3,4,4
ep_b1c5e4d1225f913b,mol_5a16c79c0cd15799,grp_642c5927dec37b59,validation,10.1016/j.fluid.2011.07.007,10.1016/j.fluid.2011.07.007#d14#p1,5000,293.7,345.5,51.8,21,5,7,True,"[""10.1016/j.fluid.2011.07.007#d14#p1#r17"",""10.1016/j.fluid.2011.07.007#d14#p1#r19"",""10.1016/j.fluid.2011.07.007#d14#p1#r21""]","[""10.1016/j.fluid.2011.07.007#d14#p1#r1"",""10.1016/j.fluid.2011.07.007#d14#p1#r2"",""10.1016/j.fluid.2011.07.007#d14#p1#r3"",""10.1016/j.fluid.2011.07.007#d14#p1#r4"",""10.1016/j.fluid.2011.07.007#d14#p1#r5"",""10.1016/j.fluid.2011.07.007#d14#p1#r6"",""10.1016/j.fluid.2011.07.007#d14#p1#r7""]",3,7,7
ep_b3a08b7ead6a9f3f,mol_214efcd2971bdb13,grp_9dc3cc34781e7516,train,10.1016/j.jct.2012.03.027,10.1016/j.jct.2012.03.027#d2#p1,5000,275.55,317.87,42.32,18,6,6,True,"[""10.1016/j.jct.2012.03.027#d2#p1#r13"",""10.1016/j.jct.2012.03.027#d2#p1#r15"",""10.1016/j.jct.2012.03.027#d2#p1#r18""]","[""10.1016/j.jct.2012.03.027#d2#p1#r1"",""10.1016/j.jct.2012.03.027#d2#p1#r2"",""10.1016/j.jct.2012.03.027#d2#p1#r3"",""10.1016/j.jct.2012.03.027#d2#p1#r4"",""10.1016/j.jct.2012.03.027#d2#p1#r5"",""10.1016/j.jct.2012.03.027#d2#p1#r6""]",3,6,6
ep_b3b9ca86d5fa5e41,mol_17d7810440ddcdc4,grp_5dea7427c65d07c7,train,10.1021/je100231g,10.1021/je100231g#d3#p1,5000,290.2,345.5,55.3,21,7,6,True,"[""10.1021/je100231g#d3#p1#r16"",""10.1021/je100231g#d3#p1#r19"",""10.1021/je100231g#d3#p1#r22""]","[""10.1021/je100231g#d3#p1#r1"",""10.1021/je100231g#d3#p1#r2"",""10.1021/je100231g#d3#p1#r3"",""10.1021/je100231g#d3#p1#r4"",""10.1021/je100231g#d3#p1#r5"",""10.1021/je100231g#d3#p1#r6""]",3,6,6
ep_b4cd3f403d501f48,mol_f612596591f38885,grp_5dea7427c65d07c7,train,10.1021/je800603z,10.1021/je800603z#d1#p1,5000,292.74,362.67,69.93,8,3,3,True,"[""10.1021/je800603z#d1#p1#r6"",""10.1021/je800603z#d1#p1#r7"",""10.1021/je800603z#d1#p1#r8""]","[""10.1021/je800603z#d1#p1#r1"",""10.1021/je800603z#d1#p1#r2"",""10.1021/je800603z#d1#p1#r3""]",3,3,3
ep_b4d2f9d110e4ac12,mol_65b637e94cd66c7e,grp_69e3066d23c835df,test,10.1021/je025634v,10.1021/je025634v#d10#p1,5000,273.17,310.41,37.24,9,3,2,True,"[""10.1021/je025634v#d10#p1#r7"",""10.1021/je025634v#d10#p1#r9"",""10.1021/je025634v#d10#p1#r11""]","[""10.1021/je025634v#d10#p1#r1"",""10.1021/je025634v#d10#p1#r2""]",3,2,2
ep_b4f39f32287a3cf2,mol_d4445907461eb33b,grp_5dea7427c65d07c7,train,10.1021/acs.jced.5b00752,10.1021/acs.jced.5b00752#d5#p1,5000,322.213,452.116,129.903,13,3,4,True,"[""10.1021/acs.jced.5b00752#d5#p1#r17"",""10.1021/acs.jced.5b00752#d5#p1#r18"",""10.1021/acs.jced.5b00752#d5#p1#r19""]","[""10.1021/acs.jced.5b00752#d5#p1#r3"",""10.1021/acs.jced.5b00752#d5#p1#r4"",""10.1021/acs.jced.5b00752#d5#p1#r5"",""10.1021/acs.jced.5b00752#d5#p1#r6"",""10.1021/acs.jced.5b00752#d5#p1#r7"",""10.1021/acs.jced.5b00752#d5#p1#r8""]",3,6,4
ep_b5337e079ab414b3,mol_2b7f8f6f183caf51,grp_642c5927dec37b59,validation,10.1016/j.fluid.2011.07.007,10.1016/j.fluid.2011.07.007#d16#p1,5000,323.2,355.2,32,15,5,3,True,"[""10.1016/j.fluid.2011.07.007#d16#p1#r12"",""10.1016/j.fluid.2011.07.007#d16#p1#r14"",""10.1016/j.fluid.2011.07.007#d16#p1#r16""]","[""10.1016/j.fluid.2011.07.007#d16#p1#r1"",""10.1016/j.fluid.2011.07.007#d16#p1#r2"",""10.1016/j.fluid.2011.07.007#d16#p1#r3""]",3,3,3
ep_b66a29339983cbea,mol_4603750e706845d0,grp_cd9f232caa190183,validation,10.1016/j.jct.2012.04.006,10.1016/j.jct.2012.04.006#d12#p1,5000,292.33,369.54,77.21,40,12,12,True,"[""10.1016/j.jct.2012.04.006#d12#p1#r34"",""10.1016/j.jct.2012.04.006#d12#p1#r39"",""10.1016/j.jct.2012.04.006#d12#p1#r45""]","[""10.1016/j.jct.2012.04.006#d12#p1#r10"",""10.1016/j.jct.2012.04.006#d12#p1#r11"",""10.1016/j.jct.2012.04.006#d12#p1#r12"",""10.1016/j.jct.2012.04.006#d12#p1#r13"",""10.1016/j.jct.2012.04.006#d12#p1#r14"",""10.1016/j.jct.2012.04.006#d12#p1#r15"",""10.1016/j.jct.2012.04.006#d12#p1#r16"",""10.1016/j.jct.2012.04.006#d12#p1#r17"",""10.1016/j.jct.2012.04.006#d12#p1#r6"",""10.1016/j.jct.2012.04.006#d12#p1#r7"",""10.1016/j.jct.2012.04.006#d12#p1#r8"",""10.1016/j.jct.2012.04.006#d12#p1#r9""]",3,12,12
ep_b7eda8d51f2b96e0,mol_c54873ab8150496e,grp_5dea7427c65d07c7,train,10.1021/je100398m,10.1021/je100398m#d2#p1,5000,253.68,303.29,49.61,11,4,2,True,"[""10.1021/je100398m#d2#p1#r18"",""10.1021/je100398m#d2#p1#r20"",""10.1021/je100398m#d2#p1#r26""]","[""10.1021/je100398m#d2#p1#r1"",""10.1021/je100398m#d2#p1#r2"",""10.1021/je100398m#d2#p1#r3"",""10.1021/je100398m#d2#p1#r4"",""10.1021/je100398m#d2#p1#r5""]",3,5,2
ep_b8176b5ba38e8460,mol_c1c12a449ac15fd2,grp_5dea7427c65d07c7,train,10.1016/j.jct.2004.08.004,10.1016/j.jct.2004.08.004#d5#p1,5000,298.2,340.3,42.1,17,6,5,True,"[""10.1016/j.jct.2004.08.004#d5#p1#r16"",""10.1016/j.jct.2004.08.004#d5#p1#r18"",""10.1016/j.jct.2004.08.004#d5#p1#r22""]","[""10.1016/j.jct.2004.08.004#d5#p1#r2"",""10.1016/j.jct.2004.08.004#d5#p1#r3"",""10.1016/j.jct.2004.08.004#d5#p1#r4"",""10.1016/j.jct.2004.08.004#d5#p1#r5"",""10.1016/j.jct.2004.08.004#d5#p1#r6""]",3,5,5
ep_b9c3907f80e2b3b0,mol_f66338fbde75d97f,grp_756fd67e09bf04a3,validation,10.1016/j.jct.2015.07.025,10.1016/j.jct.2015.07.025#d5#p1,5000,302.1,334.9,32.8,15,4,5,True,"[""10.1016/j.jct.2015.07.025#d5#p1#r13"",""10.1016/j.jct.2015.07.025#d5#p1#r14"",""10.1016/j.jct.2015.07.025#d5#p1#r16""]","[""10.1016/j.jct.2015.07.025#d5#p1#r1"",""10.1016/j.jct.2015.07.025#d5#p1#r2"",""10.1016/j.jct.2015.07.025#d5#p1#r3"",""10.1016/j.jct.2015.07.025#d5#p1#r4"",""10.1016/j.jct.2015.07.025#d5#p1#r5""]",3,5,5
ep_b9e5fbbd7f7ed1db,mol_8328a6e934e84481,grp_5dea7427c65d07c7,train,10.1021/acs.jced.7b00295,10.1021/acs.jced.7b00295#d13#p1,5000,253.15,308.15,55,13,4,4,True,"[""10.1021/acs.jced.7b00295#d13#p1#r37"",""10.1021/acs.jced.7b00295#d13#p1#r40"",""10.1021/acs.jced.7b00295#d13#p1#r46""]","[""10.1021/acs.jced.7b00295#d13#p1#r10"",""10.1021/acs.jced.7b00295#d13#p1#r13"",""10.1021/acs.jced.7b00295#d13#p1#r14"",""10.1021/acs.jced.7b00295#d13#p1#r15"",""10.1021/acs.jced.7b00295#d13#p1#r16"",""10.1021/acs.jced.7b00295#d13#p1#r18"",""10.1021/acs.jced.7b00295#d13#p1#r19"",""10.1021/acs.jced.7b00295#d13#p1#r20""]",3,8,4
ep_ba86ff0a7df2a291,mol_cee7ca25fc127d19,grp_1832a9cc7ea0a691,test,10.1021/je050173+,10.1021/je050173+#d11#p1,5000,311.8,349.86,38.06,10,3,3,True,"[""10.1021/je050173+#d11#p1#r8"",""10.1021/je050173+#d11#p1#r9"",""10.1021/je050173+#d11#p1#r10""]","[""10.1021/je050173+#d11#p1#r1"",""10.1021/je050173+#d11#p1#r2"",""10.1021/je050173+#d11#p1#r3""]",3,3,3
ep_baac2ae81d9ae954,mol_69df6d03bf2d6749,grp_5dea7427c65d07c7,train,10.1016/j.fluid.2004.02.021,10.1016/j.fluid.2004.02.021#d1#p1,5000,283.15,323.15,40,9,3,3,True,"[""10.1016/j.fluid.2004.02.021#d1#p1#r7"",""10.1016/j.fluid.2004.02.021#d1#p1#r8"",""10.1016/j.fluid.2004.02.021#d1#p1#r9""]","[""10.1016/j.fluid.2004.02.021#d1#p1#r1"",""10.1016/j.fluid.2004.02.021#d1#p1#r2"",""10.1016/j.fluid.2004.02.021#d1#p1#r3""]",3,3,3
ep_bdf06249325ae4fc,mol_5d8d53a98b10e7f5,grp_5d8d53a98b10e7f5,validation,10.1021/je050084x,10.1021/je050084x#d1#p1,5000,253.49,288.19,34.7,11,5,3,True,"[""10.1021/je050084x#d1#p1#r43"",""10.1021/je050084x#d1#p1#r51"",""10.1021/je050084x#d1#p1#r58""]","[""10.1021/je050084x#d1#p1#r14"",""10.1021/je050084x#d1#p1#r15"",""10.1021/je050084x#d1#p1#r19"",""10.1021/je050084x#d1#p1#r23"",""10.1021/je050084x#d1#p1#r24"",""10.1021/je050084x#d1#p1#r25"",""10.1021/je050084x#d1#p1#r26"",""10.1021/je050084x#d1#p1#r27""]",3,8,3
ep_bdf5ff1fe1f9ed6c,mol_cf8f354d990ebe29,grp_5dea7427c65d07c7,train,10.1021/je0255980,10.1021/je0255980#d1#p1,5000,295.8,326.2,30.4,11,4,4,True,"[""10.1021/je0255980#d1#p1#r8"",""10.1021/je0255980#d1#p1#r10"",""10.1021/je0255980#d1#p1#r12""]","[""10.1021/je0255980#d1#p1#r1"",""10.1021/je0255980#d1#p1#r2"",""10.1021/je0255980#d1#p1#r3"",""10.1021/je0255980#d1#p1#r4""]",3,4,4
ep_be46eee38a8f1b6a,mol_385079eb0964d1b9,grp_5085cd785cc4c7f4,test,10.1021/je060429r,10.1021/je060429r#d14#p1,5000,341.2,371.4,30.2,10,3,3,True,"[""10.1021/je060429r#d14#p1#r8"",""10.1021/je060429r#d14#p1#r9"",""10.1021/je060429r#d14#p1#r10""]","[""10.1021/je060429r#d14#p1#r1"",""10.1021/je060429r#d14#p1#r2"",""10.1021/je060429r#d14#p1#r3""]",3,3,3
ep_c2952492389b7603,mol_a82c5379fe350441,grp_95988f9c4708b4b0,test,10.1016/j.fluid.2006.09.001,10.1016/j.fluid.2006.09.001#d2#p1,5000,339.1,373.5,34.4,21,5,7,True,"[""10.1016/j.fluid.2006.09.001#d2#p1#r36"",""10.1016/j.fluid.2006.09.001#d2#p1#r38"",""10.1016/j.fluid.2006.09.001#d2#p1#r41""]","[""10.1016/j.fluid.2006.09.001#d2#p1#r20"",""10.1016/j.fluid.2006.09.001#d2#p1#r21"",""10.1016/j.fluid.2006.09.001#d2#p1#r22"",""10.1016/j.fluid.2006.09.001#d2#p1#r23"",""10.1016/j.fluid.2006.09.001#d2#p1#r24"",""10.1016/j.fluid.2006.09.001#d2#p1#r25"",""10.1016/j.fluid.2006.09.001#d2#p1#r26""]",3,7,7
ep_c30533e976f2eea4,mol_a3ab0bd2d4d80422,grp_5dea7427c65d07c7,train,10.1021/je400551d,10.1021/je400551d#d4#p1,5000,299.25,358.67,59.42,9,3,4,True,"[""10.1021/je400551d#d4#p1#r7"",""10.1021/je400551d#d4#p1#r8"",""10.1021/je400551d#d4#p1#r9""]","[""10.1021/je400551d#d4#p1#r1"",""10.1021/je400551d#d4#p1#r2"",""10.1021/je400551d#d4#p1#r3"",""10.1021/je400551d#d4#p1#r4""]",3,4,4
ep_c43d46cc9ea94a6d,mol_7a5b68b203cc6270,grp_5dea7427c65d07c7,train,10.1021/je100398m,10.1021/je100398m#d1#p1,5000,258.35,303.23,44.88,10,3,3,True,"[""10.1021/je100398m#d1#p1#r18"",""10.1021/je100398m#d1#p1#r20"",""10.1021/je100398m#d1#p1#r23""]","[""10.1021/je100398m#d1#p1#r1"",""10.1021/je100398m#d1#p1#r2"",""10.1021/je100398m#d1#p1#r3"",""10.1021/je100398m#d1#p1#r4"",""10.1021/je100398m#d1#p1#r5"",""10.1021/je100398m#d1#p1#r6"",""10.1021/je100398m#d1#p1#r7""]",3,7,3
ep_c63104bedf51fb26,mol_7a1e2ea9b1feabd1,grp_7a1e2ea9b1feabd1,test,10.1016/j.jct.2016.12.012,10.1016/j.jct.2016.12.012#d16#p1,5000,328.88,378.32,49.44,26,8,8,True,"[""10.1016/j.jct.2016.12.012#d16#p1#r19"",""10.1016/j.jct.2016.12.012#d16#p1#r22"",""10.1016/j.jct.2016.12.012#d16#p1#r26""]","[""10.1016/j.jct.2016.12.012#d16#p1#r1"",""10.1016/j.jct.2016.12.012#d16#p1#r2"",""10.1016/j.jct.2016.12.012#d16#p1#r3"",""10.1016/j.jct.2016.12.012#d16#p1#r4"",""10.1016/j.jct.2016.12.012#d16#p1#r5"",""10.1016/j.jct.2016.12.012#d16#p1#r6"",""10.1016/j.jct.2016.12.012#d16#p1#r7"",""10.1016/j.jct.2016.12.012#d16#p1#r8""]",3,8,8
ep_c6330b2a0eb55085,mol_39ce5f6b5769ea06,grp_9c9b18c6b3311f2d,train,10.1016/j.tca.2017.07.001,10.1016/j.tca.2017.07.001#d1#p1,5000,274.75,309.1,34.35,8,3,3,True,"[""10.1016/j.tca.2017.07.001#d1#p1#r11"",""10.1016/j.tca.2017.07.001#d1#p1#r12"",""10.1016/j.tca.2017.07.001#d1#p1#r14""]","[""10.1016/j.tca.2017.07.001#d1#p1#r1"",""10.1016/j.tca.2017.07.001#d1#p1#r2"",""10.1016/j.tca.2017.07.001#d1#p1#r3"",""10.1016/j.tca.2017.07.001#d1#p1#r4"",""10.1016/j.tca.2017.07.001#d1#p1#r5"",""10.1016/j.tca.2017.07.001#d1#p1#r6"",""10.1016/j.tca.2017.07.001#d1#p1#r7""]",3,7,3
ep_c6a5ad2a87f0862b,mol_5362c7a729bf211e,grp_5dea7427c65d07c7,train,10.1016/j.fluid.2008.02.001,10.1016/j.fluid.2008.02.001#d5#p1,5000,273.7,308.4,34.7,21,7,8,True,"[""10.1016/j.fluid.2008.02.001#d5#p1#r16"",""10.1016/j.fluid.2008.02.001#d5#p1#r19"",""10.1016/j.fluid.2008.02.001#d5#p1#r22""]","[""10.1016/j.fluid.2008.02.001#d5#p1#r1"",""10.1016/j.fluid.2008.02.001#d5#p1#r2"",""10.1016/j.fluid.2008.02.001#d5#p1#r3"",""10.1016/j.fluid.2008.02.001#d5#p1#r4"",""10.1016/j.fluid.2008.02.001#d5#p1#r5"",""10.1016/j.fluid.2008.02.001#d5#p1#r6"",""10.1016/j.fluid.2008.02.001#d5#p1#r7"",""10.1016/j.fluid.2008.02.001#d5#p1#r8"",""10.1016/j.fluid.2008.02.001#d5#p1#r9""]",3,9,8
ep_c74c26f2801a6380,mol_deac46acd3625ae3,grp_9a6e5ce866866615,validation,10.1016/j.jct.2010.05.002,10.1016/j.jct.2010.05.002#d6#p1,5000,323.2,353.2,30,14,4,5,True,"[""10.1016/j.jct.2010.05.002#d6#p1#r11"",""10.1016/j.jct.2010.05.002#d6#p1#r12"",""10.1016/j.jct.2010.05.002#d6#p1#r14""]","[""10.1016/j.jct.2010.05.002#d6#p1#r1"",""10.1016/j.jct.2010.05.002#d6#p1#r2"",""10.1016/j.jct.2010.05.002#d6#p1#r3"",""10.1016/j.jct.2010.05.002#d6#p1#r4"",""10.1016/j.jct.2010.05.002#d6#p1#r5""]",3,5,5
ep_c83dfe062a07e515,mol_1d9a0acab04fdcd1,grp_2ccb72ac35a31331,train,10.1016/j.jct.2015.02.001,10.1016/j.jct.2015.02.001#d2#p1,5000,276.7,312.2,35.5,13,5,4,True,"[""10.1016/j.jct.2015.02.001#d2#p1#r9"",""10.1016/j.jct.2015.02.001#d2#p1#r11"",""10.1016/j.jct.2015.02.001#d2#p1#r13""]","[""10.1016/j.jct.2015.02.001#d2#p1#r1"",""10.1016/j.jct.2015.02.001#d2#p1#r2"",""10.1016/j.jct.2015.02.001#d2#p1#r3"",""10.1016/j.jct.2015.02.001#d2#p1#r4""]",3,4,4
ep_c8766040535471e3,mol_b27150fe8ceb156d,grp_5dea7427c65d07c7,train,10.1016/j.jct.2017.03.029,10.1016/j.jct.2017.03.029#d1#p1,5000,278.35,323,44.65,10,3,3,True,"[""10.1016/j.jct.2017.03.029#d1#p1#r15"",""10.1016/j.jct.2017.03.029#d1#p1#r17"",""10.1016/j.jct.2017.03.029#d1#p1#r19""]","[""10.1016/j.jct.2017.03.029#d1#p1#r1"",""10.1016/j.jct.2017.03.029#d1#p1#r2"",""10.1016/j.jct.2017.03.029#d1#p1#r3"",""10.1016/j.jct.2017.03.029#d1#p1#r4"",""10.1016/j.jct.2017.03.029#d1#p1#r5"",""10.1016/j.jct.2017.03.029#d1#p1#r6""]",3,6,3
ep_cadd7e3806c84491,mol_5c8f28893ba20c7a,grp_5ed1239f1de5ca2c,validation,10.1016/j.jct.2018.07.020,10.1016/j.jct.2018.07.020#d3#p1,5000,275.2,311.2,36,17,5,5,True,"[""10.1016/j.jct.2018.07.020#d3#p1#r14"",""10.1016/j.jct.2018.07.020#d3#p1#r16"",""10.1016/j.jct.2018.07.020#d3#p1#r18""]","[""10.1016/j.jct.2018.07.020#d3#p1#r1"",""10.1016/j.jct.2018.07.020#d3#p1#r2"",""10.1016/j.jct.2018.07.020#d3#p1#r3"",""10.1016/j.jct.2018.07.020#d3#p1#r4"",""10.1016/j.jct.2018.07.020#d3#p1#r5"",""10.1016/j.jct.2018.07.020#d3#p1#r6""]",3,6,5
ep_cbeabd0218197764,mol_752fe3dca8afa6dd,grp_5dea7427c65d07c7,train,10.1016/j.tca.2015.03.016,10.1016/j.tca.2015.03.016#d4#p1,5000,295.4,333.2,37.8,14,4,4,True,"[""10.1016/j.tca.2015.03.016#d4#p1#r11"",""10.1016/j.tca.2015.03.016#d4#p1#r12"",""10.1016/j.tca.2015.03.016#d4#p1#r14""]","[""10.1016/j.tca.2015.03.016#d4#p1#r1"",""10.1016/j.tca.2015.03.016#d4#p1#r2"",""10.1016/j.tca.2015.03.016#d4#p1#r3"",""10.1016/j.tca.2015.03.016#d4#p1#r4""]",3,4,4
ep_cd3eb70ed119a15f,mol_917a799c2b100236,grp_5ed1239f1de5ca2c,validation,10.1016/j.fluid.2016.11.010,10.1016/j.fluid.2016.11.010#d6#p1,5000,323.2,367.9,44.7,10,3,3,True,"[""10.1016/j.fluid.2016.11.010#d6#p1#r8"",""10.1016/j.fluid.2016.11.010#d6#p1#r9"",""10.1016/j.fluid.2016.11.010#d6#p1#r10""]","[""10.1016/j.fluid.2016.11.010#d6#p1#r1"",""10.1016/j.fluid.2016.11.010#d6#p1#r2"",""10.1016/j.fluid.2016.11.010#d6#p1#r3""]",3,3,3
ep_ce2f128922c48792,mol_595c30aafafcc9d0,grp_01b36fcba0323968,validation,10.1016/j.fluid.2004.11.024,10.1016/j.fluid.2004.11.024#d2#p1,5000,290.2,323.2,33,14,4,4,True,"[""10.1016/j.fluid.2004.11.024#d2#p1#r11"",""10.1016/j.fluid.2004.11.024#d2#p1#r12"",""10.1016/j.fluid.2004.11.024#d2#p1#r14""]","[""10.1016/j.fluid.2004.11.024#d2#p1#r1"",""10.1016/j.fluid.2004.11.024#d2#p1#r2"",""10.1016/j.fluid.2004.11.024#d2#p1#r3"",""10.1016/j.fluid.2004.11.024#d2#p1#r4""]",3,4,4
ep_ced0a7ee121605fa,mol_2c26c5ea55ef74f0,grp_5dea7427c65d07c7,train,10.1016/j.tca.2015.03.016,10.1016/j.tca.2015.03.016#d2#p1,5000,275.2,314.2,39,14,4,4,True,"[""10.1016/j.tca.2015.03.016#d2#p1#r11"",""10.1016/j.tca.2015.03.016#d2#p1#r12"",""10.1016/j.tca.2015.03.016#d2#p1#r14""]","[""10.1016/j.tca.2015.03.016#d2#p1#r1"",""10.1016/j.tca.2015.03.016#d2#p1#r2"",""10.1016/j.tca.2015.03.016#d2#p1#r3"",""10.1016/j.tca.2015.03.016#d2#p1#r4""]",3,4,4
ep_cf783022769ecb96,mol_bf3cc1ac0f518a48,grp_5ed1239f1de5ca2c,validation,10.1016/j.fluid.2016.11.010,10.1016/j.fluid.2016.11.010#d3#p1,5000,328.3,375.3,47,11,3,4,True,"[""10.1016/j.fluid.2016.11.010#d3#p1#r9"",""10.1016/j.fluid.2016.11.010#d3#p1#r10"",""10.1016/j.fluid.2016.11.010#d3#p1#r11""]","[""10.1016/j.fluid.2016.11.010#d3#p1#r1"",""10.1016/j.fluid.2016.11.010#d3#p1#r2"",""10.1016/j.fluid.2016.11.010#d3#p1#r3"",""10.1016/j.fluid.2016.11.010#d3#p1#r4""]",3,4,4
ep_d007476db5767098,mol_068db2316970a098,grp_5dea7427c65d07c7,train,10.1021/je060419q,10.1021/je060419q#d7#p1,5000,297.3,357.5,60.2,28,8,7,True,"[""10.1021/je060419q#d7#p1#r24"",""10.1021/je060419q#d7#p1#r27"",""10.1021/je060419q#d7#p1#r31""]","[""10.1021/je060419q#d7#p1#r1"",""10.1021/je060419q#d7#p1#r2"",""10.1021/je060419q#d7#p1#r3"",""10.1021/je060419q#d7#p1#r4"",""10.1021/je060419q#d7#p1#r5"",""10.1021/je060419q#d7#p1#r6"",""10.1021/je060419q#d7#p1#r7"",""10.1021/je060419q#d7#p1#r8""]",3,8,7
ep_d00b7193b057d1f1,mol_b50c26b7ff7d996c,grp_c50732a0f7207397,train,10.1016/j.fluid.2015.07.031,10.1016/j.fluid.2015.07.031#d1#p1,5000,293.14,362.93,69.79,15,5,5,True,"[""10.1016/j.fluid.2015.07.031#d1#p1#r31"",""10.1016/j.fluid.2015.07.031#d1#p1#r37"",""10.1016/j.fluid.2015.07.031#d1#p1#r43""]","[""10.1016/j.fluid.2015.07.031#d1#p1#r1"",""10.1016/j.fluid.2015.07.031#d1#p1#r10"",""10.1016/j.fluid.2015.07.031#d1#p1#r11"",""10.1016/j.fluid.2015.07.031#d1#p1#r12"",""10.1016/j.fluid.2015.07.031#d1#p1#r13"",""10.1016/j.fluid.2015.07.031#d1#p1#r14"",""10.1016/j.fluid.2015.07.031#d1#p1#r15"",""10.1016/j.fluid.2015.07.031#d1#p1#r2"",""10.1016/j.fluid.2015.07.031#d1#p1#r3"",""10.1016/j.fluid.2015.07.031#d1#p1#r4"",""10.1016/j.fluid.2015.07.031#d1#p1#r5"",""10.1016/j.fluid.2015.07.031#d1#p1#r58"",""10.1016/j.fluid.2015.07.031#d1#p1#r59"",""10.1016/j.fluid.2015.07.031#d1#p1#r6"",""10.1016/j.fluid.2015.07.031#d1#p1#r60"",""10.1016/j.fluid.2015.07.031#d1#p1#r61"",""10.1016/j.fluid.2015.07.031#d1#p1#r62"",""10.1016/j.fluid.2015.07.031#d1#p1#r63"",""10.1016/j.fluid.2015.07.031#d1#p1#r64"",""10.1016/j.fluid.2015.07.031#d1#p1#r65"",""10.1016/j.fluid.2015.07.031#d1#p1#r66"",""10.1016/j.fluid.2015.07.031#d1#p1#r67"",""10.1016/j.fluid.2015.07.031#d1#p1#r68"",""10.1016/j.fluid.2015.07.031#d1#p1#r69"",""10.1016/j.fluid.2015.07.031#d1#p1#r7"",""10.1016/j.fluid.2015.07.031#d1#p1#r8"",""10.1016/j.fluid.2015.07.031#d1#p1#r9""]",3,27,5
ep_d028fc4485d75ec8,mol_cc2fc42bf1c5d229,grp_fd16eb96ed948225,validation,10.1021/acs.jced.5b01003,10.1021/acs.jced.5b01003#d3#p1,5000,274.2,305.4,31.2,11,6,3,True,"[""10.1021/acs.jced.5b01003#d3#p1#r6"",""10.1021/acs.jced.5b01003#d3#p1#r8"",""10.1021/acs.jced.5b01003#d3#p1#r11""]","[""10.1021/acs.jced.5b01003#d3#p1#r1"",""10.1021/acs.jced.5b01003#d3#p1#r2"",""10.1021/acs.jced.5b01003#d3#p1#r3""]",3,3,3
ep_d03b1d814e31872e,mol_236fafdbbe72dc54,grp_468c9a97902f6f3f,test,10.1016/j.fluid.2014.12.023,10.1016/j.fluid.2014.12.023#d18#p1,5000,276.5,317.9,41.4,11,3,4,True,"[""10.1016/j.fluid.2014.12.023#d18#p1#r11"",""10.1016/j.fluid.2014.12.023#d18#p1#r12"",""10.1016/j.fluid.2014.12.023#d18#p1#r13""]","[""10.1016/j.fluid.2014.12.023#d18#p1#r1"",""10.1016/j.fluid.2014.12.023#d18#p1#r2"",""10.1016/j.fluid.2014.12.023#d18#p1#r3"",""10.1016/j.fluid.2014.12.023#d18#p1#r4"",""10.1016/j.fluid.2014.12.023#d18#p1#r5""]",3,5,4
ep_d0f4e061d4eed76e,mol_fb304e4936922cdc,grp_642c5927dec37b59,validation,10.1016/j.fluid.2011.07.007,10.1016/j.fluid.2011.07.007#d20#p1,5000,322.6,366.3,43.7,17,5,5,True,"[""10.1016/j.fluid.2011.07.007#d20#p1#r13"",""10.1016/j.fluid.2011.07.007#d20#p1#r15"",""10.1016/j.fluid.2011.07.007#d20#p1#r18""]","[""10.1016/j.fluid.2011.07.007#d20#p1#r1"",""10.1016/j.fluid.2011.07.007#d20#p1#r2"",""10.1016/j.fluid.2011.07.007#d20#p1#r3"",""10.1016/j.fluid.2011.07.007#d20#p1#r4"",""10.1016/j.fluid.2011.07.007#d20#p1#r5""]",3,5,5
ep_d11e3aa69b95b1dd,mol_9c277a73dd0d1066,grp_5dea7427c65d07c7,train,10.1021/je100231g,10.1021/je100231g#d4#p1,5000,298.3,347.9,49.6,15,4,4,True,"[""10.1021/je100231g#d4#p1#r12"",""10.1021/je100231g#d4#p1#r13"",""10.1021/je100231g#d4#p1#r15""]","[""10.1021/je100231g#d4#p1#r1"",""10.1021/je100231g#d4#p1#r2"",""10.1021/je100231g#d4#p1#r3"",""10.1021/je100231g#d4#p1#r4""]",3,4,4
ep_d152c6882cf480b1,mol_741aa7c2f731c8a3,grp_5dea7427c65d07c7,train,10.1016/j.jct.2013.10.039,10.1016/j.jct.2013.10.039#d1#p1,5000,273.11,363.175,90.065,14,6,3,True,"[""10.1016/j.jct.2013.10.039#d1#p1#r8"",""10.1016/j.jct.2013.10.039#d1#p1#r10"",""10.1016/j.jct.2013.10.039#d1#p1#r24""]","[""10.1016/j.jct.2013.10.039#d1#p1#r1"",""10.1016/j.jct.2013.10.039#d1#p1#r2"",""10.1016/j.jct.2013.10.039#d1#p1#r3""]",3,3,3
ep_d19bd69db8cefb61,mol_a9ed7bb16f2162a1,grp_a9ed7bb16f2162a1,validation,10.1021/je4009014,10.1021/je4009014#d2#p1,5000,365.15,397.15,32,13,3,4,True,"[""10.1021/je4009014#d2#p1#r11"",""10.1021/je4009014#d2#p1#r12"",""10.1021/je4009014#d2#p1#r13""]","[""10.1021/je4009014#d2#p1#r1"",""10.1021/je4009014#d2#p1#r2"",""10.1021/je4009014#d2#p1#r3"",""10.1021/je4009014#d2#p1#r4""]",3,4,4
ep_d1ef643a218fa39e,mol_8b55943f32f4ccc1,grp_5dea7427c65d07c7,train,10.1016/j.jct.2009.09.003,10.1016/j.jct.2009.09.003#d8#p1,5000,338.2,373.3,35.1,25,9,6,True,"[""10.1016/j.jct.2009.09.003#d8#p1#r18"",""10.1016/j.jct.2009.09.003#d8#p1#r22"",""10.1016/j.jct.2009.09.003#d8#p1#r27""]","[""10.1016/j.jct.2009.09.003#d8#p1#r1"",""10.1016/j.jct.2009.09.003#d8#p1#r2"",""10.1016/j.jct.2009.09.003#d8#p1#r3"",""10.1016/j.jct.2009.09.003#d8#p1#r4"",""10.1016/j.jct.2009.09.003#d8#p1#r5"",""10.1016/j.jct.2009.09.003#d8#p1#r6""]",3,6,6
ep_d2b0e778427d9fa3,mol_7f9b9c7a996206a7,grp_5dea7427c65d07c7,train,10.1021/acs.jced.6b00576,10.1021/acs.jced.6b00576#d13#p1,5000,276.29,319.53,43.24,14,4,3,True,"[""10.1021/acs.jced.6b00576#d13#p1#r11"",""10.1021/acs.jced.6b00576#d13#p1#r12"",""10.1021/acs.jced.6b00576#d13#p1#r14""]","[""10.1021/acs.jced.6b00576#d13#p1#r1"",""10.1021/acs.jced.6b00576#d13#p1#r2"",""10.1021/acs.jced.6b00576#d13#p1#r3""]",3,3,3
ep_d2bb5082964398fc,mol_f7ad98ebbc8da43b,grp_bcf7dc086ea12992,test,10.1016/j.fluid.2019.04.036,10.1016/j.fluid.2019.04.036#d3#p1,5000,278.5,319.4,40.9,25,9,6,True,"[""10.1016/j.fluid.2019.04.036#d3#p1#r16"",""10.1016/j.fluid.2019.04.036#d3#p1#r21"",""10.1016/j.fluid.2019.04.036#d3#p1#r24""]","[""10.1016/j.fluid.2019.04.036#d3#p1#r1"",""10.1016/j.fluid.2019.04.036#d3#p1#r2"",""10.1016/j.fluid.2019.04.036#d3#p1#r3"",""10.1016/j.fluid.2019.04.036#d3#p1#r4"",""10.1016/j.fluid.2019.04.036#d3#p1#r5"",""10.1016/j.fluid.2019.04.036#d3#p1#r6""]",3,6,6
ep_d36083bca6763f87,mol_370b202074e9a40f,grp_5085cd785cc4c7f4,test,10.1016/j.jct.2013.05.047,10.1016/j.jct.2013.05.047#d8#p1,5000,303.2,370.51,67.31,35,11,11,True,"[""10.1016/j.jct.2013.05.047#d8#p1#r25"",""10.1016/j.jct.2013.05.047#d8#p1#r30"",""10.1016/j.jct.2013.05.047#d8#p1#r35""]","[""10.1016/j.jct.2013.05.047#d8#p1#r1"",""10.1016/j.jct.2013.05.047#d8#p1#r10"",""10.1016/j.jct.2013.05.047#d8#p1#r11"",""10.1016/j.jct.2013.05.047#d8#p1#r2"",""10.1016/j.jct.2013.05.047#d8#p1#r3"",""10.1016/j.jct.2013.05.047#d8#p1#r4"",""10.1016/j.jct.2013.05.047#d8#p1#r5"",""10.1016/j.jct.2013.05.047#d8#p1#r6"",""10.1016/j.jct.2013.05.047#d8#p1#r7"",""10.1016/j.jct.2013.05.047#d8#p1#r8"",""10.1016/j.jct.2013.05.047#d8#p1#r9""]",3,11,11
ep_d3699b6d66b8731f,mol_f64a37f4f13cc997,grp_5dea7427c65d07c7,train,10.1016/j.fluid.2008.02.001,10.1016/j.fluid.2008.02.001#d9#p1,5000,274.2,319.2,45,13,5,4,True,"[""10.1016/j.fluid.2008.02.001#d9#p1#r9"",""10.1016/j.fluid.2008.02.001#d9#p1#r11"",""10.1016/j.fluid.2008.02.001#d9#p1#r13""]","[""10.1016/j.fluid.2008.02.001#d9#p1#r1"",""10.1016/j.fluid.2008.02.001#d9#p1#r2"",""10.1016/j.fluid.2008.02.001#d9#p1#r3"",""10.1016/j.fluid.2008.02.001#d9#p1#r4""]",3,4,4
ep_d39a6ccef04f98a6,mol_b859097b55ec40b9,grp_5dea7427c65d07c7,train,10.1021/je050182i,10.1021/je050182i#d1#p1,5000,371.42,461.96,90.54,9,3,3,True,"[""10.1021/je050182i#d1#p1#r9"",""10.1021/je050182i#d1#p1#r10"",""10.1021/je050182i#d1#p1#r11""]","[""10.1021/je050182i#d1#p1#r3"",""10.1021/je050182i#d1#p1#r4"",""10.1021/je050182i#d1#p1#r5""]",3,3,3
ep_d3a046a1f4c902cd,mol_e356f62a95258c32,grp_5dea7427c65d07c7,train,10.1021/je200730m,10.1021/je200730m#d5#p1,5000,333.22,462.3,129.08,14,4,5,True,"[""10.1021/je200730m#d5#p1#r11"",""10.1021/je200730m#d5#p1#r12"",""10.1021/je200730m#d5#p1#r14""]","[""10.1021/je200730m#d5#p1#r1"",""10.1021/je200730m#d5#p1#r2"",""10.1021/je200730m#d5#p1#r3"",""10.1021/je200730m#d5#p1#r4"",""10.1021/je200730m#d5#p1#r5""]",3,5,5
ep_d4ae386a4e126ee9,mol_a52eb3ec1414bb0f,grp_5dea7427c65d07c7,train,10.1016/j.fluid.2012.08.003,10.1016/j.fluid.2012.08.003#d6#p1,5000,274.1,328.4,54.3,16,6,6,True,"[""10.1016/j.fluid.2012.08.003#d6#p1#r11"",""10.1016/j.fluid.2012.08.003#d6#p1#r13"",""10.1016/j.fluid.2012.08.003#d6#p1#r16""]","[""10.1016/j.fluid.2012.08.003#d6#p1#r1"",""10.1016/j.fluid.2012.08.003#d6#p1#r2"",""10.1016/j.fluid.2012.08.003#d6#p1#r3"",""10.1016/j.fluid.2012.08.003#d6#p1#r4"",""10.1016/j.fluid.2012.08.003#d6#p1#r5"",""10.1016/j.fluid.2012.08.003#d6#p1#r6""]",3,6,6
ep_d4eacf24b9f8cae5,mol_435971c8aa9ce0da,grp_5dea7427c65d07c7,train,10.1021/je049600u,10.1021/je049600u#d1#p1,5000,298.15,338.15,40,9,3,3,True,"[""10.1021/je049600u#d1#p1#r7"",""10.1021/je049600u#d1#p1#r8"",""10.1021/je049600u#d1#p1#r9""]","[""10.1021/je049600u#d1#p1#r1"",""10.1021/je049600u#d1#p1#r2"",""10.1021/je049600u#d1#p1#r3""]",3,3,3
ep_d4ee3d8f4030a797,mol_581ae09a60a3f350,grp_5dea7427c65d07c7,train,10.1021/acs.jced.8b00699,10.1021/acs.jced.8b00699#d1#p1,5000,253.15,308.18,55.03,13,4,4,True,"[""10.1021/acs.jced.8b00699#d1#p1#r13"",""10.1021/acs.jced.8b00699#d1#p1#r14"",""10.1021/acs.jced.8b00699#d1#p1#r16""]","[""10.1021/acs.jced.8b00699#d1#p1#r4"",""10.1021/acs.jced.8b00699#d1#p1#r5"",""10.1021/acs.jced.8b00699#d1#p1#r6"",""10.1021/acs.jced.8b00699#d1#p1#r7""]",3,4,4
ep_d5efb2339c7f9ad3,mol_1910e4e6f96d50ef,grp_468c9a97902f6f3f,test,10.1016/j.fluid.2014.12.023,10.1016/j.fluid.2014.12.023#d10#p1,5000,280.8,317.6,36.8,20,4,8,True,"[""10.1016/j.fluid.2014.12.023#d10#p1#r17"",""10.1016/j.fluid.2014.12.023#d10#p1#r18"",""10.1016/j.fluid.2014.12.023#d10#p1#r20""]","[""10.1016/j.fluid.2014.12.023#d10#p1#r1"",""10.1016/j.fluid.2014.12.023#d10#p1#r2"",""10.1016/j.fluid.2014.12.023#d10#p1#r3"",""10.1016/j.fluid.2014.12.023#d10#p1#r4"",""10.1016/j.fluid.2014.12.023#d10#p1#r5"",""10.1016/j.fluid.2014.12.023#d10#p1#r6"",""10.1016/j.fluid.2014.12.023#d10#p1#r7"",""10.1016/j.fluid.2014.12.023#d10#p1#r8""]",3,8,8
ep_d61cb44a8d529bde,mol_4430dd0cb0a3c055,grp_5dea7427c65d07c7,train,10.1016/j.fluid.2012.08.003,10.1016/j.fluid.2012.08.003#d8#p1,5000,293.3,348.4,55.1,16,6,6,True,"[""10.1016/j.fluid.2012.08.003#d8#p1#r11"",""10.1016/j.fluid.2012.08.003#d8#p1#r13"",""10.1016/j.fluid.2012.08.003#d8#p1#r16""]","[""10.1016/j.fluid.2012.08.003#d8#p1#r1"",""10.1016/j.fluid.2012.08.003#d8#p1#r2"",""10.1016/j.fluid.2012.08.003#d8#p1#r3"",""10.1016/j.fluid.2012.08.003#d8#p1#r4"",""10.1016/j.fluid.2012.08.003#d8#p1#r5"",""10.1016/j.fluid.2012.08.003#d8#p1#r6""]",3,6,6
ep_d626421c2f803bc6,mol_5b654c20d8dff507,grp_a2fcc12936d735c8,train,10.1016/j.fluid.2019.03.004,10.1016/j.fluid.2019.03.004#d2#p1,5000,279.1,323.2,44.1,10,3,3,True,"[""10.1016/j.fluid.2019.03.004#d2#p1#r8"",""10.1016/j.fluid.2019.03.004#d2#p1#r9"",""10.1016/j.fluid.2019.03.004#d2#p1#r10""]","[""10.1016/j.fluid.2019.03.004#d2#p1#r1"",""10.1016/j.fluid.2019.03.004#d2#p1#r2"",""10.1016/j.fluid.2019.03.004#d2#p1#r3""]",3,3,3
ep_d663f3e11e8357a3,mol_54948f46fab8b549,grp_5dea7427c65d07c7,train,10.1016/j.fluid.2013.03.008,10.1016/j.fluid.2013.03.008#d2#p1,5000,412.63,468.07,55.44,11,4,3,True,"[""10.1016/j.fluid.2013.03.008#d2#p1#r8"",""10.1016/j.fluid.2013.03.008#d2#p1#r9"",""10.1016/j.fluid.2013.03.008#d2#p1#r11""]","[""10.1016/j.fluid.2013.03.008#d2#p1#r1"",""10.1016/j.fluid.2013.03.008#d2#p1#r2"",""10.1016/j.fluid.2013.03.008#d2#p1#r3""]",3,3,3
ep_d73c10f0638b142a,mol_32d4a096496c381d,grp_5dea7427c65d07c7,train,10.1021/je049761y,10.1021/je049761y#d5#p1,5000,278.2,318.3,40.1,29,5,12,True,"[""10.1021/je049761y#d5#p1#r27"",""10.1021/je049761y#d5#p1#r29"",""10.1021/je049761y#d5#p1#r31""]","[""10.1021/je049761y#d5#p1#r1"",""10.1021/je049761y#d5#p1#r10"",""10.1021/je049761y#d5#p1#r11"",""10.1021/je049761y#d5#p1#r12"",""10.1021/je049761y#d5#p1#r2"",""10.1021/je049761y#d5#p1#r3"",""10.1021/je049761y#d5#p1#r4"",""10.1021/je049761y#d5#p1#r5"",""10.1021/je049761y#d5#p1#r6"",""10.1021/je049761y#d5#p1#r7"",""10.1021/je049761y#d5#p1#r8"",""10.1021/je049761y#d5#p1#r9""]",3,12,12
ep_d74064dfeaff2d4a,mol_4e4c72058c054de2,grp_5dea7427c65d07c7,train,10.1021/je400212t,10.1021/je400212t#d6#p1,5000,299.1,343,43.9,25,7,9,True,"[""10.1021/je400212t#d6#p1#r20"",""10.1021/je400212t#d6#p1#r26"",""10.1021/je400212t#d6#p1#r32""]","[""10.1021/je400212t#d6#p1#r1"",""10.1021/je400212t#d6#p1#r2"",""10.1021/je400212t#d6#p1#r3"",""10.1021/je400212t#d6#p1#r4"",""10.1021/je400212t#d6#p1#r5"",""10.1021/je400212t#d6#p1#r6"",""10.1021/je400212t#d6#p1#r7"",""10.1021/je400212t#d6#p1#r8"",""10.1021/je400212t#d6#p1#r9""]",3,9,9
ep_d78d65647272ee6d,mol_df3844ce888daa74,grp_5dea7427c65d07c7,train,10.1016/j.fluid.2014.11.026,10.1016/j.fluid.2014.11.026#d8#p1,5000,318.01,370.89,52.88,21,6,7,True,"[""10.1016/j.fluid.2014.11.026#d8#p1#r20"",""10.1016/j.fluid.2014.11.026#d8#p1#r22"",""10.1016/j.fluid.2014.11.026#d8#p1#r25""]","[""10.1016/j.fluid.2014.11.026#d8#p1#r10"",""10.1016/j.fluid.2014.11.026#d8#p1#r11"",""10.1016/j.fluid.2014.11.026#d8#p1#r5"",""10.1016/j.fluid.2014.11.026#d8#p1#r6"",""10.1016/j.fluid.2014.11.026#d8#p1#r7"",""10.1016/j.fluid.2014.11.026#d8#p1#r8"",""10.1016/j.fluid.2014.11.026#d8#p1#r9""]",3,7,7
ep_d7c3a78448afad78,mol_8095247005666df6,grp_5dea7427c65d07c7,train,10.1016/j.jct.2005.08.003,10.1016/j.jct.2005.08.003#d1#p1,5000,274.5,309.1,34.6,13,4,4,True,"[""10.1016/j.jct.2005.08.003#d1#p1#r10"",""10.1016/j.jct.2005.08.003#d1#p1#r11"",""10.1016/j.jct.2005.08.003#d1#p1#r13""]","[""10.1016/j.jct.2005.08.003#d1#p1#r1"",""10.1016/j.jct.2005.08.003#d1#p1#r2"",""10.1016/j.jct.2005.08.003#d1#p1#r3"",""10.1016/j.jct.2005.08.003#d1#p1#r4""]",3,4,4
ep_d7e20b30c294e92a,mol_9bae39b547067706,grp_5dea7427c65d07c7,train,10.1016/j.jct.2017.03.029,10.1016/j.jct.2017.03.029#d2#p1,5000,290.6,338,47.4,19,3,7,True,"[""10.1016/j.jct.2017.03.029#d2#p1#r20"",""10.1016/j.jct.2017.03.029#d2#p1#r21"",""10.1016/j.jct.2017.03.029#d2#p1#r22""]","[""10.1016/j.jct.2017.03.029#d2#p1#r1"",""10.1016/j.jct.2017.03.029#d2#p1#r2"",""10.1016/j.jct.2017.03.029#d2#p1#r23"",""10.1016/j.jct.2017.03.029#d2#p1#r24"",""10.1016/j.jct.2017.03.029#d2#p1#r25"",""10.1016/j.jct.2017.03.029#d2#p1#r26"",""10.1016/j.jct.2017.03.029#d2#p1#r27"",""10.1016/j.jct.2017.03.029#d2#p1#r3"",""10.1016/j.jct.2017.03.029#d2#p1#r4"",""10.1016/j.jct.2017.03.029#d2#p1#r5""]",3,10,7
ep_d8e6b3fb0a25e685,mol_9eafc8e78e05bf3c,grp_5dea7427c65d07c7,train,10.1016/j.fluid.2018.05.032,10.1016/j.fluid.2018.05.032#d12#p1,5000,293.14,342.94,49.8,12,3,4,True,"[""10.1016/j.fluid.2018.05.032#d12#p1#r34"",""10.1016/j.fluid.2018.05.032#d12#p1#r37"",""10.1016/j.fluid.2018.05.032#d12#p1#r40""]","[""10.1016/j.fluid.2018.05.032#d12#p1#r1"",""10.1016/j.fluid.2018.05.032#d12#p1#r13"",""10.1016/j.fluid.2018.05.032#d12#p1#r14"",""10.1016/j.fluid.2018.05.032#d12#p1#r15"",""10.1016/j.fluid.2018.05.032#d12#p1#r16"",""10.1016/j.fluid.2018.05.032#d12#p1#r17"",""10.1016/j.fluid.2018.05.032#d12#p1#r18"",""10.1016/j.fluid.2018.05.032#d12#p1#r19"",""10.1016/j.fluid.2018.05.032#d12#p1#r20"",""10.1016/j.fluid.2018.05.032#d12#p1#r21"",""10.1016/j.fluid.2018.05.032#d12#p1#r4"",""10.1016/j.fluid.2018.05.032#d12#p1#r5"",""10.1016/j.fluid.2018.05.032#d12#p1#r7"",""10.1016/j.fluid.2018.05.032#d12#p1#r8"",""10.1016/j.fluid.2018.05.032#d12#p1#r9""]",3,15,4
ep_d8f78307be126982,mol_80db9b4fc382b414,grp_5dea7427c65d07c7,train,10.1021/je500784s,10.1021/je500784s#d7#p1,5000,301.9,335.3,33.4,17,5,5,True,"[""10.1021/je500784s#d7#p1#r13"",""10.1021/je500784s#d7#p1#r15"",""10.1021/je500784s#d7#p1#r17""]","[""10.1021/je500784s#d7#p1#r1"",""10.1021/je500784s#d7#p1#r2"",""10.1021/je500784s#d7#p1#r3"",""10.1021/je500784s#d7#p1#r4"",""10.1021/je500784s#d7#p1#r5""]",3,5,5
ep_d95f860ad9973d61,mol_177310732327f8e6,grp_5dea7427c65d07c7,train,10.1021/je0602418,10.1021/je0602418#d23#p1,5000,318.2,373.8,55.6,22,7,7,True,"[""10.1021/je0602418#d23#p1#r30"",""10.1021/je0602418#d23#p1#r35"",""10.1021/je0602418#d23#p1#r40""]","[""10.1021/je0602418#d23#p1#r10"",""10.1021/je0602418#d23#p1#r11"",""10.1021/je0602418#d23#p1#r12"",""10.1021/je0602418#d23#p1#r13"",""10.1021/je0602418#d23#p1#r14"",""10.1021/je0602418#d23#p1#r15"",""10.1021/je0602418#d23#p1#r16"",""10.1021/je0602418#d23#p1#r17"",""10.1021/je0602418#d23#p1#r6"",""10.1021/je0602418#d23#p1#r7"",""10.1021/je0602418#d23#p1#r8"",""10.1021/je0602418#d23#p1#r9""]",3,12,7
ep_d9616658b0e37167,mol_4eadf0af1849f947,grp_5dea7427c65d07c7,train,10.1021/je0255980,10.1021/je0255980#d7#p1,5000,274.2,308.2,34,16,5,5,True,"[""10.1021/je0255980#d7#p1#r15"",""10.1021/je0255980#d7#p1#r18"",""10.1021/je0255980#d7#p1#r20""]","[""10.1021/je0255980#d7#p1#r1"",""10.1021/je0255980#d7#p1#r2"",""10.1021/je0255980#d7#p1#r3"",""10.1021/je0255980#d7#p1#r4"",""10.1021/je0255980#d7#p1#r5"",""10.1021/je0255980#d7#p1#r6"",""10.1021/je0255980#d7#p1#r7""]",3,7,5
ep_d9d803a5c58db1fa,mol_2850223b4ba7abbb,grp_5dea7427c65d07c7,train,10.1016/j.fluid.2012.08.003,10.1016/j.fluid.2012.08.003#d1#p1,5000,274.25,313.3,39.05,13,5,5,True,"[""10.1016/j.fluid.2012.08.003#d1#p1#r12"",""10.1016/j.fluid.2012.08.003#d1#p1#r14"",""10.1016/j.fluid.2012.08.003#d1#p1#r16""]","[""10.1016/j.fluid.2012.08.003#d1#p1#r1"",""10.1016/j.fluid.2012.08.003#d1#p1#r2"",""10.1016/j.fluid.2012.08.003#d1#p1#r3"",""10.1016/j.fluid.2012.08.003#d1#p1#r4"",""10.1016/j.fluid.2012.08.003#d1#p1#r5"",""10.1016/j.fluid.2012.08.003#d1#p1#r6"",""10.1016/j.fluid.2012.08.003#d1#p1#r7"",""10.1016/j.fluid.2012.08.003#d1#p1#r8""]",3,8,5
ep_d9f20379b14339c9,mol_766e4af517e1fbbc,grp_fba476a25f980753,test,10.1021/je5008795,10.1021/je5008795#d33#p1,5000,290.3,328.2,37.9,15,5,5,True,"[""10.1021/je5008795#d33#p1#r12"",""10.1021/je5008795#d33#p1#r14"",""10.1021/je5008795#d33#p1#r17""]","[""10.1021/je5008795#d33#p1#r1"",""10.1021/je5008795#d33#p1#r2"",""10.1021/je5008795#d33#p1#r3"",""10.1021/je5008795#d33#p1#r4"",""10.1021/je5008795#d33#p1#r5"",""10.1021/je5008795#d33#p1#r6""]",3,6,5
ep_db474ef616ce7bff,mol_7d567108b50dd650,grp_4099771604350c09,test,10.1021/je200336c,10.1021/je200336c#d3#p1,5000,303.3,354.2,50.9,25,10,6,True,"[""10.1021/je200336c#d3#p1#r16"",""10.1021/je200336c#d3#p1#r21"",""10.1021/je200336c#d3#p1#r26""]","[""10.1021/je200336c#d3#p1#r1"",""10.1021/je200336c#d3#p1#r2"",""10.1021/je200336c#d3#p1#r3"",""10.1021/je200336c#d3#p1#r4"",""10.1021/je200336c#d3#p1#r5"",""10.1021/je200336c#d3#p1#r6""]",3,6,6
ep_dc447fb0b4610f80,mol_853d5f3f7f788765,grp_5dea7427c65d07c7,train,10.1021/je100231g,10.1021/je100231g#d11#p1,5000,293.4,358.2,64.8,48,10,12,True,"[""10.1021/je100231g#d11#p1#r44"",""10.1021/je100231g#d11#p1#r48"",""10.1021/je100231g#d11#p1#r54""]","[""10.1021/je100231g#d11#p1#r10"",""10.1021/je100231g#d11#p1#r11"",""10.1021/je100231g#d11#p1#r12"",""10.1021/je100231g#d11#p1#r13"",""10.1021/je100231g#d11#p1#r14"",""10.1021/je100231g#d11#p1#r15"",""10.1021/je100231g#d11#p1#r2"",""10.1021/je100231g#d11#p1#r3"",""10.1021/je100231g#d11#p1#r4"",""10.1021/je100231g#d11#p1#r5"",""10.1021/je100231g#d11#p1#r6"",""10.1021/je100231g#d11#p1#r7"",""10.1021/je100231g#d11#p1#r8"",""10.1021/je100231g#d11#p1#r9""]",3,14,12
ep_dd6f5bd1fad936b3,mol_fcedfc9cfdf2681b,grp_5dea7427c65d07c7,train,10.1021/je060406c,10.1021/je060406c#d3#p1,5000,293.2,343,49.8,11,4,3,True,"[""10.1021/je060406c#d3#p1#r8"",""10.1021/je060406c#d3#p1#r9"",""10.1021/je060406c#d3#p1#r11""]","[""10.1021/je060406c#d3#p1#r1"",""10.1021/je060406c#d3#p1#r2"",""10.1021/je060406c#d3#p1#r3""]",3,3,3
ep_ddf57357e3ded1b8,mol_817b4cbdae424a61,grp_5dea7427c65d07c7,train,10.1016/j.jct.2006.06.010,10.1016/j.jct.2006.06.010#d1#p1,5000,278.4,353.2,74.8,30,10,10,True,"[""10.1016/j.jct.2006.06.010#d1#p1#r37"",""10.1016/j.jct.2006.06.010#d1#p1#r46"",""10.1016/j.jct.2006.06.010#d1#p1#r51""]","[""10.1016/j.jct.2006.06.010#d1#p1#r1"",""10.1016/j.jct.2006.06.010#d1#p1#r10"",""10.1016/j.jct.2006.06.010#d1#p1#r11"",""10.1016/j.jct.2006.06.010#d1#p1#r12"",""10.1016/j.jct.2006.06.010#d1#p1#r13"",""10.1016/j.jct.2006.06.010#d1#p1#r14"",""10.1016/j.jct.2006.06.010#d1#p1#r15"",""10.1016/j.jct.2006.06.010#d1#p1#r2"",""10.1016/j.jct.2006.06.010#d1#p1#r3"",""10.1016/j.jct.2006.06.010#d1#p1#r4"",""10.1016/j.jct.2006.06.010#d1#p1#r5"",""10.1016/j.jct.2006.06.010#d1#p1#r6"",""10.1016/j.jct.2006.06.010#d1#p1#r7"",""10.1016/j.jct.2006.06.010#d1#p1#r8"",""10.1016/j.jct.2006.06.010#d1#p1#r9""]",3,15,10
ep_de088226e7202ae8,mol_f032c9190b133ea0,grp_4099771604350c09,test,10.1021/je200336c,10.1021/je200336c#d6#p1,5000,293.5,363,69.5,29,5,13,True,"[""10.1021/je200336c#d6#p1#r28"",""10.1021/je200336c#d6#p1#r30"",""10.1021/je200336c#d6#p1#r32""]","[""10.1021/je200336c#d6#p1#r1"",""10.1021/je200336c#d6#p1#r10"",""10.1021/je200336c#d6#p1#r11"",""10.1021/je200336c#d6#p1#r12"",""10.1021/je200336c#d6#p1#r13"",""10.1021/je200336c#d6#p1#r14"",""10.1021/je200336c#d6#p1#r2"",""10.1021/je200336c#d6#p1#r3"",""10.1021/je200336c#d6#p1#r4"",""10.1021/je200336c#d6#p1#r5"",""10.1021/je200336c#d6#p1#r6"",""10.1021/je200336c#d6#p1#r7"",""10.1021/je200336c#d6#p1#r8"",""10.1021/je200336c#d6#p1#r9""]",3,14,13
ep_de3b3680c8b54044,mol_61fcafdd88a47b4b,grp_5dea7427c65d07c7,train,10.1016/j.jct.2011.06.008,10.1016/j.jct.2011.06.008#d8#p1,5000,318.1,356.6,38.5,29,5,12,True,"[""10.1016/j.jct.2011.06.008#d8#p1#r26"",""10.1016/j.jct.2011.06.008#d8#p1#r28"",""10.1016/j.jct.2011.06.008#d8#p1#r30""]","[""10.1016/j.jct.2011.06.008#d8#p1#r1"",""10.1016/j.jct.2011.06.008#d8#p1#r10"",""10.1016/j.jct.2011.06.008#d8#p1#r11"",""10.1016/j.jct.2011.06.008#d8#p1#r12"",""10.1016/j.jct.2011.06.008#d8#p1#r13"",""10.1016/j.jct.2011.06.008#d8#p1#r2"",""10.1016/j.jct.2011.06.008#d8#p1#r3"",""10.1016/j.jct.2011.06.008#d8#p1#r4"",""10.1016/j.jct.2011.06.008#d8#p1#r5"",""10.1016/j.jct.2011.06.008#d8#p1#r6"",""10.1016/j.jct.2011.06.008#d8#p1#r7"",""10.1016/j.jct.2011.06.008#d8#p1#r8"",""10.1016/j.jct.2011.06.008#d8#p1#r9""]",3,13,12
ep_df70524ea0b8cfd7,mol_3deaee44f66bb29c,grp_3deaee44f66bb29c,train,10.1016/j.jct.2008.01.009,10.1016/j.jct.2008.01.009#d15#p1,5000,289.999,369.98,79.981,10,4,3,True,"[""10.1016/j.jct.2008.01.009#d15#p1#r7"",""10.1016/j.jct.2008.01.009#d15#p1#r8"",""10.1016/j.jct.2008.01.009#d15#p1#r10""]","[""10.1016/j.jct.2008.01.009#d15#p1#r1"",""10.1016/j.jct.2008.01.009#d15#p1#r2"",""10.1016/j.jct.2008.01.009#d15#p1#r3""]",3,3,3
ep_dfb8545b419338b7,mol_3e3fe40dbc9b9649,grp_5ed1239f1de5ca2c,validation,10.1016/j.jct.2014.04.026,10.1016/j.jct.2014.04.026#d7#p1,5000,253.9,293.27,39.37,21,6,7,True,"[""10.1016/j.jct.2014.04.026#d7#p1#r16"",""10.1016/j.jct.2014.04.026#d7#p1#r18"",""10.1016/j.jct.2014.04.026#d7#p1#r21""]","[""10.1016/j.jct.2014.04.026#d7#p1#r1"",""10.1016/j.jct.2014.04.026#d7#p1#r2"",""10.1016/j.jct.2014.04.026#d7#p1#r3"",""10.1016/j.jct.2014.04.026#d7#p1#r4"",""10.1016/j.jct.2014.04.026#d7#p1#r5"",""10.1016/j.jct.2014.04.026#d7#p1#r6"",""10.1016/j.jct.2014.04.026#d7#p1#r7""]",3,7,7
ep_e01447614a86cbf8,mol_358e3bc57d6b1ebf,grp_358e3bc57d6b1ebf,validation,10.1016/j.jct.2015.03.011,10.1016/j.jct.2015.03.011#d2#p1,5000,276,308.7,32.7,23,7,9,True,"[""10.1016/j.jct.2015.03.011#d2#p1#r19"",""10.1016/j.jct.2015.03.011#d2#p1#r22"",""10.1016/j.jct.2015.03.011#d2#p1#r25""]","[""10.1016/j.jct.2015.03.011#d2#p1#r1"",""10.1016/j.jct.2015.03.011#d2#p1#r10"",""10.1016/j.jct.2015.03.011#d2#p1#r11"",""10.1016/j.jct.2015.03.011#d2#p1#r2"",""10.1016/j.jct.2015.03.011#d2#p1#r3"",""10.1016/j.jct.2015.03.011#d2#p1#r4"",""10.1016/j.jct.2015.03.011#d2#p1#r5"",""10.1016/j.jct.2015.03.011#d2#p1#r6"",""10.1016/j.jct.2015.03.011#d2#p1#r7"",""10.1016/j.jct.2015.03.011#d2#p1#r8"",""10.1016/j.jct.2015.03.011#d2#p1#r9""]",3,11,9
ep_e0ff07fcd971c300,mol_7f19e9b39a1de529,grp_bcf7dc086ea12992,test,10.1021/je060224i,10.1021/je060224i#d1#p1,5000,307.15,337.15,30,16,5,5,True,"[""10.1021/je060224i#d1#p1#r12"",""10.1021/je060224i#d1#p1#r14"",""10.1021/je060224i#d1#p1#r16""]","[""10.1021/je060224i#d1#p1#r1"",""10.1021/je060224i#d1#p1#r2"",""10.1021/je060224i#d1#p1#r3"",""10.1021/je060224i#d1#p1#r4"",""10.1021/je060224i#d1#p1#r5""]",3,5,5
ep_e1845b6816acf8a9,mol_ed685a6001d3930a,grp_5ed1239f1de5ca2c,validation,10.1016/j.jct.2018.07.020,10.1016/j.jct.2018.07.020#d16#p1,5000,294.2,360.8,66.6,14,4,5,True,"[""10.1016/j.jct.2018.07.020#d16#p1#r11"",""10.1016/j.jct.2018.07.020#d16#p1#r12"",""10.1016/j.jct.2018.07.020#d16#p1#r14""]","[""10.1016/j.jct.2018.07.020#d16#p1#r1"",""10.1016/j.jct.2018.07.020#d16#p1#r2"",""10.1016/j.jct.2018.07.020#d16#p1#r3"",""10.1016/j.jct.2018.07.020#d16#p1#r4"",""10.1016/j.jct.2018.07.020#d16#p1#r5""]",3,5,5
ep_e1ff1a29a7b1b5bd,mol_c43b0ee134e86771,grp_5dea7427c65d07c7,train,10.1021/je800603z,10.1021/je800603z#d3#p1,5000,273.26,351.79,78.53,9,3,3,True,"[""10.1021/je800603z#d3#p1#r7"",""10.1021/je800603z#d3#p1#r8"",""10.1021/je800603z#d3#p1#r9""]","[""10.1021/je800603z#d3#p1#r1"",""10.1021/je800603z#d3#p1#r2"",""10.1021/je800603z#d3#p1#r3""]",3,3,3
ep_e2c3df6a42bc9600,mol_7982e06cefd90b4f,grp_d2426a225a128b74,train,10.1021/je034263v,10.1021/je034263v#d5#p1,5000,377.15,431.35,54.2,13,5,4,True,"[""10.1021/je034263v#d5#p1#r9"",""10.1021/je034263v#d5#p1#r11"",""10.1021/je034263v#d5#p1#r13""]","[""10.1021/je034263v#d5#p1#r1"",""10.1021/je034263v#d5#p1#r2"",""10.1021/je034263v#d5#p1#r3"",""10.1021/je034263v#d5#p1#r4""]",3,4,4
ep_e3dd44f4316774d1,mol_7a83f5f0134a6504,grp_5dea7427c65d07c7,train,10.1021/acs.jced.6b00576,10.1021/acs.jced.6b00576#d28#p1,5000,284.35,320.88,36.53,15,4,6,True,"[""10.1021/acs.jced.6b00576#d28#p1#r14"",""10.1021/acs.jced.6b00576#d28#p1#r15"",""10.1021/acs.jced.6b00576#d28#p1#r17""]","[""10.1021/acs.jced.6b00576#d28#p1#r1"",""10.1021/acs.jced.6b00576#d28#p1#r2"",""10.1021/acs.jced.6b00576#d28#p1#r3"",""10.1021/acs.jced.6b00576#d28#p1#r4"",""10.1021/acs.jced.6b00576#d28#p1#r5"",""10.1021/acs.jced.6b00576#d28#p1#r6"",""10.1021/acs.jced.6b00576#d28#p1#r7""]",3,7,6
ep_e53f05a18377b9b7,mol_a69950d65071f1d9,grp_554ad3ddcfbe3579,test,10.1016/j.jct.2011.05.004,10.1016/j.jct.2011.05.004#d3#p1,5000,312.5,366.2,53.7,28,6,8,True,"[""10.1016/j.jct.2011.05.004#d3#p1#r34"",""10.1016/j.jct.2011.05.004#d3#p1#r36"",""10.1016/j.jct.2011.05.004#d3#p1#r39""]","[""10.1016/j.jct.2011.05.004#d3#p1#r10"",""10.1016/j.jct.2011.05.004#d3#p1#r11"",""10.1016/j.jct.2011.05.004#d3#p1#r12"",""10.1016/j.jct.2011.05.004#d3#p1#r13"",""10.1016/j.jct.2011.05.004#d3#p1#r14"",""10.1016/j.jct.2011.05.004#d3#p1#r15"",""10.1016/j.jct.2011.05.004#d3#p1#r16"",""10.1016/j.jct.2011.05.004#d3#p1#r17"",""10.1016/j.jct.2011.05.004#d3#p1#r18"",""10.1016/j.jct.2011.05.004#d3#p1#r9""]",3,10,8
ep_e600c1fcb53eb8cf,mol_d55f9f8651b87aeb,grp_a2fcc12936d735c8,train,10.1016/j.fluid.2019.03.004,10.1016/j.fluid.2019.03.004#d4#p1,5000,313.2,358.1,44.9,20,6,7,True,"[""10.1016/j.fluid.2019.03.004#d4#p1#r15"",""10.1016/j.fluid.2019.03.004#d4#p1#r17"",""10.1016/j.fluid.2019.03.004#d4#p1#r20""]","[""10.1016/j.fluid.2019.03.004#d4#p1#r1"",""10.1016/j.fluid.2019.03.004#d4#p1#r2"",""10.1016/j.fluid.2019.03.004#d4#p1#r3"",""10.1016/j.fluid.2019.03.004#d4#p1#r4"",""10.1016/j.fluid.2019.03.004#d4#p1#r5"",""10.1016/j.fluid.2019.03.004#d4#p1#r6"",""10.1016/j.fluid.2019.03.004#d4#p1#r7""]",3,7,7
ep_e6696f89279245ea,mol_f614151f22d755d7,grp_8485db366cf61c1d,train,10.1016/j.fluid.2008.04.016,10.1016/j.fluid.2008.04.016#d2#p1,5000,352.15,382.65,30.5,16,4,5,True,"[""10.1016/j.fluid.2008.04.016#d2#p1#r13"",""10.1016/j.fluid.2008.04.016#d2#p1#r14"",""10.1016/j.fluid.2008.04.016#d2#p1#r16""]","[""10.1016/j.fluid.2008.04.016#d2#p1#r1"",""10.1016/j.fluid.2008.04.016#d2#p1#r2"",""10.1016/j.fluid.2008.04.016#d2#p1#r3"",""10.1016/j.fluid.2008.04.016#d2#p1#r4"",""10.1016/j.fluid.2008.04.016#d2#p1#r5""]",3,5,5
ep_e7181a69efad18da,mol_a64b8a3e542d0885,grp_5dea7427c65d07c7,train,10.1016/j.jct.2015.08.023,10.1016/j.jct.2015.08.023#d1#p1,5000,273,333.23,60.23,11,3,4,True,"[""10.1016/j.jct.2015.08.023#d1#p1#r37"",""10.1016/j.jct.2015.08.023#d1#p1#r6"",""10.1016/j.jct.2015.08.023#d1#p1#r8""]","[""10.1016/j.jct.2015.08.023#d1#p1#r1"",""10.1016/j.jct.2015.08.023#d1#p1#r2"",""10.1016/j.jct.2015.08.023#d1#p1#r32"",""10.1016/j.jct.2015.08.023#d1#p1#r33""]",3,4,4
ep_e7585c8bfc42aacf,mol_07c782a462a50ac6,grp_5dea7427c65d07c7,train,10.1016/j.jct.2011.06.008,10.1016/j.jct.2011.06.008#d14#p1,5000,318.1,365.7,47.6,26,8,7,True,"[""10.1016/j.jct.2011.06.008#d14#p1#r29"",""10.1016/j.jct.2011.06.008#d14#p1#r33"",""10.1016/j.jct.2011.06.008#d14#p1#r38""]","[""10.1016/j.jct.2011.06.008#d14#p1#r1"",""10.1016/j.jct.2011.06.008#d14#p1#r10"",""10.1016/j.jct.2011.06.008#d14#p1#r11"",""10.1016/j.jct.2011.06.008#d14#p1#r2"",""10.1016/j.jct.2011.06.008#d14#p1#r3"",""10.1016/j.jct.2011.06.008#d14#p1#r4"",""10.1016/j.jct.2011.06.008#d14#p1#r5"",""10.1016/j.jct.2011.06.008#d14#p1#r6"",""10.1016/j.jct.2011.06.008#d14#p1#r7"",""10.1016/j.jct.2011.06.008#d14#p1#r8"",""10.1016/j.jct.2011.06.008#d14#p1#r9""]",3,11,7
ep_e77ddd5c929f376e,mol_61b46555e0b3cc39,grp_9a6e5ce866866615,validation,10.1016/j.fluid.2012.08.020,10.1016/j.fluid.2012.08.020#d14#p1,5000,323,361.3,38.3,16,5,5,True,"[""10.1016/j.fluid.2012.08.020#d14#p1#r12"",""10.1016/j.fluid.2012.08.020#d14#p1#r14"",""10.1016/j.fluid.2012.08.020#d14#p1#r16""]","[""10.1016/j.fluid.2012.08.020#d14#p1#r1"",""10.1016/j.fluid.2012.08.020#d14#p1#r2"",""10.1016/j.fluid.2012.08.020#d14#p1#r3"",""10.1016/j.fluid.2012.08.020#d14#p1#r4"",""10.1016/j.fluid.2012.08.020#d14#p1#r5""]",3,5,5
ep_e78914e4bc95507f,mol_71d5b9a9d56bd487,grp_5dea7427c65d07c7,train,10.1016/j.jct.2014.04.022,10.1016/j.jct.2014.04.022#d1#p1,5000,253.15,308.15,55,13,4,4,True,"[""10.1016/j.jct.2014.04.022#d1#p1#r37"",""10.1016/j.jct.2014.04.022#d1#p1#r40"",""10.1016/j.jct.2014.04.022#d1#p1#r46""]","[""10.1016/j.jct.2014.04.022#d1#p1#r10"",""10.1016/j.jct.2014.04.022#d1#p1#r13"",""10.1016/j.jct.2014.04.022#d1#p1#r16"",""10.1016/j.jct.2014.04.022#d1#p1#r17"",""10.1016/j.jct.2014.04.022#d1#p1#r19"",""10.1016/j.jct.2014.04.022#d1#p1#r20""]",3,6,4
ep_e8330793125bac8d,mol_124c5d93a23a9e5f,grp_5dea7427c65d07c7,train,10.1021/je100231g,10.1021/je100231g#d15#p1,5000,333.3,373.2,39.9,9,3,3,True,"[""10.1021/je100231g#d15#p1#r11"",""10.1021/je100231g#d15#p1#r12"",""10.1021/je100231g#d15#p1#r13""]","[""10.1021/je100231g#d15#p1#r5"",""10.1021/je100231g#d15#p1#r6"",""10.1021/je100231g#d15#p1#r7""]",3,3,3
ep_e8a4661173ece8bb,mol_cdd9b2a6aac67d70,grp_5dea7427c65d07c7,train,10.1016/j.jct.2010.07.008,10.1016/j.jct.2010.07.008#d1#p1,5000,283.15,373.1,89.95,10,3,3,True,"[""10.1016/j.jct.2010.07.008#d1#p1#r8"",""10.1016/j.jct.2010.07.008#d1#p1#r9"",""10.1016/j.jct.2010.07.008#d1#p1#r10""]","[""10.1016/j.jct.2010.07.008#d1#p1#r1"",""10.1016/j.jct.2010.07.008#d1#p1#r2"",""10.1016/j.jct.2010.07.008#d1#p1#r3""]",3,3,3
ep_e93aed5c3a0162b7,mol_6175878e18979484,grp_5dea7427c65d07c7,train,10.1016/j.tca.2018.07.016,10.1016/j.tca.2018.07.016#d3#p1,5000,274.6,323.4,48.8,11,4,4,True,"[""10.1016/j.tca.2018.07.016#d3#p1#r8"",""10.1016/j.tca.2018.07.016#d3#p1#r9"",""10.1016/j.tca.2018.07.016#d3#p1#r11""]","[""10.1016/j.tca.2018.07.016#d3#p1#r1"",""10.1016/j.tca.2018.07.016#d3#p1#r2"",""10.1016/j.tca.2018.07.016#d3#p1#r3"",""10.1016/j.tca.2018.07.016#d3#p1#r4""]",3,4,4
ep_ea4173404f53c2b7,mol_9b7afa095d460867,grp_9b7afa095d460867,validation,10.1016/j.jct.2013.03.005,10.1016/j.jct.2013.03.005#d4#p1,5000,362.69,400.3,37.61,20,6,6,True,"[""10.1016/j.jct.2013.03.005#d4#p1#r15"",""10.1016/j.jct.2013.03.005#d4#p1#r17"",""10.1016/j.jct.2013.03.005#d4#p1#r20""]","[""10.1016/j.jct.2013.03.005#d4#p1#r1"",""10.1016/j.jct.2013.03.005#d4#p1#r2"",""10.1016/j.jct.2013.03.005#d4#p1#r3"",""10.1016/j.jct.2013.03.005#d4#p1#r4"",""10.1016/j.jct.2013.03.005#d4#p1#r5"",""10.1016/j.jct.2013.03.005#d4#p1#r6""]",3,6,6
ep_ea4f58050fbb3a9d,mol_d33c3680c5c0ca0a,grp_5dea7427c65d07c7,train,10.1021/je700371w,10.1021/je700371w#d2#p1,5000,328.7,398.46,69.76,14,3,5,True,"[""10.1021/je700371w#d2#p1#r12"",""10.1021/je700371w#d2#p1#r13"",""10.1021/je700371w#d2#p1#r14""]","[""10.1021/je700371w#d2#p1#r1"",""10.1021/je700371w#d2#p1#r2"",""10.1021/je700371w#d2#p1#r3"",""10.1021/je700371w#d2#p1#r4"",""10.1021/je700371w#d2#p1#r5""]",3,5,5
ep_ec5f77f33298bde0,mol_fd8c11940511c457,grp_5dea7427c65d07c7,train,10.1021/je500784s,10.1021/je500784s#d16#p1,5000,284.5,333.4,48.9,20,6,5,True,"[""10.1021/je500784s#d16#p1#r15"",""10.1021/je500784s#d16#p1#r17"",""10.1021/je500784s#d16#p1#r20""]","[""10.1021/je500784s#d16#p1#r1"",""10.1021/je500784s#d16#p1#r2"",""10.1021/je500784s#d16#p1#r3"",""10.1021/je500784s#d16#p1#r4"",""10.1021/je500784s#d16#p1#r5""]",3,5,5
ep_edff4d4f6ed586e8,mol_4b509cb5dad13c84,grp_ee24c20719261d11,validation,10.1016/j.jct.2013.01.009,10.1016/j.jct.2013.01.009#d1#p1,5000,253.19,308.175,54.985,12,4,4,True,"[""10.1016/j.jct.2013.01.009#d1#p1#r31"",""10.1016/j.jct.2013.01.009#d1#p1#r34"",""10.1016/j.jct.2013.01.009#d1#p1#r40""]","[""10.1016/j.jct.2013.01.009#d1#p1#r10"",""10.1016/j.jct.2013.01.009#d1#p1#r11"",""10.1016/j.jct.2013.01.009#d1#p1#r12"",""10.1016/j.jct.2013.01.009#d1#p1#r13"",""10.1016/j.jct.2013.01.009#d1#p1#r16"",""10.1016/j.jct.2013.01.009#d1#p1#r17"",""10.1016/j.jct.2013.01.009#d1#p1#r18"",""10.1016/j.jct.2013.01.009#d1#p1#r7"",""10.1016/j.jct.2013.01.009#d1#p1#r8""]",3,9,4
ep_ee4e21b023770332,mol_ea2566e6eed8815a,grp_554ad3ddcfbe3579,test,10.1016/j.jct.2011.05.004,10.1016/j.jct.2011.05.004#d1#p1,5000,279.1,341,61.9,23,8,6,True,"[""10.1016/j.jct.2011.05.004#d1#p1#r16"",""10.1016/j.jct.2011.05.004#d1#p1#r19"",""10.1016/j.jct.2011.05.004#d1#p1#r23""]","[""10.1016/j.jct.2011.05.004#d1#p1#r1"",""10.1016/j.jct.2011.05.004#d1#p1#r2"",""10.1016/j.jct.2011.05.004#d1#p1#r3"",""10.1016/j.jct.2011.05.004#d1#p1#r4"",""10.1016/j.jct.2011.05.004#d1#p1#r5"",""10.1016/j.jct.2011.05.004#d1#p1#r6""]",3,6,6
ep_ef3305a9b3248647,mol_3f0db888fe369723,grp_5dea7427c65d07c7,train,10.1021/je100231g,10.1021/je100231g#d12#p1,5000,303.2,369.2,66,20,5,4,True,"[""10.1021/je100231g#d12#p1#r16"",""10.1021/je100231g#d12#p1#r18"",""10.1021/je100231g#d12#p1#r20""]","[""10.1021/je100231g#d12#p1#r1"",""10.1021/je100231g#d12#p1#r2"",""10.1021/je100231g#d12#p1#r3"",""10.1021/je100231g#d12#p1#r4""]",3,4,4
ep_efd2e7a57ae42d4f,mol_ae779d08ee6209ad,grp_8485db366cf61c1d,train,10.1016/j.fluid.2008.04.016,10.1016/j.fluid.2008.04.016#d3#p1,5000,308.25,358.15,49.9,21,6,7,True,"[""10.1016/j.fluid.2008.04.016#d3#p1#r16"",""10.1016/j.fluid.2008.04.016#d3#p1#r18"",""10.1016/j.fluid.2008.04.016#d3#p1#r21""]","[""10.1016/j.fluid.2008.04.016#d3#p1#r1"",""10.1016/j.fluid.2008.04.016#d3#p1#r2"",""10.1016/j.fluid.2008.04.016#d3#p1#r3"",""10.1016/j.fluid.2008.04.016#d3#p1#r4"",""10.1016/j.fluid.2008.04.016#d3#p1#r5"",""10.1016/j.fluid.2008.04.016#d3#p1#r6"",""10.1016/j.fluid.2008.04.016#d3#p1#r7""]",3,7,7
ep_efdc1840095bfd91,mol_41941ac4285969b3,grp_41941ac4285969b3,train,10.1021/je700546r,10.1021/je700546r#d27#p1,5000,364.6,394.9,30.3,15,3,6,True,"[""10.1021/je700546r#d27#p1#r10"",""10.1021/je700546r#d27#p1#r11"",""10.1021/je700546r#d27#p1#r12""]","[""10.1021/je700546r#d27#p1#r1"",""10.1021/je700546r#d27#p1#r13"",""10.1021/je700546r#d27#p1#r14"",""10.1021/je700546r#d27#p1#r15"",""10.1021/je700546r#d27#p1#r2"",""10.1021/je700546r#d27#p1#r3"",""10.1021/je700546r#d27#p1#r4""]",3,7,6
ep_f0d0d161c7c25ba7,mol_9cc087861df9b063,grp_5dea7427c65d07c7,train,10.1016/j.jct.2018.08.025,10.1016/j.jct.2018.08.025#d2#p1,5000,292.98,362.95,69.97,9,4,3,True,"[""10.1016/j.jct.2018.08.025#d2#p1#r10"",""10.1016/j.jct.2018.08.025#d2#p1#r11"",""10.1016/j.jct.2018.08.025#d2#p1#r15""]","[""10.1016/j.jct.2018.08.025#d2#p1#r1"",""10.1016/j.jct.2018.08.025#d2#p1#r3"",""10.1016/j.jct.2018.08.025#d2#p1#r4"",""10.1016/j.jct.2018.08.025#d2#p1#r5""]",3,4,3
ep_f123a4b3caa38c4e,mol_06fbc6cb23a1cc98,grp_5dea7427c65d07c7,train,10.1021/je0497799,10.1021/je0497799#d3#p1,5000,282.2,323.6,41.4,18,5,5,True,"[""10.1021/je0497799#d3#p1#r14"",""10.1021/je0497799#d3#p1#r16"",""10.1021/je0497799#d3#p1#r18""]","[""10.1021/je0497799#d3#p1#r1"",""10.1021/je0497799#d3#p1#r2"",""10.1021/je0497799#d3#p1#r3"",""10.1021/je0497799#d3#p1#r4"",""10.1021/je0497799#d3#p1#r5""]",3,5,5
ep_f12a74f936b7a23a,mol_4f08598a1604d2a7,grp_5dea7427c65d07c7,train,10.1016/j.fluid.2014.11.026,10.1016/j.fluid.2014.11.026#d3#p1,5000,283.86,327.32,43.46,23,8,7,True,"[""10.1016/j.fluid.2014.11.026#d3#p1#r26"",""10.1016/j.fluid.2014.11.026#d3#p1#r4"",""10.1016/j.fluid.2014.11.026#d3#p1#r23""]","[""10.1016/j.fluid.2014.11.026#d3#p1#r10"",""10.1016/j.fluid.2014.11.026#d3#p1#r11"",""10.1016/j.fluid.2014.11.026#d3#p1#r12"",""10.1016/j.fluid.2014.11.026#d3#p1#r13"",""10.1016/j.fluid.2014.11.026#d3#p1#r14"",""10.1016/j.fluid.2014.11.026#d3#p1#r15"",""10.1016/j.fluid.2014.11.026#d3#p1#r16"",""10.1016/j.fluid.2014.11.026#d3#p1#r30"",""10.1016/j.fluid.2014.11.026#d3#p1#r31"",""10.1016/j.fluid.2014.11.026#d3#p1#r32"",""10.1016/j.fluid.2014.11.026#d3#p1#r33"",""10.1016/j.fluid.2014.11.026#d3#p1#r34"",""10.1016/j.fluid.2014.11.026#d3#p1#r35"",""10.1016/j.fluid.2014.11.026#d3#p1#r49"",""10.1016/j.fluid.2014.11.026#d3#p1#r50"",""10.1016/j.fluid.2014.11.026#d3#p1#r51"",""10.1016/j.fluid.2014.11.026#d3#p1#r52"",""10.1016/j.fluid.2014.11.026#d3#p1#r53"",""10.1016/j.fluid.2014.11.026#d3#p1#r9""]",3,19,7
ep_f17dbdb97d23b9dd,mol_cf0b37e316ba5ed0,grp_d765adb1eb55a46a,validation,10.1021/je301333b,10.1021/je301333b#d21#p1,5000,278.15,333.15,55,12,4,4,True,"[""10.1021/je301333b#d21#p1#r9"",""10.1021/je301333b#d21#p1#r10"",""10.1021/je301333b#d21#p1#r12""]","[""10.1021/je301333b#d21#p1#r1"",""10.1021/je301333b#d21#p1#r2"",""10.1021/je301333b#d21#p1#r3"",""10.1021/je301333b#d21#p1#r4""]",3,4,4
ep_f1dafaf485f62155,mol_440a94c527338aad,grp_5dea7427c65d07c7,train,10.1021/acs.jced.6b00576,10.1021/acs.jced.6b00576#d12#p1,5000,274.39,319.47,45.08,18,5,7,True,"[""10.1021/acs.jced.6b00576#d12#p1#r15"",""10.1021/acs.jced.6b00576#d12#p1#r18"",""10.1021/acs.jced.6b00576#d12#p1#r20""]","[""10.1021/acs.jced.6b00576#d12#p1#r1"",""10.1021/acs.jced.6b00576#d12#p1#r2"",""10.1021/acs.jced.6b00576#d12#p1#r3"",""10.1021/acs.jced.6b00576#d12#p1#r4"",""10.1021/acs.jced.6b00576#d12#p1#r5"",""10.1021/acs.jced.6b00576#d12#p1#r6"",""10.1021/acs.jced.6b00576#d12#p1#r7""]",3,7,7
ep_f27401925010251d,mol_916b454c615e7792,grp_fd910654208f838e,validation,10.1016/j.jct.2014.06.002,10.1016/j.jct.2014.06.002#d5#p1,5000,382.7,423.7,41,20,7,5,True,"[""10.1016/j.jct.2014.06.002#d5#p1#r14"",""10.1016/j.jct.2014.06.002#d5#p1#r17"",""10.1016/j.jct.2014.06.002#d5#p1#r20""]","[""10.1016/j.jct.2014.06.002#d5#p1#r1"",""10.1016/j.jct.2014.06.002#d5#p1#r2"",""10.1016/j.jct.2014.06.002#d5#p1#r3"",""10.1016/j.jct.2014.06.002#d5#p1#r4"",""10.1016/j.jct.2014.06.002#d5#p1#r5""]",3,5,5
ep_f3b73de513883679,mol_b04b0d4c9f611351,grp_4cb2ec77bd45a869,test,10.1016/j.jct.2005.11.009,10.1016/j.jct.2005.11.009#d1#p1,5000,284.5,323.2,38.7,14,4,4,True,"[""10.1016/j.jct.2005.11.009#d1#p1#r12"",""10.1016/j.jct.2005.11.009#d1#p1#r13"",""10.1016/j.jct.2005.11.009#d1#p1#r15""]","[""10.1016/j.jct.2005.11.009#d1#p1#r1"",""10.1016/j.jct.2005.11.009#d1#p1#r2"",""10.1016/j.jct.2005.11.009#d1#p1#r3"",""10.1016/j.jct.2005.11.009#d1#p1#r4"",""10.1016/j.jct.2005.11.009#d1#p1#r5""]",3,5,4
ep_f5900643fe8a6dd4,mol_e554601fff053edf,grp_5dea7427c65d07c7,train,10.1021/je800530u,10.1021/je800530u#d2#p1,5000,283.15,363.15,80,9,3,3,True,"[""10.1021/je800530u#d2#p1#r7"",""10.1021/je800530u#d2#p1#r8"",""10.1021/je800530u#d2#p1#r9""]","[""10.1021/je800530u#d2#p1#r1"",""10.1021/je800530u#d2#p1#r2"",""10.1021/je800530u#d2#p1#r3""]",3,3,3
ep_f8d94441630f9a76,mol_b89af8061b7557f6,grp_5dea7427c65d07c7,train,10.1016/j.jct.2018.07.029,10.1016/j.jct.2018.07.029#d1#p1,5000,274.4,318.2,43.8,27,10,8,True,"[""10.1016/j.jct.2018.07.029#d1#p1#r19"",""10.1016/j.jct.2018.07.029#d1#p1#r24"",""10.1016/j.jct.2018.07.029#d1#p1#r29""]","[""10.1016/j.jct.2018.07.029#d1#p1#r1"",""10.1016/j.jct.2018.07.029#d1#p1#r2"",""10.1016/j.jct.2018.07.029#d1#p1#r3"",""10.1016/j.jct.2018.07.029#d1#p1#r4"",""10.1016/j.jct.2018.07.029#d1#p1#r5"",""10.1016/j.jct.2018.07.029#d1#p1#r6"",""10.1016/j.jct.2018.07.029#d1#p1#r7"",""10.1016/j.jct.2018.07.029#d1#p1#r8""]",3,8,8
ep_f971804cbb611303,mol_e7c5258b801f1038,grp_a2fcc12936d735c8,train,10.1016/j.fluid.2019.03.004,10.1016/j.fluid.2019.03.004#d3#p1,5000,293.9,343.5,49.6,11,3,4,True,"[""10.1016/j.fluid.2019.03.004#d3#p1#r12"",""10.1016/j.fluid.2019.03.004#d3#p1#r13"",""10.1016/j.fluid.2019.03.004#d3#p1#r14""]","[""10.1016/j.fluid.2019.03.004#d3#p1#r4"",""10.1016/j.fluid.2019.03.004#d3#p1#r5"",""10.1016/j.fluid.2019.03.004#d3#p1#r6"",""10.1016/j.fluid.2019.03.004#d3#p1#r7""]",3,4,4
ep_f9f9ebff49682621,mol_7d3c668ba3d76cd7,grp_5dea7427c65d07c7,train,10.1016/j.jct.2006.10.007,10.1016/j.jct.2006.10.007#d4#p1,5000,275.3,311.2,35.9,13,4,4,True,"[""10.1016/j.jct.2006.10.007#d4#p1#r10"",""10.1016/j.jct.2006.10.007#d4#p1#r11"",""10.1016/j.jct.2006.10.007#d4#p1#r13""]","[""10.1016/j.jct.2006.10.007#d4#p1#r1"",""10.1016/j.jct.2006.10.007#d4#p1#r2"",""10.1016/j.jct.2006.10.007#d4#p1#r3"",""10.1016/j.jct.2006.10.007#d4#p1#r4""]",3,4,4
ep_fa7c44d499292b21,mol_7adb2b6d969696ae,grp_5dea7427c65d07c7,train,10.1016/j.jct.2019.01.007,10.1016/j.jct.2019.01.007#d12#p1,5000,354.3,412.2,57.9,22,6,7,True,"[""10.1016/j.jct.2019.01.007#d12#p1#r14"",""10.1016/j.jct.2019.01.007#d12#p1#r17"",""10.1016/j.jct.2019.01.007#d12#p1#r19""]","[""10.1016/j.jct.2019.01.007#d12#p1#r1"",""10.1016/j.jct.2019.01.007#d12#p1#r21"",""10.1016/j.jct.2019.01.007#d12#p1#r24"",""10.1016/j.jct.2019.01.007#d12#p1#r4"",""10.1016/j.jct.2019.01.007#d12#p1#r6"",""10.1016/j.jct.2019.01.007#d12#p1#r7"",""10.1016/j.jct.2019.01.007#d12#p1#r8""]",3,7,7
ep_fbd4569ae5226efc,mol_5fdb3f96e8ca0576,grp_9dc3cc34781e7516,train,10.1016/j.fluid.2016.06.011,10.1016/j.fluid.2016.06.011#d11#p1,5000,278.14,327.93,49.79,11,4,3,True,"[""10.1016/j.fluid.2016.06.011#d11#p1#r8"",""10.1016/j.fluid.2016.06.011#d11#p1#r9"",""10.1016/j.fluid.2016.06.011#d11#p1#r11""]","[""10.1016/j.fluid.2016.06.011#d11#p1#r1"",""10.1016/j.fluid.2016.06.011#d11#p1#r2"",""10.1016/j.fluid.2016.06.011#d11#p1#r3""]",3,3,3
ep_fe201ab166ff601b,mol_b9700272231de061,grp_bcf7dc086ea12992,test,10.1016/j.fluid.2019.04.036,10.1016/j.fluid.2019.04.036#d2#p1,5000,288.8,356.1,67.3,20,6,7,True,"[""10.1016/j.fluid.2019.04.036#d2#p1#r15"",""10.1016/j.fluid.2019.04.036#d2#p1#r17"",""10.1016/j.fluid.2019.04.036#d2#p1#r20""]","[""10.1016/j.fluid.2019.04.036#d2#p1#r1"",""10.1016/j.fluid.2019.04.036#d2#p1#r2"",""10.1016/j.fluid.2019.04.036#d2#p1#r3"",""10.1016/j.fluid.2019.04.036#d2#p1#r4"",""10.1016/j.fluid.2019.04.036#d2#p1#r5"",""10.1016/j.fluid.2019.04.036#d2#p1#r6"",""10.1016/j.fluid.2019.04.036#d2#p1#r7""]",3,7,7
ep_ff508810e83993e3,mol_cfce057605ba3a8f,grp_5085cd785cc4c7f4,test,10.1021/je060429r,10.1021/je060429r#d2#p1,5000,288.4,321.2,32.8,12,4,4,True,"[""10.1021/je060429r#d2#p1#r9"",""10.1021/je060429r#d2#p1#r10"",""10.1021/je060429r#d2#p1#r12""]","[""10.1021/je060429r#d2#p1#r1"",""10.1021/je060429r#d2#p1#r2"",""10.1021/je060429r#d2#p1#r3"",""10.1021/je060429r#d2#p1#r4""]",3,4,4
ep_ffd7786ac7efbbc5,mol_561fcf8433aaed32,grp_81cd87be3fde4550,test,10.1021/je060394v,10.1021/je060394v#d7#p1,5000,346.1,379.3,33.2,12,4,4,True,"[""10.1021/je060394v#d7#p1#r12"",""10.1021/je060394v#d7#p1#r13"",""10.1021/je060394v#d7#p1#r15""]","[""10.1021/je060394v#d7#p1#r4"",""10.1021/je060394v#d7#p1#r5"",""10.1021/je060394v#d7#p1#r6"",""10.1021/je060394v#d7#p1#r7""]",3,4,4
ep_0063ae303c19d968,mol_6a2881146cb0a319,grp_5dea7427c65d07c7,train,10.1016/j.tca.2017.12.006,10.1016/j.tca.2017.12.006#d3#p1,10000,298.2,347.8,49.6,11,3,4,True,"[""10.1016/j.tca.2017.12.006#d3#p1#r9"",""10.1016/j.tca.2017.12.006#d3#p1#r10"",""10.1016/j.tca.2017.12.006#d3#p1#r11""]","[""10.1016/j.tca.2017.12.006#d3#p1#r1"",""10.1016/j.tca.2017.12.006#d3#p1#r2"",""10.1016/j.tca.2017.12.006#d3#p1#r3"",""10.1016/j.tca.2017.12.006#d3#p1#r4""]",3,4,4
ep_00caa6d593f9dcb2,mol_354c60c5de252d85,grp_5ed1239f1de5ca2c,validation,10.1016/j.fluid.2016.11.010,10.1016/j.fluid.2016.11.010#d1#p1,10000,308.6,353.1,44.5,11,3,4,True,"[""10.1016/j.fluid.2016.11.010#d1#p1#r10"",""10.1016/j.fluid.2016.11.010#d1#p1#r11"",""10.1016/j.fluid.2016.11.010#d1#p1#r12""]","[""10.1016/j.fluid.2016.11.010#d1#p1#r2"",""10.1016/j.fluid.2016.11.010#d1#p1#r3"",""10.1016/j.fluid.2016.11.010#d1#p1#r4"",""10.1016/j.fluid.2016.11.010#d1#p1#r5""]",3,4,4
ep_01415ee3af8448b2,mol_f032c9190b133ea0,grp_4099771604350c09,test,10.1021/je200336c,10.1021/je200336c#d6#p1,10000,293.5,363,69.5,29,5,13,True,"[""10.1021/je200336c#d6#p1#r28"",""10.1021/je200336c#d6#p1#r30"",""10.1021/je200336c#d6#p1#r32""]","[""10.1021/je200336c#d6#p1#r1"",""10.1021/je200336c#d6#p1#r10"",""10.1021/je200336c#d6#p1#r11"",""10.1021/je200336c#d6#p1#r12"",""10.1021/je200336c#d6#p1#r13"",""10.1021/je200336c#d6#p1#r14"",""10.1021/je200336c#d6#p1#r2"",""10.1021/je200336c#d6#p1#r3"",""10.1021/je200336c#d6#p1#r4"",""10.1021/je200336c#d6#p1#r5"",""10.1021/je200336c#d6#p1#r6"",""10.1021/je200336c#d6#p1#r7"",""10.1021/je200336c#d6#p1#r8"",""10.1021/je200336c#d6#p1#r9""]",3,14,13
ep_016e8287ab4ba3bf,mol_0f0591160b233804,grp_0f0591160b233804,train,10.1016/j.tca.2018.07.026,10.1016/j.tca.2018.07.026#d3#p1,10000,317.4,353.2,35.8,15,5,4,True,"[""10.1016/j.tca.2018.07.026#d3#p1#r11"",""10.1016/j.tca.2018.07.026#d3#p1#r13"",""10.1016/j.tca.2018.07.026#d3#p1#r15""]","[""10.1016/j.tca.2018.07.026#d3#p1#r1"",""10.1016/j.tca.2018.07.026#d3#p1#r2"",""10.1016/j.tca.2018.07.026#d3#p1#r3"",""10.1016/j.tca.2018.07.026#d3#p1#r4""]",3,4,4
ep_01797b70428c076a,mol_65b637e94cd66c7e,grp_69e3066d23c835df,test,10.1021/je025634v,10.1021/je025634v#d10#p1,10000,273.17,310.41,37.24,9,3,2,True,"[""10.1021/je025634v#d10#p1#r7"",""10.1021/je025634v#d10#p1#r9"",""10.1021/je025634v#d10#p1#r11""]","[""10.1021/je025634v#d10#p1#r1"",""10.1021/je025634v#d10#p1#r2""]",3,2,2
ep_01a69de7ec0321a8,mol_916b454c615e7792,grp_fd910654208f838e,validation,10.1016/j.jct.2014.06.002,10.1016/j.jct.2014.06.002#d5#p1,10000,382.7,423.7,41,20,7,5,True,"[""10.1016/j.jct.2014.06.002#d5#p1#r14"",""10.1016/j.jct.2014.06.002#d5#p1#r17"",""10.1016/j.jct.2014.06.002#d5#p1#r20""]","[""10.1016/j.jct.2014.06.002#d5#p1#r1"",""10.1016/j.jct.2014.06.002#d5#p1#r2"",""10.1016/j.jct.2014.06.002#d5#p1#r3"",""10.1016/j.jct.2014.06.002#d5#p1#r4"",""10.1016/j.jct.2014.06.002#d5#p1#r5""]",3,5,5
ep_01bb031e83890784,mol_2c8fece1c354948f,grp_5dea7427c65d07c7,train,10.1016/j.fluid.2008.02.001,10.1016/j.fluid.2008.02.001#d2#p1,10000,274.9,311.2,36.3,25,4,9,True,"[""10.1016/j.fluid.2008.02.001#d2#p1#r27"",""10.1016/j.fluid.2008.02.001#d2#p1#r29"",""10.1016/j.fluid.2008.02.001#d2#p1#r31""]","[""10.1016/j.fluid.2008.02.001#d2#p1#r1"",""10.1016/j.fluid.2008.02.001#d2#p1#r10"",""10.1016/j.fluid.2008.02.001#d2#p1#r2"",""10.1016/j.fluid.2008.02.001#d2#p1#r3"",""10.1016/j.fluid.2008.02.001#d2#p1#r4"",""10.1016/j.fluid.2008.02.001#d2#p1#r5"",""10.1016/j.fluid.2008.02.001#d2#p1#r6"",""10.1016/j.fluid.2008.02.001#d2#p1#r7"",""10.1016/j.fluid.2008.02.001#d2#p1#r8"",""10.1016/j.fluid.2008.02.001#d2#p1#r9""]",3,10,9
ep_01c454e474229ce2,mol_f51711463f7a60d1,grp_eacde2a75ccb5ff9,train,10.1021/je060472e,10.1021/je060472e#d4#p1,10000,283.155,340.47,57.315,13,4,4,True,"[""10.1021/je060472e#d4#p1#r22"",""10.1021/je060472e#d4#p1#r24"",""10.1021/je060472e#d4#p1#r28""]","[""10.1021/je060472e#d4#p1#r10"",""10.1021/je060472e#d4#p1#r11"",""10.1021/je060472e#d4#p1#r12"",""10.1021/je060472e#d4#p1#r5"",""10.1021/je060472e#d4#p1#r6"",""10.1021/je060472e#d4#p1#r7"",""10.1021/je060472e#d4#p1#r8"",""10.1021/je060472e#d4#p1#r9""]",3,8,4
ep_02a8b49b518aeea2,mol_61fcafdd88a47b4b,grp_5dea7427c65d07c7,train,10.1016/j.jct.2011.06.008,10.1016/j.jct.2011.06.008#d8#p1,10000,318.1,356.6,38.5,29,5,12,True,"[""10.1016/j.jct.2011.06.008#d8#p1#r26"",""10.1016/j.jct.2011.06.008#d8#p1#r28"",""10.1016/j.jct.2011.06.008#d8#p1#r30""]","[""10.1016/j.jct.2011.06.008#d8#p1#r1"",""10.1016/j.jct.2011.06.008#d8#p1#r10"",""10.1016/j.jct.2011.06.008#d8#p1#r11"",""10.1016/j.jct.2011.06.008#d8#p1#r12"",""10.1016/j.jct.2011.06.008#d8#p1#r13"",""10.1016/j.jct.2011.06.008#d8#p1#r2"",""10.1016/j.jct.2011.06.008#d8#p1#r3"",""10.1016/j.jct.2011.06.008#d8#p1#r4"",""10.1016/j.jct.2011.06.008#d8#p1#r5"",""10.1016/j.jct.2011.06.008#d8#p1#r6"",""10.1016/j.jct.2011.06.008#d8#p1#r7"",""10.1016/j.jct.2011.06.008#d8#p1#r8"",""10.1016/j.jct.2011.06.008#d8#p1#r9""]",3,13,12
ep_02c75c7bce6312bb,mol_caae52dfde9f4474,grp_5dea7427c65d07c7,train,10.1016/j.jct.2006.10.007,10.1016/j.jct.2006.10.007#d18#p1,10000,288.6,334.2,45.6,14,5,3,True,"[""10.1016/j.jct.2006.10.007#d18#p1#r10"",""10.1016/j.jct.2006.10.007#d18#p1#r12"",""10.1016/j.jct.2006.10.007#d18#p1#r14""]","[""10.1016/j.jct.2006.10.007#d18#p1#r1"",""10.1016/j.jct.2006.10.007#d18#p1#r2"",""10.1016/j.jct.2006.10.007#d18#p1#r3""]",3,3,3
ep_0328ae25e24e06f1,mol_b859097b55ec40b9,grp_5dea7427c65d07c7,train,10.1021/je050182i,10.1021/je050182i#d1#p1,10000,371.42,461.96,90.54,9,3,3,True,"[""10.1021/je050182i#d1#p1#r9"",""10.1021/je050182i#d1#p1#r10"",""10.1021/je050182i#d1#p1#r11""]","[""10.1021/je050182i#d1#p1#r3"",""10.1021/je050182i#d1#p1#r4"",""10.1021/je050182i#d1#p1#r5""]",3,3,3
ep_035c53e471a01e9b,mol_a4a15a5e8071fffe,grp_2ccb72ac35a31331,train,10.1016/j.jct.2015.02.001,10.1016/j.jct.2015.02.001#d1#p1,10000,275.8,308,32.2,15,4,5,True,"[""10.1016/j.jct.2015.02.001#d1#p1#r12"",""10.1016/j.jct.2015.02.001#d1#p1#r14"",""10.1016/j.jct.2015.02.001#d1#p1#r16""]","[""10.1016/j.jct.2015.02.001#d1#p1#r1"",""10.1016/j.jct.2015.02.001#d1#p1#r2"",""10.1016/j.jct.2015.02.001#d1#p1#r3"",""10.1016/j.jct.2015.02.001#d1#p1#r4"",""10.1016/j.jct.2015.02.001#d1#p1#r5""]",3,5,5
ep_039b76bcf6f591ac,mol_08c55f7701cab54c,grp_5dea7427c65d07c7,train,10.1021/acs.jced.7b00599,10.1021/acs.jced.7b00599#d2#p1,10000,258.55,308.25,49.7,10,4,3,True,"[""10.1021/acs.jced.7b00599#d2#p1#r7"",""10.1021/acs.jced.7b00599#d2#p1#r8"",""10.1021/acs.jced.7b00599#d2#p1#r10""]","[""10.1021/acs.jced.7b00599#d2#p1#r1"",""10.1021/acs.jced.7b00599#d2#p1#r2"",""10.1021/acs.jced.7b00599#d2#p1#r3""]",3,3,3
ep_04641159310dbd1a,mol_10ae2d7874bda204,grp_5dea7427c65d07c7,train,10.1021/je400212t,10.1021/je400212t#d8#p1,10000,274.2,313.3,39.1,22,7,6,True,"[""10.1021/je400212t#d8#p1#r23"",""10.1021/je400212t#d8#p1#r27"",""10.1021/je400212t#d8#p1#r31""]","[""10.1021/je400212t#d8#p1#r1"",""10.1021/je400212t#d8#p1#r2"",""10.1021/je400212t#d8#p1#r3"",""10.1021/je400212t#d8#p1#r4"",""10.1021/je400212t#d8#p1#r5"",""10.1021/je400212t#d8#p1#r6""]",3,6,6
ep_048dfc51fefef776,mol_9b039da63aa3710c,grp_5dea7427c65d07c7,train,10.1016/j.jct.2015.08.023,10.1016/j.jct.2015.08.023#d2#p1,10000,273.04,333.32,60.28,9,4,2,True,"[""10.1016/j.jct.2015.08.023#d2#p1#r16"",""10.1016/j.jct.2015.08.023#d2#p1#r6"",""10.1016/j.jct.2015.08.023#d2#p1#r7""]","[""10.1016/j.jct.2015.08.023#d2#p1#r1"",""10.1016/j.jct.2015.08.023#d2#p1#r12"",""10.1016/j.jct.2015.08.023#d2#p1#r2""]",3,3,2
ep_04c39957f6556425,mol_b556abff79f787db,grp_bcf7dc086ea12992,test,10.1016/j.fluid.2019.04.036,10.1016/j.fluid.2019.04.036#d4#p1,10000,293.1,329.6,36.5,25,6,7,True,"[""10.1016/j.fluid.2019.04.036#d4#p1#r20"",""10.1016/j.fluid.2019.04.036#d4#p1#r22"",""10.1016/j.fluid.2019.04.036#d4#p1#r25""]","[""10.1016/j.fluid.2019.04.036#d4#p1#r1"",""10.1016/j.fluid.2019.04.036#d4#p1#r2"",""10.1016/j.fluid.2019.04.036#d4#p1#r3"",""10.1016/j.fluid.2019.04.036#d4#p1#r4"",""10.1016/j.fluid.2019.04.036#d4#p1#r5"",""10.1016/j.fluid.2019.04.036#d4#p1#r6"",""10.1016/j.fluid.2019.04.036#d4#p1#r7""]",3,7,7
ep_04cba718895f16fb,mol_bbb0421bb336b7e6,grp_5dea7427c65d07c7,train,10.1016/j.jct.2019.01.007,10.1016/j.jct.2019.01.007#d14#p1,10000,369.05,425.15,56.1,25,10,6,True,"[""10.1016/j.jct.2019.01.007#d14#p1#r18"",""10.1016/j.jct.2019.01.007#d14#p1#r24"",""10.1016/j.jct.2019.01.007#d14#p1#r25""]","[""10.1016/j.jct.2019.01.007#d14#p1#r11"",""10.1016/j.jct.2019.01.007#d14#p1#r14"",""10.1016/j.jct.2019.01.007#d14#p1#r15"",""10.1016/j.jct.2019.01.007#d14#p1#r16"",""10.1016/j.jct.2019.01.007#d14#p1#r5"",""10.1016/j.jct.2019.01.007#d14#p1#r8""]",3,6,6
ep_04ede51462c350eb,mol_26e873b560062259,grp_5dea7427c65d07c7,train,10.1021/je0602418,10.1021/je0602418#d4#p1,10000,330.4,365.2,34.8,17,6,5,True,"[""10.1021/je0602418#d4#p1#r12"",""10.1021/je0602418#d4#p1#r14"",""10.1021/je0602418#d4#p1#r17""]","[""10.1021/je0602418#d4#p1#r1"",""10.1021/je0602418#d4#p1#r2"",""10.1021/je0602418#d4#p1#r3"",""10.1021/je0602418#d4#p1#r4"",""10.1021/je0602418#d4#p1#r5""]",3,5,5
ep_04f3a5c38d18a356,mol_3cb1734042df550a,grp_5dea7427c65d07c7,train,10.1021/je500784s,10.1021/je500784s#d3#p1,10000,281.2,313.1,31.9,12,3,5,True,"[""10.1021/je500784s#d3#p1#r11"",""10.1021/je500784s#d3#p1#r12"",""10.1021/je500784s#d3#p1#r16""]","[""10.1021/je500784s#d3#p1#r1"",""10.1021/je500784s#d3#p1#r2"",""10.1021/je500784s#d3#p1#r3"",""10.1021/je500784s#d3#p1#r4"",""10.1021/je500784s#d3#p1#r5"",""10.1021/je500784s#d3#p1#r6""]",3,6,5
ep_057f58c9336be660,mol_b5478d971ba26576,grp_b5478d971ba26576,test,10.1016/j.jct.2018.02.025,10.1016/j.jct.2018.02.025#d1#p1,10000,345.7,376.2,30.5,11,4,5,True,"[""10.1016/j.jct.2018.02.025#d1#p1#r8"",""10.1016/j.jct.2018.02.025#d1#p1#r10"",""10.1016/j.jct.2018.02.025#d1#p1#r12""]","[""10.1016/j.jct.2018.02.025#d1#p1#r1"",""10.1016/j.jct.2018.02.025#d1#p1#r2"",""10.1016/j.jct.2018.02.025#d1#p1#r3"",""10.1016/j.jct.2018.02.025#d1#p1#r4"",""10.1016/j.jct.2018.02.025#d1#p1#r5""]",3,5,5
ep_0708bf6913d71906,mol_177310732327f8e6,grp_5dea7427c65d07c7,train,10.1021/je0602418,10.1021/je0602418#d23#p1,10000,318.2,373.8,55.6,22,7,7,True,"[""10.1021/je0602418#d23#p1#r30"",""10.1021/je0602418#d23#p1#r35"",""10.1021/je0602418#d23#p1#r40""]","[""10.1021/je0602418#d23#p1#r10"",""10.1021/je0602418#d23#p1#r11"",""10.1021/je0602418#d23#p1#r12"",""10.1021/je0602418#d23#p1#r13"",""10.1021/je0602418#d23#p1#r14"",""10.1021/je0602418#d23#p1#r15"",""10.1021/je0602418#d23#p1#r16"",""10.1021/je0602418#d23#p1#r17"",""10.1021/je0602418#d23#p1#r6"",""10.1021/je0602418#d23#p1#r7"",""10.1021/je0602418#d23#p1#r8"",""10.1021/je0602418#d23#p1#r9""]",3,12,7
ep_08506bac18f5e66b,mol_533237776aacb2a0,grp_5dea7427c65d07c7,train,10.1021/je100231g,10.1021/je100231g#d1#p1,10000,283.6,333.5,49.9,14,4,4,True,"[""10.1021/je100231g#d1#p1#r11"",""10.1021/je100231g#d1#p1#r12"",""10.1021/je100231g#d1#p1#r14""]","[""10.1021/je100231g#d1#p1#r1"",""10.1021/je100231g#d1#p1#r2"",""10.1021/je100231g#d1#p1#r3"",""10.1021/je100231g#d1#p1#r4""]",3,4,4
ep_096a3ed6d645bf97,mol_766e4af517e1fbbc,grp_fba476a25f980753,test,10.1021/je5008795,10.1021/je5008795#d33#p1,10000,290.3,328.2,37.9,15,5,5,True,"[""10.1021/je5008795#d33#p1#r12"",""10.1021/je5008795#d33#p1#r14"",""10.1021/je5008795#d33#p1#r17""]","[""10.1021/je5008795#d33#p1#r1"",""10.1021/je5008795#d33#p1#r2"",""10.1021/je5008795#d33#p1#r3"",""10.1021/je5008795#d33#p1#r4"",""10.1021/je5008795#d33#p1#r5"",""10.1021/je5008795#d33#p1#r6""]",3,6,5
ep_0be26cbc33c4c67c,mol_aa0ace4207225373,grp_5dea7427c65d07c7,train,10.1016/j.fluid.2012.08.003,10.1016/j.fluid.2012.08.003#d4#p1,10000,283.3,338.3,55,16,6,6,True,"[""10.1016/j.fluid.2012.08.003#d4#p1#r12"",""10.1016/j.fluid.2012.08.003#d4#p1#r14"",""10.1016/j.fluid.2012.08.003#d4#p1#r17""]","[""10.1016/j.fluid.2012.08.003#d4#p1#r1"",""10.1016/j.fluid.2012.08.003#d4#p1#r2"",""10.1016/j.fluid.2012.08.003#d4#p1#r3"",""10.1016/j.fluid.2012.08.003#d4#p1#r4"",""10.1016/j.fluid.2012.08.003#d4#p1#r5"",""10.1016/j.fluid.2012.08.003#d4#p1#r6""]",3,6,6
ep_0c5cf30dc0714e47,mol_efd9aec2c69162b7,grp_5dea7427c65d07c7,train,10.1021/je100231g,10.1021/je100231g#d14#p1,10000,322.4,369.5,47.1,23,5,9,True,"[""10.1021/je100231g#d14#p1#r24"",""10.1021/je100231g#d14#p1#r26"",""10.1021/je100231g#d14#p1#r28""]","[""10.1021/je100231g#d14#p1#r10"",""10.1021/je100231g#d14#p1#r11"",""10.1021/je100231g#d14#p1#r12"",""10.1021/je100231g#d14#p1#r13"",""10.1021/je100231g#d14#p1#r14"",""10.1021/je100231g#d14#p1#r3"",""10.1021/je100231g#d14#p1#r4"",""10.1021/je100231g#d14#p1#r5"",""10.1021/je100231g#d14#p1#r6"",""10.1021/je100231g#d14#p1#r7"",""10.1021/je100231g#d14#p1#r8"",""10.1021/je100231g#d14#p1#r9""]",3,12,9
ep_0c821e69d8c1b76e,mol_d40206d67276aa8c,grp_5dea7427c65d07c7,train,10.1016/j.fluid.2007.03.017,10.1016/j.fluid.2007.03.017#d3#p1,10000,263.75,333.22,69.47,8,3,3,True,"[""10.1016/j.fluid.2007.03.017#d3#p1#r6"",""10.1016/j.fluid.2007.03.017#d3#p1#r7"",""10.1016/j.fluid.2007.03.017#d3#p1#r8""]","[""10.1016/j.fluid.2007.03.017#d3#p1#r1"",""10.1016/j.fluid.2007.03.017#d3#p1#r2"",""10.1016/j.fluid.2007.03.017#d3#p1#r3""]",3,3,3
ep_0d49a459313e69d4,mol_a3ab0bd2d4d80422,grp_5dea7427c65d07c7,train,10.1021/je400551d,10.1021/je400551d#d4#p1,10000,299.25,370.4,71.15,12,5,4,True,"[""10.1021/je400551d#d4#p1#r8"",""10.1021/je400551d#d4#p1#r10"",""10.1021/je400551d#d4#p1#r12""]","[""10.1021/je400551d#d4#p1#r1"",""10.1021/je400551d#d4#p1#r2"",""10.1021/je400551d#d4#p1#r3"",""10.1021/je400551d#d4#p1#r4""]",3,4,4
ep_0e7c0077b0f72b45,mol_ea37acee7bc3d9f6,grp_5dea7427c65d07c7,train,10.1021/acs.jced.8b00699,10.1021/acs.jced.8b00699#d2#p1,10000,258.15,308.15,50,12,4,4,True,"[""10.1021/acs.jced.8b00699#d2#p1#r13"",""10.1021/acs.jced.8b00699#d2#p1#r14"",""10.1021/acs.jced.8b00699#d2#p1#r16""]","[""10.1021/acs.jced.8b00699#d2#p1#r5"",""10.1021/acs.jced.8b00699#d2#p1#r6"",""10.1021/acs.jced.8b00699#d2#p1#r7"",""10.1021/acs.jced.8b00699#d2#p1#r8""]",3,4,4
ep_0e8e43f8c2550c72,mol_3d99a53ccff0a14c,grp_5dea7427c65d07c7,train,10.1021/je050056e,10.1021/je050056e#d7#p1,10000,288.22,332.78,44.56,10,3,3,True,"[""10.1021/je050056e#d7#p1#r8"",""10.1021/je050056e#d7#p1#r9"",""10.1021/je050056e#d7#p1#r10""]","[""10.1021/je050056e#d7#p1#r1"",""10.1021/je050056e#d7#p1#r2"",""10.1021/je050056e#d7#p1#r3""]",3,3,3
ep_0eab93c9be684a88,mol_69df6d03bf2d6749,grp_5dea7427c65d07c7,train,10.1016/j.fluid.2004.02.021,10.1016/j.fluid.2004.02.021#d1#p1,10000,283.15,323.15,40,9,3,3,True,"[""10.1016/j.fluid.2004.02.021#d1#p1#r7"",""10.1016/j.fluid.2004.02.021#d1#p1#r8"",""10.1016/j.fluid.2004.02.021#d1#p1#r9""]","[""10.1016/j.fluid.2004.02.021#d1#p1#r1"",""10.1016/j.fluid.2004.02.021#d1#p1#r2"",""10.1016/j.fluid.2004.02.021#d1#p1#r3""]",3,3,3
ep_0ed176d3911b93c3,mol_6b591adbd02d1012,grp_fe68aa4179fd65d6,test,10.1016/j.jct.2013.11.003,10.1016/j.jct.2013.11.003#d2#p1,10000,278.1,324.7,46.6,17,5,5,True,"[""10.1016/j.jct.2013.11.003#d2#p1#r13"",""10.1016/j.jct.2013.11.003#d2#p1#r15"",""10.1016/j.jct.2013.11.003#d2#p1#r17""]","[""10.1016/j.jct.2013.11.003#d2#p1#r1"",""10.1016/j.jct.2013.11.003#d2#p1#r2"",""10.1016/j.jct.2013.11.003#d2#p1#r3"",""10.1016/j.jct.2013.11.003#d2#p1#r4"",""10.1016/j.jct.2013.11.003#d2#p1#r5""]",3,5,5
ep_0f5315ea4b67df3b,mol_cd1e13547e8fe175,grp_5dea7427c65d07c7,train,10.1016/j.fluid.2015.03.033,10.1016/j.fluid.2015.03.033#d1#p1,10000,263.72,333.11,69.39,8,3,3,True,"[""10.1016/j.fluid.2015.03.033#d1#p1#r6"",""10.1016/j.fluid.2015.03.033#d1#p1#r7"",""10.1016/j.fluid.2015.03.033#d1#p1#r8""]","[""10.1016/j.fluid.2015.03.033#d1#p1#r1"",""10.1016/j.fluid.2015.03.033#d1#p1#r2"",""10.1016/j.fluid.2015.03.033#d1#p1#r3""]",3,3,3
ep_104a40d3c7066abd,mol_fa6014b0e97e2afc,grp_5dea7427c65d07c7,train,10.1021/acs.jced.7b00574,10.1021/acs.jced.7b00574#d2#p1,10000,337.95,373.55,35.6,12,4,2,True,"[""10.1021/acs.jced.7b00574#d2#p1#r7"",""10.1021/acs.jced.7b00574#d2#p1#r8"",""10.1021/acs.jced.7b00574#d2#p1#r10""]","[""10.1021/acs.jced.7b00574#d2#p1#r1"",""10.1021/acs.jced.7b00574#d2#p1#r2""]",3,2,2
ep_12013b9e513ece5b,mol_d0131e7bbb5402ea,grp_d0131e7bbb5402ea,test,10.1021/je200128y,10.1021/je200128y#d2#p1,10000,328.3,373.1,44.8,18,7,5,True,"[""10.1021/je200128y#d2#p1#r12"",""10.1021/je200128y#d2#p1#r16"",""10.1021/je200128y#d2#p1#r19""]","[""10.1021/je200128y#d2#p1#r1"",""10.1021/je200128y#d2#p1#r2"",""10.1021/je200128y#d2#p1#r3"",""10.1021/je200128y#d2#p1#r4"",""10.1021/je200128y#d2#p1#r5""]",3,5,5
ep_121c6b392ec99f63,mol_c54873ab8150496e,grp_5dea7427c65d07c7,train,10.1021/je100398m,10.1021/je100398m#d2#p1,10000,253.68,303.29,49.61,11,4,2,True,"[""10.1021/je100398m#d2#p1#r18"",""10.1021/je100398m#d2#p1#r20"",""10.1021/je100398m#d2#p1#r26""]","[""10.1021/je100398m#d2#p1#r1"",""10.1021/je100398m#d2#p1#r2"",""10.1021/je100398m#d2#p1#r3"",""10.1021/je100398m#d2#p1#r4"",""10.1021/je100398m#d2#p1#r5""]",3,5,2
ep_1231a1d4ab40aa39,mol_c1c12a449ac15fd2,grp_5dea7427c65d07c7,train,10.1016/j.jct.2004.08.004,10.1016/j.jct.2004.08.004#d5#p1,10000,298.2,340.3,42.1,17,6,5,True,"[""10.1016/j.jct.2004.08.004#d5#p1#r16"",""10.1016/j.jct.2004.08.004#d5#p1#r18"",""10.1016/j.jct.2004.08.004#d5#p1#r22""]","[""10.1016/j.jct.2004.08.004#d5#p1#r2"",""10.1016/j.jct.2004.08.004#d5#p1#r3"",""10.1016/j.jct.2004.08.004#d5#p1#r4"",""10.1016/j.jct.2004.08.004#d5#p1#r5"",""10.1016/j.jct.2004.08.004#d5#p1#r6""]",3,5,5
ep_13c41d49ae0927b6,mol_b633c02df2e0c63b,grp_5dea7427c65d07c7,train,10.1021/je100398m,10.1021/je100398m#d3#p1,10000,258.175,308.15,49.975,11,3,3,True,"[""10.1021/je100398m#d3#p1#r21"",""10.1021/je100398m#d3#p1#r23"",""10.1021/je100398m#d3#p1#r25""]","[""10.1021/je100398m#d3#p1#r1"",""10.1021/je100398m#d3#p1#r2"",""10.1021/je100398m#d3#p1#r4"",""10.1021/je100398m#d3#p1#r7"",""10.1021/je100398m#d3#p1#r8"",""10.1021/je100398m#d3#p1#r9""]",3,6,3
ep_15047ab13892348c,mol_fb76be87032d9098,grp_642c5927dec37b59,validation,10.1016/j.fluid.2011.07.007,10.1016/j.fluid.2011.07.007#d8#p1,10000,294.5,327.4,32.9,12,4,4,True,"[""10.1016/j.fluid.2011.07.007#d8#p1#r9"",""10.1016/j.fluid.2011.07.007#d8#p1#r10"",""10.1016/j.fluid.2011.07.007#d8#p1#r12""]","[""10.1016/j.fluid.2011.07.007#d8#p1#r1"",""10.1016/j.fluid.2011.07.007#d8#p1#r2"",""10.1016/j.fluid.2011.07.007#d8#p1#r3"",""10.1016/j.fluid.2011.07.007#d8#p1#r4""]",3,4,4
ep_159f113f3080efde,mol_05794401663d5ca6,grp_5dea7427c65d07c7,train,10.1021/je2002489,10.1021/je2002489#d3#p1,10000,303.2,359.2,56,23,7,7,True,"[""10.1021/je2002489#d3#p1#r17"",""10.1021/je2002489#d3#p1#r20"",""10.1021/je2002489#d3#p1#r23""]","[""10.1021/je2002489#d3#p1#r1"",""10.1021/je2002489#d3#p1#r2"",""10.1021/je2002489#d3#p1#r3"",""10.1021/je2002489#d3#p1#r4"",""10.1021/je2002489#d3#p1#r5"",""10.1021/je2002489#d3#p1#r6"",""10.1021/je2002489#d3#p1#r7""]",3,7,7
ep_16b82026f20d4411,mol_f23ee274fe9afdfa,grp_5dea7427c65d07c7,train,10.1016/j.jct.2004.08.004,10.1016/j.jct.2004.08.004#d6#p1,10000,306.1,367.1,61,21,7,6,True,"[""10.1016/j.jct.2004.08.004#d6#p1#r17"",""10.1016/j.jct.2004.08.004#d6#p1#r20"",""10.1016/j.jct.2004.08.004#d6#p1#r23""]","[""10.1016/j.jct.2004.08.004#d6#p1#r3"",""10.1016/j.jct.2004.08.004#d6#p1#r4"",""10.1016/j.jct.2004.08.004#d6#p1#r5"",""10.1016/j.jct.2004.08.004#d6#p1#r6"",""10.1016/j.jct.2004.08.004#d6#p1#r7"",""10.1016/j.jct.2004.08.004#d6#p1#r8""]",3,6,6
ep_195a893000e6b3dd,mol_9250348909aba0f8,grp_5dea7427c65d07c7,train,10.1016/j.fluid.2014.07.029,10.1016/j.fluid.2014.07.029#d5#p1,10000,274.2,306.2,32,12,4,4,True,"[""10.1016/j.fluid.2014.07.029#d5#p1#r10"",""10.1016/j.fluid.2014.07.029#d5#p1#r12"",""10.1016/j.fluid.2014.07.029#d5#p1#r14""]","[""10.1016/j.fluid.2014.07.029#d5#p1#r1"",""10.1016/j.fluid.2014.07.029#d5#p1#r2"",""10.1016/j.fluid.2014.07.029#d5#p1#r3"",""10.1016/j.fluid.2014.07.029#d5#p1#r4""]",3,4,4
ep_1a8d0869c162e2d1,mol_fc2d93121de8a8dd,grp_5dea7427c65d07c7,train,10.1021/je200730m,10.1021/je200730m#d3#p1,10000,303.1,432.24,129.14,9,3,3,True,"[""10.1021/je200730m#d3#p1#r7"",""10.1021/je200730m#d3#p1#r8"",""10.1021/je200730m#d3#p1#r9""]","[""10.1021/je200730m#d3#p1#r1"",""10.1021/je200730m#d3#p1#r2"",""10.1021/je200730m#d3#p1#r3""]",3,3,3
ep_1bb2520d2f08e38d,mol_f3ea48a487080019,grp_5dea7427c65d07c7,train,10.1021/je0602418,10.1021/je0602418#d13#p1,10000,283.7,348.1,64.4,42,11,10,True,"[""10.1021/je0602418#d13#p1#r38"",""10.1021/je0602418#d13#p1#r45"",""10.1021/je0602418#d13#p1#r52""]","[""10.1021/je0602418#d13#p1#r1"",""10.1021/je0602418#d13#p1#r10"",""10.1021/je0602418#d13#p1#r11"",""10.1021/je0602418#d13#p1#r2"",""10.1021/je0602418#d13#p1#r3"",""10.1021/je0602418#d13#p1#r4"",""10.1021/je0602418#d13#p1#r5"",""10.1021/je0602418#d13#p1#r6"",""10.1021/je0602418#d13#p1#r7"",""10.1021/je0602418#d13#p1#r8"",""10.1021/je0602418#d13#p1#r9""]",3,11,10
ep_1bf1258209018c61,mol_ae779d08ee6209ad,grp_8485db366cf61c1d,train,10.1016/j.fluid.2008.04.016,10.1016/j.fluid.2008.04.016#d3#p1,10000,308.25,358.15,49.9,21,6,7,True,"[""10.1016/j.fluid.2008.04.016#d3#p1#r16"",""10.1016/j.fluid.2008.04.016#d3#p1#r18"",""10.1016/j.fluid.2008.04.016#d3#p1#r21""]","[""10.1016/j.fluid.2008.04.016#d3#p1#r1"",""10.1016/j.fluid.2008.04.016#d3#p1#r2"",""10.1016/j.fluid.2008.04.016#d3#p1#r3"",""10.1016/j.fluid.2008.04.016#d3#p1#r4"",""10.1016/j.fluid.2008.04.016#d3#p1#r5"",""10.1016/j.fluid.2008.04.016#d3#p1#r6"",""10.1016/j.fluid.2008.04.016#d3#p1#r7""]",3,7,7
ep_1c7eee1be38c64c5,mol_07c782a462a50ac6,grp_5dea7427c65d07c7,train,10.1016/j.jct.2011.06.008,10.1016/j.jct.2011.06.008#d14#p1,10000,318.1,365.7,47.6,26,8,7,True,"[""10.1016/j.jct.2011.06.008#d14#p1#r29"",""10.1016/j.jct.2011.06.008#d14#p1#r33"",""10.1016/j.jct.2011.06.008#d14#p1#r38""]","[""10.1016/j.jct.2011.06.008#d14#p1#r1"",""10.1016/j.jct.2011.06.008#d14#p1#r10"",""10.1016/j.jct.2011.06.008#d14#p1#r11"",""10.1016/j.jct.2011.06.008#d14#p1#r2"",""10.1016/j.jct.2011.06.008#d14#p1#r3"",""10.1016/j.jct.2011.06.008#d14#p1#r4"",""10.1016/j.jct.2011.06.008#d14#p1#r5"",""10.1016/j.jct.2011.06.008#d14#p1#r6"",""10.1016/j.jct.2011.06.008#d14#p1#r7"",""10.1016/j.jct.2011.06.008#d14#p1#r8"",""10.1016/j.jct.2011.06.008#d14#p1#r9""]",3,11,7
ep_1e5d51a7f6aa192a,mol_32d4a096496c381d,grp_5dea7427c65d07c7,train,10.1021/je049761y,10.1021/je049761y#d5#p1,10000,278.2,318.3,40.1,29,5,12,True,"[""10.1021/je049761y#d5#p1#r27"",""10.1021/je049761y#d5#p1#r29"",""10.1021/je049761y#d5#p1#r31""]","[""10.1021/je049761y#d5#p1#r1"",""10.1021/je049761y#d5#p1#r10"",""10.1021/je049761y#d5#p1#r11"",""10.1021/je049761y#d5#p1#r12"",""10.1021/je049761y#d5#p1#r2"",""10.1021/je049761y#d5#p1#r3"",""10.1021/je049761y#d5#p1#r4"",""10.1021/je049761y#d5#p1#r5"",""10.1021/je049761y#d5#p1#r6"",""10.1021/je049761y#d5#p1#r7"",""10.1021/je049761y#d5#p1#r8"",""10.1021/je049761y#d5#p1#r9""]",3,12,12
ep_1e90c92ef328cb46,mol_a9ed7bb16f2162a1,grp_a9ed7bb16f2162a1,validation,10.1021/je4009014,10.1021/je4009014#d2#p1,10000,365.15,397.15,32,13,3,4,True,"[""10.1021/je4009014#d2#p1#r11"",""10.1021/je4009014#d2#p1#r12"",""10.1021/je4009014#d2#p1#r13""]","[""10.1021/je4009014#d2#p1#r1"",""10.1021/je4009014#d2#p1#r2"",""10.1021/je4009014#d2#p1#r3"",""10.1021/je4009014#d2#p1#r4""]",3,4,4
ep_1eeef1f07f5f608a,mol_360d41877d5341ed,grp_5dea7427c65d07c7,train,10.1021/je0497799,10.1021/je0497799#d2#p1,10000,278.3,323.6,45.3,18,4,5,True,"[""10.1021/je0497799#d2#p1#r18"",""10.1021/je0497799#d2#p1#r19"",""10.1021/je0497799#d2#p1#r23""]","[""10.1021/je0497799#d2#p1#r1"",""10.1021/je0497799#d2#p1#r2"",""10.1021/je0497799#d2#p1#r3"",""10.1021/je0497799#d2#p1#r4"",""10.1021/je0497799#d2#p1#r5""]",3,5,5
ep_1fe86aff1ccecbe1,mol_d978c547652ea745,grp_5dea7427c65d07c7,train,10.1016/j.fluid.2018.05.032,10.1016/j.fluid.2018.05.032#d6#p1,10000,268.14,308.14,40,9,3,3,True,"[""10.1016/j.fluid.2018.05.032#d6#p1#r19"",""10.1016/j.fluid.2018.05.032#d6#p1#r22"",""10.1016/j.fluid.2018.05.032#d6#p1#r25""]","[""10.1016/j.fluid.2018.05.032#d6#p1#r1"",""10.1016/j.fluid.2018.05.032#d6#p1#r2"",""10.1016/j.fluid.2018.05.032#d6#p1#r3"",""10.1016/j.fluid.2018.05.032#d6#p1#r4"",""10.1016/j.fluid.2018.05.032#d6#p1#r5"",""10.1016/j.fluid.2018.05.032#d6#p1#r6"",""10.1016/j.fluid.2018.05.032#d6#p1#r7""]",3,7,3
ep_219848038f36d5c6,mol_6175878e18979484,grp_5dea7427c65d07c7,train,10.1016/j.tca.2018.07.016,10.1016/j.tca.2018.07.016#d3#p1,10000,274.6,323.4,48.8,11,4,4,True,"[""10.1016/j.tca.2018.07.016#d3#p1#r8"",""10.1016/j.tca.2018.07.016#d3#p1#r9"",""10.1016/j.tca.2018.07.016#d3#p1#r11""]","[""10.1016/j.tca.2018.07.016#d3#p1#r1"",""10.1016/j.tca.2018.07.016#d3#p1#r2"",""10.1016/j.tca.2018.07.016#d3#p1#r3"",""10.1016/j.tca.2018.07.016#d3#p1#r4""]",3,4,4
ep_226ad441496d9fec,mol_0598ed94e921fa46,grp_5dea7427c65d07c7,train,10.1021/je700027n,10.1021/je700027n#d2#p1,10000,353.15,423.15,70,6,3,2,True,"[""10.1021/je700027n#d2#p1#r4"",""10.1021/je700027n#d2#p1#r5"",""10.1021/je700027n#d2#p1#r6""]","[""10.1021/je700027n#d2#p1#r1"",""10.1021/je700027n#d2#p1#r2""]",3,2,2
ep_22cdda8890060fe3,mol_57ae3fd1e1d200c6,grp_5dea7427c65d07c7,train,10.1021/je200766t,10.1021/je200766t#d1#p1,10000,351.8,462.86,111.06,11,3,4,True,"[""10.1021/je200766t#d1#p1#r9"",""10.1021/je200766t#d1#p1#r10"",""10.1021/je200766t#d1#p1#r11""]","[""10.1021/je200766t#d1#p1#r1"",""10.1021/je200766t#d1#p1#r2"",""10.1021/je200766t#d1#p1#r3"",""10.1021/je200766t#d1#p1#r4""]",3,4,4
ep_22ce34b6124b2cc6,mol_0eff9e7e919da986,grp_5dea7427c65d07c7,train,10.1021/je500784s,10.1021/je500784s#d15#p1,10000,274.2,305.3,31.1,12,4,4,True,"[""10.1021/je500784s#d15#p1#r11"",""10.1021/je500784s#d15#p1#r12"",""10.1021/je500784s#d15#p1#r14""]","[""10.1021/je500784s#d15#p1#r1"",""10.1021/je500784s#d15#p1#r2"",""10.1021/je500784s#d15#p1#r3"",""10.1021/je500784s#d15#p1#r4""]",3,4,4
ep_22dc8bf357b024f3,mol_6d4f973d7e18814a,grp_fba476a25f980753,test,10.1021/je5008795,10.1021/je5008795#d4#p1,10000,276.4,317.8,41.4,23,7,7,True,"[""10.1021/je5008795#d4#p1#r18"",""10.1021/je5008795#d4#p1#r21"",""10.1021/je5008795#d4#p1#r24""]","[""10.1021/je5008795#d4#p1#r1"",""10.1021/je5008795#d4#p1#r2"",""10.1021/je5008795#d4#p1#r3"",""10.1021/je5008795#d4#p1#r4"",""10.1021/je5008795#d4#p1#r5"",""10.1021/je5008795#d4#p1#r6"",""10.1021/je5008795#d4#p1#r7""]",3,7,7
ep_23e1091b5a8fd30c,mol_047b0590b532ef16,grp_4099771604350c09,test,10.1021/je200336c,10.1021/je200336c#d2#p1,10000,293.6,343,49.4,24,7,7,True,"[""10.1021/je200336c#d2#p1#r19"",""10.1021/je200336c#d2#p1#r22"",""10.1021/je200336c#d2#p1#r26""]","[""10.1021/je200336c#d2#p1#r1"",""10.1021/je200336c#d2#p1#r2"",""10.1021/je200336c#d2#p1#r3"",""10.1021/je200336c#d2#p1#r4"",""10.1021/je200336c#d2#p1#r5"",""10.1021/je200336c#d2#p1#r6"",""10.1021/je200336c#d2#p1#r7""]",3,7,7
ep_2407a314e4c2f775,mol_04b975dcc163284d,grp_5dea7427c65d07c7,train,10.1016/j.jct.2016.07.024,10.1016/j.jct.2016.07.024#d3#p1,10000,292.87,422.71,129.84,14,4,4,True,"[""10.1016/j.jct.2016.07.024#d3#p1#r11"",""10.1016/j.jct.2016.07.024#d3#p1#r12"",""10.1016/j.jct.2016.07.024#d3#p1#r14""]","[""10.1016/j.jct.2016.07.024#d3#p1#r1"",""10.1016/j.jct.2016.07.024#d3#p1#r2"",""10.1016/j.jct.2016.07.024#d3#p1#r3"",""10.1016/j.jct.2016.07.024#d3#p1#r4""]",3,4,4
ep_2423fe4d524a46d7,mol_dee0d48887c32f73,grp_5dea7427c65d07c7,train,10.1016/j.fluid.2005.11.016,10.1016/j.fluid.2005.11.016#d1#p1,10000,263.15,343.15,80,9,3,3,True,"[""10.1016/j.fluid.2005.11.016#d1#p1#r7"",""10.1016/j.fluid.2005.11.016#d1#p1#r8"",""10.1016/j.fluid.2005.11.016#d1#p1#r9""]","[""10.1016/j.fluid.2005.11.016#d1#p1#r1"",""10.1016/j.fluid.2005.11.016#d1#p1#r2"",""10.1016/j.fluid.2005.11.016#d1#p1#r3""]",3,3,3
ep_25f91e355dae9680,mol_86789b7323092b84,grp_5dea7427c65d07c7,train,10.1016/j.jct.2005.08.003,10.1016/j.jct.2005.08.003#d3#p1,10000,274.5,309.2,34.7,12,4,4,True,"[""10.1016/j.jct.2005.08.003#d3#p1#r9"",""10.1016/j.jct.2005.08.003#d3#p1#r10"",""10.1016/j.jct.2005.08.003#d3#p1#r12""]","[""10.1016/j.jct.2005.08.003#d3#p1#r1"",""10.1016/j.jct.2005.08.003#d3#p1#r2"",""10.1016/j.jct.2005.08.003#d3#p1#r3"",""10.1016/j.jct.2005.08.003#d3#p1#r4""]",3,4,4
ep_263eb04a5a479767,mol_b27150fe8ceb156d,grp_5dea7427c65d07c7,train,10.1016/j.jct.2017.03.029,10.1016/j.jct.2017.03.029#d1#p1,10000,278.35,323,44.65,10,3,3,True,"[""10.1016/j.jct.2017.03.029#d1#p1#r15"",""10.1016/j.jct.2017.03.029#d1#p1#r17"",""10.1016/j.jct.2017.03.029#d1#p1#r19""]","[""10.1016/j.jct.2017.03.029#d1#p1#r1"",""10.1016/j.jct.2017.03.029#d1#p1#r2"",""10.1016/j.jct.2017.03.029#d1#p1#r3"",""10.1016/j.jct.2017.03.029#d1#p1#r4"",""10.1016/j.jct.2017.03.029#d1#p1#r5"",""10.1016/j.jct.2017.03.029#d1#p1#r6""]",3,6,3
ep_26e62e9dea16248a,mol_4b404db342a0b6d3,grp_5ed1239f1de5ca2c,validation,10.1016/j.jct.2014.04.026,10.1016/j.jct.2014.04.026#d11#p1,10000,278.42,341.9,63.48,33,10,10,True,"[""10.1016/j.jct.2014.04.026#d11#p1#r30"",""10.1016/j.jct.2014.04.026#d11#p1#r34"",""10.1016/j.jct.2014.04.026#d11#p1#r39""]","[""10.1016/j.jct.2014.04.026#d11#p1#r10"",""10.1016/j.jct.2014.04.026#d11#p1#r11"",""10.1016/j.jct.2014.04.026#d11#p1#r12"",""10.1016/j.jct.2014.04.026#d11#p1#r13"",""10.1016/j.jct.2014.04.026#d11#p1#r14"",""10.1016/j.jct.2014.04.026#d11#p1#r15"",""10.1016/j.jct.2014.04.026#d11#p1#r16"",""10.1016/j.jct.2014.04.026#d11#p1#r6"",""10.1016/j.jct.2014.04.026#d11#p1#r7"",""10.1016/j.jct.2014.04.026#d11#p1#r8"",""10.1016/j.jct.2014.04.026#d11#p1#r9""]",3,11,10
ep_2721f6174c08f010,mol_649ec05a23e0b398,grp_649ec05a23e0b398,train,10.1021/je100605v,10.1021/je100605v#d1#p1,10000,335,432,97,36,20,5,True,"[""10.1021/je100605v#d1#p1#r17"",""10.1021/je100605v#d1#p1#r26"",""10.1021/je100605v#d1#p1#r36""]","[""10.1021/je100605v#d1#p1#r1"",""10.1021/je100605v#d1#p1#r2"",""10.1021/je100605v#d1#p1#r3"",""10.1021/je100605v#d1#p1#r4"",""10.1021/je100605v#d1#p1#r5""]",3,5,5
ep_290e41d22e4ae3b4,mol_51066cb4cb97b45d,grp_468c9a97902f6f3f,test,10.1016/j.fluid.2014.12.023,10.1016/j.fluid.2014.12.023#d12#p1,10000,278.2,316.4,38.2,19,4,7,True,"[""10.1016/j.fluid.2014.12.023#d12#p1#r16"",""10.1016/j.fluid.2014.12.023#d12#p1#r17"",""10.1016/j.fluid.2014.12.023#d12#p1#r19""]","[""10.1016/j.fluid.2014.12.023#d12#p1#r1"",""10.1016/j.fluid.2014.12.023#d12#p1#r2"",""10.1016/j.fluid.2014.12.023#d12#p1#r3"",""10.1016/j.fluid.2014.12.023#d12#p1#r4"",""10.1016/j.fluid.2014.12.023#d12#p1#r5"",""10.1016/j.fluid.2014.12.023#d12#p1#r6"",""10.1016/j.fluid.2014.12.023#d12#p1#r7""]",3,7,7
ep_295102ff9ca003b4,mol_1871fd7f7f59d3ae,grp_5dea7427c65d07c7,train,10.1016/j.fluid.2012.08.003,10.1016/j.fluid.2012.08.003#d5#p1,10000,274.25,313.4,39.15,13,5,5,True,"[""10.1016/j.fluid.2012.08.003#d5#p1#r11"",""10.1016/j.fluid.2012.08.003#d5#p1#r13"",""10.1016/j.fluid.2012.08.003#d5#p1#r15""]","[""10.1016/j.fluid.2012.08.003#d5#p1#r1"",""10.1016/j.fluid.2012.08.003#d5#p1#r2"",""10.1016/j.fluid.2012.08.003#d5#p1#r3"",""10.1016/j.fluid.2012.08.003#d5#p1#r4"",""10.1016/j.fluid.2012.08.003#d5#p1#r5"",""10.1016/j.fluid.2012.08.003#d5#p1#r6"",""10.1016/j.fluid.2012.08.003#d5#p1#r7""]",3,7,5
ep_29a965da141b59c8,mol_1a01bcbf9578c5ef,grp_5ed1239f1de5ca2c,validation,10.1016/j.jct.2018.07.020,10.1016/j.jct.2018.07.020#d6#p1,10000,296,340.6,44.6,10,3,3,True,"[""10.1016/j.jct.2018.07.020#d6#p1#r8"",""10.1016/j.jct.2018.07.020#d6#p1#r9"",""10.1016/j.jct.2018.07.020#d6#p1#r10""]","[""10.1016/j.jct.2018.07.020#d6#p1#r1"",""10.1016/j.jct.2018.07.020#d6#p1#r2"",""10.1016/j.jct.2018.07.020#d6#p1#r3""]",3,3,3
ep_2b135a014dfc86d2,mol_1c88c0062a21140c,grp_5dea7427c65d07c7,train,10.1021/je100398m,10.1021/je100398m#d4#p1,10000,258.17,308.16,49.99,11,3,3,True,"[""10.1021/je100398m#d4#p1#r20"",""10.1021/je100398m#d4#p1#r22"",""10.1021/je100398m#d4#p1#r24""]","[""10.1021/je100398m#d4#p1#r1"",""10.1021/je100398m#d4#p1#r2"",""10.1021/je100398m#d4#p1#r3"",""10.1021/je100398m#d4#p1#r4"",""10.1021/je100398m#d4#p1#r5"",""10.1021/je100398m#d4#p1#r7"",""10.1021/je100398m#d4#p1#r9""]",3,7,3
ep_2b6a6c7ddc433e30,mol_9bae39b547067706,grp_5dea7427c65d07c7,train,10.1016/j.jct.2017.03.029,10.1016/j.jct.2017.03.029#d2#p1,10000,290.6,338,47.4,19,3,7,True,"[""10.1016/j.jct.2017.03.029#d2#p1#r20"",""10.1016/j.jct.2017.03.029#d2#p1#r21"",""10.1016/j.jct.2017.03.029#d2#p1#r22""]","[""10.1016/j.jct.2017.03.029#d2#p1#r1"",""10.1016/j.jct.2017.03.029#d2#p1#r2"",""10.1016/j.jct.2017.03.029#d2#p1#r23"",""10.1016/j.jct.2017.03.029#d2#p1#r24"",""10.1016/j.jct.2017.03.029#d2#p1#r25"",""10.1016/j.jct.2017.03.029#d2#p1#r26"",""10.1016/j.jct.2017.03.029#d2#p1#r27"",""10.1016/j.jct.2017.03.029#d2#p1#r3"",""10.1016/j.jct.2017.03.029#d2#p1#r4"",""10.1016/j.jct.2017.03.029#d2#p1#r5""]",3,10,7
ep_2bd42477f9487f36,mol_e5ba696e954bd32c,grp_5dea7427c65d07c7,train,10.1016/j.jct.2011.11.004,10.1016/j.jct.2011.11.004#d8#p1,10000,273.5,323.1,49.6,24,4,13,True,"[""10.1016/j.jct.2011.11.004#d8#p1#r26"",""10.1016/j.jct.2011.11.004#d8#p1#r28"",""10.1016/j.jct.2011.11.004#d8#p1#r32""]","[""10.1016/j.jct.2011.11.004#d8#p1#r1"",""10.1016/j.jct.2011.11.004#d8#p1#r10"",""10.1016/j.jct.2011.11.004#d8#p1#r11"",""10.1016/j.jct.2011.11.004#d8#p1#r12"",""10.1016/j.jct.2011.11.004#d8#p1#r13"",""10.1016/j.jct.2011.11.004#d8#p1#r14"",""10.1016/j.jct.2011.11.004#d8#p1#r15"",""10.1016/j.jct.2011.11.004#d8#p1#r16"",""10.1016/j.jct.2011.11.004#d8#p1#r2"",""10.1016/j.jct.2011.11.004#d8#p1#r3"",""10.1016/j.jct.2011.11.004#d8#p1#r4"",""10.1016/j.jct.2011.11.004#d8#p1#r5"",""10.1016/j.jct.2011.11.004#d8#p1#r6"",""10.1016/j.jct.2011.11.004#d8#p1#r7"",""10.1016/j.jct.2011.11.004#d8#p1#r8"",""10.1016/j.jct.2011.11.004#d8#p1#r9""]",3,16,13
ep_2c1aa450d737c1b5,mol_4efd3132e13aacfa,grp_5ed1239f1de5ca2c,validation,10.1016/j.fluid.2016.11.010,10.1016/j.fluid.2016.11.010#d8#p1,10000,313,373.1,60.1,16,4,4,True,"[""10.1016/j.fluid.2016.11.010#d8#p1#r13"",""10.1016/j.fluid.2016.11.010#d8#p1#r14"",""10.1016/j.fluid.2016.11.010#d8#p1#r16""]","[""10.1016/j.fluid.2016.11.010#d8#p1#r1"",""10.1016/j.fluid.2016.11.010#d8#p1#r2"",""10.1016/j.fluid.2016.11.010#d8#p1#r3"",""10.1016/j.fluid.2016.11.010#d8#p1#r4""]",3,4,4
ep_2c426f7d5743046e,mol_662ae51843e31097,grp_5dea7427c65d07c7,train,10.1016/j.jct.2014.07.004,10.1016/j.jct.2014.07.004#d4#p1,10000,277.96,314.83,36.87,10,3,4,True,"[""10.1016/j.jct.2014.07.004#d4#p1#r8"",""10.1016/j.jct.2014.07.004#d4#p1#r9"",""10.1016/j.jct.2014.07.004#d4#p1#r10""]","[""10.1016/j.jct.2014.07.004#d4#p1#r1"",""10.1016/j.jct.2014.07.004#d4#p1#r2"",""10.1016/j.jct.2014.07.004#d4#p1#r3"",""10.1016/j.jct.2014.07.004#d4#p1#r4""]",3,4,4
ep_2ce5c23476247d02,mol_85ab1c5001067375,grp_468c9a97902f6f3f,test,10.1016/j.fluid.2014.12.023,10.1016/j.fluid.2014.12.023#d4#p1,10000,275.8,319.5,43.7,15,5,5,True,"[""10.1016/j.fluid.2014.12.023#d4#p1#r11"",""10.1016/j.fluid.2014.12.023#d4#p1#r13"",""10.1016/j.fluid.2014.12.023#d4#p1#r15""]","[""10.1016/j.fluid.2014.12.023#d4#p1#r1"",""10.1016/j.fluid.2014.12.023#d4#p1#r2"",""10.1016/j.fluid.2014.12.023#d4#p1#r3"",""10.1016/j.fluid.2014.12.023#d4#p1#r4"",""10.1016/j.fluid.2014.12.023#d4#p1#r5""]",3,5,5
ep_2d60f4ff83e6753d,mol_a39fe39f3d910b4e,grp_5dea7427c65d07c7,train,10.1021/je049600u,10.1021/je049600u#d4#p1,10000,298.15,398.15,100,21,7,7,True,"[""10.1021/je049600u#d4#p1#r15"",""10.1021/je049600u#d4#p1#r18"",""10.1021/je049600u#d4#p1#r21""]","[""10.1021/je049600u#d4#p1#r1"",""10.1021/je049600u#d4#p1#r2"",""10.1021/je049600u#d4#p1#r3"",""10.1021/je049600u#d4#p1#r4"",""10.1021/je049600u#d4#p1#r5"",""10.1021/je049600u#d4#p1#r6"",""10.1021/je049600u#d4#p1#r7""]",3,7,7
ep_2d712f411ca383a6,mol_ff573fbe94f755cf,grp_ff573fbe94f755cf,test,10.1016/j.jct.2009.04.019,10.1016/j.jct.2009.04.019#d1#p1,10000,283.5,338.4,54.9,35,14,6,True,"[""10.1016/j.jct.2009.04.019#d1#p1#r35"",""10.1016/j.jct.2009.04.019#d1#p1#r47"",""10.1016/j.jct.2009.04.019#d1#p1#r57""]","[""10.1016/j.jct.2009.04.019#d1#p1#r1"",""10.1016/j.jct.2009.04.019#d1#p1#r2"",""10.1016/j.jct.2009.04.019#d1#p1#r3"",""10.1016/j.jct.2009.04.019#d1#p1#r4"",""10.1016/j.jct.2009.04.019#d1#p1#r5"",""10.1016/j.jct.2009.04.019#d1#p1#r6"",""10.1016/j.jct.2009.04.019#d1#p1#r7""]",3,7,6
ep_2d7b1c3b2115e992,mol_4f08598a1604d2a7,grp_5dea7427c65d07c7,train,10.1016/j.fluid.2014.11.026,10.1016/j.fluid.2014.11.026#d3#p1,10000,283.86,327.32,43.46,23,8,7,True,"[""10.1016/j.fluid.2014.11.026#d3#p1#r26"",""10.1016/j.fluid.2014.11.026#d3#p1#r4"",""10.1016/j.fluid.2014.11.026#d3#p1#r23""]","[""10.1016/j.fluid.2014.11.026#d3#p1#r10"",""10.1016/j.fluid.2014.11.026#d3#p1#r11"",""10.1016/j.fluid.2014.11.026#d3#p1#r12"",""10.1016/j.fluid.2014.11.026#d3#p1#r13"",""10.1016/j.fluid.2014.11.026#d3#p1#r14"",""10.1016/j.fluid.2014.11.026#d3#p1#r15"",""10.1016/j.fluid.2014.11.026#d3#p1#r16"",""10.1016/j.fluid.2014.11.026#d3#p1#r30"",""10.1016/j.fluid.2014.11.026#d3#p1#r31"",""10.1016/j.fluid.2014.11.026#d3#p1#r32"",""10.1016/j.fluid.2014.11.026#d3#p1#r33"",""10.1016/j.fluid.2014.11.026#d3#p1#r34"",""10.1016/j.fluid.2014.11.026#d3#p1#r35"",""10.1016/j.fluid.2014.11.026#d3#p1#r49"",""10.1016/j.fluid.2014.11.026#d3#p1#r50"",""10.1016/j.fluid.2014.11.026#d3#p1#r51"",""10.1016/j.fluid.2014.11.026#d3#p1#r52"",""10.1016/j.fluid.2014.11.026#d3#p1#r53"",""10.1016/j.fluid.2014.11.026#d3#p1#r9""]",3,19,7
ep_2db7fafab4572107,mol_bd2ed19f55eb1e21,grp_5dea7427c65d07c7,train,10.1021/je0602418,10.1021/je0602418#d19#p1,10000,291.3,353.1,61.8,14,4,5,True,"[""10.1021/je0602418#d19#p1#r11"",""10.1021/je0602418#d19#p1#r12"",""10.1021/je0602418#d19#p1#r14""]","[""10.1021/je0602418#d19#p1#r1"",""10.1021/je0602418#d19#p1#r2"",""10.1021/je0602418#d19#p1#r3"",""10.1021/je0602418#d19#p1#r4"",""10.1021/je0602418#d19#p1#r5""]",3,5,5
ep_2e09ee56135f4f07,mol_cf0b37e316ba5ed0,grp_d765adb1eb55a46a,validation,10.1021/je301333b,10.1021/je301333b#d21#p1,10000,278.15,348.15,70,15,5,5,True,"[""10.1021/je301333b#d21#p1#r11"",""10.1021/je301333b#d21#p1#r13"",""10.1021/je301333b#d21#p1#r15""]","[""10.1021/je301333b#d21#p1#r1"",""10.1021/je301333b#d21#p1#r2"",""10.1021/je301333b#d21#p1#r3"",""10.1021/je301333b#d21#p1#r4"",""10.1021/je301333b#d21#p1#r5""]",3,5,5
ep_2e14683fc1ed3460,mol_9ea52b961b4fd060,grp_5dea7427c65d07c7,train,10.1021/je049561m,10.1021/je049561m#d7#p1,10000,275.3,311.2,35.9,13,4,4,True,"[""10.1021/je049561m#d7#p1#r10"",""10.1021/je049561m#d7#p1#r11"",""10.1021/je049561m#d7#p1#r13""]","[""10.1021/je049561m#d7#p1#r1"",""10.1021/je049561m#d7#p1#r2"",""10.1021/je049561m#d7#p1#r3"",""10.1021/je049561m#d7#p1#r4""]",3,4,4
ep_2e49b8664ab63942,mol_8b8ce5ecf64b8081,grp_5dea7427c65d07c7,train,10.1021/je200730m,10.1021/je200730m#d1#p1,10000,253.41,362.1,108.69,11,4,3,True,"[""10.1021/je200730m#d1#p1#r8"",""10.1021/je200730m#d1#p1#r9"",""10.1021/je200730m#d1#p1#r11""]","[""10.1021/je200730m#d1#p1#r1"",""10.1021/je200730m#d1#p1#r2"",""10.1021/je200730m#d1#p1#r3""]",3,3,3
ep_30142d7df2aa8732,mol_f7ad98ebbc8da43b,grp_bcf7dc086ea12992,test,10.1016/j.fluid.2019.04.036,10.1016/j.fluid.2019.04.036#d3#p1,10000,278.5,319.4,40.9,25,9,6,True,"[""10.1016/j.fluid.2019.04.036#d3#p1#r16"",""10.1016/j.fluid.2019.04.036#d3#p1#r21"",""10.1016/j.fluid.2019.04.036#d3#p1#r24""]","[""10.1016/j.fluid.2019.04.036#d3#p1#r1"",""10.1016/j.fluid.2019.04.036#d3#p1#r2"",""10.1016/j.fluid.2019.04.036#d3#p1#r3"",""10.1016/j.fluid.2019.04.036#d3#p1#r4"",""10.1016/j.fluid.2019.04.036#d3#p1#r5"",""10.1016/j.fluid.2019.04.036#d3#p1#r6""]",3,6,6
ep_31b81f0f87809f10,mol_741aa7c2f731c8a3,grp_5dea7427c65d07c7,train,10.1016/j.jct.2013.10.039,10.1016/j.jct.2013.10.039#d1#p1,10000,273.11,373.15,100.04,16,7,4,True,"[""10.1016/j.jct.2013.10.039#d1#p1#r22"",""10.1016/j.jct.2013.10.039#d1#p1#r12"",""10.1016/j.jct.2013.10.039#d1#p1#r25""]","[""10.1016/j.jct.2013.10.039#d1#p1#r1"",""10.1016/j.jct.2013.10.039#d1#p1#r2"",""10.1016/j.jct.2013.10.039#d1#p1#r3"",""10.1016/j.jct.2013.10.039#d1#p1#r4""]",3,4,4
ep_32f26901a0773815,mol_8095247005666df6,grp_5dea7427c65d07c7,train,10.1016/j.jct.2005.08.003,10.1016/j.jct.2005.08.003#d1#p1,10000,274.5,309.1,34.6,13,4,4,True,"[""10.1016/j.jct.2005.08.003#d1#p1#r10"",""10.1016/j.jct.2005.08.003#d1#p1#r11"",""10.1016/j.jct.2005.08.003#d1#p1#r13""]","[""10.1016/j.jct.2005.08.003#d1#p1#r1"",""10.1016/j.jct.2005.08.003#d1#p1#r2"",""10.1016/j.jct.2005.08.003#d1#p1#r3"",""10.1016/j.jct.2005.08.003#d1#p1#r4""]",3,4,4
ep_3339fbbfa66a5652,mol_17d7810440ddcdc4,grp_5dea7427c65d07c7,train,10.1021/je100231g,10.1021/je100231g#d3#p1,10000,290.2,345.5,55.3,21,7,6,True,"[""10.1021/je100231g#d3#p1#r16"",""10.1021/je100231g#d3#p1#r19"",""10.1021/je100231g#d3#p1#r22""]","[""10.1021/je100231g#d3#p1#r1"",""10.1021/je100231g#d3#p1#r2"",""10.1021/je100231g#d3#p1#r3"",""10.1021/je100231g#d3#p1#r4"",""10.1021/je100231g#d3#p1#r5"",""10.1021/je100231g#d3#p1#r6""]",3,6,6
ep_33bba189f19450fc,mol_5362c7a729bf211e,grp_5dea7427c65d07c7,train,10.1016/j.fluid.2008.02.001,10.1016/j.fluid.2008.02.001#d5#p1,10000,273.7,308.4,34.7,21,7,8,True,"[""10.1016/j.fluid.2008.02.001#d5#p1#r16"",""10.1016/j.fluid.2008.02.001#d5#p1#r19"",""10.1016/j.fluid.2008.02.001#d5#p1#r22""]","[""10.1016/j.fluid.2008.02.001#d5#p1#r1"",""10.1016/j.fluid.2008.02.001#d5#p1#r2"",""10.1016/j.fluid.2008.02.001#d5#p1#r3"",""10.1016/j.fluid.2008.02.001#d5#p1#r4"",""10.1016/j.fluid.2008.02.001#d5#p1#r5"",""10.1016/j.fluid.2008.02.001#d5#p1#r6"",""10.1016/j.fluid.2008.02.001#d5#p1#r7"",""10.1016/j.fluid.2008.02.001#d5#p1#r8"",""10.1016/j.fluid.2008.02.001#d5#p1#r9""]",3,9,8
ep_3700df5c2ddb9fb8,mol_6cab4fbead32f0ef,grp_5dea7427c65d07c7,train,10.1021/je200730m,10.1021/je200730m#d2#p1,10000,273.26,402.13,128.87,12,4,4,True,"[""10.1021/je200730m#d2#p1#r9"",""10.1021/je200730m#d2#p1#r10"",""10.1021/je200730m#d2#p1#r12""]","[""10.1021/je200730m#d2#p1#r1"",""10.1021/je200730m#d2#p1#r2"",""10.1021/je200730m#d2#p1#r3"",""10.1021/je200730m#d2#p1#r4""]",3,4,4
ep_374a9c691b457b71,mol_d9ec66217e35d939,grp_5dea7427c65d07c7,train,10.1021/acs.jced.6b00576,10.1021/acs.jced.6b00576#d8#p1,10000,273.18,313.47,40.29,10,3,2,True,"[""10.1021/acs.jced.6b00576#d8#p1#r8"",""10.1021/acs.jced.6b00576#d8#p1#r9"",""10.1021/acs.jced.6b00576#d8#p1#r10""]","[""10.1021/acs.jced.6b00576#d8#p1#r1"",""10.1021/acs.jced.6b00576#d8#p1#r2""]",3,2,2
ep_378f60b59ec6a84e,mol_370b202074e9a40f,grp_5085cd785cc4c7f4,test,10.1016/j.jct.2013.05.047,10.1016/j.jct.2013.05.047#d8#p1,10000,303.2,370.51,67.31,35,11,11,True,"[""10.1016/j.jct.2013.05.047#d8#p1#r25"",""10.1016/j.jct.2013.05.047#d8#p1#r30"",""10.1016/j.jct.2013.05.047#d8#p1#r35""]","[""10.1016/j.jct.2013.05.047#d8#p1#r1"",""10.1016/j.jct.2013.05.047#d8#p1#r10"",""10.1016/j.jct.2013.05.047#d8#p1#r11"",""10.1016/j.jct.2013.05.047#d8#p1#r2"",""10.1016/j.jct.2013.05.047#d8#p1#r3"",""10.1016/j.jct.2013.05.047#d8#p1#r4"",""10.1016/j.jct.2013.05.047#d8#p1#r5"",""10.1016/j.jct.2013.05.047#d8#p1#r6"",""10.1016/j.jct.2013.05.047#d8#p1#r7"",""10.1016/j.jct.2013.05.047#d8#p1#r8"",""10.1016/j.jct.2013.05.047#d8#p1#r9""]",3,11,11
ep_37a34da49db4bda6,mol_f184b9645fb1446a,grp_4b1804fb3acb405a,validation,10.1016/j.jct.2017.07.008,10.1016/j.jct.2017.07.008#d1#p1,10000,351.15,408.27,57.12,24,8,8,True,"[""10.1016/j.jct.2017.07.008#d1#p1#r17"",""10.1016/j.jct.2017.07.008#d1#p1#r20"",""10.1016/j.jct.2017.07.008#d1#p1#r24""]","[""10.1016/j.jct.2017.07.008#d1#p1#r1"",""10.1016/j.jct.2017.07.008#d1#p1#r2"",""10.1016/j.jct.2017.07.008#d1#p1#r3"",""10.1016/j.jct.2017.07.008#d1#p1#r4"",""10.1016/j.jct.2017.07.008#d1#p1#r5"",""10.1016/j.jct.2017.07.008#d1#p1#r6"",""10.1016/j.jct.2017.07.008#d1#p1#r7"",""10.1016/j.jct.2017.07.008#d1#p1#r8""]",3,8,8
ep_37a74b100626d0a7,mol_71d239be146a61dd,grp_5dea7427c65d07c7,train,10.1016/j.jct.2019.01.007,10.1016/j.jct.2019.01.007#d6#p1,10000,313.35,355.15,41.8,18,6,6,True,"[""10.1016/j.jct.2019.01.007#d6#p1#r4"",""10.1016/j.jct.2019.01.007#d6#p1#r3"",""10.1016/j.jct.2019.01.007#d6#p1#r15""]","[""10.1016/j.jct.2019.01.007#d6#p1#r16"",""10.1016/j.jct.2019.01.007#d6#p1#r21"",""10.1016/j.jct.2019.01.007#d6#p1#r22"",""10.1016/j.jct.2019.01.007#d6#p1#r5"",""10.1016/j.jct.2019.01.007#d6#p1#r6"",""10.1016/j.jct.2019.01.007#d6#p1#r7""]",3,6,6
ep_38690462ef3b9330,mol_b89af8061b7557f6,grp_5dea7427c65d07c7,train,10.1016/j.jct.2018.07.029,10.1016/j.jct.2018.07.029#d1#p1,10000,274.4,318.2,43.8,27,10,8,True,"[""10.1016/j.jct.2018.07.029#d1#p1#r19"",""10.1016/j.jct.2018.07.029#d1#p1#r24"",""10.1016/j.jct.2018.07.029#d1#p1#r29""]","[""10.1016/j.jct.2018.07.029#d1#p1#r1"",""10.1016/j.jct.2018.07.029#d1#p1#r2"",""10.1016/j.jct.2018.07.029#d1#p1#r3"",""10.1016/j.jct.2018.07.029#d1#p1#r4"",""10.1016/j.jct.2018.07.029#d1#p1#r5"",""10.1016/j.jct.2018.07.029#d1#p1#r6"",""10.1016/j.jct.2018.07.029#d1#p1#r7"",""10.1016/j.jct.2018.07.029#d1#p1#r8""]",3,8,8
ep_39327434b0ca9892,mol_132e4cfc5e4bd727,grp_5dea7427c65d07c7,train,10.1016/j.jct.2016.07.024,10.1016/j.jct.2016.07.024#d6#p1,10000,372.35,452.65,80.3,9,3,3,True,"[""10.1016/j.jct.2016.07.024#d6#p1#r7"",""10.1016/j.jct.2016.07.024#d6#p1#r8"",""10.1016/j.jct.2016.07.024#d6#p1#r9""]","[""10.1016/j.jct.2016.07.024#d6#p1#r1"",""10.1016/j.jct.2016.07.024#d6#p1#r2"",""10.1016/j.jct.2016.07.024#d6#p1#r3""]",3,3,3
ep_39cbae6cf50b76b5,mol_2d51bd32961be5de,grp_5ed1239f1de5ca2c,validation,10.1021/je300312c,10.1021/je300312c#d6#p1,10000,326.7,375.9,49.2,21,6,8,True,"[""10.1021/je300312c#d6#p1#r16"",""10.1021/je300312c#d6#p1#r18"",""10.1021/je300312c#d6#p1#r21""]","[""10.1021/je300312c#d6#p1#r1"",""10.1021/je300312c#d6#p1#r2"",""10.1021/je300312c#d6#p1#r3"",""10.1021/je300312c#d6#p1#r4"",""10.1021/je300312c#d6#p1#r5"",""10.1021/je300312c#d6#p1#r6"",""10.1021/je300312c#d6#p1#r7"",""10.1021/je300312c#d6#p1#r8""]",3,8,8
ep_3a07a9b104b7fdda,mol_c38e9861aa13f05a,grp_8be27da50ef3b127,train,10.1016/j.jct.2018.05.021,10.1016/j.jct.2018.05.021#d1#p1,10000,299.3,343.7,44.4,15,4,5,True,"[""10.1016/j.jct.2018.05.021#d1#p1#r12"",""10.1016/j.jct.2018.05.021#d1#p1#r13"",""10.1016/j.jct.2018.05.021#d1#p1#r15""]","[""10.1016/j.jct.2018.05.021#d1#p1#r1"",""10.1016/j.jct.2018.05.021#d1#p1#r2"",""10.1016/j.jct.2018.05.021#d1#p1#r3"",""10.1016/j.jct.2018.05.021#d1#p1#r4"",""10.1016/j.jct.2018.05.021#d1#p1#r5""]",3,5,5
ep_3ae13d74426019e8,mol_1bdf322c4ebd3d63,grp_5dea7427c65d07c7,train,10.1016/j.jct.2018.08.025,10.1016/j.jct.2018.08.025#d1#p1,10000,293.22,422.17,128.95,14,4,4,True,"[""10.1016/j.jct.2018.08.025#d1#p1#r19"",""10.1016/j.jct.2018.08.025#d1#p1#r21"",""10.1016/j.jct.2018.08.025#d1#p1#r27""]","[""10.1016/j.jct.2018.08.025#d1#p1#r1"",""10.1016/j.jct.2018.08.025#d1#p1#r2"",""10.1016/j.jct.2018.08.025#d1#p1#r3"",""10.1016/j.jct.2018.08.025#d1#p1#r5"",""10.1016/j.jct.2018.08.025#d1#p1#r6""]",3,5,4
ep_3b1fbfac5a116a44,mol_7d3c668ba3d76cd7,grp_5dea7427c65d07c7,train,10.1016/j.jct.2006.10.007,10.1016/j.jct.2006.10.007#d4#p1,10000,275.3,311.2,35.9,13,4,4,True,"[""10.1016/j.jct.2006.10.007#d4#p1#r10"",""10.1016/j.jct.2006.10.007#d4#p1#r11"",""10.1016/j.jct.2006.10.007#d4#p1#r13""]","[""10.1016/j.jct.2006.10.007#d4#p1#r1"",""10.1016/j.jct.2006.10.007#d4#p1#r2"",""10.1016/j.jct.2006.10.007#d4#p1#r3"",""10.1016/j.jct.2006.10.007#d4#p1#r4""]",3,4,4
ep_3b2b0a411b766ac2,mol_2634d93cfb57c01a,grp_05168514f8646cd3,test,10.1021/je049595u,10.1021/je049595u#d28#p1,10000,315.614,404.974,89.36,10,3,3,True,"[""10.1021/je049595u#d28#p1#r8"",""10.1021/je049595u#d28#p1#r9"",""10.1021/je049595u#d28#p1#r10""]","[""10.1021/je049595u#d28#p1#r1"",""10.1021/je049595u#d28#p1#r2"",""10.1021/je049595u#d28#p1#r3""]",3,3,3
ep_3ba6252dc1f8c760,mol_b29c79d05f29858b,grp_5dea7427c65d07c7,train,10.1016/j.jct.2004.08.004,10.1016/j.jct.2004.08.004#d7#p1,10000,318.1,363.2,45.1,15,5,4,True,"[""10.1016/j.jct.2004.08.004#d7#p1#r13"",""10.1016/j.jct.2004.08.004#d7#p1#r15"",""10.1016/j.jct.2004.08.004#d7#p1#r17""]","[""10.1016/j.jct.2004.08.004#d7#p1#r3"",""10.1016/j.jct.2004.08.004#d7#p1#r4"",""10.1016/j.jct.2004.08.004#d7#p1#r5"",""10.1016/j.jct.2004.08.004#d7#p1#r6""]",3,4,4
ep_3ca3b4ed84d25643,mol_29b0042d758abfd8,grp_5dea7427c65d07c7,train,10.1021/je060406c,10.1021/je060406c#d4#p1,10000,287.8,363.3,75.5,19,5,7,True,"[""10.1021/je060406c#d4#p1#r17"",""10.1021/je060406c#d4#p1#r19"",""10.1021/je060406c#d4#p1#r21""]","[""10.1021/je060406c#d4#p1#r1"",""10.1021/je060406c#d4#p1#r2"",""10.1021/je060406c#d4#p1#r3"",""10.1021/je060406c#d4#p1#r4"",""10.1021/je060406c#d4#p1#r5"",""10.1021/je060406c#d4#p1#r6"",""10.1021/je060406c#d4#p1#r7""]",3,7,7
ep_3d091a55657e7d9f,mol_90b69659cd0ca4f3,grp_5dea7427c65d07c7,train,10.1016/j.tca.2017.12.006,10.1016/j.tca.2017.12.006#d2#p1,10000,293.5,348.8,55.3,12,4,4,True,"[""10.1016/j.tca.2017.12.006#d2#p1#r9"",""10.1016/j.tca.2017.12.006#d2#p1#r10"",""10.1016/j.tca.2017.12.006#d2#p1#r12""]","[""10.1016/j.tca.2017.12.006#d2#p1#r1"",""10.1016/j.tca.2017.12.006#d2#p1#r2"",""10.1016/j.tca.2017.12.006#d2#p1#r3"",""10.1016/j.tca.2017.12.006#d2#p1#r4""]",3,4,4
ep_3d25b39e1a013ece,mol_22be8c33c22b0b12,grp_5dea7427c65d07c7,train,10.1021/je500784s,10.1021/je500784s#d9#p1,10000,283.2,325.1,41.9,12,5,3,True,"[""10.1021/je500784s#d9#p1#r8"",""10.1021/je500784s#d9#p1#r10"",""10.1021/je500784s#d9#p1#r12""]","[""10.1021/je500784s#d9#p1#r1"",""10.1021/je500784s#d9#p1#r2"",""10.1021/je500784s#d9#p1#r3""]",3,3,3
ep_3ef1f62f8dc20088,mol_a10b91d37db2843a,grp_4099771604350c09,test,10.1021/je200336c,10.1021/je200336c#d8#p1,10000,335.6,374.1,38.5,30,9,8,True,"[""10.1021/je200336c#d8#p1#r34"",""10.1021/je200336c#d8#p1#r40"",""10.1021/je200336c#d8#p1#r46""]","[""10.1021/je200336c#d8#p1#r10"",""10.1021/je200336c#d8#p1#r11"",""10.1021/je200336c#d8#p1#r12"",""10.1021/je200336c#d8#p1#r13"",""10.1021/je200336c#d8#p1#r14"",""10.1021/je200336c#d8#p1#r15"",""10.1021/je200336c#d8#p1#r16"",""10.1021/je200336c#d8#p1#r17"",""10.1021/je200336c#d8#p1#r9""]",3,9,8
ep_3f29b6b72d51ff60,mol_61b46555e0b3cc39,grp_9a6e5ce866866615,validation,10.1016/j.fluid.2012.08.020,10.1016/j.fluid.2012.08.020#d14#p1,10000,323,361.3,38.3,16,5,5,True,"[""10.1016/j.fluid.2012.08.020#d14#p1#r12"",""10.1016/j.fluid.2012.08.020#d14#p1#r14"",""10.1016/j.fluid.2012.08.020#d14#p1#r16""]","[""10.1016/j.fluid.2012.08.020#d14#p1#r1"",""10.1016/j.fluid.2012.08.020#d14#p1#r2"",""10.1016/j.fluid.2012.08.020#d14#p1#r3"",""10.1016/j.fluid.2012.08.020#d14#p1#r4"",""10.1016/j.fluid.2012.08.020#d14#p1#r5""]",3,5,5
ep_3fa67619e8f764cf,mol_65b0a8e37b1d0b65,grp_9a6e5ce866866615,validation,10.1016/j.jct.2010.05.002,10.1016/j.jct.2010.05.002#d12#p1,10000,327.4,378,50.6,29,9,8,True,"[""10.1016/j.jct.2010.05.002#d12#p1#r22"",""10.1016/j.jct.2010.05.002#d12#p1#r26"",""10.1016/j.jct.2010.05.002#d12#p1#r30""]","[""10.1016/j.jct.2010.05.002#d12#p1#r1"",""10.1016/j.jct.2010.05.002#d12#p1#r2"",""10.1016/j.jct.2010.05.002#d12#p1#r3"",""10.1016/j.jct.2010.05.002#d12#p1#r4"",""10.1016/j.jct.2010.05.002#d12#p1#r5"",""10.1016/j.jct.2010.05.002#d12#p1#r6"",""10.1016/j.jct.2010.05.002#d12#p1#r7"",""10.1016/j.jct.2010.05.002#d12#p1#r8""]",3,8,8
ep_3fa973a4f14eeb90,mol_22159cf19c24ba5e,grp_5dea7427c65d07c7,train,10.1016/j.jct.2004.08.004,10.1016/j.jct.2004.08.004#d3#p1,10000,285.2,323.2,38,23,5,8,True,"[""10.1016/j.jct.2004.08.004#d3#p1#r19"",""10.1016/j.jct.2004.08.004#d3#p1#r22"",""10.1016/j.jct.2004.08.004#d3#p1#r24""]","[""10.1016/j.jct.2004.08.004#d3#p1#r1"",""10.1016/j.jct.2004.08.004#d3#p1#r2"",""10.1016/j.jct.2004.08.004#d3#p1#r3"",""10.1016/j.jct.2004.08.004#d3#p1#r4"",""10.1016/j.jct.2004.08.004#d3#p1#r5"",""10.1016/j.jct.2004.08.004#d3#p1#r6"",""10.1016/j.jct.2004.08.004#d3#p1#r7"",""10.1016/j.jct.2004.08.004#d3#p1#r8""]",3,8,8
ep_40252867b7d8aef5,mol_e7c5258b801f1038,grp_a2fcc12936d735c8,train,10.1016/j.fluid.2019.03.004,10.1016/j.fluid.2019.03.004#d3#p1,10000,293.9,343.5,49.6,11,3,4,True,"[""10.1016/j.fluid.2019.03.004#d3#p1#r12"",""10.1016/j.fluid.2019.03.004#d3#p1#r13"",""10.1016/j.fluid.2019.03.004#d3#p1#r14""]","[""10.1016/j.fluid.2019.03.004#d3#p1#r4"",""10.1016/j.fluid.2019.03.004#d3#p1#r5"",""10.1016/j.fluid.2019.03.004#d3#p1#r6"",""10.1016/j.fluid.2019.03.004#d3#p1#r7""]",3,4,4
ep_40a6d8184aceb8f0,mol_7f9b9c7a996206a7,grp_5dea7427c65d07c7,train,10.1021/acs.jced.6b00576,10.1021/acs.jced.6b00576#d13#p1,10000,276.29,319.53,43.24,14,4,3,True,"[""10.1021/acs.jced.6b00576#d13#p1#r11"",""10.1021/acs.jced.6b00576#d13#p1#r12"",""10.1021/acs.jced.6b00576#d13#p1#r14""]","[""10.1021/acs.jced.6b00576#d13#p1#r1"",""10.1021/acs.jced.6b00576#d13#p1#r2"",""10.1021/acs.jced.6b00576#d13#p1#r3""]",3,3,3
ep_4203f4f9365cdb84,mol_4f342c00679a86c2,grp_5dea7427c65d07c7,train,10.1021/je100231g,10.1021/je100231g#d6#p1,10000,293.6,333.5,39.9,15,5,3,True,"[""10.1021/je100231g#d6#p1#r11"",""10.1021/je100231g#d6#p1#r13"",""10.1021/je100231g#d6#p1#r15""]","[""10.1021/je100231g#d6#p1#r1"",""10.1021/je100231g#d6#p1#r2"",""10.1021/je100231g#d6#p1#r3""]",3,3,3
ep_44a3e9fef74c9884,mol_e687bcf74e76aad5,grp_5dea7427c65d07c7,train,10.1021/je049600u,10.1021/je049600u#d3#p1,10000,298.15,383.15,85,18,6,6,True,"[""10.1021/je049600u#d3#p1#r13"",""10.1021/je049600u#d3#p1#r15"",""10.1021/je049600u#d3#p1#r18""]","[""10.1021/je049600u#d3#p1#r1"",""10.1021/je049600u#d3#p1#r2"",""10.1021/je049600u#d3#p1#r3"",""10.1021/je049600u#d3#p1#r4"",""10.1021/je049600u#d3#p1#r5"",""10.1021/je049600u#d3#p1#r6""]",3,6,6
ep_4ab0172bd6dfa433,mol_e1045e97e4815b23,grp_5dea7427c65d07c7,train,10.1021/je0255980,10.1021/je0255980#d10#p1,10000,274.3,308.2,33.9,23,11,5,True,"[""10.1021/je0255980#d10#p1#r13"",""10.1021/je0255980#d10#p1#r18"",""10.1021/je0255980#d10#p1#r23""]","[""10.1021/je0255980#d10#p1#r1"",""10.1021/je0255980#d10#p1#r2"",""10.1021/je0255980#d10#p1#r3"",""10.1021/je0255980#d10#p1#r4"",""10.1021/je0255980#d10#p1#r5""]",3,5,5
ep_4ac0520bcdfab048,mol_5810135448f6321f,grp_5dea7427c65d07c7,train,10.1016/j.fluid.2012.08.003,10.1016/j.fluid.2012.08.003#d3#p1,10000,276.1,316.4,40.3,13,4,5,True,"[""10.1016/j.fluid.2012.08.003#d3#p1#r13"",""10.1016/j.fluid.2012.08.003#d3#p1#r14"",""10.1016/j.fluid.2012.08.003#d3#p1#r16""]","[""10.1016/j.fluid.2012.08.003#d3#p1#r1"",""10.1016/j.fluid.2012.08.003#d3#p1#r2"",""10.1016/j.fluid.2012.08.003#d3#p1#r3"",""10.1016/j.fluid.2012.08.003#d3#p1#r4"",""10.1016/j.fluid.2012.08.003#d3#p1#r5""]",3,5,5
ep_4b90984efcdd6894,mol_fb304e4936922cdc,grp_642c5927dec37b59,validation,10.1016/j.fluid.2011.07.007,10.1016/j.fluid.2011.07.007#d20#p1,10000,322.6,366.3,43.7,17,5,5,True,"[""10.1016/j.fluid.2011.07.007#d20#p1#r13"",""10.1016/j.fluid.2011.07.007#d20#p1#r15"",""10.1016/j.fluid.2011.07.007#d20#p1#r18""]","[""10.1016/j.fluid.2011.07.007#d20#p1#r1"",""10.1016/j.fluid.2011.07.007#d20#p1#r2"",""10.1016/j.fluid.2011.07.007#d20#p1#r3"",""10.1016/j.fluid.2011.07.007#d20#p1#r4"",""10.1016/j.fluid.2011.07.007#d20#p1#r5""]",3,5,5
ep_4bab3374c5b227a5,mol_e386b69d862ccfe9,grp_554ad3ddcfbe3579,test,10.1016/j.jct.2011.05.004,10.1016/j.jct.2011.05.004#d2#p1,10000,308.2,366.3,58.1,16,7,4,True,"[""10.1016/j.jct.2011.05.004#d2#p1#r10"",""10.1016/j.jct.2011.05.004#d2#p1#r13"",""10.1016/j.jct.2011.05.004#d2#p1#r16""]","[""10.1016/j.jct.2011.05.004#d2#p1#r1"",""10.1016/j.jct.2011.05.004#d2#p1#r2"",""10.1016/j.jct.2011.05.004#d2#p1#r3"",""10.1016/j.jct.2011.05.004#d2#p1#r4""]",3,4,4
ep_4d4dbaa53b2c99bb,mol_27b75bf766b45709,grp_5dea7427c65d07c7,train,10.1016/j.fluid.2015.05.026,10.1016/j.fluid.2015.05.026#d3#p1,10000,253.15,308.15,55,12,4,4,True,"[""10.1016/j.fluid.2015.05.026#d3#p1#r34"",""10.1016/j.fluid.2015.05.026#d3#p1#r37"",""10.1016/j.fluid.2015.05.026#d3#p1#r43""]","[""10.1016/j.fluid.2015.05.026#d3#p1#r10"",""10.1016/j.fluid.2015.05.026#d3#p1#r11"",""10.1016/j.fluid.2015.05.026#d3#p1#r12"",""10.1016/j.fluid.2015.05.026#d3#p1#r13"",""10.1016/j.fluid.2015.05.026#d3#p1#r14"",""10.1016/j.fluid.2015.05.026#d3#p1#r15"",""10.1016/j.fluid.2015.05.026#d3#p1#r16"",""10.1016/j.fluid.2015.05.026#d3#p1#r17"",""10.1016/j.fluid.2015.05.026#d3#p1#r18"",""10.1016/j.fluid.2015.05.026#d3#p1#r19"",""10.1016/j.fluid.2015.05.026#d3#p1#r20"",""10.1016/j.fluid.2015.05.026#d3#p1#r21""]",3,12,4
ep_4f3226913652d56f,mol_09c6576738d86b71,grp_5dea7427c65d07c7,train,10.1016/j.jct.2011.06.008,10.1016/j.jct.2011.06.008#d12#p1,10000,328.2,363.1,34.9,18,5,4,True,"[""10.1016/j.jct.2011.06.008#d12#p1#r14"",""10.1016/j.jct.2011.06.008#d12#p1#r17"",""10.1016/j.jct.2011.06.008#d12#p1#r20""]","[""10.1016/j.jct.2011.06.008#d12#p1#r1"",""10.1016/j.jct.2011.06.008#d12#p1#r2"",""10.1016/j.jct.2011.06.008#d12#p1#r3"",""10.1016/j.jct.2011.06.008#d12#p1#r4""]",3,4,4
ep_4f56f6774433cbf6,mol_b6febdc80ab19a61,grp_5dea7427c65d07c7,train,10.1021/je060406c,10.1021/je060406c#d2#p1,10000,278.4,313.2,34.8,9,3,3,True,"[""10.1021/je060406c#d2#p1#r7"",""10.1021/je060406c#d2#p1#r8"",""10.1021/je060406c#d2#p1#r9""]","[""10.1021/je060406c#d2#p1#r1"",""10.1021/je060406c#d2#p1#r2"",""10.1021/je060406c#d2#p1#r3""]",3,3,3
ep_4f9b151a3e324591,mol_baa3c342cb3d811f,grp_5dea7427c65d07c7,train,10.1016/j.jct.2010.04.015,10.1016/j.jct.2010.04.015#d1#p1,10000,293.29,373,79.71,9,3,3,True,"[""10.1016/j.jct.2010.04.015#d1#p1#r7"",""10.1016/j.jct.2010.04.015#d1#p1#r8"",""10.1016/j.jct.2010.04.015#d1#p1#r9""]","[""10.1016/j.jct.2010.04.015#d1#p1#r1"",""10.1016/j.jct.2010.04.015#d1#p1#r2"",""10.1016/j.jct.2010.04.015#d1#p1#r3""]",3,3,3
ep_4fb27b59016f9b59,mol_819a139398c7c5de,grp_cd9f232caa190183,validation,10.1016/j.jct.2018.11.015,10.1016/j.jct.2018.11.015#d2#p1,10000,350.9,421.57,70.67,8,3,3,True,"[""10.1016/j.jct.2018.11.015#d2#p1#r6"",""10.1016/j.jct.2018.11.015#d2#p1#r7"",""10.1016/j.jct.2018.11.015#d2#p1#r8""]","[""10.1016/j.jct.2018.11.015#d2#p1#r1"",""10.1016/j.jct.2018.11.015#d2#p1#r2"",""10.1016/j.jct.2018.11.015#d2#p1#r3""]",3,3,3
ep_507fd330ae722183,mol_6af5d7e3ca0bc16f,grp_cd9f232caa190183,validation,10.1016/j.jct.2012.04.006,10.1016/j.jct.2012.04.006#d5#p1,10000,360.71,428.01,67.3,35,11,11,True,"[""10.1016/j.jct.2012.04.006#d5#p1#r25"",""10.1016/j.jct.2012.04.006#d5#p1#r30"",""10.1016/j.jct.2012.04.006#d5#p1#r35""]","[""10.1016/j.jct.2012.04.006#d5#p1#r1"",""10.1016/j.jct.2012.04.006#d5#p1#r10"",""10.1016/j.jct.2012.04.006#d5#p1#r11"",""10.1016/j.jct.2012.04.006#d5#p1#r2"",""10.1016/j.jct.2012.04.006#d5#p1#r3"",""10.1016/j.jct.2012.04.006#d5#p1#r4"",""10.1016/j.jct.2012.04.006#d5#p1#r5"",""10.1016/j.jct.2012.04.006#d5#p1#r6"",""10.1016/j.jct.2012.04.006#d5#p1#r7"",""10.1016/j.jct.2012.04.006#d5#p1#r8"",""10.1016/j.jct.2012.04.006#d5#p1#r9""]",3,11,11
ep_51c11848158c9d76,mol_9e960601c6c0fbaf,grp_f74960087f7dfc07,validation,10.1021/je300584m,10.1021/je300584m#d10#p1,10000,409.98,441.42,31.44,17,5,5,True,"[""10.1021/je300584m#d10#p1#r15"",""10.1021/je300584m#d10#p1#r18"",""10.1021/je300584m#d10#p1#r20""]","[""10.1021/je300584m#d10#p1#r1"",""10.1021/je300584m#d10#p1#r2"",""10.1021/je300584m#d10#p1#r3"",""10.1021/je300584m#d10#p1#r4"",""10.1021/je300584m#d10#p1#r5""]",3,5,5
ep_523a536dad190a2e,mol_bf39f6deed5d4b6a,grp_5dea7427c65d07c7,train,10.1021/acs.jced.7b00099,10.1021/acs.jced.7b00099#d4#p1,10000,351.75,443.15,91.4,21,6,6,True,"[""10.1021/acs.jced.7b00099#d4#p1#r11"",""10.1021/acs.jced.7b00099#d4#p1#r12"",""10.1021/acs.jced.7b00099#d4#p1#r31""]","[""10.1021/acs.jced.7b00099#d4#p1#r1"",""10.1021/acs.jced.7b00099#d4#p1#r15"",""10.1021/acs.jced.7b00099#d4#p1#r16"",""10.1021/acs.jced.7b00099#d4#p1#r17"",""10.1021/acs.jced.7b00099#d4#p1#r2"",""10.1021/acs.jced.7b00099#d4#p1#r24"",""10.1021/acs.jced.7b00099#d4#p1#r25"",""10.1021/acs.jced.7b00099#d4#p1#r3"",""10.1021/acs.jced.7b00099#d4#p1#r4""]",3,9,6
ep_53f0258fc8ebf75d,mol_ce50f4cf8290e782,grp_5dea7427c65d07c7,train,10.1021/je9004905,10.1021/je9004905#d3#p1,10000,295.85,355.98,60.13,15,6,3,True,"[""10.1021/je9004905#d3#p1#r10"",""10.1021/je9004905#d3#p1#r12"",""10.1021/je9004905#d3#p1#r15""]","[""10.1021/je9004905#d3#p1#r1"",""10.1021/je9004905#d3#p1#r2"",""10.1021/je9004905#d3#p1#r3""]",3,3,3
ep_541611bfb480d90f,mol_038035dca3f815f6,grp_5dea7427c65d07c7,train,10.1016/j.fluid.2019.112241,10.1016/j.fluid.2019.112241#d4#p1,10000,293.2,333.1,39.9,14,5,5,True,"[""10.1016/j.fluid.2019.112241#d4#p1#r10"",""10.1016/j.fluid.2019.112241#d4#p1#r12"",""10.1016/j.fluid.2019.112241#d4#p1#r14""]","[""10.1016/j.fluid.2019.112241#d4#p1#r1"",""10.1016/j.fluid.2019.112241#d4#p1#r2"",""10.1016/j.fluid.2019.112241#d4#p1#r3"",""10.1016/j.fluid.2019.112241#d4#p1#r4"",""10.1016/j.fluid.2019.112241#d4#p1#r5""]",3,5,5
ep_545bab58cf95e579,mol_4430dd0cb0a3c055,grp_5dea7427c65d07c7,train,10.1016/j.fluid.2012.08.003,10.1016/j.fluid.2012.08.003#d8#p1,10000,293.3,348.4,55.1,16,6,6,True,"[""10.1016/j.fluid.2012.08.003#d8#p1#r11"",""10.1016/j.fluid.2012.08.003#d8#p1#r13"",""10.1016/j.fluid.2012.08.003#d8#p1#r16""]","[""10.1016/j.fluid.2012.08.003#d8#p1#r1"",""10.1016/j.fluid.2012.08.003#d8#p1#r2"",""10.1016/j.fluid.2012.08.003#d8#p1#r3"",""10.1016/j.fluid.2012.08.003#d8#p1#r4"",""10.1016/j.fluid.2012.08.003#d8#p1#r5"",""10.1016/j.fluid.2012.08.003#d8#p1#r6""]",3,6,6
ep_54ab0dadf18410f1,mol_595c30aafafcc9d0,grp_01b36fcba0323968,validation,10.1016/j.fluid.2004.11.024,10.1016/j.fluid.2004.11.024#d2#p1,10000,290.2,323.2,33,14,4,4,True,"[""10.1016/j.fluid.2004.11.024#d2#p1#r11"",""10.1016/j.fluid.2004.11.024#d2#p1#r12"",""10.1016/j.fluid.2004.11.024#d2#p1#r14""]","[""10.1016/j.fluid.2004.11.024#d2#p1#r1"",""10.1016/j.fluid.2004.11.024#d2#p1#r2"",""10.1016/j.fluid.2004.11.024#d2#p1#r3"",""10.1016/j.fluid.2004.11.024#d2#p1#r4""]",3,4,4
ep_54cab27bed47447d,mol_1a56e24870b3472e,grp_5dea7427c65d07c7,train,10.1021/je0255980,10.1021/je0255980#d8#p1,10000,276.2,308,31.8,17,4,5,True,"[""10.1021/je0255980#d8#p1#r15"",""10.1021/je0255980#d8#p1#r16"",""10.1021/je0255980#d8#p1#r18""]","[""10.1021/je0255980#d8#p1#r1"",""10.1021/je0255980#d8#p1#r2"",""10.1021/je0255980#d8#p1#r3"",""10.1021/je0255980#d8#p1#r4"",""10.1021/je0255980#d8#p1#r5"",""10.1021/je0255980#d8#p1#r6""]",3,6,5
ep_54ed30dc648379cf,mol_1d9a0acab04fdcd1,grp_2ccb72ac35a31331,train,10.1016/j.jct.2015.02.001,10.1016/j.jct.2015.02.001#d2#p1,10000,276.7,312.2,35.5,13,5,4,True,"[""10.1016/j.jct.2015.02.001#d2#p1#r9"",""10.1016/j.jct.2015.02.001#d2#p1#r11"",""10.1016/j.jct.2015.02.001#d2#p1#r13""]","[""10.1016/j.jct.2015.02.001#d2#p1#r1"",""10.1016/j.jct.2015.02.001#d2#p1#r2"",""10.1016/j.jct.2015.02.001#d2#p1#r3"",""10.1016/j.jct.2015.02.001#d2#p1#r4""]",3,4,4
ep_55b9995e43a89a20,mol_ea2566e6eed8815a,grp_554ad3ddcfbe3579,test,10.1016/j.jct.2011.05.004,10.1016/j.jct.2011.05.004#d1#p1,10000,279.1,341,61.9,23,8,6,True,"[""10.1016/j.jct.2011.05.004#d1#p1#r16"",""10.1016/j.jct.2011.05.004#d1#p1#r19"",""10.1016/j.jct.2011.05.004#d1#p1#r23""]","[""10.1016/j.jct.2011.05.004#d1#p1#r1"",""10.1016/j.jct.2011.05.004#d1#p1#r2"",""10.1016/j.jct.2011.05.004#d1#p1#r3"",""10.1016/j.jct.2011.05.004#d1#p1#r4"",""10.1016/j.jct.2011.05.004#d1#p1#r5"",""10.1016/j.jct.2011.05.004#d1#p1#r6""]",3,6,6
ep_55f78fc340defd15,mol_4603750e706845d0,grp_cd9f232caa190183,validation,10.1016/j.jct.2012.04.006,10.1016/j.jct.2012.04.006#d12#p1,10000,292.33,369.54,77.21,40,12,12,True,"[""10.1016/j.jct.2012.04.006#d12#p1#r34"",""10.1016/j.jct.2012.04.006#d12#p1#r39"",""10.1016/j.jct.2012.04.006#d12#p1#r45""]","[""10.1016/j.jct.2012.04.006#d12#p1#r10"",""10.1016/j.jct.2012.04.006#d12#p1#r11"",""10.1016/j.jct.2012.04.006#d12#p1#r12"",""10.1016/j.jct.2012.04.006#d12#p1#r13"",""10.1016/j.jct.2012.04.006#d12#p1#r14"",""10.1016/j.jct.2012.04.006#d12#p1#r15"",""10.1016/j.jct.2012.04.006#d12#p1#r16"",""10.1016/j.jct.2012.04.006#d12#p1#r17"",""10.1016/j.jct.2012.04.006#d12#p1#r6"",""10.1016/j.jct.2012.04.006#d12#p1#r7"",""10.1016/j.jct.2012.04.006#d12#p1#r8"",""10.1016/j.jct.2012.04.006#d12#p1#r9""]",3,12,12
ep_5655257cd52585d3,mol_1910e4e6f96d50ef,grp_468c9a97902f6f3f,test,10.1016/j.fluid.2014.12.023,10.1016/j.fluid.2014.12.023#d10#p1,10000,280.8,317.6,36.8,20,4,8,True,"[""10.1016/j.fluid.2014.12.023#d10#p1#r17"",""10.1016/j.fluid.2014.12.023#d10#p1#r18"",""10.1016/j.fluid.2014.12.023#d10#p1#r20""]","[""10.1016/j.fluid.2014.12.023#d10#p1#r1"",""10.1016/j.fluid.2014.12.023#d10#p1#r2"",""10.1016/j.fluid.2014.12.023#d10#p1#r3"",""10.1016/j.fluid.2014.12.023#d10#p1#r4"",""10.1016/j.fluid.2014.12.023#d10#p1#r5"",""10.1016/j.fluid.2014.12.023#d10#p1#r6"",""10.1016/j.fluid.2014.12.023#d10#p1#r7"",""10.1016/j.fluid.2014.12.023#d10#p1#r8""]",3,8,8
ep_56718fc7423cb43b,mol_e53a559272965ffc,grp_e53a559272965ffc,train,10.1021/acs.jced.5b00978,10.1021/acs.jced.5b00978#d4#p1,10000,339.83,393.05,53.22,19,6,6,True,"[""10.1021/acs.jced.5b00978#d4#p1#r14"",""10.1021/acs.jced.5b00978#d4#p1#r16"",""10.1021/acs.jced.5b00978#d4#p1#r19""]","[""10.1021/acs.jced.5b00978#d4#p1#r1"",""10.1021/acs.jced.5b00978#d4#p1#r2"",""10.1021/acs.jced.5b00978#d4#p1#r3"",""10.1021/acs.jced.5b00978#d4#p1#r4"",""10.1021/acs.jced.5b00978#d4#p1#r5"",""10.1021/acs.jced.5b00978#d4#p1#r6""]",3,6,6
ep_57780ee15d40f49f,mol_17a72fa1b6a75538,grp_69e3066d23c835df,test,10.1021/je025634v,10.1021/je025634v#d14#p1,10000,293.2,332.2,39,23,5,7,True,"[""10.1021/je025634v#d14#p1#r23"",""10.1021/je025634v#d14#p1#r26"",""10.1021/je025634v#d14#p1#r30""]","[""10.1021/je025634v#d14#p1#r1"",""10.1021/je025634v#d14#p1#r3"",""10.1021/je025634v#d14#p1#r4"",""10.1021/je025634v#d14#p1#r5"",""10.1021/je025634v#d14#p1#r6"",""10.1021/je025634v#d14#p1#r7"",""10.1021/je025634v#d14#p1#r8"",""10.1021/je025634v#d14#p1#r9""]",3,8,7
ep_57cedc54d4ac8bd7,mol_ad64c2cfe3c93488,grp_69e3066d23c835df,test,10.1021/je025634v,10.1021/je025634v#d3#p1,10000,274.1,318.2,44.1,20,5,7,True,"[""10.1021/je025634v#d3#p1#r16"",""10.1021/je025634v#d3#p1#r18"",""10.1021/je025634v#d3#p1#r20""]","[""10.1021/je025634v#d3#p1#r1"",""10.1021/je025634v#d3#p1#r2"",""10.1021/je025634v#d3#p1#r3"",""10.1021/je025634v#d3#p1#r4"",""10.1021/je025634v#d3#p1#r5"",""10.1021/je025634v#d3#p1#r6"",""10.1021/je025634v#d3#p1#r7""]",3,7,7
ep_57d2abeb85f3d5c3,mol_582f643aeadf8be3,grp_5085cd785cc4c7f4,test,10.1016/j.jct.2013.05.047,10.1016/j.jct.2013.05.047#d16#p1,10000,275.44,331.02,55.58,29,9,9,True,"[""10.1016/j.jct.2013.05.047#d16#p1#r22"",""10.1016/j.jct.2013.05.047#d16#p1#r26"",""10.1016/j.jct.2013.05.047#d16#p1#r30""]","[""10.1016/j.jct.2013.05.047#d16#p1#r10"",""10.1016/j.jct.2013.05.047#d16#p1#r2"",""10.1016/j.jct.2013.05.047#d16#p1#r3"",""10.1016/j.jct.2013.05.047#d16#p1#r4"",""10.1016/j.jct.2013.05.047#d16#p1#r5"",""10.1016/j.jct.2013.05.047#d16#p1#r6"",""10.1016/j.jct.2013.05.047#d16#p1#r7"",""10.1016/j.jct.2013.05.047#d16#p1#r8"",""10.1016/j.jct.2013.05.047#d16#p1#r9""]",3,9,9
ep_58127d2ca4863b48,mol_6a1b88d7d4729d66,grp_5dea7427c65d07c7,train,10.1016/j.fluid.2007.09.002,10.1016/j.fluid.2007.09.002#d2#p1,10000,263.15,343.15,80,10,3,3,True,"[""10.1016/j.fluid.2007.09.002#d2#p1#r8"",""10.1016/j.fluid.2007.09.002#d2#p1#r9"",""10.1016/j.fluid.2007.09.002#d2#p1#r10""]","[""10.1016/j.fluid.2007.09.002#d2#p1#r1"",""10.1016/j.fluid.2007.09.002#d2#p1#r2"",""10.1016/j.fluid.2007.09.002#d2#p1#r3""]",3,3,3
ep_58cf07ed13799ef4,mol_d4ef113b8d2f1614,grp_01b36fcba0323968,validation,10.1016/j.fluid.2004.11.024,10.1016/j.fluid.2004.11.024#d3#p1,10000,293.2,333.2,40,16,6,4,True,"[""10.1016/j.fluid.2004.11.024#d3#p1#r11"",""10.1016/j.fluid.2004.11.024#d3#p1#r13"",""10.1016/j.fluid.2004.11.024#d3#p1#r16""]","[""10.1016/j.fluid.2004.11.024#d3#p1#r1"",""10.1016/j.fluid.2004.11.024#d3#p1#r2"",""10.1016/j.fluid.2004.11.024#d3#p1#r3"",""10.1016/j.fluid.2004.11.024#d3#p1#r4""]",3,4,4
ep_58d3db7bf134b49c,mol_757f79c7ac5d216c,grp_5dea7427c65d07c7,train,10.1021/je100231g,10.1021/je100231g#d5#p1,10000,303.5,352.2,48.7,15,6,3,True,"[""10.1021/je100231g#d5#p1#r10"",""10.1021/je100231g#d5#p1#r12"",""10.1021/je100231g#d5#p1#r15""]","[""10.1021/je100231g#d5#p1#r1"",""10.1021/je100231g#d5#p1#r2"",""10.1021/je100231g#d5#p1#r3""]",3,3,3
ep_59360b57d04c6afd,mol_f66338fbde75d97f,grp_756fd67e09bf04a3,validation,10.1016/j.jct.2015.07.025,10.1016/j.jct.2015.07.025#d5#p1,10000,302.1,334.9,32.8,15,4,5,True,"[""10.1016/j.jct.2015.07.025#d5#p1#r13"",""10.1016/j.jct.2015.07.025#d5#p1#r14"",""10.1016/j.jct.2015.07.025#d5#p1#r16""]","[""10.1016/j.jct.2015.07.025#d5#p1#r1"",""10.1016/j.jct.2015.07.025#d5#p1#r2"",""10.1016/j.jct.2015.07.025#d5#p1#r3"",""10.1016/j.jct.2015.07.025#d5#p1#r4"",""10.1016/j.jct.2015.07.025#d5#p1#r5""]",3,5,5
ep_5a05b8cf81e824aa,mol_df36260e25a0f59a,grp_5dea7427c65d07c7,train,10.1016/j.jct.2011.08.009,10.1016/j.jct.2011.08.009#d3#p1,10000,273.15,334,60.85,14,4,4,True,"[""10.1016/j.jct.2011.08.009#d3#p1#r29"",""10.1016/j.jct.2011.08.009#d3#p1#r13"",""10.1016/j.jct.2011.08.009#d3#p1#r17""]","[""10.1016/j.jct.2011.08.009#d3#p1#r1"",""10.1016/j.jct.2011.08.009#d3#p1#r2"",""10.1016/j.jct.2011.08.009#d3#p1#r24"",""10.1016/j.jct.2011.08.009#d3#p1#r25""]",3,4,4
ep_5a35512902fa91d6,mol_71d5b9a9d56bd487,grp_5dea7427c65d07c7,train,10.1016/j.jct.2014.04.022,10.1016/j.jct.2014.04.022#d1#p1,10000,253.15,308.15,55,13,4,4,True,"[""10.1016/j.jct.2014.04.022#d1#p1#r37"",""10.1016/j.jct.2014.04.022#d1#p1#r40"",""10.1016/j.jct.2014.04.022#d1#p1#r46""]","[""10.1016/j.jct.2014.04.022#d1#p1#r10"",""10.1016/j.jct.2014.04.022#d1#p1#r13"",""10.1016/j.jct.2014.04.022#d1#p1#r16"",""10.1016/j.jct.2014.04.022#d1#p1#r17"",""10.1016/j.jct.2014.04.022#d1#p1#r19"",""10.1016/j.jct.2014.04.022#d1#p1#r20""]",3,6,4
ep_5b143476f0d7e2c2,mol_bd766895d345d764,grp_5dea7427c65d07c7,train,10.1021/je049761y,10.1021/je049761y#d2#p1,10000,274.9,320.2,45.3,15,5,5,True,"[""10.1021/je049761y#d2#p1#r12"",""10.1021/je049761y#d2#p1#r14"",""10.1021/je049761y#d2#p1#r16""]","[""10.1021/je049761y#d2#p1#r1"",""10.1021/je049761y#d2#p1#r2"",""10.1021/je049761y#d2#p1#r3"",""10.1021/je049761y#d2#p1#r4"",""10.1021/je049761y#d2#p1#r5""]",3,5,5
ep_5c10e9306129752e,mol_b0b231c8f928cfec,grp_b0b231c8f928cfec,test,10.1016/j.jct.2003.12.012,10.1016/j.jct.2003.12.012#d10#p1,10000,359.977,459.961,99.984,12,4,4,True,"[""10.1016/j.jct.2003.12.012#d10#p1#r9"",""10.1016/j.jct.2003.12.012#d10#p1#r10"",""10.1016/j.jct.2003.12.012#d10#p1#r12""]","[""10.1016/j.jct.2003.12.012#d10#p1#r1"",""10.1016/j.jct.2003.12.012#d10#p1#r2"",""10.1016/j.jct.2003.12.012#d10#p1#r3"",""10.1016/j.jct.2003.12.012#d10#p1#r4""]",3,4,4
ep_5c97d4e1bb653ba3,mol_de3e3d42cdadcfe7,grp_81ebf8339e108f8a,train,10.1016/j.jct.2012.07.027,10.1016/j.jct.2012.07.027#d4#p1,10000,285.3,333.97,48.67,27,8,8,True,"[""10.1016/j.jct.2012.07.027#d4#p1#r20"",""10.1016/j.jct.2012.07.027#d4#p1#r23"",""10.1016/j.jct.2012.07.027#d4#p1#r27""]","[""10.1016/j.jct.2012.07.027#d4#p1#r1"",""10.1016/j.jct.2012.07.027#d4#p1#r2"",""10.1016/j.jct.2012.07.027#d4#p1#r3"",""10.1016/j.jct.2012.07.027#d4#p1#r4"",""10.1016/j.jct.2012.07.027#d4#p1#r5"",""10.1016/j.jct.2012.07.027#d4#p1#r6"",""10.1016/j.jct.2012.07.027#d4#p1#r7"",""10.1016/j.jct.2012.07.027#d4#p1#r8""]",3,8,8
ep_5cc5a98506092c05,mol_d064518a6abf0367,grp_2ccb72ac35a31331,train,10.1016/j.jct.2015.02.001,10.1016/j.jct.2015.02.001#d3#p1,10000,275.2,308,32.8,19,6,6,True,"[""10.1016/j.jct.2015.02.001#d3#p1#r15"",""10.1016/j.jct.2015.02.001#d3#p1#r18"",""10.1016/j.jct.2015.02.001#d3#p1#r21""]","[""10.1016/j.jct.2015.02.001#d3#p1#r1"",""10.1016/j.jct.2015.02.001#d3#p1#r2"",""10.1016/j.jct.2015.02.001#d3#p1#r3"",""10.1016/j.jct.2015.02.001#d3#p1#r4"",""10.1016/j.jct.2015.02.001#d3#p1#r5"",""10.1016/j.jct.2015.02.001#d3#p1#r6""]",3,6,6
ep_5e5a004003272cfa,mol_9d47f5f4c0b23422,grp_eacde2a75ccb5ff9,train,10.1021/je060472e,10.1021/je060472e#d12#p1,10000,273.26,320.52,47.26,20,6,6,True,"[""10.1021/je060472e#d12#p1#r29"",""10.1021/je060472e#d12#p1#r33"",""10.1021/je060472e#d12#p1#r39""]","[""10.1021/je060472e#d12#p1#r1"",""10.1021/je060472e#d12#p1#r10"",""10.1021/je060472e#d12#p1#r11"",""10.1021/je060472e#d12#p1#r3"",""10.1021/je060472e#d12#p1#r4"",""10.1021/je060472e#d12#p1#r5"",""10.1021/je060472e#d12#p1#r6"",""10.1021/je060472e#d12#p1#r7"",""10.1021/je060472e#d12#p1#r8""]",3,9,6
ep_5e6fed8cf007d4e6,mol_924b90bf9563cf86,grp_5dea7427c65d07c7,train,10.1016/j.fluid.2005.09.011,10.1016/j.fluid.2005.09.011#d1#p1,10000,289.31,333.14,43.83,10,3,3,True,"[""10.1016/j.fluid.2005.09.011#d1#p1#r8"",""10.1016/j.fluid.2005.09.011#d1#p1#r9"",""10.1016/j.fluid.2005.09.011#d1#p1#r10""]","[""10.1016/j.fluid.2005.09.011#d1#p1#r1"",""10.1016/j.fluid.2005.09.011#d1#p1#r2"",""10.1016/j.fluid.2005.09.011#d1#p1#r3""]",3,3,3
ep_5e91ce68ae3943ad,mol_4581eaef241767fe,grp_5dea7427c65d07c7,train,10.1021/je400783h,10.1021/je400783h#d8#p1,10000,303.15,383.15,80,17,5,5,True,"[""10.1021/je400783h#d8#p1#r13"",""10.1021/je400783h#d8#p1#r15"",""10.1021/je400783h#d8#p1#r17""]","[""10.1021/je400783h#d8#p1#r1"",""10.1021/je400783h#d8#p1#r2"",""10.1021/je400783h#d8#p1#r3"",""10.1021/je400783h#d8#p1#r4"",""10.1021/je400783h#d8#p1#r5""]",3,5,5
ep_5eaeb7317979704d,mol_440a94c527338aad,grp_5dea7427c65d07c7,train,10.1021/acs.jced.6b00576,10.1021/acs.jced.6b00576#d12#p1,10000,274.39,319.47,45.08,18,5,7,True,"[""10.1021/acs.jced.6b00576#d12#p1#r15"",""10.1021/acs.jced.6b00576#d12#p1#r18"",""10.1021/acs.jced.6b00576#d12#p1#r20""]","[""10.1021/acs.jced.6b00576#d12#p1#r1"",""10.1021/acs.jced.6b00576#d12#p1#r2"",""10.1021/acs.jced.6b00576#d12#p1#r3"",""10.1021/acs.jced.6b00576#d12#p1#r4"",""10.1021/acs.jced.6b00576#d12#p1#r5"",""10.1021/acs.jced.6b00576#d12#p1#r6"",""10.1021/acs.jced.6b00576#d12#p1#r7""]",3,7,7
ep_60731687ee2d8d70,mol_a41185fe88971a35,grp_5ed1239f1de5ca2c,validation,10.1016/j.jct.2018.07.020,10.1016/j.jct.2018.07.020#d14#p1,10000,298.2,358.2,60,14,5,3,True,"[""10.1016/j.jct.2018.07.020#d14#p1#r11"",""10.1016/j.jct.2018.07.020#d14#p1#r13"",""10.1016/j.jct.2018.07.020#d14#p1#r15""]","[""10.1016/j.jct.2018.07.020#d14#p1#r1"",""10.1016/j.jct.2018.07.020#d14#p1#r2"",""10.1016/j.jct.2018.07.020#d14#p1#r3""]",3,3,3
ep_613f3c14ed1b5c3c,mol_deac46acd3625ae3,grp_9a6e5ce866866615,validation,10.1016/j.jct.2010.05.002,10.1016/j.jct.2010.05.002#d6#p1,10000,323.2,353.2,30,14,4,5,True,"[""10.1016/j.jct.2010.05.002#d6#p1#r11"",""10.1016/j.jct.2010.05.002#d6#p1#r12"",""10.1016/j.jct.2010.05.002#d6#p1#r14""]","[""10.1016/j.jct.2010.05.002#d6#p1#r1"",""10.1016/j.jct.2010.05.002#d6#p1#r2"",""10.1016/j.jct.2010.05.002#d6#p1#r3"",""10.1016/j.jct.2010.05.002#d6#p1#r4"",""10.1016/j.jct.2010.05.002#d6#p1#r5""]",3,5,5
ep_615c7d588943174e,mol_3e3fe40dbc9b9649,grp_5ed1239f1de5ca2c,validation,10.1016/j.jct.2014.04.026,10.1016/j.jct.2014.04.026#d7#p1,10000,253.9,293.27,39.37,21,6,7,True,"[""10.1016/j.jct.2014.04.026#d7#p1#r16"",""10.1016/j.jct.2014.04.026#d7#p1#r18"",""10.1016/j.jct.2014.04.026#d7#p1#r21""]","[""10.1016/j.jct.2014.04.026#d7#p1#r1"",""10.1016/j.jct.2014.04.026#d7#p1#r2"",""10.1016/j.jct.2014.04.026#d7#p1#r3"",""10.1016/j.jct.2014.04.026#d7#p1#r4"",""10.1016/j.jct.2014.04.026#d7#p1#r5"",""10.1016/j.jct.2014.04.026#d7#p1#r6"",""10.1016/j.jct.2014.04.026#d7#p1#r7""]",3,7,7
ep_619d2666dd7add38,mol_edce7975f30639d1,grp_edce7975f30639d1,validation,10.1021/je800122x,10.1021/je800122x#d5#p1,10000,303.15,367.15,64,11,6,2,True,"[""10.1021/je800122x#d5#p1#r6"",""10.1021/je800122x#d5#p1#r8"",""10.1021/je800122x#d5#p1#r11""]","[""10.1021/je800122x#d5#p1#r1"",""10.1021/je800122x#d5#p1#r2""]",3,2,2
ep_61a2dfdd2b9ccaeb,mol_6164d1ee39a4a3b0,grp_6164d1ee39a4a3b0,test,10.1016/j.jct.2007.03.011,10.1016/j.jct.2007.03.011#d1#p1,10000,306.3,361.8,55.5,22,4,7,True,"[""10.1016/j.jct.2007.03.011#d1#p1#r21"",""10.1016/j.jct.2007.03.011#d1#p1#r22"",""10.1016/j.jct.2007.03.011#d1#p1#r24""]","[""10.1016/j.jct.2007.03.011#d1#p1#r1"",""10.1016/j.jct.2007.03.011#d1#p1#r2"",""10.1016/j.jct.2007.03.011#d1#p1#r3"",""10.1016/j.jct.2007.03.011#d1#p1#r4"",""10.1016/j.jct.2007.03.011#d1#p1#r5"",""10.1016/j.jct.2007.03.011#d1#p1#r6"",""10.1016/j.jct.2007.03.011#d1#p1#r7""]",3,7,7
ep_61c4e6a17348f7a3,mol_d1cff4074d63e826,grp_468c9a97902f6f3f,test,10.1016/j.fluid.2014.12.023,10.1016/j.fluid.2014.12.023#d2#p1,10000,277.5,319.2,41.7,16,5,6,True,"[""10.1016/j.fluid.2014.12.023#d2#p1#r15"",""10.1016/j.fluid.2014.12.023#d2#p1#r17"",""10.1016/j.fluid.2014.12.023#d2#p1#r19""]","[""10.1016/j.fluid.2014.12.023#d2#p1#r1"",""10.1016/j.fluid.2014.12.023#d2#p1#r2"",""10.1016/j.fluid.2014.12.023#d2#p1#r3"",""10.1016/j.fluid.2014.12.023#d2#p1#r4"",""10.1016/j.fluid.2014.12.023#d2#p1#r5"",""10.1016/j.fluid.2014.12.023#d2#p1#r6"",""10.1016/j.fluid.2014.12.023#d2#p1#r7"",""10.1016/j.fluid.2014.12.023#d2#p1#r8"",""10.1016/j.fluid.2014.12.023#d2#p1#r9""]",3,9,6
ep_62ef056e5302fa65,mol_d3125f71fb8f9281,grp_5dea7427c65d07c7,train,10.1021/je0497799,10.1021/je0497799#d1#p1,10000,329.2,363.2,34,19,7,4,True,"[""10.1021/je0497799#d1#p1#r16"",""10.1021/je0497799#d1#p1#r20"",""10.1021/je0497799#d1#p1#r24""]","[""10.1021/je0497799#d1#p1#r1"",""10.1021/je0497799#d1#p1#r2"",""10.1021/je0497799#d1#p1#r3"",""10.1021/je0497799#d1#p1#r4""]",3,4,4
ep_630edae0d3d3d4ab,mol_2465ec339bda2cbb,grp_5dea7427c65d07c7,train,10.1021/je300736k,10.1021/je300736k#d1#p1,10000,278.15,318.15,40,9,3,3,True,"[""10.1021/je300736k#d1#p1#r7"",""10.1021/je300736k#d1#p1#r8"",""10.1021/je300736k#d1#p1#r9""]","[""10.1021/je300736k#d1#p1#r1"",""10.1021/je300736k#d1#p1#r2"",""10.1021/je300736k#d1#p1#r3""]",3,3,3
ep_64cee8b24945683f,mol_d6ae19349f751551,grp_5dea7427c65d07c7,train,10.1016/j.fluid.2012.08.003,10.1016/j.fluid.2012.08.003#d2#p1,10000,275.4,313.4,38,9,3,3,True,"[""10.1016/j.fluid.2012.08.003#d2#p1#r10"",""10.1016/j.fluid.2012.08.003#d2#p1#r11"",""10.1016/j.fluid.2012.08.003#d2#p1#r13""]","[""10.1016/j.fluid.2012.08.003#d2#p1#r1"",""10.1016/j.fluid.2012.08.003#d2#p1#r2"",""10.1016/j.fluid.2012.08.003#d2#p1#r3""]",3,3,3
ep_653b614400a276e0,mol_8576484ee77b5757,grp_5dea7427c65d07c7,train,10.1016/j.fluid.2019.112241,10.1016/j.fluid.2019.112241#d7#p1,10000,331.5,364.2,32.7,14,5,4,True,"[""10.1016/j.fluid.2019.112241#d7#p1#r17"",""10.1016/j.fluid.2019.112241#d7#p1#r19"",""10.1016/j.fluid.2019.112241#d7#p1#r21""]","[""10.1016/j.fluid.2019.112241#d7#p1#r10"",""10.1016/j.fluid.2019.112241#d7#p1#r6"",""10.1016/j.fluid.2019.112241#d7#p1#r7"",""10.1016/j.fluid.2019.112241#d7#p1#r8"",""10.1016/j.fluid.2019.112241#d7#p1#r9""]",3,5,4
ep_65e592228dfc5625,mol_8a01cf41c2268836,grp_5dea7427c65d07c7,train,10.1021/je050056e,10.1021/je050056e#d1#p1,10000,288.18,333.15,44.97,10,3,3,True,"[""10.1021/je050056e#d1#p1#r8"",""10.1021/je050056e#d1#p1#r9"",""10.1021/je050056e#d1#p1#r10""]","[""10.1021/je050056e#d1#p1#r1"",""10.1021/je050056e#d1#p1#r2"",""10.1021/je050056e#d1#p1#r3""]",3,3,3
ep_6654886f1f9dcb4a,mol_89cd7dc23b3db594,grp_81cd87be3fde4550,test,10.1016/j.jct.2012.05.013,10.1016/j.jct.2012.05.013#d4#p1,10000,322.96,382.51,59.55,13,4,4,True,"[""10.1016/j.jct.2012.05.013#d4#p1#r10"",""10.1016/j.jct.2012.05.013#d4#p1#r11"",""10.1016/j.jct.2012.05.013#d4#p1#r13""]","[""10.1016/j.jct.2012.05.013#d4#p1#r1"",""10.1016/j.jct.2012.05.013#d4#p1#r2"",""10.1016/j.jct.2012.05.013#d4#p1#r3"",""10.1016/j.jct.2012.05.013#d4#p1#r4""]",3,4,4
ep_6671d1a6cbdd3835,mol_06fbc6cb23a1cc98,grp_5dea7427c65d07c7,train,10.1021/je0497799,10.1021/je0497799#d3#p1,10000,282.2,323.6,41.4,18,5,5,True,"[""10.1021/je0497799#d3#p1#r14"",""10.1021/je0497799#d3#p1#r16"",""10.1021/je0497799#d3#p1#r18""]","[""10.1021/je0497799#d3#p1#r1"",""10.1021/je0497799#d3#p1#r2"",""10.1021/je0497799#d3#p1#r3"",""10.1021/je0497799#d3#p1#r4"",""10.1021/je0497799#d3#p1#r5""]",3,5,5
ep_66d4b2dde43f030f,mol_e356f62a95258c32,grp_5dea7427c65d07c7,train,10.1021/je200730m,10.1021/je200730m#d5#p1,10000,333.22,462.3,129.08,14,4,5,True,"[""10.1021/je200730m#d5#p1#r11"",""10.1021/je200730m#d5#p1#r12"",""10.1021/je200730m#d5#p1#r14""]","[""10.1021/je200730m#d5#p1#r1"",""10.1021/je200730m#d5#p1#r2"",""10.1021/je200730m#d5#p1#r3"",""10.1021/je200730m#d5#p1#r4"",""10.1021/je200730m#d5#p1#r5""]",3,5,5
ep_66f43a2e97985127,mol_abb2d836562cde77,grp_5dea7427c65d07c7,train,10.1021/je050334+,10.1021/je050334+#d2#p1,10000,283.9,332.5,48.6,20,5,7,True,"[""10.1021/je050334+#d2#p1#r16"",""10.1021/je050334+#d2#p1#r18"",""10.1021/je050334+#d2#p1#r20""]","[""10.1021/je050334+#d2#p1#r1"",""10.1021/je050334+#d2#p1#r2"",""10.1021/je050334+#d2#p1#r3"",""10.1021/je050334+#d2#p1#r4"",""10.1021/je050334+#d2#p1#r5"",""10.1021/je050334+#d2#p1#r6"",""10.1021/je050334+#d2#p1#r7""]",3,7,7
ep_68c577ea3021ede7,mol_e62082959f534889,grp_4099771604350c09,test,10.1021/je200336c,10.1021/je200336c#d7#p1,10000,325.1,372.8,47.7,18,5,6,True,"[""10.1021/je200336c#d7#p1#r17"",""10.1021/je200336c#d7#p1#r19"",""10.1021/je200336c#d7#p1#r21""]","[""10.1021/je200336c#d7#p1#r2"",""10.1021/je200336c#d7#p1#r3"",""10.1021/je200336c#d7#p1#r4"",""10.1021/je200336c#d7#p1#r5"",""10.1021/je200336c#d7#p1#r6"",""10.1021/je200336c#d7#p1#r7"",""10.1021/je200336c#d7#p1#r8"",""10.1021/je200336c#d7#p1#r9""]",3,8,6
ep_690f858b4572e65f,mol_41941ac4285969b3,grp_41941ac4285969b3,train,10.1021/je700546r,10.1021/je700546r#d27#p1,10000,364.6,394.9,30.3,15,3,6,True,"[""10.1021/je700546r#d27#p1#r10"",""10.1021/je700546r#d27#p1#r11"",""10.1021/je700546r#d27#p1#r12""]","[""10.1021/je700546r#d27#p1#r1"",""10.1021/je700546r#d27#p1#r13"",""10.1021/je700546r#d27#p1#r14"",""10.1021/je700546r#d27#p1#r15"",""10.1021/je700546r#d27#p1#r2"",""10.1021/je700546r#d27#p1#r3"",""10.1021/je700546r#d27#p1#r4""]",3,7,6
ep_6921665c61ab14ce,mol_4ffa7abfb5a2e402,grp_5dea7427c65d07c7,train,10.1016/j.fluid.2008.02.001,10.1016/j.fluid.2008.02.001#d4#p1,10000,278.1,313.2,35.1,14,5,4,True,"[""10.1016/j.fluid.2008.02.001#d4#p1#r10"",""10.1016/j.fluid.2008.02.001#d4#p1#r12"",""10.1016/j.fluid.2008.02.001#d4#p1#r14""]","[""10.1016/j.fluid.2008.02.001#d4#p1#r1"",""10.1016/j.fluid.2008.02.001#d4#p1#r2"",""10.1016/j.fluid.2008.02.001#d4#p1#r3"",""10.1016/j.fluid.2008.02.001#d4#p1#r4""]",3,4,4
ep_692a6b170423d5ff,mol_214efcd2971bdb13,grp_9dc3cc34781e7516,train,10.1016/j.jct.2012.03.027,10.1016/j.jct.2012.03.027#d2#p1,10000,275.55,317.87,42.32,18,6,6,True,"[""10.1016/j.jct.2012.03.027#d2#p1#r13"",""10.1016/j.jct.2012.03.027#d2#p1#r15"",""10.1016/j.jct.2012.03.027#d2#p1#r18""]","[""10.1016/j.jct.2012.03.027#d2#p1#r1"",""10.1016/j.jct.2012.03.027#d2#p1#r2"",""10.1016/j.jct.2012.03.027#d2#p1#r3"",""10.1016/j.jct.2012.03.027#d2#p1#r4"",""10.1016/j.jct.2012.03.027#d2#p1#r5"",""10.1016/j.jct.2012.03.027#d2#p1#r6""]",3,6,6
ep_6960542d1451ce9d,mol_01fe71f6f9ac3752,grp_5dea7427c65d07c7,train,10.1021/je100231g,10.1021/je100231g#d10#p1,10000,318.8,365.3,46.5,15,5,4,True,"[""10.1021/je100231g#d10#p1#r11"",""10.1021/je100231g#d10#p1#r13"",""10.1021/je100231g#d10#p1#r15""]","[""10.1021/je100231g#d10#p1#r1"",""10.1021/je100231g#d10#p1#r2"",""10.1021/je100231g#d10#p1#r3"",""10.1021/je100231g#d10#p1#r4""]",3,4,4
ep_6a3109a501e76885,mol_c4ca44c810d45377,grp_642c5927dec37b59,validation,10.1016/j.fluid.2011.07.007,10.1016/j.fluid.2011.07.007#d18#p1,10000,295.2,325.2,30,16,5,5,True,"[""10.1016/j.fluid.2011.07.007#d18#p1#r12"",""10.1016/j.fluid.2011.07.007#d18#p1#r14"",""10.1016/j.fluid.2011.07.007#d18#p1#r16""]","[""10.1016/j.fluid.2011.07.007#d18#p1#r1"",""10.1016/j.fluid.2011.07.007#d18#p1#r2"",""10.1016/j.fluid.2011.07.007#d18#p1#r3"",""10.1016/j.fluid.2011.07.007#d18#p1#r4"",""10.1016/j.fluid.2011.07.007#d18#p1#r5""]",3,5,5
ep_6aa7d933b2642b04,mol_1bb253e99b0e831f,grp_5dea7427c65d07c7,train,10.1021/je0602418,10.1021/je0602418#d7#p1,10000,278.2,314.3,36.1,15,4,4,True,"[""10.1021/je0602418#d7#p1#r12"",""10.1021/je0602418#d7#p1#r13"",""10.1021/je0602418#d7#p1#r15""]","[""10.1021/je0602418#d7#p1#r1"",""10.1021/je0602418#d7#p1#r2"",""10.1021/je0602418#d7#p1#r3"",""10.1021/je0602418#d7#p1#r4""]",3,4,4
ep_6b51a5e273a9b93f,mol_d4445907461eb33b,grp_5dea7427c65d07c7,train,10.1021/acs.jced.5b00752,10.1021/acs.jced.5b00752#d5#p1,10000,322.213,452.116,129.903,13,3,4,True,"[""10.1021/acs.jced.5b00752#d5#p1#r17"",""10.1021/acs.jced.5b00752#d5#p1#r18"",""10.1021/acs.jced.5b00752#d5#p1#r19""]","[""10.1021/acs.jced.5b00752#d5#p1#r3"",""10.1021/acs.jced.5b00752#d5#p1#r4"",""10.1021/acs.jced.5b00752#d5#p1#r5"",""10.1021/acs.jced.5b00752#d5#p1#r6"",""10.1021/acs.jced.5b00752#d5#p1#r7"",""10.1021/acs.jced.5b00752#d5#p1#r8""]",3,6,4
ep_6b6de0ec41ae96a4,mol_4055100dde2fa368,grp_cd9f232caa190183,validation,10.1016/j.jct.2012.04.006,10.1016/j.jct.2012.04.006#d8#p1,10000,312,342.84,30.84,19,5,7,True,"[""10.1016/j.jct.2012.04.006#d8#p1#r15"",""10.1016/j.jct.2012.04.006#d8#p1#r17"",""10.1016/j.jct.2012.04.006#d8#p1#r19""]","[""10.1016/j.jct.2012.04.006#d8#p1#r1"",""10.1016/j.jct.2012.04.006#d8#p1#r2"",""10.1016/j.jct.2012.04.006#d8#p1#r3"",""10.1016/j.jct.2012.04.006#d8#p1#r4"",""10.1016/j.jct.2012.04.006#d8#p1#r5"",""10.1016/j.jct.2012.04.006#d8#p1#r6"",""10.1016/j.jct.2012.04.006#d8#p1#r7""]",3,7,7
ep_6c6fe642813ca378,mol_f64a37f4f13cc997,grp_5dea7427c65d07c7,train,10.1016/j.fluid.2008.02.001,10.1016/j.fluid.2008.02.001#d9#p1,10000,274.2,319.2,45,13,5,4,True,"[""10.1016/j.fluid.2008.02.001#d9#p1#r9"",""10.1016/j.fluid.2008.02.001#d9#p1#r11"",""10.1016/j.fluid.2008.02.001#d9#p1#r13""]","[""10.1016/j.fluid.2008.02.001#d9#p1#r1"",""10.1016/j.fluid.2008.02.001#d9#p1#r2"",""10.1016/j.fluid.2008.02.001#d9#p1#r3"",""10.1016/j.fluid.2008.02.001#d9#p1#r4""]",3,4,4
ep_6cc9cb5a0345dcf5,mol_919fb7158bc3ca7a,grp_4cb2ec77bd45a869,test,10.1016/j.jct.2005.11.009,10.1016/j.jct.2005.11.009#d4#p1,10000,327.3,363.8,36.5,9,3,3,True,"[""10.1016/j.jct.2005.11.009#d4#p1#r10"",""10.1016/j.jct.2005.11.009#d4#p1#r11"",""10.1016/j.jct.2005.11.009#d4#p1#r12""]","[""10.1016/j.jct.2005.11.009#d4#p1#r4"",""10.1016/j.jct.2005.11.009#d4#p1#r5"",""10.1016/j.jct.2005.11.009#d4#p1#r6""]",3,3,3
ep_6cf1b0953749fe1b,mol_9eafc8e78e05bf3c,grp_5dea7427c65d07c7,train,10.1016/j.fluid.2018.05.032,10.1016/j.fluid.2018.05.032#d12#p1,10000,293.14,342.94,49.8,12,3,4,True,"[""10.1016/j.fluid.2018.05.032#d12#p1#r34"",""10.1016/j.fluid.2018.05.032#d12#p1#r37"",""10.1016/j.fluid.2018.05.032#d12#p1#r40""]","[""10.1016/j.fluid.2018.05.032#d12#p1#r1"",""10.1016/j.fluid.2018.05.032#d12#p1#r13"",""10.1016/j.fluid.2018.05.032#d12#p1#r14"",""10.1016/j.fluid.2018.05.032#d12#p1#r15"",""10.1016/j.fluid.2018.05.032#d12#p1#r16"",""10.1016/j.fluid.2018.05.032#d12#p1#r17"",""10.1016/j.fluid.2018.05.032#d12#p1#r18"",""10.1016/j.fluid.2018.05.032#d12#p1#r19"",""10.1016/j.fluid.2018.05.032#d12#p1#r20"",""10.1016/j.fluid.2018.05.032#d12#p1#r21"",""10.1016/j.fluid.2018.05.032#d12#p1#r4"",""10.1016/j.fluid.2018.05.032#d12#p1#r5"",""10.1016/j.fluid.2018.05.032#d12#p1#r7"",""10.1016/j.fluid.2018.05.032#d12#p1#r8"",""10.1016/j.fluid.2018.05.032#d12#p1#r9""]",3,15,4
ep_6d32c671b4f157e9,mol_c69bf2d8c5c184a7,grp_5dea7427c65d07c7,train,10.1021/je049561m,10.1021/je049561m#d11#p1,10000,278.2,321.2,43,13,4,3,True,"[""10.1021/je049561m#d11#p1#r10"",""10.1021/je049561m#d11#p1#r11"",""10.1021/je049561m#d11#p1#r13""]","[""10.1021/je049561m#d11#p1#r1"",""10.1021/je049561m#d11#p1#r2"",""10.1021/je049561m#d11#p1#r3""]",3,3,3
ep_6d630e3561e5259b,mol_2c26c5ea55ef74f0,grp_5dea7427c65d07c7,train,10.1016/j.tca.2015.03.016,10.1016/j.tca.2015.03.016#d2#p1,10000,275.2,314.2,39,14,4,4,True,"[""10.1016/j.tca.2015.03.016#d2#p1#r11"",""10.1016/j.tca.2015.03.016#d2#p1#r12"",""10.1016/j.tca.2015.03.016#d2#p1#r14""]","[""10.1016/j.tca.2015.03.016#d2#p1#r1"",""10.1016/j.tca.2015.03.016#d2#p1#r2"",""10.1016/j.tca.2015.03.016#d2#p1#r3"",""10.1016/j.tca.2015.03.016#d2#p1#r4""]",3,4,4
ep_6dcab3aeb37d5c24,mol_804f26f30916a635,grp_4099771604350c09,test,10.1021/je200336c,10.1021/je200336c#d9#p1,10000,344,382.7,38.7,15,5,5,True,"[""10.1021/je200336c#d9#p1#r12"",""10.1021/je200336c#d9#p1#r14"",""10.1021/je200336c#d9#p1#r16""]","[""10.1021/je200336c#d9#p1#r2"",""10.1021/je200336c#d9#p1#r3"",""10.1021/je200336c#d9#p1#r4"",""10.1021/je200336c#d9#p1#r5"",""10.1021/je200336c#d9#p1#r6""]",3,5,5
ep_6e37ae8388e05eda,mol_3399c27a16597145,grp_5dea7427c65d07c7,train,10.1016/j.jct.2004.08.004,10.1016/j.jct.2004.08.004#d11#p1,10000,348.1,382.2,34.1,12,4,4,True,"[""10.1016/j.jct.2004.08.004#d11#p1#r10"",""10.1016/j.jct.2004.08.004#d11#p1#r11"",""10.1016/j.jct.2004.08.004#d11#p1#r13""]","[""10.1016/j.jct.2004.08.004#d11#p1#r2"",""10.1016/j.jct.2004.08.004#d11#p1#r3"",""10.1016/j.jct.2004.08.004#d11#p1#r4"",""10.1016/j.jct.2004.08.004#d11#p1#r5""]",3,4,4
ep_6e57536de831e6f1,mol_456cd661d7732899,grp_5dea7427c65d07c7,train,10.1021/je100231g,10.1021/je100231g#d9#p1,10000,313.3,353.5,40.2,19,5,6,True,"[""10.1021/je100231g#d9#p1#r15"",""10.1021/je100231g#d9#p1#r17"",""10.1021/je100231g#d9#p1#r19""]","[""10.1021/je100231g#d9#p1#r1"",""10.1021/je100231g#d9#p1#r2"",""10.1021/je100231g#d9#p1#r3"",""10.1021/je100231g#d9#p1#r4"",""10.1021/je100231g#d9#p1#r5"",""10.1021/je100231g#d9#p1#r6""]",3,6,6
ep_6f2629d68c4280d4,mol_638d35e8475c0c14,grp_5dea7427c65d07c7,train,10.1021/acs.jced.6b00576,10.1021/acs.jced.6b00576#d15#p1,10000,278.95,317.57,38.62,12,3,3,True,"[""10.1021/acs.jced.6b00576#d15#p1#r8"",""10.1021/acs.jced.6b00576#d15#p1#r9"",""10.1021/acs.jced.6b00576#d15#p1#r10""]","[""10.1021/acs.jced.6b00576#d15#p1#r1"",""10.1021/acs.jced.6b00576#d15#p1#r11"",""10.1021/acs.jced.6b00576#d15#p1#r2""]",3,3,3
ep_6fc487a4d69e6499,mol_b6b13d8dfbd75423,grp_5dea7427c65d07c7,train,10.1021/acs.jced.6b00576,10.1021/acs.jced.6b00576#d22#p1,10000,279.05,318.42,39.37,10,3,3,True,"[""10.1021/acs.jced.6b00576#d22#p1#r8"",""10.1021/acs.jced.6b00576#d22#p1#r9"",""10.1021/acs.jced.6b00576#d22#p1#r10""]","[""10.1021/acs.jced.6b00576#d22#p1#r1"",""10.1021/acs.jced.6b00576#d22#p1#r2"",""10.1021/acs.jced.6b00576#d22#p1#r3""]",3,3,3
ep_6fcb4306e4ee754e,mol_d33c3680c5c0ca0a,grp_5dea7427c65d07c7,train,10.1021/je700371w,10.1021/je700371w#d2#p1,10000,328.7,415.63,86.93,17,5,5,True,"[""10.1021/je700371w#d2#p1#r13"",""10.1021/je700371w#d2#p1#r15"",""10.1021/je700371w#d2#p1#r17""]","[""10.1021/je700371w#d2#p1#r1"",""10.1021/je700371w#d2#p1#r2"",""10.1021/je700371w#d2#p1#r3"",""10.1021/je700371w#d2#p1#r4"",""10.1021/je700371w#d2#p1#r5""]",3,5,5
ep_6fd16c78ccc1413c,mol_12e118695cfaacad,grp_5dea7427c65d07c7,train,10.1016/j.jct.2015.08.023,10.1016/j.jct.2015.08.023#d3#p1,10000,263.16,363.2,100.04,12,3,4,True,"[""10.1016/j.jct.2015.08.023#d3#p1#r24"",""10.1016/j.jct.2015.08.023#d3#p1#r25"",""10.1016/j.jct.2015.08.023#d3#p1#r16""]","[""10.1016/j.jct.2015.08.023#d3#p1#r1"",""10.1016/j.jct.2015.08.023#d3#p1#r17"",""10.1016/j.jct.2015.08.023#d3#p1#r18"",""10.1016/j.jct.2015.08.023#d3#p1#r2"",""10.1016/j.jct.2015.08.023#d3#p1#r3""]",3,5,4
ep_713785083b673cd2,mol_cc7d31c3ab545846,grp_5ed1239f1de5ca2c,validation,10.1021/je300312c,10.1021/je300312c#d4#p1,10000,314.2,376,61.8,30,9,8,True,"[""10.1021/je300312c#d4#p1#r22"",""10.1021/je300312c#d4#p1#r26"",""10.1021/je300312c#d4#p1#r30""]","[""10.1021/je300312c#d4#p1#r1"",""10.1021/je300312c#d4#p1#r2"",""10.1021/je300312c#d4#p1#r3"",""10.1021/je300312c#d4#p1#r4"",""10.1021/je300312c#d4#p1#r5"",""10.1021/je300312c#d4#p1#r6"",""10.1021/je300312c#d4#p1#r7"",""10.1021/je300312c#d4#p1#r8""]",3,8,8
ep_7208368515abd863,mol_b2ea93772c7f152a,grp_4099771604350c09,test,10.1021/je200336c,10.1021/je200336c#d1#p1,10000,288.6,343.2,54.6,46,14,12,True,"[""10.1021/je200336c#d1#p1#r42"",""10.1021/je200336c#d1#p1#r48"",""10.1021/je200336c#d1#p1#r55""]","[""10.1021/je200336c#d1#p1#r1"",""10.1021/je200336c#d1#p1#r10"",""10.1021/je200336c#d1#p1#r11"",""10.1021/je200336c#d1#p1#r12"",""10.1021/je200336c#d1#p1#r14"",""10.1021/je200336c#d1#p1#r15"",""10.1021/je200336c#d1#p1#r16"",""10.1021/je200336c#d1#p1#r17"",""10.1021/je200336c#d1#p1#r18"",""10.1021/je200336c#d1#p1#r19"",""10.1021/je200336c#d1#p1#r2"",""10.1021/je200336c#d1#p1#r3"",""10.1021/je200336c#d1#p1#r4"",""10.1021/je200336c#d1#p1#r5"",""10.1021/je200336c#d1#p1#r6"",""10.1021/je200336c#d1#p1#r7"",""10.1021/je200336c#d1#p1#r8"",""10.1021/je200336c#d1#p1#r9""]",3,18,12
ep_729b0988eece1eb9,mol_3f0db888fe369723,grp_5dea7427c65d07c7,train,10.1021/je100231g,10.1021/je100231g#d12#p1,10000,303.2,369.2,66,20,5,4,True,"[""10.1021/je100231g#d12#p1#r16"",""10.1021/je100231g#d12#p1#r18"",""10.1021/je100231g#d12#p1#r20""]","[""10.1021/je100231g#d12#p1#r1"",""10.1021/je100231g#d12#p1#r2"",""10.1021/je100231g#d12#p1#r3"",""10.1021/je100231g#d12#p1#r4""]",3,4,4
ep_72c7bfd829e9b486,mol_d6b8092c9c9b4a40,grp_1ee21e819b209e57,test,10.1021/je2007605,10.1021/je2007605#d4#p1,10000,293.03,348.75,55.72,29,9,9,True,"[""10.1021/je2007605#d4#p1#r21"",""10.1021/je2007605#d4#p1#r25"",""10.1021/je2007605#d4#p1#r29""]","[""10.1021/je2007605#d4#p1#r1"",""10.1021/je2007605#d4#p1#r2"",""10.1021/je2007605#d4#p1#r3"",""10.1021/je2007605#d4#p1#r4"",""10.1021/je2007605#d4#p1#r5"",""10.1021/je2007605#d4#p1#r6"",""10.1021/je2007605#d4#p1#r7"",""10.1021/je2007605#d4#p1#r8"",""10.1021/je2007605#d4#p1#r9""]",3,9,9
ep_73e0f40f20d4cd65,mol_a9c437c33ea28497,grp_5ed1239f1de5ca2c,validation,10.1016/j.jct.2018.07.020,10.1016/j.jct.2018.07.020#d13#p1,10000,315.6,346.4,30.8,13,4,2,True,"[""10.1016/j.jct.2018.07.020#d13#p1#r10"",""10.1016/j.jct.2018.07.020#d13#p1#r11"",""10.1016/j.jct.2018.07.020#d13#p1#r13""]","[""10.1016/j.jct.2018.07.020#d13#p1#r1"",""10.1016/j.jct.2018.07.020#d13#p1#r2""]",3,2,2
ep_7442ca796adbb5ba,mol_7a16410ce17aa41e,grp_9dc3cc34781e7516,train,10.1016/j.fluid.2016.06.011,10.1016/j.fluid.2016.06.011#d8#p1,10000,278.14,327.95,49.81,11,4,4,True,"[""10.1016/j.fluid.2016.06.011#d8#p1#r8"",""10.1016/j.fluid.2016.06.011#d8#p1#r9"",""10.1016/j.fluid.2016.06.011#d8#p1#r11""]","[""10.1016/j.fluid.2016.06.011#d8#p1#r1"",""10.1016/j.fluid.2016.06.011#d8#p1#r2"",""10.1016/j.fluid.2016.06.011#d8#p1#r3"",""10.1016/j.fluid.2016.06.011#d8#p1#r4""]",3,4,4
ep_74e492b16aedfa05,mol_8328a6e934e84481,grp_5dea7427c65d07c7,train,10.1021/acs.jced.7b00295,10.1021/acs.jced.7b00295#d13#p1,10000,253.15,308.15,55,13,4,4,True,"[""10.1021/acs.jced.7b00295#d13#p1#r37"",""10.1021/acs.jced.7b00295#d13#p1#r40"",""10.1021/acs.jced.7b00295#d13#p1#r46""]","[""10.1021/acs.jced.7b00295#d13#p1#r10"",""10.1021/acs.jced.7b00295#d13#p1#r13"",""10.1021/acs.jced.7b00295#d13#p1#r14"",""10.1021/acs.jced.7b00295#d13#p1#r15"",""10.1021/acs.jced.7b00295#d13#p1#r16"",""10.1021/acs.jced.7b00295#d13#p1#r18"",""10.1021/acs.jced.7b00295#d13#p1#r19"",""10.1021/acs.jced.7b00295#d13#p1#r20""]",3,8,4
ep_7586aea85e7dd60f,mol_6fb93874f723608d,grp_554ad3ddcfbe3579,test,10.1016/j.jct.2011.05.004,10.1016/j.jct.2011.05.004#d5#p1,10000,350,380.8,30.8,18,7,5,True,"[""10.1016/j.jct.2011.05.004#d5#p1#r19"",""10.1016/j.jct.2011.05.004#d5#p1#r22"",""10.1016/j.jct.2011.05.004#d5#p1#r25""]","[""10.1016/j.jct.2011.05.004#d5#p1#r10"",""10.1016/j.jct.2011.05.004#d5#p1#r11"",""10.1016/j.jct.2011.05.004#d5#p1#r12"",""10.1016/j.jct.2011.05.004#d5#p1#r8"",""10.1016/j.jct.2011.05.004#d5#p1#r9""]",3,5,5
ep_77220b68a3d01086,mol_3ff2b6ab243e2db7,grp_3ff2b6ab243e2db7,test,10.1016/j.jct.2015.07.028,10.1016/j.jct.2015.07.028#d18#p1,10000,279.12,318.16,39.04,29,8,11,True,"[""10.1016/j.jct.2015.07.028#d18#p1#r44"",""10.1016/j.jct.2015.07.028#d18#p1#r45"",""10.1016/j.jct.2015.07.028#d18#p1#r21""]","[""10.1016/j.jct.2015.07.028#d18#p1#r10"",""10.1016/j.jct.2015.07.028#d18#p1#r11"",""10.1016/j.jct.2015.07.028#d18#p1#r12"",""10.1016/j.jct.2015.07.028#d18#p1#r13"",""10.1016/j.jct.2015.07.028#d18#p1#r14"",""10.1016/j.jct.2015.07.028#d18#p1#r31"",""10.1016/j.jct.2015.07.028#d18#p1#r32"",""10.1016/j.jct.2015.07.028#d18#p1#r37"",""10.1016/j.jct.2015.07.028#d18#p1#r38"",""10.1016/j.jct.2015.07.028#d18#p1#r39"",""10.1016/j.jct.2015.07.028#d18#p1#r40""]",3,11,11
ep_773db9c85d8aab90,mol_449e356636794f41,grp_5dea7427c65d07c7,train,10.1016/j.jct.2011.06.008,10.1016/j.jct.2011.06.008#d10#p1,10000,305.8,358,52.2,22,9,5,True,"[""10.1016/j.jct.2011.06.008#d10#p1#r16"",""10.1016/j.jct.2011.06.008#d10#p1#r20"",""10.1016/j.jct.2011.06.008#d10#p1#r24""]","[""10.1016/j.jct.2011.06.008#d10#p1#r1"",""10.1016/j.jct.2011.06.008#d10#p1#r2"",""10.1016/j.jct.2011.06.008#d10#p1#r3"",""10.1016/j.jct.2011.06.008#d10#p1#r4"",""10.1016/j.jct.2011.06.008#d10#p1#r5"",""10.1016/j.jct.2011.06.008#d10#p1#r6""]",3,6,5
ep_789bc41ea2982d49,mol_43e3cdae7078a32d,grp_5dea7427c65d07c7,train,10.1021/je800530u,10.1021/je800530u#d3#p1,10000,273.18,318.18,45,10,3,3,True,"[""10.1021/je800530u#d3#p1#r8"",""10.1021/je800530u#d3#p1#r9"",""10.1021/je800530u#d3#p1#r10""]","[""10.1021/je800530u#d3#p1#r1"",""10.1021/je800530u#d3#p1#r2"",""10.1021/je800530u#d3#p1#r3""]",3,3,3
ep_7952310127535a19,mol_a028f4db66891af2,grp_5dea7427c65d07c7,train,10.1021/je100231g,10.1021/je100231g#d7#p1,10000,293.3,338.5,45.2,16,4,4,True,"[""10.1021/je100231g#d7#p1#r13"",""10.1021/je100231g#d7#p1#r14"",""10.1021/je100231g#d7#p1#r16""]","[""10.1021/je100231g#d7#p1#r1"",""10.1021/je100231g#d7#p1#r2"",""10.1021/je100231g#d7#p1#r3"",""10.1021/je100231g#d7#p1#r4""]",3,4,4
ep_7a050936afd47368,mol_8c6d4251bbcdb100,grp_5dea7427c65d07c7,train,10.1021/je500784s,10.1021/je500784s#d2#p1,10000,283.8,314.6,30.8,12,4,4,True,"[""10.1021/je500784s#d2#p1#r9"",""10.1021/je500784s#d2#p1#r10"",""10.1021/je500784s#d2#p1#r12""]","[""10.1021/je500784s#d2#p1#r1"",""10.1021/je500784s#d2#p1#r2"",""10.1021/je500784s#d2#p1#r3"",""10.1021/je500784s#d2#p1#r4""]",3,4,4
ep_7aab8011cd48875f,mol_e8aebb5fa90accd4,grp_5dea7427c65d07c7,train,10.1021/je400951k,10.1021/je400951k#d4#p1,10000,381.09,418.66,37.57,8,4,2,True,"[""10.1021/je400951k#d4#p1#r5"",""10.1021/je400951k#d4#p1#r6"",""10.1021/je400951k#d4#p1#r8""]","[""10.1021/je400951k#d4#p1#r1"",""10.1021/je400951k#d4#p1#r2""]",3,2,2
ep_7b75b94de13f311a,mol_fe38c48a132d8ec5,grp_5dea7427c65d07c7,train,10.1021/je049561m,10.1021/je049561m#d3#p1,10000,288.2,353.4,65.2,23,7,5,True,"[""10.1021/je049561m#d3#p1#r23"",""10.1021/je049561m#d3#p1#r26"",""10.1021/je049561m#d3#p1#r29""]","[""10.1021/je049561m#d3#p1#r2"",""10.1021/je049561m#d3#p1#r3"",""10.1021/je049561m#d3#p1#r4"",""10.1021/je049561m#d3#p1#r5"",""10.1021/je049561m#d3#p1#r6""]",3,5,5
ep_7b81c142f69906b4,mol_4b509cb5dad13c84,grp_ee24c20719261d11,validation,10.1016/j.jct.2013.01.009,10.1016/j.jct.2013.01.009#d1#p1,10000,253.19,308.175,54.985,12,4,4,True,"[""10.1016/j.jct.2013.01.009#d1#p1#r31"",""10.1016/j.jct.2013.01.009#d1#p1#r34"",""10.1016/j.jct.2013.01.009#d1#p1#r40""]","[""10.1016/j.jct.2013.01.009#d1#p1#r10"",""10.1016/j.jct.2013.01.009#d1#p1#r11"",""10.1016/j.jct.2013.01.009#d1#p1#r12"",""10.1016/j.jct.2013.01.009#d1#p1#r13"",""10.1016/j.jct.2013.01.009#d1#p1#r16"",""10.1016/j.jct.2013.01.009#d1#p1#r17"",""10.1016/j.jct.2013.01.009#d1#p1#r18"",""10.1016/j.jct.2013.01.009#d1#p1#r7"",""10.1016/j.jct.2013.01.009#d1#p1#r8""]",3,9,4
ep_7b951d5f10a62945,mol_85133c3fe71552de,grp_5dea7427c65d07c7,train,10.1021/je500784s,10.1021/je500784s#d10#p1,10000,275.7,313.1,37.4,11,3,5,True,"[""10.1021/je500784s#d10#p1#r14"",""10.1021/je500784s#d10#p1#r12"",""10.1021/je500784s#d10#p1#r16""]","[""10.1021/je500784s#d10#p1#r1"",""10.1021/je500784s#d10#p1#r2"",""10.1021/je500784s#d10#p1#r3"",""10.1021/je500784s#d10#p1#r4"",""10.1021/je500784s#d10#p1#r5""]",3,5,5
ep_7bbf8c7937364891,mol_b1900020b9218f7f,grp_5dea7427c65d07c7,train,10.1016/j.jct.2005.08.003,10.1016/j.jct.2005.08.003#d2#p1,10000,274.5,306.1,31.6,12,4,4,True,"[""10.1016/j.jct.2005.08.003#d2#p1#r9"",""10.1016/j.jct.2005.08.003#d2#p1#r10"",""10.1016/j.jct.2005.08.003#d2#p1#r12""]","[""10.1016/j.jct.2005.08.003#d2#p1#r1"",""10.1016/j.jct.2005.08.003#d2#p1#r2"",""10.1016/j.jct.2005.08.003#d2#p1#r3"",""10.1016/j.jct.2005.08.003#d2#p1#r4""]",3,4,4
ep_7d3713f89d62608c,mol_c34973a2ea05dcee,grp_5dea7427c65d07c7,train,10.1016/j.jct.2009.09.003,10.1016/j.jct.2009.09.003#d4#p1,10000,295.7,338.1,42.4,20,7,7,True,"[""10.1016/j.jct.2009.09.003#d4#p1#r15"",""10.1016/j.jct.2009.09.003#d4#p1#r18"",""10.1016/j.jct.2009.09.003#d4#p1#r22""]","[""10.1016/j.jct.2009.09.003#d4#p1#r1"",""10.1016/j.jct.2009.09.003#d4#p1#r2"",""10.1016/j.jct.2009.09.003#d4#p1#r3"",""10.1016/j.jct.2009.09.003#d4#p1#r4"",""10.1016/j.jct.2009.09.003#d4#p1#r5"",""10.1016/j.jct.2009.09.003#d4#p1#r6"",""10.1016/j.jct.2009.09.003#d4#p1#r7"",""10.1016/j.jct.2009.09.003#d4#p1#r8""]",3,8,7
ep_7d8cc71f37a9bcd7,mol_463cda24731eaedb,grp_5ed1239f1de5ca2c,validation,10.1021/je300312c,10.1021/je300312c#d7#p1,10000,332.3,375,42.7,21,6,6,True,"[""10.1021/je300312c#d7#p1#r18"",""10.1021/je300312c#d7#p1#r20"",""10.1021/je300312c#d7#p1#r23""]","[""10.1021/je300312c#d7#p1#r3"",""10.1021/je300312c#d7#p1#r4"",""10.1021/je300312c#d7#p1#r5"",""10.1021/je300312c#d7#p1#r6"",""10.1021/je300312c#d7#p1#r7"",""10.1021/je300312c#d7#p1#r8""]",3,6,6
ep_80099f99e663f8ab,mol_34651b4ffde1812d,grp_5dea7427c65d07c7,train,10.1016/j.fluid.2005.11.016,10.1016/j.fluid.2005.11.016#d2#p1,10000,263.15,353.15,90,10,3,3,True,"[""10.1016/j.fluid.2005.11.016#d2#p1#r8"",""10.1016/j.fluid.2005.11.016#d2#p1#r9"",""10.1016/j.fluid.2005.11.016#d2#p1#r10""]","[""10.1016/j.fluid.2005.11.016#d2#p1#r1"",""10.1016/j.fluid.2005.11.016#d2#p1#r2"",""10.1016/j.fluid.2005.11.016#d2#p1#r3""]",3,3,3
ep_8039cf802d74b05f,mol_8e04cff78b5bee09,grp_5dea7427c65d07c7,train,10.1021/je200730m,10.1021/je200730m#d4#p1,10000,313.1,462.43,149.33,12,5,2,True,"[""10.1021/je200730m#d4#p1#r8"",""10.1021/je200730m#d4#p1#r10"",""10.1021/je200730m#d4#p1#r12""]","[""10.1021/je200730m#d4#p1#r1"",""10.1021/je200730m#d4#p1#r2""]",3,2,2
ep_80e591ea617f2cf3,mol_917a799c2b100236,grp_5ed1239f1de5ca2c,validation,10.1016/j.fluid.2016.11.010,10.1016/j.fluid.2016.11.010#d6#p1,10000,323.2,367.9,44.7,10,3,3,True,"[""10.1016/j.fluid.2016.11.010#d6#p1#r8"",""10.1016/j.fluid.2016.11.010#d6#p1#r9"",""10.1016/j.fluid.2016.11.010#d6#p1#r10""]","[""10.1016/j.fluid.2016.11.010#d6#p1#r1"",""10.1016/j.fluid.2016.11.010#d6#p1#r2"",""10.1016/j.fluid.2016.11.010#d6#p1#r3""]",3,3,3
ep_8242ea3afe588831,mol_068db2316970a098,grp_5dea7427c65d07c7,train,10.1021/je060419q,10.1021/je060419q#d7#p1,10000,297.3,357.5,60.2,28,8,7,True,"[""10.1021/je060419q#d7#p1#r24"",""10.1021/je060419q#d7#p1#r27"",""10.1021/je060419q#d7#p1#r31""]","[""10.1021/je060419q#d7#p1#r1"",""10.1021/je060419q#d7#p1#r2"",""10.1021/je060419q#d7#p1#r3"",""10.1021/je060419q#d7#p1#r4"",""10.1021/je060419q#d7#p1#r5"",""10.1021/je060419q#d7#p1#r6"",""10.1021/je060419q#d7#p1#r7"",""10.1021/je060419q#d7#p1#r8""]",3,8,7
ep_82ffd71627a25a9d,mol_ba5eddc45843cc00,grp_ba5eddc45843cc00,train,10.1016/j.jct.2018.01.014,10.1016/j.jct.2018.01.014#d1#p1,10000,288.7,373.1,84.4,22,7,6,True,"[""10.1016/j.jct.2018.01.014#d1#p1#r17"",""10.1016/j.jct.2018.01.014#d1#p1#r20"",""10.1016/j.jct.2018.01.014#d1#p1#r23""]","[""10.1016/j.jct.2018.01.014#d1#p1#r1"",""10.1016/j.jct.2018.01.014#d1#p1#r2"",""10.1016/j.jct.2018.01.014#d1#p1#r3"",""10.1016/j.jct.2018.01.014#d1#p1#r4"",""10.1016/j.jct.2018.01.014#d1#p1#r5"",""10.1016/j.jct.2018.01.014#d1#p1#r6"",""10.1016/j.jct.2018.01.014#d1#p1#r7""]",3,7,6
ep_8310439a7325b529,mol_7a1e2ea9b1feabd1,grp_7a1e2ea9b1feabd1,test,10.1016/j.jct.2016.12.012,10.1016/j.jct.2016.12.012#d16#p1,10000,328.88,378.32,49.44,26,8,8,True,"[""10.1016/j.jct.2016.12.012#d16#p1#r19"",""10.1016/j.jct.2016.12.012#d16#p1#r22"",""10.1016/j.jct.2016.12.012#d16#p1#r26""]","[""10.1016/j.jct.2016.12.012#d16#p1#r1"",""10.1016/j.jct.2016.12.012#d16#p1#r2"",""10.1016/j.jct.2016.12.012#d16#p1#r3"",""10.1016/j.jct.2016.12.012#d16#p1#r4"",""10.1016/j.jct.2016.12.012#d16#p1#r5"",""10.1016/j.jct.2016.12.012#d16#p1#r6"",""10.1016/j.jct.2016.12.012#d16#p1#r7"",""10.1016/j.jct.2016.12.012#d16#p1#r8""]",3,8,8
ep_836307529928630d,mol_39ce5f6b5769ea06,grp_9c9b18c6b3311f2d,train,10.1016/j.tca.2017.07.001,10.1016/j.tca.2017.07.001#d1#p1,10000,274.75,314.1,39.35,9,3,3,True,"[""10.1016/j.tca.2017.07.001#d1#p1#r12"",""10.1016/j.tca.2017.07.001#d1#p1#r14"",""10.1016/j.tca.2017.07.001#d1#p1#r15""]","[""10.1016/j.tca.2017.07.001#d1#p1#r1"",""10.1016/j.tca.2017.07.001#d1#p1#r2"",""10.1016/j.tca.2017.07.001#d1#p1#r3"",""10.1016/j.tca.2017.07.001#d1#p1#r4"",""10.1016/j.tca.2017.07.001#d1#p1#r5"",""10.1016/j.tca.2017.07.001#d1#p1#r6"",""10.1016/j.tca.2017.07.001#d1#p1#r7""]",3,7,3
ep_83a65b001d6a2387,mol_8058f2b63219b26a,grp_d2426a225a128b74,train,10.1021/je034263v,10.1021/je034263v#d2#p1,10000,349.26,414.04,64.78,21,7,7,True,"[""10.1021/je034263v#d2#p1#r15"",""10.1021/je034263v#d2#p1#r18"",""10.1021/je034263v#d2#p1#r21""]","[""10.1021/je034263v#d2#p1#r1"",""10.1021/je034263v#d2#p1#r2"",""10.1021/je034263v#d2#p1#r3"",""10.1021/je034263v#d2#p1#r4"",""10.1021/je034263v#d2#p1#r5"",""10.1021/je034263v#d2#p1#r6"",""10.1021/je034263v#d2#p1#r7""]",3,7,7
ep_8582ab4b191c1299,mol_39442ffdaa2c1862,grp_5085cd785cc4c7f4,test,10.1016/j.jct.2013.05.047,10.1016/j.jct.2013.05.047#d12#p1,10000,336.93,380.41,43.48,23,7,7,True,"[""10.1016/j.jct.2013.05.047#d12#p1#r17"",""10.1016/j.jct.2013.05.047#d12#p1#r20"",""10.1016/j.jct.2013.05.047#d12#p1#r23""]","[""10.1016/j.jct.2013.05.047#d12#p1#r1"",""10.1016/j.jct.2013.05.047#d12#p1#r2"",""10.1016/j.jct.2013.05.047#d12#p1#r3"",""10.1016/j.jct.2013.05.047#d12#p1#r4"",""10.1016/j.jct.2013.05.047#d12#p1#r5"",""10.1016/j.jct.2013.05.047#d12#p1#r6"",""10.1016/j.jct.2013.05.047#d12#p1#r7""]",3,7,7
ep_87ad339d6ccc9829,mol_89b8d3deb9a49ab7,grp_5dea7427c65d07c7,train,10.1016/j.jct.2014.04.022,10.1016/j.jct.2014.04.022#d3#p1,10000,253.15,308.15,55,13,4,4,True,"[""10.1016/j.jct.2014.04.022#d3#p1#r37"",""10.1016/j.jct.2014.04.022#d3#p1#r40"",""10.1016/j.jct.2014.04.022#d3#p1#r46""]","[""10.1016/j.jct.2014.04.022#d3#p1#r10"",""10.1016/j.jct.2014.04.022#d3#p1#r11"",""10.1016/j.jct.2014.04.022#d3#p1#r12"",""10.1016/j.jct.2014.04.022#d3#p1#r13"",""10.1016/j.jct.2014.04.022#d3#p1#r15"",""10.1016/j.jct.2014.04.022#d3#p1#r16"",""10.1016/j.jct.2014.04.022#d3#p1#r17"",""10.1016/j.jct.2014.04.022#d3#p1#r19"",""10.1016/j.jct.2014.04.022#d3#p1#r20""]",3,9,4
ep_883657a5b6ffbfcf,mol_30519df461efd318,grp_5dea7427c65d07c7,train,10.1016/j.jct.2004.08.004,10.1016/j.jct.2004.08.004#d8#p1,10000,327.2,369.2,42,15,5,5,True,"[""10.1016/j.jct.2004.08.004#d8#p1#r11"",""10.1016/j.jct.2004.08.004#d8#p1#r13"",""10.1016/j.jct.2004.08.004#d8#p1#r15""]","[""10.1016/j.jct.2004.08.004#d8#p1#r1"",""10.1016/j.jct.2004.08.004#d8#p1#r2"",""10.1016/j.jct.2004.08.004#d8#p1#r3"",""10.1016/j.jct.2004.08.004#d8#p1#r4"",""10.1016/j.jct.2004.08.004#d8#p1#r5""]",3,5,5
ep_88e7887cb3e8ad95,mol_765dc30ffee1ee3b,grp_5dea7427c65d07c7,train,10.1016/j.fluid.2008.02.001,10.1016/j.fluid.2008.02.001#d11#p1,10000,273.9,313.2,39.3,24,7,10,True,"[""10.1016/j.fluid.2008.02.001#d11#p1#r18"",""10.1016/j.fluid.2008.02.001#d11#p1#r21"",""10.1016/j.fluid.2008.02.001#d11#p1#r24""]","[""10.1016/j.fluid.2008.02.001#d11#p1#r1"",""10.1016/j.fluid.2008.02.001#d11#p1#r10"",""10.1016/j.fluid.2008.02.001#d11#p1#r2"",""10.1016/j.fluid.2008.02.001#d11#p1#r3"",""10.1016/j.fluid.2008.02.001#d11#p1#r4"",""10.1016/j.fluid.2008.02.001#d11#p1#r5"",""10.1016/j.fluid.2008.02.001#d11#p1#r6"",""10.1016/j.fluid.2008.02.001#d11#p1#r7"",""10.1016/j.fluid.2008.02.001#d11#p1#r8"",""10.1016/j.fluid.2008.02.001#d11#p1#r9""]",3,10,10
ep_88eb7d0154150f5e,mol_1caed83bbde05074,grp_fd16eb96ed948225,validation,10.1021/acs.jced.5b01003,10.1021/acs.jced.5b01003#d1#p1,10000,272.2,302.2,30,22,5,7,True,"[""10.1021/acs.jced.5b01003#d1#p1#r18"",""10.1021/acs.jced.5b01003#d1#p1#r20"",""10.1021/acs.jced.5b01003#d1#p1#r22""]","[""10.1021/acs.jced.5b01003#d1#p1#r1"",""10.1021/acs.jced.5b01003#d1#p1#r2"",""10.1021/acs.jced.5b01003#d1#p1#r3"",""10.1021/acs.jced.5b01003#d1#p1#r4"",""10.1021/acs.jced.5b01003#d1#p1#r5"",""10.1021/acs.jced.5b01003#d1#p1#r6"",""10.1021/acs.jced.5b01003#d1#p1#r7""]",3,7,7
ep_88efc6460e99345d,mol_db67b94bf17f5f44,grp_468c9a97902f6f3f,test,10.1016/j.fluid.2014.12.023,10.1016/j.fluid.2014.12.023#d16#p1,10000,275.2,319.6,44.4,23,6,7,True,"[""10.1016/j.fluid.2014.12.023#d16#p1#r20"",""10.1016/j.fluid.2014.12.023#d16#p1#r25"",""10.1016/j.fluid.2014.12.023#d16#p1#r31""]","[""10.1016/j.fluid.2014.12.023#d16#p1#r1"",""10.1016/j.fluid.2014.12.023#d16#p1#r2"",""10.1016/j.fluid.2014.12.023#d16#p1#r3"",""10.1016/j.fluid.2014.12.023#d16#p1#r4"",""10.1016/j.fluid.2014.12.023#d16#p1#r5"",""10.1016/j.fluid.2014.12.023#d16#p1#r6"",""10.1016/j.fluid.2014.12.023#d16#p1#r7""]",3,7,7
ep_89027584e99786c4,mol_561fcf8433aaed32,grp_81cd87be3fde4550,test,10.1021/je060394v,10.1021/je060394v#d7#p1,10000,346.1,379.3,33.2,12,4,4,True,"[""10.1021/je060394v#d7#p1#r12"",""10.1021/je060394v#d7#p1#r13"",""10.1021/je060394v#d7#p1#r15""]","[""10.1021/je060394v#d7#p1#r4"",""10.1021/je060394v#d7#p1#r5"",""10.1021/je060394v#d7#p1#r6"",""10.1021/je060394v#d7#p1#r7""]",3,4,4
ep_8949bd8695e08a96,mol_12f2d4d05a0c8d09,grp_5dea7427c65d07c7,train,10.1021/je500784s,10.1021/je500784s#d17#p1,10000,293.5,328.5,35,14,5,4,True,"[""10.1021/je500784s#d17#p1#r10"",""10.1021/je500784s#d17#p1#r12"",""10.1021/je500784s#d17#p1#r15""]","[""10.1021/je500784s#d17#p1#r1"",""10.1021/je500784s#d17#p1#r2"",""10.1021/je500784s#d17#p1#r3"",""10.1021/je500784s#d17#p1#r4""]",3,4,4
ep_8a1e0937fba19c8e,mol_f614151f22d755d7,grp_8485db366cf61c1d,train,10.1016/j.fluid.2008.04.016,10.1016/j.fluid.2008.04.016#d2#p1,10000,352.15,382.65,30.5,16,4,5,True,"[""10.1016/j.fluid.2008.04.016#d2#p1#r13"",""10.1016/j.fluid.2008.04.016#d2#p1#r14"",""10.1016/j.fluid.2008.04.016#d2#p1#r16""]","[""10.1016/j.fluid.2008.04.016#d2#p1#r1"",""10.1016/j.fluid.2008.04.016#d2#p1#r2"",""10.1016/j.fluid.2008.04.016#d2#p1#r3"",""10.1016/j.fluid.2008.04.016#d2#p1#r4"",""10.1016/j.fluid.2008.04.016#d2#p1#r5""]",3,5,5
ep_8ac8672af638dedc,mol_1e9d2e26a6ddc23d,grp_5dea7427c65d07c7,train,10.1021/je100231g,10.1021/je100231g#d2#p1,10000,283.8,316.3,32.5,13,4,4,True,"[""10.1021/je100231g#d2#p1#r10"",""10.1021/je100231g#d2#p1#r11"",""10.1021/je100231g#d2#p1#r13""]","[""10.1021/je100231g#d2#p1#r1"",""10.1021/je100231g#d2#p1#r2"",""10.1021/je100231g#d2#p1#r3"",""10.1021/je100231g#d2#p1#r4""]",3,4,4
ep_8b2bdde8bfba92bc,mol_0c4b045ac23695a8,grp_0c4b045ac23695a8,train,10.1016/j.jct.2012.01.025,10.1016/j.jct.2012.01.025#d5#p1,10000,354.78,404.3,49.52,21,8,5,True,"[""10.1016/j.jct.2012.01.025#d5#p1#r14"",""10.1016/j.jct.2012.01.025#d5#p1#r17"",""10.1016/j.jct.2012.01.025#d5#p1#r21""]","[""10.1016/j.jct.2012.01.025#d5#p1#r1"",""10.1016/j.jct.2012.01.025#d5#p1#r2"",""10.1016/j.jct.2012.01.025#d5#p1#r3"",""10.1016/j.jct.2012.01.025#d5#p1#r4"",""10.1016/j.jct.2012.01.025#d5#p1#r5""]",3,5,5
ep_8b43b64ca42e0a1c,mol_ca3b44ec05c07486,grp_ca3b44ec05c07486,validation,10.1016/j.jct.2003.11.012,10.1016/j.jct.2003.11.012#d19#p1,10000,334.984,429.965,94.981,12,5,3,True,"[""10.1016/j.jct.2003.11.012#d19#p1#r8"",""10.1016/j.jct.2003.11.012#d19#p1#r10"",""10.1016/j.jct.2003.11.012#d19#p1#r12""]","[""10.1016/j.jct.2003.11.012#d19#p1#r1"",""10.1016/j.jct.2003.11.012#d19#p1#r2"",""10.1016/j.jct.2003.11.012#d19#p1#r3""]",3,3,3
ep_8c015927c28682f5,mol_94e6e3bf1a1fa03f,grp_5dea7427c65d07c7,train,10.1016/j.jct.2013.05.025,10.1016/j.jct.2013.05.025#d6#p1,10000,333.15,393.15,60,13,4,4,True,"[""10.1016/j.jct.2013.05.025#d6#p1#r10"",""10.1016/j.jct.2013.05.025#d6#p1#r11"",""10.1016/j.jct.2013.05.025#d6#p1#r13""]","[""10.1016/j.jct.2013.05.025#d6#p1#r1"",""10.1016/j.jct.2013.05.025#d6#p1#r2"",""10.1016/j.jct.2013.05.025#d6#p1#r3"",""10.1016/j.jct.2013.05.025#d6#p1#r4""]",3,4,4
ep_8c4d4d7635ca5fbb,mol_cf369ca199c477af,grp_554ad3ddcfbe3579,test,10.1016/j.jct.2011.05.004,10.1016/j.jct.2011.05.004#d6#p1,10000,309.2,363.2,54,30,12,7,True,"[""10.1016/j.jct.2011.05.004#d6#p1#r20"",""10.1016/j.jct.2011.05.004#d6#p1#r25"",""10.1016/j.jct.2011.05.004#d6#p1#r31""]","[""10.1016/j.jct.2011.05.004#d6#p1#r1"",""10.1016/j.jct.2011.05.004#d6#p1#r2"",""10.1016/j.jct.2011.05.004#d6#p1#r3"",""10.1016/j.jct.2011.05.004#d6#p1#r4"",""10.1016/j.jct.2011.05.004#d6#p1#r5"",""10.1016/j.jct.2011.05.004#d6#p1#r6"",""10.1016/j.jct.2011.05.004#d6#p1#r7"",""10.1016/j.jct.2011.05.004#d6#p1#r8""]",3,8,7
ep_8e83a87613c57ea1,mol_b50c26b7ff7d996c,grp_c50732a0f7207397,train,10.1016/j.fluid.2015.07.031,10.1016/j.fluid.2015.07.031#d1#p1,10000,293.14,362.93,69.79,15,5,5,True,"[""10.1016/j.fluid.2015.07.031#d1#p1#r31"",""10.1016/j.fluid.2015.07.031#d1#p1#r37"",""10.1016/j.fluid.2015.07.031#d1#p1#r43""]","[""10.1016/j.fluid.2015.07.031#d1#p1#r1"",""10.1016/j.fluid.2015.07.031#d1#p1#r10"",""10.1016/j.fluid.2015.07.031#d1#p1#r11"",""10.1016/j.fluid.2015.07.031#d1#p1#r12"",""10.1016/j.fluid.2015.07.031#d1#p1#r13"",""10.1016/j.fluid.2015.07.031#d1#p1#r14"",""10.1016/j.fluid.2015.07.031#d1#p1#r15"",""10.1016/j.fluid.2015.07.031#d1#p1#r2"",""10.1016/j.fluid.2015.07.031#d1#p1#r3"",""10.1016/j.fluid.2015.07.031#d1#p1#r4"",""10.1016/j.fluid.2015.07.031#d1#p1#r5"",""10.1016/j.fluid.2015.07.031#d1#p1#r58"",""10.1016/j.fluid.2015.07.031#d1#p1#r59"",""10.1016/j.fluid.2015.07.031#d1#p1#r6"",""10.1016/j.fluid.2015.07.031#d1#p1#r60"",""10.1016/j.fluid.2015.07.031#d1#p1#r61"",""10.1016/j.fluid.2015.07.031#d1#p1#r62"",""10.1016/j.fluid.2015.07.031#d1#p1#r63"",""10.1016/j.fluid.2015.07.031#d1#p1#r64"",""10.1016/j.fluid.2015.07.031#d1#p1#r65"",""10.1016/j.fluid.2015.07.031#d1#p1#r66"",""10.1016/j.fluid.2015.07.031#d1#p1#r67"",""10.1016/j.fluid.2015.07.031#d1#p1#r68"",""10.1016/j.fluid.2015.07.031#d1#p1#r69"",""10.1016/j.fluid.2015.07.031#d1#p1#r7"",""10.1016/j.fluid.2015.07.031#d1#p1#r8"",""10.1016/j.fluid.2015.07.031#d1#p1#r9""]",3,27,5
ep_8eeffd5b7791fb3b,mol_77691d2337bfc619,grp_5dea7427c65d07c7,train,10.1021/je0255980,10.1021/je0255980#d11#p1,10000,278.3,314.2,35.9,13,4,4,True,"[""10.1021/je0255980#d11#p1#r10"",""10.1021/je0255980#d11#p1#r11"",""10.1021/je0255980#d11#p1#r13""]","[""10.1021/je0255980#d11#p1#r1"",""10.1021/je0255980#d11#p1#r2"",""10.1021/je0255980#d11#p1#r3"",""10.1021/je0255980#d11#p1#r4""]",3,4,4
ep_8f927ae37fee40b9,mol_3590edb9884753b9,grp_5dea7427c65d07c7,train,10.1021/je9004905,10.1021/je9004905#d1#p1,10000,307.7,384.5,76.8,15,3,7,True,"[""10.1021/je9004905#d1#p1#r13"",""10.1021/je9004905#d1#p1#r14"",""10.1021/je9004905#d1#p1#r15""]","[""10.1021/je9004905#d1#p1#r1"",""10.1021/je9004905#d1#p1#r2"",""10.1021/je9004905#d1#p1#r3"",""10.1021/je9004905#d1#p1#r4"",""10.1021/je9004905#d1#p1#r5"",""10.1021/je9004905#d1#p1#r6"",""10.1021/je9004905#d1#p1#r7""]",3,7,7
ep_8fe523445ed8adef,mol_045382ab2985ca01,grp_045382ab2985ca01,test,10.1021/je100175j,10.1021/je100175j#d13#p1,10000,301.98,361.66,59.68,31,10,9,True,"[""10.1021/je100175j#d13#p1#r22"",""10.1021/je100175j#d13#p1#r26"",""10.1021/je100175j#d13#p1#r31""]","[""10.1021/je100175j#d13#p1#r1"",""10.1021/je100175j#d13#p1#r2"",""10.1021/je100175j#d13#p1#r3"",""10.1021/je100175j#d13#p1#r4"",""10.1021/je100175j#d13#p1#r5"",""10.1021/je100175j#d13#p1#r6"",""10.1021/je100175j#d13#p1#r7"",""10.1021/je100175j#d13#p1#r8"",""10.1021/je100175j#d13#p1#r9""]",3,9,9
ep_8ffc9997b2747770,mol_9f070bda8683a3b6,grp_5dea7427c65d07c7,train,10.1021/je2002489,10.1021/je2002489#d1#p1,10000,323.2,374.2,51,22,7,8,True,"[""10.1021/je2002489#d1#p1#r26"",""10.1021/je2002489#d1#p1#r30"",""10.1021/je2002489#d1#p1#r33""]","[""10.1021/je2002489#d1#p1#r1"",""10.1021/je2002489#d1#p1#r10"",""10.1021/je2002489#d1#p1#r11"",""10.1021/je2002489#d1#p1#r12"",""10.1021/je2002489#d1#p1#r13"",""10.1021/je2002489#d1#p1#r14"",""10.1021/je2002489#d1#p1#r15"",""10.1021/je2002489#d1#p1#r16"",""10.1021/je2002489#d1#p1#r2"",""10.1021/je2002489#d1#p1#r3"",""10.1021/je2002489#d1#p1#r4"",""10.1021/je2002489#d1#p1#r5"",""10.1021/je2002489#d1#p1#r6"",""10.1021/je2002489#d1#p1#r7"",""10.1021/je2002489#d1#p1#r8"",""10.1021/je2002489#d1#p1#r9""]",3,16,8
ep_9041e2f25e10651a,mol_b44b37c017007981,grp_5dea7427c65d07c7,train,10.1021/je800888n,10.1021/je800888n#d2#p1,10000,253.83,313.19,59.36,11,3,2,True,"[""10.1021/je800888n#d2#p1#r10"",""10.1021/je800888n#d2#p1#r12"",""10.1021/je800888n#d2#p1#r15""]","[""10.1021/je800888n#d2#p1#r1"",""10.1021/je800888n#d2#p1#r2""]",3,2,2
ep_90e2ae13a4b97257,mol_f599bee9d7f71e01,grp_5dea7427c65d07c7,train,10.1016/j.tca.2018.07.016,10.1016/j.tca.2018.07.016#d1#p1,10000,275.3,321.2,45.9,15,5,5,True,"[""10.1016/j.tca.2018.07.016#d1#p1#r11"",""10.1016/j.tca.2018.07.016#d1#p1#r13"",""10.1016/j.tca.2018.07.016#d1#p1#r15""]","[""10.1016/j.tca.2018.07.016#d1#p1#r1"",""10.1016/j.tca.2018.07.016#d1#p1#r2"",""10.1016/j.tca.2018.07.016#d1#p1#r3"",""10.1016/j.tca.2018.07.016#d1#p1#r4"",""10.1016/j.tca.2018.07.016#d1#p1#r5""]",3,5,5
ep_90f52cd0e8f25bbb,mol_3deaee44f66bb29c,grp_3deaee44f66bb29c,train,10.1016/j.jct.2008.01.009,10.1016/j.jct.2008.01.009#d15#p1,10000,289.999,369.98,79.981,10,4,3,True,"[""10.1016/j.jct.2008.01.009#d15#p1#r7"",""10.1016/j.jct.2008.01.009#d15#p1#r8"",""10.1016/j.jct.2008.01.009#d15#p1#r10""]","[""10.1016/j.jct.2008.01.009#d15#p1#r1"",""10.1016/j.jct.2008.01.009#d15#p1#r2"",""10.1016/j.jct.2008.01.009#d15#p1#r3""]",3,3,3
ep_919a3a251f653fe0,mol_e7d60690a0df8ab7,grp_27b44b5a9de26f9f,test,10.1016/j.tca.2015.02.004,10.1016/j.tca.2015.02.004#d8#p1,10000,290.85,329.7,38.85,10,3,5,True,"[""10.1016/j.tca.2015.02.004#d8#p1#r21"",""10.1016/j.tca.2015.02.004#d8#p1#r9"",""10.1016/j.tca.2015.02.004#d8#p1#r20""]","[""10.1016/j.tca.2015.02.004#d8#p1#r1"",""10.1016/j.tca.2015.02.004#d8#p1#r13"",""10.1016/j.tca.2015.02.004#d8#p1#r14"",""10.1016/j.tca.2015.02.004#d8#p1#r22"",""10.1016/j.tca.2015.02.004#d8#p1#r6"",""10.1016/j.tca.2015.02.004#d8#p1#r7""]",3,6,5
ep_91dd74ad877c9cd2,mol_7d567108b50dd650,grp_4099771604350c09,test,10.1021/je200336c,10.1021/je200336c#d3#p1,10000,303.3,354.2,50.9,25,10,6,True,"[""10.1021/je200336c#d3#p1#r16"",""10.1021/je200336c#d3#p1#r21"",""10.1021/je200336c#d3#p1#r26""]","[""10.1021/je200336c#d3#p1#r1"",""10.1021/je200336c#d3#p1#r2"",""10.1021/je200336c#d3#p1#r3"",""10.1021/je200336c#d3#p1#r4"",""10.1021/je200336c#d3#p1#r5"",""10.1021/je200336c#d3#p1#r6""]",3,6,6
ep_929355f52894c9a3,mol_e554601fff053edf,grp_5dea7427c65d07c7,train,10.1021/je800530u,10.1021/je800530u#d2#p1,10000,283.15,363.15,80,9,3,3,True,"[""10.1021/je800530u#d2#p1#r7"",""10.1021/je800530u#d2#p1#r8"",""10.1021/je800530u#d2#p1#r9""]","[""10.1021/je800530u#d2#p1#r1"",""10.1021/je800530u#d2#p1#r2"",""10.1021/je800530u#d2#p1#r3""]",3,3,3
ep_9373a188e7fcefac,mol_2850223b4ba7abbb,grp_5dea7427c65d07c7,train,10.1016/j.fluid.2012.08.003,10.1016/j.fluid.2012.08.003#d1#p1,10000,274.25,313.3,39.05,13,5,5,True,"[""10.1016/j.fluid.2012.08.003#d1#p1#r12"",""10.1016/j.fluid.2012.08.003#d1#p1#r14"",""10.1016/j.fluid.2012.08.003#d1#p1#r16""]","[""10.1016/j.fluid.2012.08.003#d1#p1#r1"",""10.1016/j.fluid.2012.08.003#d1#p1#r2"",""10.1016/j.fluid.2012.08.003#d1#p1#r3"",""10.1016/j.fluid.2012.08.003#d1#p1#r4"",""10.1016/j.fluid.2012.08.003#d1#p1#r5"",""10.1016/j.fluid.2012.08.003#d1#p1#r6"",""10.1016/j.fluid.2012.08.003#d1#p1#r7"",""10.1016/j.fluid.2012.08.003#d1#p1#r8""]",3,8,5
ep_93d9f90f9c093ebb,mol_b8293313f61ea38f,grp_5dea7427c65d07c7,train,10.1021/je049561m,10.1021/je049561m#d1#p1,10000,265,363.2,98.2,23,7,7,True,"[""10.1021/je049561m#d1#p1#r27"",""10.1021/je049561m#d1#p1#r30"",""10.1021/je049561m#d1#p1#r33""]","[""10.1021/je049561m#d1#p1#r1"",""10.1021/je049561m#d1#p1#r2"",""10.1021/je049561m#d1#p1#r3"",""10.1021/je049561m#d1#p1#r4"",""10.1021/je049561m#d1#p1#r5"",""10.1021/je049561m#d1#p1#r6"",""10.1021/je049561m#d1#p1#r7"",""10.1021/je049561m#d1#p1#r8""]",3,8,7
ep_94d95dddc7ce2e07,mol_cf8f354d990ebe29,grp_5dea7427c65d07c7,train,10.1021/je0255980,10.1021/je0255980#d1#p1,10000,295.8,326.2,30.4,11,4,4,True,"[""10.1021/je0255980#d1#p1#r8"",""10.1021/je0255980#d1#p1#r10"",""10.1021/je0255980#d1#p1#r12""]","[""10.1021/je0255980#d1#p1#r1"",""10.1021/je0255980#d1#p1#r2"",""10.1021/je0255980#d1#p1#r3"",""10.1021/je0255980#d1#p1#r4""]",3,4,4
ep_95d7338416e8cea3,mol_54948f46fab8b549,grp_5dea7427c65d07c7,train,10.1016/j.fluid.2013.03.008,10.1016/j.fluid.2013.03.008#d2#p1,10000,412.63,468.07,55.44,11,4,3,True,"[""10.1016/j.fluid.2013.03.008#d2#p1#r8"",""10.1016/j.fluid.2013.03.008#d2#p1#r9"",""10.1016/j.fluid.2013.03.008#d2#p1#r11""]","[""10.1016/j.fluid.2013.03.008#d2#p1#r1"",""10.1016/j.fluid.2013.03.008#d2#p1#r2"",""10.1016/j.fluid.2013.03.008#d2#p1#r3""]",3,3,3
ep_9659072970e9a016,mol_c76ad85001d3e770,grp_9a6e5ce866866615,validation,10.1016/j.fluid.2012.08.020,10.1016/j.fluid.2012.08.020#d4#p1,10000,318.8,365.8,47,20,6,6,True,"[""10.1016/j.fluid.2012.08.020#d4#p1#r15"",""10.1016/j.fluid.2012.08.020#d4#p1#r17"",""10.1016/j.fluid.2012.08.020#d4#p1#r20""]","[""10.1016/j.fluid.2012.08.020#d4#p1#r1"",""10.1016/j.fluid.2012.08.020#d4#p1#r2"",""10.1016/j.fluid.2012.08.020#d4#p1#r3"",""10.1016/j.fluid.2012.08.020#d4#p1#r4"",""10.1016/j.fluid.2012.08.020#d4#p1#r5"",""10.1016/j.fluid.2012.08.020#d4#p1#r6""]",3,6,6
ep_96b381c2884d5557,mol_5a4aa50dd3cafc66,grp_5dea7427c65d07c7,train,10.1016/j.fluid.2014.07.029,10.1016/j.fluid.2014.07.029#d3#p1,10000,274.5,307.2,32.7,12,4,4,True,"[""10.1016/j.fluid.2014.07.029#d3#p1#r9"",""10.1016/j.fluid.2014.07.029#d3#p1#r10"",""10.1016/j.fluid.2014.07.029#d3#p1#r12""]","[""10.1016/j.fluid.2014.07.029#d3#p1#r1"",""10.1016/j.fluid.2014.07.029#d3#p1#r2"",""10.1016/j.fluid.2014.07.029#d3#p1#r3"",""10.1016/j.fluid.2014.07.029#d3#p1#r4""]",3,4,4
ep_96d48b7d066e6770,mol_5fdb3f96e8ca0576,grp_9dc3cc34781e7516,train,10.1016/j.fluid.2016.06.011,10.1016/j.fluid.2016.06.011#d11#p1,10000,278.14,327.93,49.79,11,4,3,True,"[""10.1016/j.fluid.2016.06.011#d11#p1#r8"",""10.1016/j.fluid.2016.06.011#d11#p1#r9"",""10.1016/j.fluid.2016.06.011#d11#p1#r11""]","[""10.1016/j.fluid.2016.06.011#d11#p1#r1"",""10.1016/j.fluid.2016.06.011#d11#p1#r2"",""10.1016/j.fluid.2016.06.011#d11#p1#r3""]",3,3,3
ep_97cb4170f2774af0,mol_19e2c18c29f1a863,grp_5dea7427c65d07c7,train,10.1016/j.fluid.2015.05.026,10.1016/j.fluid.2015.05.026#d5#p1,10000,253.15,308.15,55,13,4,4,True,"[""10.1016/j.fluid.2015.05.026#d5#p1#r37"",""10.1016/j.fluid.2015.05.026#d5#p1#r40"",""10.1016/j.fluid.2015.05.026#d5#p1#r46""]","[""10.1016/j.fluid.2015.05.026#d5#p1#r10"",""10.1016/j.fluid.2015.05.026#d5#p1#r11"",""10.1016/j.fluid.2015.05.026#d5#p1#r13"",""10.1016/j.fluid.2015.05.026#d5#p1#r14"",""10.1016/j.fluid.2015.05.026#d5#p1#r15"",""10.1016/j.fluid.2015.05.026#d5#p1#r16"",""10.1016/j.fluid.2015.05.026#d5#p1#r17"",""10.1016/j.fluid.2015.05.026#d5#p1#r18"",""10.1016/j.fluid.2015.05.026#d5#p1#r19"",""10.1016/j.fluid.2015.05.026#d5#p1#r20"",""10.1016/j.fluid.2015.05.026#d5#p1#r21""]",3,11,4
ep_98067765a52df53f,mol_4cc1546235d77149,grp_a2fcc12936d735c8,train,10.1016/j.fluid.2019.03.004,10.1016/j.fluid.2019.03.004#d1#p1,10000,296.5,333.4,36.9,14,5,3,True,"[""10.1016/j.fluid.2019.03.004#d1#p1#r10"",""10.1016/j.fluid.2019.03.004#d1#p1#r12"",""10.1016/j.fluid.2019.03.004#d1#p1#r14""]","[""10.1016/j.fluid.2019.03.004#d1#p1#r1"",""10.1016/j.fluid.2019.03.004#d1#p1#r2"",""10.1016/j.fluid.2019.03.004#d1#p1#r3""]",3,3,3
ep_980c7418a602b1a3,mol_ed685a6001d3930a,grp_5ed1239f1de5ca2c,validation,10.1016/j.jct.2018.07.020,10.1016/j.jct.2018.07.020#d16#p1,10000,294.2,360.8,66.6,14,4,5,True,"[""10.1016/j.jct.2018.07.020#d16#p1#r11"",""10.1016/j.jct.2018.07.020#d16#p1#r12"",""10.1016/j.jct.2018.07.020#d16#p1#r14""]","[""10.1016/j.jct.2018.07.020#d16#p1#r1"",""10.1016/j.jct.2018.07.020#d16#p1#r2"",""10.1016/j.jct.2018.07.020#d16#p1#r3"",""10.1016/j.jct.2018.07.020#d16#p1#r4"",""10.1016/j.jct.2018.07.020#d16#p1#r5""]",3,5,5
ep_98f6fb3f1a7721fe,mol_3828be354437d436,grp_5dea7427c65d07c7,train,10.1016/j.fluid.2012.07.027,10.1016/j.fluid.2012.07.027#d1#p1,10000,427.5,469.1,41.6,10,5,2,True,"[""10.1016/j.fluid.2012.07.027#d1#p1#r6"",""10.1016/j.fluid.2012.07.027#d1#p1#r8"",""10.1016/j.fluid.2012.07.027#d1#p1#r10""]","[""10.1016/j.fluid.2012.07.027#d1#p1#r1"",""10.1016/j.fluid.2012.07.027#d1#p1#r2""]",3,2,2
ep_9946e3f37dcedead,mol_13bbe069dee5316b,grp_05168514f8646cd3,test,10.1021/je049595u,10.1021/je049595u#d11#p1,10000,319.989,404.97,84.981,9,3,3,True,"[""10.1021/je049595u#d11#p1#r7"",""10.1021/je049595u#d11#p1#r8"",""10.1021/je049595u#d11#p1#r9""]","[""10.1021/je049595u#d11#p1#r1"",""10.1021/je049595u#d11#p1#r2"",""10.1021/je049595u#d11#p1#r3""]",3,3,3
ep_9958512512c1af48,mol_f612596591f38885,grp_5dea7427c65d07c7,train,10.1021/je800603z,10.1021/je800603z#d1#p1,10000,292.74,362.67,69.93,8,3,3,True,"[""10.1021/je800603z#d1#p1#r6"",""10.1021/je800603z#d1#p1#r7"",""10.1021/je800603z#d1#p1#r8""]","[""10.1021/je800603z#d1#p1#r1"",""10.1021/je800603z#d1#p1#r2"",""10.1021/je800603z#d1#p1#r3""]",3,3,3
ep_997b51b53239fb4a,mol_218260d18d45a2c9,grp_218260d18d45a2c9,validation,10.1016/j.jct.2015.02.008,10.1016/j.jct.2015.02.008#d12#p1,10000,369.98,439.957,69.977,18,5,5,True,"[""10.1016/j.jct.2015.02.008#d12#p1#r14"",""10.1016/j.jct.2015.02.008#d12#p1#r16"",""10.1016/j.jct.2015.02.008#d12#p1#r18""]","[""10.1016/j.jct.2015.02.008#d12#p1#r1"",""10.1016/j.jct.2015.02.008#d12#p1#r2"",""10.1016/j.jct.2015.02.008#d12#p1#r3"",""10.1016/j.jct.2015.02.008#d12#p1#r4"",""10.1016/j.jct.2015.02.008#d12#p1#r5""]",3,5,5
ep_99860ac42bd69bc2,mol_42dec7eac7c31a97,grp_42dec7eac7c31a97,test,10.1021/acs.jced.6b00470,10.1021/acs.jced.6b00470#d1#p1,10000,398.3,452.4,54.1,10,4,3,True,"[""10.1021/acs.jced.6b00470#d1#p1#r7"",""10.1021/acs.jced.6b00470#d1#p1#r8"",""10.1021/acs.jced.6b00470#d1#p1#r10""]","[""10.1021/acs.jced.6b00470#d1#p1#r1"",""10.1021/acs.jced.6b00470#d1#p1#r2"",""10.1021/acs.jced.6b00470#d1#p1#r3""]",3,3,3
ep_99d8589a47af0535,mol_9b7afa095d460867,grp_9b7afa095d460867,validation,10.1016/j.jct.2013.03.005,10.1016/j.jct.2013.03.005#d4#p1,10000,362.69,400.3,37.61,20,6,6,True,"[""10.1016/j.jct.2013.03.005#d4#p1#r15"",""10.1016/j.jct.2013.03.005#d4#p1#r17"",""10.1016/j.jct.2013.03.005#d4#p1#r20""]","[""10.1016/j.jct.2013.03.005#d4#p1#r1"",""10.1016/j.jct.2013.03.005#d4#p1#r2"",""10.1016/j.jct.2013.03.005#d4#p1#r3"",""10.1016/j.jct.2013.03.005#d4#p1#r4"",""10.1016/j.jct.2013.03.005#d4#p1#r5"",""10.1016/j.jct.2013.03.005#d4#p1#r6""]",3,6,6
ep_9b4a01788bebf637,mol_bf3cc1ac0f518a48,grp_5ed1239f1de5ca2c,validation,10.1016/j.fluid.2016.11.010,10.1016/j.fluid.2016.11.010#d3#p1,10000,328.3,375.3,47,11,3,4,True,"[""10.1016/j.fluid.2016.11.010#d3#p1#r9"",""10.1016/j.fluid.2016.11.010#d3#p1#r10"",""10.1016/j.fluid.2016.11.010#d3#p1#r11""]","[""10.1016/j.fluid.2016.11.010#d3#p1#r1"",""10.1016/j.fluid.2016.11.010#d3#p1#r2"",""10.1016/j.fluid.2016.11.010#d3#p1#r3"",""10.1016/j.fluid.2016.11.010#d3#p1#r4""]",3,4,4
ep_9d55d36246fff2b9,mol_fd8c11940511c457,grp_5dea7427c65d07c7,train,10.1021/je500784s,10.1021/je500784s#d16#p1,10000,284.5,333.4,48.9,20,6,5,True,"[""10.1021/je500784s#d16#p1#r15"",""10.1021/je500784s#d16#p1#r17"",""10.1021/je500784s#d16#p1#r20""]","[""10.1021/je500784s#d16#p1#r1"",""10.1021/je500784s#d16#p1#r2"",""10.1021/je500784s#d16#p1#r3"",""10.1021/je500784s#d16#p1#r4"",""10.1021/je500784s#d16#p1#r5""]",3,5,5
ep_9fe9e3fe8bec2d83,mol_ad9956d819d81c6a,grp_5dea7427c65d07c7,train,10.1016/j.fluid.2008.02.001,10.1016/j.fluid.2008.02.001#d7#p1,10000,274.5,309.5,35,21,6,7,True,"[""10.1016/j.fluid.2008.02.001#d7#p1#r16"",""10.1016/j.fluid.2008.02.001#d7#p1#r18"",""10.1016/j.fluid.2008.02.001#d7#p1#r21""]","[""10.1016/j.fluid.2008.02.001#d7#p1#r1"",""10.1016/j.fluid.2008.02.001#d7#p1#r2"",""10.1016/j.fluid.2008.02.001#d7#p1#r3"",""10.1016/j.fluid.2008.02.001#d7#p1#r4"",""10.1016/j.fluid.2008.02.001#d7#p1#r5"",""10.1016/j.fluid.2008.02.001#d7#p1#r6"",""10.1016/j.fluid.2008.02.001#d7#p1#r7""]",3,7,7
ep_a14426558e4cd83e,mol_47abed7f530ce168,grp_5dea7427c65d07c7,train,10.1016/j.jct.2010.12.010,10.1016/j.jct.2010.12.010#d4#p1,10000,293.15,363.15,70,8,3,3,True,"[""10.1016/j.jct.2010.12.010#d4#p1#r6"",""10.1016/j.jct.2010.12.010#d4#p1#r7"",""10.1016/j.jct.2010.12.010#d4#p1#r8""]","[""10.1016/j.jct.2010.12.010#d4#p1#r1"",""10.1016/j.jct.2010.12.010#d4#p1#r2"",""10.1016/j.jct.2010.12.010#d4#p1#r3""]",3,3,3
ep_a1ac5098a960d7c7,mol_9cc087861df9b063,grp_5dea7427c65d07c7,train,10.1016/j.jct.2018.08.025,10.1016/j.jct.2018.08.025#d2#p1,10000,292.98,362.95,69.97,9,4,3,True,"[""10.1016/j.jct.2018.08.025#d2#p1#r10"",""10.1016/j.jct.2018.08.025#d2#p1#r11"",""10.1016/j.jct.2018.08.025#d2#p1#r15""]","[""10.1016/j.jct.2018.08.025#d2#p1#r1"",""10.1016/j.jct.2018.08.025#d2#p1#r3"",""10.1016/j.jct.2018.08.025#d2#p1#r4"",""10.1016/j.jct.2018.08.025#d2#p1#r5""]",3,4,3
ep_a22d8c27da3e0d6f,mol_6d0e5399ac339a30,grp_5dea7427c65d07c7,train,10.1016/j.jct.2009.09.003,10.1016/j.jct.2009.09.003#d6#p1,10000,297.8,331.8,34,16,3,6,True,"[""10.1016/j.jct.2009.09.003#d6#p1#r15"",""10.1016/j.jct.2009.09.003#d6#p1#r16"",""10.1016/j.jct.2009.09.003#d6#p1#r17""]","[""10.1016/j.jct.2009.09.003#d6#p1#r1"",""10.1016/j.jct.2009.09.003#d6#p1#r2"",""10.1016/j.jct.2009.09.003#d6#p1#r3"",""10.1016/j.jct.2009.09.003#d6#p1#r4"",""10.1016/j.jct.2009.09.003#d6#p1#r5"",""10.1016/j.jct.2009.09.003#d6#p1#r6"",""10.1016/j.jct.2009.09.003#d6#p1#r7""]",3,7,6
ep_a35ba52bd2107c2d,mol_7a83f5f0134a6504,grp_5dea7427c65d07c7,train,10.1021/acs.jced.6b00576,10.1021/acs.jced.6b00576#d28#p1,10000,284.35,320.88,36.53,15,4,6,True,"[""10.1021/acs.jced.6b00576#d28#p1#r14"",""10.1021/acs.jced.6b00576#d28#p1#r15"",""10.1021/acs.jced.6b00576#d28#p1#r17""]","[""10.1021/acs.jced.6b00576#d28#p1#r1"",""10.1021/acs.jced.6b00576#d28#p1#r2"",""10.1021/acs.jced.6b00576#d28#p1#r3"",""10.1021/acs.jced.6b00576#d28#p1#r4"",""10.1021/acs.jced.6b00576#d28#p1#r5"",""10.1021/acs.jced.6b00576#d28#p1#r6"",""10.1021/acs.jced.6b00576#d28#p1#r7""]",3,7,6
ep_a396fa02c4198868,mol_0d2ad00dadcb0064,grp_5dea7427c65d07c7,train,10.1016/j.jct.2014.04.022,10.1016/j.jct.2014.04.022#d12#p1,10000,253.15,308.15,55,13,4,4,True,"[""10.1016/j.jct.2014.04.022#d12#p1#r37"",""10.1016/j.jct.2014.04.022#d12#p1#r40"",""10.1016/j.jct.2014.04.022#d12#p1#r46""]","[""10.1016/j.jct.2014.04.022#d12#p1#r10"",""10.1016/j.jct.2014.04.022#d12#p1#r11"",""10.1016/j.jct.2014.04.022#d12#p1#r12"",""10.1016/j.jct.2014.04.022#d12#p1#r13"",""10.1016/j.jct.2014.04.022#d12#p1#r15"",""10.1016/j.jct.2014.04.022#d12#p1#r16"",""10.1016/j.jct.2014.04.022#d12#p1#r17"",""10.1016/j.jct.2014.04.022#d12#p1#r19""]",3,8,4
ep_a4481606000a07b3,mol_6558cfbdd9a3dcad,grp_9a6e5ce866866615,validation,10.1016/j.fluid.2012.08.020,10.1016/j.fluid.2012.08.020#d10#p1,10000,312.9,358.2,45.3,32,7,8,True,"[""10.1016/j.fluid.2012.08.020#d10#p1#r39"",""10.1016/j.fluid.2012.08.020#d10#p1#r46"",""10.1016/j.fluid.2012.08.020#d10#p1#r50""]","[""10.1016/j.fluid.2012.08.020#d10#p1#r10"",""10.1016/j.fluid.2012.08.020#d10#p1#r11"",""10.1016/j.fluid.2012.08.020#d10#p1#r12"",""10.1016/j.fluid.2012.08.020#d10#p1#r13"",""10.1016/j.fluid.2012.08.020#d10#p1#r14"",""10.1016/j.fluid.2012.08.020#d10#p1#r6"",""10.1016/j.fluid.2012.08.020#d10#p1#r7"",""10.1016/j.fluid.2012.08.020#d10#p1#r8"",""10.1016/j.fluid.2012.08.020#d10#p1#r9""]",3,9,8
ep_a46370c5fed31ae0,mol_245df31ea12a6746,grp_81cd87be3fde4550,test,10.1021/je060394v,10.1021/je060394v#d10#p1,10000,298.2,334.3,36.1,12,4,3,True,"[""10.1021/je060394v#d10#p1#r14"",""10.1021/je060394v#d10#p1#r15"",""10.1021/je060394v#d10#p1#r17""]","[""10.1021/je060394v#d10#p1#r6"",""10.1021/je060394v#d10#p1#r7"",""10.1021/je060394v#d10#p1#r8""]",3,3,3
ep_a4e47b51892baeb1,mol_5a16c79c0cd15799,grp_642c5927dec37b59,validation,10.1016/j.fluid.2011.07.007,10.1016/j.fluid.2011.07.007#d14#p1,10000,293.7,345.5,51.8,21,5,7,True,"[""10.1016/j.fluid.2011.07.007#d14#p1#r17"",""10.1016/j.fluid.2011.07.007#d14#p1#r19"",""10.1016/j.fluid.2011.07.007#d14#p1#r21""]","[""10.1016/j.fluid.2011.07.007#d14#p1#r1"",""10.1016/j.fluid.2011.07.007#d14#p1#r2"",""10.1016/j.fluid.2011.07.007#d14#p1#r3"",""10.1016/j.fluid.2011.07.007#d14#p1#r4"",""10.1016/j.fluid.2011.07.007#d14#p1#r5"",""10.1016/j.fluid.2011.07.007#d14#p1#r6"",""10.1016/j.fluid.2011.07.007#d14#p1#r7""]",3,7,7
ep_a55963f8125ddba6,mol_49187baee97f9d09,grp_5dea7427c65d07c7,train,10.1016/j.jct.2012.07.005,10.1016/j.jct.2012.07.005#d1#p1,10000,273.15,343.15,70,9,3,3,True,"[""10.1016/j.jct.2012.07.005#d1#p1#r7"",""10.1016/j.jct.2012.07.005#d1#p1#r8"",""10.1016/j.jct.2012.07.005#d1#p1#r9""]","[""10.1016/j.jct.2012.07.005#d1#p1#r1"",""10.1016/j.jct.2012.07.005#d1#p1#r2"",""10.1016/j.jct.2012.07.005#d1#p1#r3""]",3,3,3
ep_a6b8c705c6b95736,mol_5c8f28893ba20c7a,grp_5ed1239f1de5ca2c,validation,10.1016/j.jct.2018.07.020,10.1016/j.jct.2018.07.020#d3#p1,10000,275.2,311.2,36,17,5,5,True,"[""10.1016/j.jct.2018.07.020#d3#p1#r14"",""10.1016/j.jct.2018.07.020#d3#p1#r16"",""10.1016/j.jct.2018.07.020#d3#p1#r18""]","[""10.1016/j.jct.2018.07.020#d3#p1#r1"",""10.1016/j.jct.2018.07.020#d3#p1#r2"",""10.1016/j.jct.2018.07.020#d3#p1#r3"",""10.1016/j.jct.2018.07.020#d3#p1#r4"",""10.1016/j.jct.2018.07.020#d3#p1#r5"",""10.1016/j.jct.2018.07.020#d3#p1#r6""]",3,6,5
ep_a74c3899f68686a5,mol_4d8f9d9787a27468,grp_1ee21e819b209e57,test,10.1021/je2007605,10.1021/je2007605#d8#p1,10000,352.78,390.44,37.66,20,6,6,True,"[""10.1021/je2007605#d8#p1#r15"",""10.1021/je2007605#d8#p1#r17"",""10.1021/je2007605#d8#p1#r20""]","[""10.1021/je2007605#d8#p1#r1"",""10.1021/je2007605#d8#p1#r2"",""10.1021/je2007605#d8#p1#r3"",""10.1021/je2007605#d8#p1#r4"",""10.1021/je2007605#d8#p1#r5"",""10.1021/je2007605#d8#p1#r6""]",3,6,6
ep_a78dbbec37d8e17d,mol_0aa38cb71170ee29,grp_5dea7427c65d07c7,train,10.1016/j.jct.2013.03.020,10.1016/j.jct.2013.03.020#d3#p1,10000,273.15,343.1,69.95,14,4,6,True,"[""10.1016/j.jct.2013.03.020#d3#p1#r11"",""10.1016/j.jct.2013.03.020#d3#p1#r21"",""10.1016/j.jct.2013.03.020#d3#p1#r23""]","[""10.1016/j.jct.2013.03.020#d3#p1#r1"",""10.1016/j.jct.2013.03.020#d3#p1#r16"",""10.1016/j.jct.2013.03.020#d3#p1#r17"",""10.1016/j.jct.2013.03.020#d3#p1#r18"",""10.1016/j.jct.2013.03.020#d3#p1#r2"",""10.1016/j.jct.2013.03.020#d3#p1#r3"",""10.1016/j.jct.2013.03.020#d3#p1#r4"",""10.1016/j.jct.2013.03.020#d3#p1#r5"",""10.1016/j.jct.2013.03.020#d3#p1#r6""]",3,9,6
ep_a9519ae364c196c3,mol_2fc4ca5245c4c992,grp_756fd67e09bf04a3,validation,10.1016/j.jct.2015.07.025,10.1016/j.jct.2015.07.025#d2#p1,10000,279.8,313.7,33.9,17,6,5,True,"[""10.1016/j.jct.2015.07.025#d2#p1#r12"",""10.1016/j.jct.2015.07.025#d2#p1#r14"",""10.1016/j.jct.2015.07.025#d2#p1#r17""]","[""10.1016/j.jct.2015.07.025#d2#p1#r1"",""10.1016/j.jct.2015.07.025#d2#p1#r2"",""10.1016/j.jct.2015.07.025#d2#p1#r3"",""10.1016/j.jct.2015.07.025#d2#p1#r4"",""10.1016/j.jct.2015.07.025#d2#p1#r5""]",3,5,5
ep_aa1b1d89f6359c64,mol_4f13a4696bbfcaf9,grp_5dea7427c65d07c7,train,10.1021/je200766t,10.1021/je200766t#d2#p1,10000,313.2,421.69,108.49,13,4,4,True,"[""10.1021/je200766t#d2#p1#r11"",""10.1021/je200766t#d2#p1#r12"",""10.1021/je200766t#d2#p1#r14""]","[""10.1021/je200766t#d2#p1#r1"",""10.1021/je200766t#d2#p1#r2"",""10.1021/je200766t#d2#p1#r3"",""10.1021/je200766t#d2#p1#r4""]",3,4,4
ep_ab4c525a59f8ad2b,mol_87cb1e86dd100e73,grp_5dea7427c65d07c7,train,10.1016/j.tca.2015.03.016,10.1016/j.tca.2015.03.016#d3#p1,10000,275.35,314.3,38.95,14,4,4,True,"[""10.1016/j.tca.2015.03.016#d3#p1#r13"",""10.1016/j.tca.2015.03.016#d3#p1#r14"",""10.1016/j.tca.2015.03.016#d3#p1#r16""]","[""10.1016/j.tca.2015.03.016#d3#p1#r1"",""10.1016/j.tca.2015.03.016#d3#p1#r2"",""10.1016/j.tca.2015.03.016#d3#p1#r3"",""10.1016/j.tca.2015.03.016#d3#p1#r4"",""10.1016/j.tca.2015.03.016#d3#p1#r5"",""10.1016/j.tca.2015.03.016#d3#p1#r6""]",3,6,4
ep_accb6c303d9aeff4,mol_88d372137d7ecc53,grp_88d372137d7ecc53,train,10.1021/je600566v,10.1021/je600566v#d2#p1,10000,417.8,448.1,30.3,13,4,4,True,"[""10.1021/je600566v#d2#p1#r10"",""10.1021/je600566v#d2#p1#r11"",""10.1021/je600566v#d2#p1#r13""]","[""10.1021/je600566v#d2#p1#r1"",""10.1021/je600566v#d2#p1#r2"",""10.1021/je600566v#d2#p1#r3"",""10.1021/je600566v#d2#p1#r4""]",3,4,4
ep_ad0bc035505f7438,mol_45cc3d52a0d8f167,grp_fe68aa4179fd65d6,test,10.1016/j.jct.2013.11.003,10.1016/j.jct.2013.11.003#d1#p1,10000,278.1,323.7,45.6,20,7,6,True,"[""10.1016/j.jct.2013.11.003#d1#p1#r14"",""10.1016/j.jct.2013.11.003#d1#p1#r18"",""10.1016/j.jct.2013.11.003#d1#p1#r21""]","[""10.1016/j.jct.2013.11.003#d1#p1#r1"",""10.1016/j.jct.2013.11.003#d1#p1#r2"",""10.1016/j.jct.2013.11.003#d1#p1#r3"",""10.1016/j.jct.2013.11.003#d1#p1#r4"",""10.1016/j.jct.2013.11.003#d1#p1#r5"",""10.1016/j.jct.2013.11.003#d1#p1#r6""]",3,6,6
ep_ad43df90a9401684,mol_520d932204fca4b7,grp_5dea7427c65d07c7,train,10.1016/j.fluid.2004.02.021,10.1016/j.fluid.2004.02.021#d2#p1,10000,283.15,323.15,40,9,3,3,True,"[""10.1016/j.fluid.2004.02.021#d2#p1#r7"",""10.1016/j.fluid.2004.02.021#d2#p1#r8"",""10.1016/j.fluid.2004.02.021#d2#p1#r9""]","[""10.1016/j.fluid.2004.02.021#d2#p1#r1"",""10.1016/j.fluid.2004.02.021#d2#p1#r2"",""10.1016/j.fluid.2004.02.021#d2#p1#r3""]",3,3,3
ep_afd16ff9760c0dcf,mol_4eadf0af1849f947,grp_5dea7427c65d07c7,train,10.1021/je0255980,10.1021/je0255980#d7#p1,10000,274.2,308.2,34,16,5,5,True,"[""10.1021/je0255980#d7#p1#r15"",""10.1021/je0255980#d7#p1#r18"",""10.1021/je0255980#d7#p1#r20""]","[""10.1021/je0255980#d7#p1#r1"",""10.1021/je0255980#d7#p1#r2"",""10.1021/je0255980#d7#p1#r3"",""10.1021/je0255980#d7#p1#r4"",""10.1021/je0255980#d7#p1#r5"",""10.1021/je0255980#d7#p1#r6"",""10.1021/je0255980#d7#p1#r7""]",3,7,5
ep_b05c5cbcaa4d7b37,mol_b8839fb18327bc8e,grp_5dea7427c65d07c7,train,10.1016/j.fluid.2014.07.029,10.1016/j.fluid.2014.07.029#d7#p1,10000,274.2,309.2,35,13,4,4,True,"[""10.1016/j.fluid.2014.07.029#d7#p1#r11"",""10.1016/j.fluid.2014.07.029#d7#p1#r12"",""10.1016/j.fluid.2014.07.029#d7#p1#r14""]","[""10.1016/j.fluid.2014.07.029#d7#p1#r1"",""10.1016/j.fluid.2014.07.029#d7#p1#r2"",""10.1016/j.fluid.2014.07.029#d7#p1#r3"",""10.1016/j.fluid.2014.07.029#d7#p1#r4""]",3,4,4
ep_b1b449f311ba1a82,mol_7732f9f65b01059d,grp_5ed1239f1de5ca2c,validation,10.1021/je300312c,10.1021/je300312c#d5#p1,10000,328.8,375.1,46.3,19,5,6,True,"[""10.1021/je300312c#d5#p1#r15"",""10.1021/je300312c#d5#p1#r17"",""10.1021/je300312c#d5#p1#r19""]","[""10.1021/je300312c#d5#p1#r1"",""10.1021/je300312c#d5#p1#r2"",""10.1021/je300312c#d5#p1#r3"",""10.1021/je300312c#d5#p1#r4"",""10.1021/je300312c#d5#p1#r5"",""10.1021/je300312c#d5#p1#r6""]",3,6,6
ep_b261a31da22fcdf1,mol_98688aad6777a901,grp_5dea7427c65d07c7,train,10.1016/j.fluid.2012.08.003,10.1016/j.fluid.2012.08.003#d7#p1,10000,278.3,333.3,55,15,6,5,True,"[""10.1016/j.fluid.2012.08.003#d7#p1#r11"",""10.1016/j.fluid.2012.08.003#d7#p1#r13"",""10.1016/j.fluid.2012.08.003#d7#p1#r16""]","[""10.1016/j.fluid.2012.08.003#d7#p1#r1"",""10.1016/j.fluid.2012.08.003#d7#p1#r2"",""10.1016/j.fluid.2012.08.003#d7#p1#r3"",""10.1016/j.fluid.2012.08.003#d7#p1#r4"",""10.1016/j.fluid.2012.08.003#d7#p1#r5""]",3,5,5
ep_b4d28e464e97ec85,mol_1d734fe5c679e7dc,grp_5085cd785cc4c7f4,test,10.1021/je060429r,10.1021/je060429r#d18#p1,10000,342.8,375.4,32.6,29,7,10,True,"[""10.1021/je060429r#d18#p1#r24"",""10.1021/je060429r#d18#p1#r27"",""10.1021/je060429r#d18#p1#r31""]","[""10.1021/je060429r#d18#p1#r1"",""10.1021/je060429r#d18#p1#r10"",""10.1021/je060429r#d18#p1#r2"",""10.1021/je060429r#d18#p1#r3"",""10.1021/je060429r#d18#p1#r4"",""10.1021/je060429r#d18#p1#r5"",""10.1021/je060429r#d18#p1#r6"",""10.1021/je060429r#d18#p1#r7"",""10.1021/je060429r#d18#p1#r8"",""10.1021/je060429r#d18#p1#r9""]",3,10,10
ep_b5f2b94037ad4e7f,mol_eb7e3a4f6555939a,grp_eb7e3a4f6555939a,train,10.1016/j.jct.2006.10.012,10.1016/j.jct.2006.10.012#d11#p1,10000,336.987,414.963,77.976,11,4,4,True,"[""10.1016/j.jct.2006.10.012#d11#p1#r8"",""10.1016/j.jct.2006.10.012#d11#p1#r9"",""10.1016/j.jct.2006.10.012#d11#p1#r11""]","[""10.1016/j.jct.2006.10.012#d11#p1#r1"",""10.1016/j.jct.2006.10.012#d11#p1#r2"",""10.1016/j.jct.2006.10.012#d11#p1#r3"",""10.1016/j.jct.2006.10.012#d11#p1#r4""]",3,4,4
ep_b60c38c929cc6797,mol_f5b1d62bafd7f460,grp_5dea7427c65d07c7,train,10.1021/je049950g,10.1021/je049950g#d2#p1,10000,298.15,368.15,70,14,4,5,True,"[""10.1021/je049950g#d2#p1#r11"",""10.1021/je049950g#d2#p1#r12"",""10.1021/je049950g#d2#p1#r14""]","[""10.1021/je049950g#d2#p1#r1"",""10.1021/je049950g#d2#p1#r2"",""10.1021/je049950g#d2#p1#r3"",""10.1021/je049950g#d2#p1#r4"",""10.1021/je049950g#d2#p1#r5""]",3,5,5
ep_b8d7c2c147254c10,mol_cfce057605ba3a8f,grp_5085cd785cc4c7f4,test,10.1021/je060429r,10.1021/je060429r#d2#p1,10000,288.4,321.2,32.8,12,4,4,True,"[""10.1021/je060429r#d2#p1#r9"",""10.1021/je060429r#d2#p1#r10"",""10.1021/je060429r#d2#p1#r12""]","[""10.1021/je060429r#d2#p1#r1"",""10.1021/je060429r#d2#p1#r2"",""10.1021/je060429r#d2#p1#r3"",""10.1021/je060429r#d2#p1#r4""]",3,4,4
ep_ba108d2cb48a5410,mol_4425bf195a41c22d,grp_554ad3ddcfbe3579,test,10.1016/j.jct.2011.05.004,10.1016/j.jct.2011.05.004#d4#p1,10000,329.1,371.2,42.1,28,9,9,True,"[""10.1016/j.jct.2011.05.004#d4#p1#r24"",""10.1016/j.jct.2011.05.004#d4#p1#r29"",""10.1016/j.jct.2011.05.004#d4#p1#r34""]","[""10.1016/j.jct.2011.05.004#d4#p1#r10"",""10.1016/j.jct.2011.05.004#d4#p1#r11"",""10.1016/j.jct.2011.05.004#d4#p1#r12"",""10.1016/j.jct.2011.05.004#d4#p1#r13"",""10.1016/j.jct.2011.05.004#d4#p1#r5"",""10.1016/j.jct.2011.05.004#d4#p1#r6"",""10.1016/j.jct.2011.05.004#d4#p1#r7"",""10.1016/j.jct.2011.05.004#d4#p1#r8"",""10.1016/j.jct.2011.05.004#d4#p1#r9""]",3,9,9
ep_ba1b510a4ecf285f,mol_8b6a2383c538f690,grp_5dea7427c65d07c7,train,10.1021/acs.jced.5b00537,10.1021/acs.jced.5b00537#d6#p1,10000,296.87,329.015,32.145,16,6,5,True,"[""10.1021/acs.jced.5b00537#d6#p1#r12"",""10.1021/acs.jced.5b00537#d6#p1#r14"",""10.1021/acs.jced.5b00537#d6#p1#r17""]","[""10.1021/acs.jced.5b00537#d6#p1#r1"",""10.1021/acs.jced.5b00537#d6#p1#r2"",""10.1021/acs.jced.5b00537#d6#p1#r3"",""10.1021/acs.jced.5b00537#d6#p1#r30"",""10.1021/acs.jced.5b00537#d6#p1#r4"",""10.1021/acs.jced.5b00537#d6#p1#r5""]",3,6,5
ep_bb2b678a56ae602b,mol_bace9c8b75de2210,grp_5dea7427c65d07c7,train,10.1016/j.jct.2016.07.024,10.1016/j.jct.2016.07.024#d5#p1,10000,332.4,452.25,119.85,13,4,4,True,"[""10.1016/j.jct.2016.07.024#d5#p1#r13"",""10.1016/j.jct.2016.07.024#d5#p1#r14"",""10.1016/j.jct.2016.07.024#d5#p1#r21""]","[""10.1016/j.jct.2016.07.024#d5#p1#r1"",""10.1016/j.jct.2016.07.024#d5#p1#r2"",""10.1016/j.jct.2016.07.024#d5#p1#r3"",""10.1016/j.jct.2016.07.024#d5#p1#r4"",""10.1016/j.jct.2016.07.024#d5#p1#r6""]",3,5,4
ep_bb664819f3aca86d,mol_13ff42623f3cf866,grp_5dea7427c65d07c7,train,10.1021/je0255980,10.1021/je0255980#d3#p1,10000,273.3,308.4,35.1,20,6,7,True,"[""10.1021/je0255980#d3#p1#r16"",""10.1021/je0255980#d3#p1#r18"",""10.1021/je0255980#d3#p1#r21""]","[""10.1021/je0255980#d3#p1#r1"",""10.1021/je0255980#d3#p1#r2"",""10.1021/je0255980#d3#p1#r3"",""10.1021/je0255980#d3#p1#r4"",""10.1021/je0255980#d3#p1#r5"",""10.1021/je0255980#d3#p1#r6"",""10.1021/je0255980#d3#p1#r7"",""10.1021/je0255980#d3#p1#r8""]",3,8,7
ep_bcd20deb7c1798bf,mol_2a3bf002f33d68f6,grp_5ed1239f1de5ca2c,validation,10.1021/je300312c,10.1021/je300312c#d8#p1,10000,341.2,375.8,34.6,16,4,6,True,"[""10.1021/je300312c#d8#p1#r21"",""10.1021/je300312c#d8#p1#r22"",""10.1021/je300312c#d8#p1#r24""]","[""10.1021/je300312c#d8#p1#r10"",""10.1021/je300312c#d8#p1#r11"",""10.1021/je300312c#d8#p1#r6"",""10.1021/je300312c#d8#p1#r7"",""10.1021/je300312c#d8#p1#r8"",""10.1021/je300312c#d8#p1#r9""]",3,6,6
ep_bcd4a6a17c103102,mol_670136e04246f1d5,grp_5dea7427c65d07c7,train,10.1021/je034197x,10.1021/je034197x#d5#p1,10000,298.15,333.15,35,8,3,3,True,"[""10.1021/je034197x#d5#p1#r6"",""10.1021/je034197x#d5#p1#r7"",""10.1021/je034197x#d5#p1#r8""]","[""10.1021/je034197x#d5#p1#r1"",""10.1021/je034197x#d5#p1#r2"",""10.1021/je034197x#d5#p1#r3""]",3,3,3
ep_bcf7b229aa3dbfc1,mol_7f19e9b39a1de529,grp_bcf7dc086ea12992,test,10.1021/je060224i,10.1021/je060224i#d1#p1,10000,307.15,353.15,46,24,7,7,True,"[""10.1021/je060224i#d1#p1#r18"",""10.1021/je060224i#d1#p1#r21"",""10.1021/je060224i#d1#p1#r24""]","[""10.1021/je060224i#d1#p1#r1"",""10.1021/je060224i#d1#p1#r2"",""10.1021/je060224i#d1#p1#r3"",""10.1021/je060224i#d1#p1#r4"",""10.1021/je060224i#d1#p1#r5"",""10.1021/je060224i#d1#p1#r6"",""10.1021/je060224i#d1#p1#r7""]",3,7,7
ep_bfbc973689730251,mol_bbdd71ed3a3275f5,grp_ee24c20719261d11,validation,10.1016/j.jct.2013.01.009,10.1016/j.jct.2013.01.009#d20#p1,10000,273.655,308.16,34.505,8,3,3,True,"[""10.1016/j.jct.2013.01.009#d20#p1#r16"",""10.1016/j.jct.2013.01.009#d20#p1#r19"",""10.1016/j.jct.2013.01.009#d20#p1#r22""]","[""10.1016/j.jct.2013.01.009#d20#p1#r1"",""10.1016/j.jct.2013.01.009#d20#p1#r2"",""10.1016/j.jct.2013.01.009#d20#p1#r3"",""10.1016/j.jct.2013.01.009#d20#p1#r4"",""10.1016/j.jct.2013.01.009#d20#p1#r5"",""10.1016/j.jct.2013.01.009#d20#p1#r6"",""10.1016/j.jct.2013.01.009#d20#p1#r7"",""10.1016/j.jct.2013.01.009#d20#p1#r9""]",3,8,3
ep_bfdcb937735903af,mol_cba4c6228a6938ca,grp_5dea7427c65d07c7,train,10.1016/j.fluid.2014.11.026,10.1016/j.fluid.2014.11.026#d1#p1,10000,283.84,337.14,53.3,24,7,7,True,"[""10.1016/j.fluid.2014.11.026#d1#p1#r32"",""10.1016/j.fluid.2014.11.026#d1#p1#r37"",""10.1016/j.fluid.2014.11.026#d1#p1#r12""]","[""10.1016/j.fluid.2014.11.026#d1#p1#r1"",""10.1016/j.fluid.2014.11.026#d1#p1#r2"",""10.1016/j.fluid.2014.11.026#d1#p1#r21"",""10.1016/j.fluid.2014.11.026#d1#p1#r22"",""10.1016/j.fluid.2014.11.026#d1#p1#r23"",""10.1016/j.fluid.2014.11.026#d1#p1#r24"",""10.1016/j.fluid.2014.11.026#d1#p1#r26"",""10.1016/j.fluid.2014.11.026#d1#p1#r27"",""10.1016/j.fluid.2014.11.026#d1#p1#r3"",""10.1016/j.fluid.2014.11.026#d1#p1#r4""]",3,10,7
ep_c055e8a59b466f61,mol_80db9b4fc382b414,grp_5dea7427c65d07c7,train,10.1021/je500784s,10.1021/je500784s#d7#p1,10000,301.9,335.3,33.4,17,5,5,True,"[""10.1021/je500784s#d7#p1#r13"",""10.1021/je500784s#d7#p1#r15"",""10.1021/je500784s#d7#p1#r17""]","[""10.1021/je500784s#d7#p1#r1"",""10.1021/je500784s#d7#p1#r2"",""10.1021/je500784s#d7#p1#r3"",""10.1021/je500784s#d7#p1#r4"",""10.1021/je500784s#d7#p1#r5""]",3,5,5
ep_c0d59443dfc76305,mol_d5352051e8c4f61f,grp_95988f9c4708b4b0,test,10.1016/j.fluid.2006.09.001,10.1016/j.fluid.2006.09.001#d3#p1,10000,302.4,368.4,66,21,8,6,True,"[""10.1016/j.fluid.2006.09.001#d3#p1#r15"",""10.1016/j.fluid.2006.09.001#d3#p1#r18"",""10.1016/j.fluid.2006.09.001#d3#p1#r22""]","[""10.1016/j.fluid.2006.09.001#d3#p1#r1"",""10.1016/j.fluid.2006.09.001#d3#p1#r2"",""10.1016/j.fluid.2006.09.001#d3#p1#r3"",""10.1016/j.fluid.2006.09.001#d3#p1#r4"",""10.1016/j.fluid.2006.09.001#d3#p1#r5"",""10.1016/j.fluid.2006.09.001#d3#p1#r6"",""10.1016/j.fluid.2006.09.001#d3#p1#r7""]",3,7,6
ep_c150df46c21b0481,mol_cdd9b2a6aac67d70,grp_5dea7427c65d07c7,train,10.1016/j.jct.2010.07.008,10.1016/j.jct.2010.07.008#d1#p1,10000,283.15,373.1,89.95,10,3,3,True,"[""10.1016/j.jct.2010.07.008#d1#p1#r8"",""10.1016/j.jct.2010.07.008#d1#p1#r9"",""10.1016/j.jct.2010.07.008#d1#p1#r10""]","[""10.1016/j.jct.2010.07.008#d1#p1#r1"",""10.1016/j.jct.2010.07.008#d1#p1#r2"",""10.1016/j.jct.2010.07.008#d1#p1#r3""]",3,3,3
ep_c1fa74c4ead311ab,mol_e6f5c08892930cf0,grp_468c9a97902f6f3f,test,10.1016/j.fluid.2014.12.023,10.1016/j.fluid.2014.12.023#d6#p1,10000,277.6,323.5,45.9,17,5,5,True,"[""10.1016/j.fluid.2014.12.023#d6#p1#r13"",""10.1016/j.fluid.2014.12.023#d6#p1#r15"",""10.1016/j.fluid.2014.12.023#d6#p1#r17""]","[""10.1016/j.fluid.2014.12.023#d6#p1#r1"",""10.1016/j.fluid.2014.12.023#d6#p1#r2"",""10.1016/j.fluid.2014.12.023#d6#p1#r3"",""10.1016/j.fluid.2014.12.023#d6#p1#r4"",""10.1016/j.fluid.2014.12.023#d6#p1#r5""]",3,5,5
ep_c280a20d5e703418,mol_3ec8acd703277a07,grp_468c9a97902f6f3f,test,10.1016/j.fluid.2014.12.023,10.1016/j.fluid.2014.12.023#d8#p1,10000,278.5,324.3,45.8,21,5,10,True,"[""10.1016/j.fluid.2014.12.023#d8#p1#r17"",""10.1016/j.fluid.2014.12.023#d8#p1#r19"",""10.1016/j.fluid.2014.12.023#d8#p1#r21""]","[""10.1016/j.fluid.2014.12.023#d8#p1#r1"",""10.1016/j.fluid.2014.12.023#d8#p1#r10"",""10.1016/j.fluid.2014.12.023#d8#p1#r2"",""10.1016/j.fluid.2014.12.023#d8#p1#r3"",""10.1016/j.fluid.2014.12.023#d8#p1#r4"",""10.1016/j.fluid.2014.12.023#d8#p1#r5"",""10.1016/j.fluid.2014.12.023#d8#p1#r6"",""10.1016/j.fluid.2014.12.023#d8#p1#r7"",""10.1016/j.fluid.2014.12.023#d8#p1#r8"",""10.1016/j.fluid.2014.12.023#d8#p1#r9""]",3,10,10
ep_c33eda2bf847b69c,mol_62811f5ff2999e78,grp_32a9c229f3f94fad,validation,10.1021/acs.jced.8b00153,10.1021/acs.jced.8b00153#d8#p1,10000,292.41,336.67,44.26,13,3,6,True,"[""10.1021/acs.jced.8b00153#d8#p1#r11"",""10.1021/acs.jced.8b00153#d8#p1#r12"",""10.1021/acs.jced.8b00153#d8#p1#r13""]","[""10.1021/acs.jced.8b00153#d8#p1#r1"",""10.1021/acs.jced.8b00153#d8#p1#r2"",""10.1021/acs.jced.8b00153#d8#p1#r3"",""10.1021/acs.jced.8b00153#d8#p1#r4"",""10.1021/acs.jced.8b00153#d8#p1#r5"",""10.1021/acs.jced.8b00153#d8#p1#r6""]",3,6,6
ep_c43576d17530c88d,mol_942daac293e911e8,grp_5dea7427c65d07c7,train,10.1021/je060406c,10.1021/je060406c#d1#p1,10000,276.7,323.4,46.7,16,5,5,True,"[""10.1021/je060406c#d1#p1#r12"",""10.1021/je060406c#d1#p1#r14"",""10.1021/je060406c#d1#p1#r16""]","[""10.1021/je060406c#d1#p1#r1"",""10.1021/je060406c#d1#p1#r2"",""10.1021/je060406c#d1#p1#r3"",""10.1021/je060406c#d1#p1#r4"",""10.1021/je060406c#d1#p1#r5""]",3,5,5
ep_c4b926e4ed953f4f,mol_d55f9f8651b87aeb,grp_a2fcc12936d735c8,train,10.1016/j.fluid.2019.03.004,10.1016/j.fluid.2019.03.004#d4#p1,10000,313.2,358.1,44.9,20,6,7,True,"[""10.1016/j.fluid.2019.03.004#d4#p1#r15"",""10.1016/j.fluid.2019.03.004#d4#p1#r17"",""10.1016/j.fluid.2019.03.004#d4#p1#r20""]","[""10.1016/j.fluid.2019.03.004#d4#p1#r1"",""10.1016/j.fluid.2019.03.004#d4#p1#r2"",""10.1016/j.fluid.2019.03.004#d4#p1#r3"",""10.1016/j.fluid.2019.03.004#d4#p1#r4"",""10.1016/j.fluid.2019.03.004#d4#p1#r5"",""10.1016/j.fluid.2019.03.004#d4#p1#r6"",""10.1016/j.fluid.2019.03.004#d4#p1#r7""]",3,7,7
ep_c4d1c469807b6c0a,mol_5b654c20d8dff507,grp_a2fcc12936d735c8,train,10.1016/j.fluid.2019.03.004,10.1016/j.fluid.2019.03.004#d2#p1,10000,279.1,323.2,44.1,10,3,3,True,"[""10.1016/j.fluid.2019.03.004#d2#p1#r8"",""10.1016/j.fluid.2019.03.004#d2#p1#r9"",""10.1016/j.fluid.2019.03.004#d2#p1#r10""]","[""10.1016/j.fluid.2019.03.004#d2#p1#r1"",""10.1016/j.fluid.2019.03.004#d2#p1#r2"",""10.1016/j.fluid.2019.03.004#d2#p1#r3""]",3,3,3
ep_c4f4817a1852982f,mol_cb21e768ef2b1f0d,grp_1cc8174be4e57d56,validation,10.1021/acs.jced.5b00255,10.1021/acs.jced.5b00255#d2#p1,10000,373.53,407.85,34.32,7,3,2,True,"[""10.1021/acs.jced.5b00255#d2#p1#r5"",""10.1021/acs.jced.5b00255#d2#p1#r6"",""10.1021/acs.jced.5b00255#d2#p1#r7""]","[""10.1021/acs.jced.5b00255#d2#p1#r1"",""10.1021/acs.jced.5b00255#d2#p1#r2""]",3,2,2
ep_c5b68658b683b1a0,mol_c6feabb4edc72193,grp_4b1804fb3acb405a,validation,10.1016/j.jct.2017.07.008,10.1016/j.jct.2017.07.008#d8#p1,10000,336.42,391.94,55.52,20,7,4,True,"[""10.1016/j.jct.2017.07.008#d8#p1#r14"",""10.1016/j.jct.2017.07.008#d8#p1#r17"",""10.1016/j.jct.2017.07.008#d8#p1#r20""]","[""10.1016/j.jct.2017.07.008#d8#p1#r1"",""10.1016/j.jct.2017.07.008#d8#p1#r2"",""10.1016/j.jct.2017.07.008#d8#p1#r3"",""10.1016/j.jct.2017.07.008#d8#p1#r4""]",3,4,4
ep_c5bd46e5e55e7c4c,mol_45c573e23e91147e,grp_5dea7427c65d07c7,train,10.1021/je050056e,10.1021/je050056e#d9#p1,10000,288.35,323.01,34.66,8,3,3,True,"[""10.1021/je050056e#d9#p1#r6"",""10.1021/je050056e#d9#p1#r7"",""10.1021/je050056e#d9#p1#r8""]","[""10.1021/je050056e#d9#p1#r1"",""10.1021/je050056e#d9#p1#r2"",""10.1021/je050056e#d9#p1#r3""]",3,3,3
ep_c659e2d7344531e1,mol_9c277a73dd0d1066,grp_5dea7427c65d07c7,train,10.1021/je100231g,10.1021/je100231g#d4#p1,10000,298.3,347.9,49.6,15,4,4,True,"[""10.1021/je100231g#d4#p1#r12"",""10.1021/je100231g#d4#p1#r13"",""10.1021/je100231g#d4#p1#r15""]","[""10.1021/je100231g#d4#p1#r1"",""10.1021/je100231g#d4#p1#r2"",""10.1021/je100231g#d4#p1#r3"",""10.1021/je100231g#d4#p1#r4""]",3,4,4
ep_c6babd381c491d73,mol_3990f91812cec3f3,grp_5dea7427c65d07c7,train,10.1016/j.tca.2018.07.016,10.1016/j.tca.2018.07.016#d2#p1,10000,276.1,324.9,48.8,18,5,5,True,"[""10.1016/j.tca.2018.07.016#d2#p1#r15"",""10.1016/j.tca.2018.07.016#d2#p1#r17"",""10.1016/j.tca.2018.07.016#d2#p1#r19""]","[""10.1016/j.tca.2018.07.016#d2#p1#r1"",""10.1016/j.tca.2018.07.016#d2#p1#r2"",""10.1016/j.tca.2018.07.016#d2#p1#r3"",""10.1016/j.tca.2018.07.016#d2#p1#r4"",""10.1016/j.tca.2018.07.016#d2#p1#r5""]",3,5,5
ep_c6c4c0c19be12c71,mol_3bc540c095f58f95,grp_8be27da50ef3b127,train,10.1021/je050034s,10.1021/je050034s#d11#p1,10000,329.988,419.972,89.984,11,4,3,True,"[""10.1021/je050034s#d11#p1#r8"",""10.1021/je050034s#d11#p1#r9"",""10.1021/je050034s#d11#p1#r11""]","[""10.1021/je050034s#d11#p1#r1"",""10.1021/je050034s#d11#p1#r2"",""10.1021/je050034s#d11#p1#r3""]",3,3,3
ep_c6dc53f274f3dd2b,mol_b3ee2ab98d9cebaf,grp_5dea7427c65d07c7,train,10.1021/je049561m,10.1021/je049561m#d8#p1,10000,275.4,314.2,38.8,14,4,4,True,"[""10.1021/je049561m#d8#p1#r11"",""10.1021/je049561m#d8#p1#r12"",""10.1021/je049561m#d8#p1#r14""]","[""10.1021/je049561m#d8#p1#r1"",""10.1021/je049561m#d8#p1#r2"",""10.1021/je049561m#d8#p1#r3"",""10.1021/je049561m#d8#p1#r4""]",3,4,4
ep_c79df4a0fcbaddc8,mol_2ebd0ef54ed8a046,grp_642c5927dec37b59,validation,10.1016/j.fluid.2011.07.007,10.1016/j.fluid.2011.07.007#d4#p1,10000,289.3,325.4,36.1,17,8,4,True,"[""10.1016/j.fluid.2011.07.007#d4#p1#r10"",""10.1016/j.fluid.2011.07.007#d4#p1#r13"",""10.1016/j.fluid.2011.07.007#d4#p1#r17""]","[""10.1016/j.fluid.2011.07.007#d4#p1#r1"",""10.1016/j.fluid.2011.07.007#d4#p1#r2"",""10.1016/j.fluid.2011.07.007#d4#p1#r3"",""10.1016/j.fluid.2011.07.007#d4#p1#r4""]",3,4,4
ep_c8b327c609a6afd4,mol_fbfba0e871eef2de,grp_fd16eb96ed948225,validation,10.1021/acs.jced.5b01003,10.1021/acs.jced.5b01003#d2#p1,10000,279.2,310.7,31.5,14,4,5,True,"[""10.1021/acs.jced.5b01003#d2#p1#r14"",""10.1021/acs.jced.5b01003#d2#p1#r5"",""10.1021/acs.jced.5b01003#d2#p1#r6""]","[""10.1021/acs.jced.5b01003#d2#p1#r1"",""10.1021/acs.jced.5b01003#d2#p1#r10"",""10.1021/acs.jced.5b01003#d2#p1#r2"",""10.1021/acs.jced.5b01003#d2#p1#r8"",""10.1021/acs.jced.5b01003#d2#p1#r9""]",3,5,5
ep_c9acddf03667f8c1,mol_9da490861744c9f8,grp_5dea7427c65d07c7,train,10.1021/je0602418,10.1021/je0602418#d26#p1,10000,323.4,373.8,50.4,12,3,4,True,"[""10.1021/je0602418#d26#p1#r14"",""10.1021/je0602418#d26#p1#r15"",""10.1021/je0602418#d26#p1#r16""]","[""10.1021/je0602418#d26#p1#r5"",""10.1021/je0602418#d26#p1#r6"",""10.1021/je0602418#d26#p1#r7"",""10.1021/je0602418#d26#p1#r8""]",3,4,4
ep_ca2ac7545b797e46,mol_275981bba78be1e1,grp_5dea7427c65d07c7,train,10.1021/je500784s,10.1021/je500784s#d4#p1,10000,274.2,308.2,34,22,6,9,True,"[""10.1021/je500784s#d4#p1#r20"",""10.1021/je500784s#d4#p1#r22"",""10.1021/je500784s#d4#p1#r25""]","[""10.1021/je500784s#d4#p1#r1"",""10.1021/je500784s#d4#p1#r10"",""10.1021/je500784s#d4#p1#r11"",""10.1021/je500784s#d4#p1#r2"",""10.1021/je500784s#d4#p1#r3"",""10.1021/je500784s#d4#p1#r4"",""10.1021/je500784s#d4#p1#r5"",""10.1021/je500784s#d4#p1#r6"",""10.1021/je500784s#d4#p1#r7"",""10.1021/je500784s#d4#p1#r8"",""10.1021/je500784s#d4#p1#r9""]",3,11,9
ep_ca9e5693ee7caffd,mol_28ddefda28499c0d,grp_5ed1239f1de5ca2c,validation,10.1016/j.fluid.2016.11.010,10.1016/j.fluid.2016.11.010#d2#p1,10000,313.3,363,49.7,11,4,4,True,"[""10.1016/j.fluid.2016.11.010#d2#p1#r8"",""10.1016/j.fluid.2016.11.010#d2#p1#r9"",""10.1016/j.fluid.2016.11.010#d2#p1#r11""]","[""10.1016/j.fluid.2016.11.010#d2#p1#r1"",""10.1016/j.fluid.2016.11.010#d2#p1#r2"",""10.1016/j.fluid.2016.11.010#d2#p1#r3"",""10.1016/j.fluid.2016.11.010#d2#p1#r4""]",3,4,4
ep_cbd4458d977a9db4,mol_2e302d909c9e5e5c,grp_5dea7427c65d07c7,train,10.1016/j.jct.2014.07.004,10.1016/j.jct.2014.07.004#d5#p1,10000,277.96,333.15,55.19,13,4,5,True,"[""10.1016/j.jct.2014.07.004#d5#p1#r10"",""10.1016/j.jct.2014.07.004#d5#p1#r11"",""10.1016/j.jct.2014.07.004#d5#p1#r13""]","[""10.1016/j.jct.2014.07.004#d5#p1#r1"",""10.1016/j.jct.2014.07.004#d5#p1#r2"",""10.1016/j.jct.2014.07.004#d5#p1#r3"",""10.1016/j.jct.2014.07.004#d5#p1#r4"",""10.1016/j.jct.2014.07.004#d5#p1#r5""]",3,5,5
ep_ccdfa9fbdf272628,mol_22a914e429e8f57c,grp_27b44b5a9de26f9f,test,10.1016/j.tca.2015.02.004,10.1016/j.tca.2015.02.004#d2#p1,10000,296.7,352.8,56.1,9,3,3,True,"[""10.1016/j.tca.2015.02.004#d2#p1#r9"",""10.1016/j.tca.2015.02.004#d2#p1#r3"",""10.1016/j.tca.2015.02.004#d2#p1#r10""]","[""10.1016/j.tca.2015.02.004#d2#p1#r1"",""10.1016/j.tca.2015.02.004#d2#p1#r17"",""10.1016/j.tca.2015.02.004#d2#p1#r6""]",3,3,3
ep_cd30540b7815abef,mol_304fa968ee31b51b,grp_5dea7427c65d07c7,train,10.1021/acs.jced.9b00419,10.1021/acs.jced.9b00419#d2#p1,10000,298.4,347.3,48.9,11,3,4,True,"[""10.1021/acs.jced.9b00419#d2#p1#r10"",""10.1021/acs.jced.9b00419#d2#p1#r11"",""10.1021/acs.jced.9b00419#d2#p1#r12""]","[""10.1021/acs.jced.9b00419#d2#p1#r1"",""10.1021/acs.jced.9b00419#d2#p1#r2"",""10.1021/acs.jced.9b00419#d2#p1#r3"",""10.1021/acs.jced.9b00419#d2#p1#r4"",""10.1021/acs.jced.9b00419#d2#p1#r5""]",3,5,4
ep_ce4b3b5f70a91c33,mol_7982e06cefd90b4f,grp_d2426a225a128b74,train,10.1021/je034263v,10.1021/je034263v#d5#p1,10000,377.15,448.84,71.69,18,7,5,True,"[""10.1021/je034263v#d5#p1#r12"",""10.1021/je034263v#d5#p1#r15"",""10.1021/je034263v#d5#p1#r18""]","[""10.1021/je034263v#d5#p1#r1"",""10.1021/je034263v#d5#p1#r2"",""10.1021/je034263v#d5#p1#r3"",""10.1021/je034263v#d5#p1#r4"",""10.1021/je034263v#d5#p1#r5""]",3,5,5
ep_ce7060cb45e38d34,mol_a82c5379fe350441,grp_95988f9c4708b4b0,test,10.1016/j.fluid.2006.09.001,10.1016/j.fluid.2006.09.001#d2#p1,10000,339.1,373.5,34.4,21,5,7,True,"[""10.1016/j.fluid.2006.09.001#d2#p1#r36"",""10.1016/j.fluid.2006.09.001#d2#p1#r38"",""10.1016/j.fluid.2006.09.001#d2#p1#r41""]","[""10.1016/j.fluid.2006.09.001#d2#p1#r20"",""10.1016/j.fluid.2006.09.001#d2#p1#r21"",""10.1016/j.fluid.2006.09.001#d2#p1#r22"",""10.1016/j.fluid.2006.09.001#d2#p1#r23"",""10.1016/j.fluid.2006.09.001#d2#p1#r24"",""10.1016/j.fluid.2006.09.001#d2#p1#r25"",""10.1016/j.fluid.2006.09.001#d2#p1#r26""]",3,7,7
ep_ce8183951dfa9a08,mol_5fa3d4f920d98423,grp_5dea7427c65d07c7,train,10.1021/acs.jced.6b00576,10.1021/acs.jced.6b00576#d25#p1,10000,279.84,314.3,34.46,13,4,5,True,"[""10.1021/acs.jced.6b00576#d25#p1#r10"",""10.1021/acs.jced.6b00576#d25#p1#r11"",""10.1021/acs.jced.6b00576#d25#p1#r13""]","[""10.1021/acs.jced.6b00576#d25#p1#r1"",""10.1021/acs.jced.6b00576#d25#p1#r2"",""10.1021/acs.jced.6b00576#d25#p1#r3"",""10.1021/acs.jced.6b00576#d25#p1#r4"",""10.1021/acs.jced.6b00576#d25#p1#r5""]",3,5,5
ep_cf48a71a27893125,mol_8b55943f32f4ccc1,grp_5dea7427c65d07c7,train,10.1016/j.jct.2009.09.003,10.1016/j.jct.2009.09.003#d8#p1,10000,338.2,373.3,35.1,25,9,6,True,"[""10.1016/j.jct.2009.09.003#d8#p1#r18"",""10.1016/j.jct.2009.09.003#d8#p1#r22"",""10.1016/j.jct.2009.09.003#d8#p1#r27""]","[""10.1016/j.jct.2009.09.003#d8#p1#r1"",""10.1016/j.jct.2009.09.003#d8#p1#r2"",""10.1016/j.jct.2009.09.003#d8#p1#r3"",""10.1016/j.jct.2009.09.003#d8#p1#r4"",""10.1016/j.jct.2009.09.003#d8#p1#r5"",""10.1016/j.jct.2009.09.003#d8#p1#r6""]",3,6,6
ep_cf4c6e4aac75018e,mol_f6fdbe222c4eecf8,grp_5085cd785cc4c7f4,test,10.1016/j.jct.2013.05.047,10.1016/j.jct.2013.05.047#d4#p1,10000,291.39,342.84,51.45,27,8,8,True,"[""10.1016/j.jct.2013.05.047#d4#p1#r20"",""10.1016/j.jct.2013.05.047#d4#p1#r23"",""10.1016/j.jct.2013.05.047#d4#p1#r27""]","[""10.1016/j.jct.2013.05.047#d4#p1#r1"",""10.1016/j.jct.2013.05.047#d4#p1#r2"",""10.1016/j.jct.2013.05.047#d4#p1#r3"",""10.1016/j.jct.2013.05.047#d4#p1#r4"",""10.1016/j.jct.2013.05.047#d4#p1#r5"",""10.1016/j.jct.2013.05.047#d4#p1#r6"",""10.1016/j.jct.2013.05.047#d4#p1#r7"",""10.1016/j.jct.2013.05.047#d4#p1#r8""]",3,8,8
ep_cfbdf9be61c18985,mol_ab9c0dd96a4d0ed3,grp_4cb2ec77bd45a869,test,10.1016/j.jct.2005.11.009,10.1016/j.jct.2005.11.009#d2#p1,10000,292.5,353.5,61,24,8,7,True,"[""10.1016/j.jct.2005.11.009#d2#p1#r17"",""10.1016/j.jct.2005.11.009#d2#p1#r20"",""10.1016/j.jct.2005.11.009#d2#p1#r24""]","[""10.1016/j.jct.2005.11.009#d2#p1#r1"",""10.1016/j.jct.2005.11.009#d2#p1#r2"",""10.1016/j.jct.2005.11.009#d2#p1#r3"",""10.1016/j.jct.2005.11.009#d2#p1#r4"",""10.1016/j.jct.2005.11.009#d2#p1#r5"",""10.1016/j.jct.2005.11.009#d2#p1#r6"",""10.1016/j.jct.2005.11.009#d2#p1#r7""]",3,7,7
ep_d03bc3b5554c16c7,mol_5e1a76b3fc001a63,grp_5dea7427c65d07c7,train,10.1016/j.jct.2016.07.024,10.1016/j.jct.2016.07.024#d4#p1,10000,322.68,442.5,119.82,13,4,4,True,"[""10.1016/j.jct.2016.07.024#d4#p1#r10"",""10.1016/j.jct.2016.07.024#d4#p1#r11"",""10.1016/j.jct.2016.07.024#d4#p1#r13""]","[""10.1016/j.jct.2016.07.024#d4#p1#r1"",""10.1016/j.jct.2016.07.024#d4#p1#r2"",""10.1016/j.jct.2016.07.024#d4#p1#r3"",""10.1016/j.jct.2016.07.024#d4#p1#r4""]",3,4,4
ep_d10213ec1cbd280f,mol_fbd0f1e88c976a97,grp_5dea7427c65d07c7,train,10.1016/j.jct.2017.03.029,10.1016/j.jct.2017.03.029#d3#p1,10000,326.2,367.9,41.7,19,3,8,True,"[""10.1016/j.jct.2017.03.029#d3#p1#r13"",""10.1016/j.jct.2017.03.029#d3#p1#r15"",""10.1016/j.jct.2017.03.029#d3#p1#r17""]","[""10.1016/j.jct.2017.03.029#d3#p1#r1"",""10.1016/j.jct.2017.03.029#d3#p1#r19"",""10.1016/j.jct.2017.03.029#d3#p1#r2"",""10.1016/j.jct.2017.03.029#d3#p1#r20"",""10.1016/j.jct.2017.03.029#d3#p1#r21"",""10.1016/j.jct.2017.03.029#d3#p1#r22"",""10.1016/j.jct.2017.03.029#d3#p1#r23"",""10.1016/j.jct.2017.03.029#d3#p1#r24"",""10.1016/j.jct.2017.03.029#d3#p1#r3"",""10.1016/j.jct.2017.03.029#d3#p1#r4"",""10.1016/j.jct.2017.03.029#d3#p1#r5"",""10.1016/j.jct.2017.03.029#d3#p1#r6""]",3,12,8
ep_d10359bcd6466ecc,mol_9472915240012651,grp_8485db366cf61c1d,train,10.1016/j.jct.2008.10.008,10.1016/j.jct.2008.10.008#d24#p1,10000,354.981,394.968,39.987,7,3,2,True,"[""10.1016/j.jct.2008.10.008#d24#p1#r5"",""10.1016/j.jct.2008.10.008#d24#p1#r6"",""10.1016/j.jct.2008.10.008#d24#p1#r7""]","[""10.1016/j.jct.2008.10.008#d24#p1#r1"",""10.1016/j.jct.2008.10.008#d24#p1#r2""]",3,2,2
ep_d15db5693ca9bdf6,mol_20837b2036542f40,grp_69e3066d23c835df,test,10.1021/je025634v,10.1021/je025634v#d7#p1,10000,253.48,293.56,40.08,7,3,2,True,"[""10.1021/je025634v#d7#p1#r5"",""10.1021/je025634v#d7#p1#r6"",""10.1021/je025634v#d7#p1#r8""]","[""10.1021/je025634v#d7#p1#r1"",""10.1021/je025634v#d7#p1#r2""]",3,2,2
ep_d18f0ad146841362,mol_5d62b18b4ab74a9a,grp_756fd67e09bf04a3,validation,10.1016/j.jct.2015.07.025,10.1016/j.jct.2015.07.025#d1#p1,10000,287.4,324.2,36.8,17,6,6,True,"[""10.1016/j.jct.2015.07.025#d1#p1#r13"",""10.1016/j.jct.2015.07.025#d1#p1#r15"",""10.1016/j.jct.2015.07.025#d1#p1#r18""]","[""10.1016/j.jct.2015.07.025#d1#p1#r1"",""10.1016/j.jct.2015.07.025#d1#p1#r2"",""10.1016/j.jct.2015.07.025#d1#p1#r3"",""10.1016/j.jct.2015.07.025#d1#p1#r4"",""10.1016/j.jct.2015.07.025#d1#p1#r5"",""10.1016/j.jct.2015.07.025#d1#p1#r6""]",3,6,6
ep_d1ad3910c7f9caf8,mol_cc2fc42bf1c5d229,grp_fd16eb96ed948225,validation,10.1021/acs.jced.5b01003,10.1021/acs.jced.5b01003#d3#p1,10000,274.2,305.4,31.2,11,6,3,True,"[""10.1021/acs.jced.5b01003#d3#p1#r6"",""10.1021/acs.jced.5b01003#d3#p1#r8"",""10.1021/acs.jced.5b01003#d3#p1#r11""]","[""10.1021/acs.jced.5b01003#d3#p1#r1"",""10.1021/acs.jced.5b01003#d3#p1#r2"",""10.1021/acs.jced.5b01003#d3#p1#r3""]",3,3,3
ep_d29d98c6cfd0d8ac,mol_a52eb3ec1414bb0f,grp_5dea7427c65d07c7,train,10.1016/j.fluid.2012.08.003,10.1016/j.fluid.2012.08.003#d6#p1,10000,274.1,328.4,54.3,16,6,6,True,"[""10.1016/j.fluid.2012.08.003#d6#p1#r11"",""10.1016/j.fluid.2012.08.003#d6#p1#r13"",""10.1016/j.fluid.2012.08.003#d6#p1#r16""]","[""10.1016/j.fluid.2012.08.003#d6#p1#r1"",""10.1016/j.fluid.2012.08.003#d6#p1#r2"",""10.1016/j.fluid.2012.08.003#d6#p1#r3"",""10.1016/j.fluid.2012.08.003#d6#p1#r4"",""10.1016/j.fluid.2012.08.003#d6#p1#r5"",""10.1016/j.fluid.2012.08.003#d6#p1#r6""]",3,6,6
ep_d38b499d2048253b,mol_b7d29ccd815de3fe,grp_4099771604350c09,test,10.1021/je200336c,10.1021/je200336c#d4#p1,10000,313,362.9,49.9,18,5,7,True,"[""10.1021/je200336c#d4#p1#r14"",""10.1021/je200336c#d4#p1#r16"",""10.1021/je200336c#d4#p1#r18""]","[""10.1021/je200336c#d4#p1#r1"",""10.1021/je200336c#d4#p1#r2"",""10.1021/je200336c#d4#p1#r3"",""10.1021/je200336c#d4#p1#r4"",""10.1021/je200336c#d4#p1#r5"",""10.1021/je200336c#d4#p1#r6"",""10.1021/je200336c#d4#p1#r7""]",3,7,7
ep_d4b940c6c8a1d478,mol_7eb75db0233cc0c1,grp_27b44b5a9de26f9f,test,10.1016/j.tca.2015.02.004,10.1016/j.tca.2015.02.004#d4#p1,10000,311.6,391.6,80,9,5,3,True,"[""10.1016/j.tca.2015.02.004#d4#p1#r3"",""10.1016/j.tca.2015.02.004#d4#p1#r11"",""10.1016/j.tca.2015.02.004#d4#p1#r17""]","[""10.1016/j.tca.2015.02.004#d4#p1#r1"",""10.1016/j.tca.2015.02.004#d4#p1#r2"",""10.1016/j.tca.2015.02.004#d4#p1#r9""]",3,3,3
ep_d58613bf25d08367,mol_da5be87f9b74e1ab,grp_81ebf8339e108f8a,train,10.1016/j.jct.2012.07.027,10.1016/j.jct.2012.07.027#d13#p1,10000,268.58,344.85,76.27,40,12,13,True,"[""10.1016/j.jct.2012.07.027#d13#p1#r30"",""10.1016/j.jct.2012.07.027#d13#p1#r35"",""10.1016/j.jct.2012.07.027#d13#p1#r42""]","[""10.1016/j.jct.2012.07.027#d13#p1#r1"",""10.1016/j.jct.2012.07.027#d13#p1#r10"",""10.1016/j.jct.2012.07.027#d13#p1#r11"",""10.1016/j.jct.2012.07.027#d13#p1#r12"",""10.1016/j.jct.2012.07.027#d13#p1#r13"",""10.1016/j.jct.2012.07.027#d13#p1#r2"",""10.1016/j.jct.2012.07.027#d13#p1#r3"",""10.1016/j.jct.2012.07.027#d13#p1#r4"",""10.1016/j.jct.2012.07.027#d13#p1#r5"",""10.1016/j.jct.2012.07.027#d13#p1#r6"",""10.1016/j.jct.2012.07.027#d13#p1#r7"",""10.1016/j.jct.2012.07.027#d13#p1#r8"",""10.1016/j.jct.2012.07.027#d13#p1#r9""]",3,13,13
ep_d5c281d958a12370,mol_58b895da863521d5,grp_5dea7427c65d07c7,train,10.1021/je060249h,10.1021/je060249h#d2#p1,10000,347.65,423.2,75.55,19,8,3,True,"[""10.1021/je060249h#d2#p1#r12"",""10.1021/je060249h#d2#p1#r15"",""10.1021/je060249h#d2#p1#r20""]","[""10.1021/je060249h#d2#p1#r1"",""10.1021/je060249h#d2#p1#r2"",""10.1021/je060249h#d2#p1#r3""]",3,3,3
ep_d6a4dc6bc46ddc6b,mol_1ca87a53bf4e35a9,grp_c50732a0f7207397,train,10.1016/j.fluid.2015.07.031,10.1016/j.fluid.2015.07.031#d5#p1,10000,293.16,362.975,69.815,15,5,5,True,"[""10.1016/j.fluid.2015.07.031#d5#p1#r31"",""10.1016/j.fluid.2015.07.031#d5#p1#r37"",""10.1016/j.fluid.2015.07.031#d5#p1#r43""]","[""10.1016/j.fluid.2015.07.031#d5#p1#r1"",""10.1016/j.fluid.2015.07.031#d5#p1#r10"",""10.1016/j.fluid.2015.07.031#d5#p1#r11"",""10.1016/j.fluid.2015.07.031#d5#p1#r12"",""10.1016/j.fluid.2015.07.031#d5#p1#r13"",""10.1016/j.fluid.2015.07.031#d5#p1#r14"",""10.1016/j.fluid.2015.07.031#d5#p1#r15"",""10.1016/j.fluid.2015.07.031#d5#p1#r2"",""10.1016/j.fluid.2015.07.031#d5#p1#r3"",""10.1016/j.fluid.2015.07.031#d5#p1#r4"",""10.1016/j.fluid.2015.07.031#d5#p1#r5"",""10.1016/j.fluid.2015.07.031#d5#p1#r58"",""10.1016/j.fluid.2015.07.031#d5#p1#r6"",""10.1016/j.fluid.2015.07.031#d5#p1#r60"",""10.1016/j.fluid.2015.07.031#d5#p1#r61"",""10.1016/j.fluid.2015.07.031#d5#p1#r62"",""10.1016/j.fluid.2015.07.031#d5#p1#r63"",""10.1016/j.fluid.2015.07.031#d5#p1#r64"",""10.1016/j.fluid.2015.07.031#d5#p1#r65"",""10.1016/j.fluid.2015.07.031#d5#p1#r66"",""10.1016/j.fluid.2015.07.031#d5#p1#r67"",""10.1016/j.fluid.2015.07.031#d5#p1#r68"",""10.1016/j.fluid.2015.07.031#d5#p1#r69"",""10.1016/j.fluid.2015.07.031#d5#p1#r7"",""10.1016/j.fluid.2015.07.031#d5#p1#r8"",""10.1016/j.fluid.2015.07.031#d5#p1#r9""]",3,26,5
ep_d93bc1cc4e8ba7f2,mol_32facc64508e019f,grp_5dea7427c65d07c7,train,10.1021/je2002489,10.1021/je2002489#d2#p1,10000,293.4,353.2,59.8,31,9,10,True,"[""10.1021/je2002489#d2#p1#r23"",""10.1021/je2002489#d2#p1#r27"",""10.1021/je2002489#d2#p1#r31""]","[""10.1021/je2002489#d2#p1#r1"",""10.1021/je2002489#d2#p1#r10"",""10.1021/je2002489#d2#p1#r2"",""10.1021/je2002489#d2#p1#r3"",""10.1021/je2002489#d2#p1#r4"",""10.1021/je2002489#d2#p1#r5"",""10.1021/je2002489#d2#p1#r6"",""10.1021/je2002489#d2#p1#r7"",""10.1021/je2002489#d2#p1#r8"",""10.1021/je2002489#d2#p1#r9""]",3,10,10
ep_db9233388823bb30,mol_46c9766df0dc3e13,grp_5dea7427c65d07c7,train,10.1016/j.fluid.2014.07.029,10.1016/j.fluid.2014.07.029#d11#p1,10000,274.5,305.4,30.9,12,4,4,True,"[""10.1016/j.fluid.2014.07.029#d11#p1#r10"",""10.1016/j.fluid.2014.07.029#d11#p1#r11"",""10.1016/j.fluid.2014.07.029#d11#p1#r15""]","[""10.1016/j.fluid.2014.07.029#d11#p1#r1"",""10.1016/j.fluid.2014.07.029#d11#p1#r2"",""10.1016/j.fluid.2014.07.029#d11#p1#r3"",""10.1016/j.fluid.2014.07.029#d11#p1#r4""]",3,4,4
ep_dbed7095c6b1ba7d,mol_df3844ce888daa74,grp_5dea7427c65d07c7,train,10.1016/j.fluid.2014.11.026,10.1016/j.fluid.2014.11.026#d8#p1,10000,318.01,370.89,52.88,21,6,7,True,"[""10.1016/j.fluid.2014.11.026#d8#p1#r20"",""10.1016/j.fluid.2014.11.026#d8#p1#r22"",""10.1016/j.fluid.2014.11.026#d8#p1#r25""]","[""10.1016/j.fluid.2014.11.026#d8#p1#r10"",""10.1016/j.fluid.2014.11.026#d8#p1#r11"",""10.1016/j.fluid.2014.11.026#d8#p1#r5"",""10.1016/j.fluid.2014.11.026#d8#p1#r6"",""10.1016/j.fluid.2014.11.026#d8#p1#r7"",""10.1016/j.fluid.2014.11.026#d8#p1#r8"",""10.1016/j.fluid.2014.11.026#d8#p1#r9""]",3,7,7
ep_dc952a2bf835e1e7,mol_853d5f3f7f788765,grp_5dea7427c65d07c7,train,10.1021/je100231g,10.1021/je100231g#d11#p1,10000,293.4,358.2,64.8,48,10,12,True,"[""10.1021/je100231g#d11#p1#r44"",""10.1021/je100231g#d11#p1#r48"",""10.1021/je100231g#d11#p1#r54""]","[""10.1021/je100231g#d11#p1#r10"",""10.1021/je100231g#d11#p1#r11"",""10.1021/je100231g#d11#p1#r12"",""10.1021/je100231g#d11#p1#r13"",""10.1021/je100231g#d11#p1#r14"",""10.1021/je100231g#d11#p1#r15"",""10.1021/je100231g#d11#p1#r2"",""10.1021/je100231g#d11#p1#r3"",""10.1021/je100231g#d11#p1#r4"",""10.1021/je100231g#d11#p1#r5"",""10.1021/je100231g#d11#p1#r6"",""10.1021/je100231g#d11#p1#r7"",""10.1021/je100231g#d11#p1#r8"",""10.1021/je100231g#d11#p1#r9""]",3,14,12
ep_dd055abf54deb1fb,mol_385079eb0964d1b9,grp_5085cd785cc4c7f4,test,10.1021/je060429r,10.1021/je060429r#d14#p1,10000,341.2,371.4,30.2,10,3,3,True,"[""10.1021/je060429r#d14#p1#r8"",""10.1021/je060429r#d14#p1#r9"",""10.1021/je060429r#d14#p1#r10""]","[""10.1021/je060429r#d14#p1#r1"",""10.1021/je060429r#d14#p1#r2"",""10.1021/je060429r#d14#p1#r3""]",3,3,3
ep_dd5d6831de5ec39f,mol_4f518c4827747974,grp_9dc3cc34781e7516,train,10.1016/j.fluid.2016.06.011,10.1016/j.fluid.2016.06.011#d5#p1,10000,278.14,317.98,39.84,9,3,3,True,"[""10.1016/j.fluid.2016.06.011#d5#p1#r7"",""10.1016/j.fluid.2016.06.011#d5#p1#r8"",""10.1016/j.fluid.2016.06.011#d5#p1#r9""]","[""10.1016/j.fluid.2016.06.011#d5#p1#r1"",""10.1016/j.fluid.2016.06.011#d5#p1#r2"",""10.1016/j.fluid.2016.06.011#d5#p1#r3""]",3,3,3
ep_dd9d75492fe2672a,mol_238deb0b278c0317,grp_468c9a97902f6f3f,test,10.1016/j.fluid.2014.12.023,10.1016/j.fluid.2014.12.023#d14#p1,10000,282.8,328.6,45.8,21,8,6,True,"[""10.1016/j.fluid.2014.12.023#d14#p1#r15"",""10.1016/j.fluid.2014.12.023#d14#p1#r18"",""10.1016/j.fluid.2014.12.023#d14#p1#r22""]","[""10.1016/j.fluid.2014.12.023#d14#p1#r1"",""10.1016/j.fluid.2014.12.023#d14#p1#r2"",""10.1016/j.fluid.2014.12.023#d14#p1#r3"",""10.1016/j.fluid.2014.12.023#d14#p1#r4"",""10.1016/j.fluid.2014.12.023#d14#p1#r5"",""10.1016/j.fluid.2014.12.023#d14#p1#r6"",""10.1016/j.fluid.2014.12.023#d14#p1#r7""]",3,7,6
ep_ddbe1a18adae888e,mol_4e4c72058c054de2,grp_5dea7427c65d07c7,train,10.1021/je400212t,10.1021/je400212t#d6#p1,10000,299.1,343,43.9,25,7,9,True,"[""10.1021/je400212t#d6#p1#r20"",""10.1021/je400212t#d6#p1#r26"",""10.1021/je400212t#d6#p1#r32""]","[""10.1021/je400212t#d6#p1#r1"",""10.1021/je400212t#d6#p1#r2"",""10.1021/je400212t#d6#p1#r3"",""10.1021/je400212t#d6#p1#r4"",""10.1021/je400212t#d6#p1#r5"",""10.1021/je400212t#d6#p1#r6"",""10.1021/je400212t#d6#p1#r7"",""10.1021/je400212t#d6#p1#r8"",""10.1021/je400212t#d6#p1#r9""]",3,9,9
ep_de3154509e928fcd,mol_8f8d88329a658c4a,grp_5dea7427c65d07c7,train,10.1021/je0602418,10.1021/je0602418#d10#p1,10000,286.4,340.6,54.2,19,6,6,True,"[""10.1021/je0602418#d10#p1#r14"",""10.1021/je0602418#d10#p1#r16"",""10.1021/je0602418#d10#p1#r19""]","[""10.1021/je0602418#d10#p1#r1"",""10.1021/je0602418#d10#p1#r2"",""10.1021/je0602418#d10#p1#r3"",""10.1021/je0602418#d10#p1#r4"",""10.1021/je0602418#d10#p1#r5"",""10.1021/je0602418#d10#p1#r6""]",3,6,6
ep_de3ca1325b13bf75,mol_752fe3dca8afa6dd,grp_5dea7427c65d07c7,train,10.1016/j.tca.2015.03.016,10.1016/j.tca.2015.03.016#d4#p1,10000,295.4,333.2,37.8,14,4,4,True,"[""10.1016/j.tca.2015.03.016#d4#p1#r11"",""10.1016/j.tca.2015.03.016#d4#p1#r12"",""10.1016/j.tca.2015.03.016#d4#p1#r14""]","[""10.1016/j.tca.2015.03.016#d4#p1#r1"",""10.1016/j.tca.2015.03.016#d4#p1#r2"",""10.1016/j.tca.2015.03.016#d4#p1#r3"",""10.1016/j.tca.2015.03.016#d4#p1#r4""]",3,4,4
ep_def219731f814450,mol_5d8d53a98b10e7f5,grp_5d8d53a98b10e7f5,validation,10.1021/je050084x,10.1021/je050084x#d1#p1,10000,253.49,288.19,34.7,11,5,3,True,"[""10.1021/je050084x#d1#p1#r43"",""10.1021/je050084x#d1#p1#r51"",""10.1021/je050084x#d1#p1#r58""]","[""10.1021/je050084x#d1#p1#r14"",""10.1021/je050084x#d1#p1#r15"",""10.1021/je050084x#d1#p1#r19"",""10.1021/je050084x#d1#p1#r23"",""10.1021/je050084x#d1#p1#r24"",""10.1021/je050084x#d1#p1#r25"",""10.1021/je050084x#d1#p1#r26"",""10.1021/je050084x#d1#p1#r27""]",3,8,3
ep_dfb6002234445faf,mol_d42c92066d82e698,grp_fd910654208f838e,validation,10.1016/j.jct.2014.06.002,10.1016/j.jct.2014.06.002#d9#p1,10000,309.93,355.71,45.78,24,7,7,True,"[""10.1016/j.jct.2014.06.002#d9#p1#r18"",""10.1016/j.jct.2014.06.002#d9#p1#r21"",""10.1016/j.jct.2014.06.002#d9#p1#r24""]","[""10.1016/j.jct.2014.06.002#d9#p1#r1"",""10.1016/j.jct.2014.06.002#d9#p1#r2"",""10.1016/j.jct.2014.06.002#d9#p1#r3"",""10.1016/j.jct.2014.06.002#d9#p1#r4"",""10.1016/j.jct.2014.06.002#d9#p1#r5"",""10.1016/j.jct.2014.06.002#d9#p1#r6"",""10.1016/j.jct.2014.06.002#d9#p1#r7""]",3,7,7
ep_e323e45fde091982,mol_124c5d93a23a9e5f,grp_5dea7427c65d07c7,train,10.1021/je100231g,10.1021/je100231g#d15#p1,10000,333.3,373.2,39.9,9,3,3,True,"[""10.1021/je100231g#d15#p1#r11"",""10.1021/je100231g#d15#p1#r12"",""10.1021/je100231g#d15#p1#r13""]","[""10.1021/je100231g#d15#p1#r5"",""10.1021/je100231g#d15#p1#r6"",""10.1021/je100231g#d15#p1#r7""]",3,3,3
ep_e3cfad8f94326903,mol_f805442db4c4ce39,grp_5dea7427c65d07c7,train,10.1016/j.fluid.2008.02.001,10.1016/j.fluid.2008.02.001#d8#p1,10000,273.6,313.3,39.7,22,6,7,True,"[""10.1016/j.fluid.2008.02.001#d8#p1#r17"",""10.1016/j.fluid.2008.02.001#d8#p1#r19"",""10.1016/j.fluid.2008.02.001#d8#p1#r22""]","[""10.1016/j.fluid.2008.02.001#d8#p1#r1"",""10.1016/j.fluid.2008.02.001#d8#p1#r2"",""10.1016/j.fluid.2008.02.001#d8#p1#r3"",""10.1016/j.fluid.2008.02.001#d8#p1#r4"",""10.1016/j.fluid.2008.02.001#d8#p1#r5"",""10.1016/j.fluid.2008.02.001#d8#p1#r6"",""10.1016/j.fluid.2008.02.001#d8#p1#r7""]",3,7,7
ep_e45c326998dd630e,mol_8ced90bc6ccb8f46,grp_27b44b5a9de26f9f,test,10.1016/j.tca.2015.02.004,10.1016/j.tca.2015.02.004#d7#p1,10000,321.8,411,89.2,18,6,6,True,"[""10.1016/j.tca.2015.02.004#d7#p1#r8"",""10.1016/j.tca.2015.02.004#d7#p1#r13"",""10.1016/j.tca.2015.02.004#d7#p1#r16""]","[""10.1016/j.tca.2015.02.004#d7#p1#r1"",""10.1016/j.tca.2015.02.004#d7#p1#r18"",""10.1016/j.tca.2015.02.004#d7#p1#r2"",""10.1016/j.tca.2015.02.004#d7#p1#r4"",""10.1016/j.tca.2015.02.004#d7#p1#r5"",""10.1016/j.tca.2015.02.004#d7#p1#r9""]",3,6,6
ep_e4df485ac4155da9,mol_a05de3c299ebdca6,grp_5dea7427c65d07c7,train,10.1021/je100231g,10.1021/je100231g#d13#p1,10000,313.3,358.2,44.9,18,5,6,True,"[""10.1021/je100231g#d13#p1#r14"",""10.1021/je100231g#d13#p1#r16"",""10.1021/je100231g#d13#p1#r18""]","[""10.1021/je100231g#d13#p1#r1"",""10.1021/je100231g#d13#p1#r2"",""10.1021/je100231g#d13#p1#r3"",""10.1021/je100231g#d13#p1#r4"",""10.1021/je100231g#d13#p1#r5"",""10.1021/je100231g#d13#p1#r6""]",3,6,6
ep_e5bfcba3f0b2cd1f,mol_7823c605434c9115,grp_7823c605434c9115,train,10.1016/j.jct.2018.05.029,10.1016/j.jct.2018.05.029#d10#p1,10000,339.986,429.959,89.973,11,4,3,True,"[""10.1016/j.jct.2018.05.029#d10#p1#r10"",""10.1016/j.jct.2018.05.029#d10#p1#r11"",""10.1016/j.jct.2018.05.029#d10#p1#r14""]","[""10.1016/j.jct.2018.05.029#d10#p1#r1"",""10.1016/j.jct.2018.05.029#d10#p1#r2"",""10.1016/j.jct.2018.05.029#d10#p1#r3"",""10.1016/j.jct.2018.05.029#d10#p1#r4""]",3,4,3
ep_e5f17f378cea0b38,mol_165439913dffe7c0,grp_642c5927dec37b59,validation,10.1016/j.fluid.2011.07.007,10.1016/j.fluid.2011.07.007#d2#p1,10000,287.5,330.5,43,17,6,5,True,"[""10.1016/j.fluid.2011.07.007#d2#p1#r12"",""10.1016/j.fluid.2011.07.007#d2#p1#r15"",""10.1016/j.fluid.2011.07.007#d2#p1#r18""]","[""10.1016/j.fluid.2011.07.007#d2#p1#r1"",""10.1016/j.fluid.2011.07.007#d2#p1#r2"",""10.1016/j.fluid.2011.07.007#d2#p1#r3"",""10.1016/j.fluid.2011.07.007#d2#p1#r4"",""10.1016/j.fluid.2011.07.007#d2#p1#r5""]",3,5,5
ep_e671ea0c7978260b,mol_0d35fd4ce34a5a65,grp_5dea7427c65d07c7,train,10.1016/j.fluid.2019.112241,10.1016/j.fluid.2019.112241#d6#p1,10000,291.8,343.6,51.8,24,7,6,True,"[""10.1016/j.fluid.2019.112241#d6#p1#r20"",""10.1016/j.fluid.2019.112241#d6#p1#r24"",""10.1016/j.fluid.2019.112241#d6#p1#r27""]","[""10.1016/j.fluid.2019.112241#d6#p1#r1"",""10.1016/j.fluid.2019.112241#d6#p1#r2"",""10.1016/j.fluid.2019.112241#d6#p1#r3"",""10.1016/j.fluid.2019.112241#d6#p1#r4"",""10.1016/j.fluid.2019.112241#d6#p1#r5"",""10.1016/j.fluid.2019.112241#d6#p1#r6"",""10.1016/j.fluid.2019.112241#d6#p1#r7""]",3,7,6
ep_e71a6e65852f3c66,mol_bb3f5c184978bf9a,grp_bb3f5c184978bf9a,test,10.1016/j.fluid.2016.10.026,10.1016/j.fluid.2016.10.026#d7#p1,10000,336.16,407.19,71.03,15,4,6,True,"[""10.1016/j.fluid.2016.10.026#d7#p1#r12"",""10.1016/j.fluid.2016.10.026#d7#p1#r13"",""10.1016/j.fluid.2016.10.026#d7#p1#r15""]","[""10.1016/j.fluid.2016.10.026#d7#p1#r1"",""10.1016/j.fluid.2016.10.026#d7#p1#r2"",""10.1016/j.fluid.2016.10.026#d7#p1#r3"",""10.1016/j.fluid.2016.10.026#d7#p1#r4"",""10.1016/j.fluid.2016.10.026#d7#p1#r5"",""10.1016/j.fluid.2016.10.026#d7#p1#r6""]",3,6,6
ep_e7ac30ecd2743531,mol_7ea8ab72c1e55be3,grp_5dea7427c65d07c7,train,10.1016/j.jct.2008.02.012,10.1016/j.jct.2008.02.012#d4#p1,10000,287.1,329.1,42,21,6,4,True,"[""10.1016/j.jct.2008.02.012#d4#p1#r16"",""10.1016/j.jct.2008.02.012#d4#p1#r18"",""10.1016/j.jct.2008.02.012#d4#p1#r21""]","[""10.1016/j.jct.2008.02.012#d4#p1#r1"",""10.1016/j.jct.2008.02.012#d4#p1#r2"",""10.1016/j.jct.2008.02.012#d4#p1#r3"",""10.1016/j.jct.2008.02.012#d4#p1#r4""]",3,4,4
ep_e7fdc095d3a476e1,mol_239cb7e490ad2a91,grp_5dea7427c65d07c7,train,10.1016/j.fluid.2014.07.029,10.1016/j.fluid.2014.07.029#d9#p1,10000,274.3,309.2,34.9,14,4,5,True,"[""10.1016/j.fluid.2014.07.029#d9#p1#r14"",""10.1016/j.fluid.2014.07.029#d9#p1#r15"",""10.1016/j.fluid.2014.07.029#d9#p1#r17""]","[""10.1016/j.fluid.2014.07.029#d9#p1#r1"",""10.1016/j.fluid.2014.07.029#d9#p1#r2"",""10.1016/j.fluid.2014.07.029#d9#p1#r3"",""10.1016/j.fluid.2014.07.029#d9#p1#r4"",""10.1016/j.fluid.2014.07.029#d9#p1#r5"",""10.1016/j.fluid.2014.07.029#d9#p1#r6""]",3,6,5
ep_e817561e6025fe6b,mol_b5b1e7ca3cf75bf3,grp_4cb2ec77bd45a869,test,10.1016/j.jct.2005.11.009,10.1016/j.jct.2005.11.009#d3#p1,10000,318.2,363.4,45.2,10,3,3,True,"[""10.1016/j.jct.2005.11.009#d3#p1#r8"",""10.1016/j.jct.2005.11.009#d3#p1#r9"",""10.1016/j.jct.2005.11.009#d3#p1#r10""]","[""10.1016/j.jct.2005.11.009#d3#p1#r1"",""10.1016/j.jct.2005.11.009#d3#p1#r2"",""10.1016/j.jct.2005.11.009#d3#p1#r3""]",3,3,3
ep_e846484f7231cddc,mol_ea8ab19c57483e79,grp_5dea7427c65d07c7,train,10.1016/j.jct.2011.06.008,10.1016/j.jct.2011.06.008#d6#p1,10000,293.25,343.2,49.95,24,8,7,True,"[""10.1016/j.jct.2011.06.008#d6#p1#r28"",""10.1016/j.jct.2011.06.008#d6#p1#r35"",""10.1016/j.jct.2011.06.008#d6#p1#r42""]","[""10.1016/j.jct.2011.06.008#d6#p1#r1"",""10.1016/j.jct.2011.06.008#d6#p1#r10"",""10.1016/j.jct.2011.06.008#d6#p1#r11"",""10.1016/j.jct.2011.06.008#d6#p1#r2"",""10.1016/j.jct.2011.06.008#d6#p1#r3"",""10.1016/j.jct.2011.06.008#d6#p1#r4"",""10.1016/j.jct.2011.06.008#d6#p1#r5"",""10.1016/j.jct.2011.06.008#d6#p1#r6"",""10.1016/j.jct.2011.06.008#d6#p1#r7"",""10.1016/j.jct.2011.06.008#d6#p1#r8"",""10.1016/j.jct.2011.06.008#d6#p1#r9""]",3,11,7
ep_e920bdf1485bee65,mol_9edff65ca060e7d5,grp_5dea7427c65d07c7,train,10.1016/j.jct.2004.08.004,10.1016/j.jct.2004.08.004#d9#p1,10000,336.2,372.1,35.9,13,4,4,True,"[""10.1016/j.jct.2004.08.004#d9#p1#r10"",""10.1016/j.jct.2004.08.004#d9#p1#r11"",""10.1016/j.jct.2004.08.004#d9#p1#r13""]","[""10.1016/j.jct.2004.08.004#d9#p1#r1"",""10.1016/j.jct.2004.08.004#d9#p1#r2"",""10.1016/j.jct.2004.08.004#d9#p1#r3"",""10.1016/j.jct.2004.08.004#d9#p1#r4""]",3,4,4
ep_e9347975c6323453,mol_817b4cbdae424a61,grp_5dea7427c65d07c7,train,10.1016/j.jct.2006.06.010,10.1016/j.jct.2006.06.010#d1#p1,10000,278.4,353.2,74.8,30,10,10,True,"[""10.1016/j.jct.2006.06.010#d1#p1#r37"",""10.1016/j.jct.2006.06.010#d1#p1#r46"",""10.1016/j.jct.2006.06.010#d1#p1#r51""]","[""10.1016/j.jct.2006.06.010#d1#p1#r1"",""10.1016/j.jct.2006.06.010#d1#p1#r10"",""10.1016/j.jct.2006.06.010#d1#p1#r11"",""10.1016/j.jct.2006.06.010#d1#p1#r12"",""10.1016/j.jct.2006.06.010#d1#p1#r13"",""10.1016/j.jct.2006.06.010#d1#p1#r14"",""10.1016/j.jct.2006.06.010#d1#p1#r15"",""10.1016/j.jct.2006.06.010#d1#p1#r2"",""10.1016/j.jct.2006.06.010#d1#p1#r3"",""10.1016/j.jct.2006.06.010#d1#p1#r4"",""10.1016/j.jct.2006.06.010#d1#p1#r5"",""10.1016/j.jct.2006.06.010#d1#p1#r6"",""10.1016/j.jct.2006.06.010#d1#p1#r7"",""10.1016/j.jct.2006.06.010#d1#p1#r8"",""10.1016/j.jct.2006.06.010#d1#p1#r9""]",3,15,10
ep_e9add0b5637e1034,mol_4446e9b31e59fba3,grp_d957e784c854093b,train,10.1016/j.jct.2014.01.006,10.1016/j.jct.2014.01.006#d8#p1,10000,375.005,494.306,119.301,15,6,4,True,"[""10.1016/j.jct.2014.01.006#d8#p1#r10"",""10.1016/j.jct.2014.01.006#d8#p1#r12"",""10.1016/j.jct.2014.01.006#d8#p1#r15""]","[""10.1016/j.jct.2014.01.006#d8#p1#r1"",""10.1016/j.jct.2014.01.006#d8#p1#r2"",""10.1016/j.jct.2014.01.006#d8#p1#r3"",""10.1016/j.jct.2014.01.006#d8#p1#r4""]",3,4,4
ep_ea835d0a5cac3e4e,mol_18b8754dd95a027a,grp_9a6e5ce866866615,validation,10.1016/j.fluid.2012.08.020,10.1016/j.fluid.2012.08.020#d2#p1,10000,301,348.1,47.1,20,6,6,True,"[""10.1016/j.fluid.2012.08.020#d2#p1#r15"",""10.1016/j.fluid.2012.08.020#d2#p1#r17"",""10.1016/j.fluid.2012.08.020#d2#p1#r20""]","[""10.1016/j.fluid.2012.08.020#d2#p1#r1"",""10.1016/j.fluid.2012.08.020#d2#p1#r2"",""10.1016/j.fluid.2012.08.020#d2#p1#r3"",""10.1016/j.fluid.2012.08.020#d2#p1#r4"",""10.1016/j.fluid.2012.08.020#d2#p1#r5"",""10.1016/j.fluid.2012.08.020#d2#p1#r6""]",3,6,6
ep_ebe323ac84f510c9,mol_a69950d65071f1d9,grp_554ad3ddcfbe3579,test,10.1016/j.jct.2011.05.004,10.1016/j.jct.2011.05.004#d3#p1,10000,312.5,366.2,53.7,28,6,8,True,"[""10.1016/j.jct.2011.05.004#d3#p1#r34"",""10.1016/j.jct.2011.05.004#d3#p1#r36"",""10.1016/j.jct.2011.05.004#d3#p1#r39""]","[""10.1016/j.jct.2011.05.004#d3#p1#r10"",""10.1016/j.jct.2011.05.004#d3#p1#r11"",""10.1016/j.jct.2011.05.004#d3#p1#r12"",""10.1016/j.jct.2011.05.004#d3#p1#r13"",""10.1016/j.jct.2011.05.004#d3#p1#r14"",""10.1016/j.jct.2011.05.004#d3#p1#r15"",""10.1016/j.jct.2011.05.004#d3#p1#r16"",""10.1016/j.jct.2011.05.004#d3#p1#r17"",""10.1016/j.jct.2011.05.004#d3#p1#r18"",""10.1016/j.jct.2011.05.004#d3#p1#r9""]",3,10,8
ep_ec561acf0ca5f8cf,mol_c43b0ee134e86771,grp_5dea7427c65d07c7,train,10.1021/je800603z,10.1021/je800603z#d3#p1,10000,273.26,351.79,78.53,9,3,3,True,"[""10.1021/je800603z#d3#p1#r7"",""10.1021/je800603z#d3#p1#r8"",""10.1021/je800603z#d3#p1#r9""]","[""10.1021/je800603z#d3#p1#r1"",""10.1021/je800603z#d3#p1#r2"",""10.1021/je800603z#d3#p1#r3""]",3,3,3
ep_ec818d0249da0a2c,mol_22376981d918dfcd,grp_5dea7427c65d07c7,train,10.1016/j.fluid.2014.07.029,10.1016/j.fluid.2014.07.029#d13#p1,10000,274.2,305.3,31.1,13,4,5,True,"[""10.1016/j.fluid.2014.07.029#d13#p1#r10"",""10.1016/j.fluid.2014.07.029#d13#p1#r11"",""10.1016/j.fluid.2014.07.029#d13#p1#r13""]","[""10.1016/j.fluid.2014.07.029#d13#p1#r1"",""10.1016/j.fluid.2014.07.029#d13#p1#r2"",""10.1016/j.fluid.2014.07.029#d13#p1#r3"",""10.1016/j.fluid.2014.07.029#d13#p1#r4"",""10.1016/j.fluid.2014.07.029#d13#p1#r5""]",3,5,5
ep_ed4a162c47afa16e,mol_e43335be86f26619,grp_5dea7427c65d07c7,train,10.1021/acs.jced.5b00752,10.1021/acs.jced.5b00752#d2#p1,10000,357.1905,407.325,50.1345,11,3,4,True,"[""10.1021/acs.jced.5b00752#d2#p1#r15"",""10.1021/acs.jced.5b00752#d2#p1#r18"",""10.1021/acs.jced.5b00752#d2#p1#r19""]","[""10.1021/acs.jced.5b00752#d2#p1#r1"",""10.1021/acs.jced.5b00752#d2#p1#r2"",""10.1021/acs.jced.5b00752#d2#p1#r3"",""10.1021/acs.jced.5b00752#d2#p1#r4"",""10.1021/acs.jced.5b00752#d2#p1#r5"",""10.1021/acs.jced.5b00752#d2#p1#r6""]",3,6,4
ep_ee54b7c65abed281,mol_58541feb3e3ef432,grp_5dea7427c65d07c7,train,10.1016/j.jct.2004.08.004,10.1016/j.jct.2004.08.004#d4#p1,10000,295.2,326.3,31.1,12,3,3,True,"[""10.1016/j.jct.2004.08.004#d4#p1#r10"",""10.1016/j.jct.2004.08.004#d4#p1#r11"",""10.1016/j.jct.2004.08.004#d4#p1#r12""]","[""10.1016/j.jct.2004.08.004#d4#p1#r1"",""10.1016/j.jct.2004.08.004#d4#p1#r2"",""10.1016/j.jct.2004.08.004#d4#p1#r3""]",3,3,3
ep_eeacc9021d7de4e4,mol_358e3bc57d6b1ebf,grp_358e3bc57d6b1ebf,validation,10.1016/j.jct.2015.03.011,10.1016/j.jct.2015.03.011#d2#p1,10000,276,308.7,32.7,23,7,9,True,"[""10.1016/j.jct.2015.03.011#d2#p1#r19"",""10.1016/j.jct.2015.03.011#d2#p1#r22"",""10.1016/j.jct.2015.03.011#d2#p1#r25""]","[""10.1016/j.jct.2015.03.011#d2#p1#r1"",""10.1016/j.jct.2015.03.011#d2#p1#r10"",""10.1016/j.jct.2015.03.011#d2#p1#r11"",""10.1016/j.jct.2015.03.011#d2#p1#r2"",""10.1016/j.jct.2015.03.011#d2#p1#r3"",""10.1016/j.jct.2015.03.011#d2#p1#r4"",""10.1016/j.jct.2015.03.011#d2#p1#r5"",""10.1016/j.jct.2015.03.011#d2#p1#r6"",""10.1016/j.jct.2015.03.011#d2#p1#r7"",""10.1016/j.jct.2015.03.011#d2#p1#r8"",""10.1016/j.jct.2015.03.011#d2#p1#r9""]",3,11,9
ep_ef352bd4ae7c8bbc,mol_b04b0d4c9f611351,grp_4cb2ec77bd45a869,test,10.1016/j.jct.2005.11.009,10.1016/j.jct.2005.11.009#d1#p1,10000,284.5,323.2,38.7,14,4,4,True,"[""10.1016/j.jct.2005.11.009#d1#p1#r12"",""10.1016/j.jct.2005.11.009#d1#p1#r13"",""10.1016/j.jct.2005.11.009#d1#p1#r15""]","[""10.1016/j.jct.2005.11.009#d1#p1#r1"",""10.1016/j.jct.2005.11.009#d1#p1#r2"",""10.1016/j.jct.2005.11.009#d1#p1#r3"",""10.1016/j.jct.2005.11.009#d1#p1#r4"",""10.1016/j.jct.2005.11.009#d1#p1#r5""]",3,5,4
ep_f0b19d88dc70e4de,mol_7adb2b6d969696ae,grp_5dea7427c65d07c7,train,10.1016/j.jct.2019.01.007,10.1016/j.jct.2019.01.007#d12#p1,10000,354.3,412.2,57.9,22,6,7,True,"[""10.1016/j.jct.2019.01.007#d12#p1#r14"",""10.1016/j.jct.2019.01.007#d12#p1#r17"",""10.1016/j.jct.2019.01.007#d12#p1#r19""]","[""10.1016/j.jct.2019.01.007#d12#p1#r1"",""10.1016/j.jct.2019.01.007#d12#p1#r21"",""10.1016/j.jct.2019.01.007#d12#p1#r24"",""10.1016/j.jct.2019.01.007#d12#p1#r4"",""10.1016/j.jct.2019.01.007#d12#p1#r6"",""10.1016/j.jct.2019.01.007#d12#p1#r7"",""10.1016/j.jct.2019.01.007#d12#p1#r8""]",3,7,7
ep_f11ea8549832e257,mol_1196b480b8769ed3,grp_d957e784c854093b,train,10.1016/j.tca.2014.05.033,10.1016/j.tca.2014.05.033#d11#p1,10000,343.5,377.4,33.9,21,7,7,True,"[""10.1016/j.tca.2014.05.033#d11#p1#r16"",""10.1016/j.tca.2014.05.033#d11#p1#r19"",""10.1016/j.tca.2014.05.033#d11#p1#r22""]","[""10.1016/j.tca.2014.05.033#d11#p1#r1"",""10.1016/j.tca.2014.05.033#d11#p1#r2"",""10.1016/j.tca.2014.05.033#d11#p1#r3"",""10.1016/j.tca.2014.05.033#d11#p1#r4"",""10.1016/j.tca.2014.05.033#d11#p1#r5"",""10.1016/j.tca.2014.05.033#d11#p1#r6"",""10.1016/j.tca.2014.05.033#d11#p1#r7""]",3,7,7
ep_f13f05bb4955fa85,mol_15c27366f9af4374,grp_5dea7427c65d07c7,train,10.1021/je049823k,10.1021/je049823k#d2#p1,10000,277.8,308,30.2,24,5,7,True,"[""10.1021/je049823k#d2#p1#r20"",""10.1021/je049823k#d2#p1#r22"",""10.1021/je049823k#d2#p1#r25""]","[""10.1021/je049823k#d2#p1#r1"",""10.1021/je049823k#d2#p1#r2"",""10.1021/je049823k#d2#p1#r3"",""10.1021/je049823k#d2#p1#r4"",""10.1021/je049823k#d2#p1#r5"",""10.1021/je049823k#d2#p1#r6"",""10.1021/je049823k#d2#p1#r7""]",3,7,7
ep_f1c03f2442d6b330,mol_acf575de292611d9,grp_4099771604350c09,test,10.1021/je200336c,10.1021/je200336c#d5#p1,10000,313.2,368.4,55.2,30,8,10,True,"[""10.1021/je200336c#d5#p1#r26"",""10.1021/je200336c#d5#p1#r29"",""10.1021/je200336c#d5#p1#r34""]","[""10.1021/je200336c#d5#p1#r10"",""10.1021/je200336c#d5#p1#r11"",""10.1021/je200336c#d5#p1#r12"",""10.1021/je200336c#d5#p1#r13"",""10.1021/je200336c#d5#p1#r3"",""10.1021/je200336c#d5#p1#r4"",""10.1021/je200336c#d5#p1#r5"",""10.1021/je200336c#d5#p1#r6"",""10.1021/je200336c#d5#p1#r7"",""10.1021/je200336c#d5#p1#r8"",""10.1021/je200336c#d5#p1#r9""]",3,11,10
ep_f206b1267019769e,mol_236fafdbbe72dc54,grp_468c9a97902f6f3f,test,10.1016/j.fluid.2014.12.023,10.1016/j.fluid.2014.12.023#d18#p1,10000,276.5,317.9,41.4,11,3,4,True,"[""10.1016/j.fluid.2014.12.023#d18#p1#r11"",""10.1016/j.fluid.2014.12.023#d18#p1#r12"",""10.1016/j.fluid.2014.12.023#d18#p1#r13""]","[""10.1016/j.fluid.2014.12.023#d18#p1#r1"",""10.1016/j.fluid.2014.12.023#d18#p1#r2"",""10.1016/j.fluid.2014.12.023#d18#p1#r3"",""10.1016/j.fluid.2014.12.023#d18#p1#r4"",""10.1016/j.fluid.2014.12.023#d18#p1#r5""]",3,5,4
ep_f2fdd23f3a8a54d1,mol_8557db3d1a35156c,grp_5dea7427c65d07c7,train,10.1016/j.jct.2014.04.022,10.1016/j.jct.2014.04.022#d13#p1,10000,273.65,308.15,34.5,8,3,3,True,"[""10.1016/j.jct.2014.04.022#d13#p1#r16"",""10.1016/j.jct.2014.04.022#d13#p1#r19"",""10.1016/j.jct.2014.04.022#d13#p1#r22""]","[""10.1016/j.jct.2014.04.022#d13#p1#r1"",""10.1016/j.jct.2014.04.022#d13#p1#r2"",""10.1016/j.jct.2014.04.022#d13#p1#r3"",""10.1016/j.jct.2014.04.022#d13#p1#r4"",""10.1016/j.jct.2014.04.022#d13#p1#r5"",""10.1016/j.jct.2014.04.022#d13#p1#r7"",""10.1016/j.jct.2014.04.022#d13#p1#r8"",""10.1016/j.jct.2014.04.022#d13#p1#r9""]",3,8,3
ep_f56d2b4728a53c3d,mol_935376490ad66f6e,grp_5dea7427c65d07c7,train,10.1016/j.jct.2016.07.024,10.1016/j.jct.2016.07.024#d2#p1,10000,282.64,392.83,110.19,12,4,4,True,"[""10.1016/j.jct.2016.07.024#d2#p1#r9"",""10.1016/j.jct.2016.07.024#d2#p1#r10"",""10.1016/j.jct.2016.07.024#d2#p1#r12""]","[""10.1016/j.jct.2016.07.024#d2#p1#r1"",""10.1016/j.jct.2016.07.024#d2#p1#r2"",""10.1016/j.jct.2016.07.024#d2#p1#r3"",""10.1016/j.jct.2016.07.024#d2#p1#r4""]",3,4,4
ep_f5bcdfe30742c988,mol_a64b8a3e542d0885,grp_5dea7427c65d07c7,train,10.1016/j.jct.2015.08.023,10.1016/j.jct.2015.08.023#d1#p1,10000,273,343.28,70.28,13,5,6,True,"[""10.1016/j.jct.2015.08.023#d1#p1#r37"",""10.1016/j.jct.2015.08.023#d1#p1#r8"",""10.1016/j.jct.2015.08.023#d1#p1#r11""]","[""10.1016/j.jct.2015.08.023#d1#p1#r1"",""10.1016/j.jct.2015.08.023#d1#p1#r2"",""10.1016/j.jct.2015.08.023#d1#p1#r3"",""10.1016/j.jct.2015.08.023#d1#p1#r32"",""10.1016/j.jct.2015.08.023#d1#p1#r33"",""10.1016/j.jct.2015.08.023#d1#p1#r34""]",3,6,6
ep_f6af2fc99e64feb8,mol_b9700272231de061,grp_bcf7dc086ea12992,test,10.1016/j.fluid.2019.04.036,10.1016/j.fluid.2019.04.036#d2#p1,10000,288.8,356.1,67.3,20,6,7,True,"[""10.1016/j.fluid.2019.04.036#d2#p1#r15"",""10.1016/j.fluid.2019.04.036#d2#p1#r17"",""10.1016/j.fluid.2019.04.036#d2#p1#r20""]","[""10.1016/j.fluid.2019.04.036#d2#p1#r1"",""10.1016/j.fluid.2019.04.036#d2#p1#r2"",""10.1016/j.fluid.2019.04.036#d2#p1#r3"",""10.1016/j.fluid.2019.04.036#d2#p1#r4"",""10.1016/j.fluid.2019.04.036#d2#p1#r5"",""10.1016/j.fluid.2019.04.036#d2#p1#r6"",""10.1016/j.fluid.2019.04.036#d2#p1#r7""]",3,7,7
ep_f795df34f81917c8,mol_54cbf32556ed4d04,grp_54cbf32556ed4d04,test,10.1021/je8000427,10.1021/je8000427#d2#p1,10000,363.25,403.6,40.35,10,3,3,True,"[""10.1021/je8000427#d2#p1#r8"",""10.1021/je8000427#d2#p1#r9"",""10.1021/je8000427#d2#p1#r10""]","[""10.1021/je8000427#d2#p1#r1"",""10.1021/je8000427#d2#p1#r2"",""10.1021/je8000427#d2#p1#r3""]",3,3,3
ep_f835b613d50c6278,mol_c6ba72cee89a72d7,grp_a2fcc12936d735c8,train,10.1016/j.fluid.2019.112248,10.1016/j.fluid.2019.112248#d4#p1,10000,273.19,308.21,35.02,9,3,4,True,"[""10.1016/j.fluid.2019.112248#d4#p1#r28"",""10.1016/j.fluid.2019.112248#d4#p1#r31"",""10.1016/j.fluid.2019.112248#d4#p1#r34""]","[""10.1016/j.fluid.2019.112248#d4#p1#r10"",""10.1016/j.fluid.2019.112248#d4#p1#r12"",""10.1016/j.fluid.2019.112248#d4#p1#r13"",""10.1016/j.fluid.2019.112248#d4#p1#r14"",""10.1016/j.fluid.2019.112248#d4#p1#r15"",""10.1016/j.fluid.2019.112248#d4#p1#r16"",""10.1016/j.fluid.2019.112248#d4#p1#r17"",""10.1016/j.fluid.2019.112248#d4#p1#r18"",""10.1016/j.fluid.2019.112248#d4#p1#r19"",""10.1016/j.fluid.2019.112248#d4#p1#r20"",""10.1016/j.fluid.2019.112248#d4#p1#r21""]",3,11,4
ep_f83dce49096df9f5,mol_16272dceff3c45bf,grp_5dea7427c65d07c7,train,10.1021/je9004905,10.1021/je9004905#d2#p1,10000,273.22,303.95,30.73,16,7,6,True,"[""10.1021/je9004905#d2#p1#r14"",""10.1021/je9004905#d2#p1#r18"",""10.1021/je9004905#d2#p1#r21""]","[""10.1021/je9004905#d2#p1#r1"",""10.1021/je9004905#d2#p1#r2"",""10.1021/je9004905#d2#p1#r3"",""10.1021/je9004905#d2#p1#r4"",""10.1021/je9004905#d2#p1#r5"",""10.1021/je9004905#d2#p1#r6"",""10.1021/je9004905#d2#p1#r7"",""10.1021/je9004905#d2#p1#r8""]",3,8,6
ep_f84072af18548db7,mol_c4d2e3aa2bcb522b,grp_5dea7427c65d07c7,train,10.1016/j.fluid.2008.03.013,10.1016/j.fluid.2008.03.013#d1#p1,10000,310.3,369.5,59.2,27,9,7,True,"[""10.1016/j.fluid.2008.03.013#d1#p1#r21"",""10.1016/j.fluid.2008.03.013#d1#p1#r25"",""10.1016/j.fluid.2008.03.013#d1#p1#r29""]","[""10.1016/j.fluid.2008.03.013#d1#p1#r1"",""10.1016/j.fluid.2008.03.013#d1#p1#r2"",""10.1016/j.fluid.2008.03.013#d1#p1#r3"",""10.1016/j.fluid.2008.03.013#d1#p1#r4"",""10.1016/j.fluid.2008.03.013#d1#p1#r5"",""10.1016/j.fluid.2008.03.013#d1#p1#r6"",""10.1016/j.fluid.2008.03.013#d1#p1#r7"",""10.1016/j.fluid.2008.03.013#d1#p1#r8"",""10.1016/j.fluid.2008.03.013#d1#p1#r9""]",3,9,7
ep_fa114dde883fff1d,mol_0dcdaa24497d41f8,grp_554ad3ddcfbe3579,test,10.1016/j.jct.2011.05.004,10.1016/j.jct.2011.05.004#d7#p1,10000,340.1,374.3,34.2,26,8,8,True,"[""10.1016/j.jct.2011.05.004#d7#p1#r33"",""10.1016/j.jct.2011.05.004#d7#p1#r36"",""10.1016/j.jct.2011.05.004#d7#p1#r40""]","[""10.1016/j.jct.2011.05.004#d7#p1#r11"",""10.1016/j.jct.2011.05.004#d7#p1#r12"",""10.1016/j.jct.2011.05.004#d7#p1#r13"",""10.1016/j.jct.2011.05.004#d7#p1#r14"",""10.1016/j.jct.2011.05.004#d7#p1#r15"",""10.1016/j.jct.2011.05.004#d7#p1#r16"",""10.1016/j.jct.2011.05.004#d7#p1#r17"",""10.1016/j.jct.2011.05.004#d7#p1#r18"",""10.1016/j.jct.2011.05.004#d7#p1#r19"",""10.1016/j.jct.2011.05.004#d7#p1#r20"",""10.1016/j.jct.2011.05.004#d7#p1#r21""]",3,11,8
ep_faeec611e30d8760,mol_fab901c0c3251313,grp_5dea7427c65d07c7,train,10.1016/j.jct.2013.03.020,10.1016/j.jct.2013.03.020#d1#p1,10000,283.15,333.91,50.76,11,4,4,True,"[""10.1016/j.jct.2013.03.020#d1#p1#r14"",""10.1016/j.jct.2013.03.020#d1#p1#r5"",""10.1016/j.jct.2013.03.020#d1#p1#r6""]","[""10.1016/j.jct.2013.03.020#d1#p1#r1"",""10.1016/j.jct.2013.03.020#d1#p1#r10"",""10.1016/j.jct.2013.03.020#d1#p1#r11"",""10.1016/j.jct.2013.03.020#d1#p1#r2""]",3,4,4
ep_fb12b33312fc245a,mol_435971c8aa9ce0da,grp_5dea7427c65d07c7,train,10.1021/je049600u,10.1021/je049600u#d1#p1,10000,298.15,353.15,55,12,4,4,True,"[""10.1021/je049600u#d1#p1#r9"",""10.1021/je049600u#d1#p1#r10"",""10.1021/je049600u#d1#p1#r12""]","[""10.1021/je049600u#d1#p1#r1"",""10.1021/je049600u#d1#p1#r2"",""10.1021/je049600u#d1#p1#r3"",""10.1021/je049600u#d1#p1#r4""]",3,4,4
ep_fb37c2081a556f8d,mol_6e1072b3e8e99a61,grp_5dea7427c65d07c7,train,10.1021/je0602418,10.1021/je0602418#d22#p1,10000,298.3,352.1,53.8,12,4,4,True,"[""10.1021/je0602418#d22#p1#r11"",""10.1021/je0602418#d22#p1#r12"",""10.1021/je0602418#d22#p1#r14""]","[""10.1021/je0602418#d22#p1#r3"",""10.1021/je0602418#d22#p1#r4"",""10.1021/je0602418#d22#p1#r5"",""10.1021/je0602418#d22#p1#r6""]",3,4,4
ep_fb9127cf7689a30d,mol_6d0384966495a309,grp_5dea7427c65d07c7,train,10.1021/je100231g,10.1021/je100231g#d8#p1,10000,308.3,343.5,35.2,14,5,4,True,"[""10.1021/je100231g#d8#p1#r10"",""10.1021/je100231g#d8#p1#r12"",""10.1021/je100231g#d8#p1#r14""]","[""10.1021/je100231g#d8#p1#r1"",""10.1021/je100231g#d8#p1#r2"",""10.1021/je100231g#d8#p1#r3"",""10.1021/je100231g#d8#p1#r4""]",3,4,4
ep_fbeb4bec0a9bdeac,mol_581ae09a60a3f350,grp_5dea7427c65d07c7,train,10.1021/acs.jced.8b00699,10.1021/acs.jced.8b00699#d1#p1,10000,253.15,308.18,55.03,13,4,4,True,"[""10.1021/acs.jced.8b00699#d1#p1#r13"",""10.1021/acs.jced.8b00699#d1#p1#r14"",""10.1021/acs.jced.8b00699#d1#p1#r16""]","[""10.1021/acs.jced.8b00699#d1#p1#r4"",""10.1021/acs.jced.8b00699#d1#p1#r5"",""10.1021/acs.jced.8b00699#d1#p1#r6"",""10.1021/acs.jced.8b00699#d1#p1#r7""]",3,4,4
ep_fbf4e41ef3029039,mol_8ba34edb9356bbe8,grp_5dea7427c65d07c7,train,10.1021/je049561m,10.1021/je049561m#d6#p1,10000,274.4,306.2,31.8,13,4,5,True,"[""10.1021/je049561m#d6#p1#r11"",""10.1021/je049561m#d6#p1#r12"",""10.1021/je049561m#d6#p1#r14""]","[""10.1021/je049561m#d6#p1#r1"",""10.1021/je049561m#d6#p1#r2"",""10.1021/je049561m#d6#p1#r3"",""10.1021/je049561m#d6#p1#r4"",""10.1021/je049561m#d6#p1#r5""]",3,5,5
ep_fc0337a8789348b6,mol_a9ed353a5ccfc1d9,grp_69e3066d23c835df,test,10.1016/j.jct.2011.05.028,10.1016/j.jct.2011.05.028#d16#p1,10000,274.1,308.4,34.3,13,3,5,True,"[""10.1016/j.jct.2011.05.028#d16#p1#r11"",""10.1016/j.jct.2011.05.028#d16#p1#r12"",""10.1016/j.jct.2011.05.028#d16#p1#r13""]","[""10.1016/j.jct.2011.05.028#d16#p1#r1"",""10.1016/j.jct.2011.05.028#d16#p1#r2"",""10.1016/j.jct.2011.05.028#d16#p1#r3"",""10.1016/j.jct.2011.05.028#d16#p1#r4"",""10.1016/j.jct.2011.05.028#d16#p1#r5""]",3,5,5
ep_fc9506b2ee96c55c,mol_87af88bbbdeef674,grp_f74960087f7dfc07,validation,10.1016/j.jct.2012.05.003,10.1016/j.jct.2012.05.003#d10#p1,10000,368.125,483.11,114.985,13,4,4,True,"[""10.1016/j.jct.2012.05.003#d10#p1#r10"",""10.1016/j.jct.2012.05.003#d10#p1#r11"",""10.1016/j.jct.2012.05.003#d10#p1#r13""]","[""10.1016/j.jct.2012.05.003#d10#p1#r1"",""10.1016/j.jct.2012.05.003#d10#p1#r2"",""10.1016/j.jct.2012.05.003#d10#p1#r3"",""10.1016/j.jct.2012.05.003#d10#p1#r4""]",3,4,4
ep_fd126f5df0034385,mol_7a5b68b203cc6270,grp_5dea7427c65d07c7,train,10.1021/je100398m,10.1021/je100398m#d1#p1,10000,258.35,303.23,44.88,10,3,3,True,"[""10.1021/je100398m#d1#p1#r18"",""10.1021/je100398m#d1#p1#r20"",""10.1021/je100398m#d1#p1#r23""]","[""10.1021/je100398m#d1#p1#r1"",""10.1021/je100398m#d1#p1#r2"",""10.1021/je100398m#d1#p1#r3"",""10.1021/je100398m#d1#p1#r4"",""10.1021/je100398m#d1#p1#r5"",""10.1021/je100398m#d1#p1#r6"",""10.1021/je100398m#d1#p1#r7""]",3,7,3
ep_fd4ca799eb32fa9b,mol_2b7f8f6f183caf51,grp_642c5927dec37b59,validation,10.1016/j.fluid.2011.07.007,10.1016/j.fluid.2011.07.007#d16#p1,10000,323.2,355.2,32,15,5,3,True,"[""10.1016/j.fluid.2011.07.007#d16#p1#r12"",""10.1016/j.fluid.2011.07.007#d16#p1#r14"",""10.1016/j.fluid.2011.07.007#d16#p1#r16""]","[""10.1016/j.fluid.2011.07.007#d16#p1#r1"",""10.1016/j.fluid.2011.07.007#d16#p1#r2"",""10.1016/j.fluid.2011.07.007#d16#p1#r3""]",3,3,3
ep_fdf21aa157d04e3b,mol_a88bcd30dca14fa1,grp_5dea7427c65d07c7,train,10.1016/j.fluid.2008.02.001,10.1016/j.fluid.2008.02.001#d6#p1,10000,273.9,310.4,36.5,15,4,6,True,"[""10.1016/j.fluid.2008.02.001#d6#p1#r12"",""10.1016/j.fluid.2008.02.001#d6#p1#r13"",""10.1016/j.fluid.2008.02.001#d6#p1#r15""]","[""10.1016/j.fluid.2008.02.001#d6#p1#r1"",""10.1016/j.fluid.2008.02.001#d6#p1#r2"",""10.1016/j.fluid.2008.02.001#d6#p1#r3"",""10.1016/j.fluid.2008.02.001#d6#p1#r4"",""10.1016/j.fluid.2008.02.001#d6#p1#r5"",""10.1016/j.fluid.2008.02.001#d6#p1#r6""]",3,6,6
ep_feb067dd16efa559,mol_a6bd173c68da330b,grp_ee24c20719261d11,validation,10.1016/j.jct.2013.01.009,10.1016/j.jct.2013.01.009#d5#p1,10000,253.14,308.15,55.01,12,4,4,True,"[""10.1016/j.jct.2013.01.009#d5#p1#r28"",""10.1016/j.jct.2013.01.009#d5#p1#r31"",""10.1016/j.jct.2013.01.009#d5#p1#r37""]","[""10.1016/j.jct.2013.01.009#d5#p1#r10"",""10.1016/j.jct.2013.01.009#d5#p1#r11"",""10.1016/j.jct.2013.01.009#d5#p1#r13"",""10.1016/j.jct.2013.01.009#d5#p1#r14"",""10.1016/j.jct.2013.01.009#d5#p1#r4"",""10.1016/j.jct.2013.01.009#d5#p1#r6"",""10.1016/j.jct.2013.01.009#d5#p1#r7"",""10.1016/j.jct.2013.01.009#d5#p1#r9""]",3,8,4
ep_fee28d9294195458,mol_e03ddfeaf65a0134,grp_1832a9cc7ea0a691,test,10.1021/je050173+,10.1021/je050173+#d17#p1,10000,348.23,402.72,54.49,14,3,6,True,"[""10.1021/je050173+#d17#p1#r12"",""10.1021/je050173+#d17#p1#r13"",""10.1021/je050173+#d17#p1#r14""]","[""10.1021/je050173+#d17#p1#r1"",""10.1021/je050173+#d17#p1#r2"",""10.1021/je050173+#d17#p1#r3"",""10.1021/je050173+#d17#p1#r4"",""10.1021/je050173+#d17#p1#r5"",""10.1021/je050173+#d17#p1#r6""]",3,6,6
ep_fee48a3f436dea3d,mol_988c5d9100ceeb54,grp_988c5d9100ceeb54,train,10.1016/j.jct.2014.06.001,10.1016/j.jct.2014.06.001#d2#p1,10000,328.9,380.7,51.8,11,4,3,True,"[""10.1016/j.jct.2014.06.001#d2#p1#r8"",""10.1016/j.jct.2014.06.001#d2#p1#r9"",""10.1016/j.jct.2014.06.001#d2#p1#r11""]","[""10.1016/j.jct.2014.06.001#d2#p1#r1"",""10.1016/j.jct.2014.06.001#d2#p1#r2"",""10.1016/j.jct.2014.06.001#d2#p1#r3""]",3,3,3
ep_ffa0260bb1ba05d4,mol_fcedfc9cfdf2681b,grp_5dea7427c65d07c7,train,10.1021/je060406c,10.1021/je060406c#d3#p1,10000,293.2,343,49.8,11,4,3,True,"[""10.1021/je060406c#d3#p1#r8"",""10.1021/je060406c#d3#p1#r9"",""10.1021/je060406c#d3#p1#r11""]","[""10.1021/je060406c#d3#p1#r1"",""10.1021/je060406c#d3#p1#r2"",""10.1021/je060406c#d3#p1#r3""]",3,3,3
ep_0014ffba948d6037,mol_6a2881146cb0a319,grp_5dea7427c65d07c7,train,10.1016/j.tca.2017.12.006,10.1016/j.tca.2017.12.006#d3#p1,20000,298.2,347.8,49.6,11,3,4,True,"[""10.1016/j.tca.2017.12.006#d3#p1#r9"",""10.1016/j.tca.2017.12.006#d3#p1#r10"",""10.1016/j.tca.2017.12.006#d3#p1#r11""]","[""10.1016/j.tca.2017.12.006#d3#p1#r1"",""10.1016/j.tca.2017.12.006#d3#p1#r2"",""10.1016/j.tca.2017.12.006#d3#p1#r3"",""10.1016/j.tca.2017.12.006#d3#p1#r4""]",3,4,4
ep_01ea45c81810d93b,mol_327f3d3474e55905,grp_5dea7427c65d07c7,train,10.1021/je049627d,10.1021/je049627d#d1#p1,20000,308.15,353.15,45,8,3,2,True,"[""10.1021/je049627d#d1#p1#r6"",""10.1021/je049627d#d1#p1#r7"",""10.1021/je049627d#d1#p1#r8""]","[""10.1021/je049627d#d1#p1#r1"",""10.1021/je049627d#d1#p1#r2""]",3,2,2
ep_01efcba5499beba3,mol_3cb1734042df550a,grp_5dea7427c65d07c7,train,10.1021/je500784s,10.1021/je500784s#d3#p1,20000,281.2,313.1,31.9,12,3,5,True,"[""10.1021/je500784s#d3#p1#r11"",""10.1021/je500784s#d3#p1#r12"",""10.1021/je500784s#d3#p1#r16""]","[""10.1021/je500784s#d3#p1#r1"",""10.1021/je500784s#d3#p1#r2"",""10.1021/je500784s#d3#p1#r3"",""10.1021/je500784s#d3#p1#r4"",""10.1021/je500784s#d3#p1#r5"",""10.1021/je500784s#d3#p1#r6""]",3,6,5
ep_02fefe721caf7cea,mol_670136e04246f1d5,grp_5dea7427c65d07c7,train,10.1021/je034197x,10.1021/je034197x#d5#p1,20000,298.15,348.15,50,11,4,4,True,"[""10.1021/je034197x#d5#p1#r8"",""10.1021/je034197x#d5#p1#r9"",""10.1021/je034197x#d5#p1#r11""]","[""10.1021/je034197x#d5#p1#r1"",""10.1021/je034197x#d5#p1#r2"",""10.1021/je034197x#d5#p1#r3"",""10.1021/je034197x#d5#p1#r4""]",3,4,4
ep_0323d16e4fd1338f,mol_7ea8ab72c1e55be3,grp_5dea7427c65d07c7,train,10.1016/j.jct.2008.02.012,10.1016/j.jct.2008.02.012#d4#p1,20000,287.1,329.1,42,21,6,4,True,"[""10.1016/j.jct.2008.02.012#d4#p1#r16"",""10.1016/j.jct.2008.02.012#d4#p1#r18"",""10.1016/j.jct.2008.02.012#d4#p1#r21""]","[""10.1016/j.jct.2008.02.012#d4#p1#r1"",""10.1016/j.jct.2008.02.012#d4#p1#r2"",""10.1016/j.jct.2008.02.012#d4#p1#r3"",""10.1016/j.jct.2008.02.012#d4#p1#r4""]",3,4,4
ep_03380579dc99039a,mol_238deb0b278c0317,grp_468c9a97902f6f3f,test,10.1016/j.fluid.2014.12.023,10.1016/j.fluid.2014.12.023#d14#p1,20000,282.8,328.6,45.8,21,8,6,True,"[""10.1016/j.fluid.2014.12.023#d14#p1#r15"",""10.1016/j.fluid.2014.12.023#d14#p1#r18"",""10.1016/j.fluid.2014.12.023#d14#p1#r22""]","[""10.1016/j.fluid.2014.12.023#d14#p1#r1"",""10.1016/j.fluid.2014.12.023#d14#p1#r2"",""10.1016/j.fluid.2014.12.023#d14#p1#r3"",""10.1016/j.fluid.2014.12.023#d14#p1#r4"",""10.1016/j.fluid.2014.12.023#d14#p1#r5"",""10.1016/j.fluid.2014.12.023#d14#p1#r6"",""10.1016/j.fluid.2014.12.023#d14#p1#r7""]",3,7,6
ep_03886e66cccb5d37,mol_8f8d88329a658c4a,grp_5dea7427c65d07c7,train,10.1021/je0602418,10.1021/je0602418#d10#p1,20000,286.4,340.6,54.2,19,6,6,True,"[""10.1021/je0602418#d10#p1#r14"",""10.1021/je0602418#d10#p1#r16"",""10.1021/je0602418#d10#p1#r19""]","[""10.1021/je0602418#d10#p1#r1"",""10.1021/je0602418#d10#p1#r2"",""10.1021/je0602418#d10#p1#r3"",""10.1021/je0602418#d10#p1#r4"",""10.1021/je0602418#d10#p1#r5"",""10.1021/je0602418#d10#p1#r6""]",3,6,6
ep_03d6d6c6e43bf97f,mol_db67b94bf17f5f44,grp_468c9a97902f6f3f,test,10.1016/j.fluid.2014.12.023,10.1016/j.fluid.2014.12.023#d16#p1,20000,275.2,319.6,44.4,23,6,7,True,"[""10.1016/j.fluid.2014.12.023#d16#p1#r20"",""10.1016/j.fluid.2014.12.023#d16#p1#r25"",""10.1016/j.fluid.2014.12.023#d16#p1#r31""]","[""10.1016/j.fluid.2014.12.023#d16#p1#r1"",""10.1016/j.fluid.2014.12.023#d16#p1#r2"",""10.1016/j.fluid.2014.12.023#d16#p1#r3"",""10.1016/j.fluid.2014.12.023#d16#p1#r4"",""10.1016/j.fluid.2014.12.023#d16#p1#r5"",""10.1016/j.fluid.2014.12.023#d16#p1#r6"",""10.1016/j.fluid.2014.12.023#d16#p1#r7""]",3,7,7
ep_0424ddce856993b2,mol_8a01cf41c2268836,grp_5dea7427c65d07c7,train,10.1021/je050056e,10.1021/je050056e#d1#p1,20000,288.18,333.15,44.97,10,3,3,True,"[""10.1021/je050056e#d1#p1#r8"",""10.1021/je050056e#d1#p1#r9"",""10.1021/je050056e#d1#p1#r10""]","[""10.1021/je050056e#d1#p1#r1"",""10.1021/je050056e#d1#p1#r2"",""10.1021/je050056e#d1#p1#r3""]",3,3,3
ep_070b68b86cda53cd,mol_72cc05bdc47c9de8,grp_5dea7427c65d07c7,train,10.1021/je049627d,10.1021/je049627d#d5#p1,20000,403.15,463.15,60,8,3,2,True,"[""10.1021/je049627d#d5#p1#r6"",""10.1021/je049627d#d5#p1#r7"",""10.1021/je049627d#d5#p1#r8""]","[""10.1021/je049627d#d5#p1#r1"",""10.1021/je049627d#d5#p1#r2""]",3,2,2
ep_07b2fcacc2d7c27d,mol_6558cfbdd9a3dcad,grp_9a6e5ce866866615,validation,10.1016/j.fluid.2012.08.020,10.1016/j.fluid.2012.08.020#d10#p1,20000,312.9,358.2,45.3,32,7,8,True,"[""10.1016/j.fluid.2012.08.020#d10#p1#r39"",""10.1016/j.fluid.2012.08.020#d10#p1#r46"",""10.1016/j.fluid.2012.08.020#d10#p1#r50""]","[""10.1016/j.fluid.2012.08.020#d10#p1#r10"",""10.1016/j.fluid.2012.08.020#d10#p1#r11"",""10.1016/j.fluid.2012.08.020#d10#p1#r12"",""10.1016/j.fluid.2012.08.020#d10#p1#r13"",""10.1016/j.fluid.2012.08.020#d10#p1#r14"",""10.1016/j.fluid.2012.08.020#d10#p1#r6"",""10.1016/j.fluid.2012.08.020#d10#p1#r7"",""10.1016/j.fluid.2012.08.020#d10#p1#r8"",""10.1016/j.fluid.2012.08.020#d10#p1#r9""]",3,9,8
ep_08206253ed4f1ece,mol_89cd7dc23b3db594,grp_81cd87be3fde4550,test,10.1016/j.jct.2012.05.013,10.1016/j.jct.2012.05.013#d4#p1,20000,322.96,382.51,59.55,13,4,4,True,"[""10.1016/j.jct.2012.05.013#d4#p1#r10"",""10.1016/j.jct.2012.05.013#d4#p1#r11"",""10.1016/j.jct.2012.05.013#d4#p1#r13""]","[""10.1016/j.jct.2012.05.013#d4#p1#r1"",""10.1016/j.jct.2012.05.013#d4#p1#r2"",""10.1016/j.jct.2012.05.013#d4#p1#r3"",""10.1016/j.jct.2012.05.013#d4#p1#r4""]",3,4,4
ep_088cd7086488d100,mol_b3ee2ab98d9cebaf,grp_5dea7427c65d07c7,train,10.1021/je049561m,10.1021/je049561m#d8#p1,20000,275.4,314.2,38.8,14,4,4,True,"[""10.1021/je049561m#d8#p1#r11"",""10.1021/je049561m#d8#p1#r12"",""10.1021/je049561m#d8#p1#r14""]","[""10.1021/je049561m#d8#p1#r1"",""10.1021/je049561m#d8#p1#r2"",""10.1021/je049561m#d8#p1#r3"",""10.1021/je049561m#d8#p1#r4""]",3,4,4
ep_08cdc9a46b77482b,mol_1bdf322c4ebd3d63,grp_5dea7427c65d07c7,train,10.1016/j.jct.2018.08.025,10.1016/j.jct.2018.08.025#d1#p1,20000,293.22,441.9,148.68,16,5,5,True,"[""10.1016/j.jct.2018.08.025#d1#p1#r21"",""10.1016/j.jct.2018.08.025#d1#p1#r27"",""10.1016/j.jct.2018.08.025#d1#p1#r29""]","[""10.1016/j.jct.2018.08.025#d1#p1#r1"",""10.1016/j.jct.2018.08.025#d1#p1#r2"",""10.1016/j.jct.2018.08.025#d1#p1#r3"",""10.1016/j.jct.2018.08.025#d1#p1#r5"",""10.1016/j.jct.2018.08.025#d1#p1#r6"",""10.1016/j.jct.2018.08.025#d1#p1#r7""]",3,6,5
ep_08f5f51f50b7903c,mol_e356f62a95258c32,grp_5dea7427c65d07c7,train,10.1021/je200730m,10.1021/je200730m#d5#p1,20000,333.22,462.3,129.08,14,4,5,True,"[""10.1021/je200730m#d5#p1#r11"",""10.1021/je200730m#d5#p1#r12"",""10.1021/je200730m#d5#p1#r14""]","[""10.1021/je200730m#d5#p1#r1"",""10.1021/je200730m#d5#p1#r2"",""10.1021/je200730m#d5#p1#r3"",""10.1021/je200730m#d5#p1#r4"",""10.1021/je200730m#d5#p1#r5""]",3,5,5
ep_0b08a691bfec77fb,mol_fc2d93121de8a8dd,grp_5dea7427c65d07c7,train,10.1021/je200730m,10.1021/je200730m#d3#p1,20000,303.1,452.28,149.18,11,5,4,True,"[""10.1021/je200730m#d3#p1#r7"",""10.1021/je200730m#d3#p1#r9"",""10.1021/je200730m#d3#p1#r11""]","[""10.1021/je200730m#d3#p1#r1"",""10.1021/je200730m#d3#p1#r2"",""10.1021/je200730m#d3#p1#r3"",""10.1021/je200730m#d3#p1#r4""]",3,4,4
ep_0b406670d6bfc141,mol_3e3fe40dbc9b9649,grp_5ed1239f1de5ca2c,validation,10.1016/j.jct.2014.04.026,10.1016/j.jct.2014.04.026#d7#p1,20000,253.9,293.27,39.37,21,6,7,True,"[""10.1016/j.jct.2014.04.026#d7#p1#r16"",""10.1016/j.jct.2014.04.026#d7#p1#r18"",""10.1016/j.jct.2014.04.026#d7#p1#r21""]","[""10.1016/j.jct.2014.04.026#d7#p1#r1"",""10.1016/j.jct.2014.04.026#d7#p1#r2"",""10.1016/j.jct.2014.04.026#d7#p1#r3"",""10.1016/j.jct.2014.04.026#d7#p1#r4"",""10.1016/j.jct.2014.04.026#d7#p1#r5"",""10.1016/j.jct.2014.04.026#d7#p1#r6"",""10.1016/j.jct.2014.04.026#d7#p1#r7""]",3,7,7
ep_0b620b6bbd7acf6a,mol_935376490ad66f6e,grp_5dea7427c65d07c7,train,10.1016/j.jct.2016.07.024,10.1016/j.jct.2016.07.024#d2#p1,20000,282.64,402.83,120.19,13,4,4,True,"[""10.1016/j.jct.2016.07.024#d2#p1#r10"",""10.1016/j.jct.2016.07.024#d2#p1#r11"",""10.1016/j.jct.2016.07.024#d2#p1#r13""]","[""10.1016/j.jct.2016.07.024#d2#p1#r1"",""10.1016/j.jct.2016.07.024#d2#p1#r2"",""10.1016/j.jct.2016.07.024#d2#p1#r3"",""10.1016/j.jct.2016.07.024#d2#p1#r4""]",3,4,4
ep_0c6dda3c27256786,mol_9edff65ca060e7d5,grp_5dea7427c65d07c7,train,10.1016/j.jct.2004.08.004,10.1016/j.jct.2004.08.004#d9#p1,20000,336.2,372.1,35.9,13,4,4,True,"[""10.1016/j.jct.2004.08.004#d9#p1#r10"",""10.1016/j.jct.2004.08.004#d9#p1#r11"",""10.1016/j.jct.2004.08.004#d9#p1#r13""]","[""10.1016/j.jct.2004.08.004#d9#p1#r1"",""10.1016/j.jct.2004.08.004#d9#p1#r2"",""10.1016/j.jct.2004.08.004#d9#p1#r3"",""10.1016/j.jct.2004.08.004#d9#p1#r4""]",3,4,4
ep_0c7f939fc7a6c2c2,mol_62811f5ff2999e78,grp_32a9c229f3f94fad,validation,10.1021/acs.jced.8b00153,10.1021/acs.jced.8b00153#d8#p1,20000,292.41,356.68,64.27,17,4,7,True,"[""10.1021/acs.jced.8b00153#d8#p1#r14"",""10.1021/acs.jced.8b00153#d8#p1#r15"",""10.1021/acs.jced.8b00153#d8#p1#r17""]","[""10.1021/acs.jced.8b00153#d8#p1#r1"",""10.1021/acs.jced.8b00153#d8#p1#r2"",""10.1021/acs.jced.8b00153#d8#p1#r3"",""10.1021/acs.jced.8b00153#d8#p1#r4"",""10.1021/acs.jced.8b00153#d8#p1#r5"",""10.1021/acs.jced.8b00153#d8#p1#r6"",""10.1021/acs.jced.8b00153#d8#p1#r7""]",3,7,7
ep_0d1d591a7f0506bd,mol_abb2d836562cde77,grp_5dea7427c65d07c7,train,10.1021/je050334+,10.1021/je050334+#d2#p1,20000,283.9,332.5,48.6,20,5,7,True,"[""10.1021/je050334+#d2#p1#r16"",""10.1021/je050334+#d2#p1#r18"",""10.1021/je050334+#d2#p1#r20""]","[""10.1021/je050334+#d2#p1#r1"",""10.1021/je050334+#d2#p1#r2"",""10.1021/je050334+#d2#p1#r3"",""10.1021/je050334+#d2#p1#r4"",""10.1021/je050334+#d2#p1#r5"",""10.1021/je050334+#d2#p1#r6"",""10.1021/je050334+#d2#p1#r7""]",3,7,7
ep_0e3d308998351226,mol_5a4aa50dd3cafc66,grp_5dea7427c65d07c7,train,10.1016/j.fluid.2014.07.029,10.1016/j.fluid.2014.07.029#d3#p1,20000,274.5,307.2,32.7,12,4,4,True,"[""10.1016/j.fluid.2014.07.029#d3#p1#r9"",""10.1016/j.fluid.2014.07.029#d3#p1#r10"",""10.1016/j.fluid.2014.07.029#d3#p1#r12""]","[""10.1016/j.fluid.2014.07.029#d3#p1#r1"",""10.1016/j.fluid.2014.07.029#d3#p1#r2"",""10.1016/j.fluid.2014.07.029#d3#p1#r3"",""10.1016/j.fluid.2014.07.029#d3#p1#r4""]",3,4,4
ep_0e4b5a1e47e23cab,mol_2c26c5ea55ef74f0,grp_5dea7427c65d07c7,train,10.1016/j.tca.2015.03.016,10.1016/j.tca.2015.03.016#d2#p1,20000,275.2,314.2,39,14,4,4,True,"[""10.1016/j.tca.2015.03.016#d2#p1#r11"",""10.1016/j.tca.2015.03.016#d2#p1#r12"",""10.1016/j.tca.2015.03.016#d2#p1#r14""]","[""10.1016/j.tca.2015.03.016#d2#p1#r1"",""10.1016/j.tca.2015.03.016#d2#p1#r2"",""10.1016/j.tca.2015.03.016#d2#p1#r3"",""10.1016/j.tca.2015.03.016#d2#p1#r4""]",3,4,4
ep_0e59b867adc2ddbc,mol_f47a1833e8cb8ad4,grp_5dea7427c65d07c7,train,10.1016/j.fluid.2004.10.022,10.1016/j.fluid.2004.10.022#d6#p1,20000,307.43,342.95,35.52,7,3,2,True,"[""10.1016/j.fluid.2004.10.022#d6#p1#r5"",""10.1016/j.fluid.2004.10.022#d6#p1#r6"",""10.1016/j.fluid.2004.10.022#d6#p1#r7""]","[""10.1016/j.fluid.2004.10.022#d6#p1#r1"",""10.1016/j.fluid.2004.10.022#d6#p1#r2""]",3,2,2
ep_0e75049fb37eab27,mol_6164d1ee39a4a3b0,grp_6164d1ee39a4a3b0,test,10.1016/j.jct.2007.03.011,10.1016/j.jct.2007.03.011#d1#p1,20000,306.3,361.8,55.5,22,4,7,True,"[""10.1016/j.jct.2007.03.011#d1#p1#r21"",""10.1016/j.jct.2007.03.011#d1#p1#r22"",""10.1016/j.jct.2007.03.011#d1#p1#r24""]","[""10.1016/j.jct.2007.03.011#d1#p1#r1"",""10.1016/j.jct.2007.03.011#d1#p1#r2"",""10.1016/j.jct.2007.03.011#d1#p1#r3"",""10.1016/j.jct.2007.03.011#d1#p1#r4"",""10.1016/j.jct.2007.03.011#d1#p1#r5"",""10.1016/j.jct.2007.03.011#d1#p1#r6"",""10.1016/j.jct.2007.03.011#d1#p1#r7""]",3,7,7
ep_120c3896d71aebe2,mol_f599bee9d7f71e01,grp_5dea7427c65d07c7,train,10.1016/j.tca.2018.07.016,10.1016/j.tca.2018.07.016#d1#p1,20000,275.3,321.2,45.9,15,5,5,True,"[""10.1016/j.tca.2018.07.016#d1#p1#r11"",""10.1016/j.tca.2018.07.016#d1#p1#r13"",""10.1016/j.tca.2018.07.016#d1#p1#r15""]","[""10.1016/j.tca.2018.07.016#d1#p1#r1"",""10.1016/j.tca.2018.07.016#d1#p1#r2"",""10.1016/j.tca.2018.07.016#d1#p1#r3"",""10.1016/j.tca.2018.07.016#d1#p1#r4"",""10.1016/j.tca.2018.07.016#d1#p1#r5""]",3,5,5
ep_12419aeafc903669,mol_cba4c6228a6938ca,grp_5dea7427c65d07c7,train,10.1016/j.fluid.2014.11.026,10.1016/j.fluid.2014.11.026#d1#p1,20000,283.84,337.14,53.3,24,7,7,True,"[""10.1016/j.fluid.2014.11.026#d1#p1#r32"",""10.1016/j.fluid.2014.11.026#d1#p1#r37"",""10.1016/j.fluid.2014.11.026#d1#p1#r12""]","[""10.1016/j.fluid.2014.11.026#d1#p1#r1"",""10.1016/j.fluid.2014.11.026#d1#p1#r2"",""10.1016/j.fluid.2014.11.026#d1#p1#r21"",""10.1016/j.fluid.2014.11.026#d1#p1#r22"",""10.1016/j.fluid.2014.11.026#d1#p1#r23"",""10.1016/j.fluid.2014.11.026#d1#p1#r24"",""10.1016/j.fluid.2014.11.026#d1#p1#r26"",""10.1016/j.fluid.2014.11.026#d1#p1#r27"",""10.1016/j.fluid.2014.11.026#d1#p1#r3"",""10.1016/j.fluid.2014.11.026#d1#p1#r4""]",3,10,7
ep_1263896c9b4144af,mol_51066cb4cb97b45d,grp_468c9a97902f6f3f,test,10.1016/j.fluid.2014.12.023,10.1016/j.fluid.2014.12.023#d12#p1,20000,278.2,316.4,38.2,19,4,7,True,"[""10.1016/j.fluid.2014.12.023#d12#p1#r16"",""10.1016/j.fluid.2014.12.023#d12#p1#r17"",""10.1016/j.fluid.2014.12.023#d12#p1#r19""]","[""10.1016/j.fluid.2014.12.023#d12#p1#r1"",""10.1016/j.fluid.2014.12.023#d12#p1#r2"",""10.1016/j.fluid.2014.12.023#d12#p1#r3"",""10.1016/j.fluid.2014.12.023#d12#p1#r4"",""10.1016/j.fluid.2014.12.023#d12#p1#r5"",""10.1016/j.fluid.2014.12.023#d12#p1#r6"",""10.1016/j.fluid.2014.12.023#d12#p1#r7""]",3,7,7
ep_1273983b8f03dc1a,mol_b398bc78beea1472,grp_5dea7427c65d07c7,train,10.1021/je050056e,10.1021/je050056e#d11#p1,20000,288.23,328.45,40.22,9,3,3,True,"[""10.1021/je050056e#d11#p1#r7"",""10.1021/je050056e#d11#p1#r8"",""10.1021/je050056e#d11#p1#r9""]","[""10.1021/je050056e#d11#p1#r1"",""10.1021/je050056e#d11#p1#r2"",""10.1021/je050056e#d11#p1#r3""]",3,3,3
ep_12a0b6ebf329bac5,mol_440a94c527338aad,grp_5dea7427c65d07c7,train,10.1021/acs.jced.6b00576,10.1021/acs.jced.6b00576#d12#p1,20000,274.39,319.47,45.08,18,5,7,True,"[""10.1021/acs.jced.6b00576#d12#p1#r15"",""10.1021/acs.jced.6b00576#d12#p1#r18"",""10.1021/acs.jced.6b00576#d12#p1#r20""]","[""10.1021/acs.jced.6b00576#d12#p1#r1"",""10.1021/acs.jced.6b00576#d12#p1#r2"",""10.1021/acs.jced.6b00576#d12#p1#r3"",""10.1021/acs.jced.6b00576#d12#p1#r4"",""10.1021/acs.jced.6b00576#d12#p1#r5"",""10.1021/acs.jced.6b00576#d12#p1#r6"",""10.1021/acs.jced.6b00576#d12#p1#r7""]",3,7,7
ep_12c92d995279cf52,mol_cf369ca199c477af,grp_554ad3ddcfbe3579,test,10.1016/j.jct.2011.05.004,10.1016/j.jct.2011.05.004#d6#p1,20000,309.2,363.2,54,30,12,7,True,"[""10.1016/j.jct.2011.05.004#d6#p1#r20"",""10.1016/j.jct.2011.05.004#d6#p1#r25"",""10.1016/j.jct.2011.05.004#d6#p1#r31""]","[""10.1016/j.jct.2011.05.004#d6#p1#r1"",""10.1016/j.jct.2011.05.004#d6#p1#r2"",""10.1016/j.jct.2011.05.004#d6#p1#r3"",""10.1016/j.jct.2011.05.004#d6#p1#r4"",""10.1016/j.jct.2011.05.004#d6#p1#r5"",""10.1016/j.jct.2011.05.004#d6#p1#r6"",""10.1016/j.jct.2011.05.004#d6#p1#r7"",""10.1016/j.jct.2011.05.004#d6#p1#r8""]",3,8,7
ep_12d5c8d2fa37c62d,mol_5b654c20d8dff507,grp_a2fcc12936d735c8,train,10.1016/j.fluid.2019.03.004,10.1016/j.fluid.2019.03.004#d2#p1,20000,279.1,323.2,44.1,10,3,3,True,"[""10.1016/j.fluid.2019.03.004#d2#p1#r8"",""10.1016/j.fluid.2019.03.004#d2#p1#r9"",""10.1016/j.fluid.2019.03.004#d2#p1#r10""]","[""10.1016/j.fluid.2019.03.004#d2#p1#r1"",""10.1016/j.fluid.2019.03.004#d2#p1#r2"",""10.1016/j.fluid.2019.03.004#d2#p1#r3""]",3,3,3
ep_13544dd299dde330,mol_1a56e24870b3472e,grp_5dea7427c65d07c7,train,10.1021/je0255980,10.1021/je0255980#d8#p1,20000,276.2,308,31.8,17,4,5,True,"[""10.1021/je0255980#d8#p1#r15"",""10.1021/je0255980#d8#p1#r16"",""10.1021/je0255980#d8#p1#r18""]","[""10.1021/je0255980#d8#p1#r1"",""10.1021/je0255980#d8#p1#r2"",""10.1021/je0255980#d8#p1#r3"",""10.1021/je0255980#d8#p1#r4"",""10.1021/je0255980#d8#p1#r5"",""10.1021/je0255980#d8#p1#r6""]",3,6,5
ep_139786e0a41305d0,mol_a10b91d37db2843a,grp_4099771604350c09,test,10.1021/je200336c,10.1021/je200336c#d8#p1,20000,335.6,374.1,38.5,30,9,8,True,"[""10.1021/je200336c#d8#p1#r34"",""10.1021/je200336c#d8#p1#r40"",""10.1021/je200336c#d8#p1#r46""]","[""10.1021/je200336c#d8#p1#r10"",""10.1021/je200336c#d8#p1#r11"",""10.1021/je200336c#d8#p1#r12"",""10.1021/je200336c#d8#p1#r13"",""10.1021/je200336c#d8#p1#r14"",""10.1021/je200336c#d8#p1#r15"",""10.1021/je200336c#d8#p1#r16"",""10.1021/je200336c#d8#p1#r17"",""10.1021/je200336c#d8#p1#r9""]",3,9,8
ep_149482e0476aa3f0,mol_f614151f22d755d7,grp_8485db366cf61c1d,train,10.1016/j.fluid.2008.04.016,10.1016/j.fluid.2008.04.016#d2#p1,20000,352.15,382.65,30.5,16,4,5,True,"[""10.1016/j.fluid.2008.04.016#d2#p1#r13"",""10.1016/j.fluid.2008.04.016#d2#p1#r14"",""10.1016/j.fluid.2008.04.016#d2#p1#r16""]","[""10.1016/j.fluid.2008.04.016#d2#p1#r1"",""10.1016/j.fluid.2008.04.016#d2#p1#r2"",""10.1016/j.fluid.2008.04.016#d2#p1#r3"",""10.1016/j.fluid.2008.04.016#d2#p1#r4"",""10.1016/j.fluid.2008.04.016#d2#p1#r5""]",3,5,5
ep_15ba57279657accb,mol_517756553f493ba0,grp_5dea7427c65d07c7,train,10.1021/acs.jced.6b00409,10.1021/acs.jced.6b00409#d7#p1,20000,277.72,332.87,55.15,8,3,3,True,"[""10.1021/acs.jced.6b00409#d7#p1#r6"",""10.1021/acs.jced.6b00409#d7#p1#r7"",""10.1021/acs.jced.6b00409#d7#p1#r8""]","[""10.1021/acs.jced.6b00409#d7#p1#r1"",""10.1021/acs.jced.6b00409#d7#p1#r2"",""10.1021/acs.jced.6b00409#d7#p1#r3""]",3,3,3
ep_15eda173200c799b,mol_804f26f30916a635,grp_4099771604350c09,test,10.1021/je200336c,10.1021/je200336c#d9#p1,20000,344,382.7,38.7,15,5,5,True,"[""10.1021/je200336c#d9#p1#r12"",""10.1021/je200336c#d9#p1#r14"",""10.1021/je200336c#d9#p1#r16""]","[""10.1021/je200336c#d9#p1#r2"",""10.1021/je200336c#d9#p1#r3"",""10.1021/je200336c#d9#p1#r4"",""10.1021/je200336c#d9#p1#r5"",""10.1021/je200336c#d9#p1#r6""]",3,5,5
ep_160ad06845008ef5,mol_9250348909aba0f8,grp_5dea7427c65d07c7,train,10.1016/j.fluid.2014.07.029,10.1016/j.fluid.2014.07.029#d5#p1,20000,274.2,306.2,32,12,4,4,True,"[""10.1016/j.fluid.2014.07.029#d5#p1#r10"",""10.1016/j.fluid.2014.07.029#d5#p1#r12"",""10.1016/j.fluid.2014.07.029#d5#p1#r14""]","[""10.1016/j.fluid.2014.07.029#d5#p1#r1"",""10.1016/j.fluid.2014.07.029#d5#p1#r2"",""10.1016/j.fluid.2014.07.029#d5#p1#r3"",""10.1016/j.fluid.2014.07.029#d5#p1#r4""]",3,4,4
ep_18627cad077b30e3,mol_efd9aec2c69162b7,grp_5dea7427c65d07c7,train,10.1021/je100231g,10.1021/je100231g#d14#p1,20000,322.4,369.5,47.1,23,5,9,True,"[""10.1021/je100231g#d14#p1#r24"",""10.1021/je100231g#d14#p1#r26"",""10.1021/je100231g#d14#p1#r28""]","[""10.1021/je100231g#d14#p1#r10"",""10.1021/je100231g#d14#p1#r11"",""10.1021/je100231g#d14#p1#r12"",""10.1021/je100231g#d14#p1#r13"",""10.1021/je100231g#d14#p1#r14"",""10.1021/je100231g#d14#p1#r3"",""10.1021/je100231g#d14#p1#r4"",""10.1021/je100231g#d14#p1#r5"",""10.1021/je100231g#d14#p1#r6"",""10.1021/je100231g#d14#p1#r7"",""10.1021/je100231g#d14#p1#r8"",""10.1021/je100231g#d14#p1#r9""]",3,12,9
ep_18758db8e24f99f9,mol_662ae51843e31097,grp_5dea7427c65d07c7,train,10.1016/j.jct.2014.07.004,10.1016/j.jct.2014.07.004#d4#p1,20000,277.96,333.15,55.19,13,3,5,True,"[""10.1016/j.jct.2014.07.004#d4#p1#r11"",""10.1016/j.jct.2014.07.004#d4#p1#r12"",""10.1016/j.jct.2014.07.004#d4#p1#r13""]","[""10.1016/j.jct.2014.07.004#d4#p1#r1"",""10.1016/j.jct.2014.07.004#d4#p1#r2"",""10.1016/j.jct.2014.07.004#d4#p1#r3"",""10.1016/j.jct.2014.07.004#d4#p1#r4"",""10.1016/j.jct.2014.07.004#d4#p1#r5""]",3,5,5
ep_18e6882a273ac1ab,mol_d0131e7bbb5402ea,grp_d0131e7bbb5402ea,test,10.1021/je200128y,10.1021/je200128y#d2#p1,20000,328.3,373.1,44.8,18,7,5,True,"[""10.1021/je200128y#d2#p1#r12"",""10.1021/je200128y#d2#p1#r16"",""10.1021/je200128y#d2#p1#r19""]","[""10.1021/je200128y#d2#p1#r1"",""10.1021/je200128y#d2#p1#r2"",""10.1021/je200128y#d2#p1#r3"",""10.1021/je200128y#d2#p1#r4"",""10.1021/je200128y#d2#p1#r5""]",3,5,5
ep_1ac503d0c2ff2662,mol_10ae2d7874bda204,grp_5dea7427c65d07c7,train,10.1021/je400212t,10.1021/je400212t#d8#p1,20000,274.2,313.3,39.1,22,7,6,True,"[""10.1021/je400212t#d8#p1#r23"",""10.1021/je400212t#d8#p1#r27"",""10.1021/je400212t#d8#p1#r31""]","[""10.1021/je400212t#d8#p1#r1"",""10.1021/je400212t#d8#p1#r2"",""10.1021/je400212t#d8#p1#r3"",""10.1021/je400212t#d8#p1#r4"",""10.1021/je400212t#d8#p1#r5"",""10.1021/je400212t#d8#p1#r6""]",3,6,6
ep_1c8a29dd34eb161d,mol_2ebd0ef54ed8a046,grp_642c5927dec37b59,validation,10.1016/j.fluid.2011.07.007,10.1016/j.fluid.2011.07.007#d4#p1,20000,289.3,325.4,36.1,17,8,4,True,"[""10.1016/j.fluid.2011.07.007#d4#p1#r10"",""10.1016/j.fluid.2011.07.007#d4#p1#r13"",""10.1016/j.fluid.2011.07.007#d4#p1#r17""]","[""10.1016/j.fluid.2011.07.007#d4#p1#r1"",""10.1016/j.fluid.2011.07.007#d4#p1#r2"",""10.1016/j.fluid.2011.07.007#d4#p1#r3"",""10.1016/j.fluid.2011.07.007#d4#p1#r4""]",3,4,4
ep_1d4a68f6a5d164e3,mol_5fa3d4f920d98423,grp_5dea7427c65d07c7,train,10.1021/acs.jced.6b00576,10.1021/acs.jced.6b00576#d25#p1,20000,279.84,314.3,34.46,13,4,5,True,"[""10.1021/acs.jced.6b00576#d25#p1#r10"",""10.1021/acs.jced.6b00576#d25#p1#r11"",""10.1021/acs.jced.6b00576#d25#p1#r13""]","[""10.1021/acs.jced.6b00576#d25#p1#r1"",""10.1021/acs.jced.6b00576#d25#p1#r2"",""10.1021/acs.jced.6b00576#d25#p1#r3"",""10.1021/acs.jced.6b00576#d25#p1#r4"",""10.1021/acs.jced.6b00576#d25#p1#r5""]",3,5,5
ep_1dab38209e8be317,mol_9d47f5f4c0b23422,grp_eacde2a75ccb5ff9,train,10.1021/je060472e,10.1021/je060472e#d12#p1,20000,273.26,320.52,47.26,20,6,6,True,"[""10.1021/je060472e#d12#p1#r29"",""10.1021/je060472e#d12#p1#r33"",""10.1021/je060472e#d12#p1#r39""]","[""10.1021/je060472e#d12#p1#r1"",""10.1021/je060472e#d12#p1#r10"",""10.1021/je060472e#d12#p1#r11"",""10.1021/je060472e#d12#p1#r3"",""10.1021/je060472e#d12#p1#r4"",""10.1021/je060472e#d12#p1#r5"",""10.1021/je060472e#d12#p1#r6"",""10.1021/je060472e#d12#p1#r7"",""10.1021/je060472e#d12#p1#r8""]",3,9,6
ep_1e23ba258d327f74,mol_db8dd1519b1387fd,grp_b485db3c1ae1b944,test,10.1016/j.jct.2017.09.005,10.1016/j.jct.2017.09.005#d20#p1,20000,341.463,391.562,50.099,8,3,2,True,"[""10.1016/j.jct.2017.09.005#d20#p1#r6"",""10.1016/j.jct.2017.09.005#d20#p1#r7"",""10.1016/j.jct.2017.09.005#d20#p1#r8""]","[""10.1016/j.jct.2017.09.005#d20#p1#r1"",""10.1016/j.jct.2017.09.005#d20#p1#r2""]",3,2,2
ep_1e2fc768ee93d5bc,mol_038035dca3f815f6,grp_5dea7427c65d07c7,train,10.1016/j.fluid.2019.112241,10.1016/j.fluid.2019.112241#d4#p1,20000,293.2,333.1,39.9,14,5,5,True,"[""10.1016/j.fluid.2019.112241#d4#p1#r10"",""10.1016/j.fluid.2019.112241#d4#p1#r12"",""10.1016/j.fluid.2019.112241#d4#p1#r14""]","[""10.1016/j.fluid.2019.112241#d4#p1#r1"",""10.1016/j.fluid.2019.112241#d4#p1#r2"",""10.1016/j.fluid.2019.112241#d4#p1#r3"",""10.1016/j.fluid.2019.112241#d4#p1#r4"",""10.1016/j.fluid.2019.112241#d4#p1#r5""]",3,5,5
ep_1f1a1076f20a2289,mol_0d35fd4ce34a5a65,grp_5dea7427c65d07c7,train,10.1016/j.fluid.2019.112241,10.1016/j.fluid.2019.112241#d6#p1,20000,291.8,343.6,51.8,24,7,6,True,"[""10.1016/j.fluid.2019.112241#d6#p1#r20"",""10.1016/j.fluid.2019.112241#d6#p1#r24"",""10.1016/j.fluid.2019.112241#d6#p1#r27""]","[""10.1016/j.fluid.2019.112241#d6#p1#r1"",""10.1016/j.fluid.2019.112241#d6#p1#r2"",""10.1016/j.fluid.2019.112241#d6#p1#r3"",""10.1016/j.fluid.2019.112241#d6#p1#r4"",""10.1016/j.fluid.2019.112241#d6#p1#r5"",""10.1016/j.fluid.2019.112241#d6#p1#r6"",""10.1016/j.fluid.2019.112241#d6#p1#r7""]",3,7,6
ep_1fbe3a44d4029d86,mol_8328a6e934e84481,grp_5dea7427c65d07c7,train,10.1021/acs.jced.7b00295,10.1021/acs.jced.7b00295#d13#p1,20000,253.15,308.15,55,13,4,4,True,"[""10.1021/acs.jced.7b00295#d13#p1#r37"",""10.1021/acs.jced.7b00295#d13#p1#r40"",""10.1021/acs.jced.7b00295#d13#p1#r46""]","[""10.1021/acs.jced.7b00295#d13#p1#r10"",""10.1021/acs.jced.7b00295#d13#p1#r13"",""10.1021/acs.jced.7b00295#d13#p1#r14"",""10.1021/acs.jced.7b00295#d13#p1#r15"",""10.1021/acs.jced.7b00295#d13#p1#r16"",""10.1021/acs.jced.7b00295#d13#p1#r18"",""10.1021/acs.jced.7b00295#d13#p1#r19"",""10.1021/acs.jced.7b00295#d13#p1#r20""]",3,8,4
ep_2065f7d1cd62ffe7,mol_c4ca44c810d45377,grp_642c5927dec37b59,validation,10.1016/j.fluid.2011.07.007,10.1016/j.fluid.2011.07.007#d18#p1,20000,295.2,325.2,30,16,5,5,True,"[""10.1016/j.fluid.2011.07.007#d18#p1#r12"",""10.1016/j.fluid.2011.07.007#d18#p1#r14"",""10.1016/j.fluid.2011.07.007#d18#p1#r16""]","[""10.1016/j.fluid.2011.07.007#d18#p1#r1"",""10.1016/j.fluid.2011.07.007#d18#p1#r2"",""10.1016/j.fluid.2011.07.007#d18#p1#r3"",""10.1016/j.fluid.2011.07.007#d18#p1#r4"",""10.1016/j.fluid.2011.07.007#d18#p1#r5""]",3,5,5
ep_20a7de2a769f5748,mol_39442ffdaa2c1862,grp_5085cd785cc4c7f4,test,10.1016/j.jct.2013.05.047,10.1016/j.jct.2013.05.047#d12#p1,20000,336.93,380.41,43.48,23,7,7,True,"[""10.1016/j.jct.2013.05.047#d12#p1#r17"",""10.1016/j.jct.2013.05.047#d12#p1#r20"",""10.1016/j.jct.2013.05.047#d12#p1#r23""]","[""10.1016/j.jct.2013.05.047#d12#p1#r1"",""10.1016/j.jct.2013.05.047#d12#p1#r2"",""10.1016/j.jct.2013.05.047#d12#p1#r3"",""10.1016/j.jct.2013.05.047#d12#p1#r4"",""10.1016/j.jct.2013.05.047#d12#p1#r5"",""10.1016/j.jct.2013.05.047#d12#p1#r6"",""10.1016/j.jct.2013.05.047#d12#p1#r7""]",3,7,7
ep_20d3d5314ec18a69,mol_b5b1e7ca3cf75bf3,grp_4cb2ec77bd45a869,test,10.1016/j.jct.2005.11.009,10.1016/j.jct.2005.11.009#d3#p1,20000,318.2,363.4,45.2,10,3,3,True,"[""10.1016/j.jct.2005.11.009#d3#p1#r8"",""10.1016/j.jct.2005.11.009#d3#p1#r9"",""10.1016/j.jct.2005.11.009#d3#p1#r10""]","[""10.1016/j.jct.2005.11.009#d3#p1#r1"",""10.1016/j.jct.2005.11.009#d3#p1#r2"",""10.1016/j.jct.2005.11.009#d3#p1#r3""]",3,3,3
ep_2103a26ee04d154f,mol_236fafdbbe72dc54,grp_468c9a97902f6f3f,test,10.1016/j.fluid.2014.12.023,10.1016/j.fluid.2014.12.023#d18#p1,20000,276.5,317.9,41.4,11,3,4,True,"[""10.1016/j.fluid.2014.12.023#d18#p1#r11"",""10.1016/j.fluid.2014.12.023#d18#p1#r12"",""10.1016/j.fluid.2014.12.023#d18#p1#r13""]","[""10.1016/j.fluid.2014.12.023#d18#p1#r1"",""10.1016/j.fluid.2014.12.023#d18#p1#r2"",""10.1016/j.fluid.2014.12.023#d18#p1#r3"",""10.1016/j.fluid.2014.12.023#d18#p1#r4"",""10.1016/j.fluid.2014.12.023#d18#p1#r5""]",3,5,4
ep_227b0237a811e2bf,mol_e53a559272965ffc,grp_e53a559272965ffc,train,10.1021/acs.jced.5b00978,10.1021/acs.jced.5b00978#d4#p1,20000,339.83,393.05,53.22,19,6,6,True,"[""10.1021/acs.jced.5b00978#d4#p1#r14"",""10.1021/acs.jced.5b00978#d4#p1#r16"",""10.1021/acs.jced.5b00978#d4#p1#r19""]","[""10.1021/acs.jced.5b00978#d4#p1#r1"",""10.1021/acs.jced.5b00978#d4#p1#r2"",""10.1021/acs.jced.5b00978#d4#p1#r3"",""10.1021/acs.jced.5b00978#d4#p1#r4"",""10.1021/acs.jced.5b00978#d4#p1#r5"",""10.1021/acs.jced.5b00978#d4#p1#r6""]",3,6,6
ep_227d84fcf62e4d08,mol_a69950d65071f1d9,grp_554ad3ddcfbe3579,test,10.1016/j.jct.2011.05.004,10.1016/j.jct.2011.05.004#d3#p1,20000,312.5,366.2,53.7,28,6,8,True,"[""10.1016/j.jct.2011.05.004#d3#p1#r34"",""10.1016/j.jct.2011.05.004#d3#p1#r36"",""10.1016/j.jct.2011.05.004#d3#p1#r39""]","[""10.1016/j.jct.2011.05.004#d3#p1#r10"",""10.1016/j.jct.2011.05.004#d3#p1#r11"",""10.1016/j.jct.2011.05.004#d3#p1#r12"",""10.1016/j.jct.2011.05.004#d3#p1#r13"",""10.1016/j.jct.2011.05.004#d3#p1#r14"",""10.1016/j.jct.2011.05.004#d3#p1#r15"",""10.1016/j.jct.2011.05.004#d3#p1#r16"",""10.1016/j.jct.2011.05.004#d3#p1#r17"",""10.1016/j.jct.2011.05.004#d3#p1#r18"",""10.1016/j.jct.2011.05.004#d3#p1#r9""]",3,10,8
ep_2298aa77d8be34ef,mol_b6b13d8dfbd75423,grp_5dea7427c65d07c7,train,10.1021/acs.jced.6b00576,10.1021/acs.jced.6b00576#d22#p1,20000,279.05,318.42,39.37,10,3,3,True,"[""10.1021/acs.jced.6b00576#d22#p1#r8"",""10.1021/acs.jced.6b00576#d22#p1#r9"",""10.1021/acs.jced.6b00576#d22#p1#r10""]","[""10.1021/acs.jced.6b00576#d22#p1#r1"",""10.1021/acs.jced.6b00576#d22#p1#r2"",""10.1021/acs.jced.6b00576#d22#p1#r3""]",3,3,3
ep_22dd5756ff8a2551,mol_ae779d08ee6209ad,grp_8485db366cf61c1d,train,10.1016/j.fluid.2008.04.016,10.1016/j.fluid.2008.04.016#d3#p1,20000,308.25,358.15,49.9,21,6,7,True,"[""10.1016/j.fluid.2008.04.016#d3#p1#r16"",""10.1016/j.fluid.2008.04.016#d3#p1#r18"",""10.1016/j.fluid.2008.04.016#d3#p1#r21""]","[""10.1016/j.fluid.2008.04.016#d3#p1#r1"",""10.1016/j.fluid.2008.04.016#d3#p1#r2"",""10.1016/j.fluid.2008.04.016#d3#p1#r3"",""10.1016/j.fluid.2008.04.016#d3#p1#r4"",""10.1016/j.fluid.2008.04.016#d3#p1#r5"",""10.1016/j.fluid.2008.04.016#d3#p1#r6"",""10.1016/j.fluid.2008.04.016#d3#p1#r7""]",3,7,7
ep_233047d634b9bfeb,mol_3bc540c095f58f95,grp_8be27da50ef3b127,train,10.1021/je050034s,10.1021/je050034s#d11#p1,20000,329.988,419.972,89.984,11,4,3,True,"[""10.1021/je050034s#d11#p1#r8"",""10.1021/je050034s#d11#p1#r9"",""10.1021/je050034s#d11#p1#r11""]","[""10.1021/je050034s#d11#p1#r1"",""10.1021/je050034s#d11#p1#r2"",""10.1021/je050034s#d11#p1#r3""]",3,3,3
ep_23ab946c9c914f22,mol_84afa114cb8b9453,grp_5dea7427c65d07c7,train,10.1016/j.jct.2015.12.005,10.1016/j.jct.2015.12.005#d5#p1,20000,338.122,394.577,56.455,9,3,3,True,"[""10.1016/j.jct.2015.12.005#d5#p1#r7"",""10.1016/j.jct.2015.12.005#d5#p1#r8"",""10.1016/j.jct.2015.12.005#d5#p1#r9""]","[""10.1016/j.jct.2015.12.005#d5#p1#r1"",""10.1016/j.jct.2015.12.005#d5#p1#r2"",""10.1016/j.jct.2015.12.005#d5#p1#r3""]",3,3,3
ep_23e2b5b5ec3ac359,mol_46c9766df0dc3e13,grp_5dea7427c65d07c7,train,10.1016/j.fluid.2014.07.029,10.1016/j.fluid.2014.07.029#d11#p1,20000,274.5,305.4,30.9,12,4,4,True,"[""10.1016/j.fluid.2014.07.029#d11#p1#r10"",""10.1016/j.fluid.2014.07.029#d11#p1#r11"",""10.1016/j.fluid.2014.07.029#d11#p1#r15""]","[""10.1016/j.fluid.2014.07.029#d11#p1#r1"",""10.1016/j.fluid.2014.07.029#d11#p1#r2"",""10.1016/j.fluid.2014.07.029#d11#p1#r3"",""10.1016/j.fluid.2014.07.029#d11#p1#r4""]",3,4,4
ep_24966fbafb5b254b,mol_aa0ace4207225373,grp_5dea7427c65d07c7,train,10.1016/j.fluid.2012.08.003,10.1016/j.fluid.2012.08.003#d4#p1,20000,283.3,338.3,55,16,6,6,True,"[""10.1016/j.fluid.2012.08.003#d4#p1#r12"",""10.1016/j.fluid.2012.08.003#d4#p1#r14"",""10.1016/j.fluid.2012.08.003#d4#p1#r17""]","[""10.1016/j.fluid.2012.08.003#d4#p1#r1"",""10.1016/j.fluid.2012.08.003#d4#p1#r2"",""10.1016/j.fluid.2012.08.003#d4#p1#r3"",""10.1016/j.fluid.2012.08.003#d4#p1#r4"",""10.1016/j.fluid.2012.08.003#d4#p1#r5"",""10.1016/j.fluid.2012.08.003#d4#p1#r6""]",3,6,6
ep_251201e71f61a640,mol_7a1e2ea9b1feabd1,grp_7a1e2ea9b1feabd1,test,10.1016/j.jct.2016.12.012,10.1016/j.jct.2016.12.012#d16#p1,20000,328.88,378.32,49.44,26,8,8,True,"[""10.1016/j.jct.2016.12.012#d16#p1#r19"",""10.1016/j.jct.2016.12.012#d16#p1#r22"",""10.1016/j.jct.2016.12.012#d16#p1#r26""]","[""10.1016/j.jct.2016.12.012#d16#p1#r1"",""10.1016/j.jct.2016.12.012#d16#p1#r2"",""10.1016/j.jct.2016.12.012#d16#p1#r3"",""10.1016/j.jct.2016.12.012#d16#p1#r4"",""10.1016/j.jct.2016.12.012#d16#p1#r5"",""10.1016/j.jct.2016.12.012#d16#p1#r6"",""10.1016/j.jct.2016.12.012#d16#p1#r7"",""10.1016/j.jct.2016.12.012#d16#p1#r8""]",3,8,8
ep_25897d3e7e335861,mol_ca3b44ec05c07486,grp_ca3b44ec05c07486,validation,10.1016/j.jct.2003.11.012,10.1016/j.jct.2003.11.012#d19#p1,20000,334.984,429.965,94.981,12,5,3,True,"[""10.1016/j.jct.2003.11.012#d19#p1#r8"",""10.1016/j.jct.2003.11.012#d19#p1#r10"",""10.1016/j.jct.2003.11.012#d19#p1#r12""]","[""10.1016/j.jct.2003.11.012#d19#p1#r1"",""10.1016/j.jct.2003.11.012#d19#p1#r2"",""10.1016/j.jct.2003.11.012#d19#p1#r3""]",3,3,3
ep_25b3a190481a6298,mol_87af88bbbdeef674,grp_f74960087f7dfc07,validation,10.1016/j.jct.2012.05.003,10.1016/j.jct.2012.05.003#d10#p1,20000,368.125,483.11,114.985,13,4,4,True,"[""10.1016/j.jct.2012.05.003#d10#p1#r10"",""10.1016/j.jct.2012.05.003#d10#p1#r11"",""10.1016/j.jct.2012.05.003#d10#p1#r13""]","[""10.1016/j.jct.2012.05.003#d10#p1#r1"",""10.1016/j.jct.2012.05.003#d10#p1#r2"",""10.1016/j.jct.2012.05.003#d10#p1#r3"",""10.1016/j.jct.2012.05.003#d10#p1#r4""]",3,4,4
ep_25f8fd66fac089b4,mol_13ff42623f3cf866,grp_5dea7427c65d07c7,train,10.1021/je0255980,10.1021/je0255980#d3#p1,20000,273.3,308.4,35.1,20,6,7,True,"[""10.1021/je0255980#d3#p1#r16"",""10.1021/je0255980#d3#p1#r18"",""10.1021/je0255980#d3#p1#r21""]","[""10.1021/je0255980#d3#p1#r1"",""10.1021/je0255980#d3#p1#r2"",""10.1021/je0255980#d3#p1#r3"",""10.1021/je0255980#d3#p1#r4"",""10.1021/je0255980#d3#p1#r5"",""10.1021/je0255980#d3#p1#r6"",""10.1021/je0255980#d3#p1#r7"",""10.1021/je0255980#d3#p1#r8""]",3,8,7
ep_27f846a824dc23e5,mol_d4445907461eb33b,grp_5dea7427c65d07c7,train,10.1021/acs.jced.5b00752,10.1021/acs.jced.5b00752#d5#p1,20000,322.213,452.116,129.903,13,3,4,True,"[""10.1021/acs.jced.5b00752#d5#p1#r17"",""10.1021/acs.jced.5b00752#d5#p1#r18"",""10.1021/acs.jced.5b00752#d5#p1#r19""]","[""10.1021/acs.jced.5b00752#d5#p1#r3"",""10.1021/acs.jced.5b00752#d5#p1#r4"",""10.1021/acs.jced.5b00752#d5#p1#r5"",""10.1021/acs.jced.5b00752#d5#p1#r6"",""10.1021/acs.jced.5b00752#d5#p1#r7"",""10.1021/acs.jced.5b00752#d5#p1#r8""]",3,6,4
ep_28d289f9e308af20,mol_85ab1c5001067375,grp_468c9a97902f6f3f,test,10.1016/j.fluid.2014.12.023,10.1016/j.fluid.2014.12.023#d4#p1,20000,275.8,319.5,43.7,15,5,5,True,"[""10.1016/j.fluid.2014.12.023#d4#p1#r11"",""10.1016/j.fluid.2014.12.023#d4#p1#r13"",""10.1016/j.fluid.2014.12.023#d4#p1#r15""]","[""10.1016/j.fluid.2014.12.023#d4#p1#r1"",""10.1016/j.fluid.2014.12.023#d4#p1#r2"",""10.1016/j.fluid.2014.12.023#d4#p1#r3"",""10.1016/j.fluid.2014.12.023#d4#p1#r4"",""10.1016/j.fluid.2014.12.023#d4#p1#r5""]",3,5,5
ep_28ee1eb40bd6308e,mol_1910e4e6f96d50ef,grp_468c9a97902f6f3f,test,10.1016/j.fluid.2014.12.023,10.1016/j.fluid.2014.12.023#d10#p1,20000,280.8,317.6,36.8,20,4,8,True,"[""10.1016/j.fluid.2014.12.023#d10#p1#r17"",""10.1016/j.fluid.2014.12.023#d10#p1#r18"",""10.1016/j.fluid.2014.12.023#d10#p1#r20""]","[""10.1016/j.fluid.2014.12.023#d10#p1#r1"",""10.1016/j.fluid.2014.12.023#d10#p1#r2"",""10.1016/j.fluid.2014.12.023#d10#p1#r3"",""10.1016/j.fluid.2014.12.023#d10#p1#r4"",""10.1016/j.fluid.2014.12.023#d10#p1#r5"",""10.1016/j.fluid.2014.12.023#d10#p1#r6"",""10.1016/j.fluid.2014.12.023#d10#p1#r7"",""10.1016/j.fluid.2014.12.023#d10#p1#r8""]",3,8,8
ep_29bc94a431ea21ee,mol_304fa968ee31b51b,grp_5dea7427c65d07c7,train,10.1021/acs.jced.9b00419,10.1021/acs.jced.9b00419#d2#p1,20000,298.4,347.3,48.9,11,3,4,True,"[""10.1021/acs.jced.9b00419#d2#p1#r10"",""10.1021/acs.jced.9b00419#d2#p1#r11"",""10.1021/acs.jced.9b00419#d2#p1#r12""]","[""10.1021/acs.jced.9b00419#d2#p1#r1"",""10.1021/acs.jced.9b00419#d2#p1#r2"",""10.1021/acs.jced.9b00419#d2#p1#r3"",""10.1021/acs.jced.9b00419#d2#p1#r4"",""10.1021/acs.jced.9b00419#d2#p1#r5""]",3,5,4
ep_2ba75930510752ab,mol_d5352051e8c4f61f,grp_95988f9c4708b4b0,test,10.1016/j.fluid.2006.09.001,10.1016/j.fluid.2006.09.001#d3#p1,20000,302.4,368.4,66,21,8,6,True,"[""10.1016/j.fluid.2006.09.001#d3#p1#r15"",""10.1016/j.fluid.2006.09.001#d3#p1#r18"",""10.1016/j.fluid.2006.09.001#d3#p1#r22""]","[""10.1016/j.fluid.2006.09.001#d3#p1#r1"",""10.1016/j.fluid.2006.09.001#d3#p1#r2"",""10.1016/j.fluid.2006.09.001#d3#p1#r3"",""10.1016/j.fluid.2006.09.001#d3#p1#r4"",""10.1016/j.fluid.2006.09.001#d3#p1#r5"",""10.1016/j.fluid.2006.09.001#d3#p1#r6"",""10.1016/j.fluid.2006.09.001#d3#p1#r7""]",3,7,6
ep_2bb2342e66ad8077,mol_cfce057605ba3a8f,grp_5085cd785cc4c7f4,test,10.1021/je060429r,10.1021/je060429r#d2#p1,20000,288.4,321.2,32.8,12,4,4,True,"[""10.1021/je060429r#d2#p1#r9"",""10.1021/je060429r#d2#p1#r10"",""10.1021/je060429r#d2#p1#r12""]","[""10.1021/je060429r#d2#p1#r1"",""10.1021/je060429r#d2#p1#r2"",""10.1021/je060429r#d2#p1#r3"",""10.1021/je060429r#d2#p1#r4""]",3,4,4
ep_2bf9b38431365fdb,mol_39ce5f6b5769ea06,grp_9c9b18c6b3311f2d,train,10.1016/j.tca.2017.07.001,10.1016/j.tca.2017.07.001#d1#p1,20000,274.75,314.1,39.35,9,3,3,True,"[""10.1016/j.tca.2017.07.001#d1#p1#r12"",""10.1016/j.tca.2017.07.001#d1#p1#r14"",""10.1016/j.tca.2017.07.001#d1#p1#r15""]","[""10.1016/j.tca.2017.07.001#d1#p1#r1"",""10.1016/j.tca.2017.07.001#d1#p1#r2"",""10.1016/j.tca.2017.07.001#d1#p1#r3"",""10.1016/j.tca.2017.07.001#d1#p1#r4"",""10.1016/j.tca.2017.07.001#d1#p1#r5"",""10.1016/j.tca.2017.07.001#d1#p1#r6"",""10.1016/j.tca.2017.07.001#d1#p1#r7""]",3,7,3
ep_2c200bb7cd1fb16c,mol_ed685a6001d3930a,grp_5ed1239f1de5ca2c,validation,10.1016/j.jct.2018.07.020,10.1016/j.jct.2018.07.020#d16#p1,20000,294.2,360.8,66.6,14,4,5,True,"[""10.1016/j.jct.2018.07.020#d16#p1#r11"",""10.1016/j.jct.2018.07.020#d16#p1#r12"",""10.1016/j.jct.2018.07.020#d16#p1#r14""]","[""10.1016/j.jct.2018.07.020#d16#p1#r1"",""10.1016/j.jct.2018.07.020#d16#p1#r2"",""10.1016/j.jct.2018.07.020#d16#p1#r3"",""10.1016/j.jct.2018.07.020#d16#p1#r4"",""10.1016/j.jct.2018.07.020#d16#p1#r5""]",3,5,5
ep_2c3affdf7bffbfcf,mol_bbdd71ed3a3275f5,grp_ee24c20719261d11,validation,10.1016/j.jct.2013.01.009,10.1016/j.jct.2013.01.009#d20#p1,20000,273.655,308.16,34.505,8,3,3,True,"[""10.1016/j.jct.2013.01.009#d20#p1#r16"",""10.1016/j.jct.2013.01.009#d20#p1#r19"",""10.1016/j.jct.2013.01.009#d20#p1#r22""]","[""10.1016/j.jct.2013.01.009#d20#p1#r1"",""10.1016/j.jct.2013.01.009#d20#p1#r2"",""10.1016/j.jct.2013.01.009#d20#p1#r3"",""10.1016/j.jct.2013.01.009#d20#p1#r4"",""10.1016/j.jct.2013.01.009#d20#p1#r5"",""10.1016/j.jct.2013.01.009#d20#p1#r6"",""10.1016/j.jct.2013.01.009#d20#p1#r7"",""10.1016/j.jct.2013.01.009#d20#p1#r9""]",3,8,3
ep_2c4cf55775ce1740,mol_b4b87befe28d84ce,grp_5dea7427c65d07c7,train,10.1016/j.fluid.2011.07.002,10.1016/j.fluid.2011.07.002#d1#p1,20000,278.15,313.15,35,8,3,3,True,"[""10.1016/j.fluid.2011.07.002#d1#p1#r6"",""10.1016/j.fluid.2011.07.002#d1#p1#r7"",""10.1016/j.fluid.2011.07.002#d1#p1#r8""]","[""10.1016/j.fluid.2011.07.002#d1#p1#r1"",""10.1016/j.fluid.2011.07.002#d1#p1#r2"",""10.1016/j.fluid.2011.07.002#d1#p1#r3""]",3,3,3
ep_2cb614acc144547e,mol_449e356636794f41,grp_5dea7427c65d07c7,train,10.1016/j.jct.2011.06.008,10.1016/j.jct.2011.06.008#d10#p1,20000,305.8,358,52.2,22,9,5,True,"[""10.1016/j.jct.2011.06.008#d10#p1#r16"",""10.1016/j.jct.2011.06.008#d10#p1#r20"",""10.1016/j.jct.2011.06.008#d10#p1#r24""]","[""10.1016/j.jct.2011.06.008#d10#p1#r1"",""10.1016/j.jct.2011.06.008#d10#p1#r2"",""10.1016/j.jct.2011.06.008#d10#p1#r3"",""10.1016/j.jct.2011.06.008#d10#p1#r4"",""10.1016/j.jct.2011.06.008#d10#p1#r5"",""10.1016/j.jct.2011.06.008#d10#p1#r6""]",3,6,5
ep_2cfd19b66268c130,mol_22be8c33c22b0b12,grp_5dea7427c65d07c7,train,10.1021/je500784s,10.1021/je500784s#d9#p1,20000,283.2,325.1,41.9,12,5,3,True,"[""10.1021/je500784s#d9#p1#r8"",""10.1021/je500784s#d9#p1#r10"",""10.1021/je500784s#d9#p1#r12""]","[""10.1021/je500784s#d9#p1#r1"",""10.1021/je500784s#d9#p1#r2"",""10.1021/je500784s#d9#p1#r3""]",3,3,3
ep_2e8df2dd37aa7b80,mol_f485c31dbb304f3b,grp_5dea7427c65d07c7,train,10.1021/je034144f,10.1021/je034144f#d1#p1,20000,277.922,309.636,31.714,11,3,4,True,"[""10.1021/je034144f#d1#p1#r9"",""10.1021/je034144f#d1#p1#r10"",""10.1021/je034144f#d1#p1#r11""]","[""10.1021/je034144f#d1#p1#r1"",""10.1021/je034144f#d1#p1#r2"",""10.1021/je034144f#d1#p1#r3"",""10.1021/je034144f#d1#p1#r4""]",3,4,4
ep_2ea915b8f134d4d6,mol_deac46acd3625ae3,grp_9a6e5ce866866615,validation,10.1016/j.jct.2010.05.002,10.1016/j.jct.2010.05.002#d6#p1,20000,323.2,353.2,30,14,4,5,True,"[""10.1016/j.jct.2010.05.002#d6#p1#r11"",""10.1016/j.jct.2010.05.002#d6#p1#r12"",""10.1016/j.jct.2010.05.002#d6#p1#r14""]","[""10.1016/j.jct.2010.05.002#d6#p1#r1"",""10.1016/j.jct.2010.05.002#d6#p1#r2"",""10.1016/j.jct.2010.05.002#d6#p1#r3"",""10.1016/j.jct.2010.05.002#d6#p1#r4"",""10.1016/j.jct.2010.05.002#d6#p1#r5""]",3,5,5
ep_2f88c5b7ab0258e6,mol_b7d29ccd815de3fe,grp_4099771604350c09,test,10.1021/je200336c,10.1021/je200336c#d4#p1,20000,313,362.9,49.9,18,5,7,True,"[""10.1021/je200336c#d4#p1#r14"",""10.1021/je200336c#d4#p1#r16"",""10.1021/je200336c#d4#p1#r18""]","[""10.1021/je200336c#d4#p1#r1"",""10.1021/je200336c#d4#p1#r2"",""10.1021/je200336c#d4#p1#r3"",""10.1021/je200336c#d4#p1#r4"",""10.1021/je200336c#d4#p1#r5"",""10.1021/je200336c#d4#p1#r6"",""10.1021/je200336c#d4#p1#r7""]",3,7,7
ep_2fafe90550f29152,mol_f3ea48a487080019,grp_5dea7427c65d07c7,train,10.1021/je0602418,10.1021/je0602418#d13#p1,20000,283.7,348.1,64.4,42,11,10,True,"[""10.1021/je0602418#d13#p1#r38"",""10.1021/je0602418#d13#p1#r45"",""10.1021/je0602418#d13#p1#r52""]","[""10.1021/je0602418#d13#p1#r1"",""10.1021/je0602418#d13#p1#r10"",""10.1021/je0602418#d13#p1#r11"",""10.1021/je0602418#d13#p1#r2"",""10.1021/je0602418#d13#p1#r3"",""10.1021/je0602418#d13#p1#r4"",""10.1021/je0602418#d13#p1#r5"",""10.1021/je0602418#d13#p1#r6"",""10.1021/je0602418#d13#p1#r7"",""10.1021/je0602418#d13#p1#r8"",""10.1021/je0602418#d13#p1#r9""]",3,11,10
ep_30744a60708a98d0,mol_8e04cff78b5bee09,grp_5dea7427c65d07c7,train,10.1021/je200730m,10.1021/je200730m#d4#p1,20000,313.1,462.43,149.33,12,5,2,True,"[""10.1021/je200730m#d4#p1#r8"",""10.1021/je200730m#d4#p1#r10"",""10.1021/je200730m#d4#p1#r12""]","[""10.1021/je200730m#d4#p1#r1"",""10.1021/je200730m#d4#p1#r2""]",3,2,2
ep_31042ceefd7303d8,mol_8b55943f32f4ccc1,grp_5dea7427c65d07c7,train,10.1016/j.jct.2009.09.003,10.1016/j.jct.2009.09.003#d8#p1,20000,338.2,373.3,35.1,25,9,6,True,"[""10.1016/j.jct.2009.09.003#d8#p1#r18"",""10.1016/j.jct.2009.09.003#d8#p1#r22"",""10.1016/j.jct.2009.09.003#d8#p1#r27""]","[""10.1016/j.jct.2009.09.003#d8#p1#r1"",""10.1016/j.jct.2009.09.003#d8#p1#r2"",""10.1016/j.jct.2009.09.003#d8#p1#r3"",""10.1016/j.jct.2009.09.003#d8#p1#r4"",""10.1016/j.jct.2009.09.003#d8#p1#r5"",""10.1016/j.jct.2009.09.003#d8#p1#r6""]",3,6,6
ep_318d5a18ba2fbf7b,mol_ad64c2cfe3c93488,grp_69e3066d23c835df,test,10.1021/je025634v,10.1021/je025634v#d3#p1,20000,274.1,318.2,44.1,20,5,7,True,"[""10.1021/je025634v#d3#p1#r16"",""10.1021/je025634v#d3#p1#r18"",""10.1021/je025634v#d3#p1#r20""]","[""10.1021/je025634v#d3#p1#r1"",""10.1021/je025634v#d3#p1#r2"",""10.1021/je025634v#d3#p1#r3"",""10.1021/je025634v#d3#p1#r4"",""10.1021/je025634v#d3#p1#r5"",""10.1021/je025634v#d3#p1#r6"",""10.1021/je025634v#d3#p1#r7""]",3,7,7
ep_321f85fcfe130f5c,mol_2b7f8f6f183caf51,grp_642c5927dec37b59,validation,10.1016/j.fluid.2011.07.007,10.1016/j.fluid.2011.07.007#d16#p1,20000,323.2,355.2,32,15,5,3,True,"[""10.1016/j.fluid.2011.07.007#d16#p1#r12"",""10.1016/j.fluid.2011.07.007#d16#p1#r14"",""10.1016/j.fluid.2011.07.007#d16#p1#r16""]","[""10.1016/j.fluid.2011.07.007#d16#p1#r1"",""10.1016/j.fluid.2011.07.007#d16#p1#r2"",""10.1016/j.fluid.2011.07.007#d16#p1#r3""]",3,3,3
ep_336c3e443041f293,mol_0aa38cb71170ee29,grp_5dea7427c65d07c7,train,10.1016/j.jct.2013.03.020,10.1016/j.jct.2013.03.020#d3#p1,20000,273.15,353.15,80,16,4,6,True,"[""10.1016/j.jct.2013.03.020#d3#p1#r22"",""10.1016/j.jct.2013.03.020#d3#p1#r23"",""10.1016/j.jct.2013.03.020#d3#p1#r24""]","[""10.1016/j.jct.2013.03.020#d3#p1#r1"",""10.1016/j.jct.2013.03.020#d3#p1#r16"",""10.1016/j.jct.2013.03.020#d3#p1#r17"",""10.1016/j.jct.2013.03.020#d3#p1#r18"",""10.1016/j.jct.2013.03.020#d3#p1#r2"",""10.1016/j.jct.2013.03.020#d3#p1#r3"",""10.1016/j.jct.2013.03.020#d3#p1#r4"",""10.1016/j.jct.2013.03.020#d3#p1#r5"",""10.1016/j.jct.2013.03.020#d3#p1#r6""]",3,9,6
ep_340f53c74924530c,mol_64e5f8dfe16d9044,grp_5dea7427c65d07c7,train,10.1021/je049627d,10.1021/je049627d#d4#p1,20000,413.15,473.15,60,9,4,2,True,"[""10.1021/je049627d#d4#p1#r6"",""10.1021/je049627d#d4#p1#r7"",""10.1021/je049627d#d4#p1#r9""]","[""10.1021/je049627d#d4#p1#r1"",""10.1021/je049627d#d4#p1#r2""]",3,2,2
ep_345bebda1bbb1169,mol_d064518a6abf0367,grp_2ccb72ac35a31331,train,10.1016/j.jct.2015.02.001,10.1016/j.jct.2015.02.001#d3#p1,20000,275.2,308,32.8,19,6,6,True,"[""10.1016/j.jct.2015.02.001#d3#p1#r15"",""10.1016/j.jct.2015.02.001#d3#p1#r18"",""10.1016/j.jct.2015.02.001#d3#p1#r21""]","[""10.1016/j.jct.2015.02.001#d3#p1#r1"",""10.1016/j.jct.2015.02.001#d3#p1#r2"",""10.1016/j.jct.2015.02.001#d3#p1#r3"",""10.1016/j.jct.2015.02.001#d3#p1#r4"",""10.1016/j.jct.2015.02.001#d3#p1#r5"",""10.1016/j.jct.2015.02.001#d3#p1#r6""]",3,6,6
ep_3464cab4421f5cb2,mol_b069af3da31010e5,grp_b069af3da31010e5,validation,10.1016/j.tca.2013.08.009,10.1016/j.tca.2013.08.009#d3#p1,20000,371.65,410.35,38.7,17,4,5,True,"[""10.1016/j.tca.2013.08.009#d3#p1#r17"",""10.1016/j.tca.2013.08.009#d3#p1#r18"",""10.1016/j.tca.2013.08.009#d3#p1#r20""]","[""10.1016/j.tca.2013.08.009#d3#p1#r1"",""10.1016/j.tca.2013.08.009#d3#p1#r2"",""10.1016/j.tca.2013.08.009#d3#p1#r3"",""10.1016/j.tca.2013.08.009#d3#p1#r4"",""10.1016/j.tca.2013.08.009#d3#p1#r5"",""10.1016/j.tca.2013.08.009#d3#p1#r6""]",3,6,5
ep_346afd4ee5e1415c,mol_3d99a53ccff0a14c,grp_5dea7427c65d07c7,train,10.1021/je050056e,10.1021/je050056e#d7#p1,20000,288.22,332.78,44.56,10,3,3,True,"[""10.1021/je050056e#d7#p1#r8"",""10.1021/je050056e#d7#p1#r9"",""10.1021/je050056e#d7#p1#r10""]","[""10.1021/je050056e#d7#p1#r1"",""10.1021/je050056e#d7#p1#r2"",""10.1021/je050056e#d7#p1#r3""]",3,3,3
ep_34f21df105e4988d,mol_57ae3fd1e1d200c6,grp_5dea7427c65d07c7,train,10.1021/je200766t,10.1021/je200766t#d1#p1,20000,351.8,462.86,111.06,11,3,4,True,"[""10.1021/je200766t#d1#p1#r9"",""10.1021/je200766t#d1#p1#r10"",""10.1021/je200766t#d1#p1#r11""]","[""10.1021/je200766t#d1#p1#r1"",""10.1021/je200766t#d1#p1#r2"",""10.1021/je200766t#d1#p1#r3"",""10.1021/je200766t#d1#p1#r4""]",3,4,4
ep_35f56deadd927d13,mol_22a914e429e8f57c,grp_27b44b5a9de26f9f,test,10.1016/j.tca.2015.02.004,10.1016/j.tca.2015.02.004#d2#p1,20000,296.7,382.9,86.2,13,4,4,True,"[""10.1016/j.tca.2015.02.004#d2#p1#r11"",""10.1016/j.tca.2015.02.004#d2#p1#r4"",""10.1016/j.tca.2015.02.004#d2#p1#r12""]","[""10.1016/j.tca.2015.02.004#d2#p1#r1"",""10.1016/j.tca.2015.02.004#d2#p1#r17"",""10.1016/j.tca.2015.02.004#d2#p1#r2"",""10.1016/j.tca.2015.02.004#d2#p1#r6""]",3,4,4
ep_361502e7f2e25aae,mol_30519df461efd318,grp_5dea7427c65d07c7,train,10.1016/j.jct.2004.08.004,10.1016/j.jct.2004.08.004#d8#p1,20000,327.2,369.2,42,15,5,5,True,"[""10.1016/j.jct.2004.08.004#d8#p1#r11"",""10.1016/j.jct.2004.08.004#d8#p1#r13"",""10.1016/j.jct.2004.08.004#d8#p1#r15""]","[""10.1016/j.jct.2004.08.004#d8#p1#r1"",""10.1016/j.jct.2004.08.004#d8#p1#r2"",""10.1016/j.jct.2004.08.004#d8#p1#r3"",""10.1016/j.jct.2004.08.004#d8#p1#r4"",""10.1016/j.jct.2004.08.004#d8#p1#r5""]",3,5,5
ep_363c6720ca977f04,mol_b5478d971ba26576,grp_b5478d971ba26576,test,10.1016/j.jct.2018.02.025,10.1016/j.jct.2018.02.025#d1#p1,20000,345.7,376.2,30.5,11,4,5,True,"[""10.1016/j.jct.2018.02.025#d1#p1#r8"",""10.1016/j.jct.2018.02.025#d1#p1#r10"",""10.1016/j.jct.2018.02.025#d1#p1#r12""]","[""10.1016/j.jct.2018.02.025#d1#p1#r1"",""10.1016/j.jct.2018.02.025#d1#p1#r2"",""10.1016/j.jct.2018.02.025#d1#p1#r3"",""10.1016/j.jct.2018.02.025#d1#p1#r4"",""10.1016/j.jct.2018.02.025#d1#p1#r5""]",3,5,5
ep_37d27af9cf3efc63,mol_a9ed7bb16f2162a1,grp_a9ed7bb16f2162a1,validation,10.1021/je4009014,10.1021/je4009014#d2#p1,20000,365.15,397.15,32,13,3,4,True,"[""10.1021/je4009014#d2#p1#r11"",""10.1021/je4009014#d2#p1#r12"",""10.1021/je4009014#d2#p1#r13""]","[""10.1021/je4009014#d2#p1#r1"",""10.1021/je4009014#d2#p1#r2"",""10.1021/je4009014#d2#p1#r3"",""10.1021/je4009014#d2#p1#r4""]",3,4,4
ep_38250bec6c4b40bd,mol_924b90bf9563cf86,grp_5dea7427c65d07c7,train,10.1016/j.fluid.2005.09.011,10.1016/j.fluid.2005.09.011#d1#p1,20000,289.31,333.14,43.83,10,3,3,True,"[""10.1016/j.fluid.2005.09.011#d1#p1#r8"",""10.1016/j.fluid.2005.09.011#d1#p1#r9"",""10.1016/j.fluid.2005.09.011#d1#p1#r10""]","[""10.1016/j.fluid.2005.09.011#d1#p1#r1"",""10.1016/j.fluid.2005.09.011#d1#p1#r2"",""10.1016/j.fluid.2005.09.011#d1#p1#r3""]",3,3,3
ep_38e50a4c7b9ba568,mol_496a55139eacec75,grp_5dea7427c65d07c7,train,10.1021/je700398k,10.1021/je700398k#d1#p1,20000,380.73,416.81,36.08,13,5,5,True,"[""10.1021/je700398k#d1#p1#r9"",""10.1021/je700398k#d1#p1#r11"",""10.1021/je700398k#d1#p1#r13""]","[""10.1021/je700398k#d1#p1#r1"",""10.1021/je700398k#d1#p1#r2"",""10.1021/je700398k#d1#p1#r3"",""10.1021/je700398k#d1#p1#r4"",""10.1021/je700398k#d1#p1#r5""]",3,5,5
ep_398fd6f1bd5574fe,mol_df36260e25a0f59a,grp_5dea7427c65d07c7,train,10.1016/j.jct.2011.08.009,10.1016/j.jct.2011.08.009#d3#p1,20000,273.15,354.06,80.91,18,6,6,True,"[""10.1016/j.jct.2011.08.009#d3#p1#r30"",""10.1016/j.jct.2011.08.009#d3#p1#r31"",""10.1016/j.jct.2011.08.009#d3#p1#r19""]","[""10.1016/j.jct.2011.08.009#d3#p1#r1"",""10.1016/j.jct.2011.08.009#d3#p1#r2"",""10.1016/j.jct.2011.08.009#d3#p1#r24"",""10.1016/j.jct.2011.08.009#d3#p1#r25"",""10.1016/j.jct.2011.08.009#d3#p1#r26"",""10.1016/j.jct.2011.08.009#d3#p1#r3"",""10.1016/j.jct.2011.08.009#d3#p1#r4"",""10.1016/j.jct.2011.08.009#d3#p1#r5"",""10.1016/j.jct.2011.08.009#d3#p1#r6""]",3,9,6
ep_399d9e2f808bc12a,mol_582f643aeadf8be3,grp_5085cd785cc4c7f4,test,10.1016/j.jct.2013.05.047,10.1016/j.jct.2013.05.047#d16#p1,20000,275.44,331.02,55.58,29,9,9,True,"[""10.1016/j.jct.2013.05.047#d16#p1#r22"",""10.1016/j.jct.2013.05.047#d16#p1#r26"",""10.1016/j.jct.2013.05.047#d16#p1#r30""]","[""10.1016/j.jct.2013.05.047#d16#p1#r10"",""10.1016/j.jct.2013.05.047#d16#p1#r2"",""10.1016/j.jct.2013.05.047#d16#p1#r3"",""10.1016/j.jct.2013.05.047#d16#p1#r4"",""10.1016/j.jct.2013.05.047#d16#p1#r5"",""10.1016/j.jct.2013.05.047#d16#p1#r6"",""10.1016/j.jct.2013.05.047#d16#p1#r7"",""10.1016/j.jct.2013.05.047#d16#p1#r8"",""10.1016/j.jct.2013.05.047#d16#p1#r9""]",3,9,9
ep_39b894e7e284778b,mol_85133c3fe71552de,grp_5dea7427c65d07c7,train,10.1021/je500784s,10.1021/je500784s#d10#p1,20000,275.7,313.1,37.4,11,3,5,True,"[""10.1021/je500784s#d10#p1#r14"",""10.1021/je500784s#d10#p1#r12"",""10.1021/je500784s#d10#p1#r16""]","[""10.1021/je500784s#d10#p1#r1"",""10.1021/je500784s#d10#p1#r2"",""10.1021/je500784s#d10#p1#r3"",""10.1021/je500784s#d10#p1#r4"",""10.1021/je500784s#d10#p1#r5""]",3,5,5
ep_39e16c6e78941d6e,mol_24c542b281c2477a,grp_5dea7427c65d07c7,train,10.1021/je700398k,10.1021/je700398k#d2#p1,20000,402.95,443.09,40.14,11,3,3,True,"[""10.1021/je700398k#d2#p1#r9"",""10.1021/je700398k#d2#p1#r10"",""10.1021/je700398k#d2#p1#r11""]","[""10.1021/je700398k#d2#p1#r1"",""10.1021/je700398k#d2#p1#r2"",""10.1021/je700398k#d2#p1#r3""]",3,3,3
ep_3a340f274548cc97,mol_32d4a096496c381d,grp_5dea7427c65d07c7,train,10.1021/je049761y,10.1021/je049761y#d5#p1,20000,278.2,318.3,40.1,29,5,12,True,"[""10.1021/je049761y#d5#p1#r27"",""10.1021/je049761y#d5#p1#r29"",""10.1021/je049761y#d5#p1#r31""]","[""10.1021/je049761y#d5#p1#r1"",""10.1021/je049761y#d5#p1#r10"",""10.1021/je049761y#d5#p1#r11"",""10.1021/je049761y#d5#p1#r12"",""10.1021/je049761y#d5#p1#r2"",""10.1021/je049761y#d5#p1#r3"",""10.1021/je049761y#d5#p1#r4"",""10.1021/je049761y#d5#p1#r5"",""10.1021/je049761y#d5#p1#r6"",""10.1021/je049761y#d5#p1#r7"",""10.1021/je049761y#d5#p1#r8"",""10.1021/je049761y#d5#p1#r9""]",3,12,12
ep_3ab7aaa881f99c7e,mol_7982e06cefd90b4f,grp_d2426a225a128b74,train,10.1021/je034263v,10.1021/je034263v#d5#p1,20000,377.15,457.65,80.5,20,7,5,True,"[""10.1021/je034263v#d5#p1#r14"",""10.1021/je034263v#d5#p1#r17"",""10.1021/je034263v#d5#p1#r20""]","[""10.1021/je034263v#d5#p1#r1"",""10.1021/je034263v#d5#p1#r2"",""10.1021/je034263v#d5#p1#r3"",""10.1021/je034263v#d5#p1#r4"",""10.1021/je034263v#d5#p1#r5""]",3,5,5
ep_3b27ff783bce6f0d,mol_d33c3680c5c0ca0a,grp_5dea7427c65d07c7,train,10.1021/je700371w,10.1021/je700371w#d2#p1,20000,328.7,435.66,106.96,22,8,8,True,"[""10.1021/je700371w#d2#p1#r15"",""10.1021/je700371w#d2#p1#r18"",""10.1021/je700371w#d2#p1#r22""]","[""10.1021/je700371w#d2#p1#r1"",""10.1021/je700371w#d2#p1#r2"",""10.1021/je700371w#d2#p1#r3"",""10.1021/je700371w#d2#p1#r4"",""10.1021/je700371w#d2#p1#r5"",""10.1021/je700371w#d2#p1#r6"",""10.1021/je700371w#d2#p1#r7"",""10.1021/je700371w#d2#p1#r8""]",3,8,8
ep_3b6534e54edb0231,mol_5d62b18b4ab74a9a,grp_756fd67e09bf04a3,validation,10.1016/j.jct.2015.07.025,10.1016/j.jct.2015.07.025#d1#p1,20000,287.4,324.2,36.8,17,6,6,True,"[""10.1016/j.jct.2015.07.025#d1#p1#r13"",""10.1016/j.jct.2015.07.025#d1#p1#r15"",""10.1016/j.jct.2015.07.025#d1#p1#r18""]","[""10.1016/j.jct.2015.07.025#d1#p1#r1"",""10.1016/j.jct.2015.07.025#d1#p1#r2"",""10.1016/j.jct.2015.07.025#d1#p1#r3"",""10.1016/j.jct.2015.07.025#d1#p1#r4"",""10.1016/j.jct.2015.07.025#d1#p1#r5"",""10.1016/j.jct.2015.07.025#d1#p1#r6""]",3,6,6
ep_3b78f23d991570a9,mol_65b637e94cd66c7e,grp_69e3066d23c835df,test,10.1021/je025634v,10.1021/je025634v#d10#p1,20000,273.17,310.41,37.24,9,3,2,True,"[""10.1021/je025634v#d10#p1#r7"",""10.1021/je025634v#d10#p1#r9"",""10.1021/je025634v#d10#p1#r11""]","[""10.1021/je025634v#d10#p1#r1"",""10.1021/je025634v#d10#p1#r2""]",3,2,2
ep_3bade86a5dcc0075,mol_06fbc6cb23a1cc98,grp_5dea7427c65d07c7,train,10.1021/je0497799,10.1021/je0497799#d3#p1,20000,282.2,323.6,41.4,18,5,5,True,"[""10.1021/je0497799#d3#p1#r14"",""10.1021/je0497799#d3#p1#r16"",""10.1021/je0497799#d3#p1#r18""]","[""10.1021/je0497799#d3#p1#r1"",""10.1021/je0497799#d3#p1#r2"",""10.1021/je0497799#d3#p1#r3"",""10.1021/je0497799#d3#p1#r4"",""10.1021/je0497799#d3#p1#r5""]",3,5,5
ep_3d156444fecba146,mol_7d3c668ba3d76cd7,grp_5dea7427c65d07c7,train,10.1016/j.jct.2006.10.007,10.1016/j.jct.2006.10.007#d4#p1,20000,275.3,311.2,35.9,13,4,4,True,"[""10.1016/j.jct.2006.10.007#d4#p1#r10"",""10.1016/j.jct.2006.10.007#d4#p1#r11"",""10.1016/j.jct.2006.10.007#d4#p1#r13""]","[""10.1016/j.jct.2006.10.007#d4#p1#r1"",""10.1016/j.jct.2006.10.007#d4#p1#r2"",""10.1016/j.jct.2006.10.007#d4#p1#r3"",""10.1016/j.jct.2006.10.007#d4#p1#r4""]",3,4,4
ep_3d26b60ad7703cbd,mol_4d8f9d9787a27468,grp_1ee21e819b209e57,test,10.1021/je2007605,10.1021/je2007605#d8#p1,20000,352.78,390.44,37.66,20,6,6,True,"[""10.1021/je2007605#d8#p1#r15"",""10.1021/je2007605#d8#p1#r17"",""10.1021/je2007605#d8#p1#r20""]","[""10.1021/je2007605#d8#p1#r1"",""10.1021/je2007605#d8#p1#r2"",""10.1021/je2007605#d8#p1#r3"",""10.1021/je2007605#d8#p1#r4"",""10.1021/je2007605#d8#p1#r5"",""10.1021/je2007605#d8#p1#r6""]",3,6,6
ep_3dd43d5d2ecb4031,mol_f23ee274fe9afdfa,grp_5dea7427c65d07c7,train,10.1016/j.jct.2004.08.004,10.1016/j.jct.2004.08.004#d6#p1,20000,306.1,367.1,61,21,7,6,True,"[""10.1016/j.jct.2004.08.004#d6#p1#r17"",""10.1016/j.jct.2004.08.004#d6#p1#r20"",""10.1016/j.jct.2004.08.004#d6#p1#r23""]","[""10.1016/j.jct.2004.08.004#d6#p1#r3"",""10.1016/j.jct.2004.08.004#d6#p1#r4"",""10.1016/j.jct.2004.08.004#d6#p1#r5"",""10.1016/j.jct.2004.08.004#d6#p1#r6"",""10.1016/j.jct.2004.08.004#d6#p1#r7"",""10.1016/j.jct.2004.08.004#d6#p1#r8""]",3,6,6
ep_3ec13cd650034194,mol_3f0db888fe369723,grp_5dea7427c65d07c7,train,10.1021/je100231g,10.1021/je100231g#d12#p1,20000,303.2,369.2,66,20,5,4,True,"[""10.1021/je100231g#d12#p1#r16"",""10.1021/je100231g#d12#p1#r18"",""10.1021/je100231g#d12#p1#r20""]","[""10.1021/je100231g#d12#p1#r1"",""10.1021/je100231g#d12#p1#r2"",""10.1021/je100231g#d12#p1#r3"",""10.1021/je100231g#d12#p1#r4""]",3,4,4
ep_3fc393bfe97dd469,mol_5e1a76b3fc001a63,grp_5dea7427c65d07c7,train,10.1016/j.jct.2016.07.024,10.1016/j.jct.2016.07.024#d4#p1,20000,322.68,442.5,119.82,13,4,4,True,"[""10.1016/j.jct.2016.07.024#d4#p1#r10"",""10.1016/j.jct.2016.07.024#d4#p1#r11"",""10.1016/j.jct.2016.07.024#d4#p1#r13""]","[""10.1016/j.jct.2016.07.024#d4#p1#r1"",""10.1016/j.jct.2016.07.024#d4#p1#r2"",""10.1016/j.jct.2016.07.024#d4#p1#r3"",""10.1016/j.jct.2016.07.024#d4#p1#r4""]",3,4,4
ep_40ff7dfab2ca78b6,mol_4efd3132e13aacfa,grp_5ed1239f1de5ca2c,validation,10.1016/j.fluid.2016.11.010,10.1016/j.fluid.2016.11.010#d8#p1,20000,313,373.1,60.1,16,4,4,True,"[""10.1016/j.fluid.2016.11.010#d8#p1#r13"",""10.1016/j.fluid.2016.11.010#d8#p1#r14"",""10.1016/j.fluid.2016.11.010#d8#p1#r16""]","[""10.1016/j.fluid.2016.11.010#d8#p1#r1"",""10.1016/j.fluid.2016.11.010#d8#p1#r2"",""10.1016/j.fluid.2016.11.010#d8#p1#r3"",""10.1016/j.fluid.2016.11.010#d8#p1#r4""]",3,4,4
ep_4139eb016d9750e0,mol_eb7e3a4f6555939a,grp_eb7e3a4f6555939a,train,10.1016/j.jct.2006.10.012,10.1016/j.jct.2006.10.012#d11#p1,20000,336.987,414.963,77.976,11,4,4,True,"[""10.1016/j.jct.2006.10.012#d11#p1#r8"",""10.1016/j.jct.2006.10.012#d11#p1#r9"",""10.1016/j.jct.2006.10.012#d11#p1#r11""]","[""10.1016/j.jct.2006.10.012#d11#p1#r1"",""10.1016/j.jct.2006.10.012#d11#p1#r2"",""10.1016/j.jct.2006.10.012#d11#p1#r3"",""10.1016/j.jct.2006.10.012#d11#p1#r4""]",3,4,4
ep_414e570ab57c57eb,mol_5c8f28893ba20c7a,grp_5ed1239f1de5ca2c,validation,10.1016/j.jct.2018.07.020,10.1016/j.jct.2018.07.020#d3#p1,20000,275.2,311.2,36,17,5,5,True,"[""10.1016/j.jct.2018.07.020#d3#p1#r14"",""10.1016/j.jct.2018.07.020#d3#p1#r16"",""10.1016/j.jct.2018.07.020#d3#p1#r18""]","[""10.1016/j.jct.2018.07.020#d3#p1#r1"",""10.1016/j.jct.2018.07.020#d3#p1#r2"",""10.1016/j.jct.2018.07.020#d3#p1#r3"",""10.1016/j.jct.2018.07.020#d3#p1#r4"",""10.1016/j.jct.2018.07.020#d3#p1#r5"",""10.1016/j.jct.2018.07.020#d3#p1#r6""]",3,6,5
ep_41aaebfaf6ec197b,mol_1871fd7f7f59d3ae,grp_5dea7427c65d07c7,train,10.1016/j.fluid.2012.08.003,10.1016/j.fluid.2012.08.003#d5#p1,20000,274.25,313.4,39.15,13,5,5,True,"[""10.1016/j.fluid.2012.08.003#d5#p1#r11"",""10.1016/j.fluid.2012.08.003#d5#p1#r13"",""10.1016/j.fluid.2012.08.003#d5#p1#r15""]","[""10.1016/j.fluid.2012.08.003#d5#p1#r1"",""10.1016/j.fluid.2012.08.003#d5#p1#r2"",""10.1016/j.fluid.2012.08.003#d5#p1#r3"",""10.1016/j.fluid.2012.08.003#d5#p1#r4"",""10.1016/j.fluid.2012.08.003#d5#p1#r5"",""10.1016/j.fluid.2012.08.003#d5#p1#r6"",""10.1016/j.fluid.2012.08.003#d5#p1#r7""]",3,7,5
ep_421637f8aeedb654,mol_d3125f71fb8f9281,grp_5dea7427c65d07c7,train,10.1021/je0497799,10.1021/je0497799#d1#p1,20000,329.2,363.2,34,19,7,4,True,"[""10.1021/je0497799#d1#p1#r16"",""10.1021/je0497799#d1#p1#r20"",""10.1021/je0497799#d1#p1#r24""]","[""10.1021/je0497799#d1#p1#r1"",""10.1021/je0497799#d1#p1#r2"",""10.1021/je0497799#d1#p1#r3"",""10.1021/je0497799#d1#p1#r4""]",3,4,4
ep_429b3828488d67f7,mol_6cab4fbead32f0ef,grp_5dea7427c65d07c7,train,10.1021/je200730m,10.1021/je200730m#d2#p1,20000,273.26,422.12,148.86,14,5,5,True,"[""10.1021/je200730m#d2#p1#r10"",""10.1021/je200730m#d2#p1#r12"",""10.1021/je200730m#d2#p1#r14""]","[""10.1021/je200730m#d2#p1#r1"",""10.1021/je200730m#d2#p1#r2"",""10.1021/je200730m#d2#p1#r3"",""10.1021/je200730m#d2#p1#r4"",""10.1021/je200730m#d2#p1#r5""]",3,5,5
ep_4346d15cf867a1da,mol_2fc4ca5245c4c992,grp_756fd67e09bf04a3,validation,10.1016/j.jct.2015.07.025,10.1016/j.jct.2015.07.025#d2#p1,20000,279.8,313.7,33.9,17,6,5,True,"[""10.1016/j.jct.2015.07.025#d2#p1#r12"",""10.1016/j.jct.2015.07.025#d2#p1#r14"",""10.1016/j.jct.2015.07.025#d2#p1#r17""]","[""10.1016/j.jct.2015.07.025#d2#p1#r1"",""10.1016/j.jct.2015.07.025#d2#p1#r2"",""10.1016/j.jct.2015.07.025#d2#p1#r3"",""10.1016/j.jct.2015.07.025#d2#p1#r4"",""10.1016/j.jct.2015.07.025#d2#p1#r5""]",3,5,5
ep_4497de1dfccc0d93,mol_489f01adfafa1d79,grp_5dea7427c65d07c7,train,10.1016/j.tca.2015.08.013,10.1016/j.tca.2015.08.013#d21#p1,20000,283.16,319.27,36.11,9,3,4,True,"[""10.1016/j.tca.2015.08.013#d21#p1#r7"",""10.1016/j.tca.2015.08.013#d21#p1#r8"",""10.1016/j.tca.2015.08.013#d21#p1#r9""]","[""10.1016/j.tca.2015.08.013#d21#p1#r1"",""10.1016/j.tca.2015.08.013#d21#p1#r2"",""10.1016/j.tca.2015.08.013#d21#p1#r3"",""10.1016/j.tca.2015.08.013#d21#p1#r4""]",3,4,4
ep_45645e34be09b99a,mol_b44b37c017007981,grp_5dea7427c65d07c7,train,10.1021/je800888n,10.1021/je800888n#d2#p1,20000,253.83,333.175,79.345,13,3,4,True,"[""10.1021/je800888n#d2#p1#r15"",""10.1021/je800888n#d2#p1#r17"",""10.1021/je800888n#d2#p1#r19""]","[""10.1021/je800888n#d2#p1#r1"",""10.1021/je800888n#d2#p1#r2"",""10.1021/je800888n#d2#p1#r3"",""10.1021/je800888n#d2#p1#r4""]",3,4,4
ep_4577cac80d5186b2,mol_8477b7b46a4f3d7e,grp_5dea7427c65d07c7,train,10.1021/je0255980,10.1021/je0255980#d4#p1,20000,274.2,307.8,33.6,11,3,6,True,"[""10.1021/je0255980#d4#p1#r9"",""10.1021/je0255980#d4#p1#r10"",""10.1021/je0255980#d4#p1#r11""]","[""10.1021/je0255980#d4#p1#r1"",""10.1021/je0255980#d4#p1#r2"",""10.1021/je0255980#d4#p1#r3"",""10.1021/je0255980#d4#p1#r4"",""10.1021/je0255980#d4#p1#r5"",""10.1021/je0255980#d4#p1#r6""]",3,6,6
ep_45e0ac9debffd574,mol_c54873ab8150496e,grp_5dea7427c65d07c7,train,10.1021/je100398m,10.1021/je100398m#d2#p1,20000,253.68,303.29,49.61,11,4,2,True,"[""10.1021/je100398m#d2#p1#r18"",""10.1021/je100398m#d2#p1#r20"",""10.1021/je100398m#d2#p1#r26""]","[""10.1021/je100398m#d2#p1#r1"",""10.1021/je100398m#d2#p1#r2"",""10.1021/je100398m#d2#p1#r3"",""10.1021/je100398m#d2#p1#r4"",""10.1021/je100398m#d2#p1#r5""]",3,5,2
ep_4687b5e3f052bf8a,mol_8058f2b63219b26a,grp_d2426a225a128b74,train,10.1021/je034263v,10.1021/je034263v#d2#p1,20000,349.26,426.06,76.8,26,9,8,True,"[""10.1021/je034263v#d2#p1#r18"",""10.1021/je034263v#d2#p1#r22"",""10.1021/je034263v#d2#p1#r26""]","[""10.1021/je034263v#d2#p1#r1"",""10.1021/je034263v#d2#p1#r2"",""10.1021/je034263v#d2#p1#r3"",""10.1021/je034263v#d2#p1#r4"",""10.1021/je034263v#d2#p1#r5"",""10.1021/je034263v#d2#p1#r6"",""10.1021/je034263v#d2#p1#r7"",""10.1021/je034263v#d2#p1#r8""]",3,8,8
ep_4794eb58bfa0f084,mol_1c88c0062a21140c,grp_5dea7427c65d07c7,train,10.1021/je100398m,10.1021/je100398m#d4#p1,20000,258.17,308.16,49.99,11,3,3,True,"[""10.1021/je100398m#d4#p1#r20"",""10.1021/je100398m#d4#p1#r22"",""10.1021/je100398m#d4#p1#r24""]","[""10.1021/je100398m#d4#p1#r1"",""10.1021/je100398m#d4#p1#r2"",""10.1021/je100398m#d4#p1#r3"",""10.1021/je100398m#d4#p1#r4"",""10.1021/je100398m#d4#p1#r5"",""10.1021/je100398m#d4#p1#r7"",""10.1021/je100398m#d4#p1#r9""]",3,7,3
ep_48ac9ce01df49589,mol_4ffa7abfb5a2e402,grp_5dea7427c65d07c7,train,10.1016/j.fluid.2008.02.001,10.1016/j.fluid.2008.02.001#d4#p1,20000,278.1,313.2,35.1,14,5,4,True,"[""10.1016/j.fluid.2008.02.001#d4#p1#r10"",""10.1016/j.fluid.2008.02.001#d4#p1#r12"",""10.1016/j.fluid.2008.02.001#d4#p1#r14""]","[""10.1016/j.fluid.2008.02.001#d4#p1#r1"",""10.1016/j.fluid.2008.02.001#d4#p1#r2"",""10.1016/j.fluid.2008.02.001#d4#p1#r3"",""10.1016/j.fluid.2008.02.001#d4#p1#r4""]",3,4,4
ep_49a3755aa4acdde5,mol_22159cf19c24ba5e,grp_5dea7427c65d07c7,train,10.1016/j.jct.2004.08.004,10.1016/j.jct.2004.08.004#d3#p1,20000,285.2,323.2,38,23,5,8,True,"[""10.1016/j.jct.2004.08.004#d3#p1#r19"",""10.1016/j.jct.2004.08.004#d3#p1#r22"",""10.1016/j.jct.2004.08.004#d3#p1#r24""]","[""10.1016/j.jct.2004.08.004#d3#p1#r1"",""10.1016/j.jct.2004.08.004#d3#p1#r2"",""10.1016/j.jct.2004.08.004#d3#p1#r3"",""10.1016/j.jct.2004.08.004#d3#p1#r4"",""10.1016/j.jct.2004.08.004#d3#p1#r5"",""10.1016/j.jct.2004.08.004#d3#p1#r6"",""10.1016/j.jct.2004.08.004#d3#p1#r7"",""10.1016/j.jct.2004.08.004#d3#p1#r8""]",3,8,8
ep_49ba43f8ca17ee27,mol_6af5d7e3ca0bc16f,grp_cd9f232caa190183,validation,10.1016/j.jct.2012.04.006,10.1016/j.jct.2012.04.006#d5#p1,20000,360.71,428.01,67.3,35,11,11,True,"[""10.1016/j.jct.2012.04.006#d5#p1#r25"",""10.1016/j.jct.2012.04.006#d5#p1#r30"",""10.1016/j.jct.2012.04.006#d5#p1#r35""]","[""10.1016/j.jct.2012.04.006#d5#p1#r1"",""10.1016/j.jct.2012.04.006#d5#p1#r10"",""10.1016/j.jct.2012.04.006#d5#p1#r11"",""10.1016/j.jct.2012.04.006#d5#p1#r2"",""10.1016/j.jct.2012.04.006#d5#p1#r3"",""10.1016/j.jct.2012.04.006#d5#p1#r4"",""10.1016/j.jct.2012.04.006#d5#p1#r5"",""10.1016/j.jct.2012.04.006#d5#p1#r6"",""10.1016/j.jct.2012.04.006#d5#p1#r7"",""10.1016/j.jct.2012.04.006#d5#p1#r8"",""10.1016/j.jct.2012.04.006#d5#p1#r9""]",3,11,11
ep_4aa6dc019df8d813,mol_45c3e8d1518a20c5,grp_5dea7427c65d07c7,train,10.1016/j.fluid.2012.08.009,10.1016/j.fluid.2012.08.009#d4#p1,20000,393.45,450.67,57.22,10,3,3,True,"[""10.1016/j.fluid.2012.08.009#d4#p1#r8"",""10.1016/j.fluid.2012.08.009#d4#p1#r9"",""10.1016/j.fluid.2012.08.009#d4#p1#r10""]","[""10.1016/j.fluid.2012.08.009#d4#p1#r1"",""10.1016/j.fluid.2012.08.009#d4#p1#r2"",""10.1016/j.fluid.2012.08.009#d4#p1#r3""]",3,3,3
ep_4aa9ab79f201753d,mol_caae52dfde9f4474,grp_5dea7427c65d07c7,train,10.1016/j.jct.2006.10.007,10.1016/j.jct.2006.10.007#d18#p1,20000,288.6,334.2,45.6,14,5,3,True,"[""10.1016/j.jct.2006.10.007#d18#p1#r10"",""10.1016/j.jct.2006.10.007#d18#p1#r12"",""10.1016/j.jct.2006.10.007#d18#p1#r14""]","[""10.1016/j.jct.2006.10.007#d18#p1#r1"",""10.1016/j.jct.2006.10.007#d18#p1#r2"",""10.1016/j.jct.2006.10.007#d18#p1#r3""]",3,3,3
ep_4ac4662930ad9345,mol_124c5d93a23a9e5f,grp_5dea7427c65d07c7,train,10.1021/je100231g,10.1021/je100231g#d15#p1,20000,333.3,373.2,39.9,9,3,3,True,"[""10.1021/je100231g#d15#p1#r11"",""10.1021/je100231g#d15#p1#r12"",""10.1021/je100231g#d15#p1#r13""]","[""10.1021/je100231g#d15#p1#r5"",""10.1021/je100231g#d15#p1#r6"",""10.1021/je100231g#d15#p1#r7""]",3,3,3
ep_4bed11d4c5146ef9,mol_1d734fe5c679e7dc,grp_5085cd785cc4c7f4,test,10.1021/je060429r,10.1021/je060429r#d18#p1,20000,342.8,375.4,32.6,29,7,10,True,"[""10.1021/je060429r#d18#p1#r24"",""10.1021/je060429r#d18#p1#r27"",""10.1021/je060429r#d18#p1#r31""]","[""10.1021/je060429r#d18#p1#r1"",""10.1021/je060429r#d18#p1#r10"",""10.1021/je060429r#d18#p1#r2"",""10.1021/je060429r#d18#p1#r3"",""10.1021/je060429r#d18#p1#r4"",""10.1021/je060429r#d18#p1#r5"",""10.1021/je060429r#d18#p1#r6"",""10.1021/je060429r#d18#p1#r7"",""10.1021/je060429r#d18#p1#r8"",""10.1021/je060429r#d18#p1#r9""]",3,10,10
ep_4c08fcc51875f25b,mol_2465ec339bda2cbb,grp_5dea7427c65d07c7,train,10.1021/je300736k,10.1021/je300736k#d1#p1,20000,278.15,323.15,45,10,3,3,True,"[""10.1021/je300736k#d1#p1#r8"",""10.1021/je300736k#d1#p1#r9"",""10.1021/je300736k#d1#p1#r10""]","[""10.1021/je300736k#d1#p1#r1"",""10.1021/je300736k#d1#p1#r2"",""10.1021/je300736k#d1#p1#r3""]",3,3,3
ep_4cb5c2cb6b6b196f,mol_20837b2036542f40,grp_69e3066d23c835df,test,10.1021/je025634v,10.1021/je025634v#d7#p1,20000,253.48,293.56,40.08,7,3,2,True,"[""10.1021/je025634v#d7#p1#r5"",""10.1021/je025634v#d7#p1#r6"",""10.1021/je025634v#d7#p1#r8""]","[""10.1021/je025634v#d7#p1#r1"",""10.1021/je025634v#d7#p1#r2""]",3,2,2
ep_4ddc24667e1631c0,mol_a64b8a3e542d0885,grp_5dea7427c65d07c7,train,10.1016/j.jct.2015.08.023,10.1016/j.jct.2015.08.023#d1#p1,20000,273,363.15,90.15,17,6,6,True,"[""10.1016/j.jct.2015.08.023#d1#p1#r39"",""10.1016/j.jct.2015.08.023#d1#p1#r13"",""10.1016/j.jct.2015.08.023#d1#p1#r41""]","[""10.1016/j.jct.2015.08.023#d1#p1#r1"",""10.1016/j.jct.2015.08.023#d1#p1#r2"",""10.1016/j.jct.2015.08.023#d1#p1#r3"",""10.1016/j.jct.2015.08.023#d1#p1#r32"",""10.1016/j.jct.2015.08.023#d1#p1#r33"",""10.1016/j.jct.2015.08.023#d1#p1#r34""]",3,6,6
ep_4e0c5eaf0484b306,mol_3ec8acd703277a07,grp_468c9a97902f6f3f,test,10.1016/j.fluid.2014.12.023,10.1016/j.fluid.2014.12.023#d8#p1,20000,278.5,324.3,45.8,21,5,10,True,"[""10.1016/j.fluid.2014.12.023#d8#p1#r17"",""10.1016/j.fluid.2014.12.023#d8#p1#r19"",""10.1016/j.fluid.2014.12.023#d8#p1#r21""]","[""10.1016/j.fluid.2014.12.023#d8#p1#r1"",""10.1016/j.fluid.2014.12.023#d8#p1#r10"",""10.1016/j.fluid.2014.12.023#d8#p1#r2"",""10.1016/j.fluid.2014.12.023#d8#p1#r3"",""10.1016/j.fluid.2014.12.023#d8#p1#r4"",""10.1016/j.fluid.2014.12.023#d8#p1#r5"",""10.1016/j.fluid.2014.12.023#d8#p1#r6"",""10.1016/j.fluid.2014.12.023#d8#p1#r7"",""10.1016/j.fluid.2014.12.023#d8#p1#r8"",""10.1016/j.fluid.2014.12.023#d8#p1#r9""]",3,10,10
ep_4e2cc303c86ce94e,mol_3399c27a16597145,grp_5dea7427c65d07c7,train,10.1016/j.jct.2004.08.004,10.1016/j.jct.2004.08.004#d11#p1,20000,348.1,382.2,34.1,12,4,4,True,"[""10.1016/j.jct.2004.08.004#d11#p1#r10"",""10.1016/j.jct.2004.08.004#d11#p1#r11"",""10.1016/j.jct.2004.08.004#d11#p1#r13""]","[""10.1016/j.jct.2004.08.004#d11#p1#r2"",""10.1016/j.jct.2004.08.004#d11#p1#r3"",""10.1016/j.jct.2004.08.004#d11#p1#r4"",""10.1016/j.jct.2004.08.004#d11#p1#r5""]",3,4,4
ep_4ea85eafbdbdab2f,mol_9e960601c6c0fbaf,grp_f74960087f7dfc07,validation,10.1021/je300584m,10.1021/je300584m#d10#p1,20000,409.98,441.42,31.44,17,5,5,True,"[""10.1021/je300584m#d10#p1#r15"",""10.1021/je300584m#d10#p1#r18"",""10.1021/je300584m#d10#p1#r20""]","[""10.1021/je300584m#d10#p1#r1"",""10.1021/je300584m#d10#p1#r2"",""10.1021/je300584m#d10#p1#r3"",""10.1021/je300584m#d10#p1#r4"",""10.1021/je300584m#d10#p1#r5""]",3,5,5
ep_4ecc97e579ea3c26,mol_32facc64508e019f,grp_5dea7427c65d07c7,train,10.1021/je2002489,10.1021/je2002489#d2#p1,20000,293.4,353.2,59.8,31,9,10,True,"[""10.1021/je2002489#d2#p1#r23"",""10.1021/je2002489#d2#p1#r27"",""10.1021/je2002489#d2#p1#r31""]","[""10.1021/je2002489#d2#p1#r1"",""10.1021/je2002489#d2#p1#r10"",""10.1021/je2002489#d2#p1#r2"",""10.1021/je2002489#d2#p1#r3"",""10.1021/je2002489#d2#p1#r4"",""10.1021/je2002489#d2#p1#r5"",""10.1021/je2002489#d2#p1#r6"",""10.1021/je2002489#d2#p1#r7"",""10.1021/je2002489#d2#p1#r8"",""10.1021/je2002489#d2#p1#r9""]",3,10,10
ep_4f4c18dc2a92149e,mol_cee7ca25fc127d19,grp_1832a9cc7ea0a691,test,10.1021/je050173+,10.1021/je050173+#d11#p1,20000,311.8,390.88,79.08,19,8,6,True,"[""10.1021/je050173+#d11#p1#r12"",""10.1021/je050173+#d11#p1#r15"",""10.1021/je050173+#d11#p1#r19""]","[""10.1021/je050173+#d11#p1#r1"",""10.1021/je050173+#d11#p1#r2"",""10.1021/je050173+#d11#p1#r3"",""10.1021/je050173+#d11#p1#r4"",""10.1021/je050173+#d11#p1#r5"",""10.1021/je050173+#d11#p1#r6""]",3,6,6
ep_4fa1edcb5f832e41,mol_ce86a4b54495b02c,grp_5dea7427c65d07c7,train,10.1021/acs.jced.6b00576,10.1021/acs.jced.6b00576#d18#p1,20000,273.74,313.73,39.99,9,3,3,True,"[""10.1021/acs.jced.6b00576#d18#p1#r7"",""10.1021/acs.jced.6b00576#d18#p1#r8"",""10.1021/acs.jced.6b00576#d18#p1#r9""]","[""10.1021/acs.jced.6b00576#d18#p1#r1"",""10.1021/acs.jced.6b00576#d18#p1#r2"",""10.1021/acs.jced.6b00576#d18#p1#r3""]",3,3,3
ep_508beb643fcf1fdf,mol_d55f9f8651b87aeb,grp_a2fcc12936d735c8,train,10.1016/j.fluid.2019.03.004,10.1016/j.fluid.2019.03.004#d4#p1,20000,313.2,358.1,44.9,20,6,7,True,"[""10.1016/j.fluid.2019.03.004#d4#p1#r15"",""10.1016/j.fluid.2019.03.004#d4#p1#r17"",""10.1016/j.fluid.2019.03.004#d4#p1#r20""]","[""10.1016/j.fluid.2019.03.004#d4#p1#r1"",""10.1016/j.fluid.2019.03.004#d4#p1#r2"",""10.1016/j.fluid.2019.03.004#d4#p1#r3"",""10.1016/j.fluid.2019.03.004#d4#p1#r4"",""10.1016/j.fluid.2019.03.004#d4#p1#r5"",""10.1016/j.fluid.2019.03.004#d4#p1#r6"",""10.1016/j.fluid.2019.03.004#d4#p1#r7""]",3,7,7
ep_50ba3db7d4bb41b7,mol_ea37acee7bc3d9f6,grp_5dea7427c65d07c7,train,10.1021/acs.jced.8b00699,10.1021/acs.jced.8b00699#d2#p1,20000,258.15,308.15,50,12,4,4,True,"[""10.1021/acs.jced.8b00699#d2#p1#r13"",""10.1021/acs.jced.8b00699#d2#p1#r14"",""10.1021/acs.jced.8b00699#d2#p1#r16""]","[""10.1021/acs.jced.8b00699#d2#p1#r5"",""10.1021/acs.jced.8b00699#d2#p1#r6"",""10.1021/acs.jced.8b00699#d2#p1#r7"",""10.1021/acs.jced.8b00699#d2#p1#r8""]",3,4,4
ep_51457d8e075eb953,mol_bb3f5c184978bf9a,grp_bb3f5c184978bf9a,test,10.1016/j.fluid.2016.10.026,10.1016/j.fluid.2016.10.026#d7#p1,20000,336.16,426.08,89.92,20,7,7,True,"[""10.1016/j.fluid.2016.10.026#d7#p1#r14"",""10.1016/j.fluid.2016.10.026#d7#p1#r17"",""10.1016/j.fluid.2016.10.026#d7#p1#r20""]","[""10.1016/j.fluid.2016.10.026#d7#p1#r1"",""10.1016/j.fluid.2016.10.026#d7#p1#r2"",""10.1016/j.fluid.2016.10.026#d7#p1#r3"",""10.1016/j.fluid.2016.10.026#d7#p1#r4"",""10.1016/j.fluid.2016.10.026#d7#p1#r5"",""10.1016/j.fluid.2016.10.026#d7#p1#r6"",""10.1016/j.fluid.2016.10.026#d7#p1#r7""]",3,7,7
ep_522eec65f328e553,mol_e1045e97e4815b23,grp_5dea7427c65d07c7,train,10.1021/je0255980,10.1021/je0255980#d10#p1,20000,274.3,308.2,33.9,23,11,5,True,"[""10.1021/je0255980#d10#p1#r13"",""10.1021/je0255980#d10#p1#r18"",""10.1021/je0255980#d10#p1#r23""]","[""10.1021/je0255980#d10#p1#r1"",""10.1021/je0255980#d10#p1#r2"",""10.1021/je0255980#d10#p1#r3"",""10.1021/je0255980#d10#p1#r4"",""10.1021/je0255980#d10#p1#r5""]",3,5,5
ep_528cdd14bdbe43c9,mol_9472915240012651,grp_8485db366cf61c1d,train,10.1016/j.jct.2008.10.008,10.1016/j.jct.2008.10.008#d24#p1,20000,354.981,394.968,39.987,7,3,2,True,"[""10.1016/j.jct.2008.10.008#d24#p1#r5"",""10.1016/j.jct.2008.10.008#d24#p1#r6"",""10.1016/j.jct.2008.10.008#d24#p1#r7""]","[""10.1016/j.jct.2008.10.008#d24#p1#r1"",""10.1016/j.jct.2008.10.008#d24#p1#r2""]",3,2,2
ep_536a66697c59d067,mol_5c9fb1beda5bb985,grp_5dea7427c65d07c7,train,10.1016/j.fluid.2007.09.002,10.1016/j.fluid.2007.09.002#d3#p1,20000,263.15,303.15,40,6,3,2,True,"[""10.1016/j.fluid.2007.09.002#d3#p1#r4"",""10.1016/j.fluid.2007.09.002#d3#p1#r5"",""10.1016/j.fluid.2007.09.002#d3#p1#r6""]","[""10.1016/j.fluid.2007.09.002#d3#p1#r1"",""10.1016/j.fluid.2007.09.002#d3#p1#r2""]",3,2,2
ep_5389c1363fd7e5a2,mol_16272dceff3c45bf,grp_5dea7427c65d07c7,train,10.1021/je9004905,10.1021/je9004905#d2#p1,20000,273.22,303.95,30.73,16,7,6,True,"[""10.1021/je9004905#d2#p1#r14"",""10.1021/je9004905#d2#p1#r18"",""10.1021/je9004905#d2#p1#r21""]","[""10.1021/je9004905#d2#p1#r1"",""10.1021/je9004905#d2#p1#r2"",""10.1021/je9004905#d2#p1#r3"",""10.1021/je9004905#d2#p1#r4"",""10.1021/je9004905#d2#p1#r5"",""10.1021/je9004905#d2#p1#r6"",""10.1021/je9004905#d2#p1#r7"",""10.1021/je9004905#d2#p1#r8""]",3,8,6
ep_54d2eadfc46e3550,mol_b8293313f61ea38f,grp_5dea7427c65d07c7,train,10.1021/je049561m,10.1021/je049561m#d1#p1,20000,265,363.2,98.2,23,7,7,True,"[""10.1021/je049561m#d1#p1#r27"",""10.1021/je049561m#d1#p1#r30"",""10.1021/je049561m#d1#p1#r33""]","[""10.1021/je049561m#d1#p1#r1"",""10.1021/je049561m#d1#p1#r2"",""10.1021/je049561m#d1#p1#r3"",""10.1021/je049561m#d1#p1#r4"",""10.1021/je049561m#d1#p1#r5"",""10.1021/je049561m#d1#p1#r6"",""10.1021/je049561m#d1#p1#r7"",""10.1021/je049561m#d1#p1#r8""]",3,8,7
ep_5656cec2628907c0,mol_bf3cc1ac0f518a48,grp_5ed1239f1de5ca2c,validation,10.1016/j.fluid.2016.11.010,10.1016/j.fluid.2016.11.010#d3#p1,20000,328.3,375.3,47,11,3,4,True,"[""10.1016/j.fluid.2016.11.010#d3#p1#r9"",""10.1016/j.fluid.2016.11.010#d3#p1#r10"",""10.1016/j.fluid.2016.11.010#d3#p1#r11""]","[""10.1016/j.fluid.2016.11.010#d3#p1#r1"",""10.1016/j.fluid.2016.11.010#d3#p1#r2"",""10.1016/j.fluid.2016.11.010#d3#p1#r3"",""10.1016/j.fluid.2016.11.010#d3#p1#r4""]",3,4,4
ep_5657636471c0e0cf,mol_fab901c0c3251313,grp_5dea7427c65d07c7,train,10.1016/j.jct.2013.03.020,10.1016/j.jct.2013.03.020#d1#p1,20000,283.15,353.9,70.75,15,6,6,True,"[""10.1016/j.jct.2013.03.020#d1#p1#r15"",""10.1016/j.jct.2013.03.020#d1#p1#r16"",""10.1016/j.jct.2013.03.020#d1#p1#r8""]","[""10.1016/j.jct.2013.03.020#d1#p1#r1"",""10.1016/j.jct.2013.03.020#d1#p1#r10"",""10.1016/j.jct.2013.03.020#d1#p1#r11"",""10.1016/j.jct.2013.03.020#d1#p1#r12"",""10.1016/j.jct.2013.03.020#d1#p1#r2"",""10.1016/j.jct.2013.03.020#d1#p1#r3"",""10.1016/j.jct.2013.03.020#d1#p1#r4""]",3,7,6
ep_567a285656cf807a,mol_41941ac4285969b3,grp_41941ac4285969b3,train,10.1021/je700546r,10.1021/je700546r#d27#p1,20000,364.6,394.9,30.3,15,3,6,True,"[""10.1021/je700546r#d27#p1#r10"",""10.1021/je700546r#d27#p1#r11"",""10.1021/je700546r#d27#p1#r12""]","[""10.1021/je700546r#d27#p1#r1"",""10.1021/je700546r#d27#p1#r13"",""10.1021/je700546r#d27#p1#r14"",""10.1021/je700546r#d27#p1#r15"",""10.1021/je700546r#d27#p1#r2"",""10.1021/je700546r#d27#p1#r3"",""10.1021/je700546r#d27#p1#r4""]",3,7,6
ep_570dec45f328a956,mol_8095247005666df6,grp_5dea7427c65d07c7,train,10.1016/j.jct.2005.08.003,10.1016/j.jct.2005.08.003#d1#p1,20000,274.5,309.1,34.6,13,4,4,True,"[""10.1016/j.jct.2005.08.003#d1#p1#r10"",""10.1016/j.jct.2005.08.003#d1#p1#r11"",""10.1016/j.jct.2005.08.003#d1#p1#r13""]","[""10.1016/j.jct.2005.08.003#d1#p1#r1"",""10.1016/j.jct.2005.08.003#d1#p1#r2"",""10.1016/j.jct.2005.08.003#d1#p1#r3"",""10.1016/j.jct.2005.08.003#d1#p1#r4""]",3,4,4
ep_577b1f99d51fb445,mol_435971c8aa9ce0da,grp_5dea7427c65d07c7,train,10.1021/je049600u,10.1021/je049600u#d1#p1,20000,298.15,368.15,70,15,5,5,True,"[""10.1021/je049600u#d1#p1#r11"",""10.1021/je049600u#d1#p1#r13"",""10.1021/je049600u#d1#p1#r15""]","[""10.1021/je049600u#d1#p1#r1"",""10.1021/je049600u#d1#p1#r2"",""10.1021/je049600u#d1#p1#r3"",""10.1021/je049600u#d1#p1#r4"",""10.1021/je049600u#d1#p1#r5""]",3,5,5
ep_579db9efcb51f10c,mol_5810135448f6321f,grp_5dea7427c65d07c7,train,10.1016/j.fluid.2012.08.003,10.1016/j.fluid.2012.08.003#d3#p1,20000,276.1,316.4,40.3,13,4,5,True,"[""10.1016/j.fluid.2012.08.003#d3#p1#r13"",""10.1016/j.fluid.2012.08.003#d3#p1#r14"",""10.1016/j.fluid.2012.08.003#d3#p1#r16""]","[""10.1016/j.fluid.2012.08.003#d3#p1#r1"",""10.1016/j.fluid.2012.08.003#d3#p1#r2"",""10.1016/j.fluid.2012.08.003#d3#p1#r3"",""10.1016/j.fluid.2012.08.003#d3#p1#r4"",""10.1016/j.fluid.2012.08.003#d3#p1#r5""]",3,5,5
ep_57b34dfd1b96ec35,mol_c38e9861aa13f05a,grp_8be27da50ef3b127,train,10.1016/j.jct.2018.05.021,10.1016/j.jct.2018.05.021#d1#p1,20000,299.3,343.7,44.4,15,4,5,True,"[""10.1016/j.jct.2018.05.021#d1#p1#r12"",""10.1016/j.jct.2018.05.021#d1#p1#r13"",""10.1016/j.jct.2018.05.021#d1#p1#r15""]","[""10.1016/j.jct.2018.05.021#d1#p1#r1"",""10.1016/j.jct.2018.05.021#d1#p1#r2"",""10.1016/j.jct.2018.05.021#d1#p1#r3"",""10.1016/j.jct.2018.05.021#d1#p1#r4"",""10.1016/j.jct.2018.05.021#d1#p1#r5""]",3,5,5
ep_5aefbf21e20874ea,mol_4430dd0cb0a3c055,grp_5dea7427c65d07c7,train,10.1016/j.fluid.2012.08.003,10.1016/j.fluid.2012.08.003#d8#p1,20000,293.3,348.4,55.1,16,6,6,True,"[""10.1016/j.fluid.2012.08.003#d8#p1#r11"",""10.1016/j.fluid.2012.08.003#d8#p1#r13"",""10.1016/j.fluid.2012.08.003#d8#p1#r16""]","[""10.1016/j.fluid.2012.08.003#d8#p1#r1"",""10.1016/j.fluid.2012.08.003#d8#p1#r2"",""10.1016/j.fluid.2012.08.003#d8#p1#r3"",""10.1016/j.fluid.2012.08.003#d8#p1#r4"",""10.1016/j.fluid.2012.08.003#d8#p1#r5"",""10.1016/j.fluid.2012.08.003#d8#p1#r6""]",3,6,6
ep_5b1e7961a8a52799,mol_3590edb9884753b9,grp_5dea7427c65d07c7,train,10.1021/je9004905,10.1021/je9004905#d1#p1,20000,307.7,384.5,76.8,15,3,7,True,"[""10.1021/je9004905#d1#p1#r13"",""10.1021/je9004905#d1#p1#r14"",""10.1021/je9004905#d1#p1#r15""]","[""10.1021/je9004905#d1#p1#r1"",""10.1021/je9004905#d1#p1#r2"",""10.1021/je9004905#d1#p1#r3"",""10.1021/je9004905#d1#p1#r4"",""10.1021/je9004905#d1#p1#r5"",""10.1021/je9004905#d1#p1#r6"",""10.1021/je9004905#d1#p1#r7""]",3,7,7
ep_5b3a82560e3e540a,mol_d395bc83f11503fd,grp_5dea7427c65d07c7,train,10.1016/j.fluid.2017.04.014,10.1016/j.fluid.2017.04.014#d2#p1,20000,283.6,323,39.4,9,3,3,True,"[""10.1016/j.fluid.2017.04.014#d2#p1#r8"",""10.1016/j.fluid.2017.04.014#d2#p1#r9"",""10.1016/j.fluid.2017.04.014#d2#p1#r10""]","[""10.1016/j.fluid.2017.04.014#d2#p1#r1"",""10.1016/j.fluid.2017.04.014#d2#p1#r2"",""10.1016/j.fluid.2017.04.014#d2#p1#r3""]",3,3,3
ep_5b5e870e0a0799d8,mol_d0ceddc379a4671f,grp_5dea7427c65d07c7,train,10.1021/acs.jced.6b00576,10.1021/acs.jced.6b00576#d14#p1,20000,275.16,317.6,42.44,11,3,3,True,"[""10.1021/acs.jced.6b00576#d14#p1#r9"",""10.1021/acs.jced.6b00576#d14#p1#r10"",""10.1021/acs.jced.6b00576#d14#p1#r11""]","[""10.1021/acs.jced.6b00576#d14#p1#r1"",""10.1021/acs.jced.6b00576#d14#p1#r2"",""10.1021/acs.jced.6b00576#d14#p1#r3""]",3,3,3
ep_5c0a744de5099fdd,mol_218260d18d45a2c9,grp_218260d18d45a2c9,validation,10.1016/j.jct.2015.02.008,10.1016/j.jct.2015.02.008#d12#p1,20000,369.98,439.957,69.977,18,5,5,True,"[""10.1016/j.jct.2015.02.008#d12#p1#r14"",""10.1016/j.jct.2015.02.008#d12#p1#r16"",""10.1016/j.jct.2015.02.008#d12#p1#r18""]","[""10.1016/j.jct.2015.02.008#d12#p1#r1"",""10.1016/j.jct.2015.02.008#d12#p1#r2"",""10.1016/j.jct.2015.02.008#d12#p1#r3"",""10.1016/j.jct.2015.02.008#d12#p1#r4"",""10.1016/j.jct.2015.02.008#d12#p1#r5""]",3,5,5
ep_5d1201a2e0a9dbf6,mol_4eadf0af1849f947,grp_5dea7427c65d07c7,train,10.1021/je0255980,10.1021/je0255980#d7#p1,20000,274.2,308.2,34,16,5,5,True,"[""10.1021/je0255980#d7#p1#r15"",""10.1021/je0255980#d7#p1#r18"",""10.1021/je0255980#d7#p1#r20""]","[""10.1021/je0255980#d7#p1#r1"",""10.1021/je0255980#d7#p1#r2"",""10.1021/je0255980#d7#p1#r3"",""10.1021/je0255980#d7#p1#r4"",""10.1021/je0255980#d7#p1#r5"",""10.1021/je0255980#d7#p1#r6"",""10.1021/je0255980#d7#p1#r7""]",3,7,5
ep_5d94d62ac228df75,mol_766e4af517e1fbbc,grp_fba476a25f980753,test,10.1021/je5008795,10.1021/je5008795#d33#p1,20000,290.3,328.2,37.9,15,5,5,True,"[""10.1021/je5008795#d33#p1#r12"",""10.1021/je5008795#d33#p1#r14"",""10.1021/je5008795#d33#p1#r17""]","[""10.1021/je5008795#d33#p1#r1"",""10.1021/je5008795#d33#p1#r2"",""10.1021/je5008795#d33#p1#r3"",""10.1021/je5008795#d33#p1#r4"",""10.1021/je5008795#d33#p1#r5"",""10.1021/je5008795#d33#p1#r6""]",3,6,5
ep_5ed466d8bbb092e7,mol_7f19e9b39a1de529,grp_bcf7dc086ea12992,test,10.1021/je060224i,10.1021/je060224i#d1#p1,20000,307.15,369.15,62,32,10,10,True,"[""10.1021/je060224i#d1#p1#r23"",""10.1021/je060224i#d1#p1#r27"",""10.1021/je060224i#d1#p1#r32""]","[""10.1021/je060224i#d1#p1#r1"",""10.1021/je060224i#d1#p1#r10"",""10.1021/je060224i#d1#p1#r2"",""10.1021/je060224i#d1#p1#r3"",""10.1021/je060224i#d1#p1#r4"",""10.1021/je060224i#d1#p1#r5"",""10.1021/je060224i#d1#p1#r6"",""10.1021/je060224i#d1#p1#r7"",""10.1021/je060224i#d1#p1#r8"",""10.1021/je060224i#d1#p1#r9""]",3,10,10
ep_5f35b936a3df5fb7,mol_88d372137d7ecc53,grp_88d372137d7ecc53,train,10.1021/je600566v,10.1021/je600566v#d2#p1,20000,417.8,448.1,30.3,13,4,4,True,"[""10.1021/je600566v#d2#p1#r10"",""10.1021/je600566v#d2#p1#r11"",""10.1021/je600566v#d2#p1#r13""]","[""10.1021/je600566v#d2#p1#r1"",""10.1021/je600566v#d2#p1#r2"",""10.1021/je600566v#d2#p1#r3"",""10.1021/je600566v#d2#p1#r4""]",3,4,4
ep_5f51db63d4ec32e8,mol_765dc30ffee1ee3b,grp_5dea7427c65d07c7,train,10.1016/j.fluid.2008.02.001,10.1016/j.fluid.2008.02.001#d11#p1,20000,273.9,313.2,39.3,24,7,10,True,"[""10.1016/j.fluid.2008.02.001#d11#p1#r18"",""10.1016/j.fluid.2008.02.001#d11#p1#r21"",""10.1016/j.fluid.2008.02.001#d11#p1#r24""]","[""10.1016/j.fluid.2008.02.001#d11#p1#r1"",""10.1016/j.fluid.2008.02.001#d11#p1#r10"",""10.1016/j.fluid.2008.02.001#d11#p1#r2"",""10.1016/j.fluid.2008.02.001#d11#p1#r3"",""10.1016/j.fluid.2008.02.001#d11#p1#r4"",""10.1016/j.fluid.2008.02.001#d11#p1#r5"",""10.1016/j.fluid.2008.02.001#d11#p1#r6"",""10.1016/j.fluid.2008.02.001#d11#p1#r7"",""10.1016/j.fluid.2008.02.001#d11#p1#r8"",""10.1016/j.fluid.2008.02.001#d11#p1#r9""]",3,10,10
ep_6033662e499c0044,mol_9b7afa095d460867,grp_9b7afa095d460867,validation,10.1016/j.jct.2013.03.005,10.1016/j.jct.2013.03.005#d4#p1,20000,362.69,400.3,37.61,20,6,6,True,"[""10.1016/j.jct.2013.03.005#d4#p1#r15"",""10.1016/j.jct.2013.03.005#d4#p1#r17"",""10.1016/j.jct.2013.03.005#d4#p1#r20""]","[""10.1016/j.jct.2013.03.005#d4#p1#r1"",""10.1016/j.jct.2013.03.005#d4#p1#r2"",""10.1016/j.jct.2013.03.005#d4#p1#r3"",""10.1016/j.jct.2013.03.005#d4#p1#r4"",""10.1016/j.jct.2013.03.005#d4#p1#r5"",""10.1016/j.jct.2013.03.005#d4#p1#r6""]",3,6,6
ep_60cdb0f221e8a899,mol_068db2316970a098,grp_5dea7427c65d07c7,train,10.1021/je060419q,10.1021/je060419q#d7#p1,20000,297.3,357.5,60.2,28,8,7,True,"[""10.1021/je060419q#d7#p1#r24"",""10.1021/je060419q#d7#p1#r27"",""10.1021/je060419q#d7#p1#r31""]","[""10.1021/je060419q#d7#p1#r1"",""10.1021/je060419q#d7#p1#r2"",""10.1021/je060419q#d7#p1#r3"",""10.1021/je060419q#d7#p1#r4"",""10.1021/je060419q#d7#p1#r5"",""10.1021/je060419q#d7#p1#r6"",""10.1021/je060419q#d7#p1#r7"",""10.1021/je060419q#d7#p1#r8""]",3,8,7
ep_6103c229c1a3bf1d,mol_cdcd3722df880b7b,grp_5dea7427c65d07c7,train,10.1016/j.jct.2010.12.010,10.1016/j.jct.2010.12.010#d7#p1,20000,284.84,364.78,79.94,8,3,2,True,"[""10.1016/j.jct.2010.12.010#d7#p1#r7"",""10.1016/j.jct.2010.12.010#d7#p1#r8"",""10.1016/j.jct.2010.12.010#d7#p1#r9""]","[""10.1016/j.jct.2010.12.010#d7#p1#r1"",""10.1016/j.jct.2010.12.010#d7#p1#r2"",""10.1016/j.jct.2010.12.010#d7#p1#r3""]",3,3,2
ep_61af06ecf89feb25,mol_7f9b9c7a996206a7,grp_5dea7427c65d07c7,train,10.1021/acs.jced.6b00576,10.1021/acs.jced.6b00576#d13#p1,20000,276.29,319.53,43.24,14,4,3,True,"[""10.1021/acs.jced.6b00576#d13#p1#r11"",""10.1021/acs.jced.6b00576#d13#p1#r12"",""10.1021/acs.jced.6b00576#d13#p1#r14""]","[""10.1021/acs.jced.6b00576#d13#p1#r1"",""10.1021/acs.jced.6b00576#d13#p1#r2"",""10.1021/acs.jced.6b00576#d13#p1#r3""]",3,3,3
ep_62d7e46b135a6261,mol_17d7810440ddcdc4,grp_5dea7427c65d07c7,train,10.1021/je100231g,10.1021/je100231g#d3#p1,20000,290.2,345.5,55.3,21,7,6,True,"[""10.1021/je100231g#d3#p1#r16"",""10.1021/je100231g#d3#p1#r19"",""10.1021/je100231g#d3#p1#r22""]","[""10.1021/je100231g#d3#p1#r1"",""10.1021/je100231g#d3#p1#r2"",""10.1021/je100231g#d3#p1#r3"",""10.1021/je100231g#d3#p1#r4"",""10.1021/je100231g#d3#p1#r5"",""10.1021/je100231g#d3#p1#r6""]",3,6,6
ep_62f0d69be45646d5,mol_2e302d909c9e5e5c,grp_5dea7427c65d07c7,train,10.1016/j.jct.2014.07.004,10.1016/j.jct.2014.07.004#d5#p1,20000,277.96,348.15,70.19,16,5,6,True,"[""10.1016/j.jct.2014.07.004#d5#p1#r12"",""10.1016/j.jct.2014.07.004#d5#p1#r14"",""10.1016/j.jct.2014.07.004#d5#p1#r16""]","[""10.1016/j.jct.2014.07.004#d5#p1#r1"",""10.1016/j.jct.2014.07.004#d5#p1#r2"",""10.1016/j.jct.2014.07.004#d5#p1#r3"",""10.1016/j.jct.2014.07.004#d5#p1#r4"",""10.1016/j.jct.2014.07.004#d5#p1#r5"",""10.1016/j.jct.2014.07.004#d5#p1#r6""]",3,6,6
ep_63240516537cde8e,mol_69df6d03bf2d6749,grp_5dea7427c65d07c7,train,10.1016/j.fluid.2004.02.021,10.1016/j.fluid.2004.02.021#d1#p1,20000,283.15,323.15,40,9,3,3,True,"[""10.1016/j.fluid.2004.02.021#d1#p1#r7"",""10.1016/j.fluid.2004.02.021#d1#p1#r8"",""10.1016/j.fluid.2004.02.021#d1#p1#r9""]","[""10.1016/j.fluid.2004.02.021#d1#p1#r1"",""10.1016/j.fluid.2004.02.021#d1#p1#r2"",""10.1016/j.fluid.2004.02.021#d1#p1#r3""]",3,3,3
ep_647e29f7ed580b18,mol_8ced90bc6ccb8f46,grp_27b44b5a9de26f9f,test,10.1016/j.tca.2015.02.004,10.1016/j.tca.2015.02.004#d7#p1,20000,321.8,431.7,109.9,21,8,8,True,"[""10.1016/j.tca.2015.02.004#d7#p1#r21"",""10.1016/j.tca.2015.02.004#d7#p1#r14"",""10.1016/j.tca.2015.02.004#d7#p1#r26""]","[""10.1016/j.tca.2015.02.004#d7#p1#r1"",""10.1016/j.tca.2015.02.004#d7#p1#r10"",""10.1016/j.tca.2015.02.004#d7#p1#r18"",""10.1016/j.tca.2015.02.004#d7#p1#r19"",""10.1016/j.tca.2015.02.004#d7#p1#r2"",""10.1016/j.tca.2015.02.004#d7#p1#r3"",""10.1016/j.tca.2015.02.004#d7#p1#r4"",""10.1016/j.tca.2015.02.004#d7#p1#r5"",""10.1016/j.tca.2015.02.004#d7#p1#r9""]",3,9,8
ep_653d660b509e8ab0,mol_6d0384966495a309,grp_5dea7427c65d07c7,train,10.1021/je100231g,10.1021/je100231g#d8#p1,20000,308.3,343.5,35.2,14,5,4,True,"[""10.1021/je100231g#d8#p1#r10"",""10.1021/je100231g#d8#p1#r12"",""10.1021/je100231g#d8#p1#r14""]","[""10.1021/je100231g#d8#p1#r1"",""10.1021/je100231g#d8#p1#r2"",""10.1021/je100231g#d8#p1#r3"",""10.1021/je100231g#d8#p1#r4""]",3,4,4
ep_6734e61fada4fdc0,mol_239cb7e490ad2a91,grp_5dea7427c65d07c7,train,10.1016/j.fluid.2014.07.029,10.1016/j.fluid.2014.07.029#d9#p1,20000,274.3,309.2,34.9,14,4,5,True,"[""10.1016/j.fluid.2014.07.029#d9#p1#r14"",""10.1016/j.fluid.2014.07.029#d9#p1#r15"",""10.1016/j.fluid.2014.07.029#d9#p1#r17""]","[""10.1016/j.fluid.2014.07.029#d9#p1#r1"",""10.1016/j.fluid.2014.07.029#d9#p1#r2"",""10.1016/j.fluid.2014.07.029#d9#p1#r3"",""10.1016/j.fluid.2014.07.029#d9#p1#r4"",""10.1016/j.fluid.2014.07.029#d9#p1#r5"",""10.1016/j.fluid.2014.07.029#d9#p1#r6""]",3,6,5
ep_682b24b1dd60bb08,mol_a9ed353a5ccfc1d9,grp_69e3066d23c835df,test,10.1016/j.jct.2011.05.028,10.1016/j.jct.2011.05.028#d16#p1,20000,274.1,308.4,34.3,13,3,5,True,"[""10.1016/j.jct.2011.05.028#d16#p1#r11"",""10.1016/j.jct.2011.05.028#d16#p1#r12"",""10.1016/j.jct.2011.05.028#d16#p1#r13""]","[""10.1016/j.jct.2011.05.028#d16#p1#r1"",""10.1016/j.jct.2011.05.028#d16#p1#r2"",""10.1016/j.jct.2011.05.028#d16#p1#r3"",""10.1016/j.jct.2011.05.028#d16#p1#r4"",""10.1016/j.jct.2011.05.028#d16#p1#r5""]",3,5,5
ep_684e59a488501a56,mol_22376981d918dfcd,grp_5dea7427c65d07c7,train,10.1016/j.fluid.2014.07.029,10.1016/j.fluid.2014.07.029#d13#p1,20000,274.2,305.3,31.1,13,4,5,True,"[""10.1016/j.fluid.2014.07.029#d13#p1#r10"",""10.1016/j.fluid.2014.07.029#d13#p1#r11"",""10.1016/j.fluid.2014.07.029#d13#p1#r13""]","[""10.1016/j.fluid.2014.07.029#d13#p1#r1"",""10.1016/j.fluid.2014.07.029#d13#p1#r2"",""10.1016/j.fluid.2014.07.029#d13#p1#r3"",""10.1016/j.fluid.2014.07.029#d13#p1#r4"",""10.1016/j.fluid.2014.07.029#d13#p1#r5""]",3,5,5
ep_686db4bcad8bd49a,mol_26e873b560062259,grp_5dea7427c65d07c7,train,10.1021/je0602418,10.1021/je0602418#d4#p1,20000,330.4,365.2,34.8,17,6,5,True,"[""10.1021/je0602418#d4#p1#r12"",""10.1021/je0602418#d4#p1#r14"",""10.1021/je0602418#d4#p1#r17""]","[""10.1021/je0602418#d4#p1#r1"",""10.1021/je0602418#d4#p1#r2"",""10.1021/je0602418#d4#p1#r3"",""10.1021/je0602418#d4#p1#r4"",""10.1021/je0602418#d4#p1#r5""]",3,5,5
ep_6887dc9d5ce9ddd7,mol_f612596591f38885,grp_5dea7427c65d07c7,train,10.1021/je800603z,10.1021/je800603z#d1#p1,20000,292.74,362.67,69.93,8,3,3,True,"[""10.1021/je800603z#d1#p1#r6"",""10.1021/je800603z#d1#p1#r7"",""10.1021/je800603z#d1#p1#r8""]","[""10.1021/je800603z#d1#p1#r1"",""10.1021/je800603z#d1#p1#r2"",""10.1021/je800603z#d1#p1#r3""]",3,3,3
ep_68b749286a7d6809,mol_4cc1546235d77149,grp_a2fcc12936d735c8,train,10.1016/j.fluid.2019.03.004,10.1016/j.fluid.2019.03.004#d1#p1,20000,296.5,333.4,36.9,14,5,3,True,"[""10.1016/j.fluid.2019.03.004#d1#p1#r10"",""10.1016/j.fluid.2019.03.004#d1#p1#r12"",""10.1016/j.fluid.2019.03.004#d1#p1#r14""]","[""10.1016/j.fluid.2019.03.004#d1#p1#r1"",""10.1016/j.fluid.2019.03.004#d1#p1#r2"",""10.1016/j.fluid.2019.03.004#d1#p1#r3""]",3,3,3
ep_691bf068a19991c7,mol_819a139398c7c5de,grp_cd9f232caa190183,validation,10.1016/j.jct.2018.11.015,10.1016/j.jct.2018.11.015#d2#p1,20000,350.9,421.57,70.67,8,3,3,True,"[""10.1016/j.jct.2018.11.015#d2#p1#r6"",""10.1016/j.jct.2018.11.015#d2#p1#r7"",""10.1016/j.jct.2018.11.015#d2#p1#r8""]","[""10.1016/j.jct.2018.11.015#d2#p1#r1"",""10.1016/j.jct.2018.11.015#d2#p1#r2"",""10.1016/j.jct.2018.11.015#d2#p1#r3""]",3,3,3
ep_6a51edab7ebd6136,mol_2d51bd32961be5de,grp_5ed1239f1de5ca2c,validation,10.1021/je300312c,10.1021/je300312c#d6#p1,20000,326.7,375.9,49.2,21,6,8,True,"[""10.1021/je300312c#d6#p1#r16"",""10.1021/je300312c#d6#p1#r18"",""10.1021/je300312c#d6#p1#r21""]","[""10.1021/je300312c#d6#p1#r1"",""10.1021/je300312c#d6#p1#r2"",""10.1021/je300312c#d6#p1#r3"",""10.1021/je300312c#d6#p1#r4"",""10.1021/je300312c#d6#p1#r5"",""10.1021/je300312c#d6#p1#r6"",""10.1021/je300312c#d6#p1#r7"",""10.1021/je300312c#d6#p1#r8""]",3,8,8
ep_6a53728482c0ac11,mol_18b8754dd95a027a,grp_9a6e5ce866866615,validation,10.1016/j.fluid.2012.08.020,10.1016/j.fluid.2012.08.020#d2#p1,20000,301,348.1,47.1,20,6,6,True,"[""10.1016/j.fluid.2012.08.020#d2#p1#r15"",""10.1016/j.fluid.2012.08.020#d2#p1#r17"",""10.1016/j.fluid.2012.08.020#d2#p1#r20""]","[""10.1016/j.fluid.2012.08.020#d2#p1#r1"",""10.1016/j.fluid.2012.08.020#d2#p1#r2"",""10.1016/j.fluid.2012.08.020#d2#p1#r3"",""10.1016/j.fluid.2012.08.020#d2#p1#r4"",""10.1016/j.fluid.2012.08.020#d2#p1#r5"",""10.1016/j.fluid.2012.08.020#d2#p1#r6""]",3,6,6
ep_6a5fe89152861b4b,mol_65b0a8e37b1d0b65,grp_9a6e5ce866866615,validation,10.1016/j.jct.2010.05.002,10.1016/j.jct.2010.05.002#d12#p1,20000,327.4,378,50.6,29,9,8,True,"[""10.1016/j.jct.2010.05.002#d12#p1#r22"",""10.1016/j.jct.2010.05.002#d12#p1#r26"",""10.1016/j.jct.2010.05.002#d12#p1#r30""]","[""10.1016/j.jct.2010.05.002#d12#p1#r1"",""10.1016/j.jct.2010.05.002#d12#p1#r2"",""10.1016/j.jct.2010.05.002#d12#p1#r3"",""10.1016/j.jct.2010.05.002#d12#p1#r4"",""10.1016/j.jct.2010.05.002#d12#p1#r5"",""10.1016/j.jct.2010.05.002#d12#p1#r6"",""10.1016/j.jct.2010.05.002#d12#p1#r7"",""10.1016/j.jct.2010.05.002#d12#p1#r8""]",3,8,8
ep_6a6e6787948711ad,mol_a1b2b411f2a80735,grp_b485db3c1ae1b944,test,10.1016/j.jct.2017.09.005,10.1016/j.jct.2017.09.005#d28#p1,20000,338.248,388.877,50.629,9,3,3,True,"[""10.1016/j.jct.2017.09.005#d28#p1#r7"",""10.1016/j.jct.2017.09.005#d28#p1#r8"",""10.1016/j.jct.2017.09.005#d28#p1#r9""]","[""10.1016/j.jct.2017.09.005#d28#p1#r1"",""10.1016/j.jct.2017.09.005#d28#p1#r2"",""10.1016/j.jct.2017.09.005#d28#p1#r3""]",3,3,3
ep_6a9a70cf1624ba29,mol_9f070bda8683a3b6,grp_5dea7427c65d07c7,train,10.1021/je2002489,10.1021/je2002489#d1#p1,20000,323.2,374.2,51,22,7,8,True,"[""10.1021/je2002489#d1#p1#r26"",""10.1021/je2002489#d1#p1#r30"",""10.1021/je2002489#d1#p1#r33""]","[""10.1021/je2002489#d1#p1#r1"",""10.1021/je2002489#d1#p1#r10"",""10.1021/je2002489#d1#p1#r11"",""10.1021/je2002489#d1#p1#r12"",""10.1021/je2002489#d1#p1#r13"",""10.1021/je2002489#d1#p1#r14"",""10.1021/je2002489#d1#p1#r15"",""10.1021/je2002489#d1#p1#r16"",""10.1021/je2002489#d1#p1#r2"",""10.1021/je2002489#d1#p1#r3"",""10.1021/je2002489#d1#p1#r4"",""10.1021/je2002489#d1#p1#r5"",""10.1021/je2002489#d1#p1#r6"",""10.1021/je2002489#d1#p1#r7"",""10.1021/je2002489#d1#p1#r8"",""10.1021/je2002489#d1#p1#r9""]",3,16,8
ep_6accc4887a748aae,mol_4f342c00679a86c2,grp_5dea7427c65d07c7,train,10.1021/je100231g,10.1021/je100231g#d6#p1,20000,293.6,333.5,39.9,15,5,3,True,"[""10.1021/je100231g#d6#p1#r11"",""10.1021/je100231g#d6#p1#r13"",""10.1021/je100231g#d6#p1#r15""]","[""10.1021/je100231g#d6#p1#r1"",""10.1021/je100231g#d6#p1#r2"",""10.1021/je100231g#d6#p1#r3""]",3,3,3
ep_6ade0e46ca27ac04,mol_4f08598a1604d2a7,grp_5dea7427c65d07c7,train,10.1016/j.fluid.2014.11.026,10.1016/j.fluid.2014.11.026#d3#p1,20000,283.86,327.32,43.46,23,8,7,True,"[""10.1016/j.fluid.2014.11.026#d3#p1#r26"",""10.1016/j.fluid.2014.11.026#d3#p1#r4"",""10.1016/j.fluid.2014.11.026#d3#p1#r23""]","[""10.1016/j.fluid.2014.11.026#d3#p1#r10"",""10.1016/j.fluid.2014.11.026#d3#p1#r11"",""10.1016/j.fluid.2014.11.026#d3#p1#r12"",""10.1016/j.fluid.2014.11.026#d3#p1#r13"",""10.1016/j.fluid.2014.11.026#d3#p1#r14"",""10.1016/j.fluid.2014.11.026#d3#p1#r15"",""10.1016/j.fluid.2014.11.026#d3#p1#r16"",""10.1016/j.fluid.2014.11.026#d3#p1#r30"",""10.1016/j.fluid.2014.11.026#d3#p1#r31"",""10.1016/j.fluid.2014.11.026#d3#p1#r32"",""10.1016/j.fluid.2014.11.026#d3#p1#r33"",""10.1016/j.fluid.2014.11.026#d3#p1#r34"",""10.1016/j.fluid.2014.11.026#d3#p1#r35"",""10.1016/j.fluid.2014.11.026#d3#p1#r49"",""10.1016/j.fluid.2014.11.026#d3#p1#r50"",""10.1016/j.fluid.2014.11.026#d3#p1#r51"",""10.1016/j.fluid.2014.11.026#d3#p1#r52"",""10.1016/j.fluid.2014.11.026#d3#p1#r53"",""10.1016/j.fluid.2014.11.026#d3#p1#r9""]",3,19,7
ep_6bdc1d629a3d049e,mol_e554601fff053edf,grp_5dea7427c65d07c7,train,10.1021/je800530u,10.1021/je800530u#d2#p1,20000,283.15,363.15,80,9,3,3,True,"[""10.1021/je800530u#d2#p1#r7"",""10.1021/je800530u#d2#p1#r8"",""10.1021/je800530u#d2#p1#r9""]","[""10.1021/je800530u#d2#p1#r1"",""10.1021/je800530u#d2#p1#r2"",""10.1021/je800530u#d2#p1#r3""]",3,3,3
ep_6c4020f0dd2930eb,mol_0f0591160b233804,grp_0f0591160b233804,train,10.1016/j.tca.2018.07.026,10.1016/j.tca.2018.07.026#d3#p1,20000,317.4,353.2,35.8,15,5,4,True,"[""10.1016/j.tca.2018.07.026#d3#p1#r11"",""10.1016/j.tca.2018.07.026#d3#p1#r13"",""10.1016/j.tca.2018.07.026#d3#p1#r15""]","[""10.1016/j.tca.2018.07.026#d3#p1#r1"",""10.1016/j.tca.2018.07.026#d3#p1#r2"",""10.1016/j.tca.2018.07.026#d3#p1#r3"",""10.1016/j.tca.2018.07.026#d3#p1#r4""]",3,4,4
ep_6d98057347eb9eca,mol_f7ad98ebbc8da43b,grp_bcf7dc086ea12992,test,10.1016/j.fluid.2019.04.036,10.1016/j.fluid.2019.04.036#d3#p1,20000,278.5,319.4,40.9,25,9,6,True,"[""10.1016/j.fluid.2019.04.036#d3#p1#r16"",""10.1016/j.fluid.2019.04.036#d3#p1#r21"",""10.1016/j.fluid.2019.04.036#d3#p1#r24""]","[""10.1016/j.fluid.2019.04.036#d3#p1#r1"",""10.1016/j.fluid.2019.04.036#d3#p1#r2"",""10.1016/j.fluid.2019.04.036#d3#p1#r3"",""10.1016/j.fluid.2019.04.036#d3#p1#r4"",""10.1016/j.fluid.2019.04.036#d3#p1#r5"",""10.1016/j.fluid.2019.04.036#d3#p1#r6""]",3,6,6
ep_6dbb129f2d3a2e9d,mol_1d9a0acab04fdcd1,grp_2ccb72ac35a31331,train,10.1016/j.jct.2015.02.001,10.1016/j.jct.2015.02.001#d2#p1,20000,276.7,312.2,35.5,13,5,4,True,"[""10.1016/j.jct.2015.02.001#d2#p1#r9"",""10.1016/j.jct.2015.02.001#d2#p1#r11"",""10.1016/j.jct.2015.02.001#d2#p1#r13""]","[""10.1016/j.jct.2015.02.001#d2#p1#r1"",""10.1016/j.jct.2015.02.001#d2#p1#r2"",""10.1016/j.jct.2015.02.001#d2#p1#r3"",""10.1016/j.jct.2015.02.001#d2#p1#r4""]",3,4,4
ep_6dd5c595e36a5948,mol_04b975dcc163284d,grp_5dea7427c65d07c7,train,10.1016/j.jct.2016.07.024,10.1016/j.jct.2016.07.024#d3#p1,20000,292.87,432.65,139.78,15,5,5,True,"[""10.1016/j.jct.2016.07.024#d3#p1#r11"",""10.1016/j.jct.2016.07.024#d3#p1#r13"",""10.1016/j.jct.2016.07.024#d3#p1#r15""]","[""10.1016/j.jct.2016.07.024#d3#p1#r1"",""10.1016/j.jct.2016.07.024#d3#p1#r2"",""10.1016/j.jct.2016.07.024#d3#p1#r3"",""10.1016/j.jct.2016.07.024#d3#p1#r4"",""10.1016/j.jct.2016.07.024#d3#p1#r5""]",3,5,5
ep_6e35806a72cdf8d6,mol_cb21e768ef2b1f0d,grp_1cc8174be4e57d56,validation,10.1021/acs.jced.5b00255,10.1021/acs.jced.5b00255#d2#p1,20000,373.53,428.51,54.98,11,4,3,True,"[""10.1021/acs.jced.5b00255#d2#p1#r8"",""10.1021/acs.jced.5b00255#d2#p1#r9"",""10.1021/acs.jced.5b00255#d2#p1#r11""]","[""10.1021/acs.jced.5b00255#d2#p1#r1"",""10.1021/acs.jced.5b00255#d2#p1#r2"",""10.1021/acs.jced.5b00255#d2#p1#r3""]",3,3,3
ep_6e619db856f2da38,mol_0598ed94e921fa46,grp_5dea7427c65d07c7,train,10.1021/je700027n,10.1021/je700027n#d2#p1,20000,353.15,443.15,90,8,3,2,True,"[""10.1021/je700027n#d2#p1#r6"",""10.1021/je700027n#d2#p1#r7"",""10.1021/je700027n#d2#p1#r8""]","[""10.1021/je700027n#d2#p1#r1"",""10.1021/je700027n#d2#p1#r2""]",3,2,2
ep_6ea42112f3147d3d,mol_0dcdaa24497d41f8,grp_554ad3ddcfbe3579,test,10.1016/j.jct.2011.05.004,10.1016/j.jct.2011.05.004#d7#p1,20000,340.1,374.3,34.2,26,8,8,True,"[""10.1016/j.jct.2011.05.004#d7#p1#r33"",""10.1016/j.jct.2011.05.004#d7#p1#r36"",""10.1016/j.jct.2011.05.004#d7#p1#r40""]","[""10.1016/j.jct.2011.05.004#d7#p1#r11"",""10.1016/j.jct.2011.05.004#d7#p1#r12"",""10.1016/j.jct.2011.05.004#d7#p1#r13"",""10.1016/j.jct.2011.05.004#d7#p1#r14"",""10.1016/j.jct.2011.05.004#d7#p1#r15"",""10.1016/j.jct.2011.05.004#d7#p1#r16"",""10.1016/j.jct.2011.05.004#d7#p1#r17"",""10.1016/j.jct.2011.05.004#d7#p1#r18"",""10.1016/j.jct.2011.05.004#d7#p1#r19"",""10.1016/j.jct.2011.05.004#d7#p1#r20"",""10.1016/j.jct.2011.05.004#d7#p1#r21""]",3,11,8
ep_6feffea232b42b0c,mol_41edcf15887aae47,grp_5dea7427c65d07c7,train,10.1016/j.jct.2016.07.024,10.1016/j.jct.2016.07.024#d1#p1,20000,262.64,362.19,99.55,10,3,3,True,"[""10.1016/j.jct.2016.07.024#d1#p1#r8"",""10.1016/j.jct.2016.07.024#d1#p1#r9"",""10.1016/j.jct.2016.07.024#d1#p1#r10""]","[""10.1016/j.jct.2016.07.024#d1#p1#r1"",""10.1016/j.jct.2016.07.024#d1#p1#r2"",""10.1016/j.jct.2016.07.024#d1#p1#r3""]",3,3,3
ep_7084409bb9c934e4,mol_df3844ce888daa74,grp_5dea7427c65d07c7,train,10.1016/j.fluid.2014.11.026,10.1016/j.fluid.2014.11.026#d8#p1,20000,318.01,370.89,52.88,21,6,7,True,"[""10.1016/j.fluid.2014.11.026#d8#p1#r20"",""10.1016/j.fluid.2014.11.026#d8#p1#r22"",""10.1016/j.fluid.2014.11.026#d8#p1#r25""]","[""10.1016/j.fluid.2014.11.026#d8#p1#r10"",""10.1016/j.fluid.2014.11.026#d8#p1#r11"",""10.1016/j.fluid.2014.11.026#d8#p1#r5"",""10.1016/j.fluid.2014.11.026#d8#p1#r6"",""10.1016/j.fluid.2014.11.026#d8#p1#r7"",""10.1016/j.fluid.2014.11.026#d8#p1#r8"",""10.1016/j.fluid.2014.11.026#d8#p1#r9""]",3,7,7
ep_70b49f47c1b52a64,mol_177310732327f8e6,grp_5dea7427c65d07c7,train,10.1021/je0602418,10.1021/je0602418#d23#p1,20000,318.2,373.8,55.6,22,7,7,True,"[""10.1021/je0602418#d23#p1#r30"",""10.1021/je0602418#d23#p1#r35"",""10.1021/je0602418#d23#p1#r40""]","[""10.1021/je0602418#d23#p1#r10"",""10.1021/je0602418#d23#p1#r11"",""10.1021/je0602418#d23#p1#r12"",""10.1021/je0602418#d23#p1#r13"",""10.1021/je0602418#d23#p1#r14"",""10.1021/je0602418#d23#p1#r15"",""10.1021/je0602418#d23#p1#r16"",""10.1021/je0602418#d23#p1#r17"",""10.1021/je0602418#d23#p1#r6"",""10.1021/je0602418#d23#p1#r7"",""10.1021/je0602418#d23#p1#r8"",""10.1021/je0602418#d23#p1#r9""]",3,12,7
ep_7123ab2f4e6a2f64,mol_0eff9e7e919da986,grp_5dea7427c65d07c7,train,10.1021/je500784s,10.1021/je500784s#d15#p1,20000,274.2,305.3,31.1,12,4,4,True,"[""10.1021/je500784s#d15#p1#r11"",""10.1021/je500784s#d15#p1#r12"",""10.1021/je500784s#d15#p1#r14""]","[""10.1021/je500784s#d15#p1#r1"",""10.1021/je500784s#d15#p1#r2"",""10.1021/je500784s#d15#p1#r3"",""10.1021/je500784s#d15#p1#r4""]",3,4,4
ep_71d214356a95e546,mol_c76ad85001d3e770,grp_9a6e5ce866866615,validation,10.1016/j.fluid.2012.08.020,10.1016/j.fluid.2012.08.020#d4#p1,20000,318.8,365.8,47,20,6,6,True,"[""10.1016/j.fluid.2012.08.020#d4#p1#r15"",""10.1016/j.fluid.2012.08.020#d4#p1#r17"",""10.1016/j.fluid.2012.08.020#d4#p1#r20""]","[""10.1016/j.fluid.2012.08.020#d4#p1#r1"",""10.1016/j.fluid.2012.08.020#d4#p1#r2"",""10.1016/j.fluid.2012.08.020#d4#p1#r3"",""10.1016/j.fluid.2012.08.020#d4#p1#r4"",""10.1016/j.fluid.2012.08.020#d4#p1#r5"",""10.1016/j.fluid.2012.08.020#d4#p1#r6""]",3,6,6
ep_725e17c94bc02be6,mol_a3ab0bd2d4d80422,grp_5dea7427c65d07c7,train,10.1021/je400551d,10.1021/je400551d#d4#p1,20000,299.25,382.83,83.58,15,7,4,True,"[""10.1021/je400551d#d4#p1#r9"",""10.1021/je400551d#d4#p1#r12"",""10.1021/je400551d#d4#p1#r15""]","[""10.1021/je400551d#d4#p1#r1"",""10.1021/je400551d#d4#p1#r2"",""10.1021/je400551d#d4#p1#r3"",""10.1021/je400551d#d4#p1#r4""]",3,4,4
ep_73a84cadfd326ec3,mol_fcedfc9cfdf2681b,grp_5dea7427c65d07c7,train,10.1021/je060406c,10.1021/je060406c#d3#p1,20000,293.2,343,49.8,11,4,3,True,"[""10.1021/je060406c#d3#p1#r8"",""10.1021/je060406c#d3#p1#r9"",""10.1021/je060406c#d3#p1#r11""]","[""10.1021/je060406c#d3#p1#r1"",""10.1021/je060406c#d3#p1#r2"",""10.1021/je060406c#d3#p1#r3""]",3,3,3
ep_73f847b02e5d2873,mol_19e2c18c29f1a863,grp_5dea7427c65d07c7,train,10.1016/j.fluid.2015.05.026,10.1016/j.fluid.2015.05.026#d5#p1,20000,253.15,308.15,55,13,4,4,True,"[""10.1016/j.fluid.2015.05.026#d5#p1#r37"",""10.1016/j.fluid.2015.05.026#d5#p1#r40"",""10.1016/j.fluid.2015.05.026#d5#p1#r46""]","[""10.1016/j.fluid.2015.05.026#d5#p1#r10"",""10.1016/j.fluid.2015.05.026#d5#p1#r11"",""10.1016/j.fluid.2015.05.026#d5#p1#r13"",""10.1016/j.fluid.2015.05.026#d5#p1#r14"",""10.1016/j.fluid.2015.05.026#d5#p1#r15"",""10.1016/j.fluid.2015.05.026#d5#p1#r16"",""10.1016/j.fluid.2015.05.026#d5#p1#r17"",""10.1016/j.fluid.2015.05.026#d5#p1#r18"",""10.1016/j.fluid.2015.05.026#d5#p1#r19"",""10.1016/j.fluid.2015.05.026#d5#p1#r20"",""10.1016/j.fluid.2015.05.026#d5#p1#r21""]",3,11,4
ep_740755243b12ebd0,mol_b29c79d05f29858b,grp_5dea7427c65d07c7,train,10.1016/j.jct.2004.08.004,10.1016/j.jct.2004.08.004#d7#p1,20000,318.1,363.2,45.1,15,5,4,True,"[""10.1016/j.jct.2004.08.004#d7#p1#r13"",""10.1016/j.jct.2004.08.004#d7#p1#r15"",""10.1016/j.jct.2004.08.004#d7#p1#r17""]","[""10.1016/j.jct.2004.08.004#d7#p1#r3"",""10.1016/j.jct.2004.08.004#d7#p1#r4"",""10.1016/j.jct.2004.08.004#d7#p1#r5"",""10.1016/j.jct.2004.08.004#d7#p1#r6""]",3,4,4
ep_758d805e6a349f87,mol_b6febdc80ab19a61,grp_5dea7427c65d07c7,train,10.1021/je060406c,10.1021/je060406c#d2#p1,20000,278.4,313.2,34.8,9,3,3,True,"[""10.1021/je060406c#d2#p1#r7"",""10.1021/je060406c#d2#p1#r8"",""10.1021/je060406c#d2#p1#r9""]","[""10.1021/je060406c#d2#p1#r1"",""10.1021/je060406c#d2#p1#r2"",""10.1021/je060406c#d2#p1#r3""]",3,3,3
ep_7726a6a974d46ec4,mol_6d4f973d7e18814a,grp_fba476a25f980753,test,10.1021/je5008795,10.1021/je5008795#d4#p1,20000,276.4,317.8,41.4,23,7,7,True,"[""10.1021/je5008795#d4#p1#r18"",""10.1021/je5008795#d4#p1#r21"",""10.1021/je5008795#d4#p1#r24""]","[""10.1021/je5008795#d4#p1#r1"",""10.1021/je5008795#d4#p1#r2"",""10.1021/je5008795#d4#p1#r3"",""10.1021/je5008795#d4#p1#r4"",""10.1021/je5008795#d4#p1#r5"",""10.1021/je5008795#d4#p1#r6"",""10.1021/je5008795#d4#p1#r7""]",3,7,7
ep_78b8fdf6bea4ff81,mol_e7c5258b801f1038,grp_a2fcc12936d735c8,train,10.1016/j.fluid.2019.03.004,10.1016/j.fluid.2019.03.004#d3#p1,20000,293.9,343.5,49.6,11,3,4,True,"[""10.1016/j.fluid.2019.03.004#d3#p1#r12"",""10.1016/j.fluid.2019.03.004#d3#p1#r13"",""10.1016/j.fluid.2019.03.004#d3#p1#r14""]","[""10.1016/j.fluid.2019.03.004#d3#p1#r4"",""10.1016/j.fluid.2019.03.004#d3#p1#r5"",""10.1016/j.fluid.2019.03.004#d3#p1#r6"",""10.1016/j.fluid.2019.03.004#d3#p1#r7""]",3,4,4
ep_79fdbfee6e9f659d,mol_f2aab7d7c225f1ac,grp_5dea7427c65d07c7,train,10.1021/je050523s,10.1021/je050523s#d6#p1,20000,313.06,366.06,53,10,5,2,True,"[""10.1021/je050523s#d6#p1#r6"",""10.1021/je050523s#d6#p1#r8"",""10.1021/je050523s#d6#p1#r10""]","[""10.1021/je050523s#d6#p1#r1"",""10.1021/je050523s#d6#p1#r2""]",3,2,2
ep_7af7e939e5100f84,mol_919fb7158bc3ca7a,grp_4cb2ec77bd45a869,test,10.1016/j.jct.2005.11.009,10.1016/j.jct.2005.11.009#d4#p1,20000,327.3,363.8,36.5,9,3,3,True,"[""10.1016/j.jct.2005.11.009#d4#p1#r10"",""10.1016/j.jct.2005.11.009#d4#p1#r11"",""10.1016/j.jct.2005.11.009#d4#p1#r12""]","[""10.1016/j.jct.2005.11.009#d4#p1#r4"",""10.1016/j.jct.2005.11.009#d4#p1#r5"",""10.1016/j.jct.2005.11.009#d4#p1#r6""]",3,3,3
ep_7b8c559c4744b468,mol_90b69659cd0ca4f3,grp_5dea7427c65d07c7,train,10.1016/j.tca.2017.12.006,10.1016/j.tca.2017.12.006#d2#p1,20000,293.5,348.8,55.3,12,4,4,True,"[""10.1016/j.tca.2017.12.006#d2#p1#r9"",""10.1016/j.tca.2017.12.006#d2#p1#r10"",""10.1016/j.tca.2017.12.006#d2#p1#r12""]","[""10.1016/j.tca.2017.12.006#d2#p1#r1"",""10.1016/j.tca.2017.12.006#d2#p1#r2"",""10.1016/j.tca.2017.12.006#d2#p1#r3"",""10.1016/j.tca.2017.12.006#d2#p1#r4""]",3,4,4
ep_7bea779ce8203e65,mol_8b6a2383c538f690,grp_5dea7427c65d07c7,train,10.1021/acs.jced.5b00537,10.1021/acs.jced.5b00537#d6#p1,20000,296.87,342.515,45.645,22,7,6,True,"[""10.1021/acs.jced.5b00537#d6#p1#r17"",""10.1021/acs.jced.5b00537#d6#p1#r20"",""10.1021/acs.jced.5b00537#d6#p1#r23""]","[""10.1021/acs.jced.5b00537#d6#p1#r1"",""10.1021/acs.jced.5b00537#d6#p1#r2"",""10.1021/acs.jced.5b00537#d6#p1#r3"",""10.1021/acs.jced.5b00537#d6#p1#r30"",""10.1021/acs.jced.5b00537#d6#p1#r4"",""10.1021/acs.jced.5b00537#d6#p1#r5"",""10.1021/acs.jced.5b00537#d6#p1#r6""]",3,7,6
ep_7c25eb9911038ac1,mol_edce7975f30639d1,grp_edce7975f30639d1,validation,10.1021/je800122x,10.1021/je800122x#d5#p1,20000,303.15,367.15,64,11,6,2,True,"[""10.1021/je800122x#d5#p1#r6"",""10.1021/je800122x#d5#p1#r8"",""10.1021/je800122x#d5#p1#r11""]","[""10.1021/je800122x#d5#p1#r1"",""10.1021/je800122x#d5#p1#r2""]",3,2,2
ep_7d4a8abe4c9f5b00,mol_45c573e23e91147e,grp_5dea7427c65d07c7,train,10.1021/je050056e,10.1021/je050056e#d9#p1,20000,288.35,332.89,44.54,10,3,3,True,"[""10.1021/je050056e#d9#p1#r8"",""10.1021/je050056e#d9#p1#r9"",""10.1021/je050056e#d9#p1#r10""]","[""10.1021/je050056e#d9#p1#r1"",""10.1021/je050056e#d9#p1#r2"",""10.1021/je050056e#d9#p1#r3""]",3,3,3
ep_7d8f6cd3cf3b34a1,mol_87cb1e86dd100e73,grp_5dea7427c65d07c7,train,10.1016/j.tca.2015.03.016,10.1016/j.tca.2015.03.016#d3#p1,20000,275.35,314.3,38.95,14,4,4,True,"[""10.1016/j.tca.2015.03.016#d3#p1#r13"",""10.1016/j.tca.2015.03.016#d3#p1#r14"",""10.1016/j.tca.2015.03.016#d3#p1#r16""]","[""10.1016/j.tca.2015.03.016#d3#p1#r1"",""10.1016/j.tca.2015.03.016#d3#p1#r2"",""10.1016/j.tca.2015.03.016#d3#p1#r3"",""10.1016/j.tca.2015.03.016#d3#p1#r4"",""10.1016/j.tca.2015.03.016#d3#p1#r5"",""10.1016/j.tca.2015.03.016#d3#p1#r6""]",3,6,4
ep_7ee564e661caf8fe,mol_49187baee97f9d09,grp_5dea7427c65d07c7,train,10.1016/j.jct.2012.07.005,10.1016/j.jct.2012.07.005#d1#p1,20000,273.15,363.15,90,11,3,4,True,"[""10.1016/j.jct.2012.07.005#d1#p1#r9"",""10.1016/j.jct.2012.07.005#d1#p1#r10"",""10.1016/j.jct.2012.07.005#d1#p1#r11""]","[""10.1016/j.jct.2012.07.005#d1#p1#r1"",""10.1016/j.jct.2012.07.005#d1#p1#r2"",""10.1016/j.jct.2012.07.005#d1#p1#r3"",""10.1016/j.jct.2012.07.005#d1#p1#r4""]",3,4,4
ep_7f42de984d636d3c,mol_eb0e7cd1593e34a5,grp_5dea7427c65d07c7,train,10.1016/j.fluid.2014.03.003,10.1016/j.fluid.2014.03.003#d6#p1,20000,303.15,358.15,55,7,3,2,True,"[""10.1016/j.fluid.2014.03.003#d6#p1#r5"",""10.1016/j.fluid.2014.03.003#d6#p1#r6"",""10.1016/j.fluid.2014.03.003#d6#p1#r7""]","[""10.1016/j.fluid.2014.03.003#d6#p1#r1"",""10.1016/j.fluid.2014.03.003#d6#p1#r2""]",3,2,2
ep_808d91e774485d05,mol_8c6d4251bbcdb100,grp_5dea7427c65d07c7,train,10.1021/je500784s,10.1021/je500784s#d2#p1,20000,283.8,314.6,30.8,12,4,4,True,"[""10.1021/je500784s#d2#p1#r9"",""10.1021/je500784s#d2#p1#r10"",""10.1021/je500784s#d2#p1#r12""]","[""10.1021/je500784s#d2#p1#r1"",""10.1021/je500784s#d2#p1#r2"",""10.1021/je500784s#d2#p1#r3"",""10.1021/je500784s#d2#p1#r4""]",3,4,4
ep_8090355a7281a2dc,mol_15c27366f9af4374,grp_5dea7427c65d07c7,train,10.1021/je049823k,10.1021/je049823k#d2#p1,20000,277.8,308,30.2,24,5,7,True,"[""10.1021/je049823k#d2#p1#r20"",""10.1021/je049823k#d2#p1#r22"",""10.1021/je049823k#d2#p1#r25""]","[""10.1021/je049823k#d2#p1#r1"",""10.1021/je049823k#d2#p1#r2"",""10.1021/je049823k#d2#p1#r3"",""10.1021/je049823k#d2#p1#r4"",""10.1021/je049823k#d2#p1#r5"",""10.1021/je049823k#d2#p1#r6"",""10.1021/je049823k#d2#p1#r7""]",3,7,7
ep_80956e605c16fac7,mol_e43335be86f26619,grp_5dea7427c65d07c7,train,10.1021/acs.jced.5b00752,10.1021/acs.jced.5b00752#d2#p1,20000,357.1905,422.548,65.3575,13,3,4,True,"[""10.1021/acs.jced.5b00752#d2#p1#r19"",""10.1021/acs.jced.5b00752#d2#p1#r20"",""10.1021/acs.jced.5b00752#d2#p1#r21""]","[""10.1021/acs.jced.5b00752#d2#p1#r1"",""10.1021/acs.jced.5b00752#d2#p1#r2"",""10.1021/acs.jced.5b00752#d2#p1#r3"",""10.1021/acs.jced.5b00752#d2#p1#r4"",""10.1021/acs.jced.5b00752#d2#p1#r5"",""10.1021/acs.jced.5b00752#d2#p1#r6""]",3,6,4
ep_83a4626182880629,mol_e5ba696e954bd32c,grp_5dea7427c65d07c7,train,10.1016/j.jct.2011.11.004,10.1016/j.jct.2011.11.004#d8#p1,20000,273.5,323.1,49.6,24,4,13,True,"[""10.1016/j.jct.2011.11.004#d8#p1#r26"",""10.1016/j.jct.2011.11.004#d8#p1#r28"",""10.1016/j.jct.2011.11.004#d8#p1#r32""]","[""10.1016/j.jct.2011.11.004#d8#p1#r1"",""10.1016/j.jct.2011.11.004#d8#p1#r10"",""10.1016/j.jct.2011.11.004#d8#p1#r11"",""10.1016/j.jct.2011.11.004#d8#p1#r12"",""10.1016/j.jct.2011.11.004#d8#p1#r13"",""10.1016/j.jct.2011.11.004#d8#p1#r14"",""10.1016/j.jct.2011.11.004#d8#p1#r15"",""10.1016/j.jct.2011.11.004#d8#p1#r16"",""10.1016/j.jct.2011.11.004#d8#p1#r2"",""10.1016/j.jct.2011.11.004#d8#p1#r3"",""10.1016/j.jct.2011.11.004#d8#p1#r4"",""10.1016/j.jct.2011.11.004#d8#p1#r5"",""10.1016/j.jct.2011.11.004#d8#p1#r6"",""10.1016/j.jct.2011.11.004#d8#p1#r7"",""10.1016/j.jct.2011.11.004#d8#p1#r8"",""10.1016/j.jct.2011.11.004#d8#p1#r9""]",3,16,13
ep_83cf5bcc0b01bccd,mol_05794401663d5ca6,grp_5dea7427c65d07c7,train,10.1021/je2002489,10.1021/je2002489#d3#p1,20000,303.2,359.2,56,23,7,7,True,"[""10.1021/je2002489#d3#p1#r17"",""10.1021/je2002489#d3#p1#r20"",""10.1021/je2002489#d3#p1#r23""]","[""10.1021/je2002489#d3#p1#r1"",""10.1021/je2002489#d3#p1#r2"",""10.1021/je2002489#d3#p1#r3"",""10.1021/je2002489#d3#p1#r4"",""10.1021/je2002489#d3#p1#r5"",""10.1021/je2002489#d3#p1#r6"",""10.1021/je2002489#d3#p1#r7""]",3,7,7
ep_852ba86a50671bfb,mol_6d0e5399ac339a30,grp_5dea7427c65d07c7,train,10.1016/j.jct.2009.09.003,10.1016/j.jct.2009.09.003#d6#p1,20000,297.8,331.8,34,16,3,6,True,"[""10.1016/j.jct.2009.09.003#d6#p1#r15"",""10.1016/j.jct.2009.09.003#d6#p1#r16"",""10.1016/j.jct.2009.09.003#d6#p1#r17""]","[""10.1016/j.jct.2009.09.003#d6#p1#r1"",""10.1016/j.jct.2009.09.003#d6#p1#r2"",""10.1016/j.jct.2009.09.003#d6#p1#r3"",""10.1016/j.jct.2009.09.003#d6#p1#r4"",""10.1016/j.jct.2009.09.003#d6#p1#r5"",""10.1016/j.jct.2009.09.003#d6#p1#r6"",""10.1016/j.jct.2009.09.003#d6#p1#r7""]",3,7,6
ep_85ab396408cf4977,mol_4b509cb5dad13c84,grp_ee24c20719261d11,validation,10.1016/j.jct.2013.01.009,10.1016/j.jct.2013.01.009#d1#p1,20000,253.19,308.175,54.985,12,4,4,True,"[""10.1016/j.jct.2013.01.009#d1#p1#r31"",""10.1016/j.jct.2013.01.009#d1#p1#r34"",""10.1016/j.jct.2013.01.009#d1#p1#r40""]","[""10.1016/j.jct.2013.01.009#d1#p1#r10"",""10.1016/j.jct.2013.01.009#d1#p1#r11"",""10.1016/j.jct.2013.01.009#d1#p1#r12"",""10.1016/j.jct.2013.01.009#d1#p1#r13"",""10.1016/j.jct.2013.01.009#d1#p1#r16"",""10.1016/j.jct.2013.01.009#d1#p1#r17"",""10.1016/j.jct.2013.01.009#d1#p1#r18"",""10.1016/j.jct.2013.01.009#d1#p1#r7"",""10.1016/j.jct.2013.01.009#d1#p1#r8""]",3,9,4
ep_85f62bc82d9c44c3,mol_7a16410ce17aa41e,grp_9dc3cc34781e7516,train,10.1016/j.fluid.2016.06.011,10.1016/j.fluid.2016.06.011#d8#p1,20000,278.14,327.95,49.81,11,4,4,True,"[""10.1016/j.fluid.2016.06.011#d8#p1#r8"",""10.1016/j.fluid.2016.06.011#d8#p1#r9"",""10.1016/j.fluid.2016.06.011#d8#p1#r11""]","[""10.1016/j.fluid.2016.06.011#d8#p1#r1"",""10.1016/j.fluid.2016.06.011#d8#p1#r2"",""10.1016/j.fluid.2016.06.011#d8#p1#r3"",""10.1016/j.fluid.2016.06.011#d8#p1#r4""]",3,4,4
ep_86e6501e04e35d89,mol_a41185fe88971a35,grp_5ed1239f1de5ca2c,validation,10.1016/j.jct.2018.07.020,10.1016/j.jct.2018.07.020#d14#p1,20000,298.2,358.2,60,14,5,3,True,"[""10.1016/j.jct.2018.07.020#d14#p1#r11"",""10.1016/j.jct.2018.07.020#d14#p1#r13"",""10.1016/j.jct.2018.07.020#d14#p1#r15""]","[""10.1016/j.jct.2018.07.020#d14#p1#r1"",""10.1016/j.jct.2018.07.020#d14#p1#r2"",""10.1016/j.jct.2018.07.020#d14#p1#r3""]",3,3,3
ep_87656b5fb8851940,mol_5a16c79c0cd15799,grp_642c5927dec37b59,validation,10.1016/j.fluid.2011.07.007,10.1016/j.fluid.2011.07.007#d14#p1,20000,293.7,345.5,51.8,21,5,7,True,"[""10.1016/j.fluid.2011.07.007#d14#p1#r17"",""10.1016/j.fluid.2011.07.007#d14#p1#r19"",""10.1016/j.fluid.2011.07.007#d14#p1#r21""]","[""10.1016/j.fluid.2011.07.007#d14#p1#r1"",""10.1016/j.fluid.2011.07.007#d14#p1#r2"",""10.1016/j.fluid.2011.07.007#d14#p1#r3"",""10.1016/j.fluid.2011.07.007#d14#p1#r4"",""10.1016/j.fluid.2011.07.007#d14#p1#r5"",""10.1016/j.fluid.2011.07.007#d14#p1#r6"",""10.1016/j.fluid.2011.07.007#d14#p1#r7""]",3,7,7
ep_876e761a633c9b5e,mol_43e3cdae7078a32d,grp_5dea7427c65d07c7,train,10.1021/je800530u,10.1021/je800530u#d3#p1,20000,273.18,338.18,65,14,4,4,True,"[""10.1021/je800530u#d3#p1#r11"",""10.1021/je800530u#d3#p1#r12"",""10.1021/je800530u#d3#p1#r14""]","[""10.1021/je800530u#d3#p1#r1"",""10.1021/je800530u#d3#p1#r2"",""10.1021/je800530u#d3#p1#r3"",""10.1021/je800530u#d3#p1#r4""]",3,4,4
ep_8924f2827fe941b0,mol_a6bd173c68da330b,grp_ee24c20719261d11,validation,10.1016/j.jct.2013.01.009,10.1016/j.jct.2013.01.009#d5#p1,20000,253.14,308.15,55.01,12,4,4,True,"[""10.1016/j.jct.2013.01.009#d5#p1#r28"",""10.1016/j.jct.2013.01.009#d5#p1#r31"",""10.1016/j.jct.2013.01.009#d5#p1#r37""]","[""10.1016/j.jct.2013.01.009#d5#p1#r10"",""10.1016/j.jct.2013.01.009#d5#p1#r11"",""10.1016/j.jct.2013.01.009#d5#p1#r13"",""10.1016/j.jct.2013.01.009#d5#p1#r14"",""10.1016/j.jct.2013.01.009#d5#p1#r4"",""10.1016/j.jct.2013.01.009#d5#p1#r6"",""10.1016/j.jct.2013.01.009#d5#p1#r7"",""10.1016/j.jct.2013.01.009#d5#p1#r9""]",3,8,4
ep_8926592d7fa4df3a,mol_ea2566e6eed8815a,grp_554ad3ddcfbe3579,test,10.1016/j.jct.2011.05.004,10.1016/j.jct.2011.05.004#d1#p1,20000,279.1,341,61.9,23,8,6,True,"[""10.1016/j.jct.2011.05.004#d1#p1#r16"",""10.1016/j.jct.2011.05.004#d1#p1#r19"",""10.1016/j.jct.2011.05.004#d1#p1#r23""]","[""10.1016/j.jct.2011.05.004#d1#p1#r1"",""10.1016/j.jct.2011.05.004#d1#p1#r2"",""10.1016/j.jct.2011.05.004#d1#p1#r3"",""10.1016/j.jct.2011.05.004#d1#p1#r4"",""10.1016/j.jct.2011.05.004#d1#p1#r5"",""10.1016/j.jct.2011.05.004#d1#p1#r6""]",3,6,6
ep_89fd93f882d989c6,mol_9da490861744c9f8,grp_5dea7427c65d07c7,train,10.1021/je0602418,10.1021/je0602418#d26#p1,20000,323.4,373.8,50.4,12,3,4,True,"[""10.1021/je0602418#d26#p1#r14"",""10.1021/je0602418#d26#p1#r15"",""10.1021/je0602418#d26#p1#r16""]","[""10.1021/je0602418#d26#p1#r5"",""10.1021/je0602418#d26#p1#r6"",""10.1021/je0602418#d26#p1#r7"",""10.1021/je0602418#d26#p1#r8""]",3,4,4
ep_8a01c70e4475daf0,mol_de3e3d42cdadcfe7,grp_81ebf8339e108f8a,train,10.1016/j.jct.2012.07.027,10.1016/j.jct.2012.07.027#d4#p1,20000,285.3,333.97,48.67,27,8,8,True,"[""10.1016/j.jct.2012.07.027#d4#p1#r20"",""10.1016/j.jct.2012.07.027#d4#p1#r23"",""10.1016/j.jct.2012.07.027#d4#p1#r27""]","[""10.1016/j.jct.2012.07.027#d4#p1#r1"",""10.1016/j.jct.2012.07.027#d4#p1#r2"",""10.1016/j.jct.2012.07.027#d4#p1#r3"",""10.1016/j.jct.2012.07.027#d4#p1#r4"",""10.1016/j.jct.2012.07.027#d4#p1#r5"",""10.1016/j.jct.2012.07.027#d4#p1#r6"",""10.1016/j.jct.2012.07.027#d4#p1#r7"",""10.1016/j.jct.2012.07.027#d4#p1#r8""]",3,8,8
ep_8ac73a4e25d89aec,mol_bbb0421bb336b7e6,grp_5dea7427c65d07c7,train,10.1016/j.jct.2019.01.007,10.1016/j.jct.2019.01.007#d14#p1,20000,369.05,425.15,56.1,25,10,6,True,"[""10.1016/j.jct.2019.01.007#d14#p1#r18"",""10.1016/j.jct.2019.01.007#d14#p1#r24"",""10.1016/j.jct.2019.01.007#d14#p1#r25""]","[""10.1016/j.jct.2019.01.007#d14#p1#r11"",""10.1016/j.jct.2019.01.007#d14#p1#r14"",""10.1016/j.jct.2019.01.007#d14#p1#r15"",""10.1016/j.jct.2019.01.007#d14#p1#r16"",""10.1016/j.jct.2019.01.007#d14#p1#r5"",""10.1016/j.jct.2019.01.007#d14#p1#r8""]",3,6,6
ep_8c47ef42c6f2b74b,mol_6b591adbd02d1012,grp_fe68aa4179fd65d6,test,10.1016/j.jct.2013.11.003,10.1016/j.jct.2013.11.003#d2#p1,20000,278.1,324.7,46.6,17,5,5,True,"[""10.1016/j.jct.2013.11.003#d2#p1#r13"",""10.1016/j.jct.2013.11.003#d2#p1#r15"",""10.1016/j.jct.2013.11.003#d2#p1#r17""]","[""10.1016/j.jct.2013.11.003#d2#p1#r1"",""10.1016/j.jct.2013.11.003#d2#p1#r2"",""10.1016/j.jct.2013.11.003#d2#p1#r3"",""10.1016/j.jct.2013.11.003#d2#p1#r4"",""10.1016/j.jct.2013.11.003#d2#p1#r5""]",3,5,5
ep_8d3ccad8cb02a98d,mol_9cc087861df9b063,grp_5dea7427c65d07c7,train,10.1016/j.jct.2018.08.025,10.1016/j.jct.2018.08.025#d2#p1,20000,292.98,362.95,69.97,9,4,3,True,"[""10.1016/j.jct.2018.08.025#d2#p1#r10"",""10.1016/j.jct.2018.08.025#d2#p1#r11"",""10.1016/j.jct.2018.08.025#d2#p1#r15""]","[""10.1016/j.jct.2018.08.025#d2#p1#r1"",""10.1016/j.jct.2018.08.025#d2#p1#r3"",""10.1016/j.jct.2018.08.025#d2#p1#r4"",""10.1016/j.jct.2018.08.025#d2#p1#r5""]",3,4,3
ep_8dcb3ba97c6648dc,mol_a52eb3ec1414bb0f,grp_5dea7427c65d07c7,train,10.1016/j.fluid.2012.08.003,10.1016/j.fluid.2012.08.003#d6#p1,20000,274.1,328.4,54.3,16,6,6,True,"[""10.1016/j.fluid.2012.08.003#d6#p1#r11"",""10.1016/j.fluid.2012.08.003#d6#p1#r13"",""10.1016/j.fluid.2012.08.003#d6#p1#r16""]","[""10.1016/j.fluid.2012.08.003#d6#p1#r1"",""10.1016/j.fluid.2012.08.003#d6#p1#r2"",""10.1016/j.fluid.2012.08.003#d6#p1#r3"",""10.1016/j.fluid.2012.08.003#d6#p1#r4"",""10.1016/j.fluid.2012.08.003#d6#p1#r5"",""10.1016/j.fluid.2012.08.003#d6#p1#r6""]",3,6,6
ep_8ff785d05e570a7c,mol_fe38c48a132d8ec5,grp_5dea7427c65d07c7,train,10.1021/je049561m,10.1021/je049561m#d3#p1,20000,288.2,353.4,65.2,23,7,5,True,"[""10.1021/je049561m#d3#p1#r23"",""10.1021/je049561m#d3#p1#r26"",""10.1021/je049561m#d3#p1#r29""]","[""10.1021/je049561m#d3#p1#r2"",""10.1021/je049561m#d3#p1#r3"",""10.1021/je049561m#d3#p1#r4"",""10.1021/je049561m#d3#p1#r5"",""10.1021/je049561m#d3#p1#r6""]",3,5,5
ep_91a7e940e06c14c3,mol_f805442db4c4ce39,grp_5dea7427c65d07c7,train,10.1016/j.fluid.2008.02.001,10.1016/j.fluid.2008.02.001#d8#p1,20000,273.6,313.3,39.7,22,6,7,True,"[""10.1016/j.fluid.2008.02.001#d8#p1#r17"",""10.1016/j.fluid.2008.02.001#d8#p1#r19"",""10.1016/j.fluid.2008.02.001#d8#p1#r22""]","[""10.1016/j.fluid.2008.02.001#d8#p1#r1"",""10.1016/j.fluid.2008.02.001#d8#p1#r2"",""10.1016/j.fluid.2008.02.001#d8#p1#r3"",""10.1016/j.fluid.2008.02.001#d8#p1#r4"",""10.1016/j.fluid.2008.02.001#d8#p1#r5"",""10.1016/j.fluid.2008.02.001#d8#p1#r6"",""10.1016/j.fluid.2008.02.001#d8#p1#r7""]",3,7,7
ep_91aab2146cfa6718,mol_1e9d2e26a6ddc23d,grp_5dea7427c65d07c7,train,10.1021/je100231g,10.1021/je100231g#d2#p1,20000,283.8,316.3,32.5,13,4,4,True,"[""10.1021/je100231g#d2#p1#r10"",""10.1021/je100231g#d2#p1#r11"",""10.1021/je100231g#d2#p1#r13""]","[""10.1021/je100231g#d2#p1#r1"",""10.1021/je100231g#d2#p1#r2"",""10.1021/je100231g#d2#p1#r3"",""10.1021/je100231g#d2#p1#r4""]",3,4,4
ep_922abfd47a957584,mol_08c55f7701cab54c,grp_5dea7427c65d07c7,train,10.1021/acs.jced.7b00599,10.1021/acs.jced.7b00599#d2#p1,20000,258.55,308.25,49.7,10,4,3,True,"[""10.1021/acs.jced.7b00599#d2#p1#r7"",""10.1021/acs.jced.7b00599#d2#p1#r8"",""10.1021/acs.jced.7b00599#d2#p1#r10""]","[""10.1021/acs.jced.7b00599#d2#p1#r1"",""10.1021/acs.jced.7b00599#d2#p1#r2"",""10.1021/acs.jced.7b00599#d2#p1#r3""]",3,3,3
ep_92c80dfc638de037,mol_b1900020b9218f7f,grp_5dea7427c65d07c7,train,10.1016/j.jct.2005.08.003,10.1016/j.jct.2005.08.003#d2#p1,20000,274.5,306.1,31.6,12,4,4,True,"[""10.1016/j.jct.2005.08.003#d2#p1#r9"",""10.1016/j.jct.2005.08.003#d2#p1#r10"",""10.1016/j.jct.2005.08.003#d2#p1#r12""]","[""10.1016/j.jct.2005.08.003#d2#p1#r1"",""10.1016/j.jct.2005.08.003#d2#p1#r2"",""10.1016/j.jct.2005.08.003#d2#p1#r3"",""10.1016/j.jct.2005.08.003#d2#p1#r4""]",3,4,4
ep_9309fe93a887ef83,mol_354c60c5de252d85,grp_5ed1239f1de5ca2c,validation,10.1016/j.fluid.2016.11.010,10.1016/j.fluid.2016.11.010#d1#p1,20000,308.6,353.1,44.5,11,3,4,True,"[""10.1016/j.fluid.2016.11.010#d1#p1#r10"",""10.1016/j.fluid.2016.11.010#d1#p1#r11"",""10.1016/j.fluid.2016.11.010#d1#p1#r12""]","[""10.1016/j.fluid.2016.11.010#d1#p1#r2"",""10.1016/j.fluid.2016.11.010#d1#p1#r3"",""10.1016/j.fluid.2016.11.010#d1#p1#r4"",""10.1016/j.fluid.2016.11.010#d1#p1#r5""]",3,4,4
ep_932ed5e2ea4c4030,mol_e8aebb5fa90accd4,grp_5dea7427c65d07c7,train,10.1021/je400951k,10.1021/je400951k#d4#p1,20000,381.09,442.35,61.26,12,3,3,True,"[""10.1021/je400951k#d4#p1#r10"",""10.1021/je400951k#d4#p1#r11"",""10.1021/je400951k#d4#p1#r12""]","[""10.1021/je400951k#d4#p1#r1"",""10.1021/je400951k#d4#p1#r2"",""10.1021/je400951k#d4#p1#r3""]",3,3,3
ep_9356c723cd016691,mol_89b8d3deb9a49ab7,grp_5dea7427c65d07c7,train,10.1016/j.jct.2014.04.022,10.1016/j.jct.2014.04.022#d3#p1,20000,253.15,308.15,55,13,4,4,True,"[""10.1016/j.jct.2014.04.022#d3#p1#r37"",""10.1016/j.jct.2014.04.022#d3#p1#r40"",""10.1016/j.jct.2014.04.022#d3#p1#r46""]","[""10.1016/j.jct.2014.04.022#d3#p1#r10"",""10.1016/j.jct.2014.04.022#d3#p1#r11"",""10.1016/j.jct.2014.04.022#d3#p1#r12"",""10.1016/j.jct.2014.04.022#d3#p1#r13"",""10.1016/j.jct.2014.04.022#d3#p1#r15"",""10.1016/j.jct.2014.04.022#d3#p1#r16"",""10.1016/j.jct.2014.04.022#d3#p1#r17"",""10.1016/j.jct.2014.04.022#d3#p1#r19"",""10.1016/j.jct.2014.04.022#d3#p1#r20""]",3,9,4
ep_93fdcb3fb0007bc9,mol_a88bcd30dca14fa1,grp_5dea7427c65d07c7,train,10.1016/j.fluid.2008.02.001,10.1016/j.fluid.2008.02.001#d6#p1,20000,273.9,310.4,36.5,15,4,6,True,"[""10.1016/j.fluid.2008.02.001#d6#p1#r12"",""10.1016/j.fluid.2008.02.001#d6#p1#r13"",""10.1016/j.fluid.2008.02.001#d6#p1#r15""]","[""10.1016/j.fluid.2008.02.001#d6#p1#r1"",""10.1016/j.fluid.2008.02.001#d6#p1#r2"",""10.1016/j.fluid.2008.02.001#d6#p1#r3"",""10.1016/j.fluid.2008.02.001#d6#p1#r4"",""10.1016/j.fluid.2008.02.001#d6#p1#r5"",""10.1016/j.fluid.2008.02.001#d6#p1#r6""]",3,6,6
ep_94c7f9174e0c7d6d,mol_ad9956d819d81c6a,grp_5dea7427c65d07c7,train,10.1016/j.fluid.2008.02.001,10.1016/j.fluid.2008.02.001#d7#p1,20000,274.5,309.5,35,21,6,7,True,"[""10.1016/j.fluid.2008.02.001#d7#p1#r16"",""10.1016/j.fluid.2008.02.001#d7#p1#r18"",""10.1016/j.fluid.2008.02.001#d7#p1#r21""]","[""10.1016/j.fluid.2008.02.001#d7#p1#r1"",""10.1016/j.fluid.2008.02.001#d7#p1#r2"",""10.1016/j.fluid.2008.02.001#d7#p1#r3"",""10.1016/j.fluid.2008.02.001#d7#p1#r4"",""10.1016/j.fluid.2008.02.001#d7#p1#r5"",""10.1016/j.fluid.2008.02.001#d7#p1#r6"",""10.1016/j.fluid.2008.02.001#d7#p1#r7""]",3,7,7
ep_95b90095f59c778d,mol_b2ea93772c7f152a,grp_4099771604350c09,test,10.1021/je200336c,10.1021/je200336c#d1#p1,20000,288.6,343.2,54.6,46,14,12,True,"[""10.1021/je200336c#d1#p1#r42"",""10.1021/je200336c#d1#p1#r48"",""10.1021/je200336c#d1#p1#r55""]","[""10.1021/je200336c#d1#p1#r1"",""10.1021/je200336c#d1#p1#r10"",""10.1021/je200336c#d1#p1#r11"",""10.1021/je200336c#d1#p1#r12"",""10.1021/je200336c#d1#p1#r14"",""10.1021/je200336c#d1#p1#r15"",""10.1021/je200336c#d1#p1#r16"",""10.1021/je200336c#d1#p1#r17"",""10.1021/je200336c#d1#p1#r18"",""10.1021/je200336c#d1#p1#r19"",""10.1021/je200336c#d1#p1#r2"",""10.1021/je200336c#d1#p1#r3"",""10.1021/je200336c#d1#p1#r4"",""10.1021/je200336c#d1#p1#r5"",""10.1021/je200336c#d1#p1#r6"",""10.1021/je200336c#d1#p1#r7"",""10.1021/je200336c#d1#p1#r8"",""10.1021/je200336c#d1#p1#r9""]",3,18,12
ep_9624171501dc0707,mol_214efcd2971bdb13,grp_9dc3cc34781e7516,train,10.1016/j.jct.2012.03.027,10.1016/j.jct.2012.03.027#d2#p1,20000,275.55,317.87,42.32,18,6,6,True,"[""10.1016/j.jct.2012.03.027#d2#p1#r13"",""10.1016/j.jct.2012.03.027#d2#p1#r15"",""10.1016/j.jct.2012.03.027#d2#p1#r18""]","[""10.1016/j.jct.2012.03.027#d2#p1#r1"",""10.1016/j.jct.2012.03.027#d2#p1#r2"",""10.1016/j.jct.2012.03.027#d2#p1#r3"",""10.1016/j.jct.2012.03.027#d2#p1#r4"",""10.1016/j.jct.2012.03.027#d2#p1#r5"",""10.1016/j.jct.2012.03.027#d2#p1#r6""]",3,6,6
ep_967415516da2bb5a,mol_4581eaef241767fe,grp_5dea7427c65d07c7,train,10.1021/je400783h,10.1021/je400783h#d8#p1,20000,303.15,403.15,100,21,7,7,True,"[""10.1021/je400783h#d8#p1#r15"",""10.1021/je400783h#d8#p1#r18"",""10.1021/je400783h#d8#p1#r21""]","[""10.1021/je400783h#d8#p1#r1"",""10.1021/je400783h#d8#p1#r2"",""10.1021/je400783h#d8#p1#r3"",""10.1021/je400783h#d8#p1#r4"",""10.1021/je400783h#d8#p1#r5"",""10.1021/je400783h#d8#p1#r6"",""10.1021/je400783h#d8#p1#r7""]",3,7,7
ep_96d902df91a50dcd,mol_61b46555e0b3cc39,grp_9a6e5ce866866615,validation,10.1016/j.fluid.2012.08.020,10.1016/j.fluid.2012.08.020#d14#p1,20000,323,361.3,38.3,16,5,5,True,"[""10.1016/j.fluid.2012.08.020#d14#p1#r12"",""10.1016/j.fluid.2012.08.020#d14#p1#r14"",""10.1016/j.fluid.2012.08.020#d14#p1#r16""]","[""10.1016/j.fluid.2012.08.020#d14#p1#r1"",""10.1016/j.fluid.2012.08.020#d14#p1#r2"",""10.1016/j.fluid.2012.08.020#d14#p1#r3"",""10.1016/j.fluid.2012.08.020#d14#p1#r4"",""10.1016/j.fluid.2012.08.020#d14#p1#r5""]",3,5,5
ep_983a67ddd0a278bc,mol_34651b4ffde1812d,grp_5dea7427c65d07c7,train,10.1016/j.fluid.2005.11.016,10.1016/j.fluid.2005.11.016#d2#p1,20000,263.15,353.15,90,10,3,3,True,"[""10.1016/j.fluid.2005.11.016#d2#p1#r8"",""10.1016/j.fluid.2005.11.016#d2#p1#r9"",""10.1016/j.fluid.2005.11.016#d2#p1#r10""]","[""10.1016/j.fluid.2005.11.016#d2#p1#r1"",""10.1016/j.fluid.2005.11.016#d2#p1#r2"",""10.1016/j.fluid.2005.11.016#d2#p1#r3""]",3,3,3
ep_9845c4738bf419f0,mol_7d567108b50dd650,grp_4099771604350c09,test,10.1021/je200336c,10.1021/je200336c#d3#p1,20000,303.3,354.2,50.9,25,10,6,True,"[""10.1021/je200336c#d3#p1#r16"",""10.1021/je200336c#d3#p1#r21"",""10.1021/je200336c#d3#p1#r26""]","[""10.1021/je200336c#d3#p1#r1"",""10.1021/je200336c#d3#p1#r2"",""10.1021/je200336c#d3#p1#r3"",""10.1021/je200336c#d3#p1#r4"",""10.1021/je200336c#d3#p1#r5"",""10.1021/je200336c#d3#p1#r6""]",3,6,6
ep_984b079ce06223f5,mol_c6ba72cee89a72d7,grp_a2fcc12936d735c8,train,10.1016/j.fluid.2019.112248,10.1016/j.fluid.2019.112248#d4#p1,20000,273.19,308.21,35.02,9,3,4,True,"[""10.1016/j.fluid.2019.112248#d4#p1#r28"",""10.1016/j.fluid.2019.112248#d4#p1#r31"",""10.1016/j.fluid.2019.112248#d4#p1#r34""]","[""10.1016/j.fluid.2019.112248#d4#p1#r10"",""10.1016/j.fluid.2019.112248#d4#p1#r12"",""10.1016/j.fluid.2019.112248#d4#p1#r13"",""10.1016/j.fluid.2019.112248#d4#p1#r14"",""10.1016/j.fluid.2019.112248#d4#p1#r15"",""10.1016/j.fluid.2019.112248#d4#p1#r16"",""10.1016/j.fluid.2019.112248#d4#p1#r17"",""10.1016/j.fluid.2019.112248#d4#p1#r18"",""10.1016/j.fluid.2019.112248#d4#p1#r19"",""10.1016/j.fluid.2019.112248#d4#p1#r20"",""10.1016/j.fluid.2019.112248#d4#p1#r21""]",3,11,4
ep_98a3e87ad5d7a762,mol_3ff2b6ab243e2db7,grp_3ff2b6ab243e2db7,test,10.1016/j.jct.2015.07.028,10.1016/j.jct.2015.07.028#d18#p1,20000,279.12,328.07,48.95,35,9,14,True,"[""10.1016/j.jct.2015.07.028#d18#p1#r25"",""10.1016/j.jct.2015.07.028#d18#p1#r35"",""10.1016/j.jct.2015.07.028#d18#p1#r33""]","[""10.1016/j.jct.2015.07.028#d18#p1#r10"",""10.1016/j.jct.2015.07.028#d18#p1#r11"",""10.1016/j.jct.2015.07.028#d18#p1#r12"",""10.1016/j.jct.2015.07.028#d18#p1#r13"",""10.1016/j.jct.2015.07.028#d18#p1#r14"",""10.1016/j.jct.2015.07.028#d18#p1#r15"",""10.1016/j.jct.2015.07.028#d18#p1#r30"",""10.1016/j.jct.2015.07.028#d18#p1#r31"",""10.1016/j.jct.2015.07.028#d18#p1#r32"",""10.1016/j.jct.2015.07.028#d18#p1#r37"",""10.1016/j.jct.2015.07.028#d18#p1#r38"",""10.1016/j.jct.2015.07.028#d18#p1#r39"",""10.1016/j.jct.2015.07.028#d18#p1#r40"",""10.1016/j.jct.2015.07.028#d18#p1#r41"",""10.1016/j.jct.2015.07.028#d18#p1#r9""]",3,15,14
ep_98b707155f01d332,mol_9c277a73dd0d1066,grp_5dea7427c65d07c7,train,10.1021/je100231g,10.1021/je100231g#d4#p1,20000,298.3,347.9,49.6,15,4,4,True,"[""10.1021/je100231g#d4#p1#r12"",""10.1021/je100231g#d4#p1#r13"",""10.1021/je100231g#d4#p1#r15""]","[""10.1021/je100231g#d4#p1#r1"",""10.1021/je100231g#d4#p1#r2"",""10.1021/je100231g#d4#p1#r3"",""10.1021/je100231g#d4#p1#r4""]",3,4,4
ep_990a6be7881d3ec4,mol_5362c7a729bf211e,grp_5dea7427c65d07c7,train,10.1016/j.fluid.2008.02.001,10.1016/j.fluid.2008.02.001#d5#p1,20000,273.7,308.4,34.7,21,7,8,True,"[""10.1016/j.fluid.2008.02.001#d5#p1#r16"",""10.1016/j.fluid.2008.02.001#d5#p1#r19"",""10.1016/j.fluid.2008.02.001#d5#p1#r22""]","[""10.1016/j.fluid.2008.02.001#d5#p1#r1"",""10.1016/j.fluid.2008.02.001#d5#p1#r2"",""10.1016/j.fluid.2008.02.001#d5#p1#r3"",""10.1016/j.fluid.2008.02.001#d5#p1#r4"",""10.1016/j.fluid.2008.02.001#d5#p1#r5"",""10.1016/j.fluid.2008.02.001#d5#p1#r6"",""10.1016/j.fluid.2008.02.001#d5#p1#r7"",""10.1016/j.fluid.2008.02.001#d5#p1#r8"",""10.1016/j.fluid.2008.02.001#d5#p1#r9""]",3,9,8
ep_991477d00ca5f0ef,mol_8f32c24fded8ca18,grp_8f32c24fded8ca18,validation,10.1021/je300784x,10.1021/je300784x#d1#p1,20000,380.221,428.48,48.259,11,4,4,True,"[""10.1021/je300784x#d1#p1#r8"",""10.1021/je300784x#d1#p1#r9"",""10.1021/je300784x#d1#p1#r11""]","[""10.1021/je300784x#d1#p1#r1"",""10.1021/je300784x#d1#p1#r2"",""10.1021/je300784x#d1#p1#r3"",""10.1021/je300784x#d1#p1#r4""]",3,4,4
ep_99414a9bbf7a0e2d,mol_d40206d67276aa8c,grp_5dea7427c65d07c7,train,10.1016/j.fluid.2007.03.017,10.1016/j.fluid.2007.03.017#d3#p1,20000,263.75,343.18,79.43,9,3,3,True,"[""10.1016/j.fluid.2007.03.017#d3#p1#r7"",""10.1016/j.fluid.2007.03.017#d3#p1#r8"",""10.1016/j.fluid.2007.03.017#d3#p1#r9""]","[""10.1016/j.fluid.2007.03.017#d3#p1#r1"",""10.1016/j.fluid.2007.03.017#d3#p1#r2"",""10.1016/j.fluid.2007.03.017#d3#p1#r3""]",3,3,3
ep_9946848d20c9073a,mol_29b0042d758abfd8,grp_5dea7427c65d07c7,train,10.1021/je060406c,10.1021/je060406c#d4#p1,20000,287.8,363.3,75.5,19,5,7,True,"[""10.1021/je060406c#d4#p1#r17"",""10.1021/je060406c#d4#p1#r19"",""10.1021/je060406c#d4#p1#r21""]","[""10.1021/je060406c#d4#p1#r1"",""10.1021/je060406c#d4#p1#r2"",""10.1021/je060406c#d4#p1#r3"",""10.1021/je060406c#d4#p1#r4"",""10.1021/je060406c#d4#p1#r5"",""10.1021/je060406c#d4#p1#r6"",""10.1021/je060406c#d4#p1#r7""]",3,7,7
ep_99e8ba5bcbfbeffe,mol_8576484ee77b5757,grp_5dea7427c65d07c7,train,10.1016/j.fluid.2019.112241,10.1016/j.fluid.2019.112241#d7#p1,20000,331.5,364.2,32.7,14,5,4,True,"[""10.1016/j.fluid.2019.112241#d7#p1#r17"",""10.1016/j.fluid.2019.112241#d7#p1#r19"",""10.1016/j.fluid.2019.112241#d7#p1#r21""]","[""10.1016/j.fluid.2019.112241#d7#p1#r10"",""10.1016/j.fluid.2019.112241#d7#p1#r6"",""10.1016/j.fluid.2019.112241#d7#p1#r7"",""10.1016/j.fluid.2019.112241#d7#p1#r8"",""10.1016/j.fluid.2019.112241#d7#p1#r9""]",3,5,4
ep_9a9357cd6eebe6f9,mol_e983a25bd52a944d,grp_5dea7427c65d07c7,train,10.1021/je060184i,10.1021/je060184i#d3#p1,20000,263.15,303.15,40,6,3,2,True,"[""10.1021/je060184i#d3#p1#r4"",""10.1021/je060184i#d3#p1#r5"",""10.1021/je060184i#d3#p1#r6""]","[""10.1021/je060184i#d3#p1#r1"",""10.1021/je060184i#d3#p1#r2""]",3,2,2
ep_9ab4e43721edc1af,mol_86789b7323092b84,grp_5dea7427c65d07c7,train,10.1016/j.jct.2005.08.003,10.1016/j.jct.2005.08.003#d3#p1,20000,274.5,309.2,34.7,12,4,4,True,"[""10.1016/j.jct.2005.08.003#d3#p1#r9"",""10.1016/j.jct.2005.08.003#d3#p1#r10"",""10.1016/j.jct.2005.08.003#d3#p1#r12""]","[""10.1016/j.jct.2005.08.003#d3#p1#r1"",""10.1016/j.jct.2005.08.003#d3#p1#r2"",""10.1016/j.jct.2005.08.003#d3#p1#r3"",""10.1016/j.jct.2005.08.003#d3#p1#r4""]",3,4,4
ep_9c20f44d9071f64a,mol_61fcafdd88a47b4b,grp_5dea7427c65d07c7,train,10.1016/j.jct.2011.06.008,10.1016/j.jct.2011.06.008#d8#p1,20000,318.1,356.6,38.5,29,5,12,True,"[""10.1016/j.jct.2011.06.008#d8#p1#r26"",""10.1016/j.jct.2011.06.008#d8#p1#r28"",""10.1016/j.jct.2011.06.008#d8#p1#r30""]","[""10.1016/j.jct.2011.06.008#d8#p1#r1"",""10.1016/j.jct.2011.06.008#d8#p1#r10"",""10.1016/j.jct.2011.06.008#d8#p1#r11"",""10.1016/j.jct.2011.06.008#d8#p1#r12"",""10.1016/j.jct.2011.06.008#d8#p1#r13"",""10.1016/j.jct.2011.06.008#d8#p1#r2"",""10.1016/j.jct.2011.06.008#d8#p1#r3"",""10.1016/j.jct.2011.06.008#d8#p1#r4"",""10.1016/j.jct.2011.06.008#d8#p1#r5"",""10.1016/j.jct.2011.06.008#d8#p1#r6"",""10.1016/j.jct.2011.06.008#d8#p1#r7"",""10.1016/j.jct.2011.06.008#d8#p1#r8"",""10.1016/j.jct.2011.06.008#d8#p1#r9""]",3,13,12
ep_9cb74d7c422ae803,mol_a39fe39f3d910b4e,grp_5dea7427c65d07c7,train,10.1021/je049600u,10.1021/je049600u#d4#p1,20000,298.15,418.15,120,25,8,8,True,"[""10.1021/je049600u#d4#p1#r18"",""10.1021/je049600u#d4#p1#r21"",""10.1021/je049600u#d4#p1#r25""]","[""10.1021/je049600u#d4#p1#r1"",""10.1021/je049600u#d4#p1#r2"",""10.1021/je049600u#d4#p1#r3"",""10.1021/je049600u#d4#p1#r4"",""10.1021/je049600u#d4#p1#r5"",""10.1021/je049600u#d4#p1#r6"",""10.1021/je049600u#d4#p1#r7"",""10.1021/je049600u#d4#p1#r8""]",3,8,8
ep_9da0f550f37e207e,mol_7732f9f65b01059d,grp_5ed1239f1de5ca2c,validation,10.1021/je300312c,10.1021/je300312c#d5#p1,20000,328.8,375.1,46.3,19,5,6,True,"[""10.1021/je300312c#d5#p1#r15"",""10.1021/je300312c#d5#p1#r17"",""10.1021/je300312c#d5#p1#r19""]","[""10.1021/je300312c#d5#p1#r1"",""10.1021/je300312c#d5#p1#r2"",""10.1021/je300312c#d5#p1#r3"",""10.1021/je300312c#d5#p1#r4"",""10.1021/je300312c#d5#p1#r5"",""10.1021/je300312c#d5#p1#r6""]",3,6,6
ep_9debc3b03cc2f08a,mol_c43b0ee134e86771,grp_5dea7427c65d07c7,train,10.1021/je800603z,10.1021/je800603z#d3#p1,20000,273.26,351.79,78.53,9,3,3,True,"[""10.1021/je800603z#d3#p1#r7"",""10.1021/je800603z#d3#p1#r8"",""10.1021/je800603z#d3#p1#r9""]","[""10.1021/je800603z#d3#p1#r1"",""10.1021/je800603z#d3#p1#r2"",""10.1021/je800603z#d3#p1#r3""]",3,3,3
ep_9fd5be802197d4c8,mol_9ea52b961b4fd060,grp_5dea7427c65d07c7,train,10.1021/je049561m,10.1021/je049561m#d7#p1,20000,275.3,311.2,35.9,13,4,4,True,"[""10.1021/je049561m#d7#p1#r10"",""10.1021/je049561m#d7#p1#r11"",""10.1021/je049561m#d7#p1#r13""]","[""10.1021/je049561m#d7#p1#r1"",""10.1021/je049561m#d7#p1#r2"",""10.1021/je049561m#d7#p1#r3"",""10.1021/je049561m#d7#p1#r4""]",3,4,4
ep_a00018f38db4e840,mol_bace9c8b75de2210,grp_5dea7427c65d07c7,train,10.1016/j.jct.2016.07.024,10.1016/j.jct.2016.07.024#d5#p1,20000,332.4,452.25,119.85,13,4,4,True,"[""10.1016/j.jct.2016.07.024#d5#p1#r13"",""10.1016/j.jct.2016.07.024#d5#p1#r14"",""10.1016/j.jct.2016.07.024#d5#p1#r21""]","[""10.1016/j.jct.2016.07.024#d5#p1#r1"",""10.1016/j.jct.2016.07.024#d5#p1#r2"",""10.1016/j.jct.2016.07.024#d5#p1#r3"",""10.1016/j.jct.2016.07.024#d5#p1#r4"",""10.1016/j.jct.2016.07.024#d5#p1#r6""]",3,5,4
ep_a079912de6e64c49,mol_bd766895d345d764,grp_5dea7427c65d07c7,train,10.1021/je049761y,10.1021/je049761y#d2#p1,20000,274.9,320.2,45.3,15,5,5,True,"[""10.1021/je049761y#d2#p1#r12"",""10.1021/je049761y#d2#p1#r14"",""10.1021/je049761y#d2#p1#r16""]","[""10.1021/je049761y#d2#p1#r1"",""10.1021/je049761y#d2#p1#r2"",""10.1021/je049761y#d2#p1#r3"",""10.1021/je049761y#d2#p1#r4"",""10.1021/je049761y#d2#p1#r5""]",3,5,5
ep_a18a24c4acaf1afe,mol_54948f46fab8b549,grp_5dea7427c65d07c7,train,10.1016/j.fluid.2013.03.008,10.1016/j.fluid.2013.03.008#d2#p1,20000,412.63,468.07,55.44,11,4,3,True,"[""10.1016/j.fluid.2013.03.008#d2#p1#r8"",""10.1016/j.fluid.2013.03.008#d2#p1#r9"",""10.1016/j.fluid.2013.03.008#d2#p1#r11""]","[""10.1016/j.fluid.2013.03.008#d2#p1#r1"",""10.1016/j.fluid.2013.03.008#d2#p1#r2"",""10.1016/j.fluid.2013.03.008#d2#p1#r3""]",3,3,3
ep_a242a458c0248b3f,mol_541d2a93b41051af,grp_5dea7427c65d07c7,train,10.1016/j.fluid.2012.08.009,10.1016/j.fluid.2012.08.009#d2#p1,20000,394.65,453.16,58.51,11,3,3,True,"[""10.1016/j.fluid.2012.08.009#d2#p1#r9"",""10.1016/j.fluid.2012.08.009#d2#p1#r10"",""10.1016/j.fluid.2012.08.009#d2#p1#r11""]","[""10.1016/j.fluid.2012.08.009#d2#p1#r1"",""10.1016/j.fluid.2012.08.009#d2#p1#r2"",""10.1016/j.fluid.2012.08.009#d2#p1#r3""]",3,3,3
ep_a2758fbea9ab9cae,mol_9b039da63aa3710c,grp_5dea7427c65d07c7,train,10.1016/j.jct.2015.08.023,10.1016/j.jct.2015.08.023#d2#p1,20000,273.04,353.41,80.37,13,6,3,True,"[""10.1016/j.jct.2015.08.023#d2#p1#r17"",""10.1016/j.jct.2015.08.023#d2#p1#r18"",""10.1016/j.jct.2015.08.023#d2#p1#r10""]","[""10.1016/j.jct.2015.08.023#d2#p1#r1"",""10.1016/j.jct.2015.08.023#d2#p1#r12"",""10.1016/j.jct.2015.08.023#d2#p1#r13"",""10.1016/j.jct.2015.08.023#d2#p1#r2"",""10.1016/j.jct.2015.08.023#d2#p1#r3""]",3,5,3
ep_a2935cb4859f1ac9,mol_42dec7eac7c31a97,grp_42dec7eac7c31a97,test,10.1021/acs.jced.6b00470,10.1021/acs.jced.6b00470#d1#p1,20000,398.3,473.6,75.3,19,10,3,True,"[""10.1021/acs.jced.6b00470#d1#p1#r10"",""10.1021/acs.jced.6b00470#d1#p1#r14"",""10.1021/acs.jced.6b00470#d1#p1#r19""]","[""10.1021/acs.jced.6b00470#d1#p1#r1"",""10.1021/acs.jced.6b00470#d1#p1#r2"",""10.1021/acs.jced.6b00470#d1#p1#r3""]",3,3,3
ep_a2957eb71af69ada,mol_13bbe069dee5316b,grp_05168514f8646cd3,test,10.1021/je049595u,10.1021/je049595u#d11#p1,20000,319.989,404.97,84.981,9,3,3,True,"[""10.1021/je049595u#d11#p1#r7"",""10.1021/je049595u#d11#p1#r8"",""10.1021/je049595u#d11#p1#r9""]","[""10.1021/je049595u#d11#p1#r1"",""10.1021/je049595u#d11#p1#r2"",""10.1021/je049595u#d11#p1#r3""]",3,3,3
ep_a2d7dfb36648607f,mol_3828be354437d436,grp_5dea7427c65d07c7,train,10.1016/j.fluid.2012.07.027,10.1016/j.fluid.2012.07.027#d1#p1,20000,427.5,488.8,61.3,16,6,3,True,"[""10.1016/j.fluid.2012.07.027#d1#p1#r11"",""10.1016/j.fluid.2012.07.027#d1#p1#r13"",""10.1016/j.fluid.2012.07.027#d1#p1#r16""]","[""10.1016/j.fluid.2012.07.027#d1#p1#r1"",""10.1016/j.fluid.2012.07.027#d1#p1#r2"",""10.1016/j.fluid.2012.07.027#d1#p1#r3""]",3,3,3
ep_a2e01ca511ac3aec,mol_c34973a2ea05dcee,grp_5dea7427c65d07c7,train,10.1016/j.jct.2009.09.003,10.1016/j.jct.2009.09.003#d4#p1,20000,295.7,338.1,42.4,20,7,7,True,"[""10.1016/j.jct.2009.09.003#d4#p1#r15"",""10.1016/j.jct.2009.09.003#d4#p1#r18"",""10.1016/j.jct.2009.09.003#d4#p1#r22""]","[""10.1016/j.jct.2009.09.003#d4#p1#r1"",""10.1016/j.jct.2009.09.003#d4#p1#r2"",""10.1016/j.jct.2009.09.003#d4#p1#r3"",""10.1016/j.jct.2009.09.003#d4#p1#r4"",""10.1016/j.jct.2009.09.003#d4#p1#r5"",""10.1016/j.jct.2009.09.003#d4#p1#r6"",""10.1016/j.jct.2009.09.003#d4#p1#r7"",""10.1016/j.jct.2009.09.003#d4#p1#r8""]",3,8,7
ep_a34ae88d4a9a0209,mol_b8839fb18327bc8e,grp_5dea7427c65d07c7,train,10.1016/j.fluid.2014.07.029,10.1016/j.fluid.2014.07.029#d7#p1,20000,274.2,309.2,35,13,4,4,True,"[""10.1016/j.fluid.2014.07.029#d7#p1#r11"",""10.1016/j.fluid.2014.07.029#d7#p1#r12"",""10.1016/j.fluid.2014.07.029#d7#p1#r14""]","[""10.1016/j.fluid.2014.07.029#d7#p1#r1"",""10.1016/j.fluid.2014.07.029#d7#p1#r2"",""10.1016/j.fluid.2014.07.029#d7#p1#r3"",""10.1016/j.fluid.2014.07.029#d7#p1#r4""]",3,4,4
ep_a352964bc10a25cd,mol_542abc656d17b475,grp_5dea7427c65d07c7,train,10.1016/j.fluid.2006.08.007,10.1016/j.fluid.2006.08.007#d3#p1,20000,263.15,313.15,50,7,3,2,True,"[""10.1016/j.fluid.2006.08.007#d3#p1#r5"",""10.1016/j.fluid.2006.08.007#d3#p1#r6"",""10.1016/j.fluid.2006.08.007#d3#p1#r7""]","[""10.1016/j.fluid.2006.08.007#d3#p1#r1"",""10.1016/j.fluid.2006.08.007#d3#p1#r2""]",3,2,2
ep_a38fbcb601ba6330,mol_ab9c0dd96a4d0ed3,grp_4cb2ec77bd45a869,test,10.1016/j.jct.2005.11.009,10.1016/j.jct.2005.11.009#d2#p1,20000,292.5,353.5,61,24,8,7,True,"[""10.1016/j.jct.2005.11.009#d2#p1#r17"",""10.1016/j.jct.2005.11.009#d2#p1#r20"",""10.1016/j.jct.2005.11.009#d2#p1#r24""]","[""10.1016/j.jct.2005.11.009#d2#p1#r1"",""10.1016/j.jct.2005.11.009#d2#p1#r2"",""10.1016/j.jct.2005.11.009#d2#p1#r3"",""10.1016/j.jct.2005.11.009#d2#p1#r4"",""10.1016/j.jct.2005.11.009#d2#p1#r5"",""10.1016/j.jct.2005.11.009#d2#p1#r6"",""10.1016/j.jct.2005.11.009#d2#p1#r7""]",3,7,7
ep_a3cf30517ba81b9f,mol_e03ddfeaf65a0134,grp_1832a9cc7ea0a691,test,10.1021/je050173+,10.1021/je050173+#d17#p1,20000,348.23,416.46,68.23,16,4,6,True,"[""10.1021/je050173+#d17#p1#r13"",""10.1021/je050173+#d17#p1#r14"",""10.1021/je050173+#d17#p1#r16""]","[""10.1021/je050173+#d17#p1#r1"",""10.1021/je050173+#d17#p1#r2"",""10.1021/je050173+#d17#p1#r3"",""10.1021/je050173+#d17#p1#r4"",""10.1021/je050173+#d17#p1#r5"",""10.1021/je050173+#d17#p1#r6""]",3,6,6
ep_a3dea3997b836f54,mol_a028f4db66891af2,grp_5dea7427c65d07c7,train,10.1021/je100231g,10.1021/je100231g#d7#p1,20000,293.3,338.5,45.2,16,4,4,True,"[""10.1021/je100231g#d7#p1#r13"",""10.1021/je100231g#d7#p1#r14"",""10.1021/je100231g#d7#p1#r16""]","[""10.1021/je100231g#d7#p1#r1"",""10.1021/je100231g#d7#p1#r2"",""10.1021/je100231g#d7#p1#r3"",""10.1021/je100231g#d7#p1#r4""]",3,4,4
ep_a4ed245d25c6a8d2,mol_520d932204fca4b7,grp_5dea7427c65d07c7,train,10.1016/j.fluid.2004.02.021,10.1016/j.fluid.2004.02.021#d2#p1,20000,283.15,323.15,40,9,3,3,True,"[""10.1016/j.fluid.2004.02.021#d2#p1#r7"",""10.1016/j.fluid.2004.02.021#d2#p1#r8"",""10.1016/j.fluid.2004.02.021#d2#p1#r9""]","[""10.1016/j.fluid.2004.02.021#d2#p1#r1"",""10.1016/j.fluid.2004.02.021#d2#p1#r2"",""10.1016/j.fluid.2004.02.021#d2#p1#r3""]",3,3,3
ep_a50fa43ece8daf96,mol_757f79c7ac5d216c,grp_5dea7427c65d07c7,train,10.1021/je100231g,10.1021/je100231g#d5#p1,20000,303.5,352.2,48.7,15,6,3,True,"[""10.1021/je100231g#d5#p1#r10"",""10.1021/je100231g#d5#p1#r12"",""10.1021/je100231g#d5#p1#r15""]","[""10.1021/je100231g#d5#p1#r1"",""10.1021/je100231g#d5#p1#r2"",""10.1021/je100231g#d5#p1#r3""]",3,3,3
ep_a510e66c668355e5,mol_77691d2337bfc619,grp_5dea7427c65d07c7,train,10.1021/je0255980,10.1021/je0255980#d11#p1,20000,278.3,314.2,35.9,13,4,4,True,"[""10.1021/je0255980#d11#p1#r10"",""10.1021/je0255980#d11#p1#r11"",""10.1021/je0255980#d11#p1#r13""]","[""10.1021/je0255980#d11#p1#r1"",""10.1021/je0255980#d11#p1#r2"",""10.1021/je0255980#d11#p1#r3"",""10.1021/je0255980#d11#p1#r4""]",3,4,4
ep_a5a280d4fef869bd,mol_6fb93874f723608d,grp_554ad3ddcfbe3579,test,10.1016/j.jct.2011.05.004,10.1016/j.jct.2011.05.004#d5#p1,20000,350,380.8,30.8,18,7,5,True,"[""10.1016/j.jct.2011.05.004#d5#p1#r19"",""10.1016/j.jct.2011.05.004#d5#p1#r22"",""10.1016/j.jct.2011.05.004#d5#p1#r25""]","[""10.1016/j.jct.2011.05.004#d5#p1#r10"",""10.1016/j.jct.2011.05.004#d5#p1#r11"",""10.1016/j.jct.2011.05.004#d5#p1#r12"",""10.1016/j.jct.2011.05.004#d5#p1#r8"",""10.1016/j.jct.2011.05.004#d5#p1#r9""]",3,5,5
ep_a66335b024ec9f56,mol_d978c547652ea745,grp_5dea7427c65d07c7,train,10.1016/j.fluid.2018.05.032,10.1016/j.fluid.2018.05.032#d6#p1,20000,268.14,308.14,40,9,3,3,True,"[""10.1016/j.fluid.2018.05.032#d6#p1#r19"",""10.1016/j.fluid.2018.05.032#d6#p1#r22"",""10.1016/j.fluid.2018.05.032#d6#p1#r25""]","[""10.1016/j.fluid.2018.05.032#d6#p1#r1"",""10.1016/j.fluid.2018.05.032#d6#p1#r2"",""10.1016/j.fluid.2018.05.032#d6#p1#r3"",""10.1016/j.fluid.2018.05.032#d6#p1#r4"",""10.1016/j.fluid.2018.05.032#d6#p1#r5"",""10.1016/j.fluid.2018.05.032#d6#p1#r6"",""10.1016/j.fluid.2018.05.032#d6#p1#r7""]",3,7,3
ep_a68e6bba74fff94a,mol_6e1072b3e8e99a61,grp_5dea7427c65d07c7,train,10.1021/je0602418,10.1021/je0602418#d22#p1,20000,298.3,352.1,53.8,12,4,4,True,"[""10.1021/je0602418#d22#p1#r11"",""10.1021/je0602418#d22#p1#r12"",""10.1021/je0602418#d22#p1#r14""]","[""10.1021/je0602418#d22#p1#r3"",""10.1021/je0602418#d22#p1#r4"",""10.1021/je0602418#d22#p1#r5"",""10.1021/je0602418#d22#p1#r6""]",3,4,4
ep_a69293e29ff14b31,mol_b50c26b7ff7d996c,grp_c50732a0f7207397,train,10.1016/j.fluid.2015.07.031,10.1016/j.fluid.2015.07.031#d1#p1,20000,293.14,362.93,69.79,15,5,5,True,"[""10.1016/j.fluid.2015.07.031#d1#p1#r31"",""10.1016/j.fluid.2015.07.031#d1#p1#r37"",""10.1016/j.fluid.2015.07.031#d1#p1#r43""]","[""10.1016/j.fluid.2015.07.031#d1#p1#r1"",""10.1016/j.fluid.2015.07.031#d1#p1#r10"",""10.1016/j.fluid.2015.07.031#d1#p1#r11"",""10.1016/j.fluid.2015.07.031#d1#p1#r12"",""10.1016/j.fluid.2015.07.031#d1#p1#r13"",""10.1016/j.fluid.2015.07.031#d1#p1#r14"",""10.1016/j.fluid.2015.07.031#d1#p1#r15"",""10.1016/j.fluid.2015.07.031#d1#p1#r2"",""10.1016/j.fluid.2015.07.031#d1#p1#r3"",""10.1016/j.fluid.2015.07.031#d1#p1#r4"",""10.1016/j.fluid.2015.07.031#d1#p1#r5"",""10.1016/j.fluid.2015.07.031#d1#p1#r58"",""10.1016/j.fluid.2015.07.031#d1#p1#r59"",""10.1016/j.fluid.2015.07.031#d1#p1#r6"",""10.1016/j.fluid.2015.07.031#d1#p1#r60"",""10.1016/j.fluid.2015.07.031#d1#p1#r61"",""10.1016/j.fluid.2015.07.031#d1#p1#r62"",""10.1016/j.fluid.2015.07.031#d1#p1#r63"",""10.1016/j.fluid.2015.07.031#d1#p1#r64"",""10.1016/j.fluid.2015.07.031#d1#p1#r65"",""10.1016/j.fluid.2015.07.031#d1#p1#r66"",""10.1016/j.fluid.2015.07.031#d1#p1#r67"",""10.1016/j.fluid.2015.07.031#d1#p1#r68"",""10.1016/j.fluid.2015.07.031#d1#p1#r69"",""10.1016/j.fluid.2015.07.031#d1#p1#r7"",""10.1016/j.fluid.2015.07.031#d1#p1#r8"",""10.1016/j.fluid.2015.07.031#d1#p1#r9""]",3,27,5
ep_a6fec731dd7a4f5f,mol_a9c437c33ea28497,grp_5ed1239f1de5ca2c,validation,10.1016/j.jct.2018.07.020,10.1016/j.jct.2018.07.020#d13#p1,20000,315.6,346.4,30.8,13,4,2,True,"[""10.1016/j.jct.2018.07.020#d13#p1#r10"",""10.1016/j.jct.2018.07.020#d13#p1#r11"",""10.1016/j.jct.2018.07.020#d13#p1#r13""]","[""10.1016/j.jct.2018.07.020#d13#p1#r1"",""10.1016/j.jct.2018.07.020#d13#p1#r2""]",3,2,2
ep_a7f460eeebb7f288,mol_94e6e3bf1a1fa03f,grp_5dea7427c65d07c7,train,10.1016/j.jct.2013.05.025,10.1016/j.jct.2013.05.025#d6#p1,20000,333.15,413.15,80,17,5,5,True,"[""10.1016/j.jct.2013.05.025#d6#p1#r13"",""10.1016/j.jct.2013.05.025#d6#p1#r15"",""10.1016/j.jct.2013.05.025#d6#p1#r17""]","[""10.1016/j.jct.2013.05.025#d6#p1#r1"",""10.1016/j.jct.2013.05.025#d6#p1#r2"",""10.1016/j.jct.2013.05.025#d6#p1#r3"",""10.1016/j.jct.2013.05.025#d6#p1#r4"",""10.1016/j.jct.2013.05.025#d6#p1#r5""]",3,5,5
ep_a8f363a534e3cfa2,mol_4055100dde2fa368,grp_cd9f232caa190183,validation,10.1016/j.jct.2012.04.006,10.1016/j.jct.2012.04.006#d8#p1,20000,312,352.74,40.74,24,7,9,True,"[""10.1016/j.jct.2012.04.006#d8#p1#r18"",""10.1016/j.jct.2012.04.006#d8#p1#r21"",""10.1016/j.jct.2012.04.006#d8#p1#r24""]","[""10.1016/j.jct.2012.04.006#d8#p1#r1"",""10.1016/j.jct.2012.04.006#d8#p1#r2"",""10.1016/j.jct.2012.04.006#d8#p1#r3"",""10.1016/j.jct.2012.04.006#d8#p1#r4"",""10.1016/j.jct.2012.04.006#d8#p1#r5"",""10.1016/j.jct.2012.04.006#d8#p1#r6"",""10.1016/j.jct.2012.04.006#d8#p1#r7"",""10.1016/j.jct.2012.04.006#d8#p1#r8"",""10.1016/j.jct.2012.04.006#d8#p1#r9""]",3,9,9
ep_a915d5513d8d2137,mol_58541feb3e3ef432,grp_5dea7427c65d07c7,train,10.1016/j.jct.2004.08.004,10.1016/j.jct.2004.08.004#d4#p1,20000,295.2,326.3,31.1,12,3,3,True,"[""10.1016/j.jct.2004.08.004#d4#p1#r10"",""10.1016/j.jct.2004.08.004#d4#p1#r11"",""10.1016/j.jct.2004.08.004#d4#p1#r12""]","[""10.1016/j.jct.2004.08.004#d4#p1#r1"",""10.1016/j.jct.2004.08.004#d4#p1#r2"",""10.1016/j.jct.2004.08.004#d4#p1#r3""]",3,3,3
ep_a939d6dec05c3ce9,mol_7823c605434c9115,grp_7823c605434c9115,train,10.1016/j.jct.2018.05.029,10.1016/j.jct.2018.05.029#d10#p1,20000,339.986,429.959,89.973,11,4,3,True,"[""10.1016/j.jct.2018.05.029#d10#p1#r10"",""10.1016/j.jct.2018.05.029#d10#p1#r11"",""10.1016/j.jct.2018.05.029#d10#p1#r14""]","[""10.1016/j.jct.2018.05.029#d10#p1#r1"",""10.1016/j.jct.2018.05.029#d10#p1#r2"",""10.1016/j.jct.2018.05.029#d10#p1#r3"",""10.1016/j.jct.2018.05.029#d10#p1#r4""]",3,4,3
ep_aa3d4849fa414810,mol_5d8d53a98b10e7f5,grp_5d8d53a98b10e7f5,validation,10.1021/je050084x,10.1021/je050084x#d1#p1,20000,253.49,288.19,34.7,11,5,3,True,"[""10.1021/je050084x#d1#p1#r43"",""10.1021/je050084x#d1#p1#r51"",""10.1021/je050084x#d1#p1#r58""]","[""10.1021/je050084x#d1#p1#r14"",""10.1021/je050084x#d1#p1#r15"",""10.1021/je050084x#d1#p1#r19"",""10.1021/je050084x#d1#p1#r23"",""10.1021/je050084x#d1#p1#r24"",""10.1021/je050084x#d1#p1#r25"",""10.1021/je050084x#d1#p1#r26"",""10.1021/je050084x#d1#p1#r27""]",3,8,3
ep_aaa0d528406edf70,mol_7a83f5f0134a6504,grp_5dea7427c65d07c7,train,10.1021/acs.jced.6b00576,10.1021/acs.jced.6b00576#d28#p1,20000,284.35,320.88,36.53,15,4,6,True,"[""10.1021/acs.jced.6b00576#d28#p1#r14"",""10.1021/acs.jced.6b00576#d28#p1#r15"",""10.1021/acs.jced.6b00576#d28#p1#r17""]","[""10.1021/acs.jced.6b00576#d28#p1#r1"",""10.1021/acs.jced.6b00576#d28#p1#r2"",""10.1021/acs.jced.6b00576#d28#p1#r3"",""10.1021/acs.jced.6b00576#d28#p1#r4"",""10.1021/acs.jced.6b00576#d28#p1#r5"",""10.1021/acs.jced.6b00576#d28#p1#r6"",""10.1021/acs.jced.6b00576#d28#p1#r7""]",3,7,6
ep_ab111f2148d92931,mol_917a799c2b100236,grp_5ed1239f1de5ca2c,validation,10.1016/j.fluid.2016.11.010,10.1016/j.fluid.2016.11.010#d6#p1,20000,323.2,367.9,44.7,10,3,3,True,"[""10.1016/j.fluid.2016.11.010#d6#p1#r8"",""10.1016/j.fluid.2016.11.010#d6#p1#r9"",""10.1016/j.fluid.2016.11.010#d6#p1#r10""]","[""10.1016/j.fluid.2016.11.010#d6#p1#r1"",""10.1016/j.fluid.2016.11.010#d6#p1#r2"",""10.1016/j.fluid.2016.11.010#d6#p1#r3""]",3,3,3
ep_abefbfe03039ac2a,mol_9eafc8e78e05bf3c,grp_5dea7427c65d07c7,train,10.1016/j.fluid.2018.05.032,10.1016/j.fluid.2018.05.032#d12#p1,20000,293.14,342.94,49.8,12,3,4,True,"[""10.1016/j.fluid.2018.05.032#d12#p1#r34"",""10.1016/j.fluid.2018.05.032#d12#p1#r37"",""10.1016/j.fluid.2018.05.032#d12#p1#r40""]","[""10.1016/j.fluid.2018.05.032#d12#p1#r1"",""10.1016/j.fluid.2018.05.032#d12#p1#r13"",""10.1016/j.fluid.2018.05.032#d12#p1#r14"",""10.1016/j.fluid.2018.05.032#d12#p1#r15"",""10.1016/j.fluid.2018.05.032#d12#p1#r16"",""10.1016/j.fluid.2018.05.032#d12#p1#r17"",""10.1016/j.fluid.2018.05.032#d12#p1#r18"",""10.1016/j.fluid.2018.05.032#d12#p1#r19"",""10.1016/j.fluid.2018.05.032#d12#p1#r20"",""10.1016/j.fluid.2018.05.032#d12#p1#r21"",""10.1016/j.fluid.2018.05.032#d12#p1#r4"",""10.1016/j.fluid.2018.05.032#d12#p1#r5"",""10.1016/j.fluid.2018.05.032#d12#p1#r7"",""10.1016/j.fluid.2018.05.032#d12#p1#r8"",""10.1016/j.fluid.2018.05.032#d12#p1#r9""]",3,15,4
ep_ac4c647006e12162,mol_b859097b55ec40b9,grp_5dea7427c65d07c7,train,10.1021/je050182i,10.1021/je050182i#d1#p1,20000,371.42,461.96,90.54,9,3,3,True,"[""10.1021/je050182i#d1#p1#r9"",""10.1021/je050182i#d1#p1#r10"",""10.1021/je050182i#d1#p1#r11""]","[""10.1021/je050182i#d1#p1#r3"",""10.1021/je050182i#d1#p1#r4"",""10.1021/je050182i#d1#p1#r5""]",3,3,3
ep_ac6e599512d28d74,mol_7a5b68b203cc6270,grp_5dea7427c65d07c7,train,10.1021/je100398m,10.1021/je100398m#d1#p1,20000,258.35,303.23,44.88,10,3,3,True,"[""10.1021/je100398m#d1#p1#r18"",""10.1021/je100398m#d1#p1#r20"",""10.1021/je100398m#d1#p1#r23""]","[""10.1021/je100398m#d1#p1#r1"",""10.1021/je100398m#d1#p1#r2"",""10.1021/je100398m#d1#p1#r3"",""10.1021/je100398m#d1#p1#r4"",""10.1021/je100398m#d1#p1#r5"",""10.1021/je100398m#d1#p1#r6"",""10.1021/je100398m#d1#p1#r7""]",3,7,3
ep_ac8f4c093940c25f,mol_752fe3dca8afa6dd,grp_5dea7427c65d07c7,train,10.1016/j.tca.2015.03.016,10.1016/j.tca.2015.03.016#d4#p1,20000,295.4,333.2,37.8,14,4,4,True,"[""10.1016/j.tca.2015.03.016#d4#p1#r11"",""10.1016/j.tca.2015.03.016#d4#p1#r12"",""10.1016/j.tca.2015.03.016#d4#p1#r14""]","[""10.1016/j.tca.2015.03.016#d4#p1#r1"",""10.1016/j.tca.2015.03.016#d4#p1#r2"",""10.1016/j.tca.2015.03.016#d4#p1#r3"",""10.1016/j.tca.2015.03.016#d4#p1#r4""]",3,4,4
ep_ad1beb35fcc9e585,mol_baa3c342cb3d811f,grp_5dea7427c65d07c7,train,10.1016/j.jct.2010.04.015,10.1016/j.jct.2010.04.015#d1#p1,20000,293.29,373,79.71,9,3,3,True,"[""10.1016/j.jct.2010.04.015#d1#p1#r7"",""10.1016/j.jct.2010.04.015#d1#p1#r8"",""10.1016/j.jct.2010.04.015#d1#p1#r9""]","[""10.1016/j.jct.2010.04.015#d1#p1#r1"",""10.1016/j.jct.2010.04.015#d1#p1#r2"",""10.1016/j.jct.2010.04.015#d1#p1#r3""]",3,3,3
ep_adc278b2e859ba1b,mol_245df31ea12a6746,grp_81cd87be3fde4550,test,10.1021/je060394v,10.1021/je060394v#d10#p1,20000,298.2,334.3,36.1,12,4,3,True,"[""10.1021/je060394v#d10#p1#r14"",""10.1021/je060394v#d10#p1#r15"",""10.1021/je060394v#d10#p1#r17""]","[""10.1021/je060394v#d10#p1#r6"",""10.1021/je060394v#d10#p1#r7"",""10.1021/je060394v#d10#p1#r8""]",3,3,3
ep_ae2a54ec3a5b5704,mol_4e4c72058c054de2,grp_5dea7427c65d07c7,train,10.1021/je400212t,10.1021/je400212t#d6#p1,20000,299.1,343,43.9,25,7,9,True,"[""10.1021/je400212t#d6#p1#r20"",""10.1021/je400212t#d6#p1#r26"",""10.1021/je400212t#d6#p1#r32""]","[""10.1021/je400212t#d6#p1#r1"",""10.1021/je400212t#d6#p1#r2"",""10.1021/je400212t#d6#p1#r3"",""10.1021/je400212t#d6#p1#r4"",""10.1021/je400212t#d6#p1#r5"",""10.1021/je400212t#d6#p1#r6"",""10.1021/je400212t#d6#p1#r7"",""10.1021/je400212t#d6#p1#r8"",""10.1021/je400212t#d6#p1#r9""]",3,9,9
ep_af2a712369ec9dbf,mol_1ca87a53bf4e35a9,grp_c50732a0f7207397,train,10.1016/j.fluid.2015.07.031,10.1016/j.fluid.2015.07.031#d5#p1,20000,293.16,362.975,69.815,15,5,5,True,"[""10.1016/j.fluid.2015.07.031#d5#p1#r31"",""10.1016/j.fluid.2015.07.031#d5#p1#r37"",""10.1016/j.fluid.2015.07.031#d5#p1#r43""]","[""10.1016/j.fluid.2015.07.031#d5#p1#r1"",""10.1016/j.fluid.2015.07.031#d5#p1#r10"",""10.1016/j.fluid.2015.07.031#d5#p1#r11"",""10.1016/j.fluid.2015.07.031#d5#p1#r12"",""10.1016/j.fluid.2015.07.031#d5#p1#r13"",""10.1016/j.fluid.2015.07.031#d5#p1#r14"",""10.1016/j.fluid.2015.07.031#d5#p1#r15"",""10.1016/j.fluid.2015.07.031#d5#p1#r2"",""10.1016/j.fluid.2015.07.031#d5#p1#r3"",""10.1016/j.fluid.2015.07.031#d5#p1#r4"",""10.1016/j.fluid.2015.07.031#d5#p1#r5"",""10.1016/j.fluid.2015.07.031#d5#p1#r58"",""10.1016/j.fluid.2015.07.031#d5#p1#r6"",""10.1016/j.fluid.2015.07.031#d5#p1#r60"",""10.1016/j.fluid.2015.07.031#d5#p1#r61"",""10.1016/j.fluid.2015.07.031#d5#p1#r62"",""10.1016/j.fluid.2015.07.031#d5#p1#r63"",""10.1016/j.fluid.2015.07.031#d5#p1#r64"",""10.1016/j.fluid.2015.07.031#d5#p1#r65"",""10.1016/j.fluid.2015.07.031#d5#p1#r66"",""10.1016/j.fluid.2015.07.031#d5#p1#r67"",""10.1016/j.fluid.2015.07.031#d5#p1#r68"",""10.1016/j.fluid.2015.07.031#d5#p1#r69"",""10.1016/j.fluid.2015.07.031#d5#p1#r7"",""10.1016/j.fluid.2015.07.031#d5#p1#r8"",""10.1016/j.fluid.2015.07.031#d5#p1#r9""]",3,26,5
ep_afc83dbb94779ff1,mol_e62082959f534889,grp_4099771604350c09,test,10.1021/je200336c,10.1021/je200336c#d7#p1,20000,325.1,372.8,47.7,18,5,6,True,"[""10.1021/je200336c#d7#p1#r17"",""10.1021/je200336c#d7#p1#r19"",""10.1021/je200336c#d7#p1#r21""]","[""10.1021/je200336c#d7#p1#r2"",""10.1021/je200336c#d7#p1#r3"",""10.1021/je200336c#d7#p1#r4"",""10.1021/je200336c#d7#p1#r5"",""10.1021/je200336c#d7#p1#r6"",""10.1021/je200336c#d7#p1#r7"",""10.1021/je200336c#d7#p1#r8"",""10.1021/je200336c#d7#p1#r9""]",3,8,6
ep_b03bfe32943f3778,mol_4f518c4827747974,grp_9dc3cc34781e7516,train,10.1016/j.fluid.2016.06.011,10.1016/j.fluid.2016.06.011#d5#p1,20000,278.14,327.91,49.77,11,4,3,True,"[""10.1016/j.fluid.2016.06.011#d5#p1#r8"",""10.1016/j.fluid.2016.06.011#d5#p1#r9"",""10.1016/j.fluid.2016.06.011#d5#p1#r11""]","[""10.1016/j.fluid.2016.06.011#d5#p1#r1"",""10.1016/j.fluid.2016.06.011#d5#p1#r2"",""10.1016/j.fluid.2016.06.011#d5#p1#r3""]",3,3,3
ep_b086f800bc8c1137,mol_f51711463f7a60d1,grp_eacde2a75ccb5ff9,train,10.1021/je060472e,10.1021/je060472e#d4#p1,20000,283.155,340.47,57.315,13,4,4,True,"[""10.1021/je060472e#d4#p1#r22"",""10.1021/je060472e#d4#p1#r24"",""10.1021/je060472e#d4#p1#r28""]","[""10.1021/je060472e#d4#p1#r10"",""10.1021/je060472e#d4#p1#r11"",""10.1021/je060472e#d4#p1#r12"",""10.1021/je060472e#d4#p1#r5"",""10.1021/je060472e#d4#p1#r6"",""10.1021/je060472e#d4#p1#r7"",""10.1021/je060472e#d4#p1#r8"",""10.1021/je060472e#d4#p1#r9""]",3,8,4
ep_b0b66f213d556488,mol_27b75bf766b45709,grp_5dea7427c65d07c7,train,10.1016/j.fluid.2015.05.026,10.1016/j.fluid.2015.05.026#d3#p1,20000,253.15,308.15,55,12,4,4,True,"[""10.1016/j.fluid.2015.05.026#d3#p1#r34"",""10.1016/j.fluid.2015.05.026#d3#p1#r37"",""10.1016/j.fluid.2015.05.026#d3#p1#r43""]","[""10.1016/j.fluid.2015.05.026#d3#p1#r10"",""10.1016/j.fluid.2015.05.026#d3#p1#r11"",""10.1016/j.fluid.2015.05.026#d3#p1#r12"",""10.1016/j.fluid.2015.05.026#d3#p1#r13"",""10.1016/j.fluid.2015.05.026#d3#p1#r14"",""10.1016/j.fluid.2015.05.026#d3#p1#r15"",""10.1016/j.fluid.2015.05.026#d3#p1#r16"",""10.1016/j.fluid.2015.05.026#d3#p1#r17"",""10.1016/j.fluid.2015.05.026#d3#p1#r18"",""10.1016/j.fluid.2015.05.026#d3#p1#r19"",""10.1016/j.fluid.2015.05.026#d3#p1#r20"",""10.1016/j.fluid.2015.05.026#d3#p1#r21""]",3,12,4
ep_b178f76dfc709cb4,mol_d4ef113b8d2f1614,grp_01b36fcba0323968,validation,10.1016/j.fluid.2004.11.024,10.1016/j.fluid.2004.11.024#d3#p1,20000,293.2,333.2,40,16,6,4,True,"[""10.1016/j.fluid.2004.11.024#d3#p1#r11"",""10.1016/j.fluid.2004.11.024#d3#p1#r13"",""10.1016/j.fluid.2004.11.024#d3#p1#r16""]","[""10.1016/j.fluid.2004.11.024#d3#p1#r1"",""10.1016/j.fluid.2004.11.024#d3#p1#r2"",""10.1016/j.fluid.2004.11.024#d3#p1#r3"",""10.1016/j.fluid.2004.11.024#d3#p1#r4""]",3,4,4
ep_b2b29fcb41e80be0,mol_853d5f3f7f788765,grp_5dea7427c65d07c7,train,10.1021/je100231g,10.1021/je100231g#d11#p1,20000,293.4,358.2,64.8,48,10,12,True,"[""10.1021/je100231g#d11#p1#r44"",""10.1021/je100231g#d11#p1#r48"",""10.1021/je100231g#d11#p1#r54""]","[""10.1021/je100231g#d11#p1#r10"",""10.1021/je100231g#d11#p1#r11"",""10.1021/je100231g#d11#p1#r12"",""10.1021/je100231g#d11#p1#r13"",""10.1021/je100231g#d11#p1#r14"",""10.1021/je100231g#d11#p1#r15"",""10.1021/je100231g#d11#p1#r2"",""10.1021/je100231g#d11#p1#r3"",""10.1021/je100231g#d11#p1#r4"",""10.1021/je100231g#d11#p1#r5"",""10.1021/je100231g#d11#p1#r6"",""10.1021/je100231g#d11#p1#r7"",""10.1021/je100231g#d11#p1#r8"",""10.1021/je100231g#d11#p1#r9""]",3,14,12
ep_b38ea2d2412f9bb9,mol_cf8f354d990ebe29,grp_5dea7427c65d07c7,train,10.1021/je0255980,10.1021/je0255980#d1#p1,20000,295.8,326.2,30.4,11,4,4,True,"[""10.1021/je0255980#d1#p1#r8"",""10.1021/je0255980#d1#p1#r10"",""10.1021/je0255980#d1#p1#r12""]","[""10.1021/je0255980#d1#p1#r1"",""10.1021/je0255980#d1#p1#r2"",""10.1021/je0255980#d1#p1#r3"",""10.1021/je0255980#d1#p1#r4""]",3,4,4
ep_b398538b549ca36f,mol_741aa7c2f731c8a3,grp_5dea7427c65d07c7,train,10.1016/j.jct.2013.10.039,10.1016/j.jct.2013.10.039#d1#p1,20000,273.11,393.15,120.04,20,8,4,True,"[""10.1016/j.jct.2013.10.039#d1#p1#r12"",""10.1016/j.jct.2013.10.039#d1#p1#r25"",""10.1016/j.jct.2013.10.039#d1#p1#r27""]","[""10.1016/j.jct.2013.10.039#d1#p1#r1"",""10.1016/j.jct.2013.10.039#d1#p1#r2"",""10.1016/j.jct.2013.10.039#d1#p1#r3"",""10.1016/j.jct.2013.10.039#d1#p1#r4""]",3,4,4
ep_b40f5991c62dc3ce,mol_7adb2b6d969696ae,grp_5dea7427c65d07c7,train,10.1016/j.jct.2019.01.007,10.1016/j.jct.2019.01.007#d12#p1,20000,354.3,412.2,57.9,22,6,7,True,"[""10.1016/j.jct.2019.01.007#d12#p1#r14"",""10.1016/j.jct.2019.01.007#d12#p1#r17"",""10.1016/j.jct.2019.01.007#d12#p1#r19""]","[""10.1016/j.jct.2019.01.007#d12#p1#r1"",""10.1016/j.jct.2019.01.007#d12#p1#r21"",""10.1016/j.jct.2019.01.007#d12#p1#r24"",""10.1016/j.jct.2019.01.007#d12#p1#r4"",""10.1016/j.jct.2019.01.007#d12#p1#r6"",""10.1016/j.jct.2019.01.007#d12#p1#r7"",""10.1016/j.jct.2019.01.007#d12#p1#r8""]",3,7,7
ep_b4a472c342ae18a9,mol_b0b231c8f928cfec,grp_b0b231c8f928cfec,test,10.1016/j.jct.2003.12.012,10.1016/j.jct.2003.12.012#d10#p1,20000,359.977,459.961,99.984,12,4,4,True,"[""10.1016/j.jct.2003.12.012#d10#p1#r9"",""10.1016/j.jct.2003.12.012#d10#p1#r10"",""10.1016/j.jct.2003.12.012#d10#p1#r12""]","[""10.1016/j.jct.2003.12.012#d10#p1#r1"",""10.1016/j.jct.2003.12.012#d10#p1#r2"",""10.1016/j.jct.2003.12.012#d10#p1#r3"",""10.1016/j.jct.2003.12.012#d10#p1#r4""]",3,4,4
ep_b6afb577ba2051c8,mol_ea8ab19c57483e79,grp_5dea7427c65d07c7,train,10.1016/j.jct.2011.06.008,10.1016/j.jct.2011.06.008#d6#p1,20000,293.25,343.2,49.95,24,8,7,True,"[""10.1016/j.jct.2011.06.008#d6#p1#r28"",""10.1016/j.jct.2011.06.008#d6#p1#r35"",""10.1016/j.jct.2011.06.008#d6#p1#r42""]","[""10.1016/j.jct.2011.06.008#d6#p1#r1"",""10.1016/j.jct.2011.06.008#d6#p1#r10"",""10.1016/j.jct.2011.06.008#d6#p1#r11"",""10.1016/j.jct.2011.06.008#d6#p1#r2"",""10.1016/j.jct.2011.06.008#d6#p1#r3"",""10.1016/j.jct.2011.06.008#d6#p1#r4"",""10.1016/j.jct.2011.06.008#d6#p1#r5"",""10.1016/j.jct.2011.06.008#d6#p1#r6"",""10.1016/j.jct.2011.06.008#d6#p1#r7"",""10.1016/j.jct.2011.06.008#d6#p1#r8"",""10.1016/j.jct.2011.06.008#d6#p1#r9""]",3,11,7
ep_b6f86805eca6f662,mol_cc2fc42bf1c5d229,grp_fd16eb96ed948225,validation,10.1021/acs.jced.5b01003,10.1021/acs.jced.5b01003#d3#p1,20000,274.2,305.4,31.2,11,6,3,True,"[""10.1021/acs.jced.5b01003#d3#p1#r6"",""10.1021/acs.jced.5b01003#d3#p1#r8"",""10.1021/acs.jced.5b01003#d3#p1#r11""]","[""10.1021/acs.jced.5b01003#d3#p1#r1"",""10.1021/acs.jced.5b01003#d3#p1#r2"",""10.1021/acs.jced.5b01003#d3#p1#r3""]",3,3,3
ep_b774cc08ea9f6680,mol_c4d2e3aa2bcb522b,grp_5dea7427c65d07c7,train,10.1016/j.fluid.2008.03.013,10.1016/j.fluid.2008.03.013#d1#p1,20000,310.3,369.5,59.2,27,9,7,True,"[""10.1016/j.fluid.2008.03.013#d1#p1#r21"",""10.1016/j.fluid.2008.03.013#d1#p1#r25"",""10.1016/j.fluid.2008.03.013#d1#p1#r29""]","[""10.1016/j.fluid.2008.03.013#d1#p1#r1"",""10.1016/j.fluid.2008.03.013#d1#p1#r2"",""10.1016/j.fluid.2008.03.013#d1#p1#r3"",""10.1016/j.fluid.2008.03.013#d1#p1#r4"",""10.1016/j.fluid.2008.03.013#d1#p1#r5"",""10.1016/j.fluid.2008.03.013#d1#p1#r6"",""10.1016/j.fluid.2008.03.013#d1#p1#r7"",""10.1016/j.fluid.2008.03.013#d1#p1#r8"",""10.1016/j.fluid.2008.03.013#d1#p1#r9""]",3,9,7
ep_b815900c599db7cc,mol_17a72fa1b6a75538,grp_69e3066d23c835df,test,10.1021/je025634v,10.1021/je025634v#d14#p1,20000,293.2,332.2,39,23,5,7,True,"[""10.1021/je025634v#d14#p1#r23"",""10.1021/je025634v#d14#p1#r26"",""10.1021/je025634v#d14#p1#r30""]","[""10.1021/je025634v#d14#p1#r1"",""10.1021/je025634v#d14#p1#r3"",""10.1021/je025634v#d14#p1#r4"",""10.1021/je025634v#d14#p1#r5"",""10.1021/je025634v#d14#p1#r6"",""10.1021/je025634v#d14#p1#r7"",""10.1021/je025634v#d14#p1#r8"",""10.1021/je025634v#d14#p1#r9""]",3,8,7
ep_b8a2ec821d721e6d,mol_b94bab3d5b62c755,grp_5dea7427c65d07c7,train,10.1021/je050523s,10.1021/je050523s#d9#p1,20000,305.49,357.68,52.19,10,5,2,True,"[""10.1021/je050523s#d9#p1#r6"",""10.1021/je050523s#d9#p1#r8"",""10.1021/je050523s#d9#p1#r10""]","[""10.1021/je050523s#d9#p1#r1"",""10.1021/je050523s#d9#p1#r2""]",3,2,2
ep_b9527805d293de7b,mol_ba5eddc45843cc00,grp_ba5eddc45843cc00,train,10.1016/j.jct.2018.01.014,10.1016/j.jct.2018.01.014#d1#p1,20000,288.7,373.1,84.4,22,7,6,True,"[""10.1016/j.jct.2018.01.014#d1#p1#r17"",""10.1016/j.jct.2018.01.014#d1#p1#r20"",""10.1016/j.jct.2018.01.014#d1#p1#r23""]","[""10.1016/j.jct.2018.01.014#d1#p1#r1"",""10.1016/j.jct.2018.01.014#d1#p1#r2"",""10.1016/j.jct.2018.01.014#d1#p1#r3"",""10.1016/j.jct.2018.01.014#d1#p1#r4"",""10.1016/j.jct.2018.01.014#d1#p1#r5"",""10.1016/j.jct.2018.01.014#d1#p1#r6"",""10.1016/j.jct.2018.01.014#d1#p1#r7""]",3,7,6
ep_b96a4526f858e064,mol_916b454c615e7792,grp_fd910654208f838e,validation,10.1016/j.jct.2014.06.002,10.1016/j.jct.2014.06.002#d5#p1,20000,382.7,423.7,41,20,7,5,True,"[""10.1016/j.jct.2014.06.002#d5#p1#r14"",""10.1016/j.jct.2014.06.002#d5#p1#r17"",""10.1016/j.jct.2014.06.002#d5#p1#r20""]","[""10.1016/j.jct.2014.06.002#d5#p1#r1"",""10.1016/j.jct.2014.06.002#d5#p1#r2"",""10.1016/j.jct.2014.06.002#d5#p1#r3"",""10.1016/j.jct.2014.06.002#d5#p1#r4"",""10.1016/j.jct.2014.06.002#d5#p1#r5""]",3,5,5
ep_b980e3e4c80694f4,mol_4446e9b31e59fba3,grp_d957e784c854093b,train,10.1016/j.jct.2014.01.006,10.1016/j.jct.2014.01.006#d8#p1,20000,375.005,494.306,119.301,15,6,4,True,"[""10.1016/j.jct.2014.01.006#d8#p1#r10"",""10.1016/j.jct.2014.01.006#d8#p1#r12"",""10.1016/j.jct.2014.01.006#d8#p1#r15""]","[""10.1016/j.jct.2014.01.006#d8#p1#r1"",""10.1016/j.jct.2014.01.006#d8#p1#r2"",""10.1016/j.jct.2014.01.006#d8#p1#r3"",""10.1016/j.jct.2014.01.006#d8#p1#r4""]",3,4,4
ep_baa8f77b71d8a8a5,mol_638d35e8475c0c14,grp_5dea7427c65d07c7,train,10.1021/acs.jced.6b00576,10.1021/acs.jced.6b00576#d15#p1,20000,278.95,317.57,38.62,12,3,3,True,"[""10.1021/acs.jced.6b00576#d15#p1#r8"",""10.1021/acs.jced.6b00576#d15#p1#r9"",""10.1021/acs.jced.6b00576#d15#p1#r10""]","[""10.1021/acs.jced.6b00576#d15#p1#r1"",""10.1021/acs.jced.6b00576#d15#p1#r11"",""10.1021/acs.jced.6b00576#d15#p1#r2""]",3,3,3
ep_bc4407a7083be465,mol_0c2b699f18ff1976,grp_5dea7427c65d07c7,train,10.1016/j.jct.2014.07.004,10.1016/j.jct.2014.07.004#d3#p1,20000,277.96,318.15,40.19,10,3,3,True,"[""10.1016/j.jct.2014.07.004#d3#p1#r8"",""10.1016/j.jct.2014.07.004#d3#p1#r9"",""10.1016/j.jct.2014.07.004#d3#p1#r10""]","[""10.1016/j.jct.2014.07.004#d3#p1#r1"",""10.1016/j.jct.2014.07.004#d3#p1#r2"",""10.1016/j.jct.2014.07.004#d3#p1#r3""]",3,3,3
ep_bdbc0fe271118616,mol_f032c9190b133ea0,grp_4099771604350c09,test,10.1021/je200336c,10.1021/je200336c#d6#p1,20000,293.5,363,69.5,29,5,13,True,"[""10.1021/je200336c#d6#p1#r28"",""10.1021/je200336c#d6#p1#r30"",""10.1021/je200336c#d6#p1#r32""]","[""10.1021/je200336c#d6#p1#r1"",""10.1021/je200336c#d6#p1#r10"",""10.1021/je200336c#d6#p1#r11"",""10.1021/je200336c#d6#p1#r12"",""10.1021/je200336c#d6#p1#r13"",""10.1021/je200336c#d6#p1#r14"",""10.1021/je200336c#d6#p1#r2"",""10.1021/je200336c#d6#p1#r3"",""10.1021/je200336c#d6#p1#r4"",""10.1021/je200336c#d6#p1#r5"",""10.1021/je200336c#d6#p1#r6"",""10.1021/je200336c#d6#p1#r7"",""10.1021/je200336c#d6#p1#r8"",""10.1021/je200336c#d6#p1#r9""]",3,14,13
ep_bdcde5cc4396a061,mol_1bb253e99b0e831f,grp_5dea7427c65d07c7,train,10.1021/je0602418,10.1021/je0602418#d7#p1,20000,278.2,314.3,36.1,15,4,4,True,"[""10.1021/je0602418#d7#p1#r12"",""10.1021/je0602418#d7#p1#r13"",""10.1021/je0602418#d7#p1#r15""]","[""10.1021/je0602418#d7#p1#r1"",""10.1021/je0602418#d7#p1#r2"",""10.1021/je0602418#d7#p1#r3"",""10.1021/je0602418#d7#p1#r4""]",3,4,4
ep_be98e2a1cb7f7b43,mol_a4a15a5e8071fffe,grp_2ccb72ac35a31331,train,10.1016/j.jct.2015.02.001,10.1016/j.jct.2015.02.001#d1#p1,20000,275.8,308,32.2,15,4,5,True,"[""10.1016/j.jct.2015.02.001#d1#p1#r12"",""10.1016/j.jct.2015.02.001#d1#p1#r14"",""10.1016/j.jct.2015.02.001#d1#p1#r16""]","[""10.1016/j.jct.2015.02.001#d1#p1#r1"",""10.1016/j.jct.2015.02.001#d1#p1#r2"",""10.1016/j.jct.2015.02.001#d1#p1#r3"",""10.1016/j.jct.2015.02.001#d1#p1#r4"",""10.1016/j.jct.2015.02.001#d1#p1#r5""]",3,5,5
ep_becafb29bb7e6e39,mol_46c8489a7a9a685e,grp_1c4cca4512424bc8,train,10.1021/je0504358,10.1021/je0504358#d2#p1,20000,350.4,388.4,38,11,4,4,True,"[""10.1021/je0504358#d2#p1#r8"",""10.1021/je0504358#d2#p1#r9"",""10.1021/je0504358#d2#p1#r11""]","[""10.1021/je0504358#d2#p1#r1"",""10.1021/je0504358#d2#p1#r2"",""10.1021/je0504358#d2#p1#r3"",""10.1021/je0504358#d2#p1#r4""]",3,4,4
ep_bf47a885c301dfe0,mol_07c782a462a50ac6,grp_5dea7427c65d07c7,train,10.1016/j.jct.2011.06.008,10.1016/j.jct.2011.06.008#d14#p1,20000,318.1,365.7,47.6,26,8,7,True,"[""10.1016/j.jct.2011.06.008#d14#p1#r29"",""10.1016/j.jct.2011.06.008#d14#p1#r33"",""10.1016/j.jct.2011.06.008#d14#p1#r38""]","[""10.1016/j.jct.2011.06.008#d14#p1#r1"",""10.1016/j.jct.2011.06.008#d14#p1#r10"",""10.1016/j.jct.2011.06.008#d14#p1#r11"",""10.1016/j.jct.2011.06.008#d14#p1#r2"",""10.1016/j.jct.2011.06.008#d14#p1#r3"",""10.1016/j.jct.2011.06.008#d14#p1#r4"",""10.1016/j.jct.2011.06.008#d14#p1#r5"",""10.1016/j.jct.2011.06.008#d14#p1#r6"",""10.1016/j.jct.2011.06.008#d14#p1#r7"",""10.1016/j.jct.2011.06.008#d14#p1#r8"",""10.1016/j.jct.2011.06.008#d14#p1#r9""]",3,11,7
ep_bf856aa5881c4d9d,mol_01fe71f6f9ac3752,grp_5dea7427c65d07c7,train,10.1021/je100231g,10.1021/je100231g#d10#p1,20000,318.8,365.3,46.5,15,5,4,True,"[""10.1021/je100231g#d10#p1#r11"",""10.1021/je100231g#d10#p1#r13"",""10.1021/je100231g#d10#p1#r15""]","[""10.1021/je100231g#d10#p1#r1"",""10.1021/je100231g#d10#p1#r2"",""10.1021/je100231g#d10#p1#r3"",""10.1021/je100231g#d10#p1#r4""]",3,4,4
ep_bfe2b91d141e6ee3,mol_132e4cfc5e4bd727,grp_5dea7427c65d07c7,train,10.1016/j.jct.2016.07.024,10.1016/j.jct.2016.07.024#d6#p1,20000,372.35,452.65,80.3,9,3,3,True,"[""10.1016/j.jct.2016.07.024#d6#p1#r7"",""10.1016/j.jct.2016.07.024#d6#p1#r8"",""10.1016/j.jct.2016.07.024#d6#p1#r9""]","[""10.1016/j.jct.2016.07.024#d6#p1#r1"",""10.1016/j.jct.2016.07.024#d6#p1#r2"",""10.1016/j.jct.2016.07.024#d6#p1#r3""]",3,3,3
ep_c0a0395ae7f6a8ee,mol_fbd0f1e88c976a97,grp_5dea7427c65d07c7,train,10.1016/j.jct.2017.03.029,10.1016/j.jct.2017.03.029#d3#p1,20000,326.2,367.9,41.7,19,3,8,True,"[""10.1016/j.jct.2017.03.029#d3#p1#r13"",""10.1016/j.jct.2017.03.029#d3#p1#r15"",""10.1016/j.jct.2017.03.029#d3#p1#r17""]","[""10.1016/j.jct.2017.03.029#d3#p1#r1"",""10.1016/j.jct.2017.03.029#d3#p1#r19"",""10.1016/j.jct.2017.03.029#d3#p1#r2"",""10.1016/j.jct.2017.03.029#d3#p1#r20"",""10.1016/j.jct.2017.03.029#d3#p1#r21"",""10.1016/j.jct.2017.03.029#d3#p1#r22"",""10.1016/j.jct.2017.03.029#d3#p1#r23"",""10.1016/j.jct.2017.03.029#d3#p1#r24"",""10.1016/j.jct.2017.03.029#d3#p1#r3"",""10.1016/j.jct.2017.03.029#d3#p1#r4"",""10.1016/j.jct.2017.03.029#d3#p1#r5"",""10.1016/j.jct.2017.03.029#d3#p1#r6""]",3,12,8
ep_c0a8a4115232b85c,mol_bf39f6deed5d4b6a,grp_5dea7427c65d07c7,train,10.1021/acs.jced.7b00099,10.1021/acs.jced.7b00099#d4#p1,20000,351.75,453.15,101.4,23,7,8,True,"[""10.1021/acs.jced.7b00099#d4#p1#r22"",""10.1021/acs.jced.7b00099#d4#p1#r13"",""10.1021/acs.jced.7b00099#d4#p1#r32""]","[""10.1021/acs.jced.7b00099#d4#p1#r1"",""10.1021/acs.jced.7b00099#d4#p1#r15"",""10.1021/acs.jced.7b00099#d4#p1#r16"",""10.1021/acs.jced.7b00099#d4#p1#r17"",""10.1021/acs.jced.7b00099#d4#p1#r2"",""10.1021/acs.jced.7b00099#d4#p1#r24"",""10.1021/acs.jced.7b00099#d4#p1#r25"",""10.1021/acs.jced.7b00099#d4#p1#r3"",""10.1021/acs.jced.7b00099#d4#p1#r4"",""10.1021/acs.jced.7b00099#d4#p1#r5"",""10.1021/acs.jced.7b00099#d4#p1#r6""]",3,11,8
ep_c2d769cbf10ab3cb,mol_988c5d9100ceeb54,grp_988c5d9100ceeb54,train,10.1016/j.jct.2014.06.001,10.1016/j.jct.2014.06.001#d2#p1,20000,328.9,380.7,51.8,11,4,3,True,"[""10.1016/j.jct.2014.06.001#d2#p1#r8"",""10.1016/j.jct.2014.06.001#d2#p1#r9"",""10.1016/j.jct.2014.06.001#d2#p1#r11""]","[""10.1016/j.jct.2014.06.001#d2#p1#r1"",""10.1016/j.jct.2014.06.001#d2#p1#r2"",""10.1016/j.jct.2014.06.001#d2#p1#r3""]",3,3,3
ep_c3eebf10690647dd,mol_370b202074e9a40f,grp_5085cd785cc4c7f4,test,10.1016/j.jct.2013.05.047,10.1016/j.jct.2013.05.047#d8#p1,20000,303.2,370.51,67.31,35,11,11,True,"[""10.1016/j.jct.2013.05.047#d8#p1#r25"",""10.1016/j.jct.2013.05.047#d8#p1#r30"",""10.1016/j.jct.2013.05.047#d8#p1#r35""]","[""10.1016/j.jct.2013.05.047#d8#p1#r1"",""10.1016/j.jct.2013.05.047#d8#p1#r10"",""10.1016/j.jct.2013.05.047#d8#p1#r11"",""10.1016/j.jct.2013.05.047#d8#p1#r2"",""10.1016/j.jct.2013.05.047#d8#p1#r3"",""10.1016/j.jct.2013.05.047#d8#p1#r4"",""10.1016/j.jct.2013.05.047#d8#p1#r5"",""10.1016/j.jct.2013.05.047#d8#p1#r6"",""10.1016/j.jct.2013.05.047#d8#p1#r7"",""10.1016/j.jct.2013.05.047#d8#p1#r8"",""10.1016/j.jct.2013.05.047#d8#p1#r9""]",3,11,11
ep_c7a473677f876d73,mol_4425bf195a41c22d,grp_554ad3ddcfbe3579,test,10.1016/j.jct.2011.05.004,10.1016/j.jct.2011.05.004#d4#p1,20000,329.1,371.2,42.1,28,9,9,True,"[""10.1016/j.jct.2011.05.004#d4#p1#r24"",""10.1016/j.jct.2011.05.004#d4#p1#r29"",""10.1016/j.jct.2011.05.004#d4#p1#r34""]","[""10.1016/j.jct.2011.05.004#d4#p1#r10"",""10.1016/j.jct.2011.05.004#d4#p1#r11"",""10.1016/j.jct.2011.05.004#d4#p1#r12"",""10.1016/j.jct.2011.05.004#d4#p1#r13"",""10.1016/j.jct.2011.05.004#d4#p1#r5"",""10.1016/j.jct.2011.05.004#d4#p1#r6"",""10.1016/j.jct.2011.05.004#d4#p1#r7"",""10.1016/j.jct.2011.05.004#d4#p1#r8"",""10.1016/j.jct.2011.05.004#d4#p1#r9""]",3,9,9
ep_c7cef8436749fe49,mol_cc7d31c3ab545846,grp_5ed1239f1de5ca2c,validation,10.1021/je300312c,10.1021/je300312c#d4#p1,20000,314.2,376,61.8,30,9,8,True,"[""10.1021/je300312c#d4#p1#r22"",""10.1021/je300312c#d4#p1#r26"",""10.1021/je300312c#d4#p1#r30""]","[""10.1021/je300312c#d4#p1#r1"",""10.1021/je300312c#d4#p1#r2"",""10.1021/je300312c#d4#p1#r3"",""10.1021/je300312c#d4#p1#r4"",""10.1021/je300312c#d4#p1#r5"",""10.1021/je300312c#d4#p1#r6"",""10.1021/je300312c#d4#p1#r7"",""10.1021/je300312c#d4#p1#r8""]",3,8,8
ep_c82e77062f345e93,mol_4f13a4696bbfcaf9,grp_5dea7427c65d07c7,train,10.1021/je200766t,10.1021/je200766t#d2#p1,20000,313.2,431.74,118.54,14,4,4,True,"[""10.1021/je200766t#d2#p1#r12"",""10.1021/je200766t#d2#p1#r13"",""10.1021/je200766t#d2#p1#r15""]","[""10.1021/je200766t#d2#p1#r1"",""10.1021/je200766t#d2#p1#r2"",""10.1021/je200766t#d2#p1#r3"",""10.1021/je200766t#d2#p1#r4""]",3,4,4
ep_c9134b70f788640b,mol_4603750e706845d0,grp_cd9f232caa190183,validation,10.1016/j.jct.2012.04.006,10.1016/j.jct.2012.04.006#d12#p1,20000,292.33,369.54,77.21,40,12,12,True,"[""10.1016/j.jct.2012.04.006#d12#p1#r34"",""10.1016/j.jct.2012.04.006#d12#p1#r39"",""10.1016/j.jct.2012.04.006#d12#p1#r45""]","[""10.1016/j.jct.2012.04.006#d12#p1#r10"",""10.1016/j.jct.2012.04.006#d12#p1#r11"",""10.1016/j.jct.2012.04.006#d12#p1#r12"",""10.1016/j.jct.2012.04.006#d12#p1#r13"",""10.1016/j.jct.2012.04.006#d12#p1#r14"",""10.1016/j.jct.2012.04.006#d12#p1#r15"",""10.1016/j.jct.2012.04.006#d12#p1#r16"",""10.1016/j.jct.2012.04.006#d12#p1#r17"",""10.1016/j.jct.2012.04.006#d12#p1#r6"",""10.1016/j.jct.2012.04.006#d12#p1#r7"",""10.1016/j.jct.2012.04.006#d12#p1#r8"",""10.1016/j.jct.2012.04.006#d12#p1#r9""]",3,12,12
ep_c96a044c6f2bde6d,mol_d9ec66217e35d939,grp_5dea7427c65d07c7,train,10.1021/acs.jced.6b00576,10.1021/acs.jced.6b00576#d8#p1,20000,273.18,313.47,40.29,10,3,2,True,"[""10.1021/acs.jced.6b00576#d8#p1#r8"",""10.1021/acs.jced.6b00576#d8#p1#r9"",""10.1021/acs.jced.6b00576#d8#p1#r10""]","[""10.1021/acs.jced.6b00576#d8#p1#r1"",""10.1021/acs.jced.6b00576#d8#p1#r2""]",3,2,2
ep_cb4ebc3f62e48f1a,mol_c9fe204405ee8e50,grp_d765adb1eb55a46a,validation,10.1021/je301333b,10.1021/je301333b#d14#p1,20000,278.15,323.15,45,10,3,3,True,"[""10.1021/je301333b#d14#p1#r8"",""10.1021/je301333b#d14#p1#r9"",""10.1021/je301333b#d14#p1#r10""]","[""10.1021/je301333b#d14#p1#r1"",""10.1021/je301333b#d14#p1#r2"",""10.1021/je301333b#d14#p1#r3""]",3,3,3
ep_cb6c86f72978f90c,mol_97895e747db97ae6,grp_5dea7427c65d07c7,train,10.1021/acs.jced.6b00576,10.1021/acs.jced.6b00576#d3#p1,20000,273.16,313.46,40.3,9,3,2,True,"[""10.1021/acs.jced.6b00576#d3#p1#r7"",""10.1021/acs.jced.6b00576#d3#p1#r8"",""10.1021/acs.jced.6b00576#d3#p1#r9""]","[""10.1021/acs.jced.6b00576#d3#p1#r1"",""10.1021/acs.jced.6b00576#d3#p1#r2""]",3,2,2
ep_cb8438961d2fc11d,mol_6175878e18979484,grp_5dea7427c65d07c7,train,10.1016/j.tca.2018.07.016,10.1016/j.tca.2018.07.016#d3#p1,20000,274.6,323.4,48.8,11,4,4,True,"[""10.1016/j.tca.2018.07.016#d3#p1#r8"",""10.1016/j.tca.2018.07.016#d3#p1#r9"",""10.1016/j.tca.2018.07.016#d3#p1#r11""]","[""10.1016/j.tca.2018.07.016#d3#p1#r1"",""10.1016/j.tca.2018.07.016#d3#p1#r2"",""10.1016/j.tca.2018.07.016#d3#p1#r3"",""10.1016/j.tca.2018.07.016#d3#p1#r4""]",3,4,4
ep_cbb05ad034fab9b5,mol_e386b69d862ccfe9,grp_554ad3ddcfbe3579,test,10.1016/j.jct.2011.05.004,10.1016/j.jct.2011.05.004#d2#p1,20000,308.2,366.3,58.1,16,7,4,True,"[""10.1016/j.jct.2011.05.004#d2#p1#r10"",""10.1016/j.jct.2011.05.004#d2#p1#r13"",""10.1016/j.jct.2011.05.004#d2#p1#r16""]","[""10.1016/j.jct.2011.05.004#d2#p1#r1"",""10.1016/j.jct.2011.05.004#d2#p1#r2"",""10.1016/j.jct.2011.05.004#d2#p1#r3"",""10.1016/j.jct.2011.05.004#d2#p1#r4""]",3,4,4
ep_cbd89955267d8675,mol_b9700272231de061,grp_bcf7dc086ea12992,test,10.1016/j.fluid.2019.04.036,10.1016/j.fluid.2019.04.036#d2#p1,20000,288.8,356.1,67.3,20,6,7,True,"[""10.1016/j.fluid.2019.04.036#d2#p1#r15"",""10.1016/j.fluid.2019.04.036#d2#p1#r17"",""10.1016/j.fluid.2019.04.036#d2#p1#r20""]","[""10.1016/j.fluid.2019.04.036#d2#p1#r1"",""10.1016/j.fluid.2019.04.036#d2#p1#r2"",""10.1016/j.fluid.2019.04.036#d2#p1#r3"",""10.1016/j.fluid.2019.04.036#d2#p1#r4"",""10.1016/j.fluid.2019.04.036#d2#p1#r5"",""10.1016/j.fluid.2019.04.036#d2#p1#r6"",""10.1016/j.fluid.2019.04.036#d2#p1#r7""]",3,7,7
ep_cc6021516977f4d2,mol_f6fdbe222c4eecf8,grp_5085cd785cc4c7f4,test,10.1016/j.jct.2013.05.047,10.1016/j.jct.2013.05.047#d4#p1,20000,291.39,342.84,51.45,27,8,8,True,"[""10.1016/j.jct.2013.05.047#d4#p1#r20"",""10.1016/j.jct.2013.05.047#d4#p1#r23"",""10.1016/j.jct.2013.05.047#d4#p1#r27""]","[""10.1016/j.jct.2013.05.047#d4#p1#r1"",""10.1016/j.jct.2013.05.047#d4#p1#r2"",""10.1016/j.jct.2013.05.047#d4#p1#r3"",""10.1016/j.jct.2013.05.047#d4#p1#r4"",""10.1016/j.jct.2013.05.047#d4#p1#r5"",""10.1016/j.jct.2013.05.047#d4#p1#r6"",""10.1016/j.jct.2013.05.047#d4#p1#r7"",""10.1016/j.jct.2013.05.047#d4#p1#r8""]",3,8,8
ep_cc77840feae65165,mol_6ea740b63f4d7f2b,grp_5dea7427c65d07c7,train,10.1021/je020110g,10.1021/je020110g#d1#p1,20000,278.15,323.15,45,10,3,3,True,"[""10.1021/je020110g#d1#p1#r8"",""10.1021/je020110g#d1#p1#r9"",""10.1021/je020110g#d1#p1#r10""]","[""10.1021/je020110g#d1#p1#r1"",""10.1021/je020110g#d1#p1#r2"",""10.1021/je020110g#d1#p1#r3""]",3,3,3
ep_cc888714f0a49597,mol_12f2d4d05a0c8d09,grp_5dea7427c65d07c7,train,10.1021/je500784s,10.1021/je500784s#d17#p1,20000,293.5,328.5,35,14,5,4,True,"[""10.1021/je500784s#d17#p1#r10"",""10.1021/je500784s#d17#p1#r12"",""10.1021/je500784s#d17#p1#r15""]","[""10.1021/je500784s#d17#p1#r1"",""10.1021/je500784s#d17#p1#r2"",""10.1021/je500784s#d17#p1#r3"",""10.1021/je500784s#d17#p1#r4""]",3,4,4
ep_ccb6403397d29a8c,mol_f5b1d62bafd7f460,grp_5dea7427c65d07c7,train,10.1021/je049950g,10.1021/je049950g#d2#p1,20000,298.15,383.15,85,17,5,6,True,"[""10.1021/je049950g#d2#p1#r13"",""10.1021/je049950g#d2#p1#r15"",""10.1021/je049950g#d2#p1#r17""]","[""10.1021/je049950g#d2#p1#r1"",""10.1021/je049950g#d2#p1#r2"",""10.1021/je049950g#d2#p1#r3"",""10.1021/je049950g#d2#p1#r4"",""10.1021/je049950g#d2#p1#r5"",""10.1021/je049950g#d2#p1#r6""]",3,6,6
ep_cd8e75c03a1b27e9,mol_80db9b4fc382b414,grp_5dea7427c65d07c7,train,10.1021/je500784s,10.1021/je500784s#d7#p1,20000,301.9,335.3,33.4,17,5,5,True,"[""10.1021/je500784s#d7#p1#r13"",""10.1021/je500784s#d7#p1#r15"",""10.1021/je500784s#d7#p1#r17""]","[""10.1021/je500784s#d7#p1#r1"",""10.1021/je500784s#d7#p1#r2"",""10.1021/je500784s#d7#p1#r3"",""10.1021/je500784s#d7#p1#r4"",""10.1021/je500784s#d7#p1#r5""]",3,5,5
ep_cf79d39a9a2f85bb,mol_817b4cbdae424a61,grp_5dea7427c65d07c7,train,10.1016/j.jct.2006.06.010,10.1016/j.jct.2006.06.010#d1#p1,20000,278.4,353.2,74.8,30,10,10,True,"[""10.1016/j.jct.2006.06.010#d1#p1#r37"",""10.1016/j.jct.2006.06.010#d1#p1#r46"",""10.1016/j.jct.2006.06.010#d1#p1#r51""]","[""10.1016/j.jct.2006.06.010#d1#p1#r1"",""10.1016/j.jct.2006.06.010#d1#p1#r10"",""10.1016/j.jct.2006.06.010#d1#p1#r11"",""10.1016/j.jct.2006.06.010#d1#p1#r12"",""10.1016/j.jct.2006.06.010#d1#p1#r13"",""10.1016/j.jct.2006.06.010#d1#p1#r14"",""10.1016/j.jct.2006.06.010#d1#p1#r15"",""10.1016/j.jct.2006.06.010#d1#p1#r2"",""10.1016/j.jct.2006.06.010#d1#p1#r3"",""10.1016/j.jct.2006.06.010#d1#p1#r4"",""10.1016/j.jct.2006.06.010#d1#p1#r5"",""10.1016/j.jct.2006.06.010#d1#p1#r6"",""10.1016/j.jct.2006.06.010#d1#p1#r7"",""10.1016/j.jct.2006.06.010#d1#p1#r8"",""10.1016/j.jct.2006.06.010#d1#p1#r9""]",3,15,10
ep_cfa6debcb4560463,mol_3deaee44f66bb29c,grp_3deaee44f66bb29c,train,10.1016/j.jct.2008.01.009,10.1016/j.jct.2008.01.009#d15#p1,20000,289.999,369.98,79.981,10,4,3,True,"[""10.1016/j.jct.2008.01.009#d15#p1#r7"",""10.1016/j.jct.2008.01.009#d15#p1#r8"",""10.1016/j.jct.2008.01.009#d15#p1#r10""]","[""10.1016/j.jct.2008.01.009#d15#p1#r1"",""10.1016/j.jct.2008.01.009#d15#p1#r2"",""10.1016/j.jct.2008.01.009#d15#p1#r3""]",3,3,3
ep_d1c2420c3eb8925f,mol_385079eb0964d1b9,grp_5085cd785cc4c7f4,test,10.1021/je060429r,10.1021/je060429r#d14#p1,20000,341.2,371.4,30.2,10,3,3,True,"[""10.1021/je060429r#d14#p1#r8"",""10.1021/je060429r#d14#p1#r9"",""10.1021/je060429r#d14#p1#r10""]","[""10.1021/je060429r#d14#p1#r1"",""10.1021/je060429r#d14#p1#r2"",""10.1021/je060429r#d14#p1#r3""]",3,3,3
ep_d2f8b82bfd24cef0,mol_09c6576738d86b71,grp_5dea7427c65d07c7,train,10.1016/j.jct.2011.06.008,10.1016/j.jct.2011.06.008#d12#p1,20000,328.2,363.1,34.9,18,5,4,True,"[""10.1016/j.jct.2011.06.008#d12#p1#r14"",""10.1016/j.jct.2011.06.008#d12#p1#r17"",""10.1016/j.jct.2011.06.008#d12#p1#r20""]","[""10.1016/j.jct.2011.06.008#d12#p1#r1"",""10.1016/j.jct.2011.06.008#d12#p1#r2"",""10.1016/j.jct.2011.06.008#d12#p1#r3"",""10.1016/j.jct.2011.06.008#d12#p1#r4""]",3,4,4
ep_d4098a7cee4946af,mol_649ec05a23e0b398,grp_649ec05a23e0b398,train,10.1021/je100605v,10.1021/je100605v#d1#p1,20000,335,432,97,36,20,5,True,"[""10.1021/je100605v#d1#p1#r17"",""10.1021/je100605v#d1#p1#r26"",""10.1021/je100605v#d1#p1#r36""]","[""10.1021/je100605v#d1#p1#r1"",""10.1021/je100605v#d1#p1#r2"",""10.1021/je100605v#d1#p1#r3"",""10.1021/je100605v#d1#p1#r4"",""10.1021/je100605v#d1#p1#r5""]",3,5,5
ep_d43b0e99e078938c,mol_45cc3d52a0d8f167,grp_fe68aa4179fd65d6,test,10.1016/j.jct.2013.11.003,10.1016/j.jct.2013.11.003#d1#p1,20000,278.1,323.7,45.6,20,7,6,True,"[""10.1016/j.jct.2013.11.003#d1#p1#r14"",""10.1016/j.jct.2013.11.003#d1#p1#r18"",""10.1016/j.jct.2013.11.003#d1#p1#r21""]","[""10.1016/j.jct.2013.11.003#d1#p1#r1"",""10.1016/j.jct.2013.11.003#d1#p1#r2"",""10.1016/j.jct.2013.11.003#d1#p1#r3"",""10.1016/j.jct.2013.11.003#d1#p1#r4"",""10.1016/j.jct.2013.11.003#d1#p1#r5"",""10.1016/j.jct.2013.11.003#d1#p1#r6""]",3,6,6
ep_d4c10d75d5044142,mol_d6b8092c9c9b4a40,grp_1ee21e819b209e57,test,10.1021/je2007605,10.1021/je2007605#d4#p1,20000,293.03,348.75,55.72,29,9,9,True,"[""10.1021/je2007605#d4#p1#r21"",""10.1021/je2007605#d4#p1#r25"",""10.1021/je2007605#d4#p1#r29""]","[""10.1021/je2007605#d4#p1#r1"",""10.1021/je2007605#d4#p1#r2"",""10.1021/je2007605#d4#p1#r3"",""10.1021/je2007605#d4#p1#r4"",""10.1021/je2007605#d4#p1#r5"",""10.1021/je2007605#d4#p1#r6"",""10.1021/je2007605#d4#p1#r7"",""10.1021/je2007605#d4#p1#r8"",""10.1021/je2007605#d4#p1#r9""]",3,9,9
ep_d4e14e2847bcf225,mol_5fdb3f96e8ca0576,grp_9dc3cc34781e7516,train,10.1016/j.fluid.2016.06.011,10.1016/j.fluid.2016.06.011#d11#p1,20000,278.14,327.93,49.79,11,4,3,True,"[""10.1016/j.fluid.2016.06.011#d11#p1#r8"",""10.1016/j.fluid.2016.06.011#d11#p1#r9"",""10.1016/j.fluid.2016.06.011#d11#p1#r11""]","[""10.1016/j.fluid.2016.06.011#d11#p1#r1"",""10.1016/j.fluid.2016.06.011#d11#p1#r2"",""10.1016/j.fluid.2016.06.011#d11#p1#r3""]",3,3,3
ep_d62578c702f55629,mol_f64a37f4f13cc997,grp_5dea7427c65d07c7,train,10.1016/j.fluid.2008.02.001,10.1016/j.fluid.2008.02.001#d9#p1,20000,274.2,319.2,45,13,5,4,True,"[""10.1016/j.fluid.2008.02.001#d9#p1#r9"",""10.1016/j.fluid.2008.02.001#d9#p1#r11"",""10.1016/j.fluid.2008.02.001#d9#p1#r13""]","[""10.1016/j.fluid.2008.02.001#d9#p1#r1"",""10.1016/j.fluid.2008.02.001#d9#p1#r2"",""10.1016/j.fluid.2008.02.001#d9#p1#r3"",""10.1016/j.fluid.2008.02.001#d9#p1#r4""]",3,4,4
ep_d688c3ca1aff1abc,mol_942daac293e911e8,grp_5dea7427c65d07c7,train,10.1021/je060406c,10.1021/je060406c#d1#p1,20000,276.7,323.4,46.7,16,5,5,True,"[""10.1021/je060406c#d1#p1#r12"",""10.1021/je060406c#d1#p1#r14"",""10.1021/je060406c#d1#p1#r16""]","[""10.1021/je060406c#d1#p1#r1"",""10.1021/je060406c#d1#p1#r2"",""10.1021/je060406c#d1#p1#r3"",""10.1021/je060406c#d1#p1#r4"",""10.1021/je060406c#d1#p1#r5""]",3,5,5
ep_d790c95d7ef2b1d8,mol_28ddefda28499c0d,grp_5ed1239f1de5ca2c,validation,10.1016/j.fluid.2016.11.010,10.1016/j.fluid.2016.11.010#d2#p1,20000,313.3,363,49.7,11,4,4,True,"[""10.1016/j.fluid.2016.11.010#d2#p1#r8"",""10.1016/j.fluid.2016.11.010#d2#p1#r9"",""10.1016/j.fluid.2016.11.010#d2#p1#r11""]","[""10.1016/j.fluid.2016.11.010#d2#p1#r1"",""10.1016/j.fluid.2016.11.010#d2#p1#r2"",""10.1016/j.fluid.2016.11.010#d2#p1#r3"",""10.1016/j.fluid.2016.11.010#d2#p1#r4""]",3,4,4
ep_d828bd6be0139a09,mol_cf0b37e316ba5ed0,grp_d765adb1eb55a46a,validation,10.1021/je301333b,10.1021/je301333b#d21#p1,20000,278.15,368.15,90,19,6,6,True,"[""10.1021/je301333b#d21#p1#r14"",""10.1021/je301333b#d21#p1#r16"",""10.1021/je301333b#d21#p1#r19""]","[""10.1021/je301333b#d21#p1#r1"",""10.1021/je301333b#d21#p1#r2"",""10.1021/je301333b#d21#p1#r3"",""10.1021/je301333b#d21#p1#r4"",""10.1021/je301333b#d21#p1#r5"",""10.1021/je301333b#d21#p1#r6""]",3,6,6
ep_d859c6979f32d826,mol_d6ae19349f751551,grp_5dea7427c65d07c7,train,10.1016/j.fluid.2012.08.003,10.1016/j.fluid.2012.08.003#d2#p1,20000,275.4,313.4,38,9,3,3,True,"[""10.1016/j.fluid.2012.08.003#d2#p1#r10"",""10.1016/j.fluid.2012.08.003#d2#p1#r11"",""10.1016/j.fluid.2012.08.003#d2#p1#r13""]","[""10.1016/j.fluid.2012.08.003#d2#p1#r1"",""10.1016/j.fluid.2012.08.003#d2#p1#r2"",""10.1016/j.fluid.2012.08.003#d2#p1#r3""]",3,3,3
ep_d89d8a9823a599aa,mol_165439913dffe7c0,grp_642c5927dec37b59,validation,10.1016/j.fluid.2011.07.007,10.1016/j.fluid.2011.07.007#d2#p1,20000,287.5,330.5,43,17,6,5,True,"[""10.1016/j.fluid.2011.07.007#d2#p1#r12"",""10.1016/j.fluid.2011.07.007#d2#p1#r15"",""10.1016/j.fluid.2011.07.007#d2#p1#r18""]","[""10.1016/j.fluid.2011.07.007#d2#p1#r1"",""10.1016/j.fluid.2011.07.007#d2#p1#r2"",""10.1016/j.fluid.2011.07.007#d2#p1#r3"",""10.1016/j.fluid.2011.07.007#d2#p1#r4"",""10.1016/j.fluid.2011.07.007#d2#p1#r5""]",3,5,5
ep_d99efa6ecce4b9ec,mol_045382ab2985ca01,grp_045382ab2985ca01,test,10.1021/je100175j,10.1021/je100175j#d13#p1,20000,301.98,361.66,59.68,31,10,9,True,"[""10.1021/je100175j#d13#p1#r22"",""10.1021/je100175j#d13#p1#r26"",""10.1021/je100175j#d13#p1#r31""]","[""10.1021/je100175j#d13#p1#r1"",""10.1021/je100175j#d13#p1#r2"",""10.1021/je100175j#d13#p1#r3"",""10.1021/je100175j#d13#p1#r4"",""10.1021/je100175j#d13#p1#r5"",""10.1021/je100175j#d13#p1#r6"",""10.1021/je100175j#d13#p1#r7"",""10.1021/je100175j#d13#p1#r8"",""10.1021/je100175j#d13#p1#r9""]",3,9,9
ep_da1739ab8a76f429,mol_acf575de292611d9,grp_4099771604350c09,test,10.1021/je200336c,10.1021/je200336c#d5#p1,20000,313.2,368.4,55.2,30,8,10,True,"[""10.1021/je200336c#d5#p1#r26"",""10.1021/je200336c#d5#p1#r29"",""10.1021/je200336c#d5#p1#r34""]","[""10.1021/je200336c#d5#p1#r10"",""10.1021/je200336c#d5#p1#r11"",""10.1021/je200336c#d5#p1#r12"",""10.1021/je200336c#d5#p1#r13"",""10.1021/je200336c#d5#p1#r3"",""10.1021/je200336c#d5#p1#r4"",""10.1021/je200336c#d5#p1#r5"",""10.1021/je200336c#d5#p1#r6"",""10.1021/je200336c#d5#p1#r7"",""10.1021/je200336c#d5#p1#r8"",""10.1021/je200336c#d5#p1#r9""]",3,11,10
ep_dafcbd08687541fe,mol_e6f5c08892930cf0,grp_468c9a97902f6f3f,test,10.1016/j.fluid.2014.12.023,10.1016/j.fluid.2014.12.023#d6#p1,20000,277.6,323.5,45.9,17,5,5,True,"[""10.1016/j.fluid.2014.12.023#d6#p1#r13"",""10.1016/j.fluid.2014.12.023#d6#p1#r15"",""10.1016/j.fluid.2014.12.023#d6#p1#r17""]","[""10.1016/j.fluid.2014.12.023#d6#p1#r1"",""10.1016/j.fluid.2014.12.023#d6#p1#r2"",""10.1016/j.fluid.2014.12.023#d6#p1#r3"",""10.1016/j.fluid.2014.12.023#d6#p1#r4"",""10.1016/j.fluid.2014.12.023#d6#p1#r5""]",3,5,5
ep_db0763f12f592c9a,mol_0c4b045ac23695a8,grp_0c4b045ac23695a8,train,10.1016/j.jct.2012.01.025,10.1016/j.jct.2012.01.025#d5#p1,20000,354.78,404.3,49.52,21,8,5,True,"[""10.1016/j.jct.2012.01.025#d5#p1#r14"",""10.1016/j.jct.2012.01.025#d5#p1#r17"",""10.1016/j.jct.2012.01.025#d5#p1#r21""]","[""10.1016/j.jct.2012.01.025#d5#p1#r1"",""10.1016/j.jct.2012.01.025#d5#p1#r2"",""10.1016/j.jct.2012.01.025#d5#p1#r3"",""10.1016/j.jct.2012.01.025#d5#p1#r4"",""10.1016/j.jct.2012.01.025#d5#p1#r5""]",3,5,5
ep_db32f5a87fab7a48,mol_58b895da863521d5,grp_5dea7427c65d07c7,train,10.1021/je060249h,10.1021/je060249h#d2#p1,20000,347.65,424.55,76.9,21,10,3,True,"[""10.1021/je060249h#d2#p1#r12"",""10.1021/je060249h#d2#p1#r16"",""10.1021/je060249h#d2#p1#r23""]","[""10.1021/je060249h#d2#p1#r1"",""10.1021/je060249h#d2#p1#r2"",""10.1021/je060249h#d2#p1#r3""]",3,3,3
ep_db8f8b10c962aa98,mol_e7d60690a0df8ab7,grp_27b44b5a9de26f9f,test,10.1016/j.tca.2015.02.004,10.1016/j.tca.2015.02.004#d8#p1,20000,290.85,341.1,50.25,14,5,5,True,"[""10.1016/j.tca.2015.02.004#d8#p1#r20"",""10.1016/j.tca.2015.02.004#d8#p1#r3"",""10.1016/j.tca.2015.02.004#d8#p1#r10""]","[""10.1016/j.tca.2015.02.004#d8#p1#r1"",""10.1016/j.tca.2015.02.004#d8#p1#r13"",""10.1016/j.tca.2015.02.004#d8#p1#r14"",""10.1016/j.tca.2015.02.004#d8#p1#r22"",""10.1016/j.tca.2015.02.004#d8#p1#r6"",""10.1016/j.tca.2015.02.004#d8#p1#r7""]",3,6,5
ep_dc0c481a32b549fb,mol_6a1b88d7d4729d66,grp_5dea7427c65d07c7,train,10.1016/j.fluid.2007.09.002,10.1016/j.fluid.2007.09.002#d2#p1,20000,263.15,343.15,80,10,3,3,True,"[""10.1016/j.fluid.2007.09.002#d2#p1#r8"",""10.1016/j.fluid.2007.09.002#d2#p1#r9"",""10.1016/j.fluid.2007.09.002#d2#p1#r10""]","[""10.1016/j.fluid.2007.09.002#d2#p1#r1"",""10.1016/j.fluid.2007.09.002#d2#p1#r2"",""10.1016/j.fluid.2007.09.002#d2#p1#r3""]",3,3,3
ep_dc3e4d03032b828a,mol_047b0590b532ef16,grp_4099771604350c09,test,10.1021/je200336c,10.1021/je200336c#d2#p1,20000,293.6,343,49.4,24,7,7,True,"[""10.1021/je200336c#d2#p1#r19"",""10.1021/je200336c#d2#p1#r22"",""10.1021/je200336c#d2#p1#r26""]","[""10.1021/je200336c#d2#p1#r1"",""10.1021/je200336c#d2#p1#r2"",""10.1021/je200336c#d2#p1#r3"",""10.1021/je200336c#d2#p1#r4"",""10.1021/je200336c#d2#p1#r5"",""10.1021/je200336c#d2#p1#r6"",""10.1021/je200336c#d2#p1#r7""]",3,7,7
ep_dc8ba80fd7e036d2,mol_7eb75db0233cc0c1,grp_27b44b5a9de26f9f,test,10.1016/j.tca.2015.02.004,10.1016/j.tca.2015.02.004#d4#p1,20000,311.6,411.6,100,11,5,3,True,"[""10.1016/j.tca.2015.02.004#d4#p1#r11"",""10.1016/j.tca.2015.02.004#d4#p1#r17"",""10.1016/j.tca.2015.02.004#d4#p1#r8""]","[""10.1016/j.tca.2015.02.004#d4#p1#r1"",""10.1016/j.tca.2015.02.004#d4#p1#r2"",""10.1016/j.tca.2015.02.004#d4#p1#r9""]",3,3,3
ep_dcac16a6fa8a348b,mol_4b404db342a0b6d3,grp_5ed1239f1de5ca2c,validation,10.1016/j.jct.2014.04.026,10.1016/j.jct.2014.04.026#d11#p1,20000,278.42,341.9,63.48,33,10,10,True,"[""10.1016/j.jct.2014.04.026#d11#p1#r30"",""10.1016/j.jct.2014.04.026#d11#p1#r34"",""10.1016/j.jct.2014.04.026#d11#p1#r39""]","[""10.1016/j.jct.2014.04.026#d11#p1#r10"",""10.1016/j.jct.2014.04.026#d11#p1#r11"",""10.1016/j.jct.2014.04.026#d11#p1#r12"",""10.1016/j.jct.2014.04.026#d11#p1#r13"",""10.1016/j.jct.2014.04.026#d11#p1#r14"",""10.1016/j.jct.2014.04.026#d11#p1#r15"",""10.1016/j.jct.2014.04.026#d11#p1#r16"",""10.1016/j.jct.2014.04.026#d11#p1#r6"",""10.1016/j.jct.2014.04.026#d11#p1#r7"",""10.1016/j.jct.2014.04.026#d11#p1#r8"",""10.1016/j.jct.2014.04.026#d11#p1#r9""]",3,11,10
ep_dcb5bf73c3267d85,mol_358e3bc57d6b1ebf,grp_358e3bc57d6b1ebf,validation,10.1016/j.jct.2015.03.011,10.1016/j.jct.2015.03.011#d2#p1,20000,276,308.7,32.7,23,7,9,True,"[""10.1016/j.jct.2015.03.011#d2#p1#r19"",""10.1016/j.jct.2015.03.011#d2#p1#r22"",""10.1016/j.jct.2015.03.011#d2#p1#r25""]","[""10.1016/j.jct.2015.03.011#d2#p1#r1"",""10.1016/j.jct.2015.03.011#d2#p1#r10"",""10.1016/j.jct.2015.03.011#d2#p1#r11"",""10.1016/j.jct.2015.03.011#d2#p1#r2"",""10.1016/j.jct.2015.03.011#d2#p1#r3"",""10.1016/j.jct.2015.03.011#d2#p1#r4"",""10.1016/j.jct.2015.03.011#d2#p1#r5"",""10.1016/j.jct.2015.03.011#d2#p1#r6"",""10.1016/j.jct.2015.03.011#d2#p1#r7"",""10.1016/j.jct.2015.03.011#d2#p1#r8"",""10.1016/j.jct.2015.03.011#d2#p1#r9""]",3,11,9
ep_dd95eb02fcf66543,mol_533237776aacb2a0,grp_5dea7427c65d07c7,train,10.1021/je100231g,10.1021/je100231g#d1#p1,20000,283.6,333.5,49.9,14,4,4,True,"[""10.1021/je100231g#d1#p1#r11"",""10.1021/je100231g#d1#p1#r12"",""10.1021/je100231g#d1#p1#r14""]","[""10.1021/je100231g#d1#p1#r1"",""10.1021/je100231g#d1#p1#r2"",""10.1021/je100231g#d1#p1#r3"",""10.1021/je100231g#d1#p1#r4""]",3,4,4
ep_df1cb92a9351cce8,mol_b556abff79f787db,grp_bcf7dc086ea12992,test,10.1016/j.fluid.2019.04.036,10.1016/j.fluid.2019.04.036#d4#p1,20000,293.1,329.6,36.5,25,6,7,True,"[""10.1016/j.fluid.2019.04.036#d4#p1#r20"",""10.1016/j.fluid.2019.04.036#d4#p1#r22"",""10.1016/j.fluid.2019.04.036#d4#p1#r25""]","[""10.1016/j.fluid.2019.04.036#d4#p1#r1"",""10.1016/j.fluid.2019.04.036#d4#p1#r2"",""10.1016/j.fluid.2019.04.036#d4#p1#r3"",""10.1016/j.fluid.2019.04.036#d4#p1#r4"",""10.1016/j.fluid.2019.04.036#d4#p1#r5"",""10.1016/j.fluid.2019.04.036#d4#p1#r6"",""10.1016/j.fluid.2019.04.036#d4#p1#r7""]",3,7,7
ep_dfa8b0a00085ee6d,mol_8b8ce5ecf64b8081,grp_5dea7427c65d07c7,train,10.1021/je200730m,10.1021/je200730m#d1#p1,20000,253.41,382.15,128.74,13,4,3,True,"[""10.1021/je200730m#d1#p1#r10"",""10.1021/je200730m#d1#p1#r11"",""10.1021/je200730m#d1#p1#r13""]","[""10.1021/je200730m#d1#p1#r1"",""10.1021/je200730m#d1#p1#r2"",""10.1021/je200730m#d1#p1#r3""]",3,3,3
ep_dfdbefab33661abc,mol_d42c92066d82e698,grp_fd910654208f838e,validation,10.1016/j.jct.2014.06.002,10.1016/j.jct.2014.06.002#d9#p1,20000,309.93,355.71,45.78,24,7,7,True,"[""10.1016/j.jct.2014.06.002#d9#p1#r18"",""10.1016/j.jct.2014.06.002#d9#p1#r21"",""10.1016/j.jct.2014.06.002#d9#p1#r24""]","[""10.1016/j.jct.2014.06.002#d9#p1#r1"",""10.1016/j.jct.2014.06.002#d9#p1#r2"",""10.1016/j.jct.2014.06.002#d9#p1#r3"",""10.1016/j.jct.2014.06.002#d9#p1#r4"",""10.1016/j.jct.2014.06.002#d9#p1#r5"",""10.1016/j.jct.2014.06.002#d9#p1#r6"",""10.1016/j.jct.2014.06.002#d9#p1#r7""]",3,7,7
ep_dffa6cf258aa26f9,mol_1a01bcbf9578c5ef,grp_5ed1239f1de5ca2c,validation,10.1016/j.jct.2018.07.020,10.1016/j.jct.2018.07.020#d6#p1,20000,296,340.6,44.6,10,3,3,True,"[""10.1016/j.jct.2018.07.020#d6#p1#r8"",""10.1016/j.jct.2018.07.020#d6#p1#r9"",""10.1016/j.jct.2018.07.020#d6#p1#r10""]","[""10.1016/j.jct.2018.07.020#d6#p1#r1"",""10.1016/j.jct.2018.07.020#d6#p1#r2"",""10.1016/j.jct.2018.07.020#d6#p1#r3""]",3,3,3
ep_e036b6f30c803a66,mol_12e118695cfaacad,grp_5dea7427c65d07c7,train,10.1016/j.jct.2015.08.023,10.1016/j.jct.2015.08.023#d3#p1,20000,263.16,363.2,100.04,12,3,4,True,"[""10.1016/j.jct.2015.08.023#d3#p1#r24"",""10.1016/j.jct.2015.08.023#d3#p1#r25"",""10.1016/j.jct.2015.08.023#d3#p1#r16""]","[""10.1016/j.jct.2015.08.023#d3#p1#r1"",""10.1016/j.jct.2015.08.023#d3#p1#r17"",""10.1016/j.jct.2015.08.023#d3#p1#r18"",""10.1016/j.jct.2015.08.023#d3#p1#r2"",""10.1016/j.jct.2015.08.023#d3#p1#r3""]",3,5,4
ep_e087498c7e7f5412,mol_8ba34edb9356bbe8,grp_5dea7427c65d07c7,train,10.1021/je049561m,10.1021/je049561m#d6#p1,20000,274.4,306.2,31.8,13,4,5,True,"[""10.1021/je049561m#d6#p1#r11"",""10.1021/je049561m#d6#p1#r12"",""10.1021/je049561m#d6#p1#r14""]","[""10.1021/je049561m#d6#p1#r1"",""10.1021/je049561m#d6#p1#r2"",""10.1021/je049561m#d6#p1#r3"",""10.1021/je049561m#d6#p1#r4"",""10.1021/je049561m#d6#p1#r5""]",3,5,5
ep_e0b1866f632caeb1,mol_2634d93cfb57c01a,grp_05168514f8646cd3,test,10.1021/je049595u,10.1021/je049595u#d28#p1,20000,315.614,404.974,89.36,10,3,3,True,"[""10.1021/je049595u#d28#p1#r8"",""10.1021/je049595u#d28#p1#r9"",""10.1021/je049595u#d28#p1#r10""]","[""10.1021/je049595u#d28#p1#r1"",""10.1021/je049595u#d28#p1#r2"",""10.1021/je049595u#d28#p1#r3""]",3,3,3
ep_e1ecf2aa7adf5d63,mol_b04b0d4c9f611351,grp_4cb2ec77bd45a869,test,10.1016/j.jct.2005.11.009,10.1016/j.jct.2005.11.009#d1#p1,20000,284.5,323.2,38.7,14,4,4,True,"[""10.1016/j.jct.2005.11.009#d1#p1#r12"",""10.1016/j.jct.2005.11.009#d1#p1#r13"",""10.1016/j.jct.2005.11.009#d1#p1#r15""]","[""10.1016/j.jct.2005.11.009#d1#p1#r1"",""10.1016/j.jct.2005.11.009#d1#p1#r2"",""10.1016/j.jct.2005.11.009#d1#p1#r3"",""10.1016/j.jct.2005.11.009#d1#p1#r4"",""10.1016/j.jct.2005.11.009#d1#p1#r5""]",3,5,4
ep_e22f57e463b58e27,mol_b27150fe8ceb156d,grp_5dea7427c65d07c7,train,10.1016/j.jct.2017.03.029,10.1016/j.jct.2017.03.029#d1#p1,20000,278.35,323,44.65,10,3,3,True,"[""10.1016/j.jct.2017.03.029#d1#p1#r15"",""10.1016/j.jct.2017.03.029#d1#p1#r17"",""10.1016/j.jct.2017.03.029#d1#p1#r19""]","[""10.1016/j.jct.2017.03.029#d1#p1#r1"",""10.1016/j.jct.2017.03.029#d1#p1#r2"",""10.1016/j.jct.2017.03.029#d1#p1#r3"",""10.1016/j.jct.2017.03.029#d1#p1#r4"",""10.1016/j.jct.2017.03.029#d1#p1#r5"",""10.1016/j.jct.2017.03.029#d1#p1#r6""]",3,6,3
ep_e2b44961a33cec54,mol_275981bba78be1e1,grp_5dea7427c65d07c7,train,10.1021/je500784s,10.1021/je500784s#d4#p1,20000,274.2,308.2,34,22,6,9,True,"[""10.1021/je500784s#d4#p1#r20"",""10.1021/je500784s#d4#p1#r22"",""10.1021/je500784s#d4#p1#r25""]","[""10.1021/je500784s#d4#p1#r1"",""10.1021/je500784s#d4#p1#r10"",""10.1021/je500784s#d4#p1#r11"",""10.1021/je500784s#d4#p1#r2"",""10.1021/je500784s#d4#p1#r3"",""10.1021/je500784s#d4#p1#r4"",""10.1021/je500784s#d4#p1#r5"",""10.1021/je500784s#d4#p1#r6"",""10.1021/je500784s#d4#p1#r7"",""10.1021/je500784s#d4#p1#r8"",""10.1021/je500784s#d4#p1#r9""]",3,11,9
ep_e2fe0b3ebcaf0439,mol_360d41877d5341ed,grp_5dea7427c65d07c7,train,10.1021/je0497799,10.1021/je0497799#d2#p1,20000,278.3,323.6,45.3,18,4,5,True,"[""10.1021/je0497799#d2#p1#r18"",""10.1021/je0497799#d2#p1#r19"",""10.1021/je0497799#d2#p1#r23""]","[""10.1021/je0497799#d2#p1#r1"",""10.1021/je0497799#d2#p1#r2"",""10.1021/je0497799#d2#p1#r3"",""10.1021/je0497799#d2#p1#r4"",""10.1021/je0497799#d2#p1#r5""]",3,5,5
ep_e377a61fa65901f7,mol_47abed7f530ce168,grp_5dea7427c65d07c7,train,10.1016/j.jct.2010.12.010,10.1016/j.jct.2010.12.010#d4#p1,20000,293.15,363.15,70,8,3,3,True,"[""10.1016/j.jct.2010.12.010#d4#p1#r6"",""10.1016/j.jct.2010.12.010#d4#p1#r7"",""10.1016/j.jct.2010.12.010#d4#p1#r8""]","[""10.1016/j.jct.2010.12.010#d4#p1#r1"",""10.1016/j.jct.2010.12.010#d4#p1#r2"",""10.1016/j.jct.2010.12.010#d4#p1#r3""]",3,3,3
ep_e413e2919a1e485b,mol_581ae09a60a3f350,grp_5dea7427c65d07c7,train,10.1021/acs.jced.8b00699,10.1021/acs.jced.8b00699#d1#p1,20000,253.15,308.18,55.03,13,4,4,True,"[""10.1021/acs.jced.8b00699#d1#p1#r13"",""10.1021/acs.jced.8b00699#d1#p1#r14"",""10.1021/acs.jced.8b00699#d1#p1#r16""]","[""10.1021/acs.jced.8b00699#d1#p1#r4"",""10.1021/acs.jced.8b00699#d1#p1#r5"",""10.1021/acs.jced.8b00699#d1#p1#r6"",""10.1021/acs.jced.8b00699#d1#p1#r7""]",3,4,4
ep_e4dac22071bca90c,mol_71d239be146a61dd,grp_5dea7427c65d07c7,train,10.1016/j.jct.2019.01.007,10.1016/j.jct.2019.01.007#d6#p1,20000,313.35,355.15,41.8,18,6,6,True,"[""10.1016/j.jct.2019.01.007#d6#p1#r4"",""10.1016/j.jct.2019.01.007#d6#p1#r3"",""10.1016/j.jct.2019.01.007#d6#p1#r15""]","[""10.1016/j.jct.2019.01.007#d6#p1#r16"",""10.1016/j.jct.2019.01.007#d6#p1#r21"",""10.1016/j.jct.2019.01.007#d6#p1#r22"",""10.1016/j.jct.2019.01.007#d6#p1#r5"",""10.1016/j.jct.2019.01.007#d6#p1#r6"",""10.1016/j.jct.2019.01.007#d6#p1#r7""]",3,6,6
ep_e6d349571e3ea18b,mol_1196b480b8769ed3,grp_d957e784c854093b,train,10.1016/j.tca.2014.05.033,10.1016/j.tca.2014.05.033#d11#p1,20000,343.5,377.4,33.9,21,7,7,True,"[""10.1016/j.tca.2014.05.033#d11#p1#r16"",""10.1016/j.tca.2014.05.033#d11#p1#r19"",""10.1016/j.tca.2014.05.033#d11#p1#r22""]","[""10.1016/j.tca.2014.05.033#d11#p1#r1"",""10.1016/j.tca.2014.05.033#d11#p1#r2"",""10.1016/j.tca.2014.05.033#d11#p1#r3"",""10.1016/j.tca.2014.05.033#d11#p1#r4"",""10.1016/j.tca.2014.05.033#d11#p1#r5"",""10.1016/j.tca.2014.05.033#d11#p1#r6"",""10.1016/j.tca.2014.05.033#d11#p1#r7""]",3,7,7
ep_e6f7e5a501ce0e29,mol_67658075c3dea3a6,grp_3abf997ae3f38d6c,validation,10.1021/je900258f,10.1021/je900258f#d2#p1,20000,358.17,397.45,39.28,9,4,3,True,"[""10.1021/je900258f#d2#p1#r6"",""10.1021/je900258f#d2#p1#r7"",""10.1021/je900258f#d2#p1#r9""]","[""10.1021/je900258f#d2#p1#r1"",""10.1021/je900258f#d2#p1#r2"",""10.1021/je900258f#d2#p1#r3""]",3,3,3
ep_e74b8d2e7a63b147,mol_da5be87f9b74e1ab,grp_81ebf8339e108f8a,train,10.1016/j.jct.2012.07.027,10.1016/j.jct.2012.07.027#d13#p1,20000,268.58,344.85,76.27,40,12,13,True,"[""10.1016/j.jct.2012.07.027#d13#p1#r30"",""10.1016/j.jct.2012.07.027#d13#p1#r35"",""10.1016/j.jct.2012.07.027#d13#p1#r42""]","[""10.1016/j.jct.2012.07.027#d13#p1#r1"",""10.1016/j.jct.2012.07.027#d13#p1#r10"",""10.1016/j.jct.2012.07.027#d13#p1#r11"",""10.1016/j.jct.2012.07.027#d13#p1#r12"",""10.1016/j.jct.2012.07.027#d13#p1#r13"",""10.1016/j.jct.2012.07.027#d13#p1#r2"",""10.1016/j.jct.2012.07.027#d13#p1#r3"",""10.1016/j.jct.2012.07.027#d13#p1#r4"",""10.1016/j.jct.2012.07.027#d13#p1#r5"",""10.1016/j.jct.2012.07.027#d13#p1#r6"",""10.1016/j.jct.2012.07.027#d13#p1#r7"",""10.1016/j.jct.2012.07.027#d13#p1#r8"",""10.1016/j.jct.2012.07.027#d13#p1#r9""]",3,13,13
ep_e791e6348f28665d,mol_fa6014b0e97e2afc,grp_5dea7427c65d07c7,train,10.1021/acs.jced.7b00574,10.1021/acs.jced.7b00574#d2#p1,20000,337.95,386.55,48.6,14,3,3,True,"[""10.1021/acs.jced.7b00574#d2#p1#r10"",""10.1021/acs.jced.7b00574#d2#p1#r11"",""10.1021/acs.jced.7b00574#d2#p1#r12""]","[""10.1021/acs.jced.7b00574#d2#p1#r1"",""10.1021/acs.jced.7b00574#d2#p1#r2"",""10.1021/acs.jced.7b00574#d2#p1#r3""]",3,3,3
ep_e7cd272458fb0bfa,mol_595c30aafafcc9d0,grp_01b36fcba0323968,validation,10.1016/j.fluid.2004.11.024,10.1016/j.fluid.2004.11.024#d2#p1,20000,290.2,323.2,33,14,4,4,True,"[""10.1016/j.fluid.2004.11.024#d2#p1#r11"",""10.1016/j.fluid.2004.11.024#d2#p1#r12"",""10.1016/j.fluid.2004.11.024#d2#p1#r14""]","[""10.1016/j.fluid.2004.11.024#d2#p1#r1"",""10.1016/j.fluid.2004.11.024#d2#p1#r2"",""10.1016/j.fluid.2004.11.024#d2#p1#r3"",""10.1016/j.fluid.2004.11.024#d2#p1#r4""]",3,4,4
ep_e80b4bc76ce7f5cf,mol_fd8c11940511c457,grp_5dea7427c65d07c7,train,10.1021/je500784s,10.1021/je500784s#d16#p1,20000,284.5,333.4,48.9,20,6,5,True,"[""10.1021/je500784s#d16#p1#r15"",""10.1021/je500784s#d16#p1#r17"",""10.1021/je500784s#d16#p1#r20""]","[""10.1021/je500784s#d16#p1#r1"",""10.1021/je500784s#d16#p1#r2"",""10.1021/je500784s#d16#p1#r3"",""10.1021/je500784s#d16#p1#r4"",""10.1021/je500784s#d16#p1#r5""]",3,5,5
ep_e8b1c4b6c048801e,mol_f66338fbde75d97f,grp_756fd67e09bf04a3,validation,10.1016/j.jct.2015.07.025,10.1016/j.jct.2015.07.025#d5#p1,20000,302.1,334.9,32.8,15,4,5,True,"[""10.1016/j.jct.2015.07.025#d5#p1#r13"",""10.1016/j.jct.2015.07.025#d5#p1#r14"",""10.1016/j.jct.2015.07.025#d5#p1#r16""]","[""10.1016/j.jct.2015.07.025#d5#p1#r1"",""10.1016/j.jct.2015.07.025#d5#p1#r2"",""10.1016/j.jct.2015.07.025#d5#p1#r3"",""10.1016/j.jct.2015.07.025#d5#p1#r4"",""10.1016/j.jct.2015.07.025#d5#p1#r5""]",3,5,5
ep_e931733c37f440ad,mol_0d2ad00dadcb0064,grp_5dea7427c65d07c7,train,10.1016/j.jct.2014.04.022,10.1016/j.jct.2014.04.022#d12#p1,20000,253.15,308.15,55,13,4,4,True,"[""10.1016/j.jct.2014.04.022#d12#p1#r37"",""10.1016/j.jct.2014.04.022#d12#p1#r40"",""10.1016/j.jct.2014.04.022#d12#p1#r46""]","[""10.1016/j.jct.2014.04.022#d12#p1#r10"",""10.1016/j.jct.2014.04.022#d12#p1#r11"",""10.1016/j.jct.2014.04.022#d12#p1#r12"",""10.1016/j.jct.2014.04.022#d12#p1#r13"",""10.1016/j.jct.2014.04.022#d12#p1#r15"",""10.1016/j.jct.2014.04.022#d12#p1#r16"",""10.1016/j.jct.2014.04.022#d12#p1#r17"",""10.1016/j.jct.2014.04.022#d12#p1#r19""]",3,8,4
ep_e9865f0bd308ab5e,mol_71d5b9a9d56bd487,grp_5dea7427c65d07c7,train,10.1016/j.jct.2014.04.022,10.1016/j.jct.2014.04.022#d1#p1,20000,253.15,308.15,55,13,4,4,True,"[""10.1016/j.jct.2014.04.022#d1#p1#r37"",""10.1016/j.jct.2014.04.022#d1#p1#r40"",""10.1016/j.jct.2014.04.022#d1#p1#r46""]","[""10.1016/j.jct.2014.04.022#d1#p1#r10"",""10.1016/j.jct.2014.04.022#d1#p1#r13"",""10.1016/j.jct.2014.04.022#d1#p1#r16"",""10.1016/j.jct.2014.04.022#d1#p1#r17"",""10.1016/j.jct.2014.04.022#d1#p1#r19"",""10.1016/j.jct.2014.04.022#d1#p1#r20""]",3,6,4
ep_e9bb48ac24f9e00c,mol_aa83aa52ed979dca,grp_5dea7427c65d07c7,train,10.1021/je400951k,10.1021/je400951k#d5#p1,20000,330.27,379.03,48.76,9,3,3,True,"[""10.1021/je400951k#d5#p1#r7"",""10.1021/je400951k#d5#p1#r8"",""10.1021/je400951k#d5#p1#r9""]","[""10.1021/je400951k#d5#p1#r1"",""10.1021/je400951k#d5#p1#r2"",""10.1021/je400951k#d5#p1#r3""]",3,3,3
ep_eb708d6492938f92,mol_f6e3f0beeca51529,grp_f6e3f0beeca51529,test,10.1021/je100017w,10.1021/je100017w#d1#p1,20000,306.35,347.65,41.3,10,3,3,True,"[""10.1021/je100017w#d1#p1#r8"",""10.1021/je100017w#d1#p1#r9"",""10.1021/je100017w#d1#p1#r10""]","[""10.1021/je100017w#d1#p1#r1"",""10.1021/je100017w#d1#p1#r2"",""10.1021/je100017w#d1#p1#r3""]",3,3,3
ep_ec132488b5be9fef,mol_fbfba0e871eef2de,grp_fd16eb96ed948225,validation,10.1021/acs.jced.5b01003,10.1021/acs.jced.5b01003#d2#p1,20000,279.2,310.7,31.5,14,4,5,True,"[""10.1021/acs.jced.5b01003#d2#p1#r14"",""10.1021/acs.jced.5b01003#d2#p1#r5"",""10.1021/acs.jced.5b01003#d2#p1#r6""]","[""10.1021/acs.jced.5b01003#d2#p1#r1"",""10.1021/acs.jced.5b01003#d2#p1#r10"",""10.1021/acs.jced.5b01003#d2#p1#r2"",""10.1021/acs.jced.5b01003#d2#p1#r8"",""10.1021/acs.jced.5b01003#d2#p1#r9""]",3,5,5
ep_ec1be8991799ac33,mol_f184b9645fb1446a,grp_4b1804fb3acb405a,validation,10.1016/j.jct.2017.07.008,10.1016/j.jct.2017.07.008#d1#p1,20000,351.15,426.07,74.92,32,11,11,True,"[""10.1016/j.jct.2017.07.008#d1#p1#r22"",""10.1016/j.jct.2017.07.008#d1#p1#r27"",""10.1016/j.jct.2017.07.008#d1#p1#r32""]","[""10.1016/j.jct.2017.07.008#d1#p1#r1"",""10.1016/j.jct.2017.07.008#d1#p1#r10"",""10.1016/j.jct.2017.07.008#d1#p1#r11"",""10.1016/j.jct.2017.07.008#d1#p1#r2"",""10.1016/j.jct.2017.07.008#d1#p1#r3"",""10.1016/j.jct.2017.07.008#d1#p1#r4"",""10.1016/j.jct.2017.07.008#d1#p1#r5"",""10.1016/j.jct.2017.07.008#d1#p1#r6"",""10.1016/j.jct.2017.07.008#d1#p1#r7"",""10.1016/j.jct.2017.07.008#d1#p1#r8"",""10.1016/j.jct.2017.07.008#d1#p1#r9""]",3,11,11
ep_ecbb1558f63f4299,mol_dee0d48887c32f73,grp_5dea7427c65d07c7,train,10.1016/j.fluid.2005.11.016,10.1016/j.fluid.2005.11.016#d1#p1,20000,263.15,353.15,90,10,3,3,True,"[""10.1016/j.fluid.2005.11.016#d1#p1#r8"",""10.1016/j.fluid.2005.11.016#d1#p1#r9"",""10.1016/j.fluid.2005.11.016#d1#p1#r10""]","[""10.1016/j.fluid.2005.11.016#d1#p1#r1"",""10.1016/j.fluid.2005.11.016#d1#p1#r2"",""10.1016/j.fluid.2005.11.016#d1#p1#r3""]",3,3,3
ep_ed32d90bff703327,mol_463cda24731eaedb,grp_5ed1239f1de5ca2c,validation,10.1021/je300312c,10.1021/je300312c#d7#p1,20000,332.3,375,42.7,21,6,6,True,"[""10.1021/je300312c#d7#p1#r18"",""10.1021/je300312c#d7#p1#r20"",""10.1021/je300312c#d7#p1#r23""]","[""10.1021/je300312c#d7#p1#r3"",""10.1021/je300312c#d7#p1#r4"",""10.1021/je300312c#d7#p1#r5"",""10.1021/je300312c#d7#p1#r6"",""10.1021/je300312c#d7#p1#r7"",""10.1021/je300312c#d7#p1#r8""]",3,6,6
ep_ed3eeb0b562d01e3,mol_cdd9b2a6aac67d70,grp_5dea7427c65d07c7,train,10.1016/j.jct.2010.07.008,10.1016/j.jct.2010.07.008#d1#p1,20000,283.15,373.1,89.95,10,3,3,True,"[""10.1016/j.jct.2010.07.008#d1#p1#r8"",""10.1016/j.jct.2010.07.008#d1#p1#r9"",""10.1016/j.jct.2010.07.008#d1#p1#r10""]","[""10.1016/j.jct.2010.07.008#d1#p1#r1"",""10.1016/j.jct.2010.07.008#d1#p1#r2"",""10.1016/j.jct.2010.07.008#d1#p1#r3""]",3,3,3
ep_edb4b066cf9e3cac,mol_d0ac62ff38c09f37,grp_5dea7427c65d07c7,train,10.1016/j.fluid.2012.08.009,10.1016/j.fluid.2012.08.009#d6#p1,20000,391.91,449.84,57.93,11,3,3,True,"[""10.1016/j.fluid.2012.08.009#d6#p1#r9"",""10.1016/j.fluid.2012.08.009#d6#p1#r10"",""10.1016/j.fluid.2012.08.009#d6#p1#r11""]","[""10.1016/j.fluid.2012.08.009#d6#p1#r1"",""10.1016/j.fluid.2012.08.009#d6#p1#r2"",""10.1016/j.fluid.2012.08.009#d6#p1#r3""]",3,3,3
ep_ede0173367f524b2,mol_c1c12a449ac15fd2,grp_5dea7427c65d07c7,train,10.1016/j.jct.2004.08.004,10.1016/j.jct.2004.08.004#d5#p1,20000,298.2,340.3,42.1,17,6,5,True,"[""10.1016/j.jct.2004.08.004#d5#p1#r16"",""10.1016/j.jct.2004.08.004#d5#p1#r18"",""10.1016/j.jct.2004.08.004#d5#p1#r22""]","[""10.1016/j.jct.2004.08.004#d5#p1#r2"",""10.1016/j.jct.2004.08.004#d5#p1#r3"",""10.1016/j.jct.2004.08.004#d5#p1#r4"",""10.1016/j.jct.2004.08.004#d5#p1#r5"",""10.1016/j.jct.2004.08.004#d5#p1#r6""]",3,5,5
ep_ef7ee69f86c92dcc,mol_e687bcf74e76aad5,grp_5dea7427c65d07c7,train,10.1021/je049600u,10.1021/je049600u#d3#p1,20000,298.15,398.15,100,21,7,7,True,"[""10.1021/je049600u#d3#p1#r15"",""10.1021/je049600u#d3#p1#r18"",""10.1021/je049600u#d3#p1#r21""]","[""10.1021/je049600u#d3#p1#r1"",""10.1021/je049600u#d3#p1#r2"",""10.1021/je049600u#d3#p1#r3"",""10.1021/je049600u#d3#p1#r4"",""10.1021/je049600u#d3#p1#r5"",""10.1021/je049600u#d3#p1#r6"",""10.1021/je049600u#d3#p1#r7""]",3,7,7
ep_efbf94fc15e07d56,mol_c6feabb4edc72193,grp_4b1804fb3acb405a,validation,10.1016/j.jct.2017.07.008,10.1016/j.jct.2017.07.008#d8#p1,20000,336.42,412.82,76.4,29,10,6,True,"[""10.1016/j.jct.2017.07.008#d8#p1#r20"",""10.1016/j.jct.2017.07.008#d8#p1#r24"",""10.1016/j.jct.2017.07.008#d8#p1#r29""]","[""10.1016/j.jct.2017.07.008#d8#p1#r1"",""10.1016/j.jct.2017.07.008#d8#p1#r2"",""10.1016/j.jct.2017.07.008#d8#p1#r3"",""10.1016/j.jct.2017.07.008#d8#p1#r4"",""10.1016/j.jct.2017.07.008#d8#p1#r5"",""10.1016/j.jct.2017.07.008#d8#p1#r6""]",3,6,6
ep_efcf7996ad8a3232,mol_cd1e13547e8fe175,grp_5dea7427c65d07c7,train,10.1016/j.fluid.2015.03.033,10.1016/j.fluid.2015.03.033#d1#p1,20000,263.72,353.03,89.31,10,3,3,True,"[""10.1016/j.fluid.2015.03.033#d1#p1#r8"",""10.1016/j.fluid.2015.03.033#d1#p1#r9"",""10.1016/j.fluid.2015.03.033#d1#p1#r10""]","[""10.1016/j.fluid.2015.03.033#d1#p1#r1"",""10.1016/j.fluid.2015.03.033#d1#p1#r2"",""10.1016/j.fluid.2015.03.033#d1#p1#r3""]",3,3,3
ep_f0b242711550bd77,mol_3990f91812cec3f3,grp_5dea7427c65d07c7,train,10.1016/j.tca.2018.07.016,10.1016/j.tca.2018.07.016#d2#p1,20000,276.1,324.9,48.8,18,5,5,True,"[""10.1016/j.tca.2018.07.016#d2#p1#r15"",""10.1016/j.tca.2018.07.016#d2#p1#r17"",""10.1016/j.tca.2018.07.016#d2#p1#r19""]","[""10.1016/j.tca.2018.07.016#d2#p1#r1"",""10.1016/j.tca.2018.07.016#d2#p1#r2"",""10.1016/j.tca.2018.07.016#d2#p1#r3"",""10.1016/j.tca.2018.07.016#d2#p1#r4"",""10.1016/j.tca.2018.07.016#d2#p1#r5""]",3,5,5
ep_f1114922e8dfc1d1,mol_2c8fece1c354948f,grp_5dea7427c65d07c7,train,10.1016/j.fluid.2008.02.001,10.1016/j.fluid.2008.02.001#d2#p1,20000,274.9,311.2,36.3,25,4,9,True,"[""10.1016/j.fluid.2008.02.001#d2#p1#r27"",""10.1016/j.fluid.2008.02.001#d2#p1#r29"",""10.1016/j.fluid.2008.02.001#d2#p1#r31""]","[""10.1016/j.fluid.2008.02.001#d2#p1#r1"",""10.1016/j.fluid.2008.02.001#d2#p1#r10"",""10.1016/j.fluid.2008.02.001#d2#p1#r2"",""10.1016/j.fluid.2008.02.001#d2#p1#r3"",""10.1016/j.fluid.2008.02.001#d2#p1#r4"",""10.1016/j.fluid.2008.02.001#d2#p1#r5"",""10.1016/j.fluid.2008.02.001#d2#p1#r6"",""10.1016/j.fluid.2008.02.001#d2#p1#r7"",""10.1016/j.fluid.2008.02.001#d2#p1#r8"",""10.1016/j.fluid.2008.02.001#d2#p1#r9""]",3,10,9
ep_f13e6e9a8ba616f2,mol_bd2ed19f55eb1e21,grp_5dea7427c65d07c7,train,10.1021/je0602418,10.1021/je0602418#d19#p1,20000,291.3,353.1,61.8,14,4,5,True,"[""10.1021/je0602418#d19#p1#r11"",""10.1021/je0602418#d19#p1#r12"",""10.1021/je0602418#d19#p1#r14""]","[""10.1021/je0602418#d19#p1#r1"",""10.1021/je0602418#d19#p1#r2"",""10.1021/je0602418#d19#p1#r3"",""10.1021/je0602418#d19#p1#r4"",""10.1021/je0602418#d19#p1#r5""]",3,5,5
ep_f3a927b9a12392ae,mol_ff573fbe94f755cf,grp_ff573fbe94f755cf,test,10.1016/j.jct.2009.04.019,10.1016/j.jct.2009.04.019#d1#p1,20000,283.5,338.4,54.9,35,14,6,True,"[""10.1016/j.jct.2009.04.019#d1#p1#r35"",""10.1016/j.jct.2009.04.019#d1#p1#r47"",""10.1016/j.jct.2009.04.019#d1#p1#r57""]","[""10.1016/j.jct.2009.04.019#d1#p1#r1"",""10.1016/j.jct.2009.04.019#d1#p1#r2"",""10.1016/j.jct.2009.04.019#d1#p1#r3"",""10.1016/j.jct.2009.04.019#d1#p1#r4"",""10.1016/j.jct.2009.04.019#d1#p1#r5"",""10.1016/j.jct.2009.04.019#d1#p1#r6"",""10.1016/j.jct.2009.04.019#d1#p1#r7""]",3,7,6
ep_f4022a90ef7da59f,mol_f32efffa3cd8e3f1,grp_5dea7427c65d07c7,train,10.1021/acs.jced.5b00537,10.1021/acs.jced.5b00537#d2#p1,20000,296.655,336.26,39.605,29,9,6,True,"[""10.1021/acs.jced.5b00537#d2#p1#r20"",""10.1021/acs.jced.5b00537#d2#p1#r24"",""10.1021/acs.jced.5b00537#d2#p1#r52""]","[""10.1021/acs.jced.5b00537#d2#p1#r1"",""10.1021/acs.jced.5b00537#d2#p1#r2"",""10.1021/acs.jced.5b00537#d2#p1#r3"",""10.1021/acs.jced.5b00537#d2#p1#r4"",""10.1021/acs.jced.5b00537#d2#p1#r5"",""10.1021/acs.jced.5b00537#d2#p1#r50"",""10.1021/acs.jced.5b00537#d2#p1#r6""]",3,7,6
ep_f48f51090e35590d,mol_fb304e4936922cdc,grp_642c5927dec37b59,validation,10.1016/j.fluid.2011.07.007,10.1016/j.fluid.2011.07.007#d20#p1,20000,322.6,366.3,43.7,17,5,5,True,"[""10.1016/j.fluid.2011.07.007#d20#p1#r13"",""10.1016/j.fluid.2011.07.007#d20#p1#r15"",""10.1016/j.fluid.2011.07.007#d20#p1#r18""]","[""10.1016/j.fluid.2011.07.007#d20#p1#r1"",""10.1016/j.fluid.2011.07.007#d20#p1#r2"",""10.1016/j.fluid.2011.07.007#d20#p1#r3"",""10.1016/j.fluid.2011.07.007#d20#p1#r4"",""10.1016/j.fluid.2011.07.007#d20#p1#r5""]",3,5,5
ep_f60b6cda79b154bf,mol_1caed83bbde05074,grp_fd16eb96ed948225,validation,10.1021/acs.jced.5b01003,10.1021/acs.jced.5b01003#d1#p1,20000,272.2,302.2,30,22,5,7,True,"[""10.1021/acs.jced.5b01003#d1#p1#r18"",""10.1021/acs.jced.5b01003#d1#p1#r20"",""10.1021/acs.jced.5b01003#d1#p1#r22""]","[""10.1021/acs.jced.5b01003#d1#p1#r1"",""10.1021/acs.jced.5b01003#d1#p1#r2"",""10.1021/acs.jced.5b01003#d1#p1#r3"",""10.1021/acs.jced.5b01003#d1#p1#r4"",""10.1021/acs.jced.5b01003#d1#p1#r5"",""10.1021/acs.jced.5b01003#d1#p1#r6"",""10.1021/acs.jced.5b01003#d1#p1#r7""]",3,7,7
ep_f6c1acec16b7b1c8,mol_d1cff4074d63e826,grp_468c9a97902f6f3f,test,10.1016/j.fluid.2014.12.023,10.1016/j.fluid.2014.12.023#d2#p1,20000,277.5,319.2,41.7,16,5,6,True,"[""10.1016/j.fluid.2014.12.023#d2#p1#r15"",""10.1016/j.fluid.2014.12.023#d2#p1#r17"",""10.1016/j.fluid.2014.12.023#d2#p1#r19""]","[""10.1016/j.fluid.2014.12.023#d2#p1#r1"",""10.1016/j.fluid.2014.12.023#d2#p1#r2"",""10.1016/j.fluid.2014.12.023#d2#p1#r3"",""10.1016/j.fluid.2014.12.023#d2#p1#r4"",""10.1016/j.fluid.2014.12.023#d2#p1#r5"",""10.1016/j.fluid.2014.12.023#d2#p1#r6"",""10.1016/j.fluid.2014.12.023#d2#p1#r7"",""10.1016/j.fluid.2014.12.023#d2#p1#r8"",""10.1016/j.fluid.2014.12.023#d2#p1#r9""]",3,9,6
ep_f70fb94c42b5a856,mol_9bae39b547067706,grp_5dea7427c65d07c7,train,10.1016/j.jct.2017.03.029,10.1016/j.jct.2017.03.029#d2#p1,20000,290.6,338,47.4,19,3,7,True,"[""10.1016/j.jct.2017.03.029#d2#p1#r20"",""10.1016/j.jct.2017.03.029#d2#p1#r21"",""10.1016/j.jct.2017.03.029#d2#p1#r22""]","[""10.1016/j.jct.2017.03.029#d2#p1#r1"",""10.1016/j.jct.2017.03.029#d2#p1#r2"",""10.1016/j.jct.2017.03.029#d2#p1#r23"",""10.1016/j.jct.2017.03.029#d2#p1#r24"",""10.1016/j.jct.2017.03.029#d2#p1#r25"",""10.1016/j.jct.2017.03.029#d2#p1#r26"",""10.1016/j.jct.2017.03.029#d2#p1#r27"",""10.1016/j.jct.2017.03.029#d2#p1#r3"",""10.1016/j.jct.2017.03.029#d2#p1#r4"",""10.1016/j.jct.2017.03.029#d2#p1#r5""]",3,10,7
ep_f88d77fa7ccd5367,mol_c69bf2d8c5c184a7,grp_5dea7427c65d07c7,train,10.1021/je049561m,10.1021/je049561m#d11#p1,20000,278.2,321.2,43,13,4,3,True,"[""10.1021/je049561m#d11#p1#r10"",""10.1021/je049561m#d11#p1#r11"",""10.1021/je049561m#d11#p1#r13""]","[""10.1021/je049561m#d11#p1#r1"",""10.1021/je049561m#d11#p1#r2"",""10.1021/je049561m#d11#p1#r3""]",3,3,3
ep_f8a223d71b963350,mol_b89af8061b7557f6,grp_5dea7427c65d07c7,train,10.1016/j.jct.2018.07.029,10.1016/j.jct.2018.07.029#d1#p1,20000,274.4,318.2,43.8,27,10,8,True,"[""10.1016/j.jct.2018.07.029#d1#p1#r19"",""10.1016/j.jct.2018.07.029#d1#p1#r24"",""10.1016/j.jct.2018.07.029#d1#p1#r29""]","[""10.1016/j.jct.2018.07.029#d1#p1#r1"",""10.1016/j.jct.2018.07.029#d1#p1#r2"",""10.1016/j.jct.2018.07.029#d1#p1#r3"",""10.1016/j.jct.2018.07.029#d1#p1#r4"",""10.1016/j.jct.2018.07.029#d1#p1#r5"",""10.1016/j.jct.2018.07.029#d1#p1#r6"",""10.1016/j.jct.2018.07.029#d1#p1#r7"",""10.1016/j.jct.2018.07.029#d1#p1#r8""]",3,8,8
ep_f901ad001d5ef93d,mol_a05de3c299ebdca6,grp_5dea7427c65d07c7,train,10.1021/je100231g,10.1021/je100231g#d13#p1,20000,313.3,358.2,44.9,18,5,6,True,"[""10.1021/je100231g#d13#p1#r14"",""10.1021/je100231g#d13#p1#r16"",""10.1021/je100231g#d13#p1#r18""]","[""10.1021/je100231g#d13#p1#r1"",""10.1021/je100231g#d13#p1#r2"",""10.1021/je100231g#d13#p1#r3"",""10.1021/je100231g#d13#p1#r4"",""10.1021/je100231g#d13#p1#r5"",""10.1021/je100231g#d13#p1#r6""]",3,6,6
ep_f917513a7ec1769f,mol_456cd661d7732899,grp_5dea7427c65d07c7,train,10.1021/je100231g,10.1021/je100231g#d9#p1,20000,313.3,353.5,40.2,19,5,6,True,"[""10.1021/je100231g#d9#p1#r15"",""10.1021/je100231g#d9#p1#r17"",""10.1021/je100231g#d9#p1#r19""]","[""10.1021/je100231g#d9#p1#r1"",""10.1021/je100231g#d9#p1#r2"",""10.1021/je100231g#d9#p1#r3"",""10.1021/je100231g#d9#p1#r4"",""10.1021/je100231g#d9#p1#r5"",""10.1021/je100231g#d9#p1#r6""]",3,6,6
ep_f924837ca46919ca,mol_2850223b4ba7abbb,grp_5dea7427c65d07c7,train,10.1016/j.fluid.2012.08.003,10.1016/j.fluid.2012.08.003#d1#p1,20000,274.25,313.3,39.05,13,5,5,True,"[""10.1016/j.fluid.2012.08.003#d1#p1#r12"",""10.1016/j.fluid.2012.08.003#d1#p1#r14"",""10.1016/j.fluid.2012.08.003#d1#p1#r16""]","[""10.1016/j.fluid.2012.08.003#d1#p1#r1"",""10.1016/j.fluid.2012.08.003#d1#p1#r2"",""10.1016/j.fluid.2012.08.003#d1#p1#r3"",""10.1016/j.fluid.2012.08.003#d1#p1#r4"",""10.1016/j.fluid.2012.08.003#d1#p1#r5"",""10.1016/j.fluid.2012.08.003#d1#p1#r6"",""10.1016/j.fluid.2012.08.003#d1#p1#r7"",""10.1016/j.fluid.2012.08.003#d1#p1#r8""]",3,8,5
ep_f99f11154ca687d9,mol_54cbf32556ed4d04,grp_54cbf32556ed4d04,test,10.1021/je8000427,10.1021/je8000427#d2#p1,20000,363.25,427.13,63.88,15,5,5,True,"[""10.1021/je8000427#d2#p1#r11"",""10.1021/je8000427#d2#p1#r13"",""10.1021/je8000427#d2#p1#r15""]","[""10.1021/je8000427#d2#p1#r1"",""10.1021/je8000427#d2#p1#r2"",""10.1021/je8000427#d2#p1#r3"",""10.1021/je8000427#d2#p1#r4"",""10.1021/je8000427#d2#p1#r5""]",3,5,5
ep_f9b4393f959a517c,mol_a82c5379fe350441,grp_95988f9c4708b4b0,test,10.1016/j.fluid.2006.09.001,10.1016/j.fluid.2006.09.001#d2#p1,20000,339.1,373.5,34.4,21,5,7,True,"[""10.1016/j.fluid.2006.09.001#d2#p1#r36"",""10.1016/j.fluid.2006.09.001#d2#p1#r38"",""10.1016/j.fluid.2006.09.001#d2#p1#r41""]","[""10.1016/j.fluid.2006.09.001#d2#p1#r20"",""10.1016/j.fluid.2006.09.001#d2#p1#r21"",""10.1016/j.fluid.2006.09.001#d2#p1#r22"",""10.1016/j.fluid.2006.09.001#d2#p1#r23"",""10.1016/j.fluid.2006.09.001#d2#p1#r24"",""10.1016/j.fluid.2006.09.001#d2#p1#r25"",""10.1016/j.fluid.2006.09.001#d2#p1#r26""]",3,7,7
ep_fa7e104a7ede0418,mol_fb76be87032d9098,grp_642c5927dec37b59,validation,10.1016/j.fluid.2011.07.007,10.1016/j.fluid.2011.07.007#d8#p1,20000,294.5,327.4,32.9,12,4,4,True,"[""10.1016/j.fluid.2011.07.007#d8#p1#r9"",""10.1016/j.fluid.2011.07.007#d8#p1#r10"",""10.1016/j.fluid.2011.07.007#d8#p1#r12""]","[""10.1016/j.fluid.2011.07.007#d8#p1#r1"",""10.1016/j.fluid.2011.07.007#d8#p1#r2"",""10.1016/j.fluid.2011.07.007#d8#p1#r3"",""10.1016/j.fluid.2011.07.007#d8#p1#r4""]",3,4,4
ep_fbbab64e6fe160a8,mol_561fcf8433aaed32,grp_81cd87be3fde4550,test,10.1021/je060394v,10.1021/je060394v#d7#p1,20000,346.1,379.3,33.2,12,4,4,True,"[""10.1021/je060394v#d7#p1#r12"",""10.1021/je060394v#d7#p1#r13"",""10.1021/je060394v#d7#p1#r15""]","[""10.1021/je060394v#d7#p1#r4"",""10.1021/je060394v#d7#p1#r5"",""10.1021/je060394v#d7#p1#r6"",""10.1021/je060394v#d7#p1#r7""]",3,4,4
ep_fbcc782032d859f2,mol_98688aad6777a901,grp_5dea7427c65d07c7,train,10.1016/j.fluid.2012.08.003,10.1016/j.fluid.2012.08.003#d7#p1,20000,278.3,333.3,55,15,6,5,True,"[""10.1016/j.fluid.2012.08.003#d7#p1#r11"",""10.1016/j.fluid.2012.08.003#d7#p1#r13"",""10.1016/j.fluid.2012.08.003#d7#p1#r16""]","[""10.1016/j.fluid.2012.08.003#d7#p1#r1"",""10.1016/j.fluid.2012.08.003#d7#p1#r2"",""10.1016/j.fluid.2012.08.003#d7#p1#r3"",""10.1016/j.fluid.2012.08.003#d7#p1#r4"",""10.1016/j.fluid.2012.08.003#d7#p1#r5""]",3,5,5
ep_fc0017f830316af9,mol_2a3bf002f33d68f6,grp_5ed1239f1de5ca2c,validation,10.1021/je300312c,10.1021/je300312c#d8#p1,20000,341.2,375.8,34.6,16,4,6,True,"[""10.1021/je300312c#d8#p1#r21"",""10.1021/je300312c#d8#p1#r22"",""10.1021/je300312c#d8#p1#r24""]","[""10.1021/je300312c#d8#p1#r10"",""10.1021/je300312c#d8#p1#r11"",""10.1021/je300312c#d8#p1#r6"",""10.1021/je300312c#d8#p1#r7"",""10.1021/je300312c#d8#p1#r8"",""10.1021/je300312c#d8#p1#r9""]",3,6,6
ep_fc680c6c6ebbf7e2,mol_ce50f4cf8290e782,grp_5dea7427c65d07c7,train,10.1021/je9004905,10.1021/je9004905#d3#p1,20000,295.85,355.98,60.13,15,6,3,True,"[""10.1021/je9004905#d3#p1#r10"",""10.1021/je9004905#d3#p1#r12"",""10.1021/je9004905#d3#p1#r15""]","[""10.1021/je9004905#d3#p1#r1"",""10.1021/je9004905#d3#p1#r2"",""10.1021/je9004905#d3#p1#r3""]",3,3,3
ep_fd08d084cde8ba54,mol_6543f20ed164282a,grp_3abf997ae3f38d6c,validation,10.1021/je900258f,10.1021/je900258f#d1#p1,20000,352.85,391.75,38.9,14,3,6,True,"[""10.1021/je900258f#d1#p1#r12"",""10.1021/je900258f#d1#p1#r13"",""10.1021/je900258f#d1#p1#r14""]","[""10.1021/je900258f#d1#p1#r1"",""10.1021/je900258f#d1#p1#r2"",""10.1021/je900258f#d1#p1#r3"",""10.1021/je900258f#d1#p1#r4"",""10.1021/je900258f#d1#p1#r5"",""10.1021/je900258f#d1#p1#r6""]",3,6,6
ep_fed8eb46d6e6b738,mol_b633c02df2e0c63b,grp_5dea7427c65d07c7,train,10.1021/je100398m,10.1021/je100398m#d3#p1,20000,258.175,308.15,49.975,11,3,3,True,"[""10.1021/je100398m#d3#p1#r21"",""10.1021/je100398m#d3#p1#r23"",""10.1021/je100398m#d3#p1#r25""]","[""10.1021/je100398m#d3#p1#r1"",""10.1021/je100398m#d3#p1#r2"",""10.1021/je100398m#d3#p1#r4"",""10.1021/je100398m#d3#p1#r7"",""10.1021/je100398m#d3#p1#r8"",""10.1021/je100398m#d3#p1#r9""]",3,6,3
ep_ff661d0e24ee8e00,mol_8557db3d1a35156c,grp_5dea7427c65d07c7,train,10.1016/j.jct.2014.04.022,10.1016/j.jct.2014.04.022#d13#p1,20000,273.65,308.15,34.5,8,3,3,True,"[""10.1016/j.jct.2014.04.022#d13#p1#r16"",""10.1016/j.jct.2014.04.022#d13#p1#r19"",""10.1016/j.jct.2014.04.022#d13#p1#r22""]","[""10.1016/j.jct.2014.04.022#d13#p1#r1"",""10.1016/j.jct.2014.04.022#d13#p1#r2"",""10.1016/j.jct.2014.04.022#d13#p1#r3"",""10.1016/j.jct.2014.04.022#d13#p1#r4"",""10.1016/j.jct.2014.04.022#d13#p1#r5"",""10.1016/j.jct.2014.04.022#d13#p1#r7"",""10.1016/j.jct.2014.04.022#d13#p1#r8"",""10.1016/j.jct.2014.04.022#d13#p1#r9""]",3,8,3
