series_id,molecule_id,inchi,source_doi,T_min_K,T_max_K,T_span_K,temperature_levels,warm_levels,cold_levels,episode_eligible,monotonicity_flag,monotonicity_used_to_select_series
10.1007/s10765-018-2361-8#d2#p1,mol_83a135e5c50b66c1,"InChI=1S/C3H8O/c1-3(2)4/h3-4H,1-2H3",10.1007/s10765-018-2361-8,297.9,303.7,5.8,2,1,1,False,False,False
10.1016/j.fluid.2004.02.021#d1#p1,mol_69df6d03bf2d6749,InChI=1S/C2H2Cl4/c3-1(4)2(5)6/h1-2H,10.1016/j.fluid.2004.02.021,283.15,323.15,40,9,3,3,True,False,False
10.1016/j.fluid.2004.02.021#d2#p1,mol_520d932204fca4b7,InChI=1S/C2Cl4/c3-1(4)2(5)6,10.1016/j.fluid.2004.02.021,283.15,323.15,40,9,3,3,True,False,False
10.1016/j.fluid.2004.02.021#d3#p1,mol_b1820f534fb61402,InChI=1S/C6H6/c1-2-4-6-5-3-1/h1-6H,10.1016/j.fluid.2004.02.021,283.15,308.15,25,6,2,2,False,False,False
10.1016/j.fluid.2004.10.022#d12#p1,mol_754b018a16a84522,"InChI=1S/C6H12O2/c1-5(7)8-6(2,3)4/h1-4H3",10.1016/j.fluid.2004.10.022,307.53,325.46,17.93,6,2,2,False,False,False
10.1016/j.fluid.2004.10.022#d3#p1,mol_8b6a2383c538f690,"InChI=1S/C4H10O/c1-4(2)3-5/h4-5H,3H2,1-2H3",10.1016/j.fluid.2004.10.022,342.52,342.52,0,1,1,1,False,False,False
10.1016/j.fluid.2004.10.022#d6#p1,mol_f47a1833e8cb8ad4,"InChI=1S/C6H12O2/c1-5(2)4-8-6(3)7/h5H,4H2,1-3H3",10.1016/j.fluid.2004.10.022,307.43,342.95,35.52,7,3,2,True,False,False
10.1016/j.fluid.2004.10.022#d9#p1,mol_c30b4ae49b848357,"InChI=1S/C4H10O/c1-4(2,3)5/h5H,1-3H3",10.1016/j.fluid.2004.10.022,300.93,320.17,19.24,6,2,2,False,False,False
10.1016/j.fluid.2004.10.025#d1#p1,mol_c555c47fe3d2bf7e,"InChI=1S/CCl4/c2-1(3,4)5",10.1016/j.fluid.2004.10.025,283.15,303.15,20,5,2,2,False,False,False
10.1016/j.fluid.2004.10.025#d2#p1,mol_69df6d03bf2d6749,InChI=1S/C2H2Cl4/c3-1(4)2(5)6/h1-2H,10.1016/j.fluid.2004.10.025,283.15,323.15,40,9,3,3,True,False,False
10.1016/j.fluid.2004.10.025#d3#p1,mol_520d932204fca4b7,InChI=1S/C2Cl4/c3-1(4)2(5)6,10.1016/j.fluid.2004.10.025,283.15,323.15,40,9,3,3,True,False,False
10.1016/j.fluid.2004.11.024#d1#p1,mol_ddc649f61c120dd1,"InChI=1S/C10H13BrO/c1-8(2)7-12-10-6-4-3-5-9(10)11/h3-6,8H,7H2,1-2H3",10.1016/j.fluid.2004.11.024,293.3,323.2,29.9,13,4,4,False,False,False
10.1016/j.fluid.2004.11.024#d2#p1,mol_595c30aafafcc9d0,"InChI=1S/C10H13BrO/c1-8(2)7-12-10-5-3-4-9(11)6-10/h3-6,8H,7H2,1-2H3",10.1016/j.fluid.2004.11.024,290.2,323.2,33,14,4,4,True,False,False
10.1016/j.fluid.2004.11.024#d3#p1,mol_d4ef113b8d2f1614,"InChI=1S/C10H13BrO/c1-8(2)7-12-10-5-3-9(11)4-6-10/h3-6,8H,7H2,1-2H3",10.1016/j.fluid.2004.11.024,293.2,333.2,40,16,6,4,True,False,False
10.1016/j.fluid.2004.11.024#d4#p1,mol_63bef98299ee7018,"InChI=1S/C11H15BrO/c1-8(2)7-13-11-5-4-9(3)6-10(11)12/h4-6,8H,7H2,1-3H3",10.1016/j.fluid.2004.11.024,298.3,328.2,29.9,17,4,6,False,True,False
10.1016/j.fluid.2005.01.013#d1#p1,mol_2465ec339bda2cbb,"InChI=1S/C3H8O/c1-2-3-4/h4H,2-3H2,1H3",10.1016/j.fluid.2005.01.013,293.15,318.15,25,6,2,2,False,False,False
10.1016/j.fluid.2005.01.013#d3#p1,mol_cdea8ee7666036ab,"InChI=1S/C6H15N/c1-3-5-7-6-4-2/h7H,3-6H2,1-2H3",10.1016/j.fluid.2005.01.013,293.15,318.15,25,6,2,2,False,False,False
10.1016/j.fluid.2005.02.015#d11#p1,mol_301adda8d033e6ed,"InChI=1S/C6H12O3/c1-4(2)9-6(8)5(3)7/h4-5,7H,1-3H3/t5-/m0/s1",10.1016/j.fluid.2005.02.015,355,380,25,6,2,2,False,False,False
10.1016/j.fluid.2005.02.015#d14#p1,mol_254632a1b45edabf,"InChI=1S/C7H14O3/c1-3-4-5-10-7(9)6(2)8/h6,8H,3-5H2,1-2H3/t6-/m0/s1",10.1016/j.fluid.2005.02.015,390,405,15,4,1,1,False,False,False
10.1016/j.fluid.2005.03.014#d5#p1,mol_7f19e9b39a1de529,"InChI=1S/C3H7NO/c1-4(2)3-5/h3H,1-2H3",10.1016/j.fluid.2005.03.014,345.45,370.69,25.24,7,2,2,False,False,False
10.1016/j.fluid.2005.03.016#d3#p1,mol_b4b87befe28d84ce,"InChI=1S/C2H6O/c1-2-3/h3H,2H2,1H3",10.1016/j.fluid.2005.03.016,313.07,313.07,0,1,1,1,False,False,False
10.1016/j.fluid.2005.03.016#d4#p1,mol_83a135e5c50b66c1,"InChI=1S/C3H8O/c1-3(2)4/h3-4H,1-2H3",10.1016/j.fluid.2005.03.016,313.11,313.11,0,1,1,1,False,False,False
10.1016/j.fluid.2005.03.016#d6#p1,mol_c30b4ae49b848357,"InChI=1S/C4H10O/c1-4(2,3)5/h5H,1-3H3",10.1016/j.fluid.2005.03.016,313.08,313.08,0,1,1,1,False,False,False
10.1016/j.fluid.2005.05.003#d1#p1,mol_b44b37c017007981,"InChI=1S/C7H8/c1-7-5-3-2-4-6-7/h2-6H,1H3",10.1016/j.fluid.2005.05.003,333.15,333.15,0,1,1,1,False,False,False
10.1016/j.fluid.2005.05.003#d2#p1,mol_913f04ec4de50c29,"InChI=1S/C8H18/c1-3-5-7-8-6-4-2/h3-8H2,1-2H3",10.1016/j.fluid.2005.05.003,333.15,343.15,10,2,1,1,False,False,False
10.1016/j.fluid.2005.05.003#d3#p1,mol_df36260e25a0f59a,"InChI=1S/C6H13N/c7-6-4-2-1-3-5-6/h6H,1-5,7H2",10.1016/j.fluid.2005.05.003,333.15,353.15,20,3,1,1,False,False,False
10.1016/j.fluid.2005.05.003#d5#p1,mol_046f2add717f4221,"InChI=1S/C6H7N/c7-6-4-2-1-3-5-6/h1-5H,7H2",10.1016/j.fluid.2005.05.003,333.15,363.15,30,2,1,1,False,False,False
10.1016/j.fluid.2005.05.024#d6#p1,mol_301d3a83ae1e6ae0,"InChI=1S/C6H12O/c1-5(2)4-6(3)7/h5H,4H2,1-3H3",10.1016/j.fluid.2005.05.024,330,340,10,2,1,1,False,False,False
10.1016/j.fluid.2005.06.017#d1#p1,mol_496a55139eacec75,"InChI=1S/C5H9NO/c1-6-4-2-3-5(6)7/h2-4H2,1H3",10.1016/j.fluid.2005.06.017,333.15,373.15,40,3,1,1,False,False,False
10.1016/j.fluid.2005.06.019#d9#p1,mol_b8293313f61ea38f,"InChI=1S/C6H14O/c1-2-3-4-5-6-7/h7H,2-6H2,1H3",10.1016/j.fluid.2005.06.019,356.39,384.925,28.535,7,3,2,False,False,False
10.1016/j.fluid.2005.07.008#d1#p1,mol_6dc54388549b234e,"InChI=1S/CH4O/c1-2/h2H,1H3",10.1016/j.fluid.2005.07.008,298.15,298.15,0,1,1,1,False,False,False
10.1016/j.fluid.2005.07.008#d2#p1,mol_b4b87befe28d84ce,"InChI=1S/C2H6O/c1-2-3/h3H,2H2,1H3",10.1016/j.fluid.2005.07.008,298.15,313.15,15,4,1,1,False,False,False
10.1016/j.fluid.2005.07.008#d3#p1,mol_2465ec339bda2cbb,"InChI=1S/C3H8O/c1-2-3-4/h4H,2-3H2,1H3",10.1016/j.fluid.2005.07.008,298.15,313.15,15,4,1,1,False,False,False
10.1016/j.fluid.2005.07.008#d4#p1,mol_b1820f534fb61402,InChI=1S/C6H6/c1-2-4-6-5-3-1/h1-6H,10.1016/j.fluid.2005.07.008,298.15,308.15,10,3,1,1,False,False,False
10.1016/j.fluid.2005.09.011#d1#p1,mol_924b90bf9563cf86,"InChI=1S/C8H2F16/c9-1(10)3(13,14)5(17,18)7(21,22)8(23,24)6(19,20)4(15,16)2(11)12/h1-2H",10.1016/j.fluid.2005.09.011,289.31,333.14,43.83,10,3,3,True,False,False
10.1016/j.fluid.2005.09.015#d9#p1,mol_5acfd4736e755185,"InChI=1S/C7H14O2/c1-3-5-6-9-7(8)4-2/h3-6H2,1-2H3",10.1016/j.fluid.2005.09.015,351.45,364.68,13.23,5,2,2,False,False,False
10.1016/j.fluid.2005.10.024#d1#p1,mol_8477b7b46a4f3d7e,"InChI=1S/C6H14O/c1-5-6(2,3)7-4/h5H2,1-4H3",10.1016/j.fluid.2005.10.024,313.15,313.15,0,1,1,1,False,False,False
10.1016/j.fluid.2005.11.014#d2#p1,mol_2465ec339bda2cbb,"InChI=1S/C3H8O/c1-2-3-4/h4H,2-3H2,1H3",10.1016/j.fluid.2005.11.014,313.15,313.15,0,1,1,1,False,False,False
10.1016/j.fluid.2005.11.016#d1#p1,mol_dee0d48887c32f73,"InChI=1S/C7H9N/c1-6-4-3-5-7(2)8-6/h3-5H,1-2H3",10.1016/j.fluid.2005.11.016,263.15,353.15,90,10,3,3,True,False,False
10.1016/j.fluid.2005.11.016#d2#p1,mol_34651b4ffde1812d,"InChI=1S/C7H9N/c1-6-3-7(2)5-8-4-6/h3-5H,1-2H3",10.1016/j.fluid.2005.11.016,263.15,353.15,90,10,3,3,True,False,False
10.1016/j.fluid.2005.11.016#d3#p1,mol_b44b37c017007981,"InChI=1S/C7H8/c1-7-5-3-2-4-6-7/h2-6H,1H3",10.1016/j.fluid.2005.11.016,263.15,333.15,70,8,3,3,True,False,False
10.1016/j.fluid.2005.11.017#d3#p1,mol_8b6a2383c538f690,"InChI=1S/C4H10O/c1-4(2)3-5/h4-5H,3H2,1-2H3",10.1016/j.fluid.2005.11.017,313.15,313.15,0,1,1,1,False,False,False
10.1016/j.fluid.2005.11.026#d1#p1,mol_6a1b88d7d4729d66,"InChI=1S/C8H18O/c1-3-5-7-9-8-6-4-2/h3-8H2,1-2H3",10.1016/j.fluid.2005.11.026,313.15,313.15,0,1,1,1,False,False,False
10.1016/j.fluid.2005.11.026#d3#p1,mol_b44b37c017007981,"InChI=1S/C7H8/c1-7-5-3-2-4-6-7/h2-6H,1H3",10.1016/j.fluid.2005.11.026,313.15,313.15,0,1,1,1,False,False,False
10.1016/j.fluid.2006.03.014#d1#p1,mol_baa3c342cb3d811f,"InChI=1S/C4H11NO/c1-4(2,5)3-6/h6H,3,5H2,1-2H3",10.1016/j.fluid.2006.03.014,373.25,393.05,19.8,4,2,1,False,False,False
10.1016/j.fluid.2006.06.013#d2#p1,mol_819a139398c7c5de,"InChI=1S/C10H10O4/c1-13-9(11)7-5-3-4-6-8(7)10(12)14-2/h3-6H,1-2H3",10.1016/j.fluid.2006.06.013,417.59,486.11,68.52,8,3,3,True,False,False
10.1016/j.fluid.2006.06.017#d12#p1,mol_6a1b88d7d4729d66,"InChI=1S/C8H18O/c1-3-5-7-9-8-6-4-2/h3-8H2,1-2H3",10.1016/j.fluid.2006.06.017,346.03,363.51,17.48,5,2,2,False,False,False
10.1016/j.fluid.2006.06.017#d3#p1,mol_2465ec339bda2cbb,"InChI=1S/C3H8O/c1-2-3-4/h4H,2-3H2,1H3",10.1016/j.fluid.2006.06.017,332.63,332.63,0,1,1,1,False,False,False
10.1016/j.fluid.2006.06.017#d6#p1,mol_670136e04246f1d5,"InChI=1S/C4H10O/c1-2-3-4-5/h5H,2-4H2,1H3",10.1016/j.fluid.2006.06.017,351.18,351.18,0,1,1,1,False,False,False
10.1016/j.fluid.2006.06.017#d9#p1,mol_e82f68770fb0a3fb,"InChI=1S/C6H14O/c1-3-5-7-6-4-2/h3-6H2,1-2H3",10.1016/j.fluid.2006.06.017,302.6,317.33,14.73,6,3,2,False,False,False
10.1016/j.fluid.2006.07.007#d1#p1,mol_b4b87befe28d84ce,"InChI=1S/C2H6O/c1-2-3/h3H,2H2,1H3",10.1016/j.fluid.2006.07.007,292.33,311.14,18.81,3,1,1,False,False,False
10.1016/j.fluid.2006.08.007#d1#p1,mol_992b64716911837c,"InChI=1S/C6H10/c1-3-5-6-4-2/h1H,4-6H2,2H3",10.1016/j.fluid.2006.08.007,263.15,298.15,35,5,2,2,False,False,False
10.1016/j.fluid.2006.08.007#d2#p1,mol_896a74ad0b2a7fde,"InChI=1S/C5H12O/c1-5(2,3)6-4/h1-4H3",10.1016/j.fluid.2006.08.007,263.15,283.15,20,3,1,1,False,False,False
10.1016/j.fluid.2006.08.007#d3#p1,mol_542abc656d17b475,"InChI=1S/C6H10/c1-3-5-6-4-2/h3,5H2,1-2H3",10.1016/j.fluid.2006.08.007,263.15,313.15,50,7,3,2,True,False,False
10.1016/j.fluid.2006.09.001#d1#p1,mol_efa9f86fc8afad84,"InChI=1S/C13H19BrO4/c1-15-6-7-16-8-9-17-10-11-18-13-5-3-2-4-12(13)14/h2-5H,6-11H2,1H3",10.1016/j.fluid.2006.09.001,367.9,369.9,2,2,1,1,False,False,False
10.1016/j.fluid.2006.09.001#d2#p1,mol_a82c5379fe350441,"InChI=1S/C11H15BrO3/c1-13-6-7-14-8-9-15-11-5-3-2-4-10(11)12/h2-5H,6-9H2,1H3",10.1016/j.fluid.2006.09.001,339.1,373.5,34.4,21,5,7,True,False,False
10.1016/j.fluid.2006.09.001#d3#p1,mol_d5352051e8c4f61f,"InChI=1S/C9H11BrO2/c1-11-6-7-12-9-5-3-2-4-8(9)10/h2-5H,6-7H2,1H3",10.1016/j.fluid.2006.09.001,302.4,368.4,66,21,8,6,True,False,False
10.1016/j.fluid.2006.09.019#d1#p1,mol_96c0a38e580307f0,"InChI=1S/C3H6O3/c1-6-3(5)2-4/h4H,2H2,1H3",10.1016/j.fluid.2006.09.019,293.23,353.25,60.02,7,2,2,False,False,False
10.1016/j.fluid.2006.09.024#d1#p1,mol_7f16353bb5c6b431,"InChI=1S/C10H16/c1-2-9-7-4-5-8(6-7)10(9)3-1/h7-10H,1-6H2/t7-,8+,9-,10+",10.1016/j.fluid.2006.09.024,344.02,405.51,61.49,6,2,2,False,False,False
10.1016/j.fluid.2006.09.024#d2#p1,mol_f51a4721c0180b07,"InChI=1S/C10H16/c1-2-9-7-4-5-8(6-7)10(9)3-1/h7-10H,1-6H2/t7-,8+,9+,10-",10.1016/j.fluid.2006.09.024,335.45,400.07,64.62,6,2,2,False,False,False
10.1016/j.fluid.2006.10.024#d3#p1,mol_7663493163cbdca1,InChI=1S/C3H6O2/c1-2-5-3-4-1/h1-3H2,10.1016/j.fluid.2006.10.024,298.15,298.15,0,1,1,1,False,False,False
10.1016/j.fluid.2006.10.024#d5#p1,mol_953db3858ca974a4,InChI=1S/C4H8O2/c1-2-6-4-3-5-1/h1-4H2,10.1016/j.fluid.2006.10.024,298.15,328.15,30,3,1,1,False,False,False
10.1016/j.fluid.2006.10.024#d7#p1,mol_528932d2a9841ae7,"InChI=1S/C5H11Cl/c1-2-3-4-5-6/h2-5H2,1H3",10.1016/j.fluid.2006.10.024,298.15,328.15,30,3,1,1,False,False,False
10.1016/j.fluid.2006.10.024#d9#p1,mol_ce86a4b54495b02c,InChI=1S/C5H10O/c1-2-4-6-5-3-1/h1-5H2,10.1016/j.fluid.2006.10.024,298.15,313.15,15,2,1,1,False,False,False
10.1016/j.fluid.2007.03.017#d1#p1,mol_4e6567a0dc6bd494,"InChI=1S/C6H14O/c1-5(2)7-6(3)4/h5-6H,1-4H3",10.1016/j.fluid.2007.03.017,263.75,293.29,29.54,4,1,1,False,False,False
10.1016/j.fluid.2007.03.017#d2#p1,mol_b44b37c017007981,"InChI=1S/C7H8/c1-7-5-3-2-4-6-7/h2-6H,1H3",10.1016/j.fluid.2007.03.017,263.75,333.22,69.47,8,3,3,True,False,False
10.1016/j.fluid.2007.03.017#d3#p1,mol_d40206d67276aa8c,"InChI=1S/C8H10/c1-7-4-3-5-8(2)6-7/h3-6H,1-2H3",10.1016/j.fluid.2007.03.017,263.75,343.18,79.43,9,3,3,True,False,False
10.1016/j.fluid.2007.03.030#d9#p1,mol_b482dd7c4a655efd,"InChI=1S/C4H10O2/c1-2-6-4-3-5/h5H,2-4H2,1H3",10.1016/j.fluid.2007.03.030,345.63,359.27,13.64,5,2,2,False,False,False
10.1016/j.fluid.2007.05.030#d2#p1,mol_8b1506317bbf83e8,"InChI=1S/C4H8O3/c1-4(6)7-3-2-5/h5H,2-3H2,1H3",10.1016/j.fluid.2007.05.030,363.15,403.66,40.51,3,1,2,False,False,False
10.1016/j.fluid.2007.05.030#d3#p1,mol_8b1506317bbf83e8,"InChI=1S/C4H8O3/c1-4(6)7-3-2-5/h5H,2-3H2,1H3",10.1016/j.fluid.2007.05.030,363.15,363.15,0,1,1,1,False,False,False
10.1016/j.fluid.2007.05.030#d5#p1,mol_4d4b5cd67503629b,"InChI=1S/C6H10O4/c1-5(7)9-3-4-10-6(2)8/h3-4H2,1-2H3",10.1016/j.fluid.2007.05.030,363.15,363.15,0,1,1,1,False,False,False
10.1016/j.fluid.2007.05.030#d6#p1,mol_3590edb9884753b9,"InChI=1S/C2H6O2/c3-1-2-4/h3-4H,1-2H2",10.1016/j.fluid.2007.05.030,363.15,363.15,0,1,1,1,False,False,False
10.1016/j.fluid.2007.06.001#d2#p1,mol_3fd637a4d667fe51,"InChI=1S/C9H20/c1-3-5-7-9-8-6-4-2/h3-9H2,1-2H3",10.1016/j.fluid.2007.06.001,353.15,353.15,0,1,1,1,False,False,False
10.1016/j.fluid.2007.07.013#d2#p1,mol_8af87cc50053180a,InChI=1S/C2H6S/c1-3-2/h1-2H3,10.1016/j.fluid.2007.07.013,252.89,253.06,0.17,2,1,1,False,False,False
10.1016/j.fluid.2007.07.013#d3#p1,mol_ba47d645467f5987,"InChI=1S/C3H8S/c1-3-4-2/h3H2,1-2H3",10.1016/j.fluid.2007.07.013,272.96,293.41,20.45,3,2,1,False,False,False
10.1016/j.fluid.2007.07.013#d6#p1,mol_c187c0fbd800fefd,InChI=1S/CS2/c2-1-3,10.1016/j.fluid.2007.07.013,273.08,273.08,0,1,1,1,False,False,False
10.1016/j.fluid.2007.09.002#d1#p1,mol_024c11ca89792376,"InChI=1S/C5H12O/c1-3-4-5-6-2/h3-5H2,1-2H3",10.1016/j.fluid.2007.09.002,263.15,298.15,35,5,2,2,False,False,False
10.1016/j.fluid.2007.09.002#d2#p1,mol_6a1b88d7d4729d66,"InChI=1S/C8H18O/c1-3-5-7-9-8-6-4-2/h3-8H2,1-2H3",10.1016/j.fluid.2007.09.002,263.15,343.15,80,10,3,3,True,False,False
10.1016/j.fluid.2007.09.002#d3#p1,mol_5c9fb1beda5bb985,"InChI=1S/C6H10/c1-3-5-6-4-2/h3-4H2,1-2H3",10.1016/j.fluid.2007.09.002,263.15,303.15,40,6,3,2,True,False,False
10.1016/j.fluid.2007.09.002#d4#p1,mol_542abc656d17b475,"InChI=1S/C6H10/c1-3-5-6-4-2/h3,5H2,1-2H3",10.1016/j.fluid.2007.09.002,263.15,313.15,50,7,3,2,True,False,False
10.1016/j.fluid.2007.09.014#d9#p1,mol_21a4cd711754eeed,"InChI=1S/C3H8O2/c1-5-3-2-4/h4H,2-3H2,1H3",10.1016/j.fluid.2007.09.014,336.18,352.13,15.95,6,2,2,False,False,False
10.1016/j.fluid.2007.11.002#d15#p1,mol_953db3858ca974a4,InChI=1S/C4H8O2/c1-2-6-4-3-5-1/h1-4H2,10.1016/j.fluid.2007.11.002,323.15,323.15,0,1,1,1,False,False,False
10.1016/j.fluid.2007.11.002#d9#p1,mol_8b6a2383c538f690,"InChI=1S/C4H10O/c1-4(2)3-5/h4-5H,3H2,1-2H3",10.1016/j.fluid.2007.11.002,333.15,333.15,0,1,1,1,False,False,False
10.1016/j.fluid.2007.12.005#d3#p1,mol_538c4f0d7c4ce97e,"InChI=1S/C7H16/c1-3-5-7-6-4-2/h3-7H2,1-2H3",10.1016/j.fluid.2007.12.005,313.15,313.15,0,1,1,1,False,False,False
10.1016/j.fluid.2008.02.001#d1#p1,mol_8568098f87e46d1f,"InChI=1S/C5H10O2/c1-3-4-5(6)7-2/h3-4H2,1-2H3",10.1016/j.fluid.2008.02.001,274.3,303.2,28.9,21,5,6,False,False,False
10.1016/j.fluid.2008.02.001#d11#p1,mol_765dc30ffee1ee3b,"InChI=1S/C7H14O2/c1-7(2,3)5-6(8)9-4/h5H2,1-4H3",10.1016/j.fluid.2008.02.001,273.9,313.2,39.3,24,7,10,True,True,False
10.1016/j.fluid.2008.02.001#d2#p1,mol_2c8fece1c354948f,"InChI=1S/C6H12O2/c1-3-4-5-6(7)8-2/h3-5H2,1-2H3",10.1016/j.fluid.2008.02.001,274.9,311.2,36.3,25,4,9,True,True,False
10.1016/j.fluid.2008.02.001#d3#p1,mol_41edcf15887aae47,"InChI=1S/C7H14O2/c1-3-4-5-6-7(8)9-2/h3-6H2,1-2H3",10.1016/j.fluid.2008.02.001,280.7,331.4,50.7,24,5,11,True,True,False
10.1016/j.fluid.2008.02.001#d4#p1,mol_4ffa7abfb5a2e402,"InChI=1S/C8H16O2/c1-3-4-5-6-7-8(9)10-2/h3-7H2,1-2H3",10.1016/j.fluid.2008.02.001,278.1,313.2,35.1,14,5,4,True,False,False
10.1016/j.fluid.2008.02.001#d5#p1,mol_5362c7a729bf211e,"InChI=1S/C7H14O2/c1-5-7(3,4)9-6(2)8/h5H2,1-4H3",10.1016/j.fluid.2008.02.001,273.7,308.4,34.7,21,7,8,True,False,False
10.1016/j.fluid.2008.02.001#d6#p1,mol_a88bcd30dca14fa1,"InChI=1S/C8H16O2/c1-5-7(9)10-8(3,4)6-2/h5-6H2,1-4H3",10.1016/j.fluid.2008.02.001,273.9,310.4,36.5,15,4,6,True,False,False
10.1016/j.fluid.2008.02.001#d7#p1,mol_ad9956d819d81c6a,"InChI=1S/C9H18O2/c1-5-7-8(10)11-9(3,4)6-2/h5-7H2,1-4H3",10.1016/j.fluid.2008.02.001,274.5,309.5,35,21,6,7,True,True,False
10.1016/j.fluid.2008.02.001#d8#p1,mol_f805442db4c4ce39,"InChI=1S/C9H18O2/c1-5-6-7-11-8(10)9(2,3)4/h5-7H2,1-4H3",10.1016/j.fluid.2008.02.001,273.6,313.3,39.7,22,6,7,True,True,False
10.1016/j.fluid.2008.02.001#d9#p1,mol_f64a37f4f13cc997,"InChI=1S/C8H16O2/c1-6(2)5-10-8(9)7(3)4/h6-7H,5H2,1-4H3",10.1016/j.fluid.2008.02.001,274.2,319.2,45,13,5,4,True,False,False
10.1016/j.fluid.2008.02.018#d12#p1,mol_8c26cc46761de673,InChI=1S/C5H8O/c6-5-3-1-2-4-5/h1-4H2,10.1016/j.fluid.2008.02.018,298.15,318.15,20,3,1,1,False,False,False
10.1016/j.fluid.2008.02.018#d3#p1,mol_77bbf943053f2531,InChI=1S/C2H4Cl2/c3-1-2-4/h1-2H2,10.1016/j.fluid.2008.02.018,298.15,308.15,10,2,1,1,False,False,False
10.1016/j.fluid.2008.02.018#d6#p1,mol_55b6d752028fb5df,InChI=1S/C6H10O/c7-6-4-2-1-3-5-6/h1-5H2,10.1016/j.fluid.2008.02.018,298.15,318.15,20,3,1,1,False,False,False
10.1016/j.fluid.2008.02.021#d2#p1,mol_09d5eafc1ff3f677,"InChI=1S/C8H16O/c1-3-4-5-6-7-8(2)9/h3-7H2,1-2H3",10.1016/j.fluid.2008.02.021,323.15,363.15,40,2,1,1,False,False,False
10.1016/j.fluid.2008.02.021#d4#p1,mol_55b6d752028fb5df,InChI=1S/C6H10O/c7-6-4-2-1-3-5-6/h1-5H2,10.1016/j.fluid.2008.02.021,323.15,363.15,40,2,1,1,False,False,False
10.1016/j.fluid.2008.02.021#d6#p1,mol_b8293313f61ea38f,"InChI=1S/C6H14O/c1-2-3-4-5-6-7/h7H,2-6H2,1H3",10.1016/j.fluid.2008.02.021,323.15,363.15,40,2,1,1,False,False,False
10.1016/j.fluid.2008.02.021#d8#p1,mol_5feb1fde294beccb,"InChI=1S/C6H12O/c7-6-4-2-1-3-5-6/h6-7H,1-5H2",10.1016/j.fluid.2008.02.021,323.15,363.15,40,2,1,1,False,False,False
10.1016/j.fluid.2008.03.013#d1#p1,mol_c4d2e3aa2bcb522b,InChI=1S/C3H4O3/c4-3-5-1-2-6-3/h1-2H2,10.1016/j.fluid.2008.03.013,310.3,369.5,59.2,27,9,7,True,True,False
10.1016/j.fluid.2008.03.015#d1#p1,mol_77bbf943053f2531,InChI=1S/C2H4Cl2/c3-1-2-4/h1-2H2,10.1016/j.fluid.2008.03.015,284.865,304.82,19.955,3,1,1,False,True,False
10.1016/j.fluid.2008.03.015#d2#p1,mol_fc1211201dbfeedf,"InChI=1S/C4H10O/c1-3-5-4-2/h3-4H2,1-2H3",10.1016/j.fluid.2008.03.015,255.48,265.445,9.965,2,1,1,False,False,False
10.1016/j.fluid.2008.03.015#d3#p1,mol_4e6567a0dc6bd494,"InChI=1S/C6H14O/c1-5(2)7-6(3)4/h5-6H,1-4H3",10.1016/j.fluid.2008.03.015,284.93,294.905,9.975,2,1,1,False,False,False
10.1016/j.fluid.2008.03.015#d4#p1,mol_896a74ad0b2a7fde,"InChI=1S/C5H12O/c1-5(2,3)6-4/h1-4H3",10.1016/j.fluid.2008.03.015,274.905,284.82,9.915,2,1,1,False,False,False
10.1016/j.fluid.2008.04.016#d1#p1,mol_9472915240012651,"InChI=1S/C14H22/c1-13(2,3)11-7-9-12(10-8-11)14(4,5)6/h7-10H,1-6H3",10.1016/j.fluid.2008.04.016,354.15,383.25,29.1,13,4,4,False,True,False
10.1016/j.fluid.2008.04.016#d2#p1,mol_f614151f22d755d7,"InChI=1S/C18H30/c1-16(2,3)13-10-14(17(4,5)6)12-15(11-13)18(7,8)9/h10-12H,1-9H3",10.1016/j.fluid.2008.04.016,352.15,382.65,30.5,16,4,5,True,True,False
10.1016/j.fluid.2008.04.016#d3#p1,mol_ae779d08ee6209ad,"InChI=1S/C15H24/c1-11-8-12(14(2,3)4)10-13(9-11)15(5,6)7/h8-10H,1-7H3",10.1016/j.fluid.2008.04.016,308.25,358.15,49.9,21,6,7,True,False,False
10.1016/j.fluid.2008.04.016#d4#p1,mol_ae779d08ee6209ad,"InChI=1S/C15H24/c1-11-8-12(14(2,3)4)10-13(9-11)15(5,6)7/h8-10H,1-7H3",10.1016/j.fluid.2008.04.016,379.62,439.995,60.375,10,2,5,False,False,False
10.1016/j.fluid.2008.06.004#d12#p1,mol_83a135e5c50b66c1,"InChI=1S/C3H8O/c1-3(2)4/h3-4H,1-2H3",10.1016/j.fluid.2008.06.004,319.8,319.8,0,1,1,1,False,False,False
10.1016/j.fluid.2008.06.004#d3#p1,mol_e36df2c2d963afd3,"InChI=1S/C4H8O/c1-3-4(2)5/h3H2,1-2H3",10.1016/j.fluid.2008.06.004,308.22,309.55,1.33,2,1,1,False,False,False
10.1016/j.fluid.2008.06.004#d6#p1,mol_b4b87befe28d84ce,"InChI=1S/C2H6O/c1-2-3/h3H,2H2,1H3",10.1016/j.fluid.2008.06.004,315.41,315.41,0,1,1,1,False,False,False
10.1016/j.fluid.2008.06.004#d9#p1,mol_2465ec339bda2cbb,"InChI=1S/C3H8O/c1-2-3-4/h4H,2-3H2,1H3",10.1016/j.fluid.2008.06.004,332.67,332.67,0,1,1,1,False,False,False
10.1016/j.fluid.2008.06.006#d12#p1,mol_e983a25bd52a944d,InChI=1S/C6H12/c1-2-4-6-5-3-1/h1-6H2,10.1016/j.fluid.2008.06.006,302.71,302.71,0,1,1,1,False,False,False
10.1016/j.fluid.2008.06.006#d8#p1,mol_4e6567a0dc6bd494,"InChI=1S/C6H14O/c1-5(2)7-6(3)4/h5-6H,1-4H3",10.1016/j.fluid.2008.06.006,293.25,293.25,0,1,1,1,False,False,False
10.1016/j.fluid.2008.08.001#d3#p1,mol_e43e3124216bdf57,"InChI=1S/C18H34O4/c1-3-5-15-21-17(19)13-11-9-7-8-10-12-14-18(20)22-16-6-4-2/h3-16H2,1-2H3",10.1016/j.fluid.2008.08.001,468.96,496.8,27.84,7,3,2,False,False,False
10.1016/j.fluid.2008.11.012#d3#p1,mol_301d3a83ae1e6ae0,"InChI=1S/C6H12O/c1-5(2)4-6(3)7/h5H,4H2,1-3H3",10.1016/j.fluid.2008.11.012,321.83,340.98,19.15,6,3,1,False,False,False
10.1016/j.fluid.2008.11.012#d6#p1,mol_670136e04246f1d5,"InChI=1S/C4H10O/c1-2-3-4-5/h5H,2-4H2,1H3",10.1016/j.fluid.2008.11.012,351.01,351.01,0,1,1,1,False,False,False
10.1016/j.fluid.2009.02.010#d2#p1,mol_687236a9b155a7d6,"InChI=1S/C5H6S/c1-5-2-3-6-4-5/h2-4H,1H3",10.1016/j.fluid.2009.02.010,333.15,333.15,0,1,1,1,False,False,False
10.1016/j.fluid.2009.04.006#d1#p1,mol_b481989aff76b7b5,"InChI=1S/C6H16N2/c1-7(2)5-6-8(3)4/h5-6H2,1-4H3",10.1016/j.fluid.2009.04.006,294.75,344.96,50.21,6,2,2,False,False,False
10.1016/j.fluid.2009.04.006#d2#p1,mol_43e3cdae7078a32d,"InChI=1S/C5H11NO/c1-6-2-4-7-5-3-6/h2-5H2,1H3",10.1016/j.fluid.2009.04.006,273.18,283.12,9.94,2,1,1,False,False,False
10.1016/j.fluid.2009.04.006#d3#p1,mol_3bf20e799524cc8c,InChI=1S/C6H16N2O2/c7-1-3-9-5-6-10-4-2-8/h1-8H2,10.1016/j.fluid.2009.04.006,292.92,353.02,60.1,7,2,2,False,False,False
10.1016/j.fluid.2009.04.006#d4#p1,mol_f33d00ba50ef03c4,"InChI=1S/C9H13NO/c11-7-6-10-8-9-4-2-1-3-5-9/h1-5,10-11H,6-8H2",10.1016/j.fluid.2009.04.006,312.85,362.91,50.06,4,2,1,False,True,False
10.1016/j.fluid.2009.06.002#d3#p1,mol_f51a4721c0180b07,"InChI=1S/C10H16/c1-2-9-7-4-5-8(6-7)10(9)3-1/h7-10H,1-6H2/t7-,8+,9+,10-",10.1016/j.fluid.2009.06.002,393,397.64,4.64,2,1,1,False,False,False
10.1016/j.fluid.2009.06.002#d5#p1,mol_0c2b699f18ff1976,InChI=1S/C3H6O3/c1-5-3(4)6-2/h1-2H3,10.1016/j.fluid.2009.06.002,310,317.71,7.71,3,1,1,False,False,False
10.1016/j.fluid.2009.08.023#d3#p1,mol_993dd610f8117c3b,"InChI=1S/C3H3F5/c4-2(5)1-3(6,7)8/h2H,1H2",10.1016/j.fluid.2009.08.023,251.164,252.679,1.515,3,1,1,False,False,False
10.1016/j.fluid.2009.09.024#d10#p1,mol_b44b37c017007981,"InChI=1S/C7H8/c1-7-5-3-2-4-6-7/h2-6H,1H3",10.1016/j.fluid.2009.09.024,333.15,333.15,0,1,1,1,False,False,False
10.1016/j.fluid.2009.09.024#d13#p1,mol_d40206d67276aa8c,"InChI=1S/C8H10/c1-7-4-3-5-8(2)6-7/h3-6H,1-2H3",10.1016/j.fluid.2009.09.024,333.15,353.15,20,2,1,1,False,False,False
10.1016/j.fluid.2009.09.024#d16#p1,mol_235e273753448a7f,InChI=1S/C4H8O2S/c5-7(6)3-1-2-4-7/h1-4H2,10.1016/j.fluid.2009.09.024,333.15,353.15,20,2,1,1,False,False,False
10.1016/j.fluid.2009.09.024#d4#p1,mol_3fd637a4d667fe51,"InChI=1S/C9H20/c1-3-5-7-9-8-6-4-2/h3-9H2,1-2H3",10.1016/j.fluid.2009.09.024,333.15,353.15,20,2,1,1,False,False,False
10.1016/j.fluid.2009.09.024#d7#p1,mol_af4829eb52c939fe,"InChI=1S/C8H10/c1-7-5-3-4-6-8(7)2/h3-6H,1-2H3",10.1016/j.fluid.2009.09.024,333.15,353.15,20,2,1,1,False,False,False
10.1016/j.fluid.2009.12.002#d1#p1,mol_af4829eb52c939fe,"InChI=1S/C8H10/c1-7-5-3-4-6-8(7)2/h3-6H,1-2H3",10.1016/j.fluid.2009.12.002,333.15,353.15,20,3,1,1,False,False,False
10.1016/j.fluid.2009.12.002#d10#p1,mol_eb0e7cd1593e34a5,"InChI=1S/C8H10/c1-7-3-5-8(2)6-4-7/h3-6H,1-2H3",10.1016/j.fluid.2009.12.002,333.15,353.15,20,3,1,1,False,False,False
10.1016/j.fluid.2009.12.002#d7#p1,mol_d40206d67276aa8c,"InChI=1S/C8H10/c1-7-4-3-5-8(2)6-7/h3-6H,1-2H3",10.1016/j.fluid.2009.12.002,333.15,353.15,20,3,1,1,False,False,False
10.1016/j.fluid.2010.01.006#d1#p1,mol_9b5c2e3993415780,"InChI=1S/C4H10S/c1-3-5-4-2/h3-4H2,1-2H3",10.1016/j.fluid.2010.01.006,307.94,317.62,9.68,4,2,1,False,False,False
10.1016/j.fluid.2010.02.030#d2#p1,mol_3147d9e632f76065,"InChI=1S/C9H12/c1-7-4-5-8(2)9(3)6-7/h4-6H,1-3H3",10.1016/j.fluid.2010.02.030,383.15,383.15,0,1,1,1,False,False,False
10.1016/j.fluid.2010.02.043#d1#p1,mol_28d861e75826cef3,InChI=1S/C2H6S2/c1-3-4-2/h1-2H3,10.1016/j.fluid.2010.02.043,332.19,332.19,0,1,1,1,False,False,False
10.1016/j.fluid.2010.02.043#d2#p1,mol_e840c319a89074e3,"InChI=1S/C4H10S2/c1-3-5-6-4-2/h3-4H2,1-2H3",10.1016/j.fluid.2010.02.043,366.97,366.97,0,1,1,1,False,False,False
10.1016/j.fluid.2010.03.001#d2#p1,mol_435971c8aa9ce0da,"InChI=1S/C5H12O/c1-2-3-4-5-6/h6H,2-5H2,1H3",10.1016/j.fluid.2010.03.001,328.15,368.86,40.71,10,2,4,False,False,False
10.1016/j.fluid.2010.03.027#d3#p1,mol_da1f79aed535e48b,InChI=1S/C4H8S/c1-2-4-5-3-1/h1-4H2,10.1016/j.fluid.2010.03.027,293.97,312.87,18.9,2,1,1,False,False,False
10.1016/j.fluid.2010.06.019#d2#p1,mol_b8293313f61ea38f,"InChI=1S/C6H14O/c1-2-3-4-5-6-7/h7H,2-6H2,1H3",10.1016/j.fluid.2010.06.019,366.67,381.8035,15.1335,4,2,1,False,False,False
10.1016/j.fluid.2010.06.019#d3#p1,mol_e687bcf74e76aad5,"InChI=1S/C7H16O/c1-2-3-4-5-6-7-8/h8H,2-7H2,1H3",10.1016/j.fluid.2010.06.019,382.304,398.002,15.698,4,2,1,False,False,False
10.1016/j.fluid.2010.06.019#d4#p1,mol_a39fe39f3d910b4e,"InChI=1S/C8H18O/c1-2-3-4-5-6-7-8-9/h9H,2-8H2,1H3",10.1016/j.fluid.2010.06.019,397.317,413.785,16.468,4,2,1,False,False,False
10.1016/j.fluid.2010.06.019#d5#p1,mol_a557d965b4ca95e1,"InChI=1S/C14H30O/c1-2-3-4-5-6-7-8-9-10-11-12-13-14-15/h15H,2-14H2,1H3",10.1016/j.fluid.2010.06.019,479.42,494.495,15.075,3,1,1,False,True,False
10.1016/j.fluid.2010.06.020#d2#p1,mol_f32efffa3cd8e3f1,"InChI=1S/C5H12O/c1-4-5(2,3)6/h6H,4H2,1-3H3",10.1016/j.fluid.2010.06.020,335.746,335.746,0,1,1,1,False,False,False
10.1016/j.fluid.2010.06.020#d6#p1,mol_b6b13d8dfbd75423,"InChI=1S/C5H12O/c1-3-5(6)4-2/h5-6H,3-4H2,1-2H3",10.1016/j.fluid.2010.06.020,342.025,348.396,6.371,3,1,1,False,False,False
10.1016/j.fluid.2010.08.026#d2#p1,mol_7ff2a8a99ea3e83d,"InChI=1S/C5H13NO2/c1-6(2-4-7)3-5-8/h7-8H,2-5H2,1H3",10.1016/j.fluid.2010.08.026,356.86,356.86,0,1,1,1,False,False,False
10.1016/j.fluid.2010.09.023#d1#p1,mol_25b76921742ed7fa,"InChI=1S/C3H5N/c1-2-3-4/h2H2,1H3",10.1016/j.fluid.2010.09.023,307.78,322,14.22,4,1,1,False,False,False
10.1016/j.fluid.2010.09.023#d2#p1,mol_25b76921742ed7fa,"InChI=1S/C3H5N/c1-2-3-4/h2H2,1H3",10.1016/j.fluid.2010.09.023,313.15,313.15,0,1,1,1,False,False,False
10.1016/j.fluid.2011.02.002#d2#p1,mol_235e273753448a7f,InChI=1S/C4H8O2S/c5-7(6)3-1-2-4-7/h1-4H2,10.1016/j.fluid.2011.02.002,302.16,308.17,6.01,6,2,2,False,False,False
10.1016/j.fluid.2011.02.002#d3#p1,mol_b7f422847b230663,InChI=1S/C2H6OS/c1-4(2)3/h1-2H3,10.1016/j.fluid.2011.02.002,293.15,308.16,15.01,7,2,2,False,False,False
10.1016/j.fluid.2011.03.030#d10#p1,mol_256a0ea2592048b0,"InChI=1S/C7H14/c1-7-5-3-2-4-6-7/h7H,2-6H2,1H3",10.1016/j.fluid.2011.03.030,321.9,321.9,0,1,1,1,False,False,False
10.1016/j.fluid.2011.03.030#d4#p1,mol_f51a4721c0180b07,"InChI=1S/C10H16/c1-2-9-7-4-5-8(6-7)10(9)3-1/h7-10H,1-6H2/t7-,8+,9+,10-",10.1016/j.fluid.2011.03.030,396,396,0,1,1,1,False,False,False
10.1016/j.fluid.2011.06.001#d1#p1,mol_d2d85289da26a082,"InChI=1S/C4H9Cl/c1-2-3-4-5/h2-4H2,1H3",10.1016/j.fluid.2011.06.001,288.15,298.15,10,2,1,1,False,False,False
10.1016/j.fluid.2011.06.001#d4#p1,mol_4e6567a0dc6bd494,"InChI=1S/C6H14O/c1-5(2)7-6(3)4/h5-6H,1-4H3",10.1016/j.fluid.2011.06.001,288.15,288.15,0,1,1,1,False,False,False
10.1016/j.fluid.2011.06.001#d5#p1,mol_8411a1787a17bdb0,"InChI=1S/C4H9Cl/c1-4(2)3-5/h4H,3H2,1-2H3",10.1016/j.fluid.2011.06.001,288.15,288.15,0,1,1,1,False,False,False
10.1016/j.fluid.2011.07.002#d1#p1,mol_b4b87befe28d84ce,"InChI=1S/C2H6O/c1-2-3/h3H,2H2,1H3",10.1016/j.fluid.2011.07.002,278.15,313.15,35,8,3,3,True,False,False
10.1016/j.fluid.2011.07.007#d12#p1,mol_aacb73f35743fb3d,"InChI=1S/C10H18O4/c1-9(2,3)13-7(11)8(12)14-10(4,5)6/h1-6H3",10.1016/j.fluid.2011.07.007,345.6,371.2,25.6,15,3,7,False,False,False
10.1016/j.fluid.2011.07.007#d14#p1,mol_5a16c79c0cd15799,"InChI=1S/C11H20O4/c1-10(2,3)14-8(12)7-9(13)15-11(4,5)6/h7H2,1-6H3",10.1016/j.fluid.2011.07.007,293.7,345.5,51.8,21,5,7,True,False,False
10.1016/j.fluid.2011.07.007#d16#p1,mol_2b7f8f6f183caf51,"InChI=1S/C12H22O4/c1-11(2,3)15-9(13)7-8-10(14)16-12(4,5)6/h7-8H2,1-6H3",10.1016/j.fluid.2011.07.007,323.2,355.2,32,15,5,3,True,False,False
10.1016/j.fluid.2011.07.007#d18#p1,mol_c4ca44c810d45377,"InChI=1S/C13H24O4/c1-12(2,3)16-10(14)8-7-9-11(15)17-13(4,5)6/h7-9H2,1-6H3",10.1016/j.fluid.2011.07.007,295.2,325.2,30,16,5,5,True,False,False
10.1016/j.fluid.2011.07.007#d2#p1,mol_165439913dffe7c0,"InChI=1S/C8H14O4/c1-5(2)11-7(9)8(10)12-6(3)4/h5-6H,1-4H3",10.1016/j.fluid.2011.07.007,287.5,330.5,43,17,6,5,True,False,False
10.1016/j.fluid.2011.07.007#d20#p1,mol_fb304e4936922cdc,"InChI=1S/C14H26O4/c1-13(2,3)17-11(15)9-7-8-10-12(16)18-14(4,5)6/h7-10H2,1-6H3",10.1016/j.fluid.2011.07.007,322.6,366.3,43.7,17,5,5,True,False,False
10.1016/j.fluid.2011.07.007#d4#p1,mol_2ebd0ef54ed8a046,"InChI=1S/C9H16O4/c1-6(2)12-8(10)5-9(11)13-7(3)4/h6-7H,5H2,1-4H3",10.1016/j.fluid.2011.07.007,289.3,325.4,36.1,17,8,4,True,False,False
10.1016/j.fluid.2011.07.007#d6#p1,mol_9311eee845da4726,"InChI=1S/C10H18O4/c1-7(2)13-9(11)5-6-10(12)14-8(3)4/h7-8H,5-6H2,1-4H3",10.1016/j.fluid.2011.07.007,304.4,333.3,28.9,12,4,3,False,False,False
10.1016/j.fluid.2011.07.007#d8#p1,mol_fb76be87032d9098,"InChI=1S/C11H20O4/c1-8(2)14-10(12)6-5-7-11(13)15-9(3)4/h8-9H,5-7H2,1-4H3",10.1016/j.fluid.2011.07.007,294.5,327.4,32.9,12,4,4,True,False,False
10.1016/j.fluid.2011.08.009#d1#p1,mol_2465ec339bda2cbb,"InChI=1S/C3H8O/c1-2-3-4/h4H,2-3H2,1H3",10.1016/j.fluid.2011.08.009,313.17,313.17,0,1,1,1,False,False,False
10.1016/j.fluid.2011.08.009#d3#p1,mol_7a77950532c8e700,"InChI=1S/C12H26/c1-3-5-7-9-11-12-10-8-6-4-2/h3-12H2,1-2H3",10.1016/j.fluid.2011.08.009,342.18,352.68,10.5,2,1,1,False,False,False
10.1016/j.fluid.2012.01.008#d1#p1,mol_6a1b88d7d4729d66,"InChI=1S/C8H18O/c1-3-5-7-9-8-6-4-2/h3-8H2,1-2H3",10.1016/j.fluid.2012.01.008,313.15,313.15,0,1,1,1,False,False,False
10.1016/j.fluid.2012.01.008#d2#p1,mol_b44b37c017007981,"InChI=1S/C7H8/c1-7-5-3-2-4-6-7/h2-6H,1H3",10.1016/j.fluid.2012.01.008,313.15,313.15,0,1,1,1,False,False,False
10.1016/j.fluid.2012.01.008#d3#p1,mol_538c4f0d7c4ce97e,"InChI=1S/C7H16/c1-3-5-7-6-4-2/h3-7H2,1-2H3",10.1016/j.fluid.2012.01.008,313.15,313.15,0,1,1,1,False,False,False
10.1016/j.fluid.2012.06.013#d6#p1,mol_2465ec339bda2cbb,"InChI=1S/C3H8O/c1-2-3-4/h4H,2-3H2,1H3",10.1016/j.fluid.2012.06.013,313.98,331.28,17.3,3,1,1,False,False,False
10.1016/j.fluid.2012.07.027#d1#p1,mol_3828be354437d436,"InChI=1S/C14H30O3/c1-3-5-7-9-15-11-13-17-14-12-16-10-8-6-4-2/h3-14H2,1-2H3",10.1016/j.fluid.2012.07.027,427.5,488.8,61.3,16,6,3,True,False,False
10.1016/j.fluid.2012.08.003#d1#p1,mol_2850223b4ba7abbb,"InChI=1S/C6H12O2/c1-2-3-4-5-8-6-7/h6H,2-5H2,1H3",10.1016/j.fluid.2012.08.003,274.25,313.3,39.05,13,5,5,True,False,False
10.1016/j.fluid.2012.08.003#d2#p1,mol_d6ae19349f751551,"InChI=1S/C7H14O2/c1-2-3-4-5-6-9-7-8/h7H,2-6H2,1H3",10.1016/j.fluid.2012.08.003,275.4,313.4,38,9,3,3,True,True,False
10.1016/j.fluid.2012.08.003#d3#p1,mol_5810135448f6321f,"InChI=1S/C8H16O2/c1-2-3-4-5-6-7-10-8-9/h8H,2-7H2,1H3",10.1016/j.fluid.2012.08.003,276.1,316.4,40.3,13,4,5,True,True,False
10.1016/j.fluid.2012.08.003#d4#p1,mol_aa0ace4207225373,"InChI=1S/C9H18O2/c1-2-3-4-5-6-7-8-11-9-10/h9H,2-8H2,1H3",10.1016/j.fluid.2012.08.003,283.3,338.3,55,16,6,6,True,False,False
10.1016/j.fluid.2012.08.003#d5#p1,mol_1871fd7f7f59d3ae,"InChI=1S/C7H14O2/c1-3-4-5-6-9-7(2)8/h3-6H2,1-2H3",10.1016/j.fluid.2012.08.003,274.25,313.4,39.15,13,5,5,True,False,False
10.1016/j.fluid.2012.08.003#d6#p1,mol_a52eb3ec1414bb0f,"InChI=1S/C8H16O2/c1-3-5-6-7-10-8(9)4-2/h3-7H2,1-2H3",10.1016/j.fluid.2012.08.003,274.1,328.4,54.3,16,6,6,True,False,False
10.1016/j.fluid.2012.08.003#d7#p1,mol_98688aad6777a901,"InChI=1S/C9H18O2/c1-3-5-6-7-8-11-9(10)4-2/h3-8H2,1-2H3",10.1016/j.fluid.2012.08.003,278.3,333.3,55,15,6,5,True,False,False
10.1016/j.fluid.2012.08.003#d8#p1,mol_4430dd0cb0a3c055,"InChI=1S/C11H22O2/c1-3-5-6-7-8-9-10-13-11(12)4-2/h3-10H2,1-2H3",10.1016/j.fluid.2012.08.003,293.3,348.4,55.1,16,6,6,True,False,False
10.1016/j.fluid.2012.08.009#d2#p1,mol_541d2a93b41051af,"InChI=1S/C12H20O2Si/c1-5-13-15(4,14-6-2)12-9-7-11(3)8-10-12/h7-10H,5-6H2,1-4H3",10.1016/j.fluid.2012.08.009,394.65,453.16,58.51,11,3,3,True,False,False
10.1016/j.fluid.2012.08.009#d4#p1,mol_45c3e8d1518a20c5,"InChI=1S/C12H20O2Si/c1-5-13-15(4,14-6-2)12-10-8-7-9-11(12)3/h7-10H,5-6H2,1-4H3",10.1016/j.fluid.2012.08.009,393.45,450.67,57.22,10,3,3,True,False,False
10.1016/j.fluid.2012.08.009#d6#p1,mol_d0ac62ff38c09f37,"InChI=1S/C12H20O2Si/c1-5-13-15(4,14-6-2)12-9-7-8-11(3)10-12/h7-10H,5-6H2,1-4H3",10.1016/j.fluid.2012.08.009,391.91,449.84,57.93,11,3,3,True,False,False
10.1016/j.fluid.2012.08.009#d8#p1,mol_496a55139eacec75,"InChI=1S/C5H9NO/c1-6-4-2-3-5(6)7/h2-4H2,1H3",10.1016/j.fluid.2012.08.009,380.76,411.34,30.58,4,1,2,False,False,False
10.1016/j.fluid.2012.08.020#d10#p1,mol_6558cfbdd9a3dcad,"InChI=1S/C15H16/c1-12(2)14-9-6-10-15(11-14)13-7-4-3-5-8-13/h3-12H,1-2H3",10.1016/j.fluid.2012.08.020,312.9,358.2,45.3,32,7,8,True,True,False
10.1016/j.fluid.2012.08.020#d11#p1,mol_6558cfbdd9a3dcad,"InChI=1S/C15H16/c1-12(2)14-9-6-10-15(11-14)13-7-4-3-5-8-13/h3-12H,1-2H3",10.1016/j.fluid.2012.08.020,434.53,494.39,59.86,6,3,1,False,False,False
10.1016/j.fluid.2012.08.020#d14#p1,mol_61b46555e0b3cc39,"InChI=1S/C16H18/c1-16(2,3)15-11-7-10-14(12-15)13-8-5-4-6-9-13/h4-12H,1-3H3",10.1016/j.fluid.2012.08.020,323,361.3,38.3,16,5,5,True,False,False
10.1016/j.fluid.2012.08.020#d15#p1,mol_61b46555e0b3cc39,"InChI=1S/C16H18/c1-16(2,3)15-11-7-10-14(12-15)13-8-5-4-6-9-13/h4-12H,1-3H3",10.1016/j.fluid.2012.08.020,440.79,493.76,52.97,5,2,1,False,False,False
10.1016/j.fluid.2012.08.020#d19#p1,mol_65b0a8e37b1d0b65,"InChI=1S/C16H18/c1-16(2,3)15-11-9-14(10-12-15)13-7-5-4-6-8-13/h4-12H,1-3H3",10.1016/j.fluid.2012.08.020,448.41,494.83,46.42,4,2,1,False,False,False
10.1016/j.fluid.2012.08.020#d2#p1,mol_18b8754dd95a027a,"InChI=1S/C13H12/c1-11-7-5-6-10-13(11)12-8-3-2-4-9-12/h2-10H,1H3",10.1016/j.fluid.2012.08.020,301,348.1,47.1,20,6,6,True,False,False
10.1016/j.fluid.2012.08.020#d4#p1,mol_c76ad85001d3e770,"InChI=1S/C13H12/c1-11-6-5-9-13(10-11)12-7-3-2-4-8-12/h2-10H,1H3",10.1016/j.fluid.2012.08.020,318.8,365.8,47,20,6,6,True,False,False
10.1016/j.fluid.2012.10.015#d12#p1,mol_528932d2a9841ae7,"InChI=1S/C5H11Cl/c1-2-3-4-5-6/h2-5H2,1H3",10.1016/j.fluid.2012.10.015,298.15,318.15,20,3,1,1,False,False,False
10.1016/j.fluid.2012.10.015#d3#p1,mol_253d8d3c7e0ad521,InChI=1S/CH3NO2/c1-2(3)4/h1H3,10.1016/j.fluid.2012.10.015,298.15,318.15,20,3,1,1,False,False,False
10.1016/j.fluid.2012.10.015#d6#p1,mol_803e9fa8b96cd755,"InChI=1S/C2H5NO2/c1-2-3(4)5/h2H2,1H3",10.1016/j.fluid.2012.10.015,298.15,318.15,20,3,1,1,False,False,False
10.1016/j.fluid.2012.10.015#d9#p1,mol_d2d85289da26a082,"InChI=1S/C4H9Cl/c1-2-3-4-5/h2-4H2,1H3",10.1016/j.fluid.2012.10.015,298.15,298.15,0,1,1,1,False,False,False
10.1016/j.fluid.2012.11.004#d7#p1,mol_7bd3eb1878fd3045,"InChI=1S/C5H12O/c1-5(2)3-4-6/h5-6H,3-4H2,1-2H3",10.1016/j.fluid.2012.11.004,335.85,363.33,27.48,3,1,1,False,False,False
10.1016/j.fluid.2013.01.017#d1#p1,mol_517756553f493ba0,"InChI=1S/C8F18/c9-1(10,3(13,14)5(17,18)7(21,22)23)2(11,12)4(15,16)6(19,20)8(24,25)26",10.1016/j.fluid.2013.01.017,308.45,328.48,20.03,4,2,1,False,False,False
10.1016/j.fluid.2013.01.020#d9#p1,mol_2f2b484f1c3d108f,"InChI=1S/C5H10O/c1-4(2)5(3)6/h4H,1-3H3",10.1016/j.fluid.2013.01.020,313.15,313.15,0,1,1,1,False,False,False
10.1016/j.fluid.2013.03.008#d1#p1,mol_e356f62a95258c32,"InChI=1S/C16H32O2/c1-3-5-6-7-8-9-10-11-12-13-14-15-16(17)18-4-2/h3-15H2,1-2H3",10.1016/j.fluid.2013.03.008,392.17,443.82,51.65,11,4,3,True,False,False
10.1016/j.fluid.2013.03.008#d2#p1,mol_54948f46fab8b549,"InChI=1S/C18H36O2/c1-3-5-6-7-8-9-10-11-12-13-14-15-16-17-18(19)20-4-2/h3-17H2,1-2H3",10.1016/j.fluid.2013.03.008,412.63,468.07,55.44,11,4,3,True,False,False
10.1016/j.fluid.2013.09.029#d6#p1,mol_435971c8aa9ce0da,"InChI=1S/C5H12O/c1-2-3-4-5-6/h6H,2-5H2,1H3",10.1016/j.fluid.2013.09.029,333.1,362.4,29.3,4,2,1,False,False,False
10.1016/j.fluid.2013.10.012#d12#p1,mol_d40206d67276aa8c,"InChI=1S/C8H10/c1-7-4-3-5-8(2)6-7/h3-6H,1-2H3",10.1016/j.fluid.2013.10.012,342.8,342.8,0,1,1,1,False,False,False
10.1016/j.fluid.2013.10.012#d3#p1,mol_58c591d9024d1c78,"InChI=1S/C11H24/c1-3-5-7-9-11-10-8-6-4-2/h3-11H2,1-2H3",10.1016/j.fluid.2013.10.012,393.4,393.4,0,1,1,1,False,False,False
10.1016/j.fluid.2013.10.012#d6#p1,mol_eb0e7cd1593e34a5,"InChI=1S/C8H10/c1-7-3-5-8(2)6-4-7/h3-6H,1-2H3",10.1016/j.fluid.2013.10.012,342,342,0,1,1,1,False,False,False
10.1016/j.fluid.2013.10.012#d9#p1,mol_af4829eb52c939fe,"InChI=1S/C8H10/c1-7-5-3-4-6-8(7)2/h3-6H,1-2H3",10.1016/j.fluid.2013.10.012,347.2,347.2,0,1,1,1,False,False,False
10.1016/j.fluid.2013.10.029#d2#p1,mol_115984f9be727624,InChI=1S/C4H5N/c1-2-4-5-3-1/h1-5H,10.1016/j.fluid.2013.10.029,338.15,353.15,15,3,1,1,False,False,False
10.1016/j.fluid.2013.12.002#d2#p1,mol_b6febdc80ab19a61,InChI=1S/C7H6O/c8-6-7-4-2-1-3-5-7/h1-6H,10.1016/j.fluid.2013.12.002,377.63,396.65,19.02,2,1,1,False,False,False
10.1016/j.fluid.2014.02.018#d3#p1,mol_d395bc83f11503fd,"InChI=1S/C8H18/c1-7(2)6-8(3,4)5/h7H,6H2,1-5H3",10.1016/j.fluid.2014.02.018,313.15,313.15,0,1,1,1,False,False,False
10.1016/j.fluid.2014.03.003#d1#p1,mol_b1820f534fb61402,InChI=1S/C6H6/c1-2-4-6-5-3-1/h1-6H,10.1016/j.fluid.2014.03.003,293.15,308.15,15,4,1,1,False,False,False
10.1016/j.fluid.2014.03.003#d2#p1,mol_b44b37c017007981,"InChI=1S/C7H8/c1-7-5-3-2-4-6-7/h2-6H,1H3",10.1016/j.fluid.2014.03.003,303.15,333.15,30,7,2,2,False,False,False
10.1016/j.fluid.2014.03.003#d3#p1,mol_b94bab3d5b62c755,"InChI=1S/C8H10/c1-2-8-6-4-3-5-7-8/h3-7H,2H2,1H3",10.1016/j.fluid.2014.03.003,308.15,348.15,40,9,3,3,True,True,False
10.1016/j.fluid.2014.03.003#d4#p1,mol_af4829eb52c939fe,"InChI=1S/C8H10/c1-7-5-3-4-6-8(7)2/h3-6H,1-2H3",10.1016/j.fluid.2014.03.003,313.15,363.15,50,6,2,2,False,False,False
10.1016/j.fluid.2014.03.003#d5#p1,mol_d40206d67276aa8c,"InChI=1S/C8H10/c1-7-4-3-5-8(2)6-7/h3-6H,1-2H3",10.1016/j.fluid.2014.03.003,308.15,353.15,45,9,2,3,False,False,False
10.1016/j.fluid.2014.03.003#d6#p1,mol_eb0e7cd1593e34a5,"InChI=1S/C8H10/c1-7-3-5-8(2)6-4-7/h3-6H,1-2H3",10.1016/j.fluid.2014.03.003,303.15,358.15,55,7,3,2,True,False,False
10.1016/j.fluid.2014.03.013#d10#p1,mol_449e356636794f41,InChI=1S/C7H18N2/c8-6-4-2-1-3-5-7-9/h1-9H2,10.1016/j.fluid.2014.03.013,300.99,313.51,12.52,8,3,2,False,False,False
10.1016/j.fluid.2014.03.013#d3#p1,mol_cdcd3722df880b7b,InChI=1S/C3H10N2/c4-2-1-3-5/h1-5H2,10.1016/j.fluid.2014.03.013,253.16,300.66,47.5,20,6,5,True,False,False
10.1016/j.fluid.2014.03.013#d5#p1,mol_47abed7f530ce168,InChI=1S/C4H12N2/c5-3-1-2-4-6/h1-6H2,10.1016/j.fluid.2014.03.013,283.15,310.17,27.02,8,3,2,False,False,False
10.1016/j.fluid.2014.03.013#d7#p1,mol_ea8ab19c57483e79,InChI=1S/C5H14N2/c6-4-2-1-3-5-7/h1-7H2,10.1016/j.fluid.2014.03.013,287.49,311.01,23.52,9,2,3,False,False,False
10.1016/j.fluid.2014.04.004#d1#p1,mol_e983a25bd52a944d,InChI=1S/C6H12/c1-2-4-6-5-3-1/h1-6H2,10.1016/j.fluid.2014.04.004,283.32,303.27,19.95,5,2,2,False,False,False
10.1016/j.fluid.2014.04.004#d2#p1,mol_dee0d48887c32f73,"InChI=1S/C7H9N/c1-6-4-3-5-7(2)8-6/h3-5H,1-2H3",10.1016/j.fluid.2014.04.004,283.37,353.14,69.77,10,3,5,True,False,False
10.1016/j.fluid.2014.04.004#d3#p1,mol_34651b4ffde1812d,"InChI=1S/C7H9N/c1-6-3-7(2)5-8-4-6/h3-5H,1-2H3",10.1016/j.fluid.2014.04.004,273.5,353.63,80.13,9,3,3,True,False,False
10.1016/j.fluid.2014.05.018#d3#p1,mol_b4b87befe28d84ce,"InChI=1S/C2H6O/c1-2-3/h3H,2H2,1H3",10.1016/j.fluid.2014.05.018,313.2,313.2,0,1,1,1,False,False,False
10.1016/j.fluid.2014.07.029#d1#p1,mol_b0c6dc76ddc0873b,InChI=1S/C6H5F/c7-6-4-2-1-3-5-6/h1-5H,10.1016/j.fluid.2014.07.029,274.2,303.2,29,7,2,2,False,False,False
10.1016/j.fluid.2014.07.029#d11#p1,mol_46c9766df0dc3e13,"InChI=1S/C8H9Cl/c1-6-4-3-5-7(2)8(6)9/h3-5H,1-2H3",10.1016/j.fluid.2014.07.029,274.5,305.4,30.9,12,4,4,True,True,False
10.1016/j.fluid.2014.07.029#d13#p1,mol_22376981d918dfcd,"InChI=1S/C7H6Cl2/c1-5-6(8)3-2-4-7(5)9/h2-4H,1H3",10.1016/j.fluid.2014.07.029,274.2,305.3,31.1,13,4,5,True,False,False
10.1016/j.fluid.2014.07.029#d3#p1,mol_5a4aa50dd3cafc66,InChI=1S/C6H5Cl/c7-6-4-2-1-3-5-6/h1-5H,10.1016/j.fluid.2014.07.029,274.5,307.2,32.7,12,4,4,True,False,False
10.1016/j.fluid.2014.07.029#d5#p1,mol_9250348909aba0f8,"InChI=1S/C7H7Cl/c1-6-4-2-3-5-7(6)8/h2-5H,1H3",10.1016/j.fluid.2014.07.029,274.2,306.2,32,12,4,4,True,False,False
10.1016/j.fluid.2014.07.029#d7#p1,mol_b8839fb18327bc8e,"InChI=1S/C7H7Cl/c1-6-3-2-4-7(8)5-6/h2-5H,1H3",10.1016/j.fluid.2014.07.029,274.2,309.2,35,13,4,4,True,False,False
10.1016/j.fluid.2014.07.029#d9#p1,mol_239cb7e490ad2a91,"InChI=1S/C7H7Cl/c1-6-2-4-7(8)5-3-6/h2-5H,1H3",10.1016/j.fluid.2014.07.029,274.3,309.2,34.9,14,4,5,True,False,False
10.1016/j.fluid.2014.10.016#d2#p1,mol_d395bc83f11503fd,"InChI=1S/C8H18/c1-7(2)6-8(3,4)5/h7H,6H2,1-5H3",10.1016/j.fluid.2014.10.016,313.15,313.15,0,1,1,1,False,False,False
10.1016/j.fluid.2014.10.016#d3#p1,mol_538c4f0d7c4ce97e,"InChI=1S/C7H16/c1-3-5-7-6-4-2/h3-7H2,1-2H3",10.1016/j.fluid.2014.10.016,313.15,313.15,0,1,1,1,False,False,False
10.1016/j.fluid.2014.10.028#d1#p1,mol_b4b87befe28d84ce,"InChI=1S/C2H6O/c1-2-3/h3H,2H2,1H3",10.1016/j.fluid.2014.10.028,310.23,310.23,0,1,1,1,False,False,False
10.1016/j.fluid.2014.10.037#d3#p1,mol_942daac293e911e8,InChI=1S/C5H4O2/c6-4-5-2-1-3-7-5/h1-4H,10.1016/j.fluid.2014.10.037,353.2,373.4,20.2,2,1,1,False,False,False
10.1016/j.fluid.2014.10.037#d4#p1,mol_741aa7c2f731c8a3,"InChI=1S/C5H6O2/c6-4-5-2-1-3-7-5/h1-3,6H,4H2",10.1016/j.fluid.2014.10.037,353.3,373,19.7,2,1,1,False,False,False
10.1016/j.fluid.2014.11.010#d1#p1,mol_670136e04246f1d5,"InChI=1S/C4H10O/c1-2-3-4-5/h5H,2-4H2,1H3",10.1016/j.fluid.2014.11.010,313.15,313.15,0,1,1,1,False,False,False
10.1016/j.fluid.2014.11.010#d4#p1,mol_b44b37c017007981,"InChI=1S/C7H8/c1-7-5-3-2-4-6-7/h2-6H,1H3",10.1016/j.fluid.2014.11.010,313.15,313.15,0,1,1,1,False,False,False
10.1016/j.fluid.2014.11.026#d1#p1,mol_cba4c6228a6938ca,"InChI=1S/C9H18O/c1-3-5-7-9(10)8-6-4-2/h3-8H2,1-2H3",10.1016/j.fluid.2014.11.026,283.84,337.14,53.3,24,7,7,True,True,False
10.1016/j.fluid.2014.11.026#d3#p1,mol_4f08598a1604d2a7,"InChI=1S/C8H14O/c1-7(2)5-4-6-8(3)9/h5H,4,6H2,1-3H3",10.1016/j.fluid.2014.11.026,283.86,327.32,43.46,23,8,7,True,True,False
10.1016/j.fluid.2014.11.026#d8#p1,mol_df3844ce888daa74,InChI=1S/C13H10O/c14-13(11-7-3-1-4-8-11)12-9-5-2-6-10-12/h1-10H,10.1016/j.fluid.2014.11.026,318.01,370.89,52.88,21,6,7,True,False,False
10.1016/j.fluid.2014.12.023#d10#p1,mol_1910e4e6f96d50ef,InChI=1S/C6H4BrF/c7-5-2-1-3-6(8)4-5/h1-4H,10.1016/j.fluid.2014.12.023,280.8,317.6,36.8,20,4,8,True,True,False
10.1016/j.fluid.2014.12.023#d12#p1,mol_51066cb4cb97b45d,InChI=1S/C6H4BrF/c7-5-1-3-6(8)4-2-5/h1-4H,10.1016/j.fluid.2014.12.023,278.2,316.4,38.2,19,4,7,True,False,False
10.1016/j.fluid.2014.12.023#d14#p1,mol_238deb0b278c0317,InChI=1S/C6H4FI/c7-5-3-1-2-4-6(5)8/h1-4H,10.1016/j.fluid.2014.12.023,282.8,328.6,45.8,21,8,6,True,False,False
10.1016/j.fluid.2014.12.023#d16#p1,mol_db67b94bf17f5f44,InChI=1S/C6H4FI/c7-5-2-1-3-6(8)4-5/h1-4H,10.1016/j.fluid.2014.12.023,275.2,319.6,44.4,23,6,7,True,True,False
10.1016/j.fluid.2014.12.023#d18#p1,mol_236fafdbbe72dc54,InChI=1S/C6H4FI/c7-5-1-3-6(8)4-2-5/h1-4H,10.1016/j.fluid.2014.12.023,276.5,317.9,41.4,11,3,4,True,False,False
10.1016/j.fluid.2014.12.023#d2#p1,mol_d1cff4074d63e826,InChI=1S/C6H4ClF/c7-5-3-1-2-4-6(5)8/h1-4H,10.1016/j.fluid.2014.12.023,277.5,319.2,41.7,16,5,6,True,True,False
10.1016/j.fluid.2014.12.023#d4#p1,mol_85ab1c5001067375,InChI=1S/C6H4ClF/c7-5-2-1-3-6(8)4-5/h1-4H,10.1016/j.fluid.2014.12.023,275.8,319.5,43.7,15,5,5,True,False,False
10.1016/j.fluid.2014.12.023#d6#p1,mol_e6f5c08892930cf0,InChI=1S/C6H4ClF/c7-5-1-3-6(8)4-2-5/h1-4H,10.1016/j.fluid.2014.12.023,277.6,323.5,45.9,17,5,5,True,False,False
10.1016/j.fluid.2014.12.023#d8#p1,mol_3ec8acd703277a07,InChI=1S/C6H4BrF/c7-5-3-1-2-4-6(5)8/h1-4H,10.1016/j.fluid.2014.12.023,278.5,324.3,45.8,21,5,10,True,True,False
10.1016/j.fluid.2015.03.023#d2#p1,mol_257d515536a43061,"InChI=1S/CBrCl3/c2-1(3,4)5",10.1016/j.fluid.2015.03.023,308.15,308.15,0,1,1,1,False,False,False
10.1016/j.fluid.2015.03.023#d4#p1,mol_c12442c83d78b47e,InChI=1S/CH2Br2/c2-1-3/h1H2,10.1016/j.fluid.2015.03.023,308.15,308.15,0,1,1,1,False,False,False
10.1016/j.fluid.2015.03.023#d8#p1,mol_538c4f0d7c4ce97e,"InChI=1S/C7H16/c1-3-5-7-6-4-2/h3-7H2,1-2H3",10.1016/j.fluid.2015.03.023,308.15,308.15,0,1,1,1,False,False,False
10.1016/j.fluid.2015.03.033#d1#p1,mol_cd1e13547e8fe175,"InChI=1S/C5H6N2/c1-5-4-6-2-3-7-5/h2-4H,1H3",10.1016/j.fluid.2015.03.033,263.72,353.03,89.31,10,3,3,True,False,False
10.1016/j.fluid.2015.03.033#d2#p1,mol_b44b37c017007981,"InChI=1S/C7H8/c1-7-5-3-2-4-6-7/h2-6H,1H3",10.1016/j.fluid.2015.03.033,263.64,333.2,69.56,9,3,3,True,True,False
10.1016/j.fluid.2015.03.033#d3#p1,mol_538c4f0d7c4ce97e,"InChI=1S/C7H16/c1-3-5-7-6-4-2/h3-7H2,1-2H3",10.1016/j.fluid.2015.03.033,263.45,323.1,59.65,7,2,2,False,False,False
10.1016/j.fluid.2015.03.033#d4#p1,mol_e983a25bd52a944d,InChI=1S/C6H12/c1-2-4-6-5-3-1/h1-6H2,10.1016/j.fluid.2015.03.033,283.32,303.27,19.95,5,2,2,False,False,False
10.1016/j.fluid.2015.03.038#d1#p1,mol_57ae3fd1e1d200c6,"InChI=1S/C3H8O3/c4-1-3(6)2-5/h3-6H,1-2H2",10.1016/j.fluid.2015.03.038,335.14,436.12,100.98,49,13,19,True,True,False
10.1016/j.fluid.2015.03.038#d2#p1,mol_57ae3fd1e1d200c6,"InChI=1S/C3H8O3/c4-1-3(6)2-5/h3-6H,1-2H2",10.1016/j.fluid.2015.03.038,338.2,370.3,32.1,10,3,3,True,False,False
10.1016/j.fluid.2015.04.031#d2#p1,mol_ca0440f5ec95bc5f,InChI=1S/C4H4S/c1-2-4-5-3-1/h1-4H,10.1016/j.fluid.2015.04.031,293.15,313.15,20,5,2,2,False,False,False
10.1016/j.fluid.2015.04.031#d4#p1,mol_62b1e6f80fd72085,InChI=1S/C5H5N/c1-2-4-6-5-3-1/h1-5H,10.1016/j.fluid.2015.04.031,293.15,313.15,20,5,2,2,False,False,False
10.1016/j.fluid.2015.05.026#d3#p1,mol_27b75bf766b45709,"InChI=1S/C6H12O/c1-2-3-4-5-6-7/h3-4,7H,2,5-6H2,1H3/b4-3-",10.1016/j.fluid.2015.05.026,253.15,308.15,55,12,4,4,True,False,False
10.1016/j.fluid.2015.05.026#d5#p1,mol_19e2c18c29f1a863,"InChI=1S/C6H12O/c1-2-3-4-5-6-7/h4-5,7H,2-3,6H2,1H3/b5-4+",10.1016/j.fluid.2015.05.026,253.15,308.15,55,13,4,4,True,False,False
10.1016/j.fluid.2015.05.026#d7#p1,mol_b8293313f61ea38f,"InChI=1S/C6H14O/c1-2-3-4-5-6-7/h7H,2-6H2,1H3",10.1016/j.fluid.2015.05.026,253.15,308.15,55,13,4,4,True,False,False
10.1016/j.fluid.2015.06.045#d2#p1,mol_496a55139eacec75,"InChI=1S/C5H9NO/c1-6-4-2-3-5(6)7/h2-4H2,1H3",10.1016/j.fluid.2015.06.045,273.65,308.16,34.51,8,3,3,True,True,False
10.1016/j.fluid.2015.07.031#d1#p1,mol_b50c26b7ff7d996c,"InChI=1S/C10H18O/c1-9(2)5-4-6-10(3)7-8-11/h5,7,11H,4,6,8H2,1-3H3/b10-7+",10.1016/j.fluid.2015.07.031,293.14,362.93,69.79,15,5,5,True,True,False
10.1016/j.fluid.2015.07.031#d5#p1,mol_1ca87a53bf4e35a9,"InChI=1S/C10H20O/c1-9(2)5-4-6-10(3)7-8-11/h5,10-11H,4,6-8H2,1-3H3/t10-/m0/s1",10.1016/j.fluid.2015.07.031,293.16,362.975,69.815,15,5,5,True,True,False
10.1016/j.fluid.2015.07.049#d1#p1,mol_435971c8aa9ce0da,"InChI=1S/C5H12O/c1-2-3-4-5-6/h6H,2-5H2,1H3",10.1016/j.fluid.2015.07.049,313.15,313.15,0,1,1,1,False,False,False
10.1016/j.fluid.2015.07.049#d2#p1,mol_d395bc83f11503fd,"InChI=1S/C8H18/c1-7(2)6-8(3,4)5/h7H,6H2,1-5H3",10.1016/j.fluid.2015.07.049,313.15,313.15,0,1,1,1,False,False,False
10.1016/j.fluid.2015.07.049#d3#p1,mol_538c4f0d7c4ce97e,"InChI=1S/C7H16/c1-3-5-7-6-4-2/h3-7H2,1-2H3",10.1016/j.fluid.2015.07.049,313.15,313.15,0,1,1,1,False,False,False
10.1016/j.fluid.2015.07.054#d1#p1,mol_517756553f493ba0,"InChI=1S/C8F18/c9-1(10,3(13,14)5(17,18)7(21,22)23)2(11,12)4(15,16)6(19,20)8(24,25)26",10.1016/j.fluid.2015.07.054,312.78,332.87,20.09,3,1,1,False,False,False
10.1016/j.fluid.2015.09.031#d1#p1,mol_538c4f0d7c4ce97e,"InChI=1S/C7H16/c1-3-5-7-6-4-2/h3-7H2,1-2H3",10.1016/j.fluid.2015.09.031,288.15,308.15,20,3,1,1,False,False,False
10.1016/j.fluid.2015.09.031#d2#p1,mol_d2d85289da26a082,"InChI=1S/C4H9Cl/c1-2-3-4-5/h2-4H2,1H3",10.1016/j.fluid.2015.09.031,288.15,298.15,10,2,1,1,False,False,False
10.1016/j.fluid.2015.09.031#d4#p1,mol_8411a1787a17bdb0,"InChI=1S/C4H9Cl/c1-4(2)3-5/h4H,3H2,1-2H3",10.1016/j.fluid.2015.09.031,288.15,288.15,0,1,1,1,False,False,False
10.1016/j.fluid.2016.05.031#d1#p1,mol_435971c8aa9ce0da,"InChI=1S/C5H12O/c1-2-3-4-5-6/h6H,2-5H2,1H3",10.1016/j.fluid.2016.05.031,313.15,313.15,0,1,1,1,False,False,False
10.1016/j.fluid.2016.05.032#d1#p1,mol_b44b37c017007981,"InChI=1S/C7H8/c1-7-5-3-2-4-6-7/h2-6H,1H3",10.1016/j.fluid.2016.05.032,315.15,330.15,15,4,1,1,False,False,False
10.1016/j.fluid.2016.05.032#d2#p1,mol_b94bab3d5b62c755,"InChI=1S/C8H10/c1-2-8-6-4-3-5-7-8/h3-7H,2H2,1H3",10.1016/j.fluid.2016.05.032,320.15,344.15,24,5,2,2,False,False,False
10.1016/j.fluid.2016.05.032#d3#p1,mol_af4829eb52c939fe,"InChI=1S/C8H10/c1-7-5-3-4-6-8(7)2/h3-6H,1-2H3",10.1016/j.fluid.2016.05.032,345.15,365.15,20,5,2,2,False,False,False
10.1016/j.fluid.2016.05.032#d4#p1,mol_d40206d67276aa8c,"InChI=1S/C8H10/c1-7-4-3-5-8(2)6-7/h3-6H,1-2H3",10.1016/j.fluid.2016.05.032,345.15,360.15,15,4,1,1,False,False,False
10.1016/j.fluid.2016.05.032#d5#p1,mol_eb0e7cd1593e34a5,"InChI=1S/C8H10/c1-7-3-5-8(2)6-4-7/h3-6H,1-2H3",10.1016/j.fluid.2016.05.032,345.15,355.15,10,3,1,1,False,False,False
10.1016/j.fluid.2016.06.011#d11#p1,mol_5fdb3f96e8ca0576,"InChI=1S/C6H3F11O/c7-2(8,1-18)3(9,10)4(11,12)5(13,14)6(15,16)17/h18H,1H2",10.1016/j.fluid.2016.06.011,278.14,327.93,49.79,11,4,3,True,False,False
10.1016/j.fluid.2016.06.011#d2#p1,mol_acef905809579ef0,"InChI=1S/C3H3F5O/c4-2(5,1-9)3(6,7)8/h9H,1H2",10.1016/j.fluid.2016.06.011,298.08,317.98,19.9,5,2,2,False,False,False
10.1016/j.fluid.2016.06.011#d5#p1,mol_4f518c4827747974,"InChI=1S/C4H3F7O/c5-2(6,1-12)3(7,8)4(9,10)11/h12H,1H2",10.1016/j.fluid.2016.06.011,278.14,327.91,49.77,11,4,3,True,False,False
10.1016/j.fluid.2016.06.011#d8#p1,mol_7a16410ce17aa41e,"InChI=1S/C5H3F9O/c6-2(7,1-15)3(8,9)4(10,11)5(12,13)14/h15H,1H2",10.1016/j.fluid.2016.06.011,278.14,327.95,49.81,11,4,4,True,False,False
10.1016/j.fluid.2016.07.018#d1#p1,mol_1573cefc1a63cc61,"InChI=1S/C16H22O4/c1-3-5-11-19-15(17)13-9-7-8-10-14(13)16(18)20-12-6-4-2/h7-10H,3-6,11-12H2,1-2H3",10.1016/j.fluid.2016.07.018,353.15,423.15,70,4,1,2,False,False,False
10.1016/j.fluid.2016.07.018#d2#p1,mol_1573cefc1a63cc61,"InChI=1S/C16H22O4/c1-3-5-11-19-15(17)13-9-7-8-10-14(13)16(18)20-12-6-4-2/h7-10H,3-6,11-12H2,1-2H3",10.1016/j.fluid.2016.07.018,381.51,421.43,39.92,5,2,2,False,False,False
10.1016/j.fluid.2016.07.018#d3#p1,mol_f2882b3afe2d7bc5,"InChI=1S/C16H22O4/c1-11(2)9-19-15(17)13-7-5-6-8-14(13)16(18)20-10-12(3)4/h5-8,11-12H,9-10H2,1-4H3",10.1016/j.fluid.2016.07.018,353.15,423.15,70,4,1,2,False,False,False
10.1016/j.fluid.2016.08.022#d7#p1,mol_b4b87befe28d84ce,"InChI=1S/C2H6O/c1-2-3/h3H,2H2,1H3",10.1016/j.fluid.2016.08.022,293.15,313.15,20,2,1,1,False,False,False
10.1016/j.fluid.2016.10.026#d7#p1,mol_bb3f5c184978bf9a,"InChI=1S/C6H6OS/c1-5(7)6-3-2-4-8-6/h2-4H,1H3",10.1016/j.fluid.2016.10.026,336.16,426.08,89.92,20,7,7,True,False,False
10.1016/j.fluid.2016.11.010#d1#p1,mol_354c60c5de252d85,InChI=1S/C9H8N2/c1-2-4-9(5-3-1)11-7-6-10-8-11/h1-8H,10.1016/j.fluid.2016.11.010,308.6,353.1,44.5,11,3,4,True,False,False
10.1016/j.fluid.2016.11.010#d11#p1,mol_3a6d9e06d6ef72e0,InChI=1S/C9H7BrN2/c10-8-1-3-9(4-2-8)12-6-5-11-7-12/h1-7H,10.1016/j.fluid.2016.11.010,353,374.1,21.1,5,2,2,False,False,False
10.1016/j.fluid.2016.11.010#d2#p1,mol_28ddefda28499c0d,"InChI=1S/C10H10N2/c1-9-4-2-3-5-10(9)12-7-6-11-8-12/h2-8H,1H3",10.1016/j.fluid.2016.11.010,313.3,363,49.7,11,4,4,True,False,False
10.1016/j.fluid.2016.11.010#d3#p1,mol_bf3cc1ac0f518a48,"InChI=1S/C10H10N2/c1-9-2-4-10(5-3-9)12-7-6-11-8-12/h2-8H,1H3",10.1016/j.fluid.2016.11.010,328.3,375.3,47,11,3,4,True,False,False
10.1016/j.fluid.2016.11.010#d4#p1,mol_410fce458a7b4dd1,"InChI=1S/C10H10N2O/c1-13-10-5-3-2-4-9(10)12-7-6-11-8-12/h2-8H,1H3",10.1016/j.fluid.2016.11.010,338.3,374.2,35.9,8,2,3,False,False,False
10.1016/j.fluid.2016.11.010#d5#p1,mol_b738770f7cbefb6e,"InChI=1S/C10H10N2O/c1-13-10-4-2-9(3-5-10)12-7-6-11-8-12/h2-8H,1H3",10.1016/j.fluid.2016.11.010,343.3,373.2,29.9,7,2,2,False,False,False
10.1016/j.fluid.2016.11.010#d6#p1,mol_917a799c2b100236,InChI=1S/C9H7FN2/c10-8-3-1-2-4-9(8)12-6-5-11-7-12/h1-7H,10.1016/j.fluid.2016.11.010,323.2,367.9,44.7,10,3,3,True,False,False
10.1016/j.fluid.2016.11.010#d7#p1,mol_da793f715fcaa89e,InChI=1S/C9H7BrN2/c10-8-3-1-2-4-9(8)12-6-5-11-7-12/h1-7H,10.1016/j.fluid.2016.11.010,343.2,374,30.8,7,2,2,False,False,False
10.1016/j.fluid.2016.11.010#d8#p1,mol_4efd3132e13aacfa,InChI=1S/C9H7FN2/c10-8-1-3-9(4-2-8)12-6-5-11-7-12/h1-7H,10.1016/j.fluid.2016.11.010,313,373.1,60.1,16,4,4,True,False,False
10.1016/j.fluid.2017.04.014#d1#p1,mol_896a74ad0b2a7fde,"InChI=1S/C5H12O/c1-5(2,3)6-4/h1-4H3",10.1016/j.fluid.2017.04.014,283.6,283.6,0,1,1,1,False,False,False
10.1016/j.fluid.2017.04.014#d2#p1,mol_d395bc83f11503fd,"InChI=1S/C8H18/c1-7(2)6-8(3,4)5/h7H,6H2,1-5H3",10.1016/j.fluid.2017.04.014,283.6,323,39.4,9,3,3,True,True,False
10.1016/j.fluid.2017.04.014#d3#p1,mol_b4b87befe28d84ce,"InChI=1S/C2H6O/c1-2-3/h3H,2H2,1H3",10.1016/j.fluid.2017.04.014,278.6,313.1,34.5,7,3,2,True,False,False
10.1016/j.fluid.2017.04.014#d4#p1,mol_b44b37c017007981,"InChI=1S/C7H8/c1-7-5-3-2-4-6-7/h2-6H,1H3",10.1016/j.fluid.2017.04.014,278.7,332.8,54.1,12,4,4,True,False,False
10.1016/j.fluid.2017.12.011#d2#p1,mol_e8dbf1b8cefa4caf,"InChI=1S/C7H8O/c1-6-4-2-3-5-7(6)8/h2-5,8H,1H3",10.1016/j.fluid.2017.12.011,411.26,411.26,0,1,1,1,False,False,False
10.1016/j.fluid.2017.12.011#d4#p1,mol_b9cfbb8959e61e2d,"InChI=1S/C7H8O/c1-6-3-2-4-7(8)5-6/h2-5,8H,1H3",10.1016/j.fluid.2017.12.011,422.16,422.28,0.12,2,1,1,False,False,False
10.1016/j.fluid.2017.12.011#d6#p1,mol_efba6971b29362ed,"InChI=1S/C8H10O/c1-6-4-3-5-7(2)8(6)9/h3-5,9H,1-2H3",10.1016/j.fluid.2017.12.011,418.11,418.11,0,1,1,1,False,False,False
10.1016/j.fluid.2017.12.031#d1#p1,mol_435971c8aa9ce0da,"InChI=1S/C5H12O/c1-2-3-4-5-6/h6H,2-5H2,1H3",10.1016/j.fluid.2017.12.031,313.15,313.15,0,1,1,1,False,False,False
10.1016/j.fluid.2017.12.031#d4#p1,mol_3147d9e632f76065,"InChI=1S/C9H12/c1-7-4-5-8(2)9(3)6-7/h4-6H,1-3H3",10.1016/j.fluid.2017.12.031,313.15,313.15,0,1,1,1,False,False,False
10.1016/j.fluid.2018.01.018#d1#p1,mol_c8b4e8db702910c7,"InChI=1S/C12H20O6/c1-5-12(6-16-9(2)13,7-17-10(3)14)8-18-11(4)15/h5-8H2,1-4H3",10.1016/j.fluid.2018.01.018,329.6,344.6,15,11,4,3,False,False,False
10.1016/j.fluid.2018.01.018#d5#p1,mol_e2b503b1d0ef1beb,"InChI=1S/C18H32O6/c1-8-18(9-22-15(19)12(2)3,10-23-16(20)13(4)5)11-24-17(21)14(6)7/h12-14H,8-11H2,1-7H3",10.1016/j.fluid.2018.01.018,348.5,363.2,14.7,7,2,2,False,False,False
10.1016/j.fluid.2018.01.018#d7#p1,mol_0b66aee0e26773a5,"InChI=1S/C21H38O6/c1-11-21(12-25-15(22)18(2,3)4,13-26-16(23)19(5,6)7)14-27-17(24)20(8,9)10/h11-14H2,1-10H3",10.1016/j.fluid.2018.01.018,354.3,354.3,0,1,1,1,False,False,False
10.1016/j.fluid.2018.04.009#d2#p1,mol_e36df2c2d963afd3,"InChI=1S/C4H8O/c1-3-4(2)5/h3H2,1-2H3",10.1016/j.fluid.2018.04.009,283.7,303.1,19.4,3,1,1,False,False,False
10.1016/j.fluid.2018.04.009#d4#p1,mol_e983a25bd52a944d,InChI=1S/C6H12/c1-2-4-6-5-3-1/h1-6H2,10.1016/j.fluid.2018.04.009,283.8,303.1,19.3,3,1,1,False,False,False
10.1016/j.fluid.2018.04.009#d6#p1,mol_538c4f0d7c4ce97e,"InChI=1S/C7H16/c1-3-5-7-6-4-2/h3-7H2,1-2H3",10.1016/j.fluid.2018.04.009,283.7,323,39.3,5,2,2,False,False,False
10.1016/j.fluid.2018.04.009#d8#p1,mol_d256cec7b59305ff,InChI=1S/C4H8O/c1-2-4-5-3-1/h1-4H2,10.1016/j.fluid.2018.04.009,283.7,293.5,9.8,2,1,1,False,False,False
10.1016/j.fluid.2018.05.032#d1#p1,mol_32d4a096496c381d,"InChI=1S/C6H15NO/c1-3-7(4-2)5-6-8/h8H,3-6H2,1-2H3",10.1016/j.fluid.2018.05.032,273.64,308.15,34.51,8,3,3,True,False,False
10.1016/j.fluid.2018.05.032#d12#p1,mol_9eafc8e78e05bf3c,"InChI=1S/C5H13NO/c1-5(2)6-3-4-7/h5-7H,3-4H2,1-2H3",10.1016/j.fluid.2018.05.032,293.14,342.94,49.8,12,3,4,True,True,False
10.1016/j.fluid.2018.05.032#d6#p1,mol_d978c547652ea745,"InChI=1S/C4H11NO/c1-2-5-3-4-6/h5-6H,2-4H2,1H3",10.1016/j.fluid.2018.05.032,268.14,308.14,40,9,3,3,True,False,False
10.1016/j.fluid.2018.12.005#d11#p1,mol_517756553f493ba0,"InChI=1S/C8F18/c9-1(10,3(13,14)5(17,18)7(21,22)23)2(11,12)4(15,16)6(19,20)8(24,25)26",10.1016/j.fluid.2018.12.005,283.15,323.16,40.01,5,2,2,False,False,False
10.1016/j.fluid.2018.12.005#d5#p1,mol_3ead941b0482ece6,"InChI=1S/C6F14/c7-1(8,3(11,12)5(15,16)17)2(9,10)4(13,14)6(18,19)20",10.1016/j.fluid.2018.12.005,283.14,283.14,0,1,1,1,False,False,False
10.1016/j.fluid.2018.12.005#d8#p1,mol_3ead941b0482ece6,"InChI=1S/C6F14/c7-1(8,3(11,12)5(15,16)17)2(9,10)4(13,14)6(18,19)20",10.1016/j.fluid.2018.12.005,283.16,283.16,0,1,1,1,False,False,False
10.1016/j.fluid.2019.03.004#d1#p1,mol_4cc1546235d77149,"InChI=1S/C10H12O/c1-3-4-9-5-7-10(11-2)8-6-9/h3-8H,1-2H3/b4-3+",10.1016/j.fluid.2019.03.004,296.5,333.4,36.9,14,5,3,True,False,False
10.1016/j.fluid.2019.03.004#d2#p1,mol_5b654c20d8dff507,"InChI=1S/C10H12O/c1-3-4-9-5-7-10(11-2)8-6-9/h3,5-8H,1,4H2,2H3",10.1016/j.fluid.2019.03.004,279.1,323.2,44.1,10,3,3,True,False,False
10.1016/j.fluid.2019.03.004#d3#p1,mol_e7c5258b801f1038,"InChI=1S/C10H12O2/c1-3-4-8-5-6-9(11)10(7-8)12-2/h3,5-7,11H,1,4H2,2H3",10.1016/j.fluid.2019.03.004,293.9,343.5,49.6,11,3,4,True,False,False
10.1016/j.fluid.2019.03.004#d4#p1,mol_d55f9f8651b87aeb,"InChI=1S/C10H12O2/c1-3-4-8-5-6-9(11)10(7-8)12-2/h3-7,11H,1-2H3/b4-3+",10.1016/j.fluid.2019.03.004,313.2,358.1,44.9,20,6,7,True,False,False
10.1016/j.fluid.2019.04.036#d1#p1,mol_7f19e9b39a1de529,"InChI=1S/C3H7NO/c1-4(2)3-5/h3H,1-2H3",10.1016/j.fluid.2019.04.036,276.3,305.2,28.9,12,3,4,False,False,False
10.1016/j.fluid.2019.04.036#d2#p1,mol_b9700272231de061,"InChI=1S/C5H11NO/c1-3-6(4-2)5-7/h5H,3-4H2,1-2H3",10.1016/j.fluid.2019.04.036,288.8,356.1,67.3,20,6,7,True,False,False
10.1016/j.fluid.2019.04.036#d3#p1,mol_f7ad98ebbc8da43b,"InChI=1S/C7H15NO/c1-3-5-8(7-9)6-4-2/h7H,3-6H2,1-2H3",10.1016/j.fluid.2019.04.036,278.5,319.4,40.9,25,9,6,True,False,False
10.1016/j.fluid.2019.04.036#d4#p1,mol_b556abff79f787db,"InChI=1S/C9H19NO/c1-3-5-7-10(9-11)8-6-4-2/h9H,3-8H2,1-2H3",10.1016/j.fluid.2019.04.036,293.1,329.6,36.5,25,6,7,True,False,False
10.1016/j.fluid.2019.04.036#d5#p1,mol_b556abff79f787db,"InChI=1S/C9H19NO/c1-3-5-7-10(9-11)8-6-4-2/h9H,3-8H2,1-2H3",10.1016/j.fluid.2019.04.036,299.3,334.7,35.4,8,3,3,True,False,False
10.1016/j.fluid.2019.112241#d1#p1,mol_f5b1d62bafd7f460,InChI=1S/C4H9NO/c1-4(6)5(2)3/h1-3H3,10.1016/j.fluid.2019.112241,276.5,328.3,51.8,27,8,9,True,True,False
10.1016/j.fluid.2019.112241#d2#p1,mol_f5b1d62bafd7f460,InChI=1S/C4H9NO/c1-4(6)5(2)3/h1-3H3,10.1016/j.fluid.2019.112241,273.3,305.2,31.9,9,3,3,True,False,False
10.1016/j.fluid.2019.112241#d3#p1,mol_f5b1d62bafd7f460,InChI=1S/C4H9NO/c1-4(6)5(2)3/h1-3H3,10.1016/j.fluid.2019.112241,273.3,304.7,31.4,22,7,8,True,False,False
10.1016/j.fluid.2019.112241#d4#p1,mol_038035dca3f815f6,"InChI=1S/C6H13NO/c1-4-7(5-2)6(3)8/h4-5H2,1-3H3",10.1016/j.fluid.2019.112241,293.2,333.1,39.9,14,5,5,True,False,False
10.1016/j.fluid.2019.112241#d5#p1,mol_038035dca3f815f6,"InChI=1S/C6H13NO/c1-4-7(5-2)6(3)8/h4-5H2,1-3H3",10.1016/j.fluid.2019.112241,308.2,338.3,30.1,8,3,2,True,False,False
10.1016/j.fluid.2019.112241#d6#p1,mol_0d35fd4ce34a5a65,"InChI=1S/C10H21NO/c1-4-6-8-11(10(3)12)9-7-5-2/h4-9H2,1-3H3",10.1016/j.fluid.2019.112241,291.8,343.6,51.8,24,7,6,True,False,False
10.1016/j.fluid.2019.112241#d7#p1,mol_8576484ee77b5757,"InChI=1S/C14H29NO/c1-4-6-8-10-12-15(14(3)16)13-11-9-7-5-2/h4-13H2,1-3H3",10.1016/j.fluid.2019.112241,331.5,364.2,32.7,14,5,4,True,True,False
10.1016/j.fluid.2019.112248#d10#p1,mol_e7c5258b801f1038,"InChI=1S/C10H12O2/c1-3-4-8-5-6-9(11)10(7-8)12-2/h3,5-7,11H,1,4H2,2H3",10.1016/j.fluid.2019.112248,293.2,308.205,15.005,4,1,1,False,True,False
10.1016/j.fluid.2019.112248#d4#p1,mol_c6ba72cee89a72d7,"InChI=1S/C10H14O/c1-7(2)9-5-4-8(3)10(11)6-9/h4,9H,1,5-6H2,2-3H3/t9-/m0/s1",10.1016/j.fluid.2019.112248,273.19,308.21,35.02,9,3,4,True,False,False
10.1016/j.jct.2003.09.009#d1#p1,mol_d2d85289da26a082,"InChI=1S/C4H9Cl/c1-2-3-4-5/h2-4H2,1H3",10.1016/j.jct.2003.09.009,278.15,303.15,25,6,2,2,False,False,False
10.1016/j.jct.2003.09.009#d2#p1,mol_a39fe39f3d910b4e,"InChI=1S/C8H18O/c1-2-3-4-5-6-7-8-9/h9H,2-8H2,1H3",10.1016/j.jct.2003.09.009,293.15,323.15,30,7,2,2,False,False,False
10.1016/j.jct.2003.09.009#d3#p1,mol_2e538f5e181d5946,"InChI=1S/C10H22O/c1-2-3-4-5-6-7-8-9-10-11/h11H,2-10H2,1H3",10.1016/j.jct.2003.09.009,313.15,323.15,10,3,1,1,False,False,False
10.1016/j.jct.2003.11.012#d19#p1,mol_ca3b44ec05c07486,"InChI=1S/C12H22S/c1-3-7-11(8-4-1)13-12-9-5-2-6-10-12/h11-12H,1-10H2",10.1016/j.jct.2003.11.012,334.984,429.965,94.981,12,5,3,True,False,False
10.1016/j.jct.2003.12.012#d10#p1,mol_b0b231c8f928cfec,"InChI=1S/C12H12S/c1-3-7-11-9(5-1)10-6-2-4-8-12(10)13-11/h1,3,5,7H,2,4,6,8H2",10.1016/j.jct.2003.12.012,359.977,459.961,99.984,12,4,4,True,False,False
10.1016/j.jct.2003.12.012#d11#p1,mol_b0b231c8f928cfec,"InChI=1S/C12H12S/c1-3-7-11-9(5-1)10-6-2-4-8-12(10)13-11/h1,3,5,7H,2,4,6,8H2",10.1016/j.jct.2003.12.012,450.48,491.016,40.536,4,1,1,False,False,False
10.1016/j.jct.2004.01.001#d1#p1,mol_670136e04246f1d5,"InChI=1S/C4H10O/c1-2-3-4-5/h5H,2-4H2,1H3",10.1016/j.jct.2004.01.001,308.15,308.15,0,1,1,1,False,False,False
10.1016/j.jct.2004.01.001#d10#p1,mol_af4829eb52c939fe,"InChI=1S/C8H10/c1-7-5-3-4-6-8(7)2/h3-6H,1-2H3",10.1016/j.jct.2004.01.001,298.15,298.15,0,1,1,1,False,False,False
10.1016/j.jct.2004.01.001#d13#p1,mol_d40206d67276aa8c,"InChI=1S/C8H10/c1-7-4-3-5-8(2)6-7/h3-6H,1-2H3",10.1016/j.jct.2004.01.001,298.15,298.15,0,1,1,1,False,False,False
10.1016/j.jct.2004.01.001#d16#p1,mol_eb0e7cd1593e34a5,"InChI=1S/C8H10/c1-7-3-5-8(2)6-4-7/h3-6H,1-2H3",10.1016/j.jct.2004.01.001,298.15,298.15,0,1,1,1,False,False,False
10.1016/j.jct.2004.01.001#d4#p1,mol_b1820f534fb61402,InChI=1S/C6H6/c1-2-4-6-5-3-1/h1-6H,10.1016/j.jct.2004.01.001,298.15,298.15,0,1,1,1,False,False,False
10.1016/j.jct.2004.01.001#d7#p1,mol_b44b37c017007981,"InChI=1S/C7H8/c1-7-5-3-2-4-6-7/h2-6H,1H3",10.1016/j.jct.2004.01.001,298.15,298.15,0,1,1,1,False,False,False
10.1016/j.jct.2004.04.003#d21#p1,mol_59bf6cf18de458e3,"InChI=1S/C10H18/c1-2-6-9(5-1)10-7-3-4-8-10/h9-10H,1-8H2",10.1016/j.jct.2004.04.003,383.997,405.0275,21.0305,7,2,2,False,False,False
10.1016/j.jct.2004.07.014#d1#p1,mol_f485c31dbb304f3b,InChI=1S/C2H3N/c1-2-3/h1H3,10.1016/j.jct.2004.07.014,305.51,305.51,0,1,1,1,False,False,False
10.1016/j.jct.2004.07.023#d3#p1,mol_ecea6633cd348403,"InChI=1S/C7H16O3/c1-4-8-7(9-5-2)10-6-3/h7H,4-6H2,1-3H3",10.1016/j.jct.2004.07.023,329.02,370.08,41.06,6,4,1,False,True,False
10.1016/j.jct.2004.07.023#d6#p1,mol_1e9d2e26a6ddc23d,"InChI=1S/C7H12O4/c1-3-10-6(8)5-7(9)11-4-2/h3-5H2,1-2H3",10.1016/j.jct.2004.07.023,373.15,409.56,36.41,4,1,2,False,False,False
10.1016/j.jct.2004.07.025#d1#p1,mol_d4445907461eb33b,"InChI=1S/C12H14O4/c1-3-15-11(13)9-7-5-6-8-10(9)12(14)16-4-2/h5-8H,3-4H2,1-2H3",10.1016/j.jct.2004.07.025,323.04,343.7,20.66,8,3,3,False,True,False
10.1016/j.jct.2004.07.025#d2#p1,mol_d4445907461eb33b,"InChI=1S/C12H14O4/c1-3-15-11(13)9-7-5-6-8-10(9)12(14)16-4-2/h5-8H,3-4H2,1-2H3",10.1016/j.jct.2004.07.025,335.06,424.075,89.015,13,5,3,True,True,False
10.1016/j.jct.2004.07.025#d3#p1,mol_d4445907461eb33b,"InChI=1S/C12H14O4/c1-3-15-11(13)9-7-5-6-8-10(9)12(14)16-4-2/h5-8H,3-4H2,1-2H3",10.1016/j.jct.2004.07.025,479.25,494.93,15.68,3,1,1,False,False,False
10.1016/j.jct.2004.08.004#d1#p1,mol_581ae09a60a3f350,"InChI=1S/C7H13N/c1-2-3-4-5-6-7-8/h2-6H2,1H3",10.1016/j.jct.2004.08.004,280.2,307.2,27,10,3,3,False,False,False
10.1016/j.jct.2004.08.004#d10#p1,mol_219e62ce59668eec,"InChI=1S/C17H33N/c1-2-3-4-5-6-7-8-9-10-11-12-13-14-15-16-17-18/h2-16H2,1H3",10.1016/j.jct.2004.08.004,357.2,385.2,28,10,3,3,False,False,False
10.1016/j.jct.2004.08.004#d11#p1,mol_3399c27a16597145,"InChI=1S/C16H31N/c1-2-3-4-5-6-7-8-9-10-11-12-13-14-15-16-17/h2-15H2,1H3",10.1016/j.jct.2004.08.004,348.1,382.2,34.1,12,4,4,True,False,False
10.1016/j.jct.2004.08.004#d2#p1,mol_ea37acee7bc3d9f6,"InChI=1S/C8H15N/c1-2-3-4-5-6-7-8-9/h2-7H2,1H3",10.1016/j.jct.2004.08.004,283.2,310.2,27,10,3,3,False,False,False
10.1016/j.jct.2004.08.004#d3#p1,mol_22159cf19c24ba5e,"InChI=1S/C9H17N/c1-2-3-4-5-6-7-8-9-10/h2-8H2,1H3",10.1016/j.jct.2004.08.004,285.2,323.2,38,23,5,8,True,False,False
10.1016/j.jct.2004.08.004#d4#p1,mol_58541feb3e3ef432,"InChI=1S/C10H19N/c1-2-3-4-5-6-7-8-9-10-11/h2-9H2,1H3",10.1016/j.jct.2004.08.004,295.2,326.3,31.1,12,3,3,True,False,False
10.1016/j.jct.2004.08.004#d5#p1,mol_c1c12a449ac15fd2,"InChI=1S/C11H21N/c1-2-3-4-5-6-7-8-9-10-11-12/h2-10H2,1H3",10.1016/j.jct.2004.08.004,298.2,340.3,42.1,17,6,5,True,True,False
10.1016/j.jct.2004.08.004#d6#p1,mol_f23ee274fe9afdfa,"InChI=1S/C12H23N/c1-2-3-4-5-6-7-8-9-10-11-12-13/h2-11H2,1H3",10.1016/j.jct.2004.08.004,306.1,367.1,61,21,7,6,True,False,False
10.1016/j.jct.2004.08.004#d7#p1,mol_b29c79d05f29858b,"InChI=1S/C13H25N/c1-2-3-4-5-6-7-8-9-10-11-12-13-14/h2-12H2,1H3",10.1016/j.jct.2004.08.004,318.1,363.2,45.1,15,5,4,True,False,False
10.1016/j.jct.2004.08.004#d8#p1,mol_30519df461efd318,"InChI=1S/C14H27N/c1-2-3-4-5-6-7-8-9-10-11-12-13-14-15/h2-13H2,1H3",10.1016/j.jct.2004.08.004,327.2,369.2,42,15,5,5,True,False,False
10.1016/j.jct.2004.08.004#d9#p1,mol_9edff65ca060e7d5,"InChI=1S/C15H29N/c1-2-3-4-5-6-7-8-9-10-11-12-13-14-15-16/h2-14H2,1H3",10.1016/j.jct.2004.08.004,336.2,372.1,35.9,13,4,4,True,False,False
10.1016/j.jct.2004.09.015#d1#p1,mol_f5b1d62bafd7f460,InChI=1S/C4H9NO/c1-4(6)5(2)3/h1-3H3,10.1016/j.jct.2004.09.015,323.15,383.15,60,7,2,2,False,False,False
10.1016/j.jct.2004.11.007#d3#p1,mol_496a55139eacec75,"InChI=1S/C5H9NO/c1-6-4-2-3-5(6)7/h2-4H2,1H3",10.1016/j.jct.2004.11.007,333.15,373.15,40,2,1,1,False,False,False
10.1016/j.jct.2005.03.004#d1#p1,mol_6dc54388549b234e,"InChI=1S/CH4O/c1-2/h2H,1H3",10.1016/j.jct.2005.03.004,298.15,298.15,0,1,1,1,False,False,False
10.1016/j.jct.2005.06.003#d1#p1,mol_d256cec7b59305ff,InChI=1S/C4H8O/c1-2-4-5-3-1/h1-4H2,10.1016/j.jct.2005.06.003,283.15,293.15,10,3,1,1,False,False,False
10.1016/j.jct.2005.06.003#d2#p1,mol_69df6d03bf2d6749,InChI=1S/C2H2Cl4/c3-1(4)2(5)6/h1-2H,10.1016/j.jct.2005.06.003,283.15,323.15,40,9,3,3,True,False,False
10.1016/j.jct.2005.06.003#d3#p1,mol_520d932204fca4b7,InChI=1S/C2Cl4/c3-1(4)2(5)6,10.1016/j.jct.2005.06.003,283.15,323.15,40,9,3,3,True,False,False
10.1016/j.jct.2005.07.004#d3#p1,mol_670136e04246f1d5,"InChI=1S/C4H10O/c1-2-3-4-5/h5H,2-4H2,1H3",10.1016/j.jct.2005.07.004,313.15,313.15,0,1,1,1,False,False,False
10.1016/j.jct.2005.07.015#d1#p1,mol_b4b87befe28d84ce,"InChI=1S/C2H6O/c1-2-3/h3H,2H2,1H3",10.1016/j.jct.2005.07.015,298.15,313.15,15,4,1,1,False,False,False
10.1016/j.jct.2005.07.016#d2#p1,mol_8c26cc46761de673,InChI=1S/C5H8O/c6-5-3-1-2-4-5/h1-4H2,10.1016/j.jct.2005.07.016,291.95,316.75,24.8,10,3,4,False,False,False
10.1016/j.jct.2005.07.016#d4#p1,mol_77bbf943053f2531,InChI=1S/C2H4Cl2/c3-1-2-4/h1-2H2,10.1016/j.jct.2005.07.016,292.85,309.95,17.1,8,3,2,False,False,False
10.1016/j.jct.2005.07.016#d6#p1,mol_f45d44d06aa6449e,"InChI=1S/C2H3Cl3/c1-2(3,4)5/h1H3",10.1016/j.jct.2005.07.016,298.15,298.15,0,1,1,1,False,False,False
10.1016/j.jct.2005.08.001#d1#p1,mol_f5b1d62bafd7f460,InChI=1S/C4H9NO/c1-4(6)5(2)3/h1-3H3,10.1016/j.jct.2005.08.001,313.15,313.15,0,1,1,1,False,False,False
10.1016/j.jct.2005.08.001#d4#p1,mol_b4b87befe28d84ce,"InChI=1S/C2H6O/c1-2-3/h3H,2H2,1H3",10.1016/j.jct.2005.08.001,313.15,313.15,0,1,1,1,False,False,False
10.1016/j.jct.2005.08.003#d1#p1,mol_8095247005666df6,"InChI=1S/C8H16O2/c1-3-4-5-6-7-10-8(2)9/h3-7H2,1-2H3",10.1016/j.jct.2005.08.003,274.5,309.1,34.6,13,4,4,True,False,False
10.1016/j.jct.2005.08.003#d2#p1,mol_b1900020b9218f7f,"InChI=1S/C9H18O2/c1-3-4-5-6-7-8-11-9(2)10/h3-8H2,1-2H3",10.1016/j.jct.2005.08.003,274.5,306.1,31.6,12,4,4,True,False,False
10.1016/j.jct.2005.08.003#d3#p1,mol_86789b7323092b84,"InChI=1S/C10H20O2/c1-3-4-5-6-7-8-9-12-10(2)11/h3-9H2,1-2H3",10.1016/j.jct.2005.08.003,274.5,309.2,34.7,12,4,4,True,False,False
10.1016/j.jct.2005.08.003#d4#p1,mol_4199743daa2b7d43,"InChI=1S/C11H22O2/c1-3-4-5-6-7-8-9-10-13-11(2)12/h3-10H2,1-2H3",10.1016/j.jct.2005.08.003,281.8,309.2,27.4,10,3,3,False,False,False
10.1016/j.jct.2005.08.003#d5#p1,mol_4a28f84362f8850d,"InChI=1S/C12H24O2/c1-3-4-5-6-7-8-9-10-11-14-12(2)13/h3-11H2,1-2H3",10.1016/j.jct.2005.08.003,294,321.5,27.5,10,3,3,False,False,False
10.1016/j.jct.2005.08.003#d6#p1,mol_936b68c0e81780ff,"InChI=1S/C13H26O2/c1-3-4-5-6-7-8-9-10-11-12-15-13(2)14/h3-12H2,1-2H3",10.1016/j.jct.2005.08.003,305.2,329.4,24.2,9,3,3,False,False,False
10.1016/j.jct.2005.08.003#d7#p1,mol_ef45e640776b6df4,"InChI=1S/C14H28O2/c1-3-4-5-6-7-8-9-10-11-12-13-16-14(2)15/h3-13H2,1-2H3",10.1016/j.jct.2005.08.003,315.2,333.4,18.2,7,2,2,False,False,False
10.1016/j.jct.2005.08.003#d8#p1,mol_8b35c2231ef8d146,"InChI=1S/C16H32O2/c1-3-4-5-6-7-8-9-10-11-12-13-14-15-18-16(2)17/h3-15H2,1-2H3",10.1016/j.jct.2005.08.003,334.4,340.5,6.1,3,1,1,False,False,False
10.1016/j.jct.2005.11.009#d1#p1,mol_b04b0d4c9f611351,"InChI=1S/C11H16/c1-2-3-5-8-11-9-6-4-7-10-11/h4,6-7,9-10H,2-3,5,8H2,1H3",10.1016/j.jct.2005.11.009,284.5,323.2,38.7,14,4,4,True,True,False
10.1016/j.jct.2005.11.009#d2#p1,mol_ab9c0dd96a4d0ed3,"InChI=1S/C13H20/c1-2-3-4-5-7-10-13-11-8-6-9-12-13/h6,8-9,11-12H,2-5,7,10H2,1H3",10.1016/j.jct.2005.11.009,292.5,353.5,61,24,8,7,True,False,False
10.1016/j.jct.2005.11.009#d3#p1,mol_b5b1e7ca3cf75bf3,"InChI=1S/C16H26/c1-2-3-4-5-6-7-8-10-13-16-14-11-9-12-15-16/h9,11-12,14-15H,2-8,10,13H2,1H3",10.1016/j.jct.2005.11.009,318.2,363.4,45.2,10,3,3,True,False,False
10.1016/j.jct.2005.11.009#d4#p1,mol_919fb7158bc3ca7a,"InChI=1S/C17H28/c1-2-3-4-5-6-7-8-9-11-14-17-15-12-10-13-16-17/h10,12-13,15-16H,2-9,11,14H2,1H3",10.1016/j.jct.2005.11.009,327.3,363.8,36.5,9,3,3,True,False,False
10.1016/j.jct.2006.01.010#d2#p1,mol_8c26cc46761de673,InChI=1S/C5H8O/c6-5-3-1-2-4-5/h1-4H2,10.1016/j.jct.2006.01.010,323.15,353.15,30,4,1,1,False,False,False
10.1016/j.jct.2006.01.010#d4#p1,mol_55b6d752028fb5df,InChI=1S/C6H10O/c7-6-4-2-1-3-5-6/h1-5H2,10.1016/j.jct.2006.01.010,343.15,373.15,30,4,1,1,False,False,False
10.1016/j.jct.2006.01.010#d6#p1,mol_69df6d03bf2d6749,InChI=1S/C2H2Cl4/c3-1(4)2(5)6/h1-2H,10.1016/j.jct.2006.01.010,343.15,363.15,20,3,1,1,False,False,False
10.1016/j.jct.2006.05.007#d2#p1,mol_8505c595a856a598,"InChI=1S/C6H14O/c1-5-7-6(2,3)4/h5H2,1-4H3",10.1016/j.jct.2006.05.007,298.249,298.249,0,1,1,1,False,False,False
10.1016/j.jct.2006.05.007#d3#p1,mol_13ff42623f3cf866,"InChI=1S/C8H18O/c1-7(2)6-9-8(3,4)5/h7H,6H2,1-5H3",10.1016/j.jct.2006.05.007,310.607,333.132,22.525,5,2,2,False,False,False
10.1016/j.jct.2006.06.010#d1#p1,mol_817b4cbdae424a61,InChI=1S/C5H8O2/c6-5-3-1-2-4-7-5/h1-4H2,10.1016/j.jct.2006.06.010,278.4,353.2,74.8,30,10,10,True,True,False
10.1016/j.jct.2006.07.004#d4#p1,mol_301d3a83ae1e6ae0,"InChI=1S/C6H12O/c1-5(2)4-6(3)7/h5H,4H2,1-3H3",10.1016/j.jct.2006.07.004,303.15,303.15,0,1,1,1,False,False,False
10.1016/j.jct.2006.10.007#d18#p1,mol_caae52dfde9f4474,"InChI=1S/C9H20O/c1-3-5-7-9(10)8-6-4-2/h9-10H,3-8H2,1-2H3",10.1016/j.jct.2006.10.007,288.6,334.2,45.6,14,5,3,True,False,False
10.1016/j.jct.2006.10.007#d4#p1,mol_7d3c668ba3d76cd7,"InChI=1S/C7H16O/c1-3-5-7(8)6-4-2/h7-8H,3-6H2,1-2H3",10.1016/j.jct.2006.10.007,275.3,311.2,35.9,13,4,4,True,False,False
10.1016/j.jct.2006.10.012#d11#p1,mol_eb7e3a4f6555939a,"InChI=1S/C11H11N/c1-8-3-6-11-10(7-8)5-4-9(2)12-11/h3-7H,1-2H3",10.1016/j.jct.2006.10.012,336.987,414.963,77.976,11,4,4,True,False,False
10.1016/j.jct.2006.10.012#d12#p1,mol_eb7e3a4f6555939a,"InChI=1S/C11H11N/c1-8-3-6-11-10(7-8)5-4-9(2)12-11/h3-7H,1-2H3",10.1016/j.jct.2006.10.012,411.209,476.574,65.365,8,3,2,True,False,False
10.1016/j.jct.2006.11.012#d3#p1,mol_df510fa609bec4ab,"InChI=1S/C8H5F13/c1-2-3(9,10)4(11,12)5(13,14)6(15,16)7(17,18)8(19,20)21/h2H2,1H3",10.1016/j.jct.2006.11.012,298.31,312.81,14.5,4,1,1,False,True,False
10.1016/j.jct.2007.01.017#d3#p1,mol_71ac04ebc05b85f5,"InChI=1S/C6H13Cl/c1-2-3-4-5-6-7/h2-6H2,1H3",10.1016/j.jct.2007.01.017,313.15,313.15,0,1,1,1,False,False,False
10.1016/j.jct.2007.03.008#d12#p1,mol_e6f8f97a2caa00b9,InChI=1S/C3H6Cl2/c4-2-1-3-5/h1-3H2,10.1016/j.jct.2007.03.008,298.15,318.15,20,3,1,1,False,False,False
10.1016/j.jct.2007.03.008#d3#p1,mol_8c26cc46761de673,InChI=1S/C5H8O/c6-5-3-1-2-4-5/h1-4H2,10.1016/j.jct.2007.03.008,298.15,318.15,20,3,1,1,False,False,False
10.1016/j.jct.2007.03.008#d6#p1,mol_c5207e620c9fcfd3,InChI=1S/C4H8Cl2/c5-3-1-2-4-6/h1-4H2,10.1016/j.jct.2007.03.008,298.15,318.15,20,3,1,1,False,False,False
10.1016/j.jct.2007.03.008#d9#p1,mol_d2d85289da26a082,"InChI=1S/C4H9Cl/c1-2-3-4-5/h2-4H2,1H3",10.1016/j.jct.2007.03.008,298.15,298.15,0,1,1,1,False,False,False
10.1016/j.jct.2007.03.011#d1#p1,mol_6164d1ee39a4a3b0,"InChI=1S/C3H5NO/c4-2-1-3-5/h5H,1,3H2",10.1016/j.jct.2007.03.011,306.3,361.8,55.5,22,4,7,True,True,False
10.1016/j.jct.2007.06.017#d5#p1,mol_c5207e620c9fcfd3,InChI=1S/C4H8Cl2/c5-3-1-2-4-6/h1-4H2,10.1016/j.jct.2007.06.017,323.15,323.15,0,1,1,1,False,False,False
10.1016/j.jct.2007.09.008#d1#p1,mol_f764f99572350169,InChI=1S/C6H10O2/c7-6-4-2-1-3-5-8-6/h1-5H2,10.1016/j.jct.2007.09.008,283.2,343.2,60,7,2,2,False,False,False
10.1016/j.jct.2008.01.009#d15#p1,mol_3deaee44f66bb29c,"InChI=1S/C10H10/c1-2-6-10-8-4-3-7-9(10)5-1/h1-3,5-7H,4,8H2",10.1016/j.jct.2008.01.009,289.999,369.98,79.981,10,4,3,True,False,False
10.1016/j.jct.2008.01.009#d16#p1,mol_3deaee44f66bb29c,"InChI=1S/C10H10/c1-2-6-10-8-4-3-7-9(10)5-1/h1-3,5-7H,4,8H2",10.1016/j.jct.2008.01.009,362.707,423.056,60.349,9,3,3,True,False,False
10.1016/j.jct.2008.01.012#d1#p1,mol_12e118695cfaacad,"InChI=1S/C7H18N2/c1-3-9(4-2)7-5-6-8/h3-8H2,1-2H3",10.1016/j.jct.2008.01.012,303.15,343.15,40,5,2,2,False,False,False
10.1016/j.jct.2008.01.012#d2#p1,mol_538c4f0d7c4ce97e,"InChI=1S/C7H16/c1-3-5-7-6-4-2/h3-7H2,1-2H3",10.1016/j.jct.2008.01.012,303.15,323.15,20,3,1,1,False,False,False
10.1016/j.jct.2008.01.024#d7#p1,mol_c5207e620c9fcfd3,InChI=1S/C4H8Cl2/c5-3-1-2-4-6/h1-4H2,10.1016/j.jct.2008.01.024,323.15,323.15,0,1,1,1,False,False,False
10.1016/j.jct.2008.01.024#d9#p1,mol_71ac04ebc05b85f5,"InChI=1S/C6H13Cl/c1-2-3-4-5-6-7/h2-6H2,1H3",10.1016/j.jct.2008.01.024,313.15,313.15,0,1,1,1,False,False,False
10.1016/j.jct.2008.02.012#d1#p1,mol_0c2b699f18ff1976,InChI=1S/C3H6O3/c1-5-3(4)6-2/h1-2H3,10.1016/j.jct.2008.02.012,274.2,304.1,29.9,16,5,6,False,False,False
10.1016/j.jct.2008.02.012#d2#p1,mol_2e302d909c9e5e5c,"InChI=1S/C5H10O3/c1-3-7-5(6)8-4-2/h3-4H2,1-2H3",10.1016/j.jct.2008.02.012,273.1,315.2,42.1,31,9,12,True,True,False
10.1016/j.jct.2008.02.012#d3#p1,mol_8328a6e934e84481,"InChI=1S/C7H14O3/c1-3-5-9-7(8)10-6-4-2/h3-6H2,1-2H3",10.1016/j.jct.2008.02.012,273.9,318.2,44.3,24,7,10,True,True,False
10.1016/j.jct.2008.02.012#d4#p1,mol_7ea8ab72c1e55be3,"InChI=1S/C9H18O3/c1-3-5-7-11-9(10)12-8-6-4-2/h3-8H2,1-2H3",10.1016/j.jct.2008.02.012,287.1,329.1,42,21,6,4,True,False,False
10.1016/j.jct.2008.02.012#d5#p1,mol_443f8c4011897804,"InChI=1S/C15H14O3/c16-15(17-11-13-7-3-1-4-8-13)18-12-14-9-5-2-6-10-14/h1-10H,11-12H2",10.1016/j.jct.2008.02.012,353.8,373.6,19.8,11,3,4,False,False,False
10.1016/j.jct.2008.02.016#d2#p1,mol_538c4f0d7c4ce97e,"InChI=1S/C7H16/c1-3-5-7-6-4-2/h3-7H2,1-2H3",10.1016/j.jct.2008.02.016,303.15,323.15,20,3,1,1,False,False,False
10.1016/j.jct.2008.03.017#d1#p1,mol_7663493163cbdca1,InChI=1S/C3H6O2/c1-2-5-3-4-1/h1-3H2,10.1016/j.jct.2008.03.017,298.15,298.15,0,1,1,1,False,False,False
10.1016/j.jct.2008.03.017#d3#p1,mol_953db3858ca974a4,InChI=1S/C4H8O2/c1-2-6-4-3-5-1/h1-4H2,10.1016/j.jct.2008.03.017,298.15,328.15,30,2,1,1,False,False,False
10.1016/j.jct.2008.03.017#d5#p1,mol_71ac04ebc05b85f5,"InChI=1S/C6H13Cl/c1-2-3-4-5-6-7/h2-6H2,1H3",10.1016/j.jct.2008.03.017,298.15,328.15,30,2,1,1,False,False,False
10.1016/j.jct.2008.03.017#d9#p1,mol_ce86a4b54495b02c,InChI=1S/C5H10O/c1-2-4-6-5-3-1/h1-5H2,10.1016/j.jct.2008.03.017,298.15,298.15,0,1,1,1,False,False,False
10.1016/j.jct.2008.04.010#d10#p1,mol_f46d941ea8c759da,InChI=1S/C22H16/c1-2-7-17(8-3-1)20-11-6-12-21(15-20)22-14-13-18-9-4-5-10-19(18)16-22/h1-16H,10.1016/j.jct.2008.04.010,413.17,413.17,0,1,1,1,False,False,False
10.1016/j.jct.2008.07.024#d1#p1,mol_2901cf755cab0466,"InChI=1S/C5H12O2/c1-2-4-7-5-3-6/h6H,2-5H2,1H3",10.1016/j.jct.2008.07.024,303.15,323.15,20,3,1,1,False,False,False
10.1016/j.jct.2008.07.024#d3#p1,mol_538c4f0d7c4ce97e,"InChI=1S/C7H16/c1-3-5-7-6-4-2/h3-7H2,1-2H3",10.1016/j.jct.2008.07.024,303.15,323.15,20,3,1,1,False,False,False
10.1016/j.jct.2008.09.020#d3#p1,mol_b44b37c017007981,"InChI=1S/C7H8/c1-7-5-3-2-4-6-7/h2-6H,1H3",10.1016/j.jct.2008.09.020,313.15,313.15,0,1,1,1,False,False,False
10.1016/j.jct.2008.10.008#d24#p1,mol_9472915240012651,"InChI=1S/C14H22/c1-13(2,3)11-7-9-12(10-8-11)14(4,5)6/h7-10H,1-6H3",10.1016/j.jct.2008.10.008,354.981,394.968,39.987,7,3,2,True,False,False
10.1016/j.jct.2009.04.005#d1#p1,mol_670136e04246f1d5,"InChI=1S/C4H10O/c1-2-3-4-5/h5H,2-4H2,1H3",10.1016/j.jct.2009.04.005,298.15,298.15,0,1,1,1,False,False,False
10.1016/j.jct.2009.04.005#d5#p1,mol_d2d85289da26a082,"InChI=1S/C4H9Cl/c1-2-3-4-5/h2-4H2,1H3",10.1016/j.jct.2009.04.005,298.15,298.15,0,1,1,1,False,False,False
10.1016/j.jct.2009.04.006#d1#p1,mol_d2d85289da26a082,"InChI=1S/C4H9Cl/c1-2-3-4-5/h2-4H2,1H3",10.1016/j.jct.2009.04.006,298.15,298.15,0,1,1,1,False,False,False
10.1016/j.jct.2009.04.006#d4#p1,mol_f45d44d06aa6449e,"InChI=1S/C2H3Cl3/c1-2(3,4)5/h1H3",10.1016/j.jct.2009.04.006,298.15,298.15,0,1,1,1,False,False,False
10.1016/j.jct.2009.04.006#d7#p1,mol_55b6d752028fb5df,InChI=1S/C6H10O/c7-6-4-2-1-3-5-6/h1-5H2,10.1016/j.jct.2009.04.006,298.15,318.15,20,3,1,1,False,False,False
10.1016/j.jct.2009.04.009#d1#p1,mol_8b6a2383c538f690,"InChI=1S/C4H10O/c1-4(2)3-5/h4-5H,3H2,1-2H3",10.1016/j.jct.2009.04.009,336.9,336.9,0,1,1,1,False,False,False
10.1016/j.jct.2009.04.009#d2#p1,mol_7bd3eb1878fd3045,"InChI=1S/C5H12O/c1-5(2)3-4-6/h5-6H,3-4H2,1-2H3",10.1016/j.jct.2009.04.009,357.5,357.5,0,1,1,1,False,False,False
10.1016/j.jct.2009.04.019#d1#p1,mol_ff573fbe94f755cf,"InChI=1S/C3H8O2/c1-3(5)2-4/h3-5H,2H2,1H3/t3-/m0/s1",10.1016/j.jct.2009.04.019,283.5,338.4,54.9,35,14,6,True,True,False
10.1016/j.jct.2009.09.003#d2#p1,mol_7f9b9c7a996206a7,"InChI=1S/C6H14N2/c1-7-3-5-8(2)6-4-7/h3-6H2,1-2H3",10.1016/j.jct.2009.09.003,268.1,311.1,43,18,6,6,True,False,False
10.1016/j.jct.2009.09.003#d4#p1,mol_c34973a2ea05dcee,"InChI=1S/C6H15N3/c7-1-4-9-5-2-8-3-6-9/h8H,1-7H2",10.1016/j.jct.2009.09.003,295.7,338.1,42.4,20,7,7,True,True,False
10.1016/j.jct.2009.09.003#d6#p1,mol_6d0e5399ac339a30,"InChI=1S/C7H17N3/c1-9-4-6-10(3-2-8)7-5-9/h2-8H2,1H3",10.1016/j.jct.2009.09.003,297.8,331.8,34,16,3,6,True,False,False
10.1016/j.jct.2009.09.003#d8#p1,mol_8b55943f32f4ccc1,"InChI=1S/C6H18N4/c7-1-3-9-5-6-10-4-2-8/h9-10H,1-8H2",10.1016/j.jct.2009.09.003,338.2,373.3,35.1,25,9,6,True,False,False
10.1016/j.jct.2009.11.010#d10#p1,mol_31620dc29144e64a,InChI=1S/C12H8N2/c1-2-6-10-9(5-1)13-11-7-3-4-8-12(11)14-10/h1-8H,10.1016/j.jct.2009.11.010,449.964,471.96,21.996,6,2,2,False,False,False
10.1016/j.jct.2009.11.011#d14#p1,mol_bc17724b498fbfe3,InChI=1S/C13H9N/c1-2-6-11-10(5-1)9-14-13-8-4-3-7-12(11)13/h1-9H,10.1016/j.jct.2009.11.011,473.894,493.837,19.943,3,1,1,False,False,False
10.1016/j.jct.2010.01.016#d1#p1,mol_12e118695cfaacad,"InChI=1S/C7H18N2/c1-3-9(4-2)7-5-6-8/h3-8H2,1-2H3",10.1016/j.jct.2010.01.016,273.15,363.15,90,10,3,3,True,False,False
10.1016/j.jct.2010.01.016#d3#p1,mol_e983a25bd52a944d,InChI=1S/C6H12/c1-2-4-6-5-3-1/h1-6H2,10.1016/j.jct.2010.01.016,273.15,303.15,30,4,1,1,False,False,False
10.1016/j.jct.2010.04.015#d1#p1,mol_baa3c342cb3d811f,"InChI=1S/C4H11NO/c1-4(2,5)3-6/h6H,3,5H2,1-2H3",10.1016/j.jct.2010.04.015,293.29,373,79.71,9,3,3,True,False,False
10.1016/j.jct.2010.04.015#d2#p1,mol_93cfd6245e3ad68f,"InChI=1S/C5H13NO/c1-6(2)4-3-5-7/h7H,3-5H2,1-2H3",10.1016/j.jct.2010.04.015,283.15,373.1,89.95,9,2,3,False,False,False
10.1016/j.jct.2010.05.002#d12#p1,mol_65b0a8e37b1d0b65,"InChI=1S/C16H18/c1-16(2,3)15-11-9-14(10-12-15)13-7-5-4-6-8-13/h4-12H,1-3H3",10.1016/j.jct.2010.05.002,327.4,378,50.6,29,9,8,True,True,False
10.1016/j.jct.2010.05.002#d6#p1,mol_deac46acd3625ae3,"InChI=1S/C13H12/c1-11-7-9-13(10-8-11)12-5-3-2-4-6-12/h2-10H,1H3",10.1016/j.jct.2010.05.002,323.2,353.2,30,14,4,5,True,False,False
10.1016/j.jct.2010.07.008#d1#p1,mol_cdd9b2a6aac67d70,"InChI=1S/C6H15NO2/c1-7(2)3-5-9-6-4-8/h8H,3-6H2,1-2H3",10.1016/j.jct.2010.07.008,283.15,373.1,89.95,10,3,3,True,False,False
10.1016/j.jct.2010.07.014#d4#p1,mol_b4b87befe28d84ce,"InChI=1S/C2H6O/c1-2-3/h3H,2H2,1H3",10.1016/j.jct.2010.07.014,303.15,303.15,0,1,1,1,False,False,False
10.1016/j.jct.2010.12.010#d3#p1,mol_47abed7f530ce168,InChI=1S/C4H12N2/c5-3-1-2-4-6/h1-6H2,10.1016/j.jct.2010.12.010,284.92,362.88,77.96,6,3,1,False,False,False
10.1016/j.jct.2010.12.010#d4#p1,mol_47abed7f530ce168,InChI=1S/C4H12N2/c5-3-1-2-4-6/h1-6H2,10.1016/j.jct.2010.12.010,293.15,363.15,70,8,3,3,True,False,False
10.1016/j.jct.2010.12.010#d5#p1,mol_e9bda82626d344ab,InChI=1S/C2H8N2/c3-1-2-4/h1-4H2,10.1016/j.jct.2010.12.010,285.5,345.7,60.2,6,2,1,False,False,False
10.1016/j.jct.2010.12.010#d6#p1,mol_e9bda82626d344ab,InChI=1S/C2H8N2/c3-1-2-4/h1-4H2,10.1016/j.jct.2010.12.010,293.15,343.15,50,6,2,2,False,False,False
10.1016/j.jct.2010.12.010#d7#p1,mol_cdcd3722df880b7b,InChI=1S/C3H10N2/c4-2-1-3-5/h1-5H2,10.1016/j.jct.2010.12.010,284.84,364.78,79.94,8,3,2,True,False,False
10.1016/j.jct.2010.12.010#d8#p1,mol_cdcd3722df880b7b,InChI=1S/C3H10N2/c4-2-1-3-5/h1-5H2,10.1016/j.jct.2010.12.010,293.15,363.15,70,8,3,3,True,False,False
10.1016/j.jct.2011.05.004#d1#p1,mol_ea2566e6eed8815a,"InChI=1S/C6H10N2/c1-2-4-8-5-3-7-6-8/h3,5-6H,2,4H2,1H3",10.1016/j.jct.2011.05.004,279.1,341,61.9,23,8,6,True,False,False
10.1016/j.jct.2011.05.004#d2#p1,mol_e386b69d862ccfe9,"InChI=1S/C8H14N2/c1-2-3-4-6-10-7-5-9-8-10/h5,7-8H,2-4,6H2,1H3",10.1016/j.jct.2011.05.004,308.2,366.3,58.1,16,7,4,True,False,False
10.1016/j.jct.2011.05.004#d3#p1,mol_a69950d65071f1d9,"InChI=1S/C10H18N2/c1-2-3-4-5-6-8-12-9-7-11-10-12/h7,9-10H,2-6,8H2,1H3",10.1016/j.jct.2011.05.004,312.5,366.2,53.7,28,6,8,True,True,False
10.1016/j.jct.2011.05.004#d4#p1,mol_4425bf195a41c22d,"InChI=1S/C12H22N2/c1-2-3-4-5-6-7-8-10-14-11-9-13-12-14/h9,11-12H,2-8,10H2,1H3",10.1016/j.jct.2011.05.004,329.1,371.2,42.1,28,9,9,True,True,False
10.1016/j.jct.2011.05.004#d5#p1,mol_6fb93874f723608d,"InChI=1S/C14H26N2/c1-2-3-4-5-6-7-8-9-10-12-16-13-11-15-14-16/h11,13-14H,2-10,12H2,1H3",10.1016/j.jct.2011.05.004,350,380.8,30.8,18,7,5,True,True,False
10.1016/j.jct.2011.05.004#d6#p1,mol_cf369ca199c477af,"InChI=1S/C9H16N2/c1-2-3-4-5-7-11-8-6-10-9-11/h6,8-9H,2-5,7H2,1H3",10.1016/j.jct.2011.05.004,309.2,363.2,54,30,12,7,True,False,False
10.1016/j.jct.2011.05.004#d7#p1,mol_0dcdaa24497d41f8,"InChI=1S/C13H24N2/c1-2-3-4-5-6-7-8-9-11-15-12-10-14-13-15/h10,12-13H,2-9,11H2,1H3",10.1016/j.jct.2011.05.004,340.1,374.3,34.2,26,8,8,True,True,False
10.1016/j.jct.2011.05.004#d8#p1,mol_d8a68c6cf575f9d8,"InChI=1S/C15H28N2/c1-2-3-4-5-6-7-8-9-10-11-13-17-14-12-16-15-17/h12,14-15H,2-11,13H2,1H3",10.1016/j.jct.2011.05.004,358,379.1,21.1,14,4,5,False,True,False
10.1016/j.jct.2011.05.028#d16#p1,mol_a9ed353a5ccfc1d9,"InChI=1S/C7H12O2/c1-6(8)9-7-4-2-3-5-7/h7H,2-5H2,1H3",10.1016/j.jct.2011.05.028,274.1,308.4,34.3,13,3,5,True,False,False
10.1016/j.jct.2011.06.008#d10#p1,mol_449e356636794f41,InChI=1S/C7H18N2/c8-6-4-2-1-3-5-7-9/h1-9H2,10.1016/j.jct.2011.06.008,305.8,358,52.2,22,9,5,True,True,False
10.1016/j.jct.2011.06.008#d12#p1,mol_09c6576738d86b71,InChI=1S/C8H20N2/c9-7-5-3-1-2-4-6-8-10/h1-10H2,10.1016/j.jct.2011.06.008,328.2,363.1,34.9,18,5,4,True,True,False
10.1016/j.jct.2011.06.008#d14#p1,mol_07c782a462a50ac6,InChI=1S/C9H22N2/c10-8-6-4-2-1-3-5-7-9-11/h1-11H2,10.1016/j.jct.2011.06.008,318.1,365.7,47.6,26,8,7,True,True,False
10.1016/j.jct.2011.06.008#d16#p1,mol_32e4362dde7a3ed7,InChI=1S/C10H24N2/c11-9-7-5-3-1-2-4-6-8-10-12/h1-12H2,10.1016/j.jct.2011.06.008,338.15,353.15,15,17,7,4,False,True,False
10.1016/j.jct.2011.06.008#d18#p1,mol_3102cb64a36fdac1,InChI=1S/C11H26N2/c12-10-8-6-4-2-1-3-5-7-9-11-13/h1-13H2,10.1016/j.jct.2011.06.008,326.2,353.1,26.9,13,4,3,False,False,False
10.1016/j.jct.2011.06.008#d2#p1,mol_cdcd3722df880b7b,InChI=1S/C3H10N2/c4-2-1-3-5/h1-5H2,10.1016/j.jct.2011.06.008,278.6,338.1,59.5,13,4,4,True,False,False
10.1016/j.jct.2011.06.008#d20#p1,mol_cad807bef9abf402,InChI=1S/C12H28N2/c13-11-9-7-5-3-1-2-4-6-8-10-12-14/h1-14H2,10.1016/j.jct.2011.06.008,345.2,369,23.8,9,3,3,False,True,False
10.1016/j.jct.2011.06.008#d4#p1,mol_47abed7f530ce168,InChI=1S/C4H12N2/c5-3-1-2-4-6/h1-6H2,10.1016/j.jct.2011.06.008,300.7,345.2,44.5,14,3,5,True,False,False
10.1016/j.jct.2011.06.008#d6#p1,mol_ea8ab19c57483e79,InChI=1S/C5H14N2/c6-4-2-1-3-5-7/h1-7H2,10.1016/j.jct.2011.06.008,293.25,343.2,49.95,24,8,7,True,True,False
10.1016/j.jct.2011.06.008#d8#p1,mol_61fcafdd88a47b4b,InChI=1S/C6H16N2/c7-5-3-1-2-4-6-8/h1-8H2,10.1016/j.jct.2011.06.008,318.1,356.6,38.5,29,5,12,True,True,False
10.1016/j.jct.2011.08.009#d3#p1,mol_df36260e25a0f59a,"InChI=1S/C6H13N/c7-6-4-2-1-3-5-6/h6H,1-5,7H2",10.1016/j.jct.2011.08.009,273.15,354.06,80.91,18,6,6,True,True,False
10.1016/j.jct.2011.09.006#d7#p1,mol_dbdb7860f8c41113,"InChI=1S/C13H10/c1-3-7-12-10(5-1)9-11-6-2-4-8-13(11)12/h1-8H,9H2",10.1016/j.jct.2011.09.006,386.48,412.16,25.68,10,3,3,False,False,False
10.1016/j.jct.2011.09.007#d9#p1,mol_478c9e57637d58f1,"InChI=1S/C7H14O/c1-5(2)7(8)6(3)4/h5-6H,1-4H3",10.1016/j.jct.2011.09.007,330.02,347.76,17.74,7,2,2,False,False,False
10.1016/j.jct.2011.09.022#d1#p1,mol_f485c31dbb304f3b,InChI=1S/C2H3N/c1-2-3/h1H3,10.1016/j.jct.2011.09.022,278.72,309.92,31.2,37,8,12,True,True,False
10.1016/j.jct.2011.09.022#d2#p1,mol_d256cec7b59305ff,InChI=1S/C4H8O/c1-2-4-5-3-1/h1-4H2,10.1016/j.jct.2011.09.022,275.99,296.05,20.06,19,4,8,False,True,False
10.1016/j.jct.2011.10.001#d7#p1,mol_8568098f87e46d1f,"InChI=1S/C5H10O2/c1-3-4-5(6)7-2/h3-4H2,1-2H3",10.1016/j.jct.2011.10.001,316.24,326.17,9.93,3,1,1,False,False,False
10.1016/j.jct.2011.11.004#d2#p1,mol_a64b8a3e542d0885,"InChI=1S/C4H12N2/c1-6-4-2-3-5/h6H,2-5H2,1H3",10.1016/j.jct.2011.11.004,276.2,303.2,27,12,4,3,False,False,False
10.1016/j.jct.2011.11.004#d4#p1,mol_9b039da63aa3710c,"InChI=1S/C5H14N2/c1-7(2)5-3-4-6/h3-6H2,1-2H3",10.1016/j.jct.2011.11.004,273.5,299.7,26.2,26,9,9,False,True,False
10.1016/j.jct.2011.11.004#d6#p1,mol_12e118695cfaacad,"InChI=1S/C7H18N2/c1-3-9(4-2)7-5-6-8/h3-8H2,1-2H3",10.1016/j.jct.2011.11.004,277.2,305.1,27.9,20,8,4,False,True,False
10.1016/j.jct.2011.11.004#d8#p1,mol_e5ba696e954bd32c,"InChI=1S/C7H18N2/c1-8(2)6-5-7-9(3)4/h5-7H2,1-4H3",10.1016/j.jct.2011.11.004,273.5,323.1,49.6,24,4,13,True,False,False
10.1016/j.jct.2012.01.025#d5#p1,mol_0c4b045ac23695a8,InChI=1S/C16H10/c1-2-8-13-12(7-1)14-9-3-5-11-6-4-10-15(13)16(11)14/h1-10H,10.1016/j.jct.2012.01.025,354.78,404.3,49.52,21,8,5,True,False,False
10.1016/j.jct.2012.02.023#d4#p1,mol_b4b87befe28d84ce,"InChI=1S/C2H6O/c1-2-3/h3H,2H2,1H3",10.1016/j.jct.2012.02.023,303.15,303.15,0,1,1,1,False,False,False
10.1016/j.jct.2012.02.039#d1#p1,mol_d2d85289da26a082,"InChI=1S/C4H9Cl/c1-2-3-4-5/h2-4H2,1H3",10.1016/j.jct.2012.02.039,288.15,298.15,10,2,1,1,False,False,False
10.1016/j.jct.2012.02.039#d5#p1,mol_8411a1787a17bdb0,"InChI=1S/C4H9Cl/c1-4(2)3-5/h4H,3H2,1-2H3",10.1016/j.jct.2012.02.039,288.15,288.15,0,1,1,1,False,False,False
10.1016/j.jct.2012.02.039#d9#p1,mol_a6ed1653bde80123,"InChI=1S/C6H14O/c1-3-5-6-7-4-2/h3-6H2,1-2H3",10.1016/j.jct.2012.02.039,288.15,308.15,20,3,1,1,False,False,False
10.1016/j.jct.2012.03.016#d1#p1,mol_583617cfddce87a5,"InChI=1S/C6H12/c1-3-5-6-4-2/h3H,1,4-6H2,2H3",10.1016/j.jct.2012.03.016,263.15,283.1955,20.0455,5,1,2,False,True,False
10.1016/j.jct.2012.03.016#d2#p1,mol_024c11ca89792376,"InChI=1S/C5H12O/c1-3-4-5-6-2/h3-5H2,1-2H3",10.1016/j.jct.2012.03.016,262.99,293.125,30.135,6,1,2,False,True,False
10.1016/j.jct.2012.03.016#d3#p1,mol_896a74ad0b2a7fde,"InChI=1S/C5H12O/c1-5(2,3)6-4/h1-4H3",10.1016/j.jct.2012.03.016,263.15,283.27,20.12,6,2,2,False,False,False
10.1016/j.jct.2012.03.027#d11#p1,mol_01b986fbe8e4d3e5,"InChI=1S/C9H3F17O/c10-2(11,1-27)3(12,13)4(14,15)5(16,17)6(18,19)7(20,21)8(22,23)9(24,25)26/h27H,1H2",10.1016/j.jct.2012.03.027,342.99,351.45,8.46,6,2,3,False,False,False
10.1016/j.jct.2012.03.027#d2#p1,mol_214efcd2971bdb13,"InChI=1S/C7H3F13O/c8-2(9,1-21)3(10,11)4(12,13)5(14,15)6(16,17)7(18,19)20/h21H,1H2",10.1016/j.jct.2012.03.027,275.55,317.87,42.32,18,6,6,True,False,False
10.1016/j.jct.2012.03.027#d7#p1,mol_3d3be792b2873832,"InChI=1S/C8H3F15O/c9-2(10,1-24)3(11,12)4(13,14)5(15,16)6(17,18)7(19,20)8(21,22)23/h24H,1H2",10.1016/j.jct.2012.03.027,320.52,339.44,18.92,9,3,3,False,False,False
10.1016/j.jct.2012.04.006#d12#p1,mol_4603750e706845d0,"InChI=1S/C8H9NO2/c1-11-8(10)6-4-2-3-5-7(6)9/h2-5H,9H2,1H3",10.1016/j.jct.2012.04.006,292.33,369.54,77.21,40,12,12,True,False,False
10.1016/j.jct.2012.04.006#d5#p1,mol_6af5d7e3ca0bc16f,"InChI=1S/C8H9NO2/c1-11-8(10)6-2-4-7(9)5-3-6/h2-5H,9H2,1H3",10.1016/j.jct.2012.04.006,360.71,428.01,67.3,35,11,11,True,False,False
10.1016/j.jct.2012.04.006#d8#p1,mol_4055100dde2fa368,"InChI=1S/C8H9NO2/c1-11-8(10)6-3-2-4-7(9)5-6/h2-5H,9H2,1H3",10.1016/j.jct.2012.04.006,312,352.74,40.74,24,7,9,True,False,False
10.1016/j.jct.2012.04.029#d1#p1,mol_21a4cd711754eeed,"InChI=1S/C3H8O2/c1-5-3-2-4/h4H,2-3H2,1H3",10.1016/j.jct.2012.04.029,346.4,346.4,0,1,1,1,False,False,False
10.1016/j.jct.2012.05.003#d10#p1,mol_87af88bbbdeef674,InChI=1S/C13H8O/c14-13-11-7-3-1-5-9(11)10-6-2-4-8-12(10)13/h1-8H,10.1016/j.jct.2012.05.003,368.125,483.11,114.985,13,4,4,True,False,False
10.1016/j.jct.2012.05.003#d11#p1,mol_87af88bbbdeef674,InChI=1S/C13H8O/c14-13-11-7-3-1-5-9(11)10-6-2-4-8-12(10)13/h1-8H,10.1016/j.jct.2012.05.003,464.96,493.202,28.242,3,1,2,False,False,False
10.1016/j.jct.2012.05.013#d4#p1,mol_89cd7dc23b3db594,"InChI=1S/C14H18N2/c1-15(2)12-9-5-7-11-8-6-10-13(14(11)12)16(3)4/h5-10H,1-4H3",10.1016/j.jct.2012.05.013,322.96,382.51,59.55,13,4,4,True,False,False
10.1016/j.jct.2012.06.033#d6#p1,mol_c5207e620c9fcfd3,InChI=1S/C4H8Cl2/c5-3-1-2-4-6/h1-4H2,10.1016/j.jct.2012.06.033,343.15,363.15,20,3,1,1,False,False,False
10.1016/j.jct.2012.07.005#d1#p1,mol_49187baee97f9d09,"InChI=1S/C6H16N2/c1-3-8(4-2)6-5-7/h3-7H2,1-2H3",10.1016/j.jct.2012.07.005,273.15,363.15,90,11,3,4,True,False,False
10.1016/j.jct.2012.07.005#d2#p1,mol_e983a25bd52a944d,InChI=1S/C6H12/c1-2-4-6-5-3-1/h1-6H2,10.1016/j.jct.2012.07.005,273.15,303.15,30,5,2,1,False,False,False
10.1016/j.jct.2012.07.027#d13#p1,mol_da5be87f9b74e1ab,"InChI=1S/C8H7FO2/c1-11-8(10)6-2-4-7(9)5-3-6/h2-5H,1H3",10.1016/j.jct.2012.07.027,268.58,344.85,76.27,40,12,13,True,False,False
10.1016/j.jct.2012.07.027#d18#p1,mol_bc8c379cd612f5ed,"InChI=1S/C8H7BrO2/c1-11-8(10)6-2-4-7(9)5-3-6/h2-5H,1H3",10.1016/j.jct.2012.07.027,354.73,378.43,23.7,13,4,4,False,False,False
10.1016/j.jct.2012.07.027#d4#p1,mol_de3e3d42cdadcfe7,"InChI=1S/C8H7ClO2/c1-11-8(10)6-2-4-7(9)5-3-6/h2-5H,1H3",10.1016/j.jct.2012.07.027,285.3,333.97,48.67,27,8,8,True,False,False
10.1016/j.jct.2012.07.027#d9#p1,mol_6ecc96d11fb736d9,"InChI=1S/C8H7IO2/c1-11-8(10)6-2-4-7(9)5-3-6/h2-5H,1H3",10.1016/j.jct.2012.07.027,386.32,406.02,19.7,12,3,5,False,False,False
10.1016/j.jct.2012.09.032#d1#p1,mol_6dc54388549b234e,"InChI=1S/CH4O/c1-2/h2H,1H3",10.1016/j.jct.2012.09.032,282.55,301.45,18.9,3,1,1,False,False,False
10.1016/j.jct.2012.09.032#d2#p1,mol_b4b87befe28d84ce,"InChI=1S/C2H6O/c1-2-3/h3H,2H2,1H3",10.1016/j.jct.2012.09.032,295.25,315.05,19.8,3,1,1,False,False,False
10.1016/j.jct.2012.09.032#d3#p1,mol_57ae3fd1e1d200c6,"InChI=1S/C3H8O3/c4-1-3(6)2-5/h3-6H,1-2H2",10.1016/j.jct.2012.09.032,477.25,493.35,16.1,2,1,1,False,False,False
10.1016/j.jct.2013.01.009#d1#p1,mol_4b509cb5dad13c84,"InChI=1S/C10H16/c1-7-4-5-8-6-9(7)10(8,2)3/h4,8-9H,5-6H2,1-3H3/t8-,9-/m0/s1",10.1016/j.jct.2013.01.009,253.19,308.175,54.985,12,4,4,True,True,False
10.1016/j.jct.2013.01.009#d20#p1,mol_bbdd71ed3a3275f5,"InChI=1S/C10H14O/c1-6-4-9(11)8-5-7(6)10(8,2)3/h4,7-8H,5H2,1-3H3/t7-,8+/m0/s1",10.1016/j.jct.2013.01.009,273.655,308.16,34.505,8,3,3,True,True,False
10.1016/j.jct.2013.01.009#d5#p1,mol_a6bd173c68da330b,"InChI=1S/C10H16/c1-7-4-5-8-6-9(7)10(8,2)3/h8-9H,1,4-6H2,2-3H3/t8-,9-/m0/s1",10.1016/j.jct.2013.01.009,253.14,308.15,55.01,12,4,4,True,False,False
10.1016/j.jct.2013.01.016#d3#p1,mol_482ca89f7c4d5b22,"InChI=1S/C9H12/c1-3-9-6-4-5-8(2)7-9/h4-7H,3H2,1-2H3",10.1016/j.jct.2013.01.016,380.65,380.65,0,1,1,1,False,False,False
10.1016/j.jct.2013.01.016#d6#p1,mol_b2886aff41709db5,"InChI=1S/C9H12/c1-3-9-6-4-8(2)5-7-9/h4-7H,3H2,1-2H3",10.1016/j.jct.2013.01.016,380.74,380.74,0,1,1,1,False,False,False
10.1016/j.jct.2013.01.016#d9#p1,mol_3147d9e632f76065,"InChI=1S/C9H12/c1-7-4-5-8(2)9(3)6-7/h4-6H,1-3H3",10.1016/j.jct.2013.01.016,387.87,387.87,0,1,1,1,False,False,False
10.1016/j.jct.2013.03.005#d4#p1,mol_9b7afa095d460867,"InChI=1S/C14H12O/c15-9-14-12-7-3-1-5-10(12)11-6-2-4-8-13(11)14/h1-8,14-15H,9H2",10.1016/j.jct.2013.03.005,362.69,400.3,37.61,20,6,6,True,False,False
10.1016/j.jct.2013.03.020#d1#p1,mol_fab901c0c3251313,"InChI=1S/C6H13NO/c1-2-7-3-5-8-6-4-7/h2-6H2,1H3",10.1016/j.jct.2013.03.020,283.15,353.9,70.75,15,6,6,True,True,False
10.1016/j.jct.2013.03.020#d2#p1,mol_b0a1a5dad12236fe,"InChI=1S/C5H13N/c1-5(2)6(3)4/h5H,1-4H3",10.1016/j.jct.2013.03.020,273.15,293.81,20.66,6,2,2,False,False,False
10.1016/j.jct.2013.03.020#d3#p1,mol_0aa38cb71170ee29,"InChI=1S/C4H11NO/c1-5(2)3-4-6/h6H,3-4H2,1-2H3",10.1016/j.jct.2013.03.020,273.15,353.15,80,16,4,6,True,True,False
10.1016/j.jct.2013.04.003#d1#p1,mol_670136e04246f1d5,"InChI=1S/C4H10O/c1-2-3-4-5/h5H,2-4H2,1H3",10.1016/j.jct.2013.04.003,313.15,313.15,0,1,1,1,False,False,False
10.1016/j.jct.2013.04.003#d3#p1,mol_d395bc83f11503fd,"InChI=1S/C8H18/c1-7(2)6-8(3,4)5/h7H,6H2,1-5H3",10.1016/j.jct.2013.04.003,313.15,313.15,0,1,1,1,False,False,False
10.1016/j.jct.2013.05.025#d6#p1,mol_94e6e3bf1a1fa03f,"InChI=1S/C6H10O3/c1-5(7)3-4-6(8)9-2/h3-4H2,1-2H3",10.1016/j.jct.2013.05.025,333.15,413.15,80,17,5,5,True,False,False
10.1016/j.jct.2013.05.047#d12#p1,mol_39442ffdaa2c1862,"InChI=1S/C6H5IO/c7-5-1-3-6(8)4-2-5/h1-4,8H",10.1016/j.jct.2013.05.047,336.93,380.41,43.48,23,7,7,True,False,False
10.1016/j.jct.2013.05.047#d16#p1,mol_582f643aeadf8be3,"InChI=1S/C6H5ClO/c7-5-1-3-6(8)4-2-5/h1-4,8H",10.1016/j.jct.2013.05.047,275.44,331.02,55.58,29,9,9,True,False,False
10.1016/j.jct.2013.05.047#d4#p1,mol_f6fdbe222c4eecf8,"InChI=1S/C6H5FO/c7-5-1-3-6(8)4-2-5/h1-4,8H",10.1016/j.jct.2013.05.047,291.39,342.84,51.45,27,8,8,True,False,False
10.1016/j.jct.2013.05.047#d8#p1,mol_370b202074e9a40f,"InChI=1S/C6H5BrO/c7-5-1-3-6(8)4-2-5/h1-4,8H",10.1016/j.jct.2013.05.047,303.2,370.51,67.31,35,11,11,True,False,False
10.1016/j.jct.2013.09.046#d6#p1,mol_b4b87befe28d84ce,"InChI=1S/C2H6O/c1-2-3/h3H,2H2,1H3",10.1016/j.jct.2013.09.046,273.15,313.15,40,5,2,2,False,False,False
10.1016/j.jct.2013.09.046#d9#p1,mol_57ae3fd1e1d200c6,"InChI=1S/C3H8O3/c4-1-3(6)2-5/h3-6H,1-2H2",10.1016/j.jct.2013.09.046,333.15,363.15,30,4,1,1,False,False,False
10.1016/j.jct.2013.10.039#d1#p1,mol_741aa7c2f731c8a3,"InChI=1S/C5H6O2/c6-4-5-2-1-3-7-5/h1-3,6H,4H2",10.1016/j.jct.2013.10.039,273.11,393.15,120.04,20,8,4,True,True,False
10.1016/j.jct.2013.10.039#d2#p1,mol_301d3a83ae1e6ae0,"InChI=1S/C6H12O/c1-5(2)4-6(3)7/h5H,4H2,1-3H3",10.1016/j.jct.2013.10.039,313.15,333.15,20,4,2,1,False,False,False
10.1016/j.jct.2013.10.039#d3#p1,mol_489f01adfafa1d79,"InChI=1S/C6H8O/c1-5-3-4-6(2)7-5/h3-4H,1-2H3",10.1016/j.jct.2013.10.039,313.15,313.15,0,1,1,1,False,False,False
10.1016/j.jct.2013.11.003#d1#p1,mol_45cc3d52a0d8f167,"InChI=1S/C5H6OS/c1-6-5-3-2-4-7-5/h2-4H,1H3",10.1016/j.jct.2013.11.003,278.1,323.7,45.6,20,7,6,True,True,False
10.1016/j.jct.2013.11.003#d2#p1,mol_6b591adbd02d1012,"InChI=1S/C5H6OS/c1-6-5-2-3-7-4-5/h2-4H,1H3",10.1016/j.jct.2013.11.003,278.1,324.7,46.6,17,5,5,True,False,False
10.1016/j.jct.2013.12.033#d1#p1,mol_62b1e6f80fd72085,InChI=1S/C5H5N/c1-2-4-6-5-3-1/h1-5H,10.1016/j.jct.2013.12.033,273.15,333.15,60,7,2,2,False,False,False
10.1016/j.jct.2013.12.033#d2#p1,mol_ca0440f5ec95bc5f,InChI=1S/C4H4S/c1-2-4-5-3-1/h1-4H,10.1016/j.jct.2013.12.033,273.15,303.15,30,4,1,1,False,False,False
10.1016/j.jct.2014.01.006#d23#p1,mol_da7d35d05fee4096,InChI=1S/C16H12/c1-2-6-13(7-3-1)16-11-10-14-8-4-5-9-15(14)12-16/h1-12H,10.1016/j.jct.2014.01.006,482.85,482.85,0,1,1,1,False,False,False
10.1016/j.jct.2014.01.006#d8#p1,mol_4446e9b31e59fba3,InChI=1S/C16H12/c1-2-7-13(8-3-1)16-12-6-10-14-9-4-5-11-15(14)16/h1-12H,10.1016/j.jct.2014.01.006,375.005,494.306,119.301,15,6,4,True,False,False
10.1016/j.jct.2014.01.019#d1#p1,mol_91aa5b5594ca491a,"InChI=1S/C5H10O3/c1-5(6)8-4-3-7-2/h3-4H2,1-2H3",10.1016/j.jct.2014.01.019,312.51,361.67,49.16,4,2,1,False,False,False
10.1016/j.jct.2014.04.022#d1#p1,mol_71d5b9a9d56bd487,"InChI=1S/C10H18/c1-7-4-5-8-6-9(7)10(8,2)3/h7-9H,4-6H2,1-3H3/t7-,8-,9-/m0/s1",10.1016/j.jct.2014.04.022,253.15,308.15,55,13,4,4,True,False,False
10.1016/j.jct.2014.04.022#d12#p1,mol_0d2ad00dadcb0064,"InChI=1S/C10H16/c1-8(2)10-6-4-9(3)5-7-10/h4,10H,1,5-7H2,2-3H3/t10-/m0/s1",10.1016/j.jct.2014.04.022,253.15,308.15,55,13,4,4,True,False,False
10.1016/j.jct.2014.04.022#d13#p1,mol_8557db3d1a35156c,"InChI=1S/C10H16/c1-8(2)10-6-4-9(3)5-7-10/h4,10H,1,5-7H2,2-3H3/t10-/m1/s1",10.1016/j.jct.2014.04.022,273.65,308.15,34.5,8,3,3,True,False,False
10.1016/j.jct.2014.04.022#d3#p1,mol_89b8d3deb9a49ab7,"InChI=1S/C10H16/c1-7-4-5-8-9(6-7)10(8,2)3/h4,8-9H,5-6H2,1-3H3/t8-,9+/m1/s1",10.1016/j.jct.2014.04.022,253.15,308.15,55,13,4,4,True,False,False
10.1016/j.jct.2014.04.022#d5#p1,mol_89b8d3deb9a49ab7,"InChI=1S/C10H16/c1-7-4-5-8-9(6-7)10(8,2)3/h4,8-9H,5-6H2,1-3H3/t8-,9+/m1/s1",10.1016/j.jct.2014.04.022,273.15,308.15,35,8,3,3,True,False,False
10.1016/j.jct.2014.04.026#d11#p1,mol_4b404db342a0b6d3,"InChI=1S/C9H9N/c1-10-7-6-8-4-2-3-5-9(8)10/h2-7H,1H3",10.1016/j.jct.2014.04.026,278.42,341.9,63.48,33,10,10,True,False,False
10.1016/j.jct.2014.04.026#d4#p1,mol_cc7d31c3ab545846,"InChI=1S/C8H8N2/c1-10-6-9-7-4-2-3-5-8(7)10/h2-6H,1H3",10.1016/j.jct.2014.04.026,311.09,372.49,61.4,28,10,7,True,False,False
10.1016/j.jct.2014.04.026#d7#p1,mol_3e3fe40dbc9b9649,"InChI=1S/C4H6N2/c1-6-4-2-3-5-6/h2-4H,1H3",10.1016/j.jct.2014.04.026,253.9,293.27,39.37,21,6,7,True,False,False
10.1016/j.jct.2014.06.001#d2#p1,mol_988c5d9100ceeb54,"InChI=1S/C8H12N2O3/c1-3-9-6(11)5-7(12)10(4-2)8(9)13/h3-5H2,1-2H3",10.1016/j.jct.2014.06.001,328.9,380.7,51.8,11,4,3,True,False,False
10.1016/j.jct.2014.06.002#d5#p1,mol_916b454c615e7792,"InChI=1S/C8H8O3/c1-11-8(10)6-2-4-7(9)5-3-6/h2-5,9H,1H3",10.1016/j.jct.2014.06.002,382.7,423.7,41,20,7,5,True,False,False
10.1016/j.jct.2014.06.002#d9#p1,mol_d42c92066d82e698,"InChI=1S/C9H10O3/c1-11-8-5-3-7(4-6-8)9(10)12-2/h3-6H,1-2H3",10.1016/j.jct.2014.06.002,309.93,355.71,45.78,24,7,7,True,False,False
10.1016/j.jct.2014.07.004#d1#p1,mol_c4d2e3aa2bcb522b,InChI=1S/C3H4O3/c4-3-5-1-2-6-3/h1-2H2,10.1016/j.jct.2014.07.004,333.15,353.15,20,5,2,2,False,False,False
10.1016/j.jct.2014.07.004#d3#p1,mol_0c2b699f18ff1976,InChI=1S/C3H6O3/c1-5-3(4)6-2/h1-2H3,10.1016/j.jct.2014.07.004,277.96,318.15,40.19,10,3,3,True,False,False
10.1016/j.jct.2014.07.004#d4#p1,mol_662ae51843e31097,"InChI=1S/C4H8O3/c1-3-7-4(5)6-2/h3H2,1-2H3",10.1016/j.jct.2014.07.004,277.96,333.15,55.19,13,3,5,True,False,False
10.1016/j.jct.2014.07.004#d5#p1,mol_2e302d909c9e5e5c,"InChI=1S/C5H10O3/c1-3-7-5(6)8-4-2/h3-4H2,1-2H3",10.1016/j.jct.2014.07.004,277.96,348.15,70.19,16,5,6,True,False,False
10.1016/j.jct.2015.01.001#d1#p1,mol_6dc54388549b234e,"InChI=1S/CH4O/c1-2/h2H,1H3",10.1016/j.jct.2015.01.001,298.15,298.15,0,1,1,1,False,False,False
10.1016/j.jct.2015.01.014#d1#p1,mol_4f13a4696bbfcaf9,"InChI=1S/C3H8O2/c4-2-1-3-5/h4-5H,1-3H2",10.1016/j.jct.2015.01.014,292.5,346.4,53.9,7,3,4,True,False,False
10.1016/j.jct.2015.02.001#d1#p1,mol_a4a15a5e8071fffe,"InChI=1S/C8H10O/c1-7-5-3-4-6-8(7)9-2/h3-6H,1-2H3",10.1016/j.jct.2015.02.001,275.8,308,32.2,15,4,5,True,False,False
10.1016/j.jct.2015.02.001#d2#p1,mol_1d9a0acab04fdcd1,"InChI=1S/C8H10O/c1-7-4-3-5-8(6-7)9-2/h3-6H,1-2H3",10.1016/j.jct.2015.02.001,276.7,312.2,35.5,13,5,4,True,False,False
10.1016/j.jct.2015.02.001#d3#p1,mol_d064518a6abf0367,"InChI=1S/C8H10O/c1-7-3-5-8(9-2)6-4-7/h3-6H,1-2H3",10.1016/j.jct.2015.02.001,275.2,308,32.8,19,6,6,True,False,False
10.1016/j.jct.2015.02.006#d2#p1,mol_b4b87befe28d84ce,"InChI=1S/C2H6O/c1-2-3/h3H,2H2,1H3",10.1016/j.jct.2015.02.006,303.15,303.15,0,1,1,1,False,False,False
10.1016/j.jct.2015.02.006#d3#p1,mol_2465ec339bda2cbb,"InChI=1S/C3H8O/c1-2-3-4/h4H,2-3H2,1H3",10.1016/j.jct.2015.02.006,303.15,333.15,30,3,1,1,False,False,False
10.1016/j.jct.2015.02.008#d12#p1,mol_218260d18d45a2c9,"InChI=1S/C10H8O/c11-10-7-3-5-8-4-1-2-6-9(8)10/h1-7,11H",10.1016/j.jct.2015.02.008,369.98,439.957,69.977,18,5,5,True,False,False
10.1016/j.jct.2015.02.008#d13#p1,mol_218260d18d45a2c9,"InChI=1S/C10H8O/c11-10-7-3-5-8-4-1-2-6-9(8)10/h1-7,11H",10.1016/j.jct.2015.02.008,429.202,495.526,66.324,9,3,3,True,False,False
10.1016/j.jct.2015.02.022#d2#p1,mol_f26eee6fe0d8e58a,"InChI=1S/C4H5F3O2/c1-2-9-3(8)4(5,6)7/h2H2,1H3",10.1016/j.jct.2015.02.022,293.35,293.35,0,1,1,1,False,False,False
10.1016/j.jct.2015.02.022#d6#p1,mol_6dc54388549b234e,"InChI=1S/CH4O/c1-2/h2H,1H3",10.1016/j.jct.2015.02.022,293.35,293.35,0,1,1,1,False,False,False
10.1016/j.jct.2015.03.011#d2#p1,mol_358e3bc57d6b1ebf,"InChI=1S/C4H12N2/c1-4(2,6)3-5/h3,5-6H2,1-2H3",10.1016/j.jct.2015.03.011,276,308.7,32.7,23,7,9,True,False,False
10.1016/j.jct.2015.07.024#d3#p1,mol_0949fb1e476f32a8,"InChI=1S/C8H8O2/c1-7(9)10-8-5-3-2-4-6-8/h2-6H,1H3",10.1016/j.jct.2015.07.024,373.2,413.2,40,2,1,1,False,False,False
10.1016/j.jct.2015.07.025#d1#p1,mol_5d62b18b4ab74a9a,"InChI=1S/C8H7N/c1-7-4-2-3-5-8(7)6-9/h2-5H,1H3",10.1016/j.jct.2015.07.025,287.4,324.2,36.8,17,6,6,True,False,False
10.1016/j.jct.2015.07.025#d2#p1,mol_2fc4ca5245c4c992,"InChI=1S/C8H7N/c1-7-3-2-4-8(5-7)6-9/h2-5H,1H3",10.1016/j.jct.2015.07.025,279.8,313.7,33.9,17,6,5,True,False,False
10.1016/j.jct.2015.07.025#d5#p1,mol_f66338fbde75d97f,"InChI=1S/C8H7N/c1-7-2-4-8(6-9)5-3-7/h2-5H,1H3",10.1016/j.jct.2015.07.025,302.1,334.9,32.8,15,4,5,True,False,False
10.1016/j.jct.2015.07.028#d18#p1,mol_3ff2b6ab243e2db7,"InChI=1S/C5H10O/c1-4-5(2,3)6/h4,6H,1H2,2-3H3",10.1016/j.jct.2015.07.028,279.12,328.07,48.95,35,9,14,True,True,False
10.1016/j.jct.2015.08.023#d1#p1,mol_a64b8a3e542d0885,"InChI=1S/C4H12N2/c1-6-4-2-3-5/h6H,2-5H2,1H3",10.1016/j.jct.2015.08.023,273,363.15,90.15,17,6,6,True,True,False
10.1016/j.jct.2015.08.023#d2#p1,mol_9b039da63aa3710c,"InChI=1S/C5H14N2/c1-7(2)5-3-4-6/h3-6H2,1-2H3",10.1016/j.jct.2015.08.023,273.04,353.41,80.37,13,6,3,True,True,False
10.1016/j.jct.2015.08.023#d3#p1,mol_12e118695cfaacad,"InChI=1S/C7H18N2/c1-3-9(4-2)7-5-6-8/h3-8H2,1-2H3",10.1016/j.jct.2015.08.023,263.16,363.2,100.04,12,3,4,True,True,False
10.1016/j.jct.2015.12.005#d5#p1,mol_84afa114cb8b9453,"InChI=1S/C9H10/c1-2-5-9-7-3-6-8(9)4-1/h1-2,4-5H,3,6-7H2",10.1016/j.jct.2015.12.005,338.122,394.577,56.455,9,3,3,True,False,False
10.1016/j.jct.2016.01.019#d5#p1,mol_4f13a4696bbfcaf9,"InChI=1S/C3H8O2/c4-2-1-3-5/h4-5H,1-3H2",10.1016/j.jct.2016.01.019,414.2,438.05,23.85,5,2,2,False,False,False
10.1016/j.jct.2016.06.025#d2#p1,mol_8379af02d3d57cb3,"InChI=1S/C9H20O2/c1-3-5-7-10-9-11-8-6-4-2/h3-9H2,1-2H3",10.1016/j.jct.2016.06.025,390.4,396.5,6.1,2,1,1,False,False,False
10.1016/j.jct.2016.07.024#d1#p1,mol_41edcf15887aae47,"InChI=1S/C7H14O2/c1-3-4-5-6-7(8)9-2/h3-6H2,1-2H3",10.1016/j.jct.2016.07.024,262.64,362.19,99.55,10,3,3,True,False,False
10.1016/j.jct.2016.07.024#d2#p1,mol_935376490ad66f6e,"InChI=1S/C9H18O2/c1-3-4-5-6-7-8-9(10)11-2/h3-8H2,1-2H3",10.1016/j.jct.2016.07.024,282.64,402.83,120.19,13,4,4,True,False,False
10.1016/j.jct.2016.07.024#d3#p1,mol_04b975dcc163284d,"InChI=1S/C11H22O2/c1-3-4-5-6-7-8-9-10-11(12)13-2/h3-10H2,1-2H3",10.1016/j.jct.2016.07.024,292.87,432.65,139.78,15,5,5,True,False,False
10.1016/j.jct.2016.07.024#d4#p1,mol_5e1a76b3fc001a63,"InChI=1S/C13H26O2/c1-3-4-5-6-7-8-9-10-11-12-13(14)15-2/h3-12H2,1-2H3",10.1016/j.jct.2016.07.024,322.68,442.5,119.82,13,4,4,True,False,False
10.1016/j.jct.2016.07.024#d5#p1,mol_bace9c8b75de2210,"InChI=1S/C15H30O2/c1-3-4-5-6-7-8-9-10-11-12-13-14-15(16)17-2/h3-14H2,1-2H3",10.1016/j.jct.2016.07.024,332.4,452.25,119.85,13,4,4,True,True,False
10.1016/j.jct.2016.07.024#d6#p1,mol_132e4cfc5e4bd727,"InChI=1S/C17H34O2/c1-3-4-5-6-7-8-9-10-11-12-13-14-15-16-17(18)19-2/h3-16H2,1-2H3",10.1016/j.jct.2016.07.024,372.35,452.65,80.3,9,3,3,True,False,False
10.1016/j.jct.2016.11.024#d1#p1,mol_935376490ad66f6e,"InChI=1S/C9H18O2/c1-3-4-5-6-7-8-9(10)11-2/h3-8H2,1-2H3",10.1016/j.jct.2016.11.024,356.53,391.77,35.24,3,1,1,False,False,False
10.1016/j.jct.2016.11.024#d2#p1,mol_04b975dcc163284d,"InChI=1S/C11H22O2/c1-3-4-5-6-7-8-9-10-11(12)13-2/h3-10H2,1-2H3",10.1016/j.jct.2016.11.024,389.1,424.43,35.33,3,1,1,False,False,False
10.1016/j.jct.2016.12.012#d16#p1,mol_7a1e2ea9b1feabd1,"InChI=1S/C10H10O3/c1-7(11)9-3-5-10(6-4-9)13-8(2)12/h3-6H,1-2H3",10.1016/j.jct.2016.12.012,328.88,378.32,49.44,26,8,8,True,False,False
10.1016/j.jct.2017.02.005#d1#p1,mol_83a135e5c50b66c1,"InChI=1S/C3H8O/c1-3(2)4/h3-4H,1-2H3",10.1016/j.jct.2017.02.005,317.07,319.19,2.12,5,2,2,False,False,False
10.1016/j.jct.2017.03.007#d3#p1,mol_ba85122481895a9e,"InChI=1S/C6H14O2/c1-3-5-8-6-7-4-2/h3-6H2,1-2H3",10.1016/j.jct.2017.03.007,314.13,337.85,23.72,3,1,1,False,False,False
10.1016/j.jct.2017.03.029#d1#p1,mol_b27150fe8ceb156d,"InChI=1S/C7H7NO2/c1-6-4-2-3-5-7(6)8(9)10/h2-5H,1H3",10.1016/j.jct.2017.03.029,278.35,323,44.65,10,3,3,True,True,False
10.1016/j.jct.2017.03.029#d2#p1,mol_9bae39b547067706,"InChI=1S/C7H7NO2/c1-6-3-2-4-7(5-6)8(9)10/h2-5H,1H3",10.1016/j.jct.2017.03.029,290.6,338,47.4,19,3,7,True,False,False
10.1016/j.jct.2017.03.029#d3#p1,mol_fbd0f1e88c976a97,"InChI=1S/C7H7NO2/c1-6-2-4-7(5-3-6)8(9)10/h2-5H,1H3",10.1016/j.jct.2017.03.029,326.2,367.9,41.7,19,3,8,True,True,False
10.1016/j.jct.2017.07.008#d1#p1,mol_f184b9645fb1446a,"InChI=1S/C5H6OS/c6-4-5-2-1-3-7-5/h1-3,6H,4H2",10.1016/j.jct.2017.07.008,351.15,426.07,74.92,32,11,11,True,False,False
10.1016/j.jct.2017.07.008#d8#p1,mol_c6feabb4edc72193,InChI=1S/C5H4OS/c6-4-5-2-1-3-7-5/h1-4H,10.1016/j.jct.2017.07.008,336.42,412.82,76.4,29,10,6,True,False,False
10.1016/j.jct.2017.09.005#d20#p1,mol_db8dd1519b1387fd,"InChI=1S/C6H9N/c1-5-3-4-6(2)7-5/h3-4,7H,1-2H3",10.1016/j.jct.2017.09.005,341.463,391.562,50.099,8,3,2,True,False,False
10.1016/j.jct.2017.09.005#d28#p1,mol_a1b2b411f2a80735,"InChI=1S/C6H9N/c1-5-3-6(2)7-4-5/h3-4,7H,1-2H3",10.1016/j.jct.2017.09.005,338.248,388.877,50.629,9,3,3,True,False,False
10.1016/j.jct.2017.09.020#d1#p1,mol_04b975dcc163284d,"InChI=1S/C11H22O2/c1-3-4-5-6-7-8-9-10-11(12)13-2/h3-10H2,1-2H3",10.1016/j.jct.2017.09.020,389.1,413.57,24.47,3,1,1,False,False,False
10.1016/j.jct.2017.09.020#d2#p1,mol_5e1a76b3fc001a63,"InChI=1S/C13H26O2/c1-3-4-5-6-7-8-9-10-11-12-13(14)15-2/h3-12H2,1-2H3",10.1016/j.jct.2017.09.020,417.53,443.3,25.77,3,1,1,False,False,False
10.1016/j.jct.2018.01.014#d1#p1,mol_ba5eddc45843cc00,"InChI=1S/C10H14N2/c1-12-7-3-5-10(12)9-4-2-6-11-8-9/h2,4,6,8,10H,3,5,7H2,1H3/t10-/m0/s1",10.1016/j.jct.2018.01.014,288.7,373.1,84.4,22,7,6,True,False,False
10.1016/j.jct.2018.02.025#d1#p1,mol_b5478d971ba26576,InChI=1S/C12H10/c1-3-7-11(8-4-1)12-9-5-2-6-10-12/h1-10H,10.1016/j.jct.2018.02.025,345.7,376.2,30.5,11,4,5,True,False,False
10.1016/j.jct.2018.04.014#d1#p1,mol_b7f422847b230663,InChI=1S/C2H6OS/c1-4(2)3/h1-2H3,10.1016/j.jct.2018.04.014,353.1,403.1,50,6,2,2,False,False,False
10.1016/j.jct.2018.05.021#d1#p1,mol_c38e9861aa13f05a,InChI=1S/C12H10O/c1-3-7-11(8-4-1)13-12-9-5-2-6-10-12/h1-10H,10.1016/j.jct.2018.05.021,299.3,343.7,44.4,15,4,5,True,False,False
10.1016/j.jct.2018.05.029#d10#p1,mol_7823c605434c9115,"InChI=1S/C9H9N/c1-7-6-8-4-2-3-5-9(8)10-7/h2-6,10H,1H3",10.1016/j.jct.2018.05.029,339.986,429.959,89.973,11,4,3,True,False,False
10.1016/j.jct.2018.05.029#d11#p1,mol_7823c605434c9115,"InChI=1S/C9H9N/c1-7-6-8-4-2-3-5-9(8)10-7/h2-6,10H,1H3",10.1016/j.jct.2018.05.029,427.254,483.994,56.74,8,3,2,True,False,False
10.1016/j.jct.2018.07.020#d13#p1,mol_a9c437c33ea28497,"InChI=1S/C6H10N2/c1-5-4-6(2)8(3)7-5/h4H,1-3H3",10.1016/j.jct.2018.07.020,315.6,346.4,30.8,13,4,2,True,False,False
10.1016/j.jct.2018.07.020#d14#p1,mol_a41185fe88971a35,"InChI=1S/C10H10N2/c1-2-5-10(6-3-1)9-12-8-4-7-11-12/h1-8H,9H2",10.1016/j.jct.2018.07.020,298.2,358.2,60,14,5,3,True,False,False
10.1016/j.jct.2018.07.020#d16#p1,mol_ed685a6001d3930a,InChI=1S/C9H8N2/c1-2-5-9(6-3-1)11-8-4-7-10-11/h1-8H,10.1016/j.jct.2018.07.020,294.2,360.8,66.6,14,4,5,True,False,False
10.1016/j.jct.2018.07.020#d2#p1,mol_3e3fe40dbc9b9649,"InChI=1S/C4H6N2/c1-6-4-2-3-5-6/h2-4H,1H3",10.1016/j.jct.2018.07.020,273.4,308.2,34.8,22,5,7,True,True,False
10.1016/j.jct.2018.07.020#d3#p1,mol_5c8f28893ba20c7a,"InChI=1S/C5H8N2/c1-2-7-5-3-4-6-7/h3-5H,2H2,1H3",10.1016/j.jct.2018.07.020,275.2,311.2,36,17,5,5,True,False,False
10.1016/j.jct.2018.07.020#d5#p1,mol_c7243d1eeacc7b0e,"InChI=1S/C4H6N2/c1-4-2-3-5-6-4/h2-3H,1H3,(H,5,6)",10.1016/j.jct.2018.07.020,306.3,333.2,26.9,11,3,4,False,False,False
10.1016/j.jct.2018.07.020#d6#p1,mol_1a01bcbf9578c5ef,"InChI=1S/C4H6N2/c1-4-2-5-6-3-4/h2-3H,1H3,(H,5,6)",10.1016/j.jct.2018.07.020,296,340.6,44.6,10,3,3,True,False,False
10.1016/j.jct.2018.07.029#d1#p1,mol_b89af8061b7557f6,"InChI=1S/C5H10O3/c1-3-8-5(7)4(2)6/h4,6H,3H2,1-2H3/t4-/m1/s1",10.1016/j.jct.2018.07.029,274.4,318.2,43.8,27,10,8,True,False,False
10.1016/j.jct.2018.07.029#d10#p1,mol_1e8ff3a95e58fffa,"InChI=1S/C7H14O3/c1-5(8)6(9)10-7(2,3)4/h5,8H,1-4H3/t5-/m1/s1",10.1016/j.jct.2018.07.029,315,332.9,17.9,5,2,2,False,False,False
10.1016/j.jct.2018.07.029#d7#p1,mol_301adda8d033e6ed,"InChI=1S/C6H12O3/c1-4(2)9-6(8)5(3)7/h4-5,7H,1-3H3/t5-/m0/s1",10.1016/j.jct.2018.07.029,283.4,306.8,23.4,6,2,2,False,False,False
10.1016/j.jct.2018.08.015#d6#p1,mol_05467eef06c1cfff,"InChI=1S/C15H24/c1-11-6-5-7-12(2)13-10-15(3,4)14(13)9-8-11/h6,13-14H,2,5,7-10H2,1,3-4H3/b11-6+/t13-,14-/m1/s1",10.1016/j.jct.2018.08.015,370.33,464.9,94.57,7,2,3,False,False,False
10.1016/j.jct.2018.08.025#d1#p1,mol_1bdf322c4ebd3d63,"InChI=1S/C7H19N3/c1-10(6-2-4-8)7-3-5-9/h2-9H2,1H3",10.1016/j.jct.2018.08.025,293.22,441.9,148.68,16,5,5,True,False,False
10.1016/j.jct.2018.08.025#d2#p1,mol_9cc087861df9b063,"InChI=1S/C9H23N3/c1-10(2)6-8-12(5)9-7-11(3)4/h6-9H2,1-5H3",10.1016/j.jct.2018.08.025,292.98,362.95,69.97,9,4,3,True,False,False
10.1016/j.jct.2018.09.002#d1#p1,mol_b9cfbb8959e61e2d,"InChI=1S/C7H8O/c1-6-3-2-4-7(8)5-6/h2-5,8H,1H3",10.1016/j.jct.2018.09.002,422.25,422.25,0,1,1,1,False,False,False
10.1016/j.jct.2018.09.002#d4#p1,mol_c90c9223ac00ad0d,"InChI=1S/C7H8O/c1-6-2-4-7(8)5-3-6/h2-5,8H,1H3",10.1016/j.jct.2018.09.002,421.95,421.95,0,1,1,1,False,False,False
10.1016/j.jct.2018.09.002#d7#p1,mol_6b42837638374a14,"InChI=1S/C4H11NO2/c6-3-1-5-2-4-7/h5-7H,1-4H2",10.1016/j.jct.2018.09.002,489.08,489.08,0,1,1,1,False,False,False
10.1016/j.jct.2018.10.012#d7#p1,mol_132e4cfc5e4bd727,"InChI=1S/C17H34O2/c1-3-4-5-6-7-8-9-10-11-12-13-14-15-16-17(18)19-2/h3-16H2,1-2H3",10.1016/j.jct.2018.10.012,419.15,444.15,25,12,4,3,False,False,False
10.1016/j.jct.2018.11.015#d1#p1,mol_819a139398c7c5de,"InChI=1S/C10H10O4/c1-13-9(11)7-5-3-4-6-8(7)10(12)14-2/h3-6H,1-2H3",10.1016/j.jct.2018.11.015,313.15,423.15,110,6,2,2,False,False,False
10.1016/j.jct.2018.11.015#d2#p1,mol_819a139398c7c5de,"InChI=1S/C10H10O4/c1-13-9(11)7-5-3-4-6-8(7)10(12)14-2/h3-6H,1-2H3",10.1016/j.jct.2018.11.015,350.9,421.57,70.67,8,3,3,True,False,False
10.1016/j.jct.2018.11.015#d3#p1,mol_f991f1ca93072465,"InChI=1S/C19H20O4/c1-2-3-13-22-18(20)16-11-7-8-12-17(16)19(21)23-14-15-9-5-4-6-10-15/h4-12H,2-3,13-14H2,1H3",10.1016/j.jct.2018.11.015,393.15,423.15,30,2,1,1,False,False,False
10.1016/j.jct.2018.12.009#d2#p1,mol_83a135e5c50b66c1,"InChI=1S/C3H8O/c1-3(2)4/h3-4H,1-2H3",10.1016/j.jct.2018.12.009,301.24,315.8,14.56,9,8,1,False,False,False
10.1016/j.jct.2018.12.016#d2#p1,mol_f485c31dbb304f3b,InChI=1S/C2H3N/c1-2-3/h1H3,10.1016/j.jct.2018.12.016,298.15,298.15,0,1,1,1,False,False,False
10.1016/j.jct.2018.12.016#d4#p1,mol_0c2b699f18ff1976,InChI=1S/C3H6O3/c1-5-3(4)6-2/h1-2H3,10.1016/j.jct.2018.12.016,298.15,298.15,0,1,1,1,False,False,False
10.1016/j.jct.2018.12.016#d6#p1,mol_b7f422847b230663,InChI=1S/C2H6OS/c1-4(2)3/h1-2H3,10.1016/j.jct.2018.12.016,298.15,298.15,0,1,1,1,False,False,False
10.1016/j.jct.2019.01.007#d1#p1,mol_04b975dcc163284d,"InChI=1S/C11H22O2/c1-3-4-5-6-7-8-9-10-11(12)13-2/h3-10H2,1-2H3",10.1016/j.jct.2019.01.007,280.64,305.385,24.745,47,12,14,False,True,False
10.1016/j.jct.2019.01.007#d10#p1,mol_132e4cfc5e4bd727,"InChI=1S/C17H34O2/c1-3-4-5-6-7-8-9-10-11-12-13-14-15-16-17(18)19-2/h3-16H2,1-2H3",10.1016/j.jct.2019.01.007,343.55,372.685,29.135,31,10,10,False,True,False
10.1016/j.jct.2019.01.007#d11#p1,mol_132e4cfc5e4bd727,"InChI=1S/C17H34O2/c1-3-4-5-6-7-8-9-10-11-12-13-14-15-16-17(18)19-2/h3-16H2,1-2H3",10.1016/j.jct.2019.01.007,375.03,430.94,55.91,21,5,7,True,True,False
10.1016/j.jct.2019.01.007#d12#p1,mol_7adb2b6d969696ae,"InChI=1S/C18H36O2/c1-3-4-5-6-7-8-9-10-11-12-13-14-15-16-17-18(19)20-2/h3-17H2,1-2H3",10.1016/j.jct.2019.01.007,354.3,412.2,57.9,22,6,7,True,False,False
10.1016/j.jct.2019.01.007#d13#p1,mol_bbb0421bb336b7e6,"InChI=1S/C19H38O2/c1-3-4-5-6-7-8-9-10-11-12-13-14-15-16-17-18-19(20)21-2/h3-18H2,1-2H3",10.1016/j.jct.2019.01.007,363.49,391.41,27.92,22,5,8,False,True,False
10.1016/j.jct.2019.01.007#d14#p1,mol_bbb0421bb336b7e6,"InChI=1S/C19H38O2/c1-3-4-5-6-7-8-9-10-11-12-13-14-15-16-17-18-19(20)21-2/h3-18H2,1-2H3",10.1016/j.jct.2019.01.007,369.05,425.15,56.1,25,10,6,True,True,False
10.1016/j.jct.2019.01.007#d15#p1,mol_bbb0421bb336b7e6,"InChI=1S/C19H38O2/c1-3-4-5-6-7-8-9-10-11-12-13-14-15-16-17-18-19(20)21-2/h3-18H2,1-2H3",10.1016/j.jct.2019.01.007,393.92,408.88,14.96,7,2,2,False,False,False
10.1016/j.jct.2019.01.007#d2#p1,mol_04b975dcc163284d,"InChI=1S/C11H22O2/c1-3-4-5-6-7-8-9-10-11(12)13-2/h3-10H2,1-2H3",10.1016/j.jct.2019.01.007,307.68,377.3,69.62,38,6,15,True,True,False
10.1016/j.jct.2019.01.007#d3#p1,mol_d079a9561d9d2641,"InChI=1S/C12H24O2/c1-3-4-5-6-7-8-9-10-11-12(13)14-2/h3-11H2,1-2H3",10.1016/j.jct.2019.01.007,305.25,317.52,12.27,6,2,2,False,False,False
10.1016/j.jct.2019.01.007#d4#p1,mol_d079a9561d9d2641,"InChI=1S/C12H24O2/c1-3-4-5-6-7-8-9-10-11-12(13)14-2/h3-11H2,1-2H3",10.1016/j.jct.2019.01.007,319.94,341.91,21.97,10,3,3,False,False,False
10.1016/j.jct.2019.01.007#d5#p1,mol_5e1a76b3fc001a63,"InChI=1S/C13H26O2/c1-3-4-5-6-7-8-9-10-11-12-13(14)15-2/h3-12H2,1-2H3",10.1016/j.jct.2019.01.007,323.8,401.3,77.5,31,9,11,True,False,False
10.1016/j.jct.2019.01.007#d6#p1,mol_71d239be146a61dd,"InChI=1S/C14H28O2/c1-3-4-5-6-7-8-9-10-11-12-13-14(15)16-2/h3-13H2,1-2H3",10.1016/j.jct.2019.01.007,313.35,355.15,41.8,18,6,6,True,False,False
10.1016/j.jct.2019.01.007#d7#p1,mol_bace9c8b75de2210,"InChI=1S/C15H30O2/c1-3-4-5-6-7-8-9-10-11-12-13-14-15(16)17-2/h3-14H2,1-2H3",10.1016/j.jct.2019.01.007,325.2,352.73,27.53,23,7,7,False,False,False
10.1016/j.jct.2019.01.007#d8#p1,mol_bace9c8b75de2210,"InChI=1S/C15H30O2/c1-3-4-5-6-7-8-9-10-11-12-13-14-15(16)17-2/h3-14H2,1-2H3",10.1016/j.jct.2019.01.007,325.05,363.05,38,16,5,5,True,True,False
10.1016/j.jct.2019.01.007#d9#p1,mol_bace9c8b75de2210,"InChI=1S/C15H30O2/c1-3-4-5-6-7-8-9-10-11-12-13-14-15(16)17-2/h3-14H2,1-2H3",10.1016/j.jct.2019.01.007,355.48,422.88,67.4,28,9,9,True,False,False
10.1016/j.jct.2019.02.006#d1#p1,mol_8f8d88329a658c4a,"InChI=1S/C6H10O4/c1-9-5(7)3-4-6(8)10-2/h3-4H2,1-2H3",10.1016/j.jct.2019.02.006,363.39,393.49,30.1,3,1,1,False,False,False
10.1016/j.jct.2019.02.006#d2#p1,mol_f3ea48a487080019,"InChI=1S/C7H12O4/c1-10-6(8)4-3-5-7(9)11-2/h3-5H2,1-2H3",10.1016/j.jct.2019.02.006,376.09,407.11,31.02,3,1,1,False,False,False
10.1016/j.jct.2019.02.006#d3#p1,mol_0598ed94e921fa46,"InChI=1S/C8H14O4/c1-11-7(9)5-3-4-6-8(10)12-2/h3-6H2,1-2H3",10.1016/j.jct.2019.02.006,390.98,422.47,31.49,3,1,1,False,False,False
10.1016/j.jct.2019.105884#d10#p1,mol_670136e04246f1d5,"InChI=1S/C4H10O/c1-2-3-4-5/h5H,2-4H2,1H3",10.1016/j.jct.2019.105884,303.15,323.15,20,2,1,1,False,False,False
10.1016/j.jct.2019.105884#d2#p1,mol_212f24f877214356,"InChI=1S/C6H12O2/c1-4-8-6(7)5(2)3/h5H,4H2,1-3H3",10.1016/j.jct.2019.105884,303.15,323.15,20,2,1,1,False,False,False
10.1016/j.jct.2019.105884#d6#p1,mol_b4b87befe28d84ce,"InChI=1S/C2H6O/c1-2-3/h3H,2H2,1H3",10.1016/j.jct.2019.105884,303.15,303.15,0,1,1,1,False,False,False
10.1016/j.jct.2019.105884#d8#p1,mol_2465ec339bda2cbb,"InChI=1S/C3H8O/c1-2-3-4/h4H,2-3H2,1H3",10.1016/j.jct.2019.105884,303.15,323.15,20,2,1,1,False,False,False
10.1016/j.tca.2008.02.016#d4#p1,mol_3038c09a8641181a,"InChI=1S/C6H6O2/c7-5-3-1-2-4-6(5)8/h1-4,7-8H",10.1016/j.tca.2008.02.016,378.2,389.2,11,12,3,5,False,False,False
10.1016/j.tca.2008.11.005#d2#p1,mol_b4b87befe28d84ce,"InChI=1S/C2H6O/c1-2-3/h3H,2H2,1H3",10.1016/j.tca.2008.11.005,303.95,303.95,0,1,1,1,False,False,False
10.1016/j.tca.2010.07.027#d11#p1,mol_046f2add717f4221,"InChI=1S/C6H7N/c7-6-4-2-1-3-5-6/h1-5H,7H2",10.1016/j.tca.2010.07.027,298.15,298.15,0,1,1,1,False,False,False
10.1016/j.tca.2010.07.027#d5#p1,mol_680d2c2ef877ca4d,"InChI=1S/C7H9N/c1-8-7-5-3-2-4-6-7/h2-6,8H,1H3",10.1016/j.tca.2010.07.027,308.15,308.15,0,1,1,1,False,False,False
10.1016/j.tca.2010.07.027#d8#p1,mol_f82ffb899fa12758,"InChI=1S/C7H9N/c1-6-4-2-3-5-7(6)8/h2-5H,8H2,1H3",10.1016/j.tca.2010.07.027,308.15,308.15,0,1,1,1,False,False,False
10.1016/j.tca.2011.07.023#d9#p1,mol_538c4f0d7c4ce97e,"InChI=1S/C7H16/c1-3-5-7-6-4-2/h3-7H2,1-2H3",10.1016/j.tca.2011.07.023,298.15,298.15,0,1,1,1,False,False,False
10.1016/j.tca.2013.08.009#d3#p1,mol_b069af3da31010e5,"InChI=1S/C9H18O6/c1-7(2)10-12-8(3,4)14-15-9(5,6)13-11-7/h1-6H3",10.1016/j.tca.2013.08.009,371.65,410.35,38.7,17,4,5,True,True,False
10.1016/j.tca.2014.05.033#d11#p1,mol_1196b480b8769ed3,InChI=1S/C18H14/c1-3-9-15(10-4-1)17-13-7-8-14-18(17)16-11-5-2-6-12-16/h1-14H,10.1016/j.tca.2014.05.033,343.5,377.4,33.9,21,7,7,True,False,False
10.1016/j.tca.2014.05.033#d8#p1,mol_4446e9b31e59fba3,InChI=1S/C16H12/c1-2-7-13(8-3-1)16-12-6-10-14-9-4-5-11-15(14)16/h1-12H,10.1016/j.tca.2014.05.033,338,371,33,9,3,2,True,False,False
10.1016/j.tca.2015.02.004#d2#p1,mol_22a914e429e8f57c,"InChI=1S/C9H14Si/c1-10(2,3)9-7-5-4-6-8-9/h4-8H,1-3H3",10.1016/j.tca.2015.02.004,296.7,382.9,86.2,13,4,4,True,True,False
10.1016/j.tca.2015.02.004#d4#p1,mol_7eb75db0233cc0c1,"InChI=1S/C9H15NSi/c1-11(2,3)10-9-7-5-4-6-8-9/h4-8,10H,1-3H3",10.1016/j.tca.2015.02.004,311.6,411.6,100,11,5,3,True,True,False
10.1016/j.tca.2015.02.004#d7#p1,mol_8ced90bc6ccb8f46,"InChI=1S/C12H23NSi2/c1-14(2,3)13(15(4,5)6)12-10-8-7-9-11-12/h7-11H,1-6H3",10.1016/j.tca.2015.02.004,321.8,431.7,109.9,21,8,8,True,True,False
10.1016/j.tca.2015.02.004#d8#p1,mol_e7d60690a0df8ab7,"InChI=1S/C6H19NSi2/c1-8(2,3)7-9(4,5)6/h7H,1-6H3",10.1016/j.tca.2015.02.004,290.85,341.1,50.25,14,5,5,True,True,False
10.1016/j.tca.2015.03.016#d1#p1,mol_df36260e25a0f59a,"InChI=1S/C6H13N/c7-6-4-2-1-3-5-6/h6H,1-5,7H2",10.1016/j.tca.2015.03.016,283.2,308.3,25.1,10,3,3,False,False,False
10.1016/j.tca.2015.03.016#d2#p1,mol_2c26c5ea55ef74f0,"InChI=1S/C7H15N/c1-8-7-5-3-2-4-6-7/h7-8H,2-6H2,1H3",10.1016/j.tca.2015.03.016,275.2,314.2,39,14,4,4,True,False,False
10.1016/j.tca.2015.03.016#d3#p1,mol_87cb1e86dd100e73,"InChI=1S/C8H17N/c1-9(2)8-6-4-3-5-7-8/h8H,3-7H2,1-2H3",10.1016/j.tca.2015.03.016,275.35,314.3,38.95,14,4,4,True,False,False
10.1016/j.tca.2015.03.016#d4#p1,mol_752fe3dca8afa6dd,"InChI=1S/C12H23N/c1-3-7-11(8-4-1)13-12-9-5-2-6-10-12/h11-13H,1-10H2",10.1016/j.tca.2015.03.016,295.4,333.2,37.8,14,4,4,True,False,False
10.1016/j.tca.2015.04.011#d4#p1,mol_af4829eb52c939fe,"InChI=1S/C8H10/c1-7-5-3-4-6-8(7)2/h3-6H,1-2H3",10.1016/j.tca.2015.04.011,353.2,353.2,0,1,1,1,False,False,False
10.1016/j.tca.2015.08.013#d14#p1,mol_467811238401dcaa,"InChI=1S/C5H6O/c1-5-3-2-4-6-5/h2-4H,1H3",10.1016/j.tca.2015.08.013,285.37,294.3,8.93,6,3,2,False,False,False
10.1016/j.tca.2015.08.013#d21#p1,mol_489f01adfafa1d79,"InChI=1S/C6H8O/c1-5-3-4-6(2)7-5/h3-4H,1-2H3",10.1016/j.tca.2015.08.013,283.16,319.27,36.11,9,3,4,True,False,False
10.1016/j.tca.2016.06.014#d16#p1,mol_cb4bc58b27da9048,"InChI=1S/C6H11Br/c7-6-4-2-1-3-5-6/h6H,1-5H2",10.1016/j.tca.2016.06.014,277.5,297.3,19.8,12,3,3,False,False,False
10.1016/j.tca.2016.12.010#d1#p1,mol_327f3d3474e55905,"InChI=1S/C4H9NO/c1-3-6-4-2-5-1/h5H,1-4H2",10.1016/j.tca.2016.12.010,343.91,343.91,0,1,1,1,False,False,False
10.1016/j.tca.2016.12.010#d4#p1,mol_2e538f5e181d5946,"InChI=1S/C10H22O/c1-2-3-4-5-6-7-8-9-10-11/h11H,2-10H2,1H3",10.1016/j.tca.2016.12.010,436.56,436.56,0,1,1,1,False,False,False
10.1016/j.tca.2017.07.001#d1#p1,mol_39ce5f6b5769ea06,"InChI=1S/C3H7NO2/c1-3(2)4(5)6/h3H,1-2H3",10.1016/j.tca.2017.07.001,274.75,314.1,39.35,9,3,3,True,True,False
10.1016/j.tca.2017.07.001#d2#p1,mol_653d9692caede90e,"InChI=1S/C4H9NO2/c1-4(2,3)5(6)7/h1-3H3",10.1016/j.tca.2017.07.001,299.3,328.1,28.8,10,2,3,False,False,False
10.1016/j.tca.2017.12.006#d1#p1,mol_94e6e3bf1a1fa03f,"InChI=1S/C6H10O3/c1-5(7)3-4-6(8)9-2/h3-4H2,1-2H3",10.1016/j.tca.2017.12.006,293.5,353.2,59.7,13,4,4,True,False,False
10.1016/j.tca.2017.12.006#d2#p1,mol_90b69659cd0ca4f3,"InChI=1S/C7H12O3/c1-3-10-7(9)5-4-6(2)8/h3-5H2,1-2H3",10.1016/j.tca.2017.12.006,293.5,348.8,55.3,12,4,4,True,False,False
10.1016/j.tca.2017.12.006#d3#p1,mol_6a2881146cb0a319,"InChI=1S/C9H16O3/c1-3-4-7-12-9(11)6-5-8(2)10/h3-7H2,1-2H3",10.1016/j.tca.2017.12.006,298.2,347.8,49.6,11,3,4,True,False,False
10.1016/j.tca.2018.05.009#d2#p1,mol_e34c33a88a00d971,InChI=1S/C4H6O3/c1-3(5)4(6)7-2/h1-2H3,10.1016/j.tca.2018.05.009,279.4,307.8,28.4,12,2,6,False,False,False
10.1016/j.tca.2018.07.016#d1#p1,mol_f599bee9d7f71e01,"InChI=1S/C6H13N/c1-2-4-6-7-5-3-1/h7H,1-6H2",10.1016/j.tca.2018.07.016,275.3,321.2,45.9,15,5,5,True,False,False
10.1016/j.tca.2018.07.016#d2#p1,mol_3990f91812cec3f3,"InChI=1S/C7H15N/c1-2-4-6-8-7-5-3-1/h8H,1-7H2",10.1016/j.tca.2018.07.016,276.1,324.9,48.8,18,5,5,True,True,False
10.1016/j.tca.2018.07.016#d3#p1,mol_6175878e18979484,"InChI=1S/C8H17N/c1-2-4-6-8-9-7-5-3-1/h9H,1-8H2",10.1016/j.tca.2018.07.016,274.6,323.4,48.8,11,4,4,True,False,False
10.1016/j.tca.2018.07.026#d3#p1,mol_0f0591160b233804,InChI=1S/C11H7N/c12-8-10-6-3-5-9-4-1-2-7-11(9)10/h1-7H,10.1016/j.tca.2018.07.026,317.4,353.2,35.8,15,5,4,True,False,False
10.1016/j.tca.2019.05.011#d1#p1,mol_83a135e5c50b66c1,"InChI=1S/C3H8O/c1-3(2)4/h3-4H,1-2H3",10.1016/j.tca.2019.05.011,297.8,315.8,18,3,1,2,False,False,False
10.1016/j.tca.2019.178413#d1#p1,mol_360d41877d5341ed,"InChI=1S/C7H8O/c1-8-7-5-3-2-4-6-7/h2-6H,1H3",10.1016/j.tca.2019.178413,313.2,313.2,0,1,1,1,False,False,False
10.1016/j.tca.2019.178413#d3#p1,mol_b44b37c017007981,"InChI=1S/C7H8/c1-7-5-3-2-4-6-7/h2-6H,1H3",10.1016/j.tca.2019.178413,313.2,313.2,0,1,1,1,False,False,False
10.1021/acs.jced.5b00255#d2#p1,mol_cb21e768ef2b1f0d,"InChI=1S/C10H16O2Si/c1-4-13(11-2,12-3)10-8-6-5-7-9-10/h5-9H,4H2,1-3H3",10.1021/acs.jced.5b00255,373.53,428.51,54.98,11,4,3,True,False,False
10.1021/acs.jced.5b00255#d4#p1,mol_d57bff6112d57ec0,"InChI=1S/C12H20O2Si/c1-4-13-15(6-3,14-5-2)12-10-8-7-9-11-12/h7-11H,4-6H2,1-3H3",10.1021/acs.jced.5b00255,400.94,450.61,49.67,5,2,3,False,False,False
10.1021/acs.jced.5b00537#d2#p1,mol_f32efffa3cd8e3f1,"InChI=1S/C5H12O/c1-4-5(2,3)6/h6H,4H2,1-3H3",10.1021/acs.jced.5b00537,296.655,336.26,39.605,29,9,6,True,True,False
10.1021/acs.jced.5b00537#d6#p1,mol_8b6a2383c538f690,"InChI=1S/C4H10O/c1-4(2)3-5/h4-5H,3H2,1-2H3",10.1021/acs.jced.5b00537,296.87,342.515,45.645,22,7,6,True,True,False
10.1021/acs.jced.5b00545#d4#p1,mol_132e4cfc5e4bd727,"InChI=1S/C17H34O2/c1-3-4-5-6-7-8-9-10-11-12-13-14-15-16-17(18)19-2/h3-16H2,1-2H3",10.1021/acs.jced.5b00545,407.12,447.06,39.94,15,6,3,True,False,False
10.1021/acs.jced.5b00606#d4#p1,mol_dbe771e1f1ced6a0,InChI=1S/C6H5N3/c1-3-9-4-2-8-6(9)5-7-1/h1-5H,10.1021/acs.jced.5b00606,369.6,393.4,23.8,8,3,2,False,False,False
10.1021/acs.jced.5b00752#d2#p1,mol_e43335be86f26619,InChI=1S/C10H8/c1-2-6-10-8-4-3-7-9(10)5-1/h1-8H,10.1021/acs.jced.5b00752,357.1905,422.548,65.3575,13,3,4,True,True,False
10.1021/acs.jced.5b00752#d5#p1,mol_d4445907461eb33b,"InChI=1S/C12H14O4/c1-3-15-11(13)9-7-5-6-8-10(9)12(14)16-4-2/h5-8H,3-4H2,1-2H3",10.1021/acs.jced.5b00752,322.213,452.116,129.903,13,3,4,True,True,False
10.1021/acs.jced.5b00760#d1#p1,mol_b1820f534fb61402,InChI=1S/C6H6/c1-2-4-6-5-3-1/h1-6H,10.1021/acs.jced.5b00760,303.15,303.15,0,1,1,1,False,False,False
10.1021/acs.jced.5b00760#d2#p1,mol_b44b37c017007981,"InChI=1S/C7H8/c1-7-5-3-2-4-6-7/h2-6H,1H3",10.1021/acs.jced.5b00760,323.16,334.25,11.09,6,2,2,False,False,False
10.1021/acs.jced.5b00760#d3#p1,mol_ca0440f5ec95bc5f,InChI=1S/C4H4S/c1-2-4-5-3-1/h1-4H,10.1021/acs.jced.5b00760,303.15,308.15,5,2,1,1,False,False,False
10.1021/acs.jced.5b00978#d4#p1,mol_e53a559272965ffc,"InChI=1S/C9H7NO2/c1-12-9(11)8-4-2-7(6-10)3-5-8/h2-5H,1H3",10.1021/acs.jced.5b00978,339.83,393.05,53.22,19,6,6,True,False,False
10.1021/acs.jced.5b01003#d1#p1,mol_1caed83bbde05074,"InChI=1S/C3H10N2/c1-5-3-2-4/h5H,2-4H2,1H3",10.1021/acs.jced.5b01003,272.2,302.2,30,22,5,7,True,False,False
10.1021/acs.jced.5b01003#d2#p1,mol_fbfba0e871eef2de,"InChI=1S/C4H12N2/c1-5-3-4-6-2/h5-6H,3-4H2,1-2H3",10.1021/acs.jced.5b01003,279.2,310.7,31.5,14,4,5,True,False,False
10.1021/acs.jced.5b01003#d3#p1,mol_cc2fc42bf1c5d229,"InChI=1S/C5H14N2/c1-6-4-5-7(2)3/h6H,4-5H2,1-3H3",10.1021/acs.jced.5b01003,274.2,305.4,31.2,11,6,3,True,False,False
10.1021/acs.jced.5b01003#d4#p1,mol_b56bd443798b71a3,"InChI=1S/C4H12N2/c1-6(2)4-3-5/h3-5H2,1-2H3",10.1021/acs.jced.5b01003,273.8,303.2,29.4,15,4,6,False,False,False
10.1021/acs.jced.6b00293#d2#p1,mol_b4b87befe28d84ce,"InChI=1S/C2H6O/c1-2-3/h3H,2H2,1H3",10.1021/acs.jced.6b00293,315.14,315.14,0,1,1,1,False,False,False
10.1021/acs.jced.6b00409#d4#p1,mol_3ead941b0482ece6,"InChI=1S/C6F14/c7-1(8,3(11,12)5(15,16)17)2(9,10)4(13,14)6(18,19)20",10.1021/acs.jced.6b00409,277.74,287.77,10.03,3,1,1,False,False,False
10.1021/acs.jced.6b00409#d7#p1,mol_517756553f493ba0,"InChI=1S/C8F18/c9-1(10,3(13,14)5(17,18)7(21,22)23)2(11,12)4(15,16)6(19,20)8(24,25)26",10.1021/acs.jced.6b00409,277.72,332.87,55.15,8,3,3,True,False,False
10.1021/acs.jced.6b00451#d1#p1,mol_cd763b71083e146a,"InChI=1S/C13H28N2/c1-6-7-8-14-11-9-12(2,3)15-13(4,5)10-11/h11,14-15H,6-10H2,1-5H3",10.1021/acs.jced.6b00451,398.7,462.1,63.4,5,2,1,False,False,False
10.1021/acs.jced.6b00470#d1#p1,mol_42dec7eac7c31a97,"InChI=1S/C12H16O2/c1-12(2,3)10-7-5-9(6-8-10)11(13)14-4/h5-8H,1-4H3",10.1021/acs.jced.6b00470,398.3,473.6,75.3,19,10,3,True,False,False
10.1021/acs.jced.6b00517#d12#p1,mol_7ea8ab72c1e55be3,"InChI=1S/C9H18O3/c1-3-5-7-11-9(10)12-8-6-4-2/h3-8H2,1-2H3",10.1021/acs.jced.6b00517,383.16,420.73,37.57,4,2,1,False,False,False
10.1021/acs.jced.6b00523#d2#p1,mol_e43335be86f26619,InChI=1S/C10H8/c1-2-6-10-8-4-3-7-9(10)5-1/h1-8H,10.1021/acs.jced.6b00523,355.35,358.36,3.01,2,1,1,False,False,False
10.1021/acs.jced.6b00523#d3#p1,mol_a3ab0bd2d4d80422,"InChI=1S/C10H22/c1-3-5-7-9-10-8-6-4-2/h3-10H2,1-2H3",10.1021/acs.jced.6b00523,276.765,331.925,55.16,17,6,6,True,False,False
10.1021/acs.jced.6b00576#d1#p1,mol_a10f5d63214e97e2,"InChI=1S/C2H5N/c1-2-3-1/h3H,1-2H2",10.1021/acs.jced.6b00576,274.52,289.96,15.44,6,3,1,False,False,False
10.1021/acs.jced.6b00576#d10#p1,mol_43e3cdae7078a32d,"InChI=1S/C5H11NO/c1-6-2-4-7-5-3-6/h2-5H2,1H3",10.1021/acs.jced.6b00576,276.28,318.64,42.36,14,3,3,True,True,False
10.1021/acs.jced.6b00576#d12#p1,mol_440a94c527338aad,"InChI=1S/C5H12N2/c1-7-4-2-6-3-5-7/h6H,2-5H2,1H3",10.1021/acs.jced.6b00576,274.39,319.47,45.08,18,5,7,True,False,False
10.1021/acs.jced.6b00576#d13#p1,mol_7f9b9c7a996206a7,"InChI=1S/C6H14N2/c1-7-3-5-8(2)6-4-7/h3-6H2,1-2H3",10.1021/acs.jced.6b00576,276.29,319.53,43.24,14,4,3,True,False,False
10.1021/acs.jced.6b00576#d14#p1,mol_d0ceddc379a4671f,"InChI=1S/C3H9NO/c1-5-3-2-4/h2-4H2,1H3",10.1021/acs.jced.6b00576,275.16,317.6,42.44,11,3,3,True,False,False
10.1021/acs.jced.6b00576#d15#p1,mol_638d35e8475c0c14,"InChI=1S/C4H11NO/c1-6-4-2-3-5/h2-5H2,1H3",10.1021/acs.jced.6b00576,278.95,317.57,38.62,12,3,3,True,False,False
10.1021/acs.jced.6b00576#d16#p1,mol_d256cec7b59305ff,InChI=1S/C4H8O/c1-2-4-5-3-1/h1-4H2,10.1021/acs.jced.6b00576,273.6,292.65,19.05,6,3,2,False,False,False
10.1021/acs.jced.6b00576#d18#p1,mol_ce86a4b54495b02c,InChI=1S/C5H10O/c1-2-4-6-5-3-1/h1-5H2,10.1021/acs.jced.6b00576,273.74,313.73,39.99,9,3,3,True,False,False
10.1021/acs.jced.6b00576#d19#p1,mol_7663493163cbdca1,InChI=1S/C3H6O2/c1-2-5-3-4-1/h1-3H2,10.1021/acs.jced.6b00576,280.46,305.57,25.11,9,4,4,False,False,False
10.1021/acs.jced.6b00576#d2#p1,mol_aa23a92cc343fbb6,"InChI=1S/C3H7N/c1-2-4-3-1/h4H,1-3H2",10.1021/acs.jced.6b00576,273.18,293.56,20.38,6,2,2,False,False,False
10.1021/acs.jced.6b00576#d20#p1,mol_953db3858ca974a4,InChI=1S/C4H8O2/c1-2-6-4-3-5-1/h1-4H2,10.1021/acs.jced.6b00576,285.11,313.38,28.27,9,3,3,False,True,False
10.1021/acs.jced.6b00576#d22#p1,mol_b6b13d8dfbd75423,"InChI=1S/C5H12O/c1-3-5(6)4-2/h5-6H,3-4H2,1-2H3",10.1021/acs.jced.6b00576,279.05,318.42,39.37,10,3,3,True,False,False
10.1021/acs.jced.6b00576#d24#p1,mol_7d3c668ba3d76cd7,"InChI=1S/C7H16O/c1-3-5-7(8)6-4-2/h7-8H,3-6H2,1-2H3",10.1021/acs.jced.6b00576,282.43,320.38,37.95,18,2,7,False,False,False
10.1021/acs.jced.6b00576#d25#p1,mol_5fa3d4f920d98423,"InChI=1S/C5H10O/c6-5-3-1-2-4-5/h5-6H,1-4H2",10.1021/acs.jced.6b00576,279.84,314.3,34.46,13,4,5,True,False,False
10.1021/acs.jced.6b00576#d27#p1,mol_5feb1fde294beccb,"InChI=1S/C6H12O/c7-6-4-2-1-3-5-6/h6-7H,1-5H2",10.1021/acs.jced.6b00576,298.84,319.51,20.67,12,3,6,False,False,False
10.1021/acs.jced.6b00576#d28#p1,mol_7a83f5f0134a6504,"InChI=1S/C7H14O/c8-7-5-3-1-2-4-6-7/h7-8H,1-6H2",10.1021/acs.jced.6b00576,284.35,320.88,36.53,15,4,6,True,True,False
10.1021/acs.jced.6b00576#d3#p1,mol_97895e747db97ae6,"InChI=1S/C4H9N/c1-2-4-5-3-1/h5H,1-4H2",10.1021/acs.jced.6b00576,273.16,313.46,40.3,9,3,2,True,False,False
10.1021/acs.jced.6b00576#d4#p1,mol_6fe75c0be8cd2f8a,"InChI=1S/C5H11N/c1-2-4-6-5-3-1/h6H,1-5H2",10.1021/acs.jced.6b00576,283.64,318.34,34.7,10,2,4,False,False,False
10.1021/acs.jced.6b00576#d5#p1,mol_f599bee9d7f71e01,"InChI=1S/C6H13N/c1-2-4-6-7-5-3-1/h7H,1-6H2",10.1021/acs.jced.6b00576,273.13,313.17,40.04,9,3,3,True,False,False
10.1021/acs.jced.6b00576#d6#p1,mol_3990f91812cec3f3,"InChI=1S/C7H15N/c1-2-4-6-8-7-5-3-1/h8H,1-7H2",10.1021/acs.jced.6b00576,273.22,313.5,40.28,9,3,3,True,False,False
10.1021/acs.jced.6b00576#d7#p1,mol_38039963605715c8,"InChI=1S/C5H11N/c1-6-4-2-3-5-6/h2-5H2,1H3",10.1021/acs.jced.6b00576,273.17,302.94,29.77,8,4,1,False,False,False
10.1021/acs.jced.6b00576#d8#p1,mol_d9ec66217e35d939,"InChI=1S/C6H13N/c1-7-5-3-2-4-6-7/h2-6H2,1H3",10.1021/acs.jced.6b00576,273.18,313.47,40.29,10,3,2,True,False,False
10.1021/acs.jced.6b00576#d9#p1,mol_327f3d3474e55905,"InChI=1S/C4H9NO/c1-3-6-4-2-5-1/h5H,1-4H2",10.1021/acs.jced.6b00576,273.27,318.26,44.99,11,3,3,True,False,False
10.1021/acs.jced.6b00916#d2#p1,mol_b03713094d2066c8,"InChI=1S/C3H2ClF3/c4-2-1-3(5,6)7/h1-2H/b2-1+",10.1021/acs.jced.6b00916,252.15,252.15,0,1,1,1,False,False,False
10.1021/acs.jced.7b00005#d1#p1,mol_f485c31dbb304f3b,InChI=1S/C2H3N/c1-2-3/h1H3,10.1021/acs.jced.7b00005,295.25,295.4,0.15,2,1,1,False,False,False
10.1021/acs.jced.7b00008#d1#p1,mol_299a215a96655c24,InChI=1S/C4H6O2/c5-4-2-1-3-6-4/h1-3H2,10.1021/acs.jced.7b00008,420.11,420.11,0,1,1,1,False,False,False
10.1021/acs.jced.7b00008#d2#p1,mol_97b91a30f9b33b70,InChI=1S/C4H4O3/c5-3-1-2-4(6)7-3/h1-2H2,10.1021/acs.jced.7b00008,475.01,475.01,0,1,1,1,False,False,False
10.1021/acs.jced.7b00026#d12#p1,mol_301d3a83ae1e6ae0,"InChI=1S/C6H12O/c1-5(2)4-6(3)7/h5H,4H2,1-3H3",10.1021/acs.jced.7b00026,323.15,338.15,15,2,1,1,False,False,False
10.1021/acs.jced.7b00099#d1#p1,mol_5e1a76b3fc001a63,"InChI=1S/C13H26O2/c1-3-4-5-6-7-8-9-10-11-12-13(14)15-2/h3-12H2,1-2H3",10.1021/acs.jced.7b00099,353.15,433.15,80,9,3,3,True,False,False
10.1021/acs.jced.7b00099#d2#p1,mol_bace9c8b75de2210,"InChI=1S/C15H30O2/c1-3-4-5-6-7-8-9-10-11-12-13-14-15(16)17-2/h3-14H2,1-2H3",10.1021/acs.jced.7b00099,353.15,453.15,100,11,4,4,True,False,False
10.1021/acs.jced.7b00099#d3#p1,mol_132e4cfc5e4bd727,"InChI=1S/C17H34O2/c1-3-4-5-6-7-8-9-10-11-12-13-14-15-16-17(18)19-2/h3-16H2,1-2H3",10.1021/acs.jced.7b00099,373.15,453.15,80,9,3,3,True,False,False
10.1021/acs.jced.7b00099#d4#p1,mol_bf39f6deed5d4b6a,"InChI=1S/C14H30/c1-3-5-7-9-11-13-14-12-10-8-6-4-2/h3-14H2,1-2H3",10.1021/acs.jced.7b00099,351.75,453.15,101.4,23,7,8,True,True,False
10.1021/acs.jced.7b00119#d1#p1,mol_f5b1d62bafd7f460,InChI=1S/C4H9NO/c1-4(6)5(2)3/h1-3H3,10.1021/acs.jced.7b00119,328.15,363.15,35,5,2,2,False,False,False
10.1021/acs.jced.7b00119#d10#p1,mol_6a1b88d7d4729d66,"InChI=1S/C8H18O/c1-3-5-7-9-8-6-4-2/h3-8H2,1-2H3",10.1021/acs.jced.7b00119,353.15,353.15,0,1,1,1,False,False,False
10.1021/acs.jced.7b00119#d4#p1,mol_c24403b08adc6841,"InChI=1S/C8H16/c1-3-5-7-8-6-4-2/h3H,1,4-8H2,2H3",10.1021/acs.jced.7b00119,328.15,328.15,0,1,1,1,False,False,False
10.1021/acs.jced.7b00141#d5#p1,mol_39beef09cdd1ae08,"InChI=1S/C6H12O2/c1-3-4-5-8-6(2)7/h3-5H2,1-2H3",10.1021/acs.jced.7b00141,328.98,346.66,17.68,3,1,1,False,False,False
10.1021/acs.jced.7b00236#d1#p1,mol_d395bc83f11503fd,"InChI=1S/C8H18/c1-7(2)6-8(3,4)5/h7H,6H2,1-5H3",10.1021/acs.jced.7b00236,303.15,323.15,20,5,2,2,False,False,False
10.1021/acs.jced.7b00236#d2#p1,mol_538c4f0d7c4ce97e,"InChI=1S/C7H16/c1-3-5-7-6-4-2/h3-7H2,1-2H3",10.1021/acs.jced.7b00236,303.15,323.15,20,5,2,2,False,False,False
10.1021/acs.jced.7b00236#d3#p1,mol_b44b37c017007981,"InChI=1S/C7H8/c1-7-5-3-2-4-6-7/h2-6H,1H3",10.1021/acs.jced.7b00236,303.15,323.15,20,5,2,2,False,False,False
10.1021/acs.jced.7b00236#d4#p1,mol_2e302d909c9e5e5c,"InChI=1S/C5H10O3/c1-3-7-5(6)8-4-2/h3-4H2,1-2H3",10.1021/acs.jced.7b00236,303.15,323.15,20,5,2,2,False,False,False
10.1021/acs.jced.7b00295#d13#p1,mol_8328a6e934e84481,"InChI=1S/C7H14O3/c1-3-5-9-7(8)10-6-4-2/h3-6H2,1-2H3",10.1021/acs.jced.7b00295,253.15,308.15,55,13,4,4,True,False,False
10.1021/acs.jced.7b00295#d9#p1,mol_2e302d909c9e5e5c,"InChI=1S/C5H10O3/c1-3-7-5(6)8-4-2/h3-4H2,1-2H3",10.1021/acs.jced.7b00295,253.15,296.15,43,11,3,3,True,False,False
10.1021/acs.jced.7b00344#d1#p1,mol_241178e06777b8f6,"InChI=1S/C5H8O/c1-4(6)5-2-3-5/h5H,2-3H2,1H3",10.1021/acs.jced.7b00344,300,320.8,20.8,3,1,1,False,False,False
10.1021/acs.jced.7b00344#d9#p1,mol_3e1f0455f3d45ffd,"InChI=1S/C5H9ClO/c1-5(7)3-2-4-6/h2-4H2,1H3",10.1021/acs.jced.7b00344,343.2,373.8,30.6,4,1,1,False,False,False
10.1021/acs.jced.7b00354#d3#p1,mol_49cd80c0af1fd256,"InChI=1S/C7H6O2/c1-5-4-6(8)2-3-7(5)9/h2-4H,1H3",10.1021/acs.jced.7b00354,343.2,363.1,19.9,7,2,2,False,False,False
10.1021/acs.jced.7b00377#d9#p1,mol_34be7a6aa1bbce24,"InChI=1S/C7H16O2/c1-4-8-6-9-5-7(2)3/h7H,4-6H2,1-3H3",10.1021/acs.jced.7b00377,320.54,344.53,23.99,3,1,1,False,False,False
10.1021/acs.jced.7b00574#d1#p1,mol_942daac293e911e8,InChI=1S/C5H4O2/c6-4-5-2-1-3-7-5/h1-4H,10.1021/acs.jced.7b00574,326.05,375.75,49.7,14,2,4,False,True,False
10.1021/acs.jced.7b00574#d2#p1,mol_fa6014b0e97e2afc,"InChI=1S/C6H6O2/c1-5(7)6-3-2-4-8-6/h2-4H,1H3",10.1021/acs.jced.7b00574,337.95,386.55,48.6,14,3,3,True,True,False
10.1021/acs.jced.7b00574#d3#p1,mol_4581eaef241767fe,"InChI=1S/C6H6O2/c1-5-2-3-6(4-7)8-5/h2-4H,1H3",10.1021/acs.jced.7b00574,339.05,405.85,66.8,17,4,5,True,False,False
10.1021/acs.jced.7b00574#d4#p1,mol_a39fe39f3d910b4e,"InChI=1S/C8H18O/c1-2-3-4-5-6-7-8-9/h9H,2-8H2,1H3",10.1021/acs.jced.7b00574,354.85,417.35,62.5,14,3,4,True,False,False
10.1021/acs.jced.7b00599#d2#p1,mol_08c55f7701cab54c,"InChI=1S/C6H12O/c1-7-6-4-2-3-5-6/h6H,2-5H2,1H3",10.1021/acs.jced.7b00599,258.55,308.25,49.7,10,4,3,True,False,False
10.1021/acs.jced.7b00599#d4#p1,mol_08c55f7701cab54c,"InChI=1S/C6H12O/c1-7-6-4-2-3-5-6/h6H,2-5H2,1H3",10.1021/acs.jced.7b00599,328.15,328.15,0,1,1,1,False,False,False
10.1021/acs.jced.7b00599#d8#p1,mol_b44b37c017007981,"InChI=1S/C7H8/c1-7-5-3-2-4-6-7/h2-6H,1H3",10.1021/acs.jced.7b00599,328.15,328.15,0,1,1,1,False,False,False
10.1021/acs.jced.7b00827#d11#p1,mol_efba6971b29362ed,"InChI=1S/C8H10O/c1-6-4-3-5-7(2)8(6)9/h3-5,9H,1-2H3",10.1021/acs.jced.7b00827,418.21,418.21,0,1,1,1,False,False,False
10.1021/acs.jced.7b00827#d5#p1,mol_b9cfbb8959e61e2d,"InChI=1S/C7H8O/c1-6-3-2-4-7(8)5-6/h2-5,8H,1H3",10.1021/acs.jced.7b00827,422.28,422.28,0,1,1,1,False,False,False
10.1021/acs.jced.7b00836#d2#p1,mol_2ea49b3823ebd7ad,"InChI=1S/C6H14/c1-3-5-6-4-2/h3-6H2,1-2H3",10.1021/acs.jced.7b00836,288.24,288.24,0,1,1,1,False,False,False
10.1021/acs.jced.7b00875#d4#p1,mol_3fd637a4d667fe51,"InChI=1S/C9H20/c1-3-5-7-9-8-6-4-2/h3-9H2,1-2H3",10.1021/acs.jced.7b00875,323.21,343.21,20,3,1,1,False,False,False
10.1021/acs.jced.7b00875#d6#p1,mol_a3ab0bd2d4d80422,"InChI=1S/C10H22/c1-3-5-7-9-10-8-6-4-2/h3-10H2,1-2H3",10.1021/acs.jced.7b00875,328.17,348.16,19.99,3,1,1,False,False,False
10.1021/acs.jced.7b00892#d12#p1,mol_83a135e5c50b66c1,"InChI=1S/C3H8O/c1-3(2)4/h3-4H,1-2H3",10.1021/acs.jced.7b00892,313.11,318.11,5,2,1,1,False,False,False
10.1021/acs.jced.7b00892#d9#p1,mol_b4b87befe28d84ce,"InChI=1S/C2H6O/c1-2-3/h3H,2H2,1H3",10.1021/acs.jced.7b00892,303.12,303.12,0,1,1,1,False,False,False
10.1021/acs.jced.7b01064#d1#p1,mol_670136e04246f1d5,"InChI=1S/C4H10O/c1-2-3-4-5/h5H,2-4H2,1H3",10.1021/acs.jced.7b01064,293.15,328.15,35,8,3,3,True,False,False
10.1021/acs.jced.7b01091#d11#p1,mol_ce86a4b54495b02c,InChI=1S/C5H10O/c1-2-4-6-5-3-1/h1-5H2,10.1021/acs.jced.7b01091,298.15,298.15,0,1,1,1,False,False,False
10.1021/acs.jced.7b01091#d12#p1,mol_ce86a4b54495b02c,InChI=1S/C5H10O/c1-2-4-6-5-3-1/h1-5H2,10.1021/acs.jced.7b01091,275.59,315.36,39.77,5,2,2,False,False,False
10.1021/acs.jced.7b01091#d2#p1,mol_77bbf943053f2531,InChI=1S/C2H4Cl2/c3-1-2-4/h1-2H2,10.1021/acs.jced.7b01091,298.15,298.15,0,1,1,1,False,False,False
10.1021/acs.jced.7b01091#d3#p1,mol_77bbf943053f2531,InChI=1S/C2H4Cl2/c3-1-2-4/h1-2H2,10.1021/acs.jced.7b01091,284.87,304.82,19.95,3,1,1,False,True,False
10.1021/acs.jced.7b01091#d5#p1,mol_7663493163cbdca1,InChI=1S/C3H6O2/c1-2-5-3-4-1/h1-3H2,10.1021/acs.jced.7b01091,298.15,298.15,0,1,1,1,False,False,False
10.1021/acs.jced.7b01091#d6#p1,mol_7663493163cbdca1,InChI=1S/C3H6O2/c1-2-5-3-4-1/h1-3H2,10.1021/acs.jced.7b01091,275,304.79,29.79,4,1,1,False,False,False
10.1021/acs.jced.7b01091#d8#p1,mol_953db3858ca974a4,InChI=1S/C4H8O2/c1-2-6-4-3-5-1/h1-4H2,10.1021/acs.jced.7b01091,298.15,298.15,0,1,1,1,False,False,False
10.1021/acs.jced.7b01091#d9#p1,mol_953db3858ca974a4,InChI=1S/C4H8O2/c1-2-6-4-3-5-1/h1-4H2,10.1021/acs.jced.7b01091,284.59,324.92,40.33,5,2,2,False,False,False
10.1021/acs.jced.7b01128#d4#p1,mol_7bd3eb1878fd3045,"InChI=1S/C5H12O/c1-5(2)3-4-6/h5-6H,3-4H2,1-2H3",10.1021/acs.jced.7b01128,343.15,343.15,0,1,1,1,False,False,False
10.1021/acs.jced.7b01128#d6#p1,mol_327f3d3474e55905,"InChI=1S/C4H9NO/c1-3-6-4-2-5-1/h5H,1-4H2",10.1021/acs.jced.7b01128,343.15,353.15,10,2,1,1,False,False,False
10.1021/acs.jced.8b00005#d1#p1,mol_b4b87befe28d84ce,"InChI=1S/C2H6O/c1-2-3/h3H,2H2,1H3",10.1021/acs.jced.8b00005,307.52,315.24,7.72,4,1,1,False,False,False
10.1021/acs.jced.8b00005#d2#p1,mol_a3ec1070c8366fe2,"InChI=1S/C5H10O2/c1-4(2)7-5(3)6/h4H,1-3H3",10.1021/acs.jced.8b00005,304.07,317.77,13.7,6,2,2,False,False,False
10.1021/acs.jced.8b00054#d2#p1,mol_3590edb9884753b9,"InChI=1S/C2H6O2/c3-1-2-4/h3-4H,1-2H2",10.1021/acs.jced.8b00054,390.4,423.01,32.61,3,1,1,False,False,False
10.1021/acs.jced.8b00054#d5#p1,mol_7ff2a8a99ea3e83d,"InChI=1S/C5H13NO2/c1-6(2-4-7)3-5-8/h7-8H,2-5H2,1H3",10.1021/acs.jced.8b00054,430.52,467.58,37.06,4,2,1,False,False,False
10.1021/acs.jced.8b00064#d5#p1,mol_670136e04246f1d5,"InChI=1S/C4H10O/c1-2-3-4-5/h5H,2-4H2,1H3",10.1021/acs.jced.8b00064,333.2,348.2,15,2,1,1,False,False,False
10.1021/acs.jced.8b00103#d6#p1,mol_8b6a2383c538f690,"InChI=1S/C4H10O/c1-4(2)3-5/h4-5H,3H2,1-2H3",10.1021/acs.jced.8b00103,333.15,333.15,0,1,1,1,False,False,False
10.1021/acs.jced.8b00125#d1#p1,mol_e983a25bd52a944d,InChI=1S/C6H12/c1-2-4-6-5-3-1/h1-6H2,10.1021/acs.jced.8b00125,303.15,303.15,0,1,1,1,False,False,False
10.1021/acs.jced.8b00125#d2#p1,mol_256a0ea2592048b0,"InChI=1S/C7H14/c1-7-5-3-2-4-6-7/h7H,2-6H2,1H3",10.1021/acs.jced.8b00125,303.15,323.15,20,3,1,1,False,False,False
10.1021/acs.jced.8b00125#d3#p1,mol_03247da988422eaf,"InChI=1S/C8H16/c1-2-8-6-4-3-5-7-8/h8H,2-7H2,1H3",10.1021/acs.jced.8b00125,303.15,343.15,40,5,2,2,False,False,False
10.1021/acs.jced.8b00125#d4#p1,mol_538c4f0d7c4ce97e,"InChI=1S/C7H16/c1-3-5-7-6-4-2/h3-7H2,1-2H3",10.1021/acs.jced.8b00125,303.15,323.15,20,3,1,1,False,False,False
10.1021/acs.jced.8b00125#d5#p1,mol_a3ab0bd2d4d80422,"InChI=1S/C10H22/c1-3-5-7-9-10-8-6-4-2/h3-10H2,1-2H3",10.1021/acs.jced.8b00125,303.15,383.15,80,9,3,3,True,False,False
10.1021/acs.jced.8b00125#d6#p1,mol_7a77950532c8e700,"InChI=1S/C12H26/c1-3-5-7-9-11-12-10-8-6-4-2/h3-12H2,1-2H3",10.1021/acs.jced.8b00125,343.15,393.15,50,6,2,2,False,False,False
10.1021/acs.jced.8b00153#d16#p1,mol_42c6f7b242941e8c,"InChI=1S/C6H8O/c1-2-6-4-3-5-7-6/h3-5H,2H2,1H3",10.1021/acs.jced.8b00153,289.96,317.62,27.66,12,2,5,False,False,False
10.1021/acs.jced.8b00153#d8#p1,mol_62811f5ff2999e78,"InChI=1S/C6H8S/c1-2-6-4-3-5-7-6/h3-5H,2H2,1H3",10.1021/acs.jced.8b00153,292.41,356.68,64.27,17,4,7,True,False,False
10.1021/acs.jced.8b00552#d2#p1,mol_8b6a2383c538f690,"InChI=1S/C4H10O/c1-4(2)3-5/h4-5H,3H2,1-2H3",10.1021/acs.jced.8b00552,332.65,332.65,0,1,1,1,False,False,False
10.1021/acs.jced.8b00552#d6#p1,mol_435971c8aa9ce0da,"InChI=1S/C5H12O/c1-2-3-4-5-6/h6H,2-5H2,1H3",10.1021/acs.jced.8b00552,333.65,348.55,14.9,3,1,1,False,False,False
10.1021/acs.jced.8b00590#d1#p1,mol_5dbb586fa38c6136,"InChI=1S/C5H9N/c1-2-3-4-5-6/h2-4H2,1H3",10.1021/acs.jced.8b00590,329.35,362.77,33.42,4,1,1,False,False,False
10.1021/acs.jced.8b00590#d4#p1,mol_60a1aefe4aec9d39,InChI=1S/C6H4Cl2/c7-5-3-1-2-4-6(5)8/h1-4H,10.1021/acs.jced.8b00590,360.41,388.41,28,3,1,1,False,False,False
10.1021/acs.jced.8b00643#d5#p1,mol_fdf32f1c3d1f602f,"InChI=1S/C4H7NO2/c6-4-5-2-1-3-7-4/h1-3H2,(H,5,6)",10.1021/acs.jced.8b00643,358,385.1,27.1,10,4,3,False,False,False
10.1021/acs.jced.8b00699#d1#p1,mol_581ae09a60a3f350,"InChI=1S/C7H13N/c1-2-3-4-5-6-7-8/h2-6H2,1H3",10.1021/acs.jced.8b00699,253.15,308.18,55.03,13,4,4,True,False,False
10.1021/acs.jced.8b00699#d2#p1,mol_ea37acee7bc3d9f6,"InChI=1S/C8H15N/c1-2-3-4-5-6-7-8-9/h2-7H2,1H3",10.1021/acs.jced.8b00699,258.15,308.15,50,12,4,4,True,False,False
10.1021/acs.jced.8b00699#d3#p1,mol_22159cf19c24ba5e,"InChI=1S/C9H17N/c1-2-3-4-5-6-7-8-9-10/h2-8H2,1H3",10.1021/acs.jced.8b00699,273.66,308.18,34.52,8,3,3,True,False,False
10.1021/acs.jced.8b00765#d12#p1,mol_83a135e5c50b66c1,"InChI=1S/C3H8O/c1-3(2)4/h3-4H,1-2H3",10.1021/acs.jced.8b00765,293.17,313.15,19.98,5,2,2,False,False,False
10.1021/acs.jced.8b00765#d6#p1,mol_e983a25bd52a944d,InChI=1S/C6H12/c1-2-4-6-5-3-1/h1-6H2,10.1021/acs.jced.8b00765,293.19,303.17,9.98,3,1,1,False,True,False
10.1021/acs.jced.8b00765#d9#p1,mol_583617cfddce87a5,"InChI=1S/C6H12/c1-3-5-6-4-2/h3H,1,4-6H2,2H3",10.1021/acs.jced.8b00765,293.18,293.18,0,1,1,1,False,False,False
10.1021/acs.jced.8b01046#d2#p1,mol_04968cd803835a04,"InChI=1S/C27H50O6/c1-4-7-10-13-16-19-25(28)31-22-24(33-27(30)21-18-15-12-9-6-3)23-32-26(29)20-17-14-11-8-5-2/h24H,4-23H2,1-3H3",10.1021/acs.jced.8b01046,423.2,448.2,25,4,2,1,False,False,False
10.1021/acs.jced.8b01159#d2#p1,mol_fab901c0c3251313,"InChI=1S/C6H13NO/c1-2-7-3-5-8-6-4-7/h2-6H2,1H3",10.1021/acs.jced.8b01159,253.155,298.17,45.015,10,3,3,True,True,False
10.1021/acs.jced.8b01174#d4#p1,mol_e4f2a51ba21b0d6f,"InChI=1S/C17H38N4/c1-16(2)13-15(14-17(3,4)20-16)19-11-7-9-18-10-8-12-21(5)6/h15,18-20H,7-14H2,1-6H3",10.1021/acs.jced.8b01174,474.01,486.31,12.3,4,1,1,False,False,False
10.1021/acs.jced.9b00001#d1#p1,mol_b03713094d2066c8,"InChI=1S/C3H2ClF3/c4-2-1-3(5,6)7/h1-2H/b2-1+",10.1021/acs.jced.9b00001,253.171,253.171,0,1,1,1,False,False,False
10.1021/acs.jced.9b00100#d4#p1,mol_670136e04246f1d5,"InChI=1S/C4H10O/c1-2-3-4-5/h5H,2-4H2,1H3",10.1021/acs.jced.9b00100,342.95,342.95,0,1,1,1,False,False,False
10.1021/acs.jced.9b00102#d2#p1,mol_2465ec339bda2cbb,"InChI=1S/C3H8O/c1-2-3-4/h4H,2-3H2,1H3",10.1021/acs.jced.9b00102,303.15,323.15,20,3,1,1,False,False,False
10.1021/acs.jced.9b00102#d6#p1,mol_8b6a2383c538f690,"InChI=1S/C4H10O/c1-4(2)3-5/h4-5H,3H2,1-2H3",10.1021/acs.jced.9b00102,303.15,323.15,20,2,1,1,False,False,False
10.1021/acs.jced.9b00152#d4#p1,mol_502267b1d358ae7d,"InChI=1S/C5H10O2/c1-3-4-7-5(2)6/h3-4H2,1-2H3",10.1021/acs.jced.9b00152,329.58,329.58,0,1,1,1,False,False,False
10.1021/acs.jced.9b00152#d5#p1,mol_a3ec1070c8366fe2,"InChI=1S/C5H10O2/c1-4(2)7-5(3)6/h4H,1-3H3",10.1021/acs.jced.9b00152,317.77,317.77,0,1,1,1,False,False,False
10.1021/acs.jced.9b00306#d1#p1,mol_2483b3ccb2b39f62,"InChI=1S/C6H14O2/c7-5-3-1-2-4-6-8/h7-8H,1-6H2",10.1021/acs.jced.9b00306,456.93,474.79,17.86,2,1,1,False,False,False
10.1021/acs.jced.9b00306#d2#p1,mol_0598ed94e921fa46,"InChI=1S/C8H14O4/c1-11-7(9)5-3-4-6-8(10)12-2/h3-6H2,1-2H3",10.1021/acs.jced.9b00306,424.91,450.08,25.17,4,1,2,False,False,False
10.1021/acs.jced.9b00419#d2#p1,mol_304fa968ee31b51b,"InChI=1S/C12H24O2/c1-3-5-7-9-11-14-12(13)10-8-6-4-2/h3-11H2,1-2H3",10.1021/acs.jced.9b00419,298.4,347.3,48.9,11,3,4,True,False,False
10.1021/je020110g#d1#p1,mol_6ea740b63f4d7f2b,"InChI=1S/C4H9Br/c1-2-3-4-5/h2-4H2,1H3",10.1021/je020110g,278.15,323.15,45,10,3,3,True,False,False
10.1021/je020110g#d3#p1,mol_8b6a2383c538f690,"InChI=1S/C4H10O/c1-4(2)3-5/h4-5H,3H2,1-2H3",10.1021/je020110g,278.15,323.15,45,10,3,3,True,False,False
10.1021/je020117y#d1#p1,mol_942daac293e911e8,InChI=1S/C5H4O2/c6-4-5-2-1-3-7-5/h1-4H,10.1021/je020117y,339.16,355.16,16,6,2,2,False,True,False
10.1021/je020117y#d2#p1,mol_4581eaef241767fe,"InChI=1S/C6H6O2/c1-5-2-3-6(4-7)8-5/h2-4H,1H3",10.1021/je020117y,359.95,376.55,16.6,7,3,2,False,True,False
10.1021/je0201976#d12#p1,mol_1dd9a897d5e1ecef,"InChI=1S/C5H5F7O/c1-13-2-3(6,7)4(8,9)5(10,11)12/h2H2,1H3",10.1021/je0201976,291.65,291.65,0,1,1,1,False,False,False
10.1021/je0201976#d22#p1,mol_6cae8d15871f8d0b,"InChI=1S/C6H6F8O/c1-15-2-4(9,10)6(13,14)5(11,12)3(7)8/h3H,2H2,1H3",10.1021/je0201976,301.49,342.67,41.18,5,2,2,False,False,False
10.1021/je0201976#d4#p1,mol_aa544f442b0ebc55,"InChI=1S/C5H3F9O/c6-2(7)4(10,11)15-1-3(8,9)5(12,13)14/h2H,1H2",10.1021/je0201976,299.64,299.64,0,1,1,1,False,False,False
10.1021/je0201976#d50#p1,mol_a93b39db6a02109e,"InChI=1S/C4H4F6O/c5-3(6,7)1-11-2-4(8,9)10/h1-2H2",10.1021/je0201976,293.4,293.59,0.19,2,1,1,False,False,False
10.1021/je0201976#d54#p1,mol_767144cefd9a01b7,"InChI=1S/C4H4F6O/c5-2(6)1-11-4(9,10)3(7)8/h2-3H,1H2",10.1021/je0201976,300.91,300.91,0,1,1,1,False,False,False
10.1021/je020210m#d9#p1,mol_08aab174136fca84,"InChI=1S/C4H4F4O/c1-2(9)4(7,8)3(5)6/h3H,1H3",10.1021/je020210m,297.98,297.98,0,1,1,1,False,False,False
10.1021/je025534p#d1#p1,mol_80a7457a3267a94e,"InChI=1S/C4H8O2/c1-4-5-2-3-6-4/h4H,2-3H2,1H3",10.1021/je025534p,298,308,10,3,1,1,False,False,False
10.1021/je0255628#d2#p1,mol_b482dd7c4a655efd,"InChI=1S/C4H10O2/c1-2-6-4-3-5/h5H,2-4H2,1H3",10.1021/je0255628,308.15,313.15,5,2,1,1,False,False,False
10.1021/je0255628#d5#p1,mol_502267b1d358ae7d,"InChI=1S/C5H10O2/c1-3-4-7-5(2)6/h3-4H2,1-2H3",10.1021/je0255628,313.15,313.15,0,1,1,1,False,False,False
10.1021/je0255628#d6#p1,mol_6eb44d0732fcdc70,"InChI=1S/C5H10O2/c1-3-5(6)7-4-2/h3-4H2,1-2H3",10.1021/je0255628,313.15,313.15,0,1,1,1,False,False,False
10.1021/je025566c#d1#p1,mol_08de694c9506e17b,"InChI=1S/C6H6O/c7-6-4-2-1-3-5-6/h1-5,7H",10.1021/je025566c,353.15,393.15,40,3,1,1,False,False,False
10.1021/je025566c#d3#p1,mol_b482dd7c4a655efd,"InChI=1S/C4H10O2/c1-2-6-4-3-5/h5H,2-4H2,1H3",10.1021/je025566c,333.15,353.15,20,3,1,1,False,False,False
10.1021/je025566c#d4#p1,mol_dd7217c8aa001588,"InChI=1S/C5H10O2/c1-2-3-4-7-5-6/h5H,2-4H2,1H3",10.1021/je025566c,313.16,333.145,19.985,5,2,2,False,False,False
10.1021/je025576d#d4#p1,mol_3c910e6c11c5e493,InChI=1S/C9H7N/c1-2-6-9-8(4-1)5-3-7-10-9/h1-7H,10.1021/je025576d,408.35,435.45,27.1,4,2,1,False,True,False
10.1021/je025576d#d8#p1,mol_3c289d4e289f2410,"InChI=1S/C2H3F3O/c3-2(4,5)1-6/h6H,1H2",10.1021/je025576d,293.15,304.05,10.9,3,1,1,False,False,False
10.1021/je0255980#d1#p1,mol_cf8f354d990ebe29,"InChI=1S/C14H30O/c1-7-8-9-10-11-15-14(5,6)12-13(2,3)4/h7-12H2,1-6H3",10.1021/je0255980,295.8,326.2,30.4,11,4,4,True,False,False
10.1021/je0255980#d10#p1,mol_e1045e97e4815b23,"InChI=1S/C11H24O/c1-7-8-12-11(5,6)9-10(2,3)4/h7-9H2,1-6H3",10.1021/je0255980,274.3,308.2,33.9,23,11,5,True,False,False
10.1021/je0255980#d11#p1,mol_77691d2337bfc619,"InChI=1S/C12H26O/c1-7-8-9-13-12(5,6)10-11(2,3)4/h7-10H2,1-6H3",10.1021/je0255980,278.3,314.2,35.9,13,4,4,True,False,False
10.1021/je0255980#d2#p1,mol_10541e572cd04e9e,"InChI=1S/C13H28O/c1-7-8-9-10-14-13(5,6)11-12(2,3)4/h7-11H2,1-6H3",10.1021/je0255980,277.5,303.2,25.7,11,3,4,False,False,False
10.1021/je0255980#d3#p1,mol_13ff42623f3cf866,"InChI=1S/C8H18O/c1-7(2)6-9-8(3,4)5/h7H,6H2,1-5H3",10.1021/je0255980,273.3,308.4,35.1,20,6,7,True,True,False
10.1021/je0255980#d4#p1,mol_8477b7b46a4f3d7e,"InChI=1S/C6H14O/c1-5-6(2,3)7-4/h5H2,1-4H3",10.1021/je0255980,274.2,307.8,33.6,11,3,6,True,False,False
10.1021/je0255980#d5#p1,mol_5e0efb61904c3869,"InChI=1S/C7H16O/c1-5-7(3,4)8-6-2/h5-6H2,1-4H3",10.1021/je0255980,274.2,302.2,28,12,3,5,False,False,False
10.1021/je0255980#d6#p1,mol_e918295dc5dd314a,"InChI=1S/C8H18O/c1-5-7-9-8(3,4)6-2/h5-7H2,1-4H3",10.1021/je0255980,274.2,302.2,28,13,3,5,False,False,False
10.1021/je0255980#d7#p1,mol_4eadf0af1849f947,"InChI=1S/C9H20O/c1-5-7-8-10-9(3,4)6-2/h5-8H2,1-4H3",10.1021/je0255980,274.2,308.2,34,16,5,5,True,False,False
10.1021/je0255980#d8#p1,mol_1a56e24870b3472e,"InChI=1S/C9H20O/c1-8(2,3)7-9(4,5)10-6/h7H2,1-6H3",10.1021/je0255980,276.2,308,31.8,17,4,5,True,True,False
10.1021/je0255980#d9#p1,mol_61d64dd5b35cfdac,"InChI=1S/C10H22O/c1-7-11-10(5,6)8-9(2,3)4/h7-8H2,1-6H3",10.1021/je0255980,274.3,301.2,26.9,10,3,3,False,False,False
10.1021/je025621h#d1#p1,mol_b4b87befe28d84ce,"InChI=1S/C2H6O/c1-2-3/h3H,2H2,1H3",10.1021/je025621h,312.17,313.43,1.26,2,1,1,False,False,False
10.1021/je025621h#d2#p1,mol_e983a25bd52a944d,InChI=1S/C6H12/c1-2-4-6-5-3-1/h1-6H2,10.1021/je025621h,302.92,306.91,3.99,3,1,1,False,False,False
10.1021/je025631i#d6#p1,mol_913f04ec4de50c29,"InChI=1S/C8H18/c1-3-5-7-8-6-4-2/h3-8H2,1-2H3",10.1021/je025631i,348.15,348.15,0,1,1,1,False,False,False
10.1021/je025634v#d10#p1,mol_65b637e94cd66c7e,"InChI=1S/C10H18O2/c1-2-6-10(11)12-9-7-4-3-5-8-9/h9H,2-8H2,1H3",10.1021/je025634v,273.17,310.41,37.24,9,3,2,True,True,False
10.1021/je025634v#d11#p1,mol_65b637e94cd66c7e,"InChI=1S/C10H18O2/c1-2-6-10(11)12-9-7-4-3-5-8-9/h9H,2-8H2,1H3",10.1021/je025634v,278,313.2,35.2,17,5,6,True,False,False
10.1021/je025634v#d13#p1,mol_17a72fa1b6a75538,"InChI=1S/C11H20O2/c1-2-3-9-11(12)13-10-7-5-4-6-8-10/h10H,2-9H2,1H3",10.1021/je025634v,283.54,318.21,34.67,8,3,3,True,True,False
10.1021/je025634v#d14#p1,mol_17a72fa1b6a75538,"InChI=1S/C11H20O2/c1-2-3-9-11(12)13-10-7-5-4-6-8-10/h10H,2-9H2,1H3",10.1021/je025634v,293.2,332.2,39,23,5,7,True,False,False
10.1021/je025634v#d2#p1,mol_ad64c2cfe3c93488,"InChI=1S/C8H14O2/c1-7(9)10-8-5-3-2-4-6-8/h8H,2-6H2,1H3",10.1021/je025634v,253.47,283.67,30.2,7,2,2,False,False,False
10.1021/je025634v#d3#p1,mol_ad64c2cfe3c93488,"InChI=1S/C8H14O2/c1-7(9)10-8-5-3-2-4-6-8/h8H,2-6H2,1H3",10.1021/je025634v,274.1,318.2,44.1,20,5,7,True,False,False
10.1021/je025634v#d5#p1,mol_a78531f40bfa734a,"InChI=1S/C7H12O2/c8-6-9-7-4-2-1-3-5-7/h6-7H,1-5H2",10.1021/je025634v,253.02,273.165,20.145,10,3,4,False,False,False
10.1021/je025634v#d7#p1,mol_20837b2036542f40,"InChI=1S/C9H16O2/c1-2-9(10)11-8-6-4-3-5-7-8/h8H,2-7H2,1H3",10.1021/je025634v,253.48,293.56,40.08,7,3,2,True,True,False
10.1021/je025634v#d8#p1,mol_20837b2036542f40,"InChI=1S/C9H16O2/c1-2-9(10)11-8-6-4-3-5-7-8/h8H,2-7H2,1H3",10.1021/je025634v,274.7,313.2,38.5,20,6,6,True,False,False
10.1021/je025651k#d3#p1,mol_bcfe0436200b409a,"InChI=1S/C5H10O/c1-3-5(6)4-2/h3-4H2,1-2H3",10.1021/je025651k,290,320,30,3,1,1,False,False,False
10.1021/je025651k#d9#p1,mol_b6b13d8dfbd75423,"InChI=1S/C5H12O/c1-3-5(6)4-2/h5-6H,3-4H2,1-2H3",10.1021/je025651k,293.8,339.8,46,7,2,2,False,False,False
10.1021/je025660t#d1#p1,mol_f485c31dbb304f3b,InChI=1S/C2H3N/c1-2-3/h1H3,10.1021/je025660t,302.25,307.09,4.84,2,1,1,False,False,False
10.1021/je025660t#d2#p1,mol_25b76921742ed7fa,"InChI=1S/C3H5N/c1-2-3-4/h2H2,1H3",10.1021/je025660t,309.38,323.15,13.77,7,2,3,False,False,False
10.1021/je025660t#d3#p1,mol_b4ec50115958b3dd,"InChI=1S/C5H13N/c1-2-3-4-5-6/h2-6H2,1H3",10.1021/je025660t,322.61,328.37,5.76,2,1,1,False,False,False
10.1021/je030168a#d1#p1,mol_6ea740b63f4d7f2b,"InChI=1S/C4H9Br/c1-2-3-4-5/h2-4H2,1H3",10.1021/je030168a,278.15,323.15,45,10,3,3,True,False,False
10.1021/je030168a#d2#p1,mol_a39fe39f3d910b4e,"InChI=1S/C8H18O/c1-2-3-4-5-6-7-8-9/h9H,2-8H2,1H3",10.1021/je030168a,288.15,323.15,35,8,3,3,True,False,False
10.1021/je030168a#d3#p1,mol_2e538f5e181d5946,"InChI=1S/C10H22O/c1-2-3-4-5-6-7-8-9-10-11/h11H,2-10H2,1H3",10.1021/je030168a,308.15,323.15,15,4,1,1,False,False,False
10.1021/je030222n#d1#p1,mol_670136e04246f1d5,"InChI=1S/C4H10O/c1-2-3-4-5/h5H,2-4H2,1H3",10.1021/je030222n,314.19,342.17,27.98,4,2,1,False,False,False
10.1021/je030222n#d4#p1,mol_3fd637a4d667fe51,"InChI=1S/C9H20/c1-3-5-7-9-8-6-4-2/h3-9H2,1-2H3",10.1021/je030222n,322.59,371.37,48.78,4,1,1,False,False,False
10.1021/je0302349#d1#p1,mol_c75fad41ddce441e,"InChI=1S/C7H8O2/c1-9-7-5-3-2-4-6(7)8/h2-5,8H,1H3",10.1021/je0302349,373.15,413.15,40,4,1,2,False,False,False
10.1021/je0302349#d2#p1,mol_4ed4476039d60934,"InChI=1S/C8H10O2/c1-9-7-5-3-4-6-8(7)10-2/h3-6H,1-2H3",10.1021/je0302349,373.15,413.15,40,4,1,2,False,False,False
10.1021/je034096z#d2#p1,mol_64e5f8dfe16d9044,"InChI=1S/C10H22O3/c1-2-3-4-5-7-12-9-10-13-8-6-11/h11H,2-10H2,1H3",10.1021/je034096z,402.985,423.15,20.165,7,3,3,False,False,False
10.1021/je034096z#d3#p1,mol_496a55139eacec75,"InChI=1S/C5H9NO/c1-6-4-2-3-5(6)7/h2-4H2,1H3",10.1021/je034096z,352.27,377.86,25.59,9,2,4,False,False,False
10.1021/je034144f#d1#p1,mol_f485c31dbb304f3b,InChI=1S/C2H3N/c1-2-3/h1H3,10.1021/je034144f,277.922,309.636,31.714,11,3,4,True,False,False
10.1021/je034153o#d1#p1,mol_b482dd7c4a655efd,"InChI=1S/C4H10O2/c1-2-6-4-3-5/h5H,2-4H2,1H3",10.1021/je034153o,303.15,303.15,0,1,1,1,False,False,False
10.1021/je034153o#d4#p1,mol_c555c47fe3d2bf7e,"InChI=1S/CCl4/c2-1(3,4)5",10.1021/je034153o,303.15,303.15,0,1,1,1,False,False,False
10.1021/je034173q#d2#p1,mol_c4d2e3aa2bcb522b,InChI=1S/C3H4O3/c4-3-5-1-2-6-3/h1-2H2,10.1021/je034173q,451.58,460.15,8.57,3,1,1,False,False,False
10.1021/je034197x#d1#p1,mol_6dc54388549b234e,"InChI=1S/CH4O/c1-2/h2H,1H3",10.1021/je034197x,298.15,298.15,0,1,1,1,False,False,False
10.1021/je034197x#d2#p1,mol_b4b87befe28d84ce,"InChI=1S/C2H6O/c1-2-3/h3H,2H2,1H3",10.1021/je034197x,298.15,313.15,15,4,1,1,False,False,False
10.1021/je034197x#d3#p1,mol_2465ec339bda2cbb,"InChI=1S/C3H8O/c1-2-3-4/h4H,2-3H2,1H3",10.1021/je034197x,298.15,328.15,30,7,2,2,False,False,False
10.1021/je034197x#d4#p1,mol_83a135e5c50b66c1,"InChI=1S/C3H8O/c1-3(2)4/h3-4H,1-2H3",10.1021/je034197x,298.15,318.15,20,5,2,2,False,False,False
10.1021/je034197x#d5#p1,mol_670136e04246f1d5,"InChI=1S/C4H10O/c1-2-3-4-5/h5H,2-4H2,1H3",10.1021/je034197x,298.15,348.15,50,11,4,4,True,False,False
10.1021/je034222z#d3#p1,mol_ff54a8bf2e6632ae,"InChI=1S/C10H5F17O/c11-3(12,1-2-28)4(13,14)5(15,16)6(17,18)7(19,20)8(21,22)9(23,24)10(25,26)27/h28H,1-2H2",10.1021/je034222z,357.15,415.15,58,6,2,2,False,False,False
10.1021/je0342522#d2#p1,mol_3590edb9884753b9,"InChI=1S/C2H6O2/c3-1-2-4/h3-4H,1-2H2",10.1021/je0342522,333.15,353.15,20,2,1,1,False,False,False
10.1021/je0342522#d4#p1,mol_b6168ead9ee43526,"InChI=1S/C8H8O/c1-7(9)8-5-3-2-4-6-8/h2-6H,1H3",10.1021/je0342522,323.27,323.27,0,1,1,1,False,False,False
10.1021/je034259j#d13#p1,mol_3b77e9f37a5881a9,InChI=1S/C2H4BrCl/c3-1-2-4/h1-2H2,10.1021/je034259j,313.15,313.15,0,1,1,1,False,False,False
10.1021/je034259j#d4#p1,mol_c12442c83d78b47e,InChI=1S/CH2Br2/c2-1-3/h1H2,10.1021/je034259j,313.15,313.15,0,1,1,1,False,False,False
10.1021/je034263v#d2#p1,mol_8058f2b63219b26a,InChI=1S/C6H5Cl2P/c7-9(8)6-4-2-1-3-5-6/h1-5H,10.1021/je034263v,349.26,426.06,76.8,26,9,8,True,False,False
10.1021/je034263v#d5#p1,mol_7982e06cefd90b4f,"InChI=1S/C6H5Cl2OP/c7-10(8,9)6-4-2-1-3-5-6/h1-5H",10.1021/je034263v,377.15,457.65,80.5,20,7,5,True,False,False
10.1021/je034278t#d1#p1,mol_792e292bef612372,"InChI=1S/C4H10OS/c1-3-6(5)4-2/h3-4H2,1-2H3",10.1021/je034278t,298.15,318.15,20,5,2,2,False,False,False
10.1021/je049561m#d1#p1,mol_b8293313f61ea38f,"InChI=1S/C6H14O/c1-2-3-4-5-6-7/h7H,2-6H2,1H3",10.1021/je049561m,265,363.2,98.2,23,7,7,True,True,False
10.1021/je049561m#d11#p1,mol_c69bf2d8c5c184a7,"InChI=1S/C9H20O/c1-7(2)5-9(10)6-8(3)4/h7-10H,5-6H2,1-4H3",10.1021/je049561m,278.2,321.2,43,13,4,3,True,False,False
10.1021/je049561m#d2#p1,mol_e687bcf74e76aad5,"InChI=1S/C7H16O/c1-2-3-4-5-6-7-8/h8H,2-7H2,1H3",10.1021/je049561m,283.4,323.2,39.8,20,5,7,True,True,False
10.1021/je049561m#d3#p1,mol_fe38c48a132d8ec5,"InChI=1S/C9H20O/c1-2-3-4-5-6-7-8-9-10/h10H,2-9H2,1H3",10.1021/je049561m,288.2,353.4,65.2,23,7,5,True,True,False
10.1021/je049561m#d6#p1,mol_8ba34edb9356bbe8,"InChI=1S/C7H16O/c1-4-5-6-7(2,3)8/h8H,4-6H2,1-3H3",10.1021/je049561m,274.4,306.2,31.8,13,4,5,True,False,False
10.1021/je049561m#d7#p1,mol_9ea52b961b4fd060,"InChI=1S/C7H16O/c1-4-7(8,5-2)6-3/h8H,4-6H2,1-3H3",10.1021/je049561m,275.3,311.2,35.9,13,4,4,True,False,False
10.1021/je049561m#d8#p1,mol_b3ee2ab98d9cebaf,"InChI=1S/C8H18O/c1-4-5-6-7-8(2,3)9/h9H,4-7H2,1-3H3",10.1021/je049561m,275.4,314.2,38.8,14,4,4,True,False,False
10.1021/je049595u#d11#p1,mol_13bbe069dee5316b,"InChI=1S/C10H9N/c1-8-6-7-9-4-2-3-5-10(9)11-8/h2-7H,1H3",10.1021/je049595u,319.989,404.97,84.981,9,3,3,True,False,False
10.1021/je049595u#d12#p1,mol_13bbe069dee5316b,"InChI=1S/C10H9N/c1-8-6-7-9-4-2-3-5-10(9)11-8/h2-7H,1H3",10.1021/je049595u,394.236,457.677,63.441,8,3,2,True,False,False
10.1021/je049595u#d28#p1,mol_2634d93cfb57c01a,"InChI=1S/C10H9N/c1-8-4-2-5-9-6-3-7-11-10(8)9/h2-7H,1H3",10.1021/je049595u,315.614,404.974,89.36,10,3,3,True,False,False
10.1021/je049595u#d29#p1,mol_2634d93cfb57c01a,"InChI=1S/C10H9N/c1-8-4-2-5-9-6-3-7-11-10(8)9/h2-7H,1H3",10.1021/je049595u,393.84,457.459,63.619,9,3,3,True,False,False
10.1021/je049600u#d1#p1,mol_435971c8aa9ce0da,"InChI=1S/C5H12O/c1-2-3-4-5-6/h6H,2-5H2,1H3",10.1021/je049600u,298.15,368.15,70,15,5,5,True,False,False
10.1021/je049600u#d2#p1,mol_b8293313f61ea38f,"InChI=1S/C6H14O/c1-2-3-4-5-6-7/h7H,2-6H2,1H3",10.1021/je049600u,298.15,383.15,85,18,6,6,True,False,False
10.1021/je049600u#d3#p1,mol_e687bcf74e76aad5,"InChI=1S/C7H16O/c1-2-3-4-5-6-7-8/h8H,2-7H2,1H3",10.1021/je049600u,298.15,398.15,100,21,7,7,True,False,False
10.1021/je049600u#d4#p1,mol_a39fe39f3d910b4e,"InChI=1S/C8H18O/c1-2-3-4-5-6-7-8-9/h9H,2-8H2,1H3",10.1021/je049600u,298.15,418.15,120,25,8,8,True,False,False
10.1021/je049627d#d1#p1,mol_327f3d3474e55905,"InChI=1S/C4H9NO/c1-3-6-4-2-5-1/h5H,1-4H2",10.1021/je049627d,308.15,353.15,45,8,3,2,True,False,False
10.1021/je049627d#d2#p1,mol_91ac98172fb47d8a,"InChI=1S/C8H14O4/c1-4-11-7(9)6(3)8(10)12-5-2/h6H,4-5H2,1-3H3",10.1021/je049627d,373.15,413.15,40,5,2,2,False,False,False
10.1021/je049627d#d3#p1,mol_18682c77282e708e,"InChI=1S/C8H18O3/c1-3-9-5-7-11-8-6-10-4-2/h3-8H2,1-2H3",10.1021/je049627d,363.15,403.15,40,5,2,2,False,False,False
10.1021/je049627d#d4#p1,mol_64e5f8dfe16d9044,"InChI=1S/C10H22O3/c1-2-3-4-5-7-12-9-10-13-8-6-11/h11H,2-10H2,1H3",10.1021/je049627d,413.15,473.15,60,9,4,2,True,False,False
10.1021/je049627d#d5#p1,mol_72cc05bdc47c9de8,"InChI=1S/C12H26O3/c1-3-5-7-13-9-11-15-12-10-14-8-6-4-2/h3-12H2,1-2H3",10.1021/je049627d,403.15,463.15,60,8,3,2,True,False,False
10.1021/je049627d#d6#p1,mol_f4140df6fa2e15f2,"InChI=1S/C8H16O3/c1-3-4-5-10-6-7-11-8(2)9/h3-7H2,1-2H3",10.1021/je049627d,363.15,403.15,40,5,2,2,False,False,False
10.1021/je049627d#d7#p1,mol_c8e0325536b00f47,"InChI=1S/C8H16O4/c1-3-10-4-5-11-6-7-12-8(2)9/h3-7H2,1-2H3",10.1021/je049627d,363.15,423.15,60,7,2,2,False,False,False
10.1021/je049761y#d1#p1,mol_e554601fff053edf,"InChI=1S/C2H7NO/c3-1-2-4/h4H,1-3H2",10.1021/je049761y,279,324.5,45.5,13,5,2,True,False,False
10.1021/je049761y#d2#p1,mol_bd766895d345d764,"InChI=1S/C3H9NO/c1-4-2-3-5/h4-5H,2-3H2,1H3",10.1021/je049761y,274.9,320.2,45.3,15,5,5,True,True,False
10.1021/je049761y#d3#p1,mol_d978c547652ea745,"InChI=1S/C4H11NO/c1-2-5-3-4-6/h5-6H,2-4H2,1H3",10.1021/je049761y,282.5,321.3,38.8,17,5,5,True,True,False
10.1021/je049761y#d4#p1,mol_0aa38cb71170ee29,"InChI=1S/C4H11NO/c1-5(2)3-4-6/h6H,3-4H2,1-2H3",10.1021/je049761y,277.9,316.3,38.4,26,4,12,True,True,False
10.1021/je049761y#d5#p1,mol_32d4a096496c381d,"InChI=1S/C6H15NO/c1-3-7(4-2)5-6-8/h8H,3-6H2,1-2H3",10.1021/je049761y,278.2,318.3,40.1,29,5,12,True,True,False
10.1021/je0497799#d1#p1,mol_d3125f71fb8f9281,"InChI=1S/C4H10O2/c5-3-1-2-4-6/h5-6H,1-4H2",10.1021/je0497799,329.2,363.2,34,19,7,4,True,True,False
10.1021/je0497799#d2#p1,mol_360d41877d5341ed,"InChI=1S/C7H8O/c1-8-7-5-3-2-4-6-7/h2-6H,1H3",10.1021/je0497799,278.3,323.6,45.3,18,4,5,True,False,False
10.1021/je0497799#d3#p1,mol_06fbc6cb23a1cc98,"InChI=1S/C7H8O/c8-6-7-4-2-1-3-5-7/h1-5,8H,6H2",10.1021/je0497799,282.2,323.6,41.4,18,5,5,True,False,False
10.1021/je0497799#d4#p1,mol_3590edb9884753b9,"InChI=1S/C2H6O2/c3-1-2-4/h3-4H,1-2H2",10.1021/je0497799,303.2,363.6,60.4,20,4,8,True,False,False
10.1021/je049816w#d1#p1,mol_21bf1d98a39d4e5e,"InChI=1S/C6H14O2/c1-4-7-6(3)8-5-2/h6H,4-5H2,1-3H3",10.1021/je049816w,328.35,328.35,0,1,1,1,False,False,False
10.1021/je049823k#d1#p1,mol_06fbc6cb23a1cc98,"InChI=1S/C7H8O/c8-6-7-4-2-1-3-5-7/h1-5,8H,6H2",10.1021/je049823k,282.9,321.1,38.2,14,4,4,True,False,False
10.1021/je049823k#d2#p1,mol_15c27366f9af4374,"InChI=1S/C11H16O/c1-11(2,3)12-9-10-7-5-4-6-8-10/h4-8H,9H2,1-3H3",10.1021/je049823k,277.8,308,30.2,24,5,7,True,False,False
10.1021/je049867t#d4#p1,mol_8477b7b46a4f3d7e,"InChI=1S/C6H14O/c1-5-6(2,3)7-4/h5H2,1-4H3",10.1021/je049867t,298.02,306.98,8.96,2,1,1,False,False,False
10.1021/je049867t#d6#p1,mol_b44b37c017007981,"InChI=1S/C7H8/c1-7-5-3-2-4-6-7/h2-6H,1H3",10.1021/je049867t,308.15,323.15,15,3,1,1,False,False,False
10.1021/je049902w#d1#p1,mol_e983a25bd52a944d,InChI=1S/C6H12/c1-2-4-6-5-3-1/h1-6H2,10.1021/je049902w,308.15,308.15,0,1,1,1,False,False,False
10.1021/je049902w#d2#p1,mol_fb8c516f3cf70b3f,"InChI=1S/C6H10/c1-2-4-6-5-3-1/h1-2H,3-6H2",10.1021/je049902w,310.15,310.15,0,1,1,1,False,False,False
10.1021/je049902w#d3#p1,mol_5feb1fde294beccb,"InChI=1S/C6H12O/c7-6-4-2-1-3-5-6/h6-7H,1-5H2",10.1021/je049902w,322.25,382.4,60.15,6,2,2,False,False,False
10.1021/je049909d#d11#p1,mol_aa2dceb5b51aad2b,"InChI=1S/C5H8O2/c1-3-5(6)7-4-2/h4H,2-3H2,1H3",10.1021/je049909d,320.7,320.7,0,1,1,1,False,False,False
10.1021/je049950g#d2#p1,mol_f5b1d62bafd7f460,InChI=1S/C4H9NO/c1-4(6)5(2)3/h1-3H3,10.1021/je049950g,298.15,383.15,85,17,5,6,True,False,False
10.1021/je0499519#d3#p1,mol_8a4fcf68fe1439c2,"InChI=1S/C3H6O/c1-2-3-4/h2,4H,1,3H2",10.1021/je0499519,311.42,326.7,15.28,5,1,3,False,False,False
10.1021/je0499519#d4#p1,mol_2465ec339bda2cbb,"InChI=1S/C3H8O/c1-2-3-4/h4H,2-3H2,1H3",10.1021/je0499519,310.17,332.18,22.01,7,2,3,False,False,False
10.1021/je049959i#d1#p1,mol_2465ec339bda2cbb,"InChI=1S/C3H8O/c1-2-3-4/h4H,2-3H2,1H3",10.1021/je049959i,318.58,332.05,13.47,6,3,1,False,False,False
10.1021/je050034s#d11#p1,mol_3bc540c095f58f95,"InChI=1S/C13H12/c1-3-7-12(8-4-1)11-13-9-5-2-6-10-13/h1-10H,11H2",10.1021/je050034s,329.988,419.972,89.984,11,4,3,True,False,False
10.1021/je050034s#d12#p1,mol_3bc540c095f58f95,"InChI=1S/C13H12/c1-3-7-12(8-4-1)11-13-9-5-2-6-10-13/h1-10H,11H2",10.1021/je050034s,408.209,472.998,64.789,9,3,3,True,False,False
10.1021/je050056e#d1#p1,mol_8a01cf41c2268836,"InChI=1S/C9F20/c10-1(11,2(12,13)4(16,17)6(20,21)8(24,25)26)3(14,15)5(18,19)7(22,23)9(27,28)29",10.1021/je050056e,288.18,333.15,44.97,10,3,3,True,False,False
10.1021/je050056e#d11#p1,mol_b398bc78beea1472,"InChI=1S/C7F8/c8-2-1(7(13,14)15)3(9)5(11)6(12)4(2)10",10.1021/je050056e,288.23,328.45,40.22,9,3,3,True,False,False
10.1021/je050056e#d13#p1,mol_fb79232c4db917be,InChI=1S/C6F6/c7-1-2(8)4(10)6(12)5(11)3(1)9,10.1021/je050056e,288.23,307.96,19.73,5,2,2,False,False,False
10.1021/je050056e#d5#p1,mol_3ead941b0482ece6,"InChI=1S/C6F14/c7-1(8,3(11,12)5(15,16)17)2(9,10)4(13,14)6(18,19)20",10.1021/je050056e,288.31,288.31,0,1,1,1,False,False,False
10.1021/je050056e#d7#p1,mol_3d99a53ccff0a14c,"InChI=1S/C8BrF17/c9-7(22,23)5(18,19)3(14,15)1(10,11)2(12,13)4(16,17)6(20,21)8(24,25)26",10.1021/je050056e,288.22,332.78,44.56,10,3,3,True,False,False
10.1021/je050056e#d9#p1,mol_45c573e23e91147e,"InChI=1S/C8HF17/c9-1(10)2(11,12)3(13,14)4(15,16)5(17,18)6(19,20)7(21,22)8(23,24)25/h1H",10.1021/je050056e,288.35,332.89,44.54,10,3,3,True,False,False
10.1021/je050062a#d6#p1,mol_2f2b484f1c3d108f,"InChI=1S/C5H10O/c1-4(2)5(3)6/h4H,1-3H3",10.1021/je050062a,310.446,318.084,7.638,2,1,1,False,False,False
10.1021/je050084x#d1#p1,mol_5d8d53a98b10e7f5,"InChI=1S/C8H20Si/c1-7(2,3)9-8(4,5)6/h9H2,1-6H3",10.1021/je050084x,253.49,288.19,34.7,11,5,3,True,False,False
10.1021/je050173+#d11#p1,mol_cee7ca25fc127d19,"InChI=1S/C8H24O4Si4/c1-13(2)9-14(3,4)11-16(7,8)12-15(5,6)10-13/h1-8H3",10.1021/je050173+,311.8,390.88,79.08,19,8,6,True,False,False
10.1021/je050173+#d17#p1,mol_e03ddfeaf65a0134,"InChI=1S/C10H30O5Si5/c1-16(2)11-17(3,4)13-19(7,8)15-20(9,10)14-18(5,6)12-16/h1-10H3",10.1021/je050173+,348.23,416.46,68.23,16,4,6,True,False,False
10.1021/je050173+#d5#p1,mol_7d34fb354feeab2c,"InChI=1S/C6H18O3Si3/c1-10(2)7-11(3,4)9-12(5,6)8-10/h1-6H3",10.1021/je050173+,347.64,355.59,7.95,4,1,1,False,False,False
10.1021/je050182i#d1#p1,mol_b859097b55ec40b9,"InChI=1S/C21H44/c1-3-5-7-9-11-13-15-17-19-21-20-18-16-14-12-10-8-6-4-2/h3-21H2,1-2H3",10.1021/je050182i,371.42,461.96,90.54,9,3,3,True,False,False
10.1021/je050182i#d2#p1,mol_6fb10df1545ca2d8,"InChI=1S/C23H48/c1-3-5-7-9-11-13-15-17-19-21-23-22-20-18-16-14-12-10-8-6-4-2/h3-23H2,1-2H3",10.1021/je050182i,412.18,461.99,49.81,6,2,2,False,True,False
10.1021/je050182i#d3#p1,mol_866fb9c9956bdce9,"InChI=1S/C25H52/c1-3-5-7-9-11-13-15-17-19-21-23-25-24-22-20-18-16-14-12-10-8-6-4-2/h3-25H2,1-2H3",10.1021/je050182i,402.03,461.965,59.935,7,2,2,False,True,False
10.1021/je050182i#d4#p1,mol_c26df780d586cbf1,"InChI=1S/C27H56/c1-3-5-7-9-11-13-15-17-19-21-23-25-27-26-24-22-20-18-16-14-12-10-8-6-4-2/h3-27H2,1-2H3",10.1021/je050182i,411.795,462.27,50.475,6,2,2,False,False,False
10.1021/je050182i#d5#p1,mol_53217b7c973288fe,"InChI=1S/C29H60/c1-3-5-7-9-11-13-15-17-19-21-23-25-27-29-28-26-24-22-20-18-16-14-12-10-8-6-4-2/h3-29H2,1-2H3",10.1021/je050182i,432.12,452.215,20.095,3,1,1,False,True,False
10.1021/je050182i#d6#p1,mol_1bf941bfa23883d2,"InChI=1S/C30H62/c1-3-5-7-9-11-13-15-17-19-21-23-25-27-29-30-28-26-24-22-20-18-16-14-12-10-8-6-4-2/h3-30H2,1-2H3",10.1021/je050182i,432.365,452.33,19.965,3,1,1,False,True,False
10.1021/je050277k#d3#p1,mol_43a8992916d4bc49,"InChI=1S/C6H11NO/c8-6-4-2-1-3-5-7-6/h1-5H2,(H,7,8)",10.1021/je050277k,345.2,372.2,27,15,4,4,False,False,False
10.1021/je050316s#d1#p1,mol_df36260e25a0f59a,"InChI=1S/C6H13N/c7-6-4-2-1-3-5-6/h6H,1-5,7H2",10.1021/je050316s,333.15,333.15,0,1,1,1,False,False,False
10.1021/je050316s#d6#p1,mol_b44b37c017007981,"InChI=1S/C7H8/c1-7-5-3-2-4-6-7/h2-6H,1H3",10.1021/je050316s,333.15,333.15,0,1,1,1,False,False,False
10.1021/je050317k#d13#p1,mol_d3125f71fb8f9281,"InChI=1S/C4H10O2/c5-3-1-2-4-6/h5-6H,1-4H2",10.1021/je050317k,383.15,383.15,0,1,1,1,False,False,False
10.1021/je050317k#d14#p1,mol_299a215a96655c24,InChI=1S/C4H6O2/c5-4-2-1-3-6-4/h1-3H2,10.1021/je050317k,383.15,383.15,0,1,1,1,False,False,False
10.1021/je050317k#d3#p1,mol_b6168ead9ee43526,"InChI=1S/C8H8O/c1-7(9)8-5-3-2-4-6-8/h2-6H,1H3",10.1021/je050317k,373.1,373.1,0,1,1,1,False,False,False
10.1021/je050317k#d4#p1,mol_08de694c9506e17b,"InChI=1S/C6H6O/c7-6-4-2-1-3-5-6/h1-5,7H",10.1021/je050317k,373.1,373.1,0,1,1,1,False,False,False
10.1021/je0503251#d2#p1,mol_993dd610f8117c3b,"InChI=1S/C3H3F5/c4-2(5)1-3(6,7)8/h2H,1H2",10.1021/je0503251,253.125,253.125,0,1,1,1,False,False,False
10.1021/je050327l#d2#p1,mol_08de694c9506e17b,"InChI=1S/C6H6O/c7-6-4-2-1-3-5-6/h1-5,7H",10.1021/je050327l,373.1,373.1,0,1,1,1,False,False,False
10.1021/je050327l#d4#p1,mol_803e9fa8b96cd755,"InChI=1S/C2H5NO2/c1-2-3(4)5/h2H2,1H3",10.1021/je050327l,313.15,313.15,0,1,1,1,False,False,False
10.1021/je050334+#d1#p1,mol_0598ed94e921fa46,"InChI=1S/C8H14O4/c1-11-7(9)5-3-4-6-8(10)12-2/h3-6H2,1-2H3",10.1021/je050334+,293.2,334.2,41,15,5,5,True,False,False
10.1021/je050334+#d2#p1,mol_abb2d836562cde77,"InChI=1S/C9H10O2/c1-2-11-9(10)8-6-4-3-5-7-8/h3-7H,2H2,1H3",10.1021/je050334+,283.9,332.5,48.6,20,5,7,True,False,False
10.1021/je0504358#d1#p1,mol_a0b5336cc69a9e2d,"InChI=1S/C6H12O/c1-2-3-4-5-6-7/h6H,2-5H2,1H3",10.1021/je0504358,322.27,353.44,31.17,9,2,4,False,False,False
10.1021/je0504358#d2#p1,mol_46c8489a7a9a685e,"InChI=1S/C6H8O/c7-6-4-2-1-3-5-6/h2,4H,1,3,5H2",10.1021/je0504358,350.4,388.4,38,11,4,4,True,False,False
10.1021/je050473r#d1#p1,mol_77bbf943053f2531,InChI=1S/C2H4Cl2/c3-1-2-4/h1-2H2,10.1021/je050473r,303.15,303.15,0,1,1,1,False,False,False
10.1021/je050523s#d12#p1,mol_af4829eb52c939fe,"InChI=1S/C8H10/c1-7-5-3-4-6-8(7)2/h3-6H,1-2H3",10.1021/je050523s,316.01,365.02,49.01,8,4,1,False,False,False
10.1021/je050523s#d15#p1,mol_d40206d67276aa8c,"InChI=1S/C8H10/c1-7-4-3-5-8(2)6-7/h3-6H,1-2H3",10.1021/je050523s,307.84,360.42,52.58,10,5,2,True,False,False
10.1021/je050523s#d3#p1,mol_eb0e7cd1593e34a5,"InChI=1S/C8H10/c1-7-3-5-8(2)6-4-7/h3-6H,1-2H3",10.1021/je050523s,306.95,359.49,52.54,10,5,2,True,False,False
10.1021/je050523s#d6#p1,mol_f2aab7d7c225f1ac,"InChI=1S/C8H8/c1-2-8-6-4-3-5-7-8/h2-7H,1H2",10.1021/je050523s,313.06,366.06,53,10,5,2,True,False,False
10.1021/je050523s#d9#p1,mol_b94bab3d5b62c755,"InChI=1S/C8H10/c1-2-8-6-4-3-5-7-8/h3-7H,2H2,1H3",10.1021/je050523s,305.49,357.68,52.19,10,5,2,True,False,False
10.1021/je0505366#d3#p1,mol_046f2add717f4221,"InChI=1S/C6H7N/c7-6-4-2-1-3-5-6/h1-5H,7H2",10.1021/je0505366,383.15,383.15,0,1,1,1,False,False,False
10.1021/je060077o#d2#p1,mol_70db9ab512b40387,InChI=1S/C4H8Cl2S/c5-1-3-7-4-2-6/h1-4H2,10.1021/je060077o,288.15,293.15,5,2,1,1,False,False,False
10.1021/je060150a#d5#p1,mol_e36df2c2d963afd3,"InChI=1S/C4H8O/c1-3-4(2)5/h3H2,1-2H3",10.1021/je060150a,303.15,303.15,0,1,1,1,False,False,False
10.1021/je060163o#d5#p1,mol_b4b87befe28d84ce,"InChI=1S/C2H6O/c1-2-3/h3H,2H2,1H3",10.1021/je060163o,292.33,311.14,18.81,3,1,1,False,False,False
10.1021/je060174h#d2#p1,mol_41da2435d36ad8a1,InChI=1S/C4H6O2/c1-3(5)4(2)6/h1-2H3,10.1021/je060174h,303.15,313.15,10,2,1,1,False,False,False
10.1021/je060184i#d1#p1,mol_538c4f0d7c4ce97e,"InChI=1S/C7H16/c1-3-5-7-6-4-2/h3-7H2,1-2H3",10.1021/je060184i,273.15,323.15,50,7,2,2,False,False,False
10.1021/je060184i#d2#p1,mol_502267b1d358ae7d,"InChI=1S/C5H10O2/c1-3-4-7-5(2)6/h3-4H2,1-2H3",10.1021/je060184i,263.15,323.15,60,8,2,2,False,False,False
10.1021/je060184i#d3#p1,mol_e983a25bd52a944d,InChI=1S/C6H12/c1-2-4-6-5-3-1/h1-6H2,10.1021/je060184i,263.15,303.15,40,6,3,2,True,False,False
10.1021/je060184i#d4#p1,mol_583617cfddce87a5,"InChI=1S/C6H12/c1-3-5-6-4-2/h3H,1,4-6H2,2H3",10.1021/je060184i,273.15,293.15,20,3,1,1,False,False,False
10.1021/je0602115#d1#p1,mol_538c4f0d7c4ce97e,"InChI=1S/C7H16/c1-3-5-7-6-4-2/h3-7H2,1-2H3",10.1021/je0602115,313.15,313.15,0,1,1,1,False,False,False
10.1021/je0602115#d2#p1,mol_b44b37c017007981,"InChI=1S/C7H8/c1-7-5-3-2-4-6-7/h2-6H,1H3",10.1021/je0602115,313.15,313.15,0,1,1,1,False,False,False
10.1021/je060224i#d1#p1,mol_7f19e9b39a1de529,"InChI=1S/C3H7NO/c1-4(2)3-5/h3H,1-2H3",10.1021/je060224i,307.15,369.15,62,32,10,10,True,False,False
10.1021/je0602418#d10#p1,mol_8f8d88329a658c4a,"InChI=1S/C6H10O4/c1-9-5(7)3-4-6(8)10-2/h3-4H2,1-2H3",10.1021/je0602418,286.4,340.6,54.2,19,6,6,True,False,False
10.1021/je0602418#d13#p1,mol_f3ea48a487080019,"InChI=1S/C7H12O4/c1-10-6(8)4-3-5-7(9)11-2/h3-5H2,1-2H3",10.1021/je0602418,283.7,348.1,64.4,42,11,10,True,True,False
10.1021/je0602418#d16#p1,mol_0598ed94e921fa46,"InChI=1S/C8H14O4/c1-11-7(9)5-3-4-6-8(10)12-2/h3-6H2,1-2H3",10.1021/je0602418,294.2,373.8,79.6,35,8,13,True,True,False
10.1021/je0602418#d19#p1,mol_bd2ed19f55eb1e21,"InChI=1S/C9H16O4/c1-12-8(10)6-4-3-5-7-9(11)13-2/h3-7H2,1-2H3",10.1021/je0602418,291.3,353.1,61.8,14,4,5,True,False,False
10.1021/je0602418#d22#p1,mol_6e1072b3e8e99a61,"InChI=1S/C10H18O4/c1-13-9(11)7-5-3-4-6-8-10(12)14-2/h3-8H2,1-2H3",10.1021/je0602418,298.3,352.1,53.8,12,4,4,True,False,False
10.1021/je0602418#d23#p1,mol_177310732327f8e6,"InChI=1S/C11H20O4/c1-14-10(12)8-6-4-3-5-7-9-11(13)15-2/h3-9H2,1-2H3",10.1021/je0602418,318.2,373.8,55.6,22,7,7,True,True,False
10.1021/je0602418#d26#p1,mol_9da490861744c9f8,"InChI=1S/C12H22O4/c1-15-11(13)9-7-5-3-4-6-8-10-12(14)16-2/h3-10H2,1-2H3",10.1021/je0602418,323.4,373.8,50.4,12,3,4,True,False,False
10.1021/je0602418#d4#p1,mol_26e873b560062259,InChI=1S/C4H6O4/c1-7-3(5)4(6)8-2/h1-2H3,10.1021/je0602418,330.4,365.2,34.8,17,6,5,True,False,False
10.1021/je0602418#d7#p1,mol_1bb253e99b0e831f,"InChI=1S/C5H8O4/c1-8-4(6)3-5(7)9-2/h3H2,1-2H3",10.1021/je0602418,278.2,314.3,36.1,15,4,4,True,False,False
10.1021/je060249h#d1#p1,mol_5a4aa50dd3cafc66,InChI=1S/C6H5Cl/c7-6-4-2-1-3-5-6/h1-5H,10.1021/je060249h,330.5,337.4,6.9,2,1,1,False,False,False
10.1021/je060249h#d2#p1,mol_58b895da863521d5,"InChI=1S/C8H6ClNO/c9-5-8-10-6-3-1-2-4-7(6)11-8/h1-4H,5H2",10.1021/je060249h,347.65,424.55,76.9,21,10,3,True,False,False
10.1021/je060253t#d2#p1,mol_2465ec339bda2cbb,"InChI=1S/C3H8O/c1-2-3-4/h4H,2-3H2,1H3",10.1021/je060253t,313.15,313.15,0,1,1,1,False,False,False
10.1021/je0603574#d4#p1,mol_2465ec339bda2cbb,"InChI=1S/C3H8O/c1-2-3-4/h4H,2-3H2,1H3",10.1021/je0603574,323.15,323.15,0,1,1,1,False,False,False
10.1021/je0603574#d5#p1,mol_670136e04246f1d5,"InChI=1S/C4H10O/c1-2-3-4-5/h5H,2-4H2,1H3",10.1021/je0603574,323.15,323.15,0,1,1,1,False,False,False
10.1021/je060359o#d1#p1,mol_c30b4ae49b848357,"InChI=1S/C4H10O/c1-4(2,3)5/h5H,1-3H3",10.1021/je060359o,305.87,319.5,13.63,5,2,1,False,False,False
10.1021/je060359o#d2#p1,mol_007fc427187d55ba,"InChI=1S/C8H16/c1-7(2)6-8(3,4)5/h1,6H2,2-5H3",10.1021/je060359o,306.23,323.2,16.97,6,2,2,False,False,False
10.1021/je060394v#d10#p1,mol_245df31ea12a6746,"InChI=1S/C12H13N/c1-13(2)12-9-5-7-10-6-3-4-8-11(10)12/h3-9H,1-2H3",10.1021/je060394v,298.2,334.3,36.1,12,4,3,True,False,False
10.1021/je060394v#d11#p1,mol_89cd7dc23b3db594,"InChI=1S/C14H18N2/c1-15(2)12-9-5-7-11-8-6-10-13(14(11)12)16(3)4/h5-10H,1-4H3",10.1021/je060394v,323.7,364.3,40.6,16,5,6,True,False,False
10.1021/je060394v#d3#p1,mol_2895d981d8bdc338,"InChI=1S/C10H9N/c11-10-7-3-5-8-4-1-2-6-9(8)10/h1-7H,11H2",10.1021/je060394v,323.2,353.1,29.9,11,3,3,False,False,False
10.1021/je060394v#d7#p1,mol_561fcf8433aaed32,"InChI=1S/C10H10N2/c11-8-5-1-3-7-4-2-6-9(12)10(7)8/h1-6H,11-12H2",10.1021/je060394v,346.1,379.3,33.2,12,4,4,True,False,False
10.1021/je060396f#d1#p1,mol_baa3c342cb3d811f,"InChI=1S/C4H11NO/c1-4(2,5)3-6/h6H,3,5H2,1-2H3",10.1021/je060396f,364.11,392.71,28.6,3,1,1,False,False,False
10.1021/je060406c#d1#p1,mol_942daac293e911e8,InChI=1S/C5H4O2/c6-4-5-2-1-3-7-5/h1-4H,10.1021/je060406c,276.7,323.4,46.7,16,5,5,True,False,False
10.1021/je060406c#d2#p1,mol_b6febdc80ab19a61,InChI=1S/C7H6O/c8-6-7-4-2-1-3-5-7/h1-6H,10.1021/je060406c,278.4,313.2,34.8,9,3,3,True,False,False
10.1021/je060406c#d3#p1,mol_fcedfc9cfdf2681b,"InChI=1S/C8H8O/c9-7-6-8-4-2-1-3-5-8/h1-5,7H,6H2",10.1021/je060406c,293.2,343,49.8,11,4,3,True,False,False
10.1021/je060406c#d4#p1,mol_29b0042d758abfd8,"InChI=1S/C8H10O/c9-7-6-8-4-2-1-3-5-8/h1-5,9H,6-7H2",10.1021/je060406c,287.8,363.3,75.5,19,5,7,True,False,False
10.1021/je060419q#d1#p1,mol_4f13a4696bbfcaf9,"InChI=1S/C3H8O2/c4-2-1-3-5/h4-5H,1-3H2",10.1021/je060419q,293.5,342.3,48.8,14,5,2,True,False,False
10.1021/je060419q#d7#p1,mol_068db2316970a098,"InChI=1S/C4H10O2/c1-4(2-5)3-6/h4-6H,2-3H2,1H3",10.1021/je060419q,297.3,357.5,60.2,28,8,7,True,False,False
10.1021/je060429r#d10#p1,mol_65ae1b74f9e2ab1d,"InChI=1S/C6H4Cl2O/c7-4-1-2-6(9)5(8)3-4/h1-3,9H",10.1021/je060429r,317.2,344.2,27,10,3,3,False,False,False
10.1021/je060429r#d12#p1,mol_e7414bcb2677caf7,"InChI=1S/C6H4Cl2O/c7-4-1-2-5(8)6(9)3-4/h1-3,9H",10.1021/je060429r,333.3,361.2,27.9,10,3,3,False,False,False
10.1021/je060429r#d14#p1,mol_385079eb0964d1b9,"InChI=1S/C6H4Cl2O/c7-4-2-1-3-5(8)6(4)9/h1-3,9H",10.1021/je060429r,341.2,371.4,30.2,10,3,3,True,False,False
10.1021/je060429r#d16#p1,mol_dba41eb70bb05922,"InChI=1S/C6H4Cl2O/c7-5-2-1-4(9)3-6(5)8/h1-3,9H",10.1021/je060429r,341.3,368.4,27.1,10,3,3,False,False,False
10.1021/je060429r#d18#p1,mol_1d734fe5c679e7dc,"InChI=1S/C6H3Cl3O/c7-3-1-4(8)6(10)5(9)2-3/h1-2,10H",10.1021/je060429r,342.8,375.4,32.6,29,7,10,True,True,False
10.1021/je060429r#d2#p1,mol_cfce057605ba3a8f,"InChI=1S/C6H5ClO/c7-5-3-1-2-4-6(5)8/h1-4,8H",10.1021/je060429r,288.4,321.2,32.8,12,4,4,True,False,False
10.1021/je060429r#d4#p1,mol_eb45a79f852eb879,"InChI=1S/C6H5ClO/c7-5-2-1-3-6(8)4-5/h1-4,8H",10.1021/je060429r,308.3,335.2,26.9,10,3,3,False,False,False
10.1021/je060429r#d6#p1,mol_582f643aeadf8be3,"InChI=1S/C6H5ClO/c7-5-1-3-6(8)4-2-5/h1-4,8H",10.1021/je060429r,318.2,351.2,33,12,4,4,True,False,False
10.1021/je060429r#d8#p1,mol_f076737358086577,"InChI=1S/C6H4Cl2O/c7-4-2-1-3-5(9)6(4)8/h1-3,9H",10.1021/je060429r,331.2,358.2,27,10,3,3,False,False,False
10.1021/je060472e#d12#p1,mol_9d47f5f4c0b23422,"InChI=1S/C7H7NO2/c1-10-7(9)6-2-4-8-5-3-6/h2-5H,1H3",10.1021/je060472e,273.26,320.52,47.26,20,6,6,True,False,False
10.1021/je060472e#d4#p1,mol_f51711463f7a60d1,"InChI=1S/C7H7NO2/c1-10-7(9)6-4-2-3-5-8-6/h2-5H,1H3",10.1021/je060472e,283.155,340.47,57.315,13,4,4,True,True,False
10.1021/je060472e#d9#p1,mol_781dbd8b7d761d8d,"InChI=1S/C7H7NO2/c1-10-7(9)6-3-2-4-8-5-6/h2-5H,1H3",10.1021/je060472e,298.145,324.06,25.915,14,6,3,False,True,False
10.1021/je100017w#d1#p1,mol_f6e3f0beeca51529,"InChI=1S/C5H14O3Si/c1-5-9(6-2,7-3)8-4/h5H2,1-4H3",10.1021/je100017w,306.35,347.65,41.3,10,3,3,True,False,False
10.1021/je100019r#d1#p1,mol_6a1b88d7d4729d66,"InChI=1S/C8H18O/c1-3-5-7-9-8-6-4-2/h3-8H2,1-2H3",10.1021/je100019r,323.15,323.15,0,1,1,1,False,False,False
10.1021/je100019r#d2#p1,mol_af4829eb52c939fe,"InChI=1S/C8H10/c1-7-5-3-4-6-8(7)2/h3-6H,1-2H3",10.1021/je100019r,323.15,323.15,0,1,1,1,False,False,False
10.1021/je100175j#d13#p1,mol_045382ab2985ca01,"InChI=1S/C9H11NO/c1-10(2)9(11)8-6-4-3-5-7-8/h3-7H,1-2H3",10.1021/je100175j,301.98,361.66,59.68,31,10,9,True,False,False
10.1021/je100231g#d1#p1,mol_533237776aacb2a0,"InChI=1S/C6H10O4/c1-3-9-5(7)6(8)10-4-2/h3-4H2,1-2H3",10.1021/je100231g,283.6,333.5,49.9,14,4,4,True,False,False
10.1021/je100231g#d10#p1,mol_01fe71f6f9ac3752,"InChI=1S/C12H22O4/c1-3-9-15-11(13)7-5-6-8-12(14)16-10-4-2/h3-10H2,1-2H3",10.1021/je100231g,318.8,365.3,46.5,15,5,4,True,False,False
10.1021/je100231g#d11#p1,mol_853d5f3f7f788765,"InChI=1S/C10H18O4/c1-3-5-7-13-9(11)10(12)14-8-6-4-2/h3-8H2,1-2H3",10.1021/je100231g,293.4,358.2,64.8,48,10,12,True,True,False
10.1021/je100231g#d12#p1,mol_3f0db888fe369723,"InChI=1S/C11H20O4/c1-3-5-7-14-10(12)9-11(13)15-8-6-4-2/h3-9H2,1-2H3",10.1021/je100231g,303.2,369.2,66,20,5,4,True,False,False
10.1021/je100231g#d13#p1,mol_a05de3c299ebdca6,"InChI=1S/C12H22O4/c1-3-5-9-15-11(13)7-8-12(14)16-10-6-4-2/h3-10H2,1-2H3",10.1021/je100231g,313.3,358.2,44.9,18,5,6,True,False,False
10.1021/je100231g#d14#p1,mol_efd9aec2c69162b7,"InChI=1S/C13H24O4/c1-3-5-10-16-12(14)8-7-9-13(15)17-11-6-4-2/h3-11H2,1-2H3",10.1021/je100231g,322.4,369.5,47.1,23,5,9,True,True,False
10.1021/je100231g#d15#p1,mol_124c5d93a23a9e5f,"InChI=1S/C14H26O4/c1-3-5-11-17-13(15)9-7-8-10-14(16)18-12-6-4-2/h3-12H2,1-2H3",10.1021/je100231g,333.3,373.2,39.9,9,3,3,True,False,False
10.1021/je100231g#d2#p1,mol_1e9d2e26a6ddc23d,"InChI=1S/C7H12O4/c1-3-10-6(8)5-7(9)11-4-2/h3-5H2,1-2H3",10.1021/je100231g,283.8,316.3,32.5,13,4,4,True,False,False
10.1021/je100231g#d3#p1,mol_17d7810440ddcdc4,"InChI=1S/C8H14O4/c1-3-11-7(9)5-6-8(10)12-4-2/h3-6H2,1-2H3",10.1021/je100231g,290.2,345.5,55.3,21,7,6,True,False,False
10.1021/je100231g#d4#p1,mol_9c277a73dd0d1066,"InChI=1S/C9H16O4/c1-3-12-8(10)6-5-7-9(11)13-4-2/h3-7H2,1-2H3",10.1021/je100231g,298.3,347.9,49.6,15,4,4,True,False,False
10.1021/je100231g#d5#p1,mol_757f79c7ac5d216c,"InChI=1S/C10H18O4/c1-3-13-9(11)7-5-6-8-10(12)14-4-2/h3-8H2,1-2H3",10.1021/je100231g,303.5,352.2,48.7,15,6,3,True,False,False
10.1021/je100231g#d6#p1,mol_4f342c00679a86c2,"InChI=1S/C8H14O4/c1-3-5-11-7(9)8(10)12-6-4-2/h3-6H2,1-2H3",10.1021/je100231g,293.6,333.5,39.9,15,5,3,True,False,False
10.1021/je100231g#d7#p1,mol_a028f4db66891af2,"InChI=1S/C9H16O4/c1-3-5-12-8(10)7-9(11)13-6-4-2/h3-7H2,1-2H3",10.1021/je100231g,293.3,338.5,45.2,16,4,4,True,False,False
10.1021/je100231g#d8#p1,mol_6d0384966495a309,"InChI=1S/C10H18O4/c1-3-7-13-9(11)5-6-10(12)14-8-4-2/h3-8H2,1-2H3",10.1021/je100231g,308.3,343.5,35.2,14,5,4,True,False,False
10.1021/je100231g#d9#p1,mol_456cd661d7732899,"InChI=1S/C11H20O4/c1-3-8-14-10(12)6-5-7-11(13)15-9-4-2/h3-9H2,1-2H3",10.1021/je100231g,313.3,353.5,40.2,19,5,6,True,False,False
10.1021/je100398m#d1#p1,mol_7a5b68b203cc6270,"InChI=1S/C4H9I/c1-4(2)3-5/h4H,3H2,1-2H3",10.1021/je100398m,258.35,303.23,44.88,10,3,3,True,False,False
10.1021/je100398m#d2#p1,mol_c54873ab8150496e,"InChI=1S/C5H11I/c1-5(2)3-4-6/h5H,3-4H2,1-2H3",10.1021/je100398m,253.68,303.29,49.61,11,4,2,True,True,False
10.1021/je100398m#d3#p1,mol_b633c02df2e0c63b,"InChI=1S/C6H13I/c1-2-3-4-5-6-7/h2-6H2,1H3",10.1021/je100398m,258.175,308.15,49.975,11,3,3,True,False,False
10.1021/je100398m#d4#p1,mol_1c88c0062a21140c,"InChI=1S/C6H11I/c7-6-4-2-1-3-5-6/h6H,1-5H2",10.1021/je100398m,258.17,308.16,49.99,11,3,3,True,False,False
10.1021/je1005054#d1#p1,mol_43a8992916d4bc49,"InChI=1S/C6H11NO/c8-6-4-2-1-3-5-7-6/h1-5H2,(H,7,8)",10.1021/je1005054,343,352.95,9.95,3,1,1,False,False,False
10.1021/je1005196#d1#p1,mol_ce86a4b54495b02c,InChI=1S/C5H10O/c1-2-4-6-5-3-1/h1-5H2,10.1021/je1005196,298.15,298.15,0,1,1,1,False,False,False
10.1021/je1005196#d11#p1,mol_680d2c2ef877ca4d,"InChI=1S/C7H9N/c1-8-7-5-3-2-4-6-7/h2-6,8H,1H3",10.1021/je1005196,308.15,308.15,0,1,1,1,False,False,False
10.1021/je1005196#d13#p1,mol_f82ffb899fa12758,"InChI=1S/C7H9N/c1-6-4-2-3-5-7(6)8/h2-5H,8H2,1H3",10.1021/je1005196,298.15,298.15,0,1,1,1,False,False,False
10.1021/je1005196#d15#p1,mol_f82ffb899fa12758,"InChI=1S/C7H9N/c1-6-4-2-3-5-7(6)8/h2-5H,8H2,1H3",10.1021/je1005196,308.15,308.15,0,1,1,1,False,False,False
10.1021/je1005196#d3#p1,mol_ce86a4b54495b02c,InChI=1S/C5H10O/c1-2-4-6-5-3-1/h1-5H2,10.1021/je1005196,308.15,308.15,0,1,1,1,False,False,False
10.1021/je1005196#d5#p1,mol_046f2add717f4221,"InChI=1S/C6H7N/c7-6-4-2-1-3-5-6/h1-5H,7H2",10.1021/je1005196,298.15,298.15,0,1,1,1,False,False,False
10.1021/je1005196#d7#p1,mol_046f2add717f4221,"InChI=1S/C6H7N/c7-6-4-2-1-3-5-6/h1-5H,7H2",10.1021/je1005196,308.15,308.15,0,1,1,1,False,False,False
10.1021/je1005196#d9#p1,mol_680d2c2ef877ca4d,"InChI=1S/C7H9N/c1-8-7-5-3-2-4-6-7/h2-6,8H,1H3",10.1021/je1005196,298.15,298.15,0,1,1,1,False,False,False
10.1021/je100577v#d3#p1,mol_2465ec339bda2cbb,"InChI=1S/C3H8O/c1-2-3-4/h4H,2-3H2,1H3",10.1021/je100577v,319.65,332.95,13.3,3,1,1,False,False,False
10.1021/je100605v#d1#p1,mol_649ec05a23e0b398,"InChI=1S/C8H20O3Si/c1-5-9-12(8-4,10-6-2)11-7-3/h5-8H2,1-4H3",10.1021/je100605v,335,432,97,36,20,5,True,False,False
10.1021/je100624p#d3#p1,mol_b4b87befe28d84ce,"InChI=1S/C2H6O/c1-2-3/h3H,2H2,1H3",10.1021/je100624p,303.15,313.15,10,2,1,1,False,False,False
10.1021/je100624p#d4#p1,mol_83a135e5c50b66c1,"InChI=1S/C3H8O/c1-3(2)4/h3-4H,1-2H3",10.1021/je100624p,303.15,308.15,5,2,1,1,False,False,False
10.1021/je100801s#d14#p1,mol_b98e7da9bdc7faec,"InChI=1S/C7H6FNO/c8-6-3-1-5(2-4-6)7(9)10/h1-4H,(H2,9,10)",10.1021/je100801s,410.2,437.82,27.62,15,5,5,False,False,False
10.1021/je100803e#d11#p1,mol_299a215a96655c24,InChI=1S/C4H6O2/c5-4-2-1-3-6-4/h1-3H2,10.1021/je100803e,376.99,420.76,43.77,4,1,1,False,False,False
10.1021/je100803e#d6#p1,mol_17d7810440ddcdc4,"InChI=1S/C8H14O4/c1-3-11-7(9)5-6-8(10)12-4-2/h3-6H2,1-2H3",10.1021/je100803e,392.46,437.53,45.07,4,1,1,False,False,False
10.1021/je100821g#d5#p1,mol_896a74ad0b2a7fde,"InChI=1S/C5H12O/c1-5(2,3)6-4/h1-4H3",10.1021/je100821g,286.5,286.5,0,1,1,1,False,False,False
10.1021/je100832h#d1#p1,mol_e55299b0f2600cdb,"InChI=1S/C4H8O2/c1-3-6-4(2)5/h3H2,1-2H3",10.1021/je100832h,297.17,306.25,9.08,3,1,1,False,False,False
10.1021/je100832h#d11#p1,mol_a3ab0bd2d4d80422,"InChI=1S/C10H22/c1-3-5-7-9-10-8-6-4-2/h3-10H2,1-2H3",10.1021/je100832h,386.86,390.21,3.35,2,1,1,False,False,False
10.1021/je100832h#d3#p1,mol_2ea49b3823ebd7ad,"InChI=1S/C6H14/c1-3-5-6-4-2/h3-6H2,1-2H3",10.1021/je100832h,292.98,296.27,3.29,2,1,1,False,False,False
10.1021/je100832h#d5#p1,mol_538c4f0d7c4ce97e,"InChI=1S/C7H16/c1-3-5-7-6-4-2/h3-7H2,1-2H3",10.1021/je100832h,305.26,323.62,18.36,6,2,2,False,False,False
10.1021/je100832h#d9#p1,mol_3fd637a4d667fe51,"InChI=1S/C9H20/c1-3-5-7-9-8-6-4-2/h3-9H2,1-2H3",10.1021/je100832h,365.3,369.25,3.95,2,1,1,False,False,False
10.1021/je101131x#d2#p1,mol_502267b1d358ae7d,"InChI=1S/C5H10O2/c1-3-4-7-5(2)6/h3-4H2,1-2H3",10.1021/je101131x,323.15,323.15,0,1,1,1,False,False,False
10.1021/je101180r#d1#p1,mol_6fbb7c525fc1c495,"InChI=1S/C8H11N/c1-9(2)8-6-4-3-5-7-8/h3-7H,1-2H3",10.1021/je101180r,373.7,384.96,11.26,2,1,1,False,False,False
10.1021/je101180r#d2#p1,mol_d33c3680c5c0ca0a,"InChI=1S/C6H8N2/c1-5-3-2-4-8-6(5)7/h2-4H,1H3,(H2,7,8)",10.1021/je101180r,402.57,413.74,11.17,2,1,1,False,False,False
10.1021/je101250d#d7#p1,mol_538c4f0d7c4ce97e,"InChI=1S/C7H16/c1-3-5-7-6-4-2/h3-7H2,1-2H3",10.1021/je101250d,319.06,319.06,0,1,1,1,False,False,False
10.1021/je101259r#d2#p1,mol_e554601fff053edf,"InChI=1S/C2H7NO/c3-1-2-4/h4H,1-3H2",10.1021/je101259r,358.6,385.7,27.1,3,1,1,False,False,False
10.1021/je101259r#d3#p1,mol_6b42837638374a14,"InChI=1S/C4H11NO2/c6-3-1-5-2-4-7/h5-7H,1-4H2",10.1021/je101259r,427.5,452.4,24.9,5,2,2,False,False,False
10.1021/je101259r#d4#p1,mol_bd766895d345d764,"InChI=1S/C3H9NO/c1-4-2-3-5/h4-5H,2-3H2,1H3",10.1021/je101259r,341.8,387.4,45.6,6,1,2,False,False,False
10.1021/je101259r#d5#p1,mol_0aa38cb71170ee29,"InChI=1S/C4H11NO/c1-5(2)3-4-6/h6H,3-4H2,1-2H3",10.1021/je101259r,309.5,360.9,51.4,6,1,2,False,False,False
10.1021/je101259r#d6#p1,mol_32d4a096496c381d,"InChI=1S/C6H15NO/c1-3-7(4-2)5-6-8/h8H,3-6H2,1-2H3",10.1021/je101259r,333.2,383.9,50.7,6,1,2,False,False,False
10.1021/je101259r#d8#p1,mol_05794401663d5ca6,"InChI=1S/C4H11NO2/c5-1-3-7-4-2-6/h6H,1-5H2",10.1021/je101259r,391.5,443.9,52.4,8,2,3,False,False,False
10.1021/je101259r#d9#p1,mol_baa3c342cb3d811f,"InChI=1S/C4H11NO/c1-4(2,5)3-6/h6H,3,5H2,1-2H3",10.1021/je101259r,347.5,392.3,44.8,6,1,2,False,False,False
10.1021/je101343m#d5#p1,mol_ca0440f5ec95bc5f,InChI=1S/C4H4S/c1-2-4-5-3-1/h1-4H,10.1021/je101343m,308.135,308.135,0,1,1,1,False,True,False
10.1021/je200011e#d1#p1,mol_670136e04246f1d5,"InChI=1S/C4H10O/c1-2-3-4-5/h5H,2-4H2,1H3",10.1021/je200011e,278.15,323.15,45,10,3,3,True,False,False
10.1021/je200098d#d1#p1,mol_f2aab7d7c225f1ac,"InChI=1S/C8H8/c1-2-8-6-4-3-5-7-8/h2-7H,1H2",10.1021/je200098d,332.4,366.2,33.8,7,3,2,True,False,False
10.1021/je200098d#d2#p1,mol_b94bab3d5b62c755,"InChI=1S/C8H10/c1-2-8-6-4-3-5-7-8/h3-7H,2H2,1H3",10.1021/je200098d,324.4,357.7,33.3,7,3,2,True,False,False
10.1021/je200111a#d3#p1,mol_b1600e1cb04e0ffb,"InChI=1S/C5H10O3/c1-3-8-5(7)4(2)6/h4,6H,3H2,1-2H3/t4-/m0/s1",10.1021/je200111a,366.6,366.6,0,1,1,1,False,False,False
10.1021/je200111a#d6#p1,mol_7bd3eb1878fd3045,"InChI=1S/C5H12O/c1-5(2)3-4-6/h5-6H,3-4H2,1-2H3",10.1021/je200111a,353.75,353.75,0,1,1,1,False,False,False
10.1021/je200111a#d9#p1,mol_435971c8aa9ce0da,"InChI=1S/C5H12O/c1-2-3-4-5-6/h6H,2-5H2,1H3",10.1021/je200111a,358.35,358.35,0,1,1,1,False,False,False
10.1021/je200128y#d2#p1,mol_d0131e7bbb5402ea,"InChI=1S/C12H11N/c1-3-7-11(8-4-1)13-12-9-5-2-6-10-12/h1-10,13H",10.1021/je200128y,328.3,373.1,44.8,18,7,5,True,True,False
10.1021/je2002489#d1#p1,mol_9f070bda8683a3b6,"InChI=1S/C4H12N2O/c5-1-2-6-3-4-7/h6-7H,1-5H2",10.1021/je2002489,323.2,374.2,51,22,7,8,True,True,False
10.1021/je2002489#d2#p1,mol_32facc64508e019f,"InChI=1S/C7H18N2O/c1-8(2)4-5-9(3)6-7-10/h10H,4-7H2,1-3H3",10.1021/je2002489,293.4,353.2,59.8,31,9,10,True,False,False
10.1021/je2002489#d3#p1,mol_05794401663d5ca6,"InChI=1S/C4H11NO2/c5-1-3-7-4-2-6/h6H,1-5H2",10.1021/je2002489,303.2,359.2,56,23,7,7,True,False,False
10.1021/je2002489#d4#p1,mol_cdd9b2a6aac67d70,"InChI=1S/C6H15NO2/c1-7(2)3-5-9-6-4-8/h8H,3-6H2,1-2H3",10.1021/je2002489,293.3,353.2,59.9,31,9,10,True,False,False
10.1021/je200336c#d1#p1,mol_b2ea93772c7f152a,"InChI=1S/C7H12N2/c1-3-5-9-6-4-8-7(9)2/h4,6H,3,5H2,1-2H3",10.1021/je200336c,288.6,343.2,54.6,46,14,12,True,True,False
10.1021/je200336c#d2#p1,mol_047b0590b532ef16,"InChI=1S/C8H14N2/c1-3-4-6-10-7-5-9-8(10)2/h5,7H,3-4,6H2,1-2H3",10.1021/je200336c,293.6,343,49.4,24,7,7,True,False,False
10.1021/je200336c#d3#p1,mol_7d567108b50dd650,"InChI=1S/C9H16N2/c1-3-4-5-7-11-8-6-10-9(11)2/h6,8H,3-5,7H2,1-2H3",10.1021/je200336c,303.3,354.2,50.9,25,10,6,True,True,False
10.1021/je200336c#d4#p1,mol_b7d29ccd815de3fe,"InChI=1S/C10H18N2/c1-3-4-5-6-8-12-9-7-11-10(12)2/h7,9H,3-6,8H2,1-2H3",10.1021/je200336c,313,362.9,49.9,18,5,7,True,False,False
10.1021/je200336c#d5#p1,mol_acf575de292611d9,"InChI=1S/C11H20N2/c1-3-4-5-6-7-9-13-10-8-12-11(13)2/h8,10H,3-7,9H2,1-2H3",10.1021/je200336c,313.2,368.4,55.2,30,8,10,True,True,False
10.1021/je200336c#d6#p1,mol_f032c9190b133ea0,"InChI=1S/C6H10N2/c1-3-8-5-4-7-6(8)2/h4-5H,3H2,1-2H3",10.1021/je200336c,293.5,363,69.5,29,5,13,True,True,False
10.1021/je200336c#d7#p1,mol_e62082959f534889,"InChI=1S/C12H22N2/c1-3-4-5-6-7-8-10-14-11-9-13-12(14)2/h9,11H,3-8,10H2,1-2H3",10.1021/je200336c,325.1,372.8,47.7,18,5,6,True,False,False
10.1021/je200336c#d8#p1,mol_a10b91d37db2843a,"InChI=1S/C13H24N2/c1-3-4-5-6-7-8-9-11-15-12-10-14-13(15)2/h10,12H,3-9,11H2,1-2H3",10.1021/je200336c,335.6,374.1,38.5,30,9,8,True,True,False
10.1021/je200336c#d9#p1,mol_804f26f30916a635,"InChI=1S/C14H26N2/c1-3-4-5-6-7-8-9-10-12-16-13-11-15-14(16)2/h11,13H,3-10,12H2,1-2H3",10.1021/je200336c,344,382.7,38.7,15,5,5,True,False,False
10.1021/je200651r#d6#p1,mol_e6f8f97a2caa00b9,InChI=1S/C3H6Cl2/c4-2-1-3-5/h1-3H2,10.1021/je200651r,343.15,343.15,0,1,1,1,False,False,False
10.1021/je200655s#d3#p1,mol_b44b37c017007981,"InChI=1S/C7H8/c1-7-5-3-2-4-6-7/h2-6H,1H3",10.1021/je200655s,335.25,335.25,0,1,1,1,False,False,False
10.1021/je200655s#d4#p1,mol_e983a25bd52a944d,InChI=1S/C6H12/c1-2-4-6-5-3-1/h1-6H2,10.1021/je200655s,308.07,308.07,0,1,1,1,False,False,False
10.1021/je200730m#d1#p1,mol_8b8ce5ecf64b8081,"InChI=1S/C8H16O2/c1-3-5-6-7-8(9)10-4-2/h3-7H2,1-2H3",10.1021/je200730m,253.41,382.15,128.74,13,4,3,True,False,False
10.1021/je200730m#d2#p1,mol_6cab4fbead32f0ef,"InChI=1S/C10H20O2/c1-3-5-6-7-8-9-10(11)12-4-2/h3-9H2,1-2H3",10.1021/je200730m,273.26,422.12,148.86,14,5,5,True,False,False
10.1021/je200730m#d3#p1,mol_fc2d93121de8a8dd,"InChI=1S/C12H24O2/c1-3-5-6-7-8-9-10-11-12(13)14-4-2/h3-11H2,1-2H3",10.1021/je200730m,303.1,452.28,149.18,11,5,4,True,False,False
10.1021/je200730m#d4#p1,mol_8e04cff78b5bee09,"InChI=1S/C14H28O2/c1-3-5-6-7-8-9-10-11-12-13-14(15)16-4-2/h3-13H2,1-2H3",10.1021/je200730m,313.1,462.43,149.33,12,5,2,True,False,False
10.1021/je200730m#d5#p1,mol_e356f62a95258c32,"InChI=1S/C16H32O2/c1-3-5-6-7-8-9-10-11-12-13-14-15-16(17)18-4-2/h3-15H2,1-2H3",10.1021/je200730m,333.22,462.3,129.08,14,4,5,True,False,False
10.1021/je2007605#d4#p1,mol_d6b8092c9c9b4a40,"InChI=1S/C9H10O2/c1-7-3-5-8(6-4-7)9(10)11-2/h3-6H,1-2H3",10.1021/je2007605,293.03,348.75,55.72,29,9,9,True,False,False
10.1021/je2007605#d8#p1,mol_4d8f9d9787a27468,"InChI=1S/C10H13NO2/c1-11(2)9-6-4-8(5-7-9)10(12)13-3/h4-7H,1-3H3",10.1021/je2007605,352.78,390.44,37.66,20,6,6,True,False,False
10.1021/je200766t#d1#p1,mol_57ae3fd1e1d200c6,"InChI=1S/C3H8O3/c4-1-3(6)2-5/h3-6H,1-2H2",10.1021/je200766t,351.8,462.86,111.06,11,3,4,True,False,False
10.1021/je200766t#d2#p1,mol_4f13a4696bbfcaf9,"InChI=1S/C3H8O2/c4-2-1-3-5/h4-5H,1-3H2",10.1021/je200766t,313.2,431.74,118.54,14,4,4,True,True,False
10.1021/je200820v#d1#p1,mol_538c4f0d7c4ce97e,"InChI=1S/C7H16/c1-3-5-7-6-4-2/h3-7H2,1-2H3",10.1021/je200820v,273.15,323.15,50,6,2,1,False,False,False
10.1021/je200820v#d2#p1,mol_49187baee97f9d09,"InChI=1S/C6H16N2/c1-3-8(4-2)6-5-7/h3-7H2,1-2H3",10.1021/je200820v,273.15,363.15,90,10,3,3,True,False,False
10.1021/je200840e#d1#p1,mol_670136e04246f1d5,"InChI=1S/C4H10O/c1-2-3-4-5/h5H,2-4H2,1H3",10.1021/je200840e,313.15,313.15,0,1,1,1,False,False,False
10.1021/je200840e#d2#p1,mol_538c4f0d7c4ce97e,"InChI=1S/C7H16/c1-3-5-7-6-4-2/h3-7H2,1-2H3",10.1021/je200840e,313.15,313.15,0,1,1,1,False,False,False
10.1021/je200840e#d4#p1,mol_b44b37c017007981,"InChI=1S/C7H8/c1-7-5-3-2-4-6-7/h2-6H,1H3",10.1021/je200840e,313.15,313.15,0,1,1,1,False,False,False
10.1021/je200840e#d5#p1,mol_d395bc83f11503fd,"InChI=1S/C8H18/c1-7(2)6-8(3,4)5/h7H,6H2,1-5H3",10.1021/je200840e,313.15,313.15,0,1,1,1,False,False,False
10.1021/je200840e#d6#p1,mol_7a77950532c8e700,"InChI=1S/C12H26/c1-3-5-7-9-11-12-10-8-6-4-2/h3-12H2,1-2H3",10.1021/je200840e,313.15,313.15,0,1,1,1,False,False,False
10.1021/je2008704#d2#p1,mol_3590edb9884753b9,"InChI=1S/C2H6O2/c3-1-2-4/h3-4H,1-2H2",10.1021/je2008704,412.81,422.78,9.97,2,1,1,False,False,False
10.1021/je201032t#d2#p1,mol_2465ec339bda2cbb,"InChI=1S/C3H8O/c1-2-3-4/h4H,2-3H2,1H3",10.1021/je201032t,323,323,0,1,1,1,False,False,False
10.1021/je201032t#d4#p1,mol_7a77950532c8e700,"InChI=1S/C12H26/c1-3-5-7-9-11-12-10-8-6-4-2/h3-12H2,1-2H3",10.1021/je201032t,323,369.2,46.2,5,2,1,False,False,False
10.1021/je201140q#d8#p1,mol_ce86a4b54495b02c,InChI=1S/C5H10O/c1-2-4-6-5-3-1/h1-5H2,10.1021/je201140q,312.59,312.59,0,1,1,1,False,False,False
10.1021/je201284y#d2#p1,mol_538c4f0d7c4ce97e,"InChI=1S/C7H16/c1-3-5-7-6-4-2/h3-7H2,1-2H3",10.1021/je201284y,313.15,313.15,0,1,1,1,False,False,False
10.1021/je201284y#d4#p1,mol_b44b37c017007981,"InChI=1S/C7H8/c1-7-5-3-2-4-6-7/h2-6H,1H3",10.1021/je201284y,313.15,313.15,0,1,1,1,False,False,False
10.1021/je201284y#d5#p1,mol_d395bc83f11503fd,"InChI=1S/C8H18/c1-7(2)6-8(3,4)5/h7H,6H2,1-5H3",10.1021/je201284y,313.15,313.15,0,1,1,1,False,False,False
10.1021/je201284y#d6#p1,mol_7a77950532c8e700,"InChI=1S/C12H26/c1-3-5-7-9-11-12-10-8-6-4-2/h3-12H2,1-2H3",10.1021/je201284y,313.15,313.15,0,1,1,1,False,False,False
10.1021/je300312c#d4#p1,mol_cc7d31c3ab545846,"InChI=1S/C8H8N2/c1-10-6-9-7-4-2-3-5-8(7)10/h2-6H,1H3",10.1021/je300312c,314.2,376,61.8,30,9,8,True,False,False
10.1021/je300312c#d5#p1,mol_7732f9f65b01059d,"InChI=1S/C9H10N2/c1-2-11-7-10-8-5-3-4-6-9(8)11/h3-7H,2H2,1H3",10.1021/je300312c,328.8,375.1,46.3,19,5,6,True,False,False
10.1021/je300312c#d6#p1,mol_2d51bd32961be5de,"InChI=1S/C10H12N2/c1-2-7-12-8-11-9-5-3-4-6-10(9)12/h3-6,8H,2,7H2,1H3",10.1021/je300312c,326.7,375.9,49.2,21,6,8,True,False,False
10.1021/je300312c#d7#p1,mol_463cda24731eaedb,"InChI=1S/C11H14N2/c1-2-3-8-13-9-12-10-6-4-5-7-11(10)13/h4-7,9H,2-3,8H2,1H3",10.1021/je300312c,332.3,375,42.7,21,6,6,True,False,False
10.1021/je300312c#d8#p1,mol_2a3bf002f33d68f6,"InChI=1S/C12H16N2/c1-2-3-6-9-14-10-13-11-7-4-5-8-12(11)14/h4-5,7-8,10H,2-3,6,9H2,1H3",10.1021/je300312c,341.2,375.8,34.6,16,4,6,True,True,False
10.1021/je300347z#d12#p1,mol_670136e04246f1d5,"InChI=1S/C4H10O/c1-2-3-4-5/h5H,2-4H2,1H3",10.1021/je300347z,337.2,351.1,13.9,2,1,1,False,False,False
10.1021/je300347z#d15#p1,mol_435971c8aa9ce0da,"InChI=1S/C5H12O/c1-2-3-4-5-6/h6H,2-5H2,1H3",10.1021/je300347z,354,368.7,14.7,2,1,1,False,False,False
10.1021/je300347z#d18#p1,mol_b8293313f61ea38f,"InChI=1S/C6H14O/c1-2-3-4-5-6-7/h7H,2-6H2,1H3",10.1021/je300347z,369.8,385.7,15.9,2,1,1,False,False,False
10.1021/je300347z#d21#p1,mol_0d2ad00dadcb0064,"InChI=1S/C10H16/c1-8(2)10-6-4-9(3)5-7-10/h4,10H,1,5-7H2,2-3H3/t10-/m0/s1",10.1021/je300347z,375.5,394.5,19,2,1,1,False,False,False
10.1021/je300347z#d3#p1,mol_b4b87befe28d84ce,"InChI=1S/C2H6O/c1-2-3/h3H,2H2,1H3",10.1021/je300347z,302.4,315.4,13,2,1,1,False,False,False
10.1021/je300347z#d6#p1,mol_2465ec339bda2cbb,"InChI=1S/C3H8O/c1-2-3-4/h4H,2-3H2,1H3",10.1021/je300347z,319.6,332.8,13.2,2,1,1,False,False,False
10.1021/je300347z#d9#p1,mol_83a135e5c50b66c1,"InChI=1S/C3H8O/c1-3(2)4/h3-4H,1-2H3",10.1021/je300347z,307.1,319.9,12.8,2,1,1,False,False,False
10.1021/je3003699#d1#p1,mol_132e4cfc5e4bd727,"InChI=1S/C17H34O2/c1-3-4-5-6-7-8-9-10-11-12-13-14-15-16-17(18)19-2/h3-16H2,1-2H3",10.1021/je3003699,408.3,490.8,82.5,3,1,1,False,False,False
10.1021/je3003699#d2#p1,mol_bbb0421bb336b7e6,"InChI=1S/C19H38O2/c1-3-4-5-6-7-8-9-10-11-12-13-14-15-16-17-18-19(20)21-2/h3-18H2,1-2H3",10.1021/je3003699,427.5,472.2,44.7,2,1,1,False,False,False
10.1021/je3004194#d12#p1,mol_115984f9be727624,InChI=1S/C4H5N/c1-2-4-5-3-1/h1-5H,10.1021/je3004194,339.9,356.2,16.3,4,2,1,False,False,False
10.1021/je3004194#d3#p1,mol_670136e04246f1d5,"InChI=1S/C4H10O/c1-2-3-4-5/h5H,2-4H2,1H3",10.1021/je3004194,337.2,351.1,13.9,2,1,1,False,False,False
10.1021/je3004194#d6#p1,mol_2465ec339bda2cbb,"InChI=1S/C3H8O/c1-2-3-4/h4H,2-3H2,1H3",10.1021/je3004194,319.5,332.9,13.4,2,1,1,False,False,False
10.1021/je3004194#d9#p1,mol_435971c8aa9ce0da,"InChI=1S/C5H12O/c1-2-3-4-5-6/h6H,2-5H2,1H3",10.1021/je3004194,353.2,368.7,15.5,4,1,2,False,False,False
10.1021/je300584m#d10#p1,mol_9e960601c6c0fbaf,"InChI=1S/C13H10O/c14-13-11-7-3-1-5-9(11)10-6-2-4-8-12(10)13/h1-8,13-14H",10.1021/je300584m,409.98,441.42,31.44,17,5,5,True,False,False
10.1021/je300584m#d5#p1,mol_87af88bbbdeef674,InChI=1S/C13H8O/c14-13-11-7-3-1-5-9(11)10-6-2-4-8-12(10)13/h1-8H,10.1021/je300584m,331.79,440.85,109.06,55,17,17,True,True,False
10.1021/je300670n#d13#p1,mol_f32efffa3cd8e3f1,"InChI=1S/C5H12O/c1-4-5(2,3)6/h6H,4H2,1-3H3",10.1021/je300670n,334.98,334.98,0,1,1,1,False,False,False
10.1021/je300670n#d4#p1,mol_5e0efb61904c3869,"InChI=1S/C7H16O/c1-5-7(3,4)8-6-2/h5-6H2,1-4H3",10.1021/je300670n,324.31,324.31,0,1,1,1,False,False,False
10.1021/je300670n#d7#p1,mol_670136e04246f1d5,"InChI=1S/C4H10O/c1-2-3-4-5/h5H,2-4H2,1H3",10.1021/je300670n,345.91,345.91,0,1,1,1,False,False,False
10.1021/je300678r#d1#p1,mol_301d3a83ae1e6ae0,"InChI=1S/C6H12O/c1-5(2)4-6(3)7/h5H,4H2,1-3H3",10.1021/je300678r,340.18,340.66,0.48,2,1,1,False,False,False
10.1021/je300678r#d4#p1,mol_f32efffa3cd8e3f1,"InChI=1S/C5H12O/c1-4-5(2,3)6/h6H,4H2,1-3H3",10.1021/je300678r,336.04,336.04,0,1,1,1,False,False,False
10.1021/je300736k#d1#p1,mol_2465ec339bda2cbb,"InChI=1S/C3H8O/c1-2-3-4/h4H,2-3H2,1H3",10.1021/je300736k,278.15,323.15,45,10,3,3,True,False,False
10.1021/je300784x#d1#p1,mol_8f32c24fded8ca18,"InChI=1S/C8H10O2/c1-2-10-8-6-4-3-5-7(8)9/h3-6,9H,2H2,1H3",10.1021/je300784x,380.221,428.48,48.259,11,4,4,True,False,False
10.1021/je3009649#d1#p1,mol_97895e747db97ae6,"InChI=1S/C4H9N/c1-2-4-5-3-1/h5H,1-4H2",10.1021/je3009649,316.9,316.9,0,1,1,1,False,False,False
10.1021/je3009649#d2#p1,mol_969f34406f44f7e7,"InChI=1S/C4H11N/c1-2-3-4-5/h2-5H2,1H3",10.1021/je3009649,308.3,308.3,0,1,1,1,False,False,False
10.1021/je300994y#d3#p1,mol_4e6567a0dc6bd494,"InChI=1S/C6H14O/c1-5(2)7-6(3)4/h5-6H,1-4H3",10.1021/je300994y,287.06,298.03,10.97,5,2,1,False,False,False
10.1021/je300994y#d6#p1,mol_83a135e5c50b66c1,"InChI=1S/C3H8O/c1-3(2)4/h3-4H,1-2H3",10.1021/je300994y,305.78,316.97,11.19,5,2,2,False,False,False
10.1021/je300994y#d9#p1,mol_f5b1d62bafd7f460,InChI=1S/C4H9NO/c1-4(6)5(2)3/h1-3H3,10.1021/je300994y,378.79,382.26,3.47,2,1,1,False,False,False
10.1021/je3011979#d2#p1,mol_502267b1d358ae7d,"InChI=1S/C5H10O2/c1-3-4-7-5(2)6/h3-4H2,1-2H3",10.1021/je3011979,318.35,328.95,10.6,4,2,1,False,False,False
10.1021/je301238f#d3#p1,mol_5e0efb61904c3869,"InChI=1S/C7H16O/c1-5-7(3,4)8-6-2/h5-6H2,1-4H3",10.1021/je301238f,324.31,324.31,0,1,1,1,False,False,False
10.1021/je301238f#d5#p1,mol_f485c31dbb304f3b,InChI=1S/C2H3N/c1-2-3/h1H3,10.1021/je301238f,308.32,308.32,0,1,1,1,False,False,False
10.1021/je301238f#d7#p1,mol_25b76921742ed7fa,"InChI=1S/C3H5N/c1-2-3-4/h2H2,1H3",10.1021/je301238f,322.25,322.25,0,1,1,1,False,False,False
10.1021/je301294a#d1#p1,mol_8b8ce5ecf64b8081,"InChI=1S/C8H16O2/c1-3-5-6-7-8(9)10-4-2/h3-7H2,1-2H3",10.1021/je301294a,373.15,383.15,10,2,1,1,False,False,False
10.1021/je301294a#d2#p1,mol_fc2d93121de8a8dd,"InChI=1S/C12H24O2/c1-3-5-6-7-8-9-10-11-12(13)14-4-2/h3-11H2,1-2H3",10.1021/je301294a,373.15,453.15,80,9,3,3,True,False,False
10.1021/je301294a#d3#p1,mol_e356f62a95258c32,"InChI=1S/C16H32O2/c1-3-5-6-7-8-9-10-11-12-13-14-15-16(17)18-4-2/h3-15H2,1-2H3",10.1021/je301294a,373.15,453.15,80,9,3,3,True,False,False
10.1021/je301294a#d4#p1,mol_bf39f6deed5d4b6a,"InChI=1S/C14H30/c1-3-5-7-9-11-13-14-12-10-8-6-4-2/h3-14H2,1-2H3",10.1021/je301294a,373.15,453.15,80,9,3,3,True,False,False
10.1021/je3013028#d3#p1,mol_ca0440f5ec95bc5f,InChI=1S/C4H4S/c1-2-4-5-3-1/h1-4H,10.1021/je3013028,308.14,308.14,0,1,1,1,False,False,False
10.1021/je301333b#d14#p1,mol_c9fe204405ee8e50,"InChI=1S/C5H8O2/c1-3-5(6)7-4-2/h3H,1,4H2,2H3",10.1021/je301333b,278.15,323.15,45,10,3,3,True,False,False
10.1021/je301333b#d21#p1,mol_cf0b37e316ba5ed0,"InChI=1S/C7H12O2/c1-3-5-6-9-7(8)4-2/h4H,2-3,5-6H2,1H3",10.1021/je301333b,278.15,368.15,90,19,6,6,True,False,False
10.1021/je301333b#d7#p1,mol_f2fe25be2ade1ca5,"InChI=1S/C4H6O2/c1-3-4(5)6-2/h3H,1H2,2H3",10.1021/je301333b,278.15,308.15,30,7,2,2,False,False,False
10.1021/je3013638#d1#p1,mol_8d942921e2ad5a04,"InChI=1S/C6H5Cl2N/c7-4-1-5(8)3-6(9)2-4/h1-3H,9H2",10.1021/je3013638,446.6,469.09,22.49,8,5,1,False,False,False
10.1021/je400036b#d4#p1,mol_39beef09cdd1ae08,"InChI=1S/C6H12O2/c1-3-4-5-8-6(2)7/h3-5H2,1-2H3",10.1021/je400036b,347.83,350.12,2.29,2,1,1,False,False,False
10.1021/je400082c#d1#p1,mol_3590edb9884753b9,"InChI=1S/C2H6O2/c3-1-2-4/h3-4H,1-2H2",10.1021/je400082c,386.15,416.45,30.3,15,5,4,True,False,False
10.1021/je400136y#d1#p1,mol_7ad27968482aa306,"InChI=1S/C6H15NS/c1-3-7(4-2)5-6-8/h8H,3-6H2,1-2H3",10.1021/je400136y,275.15,295.15,20,3,1,1,False,False,False
10.1021/je400136y#d3#p1,mol_246891f3258f0b90,"InChI=1S/C4H11NS/c1-5(2)3-4-6/h6H,3-4H2,1-2H3",10.1021/je400136y,278.15,296.15,18,3,1,1,False,False,False
10.1021/je400136y#d5#p1,mol_fb084703233aa40a,"InChI=1S/C8H19NS/c1-7(2)9(5-6-10)8(3)4/h7-8,10H,5-6H2,1-4H3",10.1021/je400136y,275.15,295.65,20.5,3,1,1,False,False,False
10.1021/je400205g#d1#p1,mol_d8bef5f13d83d1a3,"InChI=1S/C7H7F9O/c8-4(9,2-1-3-17)5(10,11)6(12,13)7(14,15)16/h17H,1-3H2",10.1021/je400205g,273.15,309.15,36,4,1,2,False,False,False
10.1021/je400205g#d2#p1,mol_dd3d6f8d9cdee4da,"InChI=1S/C10H3F17/c1-2-3(11,12)4(13,14)5(15,16)6(17,18)7(19,20)8(21,22)9(23,24)10(25,26)27/h2H,1H2",10.1021/je400205g,254.15,309.15,55,4,1,1,False,False,False
10.1021/je400205g#d5#p1,mol_22dc1b955e032e20,"InChI=1S/C10H5F15O2/c1-2-27-3(26)4(11,12)5(13,14)6(15,16)7(17,18)8(19,20)9(21,22)10(23,24)25/h2H2,1H3",10.1021/je400205g,263.15,308.15,45,4,1,1,False,False,False
10.1021/je400212t#d1#p1,mol_f612596591f38885,"InChI=1S/C7H9N/c8-6-7-4-2-1-3-5-7/h1-5H,6,8H2",10.1021/je400212t,275.5,315.6,40.1,31,10,8,True,True,False
10.1021/je400212t#d4#p1,mol_c43b0ee134e86771,"InChI=1S/C8H11N/c9-7-6-8-4-2-1-3-5-8/h1-5H,6-7,9H2",10.1021/je400212t,285.2,323.2,38,23,8,5,True,True,False
10.1021/je400212t#d6#p1,mol_4e4c72058c054de2,"InChI=1S/C10H23N/c1-2-3-4-5-6-7-8-9-10-11/h2-11H2,1H3",10.1021/je400212t,299.1,343,43.9,25,7,9,True,True,False
10.1021/je400212t#d7#p1,mol_7e0d1a628651aee9,"InChI=1S/C7H17N/c1-2-3-4-5-6-7-8/h2-8H2,1H3",10.1021/je400212t,280.2,306.2,26,14,4,4,False,False,False
10.1021/je400212t#d8#p1,mol_10ae2d7874bda204,"InChI=1S/C8H19N/c1-2-3-4-5-6-7-8-9/h2-9H2,1H3",10.1021/je400212t,274.2,313.3,39.1,22,7,6,True,True,False
10.1021/je400373d#d1#p1,mol_7ff2a8a99ea3e83d,"InChI=1S/C5H13NO2/c1-6(2-4-7)3-5-8/h7-8H,2-5H2,1H3",10.1021/je400373d,467.37,467.37,0,1,1,1,False,False,False
10.1021/je400373d#d2#p1,mol_3590edb9884753b9,"InChI=1S/C2H6O2/c3-1-2-4/h3-4H,1-2H2",10.1021/je400373d,422.775,422.775,0,1,1,1,False,False,False
10.1021/je400373d#d4#p1,mol_bd766895d345d764,"InChI=1S/C3H9NO/c1-4-2-3-5/h4-5H,2-3H2,1H3",10.1021/je400373d,388.02,388.02,0,1,1,1,False,False,False
10.1021/je4004417#d2#p1,mol_a56be792ea5f2a9e,"InChI=1S/C5H9NO2/c7-5-6-1-3-8-4-2-6/h5H,1-4H2",10.1021/je4004417,343.15,393.15,50,3,1,1,False,False,False
10.1021/je4004993#d3#p1,mol_d256cec7b59305ff,InChI=1S/C4H8O/c1-2-4-5-3-1/h1-4H2,10.1021/je4004993,290.03,294.92,4.89,3,1,1,False,False,False
10.1021/je4004993#d6#p1,mol_e983a25bd52a944d,InChI=1S/C6H12/c1-2-4-6-5-3-1/h1-6H2,10.1021/je4004993,290,305.93,15.93,6,2,2,False,False,False
10.1021/je400510j#d2#p1,mol_62b1e6f80fd72085,InChI=1S/C5H5N/c1-2-4-6-5-3-1/h1-5H,10.1021/je400510j,288.15,303.15,15,4,1,1,False,False,False
10.1021/je400510j#d3#p1,mol_ca0440f5ec95bc5f,InChI=1S/C4H4S/c1-2-4-5-3-1/h1-4H,10.1021/je400510j,288.15,303.15,15,4,1,1,False,False,False
10.1021/je400510j#d4#p1,mol_b44b37c017007981,"InChI=1S/C7H8/c1-7-5-3-2-4-6-7/h2-6H,1H3",10.1021/je400510j,288.15,303.15,15,4,1,1,False,False,False
10.1021/je400531a#d3#p1,mol_f485c31dbb304f3b,InChI=1S/C2H3N/c1-2-3/h1H3,10.1021/je400531a,307.22,307.22,0,1,1,1,False,False,False
10.1021/je400531a#d8#p1,mol_b7f422847b230663,InChI=1S/C2H6OS/c1-4(2)3/h1-2H3,10.1021/je400531a,401.95,408.75,6.8,3,1,1,False,False,False
10.1021/je400551d#d3#p1,mol_3590edb9884753b9,"InChI=1S/C2H6O2/c3-1-2-4/h3-4H,1-2H2",10.1021/je400551d,336.45,408.25,71.8,13,6,3,True,False,False
10.1021/je400551d#d4#p1,mol_a3ab0bd2d4d80422,"InChI=1S/C10H22/c1-3-5-7-9-10-8-6-4-2/h3-10H2,1-2H3",10.1021/je400551d,299.25,382.83,83.58,15,7,4,True,False,False
10.1021/je400783h#d8#p1,mol_4581eaef241767fe,"InChI=1S/C6H6O2/c1-5-2-3-6(4-7)8-5/h2-4H,1H3",10.1021/je400783h,303.15,403.15,100,21,7,7,True,False,False
10.1021/je400885z#d10#p1,mol_670136e04246f1d5,"InChI=1S/C4H10O/c1-2-3-4-5/h5H,2-4H2,1H3",10.1021/je400885z,333.15,333.15,0,1,1,1,False,False,False
10.1021/je400885z#d2#p1,mol_942daac293e911e8,InChI=1S/C5H4O2/c6-4-5-2-1-3-7-5/h1-4H,10.1021/je400885z,373.15,373.15,0,1,1,1,False,False,False
10.1021/je400885z#d6#p1,mol_c187c0fbd800fefd,InChI=1S/CS2/c2-1-3,10.1021/je400885z,273.15,273.15,0,1,1,1,False,False,False
10.1021/je400885z#d8#p1,mol_e554601fff053edf,"InChI=1S/C2H7NO/c3-1-2-4/h4H,1-3H2",10.1021/je400885z,373.15,373.15,0,1,1,1,False,False,False
10.1021/je4009014#d2#p1,mol_a9ed7bb16f2162a1,"InChI=1S/C6H14O3/c7-3-1-5-9-6-2-4-8/h7-8H,1-6H2",10.1021/je4009014,365.15,397.15,32,13,3,4,True,False,False
10.1021/je400951k#d1#p1,mol_a39fe39f3d910b4e,"InChI=1S/C8H18O/c1-2-3-4-5-6-7-8-9/h9H,2-8H2,1H3",10.1021/je400951k,358.05,410.79,52.74,7,2,3,False,False,False
10.1021/je400951k#d4#p1,mol_e8aebb5fa90accd4,"InChI=1S/C12H20O2/c1-8(13)14-10-7-9-5-6-12(10,4)11(9,2)3/h9-10H,5-7H2,1-4H3/t9-,10-,12+/m1/s1",10.1021/je400951k,381.09,442.35,61.26,12,3,3,True,False,False
10.1021/je400951k#d5#p1,mol_aa83aa52ed979dca,"InChI=1S/C10H18/c1-7-4-5-8-6-9(7)10(8,2)3/h7-9H,4-6H2,1-3H3/t7-,8+,9+/m0/s1",10.1021/je400951k,330.27,379.03,48.76,9,3,3,True,False,False
10.1021/je400980w#d1#p1,mol_3590edb9884753b9,"InChI=1S/C2H6O2/c3-1-2-4/h3-4H,1-2H2",10.1021/je400980w,420.74,420.74,0,1,1,1,False,False,False
10.1021/je401020e#d12#p1,mol_91d56f798d34f28f,"InChI=1S/C6H14O4/c7-1-3-9-5-6-10-4-2-8/h7-8H,1-6H2",10.1021/je401020e,480.39,480.39,0,1,1,1,False,False,False
10.1021/je401020e#d3#p1,mol_3590edb9884753b9,"InChI=1S/C2H6O2/c3-1-2-4/h3-4H,1-2H2",10.1021/je401020e,406.02,423.18,17.16,2,1,1,False,False,False
10.1021/je401020e#d6#p1,mol_d3125f71fb8f9281,"InChI=1S/C4H10O2/c5-3-1-2-4-6/h5-6H,1-4H2",10.1021/je401020e,437.48,454.63,17.15,2,1,1,False,False,False
10.1021/je401020e#d9#p1,mol_b6f411c1ad8b6e05,"InChI=1S/C4H10O3/c5-1-3-7-4-2-6/h5-6H,1-4H2",10.1021/je401020e,445.07,464.36,19.29,3,1,2,False,False,False
10.1021/je500092v#d2#p1,mol_670136e04246f1d5,"InChI=1S/C4H10O/c1-2-3-4-5/h5H,2-4H2,1H3",10.1021/je500092v,337.8,337.8,0,1,1,1,False,False,False
10.1021/je500092v#d4#p1,mol_496a55139eacec75,"InChI=1S/C5H9NO/c1-6-4-2-3-5(6)7/h2-4H2,1H3",10.1021/je500092v,313.15,399.53,86.38,6,2,2,False,False,False
10.1021/je500110d#d3#p1,mol_1573cefc1a63cc61,"InChI=1S/C16H22O4/c1-3-5-11-19-15(17)13-9-7-8-10-14(13)16(18)20-12-6-4-2/h7-10H,3-6,11-12H2,1-2H3",10.1021/je500110d,353.6,378.5,24.9,6,2,2,False,False,False
10.1021/je500116z#d1#p1,mol_2ea49b3823ebd7ad,"InChI=1S/C6H14/c1-3-5-6-4-2/h3-6H2,1-2H3",10.1021/je500116z,288.15,288.15,0,1,1,1,False,False,False
10.1021/je500116z#d3#p1,mol_8411a1787a17bdb0,"InChI=1S/C4H9Cl/c1-4(2)3-5/h4H,3H2,1-2H3",10.1021/je500116z,288.15,288.15,0,1,1,1,False,False,False
10.1021/je500428d#d1#p1,mol_1b927af3ef5d8701,"InChI=1S/C6H15O4P/c1-4-8-11(7,9-5-2)10-6-3/h4-6H2,1-3H3",10.1021/je500428d,271.25,283.15,11.9,5,1,2,False,False,False
10.1021/je500428d#d2#p1,mol_1b927af3ef5d8701,"InChI=1S/C6H15O4P/c1-4-8-11(7,9-5-2)10-6-3/h4-6H2,1-3H3",10.1021/je500428d,289.15,295.15,6,2,1,1,False,False,False
10.1021/je500428d#d6#p1,mol_1e9d2e26a6ddc23d,"InChI=1S/C7H12O4/c1-3-10-6(8)5-7(9)11-4-2/h3-5H2,1-2H3",10.1021/je500428d,265.15,287.95,22.8,14,3,5,False,True,False
10.1021/je500731x#d6#p1,mol_70e48880798be543,"InChI=1S/C7H14O/c1-3-4-5-6-7(2)8/h3-6H2,1-2H3",10.1021/je500731x,354.77,368.9,14.13,5,3,2,False,False,False
10.1021/je500731x#d7#p1,mol_233b54030a79656e,"InChI=1S/C7H14O/c1-3-5-6-7(8)4-2/h3-6H2,1-2H3",10.1021/je500731x,354.82,367.95,13.13,4,1,2,False,False,False
10.1021/je500731x#d8#p1,mol_95868041bec1b2e7,"InChI=1S/C7H14O/c1-3-5-7(8)6-4-2/h3-6H2,1-2H3",10.1021/je500731x,358.74,363.42,4.68,2,1,1,False,False,False
10.1021/je500784s#d1#p1,mol_2d09dab0a2be3f90,InChI=1S/C6H5Br/c7-6-4-2-1-3-5-6/h1-5H,10.1021/je500784s,276.4,303.4,27,16,4,4,False,False,False
10.1021/je500784s#d10#p1,mol_85133c3fe71552de,"InChI=1S/C7H7I/c1-6-3-2-4-7(8)5-6/h2-5H,1H3",10.1021/je500784s,275.7,313.1,37.4,11,3,5,True,True,False
10.1021/je500784s#d13#p1,mol_900a0f38b179fea2,"InChI=1S/C7H7I/c1-6-2-4-7(8)5-3-6/h2-5H,1H3",10.1021/je500784s,308,332.9,24.9,7,2,3,False,False,False
10.1021/je500784s#d15#p1,mol_0eff9e7e919da986,"InChI=1S/C8H9Br/c1-6-4-3-5-7(2)8(6)9/h3-5H,1-2H3",10.1021/je500784s,274.2,305.3,31.1,12,4,4,True,False,False
10.1021/je500784s#d16#p1,mol_fd8c11940511c457,"InChI=1S/C8H9I/c1-6-4-3-5-7(2)8(6)9/h3-5H,1-2H3",10.1021/je500784s,284.5,333.4,48.9,20,6,5,True,False,False
10.1021/je500784s#d17#p1,mol_12f2d4d05a0c8d09,"InChI=1S/C8H9I/c1-6-3-4-8(9)7(2)5-6/h3-5H,1-2H3",10.1021/je500784s,293.5,328.5,35,14,5,4,True,False,False
10.1021/je500784s#d2#p1,mol_8c6d4251bbcdb100,InChI=1S/C6H5I/c7-6-4-2-1-3-5-6/h1-5H,10.1021/je500784s,283.8,314.6,30.8,12,4,4,True,False,False
10.1021/je500784s#d3#p1,mol_3cb1734042df550a,"InChI=1S/C7H7Br/c1-6-4-2-3-5-7(6)8/h2-5H,1H3",10.1021/je500784s,281.2,313.1,31.9,12,3,5,True,False,False
10.1021/je500784s#d4#p1,mol_275981bba78be1e1,"InChI=1S/C7H7Br/c1-6-3-2-4-7(8)5-6/h2-5H,1H3",10.1021/je500784s,274.2,308.2,34,22,6,9,True,True,False
10.1021/je500784s#d7#p1,mol_80db9b4fc382b414,"InChI=1S/C7H7Br/c1-6-2-4-7(8)5-3-6/h2-5H,1H3",10.1021/je500784s,301.9,335.3,33.4,17,5,5,True,False,False
10.1021/je500784s#d9#p1,mol_22be8c33c22b0b12,"InChI=1S/C7H7I/c1-6-4-2-3-5-7(6)8/h2-5H,1H3",10.1021/je500784s,283.2,325.1,41.9,12,5,3,True,False,False
10.1021/je5008795#d33#p1,mol_766e4af517e1fbbc,InChI=1S/C6H4Br2/c7-5-3-1-2-4-6(5)8/h1-4H,10.1021/je5008795,290.3,328.2,37.9,15,5,5,True,False,False
10.1021/je5008795#d4#p1,mol_6d4f973d7e18814a,InChI=1S/C6H4Br2/c7-5-2-1-3-6(8)4-5/h1-4H,10.1021/je5008795,276.4,317.8,41.4,23,7,7,True,True,False
10.1021/je501033z#d1#p1,mol_6dc54388549b234e,"InChI=1S/CH4O/c1-2/h2H,1H3",10.1021/je501033z,274.15,293.15,19,4,1,2,False,False,False
10.1021/je5010824#d3#p1,mol_3590edb9884753b9,"InChI=1S/C2H6O2/c3-1-2-4/h3-4H,1-2H2",10.1021/je5010824,406.1,423.29,17.19,2,1,1,False,False,False
10.1021/je501106d#d4#p1,mol_2ea49b3823ebd7ad,"InChI=1S/C6H14/c1-3-5-6-4-2/h3-6H2,1-2H3",10.1021/je501106d,300.15,300.15,0,1,1,1,False,False,False
10.1021/je501106d#d8#p1,mol_538c4f0d7c4ce97e,"InChI=1S/C7H16/c1-3-5-7-6-4-2/h3-7H2,1-2H3",10.1021/je501106d,302.15,302.15,0,1,1,1,False,False,False
10.1021/je600566v#d2#p1,mol_88d372137d7ecc53,"InChI=1S/C6H5Cl2PS/c7-9(8,10)6-4-2-1-3-5-6/h1-5H",10.1021/je600566v,417.8,448.1,30.3,13,4,4,True,False,False
10.1021/je700027n#d2#p1,mol_0598ed94e921fa46,"InChI=1S/C8H14O4/c1-11-7(9)5-3-4-6-8(10)12-2/h3-6H2,1-2H3",10.1021/je700027n,353.15,443.15,90,8,3,2,True,False,False
10.1021/je700027n#d3#p1,mol_f3ea48a487080019,"InChI=1S/C7H12O4/c1-10-6(8)4-3-5-7(9)11-2/h3-5H2,1-2H3",10.1021/je700027n,393.15,413.15,20,2,1,1,False,False,False
10.1021/je7000683#d5#p1,mol_43a8992916d4bc49,"InChI=1S/C6H11NO/c8-6-4-2-1-3-5-7-6/h1-5H2,(H,7,8)",10.1021/je7000683,315.3,331.9,16.6,3,1,1,False,False,False
10.1021/je700094y#d4#p1,mol_193a3d60f378e2b0,"InChI=1S/C5H10O/c1-3-5-6-4-2/h4H,2-3,5H2,1H3",10.1021/je700094y,296.02,296.02,0,1,1,1,False,False,False
10.1021/je7001122#d1#p1,mol_a3ab0bd2d4d80422,"InChI=1S/C10H22/c1-3-5-7-9-10-8-6-4-2/h3-10H2,1-2H3",10.1021/je7001122,323.94,373.15,49.21,3,1,1,False,False,False
10.1021/je7001122#d2#p1,mol_b73eb28e83f057b0,"InChI=1S/C24H50/c1-3-5-7-9-11-13-15-17-19-21-23-24-22-20-18-16-14-12-10-8-6-4-2/h3-24H2,1-2H3",10.1021/je7001122,393.2,417.75,24.55,4,2,2,False,False,False
10.1021/je7001122#d3#p1,mol_b73eb28e83f057b0,"InChI=1S/C24H50/c1-3-5-7-9-11-13-15-17-19-21-23-24-22-20-18-16-14-12-10-8-6-4-2/h3-24H2,1-2H3",10.1021/je7001122,393.2,452.6,59.4,6,1,2,False,False,False
10.1021/je7001122#d4#p1,mol_e9e23b59358f5358,"InChI=1S/C28H58/c1-3-5-7-9-11-13-15-17-19-21-23-25-27-28-26-24-22-20-18-16-14-12-10-8-6-4-2/h3-28H2,1-2H3",10.1021/je7001122,433.32,494.8,61.48,4,1,1,False,False,False
10.1021/je700270d#d1#p1,mol_ce86a4b54495b02c,InChI=1S/C5H10O/c1-2-4-6-5-3-1/h1-5H2,10.1021/je700270d,257.96,300.01,42.05,6,2,3,False,False,False
10.1021/je700371w#d2#p1,mol_d33c3680c5c0ca0a,"InChI=1S/C6H8N2/c1-5-3-2-4-8-6(5)7/h2-4H,1H3,(H2,7,8)",10.1021/je700371w,328.7,435.66,106.96,22,8,8,True,False,False
10.1021/je700398k#d1#p1,mol_496a55139eacec75,"InChI=1S/C5H9NO/c1-6-4-2-3-5(6)7/h2-4H2,1H3",10.1021/je700398k,380.73,416.81,36.08,13,5,5,True,False,False
10.1021/je700398k#d2#p1,mol_24c542b281c2477a,"InChI=1S/C7H13NO/c1-8-6-4-2-3-5-7(8)9/h2-6H2,1H3",10.1021/je700398k,402.95,443.09,40.14,11,3,3,True,False,False
10.1021/je700411p#d3#p1,mol_39beef09cdd1ae08,"InChI=1S/C6H12O2/c1-3-4-5-8-6(2)7/h3-5H2,1-2H3",10.1021/je700411p,334.36,351.02,16.66,7,2,3,False,False,False
10.1021/je700512a#d1#p1,mol_953db3858ca974a4,InChI=1S/C4H8O2/c1-2-6-4-3-5-1/h1-4H2,10.1021/je700512a,288.15,308.15,20,3,1,1,False,False,False
10.1021/je700546r#d27#p1,mol_41941ac4285969b3,"InChI=1S/C6H11NO/c8-7-6-4-2-1-3-5-6/h8H,1-5H2",10.1021/je700546r,364.6,394.9,30.3,15,3,6,True,False,False
10.1021/je7005924#d2#p1,mol_41da2435d36ad8a1,InChI=1S/C4H6O2/c1-3(5)4(2)6/h1-2H3,10.1021/je7005924,314.3,314.3,0,1,1,1,False,False,False
10.1021/je7005924#d3#p1,mol_3b4635f42f3caa44,"InChI=1S/C5H8O2/c1-3-5(7)4(2)6/h3H2,1-2H3",10.1021/je7005924,331.84,331.84,0,1,1,1,False,False,False
10.1021/je7007523#d1#p1,mol_6a1b88d7d4729d66,"InChI=1S/C8H18O/c1-3-5-7-9-8-6-4-2/h3-8H2,1-2H3",10.1021/je7007523,313.15,313.15,0,1,1,1,False,False,False
10.1021/je7007523#d2#p1,mol_538c4f0d7c4ce97e,"InChI=1S/C7H16/c1-3-5-7-6-4-2/h3-7H2,1-2H3",10.1021/je7007523,313.15,313.15,0,1,1,1,False,False,False
10.1021/je8000427#d2#p1,mol_54cbf32556ed4d04,InChI=1S/C6H5Cl2OP/c7-10(8)9-6-4-2-1-3-5-6/h1-5H,10.1021/je8000427,363.25,427.13,63.88,15,5,5,True,False,False
10.1021/je800122x#d5#p1,mol_edce7975f30639d1,"InChI=1S/C6H12Cl2O/c1-5(2,7)9-6(3,4)8/h1-4H3",10.1021/je800122x,303.15,367.15,64,11,6,2,True,True,False
10.1021/je8002282#d2#p1,mol_0c2b699f18ff1976,InChI=1S/C3H6O3/c1-5-3(4)6-2/h1-2H3,10.1021/je8002282,293,313,20,2,1,1,False,False,False
10.1021/je800290k#d1#p1,mol_a64b8a3e542d0885,"InChI=1S/C4H12N2/c1-6-4-2-3-5/h6H,2-5H2,1H3",10.1021/je800290k,326.81,353.78,26.97,5,1,2,False,False,False
10.1021/je800290k#d2#p1,mol_e554601fff053edf,"InChI=1S/C2H7NO/c3-1-2-4/h4H,1-3H2",10.1021/je800290k,357.46,398.01,40.55,8,2,3,False,False,False
10.1021/je800290k#d3#p1,mol_7ff2a8a99ea3e83d,"InChI=1S/C5H13NO2/c1-6(2-4-7)3-5-8/h7-8H,2-5H2,1H3",10.1021/je800290k,409.69,435.5,25.81,7,2,3,False,False,False
10.1021/je800298n#d9#p1,mol_7bd3eb1878fd3045,"InChI=1S/C5H12O/c1-5(2)3-4-6/h5-6H,3-4H2,1-2H3",10.1021/je800298n,348.11,362.8,14.69,6,2,2,False,False,False
10.1021/je800333q#d10#p1,mol_39d0980e9525ad01,InChI=1S/C12H8OS/c1-3-7-11-9(5-1)13-10-6-2-4-8-12(10)14-11/h1-8H,10.1021/je800333q,327.995,372.865,44.87,10,2,4,False,True,False
10.1021/je800333q#d5#p1,mol_c5c000094b04a77b,"InChI=1S/C13H10O/c1-3-7-12-10(5-1)9-11-6-2-4-8-13(11)14-12/h1-8H,9H2",10.1021/je800333q,357.975,381.85,23.875,12,5,3,False,True,False
10.1021/je8004672#d2#p1,mol_670136e04246f1d5,"InChI=1S/C4H10O/c1-2-3-4-5/h5H,2-4H2,1H3",10.1021/je8004672,318.375,318.375,0,1,1,1,False,True,False
10.1021/je800530u#d1#p1,mol_e554601fff053edf,"InChI=1S/C2H7NO/c3-1-2-4/h4H,1-3H2",10.1021/je800530u,283.34,363.09,79.75,17,5,5,True,False,False
10.1021/je800530u#d2#p1,mol_e554601fff053edf,"InChI=1S/C2H7NO/c3-1-2-4/h4H,1-3H2",10.1021/je800530u,283.15,363.15,80,9,3,3,True,False,False
10.1021/je800530u#d3#p1,mol_43e3cdae7078a32d,"InChI=1S/C5H11NO/c1-6-2-4-7-5-3-6/h2-5H2,1H3",10.1021/je800530u,273.18,338.18,65,14,4,4,True,False,False
10.1021/je800530u#d4#p1,mol_43e3cdae7078a32d,"InChI=1S/C5H11NO/c1-6-2-4-7-5-3-6/h2-5H2,1H3",10.1021/je800530u,313.15,333.15,20,3,1,1,False,False,False
10.1021/je800534x#d2#p1,mol_54f775b9989c3033,"InChI=1S/C20H42/c1-3-5-7-9-11-13-15-17-19-20-18-16-14-12-10-8-6-4-2/h3-20H2,1-2H3",10.1021/je800534x,373.17,373.17,0,1,1,1,False,False,False
10.1021/je800535c#d9#p1,mol_b4b87befe28d84ce,"InChI=1S/C2H6O/c1-2-3/h3H,2H2,1H3",10.1021/je800535c,313.15,313.15,0,1,1,1,False,False,False
10.1021/je800603z#d1#p1,mol_f612596591f38885,"InChI=1S/C7H9N/c8-6-7-4-2-1-3-5-7/h1-5H,6,8H2",10.1021/je800603z,292.74,362.67,69.93,8,3,3,True,False,False
10.1021/je800603z#d2#p1,mol_784ee3742c50210b,"InChI=1S/C6H15N/c1-4-7(5-2)6-3/h4-6H2,1-3H3",10.1021/je800603z,273.04,312.82,39.78,3,1,1,False,False,False
10.1021/je800603z#d3#p1,mol_c43b0ee134e86771,"InChI=1S/C8H11N/c9-7-6-8-4-2-1-3-5-8/h1-5H,6-7,9H2",10.1021/je800603z,273.26,351.79,78.53,9,3,3,True,False,False
10.1021/je800603z#d4#p1,mol_c47bc461dbb285de,"InChI=1S/C7H15N/c1-6-4-3-5-7(2)8-6/h6-8H,3-5H2,1-2H3/t6-,7+",10.1021/je800603z,294.8,344.96,50.16,6,2,2,False,False,False
10.1021/je8007414#d6#p1,mol_0d2ad00dadcb0064,"InChI=1S/C10H16/c1-8(2)10-6-4-9(3)5-7-10/h4,10H,1,5-7H2,2-3H3/t10-/m0/s1",10.1021/je8007414,326.8,394.5,67.7,6,2,3,False,False,False
10.1021/je800888n#d2#p1,mol_b44b37c017007981,"InChI=1S/C7H8/c1-7-5-3-2-4-6-7/h2-6H,1H3",10.1021/je800888n,253.83,333.175,79.345,13,3,4,True,False,False
10.1021/je800896m#d5#p1,mol_da1f79aed535e48b,InChI=1S/C4H8S/c1-2-4-5-3-1/h1-4H2,10.1021/je800896m,318.345,318.345,0,1,1,1,False,True,False
10.1021/je800984q#d4#p1,mol_2e302d909c9e5e5c,"InChI=1S/C5H10O3/c1-3-7-5(6)8-4-2/h3-4H2,1-2H3",10.1021/je800984q,343.77,351.67,7.9,2,1,1,False,False,False
10.1021/je800998u#d14#p1,mol_d30fee621c3357b6,"InChI=1S/C8H18O/c1-7(2)5-9-6-8(3)4/h7-8H,5-6H2,1-4H3",10.1021/je800998u,330.897,341.657,10.76,3,1,1,False,False,False
10.1021/je900050z#d1#p1,mol_e983a25bd52a944d,InChI=1S/C6H12/c1-2-4-6-5-3-1/h1-6H2,10.1021/je900050z,295.455,308.06,12.605,17,5,7,False,False,False
10.1021/je900050z#d4#p1,mol_f32efffa3cd8e3f1,"InChI=1S/C5H12O/c1-4-5(2,3)6/h6H,4H2,1-3H3",10.1021/je900050z,303.29,334.695,31.405,39,14,11,True,False,False
10.1021/je900050z#d5#p1,mol_b8293313f61ea38f,"InChI=1S/C6H14O/c1-2-3-4-5-6-7/h7H,2-6H2,1H3",10.1021/je900050z,343.46,385.863,42.403,66,29,18,True,False,False
10.1021/je900093h#d10#p1,mol_fc2d93121de8a8dd,"InChI=1S/C12H24O2/c1-3-5-6-7-8-9-10-11-12(13)14-4-2/h3-11H2,1-2H3",10.1021/je900093h,293.77,323.24,29.47,7,2,2,False,False,False
10.1021/je900258f#d1#p1,mol_6543f20ed164282a,"InChI=1S/C2H7O3P/c1-4-6(3)5-2/h6H,1-2H3",10.1021/je900258f,352.85,391.75,38.9,14,3,6,True,False,False
10.1021/je900258f#d2#p1,mol_67658075c3dea3a6,"InChI=1S/C3H9O3P/c1-5-7(3,4)6-2/h1-3H3",10.1021/je900258f,358.17,397.45,39.28,9,4,3,True,False,False
10.1021/je900259b#d9#p1,mol_21a4cd711754eeed,"InChI=1S/C3H8O2/c1-5-3-2-4/h4H,2-3H2,1H3",10.1021/je900259b,345.94,349.54,3.6,2,1,1,False,False,False
10.1021/je900293j#d1#p1,mol_b27150fe8ceb156d,"InChI=1S/C7H7NO2/c1-6-4-2-3-5-7(6)8(9)10/h2-5H,1H3",10.1021/je900293j,283.15,313.15,30,4,1,1,False,False,False
10.1021/je900293j#d3#p1,mol_9bae39b547067706,"InChI=1S/C7H7NO2/c1-6-3-2-4-7(5-6)8(9)10/h2-5H,1H3",10.1021/je900293j,293.15,313.15,20,3,1,1,False,False,False
10.1021/je900293j#d5#p1,mol_bf39f6deed5d4b6a,"InChI=1S/C14H30/c1-3-5-7-9-11-13-14-12-10-8-6-4-2/h3-14H2,1-2H3",10.1021/je900293j,293.15,313.15,20,3,1,1,False,False,False
10.1021/je9003417#d4#p1,mol_ab9859ee8964d6a4,"InChI=1S/C2H6S2/c3-1-2-4/h3-4H,1-2H2",10.1021/je9003417,346.965,346.965,0,1,1,1,False,True,False
10.1021/je9004068#d4#p1,mol_b4b87befe28d84ce,"InChI=1S/C2H6O/c1-2-3/h3H,2H2,1H3",10.1021/je9004068,310.89,310.89,0,1,1,1,False,False,False
10.1021/je9004905#d1#p1,mol_3590edb9884753b9,"InChI=1S/C2H6O2/c3-1-2-4/h3-4H,1-2H2",10.1021/je9004905,307.7,384.5,76.8,15,3,7,True,False,False
10.1021/je9004905#d2#p1,mol_16272dceff3c45bf,"InChI=1S/C3H6O2/c1-3(5)2-4/h4H,2H2,1H3",10.1021/je9004905,273.22,303.95,30.73,16,7,6,True,False,False
10.1021/je9004905#d3#p1,mol_ce50f4cf8290e782,"InChI=1S/C2H4O2/c3-1-2-4/h1,4H,2H2",10.1021/je9004905,295.85,355.98,60.13,15,6,3,True,False,False
10.1021/je900511c#d1#p1,mol_a6a307268f5fcfab,"InChI=1S/C3H8Cl2OSi/c1-3-6-7(2,4)5/h3H2,1-2H3",10.1021/je900511c,312.94,323.01,10.07,3,1,1,False,False,False
10.1021/je900530f#d4#p1,mol_f32efffa3cd8e3f1,"InChI=1S/C5H12O/c1-4-5(2,3)6/h6H,4H2,1-3H3",10.1021/je900530f,313.15,333.15,20,3,1,1,False,False,False
10.1021/je900738e#d1#p1,mol_3c289d4e289f2410,"InChI=1S/C2H3F3O/c3-2(4,5)1-6/h6H,1H2",10.1021/je900738e,283.15,303.15,20,3,1,1,False,False,False
10.1021/je900812v#d3#p1,mol_7bd3eb1878fd3045,"InChI=1S/C5H12O/c1-5(2)3-4-6/h5-6H,3-4H2,1-2H3",10.1021/je900812v,336.35,360.65,24.3,6,4,1,False,False,False
10.1021/je900977e#d2#p1,mol_83a135e5c50b66c1,"InChI=1S/C3H8O/c1-3(2)4/h3-4H,1-2H3",10.1021/je900977e,313.15,313.15,0,1,1,1,False,False,False
10.1021/je901026b#d5#p1,mol_c30b4ae49b848357,"InChI=1S/C4H10O/c1-4(2,3)5/h5H,1-3H3",10.1021/je901026b,318.13,318.13,0,1,1,1,False,False,False
10.1021/je901026b#d8#p1,mol_d395bc83f11503fd,"InChI=1S/C8H18/c1-7(2)6-8(3,4)5/h7H,6H2,1-5H3",10.1021/je901026b,318.13,318.13,0,1,1,1,False,False,False
