record_id,origin,molecule_id,split,source_doi,reference_codes_json,H_kJ_mol,T_K,source_locator,decision,decision_reasons,duplicate_family,primary_citation_verified,primary_page_table_row,methods_page_or_section,evidence_excerpt_or_paraphrase,measurement_or_reference_temperature,verified_temperature_K,liquid_state_confirmed,standard_or_saturation_enthalpy,correction_equations_and_sources,any_pressure_data_used_for_H,pressure_DOIs_used_for_H,measurement_lineage_ID,calibration_or_reference_material_role,uncertainty_type_and_coverage,retain_or_reject_reason,reviewer,review_date
10.1016/j.jct.2008.02.004#d1#p1#r1,thermoml,mol_c6feabb4edc72193,validation,10.1016/j.jct.2008.02.004,[],54.9,298.15,10.1016/j.jct.2008.02.004.json; data 1; property 1; row 1,quarantine_archive_calorimetry,full_methods_state_corrections_and_independence_unverified,,,,,,,,,,,,,,,,,,
10.1016/j.jct.2008.04.010#d4#p1#r1,thermoml,mol_4446e9b31e59fba3,train,10.1016/j.jct.2008.04.010,[],81.0,298.15,10.1016/j.jct.2008.04.010.json; data 4; property 1; row 1,quarantine_archive_calorimetry,full_methods_state_corrections_and_independence_unverified,,,,,,,,,,,,,,,,,,
10.1016/j.jct.2008.08.004#d3#p1#r1,thermoml,mol_fa6014b0e97e2afc,train,10.1016/j.jct.2008.08.004,[],53.0,298.15,10.1016/j.jct.2008.08.004.json; data 3; property 1; row 1,quarantine_archive_calorimetry,full_methods_state_corrections_and_independence_unverified,,,,,,,,,,,,,,,,,,
10.1016/j.jct.2008.12.015#d6#p1#r1,thermoml,mol_65b0a8e37b1d0b65,validation,10.1016/j.jct.2008.12.015,[],76.97,334.0,10.1016/j.jct.2008.12.015.json; data 6; property 1; row 1,quarantine_archive_calorimetry,full_methods_state_corrections_and_independence_unverified,,,,,,,,,,,,,,,,,,
10.1016/j.jct.2013.01.009#d18#p1#r1,thermoml,mol_bbdd71ed3a3275f5,validation,10.1016/j.jct.2013.01.009,[],58.9,298.15,10.1016/j.jct.2013.01.009.json; data 18; property 1; row 1,quarantine_archive_calorimetry,full_methods_state_corrections_and_independence_unverified,lineage_67f38b5227f1d5a4,,,,,,,,,,,,,,,,,
10.1016/j.jct.2015.07.028#d3#p1#r1,thermoml,mol_3ff2b6ab243e2db7,test,10.1016/j.jct.2015.07.028,[],46.9,305.12,10.1016/j.jct.2015.07.028.json; data 3; property 1; row 1,quarantine_archive_calorimetry,full_methods_state_corrections_and_independence_unverified;abstract_discusses_gas_phase_association,,,,,,,,,,,,,,,,,,
10.1016/j.jct.2019.02.001#d5#p1#r1,thermoml,mol_a3ab0bd2d4d80422,train,10.1016/j.jct.2019.02.001,[],49.89,298.15,10.1016/j.jct.2019.02.001.json; data 5; property 1; row 1,quarantine_same_source_conflict,full_methods_state_corrections_and_independence_unverified;two_values_same_T_source_sample_require_table_lineage_review,,,,,,,,,,,,,,,,,,
10.1016/j.jct.2019.02.001#d6#p1#r1,thermoml,mol_a3ab0bd2d4d80422,train,10.1016/j.jct.2019.02.001,[],52.24,298.15,10.1016/j.jct.2019.02.001.json; data 6; property 1; row 1,quarantine_same_source_conflict,full_methods_state_corrections_and_independence_unverified;two_values_same_T_source_sample_require_table_lineage_review,,,,,,,,,,,,,,,,,,
10.1021/je025634v#d1#p1#r1,thermoml,mol_ad64c2cfe3c93488,test,10.1021/je025634v,[],52.16,300.11,10.1021/je025634v.json; data 1; property 1; row 1,quarantine_archive_calorimetry,full_methods_state_corrections_and_independence_unverified;abstract_reports_cross_method_refinement,lineage_e315ce2beedff1d3,,,,,,,,,,,,,,,,,
10.1021/je025634v#d12#p1#r1,thermoml,mol_17a72fa1b6a75538,test,10.1021/je025634v,[],63.6,299.54,10.1021/je025634v.json; data 12; property 1; row 1,quarantine_archive_calorimetry,full_methods_state_corrections_and_independence_unverified;abstract_reports_cross_method_refinement,lineage_22c65d86c1a9332d,,,,,,,,,,,,,,,,,
10.1021/je025634v#d4#p1#r1,thermoml,mol_a78531f40bfa734a,test,10.1021/je025634v,[],48.82,303.52,10.1021/je025634v.json; data 4; property 1; row 1,quarantine_archive_calorimetry,full_methods_state_corrections_and_independence_unverified;abstract_reports_cross_method_refinement,lineage_f4bc4084aeae7a33,,,,,,,,,,,,,,,,,
10.1021/je025634v#d6#p1#r1,thermoml,mol_20837b2036542f40,test,10.1021/je025634v,[],55.73,300.55,10.1021/je025634v.json; data 6; property 1; row 1,quarantine_archive_calorimetry,full_methods_state_corrections_and_independence_unverified;abstract_reports_cross_method_refinement,lineage_c40541f181ca9acc,,,,,,,,,,,,,,,,,
10.1021/je025634v#d9#p1#r1,thermoml,mol_65b637e94cd66c7e,test,10.1021/je025634v,[],58.72,315.57,10.1021/je025634v.json; data 9; property 1; row 1,quarantine_archive_calorimetry,full_methods_state_corrections_and_independence_unverified;abstract_reports_cross_method_refinement,lineage_07ea612466bfc74c,,,,,,,,,,,,,,,,,
10.1021/je025641j#d1#p1#r1,thermoml,mol_c75fad41ddce441e,train,10.1021/je025641j,[],62.6,298.15,10.1021/je025641j.json; data 1; property 1; row 1,quarantine_archive_calorimetry,full_methods_state_corrections_and_independence_unverified,,,,,,,,,,,,,,,,,,
10.1021/je900093h#d3#p1#r1,thermoml,mol_fc2d93121de8a8dd,train,10.1021/je900093h,[],69.9,304.79,10.1021/je900093h.json; data 3; property 1; row 1,quarantine_archive_calorimetry,full_methods_state_corrections_and_independence_unverified,lineage_6f91a312728e4742,,,,,,,,,,,,,,,,,
rdr250199#csvline10000,compendium,mol_3fd637a4d667fe51,train,,"[""1984MAJ/SVO3""]",43.2,343.0,"RDR file 250199, CSV line 10000",quarantine_compendium_provenance,measurement_temperature_state_correction_and_independence_unverified,,,,,,,,,,,,,,,,,,
rdr250199#csvline10001,compendium,mol_3fd637a4d667fe51,train,,"[""1984MAJ/SVO3""]",42.1,358.0,"RDR file 250199, CSV line 10001",quarantine_compendium_provenance,measurement_temperature_state_correction_and_independence_unverified,,,,,,,,,,,,,,,,,,
rdr250199#csvline10004,compendium,mol_3fd637a4d667fe51,train,,"[""1947OSB/GIN""]",46.4,298.0,"RDR file 250199, CSV line 10004",quarantine_compendium_provenance,measurement_temperature_state_correction_and_independence_unverified,,,,,,,,,,,,,,,,,,
rdr250199#csvline10071,compendium,mol_fe38c48a132d8ec5,train,,"[""1977MAN/SEL""]",76.9,298.0,"RDR file 250199, CSV line 10071",quarantine_compendium_provenance,measurement_temperature_state_correction_and_independence_unverified,,,,,,,,,,,,,,,,,,
rdr250199#csvline10251,compendium,mol_e43335be86f26619,train,,"[""1951BAR/MCC""]",46.4,441.0,"RDR file 250199, CSV line 10251",quarantine_compendium_provenance,measurement_temperature_state_correction_and_independence_unverified,,,,,,,,,,,,,,,,,,
rdr250199#csvline10303,compendium,mol_2634d93cfb57c01a,test,,"[""1995RIB/MAT""]",65.7,298.0,"RDR file 250199, CSV line 10303",quarantine_compendium_provenance,measurement_temperature_state_correction_and_independence_unverified,,,,,,,,,,,,,,,,,,
rdr250199#csvline10327,compendium,mol_a41185fe88971a35,validation,,"[""1999MO/YAN""]",73.8,298.0,"RDR file 250199, CSV line 10327",quarantine_compendium_provenance,measurement_temperature_state_correction_and_independence_unverified,,,,,,,,,,,,,,,,,,
rdr250199#csvline10367,compendium,mol_819a139398c7c5de,validation,,"[""1998MAK/KAB""]",69.4,365.0,"RDR file 250199, CSV line 10367",quarantine_compendium_provenance,measurement_temperature_state_correction_and_independence_unverified,,,,,,,,,,,,,,,,,,
rdr250199#csvline10368,compendium,mol_819a139398c7c5de,validation,,"[""1998MAK/KAB""]",72.5,344.0,"RDR file 250199, CSV line 10368",quarantine_compendium_provenance,measurement_temperature_state_correction_and_independence_unverified,,,,,,,,,,,,,,,,,,
rdr250199#csvline10369,compendium,mol_819a139398c7c5de,validation,,"[""1998MAK/KAB""]",74.5,326.0,"RDR file 250199, CSV line 10369",quarantine_compendium_provenance,measurement_temperature_state_correction_and_independence_unverified,,,,,,,,,,,,,,,,,,
rdr250199#csvline10618,compendium,mol_bbdd71ed3a3275f5,validation,,"[""2013STE/FUL""]",58.9,298.0,"RDR file 250199, CSV line 10618",quarantine_compendium_provenance,measurement_temperature_state_correction_and_independence_unverified,lineage_67f38b5227f1d5a4,,,,,,,,,,,,,,,,,
rdr250199#csvline10686,compendium,mol_8557db3d1a35156c,train,,"[""1987ATI/SAI""]",49.0,298.0,"RDR file 250199, CSV line 10686",quarantine_compendium_provenance,measurement_temperature_state_correction_and_independence_unverified,,,,,,,,,,,,,,,,,,
rdr250199#csvline10839,compendium,mol_65b637e94cd66c7e,test,,"[""2004PAU/ZAI""]",60.0,298.0,"RDR file 250199, CSV line 10839",quarantine_compendium_provenance,measurement_temperature_state_correction_and_independence_unverified,,,,,,,,,,,,,,,,,,
rdr250199#csvline10840,compendium,mol_65b637e94cd66c7e,test,,"[""2003ZAI/VER""]",60.1,298.0,"RDR file 250199, CSV line 10840",quarantine_compendium_provenance,measurement_temperature_state_correction_and_independence_unverified,lineage_07ea612466bfc74c,,,,,,,,,,,,,,,,,
rdr250199#csvline11044,compendium,mol_a3ab0bd2d4d80422,train,,"[""1996VIT/CHA""]",51.5,299.0,"RDR file 250199, CSV line 11044",quarantine_compendium_provenance,measurement_temperature_state_correction_and_independence_unverified,,,,,,,,,,,,,,,,,,
rdr250199#csvline11045,compendium,mol_a3ab0bd2d4d80422,train,,"[""1996VIT/CHA""]",50.5,314.0,"RDR file 250199, CSV line 11045",quarantine_compendium_provenance,measurement_temperature_state_correction_and_independence_unverified,,,,,,,,,,,,,,,,,,
rdr250199#csvline11046,compendium,mol_a3ab0bd2d4d80422,train,,"[""1996VIT/CHA""]",50.1,324.0,"RDR file 250199, CSV line 11046",quarantine_compendium_provenance,measurement_temperature_state_correction_and_independence_unverified,,,,,,,,,,,,,,,,,,
rdr250199#csvline11047,compendium,mol_a3ab0bd2d4d80422,train,,"[""1996VIT/CHA""]",49.2,334.0,"RDR file 250199, CSV line 11047",quarantine_compendium_provenance,measurement_temperature_state_correction_and_independence_unverified,,,,,,,,,,,,,,,,,,
rdr250199#csvline11059,compendium,mol_a3ab0bd2d4d80422,train,,"[""1982FUR/SAK""]",51.4,298.0,"RDR file 250199, CSV line 11059",quarantine_compendium_provenance,measurement_temperature_state_correction_and_independence_unverified,,,,,,,,,,,,,,,,,,
rdr250199#csvline11063,compendium,mol_a3ab0bd2d4d80422,train,,"[""1963MOR/SUN""]",50.2,298.0,"RDR file 250199, CSV line 11063",quarantine_compendium_provenance,measurement_temperature_state_correction_and_independence_unverified,,,,,,,,,,,,,,,,,,
rdr250199#csvline11064,compendium,mol_a3ab0bd2d4d80422,train,,"[""1947OSB/GIN""]",51.4,298.0,"RDR file 250199, CSV line 11064",quarantine_compendium_provenance,measurement_temperature_state_correction_and_independence_unverified,,,,,,,,,,,,,,,,,,
rdr250199#csvline11173,compendium,mol_2e538f5e181d5946,train,,"[""1979SEV""]",78.2,323.0,"RDR file 250199, CSV line 11173",quarantine_compendium_provenance,measurement_temperature_state_correction_and_independence_unverified,,,,,,,,,,,,,,,,,,
rdr250199#csvline11174,compendium,mol_2e538f5e181d5946,train,,"[""1979SEV""]",81.5,298.0,"RDR file 250199, CSV line 11174",quarantine_compendium_provenance,measurement_temperature_state_correction_and_independence_unverified,,,,,,,,,,,,,,,,,,
rdr250199#csvline11175,compendium,mol_2e538f5e181d5946,train,,"[""1977MAN/SEL""]",81.5,298.0,"RDR file 250199, CSV line 11175",quarantine_compendium_provenance,measurement_temperature_state_correction_and_independence_unverified,,,,,,,,,,,,,,,,,,
rdr250199#csvline1124,compendium,mol_b4b87befe28d84ce,train,,"[""1989VIN/WOR""]",35.2,393.0,"RDR file 250199, CSV line 1124",quarantine_compendium_provenance,measurement_temperature_state_correction_and_independence_unverified,,,,,,,,,,,,,,,,,,
rdr250199#csvline1125,compendium,mol_b4b87befe28d84ce,train,,"[""1989VIN/WOR""]",30.6,423.0,"RDR file 250199, CSV line 1125",quarantine_compendium_provenance,measurement_temperature_state_correction_and_independence_unverified,,,,,,,,,,,,,,,,,,
rdr250199#csvline1126,compendium,mol_b4b87befe28d84ce,train,,"[""1989VIN/WOR""]",25.7,453.0,"RDR file 250199, CSV line 1126",quarantine_compendium_provenance,measurement_temperature_state_correction_and_independence_unverified,,,,,,,,,,,,,,,,,,
rdr250199#csvline1127,compendium,mol_b4b87befe28d84ce,train,,"[""1989VIN/WOR""]",21.8,473.0,"RDR file 250199, CSV line 1127",quarantine_compendium_provenance,measurement_temperature_state_correction_and_independence_unverified,,,,,,,,,,,,,,,,,,
rdr250199#csvline1128,compendium,mol_b4b87befe28d84ce,train,,"[""1989VIN/WOR""]",17.3,493.0,"RDR file 250199, CSV line 1128",quarantine_compendium_provenance,measurement_temperature_state_correction_and_independence_unverified,,,,,,,,,,,,,,,,,,
rdr250199#csvline1130,compendium,mol_b4b87befe28d84ce,train,,"[""1988DON/LIN""]",40.9,320.0,"RDR file 250199, CSV line 1130",quarantine_compendium_provenance,measurement_temperature_state_correction_and_independence_unverified,,,,,,,,,,,,,,,,,,
rdr250199#csvline1131,compendium,mol_b4b87befe28d84ce,train,,"[""1988DON/LIN""]",40.4,328.0,"RDR file 250199, CSV line 1131",quarantine_compendium_provenance,measurement_temperature_state_correction_and_independence_unverified,,,,,,,,,,,,,,,,,,
rdr250199#csvline1132,compendium,mol_b4b87befe28d84ce,train,,"[""1988DON/LIN""]",40.2,335.0,"RDR file 250199, CSV line 1132",quarantine_compendium_provenance,measurement_temperature_state_correction_and_independence_unverified,,,,,,,,,,,,,,,,,,
rdr250199#csvline1133,compendium,mol_b4b87befe28d84ce,train,,"[""1988DON/LIN""]",39.4,344.0,"RDR file 250199, CSV line 1133",quarantine_compendium_provenance,measurement_temperature_state_correction_and_independence_unverified,,,,,,,,,,,,,,,,,,
rdr250199#csvline1134,compendium,mol_b4b87befe28d84ce,train,,"[""1988DON/LIN""]",38.8,351.0,"RDR file 250199, CSV line 1134",quarantine_compendium_provenance,measurement_temperature_state_correction_and_independence_unverified,,,,,,,,,,,,,,,,,,
rdr250199#csvline1145,compendium,mol_b4b87befe28d84ce,train,,"[""1971POL/BEN""]",42.26,298.0,"RDR file 250199, CSV line 1145",quarantine_compendium_provenance,measurement_temperature_state_correction_and_independence_unverified,,,,,,,,,,,,,,,,,,
rdr250199#csvline11453,compendium,mol_17a72fa1b6a75538,test,,"[""2003ZAI/VER"",""2004PAU/ZAI""]",63.7,298.0,"RDR file 250199, CSV line 11453",quarantine_compendium_provenance,measurement_temperature_state_correction_and_independence_unverified,lineage_22c65d86c1a9332d,,,,,,,,,,,,,,,,,
rdr250199#csvline1146,compendium,mol_b4b87befe28d84ce,train,,"[""1971POL/BEN""]",41.7,308.0,"RDR file 250199, CSV line 1146",quarantine_compendium_provenance,measurement_temperature_state_correction_and_independence_unverified,,,,,,,,,,,,,,,,,,
rdr250199#csvline1147,compendium,mol_b4b87befe28d84ce,train,,"[""1971POL/BEN""]",41.2,318.0,"RDR file 250199, CSV line 1147",quarantine_compendium_provenance,measurement_temperature_state_correction_and_independence_unverified,,,,,,,,,,,,,,,,,,
rdr250199#csvline1148,compendium,mol_b4b87befe28d84ce,train,,"[""1971POL/BEN""]",40.1,328.0,"RDR file 250199, CSV line 1148",quarantine_compendium_provenance,measurement_temperature_state_correction_and_independence_unverified,,,,,,,,,,,,,,,,,,
rdr250199#csvline1149,compendium,mol_b4b87befe28d84ce,train,,"[""1970COU/FEN""]",41.0,320.0,"RDR file 250199, CSV line 1149",quarantine_compendium_provenance,measurement_temperature_state_correction_and_independence_unverified,,,,,,,,,,,,,,,,,,
rdr250199#csvline11490,compendium,mol_c1c12a449ac15fd2,train,,"[""1977STRI/SUN""]",71.1,298.0,"RDR file 250199, CSV line 11490",quarantine_compendium_provenance,measurement_temperature_state_correction_and_independence_unverified,,,,,,,,,,,,,,,,,,
rdr250199#csvline1150,compendium,mol_b4b87befe28d84ce,train,,"[""1970COU/FEN""]",40.0,335.0,"RDR file 250199, CSV line 1150",quarantine_compendium_provenance,measurement_temperature_state_correction_and_independence_unverified,,,,,,,,,,,,,,,,,,
rdr250199#csvline1151,compendium,mol_b4b87befe28d84ce,train,,"[""1970COU/FEN""]",38.7,351.0,"RDR file 250199, CSV line 1151",quarantine_compendium_provenance,measurement_temperature_state_correction_and_independence_unverified,,,,,,,,,,,,,,,,,,
rdr250199#csvline1154,compendium,mol_b4b87befe28d84ce,train,,"[""1966WAD""]",42.3,298.0,"RDR file 250199, CSV line 1154",quarantine_compendium_provenance,measurement_temperature_state_correction_and_independence_unverified,,,,,,,,,,,,,,,,,,
rdr250199#csvline1155,compendium,mol_b4b87befe28d84ce,train,,"[""1963MCC/LAI""]",42.2,298.0,"RDR file 250199, CSV line 1155",quarantine_compendium_provenance,measurement_temperature_state_correction_and_independence_unverified,,,,,,,,,,,,,,,,,,
rdr250199#csvline11597,compendium,mol_58c591d9024d1c78,train,,"[""2007PAS/KUZ""]",56.4,298.0,"RDR file 250199, CSV line 11597",quarantine_compendium_provenance,measurement_temperature_state_correction_and_independence_unverified,,,,,,,,,,,,,,,,,,
rdr250199#csvline11598,compendium,mol_58c591d9024d1c78,train,,"[""2006RIB/CAB2""]",56.6,298.0,"RDR file 250199, CSV line 11598",quarantine_compendium_provenance,measurement_temperature_state_correction_and_independence_unverified,,,,,,,,,,,,,,,,,,
rdr250199#csvline11599,compendium,mol_58c591d9024d1c78,train,,"[""1996VIT/CHA""]",56.2,299.0,"RDR file 250199, CSV line 11599",quarantine_compendium_provenance,measurement_temperature_state_correction_and_independence_unverified,,,,,,,,,,,,,,,,,,
rdr250199#csvline11600,compendium,mol_58c591d9024d1c78,train,,"[""1996VIT/CHA""]",55.4,314.0,"RDR file 250199, CSV line 11600",quarantine_compendium_provenance,measurement_temperature_state_correction_and_independence_unverified,,,,,,,,,,,,,,,,,,
rdr250199#csvline11601,compendium,mol_58c591d9024d1c78,train,,"[""1996VIT/CHA""]",54.5,324.0,"RDR file 250199, CSV line 11601",quarantine_compendium_provenance,measurement_temperature_state_correction_and_independence_unverified,,,,,,,,,,,,,,,,,,
rdr250199#csvline11602,compendium,mol_58c591d9024d1c78,train,,"[""1996VIT/CHA""]",54.0,334.0,"RDR file 250199, CSV line 11602",quarantine_compendium_provenance,measurement_temperature_state_correction_and_independence_unverified,,,,,,,,,,,,,,,,,,
rdr250199#csvline11603,compendium,mol_58c591d9024d1c78,train,,"[""1996VIT/CHA""]",53.1,344.0,"RDR file 250199, CSV line 11603",quarantine_compendium_provenance,measurement_temperature_state_correction_and_independence_unverified,,,,,,,,,,,,,,,,,,
rdr250199#csvline1176,compendium,mol_3590edb9884753b9,train,,"[""1988KNA/SAB"",""1990KNA/SAB2""]",65.6,298.0,"RDR file 250199, CSV line 1176",quarantine_compendium_provenance,measurement_temperature_state_correction_and_independence_unverified,,,,,,,,,,,,,,,,,,
rdr250199#csvline11889,compendium,mol_c38e9861aa13f05a,train,,"[""1965COL/COU"",""1972MOR""]",66.1,298.0,"RDR file 250199, CSV line 11889",quarantine_compendium_provenance,measurement_temperature_state_correction_and_independence_unverified,,,,,,,,,,,,,,,,,,
rdr250199#csvline1196,compendium,mol_8af87cc50053180a,train,,"[""1989VOR/KLY""]",27.9,298.0,"RDR file 250199, CSV line 1196",quarantine_compendium_provenance,measurement_temperature_state_correction_and_independence_unverified,,,,,,,,,,,,,,,,,,
rdr250199#csvline1203,compendium,mol_8af87cc50053180a,train,,"[""1957MCC/HUB""]",28.8,276.0,"RDR file 250199, CSV line 1203",quarantine_compendium_provenance,measurement_temperature_state_correction_and_independence_unverified,,,,,,,,,,,,,,,,,,
rdr250199#csvline1204,compendium,mol_8af87cc50053180a,train,,"[""1957MCC/HUB""]",27.9,292.0,"RDR file 250199, CSV line 1204",quarantine_compendium_provenance,measurement_temperature_state_correction_and_independence_unverified,,,,,,,,,,,,,,,,,,
rdr250199#csvline1205,compendium,mol_8af87cc50053180a,train,,"[""1957MCC/HUB""]",27.0,310.0,"RDR file 250199, CSV line 1205",quarantine_compendium_provenance,measurement_temperature_state_correction_and_independence_unverified,,,,,,,,,,,,,,,,,,
rdr250199#csvline1218,compendium,mol_28d861e75826cef3,train,,"[""1989VOR/KLY""]",38.5,298.0,"RDR file 250199, CSV line 1218",quarantine_compendium_provenance,measurement_temperature_state_correction_and_independence_unverified,,,,,,,,,,,,,,,,,,
rdr250199#csvline1220,compendium,mol_28d861e75826cef3,train,,"[""1985KUS""]",37.8,298.0,"RDR file 250199, CSV line 1220",quarantine_compendium_provenance,measurement_temperature_state_correction_and_independence_unverified,,,,,,,,,,,,,,,,,,
rdr250199#csvline1223,compendium,mol_28d861e75826cef3,train,,"[""1958HUB/DOU""]",36.0,341.0,"RDR file 250199, CSV line 1223",quarantine_compendium_provenance,measurement_temperature_state_correction_and_independence_unverified,,,,,,,,,,,,,,,,,,
rdr250199#csvline1224,compendium,mol_28d861e75826cef3,train,,"[""1958HUB/DOU""]",34.9,360.0,"RDR file 250199, CSV line 1224",quarantine_compendium_provenance,measurement_temperature_state_correction_and_independence_unverified,,,,,,,,,,,,,,,,,,
rdr250199#csvline12241,compendium,mol_f23ee274fe9afdfa,train,,"[""1977STRI/SUN""]",76.1,298.0,"RDR file 250199, CSV line 12241",quarantine_compendium_provenance,measurement_temperature_state_correction_and_independence_unverified,,,,,,,,,,,,,,,,,,
rdr250199#csvline1225,compendium,mol_28d861e75826cef3,train,,"[""1958HUB/DOU""]",33.7,383.0,"RDR file 250199, CSV line 1225",quarantine_compendium_provenance,measurement_temperature_state_correction_and_independence_unverified,,,,,,,,,,,,,,,,,,
rdr250199#csvline12300,compendium,mol_fc2d93121de8a8dd,train,,"[""2009ZAI/PAU""]",69.9,305.0,"RDR file 250199, CSV line 12300",quarantine_compendium_provenance,measurement_temperature_state_correction_and_independence_unverified,lineage_6f91a312728e4742,,,,,,,,,,,,,,,,,
rdr250199#csvline12322,compendium,mol_d079a9561d9d2641,train,,"[""1977MAN/SEL""]",71.4,298.0,"RDR file 250199, CSV line 12322",quarantine_compendium_provenance,measurement_temperature_state_correction_and_independence_unverified,,,,,,,,,,,,,,,,,,
rdr250199#csvline12349,compendium,mol_7a77950532c8e700,train,,"[""1996VIT/CHA""]",61.4,299.0,"RDR file 250199, CSV line 12349",quarantine_compendium_provenance,measurement_temperature_state_correction_and_independence_unverified,,,,,,,,,,,,,,,,,,
rdr250199#csvline12350,compendium,mol_7a77950532c8e700,train,,"[""1996VIT/CHA""]",58.1,334.0,"RDR file 250199, CSV line 12350",quarantine_compendium_provenance,measurement_temperature_state_correction_and_independence_unverified,,,,,,,,,,,,,,,,,,
rdr250199#csvline12351,compendium,mol_7a77950532c8e700,train,,"[""1996VIT/CHA""]",57.4,344.0,"RDR file 250199, CSV line 12351",quarantine_compendium_provenance,measurement_temperature_state_correction_and_independence_unverified,,,,,,,,,,,,,,,,,,
rdr250199#csvline12359,compendium,mol_7a77950532c8e700,train,,"[""1976MEL/MAN""]",61.8,298.0,"RDR file 250199, CSV line 12359",quarantine_compendium_provenance,measurement_temperature_state_correction_and_independence_unverified,,,,,,,,,,,,,,,,,,
rdr250199#csvline12360,compendium,mol_7a77950532c8e700,train,,"[""1974MAN4""]",61.2,298.0,"RDR file 250199, CSV line 12360",quarantine_compendium_provenance,measurement_temperature_state_correction_and_independence_unverified,,,,,,,,,,,,,,,,,,
rdr250199#csvline12361,compendium,mol_7a77950532c8e700,train,,"[""1972MOR2""]",60.4,298.0,"RDR file 250199, CSV line 12361",quarantine_compendium_provenance,measurement_temperature_state_correction_and_independence_unverified,,,,,,,,,,,,,,,,,,
rdr250199#csvline12363,compendium,mol_7a77950532c8e700,train,,"[""1963MOR/SUN""]",59.5,298.0,"RDR file 250199, CSV line 12363",quarantine_compendium_provenance,measurement_temperature_state_correction_and_independence_unverified,,,,,,,,,,,,,,,,,,
rdr250199#csvline12551,compendium,mol_deac46acd3625ae3,validation,,"[""2014PIM/PAS""]",67.2,321.0,"RDR file 250199, CSV line 12551",quarantine_compendium_provenance,measurement_temperature_state_correction_and_independence_unverified,,,,,,,,,,,,,,,,,,
rdr250199#csvline12571,compendium,mol_3bc540c095f58f95,train,,"[""1972MOR""]",66.6,298.0,"RDR file 250199, CSV line 12571",quarantine_compendium_provenance,measurement_temperature_state_correction_and_independence_unverified,,,,,,,,,,,,,,,,,,
rdr250199#csvline12718,compendium,mol_5e1a76b3fc001a63,train,,"[""1977MAN/SEL""]",77.2,298.0,"RDR file 250199, CSV line 12718",quarantine_compendium_provenance,measurement_temperature_state_correction_and_independence_unverified,,,,,,,,,,,,,,,,,,
rdr250199#csvline1276,compendium,mol_e9bda82626d344ab,train,,"[""1969WAD""]",45.0,298.0,"RDR file 250199, CSV line 1276",quarantine_compendium_provenance,measurement_temperature_state_correction_and_independence_unverified,,,,,,,,,,,,,,,,,,
rdr250199#csvline13059,compendium,mol_30519df461efd318,train,,"[""1977STRI/SUN""]",85.3,298.0,"RDR file 250199, CSV line 13059",quarantine_compendium_provenance,measurement_temperature_state_correction_and_independence_unverified,,,,,,,,,,,,,,,,,,
rdr250199#csvline13115,compendium,mol_71d239be146a61dd,train,,"[""1977MAN/SEL""]",82.7,298.0,"RDR file 250199, CSV line 13115",quarantine_compendium_provenance,measurement_temperature_state_correction_and_independence_unverified,,,,,,,,,,,,,,,,,,
rdr250199#csvline13141,compendium,mol_bf39f6deed5d4b6a,train,,"[""1996VIT/CHA""]",69.0,324.0,"RDR file 250199, CSV line 13141",quarantine_compendium_provenance,measurement_temperature_state_correction_and_independence_unverified,,,,,,,,,,,,,,,,,,
rdr250199#csvline13142,compendium,mol_bf39f6deed5d4b6a,train,,"[""1996VIT/CHA""]",68.6,329.0,"RDR file 250199, CSV line 13142",quarantine_compendium_provenance,measurement_temperature_state_correction_and_independence_unverified,,,,,,,,,,,,,,,,,,
rdr250199#csvline13143,compendium,mol_bf39f6deed5d4b6a,train,,"[""1996VIT/CHA""]",67.9,334.0,"RDR file 250199, CSV line 13143",quarantine_compendium_provenance,measurement_temperature_state_correction_and_independence_unverified,,,,,,,,,,,,,,,,,,
rdr250199#csvline13144,compendium,mol_bf39f6deed5d4b6a,train,,"[""1996VIT/CHA""]",66.8,344.0,"RDR file 250199, CSV line 13144",quarantine_compendium_provenance,measurement_temperature_state_correction_and_independence_unverified,,,,,,,,,,,,,,,,,,
rdr250199#csvline13145,compendium,mol_bf39f6deed5d4b6a,train,,"[""1996VIT/CHA""]",65.7,359.0,"RDR file 250199, CSV line 13145",quarantine_compendium_provenance,measurement_temperature_state_correction_and_independence_unverified,,,,,,,,,,,,,,,,,,
rdr250199#csvline13151,compendium,mol_bf39f6deed5d4b6a,train,,"[""1979SUN/SVE""]",70.1,313.0,"RDR file 250199, CSV line 13151",quarantine_compendium_provenance,measurement_temperature_state_correction_and_independence_unverified,,,,,,,,,,,,,,,,,,
rdr250199#csvline13152,compendium,mol_bf39f6deed5d4b6a,train,,"[""1979SUN/SVE""]",68.9,328.0,"RDR file 250199, CSV line 13152",quarantine_compendium_provenance,measurement_temperature_state_correction_and_independence_unverified,,,,,,,,,,,,,,,,,,
rdr250199#csvline13153,compendium,mol_bf39f6deed5d4b6a,train,,"[""1979SUN/SVE""]",71.8,298.0,"RDR file 250199, CSV line 13153",quarantine_compendium_provenance,measurement_temperature_state_correction_and_independence_unverified,,,,,,,,,,,,,,,,,,
rdr250199#csvline13154,compendium,mol_bf39f6deed5d4b6a,train,,"[""1972MOR2""]",71.1,298.0,"RDR file 250199, CSV line 13154",quarantine_compendium_provenance,measurement_temperature_state_correction_and_independence_unverified,,,,,,,,,,,,,,,,,,
rdr250199#csvline13156,compendium,mol_bf39f6deed5d4b6a,train,,"[""1963MOR/SUN""]",68.7,298.0,"RDR file 250199, CSV line 13156",quarantine_compendium_provenance,measurement_temperature_state_correction_and_independence_unverified,,,,,,,,,,,,,,,,,,
rdr250199#csvline13183,compendium,mol_a557d965b4ca95e1,train,,"[""1977MAN/SEL""]",102.2,298.0,"RDR file 250199, CSV line 13183",quarantine_compendium_provenance,measurement_temperature_state_correction_and_independence_unverified,,,,,,,,,,,,,,,,,,
rdr250199#csvline13252,compendium,mol_6558cfbdd9a3dcad,validation,,"[""2015PAS/MIR""]",74.3,323.0,"RDR file 250199, CSV line 13252",quarantine_compendium_provenance,measurement_temperature_state_correction_and_independence_unverified,,,,,,,,,,,,,,,,,,
rdr250199#csvline13253,compendium,mol_6558cfbdd9a3dcad,validation,,"[""2015PAS/MIR""]",73.2,333.0,"RDR file 250199, CSV line 13253",quarantine_compendium_provenance,measurement_temperature_state_correction_and_independence_unverified,,,,,,,,,,,,,,,,,,
rdr250199#csvline13254,compendium,mol_6558cfbdd9a3dcad,validation,,"[""2015PAS/MIR""]",72.4,343.0,"RDR file 250199, CSV line 13254",quarantine_compendium_provenance,measurement_temperature_state_correction_and_independence_unverified,,,,,,,,,,,,,,,,,,
rdr250199#csvline13255,compendium,mol_6558cfbdd9a3dcad,validation,,"[""2015PAS/MIR""]",71.6,353.0,"RDR file 250199, CSV line 13255",quarantine_compendium_provenance,measurement_temperature_state_correction_and_independence_unverified,,,,,,,,,,,,,,,,,,
rdr250199#csvline13256,compendium,mol_6558cfbdd9a3dcad,validation,,"[""2015PAS/MIR""]",70.3,363.0,"RDR file 250199, CSV line 13256",quarantine_compendium_provenance,measurement_temperature_state_correction_and_independence_unverified,,,,,,,,,,,,,,,,,,
rdr250199#csvline13257,compendium,mol_6558cfbdd9a3dcad,validation,,"[""2015PAS/MIR""]",69.5,373.0,"RDR file 250199, CSV line 13257",quarantine_compendium_provenance,measurement_temperature_state_correction_and_independence_unverified,,,,,,,,,,,,,,,,,,
rdr250199#csvline13260,compendium,mol_6558cfbdd9a3dcad,validation,,"[""2012Z/NES""]",76.6,298.0,"RDR file 250199, CSV line 13260",quarantine_compendium_provenance,measurement_temperature_state_correction_and_independence_unverified,,,,,,,,,,,,,,,,,,
rdr250199#csvline13458,compendium,mol_4446e9b31e59fba3,train,,"[""2008ROU/LIM""]",81.1,298.0,"RDR file 250199, CSV line 13458",quarantine_compendium_provenance,measurement_temperature_state_correction_and_independence_unverified,,,,,,,,,,,,,,,,,,
rdr250199#csvline13491,compendium,mol_65b0a8e37b1d0b65,validation,,"[""2009MEL/PIM""]",80.0,298.0,"RDR file 250199, CSV line 13491",quarantine_compendium_provenance,measurement_temperature_state_correction_and_independence_unverified,,,,,,,,,,,,,,,,,,
rdr250199#csvline1561,compendium,mol_25b76921742ed7fa,train,,"[""1970HOW/WAD""]",36.0,298.0,"RDR file 250199, CSV line 1561",quarantine_compendium_provenance,measurement_temperature_state_correction_and_independence_unverified,,,,,,,,,,,,,,,,,,
rdr250199#csvline1562,compendium,mol_25b76921742ed7fa,train,,"[""1962WEB/KIL""]",36.2,298.0,"RDR file 250199, CSV line 1562",quarantine_compendium_provenance,measurement_temperature_state_correction_and_independence_unverified,,,,,,,,,,,,,,,,,,
rdr250199#csvline15727,compendium,mol_cee7ca25fc127d19,test,,"[""1991VOR/KLY2""]",57.0,298.0,"RDR file 250199, CSV line 15727",quarantine_compendium_provenance,measurement_temperature_state_correction_and_independence_unverified,,,,,,,,,,,,,,,,,,
rdr250199#csvline15778,compendium,mol_e03ddfeaf65a0134,test,,"[""1991VOR/KLY2""]",59.0,298.0,"RDR file 250199, CSV line 15778",quarantine_compendium_provenance,measurement_temperature_state_correction_and_independence_unverified,,,,,,,,,,,,,,,,,,
rdr250199#csvline1639,compendium,mol_e6f8f97a2caa00b9,train,,"[""1989AN/HU""]",40.6,298.0,"RDR file 250199, CSV line 1639",quarantine_compendium_provenance,measurement_temperature_state_correction_and_independence_unverified,,,,,,,,,,,,,,,,,,
rdr250199#csvline16407,compendium,mol_4603750e706845d0,validation,,"[""2021FRE/SIL""]",70.7,298.0,"RDR file 250199, CSV line 16407",quarantine_compendium_provenance,measurement_temperature_state_correction_and_independence_unverified,,,,,,,,,,,,,,,,,,
rdr250199#csvline168,compendium,mol_c187c0fbd800fefd,train,,"[""1962WAD/SMI""]",28.1,282.0,"RDR file 250199, CSV line 168",quarantine_compendium_provenance,measurement_temperature_state_correction_and_independence_unverified,,,,,,,,,,,,,,,,,,
rdr250199#csvline169,compendium,mol_c187c0fbd800fefd,train,,"[""1962WAD/SMI""]",27.5,298.0,"RDR file 250199, CSV line 169",quarantine_compendium_provenance,measurement_temperature_state_correction_and_independence_unverified,,,,,,,,,,,,,,,,,,
rdr250199#csvline170,compendium,mol_c187c0fbd800fefd,train,,"[""1962WAD/SMI""]",26.7,319.0,"RDR file 250199, CSV line 170",quarantine_compendium_provenance,measurement_temperature_state_correction_and_independence_unverified,,,,,,,,,,,,,,,,,,
rdr250199#csvline1897,compendium,mol_2465ec339bda2cbb,train,,"[""1973SVO/VES""]",46.4,313.0,"RDR file 250199, CSV line 1897",quarantine_compendium_provenance,measurement_temperature_state_correction_and_independence_unverified,,,,,,,,,,,,,,,,,,
rdr250199#csvline1898,compendium,mol_2465ec339bda2cbb,train,,"[""1973SVO/VES""]",45.7,323.0,"RDR file 250199, CSV line 1898",quarantine_compendium_provenance,measurement_temperature_state_correction_and_independence_unverified,,,,,,,,,,,,,,,,,,
rdr250199#csvline1899,compendium,mol_2465ec339bda2cbb,train,,"[""1973SVO/VES""]",44.9,333.0,"RDR file 250199, CSV line 1899",quarantine_compendium_provenance,measurement_temperature_state_correction_and_independence_unverified,,,,,,,,,,,,,,,,,,
rdr250199#csvline1900,compendium,mol_2465ec339bda2cbb,train,,"[""1973SVO/VES""]",44.0,343.0,"RDR file 250199, CSV line 1900",quarantine_compendium_provenance,measurement_temperature_state_correction_and_independence_unverified,,,,,,,,,,,,,,,,,,
rdr250199#csvline1901,compendium,mol_2465ec339bda2cbb,train,,"[""1973SVO/VES""]",43.2,353.0,"RDR file 250199, CSV line 1901",quarantine_compendium_provenance,measurement_temperature_state_correction_and_independence_unverified,,,,,,,,,,,,,,,,,,
rdr250199#csvline1902,compendium,mol_2465ec339bda2cbb,train,,"[""1973SVO/VES""]",42.4,363.0,"RDR file 250199, CSV line 1902",quarantine_compendium_provenance,measurement_temperature_state_correction_and_independence_unverified,,,,,,,,,,,,,,,,,,
rdr250199#csvline1903,compendium,mol_2465ec339bda2cbb,train,,"[""1971POL/BEN""]",47.49,298.0,"RDR file 250199, CSV line 1903",quarantine_compendium_provenance,measurement_temperature_state_correction_and_independence_unverified,,,,,,,,,,,,,,,,,,
rdr250199#csvline1904,compendium,mol_2465ec339bda2cbb,train,,"[""1971POL/BEN""]",46.8,308.0,"RDR file 250199, CSV line 1904",quarantine_compendium_provenance,measurement_temperature_state_correction_and_independence_unverified,,,,,,,,,,,,,,,,,,
rdr250199#csvline1905,compendium,mol_2465ec339bda2cbb,train,,"[""1971POL/BEN""]",46.2,318.0,"RDR file 250199, CSV line 1905",quarantine_compendium_provenance,measurement_temperature_state_correction_and_independence_unverified,,,,,,,,,,,,,,,,,,
rdr250199#csvline1906,compendium,mol_2465ec339bda2cbb,train,,"[""1971POL/BEN""]",45.0,328.0,"RDR file 250199, CSV line 1906",quarantine_compendium_provenance,measurement_temperature_state_correction_and_independence_unverified,,,,,,,,,,,,,,,,,,
rdr250199#csvline1910,compendium,mol_2465ec339bda2cbb,train,,"[""1966WAD""]",47.3,298.0,"RDR file 250199, CSV line 1910",quarantine_compendium_provenance,measurement_temperature_state_correction_and_independence_unverified,,,,,,,,,,,,,,,,,,
rdr250199#csvline1912,compendium,mol_2465ec339bda2cbb,train,,"[""1963MCC/LAI""]",46.6,298.0,"RDR file 250199, CSV line 1912",quarantine_compendium_provenance,measurement_temperature_state_correction_and_independence_unverified,,,,,,,,,,,,,,,,,,
rdr250199#csvline1915,compendium,mol_2465ec339bda2cbb,train,,"[""1961MAT/MCK""]",43.9,343.0,"RDR file 250199, CSV line 1915",quarantine_compendium_provenance,measurement_temperature_state_correction_and_independence_unverified,,,,,,,,,,,,,,,,,,
rdr250199#csvline1916,compendium,mol_2465ec339bda2cbb,train,,"[""1961MAT/MCK""]",42.3,360.0,"RDR file 250199, CSV line 1916",quarantine_compendium_provenance,measurement_temperature_state_correction_and_independence_unverified,,,,,,,,,,,,,,,,,,
rdr250199#csvline1917,compendium,mol_2465ec339bda2cbb,train,,"[""1961MAT/MCK""]",41.2,370.0,"RDR file 250199, CSV line 1917",quarantine_compendium_provenance,measurement_temperature_state_correction_and_independence_unverified,,,,,,,,,,,,,,,,,,
rdr250199#csvline1918,compendium,mol_2465ec339bda2cbb,train,,"[""1961MAT/MCK""]",40.3,378.0,"RDR file 250199, CSV line 1918",quarantine_compendium_provenance,measurement_temperature_state_correction_and_independence_unverified,,,,,,,,,,,,,,,,,,
rdr250199#csvline1919,compendium,mol_2465ec339bda2cbb,train,,"[""1961MAT/MCK""]",39.7,384.0,"RDR file 250199, CSV line 1919",quarantine_compendium_provenance,measurement_temperature_state_correction_and_independence_unverified,,,,,,,,,,,,,,,,,,
rdr250199#csvline1938,compendium,mol_83a135e5c50b66c1,train,,"[""1971POL/BEN""]",45.34,298.0,"RDR file 250199, CSV line 1938",quarantine_compendium_provenance,measurement_temperature_state_correction_and_independence_unverified,,,,,,,,,,,,,,,,,,
rdr250199#csvline1939,compendium,mol_83a135e5c50b66c1,train,,"[""1971POL/BEN""]",44.7,308.0,"RDR file 250199, CSV line 1939",quarantine_compendium_provenance,measurement_temperature_state_correction_and_independence_unverified,,,,,,,,,,,,,,,,,,
rdr250199#csvline1940,compendium,mol_83a135e5c50b66c1,train,,"[""1971POL/BEN""]",43.9,318.0,"RDR file 250199, CSV line 1940",quarantine_compendium_provenance,measurement_temperature_state_correction_and_independence_unverified,,,,,,,,,,,,,,,,,,
rdr250199#csvline1941,compendium,mol_83a135e5c50b66c1,train,,"[""1971POL/BEN""]",42.5,328.0,"RDR file 250199, CSV line 1941",quarantine_compendium_provenance,measurement_temperature_state_correction_and_independence_unverified,,,,,,,,,,,,,,,,,,
rdr250199#csvline1943,compendium,mol_83a135e5c50b66c1,train,,"[""1966WAD""]",45.2,298.0,"RDR file 250199, CSV line 1943",quarantine_compendium_provenance,measurement_temperature_state_correction_and_independence_unverified,,,,,,,,,,,,,,,,,,
rdr250199#csvline1944,compendium,mol_83a135e5c50b66c1,train,,"[""1964BER/LAR""]",42.7,330.0,"RDR file 250199, CSV line 1944",quarantine_compendium_provenance,measurement_temperature_state_correction_and_independence_unverified,,,,,,,,,,,,,,,,,,
rdr250199#csvline1945,compendium,mol_83a135e5c50b66c1,train,,"[""1964BER/LAR""]",41.0,346.0,"RDR file 250199, CSV line 1945",quarantine_compendium_provenance,measurement_temperature_state_correction_and_independence_unverified,,,,,,,,,,,,,,,,,,
rdr250199#csvline1946,compendium,mol_83a135e5c50b66c1,train,,"[""1964BER/LAR""]",39.8,355.0,"RDR file 250199, CSV line 1946",quarantine_compendium_provenance,measurement_temperature_state_correction_and_independence_unverified,,,,,,,,,,,,,,,,,,
rdr250199#csvline1947,compendium,mol_83a135e5c50b66c1,train,,"[""1964BER/LAR""]",38.9,363.0,"RDR file 250199, CSV line 1947",quarantine_compendium_provenance,measurement_temperature_state_correction_and_independence_unverified,,,,,,,,,,,,,,,,,,
rdr250199#csvline1949,compendium,mol_83a135e5c50b66c1,train,,"[""1963MCC/LAI""]",44.0,298.0,"RDR file 250199, CSV line 1949",quarantine_compendium_provenance,measurement_temperature_state_correction_and_independence_unverified,,,,,,,,,,,,,,,,,,
rdr250199#csvline1951,compendium,mol_83a135e5c50b66c1,train,,"[""1963HAL/COX""]",43.2,324.0,"RDR file 250199, CSV line 1951",quarantine_compendium_provenance,measurement_temperature_state_correction_and_independence_unverified,,,,,,,,,,,,,,,,,,
rdr250199#csvline1952,compendium,mol_83a135e5c50b66c1,train,,"[""1963HAL/COX""]",41.7,339.0,"RDR file 250199, CSV line 1952",quarantine_compendium_provenance,measurement_temperature_state_correction_and_independence_unverified,,,,,,,,,,,,,,,,,,
rdr250199#csvline1953,compendium,mol_83a135e5c50b66c1,train,,"[""1963HAL/COX""]",39.8,355.0,"RDR file 250199, CSV line 1953",quarantine_compendium_provenance,measurement_temperature_state_correction_and_independence_unverified,,,,,,,,,,,,,,,,,,
rdr250199#csvline1960,compendium,mol_21a4cd711754eeed,train,,"[""1971KUS/WAD""]",45.2,298.0,"RDR file 250199, CSV line 1960",quarantine_compendium_provenance,measurement_temperature_state_correction_and_independence_unverified,,,,,,,,,,,,,,,,,,
rdr250199#csvline1999,compendium,mol_4f13a4696bbfcaf9,train,,"[""1988KNA/SAB"",""1990KNA/SAB2""]",72.4,298.0,"RDR file 250199, CSV line 1999",quarantine_compendium_provenance,measurement_temperature_state_correction_and_independence_unverified,,,,,,,,,,,,,,,,,,
rdr250199#csvline2017,compendium,mol_57ae3fd1e1d200c6,train,,"[""1988BAS/NIL""]",91.7,298.0,"RDR file 250199, CSV line 2017",quarantine_compendium_provenance,measurement_temperature_state_correction_and_independence_unverified,,,,,,,,,,,,,,,,,,
rdr250199#csvline2098,compendium,mol_cdcd3722df880b7b,train,,"[""1969WAD""]",50.2,298.0,"RDR file 250199, CSV line 2098",quarantine_compendium_provenance,measurement_temperature_state_correction_and_independence_unverified,,,,,,,,,,,,,,,,,,
rdr250199#csvline2303,compendium,mol_ca0440f5ec95bc5f,train,,"[""1949WAD/KNO""]",33.6,319.0,"RDR file 250199, CSV line 2303",quarantine_compendium_provenance,measurement_temperature_state_correction_and_independence_unverified,,,,,,,,,,,,,,,,,,
rdr250199#csvline2304,compendium,mol_ca0440f5ec95bc5f,train,,"[""1949WAD/KNO""]",32.7,336.0,"RDR file 250199, CSV line 2304",quarantine_compendium_provenance,measurement_temperature_state_correction_and_independence_unverified,,,,,,,,,,,,,,,,,,
rdr250199#csvline2305,compendium,mol_ca0440f5ec95bc5f,train,,"[""1949WAD/KNO""]",31.5,357.0,"RDR file 250199, CSV line 2305",quarantine_compendium_provenance,measurement_temperature_state_correction_and_independence_unverified,,,,,,,,,,,,,,,,,,
rdr250199#csvline2344,compendium,mol_115984f9be727624,train,,"[""1967SCO/BER""]",41.4,362.0,"RDR file 250199, CSV line 2344",quarantine_compendium_provenance,measurement_temperature_state_correction_and_independence_unverified,,,,,,,,,,,,,,,,,,
rdr250199#csvline2345,compendium,mol_115984f9be727624,train,,"[""1967SCO/BER""]",40.2,381.0,"RDR file 250199, CSV line 2345",quarantine_compendium_provenance,measurement_temperature_state_correction_and_independence_unverified,,,,,,,,,,,,,,,,,,
rdr250199#csvline2346,compendium,mol_115984f9be727624,train,,"[""1967SCO/BER""]",38.7,403.0,"RDR file 250199, CSV line 2346",quarantine_compendium_provenance,measurement_temperature_state_correction_and_independence_unverified,,,,,,,,,,,,,,,,,,
rdr250199#csvline239,compendium,mol_c12442c83d78b47e,train,,"[""1979KUD/KUD""]",36.5,288.0,"RDR file 250199, CSV line 239",quarantine_compendium_provenance,measurement_temperature_state_correction_and_independence_unverified,,,,,,,,,,,,,,,,,,
rdr250199#csvline2421,compendium,mol_3e3fe40dbc9b9649,validation,,"[""1999MO/YAN""]",48.0,298.0,"RDR file 250199, CSV line 2421",quarantine_compendium_provenance,measurement_temperature_state_correction_and_independence_unverified,,,,,,,,,,,,,,,,,,
rdr250199#csvline2422,compendium,mol_c7243d1eeacc7b0e,validation,,"[""2008RIB/FIG""]",65.9,298.0,"RDR file 250199, CSV line 2422",quarantine_compendium_provenance,measurement_temperature_state_correction_and_independence_unverified,,,,,,,,,,,,,,,,,,
rdr250199#csvline2465,compendium,mol_299a215a96655c24,train,,"[""1990LEI/PIL2""]",54.4,298.0,"RDR file 250199, CSV line 2465",quarantine_compendium_provenance,measurement_temperature_state_correction_and_independence_unverified,,,,,,,,,,,,,,,,,,
rdr250199#csvline2644,compendium,mol_c5207e620c9fcfd3,train,,"[""1992HE/AN""]",46.5,298.0,"RDR file 250199, CSV line 2644",quarantine_compendium_provenance,measurement_temperature_state_correction_and_independence_unverified,,,,,,,,,,,,,,,,,,
rdr250199#csvline2646,compendium,mol_c5207e620c9fcfd3,train,,"[""1990AN/HE""]",46.4,298.0,"RDR file 250199, CSV line 2646",quarantine_compendium_provenance,measurement_temperature_state_correction_and_independence_unverified,,,,,,,,,,,,,,,,,,
rdr250199#csvline2647,compendium,mol_c5207e620c9fcfd3,train,,"[""1989AN/HU""]",46.4,298.0,"RDR file 250199, CSV line 2647",quarantine_compendium_provenance,measurement_temperature_state_correction_and_independence_unverified,,,,,,,,,,,,,,,,,,
rdr250199#csvline2682,compendium,mol_e36df2c2d963afd3,train,,"[""1983UCH/MAJ""]",34.8,298.0,"RDR file 250199, CSV line 2682",quarantine_compendium_provenance,measurement_temperature_state_correction_and_independence_unverified,,,,,,,,,,,,,,,,,,
rdr250199#csvline2683,compendium,mol_e36df2c2d963afd3,train,,"[""1981GAT/STR""]",35.0,298.0,"RDR file 250199, CSV line 2683",quarantine_compendium_provenance,measurement_temperature_state_correction_and_independence_unverified,,,,,,,,,,,,,,,,,,
rdr250199#csvline2684,compendium,mol_e36df2c2d963afd3,train,,"[""1979SUN/SVE2""]",34.5,298.0,"RDR file 250199, CSV line 2684",quarantine_compendium_provenance,measurement_temperature_state_correction_and_independence_unverified,,,,,,,,,,,,,,,,,,
rdr250199#csvline2688,compendium,mol_e36df2c2d963afd3,train,,"[""1973GEI/QUI""]",33.8,315.0,"RDR file 250199, CSV line 2688",quarantine_compendium_provenance,measurement_temperature_state_correction_and_independence_unverified,,,,,,,,,,,,,,,,,,
rdr250199#csvline2689,compendium,mol_e36df2c2d963afd3,train,,"[""1961NIC/KOB""]",33.8,314.0,"RDR file 250199, CSV line 2689",quarantine_compendium_provenance,measurement_temperature_state_correction_and_independence_unverified,,,,,,,,,,,,,,,,,,
rdr250199#csvline2690,compendium,mol_e36df2c2d963afd3,train,,"[""1961NIC/KOB""]",32.3,338.0,"RDR file 250199, CSV line 2690",quarantine_compendium_provenance,measurement_temperature_state_correction_and_independence_unverified,,,,,,,,,,,,,,,,,,
rdr250199#csvline2691,compendium,mol_e36df2c2d963afd3,train,,"[""1961NIC/KOB""]",31.3,352.0,"RDR file 250199, CSV line 2691",quarantine_compendium_provenance,measurement_temperature_state_correction_and_independence_unverified,,,,,,,,,,,,,,,,,,
rdr250199#csvline2692,compendium,mol_e36df2c2d963afd3,train,,"[""1961NIC/KOB""]",30.5,363.0,"RDR file 250199, CSV line 2692",quarantine_compendium_provenance,measurement_temperature_state_correction_and_independence_unverified,,,,,,,,,,,,,,,,,,
rdr250199#csvline2693,compendium,mol_e36df2c2d963afd3,train,,"[""1961NIC/KOB""]",30.0,370.0,"RDR file 250199, CSV line 2693",quarantine_compendium_provenance,measurement_temperature_state_correction_and_independence_unverified,,,,,,,,,,,,,,,,,,
rdr250199#csvline2723,compendium,mol_d256cec7b59305ff,train,,"[""1981HOS/SCO""]",32.0,298.0,"RDR file 250199, CSV line 2723",quarantine_compendium_provenance,measurement_temperature_state_correction_and_independence_unverified,,,,,,,,,,,,,,,,,,
rdr250199#csvline2758,compendium,mol_953db3858ca974a4,train,,"[""1982BYS/MAN""]",38.6,298.0,"RDR file 250199, CSV line 2758",quarantine_compendium_provenance,measurement_temperature_state_correction_and_independence_unverified,,,,,,,,,,,,,,,,,,
rdr250199#csvline2764,compendium,mol_e55299b0f2600cdb,train,,"[""1980SVO/UCH""]",35.6,298.0,"RDR file 250199, CSV line 2764",quarantine_compendium_provenance,measurement_temperature_state_correction_and_independence_unverified,,,,,,,,,,,,,,,,,,
rdr250199#csvline2765,compendium,mol_e55299b0f2600cdb,train,,"[""1980SVO/UCH""]",34.6,313.0,"RDR file 250199, CSV line 2765",quarantine_compendium_provenance,measurement_temperature_state_correction_and_independence_unverified,,,,,,,,,,,,,,,,,,
rdr250199#csvline2766,compendium,mol_e55299b0f2600cdb,train,,"[""1980SVO/UCH""]",31.4,343.0,"RDR file 250199, CSV line 2766",quarantine_compendium_provenance,measurement_temperature_state_correction_and_independence_unverified,,,,,,,,,,,,,,,,,,
rdr250199#csvline2767,compendium,mol_e55299b0f2600cdb,train,,"[""1977SVO/VES""]",33.8,326.0,"RDR file 250199, CSV line 2767",quarantine_compendium_provenance,measurement_temperature_state_correction_and_independence_unverified,,,,,,,,,,,,,,,,,,
rdr250199#csvline2768,compendium,mol_e55299b0f2600cdb,train,,"[""1977SVO/VES""]",33.4,331.0,"RDR file 250199, CSV line 2768",quarantine_compendium_provenance,measurement_temperature_state_correction_and_independence_unverified,,,,,,,,,,,,,,,,,,
rdr250199#csvline2769,compendium,mol_e55299b0f2600cdb,train,,"[""1977SVO/VES""]",32.4,344.0,"RDR file 250199, CSV line 2769",quarantine_compendium_provenance,measurement_temperature_state_correction_and_independence_unverified,,,,,,,,,,,,,,,,,,
rdr250199#csvline2770,compendium,mol_e55299b0f2600cdb,train,,"[""1977SVO/VES""]",31.9,351.0,"RDR file 250199, CSV line 2770",quarantine_compendium_provenance,measurement_temperature_state_correction_and_independence_unverified,,,,,,,,,,,,,,,,,,
rdr250199#csvline2771,compendium,mol_e55299b0f2600cdb,train,,"[""1977SVO/VES""]",31.0,363.0,"RDR file 250199, CSV line 2771",quarantine_compendium_provenance,measurement_temperature_state_correction_and_independence_unverified,,,,,,,,,,,,,,,,,,
rdr250199#csvline2774,compendium,mol_e55299b0f2600cdb,train,,"[""1966WAD""]",35.1,298.0,"RDR file 250199, CSV line 2774",quarantine_compendium_provenance,measurement_temperature_state_correction_and_independence_unverified,,,,,,,,,,,,,,,,,,
rdr250199#csvline2854,compendium,mol_da1f79aed535e48b,validation,,"[""1962DAV/SUN""]",39.2,298.0,"RDR file 250199, CSV line 2854",quarantine_compendium_provenance,measurement_temperature_state_correction_and_independence_unverified,,,,,,,,,,,,,,,,,,
rdr250199#csvline2857,compendium,mol_da1f79aed535e48b,validation,,"[""1952HUB/FIN""]",36.9,350.0,"RDR file 250199, CSV line 2857",quarantine_compendium_provenance,measurement_temperature_state_correction_and_independence_unverified,,,,,,,,,,,,,,,,,,
rdr250199#csvline2858,compendium,mol_da1f79aed535e48b,validation,,"[""1952HUB/FIN""]",35.9,370.0,"RDR file 250199, CSV line 2858",quarantine_compendium_provenance,measurement_temperature_state_correction_and_independence_unverified,,,,,,,,,,,,,,,,,,
rdr250199#csvline2859,compendium,mol_da1f79aed535e48b,validation,,"[""1952HUB/FIN""]",34.6,394.0,"RDR file 250199, CSV line 2859",quarantine_compendium_provenance,measurement_temperature_state_correction_and_independence_unverified,,,,,,,,,,,,,,,,,,
rdr250199#csvline2867,compendium,mol_6ea740b63f4d7f2b,train,,"[""1977SVO/MAJ""]",35.6,322.0,"RDR file 250199, CSV line 2867",quarantine_compendium_provenance,measurement_temperature_state_correction_and_independence_unverified,,,,,,,,,,,,,,,,,,
rdr250199#csvline2868,compendium,mol_6ea740b63f4d7f2b,train,,"[""1977SVO/MAJ""]",34.9,332.0,"RDR file 250199, CSV line 2868",quarantine_compendium_provenance,measurement_temperature_state_correction_and_independence_unverified,,,,,,,,,,,,,,,,,,
rdr250199#csvline2869,compendium,mol_6ea740b63f4d7f2b,train,,"[""1977SVO/MAJ""]",34.5,339.0,"RDR file 250199, CSV line 2869",quarantine_compendium_provenance,measurement_temperature_state_correction_and_independence_unverified,,,,,,,,,,,,,,,,,,
rdr250199#csvline2870,compendium,mol_6ea740b63f4d7f2b,train,,"[""1977SVO/MAJ""]",33.7,352.0,"RDR file 250199, CSV line 2870",quarantine_compendium_provenance,measurement_temperature_state_correction_and_independence_unverified,,,,,,,,,,,,,,,,,,
rdr250199#csvline2871,compendium,mol_6ea740b63f4d7f2b,train,,"[""1977SVO/MAJ""]",33.0,366.0,"RDR file 250199, CSV line 2871",quarantine_compendium_provenance,measurement_temperature_state_correction_and_independence_unverified,,,,,,,,,,,,,,,,,,
rdr250199#csvline2872,compendium,mol_6ea740b63f4d7f2b,train,,"[""1968WAD""]",36.6,298.0,"RDR file 250199, CSV line 2872",quarantine_compendium_provenance,measurement_temperature_state_correction_and_independence_unverified,,,,,,,,,,,,,,,,,,
rdr250199#csvline2873,compendium,mol_6ea740b63f4d7f2b,train,,"[""1966WAD""]",36.7,298.0,"RDR file 250199, CSV line 2873",quarantine_compendium_provenance,measurement_temperature_state_correction_and_independence_unverified,,,,,,,,,,,,,,,,,,
rdr250199#csvline2893,compendium,mol_d2d85289da26a082,train,,"[""1981TEK/MAJ""]",33.5,298.0,"RDR file 250199, CSV line 2893",quarantine_compendium_provenance,measurement_temperature_state_correction_and_independence_unverified,,,,,,,,,,,,,,,,,,
rdr250199#csvline2894,compendium,mol_d2d85289da26a082,train,,"[""1981TEK/MAJ""]",32.7,313.0,"RDR file 250199, CSV line 2894",quarantine_compendium_provenance,measurement_temperature_state_correction_and_independence_unverified,,,,,,,,,,,,,,,,,,
rdr250199#csvline2895,compendium,mol_d2d85289da26a082,train,,"[""1981TEK/MAJ""]",31.8,328.0,"RDR file 250199, CSV line 2895",quarantine_compendium_provenance,measurement_temperature_state_correction_and_independence_unverified,,,,,,,,,,,,,,,,,,
rdr250199#csvline2896,compendium,mol_d2d85289da26a082,train,,"[""1981TEK/MAJ""]",30.9,343.0,"RDR file 250199, CSV line 2896",quarantine_compendium_provenance,measurement_temperature_state_correction_and_independence_unverified,,,,,,,,,,,,,,,,,,
rdr250199#csvline2897,compendium,mol_d2d85289da26a082,train,,"[""1981TEK/MAJ""]",30.0,358.0,"RDR file 250199, CSV line 2897",quarantine_compendium_provenance,measurement_temperature_state_correction_and_independence_unverified,,,,,,,,,,,,,,,,,,
rdr250199#csvline2898,compendium,mol_d2d85289da26a082,train,,"[""1981TEK/MAJ""]",29.4,358.0,"RDR file 250199, CSV line 2898",quarantine_compendium_provenance,measurement_temperature_state_correction_and_independence_unverified,,,,,,,,,,,,,,,,,,
rdr250199#csvline2900,compendium,mol_d2d85289da26a082,train,,"[""1968WAD""]",33.5,298.0,"RDR file 250199, CSV line 2900",quarantine_compendium_provenance,measurement_temperature_state_correction_and_independence_unverified,,,,,,,,,,,,,,,,,,
rdr250199#csvline2914,compendium,mol_8411a1787a17bdb0,train,,"[""1968WAD""]",31.7,298.0,"RDR file 250199, CSV line 2914",quarantine_compendium_provenance,measurement_temperature_state_correction_and_independence_unverified,,,,,,,,,,,,,,,,,,
rdr250199#csvline2939,compendium,mol_7a5b68b203cc6270,train,,"[""1968WAD""]",38.8,298.0,"RDR file 250199, CSV line 2939",quarantine_compendium_provenance,measurement_temperature_state_correction_and_independence_unverified,,,,,,,,,,,,,,,,,,
rdr250199#csvline2946,compendium,mol_97895e747db97ae6,train,,"[""1959MCC/DOU""]",35.8,322.0,"RDR file 250199, CSV line 2946",quarantine_compendium_provenance,measurement_temperature_state_correction_and_independence_unverified,,,,,,,,,,,,,,,,,,
rdr250199#csvline2947,compendium,mol_97895e747db97ae6,train,,"[""1959MCC/DOU""]",34.5,340.0,"RDR file 250199, CSV line 2947",quarantine_compendium_provenance,measurement_temperature_state_correction_and_independence_unverified,,,,,,,,,,,,,,,,,,
rdr250199#csvline2948,compendium,mol_97895e747db97ae6,train,,"[""1959MCC/DOU""]",33.0,360.0,"RDR file 250199, CSV line 2948",quarantine_compendium_provenance,measurement_temperature_state_correction_and_independence_unverified,,,,,,,,,,,,,,,,,,
rdr250199#csvline2980,compendium,mol_327f3d3474e55905,train,,"[""2014FRE/GOM2""]",46.5,298.0,"RDR file 250199, CSV line 2980",quarantine_compendium_provenance,measurement_temperature_state_correction_and_independence_unverified,,,,,,,,,,,,,,,,,,
rdr250199#csvline2998,compendium,mol_653d9692caede90e,train,,"[""2011MIR/KON""]",42.7,298.0,"RDR file 250199, CSV line 2998",quarantine_compendium_provenance,measurement_temperature_state_correction_and_independence_unverified,,,,,,,,,,,,,,,,,,
rdr250199#csvline3062,compendium,mol_670136e04246f1d5,train,,"[""1982FUC/PEA""]",52.1,298.0,"RDR file 250199, CSV line 3062",quarantine_compendium_provenance,measurement_temperature_state_correction_and_independence_unverified,,,,,,,,,,,,,,,,,,
rdr250199#csvline3064,compendium,mol_670136e04246f1d5,train,,"[""1973SVO/VES""]",49.5,333.0,"RDR file 250199, CSV line 3064",quarantine_compendium_provenance,measurement_temperature_state_correction_and_independence_unverified,,,,,,,,,,,,,,,,,,
rdr250199#csvline3065,compendium,mol_670136e04246f1d5,train,,"[""1973SVO/VES""]",48.6,343.0,"RDR file 250199, CSV line 3065",quarantine_compendium_provenance,measurement_temperature_state_correction_and_independence_unverified,,,,,,,,,,,,,,,,,,
rdr250199#csvline3066,compendium,mol_670136e04246f1d5,train,,"[""1973SVO/VES""]",47.5,353.0,"RDR file 250199, CSV line 3066",quarantine_compendium_provenance,measurement_temperature_state_correction_and_independence_unverified,,,,,,,,,,,,,,,,,,
rdr250199#csvline3067,compendium,mol_670136e04246f1d5,train,,"[""1973SVO/VES""]",46.4,363.0,"RDR file 250199, CSV line 3067",quarantine_compendium_provenance,measurement_temperature_state_correction_and_independence_unverified,,,,,,,,,,,,,,,,,,
rdr250199#csvline3068,compendium,mol_670136e04246f1d5,train,,"[""1971POL/BEN""]",52.34,298.0,"RDR file 250199, CSV line 3068",quarantine_compendium_provenance,measurement_temperature_state_correction_and_independence_unverified,,,,,,,,,,,,,,,,,,
rdr250199#csvline3069,compendium,mol_670136e04246f1d5,train,,"[""1971POL/BEN""]",51.6,308.0,"RDR file 250199, CSV line 3069",quarantine_compendium_provenance,measurement_temperature_state_correction_and_independence_unverified,,,,,,,,,,,,,,,,,,
rdr250199#csvline3070,compendium,mol_670136e04246f1d5,train,,"[""1971POL/BEN""]",51.0,318.0,"RDR file 250199, CSV line 3070",quarantine_compendium_provenance,measurement_temperature_state_correction_and_independence_unverified,,,,,,,,,,,,,,,,,,
rdr250199#csvline3071,compendium,mol_670136e04246f1d5,train,,"[""1971POL/BEN""]",49.8,328.0,"RDR file 250199, CSV line 3071",quarantine_compendium_provenance,measurement_temperature_state_correction_and_independence_unverified,,,,,,,,,,,,,,,,,,
rdr250199#csvline3074,compendium,mol_670136e04246f1d5,train,,"[""1966WAD""]",52.3,298.0,"RDR file 250199, CSV line 3074",quarantine_compendium_provenance,measurement_temperature_state_correction_and_independence_unverified,,,,,,,,,,,,,,,,,,
rdr250199#csvline3075,compendium,mol_670136e04246f1d5,train,,"[""1965COU/HAL""]",47.2,356.0,"RDR file 250199, CSV line 3075",quarantine_compendium_provenance,measurement_temperature_state_correction_and_independence_unverified,,,,,,,,,,,,,,,,,,
rdr250199#csvline3076,compendium,mol_670136e04246f1d5,train,,"[""1965COU/HAL""]",45.4,381.0,"RDR file 250199, CSV line 3076",quarantine_compendium_provenance,measurement_temperature_state_correction_and_independence_unverified,,,,,,,,,,,,,,,,,,
rdr250199#csvline3077,compendium,mol_670136e04246f1d5,train,,"[""1965COU/HAL""]",43.1,391.0,"RDR file 250199, CSV line 3077",quarantine_compendium_provenance,measurement_temperature_state_correction_and_independence_unverified,,,,,,,,,,,,,,,,,,
rdr250199#csvline3080,compendium,mol_670136e04246f1d5,train,,"[""1963MCC/LAI""]",51.0,298.0,"RDR file 250199, CSV line 3080",quarantine_compendium_provenance,measurement_temperature_state_correction_and_independence_unverified,,,,,,,,,,,,,,,,,,
rdr250199#csvline3125,compendium,mol_8b6a2383c538f690,train,,"[""1984MAJ/SVO""]",50.8,298.0,"RDR file 250199, CSV line 3125",quarantine_compendium_provenance,measurement_temperature_state_correction_and_independence_unverified,,,,,,,,,,,,,,,,,,
rdr250199#csvline3126,compendium,mol_8b6a2383c538f690,train,,"[""1984MAJ/SVO""]",49.7,313.0,"RDR file 250199, CSV line 3126",quarantine_compendium_provenance,measurement_temperature_state_correction_and_independence_unverified,,,,,,,,,,,,,,,,,,
rdr250199#csvline3127,compendium,mol_8b6a2383c538f690,train,,"[""1984MAJ/SVO""]",48.3,328.0,"RDR file 250199, CSV line 3127",quarantine_compendium_provenance,measurement_temperature_state_correction_and_independence_unverified,,,,,,,,,,,,,,,,,,
rdr250199#csvline3128,compendium,mol_8b6a2383c538f690,train,,"[""1984MAJ/SVO""]",45.0,358.0,"RDR file 250199, CSV line 3128",quarantine_compendium_provenance,measurement_temperature_state_correction_and_independence_unverified,,,,,,,,,,,,,,,,,,
rdr250199#csvline3131,compendium,mol_8b6a2383c538f690,train,,"[""1971POL/BEN""]",50.79,298.0,"RDR file 250199, CSV line 3131",quarantine_compendium_provenance,measurement_temperature_state_correction_and_independence_unverified,,,,,,,,,,,,,,,,,,
rdr250199#csvline3132,compendium,mol_8b6a2383c538f690,train,,"[""1971POL/BEN""]",50.1,308.0,"RDR file 250199, CSV line 3132",quarantine_compendium_provenance,measurement_temperature_state_correction_and_independence_unverified,,,,,,,,,,,,,,,,,,
rdr250199#csvline3133,compendium,mol_8b6a2383c538f690,train,,"[""1971POL/BEN""]",49.3,318.0,"RDR file 250199, CSV line 3133",quarantine_compendium_provenance,measurement_temperature_state_correction_and_independence_unverified,,,,,,,,,,,,,,,,,,
rdr250199#csvline3134,compendium,mol_8b6a2383c538f690,train,,"[""1971POL/BEN""]",47.9,328.0,"RDR file 250199, CSV line 3134",quarantine_compendium_provenance,measurement_temperature_state_correction_and_independence_unverified,,,,,,,,,,,,,,,,,,
rdr250199#csvline3135,compendium,mol_8b6a2383c538f690,train,,"[""1970COU/FEN""]",46.2,347.0,"RDR file 250199, CSV line 3135",quarantine_compendium_provenance,measurement_temperature_state_correction_and_independence_unverified,,,,,,,,,,,,,,,,,,
rdr250199#csvline3136,compendium,mol_8b6a2383c538f690,train,,"[""1970COU/FEN""]",44.2,363.0,"RDR file 250199, CSV line 3136",quarantine_compendium_provenance,measurement_temperature_state_correction_and_independence_unverified,,,,,,,,,,,,,,,,,,
rdr250199#csvline3137,compendium,mol_8b6a2383c538f690,train,,"[""1970COU/FEN""]",41.9,381.0,"RDR file 250199, CSV line 3137",quarantine_compendium_provenance,measurement_temperature_state_correction_and_independence_unverified,,,,,,,,,,,,,,,,,,
rdr250199#csvline3140,compendium,mol_8b6a2383c538f690,train,,"[""1966WAD""]",50.8,298.0,"RDR file 250199, CSV line 3140",quarantine_compendium_provenance,measurement_temperature_state_correction_and_independence_unverified,,,,,,,,,,,,,,,,,,
rdr250199#csvline3143,compendium,mol_8b6a2383c538f690,train,,"[""1963MCC/LAI""]",49.8,298.0,"RDR file 250199, CSV line 3143",quarantine_compendium_provenance,measurement_temperature_state_correction_and_independence_unverified,,,,,,,,,,,,,,,,,,
rdr250199#csvline3155,compendium,mol_c30b4ae49b848357,train,,"[""1984MAJ/SVO""]",46.2,303.0,"RDR file 250199, CSV line 3155",quarantine_compendium_provenance,measurement_temperature_state_correction_and_independence_unverified,,,,,,,,,,,,,,,,,,
rdr250199#csvline3156,compendium,mol_c30b4ae49b848357,train,,"[""1984MAJ/SVO""]",44.9,313.0,"RDR file 250199, CSV line 3156",quarantine_compendium_provenance,measurement_temperature_state_correction_and_independence_unverified,,,,,,,,,,,,,,,,,,
rdr250199#csvline3157,compendium,mol_c30b4ae49b848357,train,,"[""1984MAJ/SVO""]",43.0,328.0,"RDR file 250199, CSV line 3157",quarantine_compendium_provenance,measurement_temperature_state_correction_and_independence_unverified,,,,,,,,,,,,,,,,,,
rdr250199#csvline3158,compendium,mol_c30b4ae49b848357,train,,"[""1984MAJ/SVO""]",41.0,343.0,"RDR file 250199, CSV line 3158",quarantine_compendium_provenance,measurement_temperature_state_correction_and_independence_unverified,,,,,,,,,,,,,,,,,,
rdr250199#csvline3159,compendium,mol_c30b4ae49b848357,train,,"[""1984MAJ/SVO""]",37.2,368.0,"RDR file 250199, CSV line 3159",quarantine_compendium_provenance,measurement_temperature_state_correction_and_independence_unverified,,,,,,,,,,,,,,,,,,
rdr250199#csvline3162,compendium,mol_c30b4ae49b848357,train,,"[""1971POL/BEN""]",46.94,298.0,"RDR file 250199, CSV line 3162",quarantine_compendium_provenance,measurement_temperature_state_correction_and_independence_unverified,,,,,,,,,,,,,,,,,,
rdr250199#csvline3163,compendium,mol_c30b4ae49b848357,train,,"[""1971POL/BEN""]",45.8,308.0,"RDR file 250199, CSV line 3163",quarantine_compendium_provenance,measurement_temperature_state_correction_and_independence_unverified,,,,,,,,,,,,,,,,,,
rdr250199#csvline3164,compendium,mol_c30b4ae49b848357,train,,"[""1971POL/BEN""]",44.6,318.0,"RDR file 250199, CSV line 3164",quarantine_compendium_provenance,measurement_temperature_state_correction_and_independence_unverified,,,,,,,,,,,,,,,,,,
rdr250199#csvline3165,compendium,mol_c30b4ae49b848357,train,,"[""1971POL/BEN""]",42.7,328.0,"RDR file 250199, CSV line 3165",quarantine_compendium_provenance,measurement_temperature_state_correction_and_independence_unverified,,,,,,,,,,,,,,,,,,
rdr250199#csvline3167,compendium,mol_c30b4ae49b848357,train,,"[""1966WAD""]",46.6,298.0,"RDR file 250199, CSV line 3167",quarantine_compendium_provenance,measurement_temperature_state_correction_and_independence_unverified,,,,,,,,,,,,,,,,,,
rdr250199#csvline3169,compendium,mol_c30b4ae49b848357,train,,"[""1963BEN/MCK""]",42.5,330.0,"RDR file 250199, CSV line 3169",quarantine_compendium_provenance,measurement_temperature_state_correction_and_independence_unverified,,,,,,,,,,,,,,,,,,
rdr250199#csvline3170,compendium,mol_c30b4ae49b848357,train,,"[""1963BEN/MCK""]",41.3,340.0,"RDR file 250199, CSV line 3170",quarantine_compendium_provenance,measurement_temperature_state_correction_and_independence_unverified,,,,,,,,,,,,,,,,,,
rdr250199#csvline3171,compendium,mol_c30b4ae49b848357,train,,"[""1963BEN/MCK""]",40.4,346.0,"RDR file 250199, CSV line 3171",quarantine_compendium_provenance,measurement_temperature_state_correction_and_independence_unverified,,,,,,,,,,,,,,,,,,
rdr250199#csvline3172,compendium,mol_c30b4ae49b848357,train,,"[""1963BEN/MCK""]",40.0,349.0,"RDR file 250199, CSV line 3172",quarantine_compendium_provenance,measurement_temperature_state_correction_and_independence_unverified,,,,,,,,,,,,,,,,,,
rdr250199#csvline3173,compendium,mol_c30b4ae49b848357,train,,"[""1963BEN/MCK""]",39.0,356.0,"RDR file 250199, CSV line 3173",quarantine_compendium_provenance,measurement_temperature_state_correction_and_independence_unverified,,,,,,,,,,,,,,,,,,
rdr250199#csvline3175,compendium,mol_c30b4ae49b848357,train,,"[""1963MCC/LAI""]",44.9,298.0,"RDR file 250199, CSV line 3175",quarantine_compendium_provenance,measurement_temperature_state_correction_and_independence_unverified,,,,,,,,,,,,,,,,,,
rdr250199#csvline3184,compendium,mol_fc1211201dbfeedf,train,,"[""1980MAJ/WAG""]",27.1,298.0,"RDR file 250199, CSV line 3184",quarantine_compendium_provenance,measurement_temperature_state_correction_and_independence_unverified,,,,,,,,,,,,,,,,,,
rdr250199#csvline3185,compendium,mol_fc1211201dbfeedf,train,,"[""1980MAJ/WAG""]",26.1,313.0,"RDR file 250199, CSV line 3185",quarantine_compendium_provenance,measurement_temperature_state_correction_and_independence_unverified,,,,,,,,,,,,,,,,,,
rdr250199#csvline3227,compendium,mol_d3125f71fb8f9281,train,,"[""2003EUS/LOP""]",78.3,298.0,"RDR file 250199, CSV line 3227",quarantine_compendium_provenance,measurement_temperature_state_correction_and_independence_unverified,,,,,,,,,,,,,,,,,,
rdr250199#csvline3228,compendium,mol_d3125f71fb8f9281,train,,"[""1988KNA/SAB"",""1990KNA/SAB2""]",79.3,298.0,"RDR file 250199, CSV line 3228",quarantine_compendium_provenance,measurement_temperature_state_correction_and_independence_unverified,,,,,,,,,,,,,,,,,,
rdr250199#csvline3256,compendium,mol_b482dd7c4a655efd,train,,"[""1971KUS/WAD""]",48.2,298.0,"RDR file 250199, CSV line 3256",quarantine_compendium_provenance,measurement_temperature_state_correction_and_independence_unverified,,,,,,,,,,,,,,,,,,
rdr250199#csvline3309,compendium,mol_9b5c2e3993415780,train,,"[""1989VOR/KLY""]",35.8,298.0,"RDR file 250199, CSV line 3309",quarantine_compendium_provenance,measurement_temperature_state_correction_and_independence_unverified,,,,,,,,,,,,,,,,,,
rdr250199#csvline3313,compendium,mol_9b5c2e3993415780,train,,"[""1952SCO/FIN""]",34.3,325.0,"RDR file 250199, CSV line 3313",quarantine_compendium_provenance,measurement_temperature_state_correction_and_independence_unverified,,,,,,,,,,,,,,,,,,
rdr250199#csvline3314,compendium,mol_9b5c2e3993415780,train,,"[""1952SCO/FIN""]",33.1,344.0,"RDR file 250199, CSV line 3314",quarantine_compendium_provenance,measurement_temperature_state_correction_and_independence_unverified,,,,,,,,,,,,,,,,,,
rdr250199#csvline3315,compendium,mol_9b5c2e3993415780,train,,"[""1952SCO/FIN""]",31.8,365.0,"RDR file 250199, CSV line 3315",quarantine_compendium_provenance,measurement_temperature_state_correction_and_independence_unverified,,,,,,,,,,,,,,,,,,
rdr250199#csvline3333,compendium,mol_e840c319a89074e3,train,,"[""1989VOR/KLY""]",45.4,298.0,"RDR file 250199, CSV line 3333",quarantine_compendium_provenance,measurement_temperature_state_correction_and_independence_unverified,,,,,,,,,,,,,,,,,,
rdr250199#csvline3335,compendium,mol_e840c319a89074e3,train,,"[""1985KUS""]",45.2,298.0,"RDR file 250199, CSV line 3335",quarantine_compendium_provenance,measurement_temperature_state_correction_and_independence_unverified,,,,,,,,,,,,,,,,,,
rdr250199#csvline3339,compendium,mol_e840c319a89074e3,train,,"[""1952SCO/FIN2""]",40.9,374.0,"RDR file 250199, CSV line 3339",quarantine_compendium_provenance,measurement_temperature_state_correction_and_independence_unverified,,,,,,,,,,,,,,,,,,
rdr250199#csvline3340,compendium,mol_e840c319a89074e3,train,,"[""1952SCO/FIN2""]",39.2,400.0,"RDR file 250199, CSV line 3340",quarantine_compendium_provenance,measurement_temperature_state_correction_and_independence_unverified,,,,,,,,,,,,,,,,,,
rdr250199#csvline3346,compendium,mol_969f34406f44f7e7,train,,"[""1985KUS""]",35.7,298.0,"RDR file 250199, CSV line 3346",quarantine_compendium_provenance,measurement_temperature_state_correction_and_independence_unverified,,,,,,,,,,,,,,,,,,
rdr250199#csvline3348,compendium,mol_969f34406f44f7e7,train,,"[""1979MAJ/SVO2""]",35.7,298.0,"RDR file 250199, CSV line 3348",quarantine_compendium_provenance,measurement_temperature_state_correction_and_independence_unverified,,,,,,,,,,,,,,,,,,
rdr250199#csvline3349,compendium,mol_969f34406f44f7e7,train,,"[""1979MAJ/SVO2""]",34.7,313.0,"RDR file 250199, CSV line 3349",quarantine_compendium_provenance,measurement_temperature_state_correction_and_independence_unverified,,,,,,,,,,,,,,,,,,
rdr250199#csvline3350,compendium,mol_969f34406f44f7e7,train,,"[""1979MAJ/SVO2""]",33.5,323.0,"RDR file 250199, CSV line 3350",quarantine_compendium_provenance,measurement_temperature_state_correction_and_independence_unverified,,,,,,,,,,,,,,,,,,
rdr250199#csvline3351,compendium,mol_969f34406f44f7e7,train,,"[""1979MAJ/SVO2""]",32.4,343.0,"RDR file 250199, CSV line 3351",quarantine_compendium_provenance,measurement_temperature_state_correction_and_independence_unverified,,,,,,,,,,,,,,,,,,
rdr250199#csvline3352,compendium,mol_969f34406f44f7e7,train,,"[""1979MAJ/SVO2""]",31.1,358.0,"RDR file 250199, CSV line 3352",quarantine_compendium_provenance,measurement_temperature_state_correction_and_independence_unverified,,,,,,,,,,,,,,,,,,
rdr250199#csvline3353,compendium,mol_969f34406f44f7e7,train,,"[""1969WAD""]",35.7,298.0,"RDR file 250199, CSV line 3353",quarantine_compendium_provenance,measurement_temperature_state_correction_and_independence_unverified,,,,,,,,,,,,,,,,,,
rdr250199#csvline341,compendium,mol_253d8d3c7e0ad521,train,,"[""1954MCC/SCO""]",37.2,318.0,"RDR file 250199, CSV line 341",quarantine_compendium_provenance,measurement_temperature_state_correction_and_independence_unverified,,,,,,,,,,,,,,,,,,
rdr250199#csvline342,compendium,mol_253d8d3c7e0ad521,train,,"[""1954MCC/SCO""]",36.3,335.0,"RDR file 250199, CSV line 342",quarantine_compendium_provenance,measurement_temperature_state_correction_and_independence_unverified,,,,,,,,,,,,,,,,,,
rdr250199#csvline343,compendium,mol_253d8d3c7e0ad521,train,,"[""1954MCC/SCO""]",35.2,353.0,"RDR file 250199, CSV line 343",quarantine_compendium_provenance,measurement_temperature_state_correction_and_independence_unverified,,,,,,,,,,,,,,,,,,
rdr250199#csvline344,compendium,mol_253d8d3c7e0ad521,train,,"[""1954MCC/SCO""]",34.0,374.0,"RDR file 250199, CSV line 344",quarantine_compendium_provenance,measurement_temperature_state_correction_and_independence_unverified,,,,,,,,,,,,,,,,,,
rdr250199#csvline346,compendium,mol_253d8d3c7e0ad521,train,,"[""1947JON/GIA""]",38.3,298.0,"RDR file 250199, CSV line 346",quarantine_compendium_provenance,measurement_temperature_state_correction_and_independence_unverified,,,,,,,,,,,,,,,,,,
rdr250199#csvline347,compendium,mol_253d8d3c7e0ad521,train,,"[""1941PIT/GWI""]",34.4,374.0,"RDR file 250199, CSV line 347",quarantine_compendium_provenance,measurement_temperature_state_correction_and_independence_unverified,,,,,,,,,,,,,,,,,,
rdr250199#csvline349,compendium,mol_253d8d3c7e0ad521,train,,"[""1930PHI/WAT""]",34.6,374.0,"RDR file 250199, CSV line 349",quarantine_compendium_provenance,measurement_temperature_state_correction_and_independence_unverified,,,,,,,,,,,,,,,,,,
rdr250199#csvline350,compendium,mol_253d8d3c7e0ad521,train,,"[""1926MAT""]",33.9,373.0,"RDR file 250199, CSV line 350",quarantine_compendium_provenance,measurement_temperature_state_correction_and_independence_unverified,,,,,,,,,,,,,,,,,,
rdr250199#csvline3552,compendium,mol_c6feabb4edc72193,validation,,"[""2008RIB/SAN2""]",54.9,298.0,"RDR file 250199, CSV line 3552",quarantine_compendium_provenance,measurement_temperature_state_correction_and_independence_unverified,,,,,,,,,,,,,,,,,,
rdr250199#csvline3586,compendium,mol_62b1e6f80fd72085,train,,"[""1986MIC/JOS""]",39.6,313.0,"RDR file 250199, CSV line 3586",quarantine_compendium_provenance,measurement_temperature_state_correction_and_independence_unverified,,,,,,,,,,,,,,,,,,
rdr250199#csvline3587,compendium,mol_62b1e6f80fd72085,train,,"[""1984MAJ/SVO2""]",40.2,298.0,"RDR file 250199, CSV line 3587",quarantine_compendium_provenance,measurement_temperature_state_correction_and_independence_unverified,,,,,,,,,,,,,,,,,,
rdr250199#csvline3588,compendium,mol_62b1e6f80fd72085,train,,"[""1984MAJ/SVO2""]",39.4,313.0,"RDR file 250199, CSV line 3588",quarantine_compendium_provenance,measurement_temperature_state_correction_and_independence_unverified,,,,,,,,,,,,,,,,,,
rdr250199#csvline3589,compendium,mol_62b1e6f80fd72085,train,,"[""1984MAJ/SVO2""]",38.5,328.0,"RDR file 250199, CSV line 3589",quarantine_compendium_provenance,measurement_temperature_state_correction_and_independence_unverified,,,,,,,,,,,,,,,,,,
rdr250199#csvline3590,compendium,mol_62b1e6f80fd72085,train,,"[""1984MAJ/SVO2""]",37.7,343.0,"RDR file 250199, CSV line 3590",quarantine_compendium_provenance,measurement_temperature_state_correction_and_independence_unverified,,,,,,,,,,,,,,,,,,
rdr250199#csvline3591,compendium,mol_62b1e6f80fd72085,train,,"[""1984MAJ/SVO2""]",36.3,368.0,"RDR file 250199, CSV line 3591",quarantine_compendium_provenance,measurement_temperature_state_correction_and_independence_unverified,,,,,,,,,,,,,,,,,,
rdr250199#csvline3594,compendium,mol_62b1e6f80fd72085,train,,"[""1957MCC/DOU""]",37.5,346.0,"RDR file 250199, CSV line 3594",quarantine_compendium_provenance,measurement_temperature_state_correction_and_independence_unverified,,,,,,,,,,,,,,,,,,
rdr250199#csvline3595,compendium,mol_62b1e6f80fd72085,train,,"[""1957MCC/DOU""]",36.4,366.0,"RDR file 250199, CSV line 3595",quarantine_compendium_provenance,measurement_temperature_state_correction_and_independence_unverified,,,,,,,,,,,,,,,,,,
rdr250199#csvline3596,compendium,mol_62b1e6f80fd72085,train,,"[""1957MCC/DOU""]",35.1,388.0,"RDR file 250199, CSV line 3596",quarantine_compendium_provenance,measurement_temperature_state_correction_and_independence_unverified,,,,,,,,,,,,,,,,,,
rdr250199#csvline3602,compendium,mol_62b1e6f80fd72085,train,,"[""1901KAH2""]",33.6,390.0,"RDR file 250199, CSV line 3602",quarantine_compendium_provenance,measurement_temperature_state_correction_and_independence_unverified,,,,,,,,,,,,,,,,,,
rdr250199#csvline3629,compendium,mol_467811238401dcaa,train,,"[""2010RIB/AMA""]",33.5,298.0,"RDR file 250199, CSV line 3629",quarantine_compendium_provenance,measurement_temperature_state_correction_and_independence_unverified,,,,,,,,,,,,,,,,,,
rdr250199#csvline3752,compendium,mol_5c8f28893ba20c7a,validation,,"[""1999RIB/RIB""]",53.3,298.0,"RDR file 250199, CSV line 3752",quarantine_compendium_provenance,measurement_temperature_state_correction_and_independence_unverified,,,,,,,,,,,,,,,,,,
rdr250199#csvline3764,compendium,mol_8c26cc46761de673,train,,"[""1968PLA/WIL""]",42.7,298.0,"RDR file 250199, CSV line 3764",quarantine_compendium_provenance,measurement_temperature_state_correction_and_independence_unverified,,,,,,,,,,,,,,,,,,
rdr250199#csvline3769,compendium,mol_241178e06777b8f6,train,,"[""1983FUC/HAL""]",39.4,298.0,"RDR file 250199, CSV line 3769",quarantine_compendium_provenance,measurement_temperature_state_correction_and_independence_unverified,,,,,,,,,,,,,,,,,,
rdr250199#csvline3770,compendium,mol_241178e06777b8f6,train,,"[""1981GAT/STR""]",40.5,298.0,"RDR file 250199, CSV line 3770",quarantine_compendium_provenance,measurement_temperature_state_correction_and_independence_unverified,,,,,,,,,,,,,,,,,,
rdr250199#csvline383,compendium,mol_6dc54388549b234e,train,,"[""1986YER/WOR""]",32.7,373.0,"RDR file 250199, CSV line 383",quarantine_compendium_provenance,measurement_temperature_state_correction_and_independence_unverified,,,,,,,,,,,,,,,,,,
rdr250199#csvline384,compendium,mol_6dc54388549b234e,train,,"[""1986YER/WOR""]",28.1,423.0,"RDR file 250199, CSV line 384",quarantine_compendium_provenance,measurement_temperature_state_correction_and_independence_unverified,,,,,,,,,,,,,,,,,,
rdr250199#csvline385,compendium,mol_6dc54388549b234e,train,,"[""1986YER/WOR""]",20.6,473.0,"RDR file 250199, CSV line 385",quarantine_compendium_provenance,measurement_temperature_state_correction_and_independence_unverified,,,,,,,,,,,,,,,,,,
rdr250199#csvline3852,compendium,mol_5dbb586fa38c6136,train,,"[""1970HOW/WAD""]",43.6,298.0,"RDR file 250199, CSV line 3852",quarantine_compendium_provenance,measurement_temperature_state_correction_and_independence_unverified,,,,,,,,,,,,,,,,,,
rdr250199#csvline3856,compendium,mol_5dbb586fa38c6136,train,,"[""1901KAH""]",33.4,402.0,"RDR file 250199, CSV line 3856",quarantine_compendium_provenance,measurement_temperature_state_correction_and_independence_unverified,,,,,,,,,,,,,,,,,,
rdr250199#csvline391,compendium,mol_6dc54388549b234e,train,,"[""1973SVO/VES""]",37.4,298.0,"RDR file 250199, CSV line 391",quarantine_compendium_provenance,measurement_temperature_state_correction_and_independence_unverified,,,,,,,,,,,,,,,,,,
rdr250199#csvline392,compendium,mol_6dc54388549b234e,train,,"[""1973SVO/VES""]",36.7,313.0,"RDR file 250199, CSV line 392",quarantine_compendium_provenance,measurement_temperature_state_correction_and_independence_unverified,,,,,,,,,,,,,,,,,,
rdr250199#csvline393,compendium,mol_6dc54388549b234e,train,,"[""1973SVO/VES""]",36.2,323.0,"RDR file 250199, CSV line 393",quarantine_compendium_provenance,measurement_temperature_state_correction_and_independence_unverified,,,,,,,,,,,,,,,,,,
rdr250199#csvline394,compendium,mol_6dc54388549b234e,train,,"[""1973SVO/VES""]",35.6,333.0,"RDR file 250199, CSV line 394",quarantine_compendium_provenance,measurement_temperature_state_correction_and_independence_unverified,,,,,,,,,,,,,,,,,,
rdr250199#csvline395,compendium,mol_6dc54388549b234e,train,,"[""1973SVO/VES""]",35.3,338.0,"RDR file 250199, CSV line 395",quarantine_compendium_provenance,measurement_temperature_state_correction_and_independence_unverified,,,,,,,,,,,,,,,,,,
rdr250199#csvline396,compendium,mol_6dc54388549b234e,train,,"[""1973SVO/VES""]",34.7,343.0,"RDR file 250199, CSV line 396",quarantine_compendium_provenance,measurement_temperature_state_correction_and_independence_unverified,,,,,,,,,,,,,,,,,,
rdr250199#csvline3966,compendium,mol_3ff2b6ab243e2db7,test,,"[""2015ZAI/PAU""]",47.6,298.0,"RDR file 250199, CSV line 3966",quarantine_compendium_provenance,measurement_temperature_state_correction_and_independence_unverified,,,,,,,,,,,,,,,,,,
rdr250199#csvline397,compendium,mol_6dc54388549b234e,train,,"[""1973COU/LEE""]",35.2,338.0,"RDR file 250199, CSV line 397",quarantine_compendium_provenance,measurement_temperature_state_correction_and_independence_unverified,,,,,,,,,,,,,,,,,,
rdr250199#csvline398,compendium,mol_6dc54388549b234e,train,,"[""1973COU/LEE""]",35.6,331.0,"RDR file 250199, CSV line 398",quarantine_compendium_provenance,measurement_temperature_state_correction_and_independence_unverified,,,,,,,,,,,,,,,,,,
rdr250199#csvline3984,compendium,mol_5fa3d4f920d98423,train,,"[""1968PLA/WIL""]",57.5,298.0,"RDR file 250199, CSV line 3984",quarantine_compendium_provenance,measurement_temperature_state_correction_and_independence_unverified,,,,,,,,,,,,,,,,,,
rdr250199#csvline3985,compendium,mol_5fa3d4f920d98423,train,,"[""1966WAD""]",57.5,298.0,"RDR file 250199, CSV line 3985",quarantine_compendium_provenance,measurement_temperature_state_correction_and_independence_unverified,,,,,,,,,,,,,,,,,,
rdr250199#csvline399,compendium,mol_6dc54388549b234e,train,,"[""1973COU/LEE""]",36.2,321.0,"RDR file 250199, CSV line 399",quarantine_compendium_provenance,measurement_temperature_state_correction_and_independence_unverified,,,,,,,,,,,,,,,,,,
rdr250199#csvline3996,compendium,mol_2f2b484f1c3d108f,train,,"[""1983UCH/MAJ""]",36.8,298.0,"RDR file 250199, CSV line 3996",quarantine_compendium_provenance,measurement_temperature_state_correction_and_independence_unverified,,,,,,,,,,,,,,,,,,
rdr250199#csvline3997,compendium,mol_2f2b484f1c3d108f,train,,"[""1981GAT/STR""]",36.8,298.0,"RDR file 250199, CSV line 3997",quarantine_compendium_provenance,measurement_temperature_state_correction_and_independence_unverified,,,,,,,,,,,,,,,,,,
rdr250199#csvline400,compendium,mol_6dc54388549b234e,train,,"[""1973COU/LEE""]",37.0,306.0,"RDR file 250199, CSV line 400",quarantine_compendium_provenance,measurement_temperature_state_correction_and_independence_unverified,,,,,,,,,,,,,,,,,,
rdr250199#csvline4000,compendium,mol_2f2b484f1c3d108f,train,,"[""1967HAL/LEE""]",35.0,327.0,"RDR file 250199, CSV line 4000",quarantine_compendium_provenance,measurement_temperature_state_correction_and_independence_unverified,,,,,,,,,,,,,,,,,,
rdr250199#csvline4001,compendium,mol_2f2b484f1c3d108f,train,,"[""1967HAL/LEE""]",33.8,346.0,"RDR file 250199, CSV line 4001",quarantine_compendium_provenance,measurement_temperature_state_correction_and_independence_unverified,,,,,,,,,,,,,,,,,,
rdr250199#csvline4002,compendium,mol_2f2b484f1c3d108f,train,,"[""1967HAL/LEE""]",32.3,367.0,"RDR file 250199, CSV line 4002",quarantine_compendium_provenance,measurement_temperature_state_correction_and_independence_unverified,,,,,,,,,,,,,,,,,,
rdr250199#csvline402,compendium,mol_6dc54388549b234e,train,,"[""1971POL/BEN""]",37.43,298.0,"RDR file 250199, CSV line 402",quarantine_compendium_provenance,measurement_temperature_state_correction_and_independence_unverified,,,,,,,,,,,,,,,,,,
rdr250199#csvline4022,compendium,mol_bcfe0436200b409a,train,,"[""1983UCH/MAJ""]",38.5,298.0,"RDR file 250199, CSV line 4022",quarantine_compendium_provenance,measurement_temperature_state_correction_and_independence_unverified,,,,,,,,,,,,,,,,,,
rdr250199#csvline4023,compendium,mol_bcfe0436200b409a,train,,"[""1981GAT/STR""]",38.6,298.0,"RDR file 250199, CSV line 4023",quarantine_compendium_provenance,measurement_temperature_state_correction_and_independence_unverified,,,,,,,,,,,,,,,,,,
rdr250199#csvline4026,compendium,mol_bcfe0436200b409a,train,,"[""1967HAL/LEE""]",36.1,335.0,"RDR file 250199, CSV line 4026",quarantine_compendium_provenance,measurement_temperature_state_correction_and_independence_unverified,,,,,,,,,,,,,,,,,,
rdr250199#csvline4027,compendium,mol_bcfe0436200b409a,train,,"[""1967HAL/LEE""]",34.9,354.0,"RDR file 250199, CSV line 4027",quarantine_compendium_provenance,measurement_temperature_state_correction_and_independence_unverified,,,,,,,,,,,,,,,,,,
rdr250199#csvline4028,compendium,mol_bcfe0436200b409a,train,,"[""1967HAL/LEE""]",33.5,375.0,"RDR file 250199, CSV line 4028",quarantine_compendium_provenance,measurement_temperature_state_correction_and_independence_unverified,,,,,,,,,,,,,,,,,,
rdr250199#csvline403,compendium,mol_6dc54388549b234e,train,,"[""1971POL/BEN""]",37.0,308.0,"RDR file 250199, CSV line 403",quarantine_compendium_provenance,measurement_temperature_state_correction_and_independence_unverified,,,,,,,,,,,,,,,,,,
rdr250199#csvline404,compendium,mol_6dc54388549b234e,train,,"[""1971POL/BEN""]",36.5,328.0,"RDR file 250199, CSV line 404",quarantine_compendium_provenance,measurement_temperature_state_correction_and_independence_unverified,,,,,,,,,,,,,,,,,,
rdr250199#csvline405,compendium,mol_6dc54388549b234e,train,,"[""1971POL/BEN""]",35.5,328.0,"RDR file 250199, CSV line 405",quarantine_compendium_provenance,measurement_temperature_state_correction_and_independence_unverified,,,,,,,,,,,,,,,,,,
rdr250199#csvline4059,compendium,mol_dd7217c8aa001588,train,,"[""1980SVO/UCH""]",41.3,298.0,"RDR file 250199, CSV line 4059",quarantine_compendium_provenance,measurement_temperature_state_correction_and_independence_unverified,,,,,,,,,,,,,,,,,,
rdr250199#csvline4060,compendium,mol_dd7217c8aa001588,train,,"[""1980SVO/UCH""]",40.1,313.0,"RDR file 250199, CSV line 4060",quarantine_compendium_provenance,measurement_temperature_state_correction_and_independence_unverified,,,,,,,,,,,,,,,,,,
rdr250199#csvline4061,compendium,mol_dd7217c8aa001588,train,,"[""1980SVO/UCH""]",39.0,328.0,"RDR file 250199, CSV line 4061",quarantine_compendium_provenance,measurement_temperature_state_correction_and_independence_unverified,,,,,,,,,,,,,,,,,,
rdr250199#csvline4063,compendium,mol_dd7217c8aa001588,train,,"[""1976CIH/HYN""]",38.7,346.0,"RDR file 250199, CSV line 4063",quarantine_compendium_provenance,measurement_temperature_state_correction_and_independence_unverified,,,,,,,,,,,,,,,,,,
rdr250199#csvline4064,compendium,mol_dd7217c8aa001588,train,,"[""1976CIH/HYN""]",38.1,355.0,"RDR file 250199, CSV line 4064",quarantine_compendium_provenance,measurement_temperature_state_correction_and_independence_unverified,,,,,,,,,,,,,,,,,,
rdr250199#csvline4065,compendium,mol_dd7217c8aa001588,train,,"[""1976CIH/HYN""]",37.3,363.0,"RDR file 250199, CSV line 4065",quarantine_compendium_provenance,measurement_temperature_state_correction_and_independence_unverified,,,,,,,,,,,,,,,,,,
rdr250199#csvline4069,compendium,mol_dd7217c8aa001588,train,,"[""1926MAT""]",37.1,378.0,"RDR file 250199, CSV line 4069",quarantine_compendium_provenance,measurement_temperature_state_correction_and_independence_unverified,,,,,,,,,,,,,,,,,,
rdr250199#csvline4070,compendium,mol_dd7217c8aa001588,train,,"[""1926MAT"",""2012SAM/NAZ""]",32.1,298.0,"RDR file 250199, CSV line 4070",quarantine_compendium_provenance,measurement_temperature_state_correction_and_independence_unverified,,,,,,,,,,,,,,,,,,
rdr250199#csvline4076,compendium,mol_6eb44d0732fcdc70,train,,"[""1980SVO/UCH""]",39.3,298.0,"RDR file 250199, CSV line 4076",quarantine_compendium_provenance,measurement_temperature_state_correction_and_independence_unverified,,,,,,,,,,,,,,,,,,
rdr250199#csvline4077,compendium,mol_6eb44d0732fcdc70,train,,"[""1980SVO/UCH""]",38.2,313.0,"RDR file 250199, CSV line 4077",quarantine_compendium_provenance,measurement_temperature_state_correction_and_independence_unverified,,,,,,,,,,,,,,,,,,
rdr250199#csvline4078,compendium,mol_6eb44d0732fcdc70,train,,"[""1977SVO/VES""]",36.6,336.0,"RDR file 250199, CSV line 4078",quarantine_compendium_provenance,measurement_temperature_state_correction_and_independence_unverified,,,,,,,,,,,,,,,,,,
rdr250199#csvline4079,compendium,mol_6eb44d0732fcdc70,train,,"[""1977SVO/VES""]",36.0,344.0,"RDR file 250199, CSV line 4079",quarantine_compendium_provenance,measurement_temperature_state_correction_and_independence_unverified,,,,,,,,,,,,,,,,,,
rdr250199#csvline408,compendium,mol_6dc54388549b234e,train,,"[""1966WAD""]",37.3,298.0,"RDR file 250199, CSV line 408",quarantine_compendium_provenance,measurement_temperature_state_correction_and_independence_unverified,,,,,,,,,,,,,,,,,,
rdr250199#csvline4080,compendium,mol_6eb44d0732fcdc70,train,,"[""1977SVO/VES""]",35.5,351.0,"RDR file 250199, CSV line 4080",quarantine_compendium_provenance,measurement_temperature_state_correction_and_independence_unverified,,,,,,,,,,,,,,,,,,
rdr250199#csvline4081,compendium,mol_6eb44d0732fcdc70,train,,"[""1977SVO/VES""]",34.5,363.0,"RDR file 250199, CSV line 4081",quarantine_compendium_provenance,measurement_temperature_state_correction_and_independence_unverified,,,,,,,,,,,,,,,,,,
rdr250199#csvline4082,compendium,mol_6eb44d0732fcdc70,train,,"[""1972MAN""]",39.1,298.0,"RDR file 250199, CSV line 4082",quarantine_compendium_provenance,measurement_temperature_state_correction_and_independence_unverified,,,,,,,,,,,,,,,,,,
rdr250199#csvline4087,compendium,mol_a3ec1070c8366fe2,train,,"[""1973GEI/QUI""]",35.6,323.0,"RDR file 250199, CSV line 4087",quarantine_compendium_provenance,measurement_temperature_state_correction_and_independence_unverified,,,,,,,,,,,,,,,,,,
rdr250199#csvline4088,compendium,mol_a3ec1070c8366fe2,train,,"[""1966WAD""]",37.2,298.0,"RDR file 250199, CSV line 4088",quarantine_compendium_provenance,measurement_temperature_state_correction_and_independence_unverified,,,,,,,,,,,,,,,,,,
rdr250199#csvline409,compendium,mol_6dc54388549b234e,train,,"[""1963MCC/LAI""]",37.7,298.0,"RDR file 250199, CSV line 409",quarantine_compendium_provenance,measurement_temperature_state_correction_and_independence_unverified,,,,,,,,,,,,,,,,,,
rdr250199#csvline4104,compendium,mol_8568098f87e46d1f,train,,"[""1981GAT/STR""]",40.1,298.0,"RDR file 250199, CSV line 4104",quarantine_compendium_provenance,measurement_temperature_state_correction_and_independence_unverified,,,,,,,,,,,,,,,,,,
rdr250199#csvline4106,compendium,mol_8568098f87e46d1f,train,,"[""1979SUN/SVE2""]",39.3,298.0,"RDR file 250199, CSV line 4106",quarantine_compendium_provenance,measurement_temperature_state_correction_and_independence_unverified,,,,,,,,,,,,,,,,,,
rdr250199#csvline4120,compendium,mol_502267b1d358ae7d,train,,"[""1980SVO/UCH""]",39.8,298.0,"RDR file 250199, CSV line 4120",quarantine_compendium_provenance,measurement_temperature_state_correction_and_independence_unverified,,,,,,,,,,,,,,,,,,
rdr250199#csvline4121,compendium,mol_502267b1d358ae7d,train,,"[""1980SVO/UCH""]",38.6,313.0,"RDR file 250199, CSV line 4121",quarantine_compendium_provenance,measurement_temperature_state_correction_and_independence_unverified,,,,,,,,,,,,,,,,,,
rdr250199#csvline4122,compendium,mol_502267b1d358ae7d,train,,"[""1980SVO/UCH""]",35.3,343.0,"RDR file 250199, CSV line 4122",quarantine_compendium_provenance,measurement_temperature_state_correction_and_independence_unverified,,,,,,,,,,,,,,,,,,
rdr250199#csvline4123,compendium,mol_502267b1d358ae7d,train,,"[""1977SVO/VES""]",36.9,336.0,"RDR file 250199, CSV line 4123",quarantine_compendium_provenance,measurement_temperature_state_correction_and_independence_unverified,,,,,,,,,,,,,,,,,,
rdr250199#csvline4124,compendium,mol_502267b1d358ae7d,train,,"[""1977SVO/VES""]",36.4,344.0,"RDR file 250199, CSV line 4124",quarantine_compendium_provenance,measurement_temperature_state_correction_and_independence_unverified,,,,,,,,,,,,,,,,,,
rdr250199#csvline4125,compendium,mol_502267b1d358ae7d,train,,"[""1977SVO/VES""]",35.8,351.0,"RDR file 250199, CSV line 4125",quarantine_compendium_provenance,measurement_temperature_state_correction_and_independence_unverified,,,,,,,,,,,,,,,,,,
rdr250199#csvline4126,compendium,mol_502267b1d358ae7d,train,,"[""1977SVO/VES""]",34.8,363.0,"RDR file 250199, CSV line 4126",quarantine_compendium_provenance,measurement_temperature_state_correction_and_independence_unverified,,,,,,,,,,,,,,,,,,
rdr250199#csvline4129,compendium,mol_502267b1d358ae7d,train,,"[""1973GEI/QUI""]",36.7,335.0,"RDR file 250199, CSV line 4129",quarantine_compendium_provenance,measurement_temperature_state_correction_and_independence_unverified,,,,,,,,,,,,,,,,,,
rdr250199#csvline4130,compendium,mol_502267b1d358ae7d,train,,"[""1966WAD""]",39.1,298.0,"RDR file 250199, CSV line 4130",quarantine_compendium_provenance,measurement_temperature_state_correction_and_independence_unverified,,,,,,,,,,,,,,,,,,
rdr250199#csvline4153,compendium,mol_2e302d909c9e5e5c,train,,"[""1973COU/LEE""]",43.6,298.0,"RDR file 250199, CSV line 4153",quarantine_compendium_provenance,measurement_temperature_state_correction_and_independence_unverified,,,,,,,,,,,,,,,,,,
rdr250199#csvline4156,compendium,mol_91aa5b5594ca491a,train,,"[""1970KUS/WAD""]",50.3,298.0,"RDR file 250199, CSV line 4156",quarantine_compendium_provenance,measurement_temperature_state_correction_and_independence_unverified,,,,,,,,,,,,,,,,,,
rdr250199#csvline4206,compendium,mol_528932d2a9841ae7,train,,"[""1981TEK/MAJ""]",38.2,298.0,"RDR file 250199, CSV line 4206",quarantine_compendium_provenance,measurement_temperature_state_correction_and_independence_unverified,,,,,,,,,,,,,,,,,,
rdr250199#csvline4207,compendium,mol_528932d2a9841ae7,train,,"[""1981TEK/MAJ""]",37.3,313.0,"RDR file 250199, CSV line 4207",quarantine_compendium_provenance,measurement_temperature_state_correction_and_independence_unverified,,,,,,,,,,,,,,,,,,
rdr250199#csvline4208,compendium,mol_528932d2a9841ae7,train,,"[""1981TEK/MAJ""]",36.5,328.0,"RDR file 250199, CSV line 4208",quarantine_compendium_provenance,measurement_temperature_state_correction_and_independence_unverified,,,,,,,,,,,,,,,,,,
rdr250199#csvline4209,compendium,mol_528932d2a9841ae7,train,,"[""1981TEK/MAJ""]",35.6,343.0,"RDR file 250199, CSV line 4209",quarantine_compendium_provenance,measurement_temperature_state_correction_and_independence_unverified,,,,,,,,,,,,,,,,,,
rdr250199#csvline4210,compendium,mol_528932d2a9841ae7,train,,"[""1981TEK/MAJ""]",34.6,358.0,"RDR file 250199, CSV line 4210",quarantine_compendium_provenance,measurement_temperature_state_correction_and_independence_unverified,,,,,,,,,,,,,,,,,,
rdr250199#csvline4211,compendium,mol_528932d2a9841ae7,train,,"[""1981TEK/MAJ""]",34.0,363.0,"RDR file 250199, CSV line 4211",quarantine_compendium_provenance,measurement_temperature_state_correction_and_independence_unverified,,,,,,,,,,,,,,,,,,
rdr250199#csvline4212,compendium,mol_528932d2a9841ae7,train,,"[""1968WAD""]",38.2,298.0,"RDR file 250199, CSV line 4212",quarantine_compendium_provenance,measurement_temperature_state_correction_and_independence_unverified,,,,,,,,,,,,,,,,,,
rdr250199#csvline4347,compendium,mol_024c11ca89792376,train,,"[""1980MAJ/WAG""]",32.4,298.0,"RDR file 250199, CSV line 4347",quarantine_compendium_provenance,measurement_temperature_state_correction_and_independence_unverified,,,,,,,,,,,,,,,,,,
rdr250199#csvline4348,compendium,mol_024c11ca89792376,train,,"[""1980MAJ/WAG""]",31.5,313.0,"RDR file 250199, CSV line 4348",quarantine_compendium_provenance,measurement_temperature_state_correction_and_independence_unverified,,,,,,,,,,,,,,,,,,
rdr250199#csvline4349,compendium,mol_024c11ca89792376,train,,"[""1980MAJ/WAG""]",30.5,328.0,"RDR file 250199, CSV line 4349",quarantine_compendium_provenance,measurement_temperature_state_correction_and_independence_unverified,,,,,,,,,,,,,,,,,,
rdr250199#csvline4350,compendium,mol_024c11ca89792376,train,,"[""1980MAJ/WAG""]",29.6,343.0,"RDR file 250199, CSV line 4350",quarantine_compendium_provenance,measurement_temperature_state_correction_and_independence_unverified,,,,,,,,,,,,,,,,,,
rdr250199#csvline4351,compendium,mol_024c11ca89792376,train,,"[""1980MAJ/WAG""]",28.6,358.0,"RDR file 250199, CSV line 4351",quarantine_compendium_provenance,measurement_temperature_state_correction_and_independence_unverified,,,,,,,,,,,,,,,,,,
rdr250199#csvline4354,compendium,mol_024c11ca89792376,train,,"[""1975FEN/HAR""]",32.5,298.0,"RDR file 250199, CSV line 4354",quarantine_compendium_provenance,measurement_temperature_state_correction_and_independence_unverified,,,,,,,,,,,,,,,,,,
rdr250199#csvline4377,compendium,mol_896a74ad0b2a7fde,train,,"[""1980MAJ/WAG""]",29.8,298.0,"RDR file 250199, CSV line 4377",quarantine_compendium_provenance,measurement_temperature_state_correction_and_independence_unverified,,,,,,,,,,,,,,,,,,
rdr250199#csvline4378,compendium,mol_896a74ad0b2a7fde,train,,"[""1980MAJ/WAG""]",28.9,313.0,"RDR file 250199, CSV line 4378",quarantine_compendium_provenance,measurement_temperature_state_correction_and_independence_unverified,,,,,,,,,,,,,,,,,,
rdr250199#csvline4379,compendium,mol_896a74ad0b2a7fde,train,,"[""1980MAJ/WAG""]",28.0,328.0,"RDR file 250199, CSV line 4379",quarantine_compendium_provenance,measurement_temperature_state_correction_and_independence_unverified,,,,,,,,,,,,,,,,,,
rdr250199#csvline4380,compendium,mol_896a74ad0b2a7fde,train,,"[""1980MAJ/WAG""]",27.0,343.0,"RDR file 250199, CSV line 4380",quarantine_compendium_provenance,measurement_temperature_state_correction_and_independence_unverified,,,,,,,,,,,,,,,,,,
rdr250199#csvline4384,compendium,mol_896a74ad0b2a7fde,train,,"[""1975FEN/HAR""]",30.4,298.0,"RDR file 250199, CSV line 4384",quarantine_compendium_provenance,measurement_temperature_state_correction_and_independence_unverified,,,,,,,,,,,,,,,,,,
rdr250199#csvline4401,compendium,mol_435971c8aa9ce0da,train,,"[""1985MAJ/SVO2""]",55.7,313.0,"RDR file 250199, CSV line 4401",quarantine_compendium_provenance,measurement_temperature_state_correction_and_independence_unverified,,,,,,,,,,,,,,,,,,
rdr250199#csvline4402,compendium,mol_435971c8aa9ce0da,train,,"[""1985MAJ/SVO2""]",54.4,328.0,"RDR file 250199, CSV line 4402",quarantine_compendium_provenance,measurement_temperature_state_correction_and_independence_unverified,,,,,,,,,,,,,,,,,,
rdr250199#csvline4403,compendium,mol_435971c8aa9ce0da,train,,"[""1985MAJ/SVO2""]",53.0,343.0,"RDR file 250199, CSV line 4403",quarantine_compendium_provenance,measurement_temperature_state_correction_and_independence_unverified,,,,,,,,,,,,,,,,,,
rdr250199#csvline4404,compendium,mol_435971c8aa9ce0da,train,,"[""1985MAJ/SVO2""]",51.2,358.0,"RDR file 250199, CSV line 4404",quarantine_compendium_provenance,measurement_temperature_state_correction_and_independence_unverified,,,,,,,,,,,,,,,,,,
rdr250199#csvline4407,compendium,mol_435971c8aa9ce0da,train,,"[""1970COU/FEN""]",50.5,362.0,"RDR file 250199, CSV line 4407",quarantine_compendium_provenance,measurement_temperature_state_correction_and_independence_unverified,,,,,,,,,,,,,,,,,,
rdr250199#csvline4408,compendium,mol_435971c8aa9ce0da,train,,"[""1970COU/FEN""]",49.2,374.0,"RDR file 250199, CSV line 4408",quarantine_compendium_provenance,measurement_temperature_state_correction_and_independence_unverified,,,,,,,,,,,,,,,,,,
rdr250199#csvline4409,compendium,mol_435971c8aa9ce0da,train,,"[""1970COU/FEN""]",47.0,392.0,"RDR file 250199, CSV line 4409",quarantine_compendium_provenance,measurement_temperature_state_correction_and_independence_unverified,,,,,,,,,,,,,,,,,,
rdr250199#csvline4410,compendium,mol_435971c8aa9ce0da,train,,"[""1970COU/FEN""]",44.4,411.0,"RDR file 250199, CSV line 4410",quarantine_compendium_provenance,measurement_temperature_state_correction_and_independence_unverified,,,,,,,,,,,,,,,,,,
rdr250199#csvline4413,compendium,mol_435971c8aa9ce0da,train,,"[""1966WAD""]",56.9,298.0,"RDR file 250199, CSV line 4413",quarantine_compendium_provenance,measurement_temperature_state_correction_and_independence_unverified,,,,,,,,,,,,,,,,,,
rdr250199#csvline4435,compendium,mol_b6b13d8dfbd75423,train,,"[""1963MCC/LAI""]",52.9,298.0,"RDR file 250199, CSV line 4435",quarantine_compendium_provenance,measurement_temperature_state_correction_and_independence_unverified,,,,,,,,,,,,,,,,,,
rdr250199#csvline4454,compendium,mol_f32efffa3cd8e3f1,train,,"[""1985MAJ/SVO2""]",50.1,298.0,"RDR file 250199, CSV line 4454",quarantine_compendium_provenance,measurement_temperature_state_correction_and_independence_unverified,,,,,,,,,,,,,,,,,,
rdr250199#csvline4455,compendium,mol_f32efffa3cd8e3f1,train,,"[""1985MAJ/SVO2""]",48.4,313.0,"RDR file 250199, CSV line 4455",quarantine_compendium_provenance,measurement_temperature_state_correction_and_independence_unverified,,,,,,,,,,,,,,,,,,
rdr250199#csvline4456,compendium,mol_f32efffa3cd8e3f1,train,,"[""1985MAJ/SVO2""]",46.4,328.0,"RDR file 250199, CSV line 4456",quarantine_compendium_provenance,measurement_temperature_state_correction_and_independence_unverified,,,,,,,,,,,,,,,,,,
rdr250199#csvline4457,compendium,mol_f32efffa3cd8e3f1,train,,"[""1985MAJ/SVO2""]",44.2,343.0,"RDR file 250199, CSV line 4457",quarantine_compendium_provenance,measurement_temperature_state_correction_and_independence_unverified,,,,,,,,,,,,,,,,,,
rdr250199#csvline4458,compendium,mol_f32efffa3cd8e3f1,train,,"[""1985MAJ/SVO2""]",42.0,358.0,"RDR file 250199, CSV line 4458",quarantine_compendium_provenance,measurement_temperature_state_correction_and_independence_unverified,,,,,,,,,,,,,,,,,,
rdr250199#csvline4459,compendium,mol_f32efffa3cd8e3f1,train,,"[""1985MAJ/SVO2""]",40.3,368.0,"RDR file 250199, CSV line 4459",quarantine_compendium_provenance,measurement_temperature_state_correction_and_independence_unverified,,,,,,,,,,,,,,,,,,
rdr250199#csvline4461,compendium,mol_f32efffa3cd8e3f1,train,,"[""1963MCC/LAI""]",49.2,298.0,"RDR file 250199, CSV line 4461",quarantine_compendium_provenance,measurement_temperature_state_correction_and_independence_unverified,,,,,,,,,,,,,,,,,,
rdr250199#csvline4468,compendium,mol_7bd3eb1878fd3045,train,,"[""1985MAJ/SVO2""]",55.2,303.0,"RDR file 250199, CSV line 4468",quarantine_compendium_provenance,measurement_temperature_state_correction_and_independence_unverified,,,,,,,,,,,,,,,,,,
rdr250199#csvline4469,compendium,mol_7bd3eb1878fd3045,train,,"[""1985MAJ/SVO2""]",54.2,313.0,"RDR file 250199, CSV line 4469",quarantine_compendium_provenance,measurement_temperature_state_correction_and_independence_unverified,,,,,,,,,,,,,,,,,,
rdr250199#csvline4470,compendium,mol_7bd3eb1878fd3045,train,,"[""1985MAJ/SVO2""]",52.9,328.0,"RDR file 250199, CSV line 4470",quarantine_compendium_provenance,measurement_temperature_state_correction_and_independence_unverified,,,,,,,,,,,,,,,,,,
rdr250199#csvline4471,compendium,mol_7bd3eb1878fd3045,train,,"[""1985MAJ/SVO2""]",51.4,343.0,"RDR file 250199, CSV line 4471",quarantine_compendium_provenance,measurement_temperature_state_correction_and_independence_unverified,,,,,,,,,,,,,,,,,,
rdr250199#csvline4472,compendium,mol_7bd3eb1878fd3045,train,,"[""1985MAJ/SVO2""]",49.7,358.0,"RDR file 250199, CSV line 4472",quarantine_compendium_provenance,measurement_temperature_state_correction_and_independence_unverified,,,,,,,,,,,,,,,,,,
rdr250199#csvline4474,compendium,mol_7bd3eb1878fd3045,train,,"[""1963MCC/LAI""]",54.3,298.0,"RDR file 250199, CSV line 4474",quarantine_compendium_provenance,measurement_temperature_state_correction_and_independence_unverified,,,,,,,,,,,,,,,,,,
rdr250199#csvline4493,compendium,mol_2901cf755cab0466,train,,"[""1971KUS/WAD""]",52.1,298.0,"RDR file 250199, CSV line 4493",quarantine_compendium_provenance,measurement_temperature_state_correction_and_independence_unverified,,,,,,,,,,,,,,,,,,
rdr250199#csvline4585,compendium,mol_b4ec50115958b3dd,train,,"[""1969WAD""]",40.1,298.0,"RDR file 250199, CSV line 4585",quarantine_compendium_provenance,measurement_temperature_state_correction_and_independence_unverified,,,,,,,,,,,,,,,,,,
rdr250199#csvline4586,compendium,mol_b4ec50115958b3dd,train,,"[""1901KAH""]",36.0,368.0,"RDR file 250199, CSV line 4586",quarantine_compendium_provenance,measurement_temperature_state_correction_and_independence_unverified,,,,,,,,,,,,,,,,,,
rdr250199#csvline4606,compendium,mol_9b039da63aa3710c,train,,"[""1992PAP/PIM""]",42.2,298.0,"RDR file 250199, CSV line 4606",quarantine_compendium_provenance,measurement_temperature_state_correction_and_independence_unverified,,,,,,,,,,,,,,,,,,
rdr250199#csvline4650,compendium,mol_fb79232c4db917be,train,,"[""1981HOS/SCO""]",35.7,298.0,"RDR file 250199, CSV line 4650",quarantine_compendium_provenance,measurement_temperature_state_correction_and_independence_unverified,,,,,,,,,,,,,,,,,,
rdr250199#csvline4838,compendium,mol_60a1aefe4aec9d39,train,,"[""1989AN/ZHE"",""1989AN/ZHE2""]",48.5,298.0,"RDR file 250199, CSV line 4838",quarantine_compendium_provenance,measurement_temperature_state_correction_and_independence_unverified,,,,,,,,,,,,,,,,,,
rdr250199#csvline4910,compendium,mol_2d09dab0a2be3f90,train,,"[""1975MAS/SCO""]",44.0,293.0,"RDR file 250199, CSV line 4910",quarantine_compendium_provenance,measurement_temperature_state_correction_and_independence_unverified,,,,,,,,,,,,,,,,,,
rdr250199#csvline4914,compendium,mol_2d09dab0a2be3f90,train,,"[""1968WAD""]",44.5,298.0,"RDR file 250199, CSV line 4914",quarantine_compendium_provenance,measurement_temperature_state_correction_and_independence_unverified,,,,,,,,,,,,,,,,,,
rdr250199#csvline4917,compendium,mol_2d09dab0a2be3f90,train,,"[""1926MAT"",""2015VER/SAZ""]",39.7,428.0,"RDR file 250199, CSV line 4917",quarantine_compendium_provenance,measurement_temperature_state_correction_and_independence_unverified,,,,,,,,,,,,,,,,,,
rdr250199#csvline4918,compendium,mol_2d09dab0a2be3f90,train,,"[""1926MAT"",""2015VER/SAZ""]",44.5,298.0,"RDR file 250199, CSV line 4918",quarantine_compendium_provenance,measurement_temperature_state_correction_and_independence_unverified,,,,,,,,,,,,,,,,,,
rdr250199#csvline4948,compendium,mol_5a4aa50dd3cafc66,train,,"[""1968WAD""]",41.0,298.0,"RDR file 250199, CSV line 4948",quarantine_compendium_provenance,measurement_temperature_state_correction_and_independence_unverified,,,,,,,,,,,,,,,,,,
rdr250199#csvline4954,compendium,mol_5a4aa50dd3cafc66,train,,"[""1926MAT""]",36.6,403.0,"RDR file 250199, CSV line 4954",quarantine_compendium_provenance,measurement_temperature_state_correction_and_independence_unverified,,,,,,,,,,,,,,,,,,
rdr250199#csvline4955,compendium,mol_5a4aa50dd3cafc66,train,,"[""1926MAT"",""2014VER/EME""]",41.9,298.0,"RDR file 250199, CSV line 4955",quarantine_compendium_provenance,measurement_temperature_state_correction_and_independence_unverified,,,,,,,,,,,,,,,,,,
rdr250199#csvline4994,compendium,mol_b0c6dc76ddc0873b,train,,"[""1956SCO/MCC2""]",33.5,318.0,"RDR file 250199, CSV line 4994",quarantine_compendium_provenance,measurement_temperature_state_correction_and_independence_unverified,,,,,,,,,,,,,,,,,,
rdr250199#csvline4995,compendium,mol_b0c6dc76ddc0873b,train,,"[""1956SCO/MCC2""]",32.4,337.0,"RDR file 250199, CSV line 4995",quarantine_compendium_provenance,measurement_temperature_state_correction_and_independence_unverified,,,,,,,,,,,,,,,,,,
rdr250199#csvline4996,compendium,mol_b0c6dc76ddc0873b,train,,"[""1956SCO/MCC2""]",31.2,358.0,"RDR file 250199, CSV line 4996",quarantine_compendium_provenance,measurement_temperature_state_correction_and_independence_unverified,,,,,,,,,,,,,,,,,,
rdr250199#csvline4997,compendium,mol_b0c6dc76ddc0873b,train,,"[""1956SCO/MCC2""]",29.7,382.0,"RDR file 250199, CSV line 4997",quarantine_compendium_provenance,measurement_temperature_state_correction_and_independence_unverified,,,,,,,,,,,,,,,,,,
rdr250199#csvline5047,compendium,mol_b1820f534fb61402,train,,"[""1988DON/LIN""]",33.4,307.0,"RDR file 250199, CSV line 5047",quarantine_compendium_provenance,measurement_temperature_state_correction_and_independence_unverified,,,,,,,,,,,,,,,,,,
rdr250199#csvline5048,compendium,mol_b1820f534fb61402,train,,"[""1988DON/LIN""]",33.1,314.0,"RDR file 250199, CSV line 5048",quarantine_compendium_provenance,measurement_temperature_state_correction_and_independence_unverified,,,,,,,,,,,,,,,,,,
rdr250199#csvline5049,compendium,mol_b1820f534fb61402,train,,"[""1988DON/LIN""]",32.4,324.0,"RDR file 250199, CSV line 5049",quarantine_compendium_provenance,measurement_temperature_state_correction_and_independence_unverified,,,,,,,,,,,,,,,,,,
rdr250199#csvline5050,compendium,mol_b1820f534fb61402,train,,"[""1988DON/LIN""]",31.9,332.0,"RDR file 250199, CSV line 5050",quarantine_compendium_provenance,measurement_temperature_state_correction_and_independence_unverified,,,,,,,,,,,,,,,,,,
rdr250199#csvline5051,compendium,mol_b1820f534fb61402,train,,"[""1988DON/LIN""]",31.4,344.0,"RDR file 250199, CSV line 5051",quarantine_compendium_provenance,measurement_temperature_state_correction_and_independence_unverified,,,,,,,,,,,,,,,,,,
rdr250199#csvline5052,compendium,mol_b1820f534fb61402,train,,"[""1988DON/LIN""]",30.6,353.0,"RDR file 250199, CSV line 5052",quarantine_compendium_provenance,measurement_temperature_state_correction_and_independence_unverified,,,,,,,,,,,,,,,,,,
rdr250199#csvline5062,compendium,mol_b1820f534fb61402,train,,"[""1973SVO/VES""]",33.8,298.0,"RDR file 250199, CSV line 5062",quarantine_compendium_provenance,measurement_temperature_state_correction_and_independence_unverified,,,,,,,,,,,,,,,,,,
rdr250199#csvline5063,compendium,mol_b1820f534fb61402,train,,"[""1973SVO/VES""]",33.0,313.0,"RDR file 250199, CSV line 5063",quarantine_compendium_provenance,measurement_temperature_state_correction_and_independence_unverified,,,,,,,,,,,,,,,,,,
rdr250199#csvline5064,compendium,mol_b1820f534fb61402,train,,"[""1973SVO/VES""]",32.2,328.0,"RDR file 250199, CSV line 5064",quarantine_compendium_provenance,measurement_temperature_state_correction_and_independence_unverified,,,,,,,,,,,,,,,,,,
rdr250199#csvline5065,compendium,mol_b1820f534fb61402,train,,"[""1973SVO/VES""]",31.8,333.0,"RDR file 250199, CSV line 5065",quarantine_compendium_provenance,measurement_temperature_state_correction_and_independence_unverified,,,,,,,,,,,,,,,,,,
rdr250199#csvline5066,compendium,mol_b1820f534fb61402,train,,"[""1973SVO/VES""]",31.4,343.0,"RDR file 250199, CSV line 5066",quarantine_compendium_provenance,measurement_temperature_state_correction_and_independence_unverified,,,,,,,,,,,,,,,,,,
rdr250199#csvline5067,compendium,mol_b1820f534fb61402,train,,"[""1973SVO/VES""]",30.9,353.0,"RDR file 250199, CSV line 5067",quarantine_compendium_provenance,measurement_temperature_state_correction_and_independence_unverified,,,,,,,,,,,,,,,,,,
rdr250199#csvline5075,compendium,mol_b1820f534fb61402,train,,"[""1947OSB/GIN""]",33.8,298.0,"RDR file 250199, CSV line 5075",quarantine_compendium_provenance,measurement_temperature_state_correction_and_independence_unverified,,,,,,,,,,,,,,,,,,
rdr250199#csvline5076,compendium,mol_b1820f534fb61402,train,,"[""1947SCO/WAD""]",32.9,315.0,"RDR file 250199, CSV line 5076",quarantine_compendium_provenance,measurement_temperature_state_correction_and_independence_unverified,,,,,,,,,,,,,,,,,,
rdr250199#csvline5077,compendium,mol_b1820f534fb61402,train,,"[""1947SCO/WAD""]",32.4,323.0,"RDR file 250199, CSV line 5077",quarantine_compendium_provenance,measurement_temperature_state_correction_and_independence_unverified,,,,,,,,,,,,,,,,,,
rdr250199#csvline5078,compendium,mol_b1820f534fb61402,train,,"[""1947SCO/WAD""]",31.8,334.0,"RDR file 250199, CSV line 5078",quarantine_compendium_provenance,measurement_temperature_state_correction_and_independence_unverified,,,,,,,,,,,,,,,,,,
rdr250199#csvline5079,compendium,mol_b1820f534fb61402,train,,"[""1947SCO/WAD""]",30.7,353.0,"RDR file 250199, CSV line 5079",quarantine_compendium_provenance,measurement_temperature_state_correction_and_independence_unverified,,,,,,,,,,,,,,,,,,
rdr250199#csvline5084,compendium,mol_b1820f534fb61402,train,,"[""1931FIO/GIN""]",32.5,323.0,"RDR file 250199, CSV line 5084",quarantine_compendium_provenance,measurement_temperature_state_correction_and_independence_unverified,,,,,,,,,,,,,,,,,,
rdr250199#csvline5085,compendium,mol_b1820f534fb61402,train,,"[""1931FIO/GIN""]",30.8,353.0,"RDR file 250199, CSV line 5085",quarantine_compendium_provenance,measurement_temperature_state_correction_and_independence_unverified,,,,,,,,,,,,,,,,,,
rdr250199#csvline5139,compendium,mol_fa6014b0e97e2afc,train,,"[""2009RIB/AMA""]",53.0,298.0,"RDR file 250199, CSV line 5139",quarantine_compendium_provenance,measurement_temperature_state_correction_and_independence_unverified,,,,,,,,,,,,,,,,,,
rdr250199#csvline5140,compendium,mol_bb3f5c184978bf9a,test,,"[""2007ROU/TEM""]",58.8,298.0,"RDR file 250199, CSV line 5140",quarantine_compendium_provenance,measurement_temperature_state_correction_and_independence_unverified,,,,,,,,,,,,,,,,,,
rdr250199#csvline5146,compendium,mol_4581eaef241767fe,train,,"[""2010RIB/AMA""]",59.4,298.0,"RDR file 250199, CSV line 5146",quarantine_compendium_provenance,measurement_temperature_state_correction_and_independence_unverified,,,,,,,,,,,,,,,,,,
rdr250199#csvline516,compendium,mol_520d932204fca4b7,train,,"[""1980MAJ/SVA""]",39.7,298.0,"RDR file 250199, CSV line 516",quarantine_compendium_provenance,measurement_temperature_state_correction_and_independence_unverified,,,,,,,,,,,,,,,,,,
rdr250199#csvline517,compendium,mol_520d932204fca4b7,train,,"[""1980MAJ/SVA""]",38.9,313.0,"RDR file 250199, CSV line 517",quarantine_compendium_provenance,measurement_temperature_state_correction_and_independence_unverified,,,,,,,,,,,,,,,,,,
rdr250199#csvline518,compendium,mol_520d932204fca4b7,train,,"[""1980MAJ/SVA""]",38.2,328.0,"RDR file 250199, CSV line 518",quarantine_compendium_provenance,measurement_temperature_state_correction_and_independence_unverified,,,,,,,,,,,,,,,,,,
rdr250199#csvline5181,compendium,mol_046f2add717f4221,train,,"[""1971KUS/WAD2""]",55.8,298.0,"RDR file 250199, CSV line 5181",quarantine_compendium_provenance,measurement_temperature_state_correction_and_independence_unverified,,,,,,,,,,,,,,,,,,
rdr250199#csvline5184,compendium,mol_046f2add717f4221,train,,"[""1962HAT/HIL""]",53.0,333.0,"RDR file 250199, CSV line 5184",quarantine_compendium_provenance,measurement_temperature_state_correction_and_independence_unverified,,,,,,,,,,,,,,,,,,
rdr250199#csvline5185,compendium,mol_046f2add717f4221,train,,"[""1923AWB/GRI""]",40.4,456.0,"RDR file 250199, CSV line 5185",quarantine_compendium_provenance,measurement_temperature_state_correction_and_independence_unverified,,,,,,,,,,,,,,,,,,
rdr250199#csvline519,compendium,mol_520d932204fca4b7,train,,"[""1980MAJ/SVA""]",37.4,343.0,"RDR file 250199, CSV line 519",quarantine_compendium_provenance,measurement_temperature_state_correction_and_independence_unverified,,,,,,,,,,,,,,,,,,
rdr250199#csvline520,compendium,mol_520d932204fca4b7,train,,"[""1980MAJ/SVA""]",36.6,358.0,"RDR file 250199, CSV line 520",quarantine_compendium_provenance,measurement_temperature_state_correction_and_independence_unverified,,,,,,,,,,,,,,,,,,
rdr250199#csvline524,compendium,mol_520d932204fca4b7,train,,"[""1960AIH""]",39.6,298.0,"RDR file 250199, CSV line 524",quarantine_compendium_provenance,measurement_temperature_state_correction_and_independence_unverified,,,,,,,,,,,,,,,,,,
rdr250199#csvline5299,compendium,mol_62811f5ff2999e78,validation,,"[""2007RIB/SAN""]",39.7,298.0,"RDR file 250199, CSV line 5299",quarantine_compendium_provenance,measurement_temperature_state_correction_and_independence_unverified,,,,,,,,,,,,,,,,,,
rdr250199#csvline5326,compendium,mol_fb8c516f3cf70b3f,train,,"[""1973SVO/VES""]",32.7,313.0,"RDR file 250199, CSV line 5326",quarantine_compendium_provenance,measurement_temperature_state_correction_and_independence_unverified,,,,,,,,,,,,,,,,,,
rdr250199#csvline5327,compendium,mol_fb8c516f3cf70b3f,train,,"[""1973SVO/VES""]",32.2,323.0,"RDR file 250199, CSV line 5327",quarantine_compendium_provenance,measurement_temperature_state_correction_and_independence_unverified,,,,,,,,,,,,,,,,,,
rdr250199#csvline5328,compendium,mol_fb8c516f3cf70b3f,train,,"[""1973SVO/VES""]",31.7,333.0,"RDR file 250199, CSV line 5328",quarantine_compendium_provenance,measurement_temperature_state_correction_and_independence_unverified,,,,,,,,,,,,,,,,,,
rdr250199#csvline5329,compendium,mol_fb8c516f3cf70b3f,train,,"[""1973SVO/VES""]",31.2,343.0,"RDR file 250199, CSV line 5329",quarantine_compendium_provenance,measurement_temperature_state_correction_and_independence_unverified,,,,,,,,,,,,,,,,,,
rdr250199#csvline5330,compendium,mol_fb8c516f3cf70b3f,train,,"[""1973SVO/VES""]",30.7,353.0,"RDR file 250199, CSV line 5330",quarantine_compendium_provenance,measurement_temperature_state_correction_and_independence_unverified,,,,,,,,,,,,,,,,,,
rdr250199#csvline5380,compendium,mol_55b6d752028fb5df,train,,"[""1992SVO/KUB""]",44.4,308.0,"RDR file 250199, CSV line 5380",quarantine_compendium_provenance,measurement_temperature_state_correction_and_independence_unverified,,,,,,,,,,,,,,,,,,
rdr250199#csvline5381,compendium,mol_55b6d752028fb5df,train,,"[""1992SVO/KUB""]",44.0,313.0,"RDR file 250199, CSV line 5381",quarantine_compendium_provenance,measurement_temperature_state_correction_and_independence_unverified,,,,,,,,,,,,,,,,,,
rdr250199#csvline5382,compendium,mol_55b6d752028fb5df,train,,"[""1992SVO/KUB""]",43.4,323.0,"RDR file 250199, CSV line 5382",quarantine_compendium_provenance,measurement_temperature_state_correction_and_independence_unverified,,,,,,,,,,,,,,,,,,
rdr250199#csvline5383,compendium,mol_55b6d752028fb5df,train,,"[""1992SVO/KUB""]",43.1,328.0,"RDR file 250199, CSV line 5383",quarantine_compendium_provenance,measurement_temperature_state_correction_and_independence_unverified,,,,,,,,,,,,,,,,,,
rdr250199#csvline5384,compendium,mol_55b6d752028fb5df,train,,"[""1992SVO/KUB""]",42.2,338.0,"RDR file 250199, CSV line 5384",quarantine_compendium_provenance,measurement_temperature_state_correction_and_independence_unverified,,,,,,,,,,,,,,,,,,
rdr250199#csvline5385,compendium,mol_55b6d752028fb5df,train,,"[""1992SVO/KUB""]",41.8,343.0,"RDR file 250199, CSV line 5385",quarantine_compendium_provenance,measurement_temperature_state_correction_and_independence_unverified,,,,,,,,,,,,,,,,,,
rdr250199#csvline5386,compendium,mol_55b6d752028fb5df,train,,"[""1992SVO/KUB""]",41.4,348.0,"RDR file 250199, CSV line 5386",quarantine_compendium_provenance,measurement_temperature_state_correction_and_independence_unverified,,,,,,,,,,,,,,,,,,
rdr250199#csvline5394,compendium,mol_55b6d752028fb5df,train,,"[""1968PLA/WIL""]",45.1,298.0,"RDR file 250199, CSV line 5394",quarantine_compendium_provenance,measurement_temperature_state_correction_and_independence_unverified,,,,,,,,,,,,,,,,,,
rdr250199#csvline5511,compendium,mol_41941ac4285969b3,train,,"[""1992KOZ/KAB""]",58.7,368.0,"RDR file 250199, CSV line 5511",quarantine_compendium_provenance,measurement_temperature_state_correction_and_independence_unverified,,,,,,,,,,,,,,,,,,
rdr250199#csvline5538,compendium,mol_e983a25bd52a944d,train,,"[""1988DON/LIN""]",32.3,314.0,"RDR file 250199, CSV line 5538",quarantine_compendium_provenance,measurement_temperature_state_correction_and_independence_unverified,,,,,,,,,,,,,,,,,,
rdr250199#csvline5539,compendium,mol_e983a25bd52a944d,train,,"[""1988DON/LIN""]",31.1,332.0,"RDR file 250199, CSV line 5539",quarantine_compendium_provenance,measurement_temperature_state_correction_and_independence_unverified,,,,,,,,,,,,,,,,,,
rdr250199#csvline5540,compendium,mol_e983a25bd52a944d,train,,"[""1988DON/LIN""]",30.3,345.0,"RDR file 250199, CSV line 5540",quarantine_compendium_provenance,measurement_temperature_state_correction_and_independence_unverified,,,,,,,,,,,,,,,,,,
rdr250199#csvline5541,compendium,mol_e983a25bd52a944d,train,,"[""1988DON/LIN""]",30.0,355.0,"RDR file 250199, CSV line 5541",quarantine_compendium_provenance,measurement_temperature_state_correction_and_independence_unverified,,,,,,,,,,,,,,,,,,
rdr250199#csvline5546,compendium,mol_e983a25bd52a944d,train,,"[""1982FUR/SAK""]",33.0,298.0,"RDR file 250199, CSV line 5546",quarantine_compendium_provenance,measurement_temperature_state_correction_and_independence_unverified,,,,,,,,,,,,,,,,,,
rdr250199#csvline5548,compendium,mol_e983a25bd52a944d,train,,"[""1979MAJ/SVO""]",33.0,298.0,"RDR file 250199, CSV line 5548",quarantine_compendium_provenance,measurement_temperature_state_correction_and_independence_unverified,,,,,,,,,,,,,,,,,,
rdr250199#csvline5549,compendium,mol_e983a25bd52a944d,train,,"[""1979MAJ/SVO""]",32.3,313.0,"RDR file 250199, CSV line 5549",quarantine_compendium_provenance,measurement_temperature_state_correction_and_independence_unverified,,,,,,,,,,,,,,,,,,
rdr250199#csvline5550,compendium,mol_e983a25bd52a944d,train,,"[""1979MAJ/SVO""]",31.2,333.0,"RDR file 250199, CSV line 5550",quarantine_compendium_provenance,measurement_temperature_state_correction_and_independence_unverified,,,,,,,,,,,,,,,,,,
rdr250199#csvline5551,compendium,mol_e983a25bd52a944d,train,,"[""1979MAJ/SVO""]",31.0,338.0,"RDR file 250199, CSV line 5551",quarantine_compendium_provenance,measurement_temperature_state_correction_and_independence_unverified,,,,,,,,,,,,,,,,,,
rdr250199#csvline5552,compendium,mol_e983a25bd52a944d,train,,"[""1979MAJ/SVO""]",30.4,348.0,"RDR file 250199, CSV line 5552",quarantine_compendium_provenance,measurement_temperature_state_correction_and_independence_unverified,,,,,,,,,,,,,,,,,,
rdr250199#csvline5553,compendium,mol_e983a25bd52a944d,train,,"[""1979MAJ/SVO""]",30.1,353.0,"RDR file 250199, CSV line 5553",quarantine_compendium_provenance,measurement_temperature_state_correction_and_independence_unverified,,,,,,,,,,,,,,,,,,
rdr250199#csvline5554,compendium,mol_e983a25bd52a944d,train,,"[""1973SVO/VES""]",32.2,313.0,"RDR file 250199, CSV line 5554",quarantine_compendium_provenance,measurement_temperature_state_correction_and_independence_unverified,,,,,,,,,,,,,,,,,,
rdr250199#csvline5555,compendium,mol_e983a25bd52a944d,train,,"[""1973SVO/VES""]",31.9,323.0,"RDR file 250199, CSV line 5555",quarantine_compendium_provenance,measurement_temperature_state_correction_and_independence_unverified,,,,,,,,,,,,,,,,,,
rdr250199#csvline5556,compendium,mol_e983a25bd52a944d,train,,"[""1973SVO/VES""]",31.1,333.0,"RDR file 250199, CSV line 5556",quarantine_compendium_provenance,measurement_temperature_state_correction_and_independence_unverified,,,,,,,,,,,,,,,,,,
rdr250199#csvline5557,compendium,mol_e983a25bd52a944d,train,,"[""1973SVO/VES""]",30.6,343.0,"RDR file 250199, CSV line 5557",quarantine_compendium_provenance,measurement_temperature_state_correction_and_independence_unverified,,,,,,,,,,,,,,,,,,
rdr250199#csvline5558,compendium,mol_e983a25bd52a944d,train,,"[""1973SVO/VES""]",30.1,354.0,"RDR file 250199, CSV line 5558",quarantine_compendium_provenance,measurement_temperature_state_correction_and_independence_unverified,,,,,,,,,,,,,,,,,,
rdr250199#csvline5565,compendium,mol_e983a25bd52a944d,train,,"[""1960WAD""]",33.0,298.0,"RDR file 250199, CSV line 5565",quarantine_compendium_provenance,measurement_temperature_state_correction_and_independence_unverified,,,,,,,,,,,,,,,,,,
rdr250199#csvline5566,compendium,mol_e983a25bd52a944d,train,,"[""1951MCC/PER""]",31.4,324.0,"RDR file 250199, CSV line 5566",quarantine_compendium_provenance,measurement_temperature_state_correction_and_independence_unverified,,,,,,,,,,,,,,,,,,
rdr250199#csvline5567,compendium,mol_e983a25bd52a944d,train,,"[""1951MCC/PER""]",30.4,346.0,"RDR file 250199, CSV line 5567",quarantine_compendium_provenance,measurement_temperature_state_correction_and_independence_unverified,,,,,,,,,,,,,,,,,,
rdr250199#csvline5568,compendium,mol_e983a25bd52a944d,train,,"[""1947OSB/GIN""]",33.0,298.0,"RDR file 250199, CSV line 5568",quarantine_compendium_provenance,measurement_temperature_state_correction_and_independence_unverified,,,,,,,,,,,,,,,,,,
rdr250199#csvline5571,compendium,mol_e983a25bd52a944d,train,,"[""1943AST/SZA""]",33.3,298.0,"RDR file 250199, CSV line 5571",quarantine_compendium_provenance,measurement_temperature_state_correction_and_independence_unverified,,,,,,,,,,,,,,,,,,
rdr250199#csvline5687,compendium,mol_5feb1fde294beccb,train,,"[""1999COS/EUS""]",62.0,298.0,"RDR file 250199, CSV line 5687",quarantine_compendium_provenance,measurement_temperature_state_correction_and_independence_unverified,,,,,,,,,,,,,,,,,,
rdr250199#csvline5703,compendium,mol_5feb1fde294beccb,train,,"[""1968PLA/WIL""]",62.0,298.0,"RDR file 250199, CSV line 5703",quarantine_compendium_provenance,measurement_temperature_state_correction_and_independence_unverified,,,,,,,,,,,,,,,,,,
rdr250199#csvline5774,compendium,mol_301d3a83ae1e6ae0,train,,"[""1992SVO/KUB""]",40.1,308.0,"RDR file 250199, CSV line 5774",quarantine_compendium_provenance,measurement_temperature_state_correction_and_independence_unverified,,,,,,,,,,,,,,,,,,
rdr250199#csvline5775,compendium,mol_301d3a83ae1e6ae0,train,,"[""1992SVO/KUB""]",39.0,323.0,"RDR file 250199, CSV line 5775",quarantine_compendium_provenance,measurement_temperature_state_correction_and_independence_unverified,,,,,,,,,,,,,,,,,,
rdr250199#csvline5776,compendium,mol_301d3a83ae1e6ae0,train,,"[""1992SVO/KUB""]",38.0,338.0,"RDR file 250199, CSV line 5776",quarantine_compendium_provenance,measurement_temperature_state_correction_and_independence_unverified,,,,,,,,,,,,,,,,,,
rdr250199#csvline5777,compendium,mol_301d3a83ae1e6ae0,train,,"[""1992SVO/KUB""]",37.4,348.0,"RDR file 250199, CSV line 5777",quarantine_compendium_provenance,measurement_temperature_state_correction_and_independence_unverified,,,,,,,,,,,,,,,,,,
rdr250199#csvline5781,compendium,mol_301d3a83ae1e6ae0,train,,"[""1983UCH/MAJ""]",42.5,298.0,"RDR file 250199, CSV line 5781",quarantine_compendium_provenance,measurement_temperature_state_correction_and_independence_unverified,,,,,,,,,,,,,,,,,,
rdr250199#csvline5783,compendium,mol_301d3a83ae1e6ae0,train,,"[""1973GEI/QUI""]",37.6,347.0,"RDR file 250199, CSV line 5783",quarantine_compendium_provenance,measurement_temperature_state_correction_and_independence_unverified,,,,,,,,,,,,,,,,,,
rdr250199#csvline5821,compendium,mol_39beef09cdd1ae08,train,,"[""1980SVO/UCH""]",43.0,313.0,"RDR file 250199, CSV line 5821",quarantine_compendium_provenance,measurement_temperature_state_correction_and_independence_unverified,,,,,,,,,,,,,,,,,,
rdr250199#csvline5822,compendium,mol_39beef09cdd1ae08,train,,"[""1980SVO/UCH""]",41.7,328.0,"RDR file 250199, CSV line 5822",quarantine_compendium_provenance,measurement_temperature_state_correction_and_independence_unverified,,,,,,,,,,,,,,,,,,
rdr250199#csvline5823,compendium,mol_39beef09cdd1ae08,train,,"[""1980SVO/UCH""]",40.6,343.0,"RDR file 250199, CSV line 5823",quarantine_compendium_provenance,measurement_temperature_state_correction_and_independence_unverified,,,,,,,,,,,,,,,,,,
rdr250199#csvline5824,compendium,mol_39beef09cdd1ae08,train,,"[""1980SVO/UCH""]",39.4,358.0,"RDR file 250199, CSV line 5824",quarantine_compendium_provenance,measurement_temperature_state_correction_and_independence_unverified,,,,,,,,,,,,,,,,,,
rdr250199#csvline5829,compendium,mol_39beef09cdd1ae08,train,,"[""1966WAD""]",43.6,298.0,"RDR file 250199, CSV line 5829",quarantine_compendium_provenance,measurement_temperature_state_correction_and_independence_unverified,,,,,,,,,,,,,,,,,,
rdr250199#csvline5846,compendium,mol_212f24f877214356,train,,"[""1966WAD""]",39.8,298.0,"RDR file 250199, CSV line 5846",quarantine_compendium_provenance,measurement_temperature_state_correction_and_independence_unverified,,,,,,,,,,,,,,,,,,
rdr250199#csvline5854,compendium,mol_754b018a16a84522,train,,"[""1966WAD"",""1996VER/BEC""]",38.0,298.0,"RDR file 250199, CSV line 5854",quarantine_compendium_provenance,measurement_temperature_state_correction_and_independence_unverified,,,,,,,,,,,,,,,,,,
rdr250199#csvline5872,compendium,mol_2c8fece1c354948f,train,,"[""1981GAT/STR""]",44.3,298.0,"RDR file 250199, CSV line 5872",quarantine_compendium_provenance,measurement_temperature_state_correction_and_independence_unverified,,,,,,,,,,,,,,,,,,
rdr250199#csvline5875,compendium,mol_2c8fece1c354948f,train,,"[""1977MAN/SEL""]",43.1,298.0,"RDR file 250199, CSV line 5875",quarantine_compendium_provenance,measurement_temperature_state_correction_and_independence_unverified,,,,,,,,,,,,,,,,,,
rdr250199#csvline5946,compendium,mol_71ac04ebc05b85f5,train,,"[""1981TEK/MAJ""]",42.8,298.0,"RDR file 250199, CSV line 5946",quarantine_compendium_provenance,measurement_temperature_state_correction_and_independence_unverified,,,,,,,,,,,,,,,,,,
rdr250199#csvline5947,compendium,mol_71ac04ebc05b85f5,train,,"[""1981TEK/MAJ""]",40.5,328.0,"RDR file 250199, CSV line 5947",quarantine_compendium_provenance,measurement_temperature_state_correction_and_independence_unverified,,,,,,,,,,,,,,,,,,
rdr250199#csvline5948,compendium,mol_71ac04ebc05b85f5,train,,"[""1981TEK/MAJ""]",40.0,343.0,"RDR file 250199, CSV line 5948",quarantine_compendium_provenance,measurement_temperature_state_correction_and_independence_unverified,,,,,,,,,,,,,,,,,,
rdr250199#csvline5949,compendium,mol_71ac04ebc05b85f5,train,,"[""1981TEK/MAJ""]",39.0,358.0,"RDR file 250199, CSV line 5949",quarantine_compendium_provenance,measurement_temperature_state_correction_and_independence_unverified,,,,,,,,,,,,,,,,,,
rdr250199#csvline5950,compendium,mol_71ac04ebc05b85f5,train,,"[""1981TEK/MAJ""]",38.4,368.0,"RDR file 250199, CSV line 5950",quarantine_compendium_provenance,measurement_temperature_state_correction_and_independence_unverified,,,,,,,,,,,,,,,,,,
rdr250199#csvline5952,compendium,mol_71ac04ebc05b85f5,train,,"[""1968WAD""]",42.8,298.0,"RDR file 250199, CSV line 5952",quarantine_compendium_provenance,measurement_temperature_state_correction_and_independence_unverified,,,,,,,,,,,,,,,,,,
rdr250199#csvline5963,compendium,mol_b633c02df2e0c63b,train,,"[""1968WAD""]",49.8,298.0,"RDR file 250199, CSV line 5963",quarantine_compendium_provenance,measurement_temperature_state_correction_and_independence_unverified,,,,,,,,,,,,,,,,,,
rdr250199#csvline5973,compendium,mol_df36260e25a0f59a,train,,"[""1979MAJ/SVO2""]",42.7,313.0,"RDR file 250199, CSV line 5973",quarantine_compendium_provenance,measurement_temperature_state_correction_and_independence_unverified,,,,,,,,,,,,,,,,,,
rdr250199#csvline5974,compendium,mol_df36260e25a0f59a,train,,"[""1979MAJ/SVO2""]",40.7,343.0,"RDR file 250199, CSV line 5974",quarantine_compendium_provenance,measurement_temperature_state_correction_and_independence_unverified,,,,,,,,,,,,,,,,,,
rdr250199#csvline5975,compendium,mol_df36260e25a0f59a,train,,"[""1979MAJ/SVO2""]",39.6,358.0,"RDR file 250199, CSV line 5975",quarantine_compendium_provenance,measurement_temperature_state_correction_and_independence_unverified,,,,,,,,,,,,,,,,,,
rdr250199#csvline5976,compendium,mol_df36260e25a0f59a,train,,"[""1975BER/OLO""]",42.8,298.0,"RDR file 250199, CSV line 5976",quarantine_compendium_provenance,measurement_temperature_state_correction_and_independence_unverified,,,,,,,,,,,,,,,,,,
rdr250199#csvline5983,compendium,mol_f599bee9d7f71e01,train,,"[""2014FRE/LEI""]",46.7,298.0,"RDR file 250199, CSV line 5983",quarantine_compendium_provenance,measurement_temperature_state_correction_and_independence_unverified,,,,,,,,,,,,,,,,,,
rdr250199#csvline5990,compendium,mol_d9ec66217e35d939,train,,"[""2006RIB/CAB5""]",36.8,298.0,"RDR file 250199, CSV line 5990",quarantine_compendium_provenance,measurement_temperature_state_correction_and_independence_unverified,,,,,,,,,,,,,,,,,,
rdr250199#csvline6012,compendium,mol_2ea49b3823ebd7ad,train,,"[""2007PAS/KUZ""]",31.4,298.0,"RDR file 250199, CSV line 6012",quarantine_compendium_provenance,measurement_temperature_state_correction_and_independence_unverified,,,,,,,,,,,,,,,,,,
rdr250199#csvline6013,compendium,mol_2ea49b3823ebd7ad,train,,"[""1996VAR/PAS""]",31.5,298.0,"RDR file 250199, CSV line 6013",quarantine_compendium_provenance,measurement_temperature_state_correction_and_independence_unverified,,,,,,,,,,,,,,,,,,
rdr250199#csvline6023,compendium,mol_2ea49b3823ebd7ad,train,,"[""1985WOR/YER""]",26.6,373.0,"RDR file 250199, CSV line 6023",quarantine_compendium_provenance,measurement_temperature_state_correction_and_independence_unverified,,,,,,,,,,,,,,,,,,
rdr250199#csvline6024,compendium,mol_2ea49b3823ebd7ad,train,,"[""1985WOR/YER""]",22.5,423.0,"RDR file 250199, CSV line 6024",quarantine_compendium_provenance,measurement_temperature_state_correction_and_independence_unverified,,,,,,,,,,,,,,,,,,
rdr250199#csvline6025,compendium,mol_2ea49b3823ebd7ad,train,,"[""1985WOR/YER""]",15.7,473.0,"RDR file 250199, CSV line 6025",quarantine_compendium_provenance,measurement_temperature_state_correction_and_independence_unverified,,,,,,,,,,,,,,,,,,
rdr250199#csvline6026,compendium,mol_2ea49b3823ebd7ad,train,,"[""1985WOR/YER""]",8.9,498.0,"RDR file 250199, CSV line 6026",quarantine_compendium_provenance,measurement_temperature_state_correction_and_independence_unverified,,,,,,,,,,,,,,,,,,
rdr250199#csvline6029,compendium,mol_2ea49b3823ebd7ad,train,,"[""1979MAJ/SVO""]",31.6,298.0,"RDR file 250199, CSV line 6029",quarantine_compendium_provenance,measurement_temperature_state_correction_and_independence_unverified,,,,,,,,,,,,,,,,,,
rdr250199#csvline6030,compendium,mol_2ea49b3823ebd7ad,train,,"[""1979MAJ/SVO""]",30.7,313.0,"RDR file 250199, CSV line 6030",quarantine_compendium_provenance,measurement_temperature_state_correction_and_independence_unverified,,,,,,,,,,,,,,,,,,
rdr250199#csvline6031,compendium,mol_2ea49b3823ebd7ad,train,,"[""1979MAJ/SVO""]",29.5,333.0,"RDR file 250199, CSV line 6031",quarantine_compendium_provenance,measurement_temperature_state_correction_and_independence_unverified,,,,,,,,,,,,,,,,,,
rdr250199#csvline6032,compendium,mol_2ea49b3823ebd7ad,train,,"[""1979MAJ/SVO""]",28.2,353.0,"RDR file 250199, CSV line 6032",quarantine_compendium_provenance,measurement_temperature_state_correction_and_independence_unverified,,,,,,,,,,,,,,,,,,
rdr250199#csvline6036,compendium,mol_2ea49b3823ebd7ad,train,,"[""1947WAD/DOU""]",30.9,309.0,"RDR file 250199, CSV line 6036",quarantine_compendium_provenance,measurement_temperature_state_correction_and_independence_unverified,,,,,,,,,,,,,,,,,,
rdr250199#csvline6037,compendium,mol_2ea49b3823ebd7ad,train,,"[""1947WAD/DOU""]",29.8,328.0,"RDR file 250199, CSV line 6037",quarantine_compendium_provenance,measurement_temperature_state_correction_and_independence_unverified,,,,,,,,,,,,,,,,,,
rdr250199#csvline6038,compendium,mol_2ea49b3823ebd7ad,train,,"[""1947OSB/GIN""]",31.5,298.0,"RDR file 250199, CSV line 6038",quarantine_compendium_provenance,measurement_temperature_state_correction_and_independence_unverified,,,,,,,,,,,,,,,,,,
rdr250199#csvline6040,compendium,mol_2ea49b3823ebd7ad,train,,"[""1943LEM/FEL""]",31.0,298.0,"RDR file 250199, CSV line 6040",quarantine_compendium_provenance,measurement_temperature_state_correction_and_independence_unverified,,,,,,,,,,,,,,,,,,
rdr250199#csvline6041,compendium,mol_2ea49b3823ebd7ad,train,,"[""1943LEM/FEL""]",30.5,313.0,"RDR file 250199, CSV line 6041",quarantine_compendium_provenance,measurement_temperature_state_correction_and_independence_unverified,,,,,,,,,,,,,,,,,,
rdr250199#csvline6042,compendium,mol_2ea49b3823ebd7ad,train,,"[""1943LEM/FEL""]",29.0,333.0,"RDR file 250199, CSV line 6042",quarantine_compendium_provenance,measurement_temperature_state_correction_and_independence_unverified,,,,,,,,,,,,,,,,,,
rdr250199#csvline6043,compendium,mol_2ea49b3823ebd7ad,train,,"[""1943LEM/FEL""]",28.2,353.0,"RDR file 250199, CSV line 6043",quarantine_compendium_provenance,measurement_temperature_state_correction_and_independence_unverified,,,,,,,,,,,,,,,,,,
rdr250199#csvline6107,compendium,mol_a6ed1653bde80123,train,,"[""1980MAJ/WAG""]",36.3,298.0,"RDR file 250199, CSV line 6107",quarantine_compendium_provenance,measurement_temperature_state_correction_and_independence_unverified,,,,,,,,,,,,,,,,,,
rdr250199#csvline6108,compendium,mol_a6ed1653bde80123,train,,"[""1980MAJ/WAG""]",35.3,313.0,"RDR file 250199, CSV line 6108",quarantine_compendium_provenance,measurement_temperature_state_correction_and_independence_unverified,,,,,,,,,,,,,,,,,,
rdr250199#csvline6109,compendium,mol_a6ed1653bde80123,train,,"[""1980MAJ/WAG""]",34.3,328.0,"RDR file 250199, CSV line 6109",quarantine_compendium_provenance,measurement_temperature_state_correction_and_independence_unverified,,,,,,,,,,,,,,,,,,
rdr250199#csvline6110,compendium,mol_a6ed1653bde80123,train,,"[""1980MAJ/WAG""]",33.3,343.0,"RDR file 250199, CSV line 6110",quarantine_compendium_provenance,measurement_temperature_state_correction_and_independence_unverified,,,,,,,,,,,,,,,,,,
rdr250199#csvline6111,compendium,mol_a6ed1653bde80123,train,,"[""1980MAJ/WAG""]",32.1,358.0,"RDR file 250199, CSV line 6111",quarantine_compendium_provenance,measurement_temperature_state_correction_and_independence_unverified,,,,,,,,,,,,,,,,,,
rdr250199#csvline6127,compendium,mol_8477b7b46a4f3d7e,train,,"[""1991ROZ/SAF""]",35.8,298.0,"RDR file 250199, CSV line 6127",quarantine_compendium_provenance,measurement_temperature_state_correction_and_independence_unverified,,,,,,,,,,,,,,,,,,
rdr250199#csvline6143,compendium,mol_e82f68770fb0a3fb,train,,"[""1980MAJ/WAG""]",35.7,298.0,"RDR file 250199, CSV line 6143",quarantine_compendium_provenance,measurement_temperature_state_correction_and_independence_unverified,,,,,,,,,,,,,,,,,,
rdr250199#csvline6144,compendium,mol_e82f68770fb0a3fb,train,,"[""1980MAJ/WAG""]",34.7,313.0,"RDR file 250199, CSV line 6144",quarantine_compendium_provenance,measurement_temperature_state_correction_and_independence_unverified,,,,,,,,,,,,,,,,,,
rdr250199#csvline6145,compendium,mol_e82f68770fb0a3fb,train,,"[""1980MAJ/WAG""]",33.8,328.0,"RDR file 250199, CSV line 6145",quarantine_compendium_provenance,measurement_temperature_state_correction_and_independence_unverified,,,,,,,,,,,,,,,,,,
rdr250199#csvline6146,compendium,mol_e82f68770fb0a3fb,train,,"[""1980MAJ/WAG""]",32.8,343.0,"RDR file 250199, CSV line 6146",quarantine_compendium_provenance,measurement_temperature_state_correction_and_independence_unverified,,,,,,,,,,,,,,,,,,
rdr250199#csvline6147,compendium,mol_e82f68770fb0a3fb,train,,"[""1980MAJ/WAG""]",31.7,358.0,"RDR file 250199, CSV line 6147",quarantine_compendium_provenance,measurement_temperature_state_correction_and_independence_unverified,,,,,,,,,,,,,,,,,,
rdr250199#csvline6150,compendium,mol_e82f68770fb0a3fb,train,,"[""1975AND/COU""]",34.0,324.0,"RDR file 250199, CSV line 6150",quarantine_compendium_provenance,measurement_temperature_state_correction_and_independence_unverified,,,,,,,,,,,,,,,,,,
rdr250199#csvline6151,compendium,mol_e82f68770fb0a3fb,train,,"[""1975AND/COU""]",32.8,342.0,"RDR file 250199, CSV line 6151",quarantine_compendium_provenance,measurement_temperature_state_correction_and_independence_unverified,,,,,,,,,,,,,,,,,,
rdr250199#csvline6152,compendium,mol_e82f68770fb0a3fb,train,,"[""1975AND/COU""]",31.3,363.0,"RDR file 250199, CSV line 6152",quarantine_compendium_provenance,measurement_temperature_state_correction_and_independence_unverified,,,,,,,,,,,,,,,,,,
rdr250199#csvline6163,compendium,mol_4e6567a0dc6bd494,train,,"[""1980MAJ/WAG""]",32.1,298.0,"RDR file 250199, CSV line 6163",quarantine_compendium_provenance,measurement_temperature_state_correction_and_independence_unverified,,,,,,,,,,,,,,,,,,
rdr250199#csvline6164,compendium,mol_4e6567a0dc6bd494,train,,"[""1980MAJ/WAG""]",31.1,313.0,"RDR file 250199, CSV line 6164",quarantine_compendium_provenance,measurement_temperature_state_correction_and_independence_unverified,,,,,,,,,,,,,,,,,,
rdr250199#csvline6165,compendium,mol_4e6567a0dc6bd494,train,,"[""1980MAJ/WAG""]",30.1,328.0,"RDR file 250199, CSV line 6165",quarantine_compendium_provenance,measurement_temperature_state_correction_and_independence_unverified,,,,,,,,,,,,,,,,,,
rdr250199#csvline6166,compendium,mol_4e6567a0dc6bd494,train,,"[""1980MAJ/WAG""]",29.0,343.0,"RDR file 250199, CSV line 6166",quarantine_compendium_provenance,measurement_temperature_state_correction_and_independence_unverified,,,,,,,,,,,,,,,,,,
rdr250199#csvline6167,compendium,mol_4e6567a0dc6bd494,train,,"[""1980MAJ/WAG""]",27.8,358.0,"RDR file 250199, CSV line 6167",quarantine_compendium_provenance,measurement_temperature_state_correction_and_independence_unverified,,,,,,,,,,,,,,,,,,
rdr250199#csvline6189,compendium,mol_b8293313f61ea38f,train,,"[""1985MAJ/SVO3""]",58.5,328.0,"RDR file 250199, CSV line 6189",quarantine_compendium_provenance,measurement_temperature_state_correction_and_independence_unverified,,,,,,,,,,,,,,,,,,
rdr250199#csvline6190,compendium,mol_b8293313f61ea38f,train,,"[""1985MAJ/SVO3""]",57.6,343.0,"RDR file 250199, CSV line 6190",quarantine_compendium_provenance,measurement_temperature_state_correction_and_independence_unverified,,,,,,,,,,,,,,,,,,
rdr250199#csvline6191,compendium,mol_b8293313f61ea38f,train,,"[""1985MAJ/SVO3""]",55.2,358.0,"RDR file 250199, CSV line 6191",quarantine_compendium_provenance,measurement_temperature_state_correction_and_independence_unverified,,,,,,,,,,,,,,,,,,
rdr250199#csvline6192,compendium,mol_b8293313f61ea38f,train,,"[""1985MAJ/SVO3""]",53.8,368.0,"RDR file 250199, CSV line 6192",quarantine_compendium_provenance,measurement_temperature_state_correction_and_independence_unverified,,,,,,,,,,,,,,,,,,
rdr250199#csvline6194,compendium,mol_b8293313f61ea38f,train,,"[""1977MAN/SEL""]",60.8,298.0,"RDR file 250199, CSV line 6194",quarantine_compendium_provenance,measurement_temperature_state_correction_and_independence_unverified,,,,,,,,,,,,,,,,,,
rdr250199#csvline6197,compendium,mol_b8293313f61ea38f,train,,"[""1966WAD""]",61.6,298.0,"RDR file 250199, CSV line 6197",quarantine_compendium_provenance,measurement_temperature_state_correction_and_independence_unverified,,,,,,,,,,,,,,,,,,
rdr250199#csvline6315,compendium,mol_2483b3ccb2b39f62,train,,"[""1990KNA/SAB""]",90.7,298.0,"RDR file 250199, CSV line 6315",quarantine_compendium_provenance,measurement_temperature_state_correction_and_independence_unverified,,,,,,,,,,,,,,,,,,
rdr250199#csvline6434,compendium,mol_cdea8ee7666036ab,train,,"[""1969WAD""]",40.0,298.0,"RDR file 250199, CSV line 6434",quarantine_compendium_provenance,measurement_temperature_state_correction_and_independence_unverified,,,,,,,,,,,,,,,,,,
rdr250199#csvline6436,compendium,mol_cdea8ee7666036ab,train,,"[""1901KAH""]",32.0,381.0,"RDR file 250199, CSV line 6436",quarantine_compendium_provenance,measurement_temperature_state_correction_and_independence_unverified,,,,,,,,,,,,,,,,,,
rdr250199#csvline6444,compendium,mol_784ee3742c50210b,train,,"[""1979MAJ/SVO2""]",34.8,298.0,"RDR file 250199, CSV line 6444",quarantine_compendium_provenance,measurement_temperature_state_correction_and_independence_unverified,,,,,,,,,,,,,,,,,,
rdr250199#csvline6445,compendium,mol_784ee3742c50210b,train,,"[""1979MAJ/SVO2""]",33.9,313.0,"RDR file 250199, CSV line 6445",quarantine_compendium_provenance,measurement_temperature_state_correction_and_independence_unverified,,,,,,,,,,,,,,,,,,
rdr250199#csvline6446,compendium,mol_784ee3742c50210b,train,,"[""1979MAJ/SVO2""]",33.0,328.0,"RDR file 250199, CSV line 6446",quarantine_compendium_provenance,measurement_temperature_state_correction_and_independence_unverified,,,,,,,,,,,,,,,,,,
rdr250199#csvline6447,compendium,mol_784ee3742c50210b,train,,"[""1979MAJ/SVO2""]",32.2,343.0,"RDR file 250199, CSV line 6447",quarantine_compendium_provenance,measurement_temperature_state_correction_and_independence_unverified,,,,,,,,,,,,,,,,,,
rdr250199#csvline6448,compendium,mol_784ee3742c50210b,train,,"[""1979MAJ/SVO2""]",31.3,358.0,"RDR file 250199, CSV line 6448",quarantine_compendium_provenance,measurement_temperature_state_correction_and_independence_unverified,,,,,,,,,,,,,,,,,,
rdr250199#csvline6452,compendium,mol_784ee3742c50210b,train,,"[""1969WAD""]",34.9,298.0,"RDR file 250199, CSV line 6452",quarantine_compendium_provenance,measurement_temperature_state_correction_and_independence_unverified,,,,,,,,,,,,,,,,,,
rdr250199#csvline6784,compendium,mol_9250348909aba0f8,train,,"[""1926MAT"",""2014VER/EME""]",46.1,298.0,"RDR file 250199, CSV line 6784",quarantine_compendium_provenance,measurement_temperature_state_correction_and_independence_unverified,,,,,,,,,,,,,,,,,,
rdr250199#csvline6798,compendium,mol_239cb7e490ad2a91,train,,"[""1926MAT"",""2014VER/EME""]",46.4,298.0,"RDR file 250199, CSV line 6798",quarantine_compendium_provenance,measurement_temperature_state_correction_and_independence_unverified,,,,,,,,,,,,,,,,,,
rdr250199#csvline6880,compendium,mol_f51711463f7a60d1,train,,"[""2007RIB/FRE""]",67.0,298.0,"RDR file 250199, CSV line 6880",quarantine_compendium_provenance,measurement_temperature_state_correction_and_independence_unverified,,,,,,,,,,,,,,,,,,
rdr250199#csvline6883,compendium,mol_9d47f5f4c0b23422,train,,"[""2007RIB/FRE""]",65.4,298.0,"RDR file 250199, CSV line 6883",quarantine_compendium_provenance,measurement_temperature_state_correction_and_independence_unverified,,,,,,,,,,,,,,,,,,
rdr250199#csvline6908,compendium,mol_b44b37c017007981,train,,"[""1985NAT/VIS""]",33.5,380.0,"RDR file 250199, CSV line 6908",quarantine_compendium_provenance,measurement_temperature_state_correction_and_independence_unverified,,,,,,,,,,,,,,,,,,
rdr250199#csvline6909,compendium,mol_b44b37c017007981,train,,"[""1985NAT/VIS""]",32.1,403.0,"RDR file 250199, CSV line 6909",quarantine_compendium_provenance,measurement_temperature_state_correction_and_independence_unverified,,,,,,,,,,,,,,,,,,
rdr250199#csvline6910,compendium,mol_b44b37c017007981,train,,"[""1985NAT/VIS""]",29.4,441.0,"RDR file 250199, CSV line 6910",quarantine_compendium_provenance,measurement_temperature_state_correction_and_independence_unverified,,,,,,,,,,,,,,,,,,
rdr250199#csvline6911,compendium,mol_b44b37c017007981,train,,"[""1985NAT/VIS""]",27.1,470.0,"RDR file 250199, CSV line 6911",quarantine_compendium_provenance,measurement_temperature_state_correction_and_independence_unverified,,,,,,,,,,,,,,,,,,
rdr250199#csvline6924,compendium,mol_b44b37c017007981,train,,"[""1947OSB/GIN""]",38.0,298.0,"RDR file 250199, CSV line 6924",quarantine_compendium_provenance,measurement_temperature_state_correction_and_independence_unverified,,,,,,,,,,,,,,,,,,
rdr250199#csvline6936,compendium,mol_360d41877d5341ed,train,,"[""2014SIM/AGA""]",46.4,298.0,"RDR file 250199, CSV line 6936",quarantine_compendium_provenance,measurement_temperature_state_correction_and_independence_unverified,,,,,,,,,,,,,,,,,,
rdr250199#csvline6945,compendium,mol_360d41877d5341ed,train,,"[""1975FEN/HAR""]",46.8,298.0,"RDR file 250199, CSV line 6945",quarantine_compendium_provenance,measurement_temperature_state_correction_and_independence_unverified,,,,,,,,,,,,,,,,,,
rdr250199#csvline6947,compendium,mol_360d41877d5341ed,train,,"[""1967HAL/LEE""]",42.9,367.0,"RDR file 250199, CSV line 6947",quarantine_compendium_provenance,measurement_temperature_state_correction_and_independence_unverified,,,,,,,,,,,,,,,,,,
rdr250199#csvline6948,compendium,mol_360d41877d5341ed,train,,"[""1967HAL/LEE""]",42.0,382.0,"RDR file 250199, CSV line 6948",quarantine_compendium_provenance,measurement_temperature_state_correction_and_independence_unverified,,,,,,,,,,,,,,,,,,
rdr250199#csvline6949,compendium,mol_360d41877d5341ed,train,,"[""1967HAL/LEE""]",40.5,402.0,"RDR file 250199, CSV line 6949",quarantine_compendium_provenance,measurement_temperature_state_correction_and_independence_unverified,,,,,,,,,,,,,,,,,,
rdr250199#csvline6950,compendium,mol_360d41877d5341ed,train,,"[""1967HAL/LEE""]",38.9,427.0,"RDR file 250199, CSV line 6950",quarantine_compendium_provenance,measurement_temperature_state_correction_and_independence_unverified,,,,,,,,,,,,,,,,,,
rdr250199#csvline6972,compendium,mol_b9cfbb8959e61e2d,train,,"[""2007RIC/BER""]",65.0,298.0,"RDR file 250199, CSV line 6972",quarantine_compendium_provenance,measurement_temperature_state_correction_and_independence_unverified,,,,,,,,,,,,,,,,,,
rdr250199#csvline7003,compendium,mol_c75fad41ddce441e,train,,"[""2003MAT/MIR""]",62.6,298.0,"RDR file 250199, CSV line 7003",quarantine_compendium_provenance,measurement_temperature_state_correction_and_independence_unverified,,,,,,,,,,,,,,,,,,
rdr250199#csvline7095,compendium,mol_dee0d48887c32f73,train,,"[""1985MAJ/SVO2""]",44.4,313.0,"RDR file 250199, CSV line 7095",quarantine_compendium_provenance,measurement_temperature_state_correction_and_independence_unverified,,,,,,,,,,,,,,,,,,
rdr250199#csvline7096,compendium,mol_dee0d48887c32f73,train,,"[""1985MAJ/SVO2""]",42.5,343.0,"RDR file 250199, CSV line 7096",quarantine_compendium_provenance,measurement_temperature_state_correction_and_independence_unverified,,,,,,,,,,,,,,,,,,
rdr250199#csvline7097,compendium,mol_dee0d48887c32f73,train,,"[""1985MAJ/SVO2""]",40.8,368.0,"RDR file 250199, CSV line 7097",quarantine_compendium_provenance,measurement_temperature_state_correction_and_independence_unverified,,,,,,,,,,,,,,,,,,
rdr250199#csvline7118,compendium,mol_34651b4ffde1812d,train,,"[""1985MAJ/SVO2""]",49.6,313.0,"RDR file 250199, CSV line 7118",quarantine_compendium_provenance,measurement_temperature_state_correction_and_independence_unverified,,,,,,,,,,,,,,,,,,
rdr250199#csvline7119,compendium,mol_34651b4ffde1812d,train,,"[""1985MAJ/SVO2""]",46.5,343.0,"RDR file 250199, CSV line 7119",quarantine_compendium_provenance,measurement_temperature_state_correction_and_independence_unverified,,,,,,,,,,,,,,,,,,
rdr250199#csvline7120,compendium,mol_34651b4ffde1812d,train,,"[""1985MAJ/SVO2""]",44.8,368.0,"RDR file 250199, CSV line 7120",quarantine_compendium_provenance,measurement_temperature_state_correction_and_independence_unverified,,,,,,,,,,,,,,,,,,
rdr250199#csvline7132,compendium,mol_680d2c2ef877ca4d,train,,"[""1931MAT/FEH""]",45.4,467.0,"RDR file 250199, CSV line 7132",quarantine_compendium_provenance,measurement_temperature_state_correction_and_independence_unverified,,,,,,,,,,,,,,,,,,
rdr250199#csvline7133,compendium,mol_680d2c2ef877ca4d,train,,"[""1931MAT/FEH"",""2015EME/PIM""]",58.6,298.0,"RDR file 250199, CSV line 7133",quarantine_compendium_provenance,measurement_temperature_state_correction_and_independence_unverified,,,,,,,,,,,,,,,,,,
rdr250199#csvline7280,compendium,mol_a78531f40bfa734a,test,,"[""2003ZAI/VER"",""2004PAU/ZAI""]",49.3,298.0,"RDR file 250199, CSV line 7280",quarantine_compendium_provenance,measurement_temperature_state_correction_and_independence_unverified,lineage_f4bc4084aeae7a33,,,,,,,,,,,,,,,,,
rdr250199#csvline7360,compendium,mol_256a0ea2592048b0,train,,"[""1979MAJ/SVO""]",35.4,298.0,"RDR file 250199, CSV line 7360",quarantine_compendium_provenance,measurement_temperature_state_correction_and_independence_unverified,,,,,,,,,,,,,,,,,,
rdr250199#csvline7361,compendium,mol_256a0ea2592048b0,train,,"[""1979MAJ/SVO""]",34.6,313.0,"RDR file 250199, CSV line 7361",quarantine_compendium_provenance,measurement_temperature_state_correction_and_independence_unverified,,,,,,,,,,,,,,,,,,
rdr250199#csvline7362,compendium,mol_256a0ea2592048b0,train,,"[""1979MAJ/SVO""]",33.5,333.0,"RDR file 250199, CSV line 7362",quarantine_compendium_provenance,measurement_temperature_state_correction_and_independence_unverified,,,,,,,,,,,,,,,,,,
rdr250199#csvline7363,compendium,mol_256a0ea2592048b0,train,,"[""1979MAJ/SVO""]",32.5,353.0,"RDR file 250199, CSV line 7363",quarantine_compendium_provenance,measurement_temperature_state_correction_and_independence_unverified,,,,,,,,,,,,,,,,,,
rdr250199#csvline739,compendium,mol_69df6d03bf2d6749,train,,"[""1980MAJ/SVA""]",44.7,313.0,"RDR file 250199, CSV line 739",quarantine_compendium_provenance,measurement_temperature_state_correction_and_independence_unverified,,,,,,,,,,,,,,,,,,
rdr250199#csvline740,compendium,mol_69df6d03bf2d6749,train,,"[""1980MAJ/SVA""]",43.8,328.0,"RDR file 250199, CSV line 740",quarantine_compendium_provenance,measurement_temperature_state_correction_and_independence_unverified,,,,,,,,,,,,,,,,,,
rdr250199#csvline741,compendium,mol_69df6d03bf2d6749,train,,"[""1980MAJ/SVA""]",42.8,343.0,"RDR file 250199, CSV line 741",quarantine_compendium_provenance,measurement_temperature_state_correction_and_independence_unverified,,,,,,,,,,,,,,,,,,
rdr250199#csvline742,compendium,mol_69df6d03bf2d6749,train,,"[""1980MAJ/SVA""]",41.8,358.0,"RDR file 250199, CSV line 742",quarantine_compendium_provenance,measurement_temperature_state_correction_and_independence_unverified,,,,,,,,,,,,,,,,,,
rdr250199#csvline745,compendium,mol_69df6d03bf2d6749,train,,"[""1972LAY/WAD""]",45.8,298.0,"RDR file 250199, CSV line 745",quarantine_compendium_provenance,measurement_temperature_state_correction_and_independence_unverified,,,,,,,,,,,,,,,,,,
rdr250199#csvline7517,compendium,mol_70e48880798be543,train,,"[""1981GAT/STR""]",46.1,298.0,"RDR file 250199, CSV line 7517",quarantine_compendium_provenance,measurement_temperature_state_correction_and_independence_unverified,,,,,,,,,,,,,,,,,,
rdr250199#csvline7519,compendium,mol_70e48880798be543,train,,"[""1979SUN/SVE2""]",47.2,298.0,"RDR file 250199, CSV line 7519",quarantine_compendium_provenance,measurement_temperature_state_correction_and_independence_unverified,,,,,,,,,,,,,,,,,,
rdr250199#csvline7531,compendium,mol_478c9e57637d58f1,train,,"[""1981GAT/STR""]",43.4,298.0,"RDR file 250199, CSV line 7531",quarantine_compendium_provenance,measurement_temperature_state_correction_and_independence_unverified,,,,,,,,,,,,,,,,,,
rdr250199#csvline7533,compendium,mol_478c9e57637d58f1,train,,"[""1970SEL2""]",41.6,298.0,"RDR file 250199, CSV line 7533",quarantine_compendium_provenance,measurement_temperature_state_correction_and_independence_unverified,,,,,,,,,,,,,,,,,,
rdr250199#csvline7534,compendium,mol_478c9e57637d58f1,train,,"[""1966WAD""]",41.5,298.0,"RDR file 250199, CSV line 7534",quarantine_compendium_provenance,measurement_temperature_state_correction_and_independence_unverified,,,,,,,,,,,,,,,,,,
rdr250199#csvline7554,compendium,mol_41edcf15887aae47,train,,"[""1977MAN/SEL""]",48.0,298.0,"RDR file 250199, CSV line 7554",quarantine_compendium_provenance,measurement_temperature_state_correction_and_independence_unverified,,,,,,,,,,,,,,,,,,
rdr250199#csvline7561,compendium,mol_5acfd4736e755185,train,,"[""1926MAT""]",39.1,418.0,"RDR file 250199, CSV line 7561",quarantine_compendium_provenance,measurement_temperature_state_correction_and_independence_unverified,,,,,,,,,,,,,,,,,,
rdr250199#csvline7562,compendium,mol_5acfd4736e755185,train,,"[""1926MAT"",""2012SAM/NAZ""]",48.5,298.0,"RDR file 250199, CSV line 7562",quarantine_compendium_provenance,measurement_temperature_state_correction_and_independence_unverified,,,,,,,,,,,,,,,,,,
rdr250199#csvline7676,compendium,mol_538c4f0d7c4ce97e,train,,"[""1979MAJ/SVO""]",36.6,298.0,"RDR file 250199, CSV line 7676",quarantine_compendium_provenance,measurement_temperature_state_correction_and_independence_unverified,,,,,,,,,,,,,,,,,,
rdr250199#csvline7677,compendium,mol_538c4f0d7c4ce97e,train,,"[""1979MAJ/SVO""]",35.6,313.0,"RDR file 250199, CSV line 7677",quarantine_compendium_provenance,measurement_temperature_state_correction_and_independence_unverified,,,,,,,,,,,,,,,,,,
rdr250199#csvline7678,compendium,mol_538c4f0d7c4ce97e,train,,"[""1979MAJ/SVO""]",34.4,333.0,"RDR file 250199, CSV line 7678",quarantine_compendium_provenance,measurement_temperature_state_correction_and_independence_unverified,,,,,,,,,,,,,,,,,,
rdr250199#csvline7679,compendium,mol_538c4f0d7c4ce97e,train,,"[""1979MAJ/SVO""]",33.1,353.0,"RDR file 250199, CSV line 7679",quarantine_compendium_provenance,measurement_temperature_state_correction_and_independence_unverified,,,,,,,,,,,,,,,,,,
rdr250199#csvline7685,compendium,mol_538c4f0d7c4ce97e,train,,"[""1947WAD/TOD""]",34.5,331.0,"RDR file 250199, CSV line 7685",quarantine_compendium_provenance,measurement_temperature_state_correction_and_independence_unverified,,,,,,,,,,,,,,,,,,
rdr250199#csvline7686,compendium,mol_538c4f0d7c4ce97e,train,,"[""1947WAD/TOD""]",33.2,350.0,"RDR file 250199, CSV line 7686",quarantine_compendium_provenance,measurement_temperature_state_correction_and_independence_unverified,,,,,,,,,,,,,,,,,,
rdr250199#csvline7689,compendium,mol_538c4f0d7c4ce97e,train,,"[""1940PIT""]",32.0,371.0,"RDR file 250199, CSV line 7689",quarantine_compendium_provenance,measurement_temperature_state_correction_and_independence_unverified,,,,,,,,,,,,,,,,,,
rdr250199#csvline7767,compendium,mol_5e0efb61904c3869,train,,"[""2002VAR/PAS""]",38.2,298.0,"RDR file 250199, CSV line 7767",quarantine_compendium_provenance,measurement_temperature_state_correction_and_independence_unverified,,,,,,,,,,,,,,,,,,
rdr250199#csvline7784,compendium,mol_e687bcf74e76aad5,train,,"[""1977MAN/SEL""]",66.8,298.0,"RDR file 250199, CSV line 7784",quarantine_compendium_provenance,measurement_temperature_state_correction_and_independence_unverified,,,,,,,,,,,,,,,,,,
rdr250199#csvline7841,compendium,mol_ecea6633cd348403,train,,"[""1985MAR/MAN""]",47.8,298.0,"RDR file 250199, CSV line 7841",quarantine_compendium_provenance,measurement_temperature_state_correction_and_independence_unverified,,,,,,,,,,,,,,,,,,
rdr250199#csvline7867,compendium,mol_7e0d1a628651aee9,train,,"[""1969WAD""]",50.0,298.0,"RDR file 250199, CSV line 7867",quarantine_compendium_provenance,measurement_temperature_state_correction_and_independence_unverified,,,,,,,,,,,,,,,,,,
rdr250199#csvline7909,compendium,mol_517756553f493ba0,train,,"[""1981VAR/BUL""]",41.1,298.0,"RDR file 250199, CSV line 7909",quarantine_compendium_provenance,measurement_temperature_state_correction_and_independence_unverified,,,,,,,,,,,,,,,,,,
rdr250199#csvline796,compendium,mol_f45d44d06aa6449e,train,,"[""1980MAJ/SVA""]",32.5,298.0,"RDR file 250199, CSV line 796",quarantine_compendium_provenance,measurement_temperature_state_correction_and_independence_unverified,,,,,,,,,,,,,,,,,,
rdr250199#csvline797,compendium,mol_f45d44d06aa6449e,train,,"[""1980MAJ/SVA""]",31.8,313.0,"RDR file 250199, CSV line 797",quarantine_compendium_provenance,measurement_temperature_state_correction_and_independence_unverified,,,,,,,,,,,,,,,,,,
rdr250199#csvline798,compendium,mol_f45d44d06aa6449e,train,,"[""1980MAJ/SVA""]",30.9,328.0,"RDR file 250199, CSV line 798",quarantine_compendium_provenance,measurement_temperature_state_correction_and_independence_unverified,,,,,,,,,,,,,,,,,,
rdr250199#csvline799,compendium,mol_f45d44d06aa6449e,train,,"[""1980MAJ/SVA""]",30.1,343.0,"RDR file 250199, CSV line 799",quarantine_compendium_provenance,measurement_temperature_state_correction_and_independence_unverified,,,,,,,,,,,,,,,,,,
rdr250199#csvline800,compendium,mol_f45d44d06aa6449e,train,,"[""1980MAJ/SVA""]",29.2,358.0,"RDR file 250199, CSV line 800",quarantine_compendium_provenance,measurement_temperature_state_correction_and_independence_unverified,,,,,,,,,,,,,,,,,,
rdr250199#csvline804,compendium,mol_f45d44d06aa6449e,train,,"[""1973AND/COU""]",31.5,315.0,"RDR file 250199, CSV line 804",quarantine_compendium_provenance,measurement_temperature_state_correction_and_independence_unverified,,,,,,,,,,,,,,,,,,
rdr250199#csvline805,compendium,mol_f45d44d06aa6449e,train,,"[""1973AND/COU""]",30.4,335.0,"RDR file 250199, CSV line 805",quarantine_compendium_provenance,measurement_temperature_state_correction_and_independence_unverified,,,,,,,,,,,,,,,,,,
rdr250199#csvline806,compendium,mol_f45d44d06aa6449e,train,,"[""1973AND/COU""]",29.7,347.0,"RDR file 250199, CSV line 806",quarantine_compendium_provenance,measurement_temperature_state_correction_and_independence_unverified,,,,,,,,,,,,,,,,,,
rdr250199#csvline807,compendium,mol_f45d44d06aa6449e,train,,"[""1971MAN/RIN"",""1972LAY/WAD""]",32.5,298.0,"RDR file 250199, CSV line 807",quarantine_compendium_provenance,measurement_temperature_state_correction_and_independence_unverified,,,,,,,,,,,,,,,,,,
rdr250199#csvline810,compendium,mol_f45d44d06aa6449e,train,,"[""1944RUB/LEV""]",33.4,284.0,"RDR file 250199, CSV line 810",quarantine_compendium_provenance,measurement_temperature_state_correction_and_independence_unverified,,,,,,,,,,,,,,,,,,
rdr250199#csvline8244,compendium,mol_af4829eb52c939fe,train,,"[""1947OSB/GIN""]",43.4,298.0,"RDR file 250199, CSV line 8244",quarantine_compendium_provenance,measurement_temperature_state_correction_and_independence_unverified,,,,,,,,,,,,,,,,,,
rdr250199#csvline8257,compendium,mol_d40206d67276aa8c,train,,"[""1947OSB/GIN""]",42.7,298.0,"RDR file 250199, CSV line 8257",quarantine_compendium_provenance,measurement_temperature_state_correction_and_independence_unverified,,,,,,,,,,,,,,,,,,
rdr250199#csvline8268,compendium,mol_eb0e7cd1593e34a5,train,,"[""1985NAT/VIS""]",36.0,411.0,"RDR file 250199, CSV line 8268",quarantine_compendium_provenance,measurement_temperature_state_correction_and_independence_unverified,,,,,,,,,,,,,,,,,,
rdr250199#csvline8269,compendium,mol_eb0e7cd1593e34a5,train,,"[""1985NAT/VIS""]",34.5,436.0,"RDR file 250199, CSV line 8269",quarantine_compendium_provenance,measurement_temperature_state_correction_and_independence_unverified,,,,,,,,,,,,,,,,,,
rdr250199#csvline8270,compendium,mol_eb0e7cd1593e34a5,train,,"[""1985NAT/VIS""]",30.5,484.0,"RDR file 250199, CSV line 8270",quarantine_compendium_provenance,measurement_temperature_state_correction_and_independence_unverified,,,,,,,,,,,,,,,,,,
rdr250199#csvline8273,compendium,mol_eb0e7cd1593e34a5,train,,"[""1981HOS/SCO3""]",39.6,348.0,"RDR file 250199, CSV line 8273",quarantine_compendium_provenance,measurement_temperature_state_correction_and_independence_unverified,,,,,,,,,,,,,,,,,,
rdr250199#csvline8274,compendium,mol_eb0e7cd1593e34a5,train,,"[""1981HOS/SCO3""]",38.5,366.0,"RDR file 250199, CSV line 8274",quarantine_compendium_provenance,measurement_temperature_state_correction_and_independence_unverified,,,,,,,,,,,,,,,,,,
rdr250199#csvline8275,compendium,mol_eb0e7cd1593e34a5,train,,"[""1981HOS/SCO3""]",37.2,387.0,"RDR file 250199, CSV line 8275",quarantine_compendium_provenance,measurement_temperature_state_correction_and_independence_unverified,,,,,,,,,,,,,,,,,,
rdr250199#csvline8276,compendium,mol_eb0e7cd1593e34a5,train,,"[""1981HOS/SCO3""]",34.6,427.0,"RDR file 250199, CSV line 8276",quarantine_compendium_provenance,measurement_temperature_state_correction_and_independence_unverified,,,,,,,,,,,,,,,,,,
rdr250199#csvline8277,compendium,mol_eb0e7cd1593e34a5,train,,"[""1981HOS/SCO3""]",33.8,439.0,"RDR file 250199, CSV line 8277",quarantine_compendium_provenance,measurement_temperature_state_correction_and_independence_unverified,,,,,,,,,,,,,,,,,,
rdr250199#csvline8278,compendium,mol_eb0e7cd1593e34a5,train,,"[""1981HOS/SCO3""]",42.3,298.0,"RDR file 250199, CSV line 8278",quarantine_compendium_provenance,measurement_temperature_state_correction_and_independence_unverified,,,,,,,,,,,,,,,,,,
rdr250199#csvline8284,compendium,mol_eb0e7cd1593e34a5,train,,"[""1947OSB/GIN""]",42.4,298.0,"RDR file 250199, CSV line 8284",quarantine_compendium_provenance,measurement_temperature_state_correction_and_independence_unverified,,,,,,,,,,,,,,,,,,
rdr250199#csvline8293,compendium,mol_b94bab3d5b62c755,train,,"[""1982SVO/CHA""]",40.5,328.0,"RDR file 250199, CSV line 8293",quarantine_compendium_provenance,measurement_temperature_state_correction_and_independence_unverified,,,,,,,,,,,,,,,,,,
rdr250199#csvline8294,compendium,mol_b94bab3d5b62c755,train,,"[""1982SVO/CHA""]",39.5,343.0,"RDR file 250199, CSV line 8294",quarantine_compendium_provenance,measurement_temperature_state_correction_and_independence_unverified,,,,,,,,,,,,,,,,,,
rdr250199#csvline8295,compendium,mol_b94bab3d5b62c755,train,,"[""1982SVO/CHA""]",38.6,358.0,"RDR file 250199, CSV line 8295",quarantine_compendium_provenance,measurement_temperature_state_correction_and_independence_unverified,,,,,,,,,,,,,,,,,,
rdr250199#csvline8296,compendium,mol_b94bab3d5b62c755,train,,"[""1981HOS/SCO3""]",39.4,346.0,"RDR file 250199, CSV line 8296",quarantine_compendium_provenance,measurement_temperature_state_correction_and_independence_unverified,,,,,,,,,,,,,,,,,,
rdr250199#csvline8297,compendium,mol_b94bab3d5b62c755,train,,"[""1981HOS/SCO3""]",38.4,354.0,"RDR file 250199, CSV line 8297",quarantine_compendium_provenance,measurement_temperature_state_correction_and_independence_unverified,,,,,,,,,,,,,,,,,,
rdr250199#csvline8298,compendium,mol_b94bab3d5b62c755,train,,"[""1981HOS/SCO3""]",37.7,376.0,"RDR file 250199, CSV line 8298",quarantine_compendium_provenance,measurement_temperature_state_correction_and_independence_unverified,,,,,,,,,,,,,,,,,,
rdr250199#csvline8299,compendium,mol_b94bab3d5b62c755,train,,"[""1981HOS/SCO3""]",36.3,399.0,"RDR file 250199, CSV line 8299",quarantine_compendium_provenance,measurement_temperature_state_correction_and_independence_unverified,,,,,,,,,,,,,,,,,,
rdr250199#csvline8300,compendium,mol_b94bab3d5b62c755,train,,"[""1981HOS/SCO3""]",34.5,425.0,"RDR file 250199, CSV line 8300",quarantine_compendium_provenance,measurement_temperature_state_correction_and_independence_unverified,,,,,,,,,,,,,,,,,,
rdr250199#csvline8301,compendium,mol_b94bab3d5b62c755,train,,"[""1981HOS/SCO3""]",42.4,298.0,"RDR file 250199, CSV line 8301",quarantine_compendium_provenance,measurement_temperature_state_correction_and_independence_unverified,,,,,,,,,,,,,,,,,,
rdr250199#csvline8303,compendium,mol_b94bab3d5b62c755,train,,"[""1947OSB/GIN""]",42.2,298.0,"RDR file 250199, CSV line 8303",quarantine_compendium_provenance,measurement_temperature_state_correction_and_independence_unverified,,,,,,,,,,,,,,,,,,
rdr250199#csvline8386,compendium,mol_4ed4476039d60934,train,,"[""2000MAT/MIR""]",68.1,298.0,"RDR file 250199, CSV line 8386",quarantine_compendium_provenance,measurement_temperature_state_correction_and_independence_unverified,,,,,,,,,,,,,,,,,,
rdr250199#csvline8422,compendium,mol_6fbb7c525fc1c495,train,,"[""1982FUR/SAK""]",52.8,298.0,"RDR file 250199, CSV line 8422",quarantine_compendium_provenance,measurement_temperature_state_correction_and_independence_unverified,,,,,,,,,,,,,,,,,,
rdr250199#csvline8559,compendium,mol_ad64c2cfe3c93488,test,,"[""2003ZAI/VER"",""2004PAU/ZAI""]",52.3,298.0,"RDR file 250199, CSV line 8559",quarantine_compendium_provenance,measurement_temperature_state_correction_and_independence_unverified,lineage_e315ce2beedff1d3,,,,,,,,,,,,,,,,,
rdr250199#csvline860,compendium,mol_f485c31dbb304f3b,train,,"[""1970HOW/WAD""]",32.9,298.0,"RDR file 250199, CSV line 860",quarantine_compendium_provenance,measurement_temperature_state_correction_and_independence_unverified,,,,,,,,,,,,,,,,,,
rdr250199#csvline8620,compendium,mol_ea37acee7bc3d9f6,train,,"[""1977STRI/SUN""]",56.8,298.0,"RDR file 250199, CSV line 8620",quarantine_compendium_provenance,measurement_temperature_state_correction_and_independence_unverified,,,,,,,,,,,,,,,,,,
rdr250199#csvline863,compendium,mol_f485c31dbb304f3b,train,,"[""1965PUT/MCE""]",33.3,298.0,"RDR file 250199, CSV line 863",quarantine_compendium_provenance,measurement_temperature_state_correction_and_independence_unverified,,,,,,,,,,,,,,,,,,
rdr250199#csvline864,compendium,mol_f485c31dbb304f3b,train,,"[""1950IWA"",""1970HOW/WAD""]",32.9,298.0,"RDR file 250199, CSV line 864",quarantine_compendium_provenance,measurement_temperature_state_correction_and_independence_unverified,,,,,,,,,,,,,,,,,,
rdr250199#csvline866,compendium,mol_f485c31dbb304f3b,train,,"[""1901KAH2""]",31.1,387.0,"RDR file 250199, CSV line 866",quarantine_compendium_provenance,measurement_temperature_state_correction_and_independence_unverified,,,,,,,,,,,,,,,,,,
rdr250199#csvline8692,compendium,mol_03247da988422eaf,train,,"[""1981SVO/CHA""]",39.8,313.0,"RDR file 250199, CSV line 8692",quarantine_compendium_provenance,measurement_temperature_state_correction_and_independence_unverified,,,,,,,,,,,,,,,,,,
rdr250199#csvline8693,compendium,mol_03247da988422eaf,train,,"[""1981SVO/CHA""]",38.9,328.0,"RDR file 250199, CSV line 8693",quarantine_compendium_provenance,measurement_temperature_state_correction_and_independence_unverified,,,,,,,,,,,,,,,,,,
rdr250199#csvline8694,compendium,mol_03247da988422eaf,train,,"[""1981SVO/CHA""]",37.9,343.0,"RDR file 250199, CSV line 8694",quarantine_compendium_provenance,measurement_temperature_state_correction_and_independence_unverified,,,,,,,,,,,,,,,,,,
rdr250199#csvline8695,compendium,mol_03247da988422eaf,train,,"[""1981SVO/CHA""]",37.0,358.0,"RDR file 250199, CSV line 8695",quarantine_compendium_provenance,measurement_temperature_state_correction_and_independence_unverified,,,,,,,,,,,,,,,,,,
rdr250199#csvline8696,compendium,mol_03247da988422eaf,train,,"[""1981SVO/CHA""]",36.3,368.0,"RDR file 250199, CSV line 8696",quarantine_compendium_provenance,measurement_temperature_state_correction_and_independence_unverified,,,,,,,,,,,,,,,,,,
rdr250199#csvline87,compendium,mol_c555c47fe3d2bf7e,train,,"[""1980MAJ/SVA""]",32.4,298.0,"RDR file 250199, CSV line 87",quarantine_compendium_provenance,measurement_temperature_state_correction_and_independence_unverified,,,,,,,,,,,,,,,,,,
rdr250199#csvline8700,compendium,mol_03247da988422eaf,train,,"[""1947OSB/GIN""]",40.5,298.0,"RDR file 250199, CSV line 8700",quarantine_compendium_provenance,measurement_temperature_state_correction_and_independence_unverified,,,,,,,,,,,,,,,,,,
rdr250199#csvline8723,compendium,mol_c24403b08adc6841,train,,"[""1982SVO/CHA""]",39.5,313.0,"RDR file 250199, CSV line 8723",quarantine_compendium_provenance,measurement_temperature_state_correction_and_independence_unverified,,,,,,,,,,,,,,,,,,
rdr250199#csvline8724,compendium,mol_c24403b08adc6841,train,,"[""1982SVO/CHA""]",38.6,328.0,"RDR file 250199, CSV line 8724",quarantine_compendium_provenance,measurement_temperature_state_correction_and_independence_unverified,,,,,,,,,,,,,,,,,,
rdr250199#csvline8725,compendium,mol_c24403b08adc6841,train,,"[""1982SVO/CHA""]",37.6,343.0,"RDR file 250199, CSV line 8725",quarantine_compendium_provenance,measurement_temperature_state_correction_and_independence_unverified,,,,,,,,,,,,,,,,,,
rdr250199#csvline8726,compendium,mol_c24403b08adc6841,train,,"[""1982SVO/CHA""]",36.6,358.0,"RDR file 250199, CSV line 8726",quarantine_compendium_provenance,measurement_temperature_state_correction_and_independence_unverified,,,,,,,,,,,,,,,,,,
rdr250199#csvline8727,compendium,mol_c24403b08adc6841,train,,"[""1982SVO/CHA""]",35.8,368.0,"RDR file 250199, CSV line 8727",quarantine_compendium_provenance,measurement_temperature_state_correction_and_independence_unverified,,,,,,,,,,,,,,,,,,
rdr250199#csvline8730,compendium,mol_c24403b08adc6841,train,,"[""1977MAN/SEL""]",40.3,298.0,"RDR file 250199, CSV line 8730",quarantine_compendium_provenance,measurement_temperature_state_correction_and_independence_unverified,,,,,,,,,,,,,,,,,,
rdr250199#csvline88,compendium,mol_c555c47fe3d2bf7e,train,,"[""1980MAJ/SVA""]",31.7,313.0,"RDR file 250199, CSV line 88",quarantine_compendium_provenance,measurement_temperature_state_correction_and_independence_unverified,,,,,,,,,,,,,,,,,,
rdr250199#csvline888,compendium,mol_3b77e9f37a5881a9,train,,"[""1992SVO/KUB2""]",37.6,308.0,"RDR file 250199, CSV line 888",quarantine_compendium_provenance,measurement_temperature_state_correction_and_independence_unverified,,,,,,,,,,,,,,,,,,
rdr250199#csvline8888,compendium,mol_8b8ce5ecf64b8081,train,,"[""1986NIL/WAD""]",51.7,298.0,"RDR file 250199, CSV line 8888",quarantine_compendium_provenance,measurement_temperature_state_correction_and_independence_unverified,,,,,,,,,,,,,,,,,,
rdr250199#csvline889,compendium,mol_3b77e9f37a5881a9,train,,"[""1992SVO/KUB2""]",37.3,315.0,"RDR file 250199, CSV line 889",quarantine_compendium_provenance,measurement_temperature_state_correction_and_independence_unverified,,,,,,,,,,,,,,,,,,
rdr250199#csvline89,compendium,mol_c555c47fe3d2bf7e,train,,"[""1980MAJ/SVA""]",30.9,328.0,"RDR file 250199, CSV line 89",quarantine_compendium_provenance,measurement_temperature_state_correction_and_independence_unverified,,,,,,,,,,,,,,,,,,
rdr250199#csvline890,compendium,mol_3b77e9f37a5881a9,train,,"[""1992SVO/KUB2""]",36.9,323.0,"RDR file 250199, CSV line 890",quarantine_compendium_provenance,measurement_temperature_state_correction_and_independence_unverified,,,,,,,,,,,,,,,,,,
rdr250199#csvline891,compendium,mol_3b77e9f37a5881a9,train,,"[""1992SVO/KUB2""]",36.6,330.0,"RDR file 250199, CSV line 891",quarantine_compendium_provenance,measurement_temperature_state_correction_and_independence_unverified,,,,,,,,,,,,,,,,,,
rdr250199#csvline8913,compendium,mol_4ffa7abfb5a2e402,train,,"[""1980FUC/PEA""]",53.1,298.0,"RDR file 250199, CSV line 8913",quarantine_compendium_provenance,measurement_temperature_state_correction_and_independence_unverified,,,,,,,,,,,,,,,,,,
rdr250199#csvline8914,compendium,mol_4ffa7abfb5a2e402,train,,"[""1977MAN/SEL""]",51.6,298.0,"RDR file 250199, CSV line 8914",quarantine_compendium_provenance,measurement_temperature_state_correction_and_independence_unverified,,,,,,,,,,,,,,,,,,
rdr250199#csvline892,compendium,mol_3b77e9f37a5881a9,train,,"[""1992SVO/KUB2""]",36.4,338.0,"RDR file 250199, CSV line 892",quarantine_compendium_provenance,measurement_temperature_state_correction_and_independence_unverified,,,,,,,,,,,,,,,,,,
rdr250199#csvline8926,compendium,mol_f4140df6fa2e15f2,train,,"[""1970KUS/WAD""]",59.5,298.0,"RDR file 250199, CSV line 8926",quarantine_compendium_provenance,measurement_temperature_state_correction_and_independence_unverified,,,,,,,,,,,,,,,,,,
rdr250199#csvline90,compendium,mol_c555c47fe3d2bf7e,train,,"[""1980MAJ/SVA""]",30.1,343.0,"RDR file 250199, CSV line 90",quarantine_compendium_provenance,measurement_temperature_state_correction_and_independence_unverified,,,,,,,,,,,,,,,,,,
rdr250199#csvline9027,compendium,mol_913f04ec4de50c29,train,,"[""1981HOS/SCO2""]",41.5,298.0,"RDR file 250199, CSV line 9027",quarantine_compendium_provenance,measurement_temperature_state_correction_and_independence_unverified,,,,,,,,,,,,,,,,,,
rdr250199#csvline9028,compendium,mol_913f04ec4de50c29,train,,"[""1979MAJ/SVO""]",41.5,298.0,"RDR file 250199, CSV line 9028",quarantine_compendium_provenance,measurement_temperature_state_correction_and_independence_unverified,,,,,,,,,,,,,,,,,,
rdr250199#csvline9029,compendium,mol_913f04ec4de50c29,train,,"[""1979MAJ/SVO""]",40.5,313.0,"RDR file 250199, CSV line 9029",quarantine_compendium_provenance,measurement_temperature_state_correction_and_independence_unverified,,,,,,,,,,,,,,,,,,
rdr250199#csvline9030,compendium,mol_913f04ec4de50c29,train,,"[""1979MAJ/SVO""]",39.1,333.0,"RDR file 250199, CSV line 9030",quarantine_compendium_provenance,measurement_temperature_state_correction_and_independence_unverified,,,,,,,,,,,,,,,,,,
rdr250199#csvline9031,compendium,mol_913f04ec4de50c29,train,,"[""1979MAJ/SVO""]",37.8,353.0,"RDR file 250199, CSV line 9031",quarantine_compendium_provenance,measurement_temperature_state_correction_and_independence_unverified,,,,,,,,,,,,,,,,,,
rdr250199#csvline9034,compendium,mol_913f04ec4de50c29,train,,"[""1963MOR/SUN""]",41.0,298.0,"RDR file 250199, CSV line 9034",quarantine_compendium_provenance,measurement_temperature_state_correction_and_independence_unverified,,,,,,,,,,,,,,,,,,
rdr250199#csvline9035,compendium,mol_913f04ec4de50c29,train,,"[""1960MCK/SAG""]",38.0,311.0,"RDR file 250199, CSV line 9035",quarantine_compendium_provenance,measurement_temperature_state_correction_and_independence_unverified,,,,,,,,,,,,,,,,,,
rdr250199#csvline9036,compendium,mol_913f04ec4de50c29,train,,"[""1960MCK/SAG""]",36.7,328.0,"RDR file 250199, CSV line 9036",quarantine_compendium_provenance,measurement_temperature_state_correction_and_independence_unverified,,,,,,,,,,,,,,,,,,
rdr250199#csvline9037,compendium,mol_913f04ec4de50c29,train,,"[""1960MCK/SAG""]",35.4,344.0,"RDR file 250199, CSV line 9037",quarantine_compendium_provenance,measurement_temperature_state_correction_and_independence_unverified,,,,,,,,,,,,,,,,,,
rdr250199#csvline9038,compendium,mol_913f04ec4de50c29,train,,"[""1947OSB/GIN""]",41.5,298.0,"RDR file 250199, CSV line 9038",quarantine_compendium_provenance,measurement_temperature_state_correction_and_independence_unverified,,,,,,,,,,,,,,,,,,
rdr250199#csvline9058,compendium,mol_d395bc83f11503fd,train,,"[""1982SVO/CHA""]",35.2,298.0,"RDR file 250199, CSV line 9058",quarantine_compendium_provenance,measurement_temperature_state_correction_and_independence_unverified,,,,,,,,,,,,,,,,,,
rdr250199#csvline9059,compendium,mol_d395bc83f11503fd,train,,"[""1982SVO/CHA""]",34.4,313.0,"RDR file 250199, CSV line 9059",quarantine_compendium_provenance,measurement_temperature_state_correction_and_independence_unverified,,,,,,,,,,,,,,,,,,
rdr250199#csvline9060,compendium,mol_d395bc83f11503fd,train,,"[""1982SVO/CHA""]",33.4,328.0,"RDR file 250199, CSV line 9060",quarantine_compendium_provenance,measurement_temperature_state_correction_and_independence_unverified,,,,,,,,,,,,,,,,,,
rdr250199#csvline9061,compendium,mol_d395bc83f11503fd,train,,"[""1982SVO/CHA""]",32.6,343.0,"RDR file 250199, CSV line 9061",quarantine_compendium_provenance,measurement_temperature_state_correction_and_independence_unverified,,,,,,,,,,,,,,,,,,
rdr250199#csvline9062,compendium,mol_d395bc83f11503fd,train,,"[""1982SVO/CHA""]",31.7,358.0,"RDR file 250199, CSV line 9062",quarantine_compendium_provenance,measurement_temperature_state_correction_and_independence_unverified,,,,,,,,,,,,,,,,,,
rdr250199#csvline9063,compendium,mol_d395bc83f11503fd,train,,"[""1982SVO/CHA""]",31.0,368.0,"RDR file 250199, CSV line 9063",quarantine_compendium_provenance,measurement_temperature_state_correction_and_independence_unverified,,,,,,,,,,,,,,,,,,
rdr250199#csvline9064,compendium,mol_d395bc83f11503fd,train,,"[""1979MAJ/SVO""]",35.1,298.0,"RDR file 250199, CSV line 9064",quarantine_compendium_provenance,measurement_temperature_state_correction_and_independence_unverified,,,,,,,,,,,,,,,,,,
rdr250199#csvline9065,compendium,mol_d395bc83f11503fd,train,,"[""1979MAJ/SVO""]",34.3,313.0,"RDR file 250199, CSV line 9065",quarantine_compendium_provenance,measurement_temperature_state_correction_and_independence_unverified,,,,,,,,,,,,,,,,,,
rdr250199#csvline9066,compendium,mol_d395bc83f11503fd,train,,"[""1979MAJ/SVO""]",33.2,333.0,"RDR file 250199, CSV line 9066",quarantine_compendium_provenance,measurement_temperature_state_correction_and_independence_unverified,,,,,,,,,,,,,,,,,,
rdr250199#csvline9067,compendium,mol_d395bc83f11503fd,train,,"[""1979MAJ/SVO""]",32.0,353.0,"RDR file 250199, CSV line 9067",quarantine_compendium_provenance,measurement_temperature_state_correction_and_independence_unverified,,,,,,,,,,,,,,,,,,
rdr250199#csvline9070,compendium,mol_d395bc83f11503fd,train,,"[""1947OSB/GIN""]",35.1,298.0,"RDR file 250199, CSV line 9070",quarantine_compendium_provenance,measurement_temperature_state_correction_and_independence_unverified,,,,,,,,,,,,,,,,,,
rdr250199#csvline9072,compendium,mol_d395bc83f11503fd,train,,"[""1940PIT""]",31.0,371.0,"RDR file 250199, CSV line 9072",quarantine_compendium_provenance,measurement_temperature_state_correction_and_independence_unverified,,,,,,,,,,,,,,,,,,
rdr250199#csvline91,compendium,mol_c555c47fe3d2bf7e,train,,"[""1980MAJ/SVA""]",29.4,358.0,"RDR file 250199, CSV line 91",quarantine_compendium_provenance,measurement_temperature_state_correction_and_independence_unverified,,,,,,,,,,,,,,,,,,
rdr250199#csvline9112,compendium,mol_13ff42623f3cf866,train,,"[""2002VAR/AIT""]",39.2,298.0,"RDR file 250199, CSV line 9112",quarantine_compendium_provenance,measurement_temperature_state_correction_and_independence_unverified,,,,,,,,,,,,,,,,,,
rdr250199#csvline9114,compendium,mol_13ff42623f3cf866,train,,"[""1991SHA/MIS""]",40.1,298.0,"RDR file 250199, CSV line 9114",quarantine_compendium_provenance,measurement_temperature_state_correction_and_independence_unverified,,,,,,,,,,,,,,,,,,
rdr250199#csvline9120,compendium,mol_6a1b88d7d4729d66,train,,"[""1982FUC/PEA""]",44.7,298.0,"RDR file 250199, CSV line 9120",quarantine_compendium_provenance,measurement_temperature_state_correction_and_independence_unverified,,,,,,,,,,,,,,,,,,
rdr250199#csvline9121,compendium,mol_6a1b88d7d4729d66,train,,"[""1980MAJ/WAG""]",45.0,298.0,"RDR file 250199, CSV line 9121",quarantine_compendium_provenance,measurement_temperature_state_correction_and_independence_unverified,,,,,,,,,,,,,,,,,,
rdr250199#csvline9122,compendium,mol_6a1b88d7d4729d66,train,,"[""1980MAJ/WAG""]",43.9,313.0,"RDR file 250199, CSV line 9122",quarantine_compendium_provenance,measurement_temperature_state_correction_and_independence_unverified,,,,,,,,,,,,,,,,,,
rdr250199#csvline9123,compendium,mol_6a1b88d7d4729d66,train,,"[""1980MAJ/WAG""]",42.9,328.0,"RDR file 250199, CSV line 9123",quarantine_compendium_provenance,measurement_temperature_state_correction_and_independence_unverified,,,,,,,,,,,,,,,,,,
rdr250199#csvline9124,compendium,mol_6a1b88d7d4729d66,train,,"[""1980MAJ/WAG""]",41.9,343.0,"RDR file 250199, CSV line 9124",quarantine_compendium_provenance,measurement_temperature_state_correction_and_independence_unverified,,,,,,,,,,,,,,,,,,
rdr250199#csvline9125,compendium,mol_6a1b88d7d4729d66,train,,"[""1980MAJ/WAG""]",40.7,358.0,"RDR file 250199, CSV line 9125",quarantine_compendium_provenance,measurement_temperature_state_correction_and_independence_unverified,,,,,,,,,,,,,,,,,,
rdr250199#csvline9182,compendium,mol_a39fe39f3d910b4e,train,,"[""1977MAN/SEL""]",71.0,298.0,"RDR file 250199, CSV line 9182",quarantine_compendium_provenance,measurement_temperature_state_correction_and_independence_unverified,,,,,,,,,,,,,,,,,,
rdr250199#csvline92,compendium,mol_c555c47fe3d2bf7e,train,,"[""1973KON""]",32.5,298.0,"RDR file 250199, CSV line 92",quarantine_compendium_provenance,measurement_temperature_state_correction_and_independence_unverified,,,,,,,,,,,,,,,,,,
rdr250199#csvline921,compendium,mol_77bbf943053f2531,train,,"[""1989AN/HU""]",35.1,298.0,"RDR file 250199, CSV line 921",quarantine_compendium_provenance,measurement_temperature_state_correction_and_independence_unverified,,,,,,,,,,,,,,,,,,
rdr250199#csvline927,compendium,mol_77bbf943053f2531,train,,"[""1980MAJ/SVA""]",35.2,298.0,"RDR file 250199, CSV line 927",quarantine_compendium_provenance,measurement_temperature_state_correction_and_independence_unverified,,,,,,,,,,,,,,,,,,
rdr250199#csvline928,compendium,mol_77bbf943053f2531,train,,"[""1980MAJ/SVA""]",34.4,313.0,"RDR file 250199, CSV line 928",quarantine_compendium_provenance,measurement_temperature_state_correction_and_independence_unverified,,,,,,,,,,,,,,,,,,
rdr250199#csvline929,compendium,mol_77bbf943053f2531,train,,"[""1980MAJ/SVA""]",33.6,328.0,"RDR file 250199, CSV line 929",quarantine_compendium_provenance,measurement_temperature_state_correction_and_independence_unverified,,,,,,,,,,,,,,,,,,
rdr250199#csvline930,compendium,mol_77bbf943053f2531,train,,"[""1980MAJ/SVA""]",32.7,343.0,"RDR file 250199, CSV line 930",quarantine_compendium_provenance,measurement_temperature_state_correction_and_independence_unverified,,,,,,,,,,,,,,,,,,
rdr250199#csvline931,compendium,mol_77bbf943053f2531,train,,"[""1980MAJ/SVA""]",31.9,358.0,"RDR file 250199, CSV line 931",quarantine_compendium_provenance,measurement_temperature_state_correction_and_independence_unverified,,,,,,,,,,,,,,,,,,
rdr250199#csvline933,compendium,mol_77bbf943053f2531,train,,"[""1968WAD""]",35.1,298.0,"RDR file 250199, CSV line 933",quarantine_compendium_provenance,measurement_temperature_state_correction_and_independence_unverified,,,,,,,,,,,,,,,,,,
rdr250199#csvline936,compendium,mol_77bbf943053f2531,train,,"[""1926MAT""]",32.0,355.0,"RDR file 250199, CSV line 936",quarantine_compendium_provenance,measurement_temperature_state_correction_and_independence_unverified,,,,,,,,,,,,,,,,,,
rdr250199#csvline9381,compendium,mol_ed685a6001d3930a,validation,,"[""2000RIB/RIB2""]",70.2,298.0,"RDR file 250199, CSV line 9381",quarantine_compendium_provenance,measurement_temperature_state_correction_and_independence_unverified,,,,,,,,,,,,,,,,,,
rdr250199#csvline9383,compendium,mol_354c60c5de252d85,validation,,"[""2000RIB/RIB2""]",84.6,298.0,"RDR file 250199, CSV line 9383",quarantine_compendium_provenance,measurement_temperature_state_correction_and_independence_unverified,,,,,,,,,,,,,,,,,,
rdr250199#csvline9395,compendium,mol_4b404db342a0b6d3,validation,,"[""2009RIB/CAB2""]",62.2,298.0,"RDR file 250199, CSV line 9395",quarantine_compendium_provenance,measurement_temperature_state_correction_and_independence_unverified,,,,,,,,,,,,,,,,,,
rdr250199#csvline94,compendium,mol_c555c47fe3d2bf7e,train,,"[""1966WAD2""]",32.4,298.0,"RDR file 250199, CSV line 94",quarantine_compendium_provenance,measurement_temperature_state_correction_and_independence_unverified,,,,,,,,,,,,,,,,,,
rdr250199#csvline9409,compendium,mol_84afa114cb8b9453,train,,"[""1981HOS/SCO3""]",43.9,382.0,"RDR file 250199, CSV line 9409",quarantine_compendium_provenance,measurement_temperature_state_correction_and_independence_unverified,,,,,,,,,,,,,,,,,,
rdr250199#csvline9410,compendium,mol_84afa114cb8b9453,train,,"[""1981HOS/SCO3""]",41.9,415.0,"RDR file 250199, CSV line 9410",quarantine_compendium_provenance,measurement_temperature_state_correction_and_independence_unverified,,,,,,,,,,,,,,,,,,
rdr250199#csvline9411,compendium,mol_84afa114cb8b9453,train,,"[""1981HOS/SCO3""]",41.3,424.0,"RDR file 250199, CSV line 9411",quarantine_compendium_provenance,measurement_temperature_state_correction_and_independence_unverified,,,,,,,,,,,,,,,,,,
rdr250199#csvline9412,compendium,mol_84afa114cb8b9453,train,,"[""1981HOS/SCO3""]",40.4,440.0,"RDR file 250199, CSV line 9412",quarantine_compendium_provenance,measurement_temperature_state_correction_and_independence_unverified,,,,,,,,,,,,,,,,,,
rdr250199#csvline9413,compendium,mol_84afa114cb8b9453,train,,"[""1981HOS/SCO3""]",39.6,451.0,"RDR file 250199, CSV line 9413",quarantine_compendium_provenance,measurement_temperature_state_correction_and_independence_unverified,,,,,,,,,,,,,,,,,,
rdr250199#csvline9414,compendium,mol_84afa114cb8b9453,train,,"[""1981HOS/SCO3""]",49.0,298.0,"RDR file 250199, CSV line 9414",quarantine_compendium_provenance,measurement_temperature_state_correction_and_independence_unverified,,,,,,,,,,,,,,,,,,
rdr250199#csvline9607,compendium,mol_3147d9e632f76065,train,,"[""1947OSB/GIN""]",47.9,298.0,"RDR file 250199, CSV line 9607",quarantine_compendium_provenance,measurement_temperature_state_correction_and_independence_unverified,,,,,,,,,,,,,,,,,,
rdr250199#csvline9776,compendium,mol_20837b2036542f40,test,,"[""2003ZAI/VER"",""2004PAU/ZAI""]",55.9,298.0,"RDR file 250199, CSV line 9776",quarantine_compendium_provenance,measurement_temperature_state_correction_and_independence_unverified,lineage_c40541f181ca9acc,,,,,,,,,,,,,,,,,
rdr250199#csvline9914,compendium,mol_cba4c6228a6938ca,train,,"[""1970HAR/HEA""]",53.3,298.0,"RDR file 250199, CSV line 9914",quarantine_compendium_provenance,measurement_temperature_state_correction_and_independence_unverified,,,,,,,,,,,,,,,,,,
rdr250199#csvline9993,compendium,mol_3fd637a4d667fe51,train,,"[""2007PAS/KUZ""]",46.5,298.0,"RDR file 250199, CSV line 9993",quarantine_compendium_provenance,measurement_temperature_state_correction_and_independence_unverified,,,,,,,,,,,,,,,,,,
rdr250199#csvline9994,compendium,mol_3fd637a4d667fe51,train,,"[""1996VIT/CHA""]",46.7,299.0,"RDR file 250199, CSV line 9994",quarantine_compendium_provenance,measurement_temperature_state_correction_and_independence_unverified,,,,,,,,,,,,,,,,,,
rdr250199#csvline9995,compendium,mol_3fd637a4d667fe51,train,,"[""1996VIT/CHA""]",46.0,314.0,"RDR file 250199, CSV line 9995",quarantine_compendium_provenance,measurement_temperature_state_correction_and_independence_unverified,,,,,,,,,,,,,,,,,,
rdr250199#csvline9996,compendium,mol_3fd637a4d667fe51,train,,"[""1996VAR/PAS""]",46.6,298.0,"RDR file 250199, CSV line 9996",quarantine_compendium_provenance,measurement_temperature_state_correction_and_independence_unverified,,,,,,,,,,,,,,,,,,
rdr250199#csvline9999,compendium,mol_3fd637a4d667fe51,train,,"[""1984MAJ/SVO3""]",44.3,328.0,"RDR file 250199, CSV line 9999",quarantine_compendium_provenance,measurement_temperature_state_correction_and_independence_unverified,,,,,,,,,,,,,,,,,,
